path,bytes,sha256
analysis-source/archive_nested_research.py,1936,ccf670ca266d7a32bdfe04e51ceba9aa7a830c190b3186b85ed6b44416c62406
analysis-source/check_nested_generation.py,4164,a79a506f35134c5ce2b8a1ccc0be4b2a0da118bdbda39f9b196b5f83039ddb07
analysis-source/check_nested_research.py,10772,47fbfe9dfacd39923c32bd0c3044752b8f1f6250ec085397e6488820cf9e6fcb
analysis-source/report_nested_research.py,6159,ba87273731d842b1500d286cd04ce0a0abc4ef81f01a84e537b9e3abead2700e
analysis-source/revise_nested_research.py,2828,8d29c971986ee03e8b0f7a57fb0c1e68ad25955dd17ea7570a6d4f950138b676
BEHAVIOR-CHANGES.csv,251,dd745423fd18320a9bc89b939cb418b523922358f760a191099256d61b4d9322
CHOICE-FREEZE.csv,13566,e25ca9d54aaba12abe79492ddc89340547c691e0ce41d0d8b5b4311ed3ea7b43
CHOICES.csv,6685,7869344acc779d1bc9b8c689363201364db9cae96452ad72f6ceb78b5018bc1b
CONTRASTS.csv,161,4d7193b8ca23c1b423706c4d3dc9c0d6076558d5903705fc7eb40e8593d52c22
COSTS.csv,282,3c4be0829ea53e5647456ce00e83459bad3a960158416ec88007384dbb11ea51
evaluator/23/final.csv,8600,dd38b3eb96a5f293a253eef76fc0a0029d2b8a0a7446980e977f7403326b6cd8
evaluator/31/final.csv,31584,ad77b367a08d140afbd560bf9fe1554a71b3cf33e7f51b3e53b57fefdcb0b647
evaluator/361235/final.csv,14813,6c76ee03a8760782aeb64076173e0a15bde92e4cdd47ed06725254a91ff147ac
evaluator/361237/final.csv,13400,f0648f1c0a369cb4b915ece763477258c54553bcfdbee6ed51c296a8a30d7897
evaluator/361247/final.csv,89240,b537bdc6ae831d42301b019d330fee2817e2a325663e4c19ebd3774457cee5f0
evaluator/6/final.csv,59305,b7bf38913cfb36961d42186624291d13c1e0a0422e2afb0d8d911ac2a5c0f9d3
FINAL-CHECKS.csv,313867,0b573d581023c2c0cf16256b47da253588472987f76ced481b9ea08bf7525d3d
GENERATION-CHECKS.csv,578,2256278db51eb744b600253c4244500b877920fcb438abb92bb0137794cefc19
GENERATION-TWO-FREEZE.csv,1055,9768236bf741fb293d411034a72c0ffccbfcb107fa989124545a8281a43f8464
GENERATION-TWO.csv,392,a719218d4c4976e7d493ff06cc250c71c96e49fac8b9062cc2731a1d78d11ba8
generations/1/i0/GENERATION.md,573,ec5b941bd43ded7af256a21ee4361257314f068a4e70192c8689d701e89fd33d
generations/1/i0/PARENT.py,4552,613e7dee791fb4f7f746a446b3ed83573f9cf772a6c422ae3dcd025f92223f29
generations/1/i0/researcher.py,4647,c46276d2e2cb9e1df4c329b6c5517b13a9c3b7b4dd554ce367920986cb14f60f
generations/1/i1/GENERATION.md,577,fc0778053f911114012c71592f2eddf9434cdcdfc030c344783090a071fbc773
generations/1/i1/PARENT.py,4552,613e7dee791fb4f7f746a446b3ed83573f9cf772a6c422ae3dcd025f92223f29
generations/1/i1/researcher.py,6084,053228ae5a337e2dee99c96a569d890f3a908d7194e2ba00c3cc5636ab02481f
generations/2/i0/GENERATION.md,574,2403f3e9c526684746ae0726e64c028426f2842e41ecf1b2c4678078b87ae8a0
generations/2/i0/PARENT.py,4647,e4a64b3a0fc7864bcb512185c4a1ccf81e27e29fd7afc4fc7ff7f526cf57d7d2
generations/2/i0/researcher.py,4647,c46276d2e2cb9e1df4c329b6c5517b13a9c3b7b4dd554ce367920986cb14f60f
generations/2/i1/GENERATION.md,577,84e6b9684d2d71517f5390be3d24e8fe38da25bc9a30c4b30f1e4280b2155815
generations/2/i1/PARENT.py,6084,053228ae5a337e2dee99c96a569d890f3a908d7194e2ba00c3cc5636ab02481f
generations/2/i1/researcher.py,5699,26b2107d2758eebadad1d20b9c9a5907f4b886800f1e1793ba85fef016fbea4e
NATIVE-SCORES.csv,557,ac3ef082beab0b29a4da8e9eb1e49fe7e6f537aa698bfc609f899f278e2ccf67
PANEL.csv,1259,ef9f4e8af31a7d44aac8807c94a410da26be64962ddb087c486ffc7f410d2cf3
POWER-score.md,215,baec2f09962a37927b65506b12cc6168d8b7db1c06c6f3acdfddb4a8da29b82f
POWER-search.md,217,4d4b6468cb7be369cf1b5d60c980d79311bc2c5da96319a9795c2ba49e71dbb7
PREFLIGHT-CHECKS.csv,20182,c5d02a917735da4a5d93584fe2db66cd3c5767b02926a895787e34573122ff4e
PREFLIGHT-COMPLETE.md,67,b40ab4173554916572e7ad4f1339e9447505e791adc07f9f8072b1eefcc9c8bd
PREFLIGHT-FIXTURE-TRACE.csv,103546,21ece79d14ad527de129b2a994b564d71aa32dd27ac1b69ec0fbe31de03ab66a
preflight-generations/GENERATION.md,478,4da762517f4bfbc84d7fc20a91a12285bced3150c0d9000d644ebd115d0b4bf1
preflight-generations/PARENT.py,6084,053228ae5a337e2dee99c96a569d890f3a908d7194e2ba00c3cc5636ab02481f
preflight-generations/researcher.py,6084,daa2a5406cd947fa310cf66cfc52deb90dd7867535afc4580166d5d8a660a0c0
preflight-review-1/PREFLIGHT-CHECKS.csv,3143,10ba81c60a3f07b0235b06660dda83e20deeaefbf4dcee9d23592e62dee6bb17
preflight-review-1/PREFLIGHT-FIXTURE-TRACE.csv,17217,055ae6110eacdf60759dc5d6e2fa8fb6dd81c2f6d06f6ed56b433b34048904cf
preflight-review-1/preflight_nested_research.py,5337,ab766f1ac0b7119cf263d9c84bcb2ba258ff656fdd596c1d0afdc18c9a119d6f
preflight-source/preflight_nested_research.py,5391,f5c71ec2a22b27d21e57118b08f0aec1e4f1d89deeb6f3ce6809b45b9d9a34c5
prior-comparison/FINAL-CHECKS.csv,500349,7c9176a23b6afbaa5343e811ee3d47342158b79846bbc25ac666e93e4fba356c
prior-comparison/SCORES.csv,8599,3b8870bb98c3c28e6201a36edec78af39f83ebc3ab8d060c19824ec31dde38a9
prior-comparison/SEARCH-CHECKS.csv,465513,9dc233e6c16197b66ec682939ab17e83b78a1e9dceb1857bb99bd320204e110d
prior-comparison/SEARCH-LEDGER.csv,83983,591429fbf0f17dc93df222eca667d0556cfaab0fa7671c6115c48215bb5f7812
public/23/SCHEMA.csv,512,dcfdf30648a2e7f13ac27aa25f1d66f4a066672172d2e3084887fed9dd636d21
public/23/selection.csv,10080,26aa47bf4f7dfaab128bf45ad114dfca40c457ae9fd0fee24a273494714b8ee3
public/23/train.csv,26514,23de31561f6c3475bc2a12cef595a09e1c5147150801f0cbd4654120b7ee6458
public/31/SCHEMA.csv,1425,57f6c39d784888e8e5cf119afc06196d8fd62aa7cc09c1413d80ba3cf54d00fd
public/31/selection.csv,30851,6f6bbac2f1c4a4d1e31af33036c4a8b9677ec6d0ad13906adf832a44e08f30e9
public/31/train.csv,96053,630568a60a2023f2f79faace6888322bb02df0c719a577240ab9e1a8230732d6
public/361235/SCHEMA.csv,234,f08fedcfa3e9d1f4e1371f8eaa2dcc76129636ed0970814edd511722c0314dfb
public/361235/selection.csv,14086,b2539e3c3704418c864e18264f82c9d294be8b5ca2e77777bf59785f0bd70f26
public/361235/train.csv,41745,9e0c9f813238e5a94c43e2ca0605d759a3883719d9393db2de85ba2cb2402caa
public/361237/SCHEMA.csv,292,9d7ea102937fb4455bbefa1449718f27bdbb443278597db86910905792c07d40
public/361237/selection.csv,13156,286395cf81806ba1a54c7fd3be836edfeaefd572797710331d2454f124ee33b9
public/361237/train.csv,37050,191bcee9640bbf3fd1711348ae57ab73ebe97c516620572461fbd93e5d728905
public/361247/SCHEMA.csv,694,6f8322846510eb2092e5ddc6356c613d34e2bcc18abfe1c055d77ed571085585
public/361247/selection.csv,89068,f5dacf58e079f8b424d0fe33424a91625ce32b85e3a30f9ed1665d3cff616dfa
public/361247/train.csv,266826,6ca85c7cfaba6f472c0cfe2875508e67e37522201c14afc4e9dbe31f91ea83d5
public/6/SCHEMA.csv,540,2a030673ab2e33f9211583ecd6c6d09a63fa62cb12c9eec995ba2b7ac96e9f3c
public/6/selection.csv,59389,b7b9d21c43a6ffc79760eab6db4031f0dadf13c19016d50c12c7a86bea9bf639
public/6/train.csv,177962,82c8977d0748168c572506e0b57a5f900d59a4e55bcc93f375ea8184fafac644
REJECTED-PROPOSALS.csv,5600,5e8b77636b8afc0507bacceca7ee585509fa36d0cba89f5dcc45068ad468539e
REPORT.md,1716,4feada65c2db28641f2dfca6abfa148594500e4184a22e13d40c6b6cddc0e864
researchers/i0/ORIGIN.md,119,db087985f1b2f1364eabd6445df8fa5db8647f56f60d68503e54f9db3cbc571c
researchers/i0/researcher.py,4647,c46276d2e2cb9e1df4c329b6c5517b13a9c3b7b4dd554ce367920986cb14f60f
researchers/i1/ORIGIN.md,119,e21304e3303e99745aa70ac9c72083d661b714508d005cf2656ab40dd886ad94
researchers/i1/researcher.py,6084,053228ae5a337e2dee99c96a569d890f3a908d7194e2ba00c3cc5636ab02481f
researchers/parent/ORIGIN.md,123,6a9681abc779545279e460a8bf583a2dfcb58f9ad17555c2033149e8b7f5cc41
researchers/parent/researcher.py,4647,e4a64b3a0fc7864bcb512185c4a1ccf81e27e29fd7afc4fc7ff7f526cf57d7d2
runs/23/i0/attempts/01/ADMITTED.md,126,4b733aae156385908668fd36ff7b7e82170de5047cd7abe50295ff2651b5f8f0
runs/23/i0/attempts/01/builder/candidate.py,146,cee7983f3d0ddd115d33a45f2830ad8b3d60bd191934fb2ad98a1d64046e661d
runs/23/i0/attempts/01/builder/parent_engine.py,3361,90e61cc1b2e54aaf54d7d9b48a44cd896de52e4f9d6c13ca7035d6bbebf86dc0
runs/23/i0/attempts/01/builder/refinement_engine.py,5012,e905a209037c84cf1803ea9c9f37f21314305f3b578a6b6c78db3ba51a677670
runs/23/i0/attempts/01/builder/revision_one_engine.py,2312,fe3e19c461ba778f21015f8fa96ed8546fa7fd5d0e93b370ac5d4823185d9571
runs/23/i0/attempts/01/builder/revision_two_engine.py,3988,77d1ba8920eb83f2a245cba587fc166dfe138deb92b452db2e6a1907fac910b6
runs/23/i0/attempts/01/builder/study_engine.py,2212,6085cc647f0b21b56d32d68025fbc49c3fabcfa0b9ce725f24573fb3b063711b
runs/23/i0/attempts/01/BUILDER-FREEZE.csv,557,4f3ff64319709f1388dd6599df2ec83e44527b0b9194dced102558701b15b3eb
runs/23/i0/attempts/01/INHERITANCE.csv,788,a9c18c3c7e8cc26072d9f5a09e0cb49afb71457f4f12fd46be5751e99511dedc
runs/23/i0/attempts/01/METRICS.csv,190,262abbdd37a2598254c7bf6ebe168c670f07aacb1b483b6892e4653f7cf8121d
runs/23/i0/attempts/01/PROPOSAL.csv,96,bb4b8c790eeb760894badcbfb645578587db55c9d5e7104eb9be505227e1eb82
runs/23/i0/attempts/01/selection-predictions.csv,3047,71e07902f6e6450d1dd7926e8ab34420b19e2b5c1e882a42340c232e3942d450
runs/23/i0/attempts/01/stderr.txt,0,e3b0c44298fc1c149afbf4c8996fb92427ae41e4649b934ca495991b7852b855
runs/23/i0/attempts/01/stdout.txt,0,e3b0c44298fc1c149afbf4c8996fb92427ae41e4649b934ca495991b7852b855
runs/23/i0/attempts/01/train-predictions.csv,8052,3dacc1bb803f7deee4a45890a2c0fc1224b8980e0ec7686529e8d2d66a5f83d3
runs/23/i0/attempts/02/ADMITTED.md,126,645e6ab311b58fff8aa83d34ae184d63fd6e41e607398c7d1dd5b2306dcfc018
runs/23/i0/attempts/02/builder/candidate.py,151,fe9f52aac6fae812ea74bfe6725897abb4cf9f7a3df60d58683d0107f65b1d3b
runs/23/i0/attempts/02/builder/parent_engine.py,3361,90e61cc1b2e54aaf54d7d9b48a44cd896de52e4f9d6c13ca7035d6bbebf86dc0
runs/23/i0/attempts/02/builder/refinement_engine.py,5012,e905a209037c84cf1803ea9c9f37f21314305f3b578a6b6c78db3ba51a677670
runs/23/i0/attempts/02/builder/revision_one_engine.py,2312,fe3e19c461ba778f21015f8fa96ed8546fa7fd5d0e93b370ac5d4823185d9571
runs/23/i0/attempts/02/builder/revision_two_engine.py,3988,77d1ba8920eb83f2a245cba587fc166dfe138deb92b452db2e6a1907fac910b6
runs/23/i0/attempts/02/builder/study_engine.py,2212,6085cc647f0b21b56d32d68025fbc49c3fabcfa0b9ce725f24573fb3b063711b
runs/23/i0/attempts/02/BUILDER-FREEZE.csv,557,9d7f8a8d204fe4869e132ce052e84f4734e5f8f80a8087236cc2e6a9e9d23f4e
runs/23/i0/attempts/02/INHERITANCE.csv,788,a9c18c3c7e8cc26072d9f5a09e0cb49afb71457f4f12fd46be5751e99511dedc
runs/23/i0/attempts/02/METRICS.csv,189,7be5f117ca49d1bb15c593f477f8fc80ddf8502f6b8a60fd5d01ee0f0d12b875
runs/23/i0/attempts/02/PROPOSAL.csv,101,659fbe76bbca0f481a2097af4fea8661fa8ecb1f5257ab6da7b1a46f5ed3f8e3
runs/23/i0/attempts/02/selection-predictions.csv,3047,a30d7555f64437d2afb2daa5ef276a20a7319e53a1f7ab93a2f2649879c96d28
runs/23/i0/attempts/02/stderr.txt,0,e3b0c44298fc1c149afbf4c8996fb92427ae41e4649b934ca495991b7852b855
runs/23/i0/attempts/02/stdout.txt,0,e3b0c44298fc1c149afbf4c8996fb92427ae41e4649b934ca495991b7852b855
runs/23/i0/attempts/02/train-predictions.csv,8052,d19ce0b45d1c1b2a6ff4aec5e8cdcc8633bbe0c3560b7f5341df111b5fe52223
runs/23/i0/attempts/03/ADMITTED.md,126,84e087effe91a3ca5d559ef3d5bdc3e911d522b14b04c2acc2e71019b6f2a6f5
runs/23/i0/attempts/03/builder/candidate.py,145,27d1a072e585c314d242425e3916152e1d5bc9acc0dda7b40e67395c1b8f1902
runs/23/i0/attempts/03/builder/parent_engine.py,3361,90e61cc1b2e54aaf54d7d9b48a44cd896de52e4f9d6c13ca7035d6bbebf86dc0
runs/23/i0/attempts/03/builder/refinement_engine.py,5012,e905a209037c84cf1803ea9c9f37f21314305f3b578a6b6c78db3ba51a677670
runs/23/i0/attempts/03/builder/revision_one_engine.py,2312,fe3e19c461ba778f21015f8fa96ed8546fa7fd5d0e93b370ac5d4823185d9571
runs/23/i0/attempts/03/builder/revision_two_engine.py,3988,77d1ba8920eb83f2a245cba587fc166dfe138deb92b452db2e6a1907fac910b6
runs/23/i0/attempts/03/builder/study_engine.py,2212,6085cc647f0b21b56d32d68025fbc49c3fabcfa0b9ce725f24573fb3b063711b
runs/23/i0/attempts/03/BUILDER-FREEZE.csv,557,c9446868cc86fde9fff8c40aea9335b1ba98c83a1a4bfe898dbc8944daa1ed39
runs/23/i0/attempts/03/INHERITANCE.csv,788,a9c18c3c7e8cc26072d9f5a09e0cb49afb71457f4f12fd46be5751e99511dedc
runs/23/i0/attempts/03/METRICS.csv,187,88ebb0f69cf1b609138fc537639b8fd2300d8125a5c1901a8ecca56bbadc3581
runs/23/i0/attempts/03/PROPOSAL.csv,95,457846ceca505b3d3a5f1f4313f14145cdea5dbf126067fb74daaae9d34f287b
runs/23/i0/attempts/03/selection-predictions.csv,3047,a728944bb71fca5c7b57f1394bf0b76cf46948fa0dc54a1e8a010e77fb93ab26
runs/23/i0/attempts/03/stderr.txt,0,e3b0c44298fc1c149afbf4c8996fb92427ae41e4649b934ca495991b7852b855
runs/23/i0/attempts/03/stdout.txt,0,e3b0c44298fc1c149afbf4c8996fb92427ae41e4649b934ca495991b7852b855
runs/23/i0/attempts/03/train-predictions.csv,8052,d8d04df12dfc8c4bd36ba1d953ba99012a1f9e75f6800740f5855828fc326c78
runs/23/i0/attempts/04/ADMITTED.md,126,d8b9c325f2e66696e50358c2287ada07197243690bc80f4fba9e49e9c4ffa465
runs/23/i0/attempts/04/builder/candidate.py,150,c57445ba4248176a610264d02f47077484c9b2db467b3617b7e6c2d09fac91b3
runs/23/i0/attempts/04/builder/parent_engine.py,3361,90e61cc1b2e54aaf54d7d9b48a44cd896de52e4f9d6c13ca7035d6bbebf86dc0
runs/23/i0/attempts/04/builder/refinement_engine.py,5012,e905a209037c84cf1803ea9c9f37f21314305f3b578a6b6c78db3ba51a677670
runs/23/i0/attempts/04/builder/revision_one_engine.py,2312,fe3e19c461ba778f21015f8fa96ed8546fa7fd5d0e93b370ac5d4823185d9571
runs/23/i0/attempts/04/builder/revision_two_engine.py,3988,77d1ba8920eb83f2a245cba587fc166dfe138deb92b452db2e6a1907fac910b6
runs/23/i0/attempts/04/builder/study_engine.py,2212,6085cc647f0b21b56d32d68025fbc49c3fabcfa0b9ce725f24573fb3b063711b
runs/23/i0/attempts/04/BUILDER-FREEZE.csv,557,5615280c1139a77d21579bdb2f7de854f39db3e2c1d248783c10fe42a71c17bd
runs/23/i0/attempts/04/INHERITANCE.csv,788,a9c18c3c7e8cc26072d9f5a09e0cb49afb71457f4f12fd46be5751e99511dedc
runs/23/i0/attempts/04/METRICS.csv,186,7c27eb3b6fcc96f174206304d27382ea6a197204812f2466363f0b77e308e0a6
runs/23/i0/attempts/04/PROPOSAL.csv,100,bb3e9b645987473e8958f2c51d0f4ce6bde9d5d2cda7739d4e6a39a851ee5bad
runs/23/i0/attempts/04/selection-predictions.csv,3047,381d95209771daa00e93c6a19738e733044b04f1ead9a7fc54cd3648d4d32c7d
runs/23/i0/attempts/04/stderr.txt,0,e3b0c44298fc1c149afbf4c8996fb92427ae41e4649b934ca495991b7852b855
runs/23/i0/attempts/04/stdout.txt,0,e3b0c44298fc1c149afbf4c8996fb92427ae41e4649b934ca495991b7852b855
runs/23/i0/attempts/04/train-predictions.csv,8052,29a7ffaaebc98158f2b9835a7cf0ae68182908d56c05b7b62052f1db2b5f61f8
runs/23/i0/attempts/05/ADMITTED.md,126,e713b1194c3dd803f79125c69dce4d364c89b4dfdbbf9dac21cffc697187b05d
runs/23/i0/attempts/05/builder/candidate.py,153,0918ad65acc5281163c013cc98a4838d8a582c04ef2b144849472fa5bfbd8361
runs/23/i0/attempts/05/builder/parent_engine.py,3361,90e61cc1b2e54aaf54d7d9b48a44cd896de52e4f9d6c13ca7035d6bbebf86dc0
runs/23/i0/attempts/05/builder/refinement_engine.py,5012,e905a209037c84cf1803ea9c9f37f21314305f3b578a6b6c78db3ba51a677670
runs/23/i0/attempts/05/builder/revision_one_engine.py,2312,fe3e19c461ba778f21015f8fa96ed8546fa7fd5d0e93b370ac5d4823185d9571
runs/23/i0/attempts/05/builder/revision_two_engine.py,3988,77d1ba8920eb83f2a245cba587fc166dfe138deb92b452db2e6a1907fac910b6
runs/23/i0/attempts/05/builder/study_engine.py,2212,6085cc647f0b21b56d32d68025fbc49c3fabcfa0b9ce725f24573fb3b063711b
runs/23/i0/attempts/05/BUILDER-FREEZE.csv,557,f5d52910ea18489e8e7d856d199e3510e42f243010677cf2d4e24bf7d7351139
runs/23/i0/attempts/05/INHERITANCE.csv,788,a9c18c3c7e8cc26072d9f5a09e0cb49afb71457f4f12fd46be5751e99511dedc
runs/23/i0/attempts/05/METRICS.csv,189,c6e3a856cc8272e84c02cea6bfbce8f6df163d3147b33e10598eaea64ecb9416
runs/23/i0/attempts/05/PROPOSAL.csv,103,e79c884a02239f4961fac2ff2d04dbd8df9a7c06b207f51f49be40813a90807a
runs/23/i0/attempts/05/selection-predictions.csv,3047,5a589462841d26d37d0977ef1646e5f7f8b424d2702f58b386cc23325bc42d19
runs/23/i0/attempts/05/stderr.txt,0,e3b0c44298fc1c149afbf4c8996fb92427ae41e4649b934ca495991b7852b855
runs/23/i0/attempts/05/stdout.txt,0,e3b0c44298fc1c149afbf4c8996fb92427ae41e4649b934ca495991b7852b855
runs/23/i0/attempts/05/train-predictions.csv,8052,2ee7e1fdb09b6232c5eb227cd5d1a7b384b5b10744844e238b5797feb69d46e0
runs/23/i0/attempts/06/ADMITTED.md,126,9a3d5ee3ec34b87551551799e4328ca0d31cd28c62fbd6343767188e0c59dc13
runs/23/i0/attempts/06/builder/candidate.py,146,99666013fed9dfb0cb3c8aefeb0ff36ea73030482a9d8666d270a500e98c3cc7
runs/23/i0/attempts/06/builder/parent_engine.py,3361,90e61cc1b2e54aaf54d7d9b48a44cd896de52e4f9d6c13ca7035d6bbebf86dc0
runs/23/i0/attempts/06/builder/refinement_engine.py,5012,e905a209037c84cf1803ea9c9f37f21314305f3b578a6b6c78db3ba51a677670
runs/23/i0/attempts/06/builder/revision_one_engine.py,2312,fe3e19c461ba778f21015f8fa96ed8546fa7fd5d0e93b370ac5d4823185d9571
runs/23/i0/attempts/06/builder/revision_two_engine.py,3988,77d1ba8920eb83f2a245cba587fc166dfe138deb92b452db2e6a1907fac910b6
runs/23/i0/attempts/06/builder/study_engine.py,2212,6085cc647f0b21b56d32d68025fbc49c3fabcfa0b9ce725f24573fb3b063711b
runs/23/i0/attempts/06/BUILDER-FREEZE.csv,557,92a55479c4f92a7ca4124cda1e1bc5f53f071d2a2a392d886b09434eedc716b7
runs/23/i0/attempts/06/INHERITANCE.csv,788,a9c18c3c7e8cc26072d9f5a09e0cb49afb71457f4f12fd46be5751e99511dedc
runs/23/i0/attempts/06/METRICS.csv,188,b1ef44382a1b06ab3138d3c751532bec2e1f2cac95d62eaa92df2cd525ce916d
runs/23/i0/attempts/06/PROPOSAL.csv,96,bbdbaa696c4a703163403ceee3ab38db2ff7fbe95c44e3c5945d917e1426fe4e
runs/23/i0/attempts/06/selection-predictions.csv,3047,d3a2e4a4e207cd85e5ac33ba1d15e90da3869088017284444fb0915a15f39567
runs/23/i0/attempts/06/stderr.txt,0,e3b0c44298fc1c149afbf4c8996fb92427ae41e4649b934ca495991b7852b855
runs/23/i0/attempts/06/stdout.txt,0,e3b0c44298fc1c149afbf4c8996fb92427ae41e4649b934ca495991b7852b855
runs/23/i0/attempts/06/train-predictions.csv,8052,0195c4c6bf210956490eda905848d3b3f8b3b608e09abbeefe1a96208e31d322
runs/23/i0/attempts/07/ADMITTED.md,126,a485db62772306a65f5c144addf195b9636bd6a53ab771f9913394c71ab2a286
runs/23/i0/attempts/07/builder/candidate.py,151,c46021861851ef435427b9f0d4ad8644c28fd08fbc487b79e306da2db4e555cb
runs/23/i0/attempts/07/builder/parent_engine.py,3361,90e61cc1b2e54aaf54d7d9b48a44cd896de52e4f9d6c13ca7035d6bbebf86dc0
runs/23/i0/attempts/07/builder/refinement_engine.py,5012,e905a209037c84cf1803ea9c9f37f21314305f3b578a6b6c78db3ba51a677670
runs/23/i0/attempts/07/builder/revision_one_engine.py,2312,fe3e19c461ba778f21015f8fa96ed8546fa7fd5d0e93b370ac5d4823185d9571
runs/23/i0/attempts/07/builder/revision_two_engine.py,3988,77d1ba8920eb83f2a245cba587fc166dfe138deb92b452db2e6a1907fac910b6
runs/23/i0/attempts/07/builder/study_engine.py,2212,6085cc647f0b21b56d32d68025fbc49c3fabcfa0b9ce725f24573fb3b063711b
runs/23/i0/attempts/07/BUILDER-FREEZE.csv,557,53b8b44259500ba8ee9f70e7fae3ff0ceee64b54fd3ea6e26ddaff082bed63d6
runs/23/i0/attempts/07/INHERITANCE.csv,788,a9c18c3c7e8cc26072d9f5a09e0cb49afb71457f4f12fd46be5751e99511dedc
runs/23/i0/attempts/07/METRICS.csv,192,62f350b6756c27418fdab196072932e1e003455de5f543a925b017b6e9b96528
runs/23/i0/attempts/07/PROPOSAL.csv,101,e137c39c73d31b92ba300b3815a42cc376b8965f284d011c3d99f8b43d76e040
runs/23/i0/attempts/07/selection-predictions.csv,3047,acfdc018b0acc87aac7d33c2b0a327a26a25349b17bf61413a977b5824592908
runs/23/i0/attempts/07/stderr.txt,0,e3b0c44298fc1c149afbf4c8996fb92427ae41e4649b934ca495991b7852b855
runs/23/i0/attempts/07/stdout.txt,0,e3b0c44298fc1c149afbf4c8996fb92427ae41e4649b934ca495991b7852b855
runs/23/i0/attempts/07/train-predictions.csv,8052,027a6aa41c7a9771b227dc9a6496bb0c14d7e1227a345c2d4a75470dedf69175
runs/23/i0/attempts/08/ADMITTED.md,126,77bc483332bf2d07ffa63d1141d992405215c52107b997eaa1e9ab7a7f87c71d
runs/23/i0/attempts/08/builder/candidate.py,152,4e281f1bee2f157de5bffb1f9b2851a0e09daa407da8d0729ff89cf93592a3a4
runs/23/i0/attempts/08/builder/parent_engine.py,3361,90e61cc1b2e54aaf54d7d9b48a44cd896de52e4f9d6c13ca7035d6bbebf86dc0
runs/23/i0/attempts/08/builder/refinement_engine.py,5012,e905a209037c84cf1803ea9c9f37f21314305f3b578a6b6c78db3ba51a677670
runs/23/i0/attempts/08/builder/revision_one_engine.py,2312,fe3e19c461ba778f21015f8fa96ed8546fa7fd5d0e93b370ac5d4823185d9571
runs/23/i0/attempts/08/builder/revision_two_engine.py,3988,77d1ba8920eb83f2a245cba587fc166dfe138deb92b452db2e6a1907fac910b6
runs/23/i0/attempts/08/builder/study_engine.py,2212,6085cc647f0b21b56d32d68025fbc49c3fabcfa0b9ce725f24573fb3b063711b
runs/23/i0/attempts/08/BUILDER-FREEZE.csv,557,224d9043d28d629d1acfde4fe4194e82c653d4d1c00d771a7f8d1c528b605f92
runs/23/i0/attempts/08/INHERITANCE.csv,788,a9c18c3c7e8cc26072d9f5a09e0cb49afb71457f4f12fd46be5751e99511dedc
runs/23/i0/attempts/08/METRICS.csv,190,89e9ed3097d21c09c0315627177e16e11cfb7dfd32e83dc2c2c2326dc64f99e3
runs/23/i0/attempts/08/PROPOSAL.csv,102,a048d1c3b5e3402df5d985ba42524d974665969b68d3880dd984011e8f00e3a9
runs/23/i0/attempts/08/selection-predictions.csv,3047,6a13b0390617f310a4403381a0d9983af02fb7232d81872c0a76c13eb9e66216
runs/23/i0/attempts/08/stderr.txt,0,e3b0c44298fc1c149afbf4c8996fb92427ae41e4649b934ca495991b7852b855
runs/23/i0/attempts/08/stdout.txt,0,e3b0c44298fc1c149afbf4c8996fb92427ae41e4649b934ca495991b7852b855
runs/23/i0/attempts/08/train-predictions.csv,8052,8a018ada1faf045a4d6b7a2c98a571e0117bea4aa4e9c6db8aaf566796d59383
runs/23/i0/attempts/09/ADMITTED.md,126,ca457400fd9ce26c700d4872cd7e442e93b9ab513946c5f316ea2cbe01472055
runs/23/i0/attempts/09/builder/candidate.py,145,7429b51f08095ce499e26c5bff7f4256901a79c63b8f34d0d2f4fca4c92fae64
runs/23/i0/attempts/09/builder/parent_engine.py,3361,90e61cc1b2e54aaf54d7d9b48a44cd896de52e4f9d6c13ca7035d6bbebf86dc0
runs/23/i0/attempts/09/builder/refinement_engine.py,5012,e905a209037c84cf1803ea9c9f37f21314305f3b578a6b6c78db3ba51a677670
runs/23/i0/attempts/09/builder/revision_one_engine.py,2312,fe3e19c461ba778f21015f8fa96ed8546fa7fd5d0e93b370ac5d4823185d9571
runs/23/i0/attempts/09/builder/revision_two_engine.py,3988,77d1ba8920eb83f2a245cba587fc166dfe138deb92b452db2e6a1907fac910b6
runs/23/i0/attempts/09/builder/study_engine.py,2212,6085cc647f0b21b56d32d68025fbc49c3fabcfa0b9ce725f24573fb3b063711b
runs/23/i0/attempts/09/BUILDER-FREEZE.csv,557,af7bd75bb45015e32064ed572d0f9cf5490b27e00ce732e3efe16208dbd16eb0
runs/23/i0/attempts/09/INHERITANCE.csv,788,a9c18c3c7e8cc26072d9f5a09e0cb49afb71457f4f12fd46be5751e99511dedc
runs/23/i0/attempts/09/METRICS.csv,189,911e9fc943f54f3fc301754d24d29fd175ff7900d8054f715796cc6e21a0a0ad
runs/23/i0/attempts/09/PARENT-CANDIDATE.py,145,27d1a072e585c314d242425e3916152e1d5bc9acc0dda7b40e67395c1b8f1902
runs/23/i0/attempts/09/PROPOSAL.csv,105,7da4beee5b92992c8407e6e07df099d1f3c8e0cd73a58ba9247a5242b163684c
runs/23/i0/attempts/09/selection-predictions.csv,3047,10d627ec2436a6fe64c2e9c47cd1dad3db8fbd64b31dab5aa1da183769f1a619
runs/23/i0/attempts/09/stderr.txt,0,e3b0c44298fc1c149afbf4c8996fb92427ae41e4649b934ca495991b7852b855
runs/23/i0/attempts/09/stdout.txt,0,e3b0c44298fc1c149afbf4c8996fb92427ae41e4649b934ca495991b7852b855
runs/23/i0/attempts/09/train-predictions.csv,8052,920c09d219e7f85b80ae30239bc97b8418bd2e108c481ae4e81878c222a5f356
runs/23/i0/attempts/10/ADMITTED.md,126,3a96df0b907b5d88b24146f19c3b35ad55bd95122157f709aca7d39ece93de69
runs/23/i0/attempts/10/builder/candidate.py,147,552fb9b6881cd87368dda8c78f212d60dcae346f4a73607d5a73c076503a2c6b
runs/23/i0/attempts/10/builder/parent_engine.py,3361,90e61cc1b2e54aaf54d7d9b48a44cd896de52e4f9d6c13ca7035d6bbebf86dc0
runs/23/i0/attempts/10/builder/refinement_engine.py,5012,e905a209037c84cf1803ea9c9f37f21314305f3b578a6b6c78db3ba51a677670
runs/23/i0/attempts/10/builder/revision_one_engine.py,2312,fe3e19c461ba778f21015f8fa96ed8546fa7fd5d0e93b370ac5d4823185d9571
runs/23/i0/attempts/10/builder/revision_two_engine.py,3988,77d1ba8920eb83f2a245cba587fc166dfe138deb92b452db2e6a1907fac910b6
runs/23/i0/attempts/10/builder/study_engine.py,2212,6085cc647f0b21b56d32d68025fbc49c3fabcfa0b9ce725f24573fb3b063711b
runs/23/i0/attempts/10/BUILDER-FREEZE.csv,557,67a9316ebcd1f3b6ea4aa4ac704d7b7170b64820d77cea74a7e77baae0144149
runs/23/i0/attempts/10/INHERITANCE.csv,788,a9c18c3c7e8cc26072d9f5a09e0cb49afb71457f4f12fd46be5751e99511dedc
runs/23/i0/attempts/10/METRICS.csv,191,56c49a6b72cf57a1f8a14d2fb8ef6c9f70a03753694bdbc78b176d5fecd5da0c
runs/23/i0/attempts/10/PARENT-CANDIDATE.py,145,7429b51f08095ce499e26c5bff7f4256901a79c63b8f34d0d2f4fca4c92fae64
runs/23/i0/attempts/10/PROPOSAL.csv,108,f6a7034a0b8a07a7e47a6b183b478c804429fbd7a5f81d2a79dec16b382d54e6
runs/23/i0/attempts/10/selection-predictions.csv,3047,459b781f5f41f09fc5393786ef2bff68257755284d72ab10be376269214c97c8
runs/23/i0/attempts/10/stderr.txt,0,e3b0c44298fc1c149afbf4c8996fb92427ae41e4649b934ca495991b7852b855
runs/23/i0/attempts/10/stdout.txt,0,e3b0c44298fc1c149afbf4c8996fb92427ae41e4649b934ca495991b7852b855
runs/23/i0/attempts/10/train-predictions.csv,8052,1264525bc9ac78d0cf17cbbd39d18d56e0f3d2c7728aacf4e50d6801ad0510f2
runs/23/i0/attempts/11/ADMITTED.md,126,fcf11d7a7aa7a1a933de73165968e85c58330784d1607c646c6289f0d59177db
runs/23/i0/attempts/11/builder/candidate.py,145,e33a0e76ae23f1ff74a75b2c8df456ab6dc2552044fb4002ec0746f53436931b
runs/23/i0/attempts/11/builder/parent_engine.py,3361,90e61cc1b2e54aaf54d7d9b48a44cd896de52e4f9d6c13ca7035d6bbebf86dc0
runs/23/i0/attempts/11/builder/refinement_engine.py,5012,e905a209037c84cf1803ea9c9f37f21314305f3b578a6b6c78db3ba51a677670
runs/23/i0/attempts/11/builder/revision_one_engine.py,2312,fe3e19c461ba778f21015f8fa96ed8546fa7fd5d0e93b370ac5d4823185d9571
runs/23/i0/attempts/11/builder/revision_two_engine.py,3988,77d1ba8920eb83f2a245cba587fc166dfe138deb92b452db2e6a1907fac910b6
runs/23/i0/attempts/11/builder/study_engine.py,2212,6085cc647f0b21b56d32d68025fbc49c3fabcfa0b9ce725f24573fb3b063711b
runs/23/i0/attempts/11/BUILDER-FREEZE.csv,557,225a299fa8b43a6f6c5e70e9f3d35eee9e29890ef735e146f3f9b25261926692
runs/23/i0/attempts/11/INHERITANCE.csv,788,a9c18c3c7e8cc26072d9f5a09e0cb49afb71457f4f12fd46be5751e99511dedc
runs/23/i0/attempts/11/METRICS.csv,189,ff1dac98dad74cca962601370aca90759d14905f7020d7aa31724ccaa77e1bb5
runs/23/i0/attempts/11/PARENT-CANDIDATE.py,145,7429b51f08095ce499e26c5bff7f4256901a79c63b8f34d0d2f4fca4c92fae64
runs/23/i0/attempts/11/PROPOSAL.csv,106,efa158fb0be9a371cd0a84a4673d61d892b8c41e203a407421c73ba2c55ce107
runs/23/i0/attempts/11/selection-predictions.csv,3047,bb67f2624dca3efc50307db7cb235a2ffc7c45a384dd2589f16f273de9eb1390
runs/23/i0/attempts/11/stderr.txt,0,e3b0c44298fc1c149afbf4c8996fb92427ae41e4649b934ca495991b7852b855
runs/23/i0/attempts/11/stdout.txt,0,e3b0c44298fc1c149afbf4c8996fb92427ae41e4649b934ca495991b7852b855
runs/23/i0/attempts/11/train-predictions.csv,8052,a133be7f6badfcd38808e34cbc36c630feb5bd9e4df5885464cef90df74239a2
runs/23/i0/attempts/12/ADMITTED.md,126,1e9cb335ba642ba54e273f2d5e363e8569d223674c716c3b46b90288de8557f9
runs/23/i0/attempts/12/builder/candidate.py,147,bc5807dae6619b900b34bfd7ad1e623122ee4833f36e20713f1fc5e724bb9055
runs/23/i0/attempts/12/builder/parent_engine.py,3361,90e61cc1b2e54aaf54d7d9b48a44cd896de52e4f9d6c13ca7035d6bbebf86dc0
runs/23/i0/attempts/12/builder/refinement_engine.py,5012,e905a209037c84cf1803ea9c9f37f21314305f3b578a6b6c78db3ba51a677670
runs/23/i0/attempts/12/builder/revision_one_engine.py,2312,fe3e19c461ba778f21015f8fa96ed8546fa7fd5d0e93b370ac5d4823185d9571
runs/23/i0/attempts/12/builder/revision_two_engine.py,3988,77d1ba8920eb83f2a245cba587fc166dfe138deb92b452db2e6a1907fac910b6
runs/23/i0/attempts/12/builder/study_engine.py,2212,6085cc647f0b21b56d32d68025fbc49c3fabcfa0b9ce725f24573fb3b063711b
runs/23/i0/attempts/12/BUILDER-FREEZE.csv,557,85cbcb314a54212bfcd5e380d76df73d5b92e15ae53faf316c00119da57af987
runs/23/i0/attempts/12/INHERITANCE.csv,788,a9c18c3c7e8cc26072d9f5a09e0cb49afb71457f4f12fd46be5751e99511dedc
runs/23/i0/attempts/12/METRICS.csv,190,affdc58f820e37418e0d8d72134e4a6f6153968826348bd75d9e9dcaaf6e63d1
runs/23/i0/attempts/12/PARENT-CANDIDATE.py,145,7429b51f08095ce499e26c5bff7f4256901a79c63b8f34d0d2f4fca4c92fae64
runs/23/i0/attempts/12/PROPOSAL.csv,108,c8dc2f23be122edeb70dc3a48759919b2f1d91c4557ba739a86c11b4a352ff89
runs/23/i0/attempts/12/selection-predictions.csv,3047,3f05c29812f99a668c1c32e39ee4e415d4721d6b851d63bf3532a8caae5dccdb
runs/23/i0/attempts/12/stderr.txt,0,e3b0c44298fc1c149afbf4c8996fb92427ae41e4649b934ca495991b7852b855
runs/23/i0/attempts/12/stdout.txt,0,e3b0c44298fc1c149afbf4c8996fb92427ae41e4649b934ca495991b7852b855
runs/23/i0/attempts/12/train-predictions.csv,8052,dfae82e47f29320eb9e7df0adb21d7e539b19e34fa884c177d671a26d4436206
runs/23/i0/LEDGER.csv,4451,6277c4b7f3ef17491c50f19df3f5b439389dbb0e3db228dace5522619fcaea6a
runs/23/i0/researcher.py,4647,c46276d2e2cb9e1df4c329b6c5517b13a9c3b7b4dd554ce367920986cb14f60f
runs/23/i1/attempts/01/ADMITTED.md,126,158d543f841fc1ae683c6ff905487aee17330f09f4580a3f5366a22aecf6cc55
runs/23/i1/attempts/01/builder/candidate.py,146,cee7983f3d0ddd115d33a45f2830ad8b3d60bd191934fb2ad98a1d64046e661d
runs/23/i1/attempts/01/builder/parent_engine.py,3361,90e61cc1b2e54aaf54d7d9b48a44cd896de52e4f9d6c13ca7035d6bbebf86dc0
runs/23/i1/attempts/01/builder/refinement_engine.py,5012,e905a209037c84cf1803ea9c9f37f21314305f3b578a6b6c78db3ba51a677670
runs/23/i1/attempts/01/builder/revision_one_engine.py,2312,fe3e19c461ba778f21015f8fa96ed8546fa7fd5d0e93b370ac5d4823185d9571
runs/23/i1/attempts/01/builder/revision_two_engine.py,3988,77d1ba8920eb83f2a245cba587fc166dfe138deb92b452db2e6a1907fac910b6
runs/23/i1/attempts/01/builder/study_engine.py,2212,6085cc647f0b21b56d32d68025fbc49c3fabcfa0b9ce725f24573fb3b063711b
runs/23/i1/attempts/01/BUILDER-FREEZE.csv,557,4f3ff64319709f1388dd6599df2ec83e44527b0b9194dced102558701b15b3eb
runs/23/i1/attempts/01/INHERITANCE.csv,788,a9c18c3c7e8cc26072d9f5a09e0cb49afb71457f4f12fd46be5751e99511dedc
runs/23/i1/attempts/01/METRICS.csv,190,47e6e1cd47bced765024332f9fc86686f94f3fd268ea4e3734a5233907b9bc01
runs/23/i1/attempts/01/PROPOSAL.csv,96,bb4b8c790eeb760894badcbfb645578587db55c9d5e7104eb9be505227e1eb82
runs/23/i1/attempts/01/selection-predictions.csv,3047,71e07902f6e6450d1dd7926e8ab34420b19e2b5c1e882a42340c232e3942d450
runs/23/i1/attempts/01/stderr.txt,0,e3b0c44298fc1c149afbf4c8996fb92427ae41e4649b934ca495991b7852b855
runs/23/i1/attempts/01/stdout.txt,0,e3b0c44298fc1c149afbf4c8996fb92427ae41e4649b934ca495991b7852b855
runs/23/i1/attempts/01/train-predictions.csv,8052,3dacc1bb803f7deee4a45890a2c0fc1224b8980e0ec7686529e8d2d66a5f83d3
runs/23/i1/attempts/02/ADMITTED.md,126,6fe3954fa1708184a481d6dcc946958c353f884ebb9b00559b56f1ec0f533478
runs/23/i1/attempts/02/builder/candidate.py,151,fe9f52aac6fae812ea74bfe6725897abb4cf9f7a3df60d58683d0107f65b1d3b
runs/23/i1/attempts/02/builder/parent_engine.py,3361,90e61cc1b2e54aaf54d7d9b48a44cd896de52e4f9d6c13ca7035d6bbebf86dc0
runs/23/i1/attempts/02/builder/refinement_engine.py,5012,e905a209037c84cf1803ea9c9f37f21314305f3b578a6b6c78db3ba51a677670
runs/23/i1/attempts/02/builder/revision_one_engine.py,2312,fe3e19c461ba778f21015f8fa96ed8546fa7fd5d0e93b370ac5d4823185d9571
runs/23/i1/attempts/02/builder/revision_two_engine.py,3988,77d1ba8920eb83f2a245cba587fc166dfe138deb92b452db2e6a1907fac910b6
runs/23/i1/attempts/02/builder/study_engine.py,2212,6085cc647f0b21b56d32d68025fbc49c3fabcfa0b9ce725f24573fb3b063711b
runs/23/i1/attempts/02/BUILDER-FREEZE.csv,557,9d7f8a8d204fe4869e132ce052e84f4734e5f8f80a8087236cc2e6a9e9d23f4e
runs/23/i1/attempts/02/INHERITANCE.csv,788,a9c18c3c7e8cc26072d9f5a09e0cb49afb71457f4f12fd46be5751e99511dedc
runs/23/i1/attempts/02/METRICS.csv,189,5bab9edb83bc30acab2eaada41dd37c5becf44ceb29f3ee31e5057b4d420ffbc
runs/23/i1/attempts/02/PROPOSAL.csv,101,659fbe76bbca0f481a2097af4fea8661fa8ecb1f5257ab6da7b1a46f5ed3f8e3
runs/23/i1/attempts/02/selection-predictions.csv,3047,a30d7555f64437d2afb2daa5ef276a20a7319e53a1f7ab93a2f2649879c96d28
runs/23/i1/attempts/02/stderr.txt,0,e3b0c44298fc1c149afbf4c8996fb92427ae41e4649b934ca495991b7852b855
runs/23/i1/attempts/02/stdout.txt,0,e3b0c44298fc1c149afbf4c8996fb92427ae41e4649b934ca495991b7852b855
runs/23/i1/attempts/02/train-predictions.csv,8052,d19ce0b45d1c1b2a6ff4aec5e8cdcc8633bbe0c3560b7f5341df111b5fe52223
runs/23/i1/attempts/03/ADMITTED.md,126,dadb84c11773e38b0d5c91409cb25996dd89e168c2a9f40b9ad4f9cca9b1e10b
runs/23/i1/attempts/03/builder/candidate.py,145,27d1a072e585c314d242425e3916152e1d5bc9acc0dda7b40e67395c1b8f1902
runs/23/i1/attempts/03/builder/parent_engine.py,3361,90e61cc1b2e54aaf54d7d9b48a44cd896de52e4f9d6c13ca7035d6bbebf86dc0
runs/23/i1/attempts/03/builder/refinement_engine.py,5012,e905a209037c84cf1803ea9c9f37f21314305f3b578a6b6c78db3ba51a677670
runs/23/i1/attempts/03/builder/revision_one_engine.py,2312,fe3e19c461ba778f21015f8fa96ed8546fa7fd5d0e93b370ac5d4823185d9571
runs/23/i1/attempts/03/builder/revision_two_engine.py,3988,77d1ba8920eb83f2a245cba587fc166dfe138deb92b452db2e6a1907fac910b6
runs/23/i1/attempts/03/builder/study_engine.py,2212,6085cc647f0b21b56d32d68025fbc49c3fabcfa0b9ce725f24573fb3b063711b
runs/23/i1/attempts/03/BUILDER-FREEZE.csv,557,c9446868cc86fde9fff8c40aea9335b1ba98c83a1a4bfe898dbc8944daa1ed39
runs/23/i1/attempts/03/INHERITANCE.csv,788,a9c18c3c7e8cc26072d9f5a09e0cb49afb71457f4f12fd46be5751e99511dedc
runs/23/i1/attempts/03/METRICS.csv,185,7f63d98888a3ab907042bcec42e9a0ca53d996f98c1ecec30b3bf27ddbdf2493
runs/23/i1/attempts/03/PROPOSAL.csv,95,457846ceca505b3d3a5f1f4313f14145cdea5dbf126067fb74daaae9d34f287b
runs/23/i1/attempts/03/selection-predictions.csv,3047,a728944bb71fca5c7b57f1394bf0b76cf46948fa0dc54a1e8a010e77fb93ab26
runs/23/i1/attempts/03/stderr.txt,0,e3b0c44298fc1c149afbf4c8996fb92427ae41e4649b934ca495991b7852b855
runs/23/i1/attempts/03/stdout.txt,0,e3b0c44298fc1c149afbf4c8996fb92427ae41e4649b934ca495991b7852b855
runs/23/i1/attempts/03/train-predictions.csv,8052,d8d04df12dfc8c4bd36ba1d953ba99012a1f9e75f6800740f5855828fc326c78
runs/23/i1/attempts/04/ADMITTED.md,126,f3afee13a3ec728aa5927ca4535ba7d942e50ef3a1ae37909ea4081269eafd62
runs/23/i1/attempts/04/builder/candidate.py,150,c57445ba4248176a610264d02f47077484c9b2db467b3617b7e6c2d09fac91b3
runs/23/i1/attempts/04/builder/parent_engine.py,3361,90e61cc1b2e54aaf54d7d9b48a44cd896de52e4f9d6c13ca7035d6bbebf86dc0
runs/23/i1/attempts/04/builder/refinement_engine.py,5012,e905a209037c84cf1803ea9c9f37f21314305f3b578a6b6c78db3ba51a677670
runs/23/i1/attempts/04/builder/revision_one_engine.py,2312,fe3e19c461ba778f21015f8fa96ed8546fa7fd5d0e93b370ac5d4823185d9571
runs/23/i1/attempts/04/builder/revision_two_engine.py,3988,77d1ba8920eb83f2a245cba587fc166dfe138deb92b452db2e6a1907fac910b6
runs/23/i1/attempts/04/builder/study_engine.py,2212,6085cc647f0b21b56d32d68025fbc49c3fabcfa0b9ce725f24573fb3b063711b
runs/23/i1/attempts/04/BUILDER-FREEZE.csv,557,5615280c1139a77d21579bdb2f7de854f39db3e2c1d248783c10fe42a71c17bd
runs/23/i1/attempts/04/INHERITANCE.csv,788,a9c18c3c7e8cc26072d9f5a09e0cb49afb71457f4f12fd46be5751e99511dedc
runs/23/i1/attempts/04/METRICS.csv,186,9da11284dfc01042719d2ea6fdc718f2b179aead52619593f6943d7c1d4b0ad2
runs/23/i1/attempts/04/PROPOSAL.csv,100,bb3e9b645987473e8958f2c51d0f4ce6bde9d5d2cda7739d4e6a39a851ee5bad
runs/23/i1/attempts/04/selection-predictions.csv,3047,381d95209771daa00e93c6a19738e733044b04f1ead9a7fc54cd3648d4d32c7d
runs/23/i1/attempts/04/stderr.txt,0,e3b0c44298fc1c149afbf4c8996fb92427ae41e4649b934ca495991b7852b855
runs/23/i1/attempts/04/stdout.txt,0,e3b0c44298fc1c149afbf4c8996fb92427ae41e4649b934ca495991b7852b855
runs/23/i1/attempts/04/train-predictions.csv,8052,29a7ffaaebc98158f2b9835a7cf0ae68182908d56c05b7b62052f1db2b5f61f8
runs/23/i1/attempts/05/ADMITTED.md,126,b2a8850a558894a7b126f5320b921f9e11caf57ddfa40a3f4a35ffce9195c89a
runs/23/i1/attempts/05/builder/candidate.py,153,0918ad65acc5281163c013cc98a4838d8a582c04ef2b144849472fa5bfbd8361
runs/23/i1/attempts/05/builder/parent_engine.py,3361,90e61cc1b2e54aaf54d7d9b48a44cd896de52e4f9d6c13ca7035d6bbebf86dc0
runs/23/i1/attempts/05/builder/refinement_engine.py,5012,e905a209037c84cf1803ea9c9f37f21314305f3b578a6b6c78db3ba51a677670
runs/23/i1/attempts/05/builder/revision_one_engine.py,2312,fe3e19c461ba778f21015f8fa96ed8546fa7fd5d0e93b370ac5d4823185d9571
runs/23/i1/attempts/05/builder/revision_two_engine.py,3988,77d1ba8920eb83f2a245cba587fc166dfe138deb92b452db2e6a1907fac910b6
runs/23/i1/attempts/05/builder/study_engine.py,2212,6085cc647f0b21b56d32d68025fbc49c3fabcfa0b9ce725f24573fb3b063711b
runs/23/i1/attempts/05/BUILDER-FREEZE.csv,557,f5d52910ea18489e8e7d856d199e3510e42f243010677cf2d4e24bf7d7351139
runs/23/i1/attempts/05/INHERITANCE.csv,788,a9c18c3c7e8cc26072d9f5a09e0cb49afb71457f4f12fd46be5751e99511dedc
runs/23/i1/attempts/05/METRICS.csv,187,8513dbb1cc0730fbd1fdd759882038ec1c46589ff38f9051da25bd6a3ab30a39
runs/23/i1/attempts/05/PROPOSAL.csv,103,e79c884a02239f4961fac2ff2d04dbd8df9a7c06b207f51f49be40813a90807a
runs/23/i1/attempts/05/selection-predictions.csv,3047,5a589462841d26d37d0977ef1646e5f7f8b424d2702f58b386cc23325bc42d19
runs/23/i1/attempts/05/stderr.txt,0,e3b0c44298fc1c149afbf4c8996fb92427ae41e4649b934ca495991b7852b855
runs/23/i1/attempts/05/stdout.txt,0,e3b0c44298fc1c149afbf4c8996fb92427ae41e4649b934ca495991b7852b855
runs/23/i1/attempts/05/train-predictions.csv,8052,2ee7e1fdb09b6232c5eb227cd5d1a7b384b5b10744844e238b5797feb69d46e0
runs/23/i1/attempts/06/ADMITTED.md,126,7ccaa2d0f569aba6d6d414e53266cf75b41a990550c4883ae494d9c76870cfe8
runs/23/i1/attempts/06/builder/candidate.py,146,99666013fed9dfb0cb3c8aefeb0ff36ea73030482a9d8666d270a500e98c3cc7
runs/23/i1/attempts/06/builder/parent_engine.py,3361,90e61cc1b2e54aaf54d7d9b48a44cd896de52e4f9d6c13ca7035d6bbebf86dc0
runs/23/i1/attempts/06/builder/refinement_engine.py,5012,e905a209037c84cf1803ea9c9f37f21314305f3b578a6b6c78db3ba51a677670
runs/23/i1/attempts/06/builder/revision_one_engine.py,2312,fe3e19c461ba778f21015f8fa96ed8546fa7fd5d0e93b370ac5d4823185d9571
runs/23/i1/attempts/06/builder/revision_two_engine.py,3988,77d1ba8920eb83f2a245cba587fc166dfe138deb92b452db2e6a1907fac910b6
runs/23/i1/attempts/06/builder/study_engine.py,2212,6085cc647f0b21b56d32d68025fbc49c3fabcfa0b9ce725f24573fb3b063711b
runs/23/i1/attempts/06/BUILDER-FREEZE.csv,557,92a55479c4f92a7ca4124cda1e1bc5f53f071d2a2a392d886b09434eedc716b7
runs/23/i1/attempts/06/INHERITANCE.csv,788,a9c18c3c7e8cc26072d9f5a09e0cb49afb71457f4f12fd46be5751e99511dedc
runs/23/i1/attempts/06/METRICS.csv,188,2f9015fba94f2a43878073c8a47c175ad2b2fabcf2a6192a3d0f465b60eb7f1f
runs/23/i1/attempts/06/PROPOSAL.csv,96,bbdbaa696c4a703163403ceee3ab38db2ff7fbe95c44e3c5945d917e1426fe4e
runs/23/i1/attempts/06/selection-predictions.csv,3047,d3a2e4a4e207cd85e5ac33ba1d15e90da3869088017284444fb0915a15f39567
runs/23/i1/attempts/06/stderr.txt,0,e3b0c44298fc1c149afbf4c8996fb92427ae41e4649b934ca495991b7852b855
runs/23/i1/attempts/06/stdout.txt,0,e3b0c44298fc1c149afbf4c8996fb92427ae41e4649b934ca495991b7852b855
runs/23/i1/attempts/06/train-predictions.csv,8052,0195c4c6bf210956490eda905848d3b3f8b3b608e09abbeefe1a96208e31d322
runs/23/i1/attempts/07/ADMITTED.md,126,966343caee68ba295630f054a2caeeba921d7ca59fd54784deb01e4bb4e027ac
runs/23/i1/attempts/07/builder/candidate.py,151,c46021861851ef435427b9f0d4ad8644c28fd08fbc487b79e306da2db4e555cb
runs/23/i1/attempts/07/builder/parent_engine.py,3361,90e61cc1b2e54aaf54d7d9b48a44cd896de52e4f9d6c13ca7035d6bbebf86dc0
runs/23/i1/attempts/07/builder/refinement_engine.py,5012,e905a209037c84cf1803ea9c9f37f21314305f3b578a6b6c78db3ba51a677670
runs/23/i1/attempts/07/builder/revision_one_engine.py,2312,fe3e19c461ba778f21015f8fa96ed8546fa7fd5d0e93b370ac5d4823185d9571
runs/23/i1/attempts/07/builder/revision_two_engine.py,3988,77d1ba8920eb83f2a245cba587fc166dfe138deb92b452db2e6a1907fac910b6
runs/23/i1/attempts/07/builder/study_engine.py,2212,6085cc647f0b21b56d32d68025fbc49c3fabcfa0b9ce725f24573fb3b063711b
runs/23/i1/attempts/07/BUILDER-FREEZE.csv,557,53b8b44259500ba8ee9f70e7fae3ff0ceee64b54fd3ea6e26ddaff082bed63d6
runs/23/i1/attempts/07/INHERITANCE.csv,788,a9c18c3c7e8cc26072d9f5a09e0cb49afb71457f4f12fd46be5751e99511dedc
runs/23/i1/attempts/07/METRICS.csv,192,d813438701e54e716e5ac096e26d371773cac1530d66e8fed646f370923d56c8
runs/23/i1/attempts/07/PROPOSAL.csv,101,e137c39c73d31b92ba300b3815a42cc376b8965f284d011c3d99f8b43d76e040
runs/23/i1/attempts/07/selection-predictions.csv,3047,acfdc018b0acc87aac7d33c2b0a327a26a25349b17bf61413a977b5824592908
runs/23/i1/attempts/07/stderr.txt,0,e3b0c44298fc1c149afbf4c8996fb92427ae41e4649b934ca495991b7852b855
runs/23/i1/attempts/07/stdout.txt,0,e3b0c44298fc1c149afbf4c8996fb92427ae41e4649b934ca495991b7852b855
runs/23/i1/attempts/07/train-predictions.csv,8052,027a6aa41c7a9771b227dc9a6496bb0c14d7e1227a345c2d4a75470dedf69175
runs/23/i1/attempts/08/ADMITTED.md,126,3dd46c4ec0782e3a7df2f8047a14826fc4632c5e4c9682017276477b281c93c1
runs/23/i1/attempts/08/builder/candidate.py,152,4e281f1bee2f157de5bffb1f9b2851a0e09daa407da8d0729ff89cf93592a3a4
runs/23/i1/attempts/08/builder/parent_engine.py,3361,90e61cc1b2e54aaf54d7d9b48a44cd896de52e4f9d6c13ca7035d6bbebf86dc0
runs/23/i1/attempts/08/builder/refinement_engine.py,5012,e905a209037c84cf1803ea9c9f37f21314305f3b578a6b6c78db3ba51a677670
runs/23/i1/attempts/08/builder/revision_one_engine.py,2312,fe3e19c461ba778f21015f8fa96ed8546fa7fd5d0e93b370ac5d4823185d9571
runs/23/i1/attempts/08/builder/revision_two_engine.py,3988,77d1ba8920eb83f2a245cba587fc166dfe138deb92b452db2e6a1907fac910b6
runs/23/i1/attempts/08/builder/study_engine.py,2212,6085cc647f0b21b56d32d68025fbc49c3fabcfa0b9ce725f24573fb3b063711b
runs/23/i1/attempts/08/BUILDER-FREEZE.csv,557,224d9043d28d629d1acfde4fe4194e82c653d4d1c00d771a7f8d1c528b605f92
runs/23/i1/attempts/08/INHERITANCE.csv,788,a9c18c3c7e8cc26072d9f5a09e0cb49afb71457f4f12fd46be5751e99511dedc
runs/23/i1/attempts/08/METRICS.csv,190,0b614510c4617c7155ef8d3fff81a14daf1961233755ad11937ff4480c7177df
runs/23/i1/attempts/08/PROPOSAL.csv,102,a048d1c3b5e3402df5d985ba42524d974665969b68d3880dd984011e8f00e3a9
runs/23/i1/attempts/08/selection-predictions.csv,3047,6a13b0390617f310a4403381a0d9983af02fb7232d81872c0a76c13eb9e66216
runs/23/i1/attempts/08/stderr.txt,0,e3b0c44298fc1c149afbf4c8996fb92427ae41e4649b934ca495991b7852b855
runs/23/i1/attempts/08/stdout.txt,0,e3b0c44298fc1c149afbf4c8996fb92427ae41e4649b934ca495991b7852b855
runs/23/i1/attempts/08/train-predictions.csv,8052,8a018ada1faf045a4d6b7a2c98a571e0117bea4aa4e9c6db8aaf566796d59383
runs/23/i1/attempts/09/ADMITTED.md,126,170d1c7ecbfa20cb494f2a305159f45af455e0f6a55af6083176662618764242
runs/23/i1/attempts/09/builder/candidate.py,158,c97ba403e8fcdd0a2e573ba349ab034efcd3039f88923ae2ce59e3c0c51ed528
runs/23/i1/attempts/09/builder/parent_engine.py,3361,90e61cc1b2e54aaf54d7d9b48a44cd896de52e4f9d6c13ca7035d6bbebf86dc0
runs/23/i1/attempts/09/builder/refinement_engine.py,5012,e905a209037c84cf1803ea9c9f37f21314305f3b578a6b6c78db3ba51a677670
runs/23/i1/attempts/09/builder/revision_one_engine.py,2312,fe3e19c461ba778f21015f8fa96ed8546fa7fd5d0e93b370ac5d4823185d9571
runs/23/i1/attempts/09/builder/revision_two_engine.py,3988,77d1ba8920eb83f2a245cba587fc166dfe138deb92b452db2e6a1907fac910b6
runs/23/i1/attempts/09/builder/study_engine.py,2212,6085cc647f0b21b56d32d68025fbc49c3fabcfa0b9ce725f24573fb3b063711b
runs/23/i1/attempts/09/BUILDER-FREEZE.csv,557,f497f9e470473138a86f92840647f57678aa2b937050c04dd47095847e556b14
runs/23/i1/attempts/09/INHERITANCE.csv,788,a9c18c3c7e8cc26072d9f5a09e0cb49afb71457f4f12fd46be5751e99511dedc
runs/23/i1/attempts/09/METRICS.csv,186,2648a0d06556f06c10dd4828b69a37b7a096dcf2ff4897e21a887f52b33ac80d
runs/23/i1/attempts/09/PROPOSAL.csv,145,f68a03dd2e5a9d44ca38fba0d2bcc25b43f6724135d37517f801b2cbeb10681a
runs/23/i1/attempts/09/selection-predictions.csv,3047,6486c7d0cc5f566426e0079d86a58d69aac963a8647ae7ff245a0090402e21f0
runs/23/i1/attempts/09/stderr.txt,0,e3b0c44298fc1c149afbf4c8996fb92427ae41e4649b934ca495991b7852b855
runs/23/i1/attempts/09/stdout.txt,0,e3b0c44298fc1c149afbf4c8996fb92427ae41e4649b934ca495991b7852b855
runs/23/i1/attempts/09/train-predictions.csv,8052,8f03676f194367b1e879e1e39e5df476234853d367b1acbc23a3fc5e7d734ad5
runs/23/i1/attempts/10/ADMITTED.md,126,b9e6b0eccd3a8d5700d437f5512d06fa29609c6efa32a9ab51922cfef0cc4147
runs/23/i1/attempts/10/builder/candidate.py,147,4483f350c36b64578650a3863d4b22f0ccf2927693173891c0ad0b23fac2b8b6
runs/23/i1/attempts/10/builder/parent_engine.py,3361,90e61cc1b2e54aaf54d7d9b48a44cd896de52e4f9d6c13ca7035d6bbebf86dc0
runs/23/i1/attempts/10/builder/refinement_engine.py,5012,e905a209037c84cf1803ea9c9f37f21314305f3b578a6b6c78db3ba51a677670
runs/23/i1/attempts/10/builder/revision_one_engine.py,2312,fe3e19c461ba778f21015f8fa96ed8546fa7fd5d0e93b370ac5d4823185d9571
runs/23/i1/attempts/10/builder/revision_two_engine.py,3988,77d1ba8920eb83f2a245cba587fc166dfe138deb92b452db2e6a1907fac910b6
runs/23/i1/attempts/10/builder/study_engine.py,2212,6085cc647f0b21b56d32d68025fbc49c3fabcfa0b9ce725f24573fb3b063711b
runs/23/i1/attempts/10/BUILDER-FREEZE.csv,557,252ebfd6e70edb448b444cff2c00d48be036fd8ef47ed19afe83aa2d14775d3c
runs/23/i1/attempts/10/INHERITANCE.csv,788,a9c18c3c7e8cc26072d9f5a09e0cb49afb71457f4f12fd46be5751e99511dedc
runs/23/i1/attempts/10/METRICS.csv,191,a9afec78e9ff37d0186d0fc61965be18d492ecaee422734f0ef1f6b0c9132bb3
runs/23/i1/attempts/10/PROPOSAL.csv,136,7180eb2515f874b8909946a9e70e7c9d317b10240b4758f2552b9f622e47e84f
runs/23/i1/attempts/10/selection-predictions.csv,3047,b213b7425427059028532cfe3e20e2ae7edc206f630270732fd67d90d3d54e7c
runs/23/i1/attempts/10/stderr.txt,0,e3b0c44298fc1c149afbf4c8996fb92427ae41e4649b934ca495991b7852b855
runs/23/i1/attempts/10/stdout.txt,0,e3b0c44298fc1c149afbf4c8996fb92427ae41e4649b934ca495991b7852b855
runs/23/i1/attempts/10/train-predictions.csv,8052,3b745447c5a7f908b1904c031d9de298823e2a7983274cf3f9e304b629bce790
runs/23/i1/attempts/11/ADMITTED.md,126,8bca6e7ad5d33e6083bfc5e8f22a6de2f30b201d88344181519a8f9001709d19
runs/23/i1/attempts/11/builder/candidate.py,147,88558fd9ee98d5c2487058b697541e94adb32d08611425e0baafc585a0212083
runs/23/i1/attempts/11/builder/parent_engine.py,3361,90e61cc1b2e54aaf54d7d9b48a44cd896de52e4f9d6c13ca7035d6bbebf86dc0
runs/23/i1/attempts/11/builder/refinement_engine.py,5012,e905a209037c84cf1803ea9c9f37f21314305f3b578a6b6c78db3ba51a677670
runs/23/i1/attempts/11/builder/revision_one_engine.py,2312,fe3e19c461ba778f21015f8fa96ed8546fa7fd5d0e93b370ac5d4823185d9571
runs/23/i1/attempts/11/builder/revision_two_engine.py,3988,77d1ba8920eb83f2a245cba587fc166dfe138deb92b452db2e6a1907fac910b6
runs/23/i1/attempts/11/builder/study_engine.py,2212,6085cc647f0b21b56d32d68025fbc49c3fabcfa0b9ce725f24573fb3b063711b
runs/23/i1/attempts/11/BUILDER-FREEZE.csv,557,08c71fcbfe1b3e134b7e44add8addfa05192d663bd043a983ed1eb2b0d12280f
runs/23/i1/attempts/11/INHERITANCE.csv,788,a9c18c3c7e8cc26072d9f5a09e0cb49afb71457f4f12fd46be5751e99511dedc
runs/23/i1/attempts/11/METRICS.csv,187,f5b349c613258c12dc2483ddeab2d9e2a849ca10c38c30eebcce02514ef95a7b
runs/23/i1/attempts/11/PARENT-CANDIDATE.py,147,4483f350c36b64578650a3863d4b22f0ccf2927693173891c0ad0b23fac2b8b6
runs/23/i1/attempts/11/PROPOSAL.csv,139,231873a7840568877df03a1f503572f110b105c8e8bb488126b2fec8276fada9
runs/23/i1/attempts/11/selection-predictions.csv,3047,5c407ef57acac056992c4aed4c61e0edd3766b0541e9a51fabe967714b4c989a
runs/23/i1/attempts/11/stderr.txt,0,e3b0c44298fc1c149afbf4c8996fb92427ae41e4649b934ca495991b7852b855
runs/23/i1/attempts/11/stdout.txt,0,e3b0c44298fc1c149afbf4c8996fb92427ae41e4649b934ca495991b7852b855
runs/23/i1/attempts/11/train-predictions.csv,8052,3c77e744dd5cd09db8a5a20a69e43d88cda243a0c7a76ae85258701b94bc2497
runs/23/i1/attempts/12/ADMITTED.md,126,784886e3ba2e83018519ad28902702ce988e26bfbd9542a0c5218b8f4683effc
runs/23/i1/attempts/12/builder/candidate.py,146,ed3dac5c3ea70c0f016a1aeb16601690fc8ae07c5d331d9efb9d7d33790bf3d6
runs/23/i1/attempts/12/builder/parent_engine.py,3361,90e61cc1b2e54aaf54d7d9b48a44cd896de52e4f9d6c13ca7035d6bbebf86dc0
runs/23/i1/attempts/12/builder/refinement_engine.py,5012,e905a209037c84cf1803ea9c9f37f21314305f3b578a6b6c78db3ba51a677670
runs/23/i1/attempts/12/builder/revision_one_engine.py,2312,fe3e19c461ba778f21015f8fa96ed8546fa7fd5d0e93b370ac5d4823185d9571
runs/23/i1/attempts/12/builder/revision_two_engine.py,3988,77d1ba8920eb83f2a245cba587fc166dfe138deb92b452db2e6a1907fac910b6
runs/23/i1/attempts/12/builder/study_engine.py,2212,6085cc647f0b21b56d32d68025fbc49c3fabcfa0b9ce725f24573fb3b063711b
runs/23/i1/attempts/12/BUILDER-FREEZE.csv,557,4f57febc4da0f07c1c4e2316105c23b0df4849508c0400ddcf08bd8bb6d5d14a
runs/23/i1/attempts/12/INHERITANCE.csv,788,a9c18c3c7e8cc26072d9f5a09e0cb49afb71457f4f12fd46be5751e99511dedc
runs/23/i1/attempts/12/METRICS.csv,189,51b9bbc01ec5d2f22dab32dcacfbdcd7ccac6aa49897c4f06e0ed7c51a0f78f1
runs/23/i1/attempts/12/PARENT-CANDIDATE.py,146,cee7983f3d0ddd115d33a45f2830ad8b3d60bd191934fb2ad98a1d64046e661d
runs/23/i1/attempts/12/PROPOSAL.csv,137,1131103d1d2cc1a0cf769994e6decdd3f2d7f684cba60c5c0bb2218a9713f87b
runs/23/i1/attempts/12/selection-predictions.csv,3047,e7c54d9029cb9a8ffe607fb93d648f188a11633da92815bc7f93ad7808b79fb8
runs/23/i1/attempts/12/stderr.txt,0,e3b0c44298fc1c149afbf4c8996fb92427ae41e4649b934ca495991b7852b855
runs/23/i1/attempts/12/stdout.txt,0,e3b0c44298fc1c149afbf4c8996fb92427ae41e4649b934ca495991b7852b855
runs/23/i1/attempts/12/train-predictions.csv,8052,39cdee0d39ade6290a90dbcb9988121e6b0151c1e001081cb0bfe8f9c67d6dcd
runs/23/i1/LEDGER.csv,4578,295714997f30902ddaeab3e7d56c8b0ab25805459dad3f049e8a62e92ce193bb
runs/23/i1/researcher.py,6084,053228ae5a337e2dee99c96a569d890f3a908d7194e2ba00c3cc5636ab02481f
runs/23/parent/attempts/01/ADMITTED.md,126,73b6d4440a3bebeaa497f3b034e10c2ba0035f21098c3bc610f1e765e27fa32b
runs/23/parent/attempts/01/builder/candidate.py,146,cee7983f3d0ddd115d33a45f2830ad8b3d60bd191934fb2ad98a1d64046e661d
runs/23/parent/attempts/01/builder/parent_engine.py,3361,90e61cc1b2e54aaf54d7d9b48a44cd896de52e4f9d6c13ca7035d6bbebf86dc0
runs/23/parent/attempts/01/builder/refinement_engine.py,5012,e905a209037c84cf1803ea9c9f37f21314305f3b578a6b6c78db3ba51a677670
runs/23/parent/attempts/01/builder/revision_one_engine.py,2312,fe3e19c461ba778f21015f8fa96ed8546fa7fd5d0e93b370ac5d4823185d9571
runs/23/parent/attempts/01/builder/revision_two_engine.py,3988,77d1ba8920eb83f2a245cba587fc166dfe138deb92b452db2e6a1907fac910b6
runs/23/parent/attempts/01/builder/study_engine.py,2212,6085cc647f0b21b56d32d68025fbc49c3fabcfa0b9ce725f24573fb3b063711b
runs/23/parent/attempts/01/BUILDER-FREEZE.csv,557,4f3ff64319709f1388dd6599df2ec83e44527b0b9194dced102558701b15b3eb
runs/23/parent/attempts/01/INHERITANCE.csv,788,a9c18c3c7e8cc26072d9f5a09e0cb49afb71457f4f12fd46be5751e99511dedc
runs/23/parent/attempts/01/METRICS.csv,190,6663d56cae2000a45090ff212328f14d5707dbfcc759e3d48e41b18f22200ba0
runs/23/parent/attempts/01/PROPOSAL.csv,96,bb4b8c790eeb760894badcbfb645578587db55c9d5e7104eb9be505227e1eb82
runs/23/parent/attempts/01/selection-predictions.csv,3047,71e07902f6e6450d1dd7926e8ab34420b19e2b5c1e882a42340c232e3942d450
runs/23/parent/attempts/01/stderr.txt,0,e3b0c44298fc1c149afbf4c8996fb92427ae41e4649b934ca495991b7852b855
runs/23/parent/attempts/01/stdout.txt,0,e3b0c44298fc1c149afbf4c8996fb92427ae41e4649b934ca495991b7852b855
runs/23/parent/attempts/01/train-predictions.csv,8052,3dacc1bb803f7deee4a45890a2c0fc1224b8980e0ec7686529e8d2d66a5f83d3
runs/23/parent/attempts/02/ADMITTED.md,126,020d878c9034656ef00843c88e4c977d22699afa15f9b1e9cd4ebd140a4b424a
runs/23/parent/attempts/02/builder/candidate.py,151,fe9f52aac6fae812ea74bfe6725897abb4cf9f7a3df60d58683d0107f65b1d3b
runs/23/parent/attempts/02/builder/parent_engine.py,3361,90e61cc1b2e54aaf54d7d9b48a44cd896de52e4f9d6c13ca7035d6bbebf86dc0
runs/23/parent/attempts/02/builder/refinement_engine.py,5012,e905a209037c84cf1803ea9c9f37f21314305f3b578a6b6c78db3ba51a677670
runs/23/parent/attempts/02/builder/revision_one_engine.py,2312,fe3e19c461ba778f21015f8fa96ed8546fa7fd5d0e93b370ac5d4823185d9571
runs/23/parent/attempts/02/builder/revision_two_engine.py,3988,77d1ba8920eb83f2a245cba587fc166dfe138deb92b452db2e6a1907fac910b6
runs/23/parent/attempts/02/builder/study_engine.py,2212,6085cc647f0b21b56d32d68025fbc49c3fabcfa0b9ce725f24573fb3b063711b
runs/23/parent/attempts/02/BUILDER-FREEZE.csv,557,9d7f8a8d204fe4869e132ce052e84f4734e5f8f80a8087236cc2e6a9e9d23f4e
runs/23/parent/attempts/02/INHERITANCE.csv,788,a9c18c3c7e8cc26072d9f5a09e0cb49afb71457f4f12fd46be5751e99511dedc
runs/23/parent/attempts/02/METRICS.csv,189,7f8fc467348b610b5d060f9f5bc3756b282d47e199dcc8383e61933dc37756f0
runs/23/parent/attempts/02/PROPOSAL.csv,101,659fbe76bbca0f481a2097af4fea8661fa8ecb1f5257ab6da7b1a46f5ed3f8e3
runs/23/parent/attempts/02/selection-predictions.csv,3047,a30d7555f64437d2afb2daa5ef276a20a7319e53a1f7ab93a2f2649879c96d28
runs/23/parent/attempts/02/stderr.txt,0,e3b0c44298fc1c149afbf4c8996fb92427ae41e4649b934ca495991b7852b855
runs/23/parent/attempts/02/stdout.txt,0,e3b0c44298fc1c149afbf4c8996fb92427ae41e4649b934ca495991b7852b855
runs/23/parent/attempts/02/train-predictions.csv,8052,d19ce0b45d1c1b2a6ff4aec5e8cdcc8633bbe0c3560b7f5341df111b5fe52223
runs/23/parent/attempts/03/ADMITTED.md,126,39b0cd02376aa3ccd17d0ed5505cbad57c325529104649dacf59b62d369e1060
runs/23/parent/attempts/03/builder/candidate.py,145,27d1a072e585c314d242425e3916152e1d5bc9acc0dda7b40e67395c1b8f1902
runs/23/parent/attempts/03/builder/parent_engine.py,3361,90e61cc1b2e54aaf54d7d9b48a44cd896de52e4f9d6c13ca7035d6bbebf86dc0
runs/23/parent/attempts/03/builder/refinement_engine.py,5012,e905a209037c84cf1803ea9c9f37f21314305f3b578a6b6c78db3ba51a677670
runs/23/parent/attempts/03/builder/revision_one_engine.py,2312,fe3e19c461ba778f21015f8fa96ed8546fa7fd5d0e93b370ac5d4823185d9571
runs/23/parent/attempts/03/builder/revision_two_engine.py,3988,77d1ba8920eb83f2a245cba587fc166dfe138deb92b452db2e6a1907fac910b6
runs/23/parent/attempts/03/builder/study_engine.py,2212,6085cc647f0b21b56d32d68025fbc49c3fabcfa0b9ce725f24573fb3b063711b
runs/23/parent/attempts/03/BUILDER-FREEZE.csv,557,c9446868cc86fde9fff8c40aea9335b1ba98c83a1a4bfe898dbc8944daa1ed39
runs/23/parent/attempts/03/INHERITANCE.csv,788,a9c18c3c7e8cc26072d9f5a09e0cb49afb71457f4f12fd46be5751e99511dedc
runs/23/parent/attempts/03/METRICS.csv,187,1825d4c44a3e268f0f6150d6dc69da11a23099fcc49d5341eadc8c7ab36df608
runs/23/parent/attempts/03/PROPOSAL.csv,95,457846ceca505b3d3a5f1f4313f14145cdea5dbf126067fb74daaae9d34f287b
runs/23/parent/attempts/03/selection-predictions.csv,3047,a728944bb71fca5c7b57f1394bf0b76cf46948fa0dc54a1e8a010e77fb93ab26
runs/23/parent/attempts/03/stderr.txt,0,e3b0c44298fc1c149afbf4c8996fb92427ae41e4649b934ca495991b7852b855
runs/23/parent/attempts/03/stdout.txt,0,e3b0c44298fc1c149afbf4c8996fb92427ae41e4649b934ca495991b7852b855
runs/23/parent/attempts/03/train-predictions.csv,8052,d8d04df12dfc8c4bd36ba1d953ba99012a1f9e75f6800740f5855828fc326c78
runs/23/parent/attempts/04/ADMITTED.md,126,ec037210676aea3d539db83670b871708775d0d476b05b9ee0d4a21236ebbd04
runs/23/parent/attempts/04/builder/candidate.py,150,c57445ba4248176a610264d02f47077484c9b2db467b3617b7e6c2d09fac91b3
runs/23/parent/attempts/04/builder/parent_engine.py,3361,90e61cc1b2e54aaf54d7d9b48a44cd896de52e4f9d6c13ca7035d6bbebf86dc0
runs/23/parent/attempts/04/builder/refinement_engine.py,5012,e905a209037c84cf1803ea9c9f37f21314305f3b578a6b6c78db3ba51a677670
runs/23/parent/attempts/04/builder/revision_one_engine.py,2312,fe3e19c461ba778f21015f8fa96ed8546fa7fd5d0e93b370ac5d4823185d9571
runs/23/parent/attempts/04/builder/revision_two_engine.py,3988,77d1ba8920eb83f2a245cba587fc166dfe138deb92b452db2e6a1907fac910b6
runs/23/parent/attempts/04/builder/study_engine.py,2212,6085cc647f0b21b56d32d68025fbc49c3fabcfa0b9ce725f24573fb3b063711b
runs/23/parent/attempts/04/BUILDER-FREEZE.csv,557,5615280c1139a77d21579bdb2f7de854f39db3e2c1d248783c10fe42a71c17bd
runs/23/parent/attempts/04/INHERITANCE.csv,788,a9c18c3c7e8cc26072d9f5a09e0cb49afb71457f4f12fd46be5751e99511dedc
runs/23/parent/attempts/04/METRICS.csv,186,0309331227a5b5e8f838c72d0614c1d533232eec23704d0ccc4b2a196c680f86
runs/23/parent/attempts/04/PROPOSAL.csv,100,bb3e9b645987473e8958f2c51d0f4ce6bde9d5d2cda7739d4e6a39a851ee5bad
runs/23/parent/attempts/04/selection-predictions.csv,3047,381d95209771daa00e93c6a19738e733044b04f1ead9a7fc54cd3648d4d32c7d
runs/23/parent/attempts/04/stderr.txt,0,e3b0c44298fc1c149afbf4c8996fb92427ae41e4649b934ca495991b7852b855
runs/23/parent/attempts/04/stdout.txt,0,e3b0c44298fc1c149afbf4c8996fb92427ae41e4649b934ca495991b7852b855
runs/23/parent/attempts/04/train-predictions.csv,8052,29a7ffaaebc98158f2b9835a7cf0ae68182908d56c05b7b62052f1db2b5f61f8
runs/23/parent/attempts/05/ADMITTED.md,126,58771b391399a70591f3eebac18afaaa9bdecc8a58866285cf4297c1ee6b8dc4
runs/23/parent/attempts/05/builder/candidate.py,153,0918ad65acc5281163c013cc98a4838d8a582c04ef2b144849472fa5bfbd8361
runs/23/parent/attempts/05/builder/parent_engine.py,3361,90e61cc1b2e54aaf54d7d9b48a44cd896de52e4f9d6c13ca7035d6bbebf86dc0
runs/23/parent/attempts/05/builder/refinement_engine.py,5012,e905a209037c84cf1803ea9c9f37f21314305f3b578a6b6c78db3ba51a677670
runs/23/parent/attempts/05/builder/revision_one_engine.py,2312,fe3e19c461ba778f21015f8fa96ed8546fa7fd5d0e93b370ac5d4823185d9571
runs/23/parent/attempts/05/builder/revision_two_engine.py,3988,77d1ba8920eb83f2a245cba587fc166dfe138deb92b452db2e6a1907fac910b6
runs/23/parent/attempts/05/builder/study_engine.py,2212,6085cc647f0b21b56d32d68025fbc49c3fabcfa0b9ce725f24573fb3b063711b
runs/23/parent/attempts/05/BUILDER-FREEZE.csv,557,f5d52910ea18489e8e7d856d199e3510e42f243010677cf2d4e24bf7d7351139
runs/23/parent/attempts/05/INHERITANCE.csv,788,a9c18c3c7e8cc26072d9f5a09e0cb49afb71457f4f12fd46be5751e99511dedc
runs/23/parent/attempts/05/METRICS.csv,189,c9bd63aa23e66eed14f828e3d72b8f0cf7566287204556389b3de1cb4df57dc2
runs/23/parent/attempts/05/PROPOSAL.csv,103,e79c884a02239f4961fac2ff2d04dbd8df9a7c06b207f51f49be40813a90807a
runs/23/parent/attempts/05/selection-predictions.csv,3047,5a589462841d26d37d0977ef1646e5f7f8b424d2702f58b386cc23325bc42d19
runs/23/parent/attempts/05/stderr.txt,0,e3b0c44298fc1c149afbf4c8996fb92427ae41e4649b934ca495991b7852b855
runs/23/parent/attempts/05/stdout.txt,0,e3b0c44298fc1c149afbf4c8996fb92427ae41e4649b934ca495991b7852b855
runs/23/parent/attempts/05/train-predictions.csv,8052,2ee7e1fdb09b6232c5eb227cd5d1a7b384b5b10744844e238b5797feb69d46e0
runs/23/parent/attempts/06/ADMITTED.md,126,9d72786efd5bb68d5576a6bbb59bee6a559cee2cbf8395961d581cd356cd46fe
runs/23/parent/attempts/06/builder/candidate.py,146,99666013fed9dfb0cb3c8aefeb0ff36ea73030482a9d8666d270a500e98c3cc7
runs/23/parent/attempts/06/builder/parent_engine.py,3361,90e61cc1b2e54aaf54d7d9b48a44cd896de52e4f9d6c13ca7035d6bbebf86dc0
runs/23/parent/attempts/06/builder/refinement_engine.py,5012,e905a209037c84cf1803ea9c9f37f21314305f3b578a6b6c78db3ba51a677670
runs/23/parent/attempts/06/builder/revision_one_engine.py,2312,fe3e19c461ba778f21015f8fa96ed8546fa7fd5d0e93b370ac5d4823185d9571
runs/23/parent/attempts/06/builder/revision_two_engine.py,3988,77d1ba8920eb83f2a245cba587fc166dfe138deb92b452db2e6a1907fac910b6
runs/23/parent/attempts/06/builder/study_engine.py,2212,6085cc647f0b21b56d32d68025fbc49c3fabcfa0b9ce725f24573fb3b063711b
runs/23/parent/attempts/06/BUILDER-FREEZE.csv,557,92a55479c4f92a7ca4124cda1e1bc5f53f071d2a2a392d886b09434eedc716b7
runs/23/parent/attempts/06/INHERITANCE.csv,788,a9c18c3c7e8cc26072d9f5a09e0cb49afb71457f4f12fd46be5751e99511dedc
runs/23/parent/attempts/06/METRICS.csv,186,4c281ca2ccfe23a5c3f48d01f0868f4324fbfc82e5f2cd1fd3bac123974de619
runs/23/parent/attempts/06/PROPOSAL.csv,96,bbdbaa696c4a703163403ceee3ab38db2ff7fbe95c44e3c5945d917e1426fe4e
runs/23/parent/attempts/06/selection-predictions.csv,3047,d3a2e4a4e207cd85e5ac33ba1d15e90da3869088017284444fb0915a15f39567
runs/23/parent/attempts/06/stderr.txt,0,e3b0c44298fc1c149afbf4c8996fb92427ae41e4649b934ca495991b7852b855
runs/23/parent/attempts/06/stdout.txt,0,e3b0c44298fc1c149afbf4c8996fb92427ae41e4649b934ca495991b7852b855
runs/23/parent/attempts/06/train-predictions.csv,8052,0195c4c6bf210956490eda905848d3b3f8b3b608e09abbeefe1a96208e31d322
runs/23/parent/attempts/07/ADMITTED.md,126,9676a868c65544bd3b180b3e0eed56d7d28596687d18de86d2f4f12fc1fcf347
runs/23/parent/attempts/07/builder/candidate.py,151,c46021861851ef435427b9f0d4ad8644c28fd08fbc487b79e306da2db4e555cb
runs/23/parent/attempts/07/builder/parent_engine.py,3361,90e61cc1b2e54aaf54d7d9b48a44cd896de52e4f9d6c13ca7035d6bbebf86dc0
runs/23/parent/attempts/07/builder/refinement_engine.py,5012,e905a209037c84cf1803ea9c9f37f21314305f3b578a6b6c78db3ba51a677670
runs/23/parent/attempts/07/builder/revision_one_engine.py,2312,fe3e19c461ba778f21015f8fa96ed8546fa7fd5d0e93b370ac5d4823185d9571
runs/23/parent/attempts/07/builder/revision_two_engine.py,3988,77d1ba8920eb83f2a245cba587fc166dfe138deb92b452db2e6a1907fac910b6
runs/23/parent/attempts/07/builder/study_engine.py,2212,6085cc647f0b21b56d32d68025fbc49c3fabcfa0b9ce725f24573fb3b063711b
runs/23/parent/attempts/07/BUILDER-FREEZE.csv,557,53b8b44259500ba8ee9f70e7fae3ff0ceee64b54fd3ea6e26ddaff082bed63d6
runs/23/parent/attempts/07/INHERITANCE.csv,788,a9c18c3c7e8cc26072d9f5a09e0cb49afb71457f4f12fd46be5751e99511dedc
runs/23/parent/attempts/07/METRICS.csv,192,ddf8e59b7cb812d8039c7ee2ebaeca182027a0c49db51d2b5d933917f484863a
runs/23/parent/attempts/07/PROPOSAL.csv,101,e137c39c73d31b92ba300b3815a42cc376b8965f284d011c3d99f8b43d76e040
runs/23/parent/attempts/07/selection-predictions.csv,3047,acfdc018b0acc87aac7d33c2b0a327a26a25349b17bf61413a977b5824592908
runs/23/parent/attempts/07/stderr.txt,0,e3b0c44298fc1c149afbf4c8996fb92427ae41e4649b934ca495991b7852b855
runs/23/parent/attempts/07/stdout.txt,0,e3b0c44298fc1c149afbf4c8996fb92427ae41e4649b934ca495991b7852b855
runs/23/parent/attempts/07/train-predictions.csv,8052,027a6aa41c7a9771b227dc9a6496bb0c14d7e1227a345c2d4a75470dedf69175
runs/23/parent/attempts/08/ADMITTED.md,126,7a8ee307163f1c4e4917faf968c89e1cff27ea1babaad72635807389dd83ff69
runs/23/parent/attempts/08/builder/candidate.py,152,4e281f1bee2f157de5bffb1f9b2851a0e09daa407da8d0729ff89cf93592a3a4
runs/23/parent/attempts/08/builder/parent_engine.py,3361,90e61cc1b2e54aaf54d7d9b48a44cd896de52e4f9d6c13ca7035d6bbebf86dc0
runs/23/parent/attempts/08/builder/refinement_engine.py,5012,e905a209037c84cf1803ea9c9f37f21314305f3b578a6b6c78db3ba51a677670
runs/23/parent/attempts/08/builder/revision_one_engine.py,2312,fe3e19c461ba778f21015f8fa96ed8546fa7fd5d0e93b370ac5d4823185d9571
runs/23/parent/attempts/08/builder/revision_two_engine.py,3988,77d1ba8920eb83f2a245cba587fc166dfe138deb92b452db2e6a1907fac910b6
runs/23/parent/attempts/08/builder/study_engine.py,2212,6085cc647f0b21b56d32d68025fbc49c3fabcfa0b9ce725f24573fb3b063711b
runs/23/parent/attempts/08/BUILDER-FREEZE.csv,557,224d9043d28d629d1acfde4fe4194e82c653d4d1c00d771a7f8d1c528b605f92
runs/23/parent/attempts/08/INHERITANCE.csv,788,a9c18c3c7e8cc26072d9f5a09e0cb49afb71457f4f12fd46be5751e99511dedc
runs/23/parent/attempts/08/METRICS.csv,190,0b8d3be48ea89908a617a14685ed2edc4ae022c51f26d4522a1d76b19bd001de
runs/23/parent/attempts/08/PROPOSAL.csv,102,a048d1c3b5e3402df5d985ba42524d974665969b68d3880dd984011e8f00e3a9
runs/23/parent/attempts/08/selection-predictions.csv,3047,6a13b0390617f310a4403381a0d9983af02fb7232d81872c0a76c13eb9e66216
runs/23/parent/attempts/08/stderr.txt,0,e3b0c44298fc1c149afbf4c8996fb92427ae41e4649b934ca495991b7852b855
runs/23/parent/attempts/08/stdout.txt,0,e3b0c44298fc1c149afbf4c8996fb92427ae41e4649b934ca495991b7852b855
runs/23/parent/attempts/08/train-predictions.csv,8052,8a018ada1faf045a4d6b7a2c98a571e0117bea4aa4e9c6db8aaf566796d59383
runs/23/parent/attempts/09/ADMITTED.md,126,b0d1e6814a9983bc6af244c617d3e010ea26956e4953ee7a5d4e50c198ba28d8
runs/23/parent/attempts/09/builder/candidate.py,145,7429b51f08095ce499e26c5bff7f4256901a79c63b8f34d0d2f4fca4c92fae64
runs/23/parent/attempts/09/builder/parent_engine.py,3361,90e61cc1b2e54aaf54d7d9b48a44cd896de52e4f9d6c13ca7035d6bbebf86dc0
runs/23/parent/attempts/09/builder/refinement_engine.py,5012,e905a209037c84cf1803ea9c9f37f21314305f3b578a6b6c78db3ba51a677670
runs/23/parent/attempts/09/builder/revision_one_engine.py,2312,fe3e19c461ba778f21015f8fa96ed8546fa7fd5d0e93b370ac5d4823185d9571
runs/23/parent/attempts/09/builder/revision_two_engine.py,3988,77d1ba8920eb83f2a245cba587fc166dfe138deb92b452db2e6a1907fac910b6
runs/23/parent/attempts/09/builder/study_engine.py,2212,6085cc647f0b21b56d32d68025fbc49c3fabcfa0b9ce725f24573fb3b063711b
runs/23/parent/attempts/09/BUILDER-FREEZE.csv,557,af7bd75bb45015e32064ed572d0f9cf5490b27e00ce732e3efe16208dbd16eb0
runs/23/parent/attempts/09/INHERITANCE.csv,788,a9c18c3c7e8cc26072d9f5a09e0cb49afb71457f4f12fd46be5751e99511dedc
runs/23/parent/attempts/09/METRICS.csv,187,b6c3301e5466e2f42828eb58971a5eed2d78f387b2a940574247cfaf41b29afa
runs/23/parent/attempts/09/PARENT-CANDIDATE.py,145,27d1a072e585c314d242425e3916152e1d5bc9acc0dda7b40e67395c1b8f1902
runs/23/parent/attempts/09/PROPOSAL.csv,104,84051ff12e294c9a1206e87afaa9634564916d6a5e27df5476f0cb1fbf74a8a7
runs/23/parent/attempts/09/selection-predictions.csv,3047,10d627ec2436a6fe64c2e9c47cd1dad3db8fbd64b31dab5aa1da183769f1a619
runs/23/parent/attempts/09/stderr.txt,0,e3b0c44298fc1c149afbf4c8996fb92427ae41e4649b934ca495991b7852b855
runs/23/parent/attempts/09/stdout.txt,0,e3b0c44298fc1c149afbf4c8996fb92427ae41e4649b934ca495991b7852b855
runs/23/parent/attempts/09/train-predictions.csv,8052,920c09d219e7f85b80ae30239bc97b8418bd2e108c481ae4e81878c222a5f356
runs/23/parent/attempts/10/ADMITTED.md,126,146af2d124ebeacc2e5de51761ee3acbf50c5b9921d01c8852a94556259ff690
runs/23/parent/attempts/10/builder/candidate.py,146,8f51c472408d70cd0681c628b38fbad63cd57c24b4b551c80d084583aa9d1dd7
runs/23/parent/attempts/10/builder/parent_engine.py,3361,90e61cc1b2e54aaf54d7d9b48a44cd896de52e4f9d6c13ca7035d6bbebf86dc0
runs/23/parent/attempts/10/builder/refinement_engine.py,5012,e905a209037c84cf1803ea9c9f37f21314305f3b578a6b6c78db3ba51a677670
runs/23/parent/attempts/10/builder/revision_one_engine.py,2312,fe3e19c461ba778f21015f8fa96ed8546fa7fd5d0e93b370ac5d4823185d9571
runs/23/parent/attempts/10/builder/revision_two_engine.py,3988,77d1ba8920eb83f2a245cba587fc166dfe138deb92b452db2e6a1907fac910b6
runs/23/parent/attempts/10/builder/study_engine.py,2212,6085cc647f0b21b56d32d68025fbc49c3fabcfa0b9ce725f24573fb3b063711b
runs/23/parent/attempts/10/BUILDER-FREEZE.csv,557,0007e1a572c3a266ca55dda422f8196032d97a7041ed9daa63e9c64fb7b11e2b
runs/23/parent/attempts/10/INHERITANCE.csv,788,a9c18c3c7e8cc26072d9f5a09e0cb49afb71457f4f12fd46be5751e99511dedc
runs/23/parent/attempts/10/METRICS.csv,186,7f0b3dad56584963011ae17d93d17131355e03b78ed162516a85f3787eb42e26
runs/23/parent/attempts/10/PARENT-CANDIDATE.py,145,7429b51f08095ce499e26c5bff7f4256901a79c63b8f34d0d2f4fca4c92fae64
runs/23/parent/attempts/10/PROPOSAL.csv,107,fcdf75aa1b5daf819da02f5c214e704b322b146bbdc75921247a11903501382c
runs/23/parent/attempts/10/selection-predictions.csv,3047,eb289bee2118fe92f42c065d20423493964b4359691f3af0edbd58949cdd4a54
runs/23/parent/attempts/10/stderr.txt,0,e3b0c44298fc1c149afbf4c8996fb92427ae41e4649b934ca495991b7852b855
runs/23/parent/attempts/10/stdout.txt,0,e3b0c44298fc1c149afbf4c8996fb92427ae41e4649b934ca495991b7852b855
runs/23/parent/attempts/10/train-predictions.csv,8052,6089c1a1defd3a821084b484a7b3a4c6065bec7a76b6d5515473bc8bd6d1984d
runs/23/parent/attempts/11/ADMITTED.md,126,1f18dd3eb3f33963feaf2b3964ebb2b4a00daaf3c1900f5aefd1aa435c610152
runs/23/parent/attempts/11/builder/candidate.py,147,552fb9b6881cd87368dda8c78f212d60dcae346f4a73607d5a73c076503a2c6b
runs/23/parent/attempts/11/builder/parent_engine.py,3361,90e61cc1b2e54aaf54d7d9b48a44cd896de52e4f9d6c13ca7035d6bbebf86dc0
runs/23/parent/attempts/11/builder/refinement_engine.py,5012,e905a209037c84cf1803ea9c9f37f21314305f3b578a6b6c78db3ba51a677670
runs/23/parent/attempts/11/builder/revision_one_engine.py,2312,fe3e19c461ba778f21015f8fa96ed8546fa7fd5d0e93b370ac5d4823185d9571
runs/23/parent/attempts/11/builder/revision_two_engine.py,3988,77d1ba8920eb83f2a245cba587fc166dfe138deb92b452db2e6a1907fac910b6
runs/23/parent/attempts/11/builder/study_engine.py,2212,6085cc647f0b21b56d32d68025fbc49c3fabcfa0b9ce725f24573fb3b063711b
runs/23/parent/attempts/11/BUILDER-FREEZE.csv,557,67a9316ebcd1f3b6ea4aa4ac704d7b7170b64820d77cea74a7e77baae0144149
runs/23/parent/attempts/11/INHERITANCE.csv,788,a9c18c3c7e8cc26072d9f5a09e0cb49afb71457f4f12fd46be5751e99511dedc
runs/23/parent/attempts/11/METRICS.csv,191,cf7c25d42e066f237f55c66dbbee714856605899b50b2f17395247bec784407b
runs/23/parent/attempts/11/PARENT-CANDIDATE.py,145,7429b51f08095ce499e26c5bff7f4256901a79c63b8f34d0d2f4fca4c92fae64
runs/23/parent/attempts/11/PROPOSAL.csv,108,dec4d9fec7544e8090aee78253aee01bea1174b644d80a59f572e78cc9273098
runs/23/parent/attempts/11/selection-predictions.csv,3047,459b781f5f41f09fc5393786ef2bff68257755284d72ab10be376269214c97c8
runs/23/parent/attempts/11/stderr.txt,0,e3b0c44298fc1c149afbf4c8996fb92427ae41e4649b934ca495991b7852b855
runs/23/parent/attempts/11/stdout.txt,0,e3b0c44298fc1c149afbf4c8996fb92427ae41e4649b934ca495991b7852b855
runs/23/parent/attempts/11/train-predictions.csv,8052,1264525bc9ac78d0cf17cbbd39d18d56e0f3d2c7728aacf4e50d6801ad0510f2
runs/23/parent/attempts/12/ADMITTED.md,126,a12ebdbe6d64942fe23a5ecfdd5642775476bb2c62d2f61f56f2ff4b055ab6fa
runs/23/parent/attempts/12/builder/candidate.py,145,e33a0e76ae23f1ff74a75b2c8df456ab6dc2552044fb4002ec0746f53436931b
runs/23/parent/attempts/12/builder/parent_engine.py,3361,90e61cc1b2e54aaf54d7d9b48a44cd896de52e4f9d6c13ca7035d6bbebf86dc0
runs/23/parent/attempts/12/builder/refinement_engine.py,5012,e905a209037c84cf1803ea9c9f37f21314305f3b578a6b6c78db3ba51a677670
runs/23/parent/attempts/12/builder/revision_one_engine.py,2312,fe3e19c461ba778f21015f8fa96ed8546fa7fd5d0e93b370ac5d4823185d9571
runs/23/parent/attempts/12/builder/revision_two_engine.py,3988,77d1ba8920eb83f2a245cba587fc166dfe138deb92b452db2e6a1907fac910b6
runs/23/parent/attempts/12/builder/study_engine.py,2212,6085cc647f0b21b56d32d68025fbc49c3fabcfa0b9ce725f24573fb3b063711b
runs/23/parent/attempts/12/BUILDER-FREEZE.csv,557,225a299fa8b43a6f6c5e70e9f3d35eee9e29890ef735e146f3f9b25261926692
runs/23/parent/attempts/12/INHERITANCE.csv,788,a9c18c3c7e8cc26072d9f5a09e0cb49afb71457f4f12fd46be5751e99511dedc
runs/23/parent/attempts/12/METRICS.csv,189,e7753cf5d565af02505aa93d34bd05f9ed0685a6f5842e671f59f931b72f9bd4
runs/23/parent/attempts/12/PARENT-CANDIDATE.py,145,7429b51f08095ce499e26c5bff7f4256901a79c63b8f34d0d2f4fca4c92fae64
runs/23/parent/attempts/12/PROPOSAL.csv,106,91c9b28800de75fa00b9ffd33cc956df5325079f16bbf1bb9f8b743356702ab3
runs/23/parent/attempts/12/selection-predictions.csv,3047,bb67f2624dca3efc50307db7cb235a2ffc7c45a384dd2589f16f273de9eb1390
runs/23/parent/attempts/12/stderr.txt,0,e3b0c44298fc1c149afbf4c8996fb92427ae41e4649b934ca495991b7852b855
runs/23/parent/attempts/12/stdout.txt,0,e3b0c44298fc1c149afbf4c8996fb92427ae41e4649b934ca495991b7852b855
runs/23/parent/attempts/12/train-predictions.csv,8052,a133be7f6badfcd38808e34cbc36c630feb5bd9e4df5885464cef90df74239a2
runs/23/parent/LEDGER.csv,4492,244039e7626d24412e2a255685d23ec4c7ba3dce2882c38bb88d87d951d95bb8
runs/23/parent/researcher.py,4647,e4a64b3a0fc7864bcb512185c4a1ccf81e27e29fd7afc4fc7ff7f526cf57d7d2
runs/31/i0/attempts/01/ADMITTED.md,126,de1c3e1b97fcaa6f80192ff6ba409422c2e8d83cba44c380cc7a3415e5c3ba8b
runs/31/i0/attempts/01/builder/candidate.py,146,cee7983f3d0ddd115d33a45f2830ad8b3d60bd191934fb2ad98a1d64046e661d
runs/31/i0/attempts/01/builder/parent_engine.py,3361,90e61cc1b2e54aaf54d7d9b48a44cd896de52e4f9d6c13ca7035d6bbebf86dc0
runs/31/i0/attempts/01/builder/refinement_engine.py,5012,e905a209037c84cf1803ea9c9f37f21314305f3b578a6b6c78db3ba51a677670
runs/31/i0/attempts/01/builder/revision_one_engine.py,2312,fe3e19c461ba778f21015f8fa96ed8546fa7fd5d0e93b370ac5d4823185d9571
runs/31/i0/attempts/01/builder/revision_two_engine.py,3988,77d1ba8920eb83f2a245cba587fc166dfe138deb92b452db2e6a1907fac910b6
runs/31/i0/attempts/01/builder/study_engine.py,2212,6085cc647f0b21b56d32d68025fbc49c3fabcfa0b9ce725f24573fb3b063711b
runs/31/i0/attempts/01/BUILDER-FREEZE.csv,557,4f3ff64319709f1388dd6599df2ec83e44527b0b9194dced102558701b15b3eb
runs/31/i0/attempts/01/INHERITANCE.csv,788,a9c18c3c7e8cc26072d9f5a09e0cb49afb71457f4f12fd46be5751e99511dedc
runs/31/i0/attempts/01/METRICS.csv,190,5329184eab497a58d067e9ec440f1ef686e62d3069866855012f24822995095b
runs/31/i0/attempts/01/PROPOSAL.csv,96,bb4b8c790eeb760894badcbfb645578587db55c9d5e7104eb9be505227e1eb82
runs/31/i0/attempts/01/selection-predictions.csv,2790,30b708234960b3c62680183b31209facf69966a2a8cd45ea166c99e52579a6c8
runs/31/i0/attempts/01/stderr.txt,0,e3b0c44298fc1c149afbf4c8996fb92427ae41e4649b934ca495991b7852b855
runs/31/i0/attempts/01/stdout.txt,0,e3b0c44298fc1c149afbf4c8996fb92427ae41e4649b934ca495991b7852b855
runs/31/i0/attempts/01/train-predictions.csv,8606,93d1f534e1ef3f4e01769b6e6f287855c004ec149aac64c8908e2e204a4e33ad
runs/31/i0/attempts/02/ADMITTED.md,126,b4df497e8ddc8e3b6dfe4a259ae8b62e3979df4d694dddff55d58d46e8845a39
runs/31/i0/attempts/02/builder/candidate.py,151,fe9f52aac6fae812ea74bfe6725897abb4cf9f7a3df60d58683d0107f65b1d3b
runs/31/i0/attempts/02/builder/parent_engine.py,3361,90e61cc1b2e54aaf54d7d9b48a44cd896de52e4f9d6c13ca7035d6bbebf86dc0
runs/31/i0/attempts/02/builder/refinement_engine.py,5012,e905a209037c84cf1803ea9c9f37f21314305f3b578a6b6c78db3ba51a677670
runs/31/i0/attempts/02/builder/revision_one_engine.py,2312,fe3e19c461ba778f21015f8fa96ed8546fa7fd5d0e93b370ac5d4823185d9571
runs/31/i0/attempts/02/builder/revision_two_engine.py,3988,77d1ba8920eb83f2a245cba587fc166dfe138deb92b452db2e6a1907fac910b6
runs/31/i0/attempts/02/builder/study_engine.py,2212,6085cc647f0b21b56d32d68025fbc49c3fabcfa0b9ce725f24573fb3b063711b
runs/31/i0/attempts/02/BUILDER-FREEZE.csv,557,9d7f8a8d204fe4869e132ce052e84f4734e5f8f80a8087236cc2e6a9e9d23f4e
runs/31/i0/attempts/02/INHERITANCE.csv,788,a9c18c3c7e8cc26072d9f5a09e0cb49afb71457f4f12fd46be5751e99511dedc
runs/31/i0/attempts/02/METRICS.csv,158,b194bca506d7743ca5d11f638673f209bef020f083497bf0c4c7560fe19052e7
runs/31/i0/attempts/02/PROPOSAL.csv,101,659fbe76bbca0f481a2097af4fea8661fa8ecb1f5257ab6da7b1a46f5ed3f8e3
runs/31/i0/attempts/02/selection-predictions.csv,2836,d6c8857cdfd0127d09fe2e576097811b850594d77f8e19200b1258a68f34e580
runs/31/i0/attempts/02/stderr.txt,0,e3b0c44298fc1c149afbf4c8996fb92427ae41e4649b934ca495991b7852b855
runs/31/i0/attempts/02/stdout.txt,0,e3b0c44298fc1c149afbf4c8996fb92427ae41e4649b934ca495991b7852b855
runs/31/i0/attempts/02/train-predictions.csv,8670,a755ee9447feec9c14bab56140e24f3e51c29429af24442d2ae3e83b3bc62cdf
runs/31/i0/attempts/03/ADMITTED.md,126,600c94d85f334ddb057e4f67a041cb081780c73b0b5161b1a5e73cd564ddbea5
runs/31/i0/attempts/03/builder/candidate.py,145,27d1a072e585c314d242425e3916152e1d5bc9acc0dda7b40e67395c1b8f1902
runs/31/i0/attempts/03/builder/parent_engine.py,3361,90e61cc1b2e54aaf54d7d9b48a44cd896de52e4f9d6c13ca7035d6bbebf86dc0
runs/31/i0/attempts/03/builder/refinement_engine.py,5012,e905a209037c84cf1803ea9c9f37f21314305f3b578a6b6c78db3ba51a677670
runs/31/i0/attempts/03/builder/revision_one_engine.py,2312,fe3e19c461ba778f21015f8fa96ed8546fa7fd5d0e93b370ac5d4823185d9571
runs/31/i0/attempts/03/builder/revision_two_engine.py,3988,77d1ba8920eb83f2a245cba587fc166dfe138deb92b452db2e6a1907fac910b6
runs/31/i0/attempts/03/builder/study_engine.py,2212,6085cc647f0b21b56d32d68025fbc49c3fabcfa0b9ce725f24573fb3b063711b
runs/31/i0/attempts/03/BUILDER-FREEZE.csv,557,c9446868cc86fde9fff8c40aea9335b1ba98c83a1a4bfe898dbc8944daa1ed39
runs/31/i0/attempts/03/INHERITANCE.csv,788,a9c18c3c7e8cc26072d9f5a09e0cb49afb71457f4f12fd46be5751e99511dedc
runs/31/i0/attempts/03/METRICS.csv,191,e0ffccd5dafafccdd797dfbc3261304f2b2cbbdd1ac74b9b32ce1a018e0e82c1
runs/31/i0/attempts/03/PROPOSAL.csv,95,457846ceca505b3d3a5f1f4313f14145cdea5dbf126067fb74daaae9d34f287b
runs/31/i0/attempts/03/selection-predictions.csv,2796,83fb2d69ae62e42715a0efe3b2d48e1c3e01a759599db6052aca04c5fe671f41
runs/31/i0/attempts/03/stderr.txt,0,e3b0c44298fc1c149afbf4c8996fb92427ae41e4649b934ca495991b7852b855
runs/31/i0/attempts/03/stdout.txt,0,e3b0c44298fc1c149afbf4c8996fb92427ae41e4649b934ca495991b7852b855
runs/31/i0/attempts/03/train-predictions.csv,8625,322ac2f7c9d7f8d781c705e5f6273b5dd8430b75ab5a6872adef306fc8984e5b
runs/31/i0/attempts/04/ADMITTED.md,126,d48a757233150a9c51b4f7fa6d2c433402dc9009017efe9186bdd0bb4204aa26
runs/31/i0/attempts/04/builder/candidate.py,150,c57445ba4248176a610264d02f47077484c9b2db467b3617b7e6c2d09fac91b3
runs/31/i0/attempts/04/builder/parent_engine.py,3361,90e61cc1b2e54aaf54d7d9b48a44cd896de52e4f9d6c13ca7035d6bbebf86dc0
runs/31/i0/attempts/04/builder/refinement_engine.py,5012,e905a209037c84cf1803ea9c9f37f21314305f3b578a6b6c78db3ba51a677670
runs/31/i0/attempts/04/builder/revision_one_engine.py,2312,fe3e19c461ba778f21015f8fa96ed8546fa7fd5d0e93b370ac5d4823185d9571
runs/31/i0/attempts/04/builder/revision_two_engine.py,3988,77d1ba8920eb83f2a245cba587fc166dfe138deb92b452db2e6a1907fac910b6
runs/31/i0/attempts/04/builder/study_engine.py,2212,6085cc647f0b21b56d32d68025fbc49c3fabcfa0b9ce725f24573fb3b063711b
runs/31/i0/attempts/04/BUILDER-FREEZE.csv,557,5615280c1139a77d21579bdb2f7de854f39db3e2c1d248783c10fe42a71c17bd
runs/31/i0/attempts/04/INHERITANCE.csv,788,a9c18c3c7e8cc26072d9f5a09e0cb49afb71457f4f12fd46be5751e99511dedc
runs/31/i0/attempts/04/METRICS.csv,157,a39dfdade9be0a97c0e9a29d693b2ca2fafa2a6b84e6d6457309d3cf35ab622d
runs/31/i0/attempts/04/PROPOSAL.csv,100,bb3e9b645987473e8958f2c51d0f4ce6bde9d5d2cda7739d4e6a39a851ee5bad
runs/31/i0/attempts/04/selection-predictions.csv,2819,6016835da6894f1926a5635616263cc0f5f93af49cad6c5251202f5e07a39d17
runs/31/i0/attempts/04/stderr.txt,0,e3b0c44298fc1c149afbf4c8996fb92427ae41e4649b934ca495991b7852b855
runs/31/i0/attempts/04/stdout.txt,0,e3b0c44298fc1c149afbf4c8996fb92427ae41e4649b934ca495991b7852b855
runs/31/i0/attempts/04/train-predictions.csv,8670,a755ee9447feec9c14bab56140e24f3e51c29429af24442d2ae3e83b3bc62cdf
runs/31/i0/attempts/05/ADMITTED.md,126,25d5024dcbf04e03462617298305a95cce03c87e4dcf7a15a341047cbae782f4
runs/31/i0/attempts/05/builder/candidate.py,153,0918ad65acc5281163c013cc98a4838d8a582c04ef2b144849472fa5bfbd8361
runs/31/i0/attempts/05/builder/parent_engine.py,3361,90e61cc1b2e54aaf54d7d9b48a44cd896de52e4f9d6c13ca7035d6bbebf86dc0
runs/31/i0/attempts/05/builder/refinement_engine.py,5012,e905a209037c84cf1803ea9c9f37f21314305f3b578a6b6c78db3ba51a677670
runs/31/i0/attempts/05/builder/revision_one_engine.py,2312,fe3e19c461ba778f21015f8fa96ed8546fa7fd5d0e93b370ac5d4823185d9571
runs/31/i0/attempts/05/builder/revision_two_engine.py,3988,77d1ba8920eb83f2a245cba587fc166dfe138deb92b452db2e6a1907fac910b6
runs/31/i0/attempts/05/builder/study_engine.py,2212,6085cc647f0b21b56d32d68025fbc49c3fabcfa0b9ce725f24573fb3b063711b
runs/31/i0/attempts/05/BUILDER-FREEZE.csv,557,f5d52910ea18489e8e7d856d199e3510e42f243010677cf2d4e24bf7d7351139
runs/31/i0/attempts/05/INHERITANCE.csv,788,a9c18c3c7e8cc26072d9f5a09e0cb49afb71457f4f12fd46be5751e99511dedc
runs/31/i0/attempts/05/METRICS.csv,157,539be746ec18e1e3346e2628e48183d4f8f914cd6d8730dd788b8ecad66aace8
runs/31/i0/attempts/05/PROPOSAL.csv,103,e79c884a02239f4961fac2ff2d04dbd8df9a7c06b207f51f49be40813a90807a
runs/31/i0/attempts/05/selection-predictions.csv,2840,ffbb0563d3472b10cd7be04a3855c10bba136251044a487b8814bae5ea61a23c
runs/31/i0/attempts/05/stderr.txt,0,e3b0c44298fc1c149afbf4c8996fb92427ae41e4649b934ca495991b7852b855
runs/31/i0/attempts/05/stdout.txt,0,e3b0c44298fc1c149afbf4c8996fb92427ae41e4649b934ca495991b7852b855
runs/31/i0/attempts/05/train-predictions.csv,8670,a755ee9447feec9c14bab56140e24f3e51c29429af24442d2ae3e83b3bc62cdf
runs/31/i0/attempts/06/ADMITTED.md,126,83bfd8817521d58979c2f6721fb11a3890b090db815d2173324ed3f17b1f80e1
runs/31/i0/attempts/06/builder/candidate.py,146,99666013fed9dfb0cb3c8aefeb0ff36ea73030482a9d8666d270a500e98c3cc7
runs/31/i0/attempts/06/builder/parent_engine.py,3361,90e61cc1b2e54aaf54d7d9b48a44cd896de52e4f9d6c13ca7035d6bbebf86dc0
runs/31/i0/attempts/06/builder/refinement_engine.py,5012,e905a209037c84cf1803ea9c9f37f21314305f3b578a6b6c78db3ba51a677670
runs/31/i0/attempts/06/builder/revision_one_engine.py,2312,fe3e19c461ba778f21015f8fa96ed8546fa7fd5d0e93b370ac5d4823185d9571
runs/31/i0/attempts/06/builder/revision_two_engine.py,3988,77d1ba8920eb83f2a245cba587fc166dfe138deb92b452db2e6a1907fac910b6
runs/31/i0/attempts/06/builder/study_engine.py,2212,6085cc647f0b21b56d32d68025fbc49c3fabcfa0b9ce725f24573fb3b063711b
runs/31/i0/attempts/06/BUILDER-FREEZE.csv,557,92a55479c4f92a7ca4124cda1e1bc5f53f071d2a2a392d886b09434eedc716b7
runs/31/i0/attempts/06/INHERITANCE.csv,788,a9c18c3c7e8cc26072d9f5a09e0cb49afb71457f4f12fd46be5751e99511dedc
runs/31/i0/attempts/06/METRICS.csv,191,9d1ba76cf47e777f9442881b5def1cd1662771787e15740d26e7d5baf6d4f350
runs/31/i0/attempts/06/PROPOSAL.csv,96,bbdbaa696c4a703163403ceee3ab38db2ff7fbe95c44e3c5945d917e1426fe4e
runs/31/i0/attempts/06/selection-predictions.csv,2823,4e3be6a36b836f4747b84ec993dbadf8b6e81eb512b908d58e2d4c2855dc7f0b
runs/31/i0/attempts/06/stderr.txt,0,e3b0c44298fc1c149afbf4c8996fb92427ae41e4649b934ca495991b7852b855
runs/31/i0/attempts/06/stdout.txt,0,e3b0c44298fc1c149afbf4c8996fb92427ae41e4649b934ca495991b7852b855
runs/31/i0/attempts/06/train-predictions.csv,8669,7f48ab64eaaea06d228f3fb32c0b9fb3cc47230492e032be5dec9989fdc124bb
runs/31/i0/attempts/07/ADMITTED.md,126,61fca555f27ee100cb485cb024bba8140678d67be8e7262b60427d90c94df204
runs/31/i0/attempts/07/builder/candidate.py,151,c46021861851ef435427b9f0d4ad8644c28fd08fbc487b79e306da2db4e555cb
runs/31/i0/attempts/07/builder/parent_engine.py,3361,90e61cc1b2e54aaf54d7d9b48a44cd896de52e4f9d6c13ca7035d6bbebf86dc0
runs/31/i0/attempts/07/builder/refinement_engine.py,5012,e905a209037c84cf1803ea9c9f37f21314305f3b578a6b6c78db3ba51a677670
runs/31/i0/attempts/07/builder/revision_one_engine.py,2312,fe3e19c461ba778f21015f8fa96ed8546fa7fd5d0e93b370ac5d4823185d9571
runs/31/i0/attempts/07/builder/revision_two_engine.py,3988,77d1ba8920eb83f2a245cba587fc166dfe138deb92b452db2e6a1907fac910b6
runs/31/i0/attempts/07/builder/study_engine.py,2212,6085cc647f0b21b56d32d68025fbc49c3fabcfa0b9ce725f24573fb3b063711b
runs/31/i0/attempts/07/BUILDER-FREEZE.csv,557,53b8b44259500ba8ee9f70e7fae3ff0ceee64b54fd3ea6e26ddaff082bed63d6
runs/31/i0/attempts/07/INHERITANCE.csv,788,a9c18c3c7e8cc26072d9f5a09e0cb49afb71457f4f12fd46be5751e99511dedc
runs/31/i0/attempts/07/METRICS.csv,159,8553a66c7847b01e8d69a4af9489a596315889b76005a298cc10e3b190a1566d
runs/31/i0/attempts/07/PROPOSAL.csv,101,e137c39c73d31b92ba300b3815a42cc376b8965f284d011c3d99f8b43d76e040
runs/31/i0/attempts/07/selection-predictions.csv,2842,b9ed52e56e2c5ae9f1cf7d53e955bf75748012125bb3380c582c6a403852392a
runs/31/i0/attempts/07/stderr.txt,0,e3b0c44298fc1c149afbf4c8996fb92427ae41e4649b934ca495991b7852b855
runs/31/i0/attempts/07/stdout.txt,0,e3b0c44298fc1c149afbf4c8996fb92427ae41e4649b934ca495991b7852b855
runs/31/i0/attempts/07/train-predictions.csv,8670,a755ee9447feec9c14bab56140e24f3e51c29429af24442d2ae3e83b3bc62cdf
runs/31/i0/attempts/08/ADMITTED.md,126,4f8fd6330cc74ffbeb12c427945352854bd5fa933383946e2d9bdd6eb4cb5b46
runs/31/i0/attempts/08/builder/candidate.py,152,4e281f1bee2f157de5bffb1f9b2851a0e09daa407da8d0729ff89cf93592a3a4
runs/31/i0/attempts/08/builder/parent_engine.py,3361,90e61cc1b2e54aaf54d7d9b48a44cd896de52e4f9d6c13ca7035d6bbebf86dc0
runs/31/i0/attempts/08/builder/refinement_engine.py,5012,e905a209037c84cf1803ea9c9f37f21314305f3b578a6b6c78db3ba51a677670
runs/31/i0/attempts/08/builder/revision_one_engine.py,2312,fe3e19c461ba778f21015f8fa96ed8546fa7fd5d0e93b370ac5d4823185d9571
runs/31/i0/attempts/08/builder/revision_two_engine.py,3988,77d1ba8920eb83f2a245cba587fc166dfe138deb92b452db2e6a1907fac910b6
runs/31/i0/attempts/08/builder/study_engine.py,2212,6085cc647f0b21b56d32d68025fbc49c3fabcfa0b9ce725f24573fb3b063711b
runs/31/i0/attempts/08/BUILDER-FREEZE.csv,557,224d9043d28d629d1acfde4fe4194e82c653d4d1c00d771a7f8d1c528b605f92
runs/31/i0/attempts/08/INHERITANCE.csv,788,a9c18c3c7e8cc26072d9f5a09e0cb49afb71457f4f12fd46be5751e99511dedc
runs/31/i0/attempts/08/METRICS.csv,159,277ac227447b07745d773a927dfc28aae662ead75b6fe8e17ef06a910ae42997
runs/31/i0/attempts/08/PROPOSAL.csv,102,a048d1c3b5e3402df5d985ba42524d974665969b68d3880dd984011e8f00e3a9
runs/31/i0/attempts/08/selection-predictions.csv,2857,480b56dda91a4a227b2aa12c62107e10db5b75888206fe0319e8cc9b16a731c5
runs/31/i0/attempts/08/stderr.txt,0,e3b0c44298fc1c149afbf4c8996fb92427ae41e4649b934ca495991b7852b855
runs/31/i0/attempts/08/stdout.txt,0,e3b0c44298fc1c149afbf4c8996fb92427ae41e4649b934ca495991b7852b855
runs/31/i0/attempts/08/train-predictions.csv,8670,a755ee9447feec9c14bab56140e24f3e51c29429af24442d2ae3e83b3bc62cdf
runs/31/i0/attempts/09/ADMITTED.md,126,2c6f9f0b3d40c3bb2ffab15fe5a5677d884e364350048c49c1020cf9ceb1718d
runs/31/i0/attempts/09/builder/candidate.py,146,4cde06fba2cf9f69aa562bf6c78bfbf53b787ee9161d9d26e6a80c99cc096734
runs/31/i0/attempts/09/builder/parent_engine.py,3361,90e61cc1b2e54aaf54d7d9b48a44cd896de52e4f9d6c13ca7035d6bbebf86dc0
runs/31/i0/attempts/09/builder/refinement_engine.py,5012,e905a209037c84cf1803ea9c9f37f21314305f3b578a6b6c78db3ba51a677670
runs/31/i0/attempts/09/builder/revision_one_engine.py,2312,fe3e19c461ba778f21015f8fa96ed8546fa7fd5d0e93b370ac5d4823185d9571
runs/31/i0/attempts/09/builder/revision_two_engine.py,3988,77d1ba8920eb83f2a245cba587fc166dfe138deb92b452db2e6a1907fac910b6
runs/31/i0/attempts/09/builder/study_engine.py,2212,6085cc647f0b21b56d32d68025fbc49c3fabcfa0b9ce725f24573fb3b063711b
runs/31/i0/attempts/09/BUILDER-FREEZE.csv,557,d53907897191b8ebc6e59f7394f41b4f0f5a3b5af53798ca181a5459a63c0746
runs/31/i0/attempts/09/INHERITANCE.csv,788,a9c18c3c7e8cc26072d9f5a09e0cb49afb71457f4f12fd46be5751e99511dedc
runs/31/i0/attempts/09/METRICS.csv,190,fe4c4f03433cf11dbab46b1c1f6603857fbdf23a07bbfa74488bf7cd8371eca5
runs/31/i0/attempts/09/PARENT-CANDIDATE.py,146,cee7983f3d0ddd115d33a45f2830ad8b3d60bd191934fb2ad98a1d64046e661d
runs/31/i0/attempts/09/PROPOSAL.csv,106,d77a442797c2fc6e7eded4bb223509d9071807e8fcffda36cc9441717281274f
runs/31/i0/attempts/09/selection-predictions.csv,2793,31bae3ebc9d99fd9a195bdecaac69e84fedb0b074c9f10365dc5d7bfba77a042
runs/31/i0/attempts/09/stderr.txt,0,e3b0c44298fc1c149afbf4c8996fb92427ae41e4649b934ca495991b7852b855
runs/31/i0/attempts/09/stdout.txt,0,e3b0c44298fc1c149afbf4c8996fb92427ae41e4649b934ca495991b7852b855
runs/31/i0/attempts/09/train-predictions.csv,8606,fbe228784c5cdb27eb545cb799b5342e4cc6585dd00b4cbccc3962a9812acd64
runs/31/i0/attempts/10/ADMITTED.md,126,ccbd0f74f61c05d992cded6257f06a0273163d66ebcd62734be3b75cfc1b3092
runs/31/i0/attempts/10/builder/candidate.py,146,ed3dac5c3ea70c0f016a1aeb16601690fc8ae07c5d331d9efb9d7d33790bf3d6
runs/31/i0/attempts/10/builder/parent_engine.py,3361,90e61cc1b2e54aaf54d7d9b48a44cd896de52e4f9d6c13ca7035d6bbebf86dc0
runs/31/i0/attempts/10/builder/refinement_engine.py,5012,e905a209037c84cf1803ea9c9f37f21314305f3b578a6b6c78db3ba51a677670
runs/31/i0/attempts/10/builder/revision_one_engine.py,2312,fe3e19c461ba778f21015f8fa96ed8546fa7fd5d0e93b370ac5d4823185d9571
runs/31/i0/attempts/10/builder/revision_two_engine.py,3988,77d1ba8920eb83f2a245cba587fc166dfe138deb92b452db2e6a1907fac910b6
runs/31/i0/attempts/10/builder/study_engine.py,2212,6085cc647f0b21b56d32d68025fbc49c3fabcfa0b9ce725f24573fb3b063711b
runs/31/i0/attempts/10/BUILDER-FREEZE.csv,557,4f57febc4da0f07c1c4e2316105c23b0df4849508c0400ddcf08bd8bb6d5d14a
runs/31/i0/attempts/10/INHERITANCE.csv,788,a9c18c3c7e8cc26072d9f5a09e0cb49afb71457f4f12fd46be5751e99511dedc
runs/31/i0/attempts/10/METRICS.csv,188,0a6396672f4a1fdc9300fc820fde8d47152668c534e67d0fde85b5cf8fdffe6d
runs/31/i0/attempts/10/PARENT-CANDIDATE.py,146,cee7983f3d0ddd115d33a45f2830ad8b3d60bd191934fb2ad98a1d64046e661d
runs/31/i0/attempts/10/PROPOSAL.csv,107,0c39337ab22c10e18da5e708bdce36cafdc1159fb57f2922ee2dbd583ba4320f
runs/31/i0/attempts/10/selection-predictions.csv,2790,30b708234960b3c62680183b31209facf69966a2a8cd45ea166c99e52579a6c8
runs/31/i0/attempts/10/stderr.txt,0,e3b0c44298fc1c149afbf4c8996fb92427ae41e4649b934ca495991b7852b855
runs/31/i0/attempts/10/stdout.txt,0,e3b0c44298fc1c149afbf4c8996fb92427ae41e4649b934ca495991b7852b855
runs/31/i0/attempts/10/train-predictions.csv,8606,3e97251fb8ff8ac398467eccb4345d4099b4a68382b1838823bf3582218ff446
runs/31/i0/attempts/11/ADMITTED.md,126,21e17618b94af75ed7deed791d87a08bef150e4a04122f8c0c2efd678ddef64a
runs/31/i0/attempts/11/builder/candidate.py,147,26bc16226d6b4355275dba6300c3c9bbb20a31d108492b69bb7f870669d94eab
runs/31/i0/attempts/11/builder/parent_engine.py,3361,90e61cc1b2e54aaf54d7d9b48a44cd896de52e4f9d6c13ca7035d6bbebf86dc0
runs/31/i0/attempts/11/builder/refinement_engine.py,5012,e905a209037c84cf1803ea9c9f37f21314305f3b578a6b6c78db3ba51a677670
runs/31/i0/attempts/11/builder/revision_one_engine.py,2312,fe3e19c461ba778f21015f8fa96ed8546fa7fd5d0e93b370ac5d4823185d9571
runs/31/i0/attempts/11/builder/revision_two_engine.py,3988,77d1ba8920eb83f2a245cba587fc166dfe138deb92b452db2e6a1907fac910b6
runs/31/i0/attempts/11/builder/study_engine.py,2212,6085cc647f0b21b56d32d68025fbc49c3fabcfa0b9ce725f24573fb3b063711b
runs/31/i0/attempts/11/BUILDER-FREEZE.csv,557,de8b27656f97e14d31842d2da2c7acdf565b1efa1cf765d44aaa0ff5fdda9346
runs/31/i0/attempts/11/INHERITANCE.csv,788,a9c18c3c7e8cc26072d9f5a09e0cb49afb71457f4f12fd46be5751e99511dedc
runs/31/i0/attempts/11/METRICS.csv,189,1013dd02f753ec3e5c49b6747e0056d900f290c74b1473b9567fe3a2d9b6adb0
runs/31/i0/attempts/11/PARENT-CANDIDATE.py,146,cee7983f3d0ddd115d33a45f2830ad8b3d60bd191934fb2ad98a1d64046e661d
runs/31/i0/attempts/11/PROPOSAL.csv,108,4aafb4b34673b976999a0a646c5f9e4f0bed9e2ffb0f2cd2d08455058f04fdc5
runs/31/i0/attempts/11/selection-predictions.csv,2791,1fe53acccc9b3d18c11a7400bbbad774d4b73286d9e1e1eea99cb956944e7c0f
runs/31/i0/attempts/11/stderr.txt,0,e3b0c44298fc1c149afbf4c8996fb92427ae41e4649b934ca495991b7852b855
runs/31/i0/attempts/11/stdout.txt,0,e3b0c44298fc1c149afbf4c8996fb92427ae41e4649b934ca495991b7852b855
runs/31/i0/attempts/11/train-predictions.csv,8602,82c4791c4f4f464b97066d46159c279e88efeeeec84e9f313e83ece3aa2a9124
runs/31/i0/attempts/12/ADMITTED.md,126,0332480365447085c79c254fea0e51d5861981882297fce35ddf31f322c1001d
runs/31/i0/attempts/12/builder/candidate.py,149,efc274660ee82ac68806cf49517c5b549cbfa3b9de4c46d85ff98273ffecd3b6
runs/31/i0/attempts/12/builder/parent_engine.py,3361,90e61cc1b2e54aaf54d7d9b48a44cd896de52e4f9d6c13ca7035d6bbebf86dc0
runs/31/i0/attempts/12/builder/refinement_engine.py,5012,e905a209037c84cf1803ea9c9f37f21314305f3b578a6b6c78db3ba51a677670
runs/31/i0/attempts/12/builder/revision_one_engine.py,2312,fe3e19c461ba778f21015f8fa96ed8546fa7fd5d0e93b370ac5d4823185d9571
runs/31/i0/attempts/12/builder/revision_two_engine.py,3988,77d1ba8920eb83f2a245cba587fc166dfe138deb92b452db2e6a1907fac910b6
runs/31/i0/attempts/12/builder/study_engine.py,2212,6085cc647f0b21b56d32d68025fbc49c3fabcfa0b9ce725f24573fb3b063711b
runs/31/i0/attempts/12/BUILDER-FREEZE.csv,557,0136f9083284c5731a4558a129b1a282e2cf5b8d1cca6774076bdf7be265fc46
runs/31/i0/attempts/12/INHERITANCE.csv,788,a9c18c3c7e8cc26072d9f5a09e0cb49afb71457f4f12fd46be5751e99511dedc
runs/31/i0/attempts/12/METRICS.csv,188,f603a7514a69a83792f55923154e891ce925c4d405374b17f565c41c995a4cf3
runs/31/i0/attempts/12/PARENT-CANDIDATE.py,147,26bc16226d6b4355275dba6300c3c9bbb20a31d108492b69bb7f870669d94eab
runs/31/i0/attempts/12/PROPOSAL.csv,111,83cd8fd17fe4e9529fe4e58e72bd0bd77cd9a8f5684c51d47b74490791599dda
runs/31/i0/attempts/12/selection-predictions.csv,2790,51276c68deda5ae6cd4579fb2757bb73da1a52a8843d2a1bc4dd14c9b97bafbd
runs/31/i0/attempts/12/stderr.txt,0,e3b0c44298fc1c149afbf4c8996fb92427ae41e4649b934ca495991b7852b855
runs/31/i0/attempts/12/stdout.txt,0,e3b0c44298fc1c149afbf4c8996fb92427ae41e4649b934ca495991b7852b855
runs/31/i0/attempts/12/train-predictions.csv,8601,7b5de1b02af23f1c1e0a04c6b2f9e15dc44f0ddb98eebddb88204d43ab6ac7d7
runs/31/i0/LEDGER.csv,4384,40737e1c9d6022712d3ce4f3e82ab64f811d7b3513e16c6e23fc4f8c5bacb6c0
runs/31/i0/researcher.py,4647,c46276d2e2cb9e1df4c329b6c5517b13a9c3b7b4dd554ce367920986cb14f60f
runs/31/i1/attempts/01/ADMITTED.md,126,e44dad267fae8802522b234060be42a814318ec4d843754bb83420dec601158a
runs/31/i1/attempts/01/builder/candidate.py,146,cee7983f3d0ddd115d33a45f2830ad8b3d60bd191934fb2ad98a1d64046e661d
runs/31/i1/attempts/01/builder/parent_engine.py,3361,90e61cc1b2e54aaf54d7d9b48a44cd896de52e4f9d6c13ca7035d6bbebf86dc0
runs/31/i1/attempts/01/builder/refinement_engine.py,5012,e905a209037c84cf1803ea9c9f37f21314305f3b578a6b6c78db3ba51a677670
runs/31/i1/attempts/01/builder/revision_one_engine.py,2312,fe3e19c461ba778f21015f8fa96ed8546fa7fd5d0e93b370ac5d4823185d9571
runs/31/i1/attempts/01/builder/revision_two_engine.py,3988,77d1ba8920eb83f2a245cba587fc166dfe138deb92b452db2e6a1907fac910b6
runs/31/i1/attempts/01/builder/study_engine.py,2212,6085cc647f0b21b56d32d68025fbc49c3fabcfa0b9ce725f24573fb3b063711b
runs/31/i1/attempts/01/BUILDER-FREEZE.csv,557,4f3ff64319709f1388dd6599df2ec83e44527b0b9194dced102558701b15b3eb
runs/31/i1/attempts/01/INHERITANCE.csv,788,a9c18c3c7e8cc26072d9f5a09e0cb49afb71457f4f12fd46be5751e99511dedc
runs/31/i1/attempts/01/METRICS.csv,188,5110d7986d0a0140cf43c0f58f25eeb0eba29f24bdd4a75b85749c2fd0245ce3
runs/31/i1/attempts/01/PROPOSAL.csv,96,bb4b8c790eeb760894badcbfb645578587db55c9d5e7104eb9be505227e1eb82
runs/31/i1/attempts/01/selection-predictions.csv,2790,30b708234960b3c62680183b31209facf69966a2a8cd45ea166c99e52579a6c8
runs/31/i1/attempts/01/stderr.txt,0,e3b0c44298fc1c149afbf4c8996fb92427ae41e4649b934ca495991b7852b855
runs/31/i1/attempts/01/stdout.txt,0,e3b0c44298fc1c149afbf4c8996fb92427ae41e4649b934ca495991b7852b855
runs/31/i1/attempts/01/train-predictions.csv,8606,93d1f534e1ef3f4e01769b6e6f287855c004ec149aac64c8908e2e204a4e33ad
runs/31/i1/attempts/02/ADMITTED.md,126,7fe4ba7da323005155c7aabc2558ba439b29302eb290644d8ecf516076497217
runs/31/i1/attempts/02/builder/candidate.py,151,fe9f52aac6fae812ea74bfe6725897abb4cf9f7a3df60d58683d0107f65b1d3b
runs/31/i1/attempts/02/builder/parent_engine.py,3361,90e61cc1b2e54aaf54d7d9b48a44cd896de52e4f9d6c13ca7035d6bbebf86dc0
runs/31/i1/attempts/02/builder/refinement_engine.py,5012,e905a209037c84cf1803ea9c9f37f21314305f3b578a6b6c78db3ba51a677670
runs/31/i1/attempts/02/builder/revision_one_engine.py,2312,fe3e19c461ba778f21015f8fa96ed8546fa7fd5d0e93b370ac5d4823185d9571
runs/31/i1/attempts/02/builder/revision_two_engine.py,3988,77d1ba8920eb83f2a245cba587fc166dfe138deb92b452db2e6a1907fac910b6
runs/31/i1/attempts/02/builder/study_engine.py,2212,6085cc647f0b21b56d32d68025fbc49c3fabcfa0b9ce725f24573fb3b063711b
runs/31/i1/attempts/02/BUILDER-FREEZE.csv,557,9d7f8a8d204fe4869e132ce052e84f4734e5f8f80a8087236cc2e6a9e9d23f4e
runs/31/i1/attempts/02/INHERITANCE.csv,788,a9c18c3c7e8cc26072d9f5a09e0cb49afb71457f4f12fd46be5751e99511dedc
runs/31/i1/attempts/02/METRICS.csv,158,f6e3b4aa1bd16bce1bf13e18eb5810b3e010e7f9a9b93630039bdb8aa2c36e30
runs/31/i1/attempts/02/PROPOSAL.csv,101,659fbe76bbca0f481a2097af4fea8661fa8ecb1f5257ab6da7b1a46f5ed3f8e3
runs/31/i1/attempts/02/selection-predictions.csv,2836,d6c8857cdfd0127d09fe2e576097811b850594d77f8e19200b1258a68f34e580
runs/31/i1/attempts/02/stderr.txt,0,e3b0c44298fc1c149afbf4c8996fb92427ae41e4649b934ca495991b7852b855
runs/31/i1/attempts/02/stdout.txt,0,e3b0c44298fc1c149afbf4c8996fb92427ae41e4649b934ca495991b7852b855
runs/31/i1/attempts/02/train-predictions.csv,8670,a755ee9447feec9c14bab56140e24f3e51c29429af24442d2ae3e83b3bc62cdf
runs/31/i1/attempts/03/ADMITTED.md,126,5776b6f1064ae81687c98dceba6a3c9d00f20731f3492fe5b2232819984c54db
runs/31/i1/attempts/03/builder/candidate.py,145,27d1a072e585c314d242425e3916152e1d5bc9acc0dda7b40e67395c1b8f1902
runs/31/i1/attempts/03/builder/parent_engine.py,3361,90e61cc1b2e54aaf54d7d9b48a44cd896de52e4f9d6c13ca7035d6bbebf86dc0
runs/31/i1/attempts/03/builder/refinement_engine.py,5012,e905a209037c84cf1803ea9c9f37f21314305f3b578a6b6c78db3ba51a677670
runs/31/i1/attempts/03/builder/revision_one_engine.py,2312,fe3e19c461ba778f21015f8fa96ed8546fa7fd5d0e93b370ac5d4823185d9571
runs/31/i1/attempts/03/builder/revision_two_engine.py,3988,77d1ba8920eb83f2a245cba587fc166dfe138deb92b452db2e6a1907fac910b6
runs/31/i1/attempts/03/builder/study_engine.py,2212,6085cc647f0b21b56d32d68025fbc49c3fabcfa0b9ce725f24573fb3b063711b
runs/31/i1/attempts/03/BUILDER-FREEZE.csv,557,c9446868cc86fde9fff8c40aea9335b1ba98c83a1a4bfe898dbc8944daa1ed39
runs/31/i1/attempts/03/INHERITANCE.csv,788,a9c18c3c7e8cc26072d9f5a09e0cb49afb71457f4f12fd46be5751e99511dedc
runs/31/i1/attempts/03/METRICS.csv,191,566f2d3d0f1873323c284ff902a2faca01f51f3a315d8970eb68de399762fc80
runs/31/i1/attempts/03/PROPOSAL.csv,95,457846ceca505b3d3a5f1f4313f14145cdea5dbf126067fb74daaae9d34f287b
runs/31/i1/attempts/03/selection-predictions.csv,2796,83fb2d69ae62e42715a0efe3b2d48e1c3e01a759599db6052aca04c5fe671f41
runs/31/i1/attempts/03/stderr.txt,0,e3b0c44298fc1c149afbf4c8996fb92427ae41e4649b934ca495991b7852b855
runs/31/i1/attempts/03/stdout.txt,0,e3b0c44298fc1c149afbf4c8996fb92427ae41e4649b934ca495991b7852b855
runs/31/i1/attempts/03/train-predictions.csv,8625,322ac2f7c9d7f8d781c705e5f6273b5dd8430b75ab5a6872adef306fc8984e5b
runs/31/i1/attempts/04/ADMITTED.md,126,54d2c001a0c12910dbab9158b39cc235d3b4648cdf8e6bfde9b59743060754cd
runs/31/i1/attempts/04/builder/candidate.py,150,c57445ba4248176a610264d02f47077484c9b2db467b3617b7e6c2d09fac91b3
runs/31/i1/attempts/04/builder/parent_engine.py,3361,90e61cc1b2e54aaf54d7d9b48a44cd896de52e4f9d6c13ca7035d6bbebf86dc0
runs/31/i1/attempts/04/builder/refinement_engine.py,5012,e905a209037c84cf1803ea9c9f37f21314305f3b578a6b6c78db3ba51a677670
runs/31/i1/attempts/04/builder/revision_one_engine.py,2312,fe3e19c461ba778f21015f8fa96ed8546fa7fd5d0e93b370ac5d4823185d9571
runs/31/i1/attempts/04/builder/revision_two_engine.py,3988,77d1ba8920eb83f2a245cba587fc166dfe138deb92b452db2e6a1907fac910b6
runs/31/i1/attempts/04/builder/study_engine.py,2212,6085cc647f0b21b56d32d68025fbc49c3fabcfa0b9ce725f24573fb3b063711b
runs/31/i1/attempts/04/BUILDER-FREEZE.csv,557,5615280c1139a77d21579bdb2f7de854f39db3e2c1d248783c10fe42a71c17bd
runs/31/i1/attempts/04/INHERITANCE.csv,788,a9c18c3c7e8cc26072d9f5a09e0cb49afb71457f4f12fd46be5751e99511dedc
runs/31/i1/attempts/04/METRICS.csv,157,72c6ffabedfd0c2a89563f2d9c30c29f843e31c4c58d8d0937f00cceeb8898d8
runs/31/i1/attempts/04/PROPOSAL.csv,100,bb3e9b645987473e8958f2c51d0f4ce6bde9d5d2cda7739d4e6a39a851ee5bad
runs/31/i1/attempts/04/selection-predictions.csv,2819,6016835da6894f1926a5635616263cc0f5f93af49cad6c5251202f5e07a39d17
runs/31/i1/attempts/04/stderr.txt,0,e3b0c44298fc1c149afbf4c8996fb92427ae41e4649b934ca495991b7852b855
runs/31/i1/attempts/04/stdout.txt,0,e3b0c44298fc1c149afbf4c8996fb92427ae41e4649b934ca495991b7852b855
runs/31/i1/attempts/04/train-predictions.csv,8670,a755ee9447feec9c14bab56140e24f3e51c29429af24442d2ae3e83b3bc62cdf
runs/31/i1/attempts/05/ADMITTED.md,126,7755f91b72416dfe9e0f0adcf0fa9aada2ad9084cf4e1814ef5738c1a4202080
runs/31/i1/attempts/05/builder/candidate.py,153,0918ad65acc5281163c013cc98a4838d8a582c04ef2b144849472fa5bfbd8361
runs/31/i1/attempts/05/builder/parent_engine.py,3361,90e61cc1b2e54aaf54d7d9b48a44cd896de52e4f9d6c13ca7035d6bbebf86dc0
runs/31/i1/attempts/05/builder/refinement_engine.py,5012,e905a209037c84cf1803ea9c9f37f21314305f3b578a6b6c78db3ba51a677670
runs/31/i1/attempts/05/builder/revision_one_engine.py,2312,fe3e19c461ba778f21015f8fa96ed8546fa7fd5d0e93b370ac5d4823185d9571
runs/31/i1/attempts/05/builder/revision_two_engine.py,3988,77d1ba8920eb83f2a245cba587fc166dfe138deb92b452db2e6a1907fac910b6
runs/31/i1/attempts/05/builder/study_engine.py,2212,6085cc647f0b21b56d32d68025fbc49c3fabcfa0b9ce725f24573fb3b063711b
runs/31/i1/attempts/05/BUILDER-FREEZE.csv,557,f5d52910ea18489e8e7d856d199e3510e42f243010677cf2d4e24bf7d7351139
runs/31/i1/attempts/05/INHERITANCE.csv,788,a9c18c3c7e8cc26072d9f5a09e0cb49afb71457f4f12fd46be5751e99511dedc
runs/31/i1/attempts/05/METRICS.csv,157,1b628b12fc702c7e59bfabf1adabe2b0d983e111263738a3b2113bf92bd451ed
runs/31/i1/attempts/05/PROPOSAL.csv,103,e79c884a02239f4961fac2ff2d04dbd8df9a7c06b207f51f49be40813a90807a
runs/31/i1/attempts/05/selection-predictions.csv,2840,ffbb0563d3472b10cd7be04a3855c10bba136251044a487b8814bae5ea61a23c
runs/31/i1/attempts/05/stderr.txt,0,e3b0c44298fc1c149afbf4c8996fb92427ae41e4649b934ca495991b7852b855
runs/31/i1/attempts/05/stdout.txt,0,e3b0c44298fc1c149afbf4c8996fb92427ae41e4649b934ca495991b7852b855
runs/31/i1/attempts/05/train-predictions.csv,8670,a755ee9447feec9c14bab56140e24f3e51c29429af24442d2ae3e83b3bc62cdf
runs/31/i1/attempts/06/ADMITTED.md,126,07c06542265087aa71ff853eda475ad8332053660546f21b76da25e023dfaa54
runs/31/i1/attempts/06/builder/candidate.py,146,99666013fed9dfb0cb3c8aefeb0ff36ea73030482a9d8666d270a500e98c3cc7
runs/31/i1/attempts/06/builder/parent_engine.py,3361,90e61cc1b2e54aaf54d7d9b48a44cd896de52e4f9d6c13ca7035d6bbebf86dc0
runs/31/i1/attempts/06/builder/refinement_engine.py,5012,e905a209037c84cf1803ea9c9f37f21314305f3b578a6b6c78db3ba51a677670
runs/31/i1/attempts/06/builder/revision_one_engine.py,2312,fe3e19c461ba778f21015f8fa96ed8546fa7fd5d0e93b370ac5d4823185d9571
runs/31/i1/attempts/06/builder/revision_two_engine.py,3988,77d1ba8920eb83f2a245cba587fc166dfe138deb92b452db2e6a1907fac910b6
runs/31/i1/attempts/06/builder/study_engine.py,2212,6085cc647f0b21b56d32d68025fbc49c3fabcfa0b9ce725f24573fb3b063711b
runs/31/i1/attempts/06/BUILDER-FREEZE.csv,557,92a55479c4f92a7ca4124cda1e1bc5f53f071d2a2a392d886b09434eedc716b7
runs/31/i1/attempts/06/INHERITANCE.csv,788,a9c18c3c7e8cc26072d9f5a09e0cb49afb71457f4f12fd46be5751e99511dedc
runs/31/i1/attempts/06/METRICS.csv,191,6a755d4bd9b42417b00fdf9a9d9b5a9fd9e9da21c574c3a7f9bf94b9548b2c52
runs/31/i1/attempts/06/PROPOSAL.csv,96,bbdbaa696c4a703163403ceee3ab38db2ff7fbe95c44e3c5945d917e1426fe4e
runs/31/i1/attempts/06/selection-predictions.csv,2823,4e3be6a36b836f4747b84ec993dbadf8b6e81eb512b908d58e2d4c2855dc7f0b
runs/31/i1/attempts/06/stderr.txt,0,e3b0c44298fc1c149afbf4c8996fb92427ae41e4649b934ca495991b7852b855
runs/31/i1/attempts/06/stdout.txt,0,e3b0c44298fc1c149afbf4c8996fb92427ae41e4649b934ca495991b7852b855
runs/31/i1/attempts/06/train-predictions.csv,8669,7f48ab64eaaea06d228f3fb32c0b9fb3cc47230492e032be5dec9989fdc124bb
runs/31/i1/attempts/07/ADMITTED.md,126,b5c602f19cf05923fcfd68898730d3407db24d219781a641d8c10389b548b236
runs/31/i1/attempts/07/builder/candidate.py,151,c46021861851ef435427b9f0d4ad8644c28fd08fbc487b79e306da2db4e555cb
runs/31/i1/attempts/07/builder/parent_engine.py,3361,90e61cc1b2e54aaf54d7d9b48a44cd896de52e4f9d6c13ca7035d6bbebf86dc0
runs/31/i1/attempts/07/builder/refinement_engine.py,5012,e905a209037c84cf1803ea9c9f37f21314305f3b578a6b6c78db3ba51a677670
runs/31/i1/attempts/07/builder/revision_one_engine.py,2312,fe3e19c461ba778f21015f8fa96ed8546fa7fd5d0e93b370ac5d4823185d9571
runs/31/i1/attempts/07/builder/revision_two_engine.py,3988,77d1ba8920eb83f2a245cba587fc166dfe138deb92b452db2e6a1907fac910b6
runs/31/i1/attempts/07/builder/study_engine.py,2212,6085cc647f0b21b56d32d68025fbc49c3fabcfa0b9ce725f24573fb3b063711b
runs/31/i1/attempts/07/BUILDER-FREEZE.csv,557,53b8b44259500ba8ee9f70e7fae3ff0ceee64b54fd3ea6e26ddaff082bed63d6
runs/31/i1/attempts/07/INHERITANCE.csv,788,a9c18c3c7e8cc26072d9f5a09e0cb49afb71457f4f12fd46be5751e99511dedc
runs/31/i1/attempts/07/METRICS.csv,159,8f924c24578ffabef9a2c20a76bf31fc0e39949571d50b7f8ff8c64749a41357
runs/31/i1/attempts/07/PROPOSAL.csv,101,e137c39c73d31b92ba300b3815a42cc376b8965f284d011c3d99f8b43d76e040
runs/31/i1/attempts/07/selection-predictions.csv,2842,b9ed52e56e2c5ae9f1cf7d53e955bf75748012125bb3380c582c6a403852392a
runs/31/i1/attempts/07/stderr.txt,0,e3b0c44298fc1c149afbf4c8996fb92427ae41e4649b934ca495991b7852b855
runs/31/i1/attempts/07/stdout.txt,0,e3b0c44298fc1c149afbf4c8996fb92427ae41e4649b934ca495991b7852b855
runs/31/i1/attempts/07/train-predictions.csv,8670,a755ee9447feec9c14bab56140e24f3e51c29429af24442d2ae3e83b3bc62cdf
runs/31/i1/attempts/08/ADMITTED.md,126,a371ee3c0551d8209aae29cc2baa4f805ced1599359dcdc56ade9db5c6e61475
runs/31/i1/attempts/08/builder/candidate.py,152,4e281f1bee2f157de5bffb1f9b2851a0e09daa407da8d0729ff89cf93592a3a4
runs/31/i1/attempts/08/builder/parent_engine.py,3361,90e61cc1b2e54aaf54d7d9b48a44cd896de52e4f9d6c13ca7035d6bbebf86dc0
runs/31/i1/attempts/08/builder/refinement_engine.py,5012,e905a209037c84cf1803ea9c9f37f21314305f3b578a6b6c78db3ba51a677670
runs/31/i1/attempts/08/builder/revision_one_engine.py,2312,fe3e19c461ba778f21015f8fa96ed8546fa7fd5d0e93b370ac5d4823185d9571
runs/31/i1/attempts/08/builder/revision_two_engine.py,3988,77d1ba8920eb83f2a245cba587fc166dfe138deb92b452db2e6a1907fac910b6
runs/31/i1/attempts/08/builder/study_engine.py,2212,6085cc647f0b21b56d32d68025fbc49c3fabcfa0b9ce725f24573fb3b063711b
runs/31/i1/attempts/08/BUILDER-FREEZE.csv,557,224d9043d28d629d1acfde4fe4194e82c653d4d1c00d771a7f8d1c528b605f92
runs/31/i1/attempts/08/INHERITANCE.csv,788,a9c18c3c7e8cc26072d9f5a09e0cb49afb71457f4f12fd46be5751e99511dedc
runs/31/i1/attempts/08/METRICS.csv,157,96d5922838d42990535bba9e770592d15a3582f6961abf9e0d5cb59f012aa808
runs/31/i1/attempts/08/PROPOSAL.csv,102,a048d1c3b5e3402df5d985ba42524d974665969b68d3880dd984011e8f00e3a9
runs/31/i1/attempts/08/selection-predictions.csv,2857,480b56dda91a4a227b2aa12c62107e10db5b75888206fe0319e8cc9b16a731c5
runs/31/i1/attempts/08/stderr.txt,0,e3b0c44298fc1c149afbf4c8996fb92427ae41e4649b934ca495991b7852b855
runs/31/i1/attempts/08/stdout.txt,0,e3b0c44298fc1c149afbf4c8996fb92427ae41e4649b934ca495991b7852b855
runs/31/i1/attempts/08/train-predictions.csv,8670,a755ee9447feec9c14bab56140e24f3e51c29429af24442d2ae3e83b3bc62cdf
runs/31/i1/attempts/09/ADMITTED.md,126,8949eafaa74d18dd0259b7354c7d6ee0bddb130b9f60aa825080178bd6a6f914
runs/31/i1/attempts/09/builder/candidate.py,158,c97ba403e8fcdd0a2e573ba349ab034efcd3039f88923ae2ce59e3c0c51ed528
runs/31/i1/attempts/09/builder/parent_engine.py,3361,90e61cc1b2e54aaf54d7d9b48a44cd896de52e4f9d6c13ca7035d6bbebf86dc0
runs/31/i1/attempts/09/builder/refinement_engine.py,5012,e905a209037c84cf1803ea9c9f37f21314305f3b578a6b6c78db3ba51a677670
runs/31/i1/attempts/09/builder/revision_one_engine.py,2312,fe3e19c461ba778f21015f8fa96ed8546fa7fd5d0e93b370ac5d4823185d9571
runs/31/i1/attempts/09/builder/revision_two_engine.py,3988,77d1ba8920eb83f2a245cba587fc166dfe138deb92b452db2e6a1907fac910b6
runs/31/i1/attempts/09/builder/study_engine.py,2212,6085cc647f0b21b56d32d68025fbc49c3fabcfa0b9ce725f24573fb3b063711b
runs/31/i1/attempts/09/BUILDER-FREEZE.csv,557,f497f9e470473138a86f92840647f57678aa2b937050c04dd47095847e556b14
runs/31/i1/attempts/09/INHERITANCE.csv,788,a9c18c3c7e8cc26072d9f5a09e0cb49afb71457f4f12fd46be5751e99511dedc
runs/31/i1/attempts/09/METRICS.csv,188,831bde171fe5109d74d88ac25dbd5cdbd6f1301d0ebb3f883252e2d73e2fa79f
runs/31/i1/attempts/09/PROPOSAL.csv,145,f68a03dd2e5a9d44ca38fba0d2bcc25b43f6724135d37517f801b2cbeb10681a
runs/31/i1/attempts/09/selection-predictions.csv,2822,1cc8e1f86e2226d9620a833af3ce4fd909bfc8980c217284b1f26bcb75d21bf7
runs/31/i1/attempts/09/stderr.txt,0,e3b0c44298fc1c149afbf4c8996fb92427ae41e4649b934ca495991b7852b855
runs/31/i1/attempts/09/stdout.txt,0,e3b0c44298fc1c149afbf4c8996fb92427ae41e4649b934ca495991b7852b855
runs/31/i1/attempts/09/train-predictions.csv,8671,e46bf8fe3ac33151c8002652bfeb001860b57859f1a97c27df17db3707fb42bf
runs/31/i1/attempts/10/ADMITTED.md,126,b6492d551c47d814fbfadbf67383ea323279eb5120e0a73eb6389098bc1a2f2c
runs/31/i1/attempts/10/builder/candidate.py,147,4483f350c36b64578650a3863d4b22f0ccf2927693173891c0ad0b23fac2b8b6
runs/31/i1/attempts/10/builder/parent_engine.py,3361,90e61cc1b2e54aaf54d7d9b48a44cd896de52e4f9d6c13ca7035d6bbebf86dc0
runs/31/i1/attempts/10/builder/refinement_engine.py,5012,e905a209037c84cf1803ea9c9f37f21314305f3b578a6b6c78db3ba51a677670
runs/31/i1/attempts/10/builder/revision_one_engine.py,2312,fe3e19c461ba778f21015f8fa96ed8546fa7fd5d0e93b370ac5d4823185d9571
runs/31/i1/attempts/10/builder/revision_two_engine.py,3988,77d1ba8920eb83f2a245cba587fc166dfe138deb92b452db2e6a1907fac910b6
runs/31/i1/attempts/10/builder/study_engine.py,2212,6085cc647f0b21b56d32d68025fbc49c3fabcfa0b9ce725f24573fb3b063711b
runs/31/i1/attempts/10/BUILDER-FREEZE.csv,557,252ebfd6e70edb448b444cff2c00d48be036fd8ef47ed19afe83aa2d14775d3c
runs/31/i1/attempts/10/INHERITANCE.csv,788,a9c18c3c7e8cc26072d9f5a09e0cb49afb71457f4f12fd46be5751e99511dedc
runs/31/i1/attempts/10/METRICS.csv,190,8b4822c8d1a516820fc4e62d4f5096ded25831e33d50b75d4b8787166baebf44
runs/31/i1/attempts/10/PROPOSAL.csv,136,7180eb2515f874b8909946a9e70e7c9d317b10240b4758f2552b9f622e47e84f
runs/31/i1/attempts/10/selection-predictions.csv,2790,d2fbacbca266289e6ee15254761905efe0eca0e98803d1cfcc1f80104f33f3ac
runs/31/i1/attempts/10/stderr.txt,0,e3b0c44298fc1c149afbf4c8996fb92427ae41e4649b934ca495991b7852b855
runs/31/i1/attempts/10/stdout.txt,0,e3b0c44298fc1c149afbf4c8996fb92427ae41e4649b934ca495991b7852b855
runs/31/i1/attempts/10/train-predictions.csv,8621,8ade67ec7a1c508472a1ed91ee845e3da89f5bd93dd69e5e19723146250aada2
runs/31/i1/attempts/11/ADMITTED.md,126,71654d03bc0914ffff88ebc39ea2120ee714fa8ca346e25166f7012583acb982
runs/31/i1/attempts/11/builder/candidate.py,146,ed3dac5c3ea70c0f016a1aeb16601690fc8ae07c5d331d9efb9d7d33790bf3d6
runs/31/i1/attempts/11/builder/parent_engine.py,3361,90e61cc1b2e54aaf54d7d9b48a44cd896de52e4f9d6c13ca7035d6bbebf86dc0
runs/31/i1/attempts/11/builder/refinement_engine.py,5012,e905a209037c84cf1803ea9c9f37f21314305f3b578a6b6c78db3ba51a677670
runs/31/i1/attempts/11/builder/revision_one_engine.py,2312,fe3e19c461ba778f21015f8fa96ed8546fa7fd5d0e93b370ac5d4823185d9571
runs/31/i1/attempts/11/builder/revision_two_engine.py,3988,77d1ba8920eb83f2a245cba587fc166dfe138deb92b452db2e6a1907fac910b6
runs/31/i1/attempts/11/builder/study_engine.py,2212,6085cc647f0b21b56d32d68025fbc49c3fabcfa0b9ce725f24573fb3b063711b
runs/31/i1/attempts/11/BUILDER-FREEZE.csv,557,4f57febc4da0f07c1c4e2316105c23b0df4849508c0400ddcf08bd8bb6d5d14a
runs/31/i1/attempts/11/INHERITANCE.csv,788,a9c18c3c7e8cc26072d9f5a09e0cb49afb71457f4f12fd46be5751e99511dedc
runs/31/i1/attempts/11/METRICS.csv,190,71ddb0d149b48cf2167661b98e7b427286ec0defc49550f0341218c706b7cacb
runs/31/i1/attempts/11/PARENT-CANDIDATE.py,146,cee7983f3d0ddd115d33a45f2830ad8b3d60bd191934fb2ad98a1d64046e661d
runs/31/i1/attempts/11/PROPOSAL.csv,137,c91604594cb648d2bd0eaab2117ebbc285e8796ccc4476eb15a34b935c5a0c84
runs/31/i1/attempts/11/selection-predictions.csv,2790,30b708234960b3c62680183b31209facf69966a2a8cd45ea166c99e52579a6c8
runs/31/i1/attempts/11/stderr.txt,0,e3b0c44298fc1c149afbf4c8996fb92427ae41e4649b934ca495991b7852b855
runs/31/i1/attempts/11/stdout.txt,0,e3b0c44298fc1c149afbf4c8996fb92427ae41e4649b934ca495991b7852b855
runs/31/i1/attempts/11/train-predictions.csv,8606,3e97251fb8ff8ac398467eccb4345d4099b4a68382b1838823bf3582218ff446
runs/31/i1/attempts/12/ADMITTED.md,126,2d727e2d4d3ed288c17b3ea386938b5f8cd7af0ecdce4fb87b16c4cd2ee0ded8
runs/31/i1/attempts/12/builder/candidate.py,145,7429b51f08095ce499e26c5bff7f4256901a79c63b8f34d0d2f4fca4c92fae64
runs/31/i1/attempts/12/builder/parent_engine.py,3361,90e61cc1b2e54aaf54d7d9b48a44cd896de52e4f9d6c13ca7035d6bbebf86dc0
runs/31/i1/attempts/12/builder/refinement_engine.py,5012,e905a209037c84cf1803ea9c9f37f21314305f3b578a6b6c78db3ba51a677670
runs/31/i1/attempts/12/builder/revision_one_engine.py,2312,fe3e19c461ba778f21015f8fa96ed8546fa7fd5d0e93b370ac5d4823185d9571
runs/31/i1/attempts/12/builder/revision_two_engine.py,3988,77d1ba8920eb83f2a245cba587fc166dfe138deb92b452db2e6a1907fac910b6
runs/31/i1/attempts/12/builder/study_engine.py,2212,6085cc647f0b21b56d32d68025fbc49c3fabcfa0b9ce725f24573fb3b063711b
runs/31/i1/attempts/12/BUILDER-FREEZE.csv,557,af7bd75bb45015e32064ed572d0f9cf5490b27e00ce732e3efe16208dbd16eb0
runs/31/i1/attempts/12/INHERITANCE.csv,788,a9c18c3c7e8cc26072d9f5a09e0cb49afb71457f4f12fd46be5751e99511dedc
runs/31/i1/attempts/12/METRICS.csv,190,039527752c2ef72da309ba798d28fc5c2eabd17c6816250343e7eaab7896cfc4
runs/31/i1/attempts/12/PARENT-CANDIDATE.py,145,27d1a072e585c314d242425e3916152e1d5bc9acc0dda7b40e67395c1b8f1902
runs/31/i1/attempts/12/PROPOSAL.csv,136,a2afb264a0a5fed33e95712f9448c3ea3ac87e9795e1011f327daa4fbe422ad9
runs/31/i1/attempts/12/selection-predictions.csv,2789,82b482d4d00ea67745b0a01632f85e537a98bf968dd469cbb22ce0fe67b8c3c0
runs/31/i1/attempts/12/stderr.txt,0,e3b0c44298fc1c149afbf4c8996fb92427ae41e4649b934ca495991b7852b855
runs/31/i1/attempts/12/stdout.txt,0,e3b0c44298fc1c149afbf4c8996fb92427ae41e4649b934ca495991b7852b855
runs/31/i1/attempts/12/train-predictions.csv,8602,14ad583fcf19e052a4926f6b7a6c4a15a36451d58906da9d207f9b82f6465026
runs/31/i1/LEDGER.csv,4507,26358dc46f73998d8118c6d104b588b83042ee74aab62dcb9c9d791fcb7234eb
runs/31/i1/researcher.py,6084,053228ae5a337e2dee99c96a569d890f3a908d7194e2ba00c3cc5636ab02481f
runs/31/parent/attempts/01/ADMITTED.md,126,ee4ee30f87976dd35da6b74aa50be79319a24dcd3d9b8963e28ab0c0f67e06d6
runs/31/parent/attempts/01/builder/candidate.py,146,cee7983f3d0ddd115d33a45f2830ad8b3d60bd191934fb2ad98a1d64046e661d
runs/31/parent/attempts/01/builder/parent_engine.py,3361,90e61cc1b2e54aaf54d7d9b48a44cd896de52e4f9d6c13ca7035d6bbebf86dc0
runs/31/parent/attempts/01/builder/refinement_engine.py,5012,e905a209037c84cf1803ea9c9f37f21314305f3b578a6b6c78db3ba51a677670
runs/31/parent/attempts/01/builder/revision_one_engine.py,2312,fe3e19c461ba778f21015f8fa96ed8546fa7fd5d0e93b370ac5d4823185d9571
runs/31/parent/attempts/01/builder/revision_two_engine.py,3988,77d1ba8920eb83f2a245cba587fc166dfe138deb92b452db2e6a1907fac910b6
runs/31/parent/attempts/01/builder/study_engine.py,2212,6085cc647f0b21b56d32d68025fbc49c3fabcfa0b9ce725f24573fb3b063711b
runs/31/parent/attempts/01/BUILDER-FREEZE.csv,557,4f3ff64319709f1388dd6599df2ec83e44527b0b9194dced102558701b15b3eb
runs/31/parent/attempts/01/INHERITANCE.csv,788,a9c18c3c7e8cc26072d9f5a09e0cb49afb71457f4f12fd46be5751e99511dedc
runs/31/parent/attempts/01/METRICS.csv,190,35bf530c973b5897aa692b1286107331d28d5dfe83f5344da352a4eb2a3ce9a9
runs/31/parent/attempts/01/PROPOSAL.csv,96,bb4b8c790eeb760894badcbfb645578587db55c9d5e7104eb9be505227e1eb82
runs/31/parent/attempts/01/selection-predictions.csv,2790,30b708234960b3c62680183b31209facf69966a2a8cd45ea166c99e52579a6c8
runs/31/parent/attempts/01/stderr.txt,0,e3b0c44298fc1c149afbf4c8996fb92427ae41e4649b934ca495991b7852b855
runs/31/parent/attempts/01/stdout.txt,0,e3b0c44298fc1c149afbf4c8996fb92427ae41e4649b934ca495991b7852b855
runs/31/parent/attempts/01/train-predictions.csv,8606,93d1f534e1ef3f4e01769b6e6f287855c004ec149aac64c8908e2e204a4e33ad
runs/31/parent/attempts/02/ADMITTED.md,126,69bcfc639f17e9bc427b5ce36b7d866d1de5ea95d64bb650b3f43eebe7d8f146
runs/31/parent/attempts/02/builder/candidate.py,151,fe9f52aac6fae812ea74bfe6725897abb4cf9f7a3df60d58683d0107f65b1d3b
runs/31/parent/attempts/02/builder/parent_engine.py,3361,90e61cc1b2e54aaf54d7d9b48a44cd896de52e4f9d6c13ca7035d6bbebf86dc0
runs/31/parent/attempts/02/builder/refinement_engine.py,5012,e905a209037c84cf1803ea9c9f37f21314305f3b578a6b6c78db3ba51a677670
runs/31/parent/attempts/02/builder/revision_one_engine.py,2312,fe3e19c461ba778f21015f8fa96ed8546fa7fd5d0e93b370ac5d4823185d9571
runs/31/parent/attempts/02/builder/revision_two_engine.py,3988,77d1ba8920eb83f2a245cba587fc166dfe138deb92b452db2e6a1907fac910b6
runs/31/parent/attempts/02/builder/study_engine.py,2212,6085cc647f0b21b56d32d68025fbc49c3fabcfa0b9ce725f24573fb3b063711b
runs/31/parent/attempts/02/BUILDER-FREEZE.csv,557,9d7f8a8d204fe4869e132ce052e84f4734e5f8f80a8087236cc2e6a9e9d23f4e
runs/31/parent/attempts/02/INHERITANCE.csv,788,a9c18c3c7e8cc26072d9f5a09e0cb49afb71457f4f12fd46be5751e99511dedc
runs/31/parent/attempts/02/METRICS.csv,158,26b7f4f4fd48a13fa9d42d7433d1fa5117d0c41a234a213436325d152242e606
runs/31/parent/attempts/02/PROPOSAL.csv,101,659fbe76bbca0f481a2097af4fea8661fa8ecb1f5257ab6da7b1a46f5ed3f8e3
runs/31/parent/attempts/02/selection-predictions.csv,2836,d6c8857cdfd0127d09fe2e576097811b850594d77f8e19200b1258a68f34e580
runs/31/parent/attempts/02/stderr.txt,0,e3b0c44298fc1c149afbf4c8996fb92427ae41e4649b934ca495991b7852b855
runs/31/parent/attempts/02/stdout.txt,0,e3b0c44298fc1c149afbf4c8996fb92427ae41e4649b934ca495991b7852b855
runs/31/parent/attempts/02/train-predictions.csv,8670,a755ee9447feec9c14bab56140e24f3e51c29429af24442d2ae3e83b3bc62cdf
runs/31/parent/attempts/03/ADMITTED.md,126,d147e201745afc236322124d509fc44dcbb3f4715194e978bf9419d699db8747
runs/31/parent/attempts/03/builder/candidate.py,145,27d1a072e585c314d242425e3916152e1d5bc9acc0dda7b40e67395c1b8f1902
runs/31/parent/attempts/03/builder/parent_engine.py,3361,90e61cc1b2e54aaf54d7d9b48a44cd896de52e4f9d6c13ca7035d6bbebf86dc0
runs/31/parent/attempts/03/builder/refinement_engine.py,5012,e905a209037c84cf1803ea9c9f37f21314305f3b578a6b6c78db3ba51a677670
runs/31/parent/attempts/03/builder/revision_one_engine.py,2312,fe3e19c461ba778f21015f8fa96ed8546fa7fd5d0e93b370ac5d4823185d9571
runs/31/parent/attempts/03/builder/revision_two_engine.py,3988,77d1ba8920eb83f2a245cba587fc166dfe138deb92b452db2e6a1907fac910b6
runs/31/parent/attempts/03/builder/study_engine.py,2212,6085cc647f0b21b56d32d68025fbc49c3fabcfa0b9ce725f24573fb3b063711b
runs/31/parent/attempts/03/BUILDER-FREEZE.csv,557,c9446868cc86fde9fff8c40aea9335b1ba98c83a1a4bfe898dbc8944daa1ed39
runs/31/parent/attempts/03/INHERITANCE.csv,788,a9c18c3c7e8cc26072d9f5a09e0cb49afb71457f4f12fd46be5751e99511dedc
runs/31/parent/attempts/03/METRICS.csv,191,837416ed59beb7956f20aa49d8eebd7f112da54e90dbceebe99a82187ec917b8
runs/31/parent/attempts/03/PROPOSAL.csv,95,457846ceca505b3d3a5f1f4313f14145cdea5dbf126067fb74daaae9d34f287b
runs/31/parent/attempts/03/selection-predictions.csv,2796,83fb2d69ae62e42715a0efe3b2d48e1c3e01a759599db6052aca04c5fe671f41
runs/31/parent/attempts/03/stderr.txt,0,e3b0c44298fc1c149afbf4c8996fb92427ae41e4649b934ca495991b7852b855
runs/31/parent/attempts/03/stdout.txt,0,e3b0c44298fc1c149afbf4c8996fb92427ae41e4649b934ca495991b7852b855
runs/31/parent/attempts/03/train-predictions.csv,8625,322ac2f7c9d7f8d781c705e5f6273b5dd8430b75ab5a6872adef306fc8984e5b
runs/31/parent/attempts/04/ADMITTED.md,126,ee6481e4ed436ca5c4b044dfbd30cadfbaa6b362d7dd615b042ab5aa5b298544
runs/31/parent/attempts/04/builder/candidate.py,150,c57445ba4248176a610264d02f47077484c9b2db467b3617b7e6c2d09fac91b3
runs/31/parent/attempts/04/builder/parent_engine.py,3361,90e61cc1b2e54aaf54d7d9b48a44cd896de52e4f9d6c13ca7035d6bbebf86dc0
runs/31/parent/attempts/04/builder/refinement_engine.py,5012,e905a209037c84cf1803ea9c9f37f21314305f3b578a6b6c78db3ba51a677670
runs/31/parent/attempts/04/builder/revision_one_engine.py,2312,fe3e19c461ba778f21015f8fa96ed8546fa7fd5d0e93b370ac5d4823185d9571
runs/31/parent/attempts/04/builder/revision_two_engine.py,3988,77d1ba8920eb83f2a245cba587fc166dfe138deb92b452db2e6a1907fac910b6
runs/31/parent/attempts/04/builder/study_engine.py,2212,6085cc647f0b21b56d32d68025fbc49c3fabcfa0b9ce725f24573fb3b063711b
runs/31/parent/attempts/04/BUILDER-FREEZE.csv,557,5615280c1139a77d21579bdb2f7de854f39db3e2c1d248783c10fe42a71c17bd
runs/31/parent/attempts/04/INHERITANCE.csv,788,a9c18c3c7e8cc26072d9f5a09e0cb49afb71457f4f12fd46be5751e99511dedc
runs/31/parent/attempts/04/METRICS.csv,155,0074d14b2c7305b1e05494d173fef1427c9f7fc515443727da485070f1d94ed7
runs/31/parent/attempts/04/PROPOSAL.csv,100,bb3e9b645987473e8958f2c51d0f4ce6bde9d5d2cda7739d4e6a39a851ee5bad
runs/31/parent/attempts/04/selection-predictions.csv,2819,6016835da6894f1926a5635616263cc0f5f93af49cad6c5251202f5e07a39d17
runs/31/parent/attempts/04/stderr.txt,0,e3b0c44298fc1c149afbf4c8996fb92427ae41e4649b934ca495991b7852b855
runs/31/parent/attempts/04/stdout.txt,0,e3b0c44298fc1c149afbf4c8996fb92427ae41e4649b934ca495991b7852b855
runs/31/parent/attempts/04/train-predictions.csv,8670,a755ee9447feec9c14bab56140e24f3e51c29429af24442d2ae3e83b3bc62cdf
runs/31/parent/attempts/05/ADMITTED.md,126,526c16c0dfffe51ec9e95fd1c3f58e565539b3b766b6f8acb36912142c3669ae
runs/31/parent/attempts/05/builder/candidate.py,153,0918ad65acc5281163c013cc98a4838d8a582c04ef2b144849472fa5bfbd8361
runs/31/parent/attempts/05/builder/parent_engine.py,3361,90e61cc1b2e54aaf54d7d9b48a44cd896de52e4f9d6c13ca7035d6bbebf86dc0
runs/31/parent/attempts/05/builder/refinement_engine.py,5012,e905a209037c84cf1803ea9c9f37f21314305f3b578a6b6c78db3ba51a677670
runs/31/parent/attempts/05/builder/revision_one_engine.py,2312,fe3e19c461ba778f21015f8fa96ed8546fa7fd5d0e93b370ac5d4823185d9571
runs/31/parent/attempts/05/builder/revision_two_engine.py,3988,77d1ba8920eb83f2a245cba587fc166dfe138deb92b452db2e6a1907fac910b6
runs/31/parent/attempts/05/builder/study_engine.py,2212,6085cc647f0b21b56d32d68025fbc49c3fabcfa0b9ce725f24573fb3b063711b
runs/31/parent/attempts/05/BUILDER-FREEZE.csv,557,f5d52910ea18489e8e7d856d199e3510e42f243010677cf2d4e24bf7d7351139
runs/31/parent/attempts/05/INHERITANCE.csv,788,a9c18c3c7e8cc26072d9f5a09e0cb49afb71457f4f12fd46be5751e99511dedc
runs/31/parent/attempts/05/METRICS.csv,155,ead91ff48da399b4b629c1bef5af57d3f4ce76a5a1b022b341abc90658ca9377
runs/31/parent/attempts/05/PROPOSAL.csv,103,e79c884a02239f4961fac2ff2d04dbd8df9a7c06b207f51f49be40813a90807a
runs/31/parent/attempts/05/selection-predictions.csv,2840,ffbb0563d3472b10cd7be04a3855c10bba136251044a487b8814bae5ea61a23c
runs/31/parent/attempts/05/stderr.txt,0,e3b0c44298fc1c149afbf4c8996fb92427ae41e4649b934ca495991b7852b855
runs/31/parent/attempts/05/stdout.txt,0,e3b0c44298fc1c149afbf4c8996fb92427ae41e4649b934ca495991b7852b855
runs/31/parent/attempts/05/train-predictions.csv,8670,a755ee9447feec9c14bab56140e24f3e51c29429af24442d2ae3e83b3bc62cdf
runs/31/parent/attempts/06/ADMITTED.md,126,5872bea223c863d07bea8f808686537e7ce9f665ee05cd01f96b5b5d6191e6ed
runs/31/parent/attempts/06/builder/candidate.py,146,99666013fed9dfb0cb3c8aefeb0ff36ea73030482a9d8666d270a500e98c3cc7
runs/31/parent/attempts/06/builder/parent_engine.py,3361,90e61cc1b2e54aaf54d7d9b48a44cd896de52e4f9d6c13ca7035d6bbebf86dc0
runs/31/parent/attempts/06/builder/refinement_engine.py,5012,e905a209037c84cf1803ea9c9f37f21314305f3b578a6b6c78db3ba51a677670
runs/31/parent/attempts/06/builder/revision_one_engine.py,2312,fe3e19c461ba778f21015f8fa96ed8546fa7fd5d0e93b370ac5d4823185d9571
runs/31/parent/attempts/06/builder/revision_two_engine.py,3988,77d1ba8920eb83f2a245cba587fc166dfe138deb92b452db2e6a1907fac910b6
runs/31/parent/attempts/06/builder/study_engine.py,2212,6085cc647f0b21b56d32d68025fbc49c3fabcfa0b9ce725f24573fb3b063711b
runs/31/parent/attempts/06/BUILDER-FREEZE.csv,557,92a55479c4f92a7ca4124cda1e1bc5f53f071d2a2a392d886b09434eedc716b7
runs/31/parent/attempts/06/INHERITANCE.csv,788,a9c18c3c7e8cc26072d9f5a09e0cb49afb71457f4f12fd46be5751e99511dedc
runs/31/parent/attempts/06/METRICS.csv,189,509bb929e8455da630e6bfb62a299240f2ba428a3e89c6b35f81a01bf52df6d2
runs/31/parent/attempts/06/PROPOSAL.csv,96,bbdbaa696c4a703163403ceee3ab38db2ff7fbe95c44e3c5945d917e1426fe4e
runs/31/parent/attempts/06/selection-predictions.csv,2823,4e3be6a36b836f4747b84ec993dbadf8b6e81eb512b908d58e2d4c2855dc7f0b
runs/31/parent/attempts/06/stderr.txt,0,e3b0c44298fc1c149afbf4c8996fb92427ae41e4649b934ca495991b7852b855
runs/31/parent/attempts/06/stdout.txt,0,e3b0c44298fc1c149afbf4c8996fb92427ae41e4649b934ca495991b7852b855
runs/31/parent/attempts/06/train-predictions.csv,8669,7f48ab64eaaea06d228f3fb32c0b9fb3cc47230492e032be5dec9989fdc124bb
runs/31/parent/attempts/07/ADMITTED.md,126,0fd2a6adb9a24e2f778301e2b9d3c68b39828d15d7a0c888c425ae6b5b5e9f9e
runs/31/parent/attempts/07/builder/candidate.py,151,c46021861851ef435427b9f0d4ad8644c28fd08fbc487b79e306da2db4e555cb
runs/31/parent/attempts/07/builder/parent_engine.py,3361,90e61cc1b2e54aaf54d7d9b48a44cd896de52e4f9d6c13ca7035d6bbebf86dc0
runs/31/parent/attempts/07/builder/refinement_engine.py,5012,e905a209037c84cf1803ea9c9f37f21314305f3b578a6b6c78db3ba51a677670
runs/31/parent/attempts/07/builder/revision_one_engine.py,2312,fe3e19c461ba778f21015f8fa96ed8546fa7fd5d0e93b370ac5d4823185d9571
runs/31/parent/attempts/07/builder/revision_two_engine.py,3988,77d1ba8920eb83f2a245cba587fc166dfe138deb92b452db2e6a1907fac910b6
runs/31/parent/attempts/07/builder/study_engine.py,2212,6085cc647f0b21b56d32d68025fbc49c3fabcfa0b9ce725f24573fb3b063711b
runs/31/parent/attempts/07/BUILDER-FREEZE.csv,557,53b8b44259500ba8ee9f70e7fae3ff0ceee64b54fd3ea6e26ddaff082bed63d6
runs/31/parent/attempts/07/INHERITANCE.csv,788,a9c18c3c7e8cc26072d9f5a09e0cb49afb71457f4f12fd46be5751e99511dedc
runs/31/parent/attempts/07/METRICS.csv,159,c2c6faa6cdaa9c00d1e72b431c0bcfbea528dc5dd5894e9f3d444050c885f0c0
runs/31/parent/attempts/07/PROPOSAL.csv,101,e137c39c73d31b92ba300b3815a42cc376b8965f284d011c3d99f8b43d76e040
runs/31/parent/attempts/07/selection-predictions.csv,2842,b9ed52e56e2c5ae9f1cf7d53e955bf75748012125bb3380c582c6a403852392a
runs/31/parent/attempts/07/stderr.txt,0,e3b0c44298fc1c149afbf4c8996fb92427ae41e4649b934ca495991b7852b855
runs/31/parent/attempts/07/stdout.txt,0,e3b0c44298fc1c149afbf4c8996fb92427ae41e4649b934ca495991b7852b855
runs/31/parent/attempts/07/train-predictions.csv,8670,a755ee9447feec9c14bab56140e24f3e51c29429af24442d2ae3e83b3bc62cdf
runs/31/parent/attempts/08/ADMITTED.md,126,2e316c8bca99998469a6ee00a50449670f1f71e987873e57bb43c830a3971a3a
runs/31/parent/attempts/08/builder/candidate.py,152,4e281f1bee2f157de5bffb1f9b2851a0e09daa407da8d0729ff89cf93592a3a4
runs/31/parent/attempts/08/builder/parent_engine.py,3361,90e61cc1b2e54aaf54d7d9b48a44cd896de52e4f9d6c13ca7035d6bbebf86dc0
runs/31/parent/attempts/08/builder/refinement_engine.py,5012,e905a209037c84cf1803ea9c9f37f21314305f3b578a6b6c78db3ba51a677670
runs/31/parent/attempts/08/builder/revision_one_engine.py,2312,fe3e19c461ba778f21015f8fa96ed8546fa7fd5d0e93b370ac5d4823185d9571
runs/31/parent/attempts/08/builder/revision_two_engine.py,3988,77d1ba8920eb83f2a245cba587fc166dfe138deb92b452db2e6a1907fac910b6
runs/31/parent/attempts/08/builder/study_engine.py,2212,6085cc647f0b21b56d32d68025fbc49c3fabcfa0b9ce725f24573fb3b063711b
runs/31/parent/attempts/08/BUILDER-FREEZE.csv,557,224d9043d28d629d1acfde4fe4194e82c653d4d1c00d771a7f8d1c528b605f92
runs/31/parent/attempts/08/INHERITANCE.csv,788,a9c18c3c7e8cc26072d9f5a09e0cb49afb71457f4f12fd46be5751e99511dedc
runs/31/parent/attempts/08/METRICS.csv,159,bbfa490e9d6e8e7f45fbb4311e2602e12fc0c5781dbe284bee02e27d9f5fb4f1
runs/31/parent/attempts/08/PROPOSAL.csv,102,a048d1c3b5e3402df5d985ba42524d974665969b68d3880dd984011e8f00e3a9
runs/31/parent/attempts/08/selection-predictions.csv,2857,480b56dda91a4a227b2aa12c62107e10db5b75888206fe0319e8cc9b16a731c5
runs/31/parent/attempts/08/stderr.txt,0,e3b0c44298fc1c149afbf4c8996fb92427ae41e4649b934ca495991b7852b855
runs/31/parent/attempts/08/stdout.txt,0,e3b0c44298fc1c149afbf4c8996fb92427ae41e4649b934ca495991b7852b855
runs/31/parent/attempts/08/train-predictions.csv,8670,a755ee9447feec9c14bab56140e24f3e51c29429af24442d2ae3e83b3bc62cdf
runs/31/parent/attempts/09/ADMITTED.md,126,c807410540d38d08376cb0fafc7d03209c7ed8a817f8c00e2c196ca5349b6006
runs/31/parent/attempts/09/builder/candidate.py,146,4cde06fba2cf9f69aa562bf6c78bfbf53b787ee9161d9d26e6a80c99cc096734
runs/31/parent/attempts/09/builder/parent_engine.py,3361,90e61cc1b2e54aaf54d7d9b48a44cd896de52e4f9d6c13ca7035d6bbebf86dc0
runs/31/parent/attempts/09/builder/refinement_engine.py,5012,e905a209037c84cf1803ea9c9f37f21314305f3b578a6b6c78db3ba51a677670
runs/31/parent/attempts/09/builder/revision_one_engine.py,2312,fe3e19c461ba778f21015f8fa96ed8546fa7fd5d0e93b370ac5d4823185d9571
runs/31/parent/attempts/09/builder/revision_two_engine.py,3988,77d1ba8920eb83f2a245cba587fc166dfe138deb92b452db2e6a1907fac910b6
runs/31/parent/attempts/09/builder/study_engine.py,2212,6085cc647f0b21b56d32d68025fbc49c3fabcfa0b9ce725f24573fb3b063711b
runs/31/parent/attempts/09/BUILDER-FREEZE.csv,557,d53907897191b8ebc6e59f7394f41b4f0f5a3b5af53798ca181a5459a63c0746
runs/31/parent/attempts/09/INHERITANCE.csv,788,a9c18c3c7e8cc26072d9f5a09e0cb49afb71457f4f12fd46be5751e99511dedc
runs/31/parent/attempts/09/METRICS.csv,188,41ab7ae9265d28f3be6b182f28c0673cd2089862ac798cbcdbae161140cab7d1
runs/31/parent/attempts/09/PARENT-CANDIDATE.py,146,cee7983f3d0ddd115d33a45f2830ad8b3d60bd191934fb2ad98a1d64046e661d
runs/31/parent/attempts/09/PROPOSAL.csv,105,0c2b286047f5b9311a1383f0e328ec6beaf9f936e4ff69286208005dca38ff7e
runs/31/parent/attempts/09/selection-predictions.csv,2793,31bae3ebc9d99fd9a195bdecaac69e84fedb0b074c9f10365dc5d7bfba77a042
runs/31/parent/attempts/09/stderr.txt,0,e3b0c44298fc1c149afbf4c8996fb92427ae41e4649b934ca495991b7852b855
runs/31/parent/attempts/09/stdout.txt,0,e3b0c44298fc1c149afbf4c8996fb92427ae41e4649b934ca495991b7852b855
runs/31/parent/attempts/09/train-predictions.csv,8606,fbe228784c5cdb27eb545cb799b5342e4cc6585dd00b4cbccc3962a9812acd64
runs/31/parent/attempts/10/ADMITTED.md,126,b3ae8de24f651ebf79b326fc1da2c660b06f29616a3ef2afc790979a7632a223
runs/31/parent/attempts/10/builder/candidate.py,146,ed3dac5c3ea70c0f016a1aeb16601690fc8ae07c5d331d9efb9d7d33790bf3d6
runs/31/parent/attempts/10/builder/parent_engine.py,3361,90e61cc1b2e54aaf54d7d9b48a44cd896de52e4f9d6c13ca7035d6bbebf86dc0
runs/31/parent/attempts/10/builder/refinement_engine.py,5012,e905a209037c84cf1803ea9c9f37f21314305f3b578a6b6c78db3ba51a677670
runs/31/parent/attempts/10/builder/revision_one_engine.py,2312,fe3e19c461ba778f21015f8fa96ed8546fa7fd5d0e93b370ac5d4823185d9571
runs/31/parent/attempts/10/builder/revision_two_engine.py,3988,77d1ba8920eb83f2a245cba587fc166dfe138deb92b452db2e6a1907fac910b6
runs/31/parent/attempts/10/builder/study_engine.py,2212,6085cc647f0b21b56d32d68025fbc49c3fabcfa0b9ce725f24573fb3b063711b
runs/31/parent/attempts/10/BUILDER-FREEZE.csv,557,4f57febc4da0f07c1c4e2316105c23b0df4849508c0400ddcf08bd8bb6d5d14a
runs/31/parent/attempts/10/INHERITANCE.csv,788,a9c18c3c7e8cc26072d9f5a09e0cb49afb71457f4f12fd46be5751e99511dedc
runs/31/parent/attempts/10/METRICS.csv,190,979f149f13a37c84ecbd73fbf93651d6926a76152129437b0884303d3abf4f74
runs/31/parent/attempts/10/PARENT-CANDIDATE.py,146,cee7983f3d0ddd115d33a45f2830ad8b3d60bd191934fb2ad98a1d64046e661d
runs/31/parent/attempts/10/PROPOSAL.csv,107,0c39337ab22c10e18da5e708bdce36cafdc1159fb57f2922ee2dbd583ba4320f
runs/31/parent/attempts/10/selection-predictions.csv,2790,30b708234960b3c62680183b31209facf69966a2a8cd45ea166c99e52579a6c8
runs/31/parent/attempts/10/stderr.txt,0,e3b0c44298fc1c149afbf4c8996fb92427ae41e4649b934ca495991b7852b855
runs/31/parent/attempts/10/stdout.txt,0,e3b0c44298fc1c149afbf4c8996fb92427ae41e4649b934ca495991b7852b855
runs/31/parent/attempts/10/train-predictions.csv,8606,3e97251fb8ff8ac398467eccb4345d4099b4a68382b1838823bf3582218ff446
runs/31/parent/attempts/11/ADMITTED.md,126,1d9b8a740ea5befb784f72cd254e7f38448320bcf8a0ff73aba8194038975ce8
runs/31/parent/attempts/11/builder/candidate.py,147,26bc16226d6b4355275dba6300c3c9bbb20a31d108492b69bb7f870669d94eab
runs/31/parent/attempts/11/builder/parent_engine.py,3361,90e61cc1b2e54aaf54d7d9b48a44cd896de52e4f9d6c13ca7035d6bbebf86dc0
runs/31/parent/attempts/11/builder/refinement_engine.py,5012,e905a209037c84cf1803ea9c9f37f21314305f3b578a6b6c78db3ba51a677670
runs/31/parent/attempts/11/builder/revision_one_engine.py,2312,fe3e19c461ba778f21015f8fa96ed8546fa7fd5d0e93b370ac5d4823185d9571
runs/31/parent/attempts/11/builder/revision_two_engine.py,3988,77d1ba8920eb83f2a245cba587fc166dfe138deb92b452db2e6a1907fac910b6
runs/31/parent/attempts/11/builder/study_engine.py,2212,6085cc647f0b21b56d32d68025fbc49c3fabcfa0b9ce725f24573fb3b063711b
runs/31/parent/attempts/11/BUILDER-FREEZE.csv,557,de8b27656f97e14d31842d2da2c7acdf565b1efa1cf765d44aaa0ff5fdda9346
runs/31/parent/attempts/11/INHERITANCE.csv,788,a9c18c3c7e8cc26072d9f5a09e0cb49afb71457f4f12fd46be5751e99511dedc
runs/31/parent/attempts/11/METRICS.csv,187,2632e0f3eafb505b7259d8b41be8e1133865528e0ce103864e6bc0487346870b
runs/31/parent/attempts/11/PARENT-CANDIDATE.py,146,cee7983f3d0ddd115d33a45f2830ad8b3d60bd191934fb2ad98a1d64046e661d
runs/31/parent/attempts/11/PROPOSAL.csv,108,4aafb4b34673b976999a0a646c5f9e4f0bed9e2ffb0f2cd2d08455058f04fdc5
runs/31/parent/attempts/11/selection-predictions.csv,2791,1fe53acccc9b3d18c11a7400bbbad774d4b73286d9e1e1eea99cb956944e7c0f
runs/31/parent/attempts/11/stderr.txt,0,e3b0c44298fc1c149afbf4c8996fb92427ae41e4649b934ca495991b7852b855
runs/31/parent/attempts/11/stdout.txt,0,e3b0c44298fc1c149afbf4c8996fb92427ae41e4649b934ca495991b7852b855
runs/31/parent/attempts/11/train-predictions.csv,8602,82c4791c4f4f464b97066d46159c279e88efeeeec84e9f313e83ece3aa2a9124
runs/31/parent/attempts/12/ADMITTED.md,126,4d03315de4414257761a40776e3fa12b8c86eb00e08a230742342e538f08b450
runs/31/parent/attempts/12/builder/candidate.py,149,efc274660ee82ac68806cf49517c5b549cbfa3b9de4c46d85ff98273ffecd3b6
runs/31/parent/attempts/12/builder/parent_engine.py,3361,90e61cc1b2e54aaf54d7d9b48a44cd896de52e4f9d6c13ca7035d6bbebf86dc0
runs/31/parent/attempts/12/builder/refinement_engine.py,5012,e905a209037c84cf1803ea9c9f37f21314305f3b578a6b6c78db3ba51a677670
runs/31/parent/attempts/12/builder/revision_one_engine.py,2312,fe3e19c461ba778f21015f8fa96ed8546fa7fd5d0e93b370ac5d4823185d9571
runs/31/parent/attempts/12/builder/revision_two_engine.py,3988,77d1ba8920eb83f2a245cba587fc166dfe138deb92b452db2e6a1907fac910b6
runs/31/parent/attempts/12/builder/study_engine.py,2212,6085cc647f0b21b56d32d68025fbc49c3fabcfa0b9ce725f24573fb3b063711b
runs/31/parent/attempts/12/BUILDER-FREEZE.csv,557,0136f9083284c5731a4558a129b1a282e2cf5b8d1cca6774076bdf7be265fc46
runs/31/parent/attempts/12/INHERITANCE.csv,788,a9c18c3c7e8cc26072d9f5a09e0cb49afb71457f4f12fd46be5751e99511dedc
runs/31/parent/attempts/12/METRICS.csv,190,3703e25efb9efa89b228dcc96d7508e2c2567618d2d64a6333955cb50220da5b
runs/31/parent/attempts/12/PARENT-CANDIDATE.py,147,26bc16226d6b4355275dba6300c3c9bbb20a31d108492b69bb7f870669d94eab
runs/31/parent/attempts/12/PROPOSAL.csv,111,83cd8fd17fe4e9529fe4e58e72bd0bd77cd9a8f5684c51d47b74490791599dda
runs/31/parent/attempts/12/selection-predictions.csv,2790,51276c68deda5ae6cd4579fb2757bb73da1a52a8843d2a1bc4dd14c9b97bafbd
runs/31/parent/attempts/12/stderr.txt,0,e3b0c44298fc1c149afbf4c8996fb92427ae41e4649b934ca495991b7852b855
runs/31/parent/attempts/12/stdout.txt,0,e3b0c44298fc1c149afbf4c8996fb92427ae41e4649b934ca495991b7852b855
runs/31/parent/attempts/12/train-predictions.csv,8601,7b5de1b02af23f1c1e0a04c6b2f9e15dc44f0ddb98eebddb88204d43ab6ac7d7
runs/31/parent/LEDGER.csv,4430,2c135dad9fb2b01da59f5f3d19fcd927ff176af19521c341e4c5dc24428d0772
runs/31/parent/researcher.py,4647,e4a64b3a0fc7864bcb512185c4a1ccf81e27e29fd7afc4fc7ff7f526cf57d7d2
runs/361235/i0/attempts/01/ADMITTED.md,126,d1c51dd3a8f6d768e5fc16318d8b64541bcb3b4946eec3c2993d5a1f77eb769b
runs/361235/i0/attempts/01/builder/candidate.py,155,5b423e72c15fe5c9dbe23b38c83c76d857fdb46ca0953f179f4de6a6e3fe18f6
runs/361235/i0/attempts/01/builder/parent_engine.py,3361,90e61cc1b2e54aaf54d7d9b48a44cd896de52e4f9d6c13ca7035d6bbebf86dc0
runs/361235/i0/attempts/01/builder/refinement_engine.py,5012,e905a209037c84cf1803ea9c9f37f21314305f3b578a6b6c78db3ba51a677670
runs/361235/i0/attempts/01/builder/revision_one_engine.py,2312,fe3e19c461ba778f21015f8fa96ed8546fa7fd5d0e93b370ac5d4823185d9571
runs/361235/i0/attempts/01/builder/revision_two_engine.py,3988,77d1ba8920eb83f2a245cba587fc166dfe138deb92b452db2e6a1907fac910b6
runs/361235/i0/attempts/01/builder/study_engine.py,2212,6085cc647f0b21b56d32d68025fbc49c3fabcfa0b9ce725f24573fb3b063711b
runs/361235/i0/attempts/01/BUILDER-FREEZE.csv,557,efea64f92b43b6777e4c410df0b684932a75b2b7f5806023426523c2da2bcbab
runs/361235/i0/attempts/01/INHERITANCE.csv,788,a9c18c3c7e8cc26072d9f5a09e0cb49afb71457f4f12fd46be5751e99511dedc
runs/361235/i0/attempts/01/METRICS.csv,202,fd263d577fedf698306ac2ab1f141576601161f91bdd6daa22633c30a2e72594
runs/361235/i0/attempts/01/PROPOSAL.csv,105,f0c3dd609cdd9fb523b2f37a52b2a69a5cebf2ba3421fd4fdb62396cb6e515e9
runs/361235/i0/attempts/01/selection-predictions.csv,9642,472803be5f31116447e8db9c693cd97085d0ae492f96e0e897c26b7814accc6c
runs/361235/i0/attempts/01/stderr.txt,0,e3b0c44298fc1c149afbf4c8996fb92427ae41e4649b934ca495991b7852b855
runs/361235/i0/attempts/01/stdout.txt,0,e3b0c44298fc1c149afbf4c8996fb92427ae41e4649b934ca495991b7852b855
runs/361235/i0/attempts/01/train-predictions.csv,28640,1ff4c8a384f55f6b904e96ce9ca036d7d55348f3d9ffd5fbeedb61249e1e489b
runs/361235/i0/attempts/02/ADMITTED.md,126,017686d946bb858973c86ff9e154ec66cd750f367716f6a3aa7858a5deae9701
runs/361235/i0/attempts/02/builder/candidate.py,146,cee7983f3d0ddd115d33a45f2830ad8b3d60bd191934fb2ad98a1d64046e661d
runs/361235/i0/attempts/02/builder/parent_engine.py,3361,90e61cc1b2e54aaf54d7d9b48a44cd896de52e4f9d6c13ca7035d6bbebf86dc0
runs/361235/i0/attempts/02/builder/refinement_engine.py,5012,e905a209037c84cf1803ea9c9f37f21314305f3b578a6b6c78db3ba51a677670
runs/361235/i0/attempts/02/builder/revision_one_engine.py,2312,fe3e19c461ba778f21015f8fa96ed8546fa7fd5d0e93b370ac5d4823185d9571
runs/361235/i0/attempts/02/builder/revision_two_engine.py,3988,77d1ba8920eb83f2a245cba587fc166dfe138deb92b452db2e6a1907fac910b6
runs/361235/i0/attempts/02/builder/study_engine.py,2212,6085cc647f0b21b56d32d68025fbc49c3fabcfa0b9ce725f24573fb3b063711b
runs/361235/i0/attempts/02/BUILDER-FREEZE.csv,557,4f3ff64319709f1388dd6599df2ec83e44527b0b9194dced102558701b15b3eb
runs/361235/i0/attempts/02/INHERITANCE.csv,788,a9c18c3c7e8cc26072d9f5a09e0cb49afb71457f4f12fd46be5751e99511dedc
runs/361235/i0/attempts/02/METRICS.csv,216,dab42a3089a7b0035c5c0dac5d51152479410ba0c213558012fdb4b12dc48295
runs/361235/i0/attempts/02/PROPOSAL.csv,96,b7c7861cb402b397faa4a108d78d93ec8325dfcf822d26e0cd05d5d9c52b6299
runs/361235/i0/attempts/02/selection-predictions.csv,9577,553910ad46cbe7c3b378cede3ab65245f115e6e9c58958642c4170ed58666dda
runs/361235/i0/attempts/02/stderr.txt,0,e3b0c44298fc1c149afbf4c8996fb92427ae41e4649b934ca495991b7852b855
runs/361235/i0/attempts/02/stdout.txt,0,e3b0c44298fc1c149afbf4c8996fb92427ae41e4649b934ca495991b7852b855
runs/361235/i0/attempts/02/train-predictions.csv,28462,a115e7418f57d1dc7418963bd55b4b2db88b2d8176044115fdab1905a113b355
runs/361235/i0/attempts/03/ADMITTED.md,126,f7a42742139fab76633e44e57c52fad3cb731660c46ce005b24ba28538e4c6da
runs/361235/i0/attempts/03/builder/candidate.py,153,0918ad65acc5281163c013cc98a4838d8a582c04ef2b144849472fa5bfbd8361
runs/361235/i0/attempts/03/builder/parent_engine.py,3361,90e61cc1b2e54aaf54d7d9b48a44cd896de52e4f9d6c13ca7035d6bbebf86dc0
runs/361235/i0/attempts/03/builder/refinement_engine.py,5012,e905a209037c84cf1803ea9c9f37f21314305f3b578a6b6c78db3ba51a677670
runs/361235/i0/attempts/03/builder/revision_one_engine.py,2312,fe3e19c461ba778f21015f8fa96ed8546fa7fd5d0e93b370ac5d4823185d9571
runs/361235/i0/attempts/03/builder/revision_two_engine.py,3988,77d1ba8920eb83f2a245cba587fc166dfe138deb92b452db2e6a1907fac910b6
runs/361235/i0/attempts/03/builder/study_engine.py,2212,6085cc647f0b21b56d32d68025fbc49c3fabcfa0b9ce725f24573fb3b063711b
runs/361235/i0/attempts/03/BUILDER-FREEZE.csv,557,f5d52910ea18489e8e7d856d199e3510e42f243010677cf2d4e24bf7d7351139
runs/361235/i0/attempts/03/INHERITANCE.csv,788,a9c18c3c7e8cc26072d9f5a09e0cb49afb71457f4f12fd46be5751e99511dedc
runs/361235/i0/attempts/03/METRICS.csv,216,03e6c04899c2516b0a7bbe32ac98473c270ff8ec20be2ab2973bbd070ddb9a46
runs/361235/i0/attempts/03/PROPOSAL.csv,103,05a49ba2d9cac1b746efed8683cb3010443d97ab5c924670180ae15db6b95c0d
runs/361235/i0/attempts/03/selection-predictions.csv,8518,990800b60ca30f01505347abdaccaa9fd984bdaf52127a4b901627d36158b4cd
runs/361235/i0/attempts/03/stderr.txt,0,e3b0c44298fc1c149afbf4c8996fb92427ae41e4649b934ca495991b7852b855
runs/361235/i0/attempts/03/stdout.txt,0,e3b0c44298fc1c149afbf4c8996fb92427ae41e4649b934ca495991b7852b855
runs/361235/i0/attempts/03/train-predictions.csv,25459,c55a00be8f603ad659896b7a9ccacf5dcf9ff8381f1d6ea40f0ac63988e50613
runs/361235/i0/attempts/04/ADMITTED.md,126,6e2819b0b0a80e208155f69735e404656f1f4ba49b7070e27f3276f21a8b766e
runs/361235/i0/attempts/04/builder/candidate.py,145,27d1a072e585c314d242425e3916152e1d5bc9acc0dda7b40e67395c1b8f1902
runs/361235/i0/attempts/04/builder/parent_engine.py,3361,90e61cc1b2e54aaf54d7d9b48a44cd896de52e4f9d6c13ca7035d6bbebf86dc0
runs/361235/i0/attempts/04/builder/refinement_engine.py,5012,e905a209037c84cf1803ea9c9f37f21314305f3b578a6b6c78db3ba51a677670
runs/361235/i0/attempts/04/builder/revision_one_engine.py,2312,fe3e19c461ba778f21015f8fa96ed8546fa7fd5d0e93b370ac5d4823185d9571
runs/361235/i0/attempts/04/builder/revision_two_engine.py,3988,77d1ba8920eb83f2a245cba587fc166dfe138deb92b452db2e6a1907fac910b6
runs/361235/i0/attempts/04/builder/study_engine.py,2212,6085cc647f0b21b56d32d68025fbc49c3fabcfa0b9ce725f24573fb3b063711b
runs/361235/i0/attempts/04/BUILDER-FREEZE.csv,557,c9446868cc86fde9fff8c40aea9335b1ba98c83a1a4bfe898dbc8944daa1ed39
runs/361235/i0/attempts/04/INHERITANCE.csv,788,a9c18c3c7e8cc26072d9f5a09e0cb49afb71457f4f12fd46be5751e99511dedc
runs/361235/i0/attempts/04/METRICS.csv,219,54aee3aa3ff21b9c41c5e7ae6831e3047199dd49a6624e8d009e9c3985a9a935
runs/361235/i0/attempts/04/PROPOSAL.csv,95,2d925ee6ec8562b48fac0116acbc6a05f71dc78503097df2222d1c2d8fa394a6
runs/361235/i0/attempts/04/selection-predictions.csv,9576,42032c9fba36b4f0cc995401399d75efcc99c8adcb37d3836d41a08edf640d85
runs/361235/i0/attempts/04/stderr.txt,0,e3b0c44298fc1c149afbf4c8996fb92427ae41e4649b934ca495991b7852b855
runs/361235/i0/attempts/04/stdout.txt,0,e3b0c44298fc1c149afbf4c8996fb92427ae41e4649b934ca495991b7852b855
runs/361235/i0/attempts/04/train-predictions.csv,28462,aeb708da62ae7b19cd59ba0a567bc07e5e00600bdcefec766fc6653c87415fbc
runs/361235/i0/attempts/05/ADMITTED.md,126,cf53fc658303b9803aca0e10903fc942cdd26b10c2163a0fc08d229b9ea58070
runs/361235/i0/attempts/05/builder/candidate.py,151,fe9f52aac6fae812ea74bfe6725897abb4cf9f7a3df60d58683d0107f65b1d3b
runs/361235/i0/attempts/05/builder/parent_engine.py,3361,90e61cc1b2e54aaf54d7d9b48a44cd896de52e4f9d6c13ca7035d6bbebf86dc0
runs/361235/i0/attempts/05/builder/refinement_engine.py,5012,e905a209037c84cf1803ea9c9f37f21314305f3b578a6b6c78db3ba51a677670
runs/361235/i0/attempts/05/builder/revision_one_engine.py,2312,fe3e19c461ba778f21015f8fa96ed8546fa7fd5d0e93b370ac5d4823185d9571
runs/361235/i0/attempts/05/builder/revision_two_engine.py,3988,77d1ba8920eb83f2a245cba587fc166dfe138deb92b452db2e6a1907fac910b6
runs/361235/i0/attempts/05/builder/study_engine.py,2212,6085cc647f0b21b56d32d68025fbc49c3fabcfa0b9ce725f24573fb3b063711b
runs/361235/i0/attempts/05/BUILDER-FREEZE.csv,557,9d7f8a8d204fe4869e132ce052e84f4734e5f8f80a8087236cc2e6a9e9d23f4e
runs/361235/i0/attempts/05/INHERITANCE.csv,788,a9c18c3c7e8cc26072d9f5a09e0cb49afb71457f4f12fd46be5751e99511dedc
runs/361235/i0/attempts/05/METRICS.csv,224,344623d2527da1834bfde99e5b9ea79b012f6f160236678759277dca9d15183b
runs/361235/i0/attempts/05/PROPOSAL.csv,101,1ce836733fa0a39b644111c7f5b50c27c500b33975835766f82a45dd98035736
runs/361235/i0/attempts/05/selection-predictions.csv,8613,68322ce98a50313a7f9626519caea563d750a2c0e2128dc7fe3b13fd92628ad0
runs/361235/i0/attempts/05/stderr.txt,0,e3b0c44298fc1c149afbf4c8996fb92427ae41e4649b934ca495991b7852b855
runs/361235/i0/attempts/05/stdout.txt,0,e3b0c44298fc1c149afbf4c8996fb92427ae41e4649b934ca495991b7852b855
runs/361235/i0/attempts/05/train-predictions.csv,21566,9a152597ae771508c22caa8a8a03b38a5b06fe016c1da45789b44348ce417171
runs/361235/i0/attempts/06/ADMITTED.md,126,5c1df847da00f0c9021659ddae2bd1da306859f3ef8190854853e7fb435d2705
runs/361235/i0/attempts/06/builder/candidate.py,150,c57445ba4248176a610264d02f47077484c9b2db467b3617b7e6c2d09fac91b3
runs/361235/i0/attempts/06/builder/parent_engine.py,3361,90e61cc1b2e54aaf54d7d9b48a44cd896de52e4f9d6c13ca7035d6bbebf86dc0
runs/361235/i0/attempts/06/builder/refinement_engine.py,5012,e905a209037c84cf1803ea9c9f37f21314305f3b578a6b6c78db3ba51a677670
runs/361235/i0/attempts/06/builder/revision_one_engine.py,2312,fe3e19c461ba778f21015f8fa96ed8546fa7fd5d0e93b370ac5d4823185d9571
runs/361235/i0/attempts/06/builder/revision_two_engine.py,3988,77d1ba8920eb83f2a245cba587fc166dfe138deb92b452db2e6a1907fac910b6
runs/361235/i0/attempts/06/builder/study_engine.py,2212,6085cc647f0b21b56d32d68025fbc49c3fabcfa0b9ce725f24573fb3b063711b
runs/361235/i0/attempts/06/BUILDER-FREEZE.csv,557,5615280c1139a77d21579bdb2f7de854f39db3e2c1d248783c10fe42a71c17bd
runs/361235/i0/attempts/06/INHERITANCE.csv,788,a9c18c3c7e8cc26072d9f5a09e0cb49afb71457f4f12fd46be5751e99511dedc
runs/361235/i0/attempts/06/METRICS.csv,216,01813a20eabb5598911b2f4daf67ead7f13a2652813650a63bb539e597dfa8e6
runs/361235/i0/attempts/06/PROPOSAL.csv,100,5c7e5e620daed35b59df51493e78f99c90770c01ae8b182f880054d159f8f358
runs/361235/i0/attempts/06/selection-predictions.csv,9579,39168feaf0c88e4801ec0b34b3646c78ba6ce525a68c79c407900ff4bd7c7c04
runs/361235/i0/attempts/06/stderr.txt,0,e3b0c44298fc1c149afbf4c8996fb92427ae41e4649b934ca495991b7852b855
runs/361235/i0/attempts/06/stdout.txt,0,e3b0c44298fc1c149afbf4c8996fb92427ae41e4649b934ca495991b7852b855
runs/361235/i0/attempts/06/train-predictions.csv,28463,fad0064b10655e32baec8983ced4530dbca904d80bb6eaedaade5643c916c997
runs/361235/i0/attempts/07/ADMITTED.md,126,031032da0533dd56e8b2eb871d56de919edeff1eccee303ba4f83fb9d97fca10
runs/361235/i0/attempts/07/builder/candidate.py,146,99666013fed9dfb0cb3c8aefeb0ff36ea73030482a9d8666d270a500e98c3cc7
runs/361235/i0/attempts/07/builder/parent_engine.py,3361,90e61cc1b2e54aaf54d7d9b48a44cd896de52e4f9d6c13ca7035d6bbebf86dc0
runs/361235/i0/attempts/07/builder/refinement_engine.py,5012,e905a209037c84cf1803ea9c9f37f21314305f3b578a6b6c78db3ba51a677670
runs/361235/i0/attempts/07/builder/revision_one_engine.py,2312,fe3e19c461ba778f21015f8fa96ed8546fa7fd5d0e93b370ac5d4823185d9571
runs/361235/i0/attempts/07/builder/revision_two_engine.py,3988,77d1ba8920eb83f2a245cba587fc166dfe138deb92b452db2e6a1907fac910b6
runs/361235/i0/attempts/07/builder/study_engine.py,2212,6085cc647f0b21b56d32d68025fbc49c3fabcfa0b9ce725f24573fb3b063711b
runs/361235/i0/attempts/07/BUILDER-FREEZE.csv,557,92a55479c4f92a7ca4124cda1e1bc5f53f071d2a2a392d886b09434eedc716b7
runs/361235/i0/attempts/07/INHERITANCE.csv,788,a9c18c3c7e8cc26072d9f5a09e0cb49afb71457f4f12fd46be5751e99511dedc
runs/361235/i0/attempts/07/METRICS.csv,216,c50833394a00c9e8f16430bd013cb4fcad0d2b8a37270907052d0efde43c0617
runs/361235/i0/attempts/07/PROPOSAL.csv,96,c497706dcfe8bc1267c34933f95c87592676a931a20a753b7d90a2879b2113d7
runs/361235/i0/attempts/07/selection-predictions.csv,9568,2e1f1ac1eddd8285585c496d715d20e453f93e101f72f89f3f16b5680388d1fc
runs/361235/i0/attempts/07/stderr.txt,0,e3b0c44298fc1c149afbf4c8996fb92427ae41e4649b934ca495991b7852b855
runs/361235/i0/attempts/07/stdout.txt,0,e3b0c44298fc1c149afbf4c8996fb92427ae41e4649b934ca495991b7852b855
runs/361235/i0/attempts/07/train-predictions.csv,28438,d7fc43bbb1f28dfe8a8e7aa9993e65f07d51f65c772d692fb966f2f4b844e270
runs/361235/i0/attempts/08/ADMITTED.md,126,27167c10ea485712950686b9a9832ec73fd30d04313543facebeef998cc80081
runs/361235/i0/attempts/08/builder/candidate.py,151,c46021861851ef435427b9f0d4ad8644c28fd08fbc487b79e306da2db4e555cb
runs/361235/i0/attempts/08/builder/parent_engine.py,3361,90e61cc1b2e54aaf54d7d9b48a44cd896de52e4f9d6c13ca7035d6bbebf86dc0
runs/361235/i0/attempts/08/builder/refinement_engine.py,5012,e905a209037c84cf1803ea9c9f37f21314305f3b578a6b6c78db3ba51a677670
runs/361235/i0/attempts/08/builder/revision_one_engine.py,2312,fe3e19c461ba778f21015f8fa96ed8546fa7fd5d0e93b370ac5d4823185d9571
runs/361235/i0/attempts/08/builder/revision_two_engine.py,3988,77d1ba8920eb83f2a245cba587fc166dfe138deb92b452db2e6a1907fac910b6
runs/361235/i0/attempts/08/builder/study_engine.py,2212,6085cc647f0b21b56d32d68025fbc49c3fabcfa0b9ce725f24573fb3b063711b
runs/361235/i0/attempts/08/BUILDER-FREEZE.csv,557,53b8b44259500ba8ee9f70e7fae3ff0ceee64b54fd3ea6e26ddaff082bed63d6
runs/361235/i0/attempts/08/INHERITANCE.csv,788,a9c18c3c7e8cc26072d9f5a09e0cb49afb71457f4f12fd46be5751e99511dedc
runs/361235/i0/attempts/08/METRICS.csv,186,9658b29b7edc026f72abfc89c94d2a6eb3b7e4f38579244ad803b9158907b6b5
runs/361235/i0/attempts/08/PROPOSAL.csv,101,a913a494e0df82ba962f41dff45d930cdabb43be5163520686a7e6e60ee716e8
runs/361235/i0/attempts/08/selection-predictions.csv,9553,371889eb5b267603773a7f5cf63ebc8b95d57bc4ecd13cf9d48dc8debd4cce8e
runs/361235/i0/attempts/08/stderr.txt,0,e3b0c44298fc1c149afbf4c8996fb92427ae41e4649b934ca495991b7852b855
runs/361235/i0/attempts/08/stdout.txt,0,e3b0c44298fc1c149afbf4c8996fb92427ae41e4649b934ca495991b7852b855
runs/361235/i0/attempts/08/train-predictions.csv,18759,a1346bdc03a9642d78691f4b81114db1a6c2c556d6ffc0df775e5a77ca012a8d
runs/361235/i0/attempts/09/ADMITTED.md,126,d1c97b8241b837b483126260ec59237d86fa47aef2f007b8af995561d79e3f6e
runs/361235/i0/attempts/09/builder/candidate.py,151,fed54f518013b9c12378bedee95f95ab81e067841a6c3d5181ebf3325822aa23
runs/361235/i0/attempts/09/builder/parent_engine.py,3361,90e61cc1b2e54aaf54d7d9b48a44cd896de52e4f9d6c13ca7035d6bbebf86dc0
runs/361235/i0/attempts/09/builder/refinement_engine.py,5012,e905a209037c84cf1803ea9c9f37f21314305f3b578a6b6c78db3ba51a677670
runs/361235/i0/attempts/09/builder/revision_one_engine.py,2312,fe3e19c461ba778f21015f8fa96ed8546fa7fd5d0e93b370ac5d4823185d9571
runs/361235/i0/attempts/09/builder/revision_two_engine.py,3988,77d1ba8920eb83f2a245cba587fc166dfe138deb92b452db2e6a1907fac910b6
runs/361235/i0/attempts/09/builder/study_engine.py,2212,6085cc647f0b21b56d32d68025fbc49c3fabcfa0b9ce725f24573fb3b063711b
runs/361235/i0/attempts/09/BUILDER-FREEZE.csv,557,30313b93073438350f6c6b2096e79433440402a77c51aae689a267eedec6e205
runs/361235/i0/attempts/09/INHERITANCE.csv,788,a9c18c3c7e8cc26072d9f5a09e0cb49afb71457f4f12fd46be5751e99511dedc
runs/361235/i0/attempts/09/METRICS.csv,215,154b541dc6617dd75f3d417e88c76cf46937701cd7a7d2d51c94d6dea5e530f9
runs/361235/i0/attempts/09/PARENT-CANDIDATE.py,151,fe9f52aac6fae812ea74bfe6725897abb4cf9f7a3df60d58683d0107f65b1d3b
runs/361235/i0/attempts/09/PROPOSAL.csv,111,ef678c318bf9f70b1484c548fbb91d787680dfdee1ed0db20c8dc321c209bddc
runs/361235/i0/attempts/09/selection-predictions.csv,9589,6447c75ac00e1cfa083884af11d0f20eecb72c8da7b7f5a04e492c69c96c2bf2
runs/361235/i0/attempts/09/stderr.txt,0,e3b0c44298fc1c149afbf4c8996fb92427ae41e4649b934ca495991b7852b855
runs/361235/i0/attempts/09/stdout.txt,0,e3b0c44298fc1c149afbf4c8996fb92427ae41e4649b934ca495991b7852b855
runs/361235/i0/attempts/09/train-predictions.csv,28472,2d52a283c2856a88978e27025c2d81e7873dd4c6f055a1da7825424a2520106c
runs/361235/i0/attempts/10/ADMITTED.md,126,530aab3e35954d0cc2c46568389169a66ec0c72e8ab547d1738890488752fb26
runs/361235/i0/attempts/10/builder/candidate.py,152,2f45f11953bed6438a5365e7c419adfbdc1edbb1a6920fd6885873bed764230f
runs/361235/i0/attempts/10/builder/parent_engine.py,3361,90e61cc1b2e54aaf54d7d9b48a44cd896de52e4f9d6c13ca7035d6bbebf86dc0
runs/361235/i0/attempts/10/builder/refinement_engine.py,5012,e905a209037c84cf1803ea9c9f37f21314305f3b578a6b6c78db3ba51a677670
runs/361235/i0/attempts/10/builder/revision_one_engine.py,2312,fe3e19c461ba778f21015f8fa96ed8546fa7fd5d0e93b370ac5d4823185d9571
runs/361235/i0/attempts/10/builder/revision_two_engine.py,3988,77d1ba8920eb83f2a245cba587fc166dfe138deb92b452db2e6a1907fac910b6
runs/361235/i0/attempts/10/builder/study_engine.py,2212,6085cc647f0b21b56d32d68025fbc49c3fabcfa0b9ce725f24573fb3b063711b
runs/361235/i0/attempts/10/BUILDER-FREEZE.csv,557,459ebf8cb1d395b031a67d1ba1fb5d156a6d0ddea2ad6cb115da1bbb584a5610
runs/361235/i0/attempts/10/INHERITANCE.csv,788,a9c18c3c7e8cc26072d9f5a09e0cb49afb71457f4f12fd46be5751e99511dedc
runs/361235/i0/attempts/10/METRICS.csv,213,da08325082ee7dbe02dc106b88501d658119c53cdd49022cd0403a0ab413e23b
runs/361235/i0/attempts/10/PARENT-CANDIDATE.py,151,fe9f52aac6fae812ea74bfe6725897abb4cf9f7a3df60d58683d0107f65b1d3b
runs/361235/i0/attempts/10/PROPOSAL.csv,113,b464fedc96893b72a1ac951dab21f962be9f27390e626c6b1ccb63ea358d7324
runs/361235/i0/attempts/10/selection-predictions.csv,9587,9c0d6e2d771bee863a401356fc8f8971d00b76114b8d681cf4ccf9b6919e1107
runs/361235/i0/attempts/10/stderr.txt,0,e3b0c44298fc1c149afbf4c8996fb92427ae41e4649b934ca495991b7852b855
runs/361235/i0/attempts/10/stdout.txt,0,e3b0c44298fc1c149afbf4c8996fb92427ae41e4649b934ca495991b7852b855
runs/361235/i0/attempts/10/train-predictions.csv,28509,405b5a440b90e554a3a9b6fb0bae89d4af28d1b3f4b034a353419c0f95ed4398
runs/361235/i0/attempts/11/ADMITTED.md,126,3e76add1a0961ff58362ccb28a807c419728e0d2ed699bc2ac272f763099f864
runs/361235/i0/attempts/11/builder/candidate.py,152,1d08d4aafdfac0ddc8c509e9f3bbc59b7485a4c4fd8f093759d511153e902f47
runs/361235/i0/attempts/11/builder/parent_engine.py,3361,90e61cc1b2e54aaf54d7d9b48a44cd896de52e4f9d6c13ca7035d6bbebf86dc0
runs/361235/i0/attempts/11/builder/refinement_engine.py,5012,e905a209037c84cf1803ea9c9f37f21314305f3b578a6b6c78db3ba51a677670
runs/361235/i0/attempts/11/builder/revision_one_engine.py,2312,fe3e19c461ba778f21015f8fa96ed8546fa7fd5d0e93b370ac5d4823185d9571
runs/361235/i0/attempts/11/builder/revision_two_engine.py,3988,77d1ba8920eb83f2a245cba587fc166dfe138deb92b452db2e6a1907fac910b6
runs/361235/i0/attempts/11/builder/study_engine.py,2212,6085cc647f0b21b56d32d68025fbc49c3fabcfa0b9ce725f24573fb3b063711b
runs/361235/i0/attempts/11/BUILDER-FREEZE.csv,557,00827153f9b322ff72d02a308c22a56f6aba05c060f2f49689640ab11adad836
runs/361235/i0/attempts/11/INHERITANCE.csv,788,a9c18c3c7e8cc26072d9f5a09e0cb49afb71457f4f12fd46be5751e99511dedc
runs/361235/i0/attempts/11/METRICS.csv,213,eff1043a30a23ee5abcf76492c418bfdd61dd5a18bc5a7ae0cd36d7cd96f2eed
runs/361235/i0/attempts/11/PARENT-CANDIDATE.py,151,fe9f52aac6fae812ea74bfe6725897abb4cf9f7a3df60d58683d0107f65b1d3b
runs/361235/i0/attempts/11/PROPOSAL.csv,113,1117f54ea34d33af991548870ea3558f00b33e68bd67585df5887ae8ebf175d8
runs/361235/i0/attempts/11/selection-predictions.csv,9592,118183d0b2cd722efd0a4e6bccf71c75843bd6f69b418eac689cd7c359533802
runs/361235/i0/attempts/11/stderr.txt,0,e3b0c44298fc1c149afbf4c8996fb92427ae41e4649b934ca495991b7852b855
runs/361235/i0/attempts/11/stdout.txt,0,e3b0c44298fc1c149afbf4c8996fb92427ae41e4649b934ca495991b7852b855
runs/361235/i0/attempts/11/train-predictions.csv,28473,c7b17ee97d4caea20e8bf45a7d299fbc4beb7dd6e0275f7ca500b7fa5ff87354
runs/361235/i0/attempts/12/ADMITTED.md,126,71aade178625b9c92fd9e8ae918adf72b4e3a195391f5905396775f3708e313f
runs/361235/i0/attempts/12/builder/candidate.py,153,f79304cf38a91466c2816e71a0277d2e77fe11bf3039ab0b94d0f071df866cba
runs/361235/i0/attempts/12/builder/parent_engine.py,3361,90e61cc1b2e54aaf54d7d9b48a44cd896de52e4f9d6c13ca7035d6bbebf86dc0
runs/361235/i0/attempts/12/builder/refinement_engine.py,5012,e905a209037c84cf1803ea9c9f37f21314305f3b578a6b6c78db3ba51a677670
runs/361235/i0/attempts/12/builder/revision_one_engine.py,2312,fe3e19c461ba778f21015f8fa96ed8546fa7fd5d0e93b370ac5d4823185d9571
runs/361235/i0/attempts/12/builder/revision_two_engine.py,3988,77d1ba8920eb83f2a245cba587fc166dfe138deb92b452db2e6a1907fac910b6
runs/361235/i0/attempts/12/builder/study_engine.py,2212,6085cc647f0b21b56d32d68025fbc49c3fabcfa0b9ce725f24573fb3b063711b
runs/361235/i0/attempts/12/BUILDER-FREEZE.csv,557,dc7e773906e45721b433425d5ca0e56c63c1238fce368619173d474b3cafa4ba
runs/361235/i0/attempts/12/INHERITANCE.csv,788,a9c18c3c7e8cc26072d9f5a09e0cb49afb71457f4f12fd46be5751e99511dedc
runs/361235/i0/attempts/12/METRICS.csv,214,c7f3480a8bd279ede0199adac1eb3129c95cc7315af47aea1882be27a6467038
runs/361235/i0/attempts/12/PARENT-CANDIDATE.py,151,fe9f52aac6fae812ea74bfe6725897abb4cf9f7a3df60d58683d0107f65b1d3b
runs/361235/i0/attempts/12/PROPOSAL.csv,114,03a99532efbe09aa70c4dca99f42f639dbc49c44f04f74f94f5884fb5b619678
runs/361235/i0/attempts/12/selection-predictions.csv,9591,95662c2bc45d08bec2a6e348c2edea636c1f2d5a711071476034d8249f8472cc
runs/361235/i0/attempts/12/stderr.txt,0,e3b0c44298fc1c149afbf4c8996fb92427ae41e4649b934ca495991b7852b855
runs/361235/i0/attempts/12/stdout.txt,0,e3b0c44298fc1c149afbf4c8996fb92427ae41e4649b934ca495991b7852b855
runs/361235/i0/attempts/12/train-predictions.csv,28508,c8658010aaf0a6813d3af5e1bc2d5965ae0a7391e196b79f00b34e4e28f62298
runs/361235/i0/LEDGER.csv,4448,22d9036432e5559d218bd99137b5bd1afc4be51508e39e09a6185e1590d03e6a
runs/361235/i0/researcher.py,4647,c46276d2e2cb9e1df4c329b6c5517b13a9c3b7b4dd554ce367920986cb14f60f
runs/361235/i1/attempts/01/ADMITTED.md,126,c339391f67b5630add0a284d310e75b062f112407ce90f03a6d0c47e8e0e3b69
runs/361235/i1/attempts/01/builder/candidate.py,155,5b423e72c15fe5c9dbe23b38c83c76d857fdb46ca0953f179f4de6a6e3fe18f6
runs/361235/i1/attempts/01/builder/parent_engine.py,3361,90e61cc1b2e54aaf54d7d9b48a44cd896de52e4f9d6c13ca7035d6bbebf86dc0
runs/361235/i1/attempts/01/builder/refinement_engine.py,5012,e905a209037c84cf1803ea9c9f37f21314305f3b578a6b6c78db3ba51a677670
runs/361235/i1/attempts/01/builder/revision_one_engine.py,2312,fe3e19c461ba778f21015f8fa96ed8546fa7fd5d0e93b370ac5d4823185d9571
runs/361235/i1/attempts/01/builder/revision_two_engine.py,3988,77d1ba8920eb83f2a245cba587fc166dfe138deb92b452db2e6a1907fac910b6
runs/361235/i1/attempts/01/builder/study_engine.py,2212,6085cc647f0b21b56d32d68025fbc49c3fabcfa0b9ce725f24573fb3b063711b
runs/361235/i1/attempts/01/BUILDER-FREEZE.csv,557,efea64f92b43b6777e4c410df0b684932a75b2b7f5806023426523c2da2bcbab
runs/361235/i1/attempts/01/INHERITANCE.csv,788,a9c18c3c7e8cc26072d9f5a09e0cb49afb71457f4f12fd46be5751e99511dedc
runs/361235/i1/attempts/01/METRICS.csv,200,69f7a9b9455f942dbbf282f61184f549fa0f270cccba3f9388ecc41c71d5a01c
runs/361235/i1/attempts/01/PROPOSAL.csv,105,f0c3dd609cdd9fb523b2f37a52b2a69a5cebf2ba3421fd4fdb62396cb6e515e9
runs/361235/i1/attempts/01/selection-predictions.csv,9642,472803be5f31116447e8db9c693cd97085d0ae492f96e0e897c26b7814accc6c
runs/361235/i1/attempts/01/stderr.txt,0,e3b0c44298fc1c149afbf4c8996fb92427ae41e4649b934ca495991b7852b855
runs/361235/i1/attempts/01/stdout.txt,0,e3b0c44298fc1c149afbf4c8996fb92427ae41e4649b934ca495991b7852b855
runs/361235/i1/attempts/01/train-predictions.csv,28640,1ff4c8a384f55f6b904e96ce9ca036d7d55348f3d9ffd5fbeedb61249e1e489b
runs/361235/i1/attempts/02/ADMITTED.md,126,eb548d9a733c860a3d13fc16f6c45dc14d7d43c24a7bc67a026efc52a38e9544
runs/361235/i1/attempts/02/builder/candidate.py,146,cee7983f3d0ddd115d33a45f2830ad8b3d60bd191934fb2ad98a1d64046e661d
runs/361235/i1/attempts/02/builder/parent_engine.py,3361,90e61cc1b2e54aaf54d7d9b48a44cd896de52e4f9d6c13ca7035d6bbebf86dc0
runs/361235/i1/attempts/02/builder/refinement_engine.py,5012,e905a209037c84cf1803ea9c9f37f21314305f3b578a6b6c78db3ba51a677670
runs/361235/i1/attempts/02/builder/revision_one_engine.py,2312,fe3e19c461ba778f21015f8fa96ed8546fa7fd5d0e93b370ac5d4823185d9571
runs/361235/i1/attempts/02/builder/revision_two_engine.py,3988,77d1ba8920eb83f2a245cba587fc166dfe138deb92b452db2e6a1907fac910b6
runs/361235/i1/attempts/02/builder/study_engine.py,2212,6085cc647f0b21b56d32d68025fbc49c3fabcfa0b9ce725f24573fb3b063711b
runs/361235/i1/attempts/02/BUILDER-FREEZE.csv,557,4f3ff64319709f1388dd6599df2ec83e44527b0b9194dced102558701b15b3eb
runs/361235/i1/attempts/02/INHERITANCE.csv,788,a9c18c3c7e8cc26072d9f5a09e0cb49afb71457f4f12fd46be5751e99511dedc
runs/361235/i1/attempts/02/METRICS.csv,212,996c0b40296af9f695d0571cc61ba121d9645a0de3b3cd7b7718a9016319384d
runs/361235/i1/attempts/02/PROPOSAL.csv,96,b7c7861cb402b397faa4a108d78d93ec8325dfcf822d26e0cd05d5d9c52b6299
runs/361235/i1/attempts/02/selection-predictions.csv,9577,553910ad46cbe7c3b378cede3ab65245f115e6e9c58958642c4170ed58666dda
runs/361235/i1/attempts/02/stderr.txt,0,e3b0c44298fc1c149afbf4c8996fb92427ae41e4649b934ca495991b7852b855
runs/361235/i1/attempts/02/stdout.txt,0,e3b0c44298fc1c149afbf4c8996fb92427ae41e4649b934ca495991b7852b855
runs/361235/i1/attempts/02/train-predictions.csv,28462,a115e7418f57d1dc7418963bd55b4b2db88b2d8176044115fdab1905a113b355
runs/361235/i1/attempts/03/ADMITTED.md,126,03fdb1f404fa6b09911181382bc2c3c1add1ccc297b5d9a7f0d851c3f7f26c32
runs/361235/i1/attempts/03/builder/candidate.py,153,0918ad65acc5281163c013cc98a4838d8a582c04ef2b144849472fa5bfbd8361
runs/361235/i1/attempts/03/builder/parent_engine.py,3361,90e61cc1b2e54aaf54d7d9b48a44cd896de52e4f9d6c13ca7035d6bbebf86dc0
runs/361235/i1/attempts/03/builder/refinement_engine.py,5012,e905a209037c84cf1803ea9c9f37f21314305f3b578a6b6c78db3ba51a677670
runs/361235/i1/attempts/03/builder/revision_one_engine.py,2312,fe3e19c461ba778f21015f8fa96ed8546fa7fd5d0e93b370ac5d4823185d9571
runs/361235/i1/attempts/03/builder/revision_two_engine.py,3988,77d1ba8920eb83f2a245cba587fc166dfe138deb92b452db2e6a1907fac910b6
runs/361235/i1/attempts/03/builder/study_engine.py,2212,6085cc647f0b21b56d32d68025fbc49c3fabcfa0b9ce725f24573fb3b063711b
runs/361235/i1/attempts/03/BUILDER-FREEZE.csv,557,f5d52910ea18489e8e7d856d199e3510e42f243010677cf2d4e24bf7d7351139
runs/361235/i1/attempts/03/INHERITANCE.csv,788,a9c18c3c7e8cc26072d9f5a09e0cb49afb71457f4f12fd46be5751e99511dedc
runs/361235/i1/attempts/03/METRICS.csv,216,2dfd97364431f770ae83f84da3c114b8c42b4884ba3d88c0609406c16dd385c0
runs/361235/i1/attempts/03/PROPOSAL.csv,103,05a49ba2d9cac1b746efed8683cb3010443d97ab5c924670180ae15db6b95c0d
runs/361235/i1/attempts/03/selection-predictions.csv,8518,990800b60ca30f01505347abdaccaa9fd984bdaf52127a4b901627d36158b4cd
runs/361235/i1/attempts/03/stderr.txt,0,e3b0c44298fc1c149afbf4c8996fb92427ae41e4649b934ca495991b7852b855
runs/361235/i1/attempts/03/stdout.txt,0,e3b0c44298fc1c149afbf4c8996fb92427ae41e4649b934ca495991b7852b855
runs/361235/i1/attempts/03/train-predictions.csv,25459,c55a00be8f603ad659896b7a9ccacf5dcf9ff8381f1d6ea40f0ac63988e50613
runs/361235/i1/attempts/04/ADMITTED.md,126,73a31592b41c1090a1aa5f9ff84838a491cfc95244416815f4df5a4f75d7975b
runs/361235/i1/attempts/04/builder/candidate.py,145,27d1a072e585c314d242425e3916152e1d5bc9acc0dda7b40e67395c1b8f1902
runs/361235/i1/attempts/04/builder/parent_engine.py,3361,90e61cc1b2e54aaf54d7d9b48a44cd896de52e4f9d6c13ca7035d6bbebf86dc0
runs/361235/i1/attempts/04/builder/refinement_engine.py,5012,e905a209037c84cf1803ea9c9f37f21314305f3b578a6b6c78db3ba51a677670
runs/361235/i1/attempts/04/builder/revision_one_engine.py,2312,fe3e19c461ba778f21015f8fa96ed8546fa7fd5d0e93b370ac5d4823185d9571
runs/361235/i1/attempts/04/builder/revision_two_engine.py,3988,77d1ba8920eb83f2a245cba587fc166dfe138deb92b452db2e6a1907fac910b6
runs/361235/i1/attempts/04/builder/study_engine.py,2212,6085cc647f0b21b56d32d68025fbc49c3fabcfa0b9ce725f24573fb3b063711b
runs/361235/i1/attempts/04/BUILDER-FREEZE.csv,557,c9446868cc86fde9fff8c40aea9335b1ba98c83a1a4bfe898dbc8944daa1ed39
runs/361235/i1/attempts/04/INHERITANCE.csv,788,a9c18c3c7e8cc26072d9f5a09e0cb49afb71457f4f12fd46be5751e99511dedc
runs/361235/i1/attempts/04/METRICS.csv,219,b4aa77a52bb78b87bdfc62fded23e448c1fbfc36534b01fcc7582812b247c9a0
runs/361235/i1/attempts/04/PROPOSAL.csv,95,2d925ee6ec8562b48fac0116acbc6a05f71dc78503097df2222d1c2d8fa394a6
runs/361235/i1/attempts/04/selection-predictions.csv,9576,42032c9fba36b4f0cc995401399d75efcc99c8adcb37d3836d41a08edf640d85
runs/361235/i1/attempts/04/stderr.txt,0,e3b0c44298fc1c149afbf4c8996fb92427ae41e4649b934ca495991b7852b855
runs/361235/i1/attempts/04/stdout.txt,0,e3b0c44298fc1c149afbf4c8996fb92427ae41e4649b934ca495991b7852b855
runs/361235/i1/attempts/04/train-predictions.csv,28462,aeb708da62ae7b19cd59ba0a567bc07e5e00600bdcefec766fc6653c87415fbc
runs/361235/i1/attempts/05/ADMITTED.md,126,54479956114cdb01742df33654f46aa75204d023c821a096ba6b72f4f84708cf
runs/361235/i1/attempts/05/builder/candidate.py,151,fe9f52aac6fae812ea74bfe6725897abb4cf9f7a3df60d58683d0107f65b1d3b
runs/361235/i1/attempts/05/builder/parent_engine.py,3361,90e61cc1b2e54aaf54d7d9b48a44cd896de52e4f9d6c13ca7035d6bbebf86dc0
runs/361235/i1/attempts/05/builder/refinement_engine.py,5012,e905a209037c84cf1803ea9c9f37f21314305f3b578a6b6c78db3ba51a677670
runs/361235/i1/attempts/05/builder/revision_one_engine.py,2312,fe3e19c461ba778f21015f8fa96ed8546fa7fd5d0e93b370ac5d4823185d9571
runs/361235/i1/attempts/05/builder/revision_two_engine.py,3988,77d1ba8920eb83f2a245cba587fc166dfe138deb92b452db2e6a1907fac910b6
runs/361235/i1/attempts/05/builder/study_engine.py,2212,6085cc647f0b21b56d32d68025fbc49c3fabcfa0b9ce725f24573fb3b063711b
runs/361235/i1/attempts/05/BUILDER-FREEZE.csv,557,9d7f8a8d204fe4869e132ce052e84f4734e5f8f80a8087236cc2e6a9e9d23f4e
runs/361235/i1/attempts/05/INHERITANCE.csv,788,a9c18c3c7e8cc26072d9f5a09e0cb49afb71457f4f12fd46be5751e99511dedc
runs/361235/i1/attempts/05/METRICS.csv,224,3c62e5536254d28686d14c263032932aaadcfd0cc718b8a14020f7103043faf5
runs/361235/i1/attempts/05/PROPOSAL.csv,101,1ce836733fa0a39b644111c7f5b50c27c500b33975835766f82a45dd98035736
runs/361235/i1/attempts/05/selection-predictions.csv,8613,68322ce98a50313a7f9626519caea563d750a2c0e2128dc7fe3b13fd92628ad0
runs/361235/i1/attempts/05/stderr.txt,0,e3b0c44298fc1c149afbf4c8996fb92427ae41e4649b934ca495991b7852b855
runs/361235/i1/attempts/05/stdout.txt,0,e3b0c44298fc1c149afbf4c8996fb92427ae41e4649b934ca495991b7852b855
runs/361235/i1/attempts/05/train-predictions.csv,21566,9a152597ae771508c22caa8a8a03b38a5b06fe016c1da45789b44348ce417171
runs/361235/i1/attempts/06/ADMITTED.md,126,5e52a2c61aa7963b272918689e21c01a383729f30cf1edcec0b015553e1954a1
runs/361235/i1/attempts/06/builder/candidate.py,150,c57445ba4248176a610264d02f47077484c9b2db467b3617b7e6c2d09fac91b3
runs/361235/i1/attempts/06/builder/parent_engine.py,3361,90e61cc1b2e54aaf54d7d9b48a44cd896de52e4f9d6c13ca7035d6bbebf86dc0
runs/361235/i1/attempts/06/builder/refinement_engine.py,5012,e905a209037c84cf1803ea9c9f37f21314305f3b578a6b6c78db3ba51a677670
runs/361235/i1/attempts/06/builder/revision_one_engine.py,2312,fe3e19c461ba778f21015f8fa96ed8546fa7fd5d0e93b370ac5d4823185d9571
runs/361235/i1/attempts/06/builder/revision_two_engine.py,3988,77d1ba8920eb83f2a245cba587fc166dfe138deb92b452db2e6a1907fac910b6
runs/361235/i1/attempts/06/builder/study_engine.py,2212,6085cc647f0b21b56d32d68025fbc49c3fabcfa0b9ce725f24573fb3b063711b
runs/361235/i1/attempts/06/BUILDER-FREEZE.csv,557,5615280c1139a77d21579bdb2f7de854f39db3e2c1d248783c10fe42a71c17bd
runs/361235/i1/attempts/06/INHERITANCE.csv,788,a9c18c3c7e8cc26072d9f5a09e0cb49afb71457f4f12fd46be5751e99511dedc
runs/361235/i1/attempts/06/METRICS.csv,216,797c735e2b53b8ed74e9b6f81837bbebee2045fbc2e87e75ad6cfcb626fc60b4
runs/361235/i1/attempts/06/PROPOSAL.csv,100,5c7e5e620daed35b59df51493e78f99c90770c01ae8b182f880054d159f8f358
runs/361235/i1/attempts/06/selection-predictions.csv,9579,39168feaf0c88e4801ec0b34b3646c78ba6ce525a68c79c407900ff4bd7c7c04
runs/361235/i1/attempts/06/stderr.txt,0,e3b0c44298fc1c149afbf4c8996fb92427ae41e4649b934ca495991b7852b855
runs/361235/i1/attempts/06/stdout.txt,0,e3b0c44298fc1c149afbf4c8996fb92427ae41e4649b934ca495991b7852b855
runs/361235/i1/attempts/06/train-predictions.csv,28463,fad0064b10655e32baec8983ced4530dbca904d80bb6eaedaade5643c916c997
runs/361235/i1/attempts/07/ADMITTED.md,126,0fe6dba97e6e8ddbbbf2bed7fd91dfb0d1e92af8432034843f955470b13ee260
runs/361235/i1/attempts/07/builder/candidate.py,146,99666013fed9dfb0cb3c8aefeb0ff36ea73030482a9d8666d270a500e98c3cc7
runs/361235/i1/attempts/07/builder/parent_engine.py,3361,90e61cc1b2e54aaf54d7d9b48a44cd896de52e4f9d6c13ca7035d6bbebf86dc0
runs/361235/i1/attempts/07/builder/refinement_engine.py,5012,e905a209037c84cf1803ea9c9f37f21314305f3b578a6b6c78db3ba51a677670
runs/361235/i1/attempts/07/builder/revision_one_engine.py,2312,fe3e19c461ba778f21015f8fa96ed8546fa7fd5d0e93b370ac5d4823185d9571
runs/361235/i1/attempts/07/builder/revision_two_engine.py,3988,77d1ba8920eb83f2a245cba587fc166dfe138deb92b452db2e6a1907fac910b6
runs/361235/i1/attempts/07/builder/study_engine.py,2212,6085cc647f0b21b56d32d68025fbc49c3fabcfa0b9ce725f24573fb3b063711b
runs/361235/i1/attempts/07/BUILDER-FREEZE.csv,557,92a55479c4f92a7ca4124cda1e1bc5f53f071d2a2a392d886b09434eedc716b7
runs/361235/i1/attempts/07/INHERITANCE.csv,788,a9c18c3c7e8cc26072d9f5a09e0cb49afb71457f4f12fd46be5751e99511dedc
runs/361235/i1/attempts/07/METRICS.csv,214,f42bcfffa9a74dd1c986db5120018f44daa7a1f48fa21d6be10c86cd0fdb34e8
runs/361235/i1/attempts/07/PROPOSAL.csv,96,c497706dcfe8bc1267c34933f95c87592676a931a20a753b7d90a2879b2113d7
runs/361235/i1/attempts/07/selection-predictions.csv,9568,2e1f1ac1eddd8285585c496d715d20e453f93e101f72f89f3f16b5680388d1fc
runs/361235/i1/attempts/07/stderr.txt,0,e3b0c44298fc1c149afbf4c8996fb92427ae41e4649b934ca495991b7852b855
runs/361235/i1/attempts/07/stdout.txt,0,e3b0c44298fc1c149afbf4c8996fb92427ae41e4649b934ca495991b7852b855
runs/361235/i1/attempts/07/train-predictions.csv,28438,d7fc43bbb1f28dfe8a8e7aa9993e65f07d51f65c772d692fb966f2f4b844e270
runs/361235/i1/attempts/08/ADMITTED.md,126,95ad2ae6ef77022ce78ef20b436873df7e9f4d0ef6e47af7ce45f4018aa39d8b
runs/361235/i1/attempts/08/builder/candidate.py,151,c46021861851ef435427b9f0d4ad8644c28fd08fbc487b79e306da2db4e555cb
runs/361235/i1/attempts/08/builder/parent_engine.py,3361,90e61cc1b2e54aaf54d7d9b48a44cd896de52e4f9d6c13ca7035d6bbebf86dc0
runs/361235/i1/attempts/08/builder/refinement_engine.py,5012,e905a209037c84cf1803ea9c9f37f21314305f3b578a6b6c78db3ba51a677670
runs/361235/i1/attempts/08/builder/revision_one_engine.py,2312,fe3e19c461ba778f21015f8fa96ed8546fa7fd5d0e93b370ac5d4823185d9571
runs/361235/i1/attempts/08/builder/revision_two_engine.py,3988,77d1ba8920eb83f2a245cba587fc166dfe138deb92b452db2e6a1907fac910b6
runs/361235/i1/attempts/08/builder/study_engine.py,2212,6085cc647f0b21b56d32d68025fbc49c3fabcfa0b9ce725f24573fb3b063711b
runs/361235/i1/attempts/08/BUILDER-FREEZE.csv,557,53b8b44259500ba8ee9f70e7fae3ff0ceee64b54fd3ea6e26ddaff082bed63d6
runs/361235/i1/attempts/08/INHERITANCE.csv,788,a9c18c3c7e8cc26072d9f5a09e0cb49afb71457f4f12fd46be5751e99511dedc
runs/361235/i1/attempts/08/METRICS.csv,186,bf2af11bc09f7e24336cc21a40d7ef74467f8ec54766de682aa63d3ead69a75f
runs/361235/i1/attempts/08/PROPOSAL.csv,101,a913a494e0df82ba962f41dff45d930cdabb43be5163520686a7e6e60ee716e8
runs/361235/i1/attempts/08/selection-predictions.csv,9553,371889eb5b267603773a7f5cf63ebc8b95d57bc4ecd13cf9d48dc8debd4cce8e
runs/361235/i1/attempts/08/stderr.txt,0,e3b0c44298fc1c149afbf4c8996fb92427ae41e4649b934ca495991b7852b855
runs/361235/i1/attempts/08/stdout.txt,0,e3b0c44298fc1c149afbf4c8996fb92427ae41e4649b934ca495991b7852b855
runs/361235/i1/attempts/08/train-predictions.csv,18759,a1346bdc03a9642d78691f4b81114db1a6c2c556d6ffc0df775e5a77ca012a8d
runs/361235/i1/attempts/09/ADMITTED.md,126,2fbb0eda05385fbf48e5555da193a2918c34051730e46e62c6d850f357d58db6
runs/361235/i1/attempts/09/builder/candidate.py,150,ce9115f14f4639c8c703f5eac2120b620cca2216f23184ddfd639af900b552c8
runs/361235/i1/attempts/09/builder/parent_engine.py,3361,90e61cc1b2e54aaf54d7d9b48a44cd896de52e4f9d6c13ca7035d6bbebf86dc0
runs/361235/i1/attempts/09/builder/refinement_engine.py,5012,e905a209037c84cf1803ea9c9f37f21314305f3b578a6b6c78db3ba51a677670
runs/361235/i1/attempts/09/builder/revision_one_engine.py,2312,fe3e19c461ba778f21015f8fa96ed8546fa7fd5d0e93b370ac5d4823185d9571
runs/361235/i1/attempts/09/builder/revision_two_engine.py,3988,77d1ba8920eb83f2a245cba587fc166dfe138deb92b452db2e6a1907fac910b6
runs/361235/i1/attempts/09/builder/study_engine.py,2212,6085cc647f0b21b56d32d68025fbc49c3fabcfa0b9ce725f24573fb3b063711b
runs/361235/i1/attempts/09/BUILDER-FREEZE.csv,557,6728b33d273244715e060c9cce80eb4bad46288f851d65ff8ef4bd9907b1de29
runs/361235/i1/attempts/09/INHERITANCE.csv,788,a9c18c3c7e8cc26072d9f5a09e0cb49afb71457f4f12fd46be5751e99511dedc
runs/361235/i1/attempts/09/METRICS.csv,213,411a14960cb93da8dc63f5dd4668db80ed735777378f9176e7864585d641a1b0
runs/361235/i1/attempts/09/PROPOSAL.csv,137,d85dac11dcc2d5786fa87dea5e705154cc9ea2e8808ddb7b3e4d419363c4adad
runs/361235/i1/attempts/09/selection-predictions.csv,9577,b06a98f5ddd0848eb4cd2ef8a4b99fc87696226112191c574af55e3b72f24fd2
runs/361235/i1/attempts/09/stderr.txt,0,e3b0c44298fc1c149afbf4c8996fb92427ae41e4649b934ca495991b7852b855
runs/361235/i1/attempts/09/stdout.txt,0,e3b0c44298fc1c149afbf4c8996fb92427ae41e4649b934ca495991b7852b855
runs/361235/i1/attempts/09/train-predictions.csv,28486,01f84f638ac60a1ce910d74e7bc452e3a906960b5ebe4dd55296be6f0cdebddf
runs/361235/i1/attempts/10/ADMITTED.md,126,11b28611244c9f53eb4918809e0c9201e2672e33f35a87e0d4bd675624f7c4d8
runs/361235/i1/attempts/10/builder/candidate.py,153,5f0c9d6b96dfb3088144933fbe5d747f72b77e0bfe82335cabdc09728eba8f8a
runs/361235/i1/attempts/10/builder/parent_engine.py,3361,90e61cc1b2e54aaf54d7d9b48a44cd896de52e4f9d6c13ca7035d6bbebf86dc0
runs/361235/i1/attempts/10/builder/refinement_engine.py,5012,e905a209037c84cf1803ea9c9f37f21314305f3b578a6b6c78db3ba51a677670
runs/361235/i1/attempts/10/builder/revision_one_engine.py,2312,fe3e19c461ba778f21015f8fa96ed8546fa7fd5d0e93b370ac5d4823185d9571
runs/361235/i1/attempts/10/builder/revision_two_engine.py,3988,77d1ba8920eb83f2a245cba587fc166dfe138deb92b452db2e6a1907fac910b6
runs/361235/i1/attempts/10/builder/study_engine.py,2212,6085cc647f0b21b56d32d68025fbc49c3fabcfa0b9ce725f24573fb3b063711b
runs/361235/i1/attempts/10/BUILDER-FREEZE.csv,557,d12bd53d66cdcf7b99693cc5f72a923e78d637e8bb6ea04e2d2562a513af5cc1
runs/361235/i1/attempts/10/INHERITANCE.csv,788,a9c18c3c7e8cc26072d9f5a09e0cb49afb71457f4f12fd46be5751e99511dedc
runs/361235/i1/attempts/10/METRICS.csv,215,0781f199054a2ea10f2b111b1ef6afee9d08dd30b40079f6dd24a9994226d171
runs/361235/i1/attempts/10/PROPOSAL.csv,142,1f7a1a7fa0999d40f2b7721dba4fbb8d1245a61bd61d4bf0fae1dc1cfdf5a8d3
runs/361235/i1/attempts/10/selection-predictions.csv,9569,b2e99e3594b44bbcd64682795656f5f280ed80f17ec97079893d5dbb47f03f8c
runs/361235/i1/attempts/10/stderr.txt,0,e3b0c44298fc1c149afbf4c8996fb92427ae41e4649b934ca495991b7852b855
runs/361235/i1/attempts/10/stdout.txt,0,e3b0c44298fc1c149afbf4c8996fb92427ae41e4649b934ca495991b7852b855
runs/361235/i1/attempts/10/train-predictions.csv,28467,ed155e61d0f8e43f58253dcf584f387976d7375c14e7ca017f36a9a5c67bc9de
runs/361235/i1/attempts/11/ADMITTED.md,126,ecb6aafd2dc81b3b62ba7219970f7d788350f2a6708ab8735b963f9b336b5f82
runs/361235/i1/attempts/11/builder/candidate.py,151,fed54f518013b9c12378bedee95f95ab81e067841a6c3d5181ebf3325822aa23
runs/361235/i1/attempts/11/builder/parent_engine.py,3361,90e61cc1b2e54aaf54d7d9b48a44cd896de52e4f9d6c13ca7035d6bbebf86dc0
runs/361235/i1/attempts/11/builder/refinement_engine.py,5012,e905a209037c84cf1803ea9c9f37f21314305f3b578a6b6c78db3ba51a677670
runs/361235/i1/attempts/11/builder/revision_one_engine.py,2312,fe3e19c461ba778f21015f8fa96ed8546fa7fd5d0e93b370ac5d4823185d9571
runs/361235/i1/attempts/11/builder/revision_two_engine.py,3988,77d1ba8920eb83f2a245cba587fc166dfe138deb92b452db2e6a1907fac910b6
runs/361235/i1/attempts/11/builder/study_engine.py,2212,6085cc647f0b21b56d32d68025fbc49c3fabcfa0b9ce725f24573fb3b063711b
runs/361235/i1/attempts/11/BUILDER-FREEZE.csv,557,30313b93073438350f6c6b2096e79433440402a77c51aae689a267eedec6e205
runs/361235/i1/attempts/11/INHERITANCE.csv,788,a9c18c3c7e8cc26072d9f5a09e0cb49afb71457f4f12fd46be5751e99511dedc
runs/361235/i1/attempts/11/METRICS.csv,213,7927bfc1df72effeb622f32ad5e8177636fea1df8e4f057ea60744237c5f4180
runs/361235/i1/attempts/11/PARENT-CANDIDATE.py,151,fe9f52aac6fae812ea74bfe6725897abb4cf9f7a3df60d58683d0107f65b1d3b
runs/361235/i1/attempts/11/PROPOSAL.csv,142,82c3c05ad9449bdcb28edb3ea2504343acaf2ae8c184f1d2add68dce5e458f57
runs/361235/i1/attempts/11/selection-predictions.csv,9589,6447c75ac00e1cfa083884af11d0f20eecb72c8da7b7f5a04e492c69c96c2bf2
runs/361235/i1/attempts/11/stderr.txt,0,e3b0c44298fc1c149afbf4c8996fb92427ae41e4649b934ca495991b7852b855
runs/361235/i1/attempts/11/stdout.txt,0,e3b0c44298fc1c149afbf4c8996fb92427ae41e4649b934ca495991b7852b855
runs/361235/i1/attempts/11/train-predictions.csv,28472,2d52a283c2856a88978e27025c2d81e7873dd4c6f055a1da7825424a2520106c
runs/361235/i1/attempts/12/ADMITTED.md,126,80e45d38260f5ceb8967766d1b8017e53d624876ff5501741ab92b31a14fb45b
runs/361235/i1/attempts/12/builder/candidate.py,150,d45873f393004d98740b3e58e6b0b681ecaba4b1839ae6dbd4929bd01cca14c5
runs/361235/i1/attempts/12/builder/parent_engine.py,3361,90e61cc1b2e54aaf54d7d9b48a44cd896de52e4f9d6c13ca7035d6bbebf86dc0
runs/361235/i1/attempts/12/builder/refinement_engine.py,5012,e905a209037c84cf1803ea9c9f37f21314305f3b578a6b6c78db3ba51a677670
runs/361235/i1/attempts/12/builder/revision_one_engine.py,2312,fe3e19c461ba778f21015f8fa96ed8546fa7fd5d0e93b370ac5d4823185d9571
runs/361235/i1/attempts/12/builder/revision_two_engine.py,3988,77d1ba8920eb83f2a245cba587fc166dfe138deb92b452db2e6a1907fac910b6
runs/361235/i1/attempts/12/builder/study_engine.py,2212,6085cc647f0b21b56d32d68025fbc49c3fabcfa0b9ce725f24573fb3b063711b
runs/361235/i1/attempts/12/BUILDER-FREEZE.csv,557,42c2372ef21f9942f57c2f866753ad745ddf09b1c6c120c7403a50423b003042
runs/361235/i1/attempts/12/INHERITANCE.csv,788,a9c18c3c7e8cc26072d9f5a09e0cb49afb71457f4f12fd46be5751e99511dedc
runs/361235/i1/attempts/12/METRICS.csv,216,445039b575a185c4cd07cf00415dccbebe3880698f1b1affc718108566bdc04a
runs/361235/i1/attempts/12/PARENT-CANDIDATE.py,150,c57445ba4248176a610264d02f47077484c9b2db467b3617b7e6c2d09fac91b3
runs/361235/i1/attempts/12/PROPOSAL.csv,141,6e17418da1a89ea75f5087054b03b47f6142fa2b3a5009e8618503806bc8e134
runs/361235/i1/attempts/12/selection-predictions.csv,9582,f25626b4d8476e08ec58bce2c8bab753e7db35f03df7b4492a859c38dc165cdb
runs/361235/i1/attempts/12/stderr.txt,0,e3b0c44298fc1c149afbf4c8996fb92427ae41e4649b934ca495991b7852b855
runs/361235/i1/attempts/12/stdout.txt,0,e3b0c44298fc1c149afbf4c8996fb92427ae41e4649b934ca495991b7852b855
runs/361235/i1/attempts/12/train-predictions.csv,28457,c3798391a3102d9dcbdfc82d2e88c63522091ee58d4868ad5170880fd66d937a
runs/361235/i1/LEDGER.csv,4559,2fd71bc711733775eeee63b9089cdb24df4a21fc9ff99479ebfa8fbe2a78a6d3
runs/361235/i1/researcher.py,6084,053228ae5a337e2dee99c96a569d890f3a908d7194e2ba00c3cc5636ab02481f
runs/361235/parent/attempts/01/ADMITTED.md,126,5bf8e8e21637707c236b6e12956bb0d8130b5c0bf48d497a85855feb062b2879
runs/361235/parent/attempts/01/builder/candidate.py,155,5b423e72c15fe5c9dbe23b38c83c76d857fdb46ca0953f179f4de6a6e3fe18f6
runs/361235/parent/attempts/01/builder/parent_engine.py,3361,90e61cc1b2e54aaf54d7d9b48a44cd896de52e4f9d6c13ca7035d6bbebf86dc0
runs/361235/parent/attempts/01/builder/refinement_engine.py,5012,e905a209037c84cf1803ea9c9f37f21314305f3b578a6b6c78db3ba51a677670
runs/361235/parent/attempts/01/builder/revision_one_engine.py,2312,fe3e19c461ba778f21015f8fa96ed8546fa7fd5d0e93b370ac5d4823185d9571
runs/361235/parent/attempts/01/builder/revision_two_engine.py,3988,77d1ba8920eb83f2a245cba587fc166dfe138deb92b452db2e6a1907fac910b6
runs/361235/parent/attempts/01/builder/study_engine.py,2212,6085cc647f0b21b56d32d68025fbc49c3fabcfa0b9ce725f24573fb3b063711b
runs/361235/parent/attempts/01/BUILDER-FREEZE.csv,557,efea64f92b43b6777e4c410df0b684932a75b2b7f5806023426523c2da2bcbab
runs/361235/parent/attempts/01/INHERITANCE.csv,788,a9c18c3c7e8cc26072d9f5a09e0cb49afb71457f4f12fd46be5751e99511dedc
runs/361235/parent/attempts/01/METRICS.csv,198,896ab7e9d272fac46b0e1c81d8162b3392fed779ff780ac5b1a253f8318d1312
runs/361235/parent/attempts/01/PROPOSAL.csv,105,f0c3dd609cdd9fb523b2f37a52b2a69a5cebf2ba3421fd4fdb62396cb6e515e9
runs/361235/parent/attempts/01/selection-predictions.csv,9642,472803be5f31116447e8db9c693cd97085d0ae492f96e0e897c26b7814accc6c
runs/361235/parent/attempts/01/stderr.txt,0,e3b0c44298fc1c149afbf4c8996fb92427ae41e4649b934ca495991b7852b855
runs/361235/parent/attempts/01/stdout.txt,0,e3b0c44298fc1c149afbf4c8996fb92427ae41e4649b934ca495991b7852b855
runs/361235/parent/attempts/01/train-predictions.csv,28640,1ff4c8a384f55f6b904e96ce9ca036d7d55348f3d9ffd5fbeedb61249e1e489b
runs/361235/parent/attempts/02/ADMITTED.md,126,d6789b3cc215e4c0bb263e9e633a917b69c3412e0396843c7871115643f812af
runs/361235/parent/attempts/02/builder/candidate.py,146,cee7983f3d0ddd115d33a45f2830ad8b3d60bd191934fb2ad98a1d64046e661d
runs/361235/parent/attempts/02/builder/parent_engine.py,3361,90e61cc1b2e54aaf54d7d9b48a44cd896de52e4f9d6c13ca7035d6bbebf86dc0
runs/361235/parent/attempts/02/builder/refinement_engine.py,5012,e905a209037c84cf1803ea9c9f37f21314305f3b578a6b6c78db3ba51a677670
runs/361235/parent/attempts/02/builder/revision_one_engine.py,2312,fe3e19c461ba778f21015f8fa96ed8546fa7fd5d0e93b370ac5d4823185d9571
runs/361235/parent/attempts/02/builder/revision_two_engine.py,3988,77d1ba8920eb83f2a245cba587fc166dfe138deb92b452db2e6a1907fac910b6
runs/361235/parent/attempts/02/builder/study_engine.py,2212,6085cc647f0b21b56d32d68025fbc49c3fabcfa0b9ce725f24573fb3b063711b
runs/361235/parent/attempts/02/BUILDER-FREEZE.csv,557,4f3ff64319709f1388dd6599df2ec83e44527b0b9194dced102558701b15b3eb
runs/361235/parent/attempts/02/INHERITANCE.csv,788,a9c18c3c7e8cc26072d9f5a09e0cb49afb71457f4f12fd46be5751e99511dedc
runs/361235/parent/attempts/02/METRICS.csv,216,a73f66ddafd4a0bb9cc4421a6751a05bc38fb3e0623993e4a9d56be74d4f6f14
runs/361235/parent/attempts/02/PROPOSAL.csv,96,b7c7861cb402b397faa4a108d78d93ec8325dfcf822d26e0cd05d5d9c52b6299
runs/361235/parent/attempts/02/selection-predictions.csv,9577,553910ad46cbe7c3b378cede3ab65245f115e6e9c58958642c4170ed58666dda
runs/361235/parent/attempts/02/stderr.txt,0,e3b0c44298fc1c149afbf4c8996fb92427ae41e4649b934ca495991b7852b855
runs/361235/parent/attempts/02/stdout.txt,0,e3b0c44298fc1c149afbf4c8996fb92427ae41e4649b934ca495991b7852b855
runs/361235/parent/attempts/02/train-predictions.csv,28462,a115e7418f57d1dc7418963bd55b4b2db88b2d8176044115fdab1905a113b355
runs/361235/parent/attempts/03/ADMITTED.md,126,0f180af95f876ecc5ea6407f43f3102448b5684f023c05094a8aafde47a5e7ec
runs/361235/parent/attempts/03/builder/candidate.py,153,0918ad65acc5281163c013cc98a4838d8a582c04ef2b144849472fa5bfbd8361
runs/361235/parent/attempts/03/builder/parent_engine.py,3361,90e61cc1b2e54aaf54d7d9b48a44cd896de52e4f9d6c13ca7035d6bbebf86dc0
runs/361235/parent/attempts/03/builder/refinement_engine.py,5012,e905a209037c84cf1803ea9c9f37f21314305f3b578a6b6c78db3ba51a677670
runs/361235/parent/attempts/03/builder/revision_one_engine.py,2312,fe3e19c461ba778f21015f8fa96ed8546fa7fd5d0e93b370ac5d4823185d9571
runs/361235/parent/attempts/03/builder/revision_two_engine.py,3988,77d1ba8920eb83f2a245cba587fc166dfe138deb92b452db2e6a1907fac910b6
runs/361235/parent/attempts/03/builder/study_engine.py,2212,6085cc647f0b21b56d32d68025fbc49c3fabcfa0b9ce725f24573fb3b063711b
runs/361235/parent/attempts/03/BUILDER-FREEZE.csv,557,f5d52910ea18489e8e7d856d199e3510e42f243010677cf2d4e24bf7d7351139
runs/361235/parent/attempts/03/INHERITANCE.csv,788,a9c18c3c7e8cc26072d9f5a09e0cb49afb71457f4f12fd46be5751e99511dedc
runs/361235/parent/attempts/03/METRICS.csv,216,ab2fc04916bff484be8ac0e19c82221c268606b5a8dee887022c19d964f1f863
runs/361235/parent/attempts/03/PROPOSAL.csv,103,05a49ba2d9cac1b746efed8683cb3010443d97ab5c924670180ae15db6b95c0d
runs/361235/parent/attempts/03/selection-predictions.csv,8518,990800b60ca30f01505347abdaccaa9fd984bdaf52127a4b901627d36158b4cd
runs/361235/parent/attempts/03/stderr.txt,0,e3b0c44298fc1c149afbf4c8996fb92427ae41e4649b934ca495991b7852b855
runs/361235/parent/attempts/03/stdout.txt,0,e3b0c44298fc1c149afbf4c8996fb92427ae41e4649b934ca495991b7852b855
runs/361235/parent/attempts/03/train-predictions.csv,25459,c55a00be8f603ad659896b7a9ccacf5dcf9ff8381f1d6ea40f0ac63988e50613
runs/361235/parent/attempts/04/ADMITTED.md,126,14114e402a820a75ee20a464ba22ad87d62ba900ad8994115877b732522fc779
runs/361235/parent/attempts/04/builder/candidate.py,145,27d1a072e585c314d242425e3916152e1d5bc9acc0dda7b40e67395c1b8f1902
runs/361235/parent/attempts/04/builder/parent_engine.py,3361,90e61cc1b2e54aaf54d7d9b48a44cd896de52e4f9d6c13ca7035d6bbebf86dc0
runs/361235/parent/attempts/04/builder/refinement_engine.py,5012,e905a209037c84cf1803ea9c9f37f21314305f3b578a6b6c78db3ba51a677670
runs/361235/parent/attempts/04/builder/revision_one_engine.py,2312,fe3e19c461ba778f21015f8fa96ed8546fa7fd5d0e93b370ac5d4823185d9571
runs/361235/parent/attempts/04/builder/revision_two_engine.py,3988,77d1ba8920eb83f2a245cba587fc166dfe138deb92b452db2e6a1907fac910b6
runs/361235/parent/attempts/04/builder/study_engine.py,2212,6085cc647f0b21b56d32d68025fbc49c3fabcfa0b9ce725f24573fb3b063711b
runs/361235/parent/attempts/04/BUILDER-FREEZE.csv,557,c9446868cc86fde9fff8c40aea9335b1ba98c83a1a4bfe898dbc8944daa1ed39
runs/361235/parent/attempts/04/INHERITANCE.csv,788,a9c18c3c7e8cc26072d9f5a09e0cb49afb71457f4f12fd46be5751e99511dedc
runs/361235/parent/attempts/04/METRICS.csv,219,0830cdc8db70ccc9b67eb9553007d58727ab38fb12d893f27d3d3213c63bd54c
runs/361235/parent/attempts/04/PROPOSAL.csv,95,2d925ee6ec8562b48fac0116acbc6a05f71dc78503097df2222d1c2d8fa394a6
runs/361235/parent/attempts/04/selection-predictions.csv,9576,42032c9fba36b4f0cc995401399d75efcc99c8adcb37d3836d41a08edf640d85
runs/361235/parent/attempts/04/stderr.txt,0,e3b0c44298fc1c149afbf4c8996fb92427ae41e4649b934ca495991b7852b855
runs/361235/parent/attempts/04/stdout.txt,0,e3b0c44298fc1c149afbf4c8996fb92427ae41e4649b934ca495991b7852b855
runs/361235/parent/attempts/04/train-predictions.csv,28462,aeb708da62ae7b19cd59ba0a567bc07e5e00600bdcefec766fc6653c87415fbc
runs/361235/parent/attempts/05/ADMITTED.md,126,9fce4c1a3783615d2d789d918f585c6d43bd4b7bb84d88840a6a3ceb8cd29d73
runs/361235/parent/attempts/05/builder/candidate.py,151,fe9f52aac6fae812ea74bfe6725897abb4cf9f7a3df60d58683d0107f65b1d3b
runs/361235/parent/attempts/05/builder/parent_engine.py,3361,90e61cc1b2e54aaf54d7d9b48a44cd896de52e4f9d6c13ca7035d6bbebf86dc0
runs/361235/parent/attempts/05/builder/refinement_engine.py,5012,e905a209037c84cf1803ea9c9f37f21314305f3b578a6b6c78db3ba51a677670
runs/361235/parent/attempts/05/builder/revision_one_engine.py,2312,fe3e19c461ba778f21015f8fa96ed8546fa7fd5d0e93b370ac5d4823185d9571
runs/361235/parent/attempts/05/builder/revision_two_engine.py,3988,77d1ba8920eb83f2a245cba587fc166dfe138deb92b452db2e6a1907fac910b6
runs/361235/parent/attempts/05/builder/study_engine.py,2212,6085cc647f0b21b56d32d68025fbc49c3fabcfa0b9ce725f24573fb3b063711b
runs/361235/parent/attempts/05/BUILDER-FREEZE.csv,557,9d7f8a8d204fe4869e132ce052e84f4734e5f8f80a8087236cc2e6a9e9d23f4e
runs/361235/parent/attempts/05/INHERITANCE.csv,788,a9c18c3c7e8cc26072d9f5a09e0cb49afb71457f4f12fd46be5751e99511dedc
runs/361235/parent/attempts/05/METRICS.csv,222,5037bbd37e96eff8d8bb3f6cf16930a71c9fc406f6ad74cacc660a344cb93193
runs/361235/parent/attempts/05/PROPOSAL.csv,101,1ce836733fa0a39b644111c7f5b50c27c500b33975835766f82a45dd98035736
runs/361235/parent/attempts/05/selection-predictions.csv,8613,68322ce98a50313a7f9626519caea563d750a2c0e2128dc7fe3b13fd92628ad0
runs/361235/parent/attempts/05/stderr.txt,0,e3b0c44298fc1c149afbf4c8996fb92427ae41e4649b934ca495991b7852b855
runs/361235/parent/attempts/05/stdout.txt,0,e3b0c44298fc1c149afbf4c8996fb92427ae41e4649b934ca495991b7852b855
runs/361235/parent/attempts/05/train-predictions.csv,21566,9a152597ae771508c22caa8a8a03b38a5b06fe016c1da45789b44348ce417171
runs/361235/parent/attempts/06/ADMITTED.md,126,62389b04a3e42b38c02becb2d034205ddb0e16d6dfe4437a20c70e066292c92d
runs/361235/parent/attempts/06/builder/candidate.py,150,c57445ba4248176a610264d02f47077484c9b2db467b3617b7e6c2d09fac91b3
runs/361235/parent/attempts/06/builder/parent_engine.py,3361,90e61cc1b2e54aaf54d7d9b48a44cd896de52e4f9d6c13ca7035d6bbebf86dc0
runs/361235/parent/attempts/06/builder/refinement_engine.py,5012,e905a209037c84cf1803ea9c9f37f21314305f3b578a6b6c78db3ba51a677670
runs/361235/parent/attempts/06/builder/revision_one_engine.py,2312,fe3e19c461ba778f21015f8fa96ed8546fa7fd5d0e93b370ac5d4823185d9571
runs/361235/parent/attempts/06/builder/revision_two_engine.py,3988,77d1ba8920eb83f2a245cba587fc166dfe138deb92b452db2e6a1907fac910b6
runs/361235/parent/attempts/06/builder/study_engine.py,2212,6085cc647f0b21b56d32d68025fbc49c3fabcfa0b9ce725f24573fb3b063711b
runs/361235/parent/attempts/06/BUILDER-FREEZE.csv,557,5615280c1139a77d21579bdb2f7de854f39db3e2c1d248783c10fe42a71c17bd
runs/361235/parent/attempts/06/INHERITANCE.csv,788,a9c18c3c7e8cc26072d9f5a09e0cb49afb71457f4f12fd46be5751e99511dedc
runs/361235/parent/attempts/06/METRICS.csv,216,35efeddfadf3315b7f171783d6224b6d5f9fa06cb5e171c57234196493588960
runs/361235/parent/attempts/06/PROPOSAL.csv,100,5c7e5e620daed35b59df51493e78f99c90770c01ae8b182f880054d159f8f358
runs/361235/parent/attempts/06/selection-predictions.csv,9579,39168feaf0c88e4801ec0b34b3646c78ba6ce525a68c79c407900ff4bd7c7c04
runs/361235/parent/attempts/06/stderr.txt,0,e3b0c44298fc1c149afbf4c8996fb92427ae41e4649b934ca495991b7852b855
runs/361235/parent/attempts/06/stdout.txt,0,e3b0c44298fc1c149afbf4c8996fb92427ae41e4649b934ca495991b7852b855
runs/361235/parent/attempts/06/train-predictions.csv,28463,fad0064b10655e32baec8983ced4530dbca904d80bb6eaedaade5643c916c997
runs/361235/parent/attempts/07/ADMITTED.md,126,3946a1dfacb1c4ba2e8e0d2f26c7d3e8569861af47fce2becf36ff9e94301ecd
runs/361235/parent/attempts/07/builder/candidate.py,146,99666013fed9dfb0cb3c8aefeb0ff36ea73030482a9d8666d270a500e98c3cc7
runs/361235/parent/attempts/07/builder/parent_engine.py,3361,90e61cc1b2e54aaf54d7d9b48a44cd896de52e4f9d6c13ca7035d6bbebf86dc0
runs/361235/parent/attempts/07/builder/refinement_engine.py,5012,e905a209037c84cf1803ea9c9f37f21314305f3b578a6b6c78db3ba51a677670
runs/361235/parent/attempts/07/builder/revision_one_engine.py,2312,fe3e19c461ba778f21015f8fa96ed8546fa7fd5d0e93b370ac5d4823185d9571
runs/361235/parent/attempts/07/builder/revision_two_engine.py,3988,77d1ba8920eb83f2a245cba587fc166dfe138deb92b452db2e6a1907fac910b6
runs/361235/parent/attempts/07/builder/study_engine.py,2212,6085cc647f0b21b56d32d68025fbc49c3fabcfa0b9ce725f24573fb3b063711b
runs/361235/parent/attempts/07/BUILDER-FREEZE.csv,557,92a55479c4f92a7ca4124cda1e1bc5f53f071d2a2a392d886b09434eedc716b7
runs/361235/parent/attempts/07/INHERITANCE.csv,788,a9c18c3c7e8cc26072d9f5a09e0cb49afb71457f4f12fd46be5751e99511dedc
runs/361235/parent/attempts/07/METRICS.csv,216,b463b0a4dfb1fd37599c98f7541ec99d450700e34dd9b0d11afc8f96cb746771
runs/361235/parent/attempts/07/PROPOSAL.csv,96,c497706dcfe8bc1267c34933f95c87592676a931a20a753b7d90a2879b2113d7
runs/361235/parent/attempts/07/selection-predictions.csv,9568,2e1f1ac1eddd8285585c496d715d20e453f93e101f72f89f3f16b5680388d1fc
runs/361235/parent/attempts/07/stderr.txt,0,e3b0c44298fc1c149afbf4c8996fb92427ae41e4649b934ca495991b7852b855
runs/361235/parent/attempts/07/stdout.txt,0,e3b0c44298fc1c149afbf4c8996fb92427ae41e4649b934ca495991b7852b855
runs/361235/parent/attempts/07/train-predictions.csv,28438,d7fc43bbb1f28dfe8a8e7aa9993e65f07d51f65c772d692fb966f2f4b844e270
runs/361235/parent/attempts/08/ADMITTED.md,126,6550994f2b4890865635d39b91289f3f626fb419287d4416bc4d56862261f0a7
runs/361235/parent/attempts/08/builder/candidate.py,151,c46021861851ef435427b9f0d4ad8644c28fd08fbc487b79e306da2db4e555cb
runs/361235/parent/attempts/08/builder/parent_engine.py,3361,90e61cc1b2e54aaf54d7d9b48a44cd896de52e4f9d6c13ca7035d6bbebf86dc0
runs/361235/parent/attempts/08/builder/refinement_engine.py,5012,e905a209037c84cf1803ea9c9f37f21314305f3b578a6b6c78db3ba51a677670
runs/361235/parent/attempts/08/builder/revision_one_engine.py,2312,fe3e19c461ba778f21015f8fa96ed8546fa7fd5d0e93b370ac5d4823185d9571
runs/361235/parent/attempts/08/builder/revision_two_engine.py,3988,77d1ba8920eb83f2a245cba587fc166dfe138deb92b452db2e6a1907fac910b6
runs/361235/parent/attempts/08/builder/study_engine.py,2212,6085cc647f0b21b56d32d68025fbc49c3fabcfa0b9ce725f24573fb3b063711b
runs/361235/parent/attempts/08/BUILDER-FREEZE.csv,557,53b8b44259500ba8ee9f70e7fae3ff0ceee64b54fd3ea6e26ddaff082bed63d6
runs/361235/parent/attempts/08/INHERITANCE.csv,788,a9c18c3c7e8cc26072d9f5a09e0cb49afb71457f4f12fd46be5751e99511dedc
runs/361235/parent/attempts/08/METRICS.csv,186,6e16a25bc6da9a10403718ebe8d6e055288756b751313691c2867acef8e49c01
runs/361235/parent/attempts/08/PROPOSAL.csv,101,a913a494e0df82ba962f41dff45d930cdabb43be5163520686a7e6e60ee716e8
runs/361235/parent/attempts/08/selection-predictions.csv,9553,371889eb5b267603773a7f5cf63ebc8b95d57bc4ecd13cf9d48dc8debd4cce8e
runs/361235/parent/attempts/08/stderr.txt,0,e3b0c44298fc1c149afbf4c8996fb92427ae41e4649b934ca495991b7852b855
runs/361235/parent/attempts/08/stdout.txt,0,e3b0c44298fc1c149afbf4c8996fb92427ae41e4649b934ca495991b7852b855
runs/361235/parent/attempts/08/train-predictions.csv,18759,a1346bdc03a9642d78691f4b81114db1a6c2c556d6ffc0df775e5a77ca012a8d
runs/361235/parent/attempts/09/ADMITTED.md,126,3dd3cacfdb43b13b67252fab0713818ff53a3c78a8fc1422b94ea38446cdc7d6
runs/361235/parent/attempts/09/builder/candidate.py,151,fed54f518013b9c12378bedee95f95ab81e067841a6c3d5181ebf3325822aa23
runs/361235/parent/attempts/09/builder/parent_engine.py,3361,90e61cc1b2e54aaf54d7d9b48a44cd896de52e4f9d6c13ca7035d6bbebf86dc0
runs/361235/parent/attempts/09/builder/refinement_engine.py,5012,e905a209037c84cf1803ea9c9f37f21314305f3b578a6b6c78db3ba51a677670
runs/361235/parent/attempts/09/builder/revision_one_engine.py,2312,fe3e19c461ba778f21015f8fa96ed8546fa7fd5d0e93b370ac5d4823185d9571
runs/361235/parent/attempts/09/builder/revision_two_engine.py,3988,77d1ba8920eb83f2a245cba587fc166dfe138deb92b452db2e6a1907fac910b6
runs/361235/parent/attempts/09/builder/study_engine.py,2212,6085cc647f0b21b56d32d68025fbc49c3fabcfa0b9ce725f24573fb3b063711b
runs/361235/parent/attempts/09/BUILDER-FREEZE.csv,557,30313b93073438350f6c6b2096e79433440402a77c51aae689a267eedec6e205
runs/361235/parent/attempts/09/INHERITANCE.csv,788,a9c18c3c7e8cc26072d9f5a09e0cb49afb71457f4f12fd46be5751e99511dedc
runs/361235/parent/attempts/09/METRICS.csv,213,a3619e1f36147a7a59e5f63c470497ddff3926c81b4a4b9b1b5855d035ec7dc3
runs/361235/parent/attempts/09/PARENT-CANDIDATE.py,151,fe9f52aac6fae812ea74bfe6725897abb4cf9f7a3df60d58683d0107f65b1d3b
runs/361235/parent/attempts/09/PROPOSAL.csv,110,2158c6804a192bf927a94a19604a359608cdd6777e81725fdad52872d727f39b
runs/361235/parent/attempts/09/selection-predictions.csv,9589,6447c75ac00e1cfa083884af11d0f20eecb72c8da7b7f5a04e492c69c96c2bf2
runs/361235/parent/attempts/09/stderr.txt,0,e3b0c44298fc1c149afbf4c8996fb92427ae41e4649b934ca495991b7852b855
runs/361235/parent/attempts/09/stdout.txt,0,e3b0c44298fc1c149afbf4c8996fb92427ae41e4649b934ca495991b7852b855
runs/361235/parent/attempts/09/train-predictions.csv,28472,2d52a283c2856a88978e27025c2d81e7873dd4c6f055a1da7825424a2520106c
runs/361235/parent/attempts/10/ADMITTED.md,126,9bcf4ed6a62453a5508c3a07892e08dcd543144658d68a73204ec719b4bf5566
runs/361235/parent/attempts/10/builder/candidate.py,152,2f45f11953bed6438a5365e7c419adfbdc1edbb1a6920fd6885873bed764230f
runs/361235/parent/attempts/10/builder/parent_engine.py,3361,90e61cc1b2e54aaf54d7d9b48a44cd896de52e4f9d6c13ca7035d6bbebf86dc0
runs/361235/parent/attempts/10/builder/refinement_engine.py,5012,e905a209037c84cf1803ea9c9f37f21314305f3b578a6b6c78db3ba51a677670
runs/361235/parent/attempts/10/builder/revision_one_engine.py,2312,fe3e19c461ba778f21015f8fa96ed8546fa7fd5d0e93b370ac5d4823185d9571
runs/361235/parent/attempts/10/builder/revision_two_engine.py,3988,77d1ba8920eb83f2a245cba587fc166dfe138deb92b452db2e6a1907fac910b6
runs/361235/parent/attempts/10/builder/study_engine.py,2212,6085cc647f0b21b56d32d68025fbc49c3fabcfa0b9ce725f24573fb3b063711b
runs/361235/parent/attempts/10/BUILDER-FREEZE.csv,557,459ebf8cb1d395b031a67d1ba1fb5d156a6d0ddea2ad6cb115da1bbb584a5610
runs/361235/parent/attempts/10/INHERITANCE.csv,788,a9c18c3c7e8cc26072d9f5a09e0cb49afb71457f4f12fd46be5751e99511dedc
runs/361235/parent/attempts/10/METRICS.csv,213,6b641e44d4e62fa898713619641b302543601f542f94f64eb74998adc7103574
runs/361235/parent/attempts/10/PARENT-CANDIDATE.py,151,fe9f52aac6fae812ea74bfe6725897abb4cf9f7a3df60d58683d0107f65b1d3b
runs/361235/parent/attempts/10/PROPOSAL.csv,113,b464fedc96893b72a1ac951dab21f962be9f27390e626c6b1ccb63ea358d7324
runs/361235/parent/attempts/10/selection-predictions.csv,9587,9c0d6e2d771bee863a401356fc8f8971d00b76114b8d681cf4ccf9b6919e1107
runs/361235/parent/attempts/10/stderr.txt,0,e3b0c44298fc1c149afbf4c8996fb92427ae41e4649b934ca495991b7852b855
runs/361235/parent/attempts/10/stdout.txt,0,e3b0c44298fc1c149afbf4c8996fb92427ae41e4649b934ca495991b7852b855
runs/361235/parent/attempts/10/train-predictions.csv,28509,405b5a440b90e554a3a9b6fb0bae89d4af28d1b3f4b034a353419c0f95ed4398
runs/361235/parent/attempts/11/ADMITTED.md,126,cd975172a4e6e26914ff7e998df67da24483c04cae19bfcce4880eea25e5c09c
runs/361235/parent/attempts/11/builder/candidate.py,152,1d08d4aafdfac0ddc8c509e9f3bbc59b7485a4c4fd8f093759d511153e902f47
runs/361235/parent/attempts/11/builder/parent_engine.py,3361,90e61cc1b2e54aaf54d7d9b48a44cd896de52e4f9d6c13ca7035d6bbebf86dc0
runs/361235/parent/attempts/11/builder/refinement_engine.py,5012,e905a209037c84cf1803ea9c9f37f21314305f3b578a6b6c78db3ba51a677670
runs/361235/parent/attempts/11/builder/revision_one_engine.py,2312,fe3e19c461ba778f21015f8fa96ed8546fa7fd5d0e93b370ac5d4823185d9571
runs/361235/parent/attempts/11/builder/revision_two_engine.py,3988,77d1ba8920eb83f2a245cba587fc166dfe138deb92b452db2e6a1907fac910b6
runs/361235/parent/attempts/11/builder/study_engine.py,2212,6085cc647f0b21b56d32d68025fbc49c3fabcfa0b9ce725f24573fb3b063711b
runs/361235/parent/attempts/11/BUILDER-FREEZE.csv,557,00827153f9b322ff72d02a308c22a56f6aba05c060f2f49689640ab11adad836
runs/361235/parent/attempts/11/INHERITANCE.csv,788,a9c18c3c7e8cc26072d9f5a09e0cb49afb71457f4f12fd46be5751e99511dedc
runs/361235/parent/attempts/11/METRICS.csv,215,b531d6bdc1c6abf23da939c986dc8e7c653a9a7233b72c938f0a2e0a70a0d55a
runs/361235/parent/attempts/11/PARENT-CANDIDATE.py,151,fe9f52aac6fae812ea74bfe6725897abb4cf9f7a3df60d58683d0107f65b1d3b
runs/361235/parent/attempts/11/PROPOSAL.csv,113,1117f54ea34d33af991548870ea3558f00b33e68bd67585df5887ae8ebf175d8
runs/361235/parent/attempts/11/selection-predictions.csv,9592,118183d0b2cd722efd0a4e6bccf71c75843bd6f69b418eac689cd7c359533802
runs/361235/parent/attempts/11/stderr.txt,0,e3b0c44298fc1c149afbf4c8996fb92427ae41e4649b934ca495991b7852b855
runs/361235/parent/attempts/11/stdout.txt,0,e3b0c44298fc1c149afbf4c8996fb92427ae41e4649b934ca495991b7852b855
runs/361235/parent/attempts/11/train-predictions.csv,28473,c7b17ee97d4caea20e8bf45a7d299fbc4beb7dd6e0275f7ca500b7fa5ff87354
runs/361235/parent/attempts/12/ADMITTED.md,126,3e1f9e9bb135dd6cfb25989eb095bfe346f070d4112a8c7280d1ede291e94564
runs/361235/parent/attempts/12/builder/candidate.py,153,f79304cf38a91466c2816e71a0277d2e77fe11bf3039ab0b94d0f071df866cba
runs/361235/parent/attempts/12/builder/parent_engine.py,3361,90e61cc1b2e54aaf54d7d9b48a44cd896de52e4f9d6c13ca7035d6bbebf86dc0
runs/361235/parent/attempts/12/builder/refinement_engine.py,5012,e905a209037c84cf1803ea9c9f37f21314305f3b578a6b6c78db3ba51a677670
runs/361235/parent/attempts/12/builder/revision_one_engine.py,2312,fe3e19c461ba778f21015f8fa96ed8546fa7fd5d0e93b370ac5d4823185d9571
runs/361235/parent/attempts/12/builder/revision_two_engine.py,3988,77d1ba8920eb83f2a245cba587fc166dfe138deb92b452db2e6a1907fac910b6
runs/361235/parent/attempts/12/builder/study_engine.py,2212,6085cc647f0b21b56d32d68025fbc49c3fabcfa0b9ce725f24573fb3b063711b
runs/361235/parent/attempts/12/BUILDER-FREEZE.csv,557,dc7e773906e45721b433425d5ca0e56c63c1238fce368619173d474b3cafa4ba
runs/361235/parent/attempts/12/INHERITANCE.csv,788,a9c18c3c7e8cc26072d9f5a09e0cb49afb71457f4f12fd46be5751e99511dedc
runs/361235/parent/attempts/12/METRICS.csv,214,388e2e974dd1e3acc990315224e09f1a52917050a0793deb44e776c8e1ad2cd7
runs/361235/parent/attempts/12/PARENT-CANDIDATE.py,151,fe9f52aac6fae812ea74bfe6725897abb4cf9f7a3df60d58683d0107f65b1d3b
runs/361235/parent/attempts/12/PROPOSAL.csv,114,03a99532efbe09aa70c4dca99f42f639dbc49c44f04f74f94f5884fb5b619678
runs/361235/parent/attempts/12/selection-predictions.csv,9591,95662c2bc45d08bec2a6e348c2edea636c1f2d5a711071476034d8249f8472cc
runs/361235/parent/attempts/12/stderr.txt,0,e3b0c44298fc1c149afbf4c8996fb92427ae41e4649b934ca495991b7852b855
runs/361235/parent/attempts/12/stdout.txt,0,e3b0c44298fc1c149afbf4c8996fb92427ae41e4649b934ca495991b7852b855
runs/361235/parent/attempts/12/train-predictions.csv,28508,c8658010aaf0a6813d3af5e1bc2d5965ae0a7391e196b79f00b34e4e28f62298
runs/361235/parent/LEDGER.csv,4496,68fd615d74b6eeab8a89e13efaf1f281314577541235d7aa9b5a4e8f7127b43e
runs/361235/parent/researcher.py,4647,e4a64b3a0fc7864bcb512185c4a1ccf81e27e29fd7afc4fc7ff7f526cf57d7d2
runs/361237/i0/attempts/01/ADMITTED.md,126,689d16469c4fc7e1fe3b6ce35363fcc3741172859455f24db69c035c8a0cdc72
runs/361237/i0/attempts/01/builder/candidate.py,155,5b423e72c15fe5c9dbe23b38c83c76d857fdb46ca0953f179f4de6a6e3fe18f6
runs/361237/i0/attempts/01/builder/parent_engine.py,3361,90e61cc1b2e54aaf54d7d9b48a44cd896de52e4f9d6c13ca7035d6bbebf86dc0
runs/361237/i0/attempts/01/builder/refinement_engine.py,5012,e905a209037c84cf1803ea9c9f37f21314305f3b578a6b6c78db3ba51a677670
runs/361237/i0/attempts/01/builder/revision_one_engine.py,2312,fe3e19c461ba778f21015f8fa96ed8546fa7fd5d0e93b370ac5d4823185d9571
runs/361237/i0/attempts/01/builder/revision_two_engine.py,3988,77d1ba8920eb83f2a245cba587fc166dfe138deb92b452db2e6a1907fac910b6
runs/361237/i0/attempts/01/builder/study_engine.py,2212,6085cc647f0b21b56d32d68025fbc49c3fabcfa0b9ce725f24573fb3b063711b
runs/361237/i0/attempts/01/BUILDER-FREEZE.csv,557,efea64f92b43b6777e4c410df0b684932a75b2b7f5806023426523c2da2bcbab
runs/361237/i0/attempts/01/INHERITANCE.csv,788,a9c18c3c7e8cc26072d9f5a09e0cb49afb71457f4f12fd46be5751e99511dedc
runs/361237/i0/attempts/01/METRICS.csv,201,0473be2a38390916fe136aa78051524c3e465f84efa0c487e410e32c811b1f0a
runs/361237/i0/attempts/01/PROPOSAL.csv,105,f0c3dd609cdd9fb523b2f37a52b2a69a5cebf2ba3421fd4fdb62396cb6e515e9
runs/361237/i0/attempts/01/selection-predictions.csv,6212,9b722245369753f28976774389f1e6f4ee4dcda623ed808dea5bee0eede33056
runs/361237/i0/attempts/01/stderr.txt,0,e3b0c44298fc1c149afbf4c8996fb92427ae41e4649b934ca495991b7852b855
runs/361237/i0/attempts/01/stdout.txt,0,e3b0c44298fc1c149afbf4c8996fb92427ae41e4649b934ca495991b7852b855
runs/361237/i0/attempts/01/train-predictions.csv,17491,bf2126ad6cffc4c06dca6758e942252da28c29bc17005f4926bcbf4040f371be
runs/361237/i0/attempts/02/ADMITTED.md,126,294fe744863b75990cd228a575adebae89c5dcfbe5ac4cfa8bd18c5b51e5213b
runs/361237/i0/attempts/02/builder/candidate.py,146,cee7983f3d0ddd115d33a45f2830ad8b3d60bd191934fb2ad98a1d64046e661d
runs/361237/i0/attempts/02/builder/parent_engine.py,3361,90e61cc1b2e54aaf54d7d9b48a44cd896de52e4f9d6c13ca7035d6bbebf86dc0
runs/361237/i0/attempts/02/builder/refinement_engine.py,5012,e905a209037c84cf1803ea9c9f37f21314305f3b578a6b6c78db3ba51a677670
runs/361237/i0/attempts/02/builder/revision_one_engine.py,2312,fe3e19c461ba778f21015f8fa96ed8546fa7fd5d0e93b370ac5d4823185d9571
runs/361237/i0/attempts/02/builder/revision_two_engine.py,3988,77d1ba8920eb83f2a245cba587fc166dfe138deb92b452db2e6a1907fac910b6
runs/361237/i0/attempts/02/builder/study_engine.py,2212,6085cc647f0b21b56d32d68025fbc49c3fabcfa0b9ce725f24573fb3b063711b
runs/361237/i0/attempts/02/BUILDER-FREEZE.csv,557,4f3ff64319709f1388dd6599df2ec83e44527b0b9194dced102558701b15b3eb
runs/361237/i0/attempts/02/INHERITANCE.csv,788,a9c18c3c7e8cc26072d9f5a09e0cb49afb71457f4f12fd46be5751e99511dedc
runs/361237/i0/attempts/02/METRICS.csv,215,d62eb9d75f408e8374af0dc1c39d9d3ea29df3fb637d026463bc9197af341527
runs/361237/i0/attempts/02/PROPOSAL.csv,96,b7c7861cb402b397faa4a108d78d93ec8325dfcf822d26e0cd05d5d9c52b6299
runs/361237/i0/attempts/02/selection-predictions.csv,7566,be30f76ad69fc67bca2987350b8a495fc69afca3b32c1413b9f8161e1295aeb1
runs/361237/i0/attempts/02/stderr.txt,0,e3b0c44298fc1c149afbf4c8996fb92427ae41e4649b934ca495991b7852b855
runs/361237/i0/attempts/02/stdout.txt,0,e3b0c44298fc1c149afbf4c8996fb92427ae41e4649b934ca495991b7852b855
runs/361237/i0/attempts/02/train-predictions.csv,21338,0fb71afffae8756e2169ab337bb9d686fb1f4ae330fc7c72b3be35b6afa76b9c
runs/361237/i0/attempts/03/ADMITTED.md,126,bfc53d52de774c7665dc89e30c76e4a1a62562e1c3857f78ad6779bdea204e35
runs/361237/i0/attempts/03/builder/candidate.py,153,0918ad65acc5281163c013cc98a4838d8a582c04ef2b144849472fa5bfbd8361
runs/361237/i0/attempts/03/builder/parent_engine.py,3361,90e61cc1b2e54aaf54d7d9b48a44cd896de52e4f9d6c13ca7035d6bbebf86dc0
runs/361237/i0/attempts/03/builder/refinement_engine.py,5012,e905a209037c84cf1803ea9c9f37f21314305f3b578a6b6c78db3ba51a677670
runs/361237/i0/attempts/03/builder/revision_one_engine.py,2312,fe3e19c461ba778f21015f8fa96ed8546fa7fd5d0e93b370ac5d4823185d9571
runs/361237/i0/attempts/03/builder/revision_two_engine.py,3988,77d1ba8920eb83f2a245cba587fc166dfe138deb92b452db2e6a1907fac910b6
runs/361237/i0/attempts/03/builder/study_engine.py,2212,6085cc647f0b21b56d32d68025fbc49c3fabcfa0b9ce725f24573fb3b063711b
runs/361237/i0/attempts/03/BUILDER-FREEZE.csv,557,f5d52910ea18489e8e7d856d199e3510e42f243010677cf2d4e24bf7d7351139
runs/361237/i0/attempts/03/INHERITANCE.csv,788,a9c18c3c7e8cc26072d9f5a09e0cb49afb71457f4f12fd46be5751e99511dedc
runs/361237/i0/attempts/03/METRICS.csv,213,720fc67a2232adb388ff0718d13cfb005ff1b41636a584e6cc130df35aab023c
runs/361237/i0/attempts/03/PROPOSAL.csv,103,05a49ba2d9cac1b746efed8683cb3010443d97ab5c924670180ae15db6b95c0d
runs/361237/i0/attempts/03/selection-predictions.csv,7525,57f00ffba60c772674caf2c488bba850f3d817c01858cdc41320e74ed0702118
runs/361237/i0/attempts/03/stderr.txt,0,e3b0c44298fc1c149afbf4c8996fb92427ae41e4649b934ca495991b7852b855
runs/361237/i0/attempts/03/stdout.txt,0,e3b0c44298fc1c149afbf4c8996fb92427ae41e4649b934ca495991b7852b855
runs/361237/i0/attempts/03/train-predictions.csv,21241,c6ecfc4a4355ca3cec36b7ad2569cadb22f4449ca552d23f0d2f582e66f18581
runs/361237/i0/attempts/04/ADMITTED.md,126,53c66a30ba527e4e51f0991a40a39ab2fa30277959c5e977977cc67ae4f350ee
runs/361237/i0/attempts/04/builder/candidate.py,145,27d1a072e585c314d242425e3916152e1d5bc9acc0dda7b40e67395c1b8f1902
runs/361237/i0/attempts/04/builder/parent_engine.py,3361,90e61cc1b2e54aaf54d7d9b48a44cd896de52e4f9d6c13ca7035d6bbebf86dc0
runs/361237/i0/attempts/04/builder/refinement_engine.py,5012,e905a209037c84cf1803ea9c9f37f21314305f3b578a6b6c78db3ba51a677670
runs/361237/i0/attempts/04/builder/revision_one_engine.py,2312,fe3e19c461ba778f21015f8fa96ed8546fa7fd5d0e93b370ac5d4823185d9571
runs/361237/i0/attempts/04/builder/revision_two_engine.py,3988,77d1ba8920eb83f2a245cba587fc166dfe138deb92b452db2e6a1907fac910b6
runs/361237/i0/attempts/04/builder/study_engine.py,2212,6085cc647f0b21b56d32d68025fbc49c3fabcfa0b9ce725f24573fb3b063711b
runs/361237/i0/attempts/04/BUILDER-FREEZE.csv,557,c9446868cc86fde9fff8c40aea9335b1ba98c83a1a4bfe898dbc8944daa1ed39
runs/361237/i0/attempts/04/INHERITANCE.csv,788,a9c18c3c7e8cc26072d9f5a09e0cb49afb71457f4f12fd46be5751e99511dedc
runs/361237/i0/attempts/04/METRICS.csv,216,178821572a46ebeaab5ab4c570cf0a279884fa8378ecb0de22a034b8d24c7a9a
runs/361237/i0/attempts/04/PROPOSAL.csv,95,2d925ee6ec8562b48fac0116acbc6a05f71dc78503097df2222d1c2d8fa394a6
runs/361237/i0/attempts/04/selection-predictions.csv,7574,18d2b447bc2d3086a4ddcde8440f0ff6ecdd43fd2c1cfabaf430cbca9b890277
runs/361237/i0/attempts/04/stderr.txt,0,e3b0c44298fc1c149afbf4c8996fb92427ae41e4649b934ca495991b7852b855
runs/361237/i0/attempts/04/stdout.txt,0,e3b0c44298fc1c149afbf4c8996fb92427ae41e4649b934ca495991b7852b855
runs/361237/i0/attempts/04/train-predictions.csv,21340,0bcfc7c3724e80d2acab2c70abd7d2f6c12d5fae0dd9448c3601620b0ace69f7
runs/361237/i0/attempts/05/ADMITTED.md,126,b20243c22bfd28159dd23db239010399429d255e3612b2a89998f927d8e051b6
runs/361237/i0/attempts/05/builder/candidate.py,151,fe9f52aac6fae812ea74bfe6725897abb4cf9f7a3df60d58683d0107f65b1d3b
runs/361237/i0/attempts/05/builder/parent_engine.py,3361,90e61cc1b2e54aaf54d7d9b48a44cd896de52e4f9d6c13ca7035d6bbebf86dc0
runs/361237/i0/attempts/05/builder/refinement_engine.py,5012,e905a209037c84cf1803ea9c9f37f21314305f3b578a6b6c78db3ba51a677670
runs/361237/i0/attempts/05/builder/revision_one_engine.py,2312,fe3e19c461ba778f21015f8fa96ed8546fa7fd5d0e93b370ac5d4823185d9571
runs/361237/i0/attempts/05/builder/revision_two_engine.py,3988,77d1ba8920eb83f2a245cba587fc166dfe138deb92b452db2e6a1907fac910b6
runs/361237/i0/attempts/05/builder/study_engine.py,2212,6085cc647f0b21b56d32d68025fbc49c3fabcfa0b9ce725f24573fb3b063711b
runs/361237/i0/attempts/05/BUILDER-FREEZE.csv,557,9d7f8a8d204fe4869e132ce052e84f4734e5f8f80a8087236cc2e6a9e9d23f4e
runs/361237/i0/attempts/05/INHERITANCE.csv,788,a9c18c3c7e8cc26072d9f5a09e0cb49afb71457f4f12fd46be5751e99511dedc
runs/361237/i0/attempts/05/METRICS.csv,213,81b81c652e4d9efbc770edda7e7ea24553908409961a125569656bd32a3ae5fe
runs/361237/i0/attempts/05/PROPOSAL.csv,101,1ce836733fa0a39b644111c7f5b50c27c500b33975835766f82a45dd98035736
runs/361237/i0/attempts/05/selection-predictions.csv,7532,bb9f7547d10b569245721d8ffcf05b36e97fceb0c1a666bbf3b18544b3844b16
runs/361237/i0/attempts/05/stderr.txt,0,e3b0c44298fc1c149afbf4c8996fb92427ae41e4649b934ca495991b7852b855
runs/361237/i0/attempts/05/stdout.txt,0,e3b0c44298fc1c149afbf4c8996fb92427ae41e4649b934ca495991b7852b855
runs/361237/i0/attempts/05/train-predictions.csv,20733,1d2da2019030aa40682b77aad80e596cbd0750427779695cf5a47e270e3657c4
runs/361237/i0/attempts/06/ADMITTED.md,126,538b068c45110b982fad755b8ec7e5cc86b53945c2bf0df1e6091c3ca2907d58
runs/361237/i0/attempts/06/builder/candidate.py,150,c57445ba4248176a610264d02f47077484c9b2db467b3617b7e6c2d09fac91b3
runs/361237/i0/attempts/06/builder/parent_engine.py,3361,90e61cc1b2e54aaf54d7d9b48a44cd896de52e4f9d6c13ca7035d6bbebf86dc0
runs/361237/i0/attempts/06/builder/refinement_engine.py,5012,e905a209037c84cf1803ea9c9f37f21314305f3b578a6b6c78db3ba51a677670
runs/361237/i0/attempts/06/builder/revision_one_engine.py,2312,fe3e19c461ba778f21015f8fa96ed8546fa7fd5d0e93b370ac5d4823185d9571
runs/361237/i0/attempts/06/builder/revision_two_engine.py,3988,77d1ba8920eb83f2a245cba587fc166dfe138deb92b452db2e6a1907fac910b6
runs/361237/i0/attempts/06/builder/study_engine.py,2212,6085cc647f0b21b56d32d68025fbc49c3fabcfa0b9ce725f24573fb3b063711b
runs/361237/i0/attempts/06/BUILDER-FREEZE.csv,557,5615280c1139a77d21579bdb2f7de854f39db3e2c1d248783c10fe42a71c17bd
runs/361237/i0/attempts/06/INHERITANCE.csv,788,a9c18c3c7e8cc26072d9f5a09e0cb49afb71457f4f12fd46be5751e99511dedc
runs/361237/i0/attempts/06/METRICS.csv,214,5cf63b5e0359cc64892fb1824a8df030afa8da1e3ce4837a597b08ab1a643b5d
runs/361237/i0/attempts/06/PROPOSAL.csv,100,5c7e5e620daed35b59df51493e78f99c90770c01ae8b182f880054d159f8f358
runs/361237/i0/attempts/06/selection-predictions.csv,7556,1ab30ed0a7c5ef954d9d1273e9530c2f1bd4b84899bb636dad0c113905d90c69
runs/361237/i0/attempts/06/stderr.txt,0,e3b0c44298fc1c149afbf4c8996fb92427ae41e4649b934ca495991b7852b855
runs/361237/i0/attempts/06/stdout.txt,0,e3b0c44298fc1c149afbf4c8996fb92427ae41e4649b934ca495991b7852b855
runs/361237/i0/attempts/06/train-predictions.csv,21322,039352c9790382c9cb41a3f9a7da59fcb5c0d7d9aafeeff9a024b61a6a52dd0d
runs/361237/i0/attempts/07/ADMITTED.md,126,12b372b9f5b9a508280752fb4fd23fdd25589b41ca3d7d917f1ebc01912d49e0
runs/361237/i0/attempts/07/builder/candidate.py,146,99666013fed9dfb0cb3c8aefeb0ff36ea73030482a9d8666d270a500e98c3cc7
runs/361237/i0/attempts/07/builder/parent_engine.py,3361,90e61cc1b2e54aaf54d7d9b48a44cd896de52e4f9d6c13ca7035d6bbebf86dc0
runs/361237/i0/attempts/07/builder/refinement_engine.py,5012,e905a209037c84cf1803ea9c9f37f21314305f3b578a6b6c78db3ba51a677670
runs/361237/i0/attempts/07/builder/revision_one_engine.py,2312,fe3e19c461ba778f21015f8fa96ed8546fa7fd5d0e93b370ac5d4823185d9571
runs/361237/i0/attempts/07/builder/revision_two_engine.py,3988,77d1ba8920eb83f2a245cba587fc166dfe138deb92b452db2e6a1907fac910b6
runs/361237/i0/attempts/07/builder/study_engine.py,2212,6085cc647f0b21b56d32d68025fbc49c3fabcfa0b9ce725f24573fb3b063711b
runs/361237/i0/attempts/07/BUILDER-FREEZE.csv,557,92a55479c4f92a7ca4124cda1e1bc5f53f071d2a2a392d886b09434eedc716b7
runs/361237/i0/attempts/07/INHERITANCE.csv,788,a9c18c3c7e8cc26072d9f5a09e0cb49afb71457f4f12fd46be5751e99511dedc
runs/361237/i0/attempts/07/METRICS.csv,217,1c714b438cc739284989ef0c5ce0afe64f190cb8a78cbe34d422f467fd4b9184
runs/361237/i0/attempts/07/PROPOSAL.csv,96,c497706dcfe8bc1267c34933f95c87592676a931a20a753b7d90a2879b2113d7
runs/361237/i0/attempts/07/selection-predictions.csv,7574,eab409ac4e0c377a77820c0adc168261220d2752e403b19fd1edb9561edf2c21
runs/361237/i0/attempts/07/stderr.txt,0,e3b0c44298fc1c149afbf4c8996fb92427ae41e4649b934ca495991b7852b855
runs/361237/i0/attempts/07/stdout.txt,0,e3b0c44298fc1c149afbf4c8996fb92427ae41e4649b934ca495991b7852b855
runs/361237/i0/attempts/07/train-predictions.csv,21340,f8f6899faefb69b1a844f4da0c4c243c298fc74fc015c0ae5938328e5975ad57
runs/361237/i0/attempts/08/ADMITTED.md,126,f385a6d15fcb82ca511b2fb93caac439a5885d5d8d608cb5e2520205e614589c
runs/361237/i0/attempts/08/builder/candidate.py,151,c46021861851ef435427b9f0d4ad8644c28fd08fbc487b79e306da2db4e555cb
runs/361237/i0/attempts/08/builder/parent_engine.py,3361,90e61cc1b2e54aaf54d7d9b48a44cd896de52e4f9d6c13ca7035d6bbebf86dc0
runs/361237/i0/attempts/08/builder/refinement_engine.py,5012,e905a209037c84cf1803ea9c9f37f21314305f3b578a6b6c78db3ba51a677670
runs/361237/i0/attempts/08/builder/revision_one_engine.py,2312,fe3e19c461ba778f21015f8fa96ed8546fa7fd5d0e93b370ac5d4823185d9571
runs/361237/i0/attempts/08/builder/revision_two_engine.py,3988,77d1ba8920eb83f2a245cba587fc166dfe138deb92b452db2e6a1907fac910b6
runs/361237/i0/attempts/08/builder/study_engine.py,2212,6085cc647f0b21b56d32d68025fbc49c3fabcfa0b9ce725f24573fb3b063711b
runs/361237/i0/attempts/08/BUILDER-FREEZE.csv,557,53b8b44259500ba8ee9f70e7fae3ff0ceee64b54fd3ea6e26ddaff082bed63d6
runs/361237/i0/attempts/08/INHERITANCE.csv,788,a9c18c3c7e8cc26072d9f5a09e0cb49afb71457f4f12fd46be5751e99511dedc
runs/361237/i0/attempts/08/METRICS.csv,221,4aefed1cbca8fb86e6f1b1128c294d96f602771658cd3ee128d99dda505ff3d6
runs/361237/i0/attempts/08/PROPOSAL.csv,101,a913a494e0df82ba962f41dff45d930cdabb43be5163520686a7e6e60ee716e8
runs/361237/i0/attempts/08/selection-predictions.csv,7575,8c86516874d76e73568fe85195de5592ab8992734d33b211420627b7c91467c7
runs/361237/i0/attempts/08/stderr.txt,0,e3b0c44298fc1c149afbf4c8996fb92427ae41e4649b934ca495991b7852b855
runs/361237/i0/attempts/08/stdout.txt,0,e3b0c44298fc1c149afbf4c8996fb92427ae41e4649b934ca495991b7852b855
runs/361237/i0/attempts/08/train-predictions.csv,17912,9b5c7a52f09f92923b508dbe2471d0f988d036c73ce1ab88a2950d4eef758e5c
runs/361237/i0/attempts/09/ADMITTED.md,126,8a41c46130debab21a569825b94bb5951958bac6bb47c0bba57e903942dffe98
runs/361237/i0/attempts/09/builder/candidate.py,150,a257a714d45385cd0dff01a45e1bd3b909cb4d6db65c80e38ead651484f37e08
runs/361237/i0/attempts/09/builder/parent_engine.py,3361,90e61cc1b2e54aaf54d7d9b48a44cd896de52e4f9d6c13ca7035d6bbebf86dc0
runs/361237/i0/attempts/09/builder/refinement_engine.py,5012,e905a209037c84cf1803ea9c9f37f21314305f3b578a6b6c78db3ba51a677670
runs/361237/i0/attempts/09/builder/revision_one_engine.py,2312,fe3e19c461ba778f21015f8fa96ed8546fa7fd5d0e93b370ac5d4823185d9571
runs/361237/i0/attempts/09/builder/revision_two_engine.py,3988,77d1ba8920eb83f2a245cba587fc166dfe138deb92b452db2e6a1907fac910b6
runs/361237/i0/attempts/09/builder/study_engine.py,2212,6085cc647f0b21b56d32d68025fbc49c3fabcfa0b9ce725f24573fb3b063711b
runs/361237/i0/attempts/09/BUILDER-FREEZE.csv,557,cdeaf2801f00c46aff1df5bbeb8f85255da5793287c42e4c8215a8e16715236c
runs/361237/i0/attempts/09/INHERITANCE.csv,788,a9c18c3c7e8cc26072d9f5a09e0cb49afb71457f4f12fd46be5751e99511dedc
runs/361237/i0/attempts/09/METRICS.csv,216,167df8297c412458208a73f1da90fa7853cab39a51a541252c46e3acf7f74c6b
runs/361237/i0/attempts/09/PARENT-CANDIDATE.py,150,c57445ba4248176a610264d02f47077484c9b2db467b3617b7e6c2d09fac91b3
runs/361237/i0/attempts/09/PROPOSAL.csv,110,dc289d88d8b4cad1614bdc3974ab0bd50bc88ca6141c09333deeb24b662c7663
runs/361237/i0/attempts/09/selection-predictions.csv,7573,10bcece2752874c0b759b6efd27d597fdb810db6623b8d6c0f524576555a934c
runs/361237/i0/attempts/09/stderr.txt,0,e3b0c44298fc1c149afbf4c8996fb92427ae41e4649b934ca495991b7852b855
runs/361237/i0/attempts/09/stdout.txt,0,e3b0c44298fc1c149afbf4c8996fb92427ae41e4649b934ca495991b7852b855
runs/361237/i0/attempts/09/train-predictions.csv,21327,e4c66d5b688efb6b39bee8ab41a6341700067bfdf5b1f27e6a1348512ec698e4
runs/361237/i0/attempts/10/ADMITTED.md,126,6305516fac5ab711a00def2c5848009a63cc22be1d7b46b1dffa4a76ce3b62b8
runs/361237/i0/attempts/10/builder/candidate.py,150,d45873f393004d98740b3e58e6b0b681ecaba4b1839ae6dbd4929bd01cca14c5
runs/361237/i0/attempts/10/builder/parent_engine.py,3361,90e61cc1b2e54aaf54d7d9b48a44cd896de52e4f9d6c13ca7035d6bbebf86dc0
runs/361237/i0/attempts/10/builder/refinement_engine.py,5012,e905a209037c84cf1803ea9c9f37f21314305f3b578a6b6c78db3ba51a677670
runs/361237/i0/attempts/10/builder/revision_one_engine.py,2312,fe3e19c461ba778f21015f8fa96ed8546fa7fd5d0e93b370ac5d4823185d9571
runs/361237/i0/attempts/10/builder/revision_two_engine.py,3988,77d1ba8920eb83f2a245cba587fc166dfe138deb92b452db2e6a1907fac910b6
runs/361237/i0/attempts/10/builder/study_engine.py,2212,6085cc647f0b21b56d32d68025fbc49c3fabcfa0b9ce725f24573fb3b063711b
runs/361237/i0/attempts/10/BUILDER-FREEZE.csv,557,42c2372ef21f9942f57c2f866753ad745ddf09b1c6c120c7403a50423b003042
runs/361237/i0/attempts/10/INHERITANCE.csv,788,a9c18c3c7e8cc26072d9f5a09e0cb49afb71457f4f12fd46be5751e99511dedc
runs/361237/i0/attempts/10/METRICS.csv,214,9e0b50ced80b38a41f762eefb740fca66c0bf39c860d2fa2b6eadc4bd724a572
runs/361237/i0/attempts/10/PARENT-CANDIDATE.py,150,c57445ba4248176a610264d02f47077484c9b2db467b3617b7e6c2d09fac91b3
runs/361237/i0/attempts/10/PROPOSAL.csv,111,eaadac9c3b43cd87068f00bcad3550c07ec8fca0d550d63eb761c8ac53607115
runs/361237/i0/attempts/10/selection-predictions.csv,7556,1ab30ed0a7c5ef954d9d1273e9530c2f1bd4b84899bb636dad0c113905d90c69
runs/361237/i0/attempts/10/stderr.txt,0,e3b0c44298fc1c149afbf4c8996fb92427ae41e4649b934ca495991b7852b855
runs/361237/i0/attempts/10/stdout.txt,0,e3b0c44298fc1c149afbf4c8996fb92427ae41e4649b934ca495991b7852b855
runs/361237/i0/attempts/10/train-predictions.csv,21322,039352c9790382c9cb41a3f9a7da59fcb5c0d7d9aafeeff9a024b61a6a52dd0d
runs/361237/i0/attempts/11/ADMITTED.md,126,55553a05736ea9ddf27ad740d8acbd8d281b9704ca1f80b766d507056161664e
runs/361237/i0/attempts/11/builder/candidate.py,151,65f08bd9437f4b97d8dca65c9e2a4ddb9f2aa1c18fc7963c652b4af27806aaaf
runs/361237/i0/attempts/11/builder/parent_engine.py,3361,90e61cc1b2e54aaf54d7d9b48a44cd896de52e4f9d6c13ca7035d6bbebf86dc0
runs/361237/i0/attempts/11/builder/refinement_engine.py,5012,e905a209037c84cf1803ea9c9f37f21314305f3b578a6b6c78db3ba51a677670
runs/361237/i0/attempts/11/builder/revision_one_engine.py,2312,fe3e19c461ba778f21015f8fa96ed8546fa7fd5d0e93b370ac5d4823185d9571
runs/361237/i0/attempts/11/builder/revision_two_engine.py,3988,77d1ba8920eb83f2a245cba587fc166dfe138deb92b452db2e6a1907fac910b6
runs/361237/i0/attempts/11/builder/study_engine.py,2212,6085cc647f0b21b56d32d68025fbc49c3fabcfa0b9ce725f24573fb3b063711b
runs/361237/i0/attempts/11/BUILDER-FREEZE.csv,557,2bd22d84f384534135cbeb90f8d61c41f9ec310557ee8acea911251de68e1548
runs/361237/i0/attempts/11/INHERITANCE.csv,788,a9c18c3c7e8cc26072d9f5a09e0cb49afb71457f4f12fd46be5751e99511dedc
runs/361237/i0/attempts/11/METRICS.csv,215,34998d623f58ea464d5693d90cd328869ff4a42732629fbabeecdbfff4fff347
runs/361237/i0/attempts/11/PARENT-CANDIDATE.py,150,c57445ba4248176a610264d02f47077484c9b2db467b3617b7e6c2d09fac91b3
runs/361237/i0/attempts/11/PROPOSAL.csv,112,b0a685aaefa88689ee60084a43ee3b3026a8cd787949c1d1dc27c30a136ec199
runs/361237/i0/attempts/11/selection-predictions.csv,7558,e7aa25604e017ec836f612110290bf89c7ce1ed91e9a17a9aa378fe84197255a
runs/361237/i0/attempts/11/stderr.txt,0,e3b0c44298fc1c149afbf4c8996fb92427ae41e4649b934ca495991b7852b855
runs/361237/i0/attempts/11/stdout.txt,0,e3b0c44298fc1c149afbf4c8996fb92427ae41e4649b934ca495991b7852b855
runs/361237/i0/attempts/11/train-predictions.csv,21319,281f770461bd6280125c8810b905fea68e5bd4679d9c93c663ecee15707eb255
runs/361237/i0/attempts/12/ADMITTED.md,126,1e71cbf9d866ab06f245041ba83b913edd406992cc1a1a8b8e6a08f5385afa51
runs/361237/i0/attempts/12/builder/candidate.py,150,5d09c99baa5c9db4c4bba2320bf9ed384628a2a691c0907c517d3505520586fd
runs/361237/i0/attempts/12/builder/parent_engine.py,3361,90e61cc1b2e54aaf54d7d9b48a44cd896de52e4f9d6c13ca7035d6bbebf86dc0
runs/361237/i0/attempts/12/builder/refinement_engine.py,5012,e905a209037c84cf1803ea9c9f37f21314305f3b578a6b6c78db3ba51a677670
runs/361237/i0/attempts/12/builder/revision_one_engine.py,2312,fe3e19c461ba778f21015f8fa96ed8546fa7fd5d0e93b370ac5d4823185d9571
runs/361237/i0/attempts/12/builder/revision_two_engine.py,3988,77d1ba8920eb83f2a245cba587fc166dfe138deb92b452db2e6a1907fac910b6
runs/361237/i0/attempts/12/builder/study_engine.py,2212,6085cc647f0b21b56d32d68025fbc49c3fabcfa0b9ce725f24573fb3b063711b
runs/361237/i0/attempts/12/BUILDER-FREEZE.csv,557,b648965228f8fb015d69aaafb6adb0a714686e90da8cf05164a694a60ad1971a
runs/361237/i0/attempts/12/INHERITANCE.csv,788,a9c18c3c7e8cc26072d9f5a09e0cb49afb71457f4f12fd46be5751e99511dedc
runs/361237/i0/attempts/12/METRICS.csv,212,f0894c14e97c80b290aa61eda4da6338934ce4c75312bfd3365e0d39b20701e3
runs/361237/i0/attempts/12/PARENT-CANDIDATE.py,150,c57445ba4248176a610264d02f47077484c9b2db467b3617b7e6c2d09fac91b3
runs/361237/i0/attempts/12/PROPOSAL.csv,111,2072dd55cf0d7b561c774a4c6857ba8b6e53925d7621cf03ffa6ae4ffc4ff41b
runs/361237/i0/attempts/12/selection-predictions.csv,7556,1ab30ed0a7c5ef954d9d1273e9530c2f1bd4b84899bb636dad0c113905d90c69
runs/361237/i0/attempts/12/stderr.txt,0,e3b0c44298fc1c149afbf4c8996fb92427ae41e4649b934ca495991b7852b855
runs/361237/i0/attempts/12/stdout.txt,0,e3b0c44298fc1c149afbf4c8996fb92427ae41e4649b934ca495991b7852b855
runs/361237/i0/attempts/12/train-predictions.csv,21322,039352c9790382c9cb41a3f9a7da59fcb5c0d7d9aafeeff9a024b61a6a52dd0d
runs/361237/i0/LEDGER.csv,4445,3a7c4e1a19da5971f707faf9d14f696d0cf37261040715a12f72c60f78da46c7
runs/361237/i0/researcher.py,4647,c46276d2e2cb9e1df4c329b6c5517b13a9c3b7b4dd554ce367920986cb14f60f
runs/361237/i1/attempts/01/ADMITTED.md,126,d82428ae878109e890bab580c64d1f1866179455d8e9c2282e014887984af7b2
runs/361237/i1/attempts/01/builder/candidate.py,155,5b423e72c15fe5c9dbe23b38c83c76d857fdb46ca0953f179f4de6a6e3fe18f6
runs/361237/i1/attempts/01/builder/parent_engine.py,3361,90e61cc1b2e54aaf54d7d9b48a44cd896de52e4f9d6c13ca7035d6bbebf86dc0
runs/361237/i1/attempts/01/builder/refinement_engine.py,5012,e905a209037c84cf1803ea9c9f37f21314305f3b578a6b6c78db3ba51a677670
runs/361237/i1/attempts/01/builder/revision_one_engine.py,2312,fe3e19c461ba778f21015f8fa96ed8546fa7fd5d0e93b370ac5d4823185d9571
runs/361237/i1/attempts/01/builder/revision_two_engine.py,3988,77d1ba8920eb83f2a245cba587fc166dfe138deb92b452db2e6a1907fac910b6
runs/361237/i1/attempts/01/builder/study_engine.py,2212,6085cc647f0b21b56d32d68025fbc49c3fabcfa0b9ce725f24573fb3b063711b
runs/361237/i1/attempts/01/BUILDER-FREEZE.csv,557,efea64f92b43b6777e4c410df0b684932a75b2b7f5806023426523c2da2bcbab
runs/361237/i1/attempts/01/INHERITANCE.csv,788,a9c18c3c7e8cc26072d9f5a09e0cb49afb71457f4f12fd46be5751e99511dedc
runs/361237/i1/attempts/01/METRICS.csv,201,fb89f707c326e401691758bdea48dd1beceeb504f4fb9f6fd6cf29fd2a135f2a
runs/361237/i1/attempts/01/PROPOSAL.csv,105,f0c3dd609cdd9fb523b2f37a52b2a69a5cebf2ba3421fd4fdb62396cb6e515e9
runs/361237/i1/attempts/01/selection-predictions.csv,6212,9b722245369753f28976774389f1e6f4ee4dcda623ed808dea5bee0eede33056
runs/361237/i1/attempts/01/stderr.txt,0,e3b0c44298fc1c149afbf4c8996fb92427ae41e4649b934ca495991b7852b855
runs/361237/i1/attempts/01/stdout.txt,0,e3b0c44298fc1c149afbf4c8996fb92427ae41e4649b934ca495991b7852b855
runs/361237/i1/attempts/01/train-predictions.csv,17491,bf2126ad6cffc4c06dca6758e942252da28c29bc17005f4926bcbf4040f371be
runs/361237/i1/attempts/02/ADMITTED.md,126,1e8ed53281218f373725fc3f56bc57835d8fe8da9fae3d0b50b4c240db682669
runs/361237/i1/attempts/02/builder/candidate.py,146,cee7983f3d0ddd115d33a45f2830ad8b3d60bd191934fb2ad98a1d64046e661d
runs/361237/i1/attempts/02/builder/parent_engine.py,3361,90e61cc1b2e54aaf54d7d9b48a44cd896de52e4f9d6c13ca7035d6bbebf86dc0
runs/361237/i1/attempts/02/builder/refinement_engine.py,5012,e905a209037c84cf1803ea9c9f37f21314305f3b578a6b6c78db3ba51a677670
runs/361237/i1/attempts/02/builder/revision_one_engine.py,2312,fe3e19c461ba778f21015f8fa96ed8546fa7fd5d0e93b370ac5d4823185d9571
runs/361237/i1/attempts/02/builder/revision_two_engine.py,3988,77d1ba8920eb83f2a245cba587fc166dfe138deb92b452db2e6a1907fac910b6
runs/361237/i1/attempts/02/builder/study_engine.py,2212,6085cc647f0b21b56d32d68025fbc49c3fabcfa0b9ce725f24573fb3b063711b
runs/361237/i1/attempts/02/BUILDER-FREEZE.csv,557,4f3ff64319709f1388dd6599df2ec83e44527b0b9194dced102558701b15b3eb
runs/361237/i1/attempts/02/INHERITANCE.csv,788,a9c18c3c7e8cc26072d9f5a09e0cb49afb71457f4f12fd46be5751e99511dedc
runs/361237/i1/attempts/02/METRICS.csv,215,8f92d291c7a89025036ea1e28d524ea97063e76e6bd37b74d97efa32ca508e80
runs/361237/i1/attempts/02/PROPOSAL.csv,96,b7c7861cb402b397faa4a108d78d93ec8325dfcf822d26e0cd05d5d9c52b6299
runs/361237/i1/attempts/02/selection-predictions.csv,7566,be30f76ad69fc67bca2987350b8a495fc69afca3b32c1413b9f8161e1295aeb1
runs/361237/i1/attempts/02/stderr.txt,0,e3b0c44298fc1c149afbf4c8996fb92427ae41e4649b934ca495991b7852b855
runs/361237/i1/attempts/02/stdout.txt,0,e3b0c44298fc1c149afbf4c8996fb92427ae41e4649b934ca495991b7852b855
runs/361237/i1/attempts/02/train-predictions.csv,21338,0fb71afffae8756e2169ab337bb9d686fb1f4ae330fc7c72b3be35b6afa76b9c
runs/361237/i1/attempts/03/ADMITTED.md,126,a7cb5c606e4e79b866a74572a3b5710032536815531fffb21246eeb3858ee1fd
runs/361237/i1/attempts/03/builder/candidate.py,153,0918ad65acc5281163c013cc98a4838d8a582c04ef2b144849472fa5bfbd8361
runs/361237/i1/attempts/03/builder/parent_engine.py,3361,90e61cc1b2e54aaf54d7d9b48a44cd896de52e4f9d6c13ca7035d6bbebf86dc0
runs/361237/i1/attempts/03/builder/refinement_engine.py,5012,e905a209037c84cf1803ea9c9f37f21314305f3b578a6b6c78db3ba51a677670
runs/361237/i1/attempts/03/builder/revision_one_engine.py,2312,fe3e19c461ba778f21015f8fa96ed8546fa7fd5d0e93b370ac5d4823185d9571
runs/361237/i1/attempts/03/builder/revision_two_engine.py,3988,77d1ba8920eb83f2a245cba587fc166dfe138deb92b452db2e6a1907fac910b6
runs/361237/i1/attempts/03/builder/study_engine.py,2212,6085cc647f0b21b56d32d68025fbc49c3fabcfa0b9ce725f24573fb3b063711b
runs/361237/i1/attempts/03/BUILDER-FREEZE.csv,557,f5d52910ea18489e8e7d856d199e3510e42f243010677cf2d4e24bf7d7351139
runs/361237/i1/attempts/03/INHERITANCE.csv,788,a9c18c3c7e8cc26072d9f5a09e0cb49afb71457f4f12fd46be5751e99511dedc
runs/361237/i1/attempts/03/METRICS.csv,215,2f93d1017296019f0fa3b766a3b65c0101f3318113e55f7240b5230b24661ae7
runs/361237/i1/attempts/03/PROPOSAL.csv,103,05a49ba2d9cac1b746efed8683cb3010443d97ab5c924670180ae15db6b95c0d
runs/361237/i1/attempts/03/selection-predictions.csv,7525,57f00ffba60c772674caf2c488bba850f3d817c01858cdc41320e74ed0702118
runs/361237/i1/attempts/03/stderr.txt,0,e3b0c44298fc1c149afbf4c8996fb92427ae41e4649b934ca495991b7852b855
runs/361237/i1/attempts/03/stdout.txt,0,e3b0c44298fc1c149afbf4c8996fb92427ae41e4649b934ca495991b7852b855
runs/361237/i1/attempts/03/train-predictions.csv,21241,c6ecfc4a4355ca3cec36b7ad2569cadb22f4449ca552d23f0d2f582e66f18581
runs/361237/i1/attempts/04/ADMITTED.md,126,b620dc738460c4f60fb5d1d978d0f18ca9415389a4f126890eb42adea9958580
runs/361237/i1/attempts/04/builder/candidate.py,145,27d1a072e585c314d242425e3916152e1d5bc9acc0dda7b40e67395c1b8f1902
runs/361237/i1/attempts/04/builder/parent_engine.py,3361,90e61cc1b2e54aaf54d7d9b48a44cd896de52e4f9d6c13ca7035d6bbebf86dc0
runs/361237/i1/attempts/04/builder/refinement_engine.py,5012,e905a209037c84cf1803ea9c9f37f21314305f3b578a6b6c78db3ba51a677670
runs/361237/i1/attempts/04/builder/revision_one_engine.py,2312,fe3e19c461ba778f21015f8fa96ed8546fa7fd5d0e93b370ac5d4823185d9571
runs/361237/i1/attempts/04/builder/revision_two_engine.py,3988,77d1ba8920eb83f2a245cba587fc166dfe138deb92b452db2e6a1907fac910b6
runs/361237/i1/attempts/04/builder/study_engine.py,2212,6085cc647f0b21b56d32d68025fbc49c3fabcfa0b9ce725f24573fb3b063711b
runs/361237/i1/attempts/04/BUILDER-FREEZE.csv,557,c9446868cc86fde9fff8c40aea9335b1ba98c83a1a4bfe898dbc8944daa1ed39
runs/361237/i1/attempts/04/INHERITANCE.csv,788,a9c18c3c7e8cc26072d9f5a09e0cb49afb71457f4f12fd46be5751e99511dedc
runs/361237/i1/attempts/04/METRICS.csv,216,88e804f64ef1c83ad7abe33c6dd55b7a5903582d439a4e87a58e553e5801d326
runs/361237/i1/attempts/04/PROPOSAL.csv,95,2d925ee6ec8562b48fac0116acbc6a05f71dc78503097df2222d1c2d8fa394a6
runs/361237/i1/attempts/04/selection-predictions.csv,7574,18d2b447bc2d3086a4ddcde8440f0ff6ecdd43fd2c1cfabaf430cbca9b890277
runs/361237/i1/attempts/04/stderr.txt,0,e3b0c44298fc1c149afbf4c8996fb92427ae41e4649b934ca495991b7852b855
runs/361237/i1/attempts/04/stdout.txt,0,e3b0c44298fc1c149afbf4c8996fb92427ae41e4649b934ca495991b7852b855
runs/361237/i1/attempts/04/train-predictions.csv,21340,0bcfc7c3724e80d2acab2c70abd7d2f6c12d5fae0dd9448c3601620b0ace69f7
runs/361237/i1/attempts/05/ADMITTED.md,126,faf7df29c52011232c9b0667c855e65aa7756a8c0205b80b5fa24ccc9771d4da
runs/361237/i1/attempts/05/builder/candidate.py,151,fe9f52aac6fae812ea74bfe6725897abb4cf9f7a3df60d58683d0107f65b1d3b
runs/361237/i1/attempts/05/builder/parent_engine.py,3361,90e61cc1b2e54aaf54d7d9b48a44cd896de52e4f9d6c13ca7035d6bbebf86dc0
runs/361237/i1/attempts/05/builder/refinement_engine.py,5012,e905a209037c84cf1803ea9c9f37f21314305f3b578a6b6c78db3ba51a677670
runs/361237/i1/attempts/05/builder/revision_one_engine.py,2312,fe3e19c461ba778f21015f8fa96ed8546fa7fd5d0e93b370ac5d4823185d9571
runs/361237/i1/attempts/05/builder/revision_two_engine.py,3988,77d1ba8920eb83f2a245cba587fc166dfe138deb92b452db2e6a1907fac910b6
runs/361237/i1/attempts/05/builder/study_engine.py,2212,6085cc647f0b21b56d32d68025fbc49c3fabcfa0b9ce725f24573fb3b063711b
runs/361237/i1/attempts/05/BUILDER-FREEZE.csv,557,9d7f8a8d204fe4869e132ce052e84f4734e5f8f80a8087236cc2e6a9e9d23f4e
runs/361237/i1/attempts/05/INHERITANCE.csv,788,a9c18c3c7e8cc26072d9f5a09e0cb49afb71457f4f12fd46be5751e99511dedc
runs/361237/i1/attempts/05/METRICS.csv,215,376341be6807e40dff8ce1d21500fba5423a209cedd3100595fd97773eab916e
runs/361237/i1/attempts/05/PROPOSAL.csv,101,1ce836733fa0a39b644111c7f5b50c27c500b33975835766f82a45dd98035736
runs/361237/i1/attempts/05/selection-predictions.csv,7532,bb9f7547d10b569245721d8ffcf05b36e97fceb0c1a666bbf3b18544b3844b16
runs/361237/i1/attempts/05/stderr.txt,0,e3b0c44298fc1c149afbf4c8996fb92427ae41e4649b934ca495991b7852b855
runs/361237/i1/attempts/05/stdout.txt,0,e3b0c44298fc1c149afbf4c8996fb92427ae41e4649b934ca495991b7852b855
runs/361237/i1/attempts/05/train-predictions.csv,20733,1d2da2019030aa40682b77aad80e596cbd0750427779695cf5a47e270e3657c4
runs/361237/i1/attempts/06/ADMITTED.md,126,677469f41b25657c9454e68e0f8662c9fc74a48df0acbcd71576e99cb5d1cbaf
runs/361237/i1/attempts/06/builder/candidate.py,150,c57445ba4248176a610264d02f47077484c9b2db467b3617b7e6c2d09fac91b3
runs/361237/i1/attempts/06/builder/parent_engine.py,3361,90e61cc1b2e54aaf54d7d9b48a44cd896de52e4f9d6c13ca7035d6bbebf86dc0
runs/361237/i1/attempts/06/builder/refinement_engine.py,5012,e905a209037c84cf1803ea9c9f37f21314305f3b578a6b6c78db3ba51a677670
runs/361237/i1/attempts/06/builder/revision_one_engine.py,2312,fe3e19c461ba778f21015f8fa96ed8546fa7fd5d0e93b370ac5d4823185d9571
runs/361237/i1/attempts/06/builder/revision_two_engine.py,3988,77d1ba8920eb83f2a245cba587fc166dfe138deb92b452db2e6a1907fac910b6
runs/361237/i1/attempts/06/builder/study_engine.py,2212,6085cc647f0b21b56d32d68025fbc49c3fabcfa0b9ce725f24573fb3b063711b
runs/361237/i1/attempts/06/BUILDER-FREEZE.csv,557,5615280c1139a77d21579bdb2f7de854f39db3e2c1d248783c10fe42a71c17bd
runs/361237/i1/attempts/06/INHERITANCE.csv,788,a9c18c3c7e8cc26072d9f5a09e0cb49afb71457f4f12fd46be5751e99511dedc
runs/361237/i1/attempts/06/METRICS.csv,212,68f0eba801a9fb4720c96b893f8aef0a8ecf1852c6a6b04f25a2cc6929f92a41
runs/361237/i1/attempts/06/PROPOSAL.csv,100,5c7e5e620daed35b59df51493e78f99c90770c01ae8b182f880054d159f8f358
runs/361237/i1/attempts/06/selection-predictions.csv,7556,1ab30ed0a7c5ef954d9d1273e9530c2f1bd4b84899bb636dad0c113905d90c69
runs/361237/i1/attempts/06/stderr.txt,0,e3b0c44298fc1c149afbf4c8996fb92427ae41e4649b934ca495991b7852b855
runs/361237/i1/attempts/06/stdout.txt,0,e3b0c44298fc1c149afbf4c8996fb92427ae41e4649b934ca495991b7852b855
runs/361237/i1/attempts/06/train-predictions.csv,21322,039352c9790382c9cb41a3f9a7da59fcb5c0d7d9aafeeff9a024b61a6a52dd0d
runs/361237/i1/attempts/07/ADMITTED.md,126,8be4e5b1ab13ef42208482fcf6c58edc7297cc980bfc81eb0246a618bcdd8371
runs/361237/i1/attempts/07/builder/candidate.py,146,99666013fed9dfb0cb3c8aefeb0ff36ea73030482a9d8666d270a500e98c3cc7
runs/361237/i1/attempts/07/builder/parent_engine.py,3361,90e61cc1b2e54aaf54d7d9b48a44cd896de52e4f9d6c13ca7035d6bbebf86dc0
runs/361237/i1/attempts/07/builder/refinement_engine.py,5012,e905a209037c84cf1803ea9c9f37f21314305f3b578a6b6c78db3ba51a677670
runs/361237/i1/attempts/07/builder/revision_one_engine.py,2312,fe3e19c461ba778f21015f8fa96ed8546fa7fd5d0e93b370ac5d4823185d9571
runs/361237/i1/attempts/07/builder/revision_two_engine.py,3988,77d1ba8920eb83f2a245cba587fc166dfe138deb92b452db2e6a1907fac910b6
runs/361237/i1/attempts/07/builder/study_engine.py,2212,6085cc647f0b21b56d32d68025fbc49c3fabcfa0b9ce725f24573fb3b063711b
runs/361237/i1/attempts/07/BUILDER-FREEZE.csv,557,92a55479c4f92a7ca4124cda1e1bc5f53f071d2a2a392d886b09434eedc716b7
runs/361237/i1/attempts/07/INHERITANCE.csv,788,a9c18c3c7e8cc26072d9f5a09e0cb49afb71457f4f12fd46be5751e99511dedc
runs/361237/i1/attempts/07/METRICS.csv,217,f66b40c7f28d56b3bb0b5877780825b8ab3941df9a2a785193a4b3a65a1ac241
runs/361237/i1/attempts/07/PROPOSAL.csv,96,c497706dcfe8bc1267c34933f95c87592676a931a20a753b7d90a2879b2113d7
runs/361237/i1/attempts/07/selection-predictions.csv,7574,eab409ac4e0c377a77820c0adc168261220d2752e403b19fd1edb9561edf2c21
runs/361237/i1/attempts/07/stderr.txt,0,e3b0c44298fc1c149afbf4c8996fb92427ae41e4649b934ca495991b7852b855
runs/361237/i1/attempts/07/stdout.txt,0,e3b0c44298fc1c149afbf4c8996fb92427ae41e4649b934ca495991b7852b855
runs/361237/i1/attempts/07/train-predictions.csv,21340,f8f6899faefb69b1a844f4da0c4c243c298fc74fc015c0ae5938328e5975ad57
runs/361237/i1/attempts/08/ADMITTED.md,126,5ae5ae204339c1e97778263e671e79f15e6096d4ed72fc1d97341f03fb220ed0
runs/361237/i1/attempts/08/builder/candidate.py,151,c46021861851ef435427b9f0d4ad8644c28fd08fbc487b79e306da2db4e555cb
runs/361237/i1/attempts/08/builder/parent_engine.py,3361,90e61cc1b2e54aaf54d7d9b48a44cd896de52e4f9d6c13ca7035d6bbebf86dc0
runs/361237/i1/attempts/08/builder/refinement_engine.py,5012,e905a209037c84cf1803ea9c9f37f21314305f3b578a6b6c78db3ba51a677670
runs/361237/i1/attempts/08/builder/revision_one_engine.py,2312,fe3e19c461ba778f21015f8fa96ed8546fa7fd5d0e93b370ac5d4823185d9571
runs/361237/i1/attempts/08/builder/revision_two_engine.py,3988,77d1ba8920eb83f2a245cba587fc166dfe138deb92b452db2e6a1907fac910b6
runs/361237/i1/attempts/08/builder/study_engine.py,2212,6085cc647f0b21b56d32d68025fbc49c3fabcfa0b9ce725f24573fb3b063711b
runs/361237/i1/attempts/08/BUILDER-FREEZE.csv,557,53b8b44259500ba8ee9f70e7fae3ff0ceee64b54fd3ea6e26ddaff082bed63d6
runs/361237/i1/attempts/08/INHERITANCE.csv,788,a9c18c3c7e8cc26072d9f5a09e0cb49afb71457f4f12fd46be5751e99511dedc
runs/361237/i1/attempts/08/METRICS.csv,221,8321156da5c00ebb102d2ab78b5ffacd4a2ed309050cc05650c9eea1fbd08b90
runs/361237/i1/attempts/08/PROPOSAL.csv,101,a913a494e0df82ba962f41dff45d930cdabb43be5163520686a7e6e60ee716e8
runs/361237/i1/attempts/08/selection-predictions.csv,7575,8c86516874d76e73568fe85195de5592ab8992734d33b211420627b7c91467c7
runs/361237/i1/attempts/08/stderr.txt,0,e3b0c44298fc1c149afbf4c8996fb92427ae41e4649b934ca495991b7852b855
runs/361237/i1/attempts/08/stdout.txt,0,e3b0c44298fc1c149afbf4c8996fb92427ae41e4649b934ca495991b7852b855
runs/361237/i1/attempts/08/train-predictions.csv,17912,9b5c7a52f09f92923b508dbe2471d0f988d036c73ce1ab88a2950d4eef758e5c
runs/361237/i1/attempts/09/ADMITTED.md,126,2b819300ce43348f8b8aec894b60db29efcdd58586bcd08c56deb621d738ce4a
runs/361237/i1/attempts/09/builder/candidate.py,150,ce9115f14f4639c8c703f5eac2120b620cca2216f23184ddfd639af900b552c8
runs/361237/i1/attempts/09/builder/parent_engine.py,3361,90e61cc1b2e54aaf54d7d9b48a44cd896de52e4f9d6c13ca7035d6bbebf86dc0
runs/361237/i1/attempts/09/builder/refinement_engine.py,5012,e905a209037c84cf1803ea9c9f37f21314305f3b578a6b6c78db3ba51a677670
runs/361237/i1/attempts/09/builder/revision_one_engine.py,2312,fe3e19c461ba778f21015f8fa96ed8546fa7fd5d0e93b370ac5d4823185d9571
runs/361237/i1/attempts/09/builder/revision_two_engine.py,3988,77d1ba8920eb83f2a245cba587fc166dfe138deb92b452db2e6a1907fac910b6
runs/361237/i1/attempts/09/builder/study_engine.py,2212,6085cc647f0b21b56d32d68025fbc49c3fabcfa0b9ce725f24573fb3b063711b
runs/361237/i1/attempts/09/BUILDER-FREEZE.csv,557,6728b33d273244715e060c9cce80eb4bad46288f851d65ff8ef4bd9907b1de29
runs/361237/i1/attempts/09/INHERITANCE.csv,788,a9c18c3c7e8cc26072d9f5a09e0cb49afb71457f4f12fd46be5751e99511dedc
runs/361237/i1/attempts/09/METRICS.csv,214,903c16e5a07a0c060274102f1cf36dc085ddc93692fd44211c3f9d0bb7577136
runs/361237/i1/attempts/09/PROPOSAL.csv,137,d85dac11dcc2d5786fa87dea5e705154cc9ea2e8808ddb7b3e4d419363c4adad
runs/361237/i1/attempts/09/selection-predictions.csv,7580,973eab14cdcbfd00487d5ab918d87e1c6152467e9ddc3b899dacc3e547fb0453
runs/361237/i1/attempts/09/stderr.txt,0,e3b0c44298fc1c149afbf4c8996fb92427ae41e4649b934ca495991b7852b855
runs/361237/i1/attempts/09/stdout.txt,0,e3b0c44298fc1c149afbf4c8996fb92427ae41e4649b934ca495991b7852b855
runs/361237/i1/attempts/09/train-predictions.csv,21318,7d2ac0b929f38b5c478eff603029482261816efabbc425a08cca4dd599ea4bfa
runs/361237/i1/attempts/10/ADMITTED.md,126,af027e3df7dd20f267c478cf4ad6b9e94fb8ee82aca7649ad30f3cb0cfbb0cca
runs/361237/i1/attempts/10/builder/candidate.py,153,5f0c9d6b96dfb3088144933fbe5d747f72b77e0bfe82335cabdc09728eba8f8a
runs/361237/i1/attempts/10/builder/parent_engine.py,3361,90e61cc1b2e54aaf54d7d9b48a44cd896de52e4f9d6c13ca7035d6bbebf86dc0
runs/361237/i1/attempts/10/builder/refinement_engine.py,5012,e905a209037c84cf1803ea9c9f37f21314305f3b578a6b6c78db3ba51a677670
runs/361237/i1/attempts/10/builder/revision_one_engine.py,2312,fe3e19c461ba778f21015f8fa96ed8546fa7fd5d0e93b370ac5d4823185d9571
runs/361237/i1/attempts/10/builder/revision_two_engine.py,3988,77d1ba8920eb83f2a245cba587fc166dfe138deb92b452db2e6a1907fac910b6
runs/361237/i1/attempts/10/builder/study_engine.py,2212,6085cc647f0b21b56d32d68025fbc49c3fabcfa0b9ce725f24573fb3b063711b
runs/361237/i1/attempts/10/BUILDER-FREEZE.csv,557,d12bd53d66cdcf7b99693cc5f72a923e78d637e8bb6ea04e2d2562a513af5cc1
runs/361237/i1/attempts/10/INHERITANCE.csv,788,a9c18c3c7e8cc26072d9f5a09e0cb49afb71457f4f12fd46be5751e99511dedc
runs/361237/i1/attempts/10/METRICS.csv,215,fd8d86b01613fe627fcec98dd8cfc5b412bd87432eacccb9968a545e2642aba9
runs/361237/i1/attempts/10/PROPOSAL.csv,142,1f7a1a7fa0999d40f2b7721dba4fbb8d1245a61bd61d4bf0fae1dc1cfdf5a8d3
runs/361237/i1/attempts/10/selection-predictions.csv,7568,4b4ed4fef1e970c1d81da18ddf1f1ffd77aaf50d5563e0863ef0cb2c44b2db81
runs/361237/i1/attempts/10/stderr.txt,0,e3b0c44298fc1c149afbf4c8996fb92427ae41e4649b934ca495991b7852b855
runs/361237/i1/attempts/10/stdout.txt,0,e3b0c44298fc1c149afbf4c8996fb92427ae41e4649b934ca495991b7852b855
runs/361237/i1/attempts/10/train-predictions.csv,21339,2ed1aeb075795764208ea832e694c8c189e120d1e37f1f43d421bbb297da8883
runs/361237/i1/attempts/11/ADMITTED.md,126,0b7b3a0f3260eb96890685f1c676b9e39ec508954cb27374fbb4f67c70fb0061
runs/361237/i1/attempts/11/builder/candidate.py,150,a257a714d45385cd0dff01a45e1bd3b909cb4d6db65c80e38ead651484f37e08
runs/361237/i1/attempts/11/builder/parent_engine.py,3361,90e61cc1b2e54aaf54d7d9b48a44cd896de52e4f9d6c13ca7035d6bbebf86dc0
runs/361237/i1/attempts/11/builder/refinement_engine.py,5012,e905a209037c84cf1803ea9c9f37f21314305f3b578a6b6c78db3ba51a677670
runs/361237/i1/attempts/11/builder/revision_one_engine.py,2312,fe3e19c461ba778f21015f8fa96ed8546fa7fd5d0e93b370ac5d4823185d9571
runs/361237/i1/attempts/11/builder/revision_two_engine.py,3988,77d1ba8920eb83f2a245cba587fc166dfe138deb92b452db2e6a1907fac910b6
runs/361237/i1/attempts/11/builder/study_engine.py,2212,6085cc647f0b21b56d32d68025fbc49c3fabcfa0b9ce725f24573fb3b063711b
runs/361237/i1/attempts/11/BUILDER-FREEZE.csv,557,cdeaf2801f00c46aff1df5bbeb8f85255da5793287c42e4c8215a8e16715236c
runs/361237/i1/attempts/11/INHERITANCE.csv,788,a9c18c3c7e8cc26072d9f5a09e0cb49afb71457f4f12fd46be5751e99511dedc
runs/361237/i1/attempts/11/METRICS.csv,216,b168501df933d08fac3f78baa193af1c87b009b671693d8a633d400f0cbb9509
runs/361237/i1/attempts/11/PARENT-CANDIDATE.py,150,c57445ba4248176a610264d02f47077484c9b2db467b3617b7e6c2d09fac91b3
runs/361237/i1/attempts/11/PROPOSAL.csv,141,bf35632a1c065905573edeb21a9a9cc36111c17ec5100372c0c8bc6eeda9b3c6
runs/361237/i1/attempts/11/selection-predictions.csv,7573,10bcece2752874c0b759b6efd27d597fdb810db6623b8d6c0f524576555a934c
runs/361237/i1/attempts/11/stderr.txt,0,e3b0c44298fc1c149afbf4c8996fb92427ae41e4649b934ca495991b7852b855
runs/361237/i1/attempts/11/stdout.txt,0,e3b0c44298fc1c149afbf4c8996fb92427ae41e4649b934ca495991b7852b855
runs/361237/i1/attempts/11/train-predictions.csv,21327,e4c66d5b688efb6b39bee8ab41a6341700067bfdf5b1f27e6a1348512ec698e4
runs/361237/i1/attempts/12/ADMITTED.md,126,c49718c557459d544c98641c5900c2ae4a3ee86d90ee32c1658a4ba092ae78c2
runs/361237/i1/attempts/12/builder/candidate.py,151,fed54f518013b9c12378bedee95f95ab81e067841a6c3d5181ebf3325822aa23
runs/361237/i1/attempts/12/builder/parent_engine.py,3361,90e61cc1b2e54aaf54d7d9b48a44cd896de52e4f9d6c13ca7035d6bbebf86dc0
runs/361237/i1/attempts/12/builder/refinement_engine.py,5012,e905a209037c84cf1803ea9c9f37f21314305f3b578a6b6c78db3ba51a677670
runs/361237/i1/attempts/12/builder/revision_one_engine.py,2312,fe3e19c461ba778f21015f8fa96ed8546fa7fd5d0e93b370ac5d4823185d9571
runs/361237/i1/attempts/12/builder/revision_two_engine.py,3988,77d1ba8920eb83f2a245cba587fc166dfe138deb92b452db2e6a1907fac910b6
runs/361237/i1/attempts/12/builder/study_engine.py,2212,6085cc647f0b21b56d32d68025fbc49c3fabcfa0b9ce725f24573fb3b063711b
runs/361237/i1/attempts/12/BUILDER-FREEZE.csv,557,30313b93073438350f6c6b2096e79433440402a77c51aae689a267eedec6e205
runs/361237/i1/attempts/12/INHERITANCE.csv,788,a9c18c3c7e8cc26072d9f5a09e0cb49afb71457f4f12fd46be5751e99511dedc
runs/361237/i1/attempts/12/METRICS.csv,215,bdf6441773ce30a79ca550a52d778cb263c64ff269ec4f6645feb8c7f7b60e3d
runs/361237/i1/attempts/12/PARENT-CANDIDATE.py,151,fe9f52aac6fae812ea74bfe6725897abb4cf9f7a3df60d58683d0107f65b1d3b
runs/361237/i1/attempts/12/PROPOSAL.csv,142,e5f0277f6c49948d1ca7c8d8aa3632e4f25c22545f6146ee58b9100e64b1de4a
runs/361237/i1/attempts/12/selection-predictions.csv,7566,81bb009b8732d216a3df6fccf73d02d190caaddcaed306131a015b1effb89a07
runs/361237/i1/attempts/12/stderr.txt,0,e3b0c44298fc1c149afbf4c8996fb92427ae41e4649b934ca495991b7852b855
runs/361237/i1/attempts/12/stdout.txt,0,e3b0c44298fc1c149afbf4c8996fb92427ae41e4649b934ca495991b7852b855
runs/361237/i1/attempts/12/train-predictions.csv,21328,9b439b6a388ee876be2b6317a68a0ec05f5d9d16cad2a2385add547ae4a95cbd
runs/361237/i1/LEDGER.csv,4569,deab69d57b05528856924c602609f2a2cea4babe4c3b85a31c852bc1d192a7a9
runs/361237/i1/researcher.py,6084,053228ae5a337e2dee99c96a569d890f3a908d7194e2ba00c3cc5636ab02481f
runs/361237/parent/attempts/01/ADMITTED.md,126,42db9e9e5009b547aac012677b01aa0b918f8696801e34459f1ce66b1f4d637f
runs/361237/parent/attempts/01/builder/candidate.py,155,5b423e72c15fe5c9dbe23b38c83c76d857fdb46ca0953f179f4de6a6e3fe18f6
runs/361237/parent/attempts/01/builder/parent_engine.py,3361,90e61cc1b2e54aaf54d7d9b48a44cd896de52e4f9d6c13ca7035d6bbebf86dc0
runs/361237/parent/attempts/01/builder/refinement_engine.py,5012,e905a209037c84cf1803ea9c9f37f21314305f3b578a6b6c78db3ba51a677670
runs/361237/parent/attempts/01/builder/revision_one_engine.py,2312,fe3e19c461ba778f21015f8fa96ed8546fa7fd5d0e93b370ac5d4823185d9571
runs/361237/parent/attempts/01/builder/revision_two_engine.py,3988,77d1ba8920eb83f2a245cba587fc166dfe138deb92b452db2e6a1907fac910b6
runs/361237/parent/attempts/01/builder/study_engine.py,2212,6085cc647f0b21b56d32d68025fbc49c3fabcfa0b9ce725f24573fb3b063711b
runs/361237/parent/attempts/01/BUILDER-FREEZE.csv,557,efea64f92b43b6777e4c410df0b684932a75b2b7f5806023426523c2da2bcbab
runs/361237/parent/attempts/01/INHERITANCE.csv,788,a9c18c3c7e8cc26072d9f5a09e0cb49afb71457f4f12fd46be5751e99511dedc
runs/361237/parent/attempts/01/METRICS.csv,201,30d440b268d68d634f8ae0b57b5a796bc214e6fdff3411e2f2d90993617a3d65
runs/361237/parent/attempts/01/PROPOSAL.csv,105,f0c3dd609cdd9fb523b2f37a52b2a69a5cebf2ba3421fd4fdb62396cb6e515e9
runs/361237/parent/attempts/01/selection-predictions.csv,6212,9b722245369753f28976774389f1e6f4ee4dcda623ed808dea5bee0eede33056
runs/361237/parent/attempts/01/stderr.txt,0,e3b0c44298fc1c149afbf4c8996fb92427ae41e4649b934ca495991b7852b855
runs/361237/parent/attempts/01/stdout.txt,0,e3b0c44298fc1c149afbf4c8996fb92427ae41e4649b934ca495991b7852b855
runs/361237/parent/attempts/01/train-predictions.csv,17491,bf2126ad6cffc4c06dca6758e942252da28c29bc17005f4926bcbf4040f371be
runs/361237/parent/attempts/02/ADMITTED.md,126,1bb355e52c0337240602cade5890c542956d633764e24deb276c50d9a650600f
runs/361237/parent/attempts/02/builder/candidate.py,146,cee7983f3d0ddd115d33a45f2830ad8b3d60bd191934fb2ad98a1d64046e661d
runs/361237/parent/attempts/02/builder/parent_engine.py,3361,90e61cc1b2e54aaf54d7d9b48a44cd896de52e4f9d6c13ca7035d6bbebf86dc0
runs/361237/parent/attempts/02/builder/refinement_engine.py,5012,e905a209037c84cf1803ea9c9f37f21314305f3b578a6b6c78db3ba51a677670
runs/361237/parent/attempts/02/builder/revision_one_engine.py,2312,fe3e19c461ba778f21015f8fa96ed8546fa7fd5d0e93b370ac5d4823185d9571
runs/361237/parent/attempts/02/builder/revision_two_engine.py,3988,77d1ba8920eb83f2a245cba587fc166dfe138deb92b452db2e6a1907fac910b6
runs/361237/parent/attempts/02/builder/study_engine.py,2212,6085cc647f0b21b56d32d68025fbc49c3fabcfa0b9ce725f24573fb3b063711b
runs/361237/parent/attempts/02/BUILDER-FREEZE.csv,557,4f3ff64319709f1388dd6599df2ec83e44527b0b9194dced102558701b15b3eb
runs/361237/parent/attempts/02/INHERITANCE.csv,788,a9c18c3c7e8cc26072d9f5a09e0cb49afb71457f4f12fd46be5751e99511dedc
runs/361237/parent/attempts/02/METRICS.csv,215,45d4b60a49acf35cbfe7c0e2598fa5020fad43671ead75dd5645f2a65f8ec34f
runs/361237/parent/attempts/02/PROPOSAL.csv,96,b7c7861cb402b397faa4a108d78d93ec8325dfcf822d26e0cd05d5d9c52b6299
runs/361237/parent/attempts/02/selection-predictions.csv,7566,be30f76ad69fc67bca2987350b8a495fc69afca3b32c1413b9f8161e1295aeb1
runs/361237/parent/attempts/02/stderr.txt,0,e3b0c44298fc1c149afbf4c8996fb92427ae41e4649b934ca495991b7852b855
runs/361237/parent/attempts/02/stdout.txt,0,e3b0c44298fc1c149afbf4c8996fb92427ae41e4649b934ca495991b7852b855
runs/361237/parent/attempts/02/train-predictions.csv,21338,0fb71afffae8756e2169ab337bb9d686fb1f4ae330fc7c72b3be35b6afa76b9c
runs/361237/parent/attempts/03/ADMITTED.md,126,17712f4f74f1143deaee1b8326f1f99e9bf482ad06abad7eaf9b935fbcb08b8e
runs/361237/parent/attempts/03/builder/candidate.py,153,0918ad65acc5281163c013cc98a4838d8a582c04ef2b144849472fa5bfbd8361
runs/361237/parent/attempts/03/builder/parent_engine.py,3361,90e61cc1b2e54aaf54d7d9b48a44cd896de52e4f9d6c13ca7035d6bbebf86dc0
runs/361237/parent/attempts/03/builder/refinement_engine.py,5012,e905a209037c84cf1803ea9c9f37f21314305f3b578a6b6c78db3ba51a677670
runs/361237/parent/attempts/03/builder/revision_one_engine.py,2312,fe3e19c461ba778f21015f8fa96ed8546fa7fd5d0e93b370ac5d4823185d9571
runs/361237/parent/attempts/03/builder/revision_two_engine.py,3988,77d1ba8920eb83f2a245cba587fc166dfe138deb92b452db2e6a1907fac910b6
runs/361237/parent/attempts/03/builder/study_engine.py,2212,6085cc647f0b21b56d32d68025fbc49c3fabcfa0b9ce725f24573fb3b063711b
runs/361237/parent/attempts/03/BUILDER-FREEZE.csv,557,f5d52910ea18489e8e7d856d199e3510e42f243010677cf2d4e24bf7d7351139
runs/361237/parent/attempts/03/INHERITANCE.csv,788,a9c18c3c7e8cc26072d9f5a09e0cb49afb71457f4f12fd46be5751e99511dedc
runs/361237/parent/attempts/03/METRICS.csv,209,ff73f39bedd337c2e339a55f155db8961441c5ef1b80f3e11014163717684a94
runs/361237/parent/attempts/03/PROPOSAL.csv,103,05a49ba2d9cac1b746efed8683cb3010443d97ab5c924670180ae15db6b95c0d
runs/361237/parent/attempts/03/selection-predictions.csv,7525,57f00ffba60c772674caf2c488bba850f3d817c01858cdc41320e74ed0702118
runs/361237/parent/attempts/03/stderr.txt,0,e3b0c44298fc1c149afbf4c8996fb92427ae41e4649b934ca495991b7852b855
runs/361237/parent/attempts/03/stdout.txt,0,e3b0c44298fc1c149afbf4c8996fb92427ae41e4649b934ca495991b7852b855
runs/361237/parent/attempts/03/train-predictions.csv,21241,c6ecfc4a4355ca3cec36b7ad2569cadb22f4449ca552d23f0d2f582e66f18581
runs/361237/parent/attempts/04/ADMITTED.md,126,ef8685947b9763eb0b44b3f1a53a3664fb7941569dbc980ae13fc15953a98450
runs/361237/parent/attempts/04/builder/candidate.py,145,27d1a072e585c314d242425e3916152e1d5bc9acc0dda7b40e67395c1b8f1902
runs/361237/parent/attempts/04/builder/parent_engine.py,3361,90e61cc1b2e54aaf54d7d9b48a44cd896de52e4f9d6c13ca7035d6bbebf86dc0
runs/361237/parent/attempts/04/builder/refinement_engine.py,5012,e905a209037c84cf1803ea9c9f37f21314305f3b578a6b6c78db3ba51a677670
runs/361237/parent/attempts/04/builder/revision_one_engine.py,2312,fe3e19c461ba778f21015f8fa96ed8546fa7fd5d0e93b370ac5d4823185d9571
runs/361237/parent/attempts/04/builder/revision_two_engine.py,3988,77d1ba8920eb83f2a245cba587fc166dfe138deb92b452db2e6a1907fac910b6
runs/361237/parent/attempts/04/builder/study_engine.py,2212,6085cc647f0b21b56d32d68025fbc49c3fabcfa0b9ce725f24573fb3b063711b
runs/361237/parent/attempts/04/BUILDER-FREEZE.csv,557,c9446868cc86fde9fff8c40aea9335b1ba98c83a1a4bfe898dbc8944daa1ed39
runs/361237/parent/attempts/04/INHERITANCE.csv,788,a9c18c3c7e8cc26072d9f5a09e0cb49afb71457f4f12fd46be5751e99511dedc
runs/361237/parent/attempts/04/METRICS.csv,216,aeece89bcf676d82cbe3ae8e5c44c53964bf008982d2b905ea56870758cf5b9a
runs/361237/parent/attempts/04/PROPOSAL.csv,95,2d925ee6ec8562b48fac0116acbc6a05f71dc78503097df2222d1c2d8fa394a6
runs/361237/parent/attempts/04/selection-predictions.csv,7574,18d2b447bc2d3086a4ddcde8440f0ff6ecdd43fd2c1cfabaf430cbca9b890277
runs/361237/parent/attempts/04/stderr.txt,0,e3b0c44298fc1c149afbf4c8996fb92427ae41e4649b934ca495991b7852b855
runs/361237/parent/attempts/04/stdout.txt,0,e3b0c44298fc1c149afbf4c8996fb92427ae41e4649b934ca495991b7852b855
runs/361237/parent/attempts/04/train-predictions.csv,21340,0bcfc7c3724e80d2acab2c70abd7d2f6c12d5fae0dd9448c3601620b0ace69f7
runs/361237/parent/attempts/05/ADMITTED.md,126,68d512820d8fe9290068df03275f79cf5b74fc15d6e42b95701c7243d2cf5d5a
runs/361237/parent/attempts/05/builder/candidate.py,151,fe9f52aac6fae812ea74bfe6725897abb4cf9f7a3df60d58683d0107f65b1d3b
runs/361237/parent/attempts/05/builder/parent_engine.py,3361,90e61cc1b2e54aaf54d7d9b48a44cd896de52e4f9d6c13ca7035d6bbebf86dc0
runs/361237/parent/attempts/05/builder/refinement_engine.py,5012,e905a209037c84cf1803ea9c9f37f21314305f3b578a6b6c78db3ba51a677670
runs/361237/parent/attempts/05/builder/revision_one_engine.py,2312,fe3e19c461ba778f21015f8fa96ed8546fa7fd5d0e93b370ac5d4823185d9571
runs/361237/parent/attempts/05/builder/revision_two_engine.py,3988,77d1ba8920eb83f2a245cba587fc166dfe138deb92b452db2e6a1907fac910b6
runs/361237/parent/attempts/05/builder/study_engine.py,2212,6085cc647f0b21b56d32d68025fbc49c3fabcfa0b9ce725f24573fb3b063711b
runs/361237/parent/attempts/05/BUILDER-FREEZE.csv,557,9d7f8a8d204fe4869e132ce052e84f4734e5f8f80a8087236cc2e6a9e9d23f4e
runs/361237/parent/attempts/05/INHERITANCE.csv,788,a9c18c3c7e8cc26072d9f5a09e0cb49afb71457f4f12fd46be5751e99511dedc
runs/361237/parent/attempts/05/METRICS.csv,215,4225334cf8b1ac516a798047972a5b3e16773e880ae0e99e39b1f65e4cd34050
runs/361237/parent/attempts/05/PROPOSAL.csv,101,1ce836733fa0a39b644111c7f5b50c27c500b33975835766f82a45dd98035736
runs/361237/parent/attempts/05/selection-predictions.csv,7532,bb9f7547d10b569245721d8ffcf05b36e97fceb0c1a666bbf3b18544b3844b16
runs/361237/parent/attempts/05/stderr.txt,0,e3b0c44298fc1c149afbf4c8996fb92427ae41e4649b934ca495991b7852b855
runs/361237/parent/attempts/05/stdout.txt,0,e3b0c44298fc1c149afbf4c8996fb92427ae41e4649b934ca495991b7852b855
runs/361237/parent/attempts/05/train-predictions.csv,20733,1d2da2019030aa40682b77aad80e596cbd0750427779695cf5a47e270e3657c4
runs/361237/parent/attempts/06/ADMITTED.md,126,36f9168adf8a1a7cb22771d8d1d9cef3a2db2290e2bab120bf7b24a33c22a570
runs/361237/parent/attempts/06/builder/candidate.py,150,c57445ba4248176a610264d02f47077484c9b2db467b3617b7e6c2d09fac91b3
runs/361237/parent/attempts/06/builder/parent_engine.py,3361,90e61cc1b2e54aaf54d7d9b48a44cd896de52e4f9d6c13ca7035d6bbebf86dc0
runs/361237/parent/attempts/06/builder/refinement_engine.py,5012,e905a209037c84cf1803ea9c9f37f21314305f3b578a6b6c78db3ba51a677670
runs/361237/parent/attempts/06/builder/revision_one_engine.py,2312,fe3e19c461ba778f21015f8fa96ed8546fa7fd5d0e93b370ac5d4823185d9571
runs/361237/parent/attempts/06/builder/revision_two_engine.py,3988,77d1ba8920eb83f2a245cba587fc166dfe138deb92b452db2e6a1907fac910b6
runs/361237/parent/attempts/06/builder/study_engine.py,2212,6085cc647f0b21b56d32d68025fbc49c3fabcfa0b9ce725f24573fb3b063711b
runs/361237/parent/attempts/06/BUILDER-FREEZE.csv,557,5615280c1139a77d21579bdb2f7de854f39db3e2c1d248783c10fe42a71c17bd
runs/361237/parent/attempts/06/INHERITANCE.csv,788,a9c18c3c7e8cc26072d9f5a09e0cb49afb71457f4f12fd46be5751e99511dedc
runs/361237/parent/attempts/06/METRICS.csv,214,c68cdb2cab0fc2e03ad70a87d5817bd28ff8565fbe0bd9a0d61580974a33af79
runs/361237/parent/attempts/06/PROPOSAL.csv,100,5c7e5e620daed35b59df51493e78f99c90770c01ae8b182f880054d159f8f358
runs/361237/parent/attempts/06/selection-predictions.csv,7556,1ab30ed0a7c5ef954d9d1273e9530c2f1bd4b84899bb636dad0c113905d90c69
runs/361237/parent/attempts/06/stderr.txt,0,e3b0c44298fc1c149afbf4c8996fb92427ae41e4649b934ca495991b7852b855
runs/361237/parent/attempts/06/stdout.txt,0,e3b0c44298fc1c149afbf4c8996fb92427ae41e4649b934ca495991b7852b855
runs/361237/parent/attempts/06/train-predictions.csv,21322,039352c9790382c9cb41a3f9a7da59fcb5c0d7d9aafeeff9a024b61a6a52dd0d
runs/361237/parent/attempts/07/ADMITTED.md,126,040d34341dba3aa0cee22a7f13382415f8bb758c0117e4a92cd714fb78d60076
runs/361237/parent/attempts/07/builder/candidate.py,146,99666013fed9dfb0cb3c8aefeb0ff36ea73030482a9d8666d270a500e98c3cc7
runs/361237/parent/attempts/07/builder/parent_engine.py,3361,90e61cc1b2e54aaf54d7d9b48a44cd896de52e4f9d6c13ca7035d6bbebf86dc0
runs/361237/parent/attempts/07/builder/refinement_engine.py,5012,e905a209037c84cf1803ea9c9f37f21314305f3b578a6b6c78db3ba51a677670
runs/361237/parent/attempts/07/builder/revision_one_engine.py,2312,fe3e19c461ba778f21015f8fa96ed8546fa7fd5d0e93b370ac5d4823185d9571
runs/361237/parent/attempts/07/builder/revision_two_engine.py,3988,77d1ba8920eb83f2a245cba587fc166dfe138deb92b452db2e6a1907fac910b6
runs/361237/parent/attempts/07/builder/study_engine.py,2212,6085cc647f0b21b56d32d68025fbc49c3fabcfa0b9ce725f24573fb3b063711b
runs/361237/parent/attempts/07/BUILDER-FREEZE.csv,557,92a55479c4f92a7ca4124cda1e1bc5f53f071d2a2a392d886b09434eedc716b7
runs/361237/parent/attempts/07/INHERITANCE.csv,788,a9c18c3c7e8cc26072d9f5a09e0cb49afb71457f4f12fd46be5751e99511dedc
runs/361237/parent/attempts/07/METRICS.csv,215,8c2a6b1aa42c6f7519a5affb4b2bbf8250dafb22b9d2a07916b1e5f35819ca06
runs/361237/parent/attempts/07/PROPOSAL.csv,96,c497706dcfe8bc1267c34933f95c87592676a931a20a753b7d90a2879b2113d7
runs/361237/parent/attempts/07/selection-predictions.csv,7574,eab409ac4e0c377a77820c0adc168261220d2752e403b19fd1edb9561edf2c21
runs/361237/parent/attempts/07/stderr.txt,0,e3b0c44298fc1c149afbf4c8996fb92427ae41e4649b934ca495991b7852b855
runs/361237/parent/attempts/07/stdout.txt,0,e3b0c44298fc1c149afbf4c8996fb92427ae41e4649b934ca495991b7852b855
runs/361237/parent/attempts/07/train-predictions.csv,21340,f8f6899faefb69b1a844f4da0c4c243c298fc74fc015c0ae5938328e5975ad57
runs/361237/parent/attempts/08/ADMITTED.md,126,b7f4696ba97151ee790c4b8079b9de9df919dcd12be12c7cbccfad4f4a15c13e
runs/361237/parent/attempts/08/builder/candidate.py,151,c46021861851ef435427b9f0d4ad8644c28fd08fbc487b79e306da2db4e555cb
runs/361237/parent/attempts/08/builder/parent_engine.py,3361,90e61cc1b2e54aaf54d7d9b48a44cd896de52e4f9d6c13ca7035d6bbebf86dc0
runs/361237/parent/attempts/08/builder/refinement_engine.py,5012,e905a209037c84cf1803ea9c9f37f21314305f3b578a6b6c78db3ba51a677670
runs/361237/parent/attempts/08/builder/revision_one_engine.py,2312,fe3e19c461ba778f21015f8fa96ed8546fa7fd5d0e93b370ac5d4823185d9571
runs/361237/parent/attempts/08/builder/revision_two_engine.py,3988,77d1ba8920eb83f2a245cba587fc166dfe138deb92b452db2e6a1907fac910b6
runs/361237/parent/attempts/08/builder/study_engine.py,2212,6085cc647f0b21b56d32d68025fbc49c3fabcfa0b9ce725f24573fb3b063711b
runs/361237/parent/attempts/08/BUILDER-FREEZE.csv,557,53b8b44259500ba8ee9f70e7fae3ff0ceee64b54fd3ea6e26ddaff082bed63d6
runs/361237/parent/attempts/08/INHERITANCE.csv,788,a9c18c3c7e8cc26072d9f5a09e0cb49afb71457f4f12fd46be5751e99511dedc
runs/361237/parent/attempts/08/METRICS.csv,221,3105dd45bfd1914eab56925597c4f39566aaacb6a26b5a07d16d8c736d09b23a
runs/361237/parent/attempts/08/PROPOSAL.csv,101,a913a494e0df82ba962f41dff45d930cdabb43be5163520686a7e6e60ee716e8
runs/361237/parent/attempts/08/selection-predictions.csv,7575,8c86516874d76e73568fe85195de5592ab8992734d33b211420627b7c91467c7
runs/361237/parent/attempts/08/stderr.txt,0,e3b0c44298fc1c149afbf4c8996fb92427ae41e4649b934ca495991b7852b855
runs/361237/parent/attempts/08/stdout.txt,0,e3b0c44298fc1c149afbf4c8996fb92427ae41e4649b934ca495991b7852b855
runs/361237/parent/attempts/08/train-predictions.csv,17912,9b5c7a52f09f92923b508dbe2471d0f988d036c73ce1ab88a2950d4eef758e5c
runs/361237/parent/attempts/09/ADMITTED.md,126,d7394d7cb99c9a7a82309bb3532bb590cbc1878a22aa15c7c0238c9805cba9bb
runs/361237/parent/attempts/09/builder/candidate.py,150,a257a714d45385cd0dff01a45e1bd3b909cb4d6db65c80e38ead651484f37e08
runs/361237/parent/attempts/09/builder/parent_engine.py,3361,90e61cc1b2e54aaf54d7d9b48a44cd896de52e4f9d6c13ca7035d6bbebf86dc0
runs/361237/parent/attempts/09/builder/refinement_engine.py,5012,e905a209037c84cf1803ea9c9f37f21314305f3b578a6b6c78db3ba51a677670
runs/361237/parent/attempts/09/builder/revision_one_engine.py,2312,fe3e19c461ba778f21015f8fa96ed8546fa7fd5d0e93b370ac5d4823185d9571
runs/361237/parent/attempts/09/builder/revision_two_engine.py,3988,77d1ba8920eb83f2a245cba587fc166dfe138deb92b452db2e6a1907fac910b6
runs/361237/parent/attempts/09/builder/study_engine.py,2212,6085cc647f0b21b56d32d68025fbc49c3fabcfa0b9ce725f24573fb3b063711b
runs/361237/parent/attempts/09/BUILDER-FREEZE.csv,557,cdeaf2801f00c46aff1df5bbeb8f85255da5793287c42e4c8215a8e16715236c
runs/361237/parent/attempts/09/INHERITANCE.csv,788,a9c18c3c7e8cc26072d9f5a09e0cb49afb71457f4f12fd46be5751e99511dedc
runs/361237/parent/attempts/09/METRICS.csv,216,927d56294bcf7a03e2efb63307a58b2797cae84a0ec053b39ed5c235b22cb6ac
runs/361237/parent/attempts/09/PARENT-CANDIDATE.py,150,c57445ba4248176a610264d02f47077484c9b2db467b3617b7e6c2d09fac91b3
runs/361237/parent/attempts/09/PROPOSAL.csv,109,b9f6d06e521fa9601dc5c1b88ab9f20efac738539ebe9b6746690df35b03a268
runs/361237/parent/attempts/09/selection-predictions.csv,7573,10bcece2752874c0b759b6efd27d597fdb810db6623b8d6c0f524576555a934c
runs/361237/parent/attempts/09/stderr.txt,0,e3b0c44298fc1c149afbf4c8996fb92427ae41e4649b934ca495991b7852b855
runs/361237/parent/attempts/09/stdout.txt,0,e3b0c44298fc1c149afbf4c8996fb92427ae41e4649b934ca495991b7852b855
runs/361237/parent/attempts/09/train-predictions.csv,21327,e4c66d5b688efb6b39bee8ab41a6341700067bfdf5b1f27e6a1348512ec698e4
runs/361237/parent/attempts/10/ADMITTED.md,126,431bd3d9cb1715cd0515ca6f68dd68114240ae1b30ef78c3cc3eaa42232aed88
runs/361237/parent/attempts/10/builder/candidate.py,150,d45873f393004d98740b3e58e6b0b681ecaba4b1839ae6dbd4929bd01cca14c5
runs/361237/parent/attempts/10/builder/parent_engine.py,3361,90e61cc1b2e54aaf54d7d9b48a44cd896de52e4f9d6c13ca7035d6bbebf86dc0
runs/361237/parent/attempts/10/builder/refinement_engine.py,5012,e905a209037c84cf1803ea9c9f37f21314305f3b578a6b6c78db3ba51a677670
runs/361237/parent/attempts/10/builder/revision_one_engine.py,2312,fe3e19c461ba778f21015f8fa96ed8546fa7fd5d0e93b370ac5d4823185d9571
runs/361237/parent/attempts/10/builder/revision_two_engine.py,3988,77d1ba8920eb83f2a245cba587fc166dfe138deb92b452db2e6a1907fac910b6
runs/361237/parent/attempts/10/builder/study_engine.py,2212,6085cc647f0b21b56d32d68025fbc49c3fabcfa0b9ce725f24573fb3b063711b
runs/361237/parent/attempts/10/BUILDER-FREEZE.csv,557,42c2372ef21f9942f57c2f866753ad745ddf09b1c6c120c7403a50423b003042
runs/361237/parent/attempts/10/INHERITANCE.csv,788,a9c18c3c7e8cc26072d9f5a09e0cb49afb71457f4f12fd46be5751e99511dedc
runs/361237/parent/attempts/10/METRICS.csv,214,02266b97fe10cf0f3c03ebabca04eb2dc7497546aa3aaa5ff881d5208d8c08e1
runs/361237/parent/attempts/10/PARENT-CANDIDATE.py,150,c57445ba4248176a610264d02f47077484c9b2db467b3617b7e6c2d09fac91b3
runs/361237/parent/attempts/10/PROPOSAL.csv,111,eaadac9c3b43cd87068f00bcad3550c07ec8fca0d550d63eb761c8ac53607115
runs/361237/parent/attempts/10/selection-predictions.csv,7556,1ab30ed0a7c5ef954d9d1273e9530c2f1bd4b84899bb636dad0c113905d90c69
runs/361237/parent/attempts/10/stderr.txt,0,e3b0c44298fc1c149afbf4c8996fb92427ae41e4649b934ca495991b7852b855
runs/361237/parent/attempts/10/stdout.txt,0,e3b0c44298fc1c149afbf4c8996fb92427ae41e4649b934ca495991b7852b855
runs/361237/parent/attempts/10/train-predictions.csv,21322,039352c9790382c9cb41a3f9a7da59fcb5c0d7d9aafeeff9a024b61a6a52dd0d
runs/361237/parent/attempts/11/ADMITTED.md,126,00935ee2247cc7d6a8c728f98d06c8c9c80b60c96da7b84b01bf082ee292d292
runs/361237/parent/attempts/11/builder/candidate.py,151,65f08bd9437f4b97d8dca65c9e2a4ddb9f2aa1c18fc7963c652b4af27806aaaf
runs/361237/parent/attempts/11/builder/parent_engine.py,3361,90e61cc1b2e54aaf54d7d9b48a44cd896de52e4f9d6c13ca7035d6bbebf86dc0
runs/361237/parent/attempts/11/builder/refinement_engine.py,5012,e905a209037c84cf1803ea9c9f37f21314305f3b578a6b6c78db3ba51a677670
runs/361237/parent/attempts/11/builder/revision_one_engine.py,2312,fe3e19c461ba778f21015f8fa96ed8546fa7fd5d0e93b370ac5d4823185d9571
runs/361237/parent/attempts/11/builder/revision_two_engine.py,3988,77d1ba8920eb83f2a245cba587fc166dfe138deb92b452db2e6a1907fac910b6
runs/361237/parent/attempts/11/builder/study_engine.py,2212,6085cc647f0b21b56d32d68025fbc49c3fabcfa0b9ce725f24573fb3b063711b
runs/361237/parent/attempts/11/BUILDER-FREEZE.csv,557,2bd22d84f384534135cbeb90f8d61c41f9ec310557ee8acea911251de68e1548
runs/361237/parent/attempts/11/INHERITANCE.csv,788,a9c18c3c7e8cc26072d9f5a09e0cb49afb71457f4f12fd46be5751e99511dedc
runs/361237/parent/attempts/11/METRICS.csv,215,45f7c714825f302d34b89f7c92e12f0508e8d1ebe199a0a1c60bc80eb56f39ed
runs/361237/parent/attempts/11/PARENT-CANDIDATE.py,150,c57445ba4248176a610264d02f47077484c9b2db467b3617b7e6c2d09fac91b3
runs/361237/parent/attempts/11/PROPOSAL.csv,112,b0a685aaefa88689ee60084a43ee3b3026a8cd787949c1d1dc27c30a136ec199
runs/361237/parent/attempts/11/selection-predictions.csv,7558,e7aa25604e017ec836f612110290bf89c7ce1ed91e9a17a9aa378fe84197255a
runs/361237/parent/attempts/11/stderr.txt,0,e3b0c44298fc1c149afbf4c8996fb92427ae41e4649b934ca495991b7852b855
runs/361237/parent/attempts/11/stdout.txt,0,e3b0c44298fc1c149afbf4c8996fb92427ae41e4649b934ca495991b7852b855
runs/361237/parent/attempts/11/train-predictions.csv,21319,281f770461bd6280125c8810b905fea68e5bd4679d9c93c663ecee15707eb255
runs/361237/parent/attempts/12/ADMITTED.md,126,5e7221da0fb89df95d157ee7eba49799bdb4102b3b0fa28a9c81432d3cfd79d4
runs/361237/parent/attempts/12/builder/candidate.py,150,5d09c99baa5c9db4c4bba2320bf9ed384628a2a691c0907c517d3505520586fd
runs/361237/parent/attempts/12/builder/parent_engine.py,3361,90e61cc1b2e54aaf54d7d9b48a44cd896de52e4f9d6c13ca7035d6bbebf86dc0
runs/361237/parent/attempts/12/builder/refinement_engine.py,5012,e905a209037c84cf1803ea9c9f37f21314305f3b578a6b6c78db3ba51a677670
runs/361237/parent/attempts/12/builder/revision_one_engine.py,2312,fe3e19c461ba778f21015f8fa96ed8546fa7fd5d0e93b370ac5d4823185d9571
runs/361237/parent/attempts/12/builder/revision_two_engine.py,3988,77d1ba8920eb83f2a245cba587fc166dfe138deb92b452db2e6a1907fac910b6
runs/361237/parent/attempts/12/builder/study_engine.py,2212,6085cc647f0b21b56d32d68025fbc49c3fabcfa0b9ce725f24573fb3b063711b
runs/361237/parent/attempts/12/BUILDER-FREEZE.csv,557,b648965228f8fb015d69aaafb6adb0a714686e90da8cf05164a694a60ad1971a
runs/361237/parent/attempts/12/INHERITANCE.csv,788,a9c18c3c7e8cc26072d9f5a09e0cb49afb71457f4f12fd46be5751e99511dedc
runs/361237/parent/attempts/12/METRICS.csv,214,a298a023c3e2ab448f16d5bfaa3a2ba7d2bd799f2fa1b78cdf177df676833c28
runs/361237/parent/attempts/12/PARENT-CANDIDATE.py,150,c57445ba4248176a610264d02f47077484c9b2db467b3617b7e6c2d09fac91b3
runs/361237/parent/attempts/12/PROPOSAL.csv,111,2072dd55cf0d7b561c774a4c6857ba8b6e53925d7621cf03ffa6ae4ffc4ff41b
runs/361237/parent/attempts/12/selection-predictions.csv,7556,1ab30ed0a7c5ef954d9d1273e9530c2f1bd4b84899bb636dad0c113905d90c69
runs/361237/parent/attempts/12/stderr.txt,0,e3b0c44298fc1c149afbf4c8996fb92427ae41e4649b934ca495991b7852b855
runs/361237/parent/attempts/12/stdout.txt,0,e3b0c44298fc1c149afbf4c8996fb92427ae41e4649b934ca495991b7852b855
runs/361237/parent/attempts/12/train-predictions.csv,21322,039352c9790382c9cb41a3f9a7da59fcb5c0d7d9aafeeff9a024b61a6a52dd0d
runs/361237/parent/LEDGER.csv,4497,884ce15f4ce80285f754a8ca692835b9eaef61fab7faa4fc910f5410e941868f
runs/361237/parent/researcher.py,4647,e4a64b3a0fc7864bcb512185c4a1ccf81e27e29fd7afc4fc7ff7f526cf57d7d2
runs/361247/i0/attempts/01/ADMITTED.md,126,fc607ee7005ca25fe170978f69daae30907ee5cda7b4bfbf474d529d8cd0ba77
runs/361247/i0/attempts/01/builder/candidate.py,155,5b423e72c15fe5c9dbe23b38c83c76d857fdb46ca0953f179f4de6a6e3fe18f6
runs/361247/i0/attempts/01/builder/parent_engine.py,3361,90e61cc1b2e54aaf54d7d9b48a44cd896de52e4f9d6c13ca7035d6bbebf86dc0
runs/361247/i0/attempts/01/builder/refinement_engine.py,5012,e905a209037c84cf1803ea9c9f37f21314305f3b578a6b6c78db3ba51a677670
runs/361247/i0/attempts/01/builder/revision_one_engine.py,2312,fe3e19c461ba778f21015f8fa96ed8546fa7fd5d0e93b370ac5d4823185d9571
runs/361247/i0/attempts/01/builder/revision_two_engine.py,3988,77d1ba8920eb83f2a245cba587fc166dfe138deb92b452db2e6a1907fac910b6
runs/361247/i0/attempts/01/builder/study_engine.py,2212,6085cc647f0b21b56d32d68025fbc49c3fabcfa0b9ce725f24573fb3b063711b
runs/361247/i0/attempts/01/BUILDER-FREEZE.csv,557,efea64f92b43b6777e4c410df0b684932a75b2b7f5806023426523c2da2bcbab
runs/361247/i0/attempts/01/INHERITANCE.csv,788,a9c18c3c7e8cc26072d9f5a09e0cb49afb71457f4f12fd46be5751e99511dedc
runs/361247/i0/attempts/01/METRICS.csv,212,fc77265bcc67cef6715a7519a18a6d9f6cb1ab148d64118dcb66630dec0bada1
runs/361247/i0/attempts/01/PROPOSAL.csv,105,f0c3dd609cdd9fb523b2f37a52b2a69a5cebf2ba3421fd4fdb62396cb6e515e9
runs/361247/i0/attempts/01/selection-predictions.csv,14364,59154b0c8ad6b5460d13e70762d8e21a8bda0521389d28fcd9af2c91d5c0fa0c
runs/361247/i0/attempts/01/stderr.txt,0,e3b0c44298fc1c149afbf4c8996fb92427ae41e4649b934ca495991b7852b855
runs/361247/i0/attempts/01/stdout.txt,0,e3b0c44298fc1c149afbf4c8996fb92427ae41e4649b934ca495991b7852b855
runs/361247/i0/attempts/01/train-predictions.csv,43063,e0f648cb4a3f9904febb48dc0901f018e08de96b1fc4118a7bf002890a7dbfed
runs/361247/i0/attempts/02/ADMITTED.md,126,84a38c0a46e529a4eeec8f48a97fe164c033712e501ba4080eb141519bcbfdc9
runs/361247/i0/attempts/02/builder/candidate.py,146,cee7983f3d0ddd115d33a45f2830ad8b3d60bd191934fb2ad98a1d64046e661d
runs/361247/i0/attempts/02/builder/parent_engine.py,3361,90e61cc1b2e54aaf54d7d9b48a44cd896de52e4f9d6c13ca7035d6bbebf86dc0
runs/361247/i0/attempts/02/builder/refinement_engine.py,5012,e905a209037c84cf1803ea9c9f37f21314305f3b578a6b6c78db3ba51a677670
runs/361247/i0/attempts/02/builder/revision_one_engine.py,2312,fe3e19c461ba778f21015f8fa96ed8546fa7fd5d0e93b370ac5d4823185d9571
runs/361247/i0/attempts/02/builder/revision_two_engine.py,3988,77d1ba8920eb83f2a245cba587fc166dfe138deb92b452db2e6a1907fac910b6
runs/361247/i0/attempts/02/builder/study_engine.py,2212,6085cc647f0b21b56d32d68025fbc49c3fabcfa0b9ce725f24573fb3b063711b
runs/361247/i0/attempts/02/BUILDER-FREEZE.csv,557,4f3ff64319709f1388dd6599df2ec83e44527b0b9194dced102558701b15b3eb
runs/361247/i0/attempts/02/INHERITANCE.csv,788,a9c18c3c7e8cc26072d9f5a09e0cb49afb71457f4f12fd46be5751e99511dedc
runs/361247/i0/attempts/02/METRICS.csv,231,b9a939543319e226e0b6fb2dbcc2b394474971809c3e4ec83e43b7741686128b
runs/361247/i0/attempts/02/PROPOSAL.csv,96,b7c7861cb402b397faa4a108d78d93ec8325dfcf822d26e0cd05d5d9c52b6299
runs/361247/i0/attempts/02/selection-predictions.csv,24669,8e09a1cabf023875cd28011d90f727ea482f0d44d0b2c831f2aa7449b8bcac76
runs/361247/i0/attempts/02/stderr.txt,0,e3b0c44298fc1c149afbf4c8996fb92427ae41e4649b934ca495991b7852b855
runs/361247/i0/attempts/02/stdout.txt,0,e3b0c44298fc1c149afbf4c8996fb92427ae41e4649b934ca495991b7852b855
runs/361247/i0/attempts/02/train-predictions.csv,73982,66344b76518def9a4d871448010e76a87481c9b16f18311d48bf42d3effc4f5a
runs/361247/i0/attempts/03/ADMITTED.md,126,ccb312ee1a8d1aa5ae2398f06a856b354d44e9712a78bf655aba9246ccfb4eac
runs/361247/i0/attempts/03/builder/candidate.py,153,0918ad65acc5281163c013cc98a4838d8a582c04ef2b144849472fa5bfbd8361
runs/361247/i0/attempts/03/builder/parent_engine.py,3361,90e61cc1b2e54aaf54d7d9b48a44cd896de52e4f9d6c13ca7035d6bbebf86dc0
runs/361247/i0/attempts/03/builder/refinement_engine.py,5012,e905a209037c84cf1803ea9c9f37f21314305f3b578a6b6c78db3ba51a677670
runs/361247/i0/attempts/03/builder/revision_one_engine.py,2312,fe3e19c461ba778f21015f8fa96ed8546fa7fd5d0e93b370ac5d4823185d9571
runs/361247/i0/attempts/03/builder/revision_two_engine.py,3988,77d1ba8920eb83f2a245cba587fc166dfe138deb92b452db2e6a1907fac910b6
runs/361247/i0/attempts/03/builder/study_engine.py,2212,6085cc647f0b21b56d32d68025fbc49c3fabcfa0b9ce725f24573fb3b063711b
runs/361247/i0/attempts/03/BUILDER-FREEZE.csv,557,f5d52910ea18489e8e7d856d199e3510e42f243010677cf2d4e24bf7d7351139
runs/361247/i0/attempts/03/INHERITANCE.csv,788,a9c18c3c7e8cc26072d9f5a09e0cb49afb71457f4f12fd46be5751e99511dedc
runs/361247/i0/attempts/03/METRICS.csv,228,6e3294315c819b5d862bf2509c5cc4fbcdfdc5fe7e2df0120a08292cfff11ec2
runs/361247/i0/attempts/03/PROPOSAL.csv,103,05a49ba2d9cac1b746efed8683cb3010443d97ab5c924670180ae15db6b95c0d
runs/361247/i0/attempts/03/selection-predictions.csv,20482,3e4544823676d1b14f0cd9c186f1b964f8c2c3387fe5fc4125569b336d3c5558
runs/361247/i0/attempts/03/stderr.txt,0,e3b0c44298fc1c149afbf4c8996fb92427ae41e4649b934ca495991b7852b855
runs/361247/i0/attempts/03/stdout.txt,0,e3b0c44298fc1c149afbf4c8996fb92427ae41e4649b934ca495991b7852b855
runs/361247/i0/attempts/03/train-predictions.csv,61510,1e83ad335541309822cf142c0ad986443b44091536d872f5ad4020c2cdf7b3d2
runs/361247/i0/attempts/04/ADMITTED.md,126,e23e8c6c8013384361bb8f2aece3d4dffdffdff797ba6709f0d09673c43b37aa
runs/361247/i0/attempts/04/builder/candidate.py,145,27d1a072e585c314d242425e3916152e1d5bc9acc0dda7b40e67395c1b8f1902
runs/361247/i0/attempts/04/builder/parent_engine.py,3361,90e61cc1b2e54aaf54d7d9b48a44cd896de52e4f9d6c13ca7035d6bbebf86dc0
runs/361247/i0/attempts/04/builder/refinement_engine.py,5012,e905a209037c84cf1803ea9c9f37f21314305f3b578a6b6c78db3ba51a677670
runs/361247/i0/attempts/04/builder/revision_one_engine.py,2312,fe3e19c461ba778f21015f8fa96ed8546fa7fd5d0e93b370ac5d4823185d9571
runs/361247/i0/attempts/04/builder/revision_two_engine.py,3988,77d1ba8920eb83f2a245cba587fc166dfe138deb92b452db2e6a1907fac910b6
runs/361247/i0/attempts/04/builder/study_engine.py,2212,6085cc647f0b21b56d32d68025fbc49c3fabcfa0b9ce725f24573fb3b063711b
runs/361247/i0/attempts/04/BUILDER-FREEZE.csv,557,c9446868cc86fde9fff8c40aea9335b1ba98c83a1a4bfe898dbc8944daa1ed39
runs/361247/i0/attempts/04/INHERITANCE.csv,788,a9c18c3c7e8cc26072d9f5a09e0cb49afb71457f4f12fd46be5751e99511dedc
runs/361247/i0/attempts/04/METRICS.csv,223,74731bd667aee0a0009d4bb306a3a2d57e025eeb2e2fe634b9612c7b190fa3f9
runs/361247/i0/attempts/04/PROPOSAL.csv,95,2d925ee6ec8562b48fac0116acbc6a05f71dc78503097df2222d1c2d8fa394a6
runs/361247/i0/attempts/04/selection-predictions.csv,24650,bff854fb24f54a8e72fb28fa057e3340eb87978dee3fe0e0a0ec10a76770e292
runs/361247/i0/attempts/04/stderr.txt,0,e3b0c44298fc1c149afbf4c8996fb92427ae41e4649b934ca495991b7852b855
runs/361247/i0/attempts/04/stdout.txt,0,e3b0c44298fc1c149afbf4c8996fb92427ae41e4649b934ca495991b7852b855
runs/361247/i0/attempts/04/train-predictions.csv,73950,7fec830be7afc7783f8560d46903bdd8a5fb4ad6a8c87d632db909f57de8db60
runs/361247/i0/attempts/05/ADMITTED.md,126,38c90872ac7b936b5378bb73bd761d7d9f4f7e83260762a8c9dc4f69a7575261
runs/361247/i0/attempts/05/builder/candidate.py,151,fe9f52aac6fae812ea74bfe6725897abb4cf9f7a3df60d58683d0107f65b1d3b
runs/361247/i0/attempts/05/builder/parent_engine.py,3361,90e61cc1b2e54aaf54d7d9b48a44cd896de52e4f9d6c13ca7035d6bbebf86dc0
runs/361247/i0/attempts/05/builder/refinement_engine.py,5012,e905a209037c84cf1803ea9c9f37f21314305f3b578a6b6c78db3ba51a677670
runs/361247/i0/attempts/05/builder/revision_one_engine.py,2312,fe3e19c461ba778f21015f8fa96ed8546fa7fd5d0e93b370ac5d4823185d9571
runs/361247/i0/attempts/05/builder/revision_two_engine.py,3988,77d1ba8920eb83f2a245cba587fc166dfe138deb92b452db2e6a1907fac910b6
runs/361247/i0/attempts/05/builder/study_engine.py,2212,6085cc647f0b21b56d32d68025fbc49c3fabcfa0b9ce725f24573fb3b063711b
runs/361247/i0/attempts/05/BUILDER-FREEZE.csv,557,9d7f8a8d204fe4869e132ce052e84f4734e5f8f80a8087236cc2e6a9e9d23f4e
runs/361247/i0/attempts/05/INHERITANCE.csv,788,a9c18c3c7e8cc26072d9f5a09e0cb49afb71457f4f12fd46be5751e99511dedc
runs/361247/i0/attempts/05/METRICS.csv,226,62a3db52566b7ce94f3e87faa32e7eb14a41fe9bd9e45c9ce75728d6a41c0f7c
runs/361247/i0/attempts/05/PROPOSAL.csv,101,1ce836733fa0a39b644111c7f5b50c27c500b33975835766f82a45dd98035736
runs/361247/i0/attempts/05/selection-predictions.csv,20507,01da521a78101a2b8d3333f92d99372e443d02c9a8254dfed6a92d0e6e1b247a
runs/361247/i0/attempts/05/stderr.txt,0,e3b0c44298fc1c149afbf4c8996fb92427ae41e4649b934ca495991b7852b855
runs/361247/i0/attempts/05/stdout.txt,0,e3b0c44298fc1c149afbf4c8996fb92427ae41e4649b934ca495991b7852b855
runs/361247/i0/attempts/05/train-predictions.csv,43999,df30e931c3d57018a8f5241f0a5bedcd6c27db9c157bc5d0658c5241687e539c
runs/361247/i0/attempts/06/ADMITTED.md,126,d83ffbf11aa5efc9d871f42755f19649c4d77bdcdb91cc9d903e710e13574ba2
runs/361247/i0/attempts/06/builder/candidate.py,150,c57445ba4248176a610264d02f47077484c9b2db467b3617b7e6c2d09fac91b3
runs/361247/i0/attempts/06/builder/parent_engine.py,3361,90e61cc1b2e54aaf54d7d9b48a44cd896de52e4f9d6c13ca7035d6bbebf86dc0
runs/361247/i0/attempts/06/builder/refinement_engine.py,5012,e905a209037c84cf1803ea9c9f37f21314305f3b578a6b6c78db3ba51a677670
runs/361247/i0/attempts/06/builder/revision_one_engine.py,2312,fe3e19c461ba778f21015f8fa96ed8546fa7fd5d0e93b370ac5d4823185d9571
runs/361247/i0/attempts/06/builder/revision_two_engine.py,3988,77d1ba8920eb83f2a245cba587fc166dfe138deb92b452db2e6a1907fac910b6
runs/361247/i0/attempts/06/builder/study_engine.py,2212,6085cc647f0b21b56d32d68025fbc49c3fabcfa0b9ce725f24573fb3b063711b
runs/361247/i0/attempts/06/BUILDER-FREEZE.csv,557,5615280c1139a77d21579bdb2f7de854f39db3e2c1d248783c10fe42a71c17bd
runs/361247/i0/attempts/06/INHERITANCE.csv,788,a9c18c3c7e8cc26072d9f5a09e0cb49afb71457f4f12fd46be5751e99511dedc
runs/361247/i0/attempts/06/METRICS.csv,226,3e07ab51fc8fc9a927a0894d1bc6ba59bff38484261d338424a1cb975fe937ac
runs/361247/i0/attempts/06/PROPOSAL.csv,100,5c7e5e620daed35b59df51493e78f99c90770c01ae8b182f880054d159f8f358
runs/361247/i0/attempts/06/selection-predictions.csv,24678,cb8246d92a99f14893f1b9e076cf9501688e44a80a4e7ca797bfa17e2afbf984
runs/361247/i0/attempts/06/stderr.txt,0,e3b0c44298fc1c149afbf4c8996fb92427ae41e4649b934ca495991b7852b855
runs/361247/i0/attempts/06/stdout.txt,0,e3b0c44298fc1c149afbf4c8996fb92427ae41e4649b934ca495991b7852b855
runs/361247/i0/attempts/06/train-predictions.csv,73951,184acb1e5696d85fa8a45f79b495a68c5800e51206ffceca7dd2155882e2af02
runs/361247/i0/attempts/07/ADMITTED.md,126,af833dcd9e41c461e8855f668bd1ab7921c3af350dff6c40d0b72d686f618e3f
runs/361247/i0/attempts/07/builder/candidate.py,146,99666013fed9dfb0cb3c8aefeb0ff36ea73030482a9d8666d270a500e98c3cc7
runs/361247/i0/attempts/07/builder/parent_engine.py,3361,90e61cc1b2e54aaf54d7d9b48a44cd896de52e4f9d6c13ca7035d6bbebf86dc0
runs/361247/i0/attempts/07/builder/refinement_engine.py,5012,e905a209037c84cf1803ea9c9f37f21314305f3b578a6b6c78db3ba51a677670
runs/361247/i0/attempts/07/builder/revision_one_engine.py,2312,fe3e19c461ba778f21015f8fa96ed8546fa7fd5d0e93b370ac5d4823185d9571
runs/361247/i0/attempts/07/builder/revision_two_engine.py,3988,77d1ba8920eb83f2a245cba587fc166dfe138deb92b452db2e6a1907fac910b6
runs/361247/i0/attempts/07/builder/study_engine.py,2212,6085cc647f0b21b56d32d68025fbc49c3fabcfa0b9ce725f24573fb3b063711b
runs/361247/i0/attempts/07/BUILDER-FREEZE.csv,557,92a55479c4f92a7ca4124cda1e1bc5f53f071d2a2a392d886b09434eedc716b7
runs/361247/i0/attempts/07/INHERITANCE.csv,788,a9c18c3c7e8cc26072d9f5a09e0cb49afb71457f4f12fd46be5751e99511dedc
runs/361247/i0/attempts/07/METRICS.csv,228,6ec214aaea39d85b8d884ee30e66ff6f68f890035604b227ea48204bc8682967
runs/361247/i0/attempts/07/PROPOSAL.csv,96,c497706dcfe8bc1267c34933f95c87592676a931a20a753b7d90a2879b2113d7
runs/361247/i0/attempts/07/selection-predictions.csv,24665,15883c55fc379db7289191d03cb89a1020279f26dde6d38633bd9dc64361259d
runs/361247/i0/attempts/07/stderr.txt,0,e3b0c44298fc1c149afbf4c8996fb92427ae41e4649b934ca495991b7852b855
runs/361247/i0/attempts/07/stdout.txt,0,e3b0c44298fc1c149afbf4c8996fb92427ae41e4649b934ca495991b7852b855
runs/361247/i0/attempts/07/train-predictions.csv,73963,5f02619be73fc805a90abd3015ad2d0479a1714bf1e4cecab531a9bf67534c6a
runs/361247/i0/attempts/08/ADMITTED.md,126,40329abe4fcf17c9cfbb624fc21400d602fe6bab2abf67549c23cc0178379eea
runs/361247/i0/attempts/08/builder/candidate.py,151,c46021861851ef435427b9f0d4ad8644c28fd08fbc487b79e306da2db4e555cb
runs/361247/i0/attempts/08/builder/parent_engine.py,3361,90e61cc1b2e54aaf54d7d9b48a44cd896de52e4f9d6c13ca7035d6bbebf86dc0
runs/361247/i0/attempts/08/builder/refinement_engine.py,5012,e905a209037c84cf1803ea9c9f37f21314305f3b578a6b6c78db3ba51a677670
runs/361247/i0/attempts/08/builder/revision_one_engine.py,2312,fe3e19c461ba778f21015f8fa96ed8546fa7fd5d0e93b370ac5d4823185d9571
runs/361247/i0/attempts/08/builder/revision_two_engine.py,3988,77d1ba8920eb83f2a245cba587fc166dfe138deb92b452db2e6a1907fac910b6
runs/361247/i0/attempts/08/builder/study_engine.py,2212,6085cc647f0b21b56d32d68025fbc49c3fabcfa0b9ce725f24573fb3b063711b
runs/361247/i0/attempts/08/BUILDER-FREEZE.csv,557,53b8b44259500ba8ee9f70e7fae3ff0ceee64b54fd3ea6e26ddaff082bed63d6
runs/361247/i0/attempts/08/INHERITANCE.csv,788,a9c18c3c7e8cc26072d9f5a09e0cb49afb71457f4f12fd46be5751e99511dedc
runs/361247/i0/attempts/08/METRICS.csv,195,9972597285994a1e06bd8169cccf4a587f77d16b4dae52a1ca6a274647d8fe1e
runs/361247/i0/attempts/08/PROPOSAL.csv,101,a913a494e0df82ba962f41dff45d930cdabb43be5163520686a7e6e60ee716e8
runs/361247/i0/attempts/08/selection-predictions.csv,24641,6f1fc4291e45c6dc39d0d200d73f6cc0527a3f0430764eabf4aee47018c86885
runs/361247/i0/attempts/08/stderr.txt,0,e3b0c44298fc1c149afbf4c8996fb92427ae41e4649b934ca495991b7852b855
runs/361247/i0/attempts/08/stdout.txt,0,e3b0c44298fc1c149afbf4c8996fb92427ae41e4649b934ca495991b7852b855
runs/361247/i0/attempts/08/train-predictions.csv,42725,7f237572204abb71b188a2709f2e3de760c9b028db318cb925eccf4da9dd1e66
runs/361247/i0/attempts/09/ADMITTED.md,126,13a588dccd69c42f48c6c088bc4d81f450f59a6ea5eb02d29f26f4cd08f33621
runs/361247/i0/attempts/09/builder/candidate.py,151,fed54f518013b9c12378bedee95f95ab81e067841a6c3d5181ebf3325822aa23
runs/361247/i0/attempts/09/builder/parent_engine.py,3361,90e61cc1b2e54aaf54d7d9b48a44cd896de52e4f9d6c13ca7035d6bbebf86dc0
runs/361247/i0/attempts/09/builder/refinement_engine.py,5012,e905a209037c84cf1803ea9c9f37f21314305f3b578a6b6c78db3ba51a677670
runs/361247/i0/attempts/09/builder/revision_one_engine.py,2312,fe3e19c461ba778f21015f8fa96ed8546fa7fd5d0e93b370ac5d4823185d9571
runs/361247/i0/attempts/09/builder/revision_two_engine.py,3988,77d1ba8920eb83f2a245cba587fc166dfe138deb92b452db2e6a1907fac910b6
runs/361247/i0/attempts/09/builder/study_engine.py,2212,6085cc647f0b21b56d32d68025fbc49c3fabcfa0b9ce725f24573fb3b063711b
runs/361247/i0/attempts/09/BUILDER-FREEZE.csv,557,30313b93073438350f6c6b2096e79433440402a77c51aae689a267eedec6e205
runs/361247/i0/attempts/09/INHERITANCE.csv,788,a9c18c3c7e8cc26072d9f5a09e0cb49afb71457f4f12fd46be5751e99511dedc
runs/361247/i0/attempts/09/METRICS.csv,221,6a55b228d42f1bc4640034f9e599f3273298d65ed37ead8d1e1d28d40d54d0c0
runs/361247/i0/attempts/09/PARENT-CANDIDATE.py,151,fe9f52aac6fae812ea74bfe6725897abb4cf9f7a3df60d58683d0107f65b1d3b
runs/361247/i0/attempts/09/PROPOSAL.csv,111,ef678c318bf9f70b1484c548fbb91d787680dfdee1ed0db20c8dc321c209bddc
runs/361247/i0/attempts/09/selection-predictions.csv,24661,617ebae26821787cfa6dfbcb286ab1b2c26a6fb5b627dfc32aa5c9672dd0c48b
runs/361247/i0/attempts/09/stderr.txt,0,e3b0c44298fc1c149afbf4c8996fb92427ae41e4649b934ca495991b7852b855
runs/361247/i0/attempts/09/stdout.txt,0,e3b0c44298fc1c149afbf4c8996fb92427ae41e4649b934ca495991b7852b855
runs/361247/i0/attempts/09/train-predictions.csv,73922,a4ad719918a75ec8c87fbac4004a232a106fbd009703b8d89c253276d18c1cd3
runs/361247/i0/attempts/10/ADMITTED.md,126,319dcee8ce13fe4bb482f90bbb9b1e8ee8b20162b4d55a26f4b9b5f2265dd536
runs/361247/i0/attempts/10/builder/candidate.py,152,2f45f11953bed6438a5365e7c419adfbdc1edbb1a6920fd6885873bed764230f
runs/361247/i0/attempts/10/builder/parent_engine.py,3361,90e61cc1b2e54aaf54d7d9b48a44cd896de52e4f9d6c13ca7035d6bbebf86dc0
runs/361247/i0/attempts/10/builder/refinement_engine.py,5012,e905a209037c84cf1803ea9c9f37f21314305f3b578a6b6c78db3ba51a677670
runs/361247/i0/attempts/10/builder/revision_one_engine.py,2312,fe3e19c461ba778f21015f8fa96ed8546fa7fd5d0e93b370ac5d4823185d9571
runs/361247/i0/attempts/10/builder/revision_two_engine.py,3988,77d1ba8920eb83f2a245cba587fc166dfe138deb92b452db2e6a1907fac910b6
runs/361247/i0/attempts/10/builder/study_engine.py,2212,6085cc647f0b21b56d32d68025fbc49c3fabcfa0b9ce725f24573fb3b063711b
runs/361247/i0/attempts/10/BUILDER-FREEZE.csv,557,459ebf8cb1d395b031a67d1ba1fb5d156a6d0ddea2ad6cb115da1bbb584a5610
runs/361247/i0/attempts/10/INHERITANCE.csv,788,a9c18c3c7e8cc26072d9f5a09e0cb49afb71457f4f12fd46be5751e99511dedc
runs/361247/i0/attempts/10/METRICS.csv,225,4b4d300ffe25b3aba42370925717d6cf0f81f47139b0fbd134602fa2129b3f39
runs/361247/i0/attempts/10/PARENT-CANDIDATE.py,151,fe9f52aac6fae812ea74bfe6725897abb4cf9f7a3df60d58683d0107f65b1d3b
runs/361247/i0/attempts/10/PROPOSAL.csv,113,b464fedc96893b72a1ac951dab21f962be9f27390e626c6b1ccb63ea358d7324
runs/361247/i0/attempts/10/selection-predictions.csv,24644,fef0bab5ee36e470d21f38c5c435817d65b285d1cfb9f794e2d6d065f261d542
runs/361247/i0/attempts/10/stderr.txt,0,e3b0c44298fc1c149afbf4c8996fb92427ae41e4649b934ca495991b7852b855
runs/361247/i0/attempts/10/stdout.txt,0,e3b0c44298fc1c149afbf4c8996fb92427ae41e4649b934ca495991b7852b855
runs/361247/i0/attempts/10/train-predictions.csv,73895,ba989626a7d5e7b22afb835b9bdcc17fc8a8d05a51aa8293dd5d9a8628f02ce8
runs/361247/i0/attempts/11/ADMITTED.md,126,714c5138d40041f985f94a6aef17d96a85aa883367a5938132d0d5210071529d
runs/361247/i0/attempts/11/builder/candidate.py,152,1d08d4aafdfac0ddc8c509e9f3bbc59b7485a4c4fd8f093759d511153e902f47
runs/361247/i0/attempts/11/builder/parent_engine.py,3361,90e61cc1b2e54aaf54d7d9b48a44cd896de52e4f9d6c13ca7035d6bbebf86dc0
runs/361247/i0/attempts/11/builder/refinement_engine.py,5012,e905a209037c84cf1803ea9c9f37f21314305f3b578a6b6c78db3ba51a677670
runs/361247/i0/attempts/11/builder/revision_one_engine.py,2312,fe3e19c461ba778f21015f8fa96ed8546fa7fd5d0e93b370ac5d4823185d9571
runs/361247/i0/attempts/11/builder/revision_two_engine.py,3988,77d1ba8920eb83f2a245cba587fc166dfe138deb92b452db2e6a1907fac910b6
runs/361247/i0/attempts/11/builder/study_engine.py,2212,6085cc647f0b21b56d32d68025fbc49c3fabcfa0b9ce725f24573fb3b063711b
runs/361247/i0/attempts/11/BUILDER-FREEZE.csv,557,00827153f9b322ff72d02a308c22a56f6aba05c060f2f49689640ab11adad836
runs/361247/i0/attempts/11/INHERITANCE.csv,788,a9c18c3c7e8cc26072d9f5a09e0cb49afb71457f4f12fd46be5751e99511dedc
runs/361247/i0/attempts/11/METRICS.csv,224,7852277744ae49d57513a5794404d97e677339e38243365dd1b988ae2700613a
runs/361247/i0/attempts/11/PARENT-CANDIDATE.py,151,fe9f52aac6fae812ea74bfe6725897abb4cf9f7a3df60d58683d0107f65b1d3b
runs/361247/i0/attempts/11/PROPOSAL.csv,113,1117f54ea34d33af991548870ea3558f00b33e68bd67585df5887ae8ebf175d8
runs/361247/i0/attempts/11/selection-predictions.csv,24685,91f3db65f5a482fc7f5a73b80847f109906b142e184a0943cbaae9c30478fe42
runs/361247/i0/attempts/11/stderr.txt,0,e3b0c44298fc1c149afbf4c8996fb92427ae41e4649b934ca495991b7852b855
runs/361247/i0/attempts/11/stdout.txt,0,e3b0c44298fc1c149afbf4c8996fb92427ae41e4649b934ca495991b7852b855
runs/361247/i0/attempts/11/train-predictions.csv,74000,55a89625ab2e4c9103e9a28a387b5881a60fb865caae46d01213472a6f3a111c
runs/361247/i0/attempts/12/ADMITTED.md,126,2374a36463df926381be4f30609fe4bd64a31e015494c40320f8d0f0e56aac5d
runs/361247/i0/attempts/12/builder/candidate.py,153,f79304cf38a91466c2816e71a0277d2e77fe11bf3039ab0b94d0f071df866cba
runs/361247/i0/attempts/12/builder/parent_engine.py,3361,90e61cc1b2e54aaf54d7d9b48a44cd896de52e4f9d6c13ca7035d6bbebf86dc0
runs/361247/i0/attempts/12/builder/refinement_engine.py,5012,e905a209037c84cf1803ea9c9f37f21314305f3b578a6b6c78db3ba51a677670
runs/361247/i0/attempts/12/builder/revision_one_engine.py,2312,fe3e19c461ba778f21015f8fa96ed8546fa7fd5d0e93b370ac5d4823185d9571
runs/361247/i0/attempts/12/builder/revision_two_engine.py,3988,77d1ba8920eb83f2a245cba587fc166dfe138deb92b452db2e6a1907fac910b6
runs/361247/i0/attempts/12/builder/study_engine.py,2212,6085cc647f0b21b56d32d68025fbc49c3fabcfa0b9ce725f24573fb3b063711b
runs/361247/i0/attempts/12/BUILDER-FREEZE.csv,557,dc7e773906e45721b433425d5ca0e56c63c1238fce368619173d474b3cafa4ba
runs/361247/i0/attempts/12/INHERITANCE.csv,788,a9c18c3c7e8cc26072d9f5a09e0cb49afb71457f4f12fd46be5751e99511dedc
runs/361247/i0/attempts/12/METRICS.csv,223,46c74ac06c72a202642bb82a6f32ac2ee6751bed4535eab766442c73e2349c85
runs/361247/i0/attempts/12/PARENT-CANDIDATE.py,151,fe9f52aac6fae812ea74bfe6725897abb4cf9f7a3df60d58683d0107f65b1d3b
runs/361247/i0/attempts/12/PROPOSAL.csv,114,03a99532efbe09aa70c4dca99f42f639dbc49c44f04f74f94f5884fb5b619678
runs/361247/i0/attempts/12/selection-predictions.csv,24691,5b308526e16c429c7e4edc03151066dc047e7c6a4c96c166e903a88666ead206
runs/361247/i0/attempts/12/stderr.txt,0,e3b0c44298fc1c149afbf4c8996fb92427ae41e4649b934ca495991b7852b855
runs/361247/i0/attempts/12/stdout.txt,0,e3b0c44298fc1c149afbf4c8996fb92427ae41e4649b934ca495991b7852b855
runs/361247/i0/attempts/12/train-predictions.csv,74063,5bef39d701e1bee401e9e2ac91b669ff9e94ff210354b9c8293d822102acc073
runs/361247/i0/LEDGER.csv,4439,e5bf4fce61871e4a6810e02419cf5a80eb9a215df1b4f4840993b26a39feae61
runs/361247/i0/researcher.py,4647,c46276d2e2cb9e1df4c329b6c5517b13a9c3b7b4dd554ce367920986cb14f60f
runs/361247/i1/attempts/01/ADMITTED.md,126,839638f80a3bfe7748a45e36d42929fb5600a48ff151fa9dcc7e2e45ac72b78e
runs/361247/i1/attempts/01/builder/candidate.py,155,5b423e72c15fe5c9dbe23b38c83c76d857fdb46ca0953f179f4de6a6e3fe18f6
runs/361247/i1/attempts/01/builder/parent_engine.py,3361,90e61cc1b2e54aaf54d7d9b48a44cd896de52e4f9d6c13ca7035d6bbebf86dc0
runs/361247/i1/attempts/01/builder/refinement_engine.py,5012,e905a209037c84cf1803ea9c9f37f21314305f3b578a6b6c78db3ba51a677670
runs/361247/i1/attempts/01/builder/revision_one_engine.py,2312,fe3e19c461ba778f21015f8fa96ed8546fa7fd5d0e93b370ac5d4823185d9571
runs/361247/i1/attempts/01/builder/revision_two_engine.py,3988,77d1ba8920eb83f2a245cba587fc166dfe138deb92b452db2e6a1907fac910b6
runs/361247/i1/attempts/01/builder/study_engine.py,2212,6085cc647f0b21b56d32d68025fbc49c3fabcfa0b9ce725f24573fb3b063711b
runs/361247/i1/attempts/01/BUILDER-FREEZE.csv,557,efea64f92b43b6777e4c410df0b684932a75b2b7f5806023426523c2da2bcbab
runs/361247/i1/attempts/01/INHERITANCE.csv,788,a9c18c3c7e8cc26072d9f5a09e0cb49afb71457f4f12fd46be5751e99511dedc
runs/361247/i1/attempts/01/METRICS.csv,210,a392ffe71314703af94861242a392e7a14fd9bb7a95452c76a5bf554f59cf001
runs/361247/i1/attempts/01/PROPOSAL.csv,105,f0c3dd609cdd9fb523b2f37a52b2a69a5cebf2ba3421fd4fdb62396cb6e515e9
runs/361247/i1/attempts/01/selection-predictions.csv,14364,59154b0c8ad6b5460d13e70762d8e21a8bda0521389d28fcd9af2c91d5c0fa0c
runs/361247/i1/attempts/01/stderr.txt,0,e3b0c44298fc1c149afbf4c8996fb92427ae41e4649b934ca495991b7852b855
runs/361247/i1/attempts/01/stdout.txt,0,e3b0c44298fc1c149afbf4c8996fb92427ae41e4649b934ca495991b7852b855
runs/361247/i1/attempts/01/train-predictions.csv,43063,e0f648cb4a3f9904febb48dc0901f018e08de96b1fc4118a7bf002890a7dbfed
runs/361247/i1/attempts/02/ADMITTED.md,126,eac7363cfeb8cc13d8cafa73a8ff11e9449d4fde6dd6a6445ee79a994137090a
runs/361247/i1/attempts/02/builder/candidate.py,146,cee7983f3d0ddd115d33a45f2830ad8b3d60bd191934fb2ad98a1d64046e661d
runs/361247/i1/attempts/02/builder/parent_engine.py,3361,90e61cc1b2e54aaf54d7d9b48a44cd896de52e4f9d6c13ca7035d6bbebf86dc0
runs/361247/i1/attempts/02/builder/refinement_engine.py,5012,e905a209037c84cf1803ea9c9f37f21314305f3b578a6b6c78db3ba51a677670
runs/361247/i1/attempts/02/builder/revision_one_engine.py,2312,fe3e19c461ba778f21015f8fa96ed8546fa7fd5d0e93b370ac5d4823185d9571
runs/361247/i1/attempts/02/builder/revision_two_engine.py,3988,77d1ba8920eb83f2a245cba587fc166dfe138deb92b452db2e6a1907fac910b6
runs/361247/i1/attempts/02/builder/study_engine.py,2212,6085cc647f0b21b56d32d68025fbc49c3fabcfa0b9ce725f24573fb3b063711b
runs/361247/i1/attempts/02/BUILDER-FREEZE.csv,557,4f3ff64319709f1388dd6599df2ec83e44527b0b9194dced102558701b15b3eb
runs/361247/i1/attempts/02/INHERITANCE.csv,788,a9c18c3c7e8cc26072d9f5a09e0cb49afb71457f4f12fd46be5751e99511dedc
runs/361247/i1/attempts/02/METRICS.csv,229,5d6b733dc8ccc8140c1aa3ba26f361bafcab17369e681d4ef8222f99413b26cf
runs/361247/i1/attempts/02/PROPOSAL.csv,96,b7c7861cb402b397faa4a108d78d93ec8325dfcf822d26e0cd05d5d9c52b6299
runs/361247/i1/attempts/02/selection-predictions.csv,24669,8e09a1cabf023875cd28011d90f727ea482f0d44d0b2c831f2aa7449b8bcac76
runs/361247/i1/attempts/02/stderr.txt,0,e3b0c44298fc1c149afbf4c8996fb92427ae41e4649b934ca495991b7852b855
runs/361247/i1/attempts/02/stdout.txt,0,e3b0c44298fc1c149afbf4c8996fb92427ae41e4649b934ca495991b7852b855
runs/361247/i1/attempts/02/train-predictions.csv,73982,66344b76518def9a4d871448010e76a87481c9b16f18311d48bf42d3effc4f5a
runs/361247/i1/attempts/03/ADMITTED.md,126,a78c514c08e33bed9d008d0b6ffbf1e3a25add8941079603c57e48b21eaad73d
runs/361247/i1/attempts/03/builder/candidate.py,153,0918ad65acc5281163c013cc98a4838d8a582c04ef2b144849472fa5bfbd8361
runs/361247/i1/attempts/03/builder/parent_engine.py,3361,90e61cc1b2e54aaf54d7d9b48a44cd896de52e4f9d6c13ca7035d6bbebf86dc0
runs/361247/i1/attempts/03/builder/refinement_engine.py,5012,e905a209037c84cf1803ea9c9f37f21314305f3b578a6b6c78db3ba51a677670
runs/361247/i1/attempts/03/builder/revision_one_engine.py,2312,fe3e19c461ba778f21015f8fa96ed8546fa7fd5d0e93b370ac5d4823185d9571
runs/361247/i1/attempts/03/builder/revision_two_engine.py,3988,77d1ba8920eb83f2a245cba587fc166dfe138deb92b452db2e6a1907fac910b6
runs/361247/i1/attempts/03/builder/study_engine.py,2212,6085cc647f0b21b56d32d68025fbc49c3fabcfa0b9ce725f24573fb3b063711b
runs/361247/i1/attempts/03/BUILDER-FREEZE.csv,557,f5d52910ea18489e8e7d856d199e3510e42f243010677cf2d4e24bf7d7351139
runs/361247/i1/attempts/03/INHERITANCE.csv,788,a9c18c3c7e8cc26072d9f5a09e0cb49afb71457f4f12fd46be5751e99511dedc
runs/361247/i1/attempts/03/METRICS.csv,228,a294b6f7114e8b34accb485178fb87498481ae35e9dcb59a31507a075ac14177
runs/361247/i1/attempts/03/PROPOSAL.csv,103,05a49ba2d9cac1b746efed8683cb3010443d97ab5c924670180ae15db6b95c0d
runs/361247/i1/attempts/03/selection-predictions.csv,20482,3e4544823676d1b14f0cd9c186f1b964f8c2c3387fe5fc4125569b336d3c5558
runs/361247/i1/attempts/03/stderr.txt,0,e3b0c44298fc1c149afbf4c8996fb92427ae41e4649b934ca495991b7852b855
runs/361247/i1/attempts/03/stdout.txt,0,e3b0c44298fc1c149afbf4c8996fb92427ae41e4649b934ca495991b7852b855
runs/361247/i1/attempts/03/train-predictions.csv,61510,1e83ad335541309822cf142c0ad986443b44091536d872f5ad4020c2cdf7b3d2
runs/361247/i1/attempts/04/ADMITTED.md,126,53045493b4b0be7bf8fb00e3d8004083c202f5c7647ea5b3b3d9cc0e40650868
runs/361247/i1/attempts/04/builder/candidate.py,145,27d1a072e585c314d242425e3916152e1d5bc9acc0dda7b40e67395c1b8f1902
runs/361247/i1/attempts/04/builder/parent_engine.py,3361,90e61cc1b2e54aaf54d7d9b48a44cd896de52e4f9d6c13ca7035d6bbebf86dc0
runs/361247/i1/attempts/04/builder/refinement_engine.py,5012,e905a209037c84cf1803ea9c9f37f21314305f3b578a6b6c78db3ba51a677670
runs/361247/i1/attempts/04/builder/revision_one_engine.py,2312,fe3e19c461ba778f21015f8fa96ed8546fa7fd5d0e93b370ac5d4823185d9571
runs/361247/i1/attempts/04/builder/revision_two_engine.py,3988,77d1ba8920eb83f2a245cba587fc166dfe138deb92b452db2e6a1907fac910b6
runs/361247/i1/attempts/04/builder/study_engine.py,2212,6085cc647f0b21b56d32d68025fbc49c3fabcfa0b9ce725f24573fb3b063711b
runs/361247/i1/attempts/04/BUILDER-FREEZE.csv,557,c9446868cc86fde9fff8c40aea9335b1ba98c83a1a4bfe898dbc8944daa1ed39
runs/361247/i1/attempts/04/INHERITANCE.csv,788,a9c18c3c7e8cc26072d9f5a09e0cb49afb71457f4f12fd46be5751e99511dedc
runs/361247/i1/attempts/04/METRICS.csv,225,10dd26a7ed495a578b365b121cda846f971fbe72ab08333c76080d99a9a87ddb
runs/361247/i1/attempts/04/PROPOSAL.csv,95,2d925ee6ec8562b48fac0116acbc6a05f71dc78503097df2222d1c2d8fa394a6
runs/361247/i1/attempts/04/selection-predictions.csv,24650,bff854fb24f54a8e72fb28fa057e3340eb87978dee3fe0e0a0ec10a76770e292
runs/361247/i1/attempts/04/stderr.txt,0,e3b0c44298fc1c149afbf4c8996fb92427ae41e4649b934ca495991b7852b855
runs/361247/i1/attempts/04/stdout.txt,0,e3b0c44298fc1c149afbf4c8996fb92427ae41e4649b934ca495991b7852b855
runs/361247/i1/attempts/04/train-predictions.csv,73950,7fec830be7afc7783f8560d46903bdd8a5fb4ad6a8c87d632db909f57de8db60
runs/361247/i1/attempts/05/ADMITTED.md,126,762d161b1121f991d78c6e35d3184771399690a88c4bc74abbabc94ef0c0b6fe
runs/361247/i1/attempts/05/builder/candidate.py,151,fe9f52aac6fae812ea74bfe6725897abb4cf9f7a3df60d58683d0107f65b1d3b
runs/361247/i1/attempts/05/builder/parent_engine.py,3361,90e61cc1b2e54aaf54d7d9b48a44cd896de52e4f9d6c13ca7035d6bbebf86dc0
runs/361247/i1/attempts/05/builder/refinement_engine.py,5012,e905a209037c84cf1803ea9c9f37f21314305f3b578a6b6c78db3ba51a677670
runs/361247/i1/attempts/05/builder/revision_one_engine.py,2312,fe3e19c461ba778f21015f8fa96ed8546fa7fd5d0e93b370ac5d4823185d9571
runs/361247/i1/attempts/05/builder/revision_two_engine.py,3988,77d1ba8920eb83f2a245cba587fc166dfe138deb92b452db2e6a1907fac910b6
runs/361247/i1/attempts/05/builder/study_engine.py,2212,6085cc647f0b21b56d32d68025fbc49c3fabcfa0b9ce725f24573fb3b063711b
runs/361247/i1/attempts/05/BUILDER-FREEZE.csv,557,9d7f8a8d204fe4869e132ce052e84f4734e5f8f80a8087236cc2e6a9e9d23f4e
runs/361247/i1/attempts/05/INHERITANCE.csv,788,a9c18c3c7e8cc26072d9f5a09e0cb49afb71457f4f12fd46be5751e99511dedc
runs/361247/i1/attempts/05/METRICS.csv,226,55da450c93159b58d8c559d8a577edeec3a5dcceed3c40afa2cac742243d4ee0
runs/361247/i1/attempts/05/PROPOSAL.csv,101,1ce836733fa0a39b644111c7f5b50c27c500b33975835766f82a45dd98035736
runs/361247/i1/attempts/05/selection-predictions.csv,20507,01da521a78101a2b8d3333f92d99372e443d02c9a8254dfed6a92d0e6e1b247a
runs/361247/i1/attempts/05/stderr.txt,0,e3b0c44298fc1c149afbf4c8996fb92427ae41e4649b934ca495991b7852b855
runs/361247/i1/attempts/05/stdout.txt,0,e3b0c44298fc1c149afbf4c8996fb92427ae41e4649b934ca495991b7852b855
runs/361247/i1/attempts/05/train-predictions.csv,43999,df30e931c3d57018a8f5241f0a5bedcd6c27db9c157bc5d0658c5241687e539c
runs/361247/i1/attempts/06/ADMITTED.md,126,b8c528bd608532bd270fc8dc63d9cbadd8c150ab77a1333194a5ed5927acf646
runs/361247/i1/attempts/06/builder/candidate.py,150,c57445ba4248176a610264d02f47077484c9b2db467b3617b7e6c2d09fac91b3
runs/361247/i1/attempts/06/builder/parent_engine.py,3361,90e61cc1b2e54aaf54d7d9b48a44cd896de52e4f9d6c13ca7035d6bbebf86dc0
runs/361247/i1/attempts/06/builder/refinement_engine.py,5012,e905a209037c84cf1803ea9c9f37f21314305f3b578a6b6c78db3ba51a677670
runs/361247/i1/attempts/06/builder/revision_one_engine.py,2312,fe3e19c461ba778f21015f8fa96ed8546fa7fd5d0e93b370ac5d4823185d9571
runs/361247/i1/attempts/06/builder/revision_two_engine.py,3988,77d1ba8920eb83f2a245cba587fc166dfe138deb92b452db2e6a1907fac910b6
runs/361247/i1/attempts/06/builder/study_engine.py,2212,6085cc647f0b21b56d32d68025fbc49c3fabcfa0b9ce725f24573fb3b063711b
runs/361247/i1/attempts/06/BUILDER-FREEZE.csv,557,5615280c1139a77d21579bdb2f7de854f39db3e2c1d248783c10fe42a71c17bd
runs/361247/i1/attempts/06/INHERITANCE.csv,788,a9c18c3c7e8cc26072d9f5a09e0cb49afb71457f4f12fd46be5751e99511dedc
runs/361247/i1/attempts/06/METRICS.csv,228,d08a149d2d3442e62a9a2accb778b66e1cc5c19fbc451a365292462ce945248f
runs/361247/i1/attempts/06/PROPOSAL.csv,100,5c7e5e620daed35b59df51493e78f99c90770c01ae8b182f880054d159f8f358
runs/361247/i1/attempts/06/selection-predictions.csv,24678,cb8246d92a99f14893f1b9e076cf9501688e44a80a4e7ca797bfa17e2afbf984
runs/361247/i1/attempts/06/stderr.txt,0,e3b0c44298fc1c149afbf4c8996fb92427ae41e4649b934ca495991b7852b855
runs/361247/i1/attempts/06/stdout.txt,0,e3b0c44298fc1c149afbf4c8996fb92427ae41e4649b934ca495991b7852b855
runs/361247/i1/attempts/06/train-predictions.csv,73951,184acb1e5696d85fa8a45f79b495a68c5800e51206ffceca7dd2155882e2af02
runs/361247/i1/attempts/07/ADMITTED.md,126,7149b3072aa42dfd5b5458d4ecd8fd7def2ce7e7386457a3cc4f4d01a4296745
runs/361247/i1/attempts/07/builder/candidate.py,146,99666013fed9dfb0cb3c8aefeb0ff36ea73030482a9d8666d270a500e98c3cc7
runs/361247/i1/attempts/07/builder/parent_engine.py,3361,90e61cc1b2e54aaf54d7d9b48a44cd896de52e4f9d6c13ca7035d6bbebf86dc0
runs/361247/i1/attempts/07/builder/refinement_engine.py,5012,e905a209037c84cf1803ea9c9f37f21314305f3b578a6b6c78db3ba51a677670
runs/361247/i1/attempts/07/builder/revision_one_engine.py,2312,fe3e19c461ba778f21015f8fa96ed8546fa7fd5d0e93b370ac5d4823185d9571
runs/361247/i1/attempts/07/builder/revision_two_engine.py,3988,77d1ba8920eb83f2a245cba587fc166dfe138deb92b452db2e6a1907fac910b6
runs/361247/i1/attempts/07/builder/study_engine.py,2212,6085cc647f0b21b56d32d68025fbc49c3fabcfa0b9ce725f24573fb3b063711b
runs/361247/i1/attempts/07/BUILDER-FREEZE.csv,557,92a55479c4f92a7ca4124cda1e1bc5f53f071d2a2a392d886b09434eedc716b7
runs/361247/i1/attempts/07/INHERITANCE.csv,788,a9c18c3c7e8cc26072d9f5a09e0cb49afb71457f4f12fd46be5751e99511dedc
runs/361247/i1/attempts/07/METRICS.csv,228,e21622b7dca2497972093e437a98f9bf466557ad371a5c46c498476fe7e2a40a
runs/361247/i1/attempts/07/PROPOSAL.csv,96,c497706dcfe8bc1267c34933f95c87592676a931a20a753b7d90a2879b2113d7
runs/361247/i1/attempts/07/selection-predictions.csv,24665,15883c55fc379db7289191d03cb89a1020279f26dde6d38633bd9dc64361259d
runs/361247/i1/attempts/07/stderr.txt,0,e3b0c44298fc1c149afbf4c8996fb92427ae41e4649b934ca495991b7852b855
runs/361247/i1/attempts/07/stdout.txt,0,e3b0c44298fc1c149afbf4c8996fb92427ae41e4649b934ca495991b7852b855
runs/361247/i1/attempts/07/train-predictions.csv,73963,5f02619be73fc805a90abd3015ad2d0479a1714bf1e4cecab531a9bf67534c6a
runs/361247/i1/attempts/08/ADMITTED.md,126,882fcf289bbc54d10ee744b3320a0e8d134d83e327dfeed95247149e413a0731
runs/361247/i1/attempts/08/builder/candidate.py,151,c46021861851ef435427b9f0d4ad8644c28fd08fbc487b79e306da2db4e555cb
runs/361247/i1/attempts/08/builder/parent_engine.py,3361,90e61cc1b2e54aaf54d7d9b48a44cd896de52e4f9d6c13ca7035d6bbebf86dc0
runs/361247/i1/attempts/08/builder/refinement_engine.py,5012,e905a209037c84cf1803ea9c9f37f21314305f3b578a6b6c78db3ba51a677670
runs/361247/i1/attempts/08/builder/revision_one_engine.py,2312,fe3e19c461ba778f21015f8fa96ed8546fa7fd5d0e93b370ac5d4823185d9571
runs/361247/i1/attempts/08/builder/revision_two_engine.py,3988,77d1ba8920eb83f2a245cba587fc166dfe138deb92b452db2e6a1907fac910b6
runs/361247/i1/attempts/08/builder/study_engine.py,2212,6085cc647f0b21b56d32d68025fbc49c3fabcfa0b9ce725f24573fb3b063711b
runs/361247/i1/attempts/08/BUILDER-FREEZE.csv,557,53b8b44259500ba8ee9f70e7fae3ff0ceee64b54fd3ea6e26ddaff082bed63d6
runs/361247/i1/attempts/08/INHERITANCE.csv,788,a9c18c3c7e8cc26072d9f5a09e0cb49afb71457f4f12fd46be5751e99511dedc
runs/361247/i1/attempts/08/METRICS.csv,195,d6478752f4337e1436c6af4a24646e116da255aebd20e4c91468dab6547a3b91
runs/361247/i1/attempts/08/PROPOSAL.csv,101,a913a494e0df82ba962f41dff45d930cdabb43be5163520686a7e6e60ee716e8
runs/361247/i1/attempts/08/selection-predictions.csv,24641,6f1fc4291e45c6dc39d0d200d73f6cc0527a3f0430764eabf4aee47018c86885
runs/361247/i1/attempts/08/stderr.txt,0,e3b0c44298fc1c149afbf4c8996fb92427ae41e4649b934ca495991b7852b855
runs/361247/i1/attempts/08/stdout.txt,0,e3b0c44298fc1c149afbf4c8996fb92427ae41e4649b934ca495991b7852b855
runs/361247/i1/attempts/08/train-predictions.csv,42725,7f237572204abb71b188a2709f2e3de760c9b028db318cb925eccf4da9dd1e66
runs/361247/i1/attempts/09/ADMITTED.md,126,90a4661283de1f999efe9f7e6af2944bf43a279cd238d67c4958c3c55b3bf3b0
runs/361247/i1/attempts/09/builder/candidate.py,150,ce9115f14f4639c8c703f5eac2120b620cca2216f23184ddfd639af900b552c8
runs/361247/i1/attempts/09/builder/parent_engine.py,3361,90e61cc1b2e54aaf54d7d9b48a44cd896de52e4f9d6c13ca7035d6bbebf86dc0
runs/361247/i1/attempts/09/builder/refinement_engine.py,5012,e905a209037c84cf1803ea9c9f37f21314305f3b578a6b6c78db3ba51a677670
runs/361247/i1/attempts/09/builder/revision_one_engine.py,2312,fe3e19c461ba778f21015f8fa96ed8546fa7fd5d0e93b370ac5d4823185d9571
runs/361247/i1/attempts/09/builder/revision_two_engine.py,3988,77d1ba8920eb83f2a245cba587fc166dfe138deb92b452db2e6a1907fac910b6
runs/361247/i1/attempts/09/builder/study_engine.py,2212,6085cc647f0b21b56d32d68025fbc49c3fabcfa0b9ce725f24573fb3b063711b
runs/361247/i1/attempts/09/BUILDER-FREEZE.csv,557,6728b33d273244715e060c9cce80eb4bad46288f851d65ff8ef4bd9907b1de29
runs/361247/i1/attempts/09/INHERITANCE.csv,788,a9c18c3c7e8cc26072d9f5a09e0cb49afb71457f4f12fd46be5751e99511dedc
runs/361247/i1/attempts/09/METRICS.csv,227,5e281ad08c4cb92751dccb41a78d7552f248d3509d989129ceb08a2c92b2cfe1
runs/361247/i1/attempts/09/PROPOSAL.csv,137,d85dac11dcc2d5786fa87dea5e705154cc9ea2e8808ddb7b3e4d419363c4adad
runs/361247/i1/attempts/09/selection-predictions.csv,24673,092d476cd821d2324a69e7b13018f2312098846d45ba081309b1c77b75a85a32
runs/361247/i1/attempts/09/stderr.txt,0,e3b0c44298fc1c149afbf4c8996fb92427ae41e4649b934ca495991b7852b855
runs/361247/i1/attempts/09/stdout.txt,0,e3b0c44298fc1c149afbf4c8996fb92427ae41e4649b934ca495991b7852b855
runs/361247/i1/attempts/09/train-predictions.csv,73973,f737c5ea7414867b8220dee1bdea5e73f98dacb0c55232a9502ccc53f8f52fbe
runs/361247/i1/attempts/10/ADMITTED.md,126,29781008c28a8ddd8aea951177b21b8486230370a88d139751a5baac1f915f91
runs/361247/i1/attempts/10/builder/candidate.py,153,5f0c9d6b96dfb3088144933fbe5d747f72b77e0bfe82335cabdc09728eba8f8a
runs/361247/i1/attempts/10/builder/parent_engine.py,3361,90e61cc1b2e54aaf54d7d9b48a44cd896de52e4f9d6c13ca7035d6bbebf86dc0
runs/361247/i1/attempts/10/builder/refinement_engine.py,5012,e905a209037c84cf1803ea9c9f37f21314305f3b578a6b6c78db3ba51a677670
runs/361247/i1/attempts/10/builder/revision_one_engine.py,2312,fe3e19c461ba778f21015f8fa96ed8546fa7fd5d0e93b370ac5d4823185d9571
runs/361247/i1/attempts/10/builder/revision_two_engine.py,3988,77d1ba8920eb83f2a245cba587fc166dfe138deb92b452db2e6a1907fac910b6
runs/361247/i1/attempts/10/builder/study_engine.py,2212,6085cc647f0b21b56d32d68025fbc49c3fabcfa0b9ce725f24573fb3b063711b
runs/361247/i1/attempts/10/BUILDER-FREEZE.csv,557,d12bd53d66cdcf7b99693cc5f72a923e78d637e8bb6ea04e2d2562a513af5cc1
runs/361247/i1/attempts/10/INHERITANCE.csv,788,a9c18c3c7e8cc26072d9f5a09e0cb49afb71457f4f12fd46be5751e99511dedc
runs/361247/i1/attempts/10/METRICS.csv,228,cc9ed25302f3b27d7937fda694ecb32e1cfa432d0f9e7327abef8a9ecf811619
runs/361247/i1/attempts/10/PROPOSAL.csv,142,1f7a1a7fa0999d40f2b7721dba4fbb8d1245a61bd61d4bf0fae1dc1cfdf5a8d3
runs/361247/i1/attempts/10/selection-predictions.csv,24658,0261aec5905b775b932ec7d46eecf21f71fd2c58f7d87d0d92b83e06662bd668
runs/361247/i1/attempts/10/stderr.txt,0,e3b0c44298fc1c149afbf4c8996fb92427ae41e4649b934ca495991b7852b855
runs/361247/i1/attempts/10/stdout.txt,0,e3b0c44298fc1c149afbf4c8996fb92427ae41e4649b934ca495991b7852b855
runs/361247/i1/attempts/10/train-predictions.csv,73971,2d25a0e6f46b5aa22a4837bf681c2fd55edaae834bfc464eda3df5d7d999e51a
runs/361247/i1/attempts/11/ADMITTED.md,126,b142d3eddc3311c90d6562e6a15bb3bb225aadcd1845453f9210a312a9881861
runs/361247/i1/attempts/11/builder/candidate.py,150,d45873f393004d98740b3e58e6b0b681ecaba4b1839ae6dbd4929bd01cca14c5
runs/361247/i1/attempts/11/builder/parent_engine.py,3361,90e61cc1b2e54aaf54d7d9b48a44cd896de52e4f9d6c13ca7035d6bbebf86dc0
runs/361247/i1/attempts/11/builder/refinement_engine.py,5012,e905a209037c84cf1803ea9c9f37f21314305f3b578a6b6c78db3ba51a677670
runs/361247/i1/attempts/11/builder/revision_one_engine.py,2312,fe3e19c461ba778f21015f8fa96ed8546fa7fd5d0e93b370ac5d4823185d9571
runs/361247/i1/attempts/11/builder/revision_two_engine.py,3988,77d1ba8920eb83f2a245cba587fc166dfe138deb92b452db2e6a1907fac910b6
runs/361247/i1/attempts/11/builder/study_engine.py,2212,6085cc647f0b21b56d32d68025fbc49c3fabcfa0b9ce725f24573fb3b063711b
runs/361247/i1/attempts/11/BUILDER-FREEZE.csv,557,42c2372ef21f9942f57c2f866753ad745ddf09b1c6c120c7403a50423b003042
runs/361247/i1/attempts/11/INHERITANCE.csv,788,a9c18c3c7e8cc26072d9f5a09e0cb49afb71457f4f12fd46be5751e99511dedc
runs/361247/i1/attempts/11/METRICS.csv,228,73b359312ad3758ebddb0ed525214f5b99be379d0701ef082a5886c121d59e3f
runs/361247/i1/attempts/11/PARENT-CANDIDATE.py,150,c57445ba4248176a610264d02f47077484c9b2db467b3617b7e6c2d09fac91b3
runs/361247/i1/attempts/11/PROPOSAL.csv,141,b6455156f4b03a0499b7b885c2f78671074585f6bfa54908ff7ecfcd68128b02
runs/361247/i1/attempts/11/selection-predictions.csv,24669,d5eaeb2e0f202a5d1d087e2785dc1f639c658fc2bb63d035c45ee3bff0d684cf
runs/361247/i1/attempts/11/stderr.txt,0,e3b0c44298fc1c149afbf4c8996fb92427ae41e4649b934ca495991b7852b855
runs/361247/i1/attempts/11/stdout.txt,0,e3b0c44298fc1c149afbf4c8996fb92427ae41e4649b934ca495991b7852b855
runs/361247/i1/attempts/11/train-predictions.csv,73941,bdad0baa778b1ac4e4c97aeeef543d60c6ef5ab822248f87a5491f099d809126
runs/361247/i1/attempts/12/ADMITTED.md,126,b8a6ac41e46cee422ce5779b31b757a7579c7e5173dff5956825b49292cdf070
runs/361247/i1/attempts/12/builder/candidate.py,150,6160cdefd4df27995b1a65c559fef5502df111362c9435168b25da28c3b9b52e
runs/361247/i1/attempts/12/builder/parent_engine.py,3361,90e61cc1b2e54aaf54d7d9b48a44cd896de52e4f9d6c13ca7035d6bbebf86dc0
runs/361247/i1/attempts/12/builder/refinement_engine.py,5012,e905a209037c84cf1803ea9c9f37f21314305f3b578a6b6c78db3ba51a677670
runs/361247/i1/attempts/12/builder/revision_one_engine.py,2312,fe3e19c461ba778f21015f8fa96ed8546fa7fd5d0e93b370ac5d4823185d9571
runs/361247/i1/attempts/12/builder/revision_two_engine.py,3988,77d1ba8920eb83f2a245cba587fc166dfe138deb92b452db2e6a1907fac910b6
runs/361247/i1/attempts/12/builder/study_engine.py,2212,6085cc647f0b21b56d32d68025fbc49c3fabcfa0b9ce725f24573fb3b063711b
runs/361247/i1/attempts/12/BUILDER-FREEZE.csv,557,a5c1d15a3bb86fe83a4934ce5e65edc5d8b44d3f9416f78d3dbe902039931129
runs/361247/i1/attempts/12/INHERITANCE.csv,788,a9c18c3c7e8cc26072d9f5a09e0cb49afb71457f4f12fd46be5751e99511dedc
runs/361247/i1/attempts/12/METRICS.csv,228,a579e488a502c78ce95d981581bad02a0e16103fc080ab15f5c88eebfc4e8fd1
runs/361247/i1/attempts/12/PARENT-CANDIDATE.py,150,d45873f393004d98740b3e58e6b0b681ecaba4b1839ae6dbd4929bd01cca14c5
runs/361247/i1/attempts/12/PROPOSAL.csv,142,a85d36f2f13f35f6d553f329c869c90a07504d0629261f16c6fddd440016c015
runs/361247/i1/attempts/12/selection-predictions.csv,24660,0f446143476b54b3057e0a03f0f342b40ed38f4921ae2dc86c0f2745274af541
runs/361247/i1/attempts/12/stderr.txt,0,e3b0c44298fc1c149afbf4c8996fb92427ae41e4649b934ca495991b7852b855
runs/361247/i1/attempts/12/stdout.txt,0,e3b0c44298fc1c149afbf4c8996fb92427ae41e4649b934ca495991b7852b855
runs/361247/i1/attempts/12/train-predictions.csv,73969,b35e491bb2a5272578ed1d69474c8608354c5d8d679b8dd54874b3eda4a2f448
runs/361247/i1/LEDGER.csv,4550,6c36769e93c12823f2cd71cfcde49d29067b1189f368dc3c44a82a634141eeb7
runs/361247/i1/researcher.py,6084,053228ae5a337e2dee99c96a569d890f3a908d7194e2ba00c3cc5636ab02481f
runs/361247/parent/attempts/01/ADMITTED.md,126,32e685b4133294aafabe034ff449fe81bcc58f4a377231b1784eb6ea721a834c
runs/361247/parent/attempts/01/builder/candidate.py,155,5b423e72c15fe5c9dbe23b38c83c76d857fdb46ca0953f179f4de6a6e3fe18f6
runs/361247/parent/attempts/01/builder/parent_engine.py,3361,90e61cc1b2e54aaf54d7d9b48a44cd896de52e4f9d6c13ca7035d6bbebf86dc0
runs/361247/parent/attempts/01/builder/refinement_engine.py,5012,e905a209037c84cf1803ea9c9f37f21314305f3b578a6b6c78db3ba51a677670
runs/361247/parent/attempts/01/builder/revision_one_engine.py,2312,fe3e19c461ba778f21015f8fa96ed8546fa7fd5d0e93b370ac5d4823185d9571
runs/361247/parent/attempts/01/builder/revision_two_engine.py,3988,77d1ba8920eb83f2a245cba587fc166dfe138deb92b452db2e6a1907fac910b6
runs/361247/parent/attempts/01/builder/study_engine.py,2212,6085cc647f0b21b56d32d68025fbc49c3fabcfa0b9ce725f24573fb3b063711b
runs/361247/parent/attempts/01/BUILDER-FREEZE.csv,557,efea64f92b43b6777e4c410df0b684932a75b2b7f5806023426523c2da2bcbab
runs/361247/parent/attempts/01/INHERITANCE.csv,788,a9c18c3c7e8cc26072d9f5a09e0cb49afb71457f4f12fd46be5751e99511dedc
runs/361247/parent/attempts/01/METRICS.csv,210,2b38fa3b1b74e3d6ca45bb11006503a58702e87de946d0ce9ae994aeeba8c0ec
runs/361247/parent/attempts/01/PROPOSAL.csv,105,f0c3dd609cdd9fb523b2f37a52b2a69a5cebf2ba3421fd4fdb62396cb6e515e9
runs/361247/parent/attempts/01/selection-predictions.csv,14364,59154b0c8ad6b5460d13e70762d8e21a8bda0521389d28fcd9af2c91d5c0fa0c
runs/361247/parent/attempts/01/stderr.txt,0,e3b0c44298fc1c149afbf4c8996fb92427ae41e4649b934ca495991b7852b855
runs/361247/parent/attempts/01/stdout.txt,0,e3b0c44298fc1c149afbf4c8996fb92427ae41e4649b934ca495991b7852b855
runs/361247/parent/attempts/01/train-predictions.csv,43063,e0f648cb4a3f9904febb48dc0901f018e08de96b1fc4118a7bf002890a7dbfed
runs/361247/parent/attempts/02/ADMITTED.md,126,efb9d003286af132623a5a80bb41b47618b86ebf7815718b6175c4868cad967f
runs/361247/parent/attempts/02/builder/candidate.py,146,cee7983f3d0ddd115d33a45f2830ad8b3d60bd191934fb2ad98a1d64046e661d
runs/361247/parent/attempts/02/builder/parent_engine.py,3361,90e61cc1b2e54aaf54d7d9b48a44cd896de52e4f9d6c13ca7035d6bbebf86dc0
runs/361247/parent/attempts/02/builder/refinement_engine.py,5012,e905a209037c84cf1803ea9c9f37f21314305f3b578a6b6c78db3ba51a677670
runs/361247/parent/attempts/02/builder/revision_one_engine.py,2312,fe3e19c461ba778f21015f8fa96ed8546fa7fd5d0e93b370ac5d4823185d9571
runs/361247/parent/attempts/02/builder/revision_two_engine.py,3988,77d1ba8920eb83f2a245cba587fc166dfe138deb92b452db2e6a1907fac910b6
runs/361247/parent/attempts/02/builder/study_engine.py,2212,6085cc647f0b21b56d32d68025fbc49c3fabcfa0b9ce725f24573fb3b063711b
runs/361247/parent/attempts/02/BUILDER-FREEZE.csv,557,4f3ff64319709f1388dd6599df2ec83e44527b0b9194dced102558701b15b3eb
runs/361247/parent/attempts/02/INHERITANCE.csv,788,a9c18c3c7e8cc26072d9f5a09e0cb49afb71457f4f12fd46be5751e99511dedc
runs/361247/parent/attempts/02/METRICS.csv,227,2e69b92745115b550ee5a6ae7c2d8945adbf0536a2a78cfe3bab7d1abf85b65b
runs/361247/parent/attempts/02/PROPOSAL.csv,96,b7c7861cb402b397faa4a108d78d93ec8325dfcf822d26e0cd05d5d9c52b6299
runs/361247/parent/attempts/02/selection-predictions.csv,24669,8e09a1cabf023875cd28011d90f727ea482f0d44d0b2c831f2aa7449b8bcac76
runs/361247/parent/attempts/02/stderr.txt,0,e3b0c44298fc1c149afbf4c8996fb92427ae41e4649b934ca495991b7852b855
runs/361247/parent/attempts/02/stdout.txt,0,e3b0c44298fc1c149afbf4c8996fb92427ae41e4649b934ca495991b7852b855
runs/361247/parent/attempts/02/train-predictions.csv,73982,66344b76518def9a4d871448010e76a87481c9b16f18311d48bf42d3effc4f5a
runs/361247/parent/attempts/03/ADMITTED.md,126,786147528d564a0706d28d2fb0f7e3a617366c7b1bd38e126d72ff74b1480abb
runs/361247/parent/attempts/03/builder/candidate.py,153,0918ad65acc5281163c013cc98a4838d8a582c04ef2b144849472fa5bfbd8361
runs/361247/parent/attempts/03/builder/parent_engine.py,3361,90e61cc1b2e54aaf54d7d9b48a44cd896de52e4f9d6c13ca7035d6bbebf86dc0
runs/361247/parent/attempts/03/builder/refinement_engine.py,5012,e905a209037c84cf1803ea9c9f37f21314305f3b578a6b6c78db3ba51a677670
runs/361247/parent/attempts/03/builder/revision_one_engine.py,2312,fe3e19c461ba778f21015f8fa96ed8546fa7fd5d0e93b370ac5d4823185d9571
runs/361247/parent/attempts/03/builder/revision_two_engine.py,3988,77d1ba8920eb83f2a245cba587fc166dfe138deb92b452db2e6a1907fac910b6
runs/361247/parent/attempts/03/builder/study_engine.py,2212,6085cc647f0b21b56d32d68025fbc49c3fabcfa0b9ce725f24573fb3b063711b
runs/361247/parent/attempts/03/BUILDER-FREEZE.csv,557,f5d52910ea18489e8e7d856d199e3510e42f243010677cf2d4e24bf7d7351139
runs/361247/parent/attempts/03/INHERITANCE.csv,788,a9c18c3c7e8cc26072d9f5a09e0cb49afb71457f4f12fd46be5751e99511dedc
runs/361247/parent/attempts/03/METRICS.csv,228,494c9f5347a182144ce1f8ba2dd32c576ae908a20ba26ef088adc3abd17ea63d
runs/361247/parent/attempts/03/PROPOSAL.csv,103,05a49ba2d9cac1b746efed8683cb3010443d97ab5c924670180ae15db6b95c0d
runs/361247/parent/attempts/03/selection-predictions.csv,20482,3e4544823676d1b14f0cd9c186f1b964f8c2c3387fe5fc4125569b336d3c5558
runs/361247/parent/attempts/03/stderr.txt,0,e3b0c44298fc1c149afbf4c8996fb92427ae41e4649b934ca495991b7852b855
runs/361247/parent/attempts/03/stdout.txt,0,e3b0c44298fc1c149afbf4c8996fb92427ae41e4649b934ca495991b7852b855
runs/361247/parent/attempts/03/train-predictions.csv,61510,1e83ad335541309822cf142c0ad986443b44091536d872f5ad4020c2cdf7b3d2
runs/361247/parent/attempts/04/ADMITTED.md,126,7fea61fea8a5aa1ec5ae968116af66b66b26fd3a35468a728c523d623774d53a
runs/361247/parent/attempts/04/builder/candidate.py,145,27d1a072e585c314d242425e3916152e1d5bc9acc0dda7b40e67395c1b8f1902
runs/361247/parent/attempts/04/builder/parent_engine.py,3361,90e61cc1b2e54aaf54d7d9b48a44cd896de52e4f9d6c13ca7035d6bbebf86dc0
runs/361247/parent/attempts/04/builder/refinement_engine.py,5012,e905a209037c84cf1803ea9c9f37f21314305f3b578a6b6c78db3ba51a677670
runs/361247/parent/attempts/04/builder/revision_one_engine.py,2312,fe3e19c461ba778f21015f8fa96ed8546fa7fd5d0e93b370ac5d4823185d9571
runs/361247/parent/attempts/04/builder/revision_two_engine.py,3988,77d1ba8920eb83f2a245cba587fc166dfe138deb92b452db2e6a1907fac910b6
runs/361247/parent/attempts/04/builder/study_engine.py,2212,6085cc647f0b21b56d32d68025fbc49c3fabcfa0b9ce725f24573fb3b063711b
runs/361247/parent/attempts/04/BUILDER-FREEZE.csv,557,c9446868cc86fde9fff8c40aea9335b1ba98c83a1a4bfe898dbc8944daa1ed39
runs/361247/parent/attempts/04/INHERITANCE.csv,788,a9c18c3c7e8cc26072d9f5a09e0cb49afb71457f4f12fd46be5751e99511dedc
runs/361247/parent/attempts/04/METRICS.csv,225,764f7343940a2c052fe00677c78041125677d06f42738b5259a76e7c64bfb68f
runs/361247/parent/attempts/04/PROPOSAL.csv,95,2d925ee6ec8562b48fac0116acbc6a05f71dc78503097df2222d1c2d8fa394a6
runs/361247/parent/attempts/04/selection-predictions.csv,24650,bff854fb24f54a8e72fb28fa057e3340eb87978dee3fe0e0a0ec10a76770e292
runs/361247/parent/attempts/04/stderr.txt,0,e3b0c44298fc1c149afbf4c8996fb92427ae41e4649b934ca495991b7852b855
runs/361247/parent/attempts/04/stdout.txt,0,e3b0c44298fc1c149afbf4c8996fb92427ae41e4649b934ca495991b7852b855
runs/361247/parent/attempts/04/train-predictions.csv,73950,7fec830be7afc7783f8560d46903bdd8a5fb4ad6a8c87d632db909f57de8db60
runs/361247/parent/attempts/05/ADMITTED.md,126,f16e3d097b8c3d31ecd139aff13e9f2fba5831849e17a1629ebc21e887f17909
runs/361247/parent/attempts/05/builder/candidate.py,151,fe9f52aac6fae812ea74bfe6725897abb4cf9f7a3df60d58683d0107f65b1d3b
runs/361247/parent/attempts/05/builder/parent_engine.py,3361,90e61cc1b2e54aaf54d7d9b48a44cd896de52e4f9d6c13ca7035d6bbebf86dc0
runs/361247/parent/attempts/05/builder/refinement_engine.py,5012,e905a209037c84cf1803ea9c9f37f21314305f3b578a6b6c78db3ba51a677670
runs/361247/parent/attempts/05/builder/revision_one_engine.py,2312,fe3e19c461ba778f21015f8fa96ed8546fa7fd5d0e93b370ac5d4823185d9571
runs/361247/parent/attempts/05/builder/revision_two_engine.py,3988,77d1ba8920eb83f2a245cba587fc166dfe138deb92b452db2e6a1907fac910b6
runs/361247/parent/attempts/05/builder/study_engine.py,2212,6085cc647f0b21b56d32d68025fbc49c3fabcfa0b9ce725f24573fb3b063711b
runs/361247/parent/attempts/05/BUILDER-FREEZE.csv,557,9d7f8a8d204fe4869e132ce052e84f4734e5f8f80a8087236cc2e6a9e9d23f4e
runs/361247/parent/attempts/05/INHERITANCE.csv,788,a9c18c3c7e8cc26072d9f5a09e0cb49afb71457f4f12fd46be5751e99511dedc
runs/361247/parent/attempts/05/METRICS.csv,228,ea87205522c7419e340e202fa5bc720319328502b28192813dbca4dfc3b8090f
runs/361247/parent/attempts/05/PROPOSAL.csv,101,1ce836733fa0a39b644111c7f5b50c27c500b33975835766f82a45dd98035736
runs/361247/parent/attempts/05/selection-predictions.csv,20507,01da521a78101a2b8d3333f92d99372e443d02c9a8254dfed6a92d0e6e1b247a
runs/361247/parent/attempts/05/stderr.txt,0,e3b0c44298fc1c149afbf4c8996fb92427ae41e4649b934ca495991b7852b855
runs/361247/parent/attempts/05/stdout.txt,0,e3b0c44298fc1c149afbf4c8996fb92427ae41e4649b934ca495991b7852b855
runs/361247/parent/attempts/05/train-predictions.csv,43999,df30e931c3d57018a8f5241f0a5bedcd6c27db9c157bc5d0658c5241687e539c
runs/361247/parent/attempts/06/ADMITTED.md,126,96ea9b36b3d8a254443a7b1fc55999a17cb6736a981047c370b51b2da2e75181
runs/361247/parent/attempts/06/builder/candidate.py,150,c57445ba4248176a610264d02f47077484c9b2db467b3617b7e6c2d09fac91b3
runs/361247/parent/attempts/06/builder/parent_engine.py,3361,90e61cc1b2e54aaf54d7d9b48a44cd896de52e4f9d6c13ca7035d6bbebf86dc0
runs/361247/parent/attempts/06/builder/refinement_engine.py,5012,e905a209037c84cf1803ea9c9f37f21314305f3b578a6b6c78db3ba51a677670
runs/361247/parent/attempts/06/builder/revision_one_engine.py,2312,fe3e19c461ba778f21015f8fa96ed8546fa7fd5d0e93b370ac5d4823185d9571
runs/361247/parent/attempts/06/builder/revision_two_engine.py,3988,77d1ba8920eb83f2a245cba587fc166dfe138deb92b452db2e6a1907fac910b6
runs/361247/parent/attempts/06/builder/study_engine.py,2212,6085cc647f0b21b56d32d68025fbc49c3fabcfa0b9ce725f24573fb3b063711b
runs/361247/parent/attempts/06/BUILDER-FREEZE.csv,557,5615280c1139a77d21579bdb2f7de854f39db3e2c1d248783c10fe42a71c17bd
runs/361247/parent/attempts/06/INHERITANCE.csv,788,a9c18c3c7e8cc26072d9f5a09e0cb49afb71457f4f12fd46be5751e99511dedc
runs/361247/parent/attempts/06/METRICS.csv,226,4ffe3153bb47fe10e8fdf6b1543c27733264af055e1f82a0e796fcb457d0d3a8
runs/361247/parent/attempts/06/PROPOSAL.csv,100,5c7e5e620daed35b59df51493e78f99c90770c01ae8b182f880054d159f8f358
runs/361247/parent/attempts/06/selection-predictions.csv,24678,cb8246d92a99f14893f1b9e076cf9501688e44a80a4e7ca797bfa17e2afbf984
runs/361247/parent/attempts/06/stderr.txt,0,e3b0c44298fc1c149afbf4c8996fb92427ae41e4649b934ca495991b7852b855
runs/361247/parent/attempts/06/stdout.txt,0,e3b0c44298fc1c149afbf4c8996fb92427ae41e4649b934ca495991b7852b855
runs/361247/parent/attempts/06/train-predictions.csv,73951,184acb1e5696d85fa8a45f79b495a68c5800e51206ffceca7dd2155882e2af02
runs/361247/parent/attempts/07/ADMITTED.md,126,9d8a94cf3778db823c46645534bde5c9f0f52edc2acfa04957b919de879943d7
runs/361247/parent/attempts/07/builder/candidate.py,146,99666013fed9dfb0cb3c8aefeb0ff36ea73030482a9d8666d270a500e98c3cc7
runs/361247/parent/attempts/07/builder/parent_engine.py,3361,90e61cc1b2e54aaf54d7d9b48a44cd896de52e4f9d6c13ca7035d6bbebf86dc0
runs/361247/parent/attempts/07/builder/refinement_engine.py,5012,e905a209037c84cf1803ea9c9f37f21314305f3b578a6b6c78db3ba51a677670
runs/361247/parent/attempts/07/builder/revision_one_engine.py,2312,fe3e19c461ba778f21015f8fa96ed8546fa7fd5d0e93b370ac5d4823185d9571
runs/361247/parent/attempts/07/builder/revision_two_engine.py,3988,77d1ba8920eb83f2a245cba587fc166dfe138deb92b452db2e6a1907fac910b6
runs/361247/parent/attempts/07/builder/study_engine.py,2212,6085cc647f0b21b56d32d68025fbc49c3fabcfa0b9ce725f24573fb3b063711b
runs/361247/parent/attempts/07/BUILDER-FREEZE.csv,557,92a55479c4f92a7ca4124cda1e1bc5f53f071d2a2a392d886b09434eedc716b7
runs/361247/parent/attempts/07/INHERITANCE.csv,788,a9c18c3c7e8cc26072d9f5a09e0cb49afb71457f4f12fd46be5751e99511dedc
runs/361247/parent/attempts/07/METRICS.csv,228,a0e1d804c311794792c948b25fab97a154a8dbf80228fa388bc525355816fbf1
runs/361247/parent/attempts/07/PROPOSAL.csv,96,c497706dcfe8bc1267c34933f95c87592676a931a20a753b7d90a2879b2113d7
runs/361247/parent/attempts/07/selection-predictions.csv,24665,15883c55fc379db7289191d03cb89a1020279f26dde6d38633bd9dc64361259d
runs/361247/parent/attempts/07/stderr.txt,0,e3b0c44298fc1c149afbf4c8996fb92427ae41e4649b934ca495991b7852b855
runs/361247/parent/attempts/07/stdout.txt,0,e3b0c44298fc1c149afbf4c8996fb92427ae41e4649b934ca495991b7852b855
runs/361247/parent/attempts/07/train-predictions.csv,73963,5f02619be73fc805a90abd3015ad2d0479a1714bf1e4cecab531a9bf67534c6a
runs/361247/parent/attempts/08/ADMITTED.md,126,ead7f3d77f6c0e8564f1804f4795a9d7140ecbae8d0c020c6043f01a28ad1a8c
runs/361247/parent/attempts/08/builder/candidate.py,151,c46021861851ef435427b9f0d4ad8644c28fd08fbc487b79e306da2db4e555cb
runs/361247/parent/attempts/08/builder/parent_engine.py,3361,90e61cc1b2e54aaf54d7d9b48a44cd896de52e4f9d6c13ca7035d6bbebf86dc0
runs/361247/parent/attempts/08/builder/refinement_engine.py,5012,e905a209037c84cf1803ea9c9f37f21314305f3b578a6b6c78db3ba51a677670
runs/361247/parent/attempts/08/builder/revision_one_engine.py,2312,fe3e19c461ba778f21015f8fa96ed8546fa7fd5d0e93b370ac5d4823185d9571
runs/361247/parent/attempts/08/builder/revision_two_engine.py,3988,77d1ba8920eb83f2a245cba587fc166dfe138deb92b452db2e6a1907fac910b6
runs/361247/parent/attempts/08/builder/study_engine.py,2212,6085cc647f0b21b56d32d68025fbc49c3fabcfa0b9ce725f24573fb3b063711b
runs/361247/parent/attempts/08/BUILDER-FREEZE.csv,557,53b8b44259500ba8ee9f70e7fae3ff0ceee64b54fd3ea6e26ddaff082bed63d6
runs/361247/parent/attempts/08/INHERITANCE.csv,788,a9c18c3c7e8cc26072d9f5a09e0cb49afb71457f4f12fd46be5751e99511dedc
runs/361247/parent/attempts/08/METRICS.csv,197,73c042f713666f2eaabcc88c26d4d780fa73ff37805bc472af78d61119ed7f0f
runs/361247/parent/attempts/08/PROPOSAL.csv,101,a913a494e0df82ba962f41dff45d930cdabb43be5163520686a7e6e60ee716e8
runs/361247/parent/attempts/08/selection-predictions.csv,24641,6f1fc4291e45c6dc39d0d200d73f6cc0527a3f0430764eabf4aee47018c86885
runs/361247/parent/attempts/08/stderr.txt,0,e3b0c44298fc1c149afbf4c8996fb92427ae41e4649b934ca495991b7852b855
runs/361247/parent/attempts/08/stdout.txt,0,e3b0c44298fc1c149afbf4c8996fb92427ae41e4649b934ca495991b7852b855
runs/361247/parent/attempts/08/train-predictions.csv,42725,7f237572204abb71b188a2709f2e3de760c9b028db318cb925eccf4da9dd1e66
runs/361247/parent/attempts/09/ADMITTED.md,126,b5897451cb5f32d549f4962335948da9d982be440b3be87c1f8ee5535e9caf2c
runs/361247/parent/attempts/09/builder/candidate.py,151,fed54f518013b9c12378bedee95f95ab81e067841a6c3d5181ebf3325822aa23
runs/361247/parent/attempts/09/builder/parent_engine.py,3361,90e61cc1b2e54aaf54d7d9b48a44cd896de52e4f9d6c13ca7035d6bbebf86dc0
runs/361247/parent/attempts/09/builder/refinement_engine.py,5012,e905a209037c84cf1803ea9c9f37f21314305f3b578a6b6c78db3ba51a677670
runs/361247/parent/attempts/09/builder/revision_one_engine.py,2312,fe3e19c461ba778f21015f8fa96ed8546fa7fd5d0e93b370ac5d4823185d9571
runs/361247/parent/attempts/09/builder/revision_two_engine.py,3988,77d1ba8920eb83f2a245cba587fc166dfe138deb92b452db2e6a1907fac910b6
runs/361247/parent/attempts/09/builder/study_engine.py,2212,6085cc647f0b21b56d32d68025fbc49c3fabcfa0b9ce725f24573fb3b063711b
runs/361247/parent/attempts/09/BUILDER-FREEZE.csv,557,30313b93073438350f6c6b2096e79433440402a77c51aae689a267eedec6e205
runs/361247/parent/attempts/09/INHERITANCE.csv,788,a9c18c3c7e8cc26072d9f5a09e0cb49afb71457f4f12fd46be5751e99511dedc
runs/361247/parent/attempts/09/METRICS.csv,223,45e4e0dd92a9d7db7ccf621f1807c9bdb426ed6af6510d98f9ba42848e59c02e
runs/361247/parent/attempts/09/PARENT-CANDIDATE.py,151,fe9f52aac6fae812ea74bfe6725897abb4cf9f7a3df60d58683d0107f65b1d3b
runs/361247/parent/attempts/09/PROPOSAL.csv,110,2158c6804a192bf927a94a19604a359608cdd6777e81725fdad52872d727f39b
runs/361247/parent/attempts/09/selection-predictions.csv,24661,617ebae26821787cfa6dfbcb286ab1b2c26a6fb5b627dfc32aa5c9672dd0c48b
runs/361247/parent/attempts/09/stderr.txt,0,e3b0c44298fc1c149afbf4c8996fb92427ae41e4649b934ca495991b7852b855
runs/361247/parent/attempts/09/stdout.txt,0,e3b0c44298fc1c149afbf4c8996fb92427ae41e4649b934ca495991b7852b855
runs/361247/parent/attempts/09/train-predictions.csv,73922,a4ad719918a75ec8c87fbac4004a232a106fbd009703b8d89c253276d18c1cd3
runs/361247/parent/attempts/10/ADMITTED.md,126,40f8a673867418a230fd1fad21270046e603db10d028f262946199192fb84b35
runs/361247/parent/attempts/10/builder/candidate.py,152,2f45f11953bed6438a5365e7c419adfbdc1edbb1a6920fd6885873bed764230f
runs/361247/parent/attempts/10/builder/parent_engine.py,3361,90e61cc1b2e54aaf54d7d9b48a44cd896de52e4f9d6c13ca7035d6bbebf86dc0
runs/361247/parent/attempts/10/builder/refinement_engine.py,5012,e905a209037c84cf1803ea9c9f37f21314305f3b578a6b6c78db3ba51a677670
runs/361247/parent/attempts/10/builder/revision_one_engine.py,2312,fe3e19c461ba778f21015f8fa96ed8546fa7fd5d0e93b370ac5d4823185d9571
runs/361247/parent/attempts/10/builder/revision_two_engine.py,3988,77d1ba8920eb83f2a245cba587fc166dfe138deb92b452db2e6a1907fac910b6
runs/361247/parent/attempts/10/builder/study_engine.py,2212,6085cc647f0b21b56d32d68025fbc49c3fabcfa0b9ce725f24573fb3b063711b
runs/361247/parent/attempts/10/BUILDER-FREEZE.csv,557,459ebf8cb1d395b031a67d1ba1fb5d156a6d0ddea2ad6cb115da1bbb584a5610
runs/361247/parent/attempts/10/INHERITANCE.csv,788,a9c18c3c7e8cc26072d9f5a09e0cb49afb71457f4f12fd46be5751e99511dedc
runs/361247/parent/attempts/10/METRICS.csv,225,4636868af60eb3d77947aa149c5438ac66443789348b9772ebbb079693227cbe
runs/361247/parent/attempts/10/PARENT-CANDIDATE.py,151,fe9f52aac6fae812ea74bfe6725897abb4cf9f7a3df60d58683d0107f65b1d3b
runs/361247/parent/attempts/10/PROPOSAL.csv,113,b464fedc96893b72a1ac951dab21f962be9f27390e626c6b1ccb63ea358d7324
runs/361247/parent/attempts/10/selection-predictions.csv,24644,fef0bab5ee36e470d21f38c5c435817d65b285d1cfb9f794e2d6d065f261d542
runs/361247/parent/attempts/10/stderr.txt,0,e3b0c44298fc1c149afbf4c8996fb92427ae41e4649b934ca495991b7852b855
runs/361247/parent/attempts/10/stdout.txt,0,e3b0c44298fc1c149afbf4c8996fb92427ae41e4649b934ca495991b7852b855
runs/361247/parent/attempts/10/train-predictions.csv,73895,ba989626a7d5e7b22afb835b9bdcc17fc8a8d05a51aa8293dd5d9a8628f02ce8
runs/361247/parent/attempts/11/ADMITTED.md,126,b08d27179ab116c3b458e39338ab9b5885588f10b81fa6d134e728d03ddb8255
runs/361247/parent/attempts/11/builder/candidate.py,152,1d08d4aafdfac0ddc8c509e9f3bbc59b7485a4c4fd8f093759d511153e902f47
runs/361247/parent/attempts/11/builder/parent_engine.py,3361,90e61cc1b2e54aaf54d7d9b48a44cd896de52e4f9d6c13ca7035d6bbebf86dc0
runs/361247/parent/attempts/11/builder/refinement_engine.py,5012,e905a209037c84cf1803ea9c9f37f21314305f3b578a6b6c78db3ba51a677670
runs/361247/parent/attempts/11/builder/revision_one_engine.py,2312,fe3e19c461ba778f21015f8fa96ed8546fa7fd5d0e93b370ac5d4823185d9571
runs/361247/parent/attempts/11/builder/revision_two_engine.py,3988,77d1ba8920eb83f2a245cba587fc166dfe138deb92b452db2e6a1907fac910b6
runs/361247/parent/attempts/11/builder/study_engine.py,2212,6085cc647f0b21b56d32d68025fbc49c3fabcfa0b9ce725f24573fb3b063711b
runs/361247/parent/attempts/11/BUILDER-FREEZE.csv,557,00827153f9b322ff72d02a308c22a56f6aba05c060f2f49689640ab11adad836
runs/361247/parent/attempts/11/INHERITANCE.csv,788,a9c18c3c7e8cc26072d9f5a09e0cb49afb71457f4f12fd46be5751e99511dedc
runs/361247/parent/attempts/11/METRICS.csv,224,17a8c21e5ce0c87e41c7960a7cbe4dbf4b8aeed9dc60b76381afbf8300a77391
runs/361247/parent/attempts/11/PARENT-CANDIDATE.py,151,fe9f52aac6fae812ea74bfe6725897abb4cf9f7a3df60d58683d0107f65b1d3b
runs/361247/parent/attempts/11/PROPOSAL.csv,113,1117f54ea34d33af991548870ea3558f00b33e68bd67585df5887ae8ebf175d8
runs/361247/parent/attempts/11/selection-predictions.csv,24685,91f3db65f5a482fc7f5a73b80847f109906b142e184a0943cbaae9c30478fe42
runs/361247/parent/attempts/11/stderr.txt,0,e3b0c44298fc1c149afbf4c8996fb92427ae41e4649b934ca495991b7852b855
runs/361247/parent/attempts/11/stdout.txt,0,e3b0c44298fc1c149afbf4c8996fb92427ae41e4649b934ca495991b7852b855
runs/361247/parent/attempts/11/train-predictions.csv,74000,55a89625ab2e4c9103e9a28a387b5881a60fb865caae46d01213472a6f3a111c
runs/361247/parent/attempts/12/ADMITTED.md,126,9147be2328b559672b7aedd9b0e525ae6c308d459ec95334d13971935ee74321
runs/361247/parent/attempts/12/builder/candidate.py,153,f79304cf38a91466c2816e71a0277d2e77fe11bf3039ab0b94d0f071df866cba
runs/361247/parent/attempts/12/builder/parent_engine.py,3361,90e61cc1b2e54aaf54d7d9b48a44cd896de52e4f9d6c13ca7035d6bbebf86dc0
runs/361247/parent/attempts/12/builder/refinement_engine.py,5012,e905a209037c84cf1803ea9c9f37f21314305f3b578a6b6c78db3ba51a677670
runs/361247/parent/attempts/12/builder/revision_one_engine.py,2312,fe3e19c461ba778f21015f8fa96ed8546fa7fd5d0e93b370ac5d4823185d9571
runs/361247/parent/attempts/12/builder/revision_two_engine.py,3988,77d1ba8920eb83f2a245cba587fc166dfe138deb92b452db2e6a1907fac910b6
runs/361247/parent/attempts/12/builder/study_engine.py,2212,6085cc647f0b21b56d32d68025fbc49c3fabcfa0b9ce725f24573fb3b063711b
runs/361247/parent/attempts/12/BUILDER-FREEZE.csv,557,dc7e773906e45721b433425d5ca0e56c63c1238fce368619173d474b3cafa4ba
runs/361247/parent/attempts/12/INHERITANCE.csv,788,a9c18c3c7e8cc26072d9f5a09e0cb49afb71457f4f12fd46be5751e99511dedc
runs/361247/parent/attempts/12/METRICS.csv,225,11bcd46f72e1822868d7c285fe0af7132d9c46eee6d5bdf8aef6568019378d7e
runs/361247/parent/attempts/12/PARENT-CANDIDATE.py,151,fe9f52aac6fae812ea74bfe6725897abb4cf9f7a3df60d58683d0107f65b1d3b
runs/361247/parent/attempts/12/PROPOSAL.csv,114,03a99532efbe09aa70c4dca99f42f639dbc49c44f04f74f94f5884fb5b619678
runs/361247/parent/attempts/12/selection-predictions.csv,24691,5b308526e16c429c7e4edc03151066dc047e7c6a4c96c166e903a88666ead206
runs/361247/parent/attempts/12/stderr.txt,0,e3b0c44298fc1c149afbf4c8996fb92427ae41e4649b934ca495991b7852b855
runs/361247/parent/attempts/12/stdout.txt,0,e3b0c44298fc1c149afbf4c8996fb92427ae41e4649b934ca495991b7852b855
runs/361247/parent/attempts/12/train-predictions.csv,74063,5bef39d701e1bee401e9e2ac91b669ff9e94ff210354b9c8293d822102acc073
runs/361247/parent/LEDGER.csv,4487,e416a403757e4538e08c91b22a7ec191e0b4bb6863e96531ee973ec01da43f39
runs/361247/parent/researcher.py,4647,e4a64b3a0fc7864bcb512185c4a1ccf81e27e29fd7afc4fc7ff7f526cf57d7d2
runs/6/i0/attempts/01/ADMITTED.md,126,b8f3be1f10fe498545b61bf460916253ff706f3c05e5f789fb14ea44838924c4
runs/6/i0/attempts/01/builder/candidate.py,146,cee7983f3d0ddd115d33a45f2830ad8b3d60bd191934fb2ad98a1d64046e661d
runs/6/i0/attempts/01/builder/parent_engine.py,3361,90e61cc1b2e54aaf54d7d9b48a44cd896de52e4f9d6c13ca7035d6bbebf86dc0
runs/6/i0/attempts/01/builder/refinement_engine.py,5012,e905a209037c84cf1803ea9c9f37f21314305f3b578a6b6c78db3ba51a677670
runs/6/i0/attempts/01/builder/revision_one_engine.py,2312,fe3e19c461ba778f21015f8fa96ed8546fa7fd5d0e93b370ac5d4823185d9571
runs/6/i0/attempts/01/builder/revision_two_engine.py,3988,77d1ba8920eb83f2a245cba587fc166dfe138deb92b452db2e6a1907fac910b6
runs/6/i0/attempts/01/builder/study_engine.py,2212,6085cc647f0b21b56d32d68025fbc49c3fabcfa0b9ce725f24573fb3b063711b
runs/6/i0/attempts/01/BUILDER-FREEZE.csv,557,4f3ff64319709f1388dd6599df2ec83e44527b0b9194dced102558701b15b3eb
runs/6/i0/attempts/01/INHERITANCE.csv,788,a9c18c3c7e8cc26072d9f5a09e0cb49afb71457f4f12fd46be5751e99511dedc
runs/6/i0/attempts/01/METRICS.csv,188,387c9c1e6247c6c967b5f8ceeda362074c33dc1996f845d9a016bac2684317ee
runs/6/i0/attempts/01/PROPOSAL.csv,96,bb4b8c790eeb760894badcbfb645578587db55c9d5e7104eb9be505227e1eb82
runs/6/i0/attempts/01/selection-predictions.csv,8359,ddb32214714c5f36eb5859a5d0984b0cc8a6a2f7d2be16088a57d95dd066b29f
runs/6/i0/attempts/01/stderr.txt,0,e3b0c44298fc1c149afbf4c8996fb92427ae41e4649b934ca495991b7852b855
runs/6/i0/attempts/01/stdout.txt,0,e3b0c44298fc1c149afbf4c8996fb92427ae41e4649b934ca495991b7852b855
runs/6/i0/attempts/01/train-predictions.csv,25140,3e51c8377e0a58a5126257a0ebc8c813a1c0eeedfb85d71b0d1b3fdf5f50ea23
runs/6/i0/attempts/02/ADMITTED.md,126,4dd15ed482f0e93a9e1bfb1cc80e2156bdc57521ed22155cde1bc32cc55ecd12
runs/6/i0/attempts/02/builder/candidate.py,151,fe9f52aac6fae812ea74bfe6725897abb4cf9f7a3df60d58683d0107f65b1d3b
runs/6/i0/attempts/02/builder/parent_engine.py,3361,90e61cc1b2e54aaf54d7d9b48a44cd896de52e4f9d6c13ca7035d6bbebf86dc0
runs/6/i0/attempts/02/builder/refinement_engine.py,5012,e905a209037c84cf1803ea9c9f37f21314305f3b578a6b6c78db3ba51a677670
runs/6/i0/attempts/02/builder/revision_one_engine.py,2312,fe3e19c461ba778f21015f8fa96ed8546fa7fd5d0e93b370ac5d4823185d9571
runs/6/i0/attempts/02/builder/revision_two_engine.py,3988,77d1ba8920eb83f2a245cba587fc166dfe138deb92b452db2e6a1907fac910b6
runs/6/i0/attempts/02/builder/study_engine.py,2212,6085cc647f0b21b56d32d68025fbc49c3fabcfa0b9ce725f24573fb3b063711b
runs/6/i0/attempts/02/BUILDER-FREEZE.csv,557,9d7f8a8d204fe4869e132ce052e84f4734e5f8f80a8087236cc2e6a9e9d23f4e
runs/6/i0/attempts/02/INHERITANCE.csv,788,a9c18c3c7e8cc26072d9f5a09e0cb49afb71457f4f12fd46be5751e99511dedc
runs/6/i0/attempts/02/METRICS.csv,156,7e3ad7a943506c5b12b0824ccf8a64b3dc33490185e42b53c8441a26e3f522bf
runs/6/i0/attempts/02/PROPOSAL.csv,101,659fbe76bbca0f481a2097af4fea8661fa8ecb1f5257ab6da7b1a46f5ed3f8e3
runs/6/i0/attempts/02/selection-predictions.csv,8359,3726cc231c38ddfda2c62465ce6594c9703332e3ce21b06d22875f156f78bdbd
runs/6/i0/attempts/02/stderr.txt,0,e3b0c44298fc1c149afbf4c8996fb92427ae41e4649b934ca495991b7852b855
runs/6/i0/attempts/02/stdout.txt,0,e3b0c44298fc1c149afbf4c8996fb92427ae41e4649b934ca495991b7852b855
runs/6/i0/attempts/02/train-predictions.csv,25140,4398e1bd8032cef4492fcc524b66ccad807c59d9e11cdcbc8a536ca9e5f5b38f
runs/6/i0/attempts/03/ADMITTED.md,126,99261651d659ab21e7aeda546ed3ad2ff62e7583ec98e39718a3c3579d954845
runs/6/i0/attempts/03/builder/candidate.py,145,27d1a072e585c314d242425e3916152e1d5bc9acc0dda7b40e67395c1b8f1902
runs/6/i0/attempts/03/builder/parent_engine.py,3361,90e61cc1b2e54aaf54d7d9b48a44cd896de52e4f9d6c13ca7035d6bbebf86dc0
runs/6/i0/attempts/03/builder/refinement_engine.py,5012,e905a209037c84cf1803ea9c9f37f21314305f3b578a6b6c78db3ba51a677670
runs/6/i0/attempts/03/builder/revision_one_engine.py,2312,fe3e19c461ba778f21015f8fa96ed8546fa7fd5d0e93b370ac5d4823185d9571
runs/6/i0/attempts/03/builder/revision_two_engine.py,3988,77d1ba8920eb83f2a245cba587fc166dfe138deb92b452db2e6a1907fac910b6
runs/6/i0/attempts/03/builder/study_engine.py,2212,6085cc647f0b21b56d32d68025fbc49c3fabcfa0b9ce725f24573fb3b063711b
runs/6/i0/attempts/03/BUILDER-FREEZE.csv,557,c9446868cc86fde9fff8c40aea9335b1ba98c83a1a4bfe898dbc8944daa1ed39
runs/6/i0/attempts/03/INHERITANCE.csv,788,a9c18c3c7e8cc26072d9f5a09e0cb49afb71457f4f12fd46be5751e99511dedc
runs/6/i0/attempts/03/METRICS.csv,188,356c1ed441850076720a7732a29a293e7bd699e539d8f2474e9e14aae3a06ff1
runs/6/i0/attempts/03/PROPOSAL.csv,95,457846ceca505b3d3a5f1f4313f14145cdea5dbf126067fb74daaae9d34f287b
runs/6/i0/attempts/03/selection-predictions.csv,8359,5d1f0f30373de31fb08f5ebd5dd0540a79d408a7c155205d76d275e2084cea98
runs/6/i0/attempts/03/stderr.txt,0,e3b0c44298fc1c149afbf4c8996fb92427ae41e4649b934ca495991b7852b855
runs/6/i0/attempts/03/stdout.txt,0,e3b0c44298fc1c149afbf4c8996fb92427ae41e4649b934ca495991b7852b855
runs/6/i0/attempts/03/train-predictions.csv,25140,6f0168d0e2c8ceffaaae4696e0ff2511427747173dfd603f02b40e54befd6fdb
runs/6/i0/attempts/04/ADMITTED.md,126,ee7cfe217d906f6d5639997f7e7615729fe53ecad9922fca86b77f661e3aa49e
runs/6/i0/attempts/04/builder/candidate.py,150,c57445ba4248176a610264d02f47077484c9b2db467b3617b7e6c2d09fac91b3
runs/6/i0/attempts/04/builder/parent_engine.py,3361,90e61cc1b2e54aaf54d7d9b48a44cd896de52e4f9d6c13ca7035d6bbebf86dc0
runs/6/i0/attempts/04/builder/refinement_engine.py,5012,e905a209037c84cf1803ea9c9f37f21314305f3b578a6b6c78db3ba51a677670
runs/6/i0/attempts/04/builder/revision_one_engine.py,2312,fe3e19c461ba778f21015f8fa96ed8546fa7fd5d0e93b370ac5d4823185d9571
runs/6/i0/attempts/04/builder/revision_two_engine.py,3988,77d1ba8920eb83f2a245cba587fc166dfe138deb92b452db2e6a1907fac910b6
runs/6/i0/attempts/04/builder/study_engine.py,2212,6085cc647f0b21b56d32d68025fbc49c3fabcfa0b9ce725f24573fb3b063711b
runs/6/i0/attempts/04/BUILDER-FREEZE.csv,557,5615280c1139a77d21579bdb2f7de854f39db3e2c1d248783c10fe42a71c17bd
runs/6/i0/attempts/04/INHERITANCE.csv,788,a9c18c3c7e8cc26072d9f5a09e0cb49afb71457f4f12fd46be5751e99511dedc
runs/6/i0/attempts/04/METRICS.csv,154,6c9340a47e0857e13bec9d90fc111e1b3b623d346d1368ae3b3021b8392cddfe
runs/6/i0/attempts/04/PROPOSAL.csv,100,bb3e9b645987473e8958f2c51d0f4ce6bde9d5d2cda7739d4e6a39a851ee5bad
runs/6/i0/attempts/04/selection-predictions.csv,8359,0444c7a2109d075662fb0013575105bc9643d81f2da3a3bc346d7cd79e652497
runs/6/i0/attempts/04/stderr.txt,0,e3b0c44298fc1c149afbf4c8996fb92427ae41e4649b934ca495991b7852b855
runs/6/i0/attempts/04/stdout.txt,0,e3b0c44298fc1c149afbf4c8996fb92427ae41e4649b934ca495991b7852b855
runs/6/i0/attempts/04/train-predictions.csv,25140,4398e1bd8032cef4492fcc524b66ccad807c59d9e11cdcbc8a536ca9e5f5b38f
runs/6/i0/attempts/05/ADMITTED.md,126,357a5408ed6ae259bd1926764db3a5b2fcebfaf14c479fcac5f2dbc32724a285
runs/6/i0/attempts/05/builder/candidate.py,153,0918ad65acc5281163c013cc98a4838d8a582c04ef2b144849472fa5bfbd8361
runs/6/i0/attempts/05/builder/parent_engine.py,3361,90e61cc1b2e54aaf54d7d9b48a44cd896de52e4f9d6c13ca7035d6bbebf86dc0
runs/6/i0/attempts/05/builder/refinement_engine.py,5012,e905a209037c84cf1803ea9c9f37f21314305f3b578a6b6c78db3ba51a677670
runs/6/i0/attempts/05/builder/revision_one_engine.py,2312,fe3e19c461ba778f21015f8fa96ed8546fa7fd5d0e93b370ac5d4823185d9571
runs/6/i0/attempts/05/builder/revision_two_engine.py,3988,77d1ba8920eb83f2a245cba587fc166dfe138deb92b452db2e6a1907fac910b6
runs/6/i0/attempts/05/builder/study_engine.py,2212,6085cc647f0b21b56d32d68025fbc49c3fabcfa0b9ce725f24573fb3b063711b
runs/6/i0/attempts/05/BUILDER-FREEZE.csv,557,f5d52910ea18489e8e7d856d199e3510e42f243010677cf2d4e24bf7d7351139
runs/6/i0/attempts/05/INHERITANCE.csv,788,a9c18c3c7e8cc26072d9f5a09e0cb49afb71457f4f12fd46be5751e99511dedc
runs/6/i0/attempts/05/METRICS.csv,158,6610ad29c1ffad05dede28f6d0cb20dfd038084c6ff1a5d97d0b94c7e24cf647
runs/6/i0/attempts/05/PROPOSAL.csv,103,e79c884a02239f4961fac2ff2d04dbd8df9a7c06b207f51f49be40813a90807a
runs/6/i0/attempts/05/selection-predictions.csv,8359,e5e8eb2ee310cb4f148e850cd910c647128e7cf99d44088661f4d03d35d9f8cc
runs/6/i0/attempts/05/stderr.txt,0,e3b0c44298fc1c149afbf4c8996fb92427ae41e4649b934ca495991b7852b855
runs/6/i0/attempts/05/stdout.txt,0,e3b0c44298fc1c149afbf4c8996fb92427ae41e4649b934ca495991b7852b855
runs/6/i0/attempts/05/train-predictions.csv,25140,4398e1bd8032cef4492fcc524b66ccad807c59d9e11cdcbc8a536ca9e5f5b38f
runs/6/i0/attempts/06/ADMITTED.md,126,852f737048e49e8615e9962c826250c5da5dbd6fd1686efa932db2b19f77322a
runs/6/i0/attempts/06/builder/candidate.py,146,99666013fed9dfb0cb3c8aefeb0ff36ea73030482a9d8666d270a500e98c3cc7
runs/6/i0/attempts/06/builder/parent_engine.py,3361,90e61cc1b2e54aaf54d7d9b48a44cd896de52e4f9d6c13ca7035d6bbebf86dc0
runs/6/i0/attempts/06/builder/refinement_engine.py,5012,e905a209037c84cf1803ea9c9f37f21314305f3b578a6b6c78db3ba51a677670
runs/6/i0/attempts/06/builder/revision_one_engine.py,2312,fe3e19c461ba778f21015f8fa96ed8546fa7fd5d0e93b370ac5d4823185d9571
runs/6/i0/attempts/06/builder/revision_two_engine.py,3988,77d1ba8920eb83f2a245cba587fc166dfe138deb92b452db2e6a1907fac910b6
runs/6/i0/attempts/06/builder/study_engine.py,2212,6085cc647f0b21b56d32d68025fbc49c3fabcfa0b9ce725f24573fb3b063711b
runs/6/i0/attempts/06/BUILDER-FREEZE.csv,557,92a55479c4f92a7ca4124cda1e1bc5f53f071d2a2a392d886b09434eedc716b7
runs/6/i0/attempts/06/INHERITANCE.csv,788,a9c18c3c7e8cc26072d9f5a09e0cb49afb71457f4f12fd46be5751e99511dedc
runs/6/i0/attempts/06/METRICS.csv,187,d01afe99b4487a09b6c1ee6fdef85ed471cb4d674c279c0fd23e5df836b7a065
runs/6/i0/attempts/06/PROPOSAL.csv,96,bbdbaa696c4a703163403ceee3ab38db2ff7fbe95c44e3c5945d917e1426fe4e
runs/6/i0/attempts/06/selection-predictions.csv,8359,2f079893a07a45fc245be1c2887738fdf7747fa01f87f682e198ea78c9f7ebad
runs/6/i0/attempts/06/stderr.txt,0,e3b0c44298fc1c149afbf4c8996fb92427ae41e4649b934ca495991b7852b855
runs/6/i0/attempts/06/stdout.txt,0,e3b0c44298fc1c149afbf4c8996fb92427ae41e4649b934ca495991b7852b855
runs/6/i0/attempts/06/train-predictions.csv,25140,19dfa52afdffa0edb0b8369a3105e75c21b5e1584de57581099bb617cfb06572
runs/6/i0/attempts/07/ADMITTED.md,126,b4e5d2aa4a98ffd22f20e0c5de1a8afaf88e9281891437fae26d554eb3d5438a
runs/6/i0/attempts/07/builder/candidate.py,151,c46021861851ef435427b9f0d4ad8644c28fd08fbc487b79e306da2db4e555cb
runs/6/i0/attempts/07/builder/parent_engine.py,3361,90e61cc1b2e54aaf54d7d9b48a44cd896de52e4f9d6c13ca7035d6bbebf86dc0
runs/6/i0/attempts/07/builder/refinement_engine.py,5012,e905a209037c84cf1803ea9c9f37f21314305f3b578a6b6c78db3ba51a677670
runs/6/i0/attempts/07/builder/revision_one_engine.py,2312,fe3e19c461ba778f21015f8fa96ed8546fa7fd5d0e93b370ac5d4823185d9571
runs/6/i0/attempts/07/builder/revision_two_engine.py,3988,77d1ba8920eb83f2a245cba587fc166dfe138deb92b452db2e6a1907fac910b6
runs/6/i0/attempts/07/builder/study_engine.py,2212,6085cc647f0b21b56d32d68025fbc49c3fabcfa0b9ce725f24573fb3b063711b
runs/6/i0/attempts/07/BUILDER-FREEZE.csv,557,53b8b44259500ba8ee9f70e7fae3ff0ceee64b54fd3ea6e26ddaff082bed63d6
runs/6/i0/attempts/07/INHERITANCE.csv,788,a9c18c3c7e8cc26072d9f5a09e0cb49afb71457f4f12fd46be5751e99511dedc
runs/6/i0/attempts/07/METRICS.csv,161,9ceef45fd12a6db5172313990c74e45ff74440fff32a9831d615d088bdc9d525
runs/6/i0/attempts/07/PROPOSAL.csv,101,e137c39c73d31b92ba300b3815a42cc376b8965f284d011c3d99f8b43d76e040
runs/6/i0/attempts/07/selection-predictions.csv,8359,3858da1509a18237f31a845d6f193e9cf08e2657f72679def84f328edebe9701
runs/6/i0/attempts/07/stderr.txt,0,e3b0c44298fc1c149afbf4c8996fb92427ae41e4649b934ca495991b7852b855
runs/6/i0/attempts/07/stdout.txt,0,e3b0c44298fc1c149afbf4c8996fb92427ae41e4649b934ca495991b7852b855
runs/6/i0/attempts/07/train-predictions.csv,25140,4398e1bd8032cef4492fcc524b66ccad807c59d9e11cdcbc8a536ca9e5f5b38f
runs/6/i0/attempts/08/ADMITTED.md,126,b7df89f0b8c26936516d3c2eeff9af1a043f861eda229d65f6d5fc2371fc44ff
runs/6/i0/attempts/08/builder/candidate.py,152,4e281f1bee2f157de5bffb1f9b2851a0e09daa407da8d0729ff89cf93592a3a4
runs/6/i0/attempts/08/builder/parent_engine.py,3361,90e61cc1b2e54aaf54d7d9b48a44cd896de52e4f9d6c13ca7035d6bbebf86dc0
runs/6/i0/attempts/08/builder/refinement_engine.py,5012,e905a209037c84cf1803ea9c9f37f21314305f3b578a6b6c78db3ba51a677670
runs/6/i0/attempts/08/builder/revision_one_engine.py,2312,fe3e19c461ba778f21015f8fa96ed8546fa7fd5d0e93b370ac5d4823185d9571
runs/6/i0/attempts/08/builder/revision_two_engine.py,3988,77d1ba8920eb83f2a245cba587fc166dfe138deb92b452db2e6a1907fac910b6
runs/6/i0/attempts/08/builder/study_engine.py,2212,6085cc647f0b21b56d32d68025fbc49c3fabcfa0b9ce725f24573fb3b063711b
runs/6/i0/attempts/08/BUILDER-FREEZE.csv,557,224d9043d28d629d1acfde4fe4194e82c653d4d1c00d771a7f8d1c528b605f92
runs/6/i0/attempts/08/INHERITANCE.csv,788,a9c18c3c7e8cc26072d9f5a09e0cb49afb71457f4f12fd46be5751e99511dedc
runs/6/i0/attempts/08/METRICS.csv,162,2641a57b07fa3663b5e471640011a4a2ded35a790068cdf884fed3c151f1e1a6
runs/6/i0/attempts/08/PROPOSAL.csv,102,a048d1c3b5e3402df5d985ba42524d974665969b68d3880dd984011e8f00e3a9
runs/6/i0/attempts/08/selection-predictions.csv,8359,bb2e388692fc894d477e8d2f1a7b1f6a99e5aa774109469341a6982477f0fd46
runs/6/i0/attempts/08/stderr.txt,0,e3b0c44298fc1c149afbf4c8996fb92427ae41e4649b934ca495991b7852b855
runs/6/i0/attempts/08/stdout.txt,0,e3b0c44298fc1c149afbf4c8996fb92427ae41e4649b934ca495991b7852b855
runs/6/i0/attempts/08/train-predictions.csv,25140,4398e1bd8032cef4492fcc524b66ccad807c59d9e11cdcbc8a536ca9e5f5b38f
runs/6/i0/attempts/09/ADMITTED.md,126,788feb9e17691f244aab12150237bb7fd6f493acfeecb8e8f672c89a4f7bac01
runs/6/i0/attempts/09/builder/candidate.py,146,cba072beeebd4b7c7681c24f493a0768bcef1739bca5dd0c7c8c5c8b8d21c17b
runs/6/i0/attempts/09/builder/parent_engine.py,3361,90e61cc1b2e54aaf54d7d9b48a44cd896de52e4f9d6c13ca7035d6bbebf86dc0
runs/6/i0/attempts/09/builder/refinement_engine.py,5012,e905a209037c84cf1803ea9c9f37f21314305f3b578a6b6c78db3ba51a677670
runs/6/i0/attempts/09/builder/revision_one_engine.py,2312,fe3e19c461ba778f21015f8fa96ed8546fa7fd5d0e93b370ac5d4823185d9571
runs/6/i0/attempts/09/builder/revision_two_engine.py,3988,77d1ba8920eb83f2a245cba587fc166dfe138deb92b452db2e6a1907fac910b6
runs/6/i0/attempts/09/builder/study_engine.py,2212,6085cc647f0b21b56d32d68025fbc49c3fabcfa0b9ce725f24573fb3b063711b
runs/6/i0/attempts/09/BUILDER-FREEZE.csv,557,c0d7f387e19bc033cd1bd74da1fabcae5da5e4bc25ba849cf2b4f31c9514f3a5
runs/6/i0/attempts/09/INHERITANCE.csv,788,a9c18c3c7e8cc26072d9f5a09e0cb49afb71457f4f12fd46be5751e99511dedc
runs/6/i0/attempts/09/METRICS.csv,190,ef27070d55f45f2fc131354686e0eb772e8e4aff477700a71485c7507a6d5d7c
runs/6/i0/attempts/09/PARENT-CANDIDATE.py,146,99666013fed9dfb0cb3c8aefeb0ff36ea73030482a9d8666d270a500e98c3cc7
runs/6/i0/attempts/09/PROPOSAL.csv,106,bdea0145dc19bf27abf406e64ae3b730e77acc48e3389a47efea3b64562cc3c1
runs/6/i0/attempts/09/selection-predictions.csv,8359,0664fdea0d40890ea3a4b84f34dde62182bc1780402ce921b67a90e33d51a4cf
runs/6/i0/attempts/09/stderr.txt,0,e3b0c44298fc1c149afbf4c8996fb92427ae41e4649b934ca495991b7852b855
runs/6/i0/attempts/09/stdout.txt,0,e3b0c44298fc1c149afbf4c8996fb92427ae41e4649b934ca495991b7852b855
runs/6/i0/attempts/09/train-predictions.csv,25140,9cec7abc325b1f910936b083e4c0f3a2b6ded6ce5113f149a7a0bc4aa29f68d2
runs/6/i0/attempts/10/ADMITTED.md,126,96403901cb027ebf87c60e4798f332fd8d7ca055d6efd1d6a5181e6b13c5a946
runs/6/i0/attempts/10/builder/candidate.py,146,1c2cc34aae8efb982e0d54d04b34525cea6aec5193c601d09ccf4914697636b2
runs/6/i0/attempts/10/builder/parent_engine.py,3361,90e61cc1b2e54aaf54d7d9b48a44cd896de52e4f9d6c13ca7035d6bbebf86dc0
runs/6/i0/attempts/10/builder/refinement_engine.py,5012,e905a209037c84cf1803ea9c9f37f21314305f3b578a6b6c78db3ba51a677670
runs/6/i0/attempts/10/builder/revision_one_engine.py,2312,fe3e19c461ba778f21015f8fa96ed8546fa7fd5d0e93b370ac5d4823185d9571
runs/6/i0/attempts/10/builder/revision_two_engine.py,3988,77d1ba8920eb83f2a245cba587fc166dfe138deb92b452db2e6a1907fac910b6
runs/6/i0/attempts/10/builder/study_engine.py,2212,6085cc647f0b21b56d32d68025fbc49c3fabcfa0b9ce725f24573fb3b063711b
runs/6/i0/attempts/10/BUILDER-FREEZE.csv,557,929e12e3c6662dc9160c633cc8c990bac4dcf6163657f0944221b05216612d81
runs/6/i0/attempts/10/INHERITANCE.csv,788,a9c18c3c7e8cc26072d9f5a09e0cb49afb71457f4f12fd46be5751e99511dedc
runs/6/i0/attempts/10/METRICS.csv,191,8298de64488bc22efdc18e11c8fd3166eb26f31f84e5480619b40570f3f99250
runs/6/i0/attempts/10/PARENT-CANDIDATE.py,146,99666013fed9dfb0cb3c8aefeb0ff36ea73030482a9d8666d270a500e98c3cc7
runs/6/i0/attempts/10/PROPOSAL.csv,107,f32e7f122f83fbe5a73def5747a486af8cd795a71c6ca71fe83f3f8c84bcda51
runs/6/i0/attempts/10/selection-predictions.csv,8359,9e574cd4d3211b0af4b69c71ce7a2989cd682fd5a5eaddd610b25ca9f731403a
runs/6/i0/attempts/10/stderr.txt,0,e3b0c44298fc1c149afbf4c8996fb92427ae41e4649b934ca495991b7852b855
runs/6/i0/attempts/10/stdout.txt,0,e3b0c44298fc1c149afbf4c8996fb92427ae41e4649b934ca495991b7852b855
runs/6/i0/attempts/10/train-predictions.csv,25140,e4f35eddc449e7b464ad8dcfe96ee841e6c5be12d62e4adfaa9d0e50abb26cd2
runs/6/i0/attempts/11/ADMITTED.md,126,f1eb6bf5fab7362e272a359d3c84e4e4b9dc702170520fce5269b303aacb5f89
runs/6/i0/attempts/11/builder/candidate.py,147,d06130fdcadd7251bd066ee2be9b579d85727ba5c85841a4412f188629eb1d0b
runs/6/i0/attempts/11/builder/parent_engine.py,3361,90e61cc1b2e54aaf54d7d9b48a44cd896de52e4f9d6c13ca7035d6bbebf86dc0
runs/6/i0/attempts/11/builder/refinement_engine.py,5012,e905a209037c84cf1803ea9c9f37f21314305f3b578a6b6c78db3ba51a677670
runs/6/i0/attempts/11/builder/revision_one_engine.py,2312,fe3e19c461ba778f21015f8fa96ed8546fa7fd5d0e93b370ac5d4823185d9571
runs/6/i0/attempts/11/builder/revision_two_engine.py,3988,77d1ba8920eb83f2a245cba587fc166dfe138deb92b452db2e6a1907fac910b6
runs/6/i0/attempts/11/builder/study_engine.py,2212,6085cc647f0b21b56d32d68025fbc49c3fabcfa0b9ce725f24573fb3b063711b
runs/6/i0/attempts/11/BUILDER-FREEZE.csv,557,f6ce76f10fbb907519686a9630df2c8db160db4e20265851757ede8c98d9f611
runs/6/i0/attempts/11/INHERITANCE.csv,788,a9c18c3c7e8cc26072d9f5a09e0cb49afb71457f4f12fd46be5751e99511dedc
runs/6/i0/attempts/11/METRICS.csv,189,86170cd80aaf364baf66489f65ed08a8349161af34f04616ee9cd9ad6ea8fdb8
runs/6/i0/attempts/11/PARENT-CANDIDATE.py,146,99666013fed9dfb0cb3c8aefeb0ff36ea73030482a9d8666d270a500e98c3cc7
runs/6/i0/attempts/11/PROPOSAL.csv,108,6cfd53afa1eda0f1f6b6bc92ec530748de6f635117862512421daadf1b74e6ab
runs/6/i0/attempts/11/selection-predictions.csv,8359,3cf28bed53aab228a56e2fa34b98430cdd6550838a6ece951182d7cd04989642
runs/6/i0/attempts/11/stderr.txt,0,e3b0c44298fc1c149afbf4c8996fb92427ae41e4649b934ca495991b7852b855
runs/6/i0/attempts/11/stdout.txt,0,e3b0c44298fc1c149afbf4c8996fb92427ae41e4649b934ca495991b7852b855
runs/6/i0/attempts/11/train-predictions.csv,25140,8472835429b5fc878e1ed0c960431faf4e1846a13d17f6b9bce67a3c5cf5f13e
runs/6/i0/attempts/12/ADMITTED.md,126,bfd97ac75ee42f850d5c23647881792a6b7bcf3998a70cc16180b053e8fff1df
runs/6/i0/attempts/12/builder/candidate.py,146,67212aea9679b5b6f5816d96f48a969823d1c88b6f8542cf67d4c5a978c6f7e3
runs/6/i0/attempts/12/builder/parent_engine.py,3361,90e61cc1b2e54aaf54d7d9b48a44cd896de52e4f9d6c13ca7035d6bbebf86dc0
runs/6/i0/attempts/12/builder/refinement_engine.py,5012,e905a209037c84cf1803ea9c9f37f21314305f3b578a6b6c78db3ba51a677670
runs/6/i0/attempts/12/builder/revision_one_engine.py,2312,fe3e19c461ba778f21015f8fa96ed8546fa7fd5d0e93b370ac5d4823185d9571
runs/6/i0/attempts/12/builder/revision_two_engine.py,3988,77d1ba8920eb83f2a245cba587fc166dfe138deb92b452db2e6a1907fac910b6
runs/6/i0/attempts/12/builder/study_engine.py,2212,6085cc647f0b21b56d32d68025fbc49c3fabcfa0b9ce725f24573fb3b063711b
runs/6/i0/attempts/12/BUILDER-FREEZE.csv,557,fbacc3e09d3d69e3ea1c80062c523501f822736d6497d089ec7bad0d86f65031
runs/6/i0/attempts/12/INHERITANCE.csv,788,a9c18c3c7e8cc26072d9f5a09e0cb49afb71457f4f12fd46be5751e99511dedc
runs/6/i0/attempts/12/METRICS.csv,158,3fc8a748692b1ce9e6f972a21e7bc9df6c9d9306abdc100a5c2d1408ccd67327
runs/6/i0/attempts/12/PARENT-CANDIDATE.py,146,99666013fed9dfb0cb3c8aefeb0ff36ea73030482a9d8666d270a500e98c3cc7
runs/6/i0/attempts/12/PROPOSAL.csv,107,076ad2cf3865b415f84d5e3a07063bcdcea67d69fe394608ff645275460ae442
runs/6/i0/attempts/12/selection-predictions.csv,8359,753024772d5040f1d05de40b0c1f3b60e4f789ad6510647bc73eda76fbf481b7
runs/6/i0/attempts/12/stderr.txt,0,e3b0c44298fc1c149afbf4c8996fb92427ae41e4649b934ca495991b7852b855
runs/6/i0/attempts/12/stdout.txt,0,e3b0c44298fc1c149afbf4c8996fb92427ae41e4649b934ca495991b7852b855
runs/6/i0/attempts/12/train-predictions.csv,25140,4398e1bd8032cef4492fcc524b66ccad807c59d9e11cdcbc8a536ca9e5f5b38f
runs/6/i0/LEDGER.csv,4350,a3a1bf597fb4051ab9cf8e69c6addc2729a08b33670175ec03e78eaa6c48960d
runs/6/i0/researcher.py,4647,c46276d2e2cb9e1df4c329b6c5517b13a9c3b7b4dd554ce367920986cb14f60f
runs/6/i1/attempts/01/ADMITTED.md,126,f0efcd07a1ee414b94950d7e30cb1a336e5be58922c7e56f3eeb3aacb6bc4d42
runs/6/i1/attempts/01/builder/candidate.py,146,cee7983f3d0ddd115d33a45f2830ad8b3d60bd191934fb2ad98a1d64046e661d
runs/6/i1/attempts/01/builder/parent_engine.py,3361,90e61cc1b2e54aaf54d7d9b48a44cd896de52e4f9d6c13ca7035d6bbebf86dc0
runs/6/i1/attempts/01/builder/refinement_engine.py,5012,e905a209037c84cf1803ea9c9f37f21314305f3b578a6b6c78db3ba51a677670
runs/6/i1/attempts/01/builder/revision_one_engine.py,2312,fe3e19c461ba778f21015f8fa96ed8546fa7fd5d0e93b370ac5d4823185d9571
runs/6/i1/attempts/01/builder/revision_two_engine.py,3988,77d1ba8920eb83f2a245cba587fc166dfe138deb92b452db2e6a1907fac910b6
runs/6/i1/attempts/01/builder/study_engine.py,2212,6085cc647f0b21b56d32d68025fbc49c3fabcfa0b9ce725f24573fb3b063711b
runs/6/i1/attempts/01/BUILDER-FREEZE.csv,557,4f3ff64319709f1388dd6599df2ec83e44527b0b9194dced102558701b15b3eb
runs/6/i1/attempts/01/INHERITANCE.csv,788,a9c18c3c7e8cc26072d9f5a09e0cb49afb71457f4f12fd46be5751e99511dedc
runs/6/i1/attempts/01/METRICS.csv,188,80d8159834e5878614889cfa8822cd84830a8aee56018d843108ffbafc6b3808
runs/6/i1/attempts/01/PROPOSAL.csv,96,bb4b8c790eeb760894badcbfb645578587db55c9d5e7104eb9be505227e1eb82
runs/6/i1/attempts/01/selection-predictions.csv,8359,ddb32214714c5f36eb5859a5d0984b0cc8a6a2f7d2be16088a57d95dd066b29f
runs/6/i1/attempts/01/stderr.txt,0,e3b0c44298fc1c149afbf4c8996fb92427ae41e4649b934ca495991b7852b855
runs/6/i1/attempts/01/stdout.txt,0,e3b0c44298fc1c149afbf4c8996fb92427ae41e4649b934ca495991b7852b855
runs/6/i1/attempts/01/train-predictions.csv,25140,3e51c8377e0a58a5126257a0ebc8c813a1c0eeedfb85d71b0d1b3fdf5f50ea23
runs/6/i1/attempts/02/ADMITTED.md,126,fdc2b0d2dc52af7ccef406d7b23f51d53981223c1e29897ec6ea92d897ad827f
runs/6/i1/attempts/02/builder/candidate.py,151,fe9f52aac6fae812ea74bfe6725897abb4cf9f7a3df60d58683d0107f65b1d3b
runs/6/i1/attempts/02/builder/parent_engine.py,3361,90e61cc1b2e54aaf54d7d9b48a44cd896de52e4f9d6c13ca7035d6bbebf86dc0
runs/6/i1/attempts/02/builder/refinement_engine.py,5012,e905a209037c84cf1803ea9c9f37f21314305f3b578a6b6c78db3ba51a677670
runs/6/i1/attempts/02/builder/revision_one_engine.py,2312,fe3e19c461ba778f21015f8fa96ed8546fa7fd5d0e93b370ac5d4823185d9571
runs/6/i1/attempts/02/builder/revision_two_engine.py,3988,77d1ba8920eb83f2a245cba587fc166dfe138deb92b452db2e6a1907fac910b6
runs/6/i1/attempts/02/builder/study_engine.py,2212,6085cc647f0b21b56d32d68025fbc49c3fabcfa0b9ce725f24573fb3b063711b
runs/6/i1/attempts/02/BUILDER-FREEZE.csv,557,9d7f8a8d204fe4869e132ce052e84f4734e5f8f80a8087236cc2e6a9e9d23f4e
runs/6/i1/attempts/02/INHERITANCE.csv,788,a9c18c3c7e8cc26072d9f5a09e0cb49afb71457f4f12fd46be5751e99511dedc
runs/6/i1/attempts/02/METRICS.csv,156,0821be7346dec1060f5a91587ee10e415dd431dfab7eb8ff0aace9dc3988b316
runs/6/i1/attempts/02/PROPOSAL.csv,101,659fbe76bbca0f481a2097af4fea8661fa8ecb1f5257ab6da7b1a46f5ed3f8e3
runs/6/i1/attempts/02/selection-predictions.csv,8359,3726cc231c38ddfda2c62465ce6594c9703332e3ce21b06d22875f156f78bdbd
runs/6/i1/attempts/02/stderr.txt,0,e3b0c44298fc1c149afbf4c8996fb92427ae41e4649b934ca495991b7852b855
runs/6/i1/attempts/02/stdout.txt,0,e3b0c44298fc1c149afbf4c8996fb92427ae41e4649b934ca495991b7852b855
runs/6/i1/attempts/02/train-predictions.csv,25140,4398e1bd8032cef4492fcc524b66ccad807c59d9e11cdcbc8a536ca9e5f5b38f
runs/6/i1/attempts/03/ADMITTED.md,126,3544c9eb903524a0b123fb9e1b083c2f519b9c206e2f913a034a6798d044e206
runs/6/i1/attempts/03/builder/candidate.py,145,27d1a072e585c314d242425e3916152e1d5bc9acc0dda7b40e67395c1b8f1902
runs/6/i1/attempts/03/builder/parent_engine.py,3361,90e61cc1b2e54aaf54d7d9b48a44cd896de52e4f9d6c13ca7035d6bbebf86dc0
runs/6/i1/attempts/03/builder/refinement_engine.py,5012,e905a209037c84cf1803ea9c9f37f21314305f3b578a6b6c78db3ba51a677670
runs/6/i1/attempts/03/builder/revision_one_engine.py,2312,fe3e19c461ba778f21015f8fa96ed8546fa7fd5d0e93b370ac5d4823185d9571
runs/6/i1/attempts/03/builder/revision_two_engine.py,3988,77d1ba8920eb83f2a245cba587fc166dfe138deb92b452db2e6a1907fac910b6
runs/6/i1/attempts/03/builder/study_engine.py,2212,6085cc647f0b21b56d32d68025fbc49c3fabcfa0b9ce725f24573fb3b063711b
runs/6/i1/attempts/03/BUILDER-FREEZE.csv,557,c9446868cc86fde9fff8c40aea9335b1ba98c83a1a4bfe898dbc8944daa1ed39
runs/6/i1/attempts/03/INHERITANCE.csv,788,a9c18c3c7e8cc26072d9f5a09e0cb49afb71457f4f12fd46be5751e99511dedc
runs/6/i1/attempts/03/METRICS.csv,188,2e2e09ab61e8b45f9003dd3b5fe525fa6b79e74dfefc8563b307b2d2b3757255
runs/6/i1/attempts/03/PROPOSAL.csv,95,457846ceca505b3d3a5f1f4313f14145cdea5dbf126067fb74daaae9d34f287b
runs/6/i1/attempts/03/selection-predictions.csv,8359,5d1f0f30373de31fb08f5ebd5dd0540a79d408a7c155205d76d275e2084cea98
runs/6/i1/attempts/03/stderr.txt,0,e3b0c44298fc1c149afbf4c8996fb92427ae41e4649b934ca495991b7852b855
runs/6/i1/attempts/03/stdout.txt,0,e3b0c44298fc1c149afbf4c8996fb92427ae41e4649b934ca495991b7852b855
runs/6/i1/attempts/03/train-predictions.csv,25140,6f0168d0e2c8ceffaaae4696e0ff2511427747173dfd603f02b40e54befd6fdb
runs/6/i1/attempts/04/ADMITTED.md,126,d98569069e3ca841ea9599469a88ba98298b17e82e33e4be47e7c507053bcf07
runs/6/i1/attempts/04/builder/candidate.py,150,c57445ba4248176a610264d02f47077484c9b2db467b3617b7e6c2d09fac91b3
runs/6/i1/attempts/04/builder/parent_engine.py,3361,90e61cc1b2e54aaf54d7d9b48a44cd896de52e4f9d6c13ca7035d6bbebf86dc0
runs/6/i1/attempts/04/builder/refinement_engine.py,5012,e905a209037c84cf1803ea9c9f37f21314305f3b578a6b6c78db3ba51a677670
runs/6/i1/attempts/04/builder/revision_one_engine.py,2312,fe3e19c461ba778f21015f8fa96ed8546fa7fd5d0e93b370ac5d4823185d9571
runs/6/i1/attempts/04/builder/revision_two_engine.py,3988,77d1ba8920eb83f2a245cba587fc166dfe138deb92b452db2e6a1907fac910b6
runs/6/i1/attempts/04/builder/study_engine.py,2212,6085cc647f0b21b56d32d68025fbc49c3fabcfa0b9ce725f24573fb3b063711b
runs/6/i1/attempts/04/BUILDER-FREEZE.csv,557,5615280c1139a77d21579bdb2f7de854f39db3e2c1d248783c10fe42a71c17bd
runs/6/i1/attempts/04/INHERITANCE.csv,788,a9c18c3c7e8cc26072d9f5a09e0cb49afb71457f4f12fd46be5751e99511dedc
runs/6/i1/attempts/04/METRICS.csv,154,7ee379d89880a1a2659b476265fe5c80e6f0f32ae84b6de8281436f7a16fab5b
runs/6/i1/attempts/04/PROPOSAL.csv,100,bb3e9b645987473e8958f2c51d0f4ce6bde9d5d2cda7739d4e6a39a851ee5bad
runs/6/i1/attempts/04/selection-predictions.csv,8359,0444c7a2109d075662fb0013575105bc9643d81f2da3a3bc346d7cd79e652497
runs/6/i1/attempts/04/stderr.txt,0,e3b0c44298fc1c149afbf4c8996fb92427ae41e4649b934ca495991b7852b855
runs/6/i1/attempts/04/stdout.txt,0,e3b0c44298fc1c149afbf4c8996fb92427ae41e4649b934ca495991b7852b855
runs/6/i1/attempts/04/train-predictions.csv,25140,4398e1bd8032cef4492fcc524b66ccad807c59d9e11cdcbc8a536ca9e5f5b38f
runs/6/i1/attempts/05/ADMITTED.md,126,36d955095dac42fad097d2963a8cccd4e58cf8b874c1467c0e27fe5fb220dc07
runs/6/i1/attempts/05/builder/candidate.py,153,0918ad65acc5281163c013cc98a4838d8a582c04ef2b144849472fa5bfbd8361
runs/6/i1/attempts/05/builder/parent_engine.py,3361,90e61cc1b2e54aaf54d7d9b48a44cd896de52e4f9d6c13ca7035d6bbebf86dc0
runs/6/i1/attempts/05/builder/refinement_engine.py,5012,e905a209037c84cf1803ea9c9f37f21314305f3b578a6b6c78db3ba51a677670
runs/6/i1/attempts/05/builder/revision_one_engine.py,2312,fe3e19c461ba778f21015f8fa96ed8546fa7fd5d0e93b370ac5d4823185d9571
runs/6/i1/attempts/05/builder/revision_two_engine.py,3988,77d1ba8920eb83f2a245cba587fc166dfe138deb92b452db2e6a1907fac910b6
runs/6/i1/attempts/05/builder/study_engine.py,2212,6085cc647f0b21b56d32d68025fbc49c3fabcfa0b9ce725f24573fb3b063711b
runs/6/i1/attempts/05/BUILDER-FREEZE.csv,557,f5d52910ea18489e8e7d856d199e3510e42f243010677cf2d4e24bf7d7351139
runs/6/i1/attempts/05/INHERITANCE.csv,788,a9c18c3c7e8cc26072d9f5a09e0cb49afb71457f4f12fd46be5751e99511dedc
runs/6/i1/attempts/05/METRICS.csv,150,b4f6a0e21a533d11f58afc3d1ec43f236ed194ca1174a40794a6144ef0073d31
runs/6/i1/attempts/05/PROPOSAL.csv,103,e79c884a02239f4961fac2ff2d04dbd8df9a7c06b207f51f49be40813a90807a
runs/6/i1/attempts/05/selection-predictions.csv,8359,e5e8eb2ee310cb4f148e850cd910c647128e7cf99d44088661f4d03d35d9f8cc
runs/6/i1/attempts/05/stderr.txt,0,e3b0c44298fc1c149afbf4c8996fb92427ae41e4649b934ca495991b7852b855
runs/6/i1/attempts/05/stdout.txt,0,e3b0c44298fc1c149afbf4c8996fb92427ae41e4649b934ca495991b7852b855
runs/6/i1/attempts/05/train-predictions.csv,25140,4398e1bd8032cef4492fcc524b66ccad807c59d9e11cdcbc8a536ca9e5f5b38f
runs/6/i1/attempts/06/ADMITTED.md,126,6aa3960e8338e8eaaadd12b106fbeda88c1a6f16e425ac25bf8bdb189dfd6af5
runs/6/i1/attempts/06/builder/candidate.py,146,99666013fed9dfb0cb3c8aefeb0ff36ea73030482a9d8666d270a500e98c3cc7
runs/6/i1/attempts/06/builder/parent_engine.py,3361,90e61cc1b2e54aaf54d7d9b48a44cd896de52e4f9d6c13ca7035d6bbebf86dc0
runs/6/i1/attempts/06/builder/refinement_engine.py,5012,e905a209037c84cf1803ea9c9f37f21314305f3b578a6b6c78db3ba51a677670
runs/6/i1/attempts/06/builder/revision_one_engine.py,2312,fe3e19c461ba778f21015f8fa96ed8546fa7fd5d0e93b370ac5d4823185d9571
runs/6/i1/attempts/06/builder/revision_two_engine.py,3988,77d1ba8920eb83f2a245cba587fc166dfe138deb92b452db2e6a1907fac910b6
runs/6/i1/attempts/06/builder/study_engine.py,2212,6085cc647f0b21b56d32d68025fbc49c3fabcfa0b9ce725f24573fb3b063711b
runs/6/i1/attempts/06/BUILDER-FREEZE.csv,557,92a55479c4f92a7ca4124cda1e1bc5f53f071d2a2a392d886b09434eedc716b7
runs/6/i1/attempts/06/INHERITANCE.csv,788,a9c18c3c7e8cc26072d9f5a09e0cb49afb71457f4f12fd46be5751e99511dedc
runs/6/i1/attempts/06/METRICS.csv,187,371ff0fc97191c570f7a4daaad77b6f5d3c4f9bc4b39c3954aecf629884da9a5
runs/6/i1/attempts/06/PROPOSAL.csv,96,bbdbaa696c4a703163403ceee3ab38db2ff7fbe95c44e3c5945d917e1426fe4e
runs/6/i1/attempts/06/selection-predictions.csv,8359,2f079893a07a45fc245be1c2887738fdf7747fa01f87f682e198ea78c9f7ebad
runs/6/i1/attempts/06/stderr.txt,0,e3b0c44298fc1c149afbf4c8996fb92427ae41e4649b934ca495991b7852b855
runs/6/i1/attempts/06/stdout.txt,0,e3b0c44298fc1c149afbf4c8996fb92427ae41e4649b934ca495991b7852b855
runs/6/i1/attempts/06/train-predictions.csv,25140,19dfa52afdffa0edb0b8369a3105e75c21b5e1584de57581099bb617cfb06572
runs/6/i1/attempts/07/ADMITTED.md,126,05596dd92f7b96840eadfbc3b55a7f96e1ddc0d1cac74f173caecc180278956a
runs/6/i1/attempts/07/builder/candidate.py,151,c46021861851ef435427b9f0d4ad8644c28fd08fbc487b79e306da2db4e555cb
runs/6/i1/attempts/07/builder/parent_engine.py,3361,90e61cc1b2e54aaf54d7d9b48a44cd896de52e4f9d6c13ca7035d6bbebf86dc0
runs/6/i1/attempts/07/builder/refinement_engine.py,5012,e905a209037c84cf1803ea9c9f37f21314305f3b578a6b6c78db3ba51a677670
runs/6/i1/attempts/07/builder/revision_one_engine.py,2312,fe3e19c461ba778f21015f8fa96ed8546fa7fd5d0e93b370ac5d4823185d9571
runs/6/i1/attempts/07/builder/revision_two_engine.py,3988,77d1ba8920eb83f2a245cba587fc166dfe138deb92b452db2e6a1907fac910b6
runs/6/i1/attempts/07/builder/study_engine.py,2212,6085cc647f0b21b56d32d68025fbc49c3fabcfa0b9ce725f24573fb3b063711b
runs/6/i1/attempts/07/BUILDER-FREEZE.csv,557,53b8b44259500ba8ee9f70e7fae3ff0ceee64b54fd3ea6e26ddaff082bed63d6
runs/6/i1/attempts/07/INHERITANCE.csv,788,a9c18c3c7e8cc26072d9f5a09e0cb49afb71457f4f12fd46be5751e99511dedc
runs/6/i1/attempts/07/METRICS.csv,159,c3718ce2f3020b4d8643c147b9aa86e0c8ce3f2328bbfaa87618fea40b7e63f0
runs/6/i1/attempts/07/PROPOSAL.csv,101,e137c39c73d31b92ba300b3815a42cc376b8965f284d011c3d99f8b43d76e040
runs/6/i1/attempts/07/selection-predictions.csv,8359,3858da1509a18237f31a845d6f193e9cf08e2657f72679def84f328edebe9701
runs/6/i1/attempts/07/stderr.txt,0,e3b0c44298fc1c149afbf4c8996fb92427ae41e4649b934ca495991b7852b855
runs/6/i1/attempts/07/stdout.txt,0,e3b0c44298fc1c149afbf4c8996fb92427ae41e4649b934ca495991b7852b855
runs/6/i1/attempts/07/train-predictions.csv,25140,4398e1bd8032cef4492fcc524b66ccad807c59d9e11cdcbc8a536ca9e5f5b38f
runs/6/i1/attempts/08/ADMITTED.md,126,1d304129f9f6d0fd1534f575effe80677d93fe24633fa8136e2f3ec107ea47a6
runs/6/i1/attempts/08/builder/candidate.py,152,4e281f1bee2f157de5bffb1f9b2851a0e09daa407da8d0729ff89cf93592a3a4
runs/6/i1/attempts/08/builder/parent_engine.py,3361,90e61cc1b2e54aaf54d7d9b48a44cd896de52e4f9d6c13ca7035d6bbebf86dc0
runs/6/i1/attempts/08/builder/refinement_engine.py,5012,e905a209037c84cf1803ea9c9f37f21314305f3b578a6b6c78db3ba51a677670
runs/6/i1/attempts/08/builder/revision_one_engine.py,2312,fe3e19c461ba778f21015f8fa96ed8546fa7fd5d0e93b370ac5d4823185d9571
runs/6/i1/attempts/08/builder/revision_two_engine.py,3988,77d1ba8920eb83f2a245cba587fc166dfe138deb92b452db2e6a1907fac910b6
runs/6/i1/attempts/08/builder/study_engine.py,2212,6085cc647f0b21b56d32d68025fbc49c3fabcfa0b9ce725f24573fb3b063711b
runs/6/i1/attempts/08/BUILDER-FREEZE.csv,557,224d9043d28d629d1acfde4fe4194e82c653d4d1c00d771a7f8d1c528b605f92
runs/6/i1/attempts/08/INHERITANCE.csv,788,a9c18c3c7e8cc26072d9f5a09e0cb49afb71457f4f12fd46be5751e99511dedc
runs/6/i1/attempts/08/METRICS.csv,158,bfddf5d70c578f30b1a06d7d3b3a669dcfb67e58378724642213de965c6b475c
runs/6/i1/attempts/08/PROPOSAL.csv,102,a048d1c3b5e3402df5d985ba42524d974665969b68d3880dd984011e8f00e3a9
runs/6/i1/attempts/08/selection-predictions.csv,8359,bb2e388692fc894d477e8d2f1a7b1f6a99e5aa774109469341a6982477f0fd46
runs/6/i1/attempts/08/stderr.txt,0,e3b0c44298fc1c149afbf4c8996fb92427ae41e4649b934ca495991b7852b855
runs/6/i1/attempts/08/stdout.txt,0,e3b0c44298fc1c149afbf4c8996fb92427ae41e4649b934ca495991b7852b855
runs/6/i1/attempts/08/train-predictions.csv,25140,4398e1bd8032cef4492fcc524b66ccad807c59d9e11cdcbc8a536ca9e5f5b38f
runs/6/i1/attempts/09/ADMITTED.md,126,72e77eadbee2b18811d768107f8349014ecf9f2484ae0c4a30eaa48063faf2c6
runs/6/i1/attempts/09/builder/candidate.py,158,c97ba403e8fcdd0a2e573ba349ab034efcd3039f88923ae2ce59e3c0c51ed528
runs/6/i1/attempts/09/builder/parent_engine.py,3361,90e61cc1b2e54aaf54d7d9b48a44cd896de52e4f9d6c13ca7035d6bbebf86dc0
runs/6/i1/attempts/09/builder/refinement_engine.py,5012,e905a209037c84cf1803ea9c9f37f21314305f3b578a6b6c78db3ba51a677670
runs/6/i1/attempts/09/builder/revision_one_engine.py,2312,fe3e19c461ba778f21015f8fa96ed8546fa7fd5d0e93b370ac5d4823185d9571
runs/6/i1/attempts/09/builder/revision_two_engine.py,3988,77d1ba8920eb83f2a245cba587fc166dfe138deb92b452db2e6a1907fac910b6
runs/6/i1/attempts/09/builder/study_engine.py,2212,6085cc647f0b21b56d32d68025fbc49c3fabcfa0b9ce725f24573fb3b063711b
runs/6/i1/attempts/09/BUILDER-FREEZE.csv,557,f497f9e470473138a86f92840647f57678aa2b937050c04dd47095847e556b14
runs/6/i1/attempts/09/INHERITANCE.csv,788,a9c18c3c7e8cc26072d9f5a09e0cb49afb71457f4f12fd46be5751e99511dedc
runs/6/i1/attempts/09/METRICS.csv,186,615cde3d0a0e3eeee04f157c85f3706df23b55f3879422e08927e9e4f862af59
runs/6/i1/attempts/09/PROPOSAL.csv,145,f68a03dd2e5a9d44ca38fba0d2bcc25b43f6724135d37517f801b2cbeb10681a
runs/6/i1/attempts/09/selection-predictions.csv,8359,a7e0c3c570f6fb82c0940788d24bb497612ff14f2fbfca56b99c92081eaf44a7
runs/6/i1/attempts/09/stderr.txt,0,e3b0c44298fc1c149afbf4c8996fb92427ae41e4649b934ca495991b7852b855
runs/6/i1/attempts/09/stdout.txt,0,e3b0c44298fc1c149afbf4c8996fb92427ae41e4649b934ca495991b7852b855
runs/6/i1/attempts/09/train-predictions.csv,25140,012e3b76fe893f7111210a741c4f9adb3eb19df52e26a2ec584172fd670b648b
runs/6/i1/attempts/10/ADMITTED.md,126,61468530de6791f55d267fed1ae94af1120bd88212a7af65bc439353634904c0
runs/6/i1/attempts/10/builder/candidate.py,147,4483f350c36b64578650a3863d4b22f0ccf2927693173891c0ad0b23fac2b8b6
runs/6/i1/attempts/10/builder/parent_engine.py,3361,90e61cc1b2e54aaf54d7d9b48a44cd896de52e4f9d6c13ca7035d6bbebf86dc0
runs/6/i1/attempts/10/builder/refinement_engine.py,5012,e905a209037c84cf1803ea9c9f37f21314305f3b578a6b6c78db3ba51a677670
runs/6/i1/attempts/10/builder/revision_one_engine.py,2312,fe3e19c461ba778f21015f8fa96ed8546fa7fd5d0e93b370ac5d4823185d9571
runs/6/i1/attempts/10/builder/revision_two_engine.py,3988,77d1ba8920eb83f2a245cba587fc166dfe138deb92b452db2e6a1907fac910b6
runs/6/i1/attempts/10/builder/study_engine.py,2212,6085cc647f0b21b56d32d68025fbc49c3fabcfa0b9ce725f24573fb3b063711b
runs/6/i1/attempts/10/BUILDER-FREEZE.csv,557,252ebfd6e70edb448b444cff2c00d48be036fd8ef47ed19afe83aa2d14775d3c
runs/6/i1/attempts/10/INHERITANCE.csv,788,a9c18c3c7e8cc26072d9f5a09e0cb49afb71457f4f12fd46be5751e99511dedc
runs/6/i1/attempts/10/METRICS.csv,189,bb3ae797d8a6bc88f0fed1d2110e2b4b83a87289552d5eddc25a107ad80c486a
runs/6/i1/attempts/10/PROPOSAL.csv,136,7180eb2515f874b8909946a9e70e7c9d317b10240b4758f2552b9f622e47e84f
runs/6/i1/attempts/10/selection-predictions.csv,8359,1c1608523b0ede994e413360dd53a6a108be27cce9002682aa07ede8d72af48c
runs/6/i1/attempts/10/stderr.txt,0,e3b0c44298fc1c149afbf4c8996fb92427ae41e4649b934ca495991b7852b855
runs/6/i1/attempts/10/stdout.txt,0,e3b0c44298fc1c149afbf4c8996fb92427ae41e4649b934ca495991b7852b855
runs/6/i1/attempts/10/train-predictions.csv,25140,d30a1f7450135796d41a84f87131c5cda99771ec279e506a9745402f1a9bc261
runs/6/i1/attempts/11/ADMITTED.md,126,e184a4e48e3d4d0fa39c27a0c1d3affccbd7a6e514b710029c1c036c7bba0118
runs/6/i1/attempts/11/builder/candidate.py,146,1c2cc34aae8efb982e0d54d04b34525cea6aec5193c601d09ccf4914697636b2
runs/6/i1/attempts/11/builder/parent_engine.py,3361,90e61cc1b2e54aaf54d7d9b48a44cd896de52e4f9d6c13ca7035d6bbebf86dc0
runs/6/i1/attempts/11/builder/refinement_engine.py,5012,e905a209037c84cf1803ea9c9f37f21314305f3b578a6b6c78db3ba51a677670
runs/6/i1/attempts/11/builder/revision_one_engine.py,2312,fe3e19c461ba778f21015f8fa96ed8546fa7fd5d0e93b370ac5d4823185d9571
runs/6/i1/attempts/11/builder/revision_two_engine.py,3988,77d1ba8920eb83f2a245cba587fc166dfe138deb92b452db2e6a1907fac910b6
runs/6/i1/attempts/11/builder/study_engine.py,2212,6085cc647f0b21b56d32d68025fbc49c3fabcfa0b9ce725f24573fb3b063711b
runs/6/i1/attempts/11/BUILDER-FREEZE.csv,557,929e12e3c6662dc9160c633cc8c990bac4dcf6163657f0944221b05216612d81
runs/6/i1/attempts/11/INHERITANCE.csv,788,a9c18c3c7e8cc26072d9f5a09e0cb49afb71457f4f12fd46be5751e99511dedc
runs/6/i1/attempts/11/METRICS.csv,191,0df94a0d737bab1e478fd7136826ef162ed4e7a206e00eef2f4cf876c787324b
runs/6/i1/attempts/11/PARENT-CANDIDATE.py,146,99666013fed9dfb0cb3c8aefeb0ff36ea73030482a9d8666d270a500e98c3cc7
runs/6/i1/attempts/11/PROPOSAL.csv,137,d9db6dc7d72f2299f076a69d732b12c3dea85a736d79116a2aa7404b570e71e1
runs/6/i1/attempts/11/selection-predictions.csv,8359,9e574cd4d3211b0af4b69c71ce7a2989cd682fd5a5eaddd610b25ca9f731403a
runs/6/i1/attempts/11/stderr.txt,0,e3b0c44298fc1c149afbf4c8996fb92427ae41e4649b934ca495991b7852b855
runs/6/i1/attempts/11/stdout.txt,0,e3b0c44298fc1c149afbf4c8996fb92427ae41e4649b934ca495991b7852b855
runs/6/i1/attempts/11/train-predictions.csv,25140,e4f35eddc449e7b464ad8dcfe96ee841e6c5be12d62e4adfaa9d0e50abb26cd2
runs/6/i1/attempts/12/ADMITTED.md,126,5b59ebdf3a7701c261fc9af984115d46485686381ad3c3c4650034979dbd14ee
runs/6/i1/attempts/12/builder/candidate.py,146,67212aea9679b5b6f5816d96f48a969823d1c88b6f8542cf67d4c5a978c6f7e3
runs/6/i1/attempts/12/builder/parent_engine.py,3361,90e61cc1b2e54aaf54d7d9b48a44cd896de52e4f9d6c13ca7035d6bbebf86dc0
runs/6/i1/attempts/12/builder/refinement_engine.py,5012,e905a209037c84cf1803ea9c9f37f21314305f3b578a6b6c78db3ba51a677670
runs/6/i1/attempts/12/builder/revision_one_engine.py,2312,fe3e19c461ba778f21015f8fa96ed8546fa7fd5d0e93b370ac5d4823185d9571
runs/6/i1/attempts/12/builder/revision_two_engine.py,3988,77d1ba8920eb83f2a245cba587fc166dfe138deb92b452db2e6a1907fac910b6
runs/6/i1/attempts/12/builder/study_engine.py,2212,6085cc647f0b21b56d32d68025fbc49c3fabcfa0b9ce725f24573fb3b063711b
runs/6/i1/attempts/12/BUILDER-FREEZE.csv,557,fbacc3e09d3d69e3ea1c80062c523501f822736d6497d089ec7bad0d86f65031
runs/6/i1/attempts/12/INHERITANCE.csv,788,a9c18c3c7e8cc26072d9f5a09e0cb49afb71457f4f12fd46be5751e99511dedc
runs/6/i1/attempts/12/METRICS.csv,158,4b5ea14f01c6c059dced5f715d1605c40debf606eca60ea6aa2b66d3d8798027
runs/6/i1/attempts/12/PARENT-CANDIDATE.py,146,99666013fed9dfb0cb3c8aefeb0ff36ea73030482a9d8666d270a500e98c3cc7
runs/6/i1/attempts/12/PROPOSAL.csv,137,ff42200cd3399a6f187ae6b61758eac768c77c1390e1a719d8554f48fa7cc075
runs/6/i1/attempts/12/selection-predictions.csv,8359,753024772d5040f1d05de40b0c1f3b60e4f789ad6510647bc73eda76fbf481b7
runs/6/i1/attempts/12/stderr.txt,0,e3b0c44298fc1c149afbf4c8996fb92427ae41e4649b934ca495991b7852b855
runs/6/i1/attempts/12/stdout.txt,0,e3b0c44298fc1c149afbf4c8996fb92427ae41e4649b934ca495991b7852b855
runs/6/i1/attempts/12/train-predictions.csv,25140,4398e1bd8032cef4492fcc524b66ccad807c59d9e11cdcbc8a536ca9e5f5b38f
runs/6/i1/LEDGER.csv,4481,e52642e583964850d36dc26cc77dd40976858265c42b7df9e6878668e8d6ef20
runs/6/i1/researcher.py,6084,053228ae5a337e2dee99c96a569d890f3a908d7194e2ba00c3cc5636ab02481f
runs/6/parent/attempts/01/ADMITTED.md,126,f0b436d975db7d04f7d26a59025849731a6658405cf2748437218e236a473216
runs/6/parent/attempts/01/builder/candidate.py,146,cee7983f3d0ddd115d33a45f2830ad8b3d60bd191934fb2ad98a1d64046e661d
runs/6/parent/attempts/01/builder/parent_engine.py,3361,90e61cc1b2e54aaf54d7d9b48a44cd896de52e4f9d6c13ca7035d6bbebf86dc0
runs/6/parent/attempts/01/builder/refinement_engine.py,5012,e905a209037c84cf1803ea9c9f37f21314305f3b578a6b6c78db3ba51a677670
runs/6/parent/attempts/01/builder/revision_one_engine.py,2312,fe3e19c461ba778f21015f8fa96ed8546fa7fd5d0e93b370ac5d4823185d9571
runs/6/parent/attempts/01/builder/revision_two_engine.py,3988,77d1ba8920eb83f2a245cba587fc166dfe138deb92b452db2e6a1907fac910b6
runs/6/parent/attempts/01/builder/study_engine.py,2212,6085cc647f0b21b56d32d68025fbc49c3fabcfa0b9ce725f24573fb3b063711b
runs/6/parent/attempts/01/BUILDER-FREEZE.csv,557,4f3ff64319709f1388dd6599df2ec83e44527b0b9194dced102558701b15b3eb
runs/6/parent/attempts/01/INHERITANCE.csv,788,a9c18c3c7e8cc26072d9f5a09e0cb49afb71457f4f12fd46be5751e99511dedc
runs/6/parent/attempts/01/METRICS.csv,188,5a4870796f051c128a75a47d3a772a0db92775a6fd4938f17cdaef0750d441e9
runs/6/parent/attempts/01/PROPOSAL.csv,96,bb4b8c790eeb760894badcbfb645578587db55c9d5e7104eb9be505227e1eb82
runs/6/parent/attempts/01/selection-predictions.csv,8359,ddb32214714c5f36eb5859a5d0984b0cc8a6a2f7d2be16088a57d95dd066b29f
runs/6/parent/attempts/01/stderr.txt,0,e3b0c44298fc1c149afbf4c8996fb92427ae41e4649b934ca495991b7852b855
runs/6/parent/attempts/01/stdout.txt,0,e3b0c44298fc1c149afbf4c8996fb92427ae41e4649b934ca495991b7852b855
runs/6/parent/attempts/01/train-predictions.csv,25140,3e51c8377e0a58a5126257a0ebc8c813a1c0eeedfb85d71b0d1b3fdf5f50ea23
runs/6/parent/attempts/02/ADMITTED.md,126,5f9080f49707c1d4a81011c2d644c96e5bf666c060350c66d4d95fb3dadba88d
runs/6/parent/attempts/02/builder/candidate.py,151,fe9f52aac6fae812ea74bfe6725897abb4cf9f7a3df60d58683d0107f65b1d3b
runs/6/parent/attempts/02/builder/parent_engine.py,3361,90e61cc1b2e54aaf54d7d9b48a44cd896de52e4f9d6c13ca7035d6bbebf86dc0
runs/6/parent/attempts/02/builder/refinement_engine.py,5012,e905a209037c84cf1803ea9c9f37f21314305f3b578a6b6c78db3ba51a677670
runs/6/parent/attempts/02/builder/revision_one_engine.py,2312,fe3e19c461ba778f21015f8fa96ed8546fa7fd5d0e93b370ac5d4823185d9571
runs/6/parent/attempts/02/builder/revision_two_engine.py,3988,77d1ba8920eb83f2a245cba587fc166dfe138deb92b452db2e6a1907fac910b6
runs/6/parent/attempts/02/builder/study_engine.py,2212,6085cc647f0b21b56d32d68025fbc49c3fabcfa0b9ce725f24573fb3b063711b
runs/6/parent/attempts/02/BUILDER-FREEZE.csv,557,9d7f8a8d204fe4869e132ce052e84f4734e5f8f80a8087236cc2e6a9e9d23f4e
runs/6/parent/attempts/02/INHERITANCE.csv,788,a9c18c3c7e8cc26072d9f5a09e0cb49afb71457f4f12fd46be5751e99511dedc
runs/6/parent/attempts/02/METRICS.csv,156,bd1c2ed1b2478aa46c4458637d56159d03cbf841ddfa58e6296ee69e54f4734a
runs/6/parent/attempts/02/PROPOSAL.csv,101,659fbe76bbca0f481a2097af4fea8661fa8ecb1f5257ab6da7b1a46f5ed3f8e3
runs/6/parent/attempts/02/selection-predictions.csv,8359,3726cc231c38ddfda2c62465ce6594c9703332e3ce21b06d22875f156f78bdbd
runs/6/parent/attempts/02/stderr.txt,0,e3b0c44298fc1c149afbf4c8996fb92427ae41e4649b934ca495991b7852b855
runs/6/parent/attempts/02/stdout.txt,0,e3b0c44298fc1c149afbf4c8996fb92427ae41e4649b934ca495991b7852b855
runs/6/parent/attempts/02/train-predictions.csv,25140,4398e1bd8032cef4492fcc524b66ccad807c59d9e11cdcbc8a536ca9e5f5b38f
runs/6/parent/attempts/03/ADMITTED.md,126,38ead9a20c11b5627602bcaefd1c3477b9475d2f8ddc31ff378bae23c78cd5f9
runs/6/parent/attempts/03/builder/candidate.py,145,27d1a072e585c314d242425e3916152e1d5bc9acc0dda7b40e67395c1b8f1902
runs/6/parent/attempts/03/builder/parent_engine.py,3361,90e61cc1b2e54aaf54d7d9b48a44cd896de52e4f9d6c13ca7035d6bbebf86dc0
runs/6/parent/attempts/03/builder/refinement_engine.py,5012,e905a209037c84cf1803ea9c9f37f21314305f3b578a6b6c78db3ba51a677670
runs/6/parent/attempts/03/builder/revision_one_engine.py,2312,fe3e19c461ba778f21015f8fa96ed8546fa7fd5d0e93b370ac5d4823185d9571
runs/6/parent/attempts/03/builder/revision_two_engine.py,3988,77d1ba8920eb83f2a245cba587fc166dfe138deb92b452db2e6a1907fac910b6
runs/6/parent/attempts/03/builder/study_engine.py,2212,6085cc647f0b21b56d32d68025fbc49c3fabcfa0b9ce725f24573fb3b063711b
runs/6/parent/attempts/03/BUILDER-FREEZE.csv,557,c9446868cc86fde9fff8c40aea9335b1ba98c83a1a4bfe898dbc8944daa1ed39
runs/6/parent/attempts/03/INHERITANCE.csv,788,a9c18c3c7e8cc26072d9f5a09e0cb49afb71457f4f12fd46be5751e99511dedc
runs/6/parent/attempts/03/METRICS.csv,188,ad05f1fe2db5b1844c0d8e9d8838cc5c0abe00ced6a2829a2f584166542437a3
runs/6/parent/attempts/03/PROPOSAL.csv,95,457846ceca505b3d3a5f1f4313f14145cdea5dbf126067fb74daaae9d34f287b
runs/6/parent/attempts/03/selection-predictions.csv,8359,5d1f0f30373de31fb08f5ebd5dd0540a79d408a7c155205d76d275e2084cea98
runs/6/parent/attempts/03/stderr.txt,0,e3b0c44298fc1c149afbf4c8996fb92427ae41e4649b934ca495991b7852b855
runs/6/parent/attempts/03/stdout.txt,0,e3b0c44298fc1c149afbf4c8996fb92427ae41e4649b934ca495991b7852b855
runs/6/parent/attempts/03/train-predictions.csv,25140,6f0168d0e2c8ceffaaae4696e0ff2511427747173dfd603f02b40e54befd6fdb
runs/6/parent/attempts/04/ADMITTED.md,126,3f68857668c622b18c630c9c8c3564a9ade0a8ef60297db8c369060834e0a234
runs/6/parent/attempts/04/builder/candidate.py,150,c57445ba4248176a610264d02f47077484c9b2db467b3617b7e6c2d09fac91b3
runs/6/parent/attempts/04/builder/parent_engine.py,3361,90e61cc1b2e54aaf54d7d9b48a44cd896de52e4f9d6c13ca7035d6bbebf86dc0
runs/6/parent/attempts/04/builder/refinement_engine.py,5012,e905a209037c84cf1803ea9c9f37f21314305f3b578a6b6c78db3ba51a677670
runs/6/parent/attempts/04/builder/revision_one_engine.py,2312,fe3e19c461ba778f21015f8fa96ed8546fa7fd5d0e93b370ac5d4823185d9571
runs/6/parent/attempts/04/builder/revision_two_engine.py,3988,77d1ba8920eb83f2a245cba587fc166dfe138deb92b452db2e6a1907fac910b6
runs/6/parent/attempts/04/builder/study_engine.py,2212,6085cc647f0b21b56d32d68025fbc49c3fabcfa0b9ce725f24573fb3b063711b
runs/6/parent/attempts/04/BUILDER-FREEZE.csv,557,5615280c1139a77d21579bdb2f7de854f39db3e2c1d248783c10fe42a71c17bd
runs/6/parent/attempts/04/INHERITANCE.csv,788,a9c18c3c7e8cc26072d9f5a09e0cb49afb71457f4f12fd46be5751e99511dedc
runs/6/parent/attempts/04/METRICS.csv,154,8bc41584ac4dfbd0f957652274ab407ed48a7aeba01dc35fd483bf0757ef2ee3
runs/6/parent/attempts/04/PROPOSAL.csv,100,bb3e9b645987473e8958f2c51d0f4ce6bde9d5d2cda7739d4e6a39a851ee5bad
runs/6/parent/attempts/04/selection-predictions.csv,8359,0444c7a2109d075662fb0013575105bc9643d81f2da3a3bc346d7cd79e652497
runs/6/parent/attempts/04/stderr.txt,0,e3b0c44298fc1c149afbf4c8996fb92427ae41e4649b934ca495991b7852b855
runs/6/parent/attempts/04/stdout.txt,0,e3b0c44298fc1c149afbf4c8996fb92427ae41e4649b934ca495991b7852b855
runs/6/parent/attempts/04/train-predictions.csv,25140,4398e1bd8032cef4492fcc524b66ccad807c59d9e11cdcbc8a536ca9e5f5b38f
runs/6/parent/attempts/05/ADMITTED.md,126,45f71a494824a314b1a9f38705811c410f0e5f50323ecad328bb8bde49b34c05
runs/6/parent/attempts/05/builder/candidate.py,153,0918ad65acc5281163c013cc98a4838d8a582c04ef2b144849472fa5bfbd8361
runs/6/parent/attempts/05/builder/parent_engine.py,3361,90e61cc1b2e54aaf54d7d9b48a44cd896de52e4f9d6c13ca7035d6bbebf86dc0
runs/6/parent/attempts/05/builder/refinement_engine.py,5012,e905a209037c84cf1803ea9c9f37f21314305f3b578a6b6c78db3ba51a677670
runs/6/parent/attempts/05/builder/revision_one_engine.py,2312,fe3e19c461ba778f21015f8fa96ed8546fa7fd5d0e93b370ac5d4823185d9571
runs/6/parent/attempts/05/builder/revision_two_engine.py,3988,77d1ba8920eb83f2a245cba587fc166dfe138deb92b452db2e6a1907fac910b6
runs/6/parent/attempts/05/builder/study_engine.py,2212,6085cc647f0b21b56d32d68025fbc49c3fabcfa0b9ce725f24573fb3b063711b
runs/6/parent/attempts/05/BUILDER-FREEZE.csv,557,f5d52910ea18489e8e7d856d199e3510e42f243010677cf2d4e24bf7d7351139
runs/6/parent/attempts/05/INHERITANCE.csv,788,a9c18c3c7e8cc26072d9f5a09e0cb49afb71457f4f12fd46be5751e99511dedc
runs/6/parent/attempts/05/METRICS.csv,158,978e10b0b063fb4d148a2a63dff0d7e692f14c216ec167565e8916490fd5fffb
runs/6/parent/attempts/05/PROPOSAL.csv,103,e79c884a02239f4961fac2ff2d04dbd8df9a7c06b207f51f49be40813a90807a
runs/6/parent/attempts/05/selection-predictions.csv,8359,e5e8eb2ee310cb4f148e850cd910c647128e7cf99d44088661f4d03d35d9f8cc
runs/6/parent/attempts/05/stderr.txt,0,e3b0c44298fc1c149afbf4c8996fb92427ae41e4649b934ca495991b7852b855
runs/6/parent/attempts/05/stdout.txt,0,e3b0c44298fc1c149afbf4c8996fb92427ae41e4649b934ca495991b7852b855
runs/6/parent/attempts/05/train-predictions.csv,25140,4398e1bd8032cef4492fcc524b66ccad807c59d9e11cdcbc8a536ca9e5f5b38f
runs/6/parent/attempts/06/ADMITTED.md,126,6634965e5d3273332571af21aa2ed33d9313f4d86191ab1425e062f44785d218
runs/6/parent/attempts/06/builder/candidate.py,146,99666013fed9dfb0cb3c8aefeb0ff36ea73030482a9d8666d270a500e98c3cc7
runs/6/parent/attempts/06/builder/parent_engine.py,3361,90e61cc1b2e54aaf54d7d9b48a44cd896de52e4f9d6c13ca7035d6bbebf86dc0
runs/6/parent/attempts/06/builder/refinement_engine.py,5012,e905a209037c84cf1803ea9c9f37f21314305f3b578a6b6c78db3ba51a677670
runs/6/parent/attempts/06/builder/revision_one_engine.py,2312,fe3e19c461ba778f21015f8fa96ed8546fa7fd5d0e93b370ac5d4823185d9571
runs/6/parent/attempts/06/builder/revision_two_engine.py,3988,77d1ba8920eb83f2a245cba587fc166dfe138deb92b452db2e6a1907fac910b6
runs/6/parent/attempts/06/builder/study_engine.py,2212,6085cc647f0b21b56d32d68025fbc49c3fabcfa0b9ce725f24573fb3b063711b
runs/6/parent/attempts/06/BUILDER-FREEZE.csv,557,92a55479c4f92a7ca4124cda1e1bc5f53f071d2a2a392d886b09434eedc716b7
runs/6/parent/attempts/06/INHERITANCE.csv,788,a9c18c3c7e8cc26072d9f5a09e0cb49afb71457f4f12fd46be5751e99511dedc
runs/6/parent/attempts/06/METRICS.csv,187,78af3555445f99cb66a059d4453af13ee102094402089df5cabd08e3e6861386
runs/6/parent/attempts/06/PROPOSAL.csv,96,bbdbaa696c4a703163403ceee3ab38db2ff7fbe95c44e3c5945d917e1426fe4e
runs/6/parent/attempts/06/selection-predictions.csv,8359,2f079893a07a45fc245be1c2887738fdf7747fa01f87f682e198ea78c9f7ebad
runs/6/parent/attempts/06/stderr.txt,0,e3b0c44298fc1c149afbf4c8996fb92427ae41e4649b934ca495991b7852b855
runs/6/parent/attempts/06/stdout.txt,0,e3b0c44298fc1c149afbf4c8996fb92427ae41e4649b934ca495991b7852b855
runs/6/parent/attempts/06/train-predictions.csv,25140,19dfa52afdffa0edb0b8369a3105e75c21b5e1584de57581099bb617cfb06572
runs/6/parent/attempts/07/ADMITTED.md,126,69a16ee6793861bb22a1e772cb689d716e4790e45106d0f998a00d3d3da29d2d
runs/6/parent/attempts/07/builder/candidate.py,151,c46021861851ef435427b9f0d4ad8644c28fd08fbc487b79e306da2db4e555cb
runs/6/parent/attempts/07/builder/parent_engine.py,3361,90e61cc1b2e54aaf54d7d9b48a44cd896de52e4f9d6c13ca7035d6bbebf86dc0
runs/6/parent/attempts/07/builder/refinement_engine.py,5012,e905a209037c84cf1803ea9c9f37f21314305f3b578a6b6c78db3ba51a677670
runs/6/parent/attempts/07/builder/revision_one_engine.py,2312,fe3e19c461ba778f21015f8fa96ed8546fa7fd5d0e93b370ac5d4823185d9571
runs/6/parent/attempts/07/builder/revision_two_engine.py,3988,77d1ba8920eb83f2a245cba587fc166dfe138deb92b452db2e6a1907fac910b6
runs/6/parent/attempts/07/builder/study_engine.py,2212,6085cc647f0b21b56d32d68025fbc49c3fabcfa0b9ce725f24573fb3b063711b
runs/6/parent/attempts/07/BUILDER-FREEZE.csv,557,53b8b44259500ba8ee9f70e7fae3ff0ceee64b54fd3ea6e26ddaff082bed63d6
runs/6/parent/attempts/07/INHERITANCE.csv,788,a9c18c3c7e8cc26072d9f5a09e0cb49afb71457f4f12fd46be5751e99511dedc
runs/6/parent/attempts/07/METRICS.csv,159,0f1464e5475f0ae19ee43575426284ea6344d066b569437b6c2fa2e3b901c825
runs/6/parent/attempts/07/PROPOSAL.csv,101,e137c39c73d31b92ba300b3815a42cc376b8965f284d011c3d99f8b43d76e040
runs/6/parent/attempts/07/selection-predictions.csv,8359,3858da1509a18237f31a845d6f193e9cf08e2657f72679def84f328edebe9701
runs/6/parent/attempts/07/stderr.txt,0,e3b0c44298fc1c149afbf4c8996fb92427ae41e4649b934ca495991b7852b855
runs/6/parent/attempts/07/stdout.txt,0,e3b0c44298fc1c149afbf4c8996fb92427ae41e4649b934ca495991b7852b855
runs/6/parent/attempts/07/train-predictions.csv,25140,4398e1bd8032cef4492fcc524b66ccad807c59d9e11cdcbc8a536ca9e5f5b38f
runs/6/parent/attempts/08/ADMITTED.md,126,d31ce235427fec7e027f9f9a0332e02ea508d0ad777098416907e32bd7cb05cc
runs/6/parent/attempts/08/builder/candidate.py,152,4e281f1bee2f157de5bffb1f9b2851a0e09daa407da8d0729ff89cf93592a3a4
runs/6/parent/attempts/08/builder/parent_engine.py,3361,90e61cc1b2e54aaf54d7d9b48a44cd896de52e4f9d6c13ca7035d6bbebf86dc0
runs/6/parent/attempts/08/builder/refinement_engine.py,5012,e905a209037c84cf1803ea9c9f37f21314305f3b578a6b6c78db3ba51a677670
runs/6/parent/attempts/08/builder/revision_one_engine.py,2312,fe3e19c461ba778f21015f8fa96ed8546fa7fd5d0e93b370ac5d4823185d9571
runs/6/parent/attempts/08/builder/revision_two_engine.py,3988,77d1ba8920eb83f2a245cba587fc166dfe138deb92b452db2e6a1907fac910b6
runs/6/parent/attempts/08/builder/study_engine.py,2212,6085cc647f0b21b56d32d68025fbc49c3fabcfa0b9ce725f24573fb3b063711b
runs/6/parent/attempts/08/BUILDER-FREEZE.csv,557,224d9043d28d629d1acfde4fe4194e82c653d4d1c00d771a7f8d1c528b605f92
runs/6/parent/attempts/08/INHERITANCE.csv,788,a9c18c3c7e8cc26072d9f5a09e0cb49afb71457f4f12fd46be5751e99511dedc
runs/6/parent/attempts/08/METRICS.csv,160,80fc26133cb5c6a4c92faaa2a617a26597c430946a42c4b1c2a47055f2a4d6cd
runs/6/parent/attempts/08/PROPOSAL.csv,102,a048d1c3b5e3402df5d985ba42524d974665969b68d3880dd984011e8f00e3a9
runs/6/parent/attempts/08/selection-predictions.csv,8359,bb2e388692fc894d477e8d2f1a7b1f6a99e5aa774109469341a6982477f0fd46
runs/6/parent/attempts/08/stderr.txt,0,e3b0c44298fc1c149afbf4c8996fb92427ae41e4649b934ca495991b7852b855
runs/6/parent/attempts/08/stdout.txt,0,e3b0c44298fc1c149afbf4c8996fb92427ae41e4649b934ca495991b7852b855
runs/6/parent/attempts/08/train-predictions.csv,25140,4398e1bd8032cef4492fcc524b66ccad807c59d9e11cdcbc8a536ca9e5f5b38f
runs/6/parent/attempts/09/ADMITTED.md,126,2174b5e6a80f9664b4975927c6bdadc955d042ae10a07a84d5768fa855047af7
runs/6/parent/attempts/09/builder/candidate.py,146,cba072beeebd4b7c7681c24f493a0768bcef1739bca5dd0c7c8c5c8b8d21c17b
runs/6/parent/attempts/09/builder/parent_engine.py,3361,90e61cc1b2e54aaf54d7d9b48a44cd896de52e4f9d6c13ca7035d6bbebf86dc0
runs/6/parent/attempts/09/builder/refinement_engine.py,5012,e905a209037c84cf1803ea9c9f37f21314305f3b578a6b6c78db3ba51a677670
runs/6/parent/attempts/09/builder/revision_one_engine.py,2312,fe3e19c461ba778f21015f8fa96ed8546fa7fd5d0e93b370ac5d4823185d9571
runs/6/parent/attempts/09/builder/revision_two_engine.py,3988,77d1ba8920eb83f2a245cba587fc166dfe138deb92b452db2e6a1907fac910b6
runs/6/parent/attempts/09/builder/study_engine.py,2212,6085cc647f0b21b56d32d68025fbc49c3fabcfa0b9ce725f24573fb3b063711b
runs/6/parent/attempts/09/BUILDER-FREEZE.csv,557,c0d7f387e19bc033cd1bd74da1fabcae5da5e4bc25ba849cf2b4f31c9514f3a5
runs/6/parent/attempts/09/INHERITANCE.csv,788,a9c18c3c7e8cc26072d9f5a09e0cb49afb71457f4f12fd46be5751e99511dedc
runs/6/parent/attempts/09/METRICS.csv,190,0408323529b2074aeb35b32e20f926748c1bef7f938fe84e06ef289366b241c9
runs/6/parent/attempts/09/PARENT-CANDIDATE.py,146,99666013fed9dfb0cb3c8aefeb0ff36ea73030482a9d8666d270a500e98c3cc7
runs/6/parent/attempts/09/PROPOSAL.csv,105,a7fddad38112094e291bc2a9b1fd4554b11f99c58eb4322ce79eff05e3bebae4
runs/6/parent/attempts/09/selection-predictions.csv,8359,0664fdea0d40890ea3a4b84f34dde62182bc1780402ce921b67a90e33d51a4cf
runs/6/parent/attempts/09/stderr.txt,0,e3b0c44298fc1c149afbf4c8996fb92427ae41e4649b934ca495991b7852b855
runs/6/parent/attempts/09/stdout.txt,0,e3b0c44298fc1c149afbf4c8996fb92427ae41e4649b934ca495991b7852b855
runs/6/parent/attempts/09/train-predictions.csv,25140,9cec7abc325b1f910936b083e4c0f3a2b6ded6ce5113f149a7a0bc4aa29f68d2
runs/6/parent/attempts/10/ADMITTED.md,126,428973d32c5e8555b437892eda53c3f830c74d7967f00651062515e2cbf745e3
runs/6/parent/attempts/10/builder/candidate.py,146,1c2cc34aae8efb982e0d54d04b34525cea6aec5193c601d09ccf4914697636b2
runs/6/parent/attempts/10/builder/parent_engine.py,3361,90e61cc1b2e54aaf54d7d9b48a44cd896de52e4f9d6c13ca7035d6bbebf86dc0
runs/6/parent/attempts/10/builder/refinement_engine.py,5012,e905a209037c84cf1803ea9c9f37f21314305f3b578a6b6c78db3ba51a677670
runs/6/parent/attempts/10/builder/revision_one_engine.py,2312,fe3e19c461ba778f21015f8fa96ed8546fa7fd5d0e93b370ac5d4823185d9571
runs/6/parent/attempts/10/builder/revision_two_engine.py,3988,77d1ba8920eb83f2a245cba587fc166dfe138deb92b452db2e6a1907fac910b6
runs/6/parent/attempts/10/builder/study_engine.py,2212,6085cc647f0b21b56d32d68025fbc49c3fabcfa0b9ce725f24573fb3b063711b
runs/6/parent/attempts/10/BUILDER-FREEZE.csv,557,929e12e3c6662dc9160c633cc8c990bac4dcf6163657f0944221b05216612d81
runs/6/parent/attempts/10/INHERITANCE.csv,788,a9c18c3c7e8cc26072d9f5a09e0cb49afb71457f4f12fd46be5751e99511dedc
runs/6/parent/attempts/10/METRICS.csv,189,d500ae46de8e22d4c6f66a29f6ee42b05f47bdfb812d933747ed1c06a62b4b9e
runs/6/parent/attempts/10/PARENT-CANDIDATE.py,146,99666013fed9dfb0cb3c8aefeb0ff36ea73030482a9d8666d270a500e98c3cc7
runs/6/parent/attempts/10/PROPOSAL.csv,107,f32e7f122f83fbe5a73def5747a486af8cd795a71c6ca71fe83f3f8c84bcda51
runs/6/parent/attempts/10/selection-predictions.csv,8359,9e574cd4d3211b0af4b69c71ce7a2989cd682fd5a5eaddd610b25ca9f731403a
runs/6/parent/attempts/10/stderr.txt,0,e3b0c44298fc1c149afbf4c8996fb92427ae41e4649b934ca495991b7852b855
runs/6/parent/attempts/10/stdout.txt,0,e3b0c44298fc1c149afbf4c8996fb92427ae41e4649b934ca495991b7852b855
runs/6/parent/attempts/10/train-predictions.csv,25140,e4f35eddc449e7b464ad8dcfe96ee841e6c5be12d62e4adfaa9d0e50abb26cd2
runs/6/parent/attempts/11/ADMITTED.md,126,1d785fddc819d353e4db1462b71ad91c5b1dc92499ef76ac3d7be5fc2cf3ccef
runs/6/parent/attempts/11/builder/candidate.py,147,d06130fdcadd7251bd066ee2be9b579d85727ba5c85841a4412f188629eb1d0b
runs/6/parent/attempts/11/builder/parent_engine.py,3361,90e61cc1b2e54aaf54d7d9b48a44cd896de52e4f9d6c13ca7035d6bbebf86dc0
runs/6/parent/attempts/11/builder/refinement_engine.py,5012,e905a209037c84cf1803ea9c9f37f21314305f3b578a6b6c78db3ba51a677670
runs/6/parent/attempts/11/builder/revision_one_engine.py,2312,fe3e19c461ba778f21015f8fa96ed8546fa7fd5d0e93b370ac5d4823185d9571
runs/6/parent/attempts/11/builder/revision_two_engine.py,3988,77d1ba8920eb83f2a245cba587fc166dfe138deb92b452db2e6a1907fac910b6
runs/6/parent/attempts/11/builder/study_engine.py,2212,6085cc647f0b21b56d32d68025fbc49c3fabcfa0b9ce725f24573fb3b063711b
runs/6/parent/attempts/11/BUILDER-FREEZE.csv,557,f6ce76f10fbb907519686a9630df2c8db160db4e20265851757ede8c98d9f611
runs/6/parent/attempts/11/INHERITANCE.csv,788,a9c18c3c7e8cc26072d9f5a09e0cb49afb71457f4f12fd46be5751e99511dedc
runs/6/parent/attempts/11/METRICS.csv,189,8b8b54a5bf7398f41b6da650b089b81c2d8cd9366939f287a427db4b50e2c180
runs/6/parent/attempts/11/PARENT-CANDIDATE.py,146,99666013fed9dfb0cb3c8aefeb0ff36ea73030482a9d8666d270a500e98c3cc7
runs/6/parent/attempts/11/PROPOSAL.csv,108,6cfd53afa1eda0f1f6b6bc92ec530748de6f635117862512421daadf1b74e6ab
runs/6/parent/attempts/11/selection-predictions.csv,8359,3cf28bed53aab228a56e2fa34b98430cdd6550838a6ece951182d7cd04989642
runs/6/parent/attempts/11/stderr.txt,0,e3b0c44298fc1c149afbf4c8996fb92427ae41e4649b934ca495991b7852b855
runs/6/parent/attempts/11/stdout.txt,0,e3b0c44298fc1c149afbf4c8996fb92427ae41e4649b934ca495991b7852b855
runs/6/parent/attempts/11/train-predictions.csv,25140,8472835429b5fc878e1ed0c960431faf4e1846a13d17f6b9bce67a3c5cf5f13e
runs/6/parent/attempts/12/ADMITTED.md,126,0049946eca9fbadb2344669010d88bacd55887d5926c7898051599e5624be19d
runs/6/parent/attempts/12/builder/candidate.py,146,67212aea9679b5b6f5816d96f48a969823d1c88b6f8542cf67d4c5a978c6f7e3
runs/6/parent/attempts/12/builder/parent_engine.py,3361,90e61cc1b2e54aaf54d7d9b48a44cd896de52e4f9d6c13ca7035d6bbebf86dc0
runs/6/parent/attempts/12/builder/refinement_engine.py,5012,e905a209037c84cf1803ea9c9f37f21314305f3b578a6b6c78db3ba51a677670
runs/6/parent/attempts/12/builder/revision_one_engine.py,2312,fe3e19c461ba778f21015f8fa96ed8546fa7fd5d0e93b370ac5d4823185d9571
runs/6/parent/attempts/12/builder/revision_two_engine.py,3988,77d1ba8920eb83f2a245cba587fc166dfe138deb92b452db2e6a1907fac910b6
runs/6/parent/attempts/12/builder/study_engine.py,2212,6085cc647f0b21b56d32d68025fbc49c3fabcfa0b9ce725f24573fb3b063711b
runs/6/parent/attempts/12/BUILDER-FREEZE.csv,557,fbacc3e09d3d69e3ea1c80062c523501f822736d6497d089ec7bad0d86f65031
runs/6/parent/attempts/12/INHERITANCE.csv,788,a9c18c3c7e8cc26072d9f5a09e0cb49afb71457f4f12fd46be5751e99511dedc
runs/6/parent/attempts/12/METRICS.csv,156,c604e8f4c1151b977dd766931c4a0872a0789fb982d5c15a2803d83bb1ab4221
runs/6/parent/attempts/12/PARENT-CANDIDATE.py,146,99666013fed9dfb0cb3c8aefeb0ff36ea73030482a9d8666d270a500e98c3cc7
runs/6/parent/attempts/12/PROPOSAL.csv,107,076ad2cf3865b415f84d5e3a07063bcdcea67d69fe394608ff645275460ae442
runs/6/parent/attempts/12/selection-predictions.csv,8359,753024772d5040f1d05de40b0c1f3b60e4f789ad6510647bc73eda76fbf481b7
runs/6/parent/attempts/12/stderr.txt,0,e3b0c44298fc1c149afbf4c8996fb92427ae41e4649b934ca495991b7852b855
runs/6/parent/attempts/12/stdout.txt,0,e3b0c44298fc1c149afbf4c8996fb92427ae41e4649b934ca495991b7852b855
runs/6/parent/attempts/12/train-predictions.csv,25140,4398e1bd8032cef4492fcc524b66ccad807c59d9e11cdcbc8a536ca9e5f5b38f
runs/6/parent/LEDGER.csv,4398,6bb2104ad9bbcbe6bab0343bc56b89a4e3c58bbe41f9b9aa1f16841894ff0d73
runs/6/parent/researcher.py,4647,e4a64b3a0fc7864bcb512185c4a1ccf81e27e29fd7afc4fc7ff7f526cf57d7d2
SCORES.csv,4345,43b514cdc24d28173acfb2894b0a68ce3f1155ceda10d0c12a880dcc3cfdba8a
scoring/23/i0/ADMITTED.md,125,206e1b5eadc168ad79f5d47c8d9f8e2681c4922f21732e0e41aa6df593f467db
scoring/23/i0/final-predictions.csv,2596,bd6143a2a60b059a06fb706fc1496c6f0fc6544d0460bad0ac29a77154bdc936
scoring/23/i0/METRICS.csv,259,ab9c15e6640554cdd92eef72964ee6cb1d916cf1e3049987b4004391bd015451
scoring/23/i0/selection-predictions.csv,3047,10d627ec2436a6fe64c2e9c47cd1dad3db8fbd64b31dab5aa1da183769f1a619
scoring/23/i0/stderr.txt,0,e3b0c44298fc1c149afbf4c8996fb92427ae41e4649b934ca495991b7852b855
scoring/23/i0/stdout.txt,0,e3b0c44298fc1c149afbf4c8996fb92427ae41e4649b934ca495991b7852b855
scoring/23/i0/train-predictions.csv,8052,920c09d219e7f85b80ae30239bc97b8418bd2e108c481ae4e81878c222a5f356
scoring/23/i1/ADMITTED.md,125,30ff7deccee992d71dbfce78bfecf49d5f4eb08bdbb71c1f492cf4259c7af993
scoring/23/i1/final-predictions.csv,2596,0926924cee2a2e60fc0a48afa86bcd49d2ac789d98818375f602381b903324d9
scoring/23/i1/METRICS.csv,256,7df50af1bb1badeb1db54f5a72cfc68b960eb4f280c224901f4190cadf45d019
scoring/23/i1/selection-predictions.csv,3047,b213b7425427059028532cfe3e20e2ae7edc206f630270732fd67d90d3d54e7c
scoring/23/i1/stderr.txt,0,e3b0c44298fc1c149afbf4c8996fb92427ae41e4649b934ca495991b7852b855
scoring/23/i1/stdout.txt,0,e3b0c44298fc1c149afbf4c8996fb92427ae41e4649b934ca495991b7852b855
scoring/23/i1/train-predictions.csv,8052,3b745447c5a7f908b1904c031d9de298823e2a7983274cf3f9e304b629bce790
scoring/23/parent/ADMITTED.md,125,77c21b92eaaacb00c9d9214d0148c418962667be6f5321bcabc4ffe14fe8b0d8
scoring/23/parent/final-predictions.csv,2596,bd6143a2a60b059a06fb706fc1496c6f0fc6544d0460bad0ac29a77154bdc936
scoring/23/parent/METRICS.csv,259,9df7d4b04d9704e065be8895000773b6550afe9d7f6f61a41f47cc63f45d90f4
scoring/23/parent/selection-predictions.csv,3047,10d627ec2436a6fe64c2e9c47cd1dad3db8fbd64b31dab5aa1da183769f1a619
scoring/23/parent/stderr.txt,0,e3b0c44298fc1c149afbf4c8996fb92427ae41e4649b934ca495991b7852b855
scoring/23/parent/stdout.txt,0,e3b0c44298fc1c149afbf4c8996fb92427ae41e4649b934ca495991b7852b855
scoring/23/parent/train-predictions.csv,8052,920c09d219e7f85b80ae30239bc97b8418bd2e108c481ae4e81878c222a5f356
scoring/31/i0/ADMITTED.md,125,ae1b9ed09a1cf159a2293bfa3aa77f52a09b7dcc3f95dca71e71714fa5dde28e
scoring/31/i0/final-predictions.csv,2858,051a5adcafd681e718e6910d8cde8efae66113e28b91e9c6d6dbee378ac9560a
scoring/31/i0/METRICS.csv,258,6ffce49cee49290ea8234816632f8ea83c33e87266dde2d475ea7d0d3db1717b
scoring/31/i0/selection-predictions.csv,2790,51276c68deda5ae6cd4579fb2757bb73da1a52a8843d2a1bc4dd14c9b97bafbd
scoring/31/i0/stderr.txt,0,e3b0c44298fc1c149afbf4c8996fb92427ae41e4649b934ca495991b7852b855
scoring/31/i0/stdout.txt,0,e3b0c44298fc1c149afbf4c8996fb92427ae41e4649b934ca495991b7852b855
scoring/31/i0/train-predictions.csv,8601,7b5de1b02af23f1c1e0a04c6b2f9e15dc44f0ddb98eebddb88204d43ab6ac7d7
scoring/31/i1/ADMITTED.md,125,bc75975f25016e55e6356a1104bcec4651ca5163ef2f6b19d10cf70be0e5fec4
scoring/31/i1/final-predictions.csv,2857,e9bc7f6bdf4d63603a0c4366a8ed51bb50780e3d1aabe9db85ab1586f9845302
scoring/31/i1/METRICS.csv,258,bdcb63302e3e4361068aa267febbe255335136debcf79819b7d0c1cfa75cc911
scoring/31/i1/selection-predictions.csv,2789,82b482d4d00ea67745b0a01632f85e537a98bf968dd469cbb22ce0fe67b8c3c0
scoring/31/i1/stderr.txt,0,e3b0c44298fc1c149afbf4c8996fb92427ae41e4649b934ca495991b7852b855
scoring/31/i1/stdout.txt,0,e3b0c44298fc1c149afbf4c8996fb92427ae41e4649b934ca495991b7852b855
scoring/31/i1/train-predictions.csv,8602,14ad583fcf19e052a4926f6b7a6c4a15a36451d58906da9d207f9b82f6465026
scoring/31/parent/ADMITTED.md,125,06b34cd34a0aab1e496c625fab10757d71f449d77fea15e6a4c160f83ee2f5a5
scoring/31/parent/final-predictions.csv,2858,051a5adcafd681e718e6910d8cde8efae66113e28b91e9c6d6dbee378ac9560a
scoring/31/parent/METRICS.csv,261,536a1df1512abee5bdd9a48d75331fab9e7a2d8b399d8c5fdc7ec57134b3a08f
scoring/31/parent/selection-predictions.csv,2790,51276c68deda5ae6cd4579fb2757bb73da1a52a8843d2a1bc4dd14c9b97bafbd
scoring/31/parent/stderr.txt,0,e3b0c44298fc1c149afbf4c8996fb92427ae41e4649b934ca495991b7852b855
scoring/31/parent/stdout.txt,0,e3b0c44298fc1c149afbf4c8996fb92427ae41e4649b934ca495991b7852b855
scoring/31/parent/train-predictions.csv,8601,7b5de1b02af23f1c1e0a04c6b2f9e15dc44f0ddb98eebddb88204d43ab6ac7d7
scoring/361235/i0/ADMITTED.md,125,c5c9e45dc93b917dea6b06127a4057898c23141dd6476fb86932061e72d37743
scoring/361235/i0/final-predictions.csv,8990,961776e78dfee750cf9dd79303a60d9e9ecbceb20f18ca171ab709a0a66afd3d
scoring/361235/i0/METRICS.csv,306,8b2b3aab05bcd0cb83f17075573270188ceae75b8235bf7f714ca05fd7a3d92c
scoring/361235/i0/selection-predictions.csv,8613,68322ce98a50313a7f9626519caea563d750a2c0e2128dc7fe3b13fd92628ad0
scoring/361235/i0/stderr.txt,0,e3b0c44298fc1c149afbf4c8996fb92427ae41e4649b934ca495991b7852b855
scoring/361235/i0/stdout.txt,0,e3b0c44298fc1c149afbf4c8996fb92427ae41e4649b934ca495991b7852b855
scoring/361235/i0/train-predictions.csv,21566,9a152597ae771508c22caa8a8a03b38a5b06fe016c1da45789b44348ce417171
scoring/361235/i1/ADMITTED.md,125,6c0e087c5ff41c254ef8158bd0ba6a0c7b535c215b263217d46ae657bdc6c650
scoring/361235/i1/final-predictions.csv,8990,961776e78dfee750cf9dd79303a60d9e9ecbceb20f18ca171ab709a0a66afd3d
scoring/361235/i1/METRICS.csv,303,72741c17875e1a3b9fa62d397cf6b23958efa8fbb55757e4700a732a85981e61
scoring/361235/i1/selection-predictions.csv,8613,68322ce98a50313a7f9626519caea563d750a2c0e2128dc7fe3b13fd92628ad0
scoring/361235/i1/stderr.txt,0,e3b0c44298fc1c149afbf4c8996fb92427ae41e4649b934ca495991b7852b855
scoring/361235/i1/stdout.txt,0,e3b0c44298fc1c149afbf4c8996fb92427ae41e4649b934ca495991b7852b855
scoring/361235/i1/train-predictions.csv,21566,9a152597ae771508c22caa8a8a03b38a5b06fe016c1da45789b44348ce417171
scoring/361235/parent/ADMITTED.md,125,ecacef828f8d0071fdaa87afe7bce2281cccbdced1817e26ffc07c240a67d9a4
scoring/361235/parent/final-predictions.csv,8990,961776e78dfee750cf9dd79303a60d9e9ecbceb20f18ca171ab709a0a66afd3d
scoring/361235/parent/METRICS.csv,306,f185feb0f7cad07f626201579f3d2677929ec255d77736cdeaf680825a529655
scoring/361235/parent/selection-predictions.csv,8613,68322ce98a50313a7f9626519caea563d750a2c0e2128dc7fe3b13fd92628ad0
scoring/361235/parent/stderr.txt,0,e3b0c44298fc1c149afbf4c8996fb92427ae41e4649b934ca495991b7852b855
scoring/361235/parent/stdout.txt,0,e3b0c44298fc1c149afbf4c8996fb92427ae41e4649b934ca495991b7852b855
scoring/361235/parent/train-predictions.csv,21566,9a152597ae771508c22caa8a8a03b38a5b06fe016c1da45789b44348ce417171
scoring/361237/i0/ADMITTED.md,125,6dcaa880eef1452877be1e2853355dcdaa33d14c9a12f9475f6ef8f645fc226f
scoring/361237/i0/final-predictions.csv,7642,63572cbd38df7328a32bc57c654d340c0de6be1cc5181c8be13268a7f4a82552
scoring/361237/i0/METRICS.csv,294,bbc9d0845982ac368eea124d48a87140c4b9bd0713e9d5a4376d7625c641c619
scoring/361237/i0/selection-predictions.csv,7556,1ab30ed0a7c5ef954d9d1273e9530c2f1bd4b84899bb636dad0c113905d90c69
scoring/361237/i0/stderr.txt,0,e3b0c44298fc1c149afbf4c8996fb92427ae41e4649b934ca495991b7852b855
scoring/361237/i0/stdout.txt,0,e3b0c44298fc1c149afbf4c8996fb92427ae41e4649b934ca495991b7852b855
scoring/361237/i0/train-predictions.csv,21322,039352c9790382c9cb41a3f9a7da59fcb5c0d7d9aafeeff9a024b61a6a52dd0d
scoring/361237/i1/ADMITTED.md,125,4de9ea35688cf20e61f5a13f792365c036943afcd9032bf815cfe8e15d1555da
scoring/361237/i1/final-predictions.csv,7642,63572cbd38df7328a32bc57c654d340c0de6be1cc5181c8be13268a7f4a82552
scoring/361237/i1/METRICS.csv,291,1685fe9e92e8b13c950d8624f8355d57592b3f60ad3706e4a3e4d860b6f9feed
scoring/361237/i1/selection-predictions.csv,7556,1ab30ed0a7c5ef954d9d1273e9530c2f1bd4b84899bb636dad0c113905d90c69
scoring/361237/i1/stderr.txt,0,e3b0c44298fc1c149afbf4c8996fb92427ae41e4649b934ca495991b7852b855
scoring/361237/i1/stdout.txt,0,e3b0c44298fc1c149afbf4c8996fb92427ae41e4649b934ca495991b7852b855
scoring/361237/i1/train-predictions.csv,21322,039352c9790382c9cb41a3f9a7da59fcb5c0d7d9aafeeff9a024b61a6a52dd0d
scoring/361237/parent/ADMITTED.md,125,521055564f77a2303ad6c78a71b8966bf828bc17c0c279cd8e05f7575b230514
scoring/361237/parent/final-predictions.csv,7642,63572cbd38df7328a32bc57c654d340c0de6be1cc5181c8be13268a7f4a82552
scoring/361237/parent/METRICS.csv,294,80b01c6add9a92107b7e9dd6e5eefd79f0e65171fe9d39019cc8521159b530c9
scoring/361237/parent/selection-predictions.csv,7556,1ab30ed0a7c5ef954d9d1273e9530c2f1bd4b84899bb636dad0c113905d90c69
scoring/361237/parent/stderr.txt,0,e3b0c44298fc1c149afbf4c8996fb92427ae41e4649b934ca495991b7852b855
scoring/361237/parent/stdout.txt,0,e3b0c44298fc1c149afbf4c8996fb92427ae41e4649b934ca495991b7852b855
scoring/361237/parent/train-predictions.csv,21322,039352c9790382c9cb41a3f9a7da59fcb5c0d7d9aafeeff9a024b61a6a52dd0d
scoring/361247/i0/ADMITTED.md,125,5bfc688c45e0c322a14a5df016a469c551b3565391207d05825571d835d95eaa
scoring/361247/i0/final-predictions.csv,20439,b2539571c0be16ce8ae9295201b91e7e2ff8cb29c1dec5803a0828a857709885
scoring/361247/i0/METRICS.csv,317,044ecc77b0478be3afa21313fffa541c607458e71203c59c9b0489175a9ea843
scoring/361247/i0/selection-predictions.csv,20507,01da521a78101a2b8d3333f92d99372e443d02c9a8254dfed6a92d0e6e1b247a
scoring/361247/i0/stderr.txt,0,e3b0c44298fc1c149afbf4c8996fb92427ae41e4649b934ca495991b7852b855
scoring/361247/i0/stdout.txt,0,e3b0c44298fc1c149afbf4c8996fb92427ae41e4649b934ca495991b7852b855
scoring/361247/i0/train-predictions.csv,43999,df30e931c3d57018a8f5241f0a5bedcd6c27db9c157bc5d0658c5241687e539c
scoring/361247/i1/ADMITTED.md,125,98dd9e1aadede06698a3d4cb67c6bdf97a0d1db69f48462e2b85b05fd0ee65b8
scoring/361247/i1/final-predictions.csv,20439,b2539571c0be16ce8ae9295201b91e7e2ff8cb29c1dec5803a0828a857709885
scoring/361247/i1/METRICS.csv,317,1b3ba7ec1d7034cf9578b7c04a1a5111fc13075a0e372a4f9adba065b48ed438
scoring/361247/i1/selection-predictions.csv,20507,01da521a78101a2b8d3333f92d99372e443d02c9a8254dfed6a92d0e6e1b247a
scoring/361247/i1/stderr.txt,0,e3b0c44298fc1c149afbf4c8996fb92427ae41e4649b934ca495991b7852b855
scoring/361247/i1/stdout.txt,0,e3b0c44298fc1c149afbf4c8996fb92427ae41e4649b934ca495991b7852b855
scoring/361247/i1/train-predictions.csv,43999,df30e931c3d57018a8f5241f0a5bedcd6c27db9c157bc5d0658c5241687e539c
scoring/361247/parent/ADMITTED.md,125,08184ce6479dabc21a7659dc7ba111b467083bfcbbf97132c34fee13dc7b9df0
scoring/361247/parent/final-predictions.csv,20439,b2539571c0be16ce8ae9295201b91e7e2ff8cb29c1dec5803a0828a857709885
scoring/361247/parent/METRICS.csv,317,8d22ae359a63e63f44fce11ec0243d39849b0aaf818496a31eff4349c66233b2
scoring/361247/parent/selection-predictions.csv,20507,01da521a78101a2b8d3333f92d99372e443d02c9a8254dfed6a92d0e6e1b247a
scoring/361247/parent/stderr.txt,0,e3b0c44298fc1c149afbf4c8996fb92427ae41e4649b934ca495991b7852b855
scoring/361247/parent/stdout.txt,0,e3b0c44298fc1c149afbf4c8996fb92427ae41e4649b934ca495991b7852b855
scoring/361247/parent/train-predictions.csv,43999,df30e931c3d57018a8f5241f0a5bedcd6c27db9c157bc5d0658c5241687e539c
scoring/6/i0/ADMITTED.md,125,64d916bd1b01c3aa353d8be24a1019273b6c331eb62d2f9581d8c266dfd0ad45
scoring/6/i0/final-predictions.csv,8377,e5e31ae630046eadce8b38d1b23f854f4ed3e5a61428bf9eb6558f8fb04dfb33
scoring/6/i0/METRICS.csv,257,fda7ab3ab6e9d41cbcd616aac7e30d6cde3b185bd4d5e6cdd419ac978119aecd
scoring/6/i0/selection-predictions.csv,8359,2f079893a07a45fc245be1c2887738fdf7747fa01f87f682e198ea78c9f7ebad
scoring/6/i0/stderr.txt,0,e3b0c44298fc1c149afbf4c8996fb92427ae41e4649b934ca495991b7852b855
scoring/6/i0/stdout.txt,0,e3b0c44298fc1c149afbf4c8996fb92427ae41e4649b934ca495991b7852b855
scoring/6/i0/train-predictions.csv,25140,19dfa52afdffa0edb0b8369a3105e75c21b5e1584de57581099bb617cfb06572
scoring/6/i1/ADMITTED.md,125,1e3338d5d395ac6341f0c1fd635956cfeb812d723a19f5cf87e9e709ba03e7ca
scoring/6/i1/final-predictions.csv,8377,e5e31ae630046eadce8b38d1b23f854f4ed3e5a61428bf9eb6558f8fb04dfb33
scoring/6/i1/METRICS.csv,257,2c77c6367e1eeb75fc8fe776041c57a9fb6d62fc6fd435d1a7eef2ddc9183bcd
scoring/6/i1/selection-predictions.csv,8359,2f079893a07a45fc245be1c2887738fdf7747fa01f87f682e198ea78c9f7ebad
scoring/6/i1/stderr.txt,0,e3b0c44298fc1c149afbf4c8996fb92427ae41e4649b934ca495991b7852b855
scoring/6/i1/stdout.txt,0,e3b0c44298fc1c149afbf4c8996fb92427ae41e4649b934ca495991b7852b855
scoring/6/i1/train-predictions.csv,25140,19dfa52afdffa0edb0b8369a3105e75c21b5e1584de57581099bb617cfb06572
scoring/6/parent/ADMITTED.md,125,d1a5514c44668238768ef7e85526a9985e562c6e1ca5e8ca7e86ef4b529f3e7d
scoring/6/parent/final-predictions.csv,8377,e5e31ae630046eadce8b38d1b23f854f4ed3e5a61428bf9eb6558f8fb04dfb33
scoring/6/parent/METRICS.csv,257,36601f33f3cfd1c0c2488db4ca5b00ed8c3b86cb093575180f39db9d30011730
scoring/6/parent/selection-predictions.csv,8359,2f079893a07a45fc245be1c2887738fdf7747fa01f87f682e198ea78c9f7ebad
scoring/6/parent/stderr.txt,0,e3b0c44298fc1c149afbf4c8996fb92427ae41e4649b934ca495991b7852b855
scoring/6/parent/stdout.txt,0,e3b0c44298fc1c149afbf4c8996fb92427ae41e4649b934ca495991b7852b855
scoring/6/parent/train-predictions.csv,25140,19dfa52afdffa0edb0b8369a3105e75c21b5e1584de57581099bb617cfb06572
SCORING-COMPLETE.md,77,323cf5c24eaed8fbcab5f07dd1ef227301cfe5a01f82b8da3eb448366006faa2
SEARCH-CHECKS.csv,302691,4ab498138b20b8e7be9ec275a368c6eff876fff2bae3b8bf4ca16caf947935ef
SEARCH-COMPLETE.md,84,4ed2c273af4e84bfe55f623ba997f78ed59d3b2d9f0ef745791d0b92894a5ab0
SEARCH-LEDGER.csv,77331,1658ee3928040e5dbaa78aef30294964d6f7bfbd221c5b7a3bdaacfaab715a74
source/execution_support.py,16864,6c0f26784df6b05d3beea6314a2e6bf2274f1eecec2132211d70028be828376d
source/i0.py,255,898df605b4a8f10babebc1e6290366ed6b0e6b0ec28d351f4c97e8f3714bb2ce
source/i1.py,263,67def0086c492b8df66360a49893cac395ded26471dea75c6e3b1016f9d5c36d
source/improver.py,5040,729292ad1b6449b779dd6172a1c28e6ae66441212b72a8b106b132703aa74813
source/NESTED-RESEARCH-PROTOCOL.md,8550,fd687b480db04fbf636c7d48763a42dbe8da739495ed515e5c4612aeca1c55af
source/parent_engine.py,3361,90e61cc1b2e54aaf54d7d9b48a44cd896de52e4f9d6c13ca7035d6bbebf86dc0
source/refinement_engine.py,5012,e905a209037c84cf1803ea9c9f37f21314305f3b578a6b6c78db3ba51a677670
source/researcher.py,4552,613e7dee791fb4f7f746a446b3ed83573f9cf772a6c422ae3dcd025f92223f29
source/revision_one_engine.py,2312,fe3e19c461ba778f21015f8fa96ed8546fa7fd5d0e93b370ac5d4823185d9571
source/revision_two_engine.py,3988,77d1ba8920eb83f2a245cba587fc166dfe138deb92b452db2e6a1907fac910b6
source/run_nested_research.py,13563,6f6e3499bd2253e0e588bd0b01074bfbffa324f132112b56a1dae1569a2efab2
source/study_engine.py,2212,6085cc647f0b21b56d32d68025fbc49c3fabcfa0b9ce725f24573fb3b063711b
source/study_worker.py,2796,11d62678d4fd8af1e6ee3d1df983ad3ccf2b1ffd2e21bf687e8550188a02d7eb
STARTED-score.md,46,0e6f381dfd641734bb62c01cb5976f18ede4ddb1321b7ac544a3a68a4fd4837a
STARTED-search.md,47,c65593a3c9c5cd78f35cb572de7390c8916216ae3a09b2f7d1feb7ca9cc57625
STUDY-FREEZE.csv,5246,431e4bfb7911e41cddeffc102acee68e582255e0ee9114f6b229ae135e0f26f4
VERDICTS.csv,134,1f3dd4b3cfe5bd63a0cc609ece2a53ce85fc2212d78dc2b01bea6b727215bf8f
