check,passed
search_complete,True
preflight_complete,True
no_live_workers,True
STUDY-FREEZE.csv/unique,True
evaluator\23\final.csv/identity,True
evaluator\31\final.csv/identity,True
evaluator\361235\final.csv/identity,True
evaluator\361237\final.csv/identity,True
evaluator\361247\final.csv/identity,True
evaluator\6\final.csv/identity,True
generations\1\i0\GENERATION.md/identity,True
generations\1\i0\PARENT.py/identity,True
generations\1\i0\researcher.py/identity,True
generations\1\i1\GENERATION.md/identity,True
generations\1\i1\PARENT.py/identity,True
generations\1\i1\researcher.py/identity,True
PANEL.csv/identity,True
prior-comparison\FINAL-CHECKS.csv/identity,True
prior-comparison\SCORES.csv/identity,True
prior-comparison\SEARCH-CHECKS.csv/identity,True
prior-comparison\SEARCH-LEDGER.csv/identity,True
public\23\SCHEMA.csv/identity,True
public\23\selection.csv/identity,True
public\23\train.csv/identity,True
public\31\SCHEMA.csv/identity,True
public\31\selection.csv/identity,True
public\31\train.csv/identity,True
public\361235\SCHEMA.csv/identity,True
public\361235\selection.csv/identity,True
public\361235\train.csv/identity,True
public\361237\SCHEMA.csv/identity,True
public\361237\selection.csv/identity,True
public\361237\train.csv/identity,True
public\361247\SCHEMA.csv/identity,True
public\361247\selection.csv/identity,True
public\361247\train.csv/identity,True
public\6\SCHEMA.csv/identity,True
public\6\selection.csv/identity,True
public\6\train.csv/identity,True
researchers\i0\ORIGIN.md/identity,True
researchers\i0\researcher.py/identity,True
researchers\i1\ORIGIN.md/identity,True
researchers\i1\researcher.py/identity,True
researchers\parent\ORIGIN.md/identity,True
researchers\parent\researcher.py/identity,True
source\execution_support.py/identity,True
source\i0.py/identity,True
source\i1.py/identity,True
source\improver.py/identity,True
source\NESTED-RESEARCH-PROTOCOL.md/identity,True
source\parent_engine.py/identity,True
source\refinement_engine.py/identity,True
source\researcher.py/identity,True
source\revision_one_engine.py/identity,True
source\revision_two_engine.py/identity,True
source\run_nested_research.py/identity,True
source\study_engine.py/identity,True
source\study_worker.py/identity,True
CHOICE-FREEZE.csv/unique,True
CHOICES.csv/identity,True
SEARCH-LEDGER.csv/identity,True
runs\6\parent\attempts\06\builder\study_engine.py/identity,True
runs\6\parent\attempts\06\builder\parent_engine.py/identity,True
runs\6\parent\attempts\06\builder\revision_one_engine.py/identity,True
runs\6\parent\attempts\06\builder\revision_two_engine.py/identity,True
runs\6\parent\attempts\06\builder\refinement_engine.py/identity,True
runs\6\parent\attempts\06\builder\candidate.py/identity,True
runs\6\i0\attempts\06\builder\study_engine.py/identity,True
runs\6\i0\attempts\06\builder\parent_engine.py/identity,True
runs\6\i0\attempts\06\builder\revision_one_engine.py/identity,True
runs\6\i0\attempts\06\builder\revision_two_engine.py/identity,True
runs\6\i0\attempts\06\builder\refinement_engine.py/identity,True
runs\6\i0\attempts\06\builder\candidate.py/identity,True
runs\6\i1\attempts\06\builder\study_engine.py/identity,True
runs\6\i1\attempts\06\builder\parent_engine.py/identity,True
runs\6\i1\attempts\06\builder\revision_one_engine.py/identity,True
runs\6\i1\attempts\06\builder\revision_two_engine.py/identity,True
runs\6\i1\attempts\06\builder\refinement_engine.py/identity,True
runs\6\i1\attempts\06\builder\candidate.py/identity,True
runs\23\i0\attempts\09\builder\study_engine.py/identity,True
runs\23\i0\attempts\09\builder\parent_engine.py/identity,True
runs\23\i0\attempts\09\builder\revision_one_engine.py/identity,True
runs\23\i0\attempts\09\builder\revision_two_engine.py/identity,True
runs\23\i0\attempts\09\builder\refinement_engine.py/identity,True
runs\23\i0\attempts\09\builder\candidate.py/identity,True
runs\23\i1\attempts\10\builder\study_engine.py/identity,True
runs\23\i1\attempts\10\builder\parent_engine.py/identity,True
runs\23\i1\attempts\10\builder\revision_one_engine.py/identity,True
runs\23\i1\attempts\10\builder\revision_two_engine.py/identity,True
runs\23\i1\attempts\10\builder\refinement_engine.py/identity,True
runs\23\i1\attempts\10\builder\candidate.py/identity,True
runs\23\parent\attempts\09\builder\study_engine.py/identity,True
runs\23\parent\attempts\09\builder\parent_engine.py/identity,True
runs\23\parent\attempts\09\builder\revision_one_engine.py/identity,True
runs\23\parent\attempts\09\builder\revision_two_engine.py/identity,True
runs\23\parent\attempts\09\builder\refinement_engine.py/identity,True
runs\23\parent\attempts\09\builder\candidate.py/identity,True
runs\31\i1\attempts\12\builder\study_engine.py/identity,True
runs\31\i1\attempts\12\builder\parent_engine.py/identity,True
runs\31\i1\attempts\12\builder\revision_one_engine.py/identity,True
runs\31\i1\attempts\12\builder\revision_two_engine.py/identity,True
runs\31\i1\attempts\12\builder\refinement_engine.py/identity,True
runs\31\i1\attempts\12\builder\candidate.py/identity,True
runs\31\parent\attempts\12\builder\study_engine.py/identity,True
runs\31\parent\attempts\12\builder\parent_engine.py/identity,True
runs\31\parent\attempts\12\builder\revision_one_engine.py/identity,True
runs\31\parent\attempts\12\builder\revision_two_engine.py/identity,True
runs\31\parent\attempts\12\builder\refinement_engine.py/identity,True
runs\31\parent\attempts\12\builder\candidate.py/identity,True
runs\31\i0\attempts\12\builder\study_engine.py/identity,True
runs\31\i0\attempts\12\builder\parent_engine.py/identity,True
runs\31\i0\attempts\12\builder\revision_one_engine.py/identity,True
runs\31\i0\attempts\12\builder\revision_two_engine.py/identity,True
runs\31\i0\attempts\12\builder\refinement_engine.py/identity,True
runs\31\i0\attempts\12\builder\candidate.py/identity,True
runs\361235\parent\attempts\05\builder\study_engine.py/identity,True
runs\361235\parent\attempts\05\builder\parent_engine.py/identity,True
runs\361235\parent\attempts\05\builder\revision_one_engine.py/identity,True
runs\361235\parent\attempts\05\builder\revision_two_engine.py/identity,True
runs\361235\parent\attempts\05\builder\refinement_engine.py/identity,True
runs\361235\parent\attempts\05\builder\candidate.py/identity,True
runs\361235\i0\attempts\05\builder\study_engine.py/identity,True
runs\361235\i0\attempts\05\builder\parent_engine.py/identity,True
runs\361235\i0\attempts\05\builder\revision_one_engine.py/identity,True
runs\361235\i0\attempts\05\builder\revision_two_engine.py/identity,True
runs\361235\i0\attempts\05\builder\refinement_engine.py/identity,True
runs\361235\i0\attempts\05\builder\candidate.py/identity,True
runs\361235\i1\attempts\05\builder\study_engine.py/identity,True
runs\361235\i1\attempts\05\builder\parent_engine.py/identity,True
runs\361235\i1\attempts\05\builder\revision_one_engine.py/identity,True
runs\361235\i1\attempts\05\builder\revision_two_engine.py/identity,True
runs\361235\i1\attempts\05\builder\refinement_engine.py/identity,True
runs\361235\i1\attempts\05\builder\candidate.py/identity,True
runs\361237\i0\attempts\06\builder\study_engine.py/identity,True
runs\361237\i0\attempts\06\builder\parent_engine.py/identity,True
runs\361237\i0\attempts\06\builder\revision_one_engine.py/identity,True
runs\361237\i0\attempts\06\builder\revision_two_engine.py/identity,True
runs\361237\i0\attempts\06\builder\refinement_engine.py/identity,True
runs\361237\i0\attempts\06\builder\candidate.py/identity,True
runs\361237\i1\attempts\06\builder\study_engine.py/identity,True
runs\361237\i1\attempts\06\builder\parent_engine.py/identity,True
runs\361237\i1\attempts\06\builder\revision_one_engine.py/identity,True
runs\361237\i1\attempts\06\builder\revision_two_engine.py/identity,True
runs\361237\i1\attempts\06\builder\refinement_engine.py/identity,True
runs\361237\i1\attempts\06\builder\candidate.py/identity,True
runs\361237\parent\attempts\06\builder\study_engine.py/identity,True
runs\361237\parent\attempts\06\builder\parent_engine.py/identity,True
runs\361237\parent\attempts\06\builder\revision_one_engine.py/identity,True
runs\361237\parent\attempts\06\builder\revision_two_engine.py/identity,True
runs\361237\parent\attempts\06\builder\refinement_engine.py/identity,True
runs\361237\parent\attempts\06\builder\candidate.py/identity,True
runs\361247\i1\attempts\05\builder\study_engine.py/identity,True
runs\361247\i1\attempts\05\builder\parent_engine.py/identity,True
runs\361247\i1\attempts\05\builder\revision_one_engine.py/identity,True
runs\361247\i1\attempts\05\builder\revision_two_engine.py/identity,True
runs\361247\i1\attempts\05\builder\refinement_engine.py/identity,True
runs\361247\i1\attempts\05\builder\candidate.py/identity,True
runs\361247\parent\attempts\05\builder\study_engine.py/identity,True
runs\361247\parent\attempts\05\builder\parent_engine.py/identity,True
runs\361247\parent\attempts\05\builder\revision_one_engine.py/identity,True
runs\361247\parent\attempts\05\builder\revision_two_engine.py/identity,True
runs\361247\parent\attempts\05\builder\refinement_engine.py/identity,True
runs\361247\parent\attempts\05\builder\candidate.py/identity,True
runs\361247\i0\attempts\05\builder\study_engine.py/identity,True
runs\361247\i0\attempts\05\builder\parent_engine.py/identity,True
runs\361247\i0\attempts\05\builder\revision_one_engine.py/identity,True
runs\361247\i0\attempts\05\builder\revision_two_engine.py/identity,True
runs\361247\i0\attempts\05\builder\refinement_engine.py/identity,True
runs\361247\i0\attempts\05\builder\candidate.py/identity,True
allocation,True
declared_tasks_and_arms,True
choices,True
worker_limits,True
no_search_final_predictions,True
6/i0/executed_source,True
6/i0/ordered_steps,True
6/i0/distinct_constructors,True
6/i0/serial_bounds,True
6/i0/incumbent_exists,True
6/i0/selection,True
runs\6\i0\attempts\01\BUILDER-FREEZE.csv/unique,True
runs\6\i0\attempts\01\builder\candidate.py/identity,True
runs\6\i0\attempts\01\builder\parent_engine.py/identity,True
runs\6\i0\attempts\01\builder\refinement_engine.py/identity,True
runs\6\i0\attempts\01\builder\revision_one_engine.py/identity,True
runs\6\i0\attempts\01\builder\revision_two_engine.py/identity,True
runs\6\i0\attempts\01\builder\study_engine.py/identity,True
6/i0/1/candidate,True
6/i0/1/admission,True
6/i0/1/parent,True
6/i0/1/inherited/study_engine.py,True
6/i0/1/inherited/parent_engine.py,True
6/i0/1/inherited/revision_one_engine.py,True
6/i0/1/inherited/revision_two_engine.py,True
6/i0/1/inherited/refinement_engine.py,True
runs\6\i0\attempts\01/splits,True
runs\6\i0\attempts\01/train/rows,True
runs\6\i0\attempts\01/train/truth,True
runs\6\i0\attempts\01/train/labels,True
runs\6\i0\attempts\01/train/metric,True
runs\6\i0\attempts\01/train/ledger,True
runs\6\i0\attempts\01/selection/rows,True
runs\6\i0\attempts\01/selection/truth,True
runs\6\i0\attempts\01/selection/labels,True
runs\6\i0\attempts\01/selection/metric,True
runs\6\i0\attempts\01/selection/ledger,True
runs\6\i0\attempts\02\BUILDER-FREEZE.csv/unique,True
runs\6\i0\attempts\02\builder\candidate.py/identity,True
runs\6\i0\attempts\02\builder\parent_engine.py/identity,True
runs\6\i0\attempts\02\builder\refinement_engine.py/identity,True
runs\6\i0\attempts\02\builder\revision_one_engine.py/identity,True
runs\6\i0\attempts\02\builder\revision_two_engine.py/identity,True
runs\6\i0\attempts\02\builder\study_engine.py/identity,True
6/i0/2/candidate,True
6/i0/2/admission,True
6/i0/2/parent,True
6/i0/2/inherited/study_engine.py,True
6/i0/2/inherited/parent_engine.py,True
6/i0/2/inherited/revision_one_engine.py,True
6/i0/2/inherited/revision_two_engine.py,True
6/i0/2/inherited/refinement_engine.py,True
runs\6\i0\attempts\02/splits,True
runs\6\i0\attempts\02/train/rows,True
runs\6\i0\attempts\02/train/truth,True
runs\6\i0\attempts\02/train/labels,True
runs\6\i0\attempts\02/train/metric,True
runs\6\i0\attempts\02/train/ledger,True
runs\6\i0\attempts\02/selection/rows,True
runs\6\i0\attempts\02/selection/truth,True
runs\6\i0\attempts\02/selection/labels,True
runs\6\i0\attempts\02/selection/metric,True
runs\6\i0\attempts\02/selection/ledger,True
runs\6\i0\attempts\03\BUILDER-FREEZE.csv/unique,True
runs\6\i0\attempts\03\builder\candidate.py/identity,True
runs\6\i0\attempts\03\builder\parent_engine.py/identity,True
runs\6\i0\attempts\03\builder\refinement_engine.py/identity,True
runs\6\i0\attempts\03\builder\revision_one_engine.py/identity,True
runs\6\i0\attempts\03\builder\revision_two_engine.py/identity,True
runs\6\i0\attempts\03\builder\study_engine.py/identity,True
6/i0/3/candidate,True
6/i0/3/admission,True
6/i0/3/parent,True
6/i0/3/inherited/study_engine.py,True
6/i0/3/inherited/parent_engine.py,True
6/i0/3/inherited/revision_one_engine.py,True
6/i0/3/inherited/revision_two_engine.py,True
6/i0/3/inherited/refinement_engine.py,True
runs\6\i0\attempts\03/splits,True
runs\6\i0\attempts\03/train/rows,True
runs\6\i0\attempts\03/train/truth,True
runs\6\i0\attempts\03/train/labels,True
runs\6\i0\attempts\03/train/metric,True
runs\6\i0\attempts\03/train/ledger,True
runs\6\i0\attempts\03/selection/rows,True
runs\6\i0\attempts\03/selection/truth,True
runs\6\i0\attempts\03/selection/labels,True
runs\6\i0\attempts\03/selection/metric,True
runs\6\i0\attempts\03/selection/ledger,True
runs\6\i0\attempts\04\BUILDER-FREEZE.csv/unique,True
runs\6\i0\attempts\04\builder\candidate.py/identity,True
runs\6\i0\attempts\04\builder\parent_engine.py/identity,True
runs\6\i0\attempts\04\builder\refinement_engine.py/identity,True
runs\6\i0\attempts\04\builder\revision_one_engine.py/identity,True
runs\6\i0\attempts\04\builder\revision_two_engine.py/identity,True
runs\6\i0\attempts\04\builder\study_engine.py/identity,True
6/i0/4/candidate,True
6/i0/4/admission,True
6/i0/4/parent,True
6/i0/4/inherited/study_engine.py,True
6/i0/4/inherited/parent_engine.py,True
6/i0/4/inherited/revision_one_engine.py,True
6/i0/4/inherited/revision_two_engine.py,True
6/i0/4/inherited/refinement_engine.py,True
runs\6\i0\attempts\04/splits,True
runs\6\i0\attempts\04/train/rows,True
runs\6\i0\attempts\04/train/truth,True
runs\6\i0\attempts\04/train/labels,True
runs\6\i0\attempts\04/train/metric,True
runs\6\i0\attempts\04/train/ledger,True
runs\6\i0\attempts\04/selection/rows,True
runs\6\i0\attempts\04/selection/truth,True
runs\6\i0\attempts\04/selection/labels,True
runs\6\i0\attempts\04/selection/metric,True
runs\6\i0\attempts\04/selection/ledger,True
runs\6\i0\attempts\05\BUILDER-FREEZE.csv/unique,True
runs\6\i0\attempts\05\builder\candidate.py/identity,True
runs\6\i0\attempts\05\builder\parent_engine.py/identity,True
runs\6\i0\attempts\05\builder\refinement_engine.py/identity,True
runs\6\i0\attempts\05\builder\revision_one_engine.py/identity,True
runs\6\i0\attempts\05\builder\revision_two_engine.py/identity,True
runs\6\i0\attempts\05\builder\study_engine.py/identity,True
6/i0/5/candidate,True
6/i0/5/admission,True
6/i0/5/parent,True
6/i0/5/inherited/study_engine.py,True
6/i0/5/inherited/parent_engine.py,True
6/i0/5/inherited/revision_one_engine.py,True
6/i0/5/inherited/revision_two_engine.py,True
6/i0/5/inherited/refinement_engine.py,True
runs\6\i0\attempts\05/splits,True
runs\6\i0\attempts\05/train/rows,True
runs\6\i0\attempts\05/train/truth,True
runs\6\i0\attempts\05/train/labels,True
runs\6\i0\attempts\05/train/metric,True
runs\6\i0\attempts\05/train/ledger,True
runs\6\i0\attempts\05/selection/rows,True
runs\6\i0\attempts\05/selection/truth,True
runs\6\i0\attempts\05/selection/labels,True
runs\6\i0\attempts\05/selection/metric,True
runs\6\i0\attempts\05/selection/ledger,True
runs\6\i0\attempts\06\BUILDER-FREEZE.csv/unique,True
runs\6\i0\attempts\06\builder\candidate.py/identity,True
runs\6\i0\attempts\06\builder\parent_engine.py/identity,True
runs\6\i0\attempts\06\builder\refinement_engine.py/identity,True
runs\6\i0\attempts\06\builder\revision_one_engine.py/identity,True
runs\6\i0\attempts\06\builder\revision_two_engine.py/identity,True
runs\6\i0\attempts\06\builder\study_engine.py/identity,True
6/i0/6/candidate,True
6/i0/6/admission,True
6/i0/6/parent,True
6/i0/6/inherited/study_engine.py,True
6/i0/6/inherited/parent_engine.py,True
6/i0/6/inherited/revision_one_engine.py,True
6/i0/6/inherited/revision_two_engine.py,True
6/i0/6/inherited/refinement_engine.py,True
runs\6\i0\attempts\06/splits,True
runs\6\i0\attempts\06/train/rows,True
runs\6\i0\attempts\06/train/truth,True
runs\6\i0\attempts\06/train/labels,True
runs\6\i0\attempts\06/train/metric,True
runs\6\i0\attempts\06/train/ledger,True
runs\6\i0\attempts\06/selection/rows,True
runs\6\i0\attempts\06/selection/truth,True
runs\6\i0\attempts\06/selection/labels,True
runs\6\i0\attempts\06/selection/metric,True
runs\6\i0\attempts\06/selection/ledger,True
runs\6\i0\attempts\07\BUILDER-FREEZE.csv/unique,True
runs\6\i0\attempts\07\builder\candidate.py/identity,True
runs\6\i0\attempts\07\builder\parent_engine.py/identity,True
runs\6\i0\attempts\07\builder\refinement_engine.py/identity,True
runs\6\i0\attempts\07\builder\revision_one_engine.py/identity,True
runs\6\i0\attempts\07\builder\revision_two_engine.py/identity,True
runs\6\i0\attempts\07\builder\study_engine.py/identity,True
6/i0/7/candidate,True
6/i0/7/admission,True
6/i0/7/parent,True
6/i0/7/inherited/study_engine.py,True
6/i0/7/inherited/parent_engine.py,True
6/i0/7/inherited/revision_one_engine.py,True
6/i0/7/inherited/revision_two_engine.py,True
6/i0/7/inherited/refinement_engine.py,True
runs\6\i0\attempts\07/splits,True
runs\6\i0\attempts\07/train/rows,True
runs\6\i0\attempts\07/train/truth,True
runs\6\i0\attempts\07/train/labels,True
runs\6\i0\attempts\07/train/metric,True
runs\6\i0\attempts\07/train/ledger,True
runs\6\i0\attempts\07/selection/rows,True
runs\6\i0\attempts\07/selection/truth,True
runs\6\i0\attempts\07/selection/labels,True
runs\6\i0\attempts\07/selection/metric,True
runs\6\i0\attempts\07/selection/ledger,True
runs\6\i0\attempts\08\BUILDER-FREEZE.csv/unique,True
runs\6\i0\attempts\08\builder\candidate.py/identity,True
runs\6\i0\attempts\08\builder\parent_engine.py/identity,True
runs\6\i0\attempts\08\builder\refinement_engine.py/identity,True
runs\6\i0\attempts\08\builder\revision_one_engine.py/identity,True
runs\6\i0\attempts\08\builder\revision_two_engine.py/identity,True
runs\6\i0\attempts\08\builder\study_engine.py/identity,True
6/i0/8/candidate,True
6/i0/8/admission,True
6/i0/8/parent,True
6/i0/8/inherited/study_engine.py,True
6/i0/8/inherited/parent_engine.py,True
6/i0/8/inherited/revision_one_engine.py,True
6/i0/8/inherited/revision_two_engine.py,True
6/i0/8/inherited/refinement_engine.py,True
runs\6\i0\attempts\08/splits,True
runs\6\i0\attempts\08/train/rows,True
runs\6\i0\attempts\08/train/truth,True
runs\6\i0\attempts\08/train/labels,True
runs\6\i0\attempts\08/train/metric,True
runs\6\i0\attempts\08/train/ledger,True
runs\6\i0\attempts\08/selection/rows,True
runs\6\i0\attempts\08/selection/truth,True
runs\6\i0\attempts\08/selection/labels,True
runs\6\i0\attempts\08/selection/metric,True
runs\6\i0\attempts\08/selection/ledger,True
runs\6\i0\attempts\09\BUILDER-FREEZE.csv/unique,True
runs\6\i0\attempts\09\builder\candidate.py/identity,True
runs\6\i0\attempts\09\builder\parent_engine.py/identity,True
runs\6\i0\attempts\09\builder\refinement_engine.py/identity,True
runs\6\i0\attempts\09\builder\revision_one_engine.py/identity,True
runs\6\i0\attempts\09\builder\revision_two_engine.py/identity,True
runs\6\i0\attempts\09\builder\study_engine.py/identity,True
6/i0/9/candidate,True
6/i0/9/admission,True
6/i0/9/parent,True
6/i0/9/inherited/study_engine.py,True
6/i0/9/inherited/parent_engine.py,True
6/i0/9/inherited/revision_one_engine.py,True
6/i0/9/inherited/revision_two_engine.py,True
6/i0/9/inherited/refinement_engine.py,True
6/i0/9/parent_candidate,True
runs\6\i0\attempts\09/splits,True
runs\6\i0\attempts\09/train/rows,True
runs\6\i0\attempts\09/train/truth,True
runs\6\i0\attempts\09/train/labels,True
runs\6\i0\attempts\09/train/metric,True
runs\6\i0\attempts\09/train/ledger,True
runs\6\i0\attempts\09/selection/rows,True
runs\6\i0\attempts\09/selection/truth,True
runs\6\i0\attempts\09/selection/labels,True
runs\6\i0\attempts\09/selection/metric,True
runs\6\i0\attempts\09/selection/ledger,True
runs\6\i0\attempts\10\BUILDER-FREEZE.csv/unique,True
runs\6\i0\attempts\10\builder\candidate.py/identity,True
runs\6\i0\attempts\10\builder\parent_engine.py/identity,True
runs\6\i0\attempts\10\builder\refinement_engine.py/identity,True
runs\6\i0\attempts\10\builder\revision_one_engine.py/identity,True
runs\6\i0\attempts\10\builder\revision_two_engine.py/identity,True
runs\6\i0\attempts\10\builder\study_engine.py/identity,True
6/i0/10/candidate,True
6/i0/10/admission,True
6/i0/10/parent,True
6/i0/10/inherited/study_engine.py,True
6/i0/10/inherited/parent_engine.py,True
6/i0/10/inherited/revision_one_engine.py,True
6/i0/10/inherited/revision_two_engine.py,True
6/i0/10/inherited/refinement_engine.py,True
6/i0/10/parent_candidate,True
runs\6\i0\attempts\10/splits,True
runs\6\i0\attempts\10/train/rows,True
runs\6\i0\attempts\10/train/truth,True
runs\6\i0\attempts\10/train/labels,True
runs\6\i0\attempts\10/train/metric,True
runs\6\i0\attempts\10/train/ledger,True
runs\6\i0\attempts\10/selection/rows,True
runs\6\i0\attempts\10/selection/truth,True
runs\6\i0\attempts\10/selection/labels,True
runs\6\i0\attempts\10/selection/metric,True
runs\6\i0\attempts\10/selection/ledger,True
runs\6\i0\attempts\11\BUILDER-FREEZE.csv/unique,True
runs\6\i0\attempts\11\builder\candidate.py/identity,True
runs\6\i0\attempts\11\builder\parent_engine.py/identity,True
runs\6\i0\attempts\11\builder\refinement_engine.py/identity,True
runs\6\i0\attempts\11\builder\revision_one_engine.py/identity,True
runs\6\i0\attempts\11\builder\revision_two_engine.py/identity,True
runs\6\i0\attempts\11\builder\study_engine.py/identity,True
6/i0/11/candidate,True
6/i0/11/admission,True
6/i0/11/parent,True
6/i0/11/inherited/study_engine.py,True
6/i0/11/inherited/parent_engine.py,True
6/i0/11/inherited/revision_one_engine.py,True
6/i0/11/inherited/revision_two_engine.py,True
6/i0/11/inherited/refinement_engine.py,True
6/i0/11/parent_candidate,True
runs\6\i0\attempts\11/splits,True
runs\6\i0\attempts\11/train/rows,True
runs\6\i0\attempts\11/train/truth,True
runs\6\i0\attempts\11/train/labels,True
runs\6\i0\attempts\11/train/metric,True
runs\6\i0\attempts\11/train/ledger,True
runs\6\i0\attempts\11/selection/rows,True
runs\6\i0\attempts\11/selection/truth,True
runs\6\i0\attempts\11/selection/labels,True
runs\6\i0\attempts\11/selection/metric,True
runs\6\i0\attempts\11/selection/ledger,True
runs\6\i0\attempts\12\BUILDER-FREEZE.csv/unique,True
runs\6\i0\attempts\12\builder\candidate.py/identity,True
runs\6\i0\attempts\12\builder\parent_engine.py/identity,True
runs\6\i0\attempts\12\builder\refinement_engine.py/identity,True
runs\6\i0\attempts\12\builder\revision_one_engine.py/identity,True
runs\6\i0\attempts\12\builder\revision_two_engine.py/identity,True
runs\6\i0\attempts\12\builder\study_engine.py/identity,True
6/i0/12/candidate,True
6/i0/12/admission,True
6/i0/12/parent,True
6/i0/12/inherited/study_engine.py,True
6/i0/12/inherited/parent_engine.py,True
6/i0/12/inherited/revision_one_engine.py,True
6/i0/12/inherited/revision_two_engine.py,True
6/i0/12/inherited/refinement_engine.py,True
6/i0/12/parent_candidate,True
runs\6\i0\attempts\12/splits,True
runs\6\i0\attempts\12/train/rows,True
runs\6\i0\attempts\12/train/truth,True
runs\6\i0\attempts\12/train/labels,True
runs\6\i0\attempts\12/train/metric,True
runs\6\i0\attempts\12/train/ledger,True
runs\6\i0\attempts\12/selection/rows,True
runs\6\i0\attempts\12/selection/truth,True
runs\6\i0\attempts\12/selection/labels,True
runs\6\i0\attempts\12/selection/metric,True
runs\6\i0\attempts\12/selection/ledger,True
6/i0/1/replayed_choice,True
6/i0/2/replayed_choice,True
6/i0/3/replayed_choice,True
6/i0/4/replayed_choice,True
6/i0/5/replayed_choice,True
6/i0/6/replayed_choice,True
6/i0/7/replayed_choice,True
6/i0/8/replayed_choice,True
6/i0/9/replayed_choice,True
6/i0/10/replayed_choice,True
6/i0/11/replayed_choice,True
6/i0/12/replayed_choice,True
6/i0/replayed_selection,True
6/i0/rejected_count,True
6/i0/rejection/0,True
6/i1/executed_source,True
6/i1/ordered_steps,True
6/i1/distinct_constructors,True
6/i1/serial_bounds,True
6/i1/incumbent_exists,True
6/i1/selection,True
runs\6\i1\attempts\01\BUILDER-FREEZE.csv/unique,True
runs\6\i1\attempts\01\builder\candidate.py/identity,True
runs\6\i1\attempts\01\builder\parent_engine.py/identity,True
runs\6\i1\attempts\01\builder\refinement_engine.py/identity,True
runs\6\i1\attempts\01\builder\revision_one_engine.py/identity,True
runs\6\i1\attempts\01\builder\revision_two_engine.py/identity,True
runs\6\i1\attempts\01\builder\study_engine.py/identity,True
6/i1/1/candidate,True
6/i1/1/admission,True
6/i1/1/parent,True
6/i1/1/inherited/study_engine.py,True
6/i1/1/inherited/parent_engine.py,True
6/i1/1/inherited/revision_one_engine.py,True
6/i1/1/inherited/revision_two_engine.py,True
6/i1/1/inherited/refinement_engine.py,True
runs\6\i1\attempts\01/splits,True
runs\6\i1\attempts\01/train/rows,True
runs\6\i1\attempts\01/train/truth,True
runs\6\i1\attempts\01/train/labels,True
runs\6\i1\attempts\01/train/metric,True
runs\6\i1\attempts\01/train/ledger,True
runs\6\i1\attempts\01/selection/rows,True
runs\6\i1\attempts\01/selection/truth,True
runs\6\i1\attempts\01/selection/labels,True
runs\6\i1\attempts\01/selection/metric,True
runs\6\i1\attempts\01/selection/ledger,True
runs\6\i1\attempts\02\BUILDER-FREEZE.csv/unique,True
runs\6\i1\attempts\02\builder\candidate.py/identity,True
runs\6\i1\attempts\02\builder\parent_engine.py/identity,True
runs\6\i1\attempts\02\builder\refinement_engine.py/identity,True
runs\6\i1\attempts\02\builder\revision_one_engine.py/identity,True
runs\6\i1\attempts\02\builder\revision_two_engine.py/identity,True
runs\6\i1\attempts\02\builder\study_engine.py/identity,True
6/i1/2/candidate,True
6/i1/2/admission,True
6/i1/2/parent,True
6/i1/2/inherited/study_engine.py,True
6/i1/2/inherited/parent_engine.py,True
6/i1/2/inherited/revision_one_engine.py,True
6/i1/2/inherited/revision_two_engine.py,True
6/i1/2/inherited/refinement_engine.py,True
runs\6\i1\attempts\02/splits,True
runs\6\i1\attempts\02/train/rows,True
runs\6\i1\attempts\02/train/truth,True
runs\6\i1\attempts\02/train/labels,True
runs\6\i1\attempts\02/train/metric,True
runs\6\i1\attempts\02/train/ledger,True
runs\6\i1\attempts\02/selection/rows,True
runs\6\i1\attempts\02/selection/truth,True
runs\6\i1\attempts\02/selection/labels,True
runs\6\i1\attempts\02/selection/metric,True
runs\6\i1\attempts\02/selection/ledger,True
runs\6\i1\attempts\03\BUILDER-FREEZE.csv/unique,True
runs\6\i1\attempts\03\builder\candidate.py/identity,True
runs\6\i1\attempts\03\builder\parent_engine.py/identity,True
runs\6\i1\attempts\03\builder\refinement_engine.py/identity,True
runs\6\i1\attempts\03\builder\revision_one_engine.py/identity,True
runs\6\i1\attempts\03\builder\revision_two_engine.py/identity,True
runs\6\i1\attempts\03\builder\study_engine.py/identity,True
6/i1/3/candidate,True
6/i1/3/admission,True
6/i1/3/parent,True
6/i1/3/inherited/study_engine.py,True
6/i1/3/inherited/parent_engine.py,True
6/i1/3/inherited/revision_one_engine.py,True
6/i1/3/inherited/revision_two_engine.py,True
6/i1/3/inherited/refinement_engine.py,True
runs\6\i1\attempts\03/splits,True
runs\6\i1\attempts\03/train/rows,True
runs\6\i1\attempts\03/train/truth,True
runs\6\i1\attempts\03/train/labels,True
runs\6\i1\attempts\03/train/metric,True
runs\6\i1\attempts\03/train/ledger,True
runs\6\i1\attempts\03/selection/rows,True
runs\6\i1\attempts\03/selection/truth,True
runs\6\i1\attempts\03/selection/labels,True
runs\6\i1\attempts\03/selection/metric,True
runs\6\i1\attempts\03/selection/ledger,True
runs\6\i1\attempts\04\BUILDER-FREEZE.csv/unique,True
runs\6\i1\attempts\04\builder\candidate.py/identity,True
runs\6\i1\attempts\04\builder\parent_engine.py/identity,True
runs\6\i1\attempts\04\builder\refinement_engine.py/identity,True
runs\6\i1\attempts\04\builder\revision_one_engine.py/identity,True
runs\6\i1\attempts\04\builder\revision_two_engine.py/identity,True
runs\6\i1\attempts\04\builder\study_engine.py/identity,True
6/i1/4/candidate,True
6/i1/4/admission,True
6/i1/4/parent,True
6/i1/4/inherited/study_engine.py,True
6/i1/4/inherited/parent_engine.py,True
6/i1/4/inherited/revision_one_engine.py,True
6/i1/4/inherited/revision_two_engine.py,True
6/i1/4/inherited/refinement_engine.py,True
runs\6\i1\attempts\04/splits,True
runs\6\i1\attempts\04/train/rows,True
runs\6\i1\attempts\04/train/truth,True
runs\6\i1\attempts\04/train/labels,True
runs\6\i1\attempts\04/train/metric,True
runs\6\i1\attempts\04/train/ledger,True
runs\6\i1\attempts\04/selection/rows,True
runs\6\i1\attempts\04/selection/truth,True
runs\6\i1\attempts\04/selection/labels,True
runs\6\i1\attempts\04/selection/metric,True
runs\6\i1\attempts\04/selection/ledger,True
runs\6\i1\attempts\05\BUILDER-FREEZE.csv/unique,True
runs\6\i1\attempts\05\builder\candidate.py/identity,True
runs\6\i1\attempts\05\builder\parent_engine.py/identity,True
runs\6\i1\attempts\05\builder\refinement_engine.py/identity,True
runs\6\i1\attempts\05\builder\revision_one_engine.py/identity,True
runs\6\i1\attempts\05\builder\revision_two_engine.py/identity,True
runs\6\i1\attempts\05\builder\study_engine.py/identity,True
6/i1/5/candidate,True
6/i1/5/admission,True
6/i1/5/parent,True
6/i1/5/inherited/study_engine.py,True
6/i1/5/inherited/parent_engine.py,True
6/i1/5/inherited/revision_one_engine.py,True
6/i1/5/inherited/revision_two_engine.py,True
6/i1/5/inherited/refinement_engine.py,True
runs\6\i1\attempts\05/splits,True
runs\6\i1\attempts\05/train/rows,True
runs\6\i1\attempts\05/train/truth,True
runs\6\i1\attempts\05/train/labels,True
runs\6\i1\attempts\05/train/metric,True
runs\6\i1\attempts\05/train/ledger,True
runs\6\i1\attempts\05/selection/rows,True
runs\6\i1\attempts\05/selection/truth,True
runs\6\i1\attempts\05/selection/labels,True
runs\6\i1\attempts\05/selection/metric,True
runs\6\i1\attempts\05/selection/ledger,True
runs\6\i1\attempts\06\BUILDER-FREEZE.csv/unique,True
runs\6\i1\attempts\06\builder\candidate.py/identity,True
runs\6\i1\attempts\06\builder\parent_engine.py/identity,True
runs\6\i1\attempts\06\builder\refinement_engine.py/identity,True
runs\6\i1\attempts\06\builder\revision_one_engine.py/identity,True
runs\6\i1\attempts\06\builder\revision_two_engine.py/identity,True
runs\6\i1\attempts\06\builder\study_engine.py/identity,True
6/i1/6/candidate,True
6/i1/6/admission,True
6/i1/6/parent,True
6/i1/6/inherited/study_engine.py,True
6/i1/6/inherited/parent_engine.py,True
6/i1/6/inherited/revision_one_engine.py,True
6/i1/6/inherited/revision_two_engine.py,True
6/i1/6/inherited/refinement_engine.py,True
runs\6\i1\attempts\06/splits,True
runs\6\i1\attempts\06/train/rows,True
runs\6\i1\attempts\06/train/truth,True
runs\6\i1\attempts\06/train/labels,True
runs\6\i1\attempts\06/train/metric,True
runs\6\i1\attempts\06/train/ledger,True
runs\6\i1\attempts\06/selection/rows,True
runs\6\i1\attempts\06/selection/truth,True
runs\6\i1\attempts\06/selection/labels,True
runs\6\i1\attempts\06/selection/metric,True
runs\6\i1\attempts\06/selection/ledger,True
runs\6\i1\attempts\07\BUILDER-FREEZE.csv/unique,True
runs\6\i1\attempts\07\builder\candidate.py/identity,True
runs\6\i1\attempts\07\builder\parent_engine.py/identity,True
runs\6\i1\attempts\07\builder\refinement_engine.py/identity,True
runs\6\i1\attempts\07\builder\revision_one_engine.py/identity,True
runs\6\i1\attempts\07\builder\revision_two_engine.py/identity,True
runs\6\i1\attempts\07\builder\study_engine.py/identity,True
6/i1/7/candidate,True
6/i1/7/admission,True
6/i1/7/parent,True
6/i1/7/inherited/study_engine.py,True
6/i1/7/inherited/parent_engine.py,True
6/i1/7/inherited/revision_one_engine.py,True
6/i1/7/inherited/revision_two_engine.py,True
6/i1/7/inherited/refinement_engine.py,True
runs\6\i1\attempts\07/splits,True
runs\6\i1\attempts\07/train/rows,True
runs\6\i1\attempts\07/train/truth,True
runs\6\i1\attempts\07/train/labels,True
runs\6\i1\attempts\07/train/metric,True
runs\6\i1\attempts\07/train/ledger,True
runs\6\i1\attempts\07/selection/rows,True
runs\6\i1\attempts\07/selection/truth,True
runs\6\i1\attempts\07/selection/labels,True
runs\6\i1\attempts\07/selection/metric,True
runs\6\i1\attempts\07/selection/ledger,True
runs\6\i1\attempts\08\BUILDER-FREEZE.csv/unique,True
runs\6\i1\attempts\08\builder\candidate.py/identity,True
runs\6\i1\attempts\08\builder\parent_engine.py/identity,True
runs\6\i1\attempts\08\builder\refinement_engine.py/identity,True
runs\6\i1\attempts\08\builder\revision_one_engine.py/identity,True
runs\6\i1\attempts\08\builder\revision_two_engine.py/identity,True
runs\6\i1\attempts\08\builder\study_engine.py/identity,True
6/i1/8/candidate,True
6/i1/8/admission,True
6/i1/8/parent,True
6/i1/8/inherited/study_engine.py,True
6/i1/8/inherited/parent_engine.py,True
6/i1/8/inherited/revision_one_engine.py,True
6/i1/8/inherited/revision_two_engine.py,True
6/i1/8/inherited/refinement_engine.py,True
runs\6\i1\attempts\08/splits,True
runs\6\i1\attempts\08/train/rows,True
runs\6\i1\attempts\08/train/truth,True
runs\6\i1\attempts\08/train/labels,True
runs\6\i1\attempts\08/train/metric,True
runs\6\i1\attempts\08/train/ledger,True
runs\6\i1\attempts\08/selection/rows,True
runs\6\i1\attempts\08/selection/truth,True
runs\6\i1\attempts\08/selection/labels,True
runs\6\i1\attempts\08/selection/metric,True
runs\6\i1\attempts\08/selection/ledger,True
runs\6\i1\attempts\09\BUILDER-FREEZE.csv/unique,True
runs\6\i1\attempts\09\builder\candidate.py/identity,True
runs\6\i1\attempts\09\builder\parent_engine.py/identity,True
runs\6\i1\attempts\09\builder\refinement_engine.py/identity,True
runs\6\i1\attempts\09\builder\revision_one_engine.py/identity,True
runs\6\i1\attempts\09\builder\revision_two_engine.py/identity,True
runs\6\i1\attempts\09\builder\study_engine.py/identity,True
6/i1/9/candidate,True
6/i1/9/admission,True
6/i1/9/parent,True
6/i1/9/inherited/study_engine.py,True
6/i1/9/inherited/parent_engine.py,True
6/i1/9/inherited/revision_one_engine.py,True
6/i1/9/inherited/revision_two_engine.py,True
6/i1/9/inherited/refinement_engine.py,True
runs\6\i1\attempts\09/splits,True
runs\6\i1\attempts\09/train/rows,True
runs\6\i1\attempts\09/train/truth,True
runs\6\i1\attempts\09/train/labels,True
runs\6\i1\attempts\09/train/metric,True
runs\6\i1\attempts\09/train/ledger,True
runs\6\i1\attempts\09/selection/rows,True
runs\6\i1\attempts\09/selection/truth,True
runs\6\i1\attempts\09/selection/labels,True
runs\6\i1\attempts\09/selection/metric,True
runs\6\i1\attempts\09/selection/ledger,True
runs\6\i1\attempts\10\BUILDER-FREEZE.csv/unique,True
runs\6\i1\attempts\10\builder\candidate.py/identity,True
runs\6\i1\attempts\10\builder\parent_engine.py/identity,True
runs\6\i1\attempts\10\builder\refinement_engine.py/identity,True
runs\6\i1\attempts\10\builder\revision_one_engine.py/identity,True
runs\6\i1\attempts\10\builder\revision_two_engine.py/identity,True
runs\6\i1\attempts\10\builder\study_engine.py/identity,True
6/i1/10/candidate,True
6/i1/10/admission,True
6/i1/10/parent,True
6/i1/10/inherited/study_engine.py,True
6/i1/10/inherited/parent_engine.py,True
6/i1/10/inherited/revision_one_engine.py,True
6/i1/10/inherited/revision_two_engine.py,True
6/i1/10/inherited/refinement_engine.py,True
runs\6\i1\attempts\10/splits,True
runs\6\i1\attempts\10/train/rows,True
runs\6\i1\attempts\10/train/truth,True
runs\6\i1\attempts\10/train/labels,True
runs\6\i1\attempts\10/train/metric,True
runs\6\i1\attempts\10/train/ledger,True
runs\6\i1\attempts\10/selection/rows,True
runs\6\i1\attempts\10/selection/truth,True
runs\6\i1\attempts\10/selection/labels,True
runs\6\i1\attempts\10/selection/metric,True
runs\6\i1\attempts\10/selection/ledger,True
runs\6\i1\attempts\11\BUILDER-FREEZE.csv/unique,True
runs\6\i1\attempts\11\builder\candidate.py/identity,True
runs\6\i1\attempts\11\builder\parent_engine.py/identity,True
runs\6\i1\attempts\11\builder\refinement_engine.py/identity,True
runs\6\i1\attempts\11\builder\revision_one_engine.py/identity,True
runs\6\i1\attempts\11\builder\revision_two_engine.py/identity,True
runs\6\i1\attempts\11\builder\study_engine.py/identity,True
6/i1/11/candidate,True
6/i1/11/admission,True
6/i1/11/parent,True
6/i1/11/inherited/study_engine.py,True
6/i1/11/inherited/parent_engine.py,True
6/i1/11/inherited/revision_one_engine.py,True
6/i1/11/inherited/revision_two_engine.py,True
6/i1/11/inherited/refinement_engine.py,True
6/i1/11/parent_candidate,True
runs\6\i1\attempts\11/splits,True
runs\6\i1\attempts\11/train/rows,True
runs\6\i1\attempts\11/train/truth,True
runs\6\i1\attempts\11/train/labels,True
runs\6\i1\attempts\11/train/metric,True
runs\6\i1\attempts\11/train/ledger,True
runs\6\i1\attempts\11/selection/rows,True
runs\6\i1\attempts\11/selection/truth,True
runs\6\i1\attempts\11/selection/labels,True
runs\6\i1\attempts\11/selection/metric,True
runs\6\i1\attempts\11/selection/ledger,True
runs\6\i1\attempts\12\BUILDER-FREEZE.csv/unique,True
runs\6\i1\attempts\12\builder\candidate.py/identity,True
runs\6\i1\attempts\12\builder\parent_engine.py/identity,True
runs\6\i1\attempts\12\builder\refinement_engine.py/identity,True
runs\6\i1\attempts\12\builder\revision_one_engine.py/identity,True
runs\6\i1\attempts\12\builder\revision_two_engine.py/identity,True
runs\6\i1\attempts\12\builder\study_engine.py/identity,True
6/i1/12/candidate,True
6/i1/12/admission,True
6/i1/12/parent,True
6/i1/12/inherited/study_engine.py,True
6/i1/12/inherited/parent_engine.py,True
6/i1/12/inherited/revision_one_engine.py,True
6/i1/12/inherited/revision_two_engine.py,True
6/i1/12/inherited/refinement_engine.py,True
6/i1/12/parent_candidate,True
runs\6\i1\attempts\12/splits,True
runs\6\i1\attempts\12/train/rows,True
runs\6\i1\attempts\12/train/truth,True
runs\6\i1\attempts\12/train/labels,True
runs\6\i1\attempts\12/train/metric,True
runs\6\i1\attempts\12/train/ledger,True
runs\6\i1\attempts\12/selection/rows,True
runs\6\i1\attempts\12/selection/truth,True
runs\6\i1\attempts\12/selection/labels,True
runs\6\i1\attempts\12/selection/metric,True
runs\6\i1\attempts\12/selection/ledger,True
6/i1/1/replayed_choice,True
6/i1/2/replayed_choice,True
6/i1/3/replayed_choice,True
6/i1/4/replayed_choice,True
6/i1/5/replayed_choice,True
6/i1/6/replayed_choice,True
6/i1/7/replayed_choice,True
6/i1/8/replayed_choice,True
6/i1/9/replayed_choice,True
6/i1/10/replayed_choice,True
6/i1/11/replayed_choice,True
6/i1/12/replayed_choice,True
6/i1/replayed_selection,True
6/i1/rejected_count,True
6/i1/rejection/0,True
6/i1/rejection/1,True
6/i1/rejection/2,True
6/parent/executed_source,True
6/parent/ordered_steps,True
6/parent/distinct_constructors,True
6/parent/serial_bounds,True
6/parent/incumbent_exists,True
6/parent/selection,True
runs\6\parent\attempts\01\BUILDER-FREEZE.csv/unique,True
runs\6\parent\attempts\01\builder\candidate.py/identity,True
runs\6\parent\attempts\01\builder\parent_engine.py/identity,True
runs\6\parent\attempts\01\builder\refinement_engine.py/identity,True
runs\6\parent\attempts\01\builder\revision_one_engine.py/identity,True
runs\6\parent\attempts\01\builder\revision_two_engine.py/identity,True
runs\6\parent\attempts\01\builder\study_engine.py/identity,True
6/parent/1/candidate,True
6/parent/1/admission,True
6/parent/1/parent,True
6/parent/1/inherited/study_engine.py,True
6/parent/1/inherited/parent_engine.py,True
6/parent/1/inherited/revision_one_engine.py,True
6/parent/1/inherited/revision_two_engine.py,True
6/parent/1/inherited/refinement_engine.py,True
runs\6\parent\attempts\01/splits,True
runs\6\parent\attempts\01/train/rows,True
runs\6\parent\attempts\01/train/truth,True
runs\6\parent\attempts\01/train/labels,True
runs\6\parent\attempts\01/train/metric,True
runs\6\parent\attempts\01/train/ledger,True
runs\6\parent\attempts\01/selection/rows,True
runs\6\parent\attempts\01/selection/truth,True
runs\6\parent\attempts\01/selection/labels,True
runs\6\parent\attempts\01/selection/metric,True
runs\6\parent\attempts\01/selection/ledger,True
runs\6\parent\attempts\02\BUILDER-FREEZE.csv/unique,True
runs\6\parent\attempts\02\builder\candidate.py/identity,True
runs\6\parent\attempts\02\builder\parent_engine.py/identity,True
runs\6\parent\attempts\02\builder\refinement_engine.py/identity,True
runs\6\parent\attempts\02\builder\revision_one_engine.py/identity,True
runs\6\parent\attempts\02\builder\revision_two_engine.py/identity,True
runs\6\parent\attempts\02\builder\study_engine.py/identity,True
6/parent/2/candidate,True
6/parent/2/admission,True
6/parent/2/parent,True
6/parent/2/inherited/study_engine.py,True
6/parent/2/inherited/parent_engine.py,True
6/parent/2/inherited/revision_one_engine.py,True
6/parent/2/inherited/revision_two_engine.py,True
6/parent/2/inherited/refinement_engine.py,True
runs\6\parent\attempts\02/splits,True
runs\6\parent\attempts\02/train/rows,True
runs\6\parent\attempts\02/train/truth,True
runs\6\parent\attempts\02/train/labels,True
runs\6\parent\attempts\02/train/metric,True
runs\6\parent\attempts\02/train/ledger,True
runs\6\parent\attempts\02/selection/rows,True
runs\6\parent\attempts\02/selection/truth,True
runs\6\parent\attempts\02/selection/labels,True
runs\6\parent\attempts\02/selection/metric,True
runs\6\parent\attempts\02/selection/ledger,True
runs\6\parent\attempts\03\BUILDER-FREEZE.csv/unique,True
runs\6\parent\attempts\03\builder\candidate.py/identity,True
runs\6\parent\attempts\03\builder\parent_engine.py/identity,True
runs\6\parent\attempts\03\builder\refinement_engine.py/identity,True
runs\6\parent\attempts\03\builder\revision_one_engine.py/identity,True
runs\6\parent\attempts\03\builder\revision_two_engine.py/identity,True
runs\6\parent\attempts\03\builder\study_engine.py/identity,True
6/parent/3/candidate,True
6/parent/3/admission,True
6/parent/3/parent,True
6/parent/3/inherited/study_engine.py,True
6/parent/3/inherited/parent_engine.py,True
6/parent/3/inherited/revision_one_engine.py,True
6/parent/3/inherited/revision_two_engine.py,True
6/parent/3/inherited/refinement_engine.py,True
runs\6\parent\attempts\03/splits,True
runs\6\parent\attempts\03/train/rows,True
runs\6\parent\attempts\03/train/truth,True
runs\6\parent\attempts\03/train/labels,True
runs\6\parent\attempts\03/train/metric,True
runs\6\parent\attempts\03/train/ledger,True
runs\6\parent\attempts\03/selection/rows,True
runs\6\parent\attempts\03/selection/truth,True
runs\6\parent\attempts\03/selection/labels,True
runs\6\parent\attempts\03/selection/metric,True
runs\6\parent\attempts\03/selection/ledger,True
runs\6\parent\attempts\04\BUILDER-FREEZE.csv/unique,True
runs\6\parent\attempts\04\builder\candidate.py/identity,True
runs\6\parent\attempts\04\builder\parent_engine.py/identity,True
runs\6\parent\attempts\04\builder\refinement_engine.py/identity,True
runs\6\parent\attempts\04\builder\revision_one_engine.py/identity,True
runs\6\parent\attempts\04\builder\revision_two_engine.py/identity,True
runs\6\parent\attempts\04\builder\study_engine.py/identity,True
6/parent/4/candidate,True
6/parent/4/admission,True
6/parent/4/parent,True
6/parent/4/inherited/study_engine.py,True
6/parent/4/inherited/parent_engine.py,True
6/parent/4/inherited/revision_one_engine.py,True
6/parent/4/inherited/revision_two_engine.py,True
6/parent/4/inherited/refinement_engine.py,True
runs\6\parent\attempts\04/splits,True
runs\6\parent\attempts\04/train/rows,True
runs\6\parent\attempts\04/train/truth,True
runs\6\parent\attempts\04/train/labels,True
runs\6\parent\attempts\04/train/metric,True
runs\6\parent\attempts\04/train/ledger,True
runs\6\parent\attempts\04/selection/rows,True
runs\6\parent\attempts\04/selection/truth,True
runs\6\parent\attempts\04/selection/labels,True
runs\6\parent\attempts\04/selection/metric,True
runs\6\parent\attempts\04/selection/ledger,True
runs\6\parent\attempts\05\BUILDER-FREEZE.csv/unique,True
runs\6\parent\attempts\05\builder\candidate.py/identity,True
runs\6\parent\attempts\05\builder\parent_engine.py/identity,True
runs\6\parent\attempts\05\builder\refinement_engine.py/identity,True
runs\6\parent\attempts\05\builder\revision_one_engine.py/identity,True
runs\6\parent\attempts\05\builder\revision_two_engine.py/identity,True
runs\6\parent\attempts\05\builder\study_engine.py/identity,True
6/parent/5/candidate,True
6/parent/5/admission,True
6/parent/5/parent,True
6/parent/5/inherited/study_engine.py,True
6/parent/5/inherited/parent_engine.py,True
6/parent/5/inherited/revision_one_engine.py,True
6/parent/5/inherited/revision_two_engine.py,True
6/parent/5/inherited/refinement_engine.py,True
runs\6\parent\attempts\05/splits,True
runs\6\parent\attempts\05/train/rows,True
runs\6\parent\attempts\05/train/truth,True
runs\6\parent\attempts\05/train/labels,True
runs\6\parent\attempts\05/train/metric,True
runs\6\parent\attempts\05/train/ledger,True
runs\6\parent\attempts\05/selection/rows,True
runs\6\parent\attempts\05/selection/truth,True
runs\6\parent\attempts\05/selection/labels,True
runs\6\parent\attempts\05/selection/metric,True
runs\6\parent\attempts\05/selection/ledger,True
runs\6\parent\attempts\06\BUILDER-FREEZE.csv/unique,True
runs\6\parent\attempts\06\builder\candidate.py/identity,True
runs\6\parent\attempts\06\builder\parent_engine.py/identity,True
runs\6\parent\attempts\06\builder\refinement_engine.py/identity,True
runs\6\parent\attempts\06\builder\revision_one_engine.py/identity,True
runs\6\parent\attempts\06\builder\revision_two_engine.py/identity,True
runs\6\parent\attempts\06\builder\study_engine.py/identity,True
6/parent/6/candidate,True
6/parent/6/admission,True
6/parent/6/parent,True
6/parent/6/inherited/study_engine.py,True
6/parent/6/inherited/parent_engine.py,True
6/parent/6/inherited/revision_one_engine.py,True
6/parent/6/inherited/revision_two_engine.py,True
6/parent/6/inherited/refinement_engine.py,True
runs\6\parent\attempts\06/splits,True
runs\6\parent\attempts\06/train/rows,True
runs\6\parent\attempts\06/train/truth,True
runs\6\parent\attempts\06/train/labels,True
runs\6\parent\attempts\06/train/metric,True
runs\6\parent\attempts\06/train/ledger,True
runs\6\parent\attempts\06/selection/rows,True
runs\6\parent\attempts\06/selection/truth,True
runs\6\parent\attempts\06/selection/labels,True
runs\6\parent\attempts\06/selection/metric,True
runs\6\parent\attempts\06/selection/ledger,True
runs\6\parent\attempts\07\BUILDER-FREEZE.csv/unique,True
runs\6\parent\attempts\07\builder\candidate.py/identity,True
runs\6\parent\attempts\07\builder\parent_engine.py/identity,True
runs\6\parent\attempts\07\builder\refinement_engine.py/identity,True
runs\6\parent\attempts\07\builder\revision_one_engine.py/identity,True
runs\6\parent\attempts\07\builder\revision_two_engine.py/identity,True
runs\6\parent\attempts\07\builder\study_engine.py/identity,True
6/parent/7/candidate,True
6/parent/7/admission,True
6/parent/7/parent,True
6/parent/7/inherited/study_engine.py,True
6/parent/7/inherited/parent_engine.py,True
6/parent/7/inherited/revision_one_engine.py,True
6/parent/7/inherited/revision_two_engine.py,True
6/parent/7/inherited/refinement_engine.py,True
runs\6\parent\attempts\07/splits,True
runs\6\parent\attempts\07/train/rows,True
runs\6\parent\attempts\07/train/truth,True
runs\6\parent\attempts\07/train/labels,True
runs\6\parent\attempts\07/train/metric,True
runs\6\parent\attempts\07/train/ledger,True
runs\6\parent\attempts\07/selection/rows,True
runs\6\parent\attempts\07/selection/truth,True
runs\6\parent\attempts\07/selection/labels,True
runs\6\parent\attempts\07/selection/metric,True
runs\6\parent\attempts\07/selection/ledger,True
runs\6\parent\attempts\08\BUILDER-FREEZE.csv/unique,True
runs\6\parent\attempts\08\builder\candidate.py/identity,True
runs\6\parent\attempts\08\builder\parent_engine.py/identity,True
runs\6\parent\attempts\08\builder\refinement_engine.py/identity,True
runs\6\parent\attempts\08\builder\revision_one_engine.py/identity,True
runs\6\parent\attempts\08\builder\revision_two_engine.py/identity,True
runs\6\parent\attempts\08\builder\study_engine.py/identity,True
6/parent/8/candidate,True
6/parent/8/admission,True
6/parent/8/parent,True
6/parent/8/inherited/study_engine.py,True
6/parent/8/inherited/parent_engine.py,True
6/parent/8/inherited/revision_one_engine.py,True
6/parent/8/inherited/revision_two_engine.py,True
6/parent/8/inherited/refinement_engine.py,True
runs\6\parent\attempts\08/splits,True
runs\6\parent\attempts\08/train/rows,True
runs\6\parent\attempts\08/train/truth,True
runs\6\parent\attempts\08/train/labels,True
runs\6\parent\attempts\08/train/metric,True
runs\6\parent\attempts\08/train/ledger,True
runs\6\parent\attempts\08/selection/rows,True
runs\6\parent\attempts\08/selection/truth,True
runs\6\parent\attempts\08/selection/labels,True
runs\6\parent\attempts\08/selection/metric,True
runs\6\parent\attempts\08/selection/ledger,True
runs\6\parent\attempts\09\BUILDER-FREEZE.csv/unique,True
runs\6\parent\attempts\09\builder\candidate.py/identity,True
runs\6\parent\attempts\09\builder\parent_engine.py/identity,True
runs\6\parent\attempts\09\builder\refinement_engine.py/identity,True
runs\6\parent\attempts\09\builder\revision_one_engine.py/identity,True
runs\6\parent\attempts\09\builder\revision_two_engine.py/identity,True
runs\6\parent\attempts\09\builder\study_engine.py/identity,True
6/parent/9/candidate,True
6/parent/9/admission,True
6/parent/9/parent,True
6/parent/9/inherited/study_engine.py,True
6/parent/9/inherited/parent_engine.py,True
6/parent/9/inherited/revision_one_engine.py,True
6/parent/9/inherited/revision_two_engine.py,True
6/parent/9/inherited/refinement_engine.py,True
6/parent/9/parent_candidate,True
runs\6\parent\attempts\09/splits,True
runs\6\parent\attempts\09/train/rows,True
runs\6\parent\attempts\09/train/truth,True
runs\6\parent\attempts\09/train/labels,True
runs\6\parent\attempts\09/train/metric,True
runs\6\parent\attempts\09/train/ledger,True
runs\6\parent\attempts\09/selection/rows,True
runs\6\parent\attempts\09/selection/truth,True
runs\6\parent\attempts\09/selection/labels,True
runs\6\parent\attempts\09/selection/metric,True
runs\6\parent\attempts\09/selection/ledger,True
runs\6\parent\attempts\10\BUILDER-FREEZE.csv/unique,True
runs\6\parent\attempts\10\builder\candidate.py/identity,True
runs\6\parent\attempts\10\builder\parent_engine.py/identity,True
runs\6\parent\attempts\10\builder\refinement_engine.py/identity,True
runs\6\parent\attempts\10\builder\revision_one_engine.py/identity,True
runs\6\parent\attempts\10\builder\revision_two_engine.py/identity,True
runs\6\parent\attempts\10\builder\study_engine.py/identity,True
6/parent/10/candidate,True
6/parent/10/admission,True
6/parent/10/parent,True
6/parent/10/inherited/study_engine.py,True
6/parent/10/inherited/parent_engine.py,True
6/parent/10/inherited/revision_one_engine.py,True
6/parent/10/inherited/revision_two_engine.py,True
6/parent/10/inherited/refinement_engine.py,True
6/parent/10/parent_candidate,True
runs\6\parent\attempts\10/splits,True
runs\6\parent\attempts\10/train/rows,True
runs\6\parent\attempts\10/train/truth,True
runs\6\parent\attempts\10/train/labels,True
runs\6\parent\attempts\10/train/metric,True
runs\6\parent\attempts\10/train/ledger,True
runs\6\parent\attempts\10/selection/rows,True
runs\6\parent\attempts\10/selection/truth,True
runs\6\parent\attempts\10/selection/labels,True
runs\6\parent\attempts\10/selection/metric,True
runs\6\parent\attempts\10/selection/ledger,True
runs\6\parent\attempts\11\BUILDER-FREEZE.csv/unique,True
runs\6\parent\attempts\11\builder\candidate.py/identity,True
runs\6\parent\attempts\11\builder\parent_engine.py/identity,True
runs\6\parent\attempts\11\builder\refinement_engine.py/identity,True
runs\6\parent\attempts\11\builder\revision_one_engine.py/identity,True
runs\6\parent\attempts\11\builder\revision_two_engine.py/identity,True
runs\6\parent\attempts\11\builder\study_engine.py/identity,True
6/parent/11/candidate,True
6/parent/11/admission,True
6/parent/11/parent,True
6/parent/11/inherited/study_engine.py,True
6/parent/11/inherited/parent_engine.py,True
6/parent/11/inherited/revision_one_engine.py,True
6/parent/11/inherited/revision_two_engine.py,True
6/parent/11/inherited/refinement_engine.py,True
6/parent/11/parent_candidate,True
runs\6\parent\attempts\11/splits,True
runs\6\parent\attempts\11/train/rows,True
runs\6\parent\attempts\11/train/truth,True
runs\6\parent\attempts\11/train/labels,True
runs\6\parent\attempts\11/train/metric,True
runs\6\parent\attempts\11/train/ledger,True
runs\6\parent\attempts\11/selection/rows,True
runs\6\parent\attempts\11/selection/truth,True
runs\6\parent\attempts\11/selection/labels,True
runs\6\parent\attempts\11/selection/metric,True
runs\6\parent\attempts\11/selection/ledger,True
runs\6\parent\attempts\12\BUILDER-FREEZE.csv/unique,True
runs\6\parent\attempts\12\builder\candidate.py/identity,True
runs\6\parent\attempts\12\builder\parent_engine.py/identity,True
runs\6\parent\attempts\12\builder\refinement_engine.py/identity,True
runs\6\parent\attempts\12\builder\revision_one_engine.py/identity,True
runs\6\parent\attempts\12\builder\revision_two_engine.py/identity,True
runs\6\parent\attempts\12\builder\study_engine.py/identity,True
6/parent/12/candidate,True
6/parent/12/admission,True
6/parent/12/parent,True
6/parent/12/inherited/study_engine.py,True
6/parent/12/inherited/parent_engine.py,True
6/parent/12/inherited/revision_one_engine.py,True
6/parent/12/inherited/revision_two_engine.py,True
6/parent/12/inherited/refinement_engine.py,True
6/parent/12/parent_candidate,True
runs\6\parent\attempts\12/splits,True
runs\6\parent\attempts\12/train/rows,True
runs\6\parent\attempts\12/train/truth,True
runs\6\parent\attempts\12/train/labels,True
runs\6\parent\attempts\12/train/metric,True
runs\6\parent\attempts\12/train/ledger,True
runs\6\parent\attempts\12/selection/rows,True
runs\6\parent\attempts\12/selection/truth,True
runs\6\parent\attempts\12/selection/labels,True
runs\6\parent\attempts\12/selection/metric,True
runs\6\parent\attempts\12/selection/ledger,True
6/parent/1/replayed_choice,True
6/parent/2/replayed_choice,True
6/parent/3/replayed_choice,True
6/parent/4/replayed_choice,True
6/parent/5/replayed_choice,True
6/parent/6/replayed_choice,True
6/parent/7/replayed_choice,True
6/parent/8/replayed_choice,True
6/parent/9/replayed_choice,True
6/parent/10/replayed_choice,True
6/parent/11/replayed_choice,True
6/parent/12/replayed_choice,True
6/parent/replayed_selection,True
6/parent/rejected_count,True
6/parent/rejection/0,True
23/i0/executed_source,True
23/i0/ordered_steps,True
23/i0/distinct_constructors,True
23/i0/serial_bounds,True
23/i0/incumbent_exists,True
23/i0/selection,True
runs\23\i0\attempts\01\BUILDER-FREEZE.csv/unique,True
runs\23\i0\attempts\01\builder\candidate.py/identity,True
runs\23\i0\attempts\01\builder\parent_engine.py/identity,True
runs\23\i0\attempts\01\builder\refinement_engine.py/identity,True
runs\23\i0\attempts\01\builder\revision_one_engine.py/identity,True
runs\23\i0\attempts\01\builder\revision_two_engine.py/identity,True
runs\23\i0\attempts\01\builder\study_engine.py/identity,True
23/i0/1/candidate,True
23/i0/1/admission,True
23/i0/1/parent,True
23/i0/1/inherited/study_engine.py,True
23/i0/1/inherited/parent_engine.py,True
23/i0/1/inherited/revision_one_engine.py,True
23/i0/1/inherited/revision_two_engine.py,True
23/i0/1/inherited/refinement_engine.py,True
runs\23\i0\attempts\01/splits,True
runs\23\i0\attempts\01/train/rows,True
runs\23\i0\attempts\01/train/truth,True
runs\23\i0\attempts\01/train/labels,True
runs\23\i0\attempts\01/train/metric,True
runs\23\i0\attempts\01/train/ledger,True
runs\23\i0\attempts\01/selection/rows,True
runs\23\i0\attempts\01/selection/truth,True
runs\23\i0\attempts\01/selection/labels,True
runs\23\i0\attempts\01/selection/metric,True
runs\23\i0\attempts\01/selection/ledger,True
runs\23\i0\attempts\02\BUILDER-FREEZE.csv/unique,True
runs\23\i0\attempts\02\builder\candidate.py/identity,True
runs\23\i0\attempts\02\builder\parent_engine.py/identity,True
runs\23\i0\attempts\02\builder\refinement_engine.py/identity,True
runs\23\i0\attempts\02\builder\revision_one_engine.py/identity,True
runs\23\i0\attempts\02\builder\revision_two_engine.py/identity,True
runs\23\i0\attempts\02\builder\study_engine.py/identity,True
23/i0/2/candidate,True
23/i0/2/admission,True
23/i0/2/parent,True
23/i0/2/inherited/study_engine.py,True
23/i0/2/inherited/parent_engine.py,True
23/i0/2/inherited/revision_one_engine.py,True
23/i0/2/inherited/revision_two_engine.py,True
23/i0/2/inherited/refinement_engine.py,True
runs\23\i0\attempts\02/splits,True
runs\23\i0\attempts\02/train/rows,True
runs\23\i0\attempts\02/train/truth,True
runs\23\i0\attempts\02/train/labels,True
runs\23\i0\attempts\02/train/metric,True
runs\23\i0\attempts\02/train/ledger,True
runs\23\i0\attempts\02/selection/rows,True
runs\23\i0\attempts\02/selection/truth,True
runs\23\i0\attempts\02/selection/labels,True
runs\23\i0\attempts\02/selection/metric,True
runs\23\i0\attempts\02/selection/ledger,True
runs\23\i0\attempts\03\BUILDER-FREEZE.csv/unique,True
runs\23\i0\attempts\03\builder\candidate.py/identity,True
runs\23\i0\attempts\03\builder\parent_engine.py/identity,True
runs\23\i0\attempts\03\builder\refinement_engine.py/identity,True
runs\23\i0\attempts\03\builder\revision_one_engine.py/identity,True
runs\23\i0\attempts\03\builder\revision_two_engine.py/identity,True
runs\23\i0\attempts\03\builder\study_engine.py/identity,True
23/i0/3/candidate,True
23/i0/3/admission,True
23/i0/3/parent,True
23/i0/3/inherited/study_engine.py,True
23/i0/3/inherited/parent_engine.py,True
23/i0/3/inherited/revision_one_engine.py,True
23/i0/3/inherited/revision_two_engine.py,True
23/i0/3/inherited/refinement_engine.py,True
runs\23\i0\attempts\03/splits,True
runs\23\i0\attempts\03/train/rows,True
runs\23\i0\attempts\03/train/truth,True
runs\23\i0\attempts\03/train/labels,True
runs\23\i0\attempts\03/train/metric,True
runs\23\i0\attempts\03/train/ledger,True
runs\23\i0\attempts\03/selection/rows,True
runs\23\i0\attempts\03/selection/truth,True
runs\23\i0\attempts\03/selection/labels,True
runs\23\i0\attempts\03/selection/metric,True
runs\23\i0\attempts\03/selection/ledger,True
runs\23\i0\attempts\04\BUILDER-FREEZE.csv/unique,True
runs\23\i0\attempts\04\builder\candidate.py/identity,True
runs\23\i0\attempts\04\builder\parent_engine.py/identity,True
runs\23\i0\attempts\04\builder\refinement_engine.py/identity,True
runs\23\i0\attempts\04\builder\revision_one_engine.py/identity,True
runs\23\i0\attempts\04\builder\revision_two_engine.py/identity,True
runs\23\i0\attempts\04\builder\study_engine.py/identity,True
23/i0/4/candidate,True
23/i0/4/admission,True
23/i0/4/parent,True
23/i0/4/inherited/study_engine.py,True
23/i0/4/inherited/parent_engine.py,True
23/i0/4/inherited/revision_one_engine.py,True
23/i0/4/inherited/revision_two_engine.py,True
23/i0/4/inherited/refinement_engine.py,True
runs\23\i0\attempts\04/splits,True
runs\23\i0\attempts\04/train/rows,True
runs\23\i0\attempts\04/train/truth,True
runs\23\i0\attempts\04/train/labels,True
runs\23\i0\attempts\04/train/metric,True
runs\23\i0\attempts\04/train/ledger,True
runs\23\i0\attempts\04/selection/rows,True
runs\23\i0\attempts\04/selection/truth,True
runs\23\i0\attempts\04/selection/labels,True
runs\23\i0\attempts\04/selection/metric,True
runs\23\i0\attempts\04/selection/ledger,True
runs\23\i0\attempts\05\BUILDER-FREEZE.csv/unique,True
runs\23\i0\attempts\05\builder\candidate.py/identity,True
runs\23\i0\attempts\05\builder\parent_engine.py/identity,True
runs\23\i0\attempts\05\builder\refinement_engine.py/identity,True
runs\23\i0\attempts\05\builder\revision_one_engine.py/identity,True
runs\23\i0\attempts\05\builder\revision_two_engine.py/identity,True
runs\23\i0\attempts\05\builder\study_engine.py/identity,True
23/i0/5/candidate,True
23/i0/5/admission,True
23/i0/5/parent,True
23/i0/5/inherited/study_engine.py,True
23/i0/5/inherited/parent_engine.py,True
23/i0/5/inherited/revision_one_engine.py,True
23/i0/5/inherited/revision_two_engine.py,True
23/i0/5/inherited/refinement_engine.py,True
runs\23\i0\attempts\05/splits,True
runs\23\i0\attempts\05/train/rows,True
runs\23\i0\attempts\05/train/truth,True
runs\23\i0\attempts\05/train/labels,True
runs\23\i0\attempts\05/train/metric,True
runs\23\i0\attempts\05/train/ledger,True
runs\23\i0\attempts\05/selection/rows,True
runs\23\i0\attempts\05/selection/truth,True
runs\23\i0\attempts\05/selection/labels,True
runs\23\i0\attempts\05/selection/metric,True
runs\23\i0\attempts\05/selection/ledger,True
runs\23\i0\attempts\06\BUILDER-FREEZE.csv/unique,True
runs\23\i0\attempts\06\builder\candidate.py/identity,True
runs\23\i0\attempts\06\builder\parent_engine.py/identity,True
runs\23\i0\attempts\06\builder\refinement_engine.py/identity,True
runs\23\i0\attempts\06\builder\revision_one_engine.py/identity,True
runs\23\i0\attempts\06\builder\revision_two_engine.py/identity,True
runs\23\i0\attempts\06\builder\study_engine.py/identity,True
23/i0/6/candidate,True
23/i0/6/admission,True
23/i0/6/parent,True
23/i0/6/inherited/study_engine.py,True
23/i0/6/inherited/parent_engine.py,True
23/i0/6/inherited/revision_one_engine.py,True
23/i0/6/inherited/revision_two_engine.py,True
23/i0/6/inherited/refinement_engine.py,True
runs\23\i0\attempts\06/splits,True
runs\23\i0\attempts\06/train/rows,True
runs\23\i0\attempts\06/train/truth,True
runs\23\i0\attempts\06/train/labels,True
runs\23\i0\attempts\06/train/metric,True
runs\23\i0\attempts\06/train/ledger,True
runs\23\i0\attempts\06/selection/rows,True
runs\23\i0\attempts\06/selection/truth,True
runs\23\i0\attempts\06/selection/labels,True
runs\23\i0\attempts\06/selection/metric,True
runs\23\i0\attempts\06/selection/ledger,True
runs\23\i0\attempts\07\BUILDER-FREEZE.csv/unique,True
runs\23\i0\attempts\07\builder\candidate.py/identity,True
runs\23\i0\attempts\07\builder\parent_engine.py/identity,True
runs\23\i0\attempts\07\builder\refinement_engine.py/identity,True
runs\23\i0\attempts\07\builder\revision_one_engine.py/identity,True
runs\23\i0\attempts\07\builder\revision_two_engine.py/identity,True
runs\23\i0\attempts\07\builder\study_engine.py/identity,True
23/i0/7/candidate,True
23/i0/7/admission,True
23/i0/7/parent,True
23/i0/7/inherited/study_engine.py,True
23/i0/7/inherited/parent_engine.py,True
23/i0/7/inherited/revision_one_engine.py,True
23/i0/7/inherited/revision_two_engine.py,True
23/i0/7/inherited/refinement_engine.py,True
runs\23\i0\attempts\07/splits,True
runs\23\i0\attempts\07/train/rows,True
runs\23\i0\attempts\07/train/truth,True
runs\23\i0\attempts\07/train/labels,True
runs\23\i0\attempts\07/train/metric,True
runs\23\i0\attempts\07/train/ledger,True
runs\23\i0\attempts\07/selection/rows,True
runs\23\i0\attempts\07/selection/truth,True
runs\23\i0\attempts\07/selection/labels,True
runs\23\i0\attempts\07/selection/metric,True
runs\23\i0\attempts\07/selection/ledger,True
runs\23\i0\attempts\08\BUILDER-FREEZE.csv/unique,True
runs\23\i0\attempts\08\builder\candidate.py/identity,True
runs\23\i0\attempts\08\builder\parent_engine.py/identity,True
runs\23\i0\attempts\08\builder\refinement_engine.py/identity,True
runs\23\i0\attempts\08\builder\revision_one_engine.py/identity,True
runs\23\i0\attempts\08\builder\revision_two_engine.py/identity,True
runs\23\i0\attempts\08\builder\study_engine.py/identity,True
23/i0/8/candidate,True
23/i0/8/admission,True
23/i0/8/parent,True
23/i0/8/inherited/study_engine.py,True
23/i0/8/inherited/parent_engine.py,True
23/i0/8/inherited/revision_one_engine.py,True
23/i0/8/inherited/revision_two_engine.py,True
23/i0/8/inherited/refinement_engine.py,True
runs\23\i0\attempts\08/splits,True
runs\23\i0\attempts\08/train/rows,True
runs\23\i0\attempts\08/train/truth,True
runs\23\i0\attempts\08/train/labels,True
runs\23\i0\attempts\08/train/metric,True
runs\23\i0\attempts\08/train/ledger,True
runs\23\i0\attempts\08/selection/rows,True
runs\23\i0\attempts\08/selection/truth,True
runs\23\i0\attempts\08/selection/labels,True
runs\23\i0\attempts\08/selection/metric,True
runs\23\i0\attempts\08/selection/ledger,True
runs\23\i0\attempts\09\BUILDER-FREEZE.csv/unique,True
runs\23\i0\attempts\09\builder\candidate.py/identity,True
runs\23\i0\attempts\09\builder\parent_engine.py/identity,True
runs\23\i0\attempts\09\builder\refinement_engine.py/identity,True
runs\23\i0\attempts\09\builder\revision_one_engine.py/identity,True
runs\23\i0\attempts\09\builder\revision_two_engine.py/identity,True
runs\23\i0\attempts\09\builder\study_engine.py/identity,True
23/i0/9/candidate,True
23/i0/9/admission,True
23/i0/9/parent,True
23/i0/9/inherited/study_engine.py,True
23/i0/9/inherited/parent_engine.py,True
23/i0/9/inherited/revision_one_engine.py,True
23/i0/9/inherited/revision_two_engine.py,True
23/i0/9/inherited/refinement_engine.py,True
23/i0/9/parent_candidate,True
runs\23\i0\attempts\09/splits,True
runs\23\i0\attempts\09/train/rows,True
runs\23\i0\attempts\09/train/truth,True
runs\23\i0\attempts\09/train/labels,True
runs\23\i0\attempts\09/train/metric,True
runs\23\i0\attempts\09/train/ledger,True
runs\23\i0\attempts\09/selection/rows,True
runs\23\i0\attempts\09/selection/truth,True
runs\23\i0\attempts\09/selection/labels,True
runs\23\i0\attempts\09/selection/metric,True
runs\23\i0\attempts\09/selection/ledger,True
runs\23\i0\attempts\10\BUILDER-FREEZE.csv/unique,True
runs\23\i0\attempts\10\builder\candidate.py/identity,True
runs\23\i0\attempts\10\builder\parent_engine.py/identity,True
runs\23\i0\attempts\10\builder\refinement_engine.py/identity,True
runs\23\i0\attempts\10\builder\revision_one_engine.py/identity,True
runs\23\i0\attempts\10\builder\revision_two_engine.py/identity,True
runs\23\i0\attempts\10\builder\study_engine.py/identity,True
23/i0/10/candidate,True
23/i0/10/admission,True
23/i0/10/parent,True
23/i0/10/inherited/study_engine.py,True
23/i0/10/inherited/parent_engine.py,True
23/i0/10/inherited/revision_one_engine.py,True
23/i0/10/inherited/revision_two_engine.py,True
23/i0/10/inherited/refinement_engine.py,True
23/i0/10/parent_candidate,True
runs\23\i0\attempts\10/splits,True
runs\23\i0\attempts\10/train/rows,True
runs\23\i0\attempts\10/train/truth,True
runs\23\i0\attempts\10/train/labels,True
runs\23\i0\attempts\10/train/metric,True
runs\23\i0\attempts\10/train/ledger,True
runs\23\i0\attempts\10/selection/rows,True
runs\23\i0\attempts\10/selection/truth,True
runs\23\i0\attempts\10/selection/labels,True
runs\23\i0\attempts\10/selection/metric,True
runs\23\i0\attempts\10/selection/ledger,True
runs\23\i0\attempts\11\BUILDER-FREEZE.csv/unique,True
runs\23\i0\attempts\11\builder\candidate.py/identity,True
runs\23\i0\attempts\11\builder\parent_engine.py/identity,True
runs\23\i0\attempts\11\builder\refinement_engine.py/identity,True
runs\23\i0\attempts\11\builder\revision_one_engine.py/identity,True
runs\23\i0\attempts\11\builder\revision_two_engine.py/identity,True
runs\23\i0\attempts\11\builder\study_engine.py/identity,True
23/i0/11/candidate,True
23/i0/11/admission,True
23/i0/11/parent,True
23/i0/11/inherited/study_engine.py,True
23/i0/11/inherited/parent_engine.py,True
23/i0/11/inherited/revision_one_engine.py,True
23/i0/11/inherited/revision_two_engine.py,True
23/i0/11/inherited/refinement_engine.py,True
23/i0/11/parent_candidate,True
runs\23\i0\attempts\11/splits,True
runs\23\i0\attempts\11/train/rows,True
runs\23\i0\attempts\11/train/truth,True
runs\23\i0\attempts\11/train/labels,True
runs\23\i0\attempts\11/train/metric,True
runs\23\i0\attempts\11/train/ledger,True
runs\23\i0\attempts\11/selection/rows,True
runs\23\i0\attempts\11/selection/truth,True
runs\23\i0\attempts\11/selection/labels,True
runs\23\i0\attempts\11/selection/metric,True
runs\23\i0\attempts\11/selection/ledger,True
runs\23\i0\attempts\12\BUILDER-FREEZE.csv/unique,True
runs\23\i0\attempts\12\builder\candidate.py/identity,True
runs\23\i0\attempts\12\builder\parent_engine.py/identity,True
runs\23\i0\attempts\12\builder\refinement_engine.py/identity,True
runs\23\i0\attempts\12\builder\revision_one_engine.py/identity,True
runs\23\i0\attempts\12\builder\revision_two_engine.py/identity,True
runs\23\i0\attempts\12\builder\study_engine.py/identity,True
23/i0/12/candidate,True
23/i0/12/admission,True
23/i0/12/parent,True
23/i0/12/inherited/study_engine.py,True
23/i0/12/inherited/parent_engine.py,True
23/i0/12/inherited/revision_one_engine.py,True
23/i0/12/inherited/revision_two_engine.py,True
23/i0/12/inherited/refinement_engine.py,True
23/i0/12/parent_candidate,True
runs\23\i0\attempts\12/splits,True
runs\23\i0\attempts\12/train/rows,True
runs\23\i0\attempts\12/train/truth,True
runs\23\i0\attempts\12/train/labels,True
runs\23\i0\attempts\12/train/metric,True
runs\23\i0\attempts\12/train/ledger,True
runs\23\i0\attempts\12/selection/rows,True
runs\23\i0\attempts\12/selection/truth,True
runs\23\i0\attempts\12/selection/labels,True
runs\23\i0\attempts\12/selection/metric,True
runs\23\i0\attempts\12/selection/ledger,True
23/i0/1/replayed_choice,True
23/i0/2/replayed_choice,True
23/i0/3/replayed_choice,True
23/i0/4/replayed_choice,True
23/i0/5/replayed_choice,True
23/i0/6/replayed_choice,True
23/i0/7/replayed_choice,True
23/i0/8/replayed_choice,True
23/i0/9/replayed_choice,True
23/i0/10/replayed_choice,True
23/i0/11/replayed_choice,True
23/i0/12/replayed_choice,True
23/i0/replayed_selection,True
23/i0/rejected_count,True
23/i0/rejection/0,True
23/i0/rejection/1,True
23/i1/executed_source,True
23/i1/ordered_steps,True
23/i1/distinct_constructors,True
23/i1/serial_bounds,True
23/i1/incumbent_exists,True
23/i1/selection,True
runs\23\i1\attempts\01\BUILDER-FREEZE.csv/unique,True
runs\23\i1\attempts\01\builder\candidate.py/identity,True
runs\23\i1\attempts\01\builder\parent_engine.py/identity,True
runs\23\i1\attempts\01\builder\refinement_engine.py/identity,True
runs\23\i1\attempts\01\builder\revision_one_engine.py/identity,True
runs\23\i1\attempts\01\builder\revision_two_engine.py/identity,True
runs\23\i1\attempts\01\builder\study_engine.py/identity,True
23/i1/1/candidate,True
23/i1/1/admission,True
23/i1/1/parent,True
23/i1/1/inherited/study_engine.py,True
23/i1/1/inherited/parent_engine.py,True
23/i1/1/inherited/revision_one_engine.py,True
23/i1/1/inherited/revision_two_engine.py,True
23/i1/1/inherited/refinement_engine.py,True
runs\23\i1\attempts\01/splits,True
runs\23\i1\attempts\01/train/rows,True
runs\23\i1\attempts\01/train/truth,True
runs\23\i1\attempts\01/train/labels,True
runs\23\i1\attempts\01/train/metric,True
runs\23\i1\attempts\01/train/ledger,True
runs\23\i1\attempts\01/selection/rows,True
runs\23\i1\attempts\01/selection/truth,True
runs\23\i1\attempts\01/selection/labels,True
runs\23\i1\attempts\01/selection/metric,True
runs\23\i1\attempts\01/selection/ledger,True
runs\23\i1\attempts\02\BUILDER-FREEZE.csv/unique,True
runs\23\i1\attempts\02\builder\candidate.py/identity,True
runs\23\i1\attempts\02\builder\parent_engine.py/identity,True
runs\23\i1\attempts\02\builder\refinement_engine.py/identity,True
runs\23\i1\attempts\02\builder\revision_one_engine.py/identity,True
runs\23\i1\attempts\02\builder\revision_two_engine.py/identity,True
runs\23\i1\attempts\02\builder\study_engine.py/identity,True
23/i1/2/candidate,True
23/i1/2/admission,True
23/i1/2/parent,True
23/i1/2/inherited/study_engine.py,True
23/i1/2/inherited/parent_engine.py,True
23/i1/2/inherited/revision_one_engine.py,True
23/i1/2/inherited/revision_two_engine.py,True
23/i1/2/inherited/refinement_engine.py,True
runs\23\i1\attempts\02/splits,True
runs\23\i1\attempts\02/train/rows,True
runs\23\i1\attempts\02/train/truth,True
runs\23\i1\attempts\02/train/labels,True
runs\23\i1\attempts\02/train/metric,True
runs\23\i1\attempts\02/train/ledger,True
runs\23\i1\attempts\02/selection/rows,True
runs\23\i1\attempts\02/selection/truth,True
runs\23\i1\attempts\02/selection/labels,True
runs\23\i1\attempts\02/selection/metric,True
runs\23\i1\attempts\02/selection/ledger,True
runs\23\i1\attempts\03\BUILDER-FREEZE.csv/unique,True
runs\23\i1\attempts\03\builder\candidate.py/identity,True
runs\23\i1\attempts\03\builder\parent_engine.py/identity,True
runs\23\i1\attempts\03\builder\refinement_engine.py/identity,True
runs\23\i1\attempts\03\builder\revision_one_engine.py/identity,True
runs\23\i1\attempts\03\builder\revision_two_engine.py/identity,True
runs\23\i1\attempts\03\builder\study_engine.py/identity,True
23/i1/3/candidate,True
23/i1/3/admission,True
23/i1/3/parent,True
23/i1/3/inherited/study_engine.py,True
23/i1/3/inherited/parent_engine.py,True
23/i1/3/inherited/revision_one_engine.py,True
23/i1/3/inherited/revision_two_engine.py,True
23/i1/3/inherited/refinement_engine.py,True
runs\23\i1\attempts\03/splits,True
runs\23\i1\attempts\03/train/rows,True
runs\23\i1\attempts\03/train/truth,True
runs\23\i1\attempts\03/train/labels,True
runs\23\i1\attempts\03/train/metric,True
runs\23\i1\attempts\03/train/ledger,True
runs\23\i1\attempts\03/selection/rows,True
runs\23\i1\attempts\03/selection/truth,True
runs\23\i1\attempts\03/selection/labels,True
runs\23\i1\attempts\03/selection/metric,True
runs\23\i1\attempts\03/selection/ledger,True
runs\23\i1\attempts\04\BUILDER-FREEZE.csv/unique,True
runs\23\i1\attempts\04\builder\candidate.py/identity,True
runs\23\i1\attempts\04\builder\parent_engine.py/identity,True
runs\23\i1\attempts\04\builder\refinement_engine.py/identity,True
runs\23\i1\attempts\04\builder\revision_one_engine.py/identity,True
runs\23\i1\attempts\04\builder\revision_two_engine.py/identity,True
runs\23\i1\attempts\04\builder\study_engine.py/identity,True
23/i1/4/candidate,True
23/i1/4/admission,True
23/i1/4/parent,True
23/i1/4/inherited/study_engine.py,True
23/i1/4/inherited/parent_engine.py,True
23/i1/4/inherited/revision_one_engine.py,True
23/i1/4/inherited/revision_two_engine.py,True
23/i1/4/inherited/refinement_engine.py,True
runs\23\i1\attempts\04/splits,True
runs\23\i1\attempts\04/train/rows,True
runs\23\i1\attempts\04/train/truth,True
runs\23\i1\attempts\04/train/labels,True
runs\23\i1\attempts\04/train/metric,True
runs\23\i1\attempts\04/train/ledger,True
runs\23\i1\attempts\04/selection/rows,True
runs\23\i1\attempts\04/selection/truth,True
runs\23\i1\attempts\04/selection/labels,True
runs\23\i1\attempts\04/selection/metric,True
runs\23\i1\attempts\04/selection/ledger,True
runs\23\i1\attempts\05\BUILDER-FREEZE.csv/unique,True
runs\23\i1\attempts\05\builder\candidate.py/identity,True
runs\23\i1\attempts\05\builder\parent_engine.py/identity,True
runs\23\i1\attempts\05\builder\refinement_engine.py/identity,True
runs\23\i1\attempts\05\builder\revision_one_engine.py/identity,True
runs\23\i1\attempts\05\builder\revision_two_engine.py/identity,True
runs\23\i1\attempts\05\builder\study_engine.py/identity,True
23/i1/5/candidate,True
23/i1/5/admission,True
23/i1/5/parent,True
23/i1/5/inherited/study_engine.py,True
23/i1/5/inherited/parent_engine.py,True
23/i1/5/inherited/revision_one_engine.py,True
23/i1/5/inherited/revision_two_engine.py,True
23/i1/5/inherited/refinement_engine.py,True
runs\23\i1\attempts\05/splits,True
runs\23\i1\attempts\05/train/rows,True
runs\23\i1\attempts\05/train/truth,True
runs\23\i1\attempts\05/train/labels,True
runs\23\i1\attempts\05/train/metric,True
runs\23\i1\attempts\05/train/ledger,True
runs\23\i1\attempts\05/selection/rows,True
runs\23\i1\attempts\05/selection/truth,True
runs\23\i1\attempts\05/selection/labels,True
runs\23\i1\attempts\05/selection/metric,True
runs\23\i1\attempts\05/selection/ledger,True
runs\23\i1\attempts\06\BUILDER-FREEZE.csv/unique,True
runs\23\i1\attempts\06\builder\candidate.py/identity,True
runs\23\i1\attempts\06\builder\parent_engine.py/identity,True
runs\23\i1\attempts\06\builder\refinement_engine.py/identity,True
runs\23\i1\attempts\06\builder\revision_one_engine.py/identity,True
runs\23\i1\attempts\06\builder\revision_two_engine.py/identity,True
runs\23\i1\attempts\06\builder\study_engine.py/identity,True
23/i1/6/candidate,True
23/i1/6/admission,True
23/i1/6/parent,True
23/i1/6/inherited/study_engine.py,True
23/i1/6/inherited/parent_engine.py,True
23/i1/6/inherited/revision_one_engine.py,True
23/i1/6/inherited/revision_two_engine.py,True
23/i1/6/inherited/refinement_engine.py,True
runs\23\i1\attempts\06/splits,True
runs\23\i1\attempts\06/train/rows,True
runs\23\i1\attempts\06/train/truth,True
runs\23\i1\attempts\06/train/labels,True
runs\23\i1\attempts\06/train/metric,True
runs\23\i1\attempts\06/train/ledger,True
runs\23\i1\attempts\06/selection/rows,True
runs\23\i1\attempts\06/selection/truth,True
runs\23\i1\attempts\06/selection/labels,True
runs\23\i1\attempts\06/selection/metric,True
runs\23\i1\attempts\06/selection/ledger,True
runs\23\i1\attempts\07\BUILDER-FREEZE.csv/unique,True
runs\23\i1\attempts\07\builder\candidate.py/identity,True
runs\23\i1\attempts\07\builder\parent_engine.py/identity,True
runs\23\i1\attempts\07\builder\refinement_engine.py/identity,True
runs\23\i1\attempts\07\builder\revision_one_engine.py/identity,True
runs\23\i1\attempts\07\builder\revision_two_engine.py/identity,True
runs\23\i1\attempts\07\builder\study_engine.py/identity,True
23/i1/7/candidate,True
23/i1/7/admission,True
23/i1/7/parent,True
23/i1/7/inherited/study_engine.py,True
23/i1/7/inherited/parent_engine.py,True
23/i1/7/inherited/revision_one_engine.py,True
23/i1/7/inherited/revision_two_engine.py,True
23/i1/7/inherited/refinement_engine.py,True
runs\23\i1\attempts\07/splits,True
runs\23\i1\attempts\07/train/rows,True
runs\23\i1\attempts\07/train/truth,True
runs\23\i1\attempts\07/train/labels,True
runs\23\i1\attempts\07/train/metric,True
runs\23\i1\attempts\07/train/ledger,True
runs\23\i1\attempts\07/selection/rows,True
runs\23\i1\attempts\07/selection/truth,True
runs\23\i1\attempts\07/selection/labels,True
runs\23\i1\attempts\07/selection/metric,True
runs\23\i1\attempts\07/selection/ledger,True
runs\23\i1\attempts\08\BUILDER-FREEZE.csv/unique,True
runs\23\i1\attempts\08\builder\candidate.py/identity,True
runs\23\i1\attempts\08\builder\parent_engine.py/identity,True
runs\23\i1\attempts\08\builder\refinement_engine.py/identity,True
runs\23\i1\attempts\08\builder\revision_one_engine.py/identity,True
runs\23\i1\attempts\08\builder\revision_two_engine.py/identity,True
runs\23\i1\attempts\08\builder\study_engine.py/identity,True
23/i1/8/candidate,True
23/i1/8/admission,True
23/i1/8/parent,True
23/i1/8/inherited/study_engine.py,True
23/i1/8/inherited/parent_engine.py,True
23/i1/8/inherited/revision_one_engine.py,True
23/i1/8/inherited/revision_two_engine.py,True
23/i1/8/inherited/refinement_engine.py,True
runs\23\i1\attempts\08/splits,True
runs\23\i1\attempts\08/train/rows,True
runs\23\i1\attempts\08/train/truth,True
runs\23\i1\attempts\08/train/labels,True
runs\23\i1\attempts\08/train/metric,True
runs\23\i1\attempts\08/train/ledger,True
runs\23\i1\attempts\08/selection/rows,True
runs\23\i1\attempts\08/selection/truth,True
runs\23\i1\attempts\08/selection/labels,True
runs\23\i1\attempts\08/selection/metric,True
runs\23\i1\attempts\08/selection/ledger,True
runs\23\i1\attempts\09\BUILDER-FREEZE.csv/unique,True
runs\23\i1\attempts\09\builder\candidate.py/identity,True
runs\23\i1\attempts\09\builder\parent_engine.py/identity,True
runs\23\i1\attempts\09\builder\refinement_engine.py/identity,True
runs\23\i1\attempts\09\builder\revision_one_engine.py/identity,True
runs\23\i1\attempts\09\builder\revision_two_engine.py/identity,True
runs\23\i1\attempts\09\builder\study_engine.py/identity,True
23/i1/9/candidate,True
23/i1/9/admission,True
23/i1/9/parent,True
23/i1/9/inherited/study_engine.py,True
23/i1/9/inherited/parent_engine.py,True
23/i1/9/inherited/revision_one_engine.py,True
23/i1/9/inherited/revision_two_engine.py,True
23/i1/9/inherited/refinement_engine.py,True
runs\23\i1\attempts\09/splits,True
runs\23\i1\attempts\09/train/rows,True
runs\23\i1\attempts\09/train/truth,True
runs\23\i1\attempts\09/train/labels,True
runs\23\i1\attempts\09/train/metric,True
runs\23\i1\attempts\09/train/ledger,True
runs\23\i1\attempts\09/selection/rows,True
runs\23\i1\attempts\09/selection/truth,True
runs\23\i1\attempts\09/selection/labels,True
runs\23\i1\attempts\09/selection/metric,True
runs\23\i1\attempts\09/selection/ledger,True
runs\23\i1\attempts\10\BUILDER-FREEZE.csv/unique,True
runs\23\i1\attempts\10\builder\candidate.py/identity,True
runs\23\i1\attempts\10\builder\parent_engine.py/identity,True
runs\23\i1\attempts\10\builder\refinement_engine.py/identity,True
runs\23\i1\attempts\10\builder\revision_one_engine.py/identity,True
runs\23\i1\attempts\10\builder\revision_two_engine.py/identity,True
runs\23\i1\attempts\10\builder\study_engine.py/identity,True
23/i1/10/candidate,True
23/i1/10/admission,True
23/i1/10/parent,True
23/i1/10/inherited/study_engine.py,True
23/i1/10/inherited/parent_engine.py,True
23/i1/10/inherited/revision_one_engine.py,True
23/i1/10/inherited/revision_two_engine.py,True
23/i1/10/inherited/refinement_engine.py,True
runs\23\i1\attempts\10/splits,True
runs\23\i1\attempts\10/train/rows,True
runs\23\i1\attempts\10/train/truth,True
runs\23\i1\attempts\10/train/labels,True
runs\23\i1\attempts\10/train/metric,True
runs\23\i1\attempts\10/train/ledger,True
runs\23\i1\attempts\10/selection/rows,True
runs\23\i1\attempts\10/selection/truth,True
runs\23\i1\attempts\10/selection/labels,True
runs\23\i1\attempts\10/selection/metric,True
runs\23\i1\attempts\10/selection/ledger,True
runs\23\i1\attempts\11\BUILDER-FREEZE.csv/unique,True
runs\23\i1\attempts\11\builder\candidate.py/identity,True
runs\23\i1\attempts\11\builder\parent_engine.py/identity,True
runs\23\i1\attempts\11\builder\refinement_engine.py/identity,True
runs\23\i1\attempts\11\builder\revision_one_engine.py/identity,True
runs\23\i1\attempts\11\builder\revision_two_engine.py/identity,True
runs\23\i1\attempts\11\builder\study_engine.py/identity,True
23/i1/11/candidate,True
23/i1/11/admission,True
23/i1/11/parent,True
23/i1/11/inherited/study_engine.py,True
23/i1/11/inherited/parent_engine.py,True
23/i1/11/inherited/revision_one_engine.py,True
23/i1/11/inherited/revision_two_engine.py,True
23/i1/11/inherited/refinement_engine.py,True
23/i1/11/parent_candidate,True
runs\23\i1\attempts\11/splits,True
runs\23\i1\attempts\11/train/rows,True
runs\23\i1\attempts\11/train/truth,True
runs\23\i1\attempts\11/train/labels,True
runs\23\i1\attempts\11/train/metric,True
runs\23\i1\attempts\11/train/ledger,True
runs\23\i1\attempts\11/selection/rows,True
runs\23\i1\attempts\11/selection/truth,True
runs\23\i1\attempts\11/selection/labels,True
runs\23\i1\attempts\11/selection/metric,True
runs\23\i1\attempts\11/selection/ledger,True
runs\23\i1\attempts\12\BUILDER-FREEZE.csv/unique,True
runs\23\i1\attempts\12\builder\candidate.py/identity,True
runs\23\i1\attempts\12\builder\parent_engine.py/identity,True
runs\23\i1\attempts\12\builder\refinement_engine.py/identity,True
runs\23\i1\attempts\12\builder\revision_one_engine.py/identity,True
runs\23\i1\attempts\12\builder\revision_two_engine.py/identity,True
runs\23\i1\attempts\12\builder\study_engine.py/identity,True
23/i1/12/candidate,True
23/i1/12/admission,True
23/i1/12/parent,True
23/i1/12/inherited/study_engine.py,True
23/i1/12/inherited/parent_engine.py,True
23/i1/12/inherited/revision_one_engine.py,True
23/i1/12/inherited/revision_two_engine.py,True
23/i1/12/inherited/refinement_engine.py,True
23/i1/12/parent_candidate,True
runs\23\i1\attempts\12/splits,True
runs\23\i1\attempts\12/train/rows,True
runs\23\i1\attempts\12/train/truth,True
runs\23\i1\attempts\12/train/labels,True
runs\23\i1\attempts\12/train/metric,True
runs\23\i1\attempts\12/train/ledger,True
runs\23\i1\attempts\12/selection/rows,True
runs\23\i1\attempts\12/selection/truth,True
runs\23\i1\attempts\12/selection/labels,True
runs\23\i1\attempts\12/selection/metric,True
runs\23\i1\attempts\12/selection/ledger,True
23/i1/1/replayed_choice,True
23/i1/2/replayed_choice,True
23/i1/3/replayed_choice,True
23/i1/4/replayed_choice,True
23/i1/5/replayed_choice,True
23/i1/6/replayed_choice,True
23/i1/7/replayed_choice,True
23/i1/8/replayed_choice,True
23/i1/9/replayed_choice,True
23/i1/10/replayed_choice,True
23/i1/11/replayed_choice,True
23/i1/12/replayed_choice,True
23/i1/replayed_selection,True
23/i1/rejected_count,True
23/parent/executed_source,True
23/parent/ordered_steps,True
23/parent/distinct_constructors,True
23/parent/serial_bounds,True
23/parent/incumbent_exists,True
23/parent/selection,True
runs\23\parent\attempts\01\BUILDER-FREEZE.csv/unique,True
runs\23\parent\attempts\01\builder\candidate.py/identity,True
runs\23\parent\attempts\01\builder\parent_engine.py/identity,True
runs\23\parent\attempts\01\builder\refinement_engine.py/identity,True
runs\23\parent\attempts\01\builder\revision_one_engine.py/identity,True
runs\23\parent\attempts\01\builder\revision_two_engine.py/identity,True
runs\23\parent\attempts\01\builder\study_engine.py/identity,True
23/parent/1/candidate,True
23/parent/1/admission,True
23/parent/1/parent,True
23/parent/1/inherited/study_engine.py,True
23/parent/1/inherited/parent_engine.py,True
23/parent/1/inherited/revision_one_engine.py,True
23/parent/1/inherited/revision_two_engine.py,True
23/parent/1/inherited/refinement_engine.py,True
runs\23\parent\attempts\01/splits,True
runs\23\parent\attempts\01/train/rows,True
runs\23\parent\attempts\01/train/truth,True
runs\23\parent\attempts\01/train/labels,True
runs\23\parent\attempts\01/train/metric,True
runs\23\parent\attempts\01/train/ledger,True
runs\23\parent\attempts\01/selection/rows,True
runs\23\parent\attempts\01/selection/truth,True
runs\23\parent\attempts\01/selection/labels,True
runs\23\parent\attempts\01/selection/metric,True
runs\23\parent\attempts\01/selection/ledger,True
runs\23\parent\attempts\02\BUILDER-FREEZE.csv/unique,True
runs\23\parent\attempts\02\builder\candidate.py/identity,True
runs\23\parent\attempts\02\builder\parent_engine.py/identity,True
runs\23\parent\attempts\02\builder\refinement_engine.py/identity,True
runs\23\parent\attempts\02\builder\revision_one_engine.py/identity,True
runs\23\parent\attempts\02\builder\revision_two_engine.py/identity,True
runs\23\parent\attempts\02\builder\study_engine.py/identity,True
23/parent/2/candidate,True
23/parent/2/admission,True
23/parent/2/parent,True
23/parent/2/inherited/study_engine.py,True
23/parent/2/inherited/parent_engine.py,True
23/parent/2/inherited/revision_one_engine.py,True
23/parent/2/inherited/revision_two_engine.py,True
23/parent/2/inherited/refinement_engine.py,True
runs\23\parent\attempts\02/splits,True
runs\23\parent\attempts\02/train/rows,True
runs\23\parent\attempts\02/train/truth,True
runs\23\parent\attempts\02/train/labels,True
runs\23\parent\attempts\02/train/metric,True
runs\23\parent\attempts\02/train/ledger,True
runs\23\parent\attempts\02/selection/rows,True
runs\23\parent\attempts\02/selection/truth,True
runs\23\parent\attempts\02/selection/labels,True
runs\23\parent\attempts\02/selection/metric,True
runs\23\parent\attempts\02/selection/ledger,True
runs\23\parent\attempts\03\BUILDER-FREEZE.csv/unique,True
runs\23\parent\attempts\03\builder\candidate.py/identity,True
runs\23\parent\attempts\03\builder\parent_engine.py/identity,True
runs\23\parent\attempts\03\builder\refinement_engine.py/identity,True
runs\23\parent\attempts\03\builder\revision_one_engine.py/identity,True
runs\23\parent\attempts\03\builder\revision_two_engine.py/identity,True
runs\23\parent\attempts\03\builder\study_engine.py/identity,True
23/parent/3/candidate,True
23/parent/3/admission,True
23/parent/3/parent,True
23/parent/3/inherited/study_engine.py,True
23/parent/3/inherited/parent_engine.py,True
23/parent/3/inherited/revision_one_engine.py,True
23/parent/3/inherited/revision_two_engine.py,True
23/parent/3/inherited/refinement_engine.py,True
runs\23\parent\attempts\03/splits,True
runs\23\parent\attempts\03/train/rows,True
runs\23\parent\attempts\03/train/truth,True
runs\23\parent\attempts\03/train/labels,True
runs\23\parent\attempts\03/train/metric,True
runs\23\parent\attempts\03/train/ledger,True
runs\23\parent\attempts\03/selection/rows,True
runs\23\parent\attempts\03/selection/truth,True
runs\23\parent\attempts\03/selection/labels,True
runs\23\parent\attempts\03/selection/metric,True
runs\23\parent\attempts\03/selection/ledger,True
runs\23\parent\attempts\04\BUILDER-FREEZE.csv/unique,True
runs\23\parent\attempts\04\builder\candidate.py/identity,True
runs\23\parent\attempts\04\builder\parent_engine.py/identity,True
runs\23\parent\attempts\04\builder\refinement_engine.py/identity,True
runs\23\parent\attempts\04\builder\revision_one_engine.py/identity,True
runs\23\parent\attempts\04\builder\revision_two_engine.py/identity,True
runs\23\parent\attempts\04\builder\study_engine.py/identity,True
23/parent/4/candidate,True
23/parent/4/admission,True
23/parent/4/parent,True
23/parent/4/inherited/study_engine.py,True
23/parent/4/inherited/parent_engine.py,True
23/parent/4/inherited/revision_one_engine.py,True
23/parent/4/inherited/revision_two_engine.py,True
23/parent/4/inherited/refinement_engine.py,True
runs\23\parent\attempts\04/splits,True
runs\23\parent\attempts\04/train/rows,True
runs\23\parent\attempts\04/train/truth,True
runs\23\parent\attempts\04/train/labels,True
runs\23\parent\attempts\04/train/metric,True
runs\23\parent\attempts\04/train/ledger,True
runs\23\parent\attempts\04/selection/rows,True
runs\23\parent\attempts\04/selection/truth,True
runs\23\parent\attempts\04/selection/labels,True
runs\23\parent\attempts\04/selection/metric,True
runs\23\parent\attempts\04/selection/ledger,True
runs\23\parent\attempts\05\BUILDER-FREEZE.csv/unique,True
runs\23\parent\attempts\05\builder\candidate.py/identity,True
runs\23\parent\attempts\05\builder\parent_engine.py/identity,True
runs\23\parent\attempts\05\builder\refinement_engine.py/identity,True
runs\23\parent\attempts\05\builder\revision_one_engine.py/identity,True
runs\23\parent\attempts\05\builder\revision_two_engine.py/identity,True
runs\23\parent\attempts\05\builder\study_engine.py/identity,True
23/parent/5/candidate,True
23/parent/5/admission,True
23/parent/5/parent,True
23/parent/5/inherited/study_engine.py,True
23/parent/5/inherited/parent_engine.py,True
23/parent/5/inherited/revision_one_engine.py,True
23/parent/5/inherited/revision_two_engine.py,True
23/parent/5/inherited/refinement_engine.py,True
runs\23\parent\attempts\05/splits,True
runs\23\parent\attempts\05/train/rows,True
runs\23\parent\attempts\05/train/truth,True
runs\23\parent\attempts\05/train/labels,True
runs\23\parent\attempts\05/train/metric,True
runs\23\parent\attempts\05/train/ledger,True
runs\23\parent\attempts\05/selection/rows,True
runs\23\parent\attempts\05/selection/truth,True
runs\23\parent\attempts\05/selection/labels,True
runs\23\parent\attempts\05/selection/metric,True
runs\23\parent\attempts\05/selection/ledger,True
runs\23\parent\attempts\06\BUILDER-FREEZE.csv/unique,True
runs\23\parent\attempts\06\builder\candidate.py/identity,True
runs\23\parent\attempts\06\builder\parent_engine.py/identity,True
runs\23\parent\attempts\06\builder\refinement_engine.py/identity,True
runs\23\parent\attempts\06\builder\revision_one_engine.py/identity,True
runs\23\parent\attempts\06\builder\revision_two_engine.py/identity,True
runs\23\parent\attempts\06\builder\study_engine.py/identity,True
23/parent/6/candidate,True
23/parent/6/admission,True
23/parent/6/parent,True
23/parent/6/inherited/study_engine.py,True
23/parent/6/inherited/parent_engine.py,True
23/parent/6/inherited/revision_one_engine.py,True
23/parent/6/inherited/revision_two_engine.py,True
23/parent/6/inherited/refinement_engine.py,True
runs\23\parent\attempts\06/splits,True
runs\23\parent\attempts\06/train/rows,True
runs\23\parent\attempts\06/train/truth,True
runs\23\parent\attempts\06/train/labels,True
runs\23\parent\attempts\06/train/metric,True
runs\23\parent\attempts\06/train/ledger,True
runs\23\parent\attempts\06/selection/rows,True
runs\23\parent\attempts\06/selection/truth,True
runs\23\parent\attempts\06/selection/labels,True
runs\23\parent\attempts\06/selection/metric,True
runs\23\parent\attempts\06/selection/ledger,True
runs\23\parent\attempts\07\BUILDER-FREEZE.csv/unique,True
runs\23\parent\attempts\07\builder\candidate.py/identity,True
runs\23\parent\attempts\07\builder\parent_engine.py/identity,True
runs\23\parent\attempts\07\builder\refinement_engine.py/identity,True
runs\23\parent\attempts\07\builder\revision_one_engine.py/identity,True
runs\23\parent\attempts\07\builder\revision_two_engine.py/identity,True
runs\23\parent\attempts\07\builder\study_engine.py/identity,True
23/parent/7/candidate,True
23/parent/7/admission,True
23/parent/7/parent,True
23/parent/7/inherited/study_engine.py,True
23/parent/7/inherited/parent_engine.py,True
23/parent/7/inherited/revision_one_engine.py,True
23/parent/7/inherited/revision_two_engine.py,True
23/parent/7/inherited/refinement_engine.py,True
runs\23\parent\attempts\07/splits,True
runs\23\parent\attempts\07/train/rows,True
runs\23\parent\attempts\07/train/truth,True
runs\23\parent\attempts\07/train/labels,True
runs\23\parent\attempts\07/train/metric,True
runs\23\parent\attempts\07/train/ledger,True
runs\23\parent\attempts\07/selection/rows,True
runs\23\parent\attempts\07/selection/truth,True
runs\23\parent\attempts\07/selection/labels,True
runs\23\parent\attempts\07/selection/metric,True
runs\23\parent\attempts\07/selection/ledger,True
runs\23\parent\attempts\08\BUILDER-FREEZE.csv/unique,True
runs\23\parent\attempts\08\builder\candidate.py/identity,True
runs\23\parent\attempts\08\builder\parent_engine.py/identity,True
runs\23\parent\attempts\08\builder\refinement_engine.py/identity,True
runs\23\parent\attempts\08\builder\revision_one_engine.py/identity,True
runs\23\parent\attempts\08\builder\revision_two_engine.py/identity,True
runs\23\parent\attempts\08\builder\study_engine.py/identity,True
23/parent/8/candidate,True
23/parent/8/admission,True
23/parent/8/parent,True
23/parent/8/inherited/study_engine.py,True
23/parent/8/inherited/parent_engine.py,True
23/parent/8/inherited/revision_one_engine.py,True
23/parent/8/inherited/revision_two_engine.py,True
23/parent/8/inherited/refinement_engine.py,True
runs\23\parent\attempts\08/splits,True
runs\23\parent\attempts\08/train/rows,True
runs\23\parent\attempts\08/train/truth,True
runs\23\parent\attempts\08/train/labels,True
runs\23\parent\attempts\08/train/metric,True
runs\23\parent\attempts\08/train/ledger,True
runs\23\parent\attempts\08/selection/rows,True
runs\23\parent\attempts\08/selection/truth,True
runs\23\parent\attempts\08/selection/labels,True
runs\23\parent\attempts\08/selection/metric,True
runs\23\parent\attempts\08/selection/ledger,True
runs\23\parent\attempts\09\BUILDER-FREEZE.csv/unique,True
runs\23\parent\attempts\09\builder\candidate.py/identity,True
runs\23\parent\attempts\09\builder\parent_engine.py/identity,True
runs\23\parent\attempts\09\builder\refinement_engine.py/identity,True
runs\23\parent\attempts\09\builder\revision_one_engine.py/identity,True
runs\23\parent\attempts\09\builder\revision_two_engine.py/identity,True
runs\23\parent\attempts\09\builder\study_engine.py/identity,True
23/parent/9/candidate,True
23/parent/9/admission,True
23/parent/9/parent,True
23/parent/9/inherited/study_engine.py,True
23/parent/9/inherited/parent_engine.py,True
23/parent/9/inherited/revision_one_engine.py,True
23/parent/9/inherited/revision_two_engine.py,True
23/parent/9/inherited/refinement_engine.py,True
23/parent/9/parent_candidate,True
runs\23\parent\attempts\09/splits,True
runs\23\parent\attempts\09/train/rows,True
runs\23\parent\attempts\09/train/truth,True
runs\23\parent\attempts\09/train/labels,True
runs\23\parent\attempts\09/train/metric,True
runs\23\parent\attempts\09/train/ledger,True
runs\23\parent\attempts\09/selection/rows,True
runs\23\parent\attempts\09/selection/truth,True
runs\23\parent\attempts\09/selection/labels,True
runs\23\parent\attempts\09/selection/metric,True
runs\23\parent\attempts\09/selection/ledger,True
runs\23\parent\attempts\10\BUILDER-FREEZE.csv/unique,True
runs\23\parent\attempts\10\builder\candidate.py/identity,True
runs\23\parent\attempts\10\builder\parent_engine.py/identity,True
runs\23\parent\attempts\10\builder\refinement_engine.py/identity,True
runs\23\parent\attempts\10\builder\revision_one_engine.py/identity,True
runs\23\parent\attempts\10\builder\revision_two_engine.py/identity,True
runs\23\parent\attempts\10\builder\study_engine.py/identity,True
23/parent/10/candidate,True
23/parent/10/admission,True
23/parent/10/parent,True
23/parent/10/inherited/study_engine.py,True
23/parent/10/inherited/parent_engine.py,True
23/parent/10/inherited/revision_one_engine.py,True
23/parent/10/inherited/revision_two_engine.py,True
23/parent/10/inherited/refinement_engine.py,True
23/parent/10/parent_candidate,True
runs\23\parent\attempts\10/splits,True
runs\23\parent\attempts\10/train/rows,True
runs\23\parent\attempts\10/train/truth,True
runs\23\parent\attempts\10/train/labels,True
runs\23\parent\attempts\10/train/metric,True
runs\23\parent\attempts\10/train/ledger,True
runs\23\parent\attempts\10/selection/rows,True
runs\23\parent\attempts\10/selection/truth,True
runs\23\parent\attempts\10/selection/labels,True
runs\23\parent\attempts\10/selection/metric,True
runs\23\parent\attempts\10/selection/ledger,True
runs\23\parent\attempts\11\BUILDER-FREEZE.csv/unique,True
runs\23\parent\attempts\11\builder\candidate.py/identity,True
runs\23\parent\attempts\11\builder\parent_engine.py/identity,True
runs\23\parent\attempts\11\builder\refinement_engine.py/identity,True
runs\23\parent\attempts\11\builder\revision_one_engine.py/identity,True
runs\23\parent\attempts\11\builder\revision_two_engine.py/identity,True
runs\23\parent\attempts\11\builder\study_engine.py/identity,True
23/parent/11/candidate,True
23/parent/11/admission,True
23/parent/11/parent,True
23/parent/11/inherited/study_engine.py,True
23/parent/11/inherited/parent_engine.py,True
23/parent/11/inherited/revision_one_engine.py,True
23/parent/11/inherited/revision_two_engine.py,True
23/parent/11/inherited/refinement_engine.py,True
23/parent/11/parent_candidate,True
runs\23\parent\attempts\11/splits,True
runs\23\parent\attempts\11/train/rows,True
runs\23\parent\attempts\11/train/truth,True
runs\23\parent\attempts\11/train/labels,True
runs\23\parent\attempts\11/train/metric,True
runs\23\parent\attempts\11/train/ledger,True
runs\23\parent\attempts\11/selection/rows,True
runs\23\parent\attempts\11/selection/truth,True
runs\23\parent\attempts\11/selection/labels,True
runs\23\parent\attempts\11/selection/metric,True
runs\23\parent\attempts\11/selection/ledger,True
runs\23\parent\attempts\12\BUILDER-FREEZE.csv/unique,True
runs\23\parent\attempts\12\builder\candidate.py/identity,True
runs\23\parent\attempts\12\builder\parent_engine.py/identity,True
runs\23\parent\attempts\12\builder\refinement_engine.py/identity,True
runs\23\parent\attempts\12\builder\revision_one_engine.py/identity,True
runs\23\parent\attempts\12\builder\revision_two_engine.py/identity,True
runs\23\parent\attempts\12\builder\study_engine.py/identity,True
23/parent/12/candidate,True
23/parent/12/admission,True
23/parent/12/parent,True
23/parent/12/inherited/study_engine.py,True
23/parent/12/inherited/parent_engine.py,True
23/parent/12/inherited/revision_one_engine.py,True
23/parent/12/inherited/revision_two_engine.py,True
23/parent/12/inherited/refinement_engine.py,True
23/parent/12/parent_candidate,True
runs\23\parent\attempts\12/splits,True
runs\23\parent\attempts\12/train/rows,True
runs\23\parent\attempts\12/train/truth,True
runs\23\parent\attempts\12/train/labels,True
runs\23\parent\attempts\12/train/metric,True
runs\23\parent\attempts\12/train/ledger,True
runs\23\parent\attempts\12/selection/rows,True
runs\23\parent\attempts\12/selection/truth,True
runs\23\parent\attempts\12/selection/labels,True
runs\23\parent\attempts\12/selection/metric,True
runs\23\parent\attempts\12/selection/ledger,True
23/parent/1/replayed_choice,True
23/parent/2/replayed_choice,True
23/parent/3/replayed_choice,True
23/parent/4/replayed_choice,True
23/parent/5/replayed_choice,True
23/parent/6/replayed_choice,True
23/parent/7/replayed_choice,True
23/parent/8/replayed_choice,True
23/parent/9/replayed_choice,True
23/parent/10/replayed_choice,True
23/parent/11/replayed_choice,True
23/parent/12/replayed_choice,True
23/parent/replayed_selection,True
23/parent/rejected_count,True
23/parent/rejection/0,True
31/i0/executed_source,True
31/i0/ordered_steps,True
31/i0/distinct_constructors,True
31/i0/serial_bounds,True
31/i0/incumbent_exists,True
31/i0/selection,True
runs\31\i0\attempts\01\BUILDER-FREEZE.csv/unique,True
runs\31\i0\attempts\01\builder\candidate.py/identity,True
runs\31\i0\attempts\01\builder\parent_engine.py/identity,True
runs\31\i0\attempts\01\builder\refinement_engine.py/identity,True
runs\31\i0\attempts\01\builder\revision_one_engine.py/identity,True
runs\31\i0\attempts\01\builder\revision_two_engine.py/identity,True
runs\31\i0\attempts\01\builder\study_engine.py/identity,True
31/i0/1/candidate,True
31/i0/1/admission,True
31/i0/1/parent,True
31/i0/1/inherited/study_engine.py,True
31/i0/1/inherited/parent_engine.py,True
31/i0/1/inherited/revision_one_engine.py,True
31/i0/1/inherited/revision_two_engine.py,True
31/i0/1/inherited/refinement_engine.py,True
runs\31\i0\attempts\01/splits,True
runs\31\i0\attempts\01/train/rows,True
runs\31\i0\attempts\01/train/truth,True
runs\31\i0\attempts\01/train/labels,True
runs\31\i0\attempts\01/train/metric,True
runs\31\i0\attempts\01/train/ledger,True
runs\31\i0\attempts\01/selection/rows,True
runs\31\i0\attempts\01/selection/truth,True
runs\31\i0\attempts\01/selection/labels,True
runs\31\i0\attempts\01/selection/metric,True
runs\31\i0\attempts\01/selection/ledger,True
runs\31\i0\attempts\02\BUILDER-FREEZE.csv/unique,True
runs\31\i0\attempts\02\builder\candidate.py/identity,True
runs\31\i0\attempts\02\builder\parent_engine.py/identity,True
runs\31\i0\attempts\02\builder\refinement_engine.py/identity,True
runs\31\i0\attempts\02\builder\revision_one_engine.py/identity,True
runs\31\i0\attempts\02\builder\revision_two_engine.py/identity,True
runs\31\i0\attempts\02\builder\study_engine.py/identity,True
31/i0/2/candidate,True
31/i0/2/admission,True
31/i0/2/parent,True
31/i0/2/inherited/study_engine.py,True
31/i0/2/inherited/parent_engine.py,True
31/i0/2/inherited/revision_one_engine.py,True
31/i0/2/inherited/revision_two_engine.py,True
31/i0/2/inherited/refinement_engine.py,True
runs\31\i0\attempts\02/splits,True
runs\31\i0\attempts\02/train/rows,True
runs\31\i0\attempts\02/train/truth,True
runs\31\i0\attempts\02/train/labels,True
runs\31\i0\attempts\02/train/metric,True
runs\31\i0\attempts\02/train/ledger,True
runs\31\i0\attempts\02/selection/rows,True
runs\31\i0\attempts\02/selection/truth,True
runs\31\i0\attempts\02/selection/labels,True
runs\31\i0\attempts\02/selection/metric,True
runs\31\i0\attempts\02/selection/ledger,True
runs\31\i0\attempts\03\BUILDER-FREEZE.csv/unique,True
runs\31\i0\attempts\03\builder\candidate.py/identity,True
runs\31\i0\attempts\03\builder\parent_engine.py/identity,True
runs\31\i0\attempts\03\builder\refinement_engine.py/identity,True
runs\31\i0\attempts\03\builder\revision_one_engine.py/identity,True
runs\31\i0\attempts\03\builder\revision_two_engine.py/identity,True
runs\31\i0\attempts\03\builder\study_engine.py/identity,True
31/i0/3/candidate,True
31/i0/3/admission,True
31/i0/3/parent,True
31/i0/3/inherited/study_engine.py,True
31/i0/3/inherited/parent_engine.py,True
31/i0/3/inherited/revision_one_engine.py,True
31/i0/3/inherited/revision_two_engine.py,True
31/i0/3/inherited/refinement_engine.py,True
runs\31\i0\attempts\03/splits,True
runs\31\i0\attempts\03/train/rows,True
runs\31\i0\attempts\03/train/truth,True
runs\31\i0\attempts\03/train/labels,True
runs\31\i0\attempts\03/train/metric,True
runs\31\i0\attempts\03/train/ledger,True
runs\31\i0\attempts\03/selection/rows,True
runs\31\i0\attempts\03/selection/truth,True
runs\31\i0\attempts\03/selection/labels,True
runs\31\i0\attempts\03/selection/metric,True
runs\31\i0\attempts\03/selection/ledger,True
runs\31\i0\attempts\04\BUILDER-FREEZE.csv/unique,True
runs\31\i0\attempts\04\builder\candidate.py/identity,True
runs\31\i0\attempts\04\builder\parent_engine.py/identity,True
runs\31\i0\attempts\04\builder\refinement_engine.py/identity,True
runs\31\i0\attempts\04\builder\revision_one_engine.py/identity,True
runs\31\i0\attempts\04\builder\revision_two_engine.py/identity,True
runs\31\i0\attempts\04\builder\study_engine.py/identity,True
31/i0/4/candidate,True
31/i0/4/admission,True
31/i0/4/parent,True
31/i0/4/inherited/study_engine.py,True
31/i0/4/inherited/parent_engine.py,True
31/i0/4/inherited/revision_one_engine.py,True
31/i0/4/inherited/revision_two_engine.py,True
31/i0/4/inherited/refinement_engine.py,True
runs\31\i0\attempts\04/splits,True
runs\31\i0\attempts\04/train/rows,True
runs\31\i0\attempts\04/train/truth,True
runs\31\i0\attempts\04/train/labels,True
runs\31\i0\attempts\04/train/metric,True
runs\31\i0\attempts\04/train/ledger,True
runs\31\i0\attempts\04/selection/rows,True
runs\31\i0\attempts\04/selection/truth,True
runs\31\i0\attempts\04/selection/labels,True
runs\31\i0\attempts\04/selection/metric,True
runs\31\i0\attempts\04/selection/ledger,True
runs\31\i0\attempts\05\BUILDER-FREEZE.csv/unique,True
runs\31\i0\attempts\05\builder\candidate.py/identity,True
runs\31\i0\attempts\05\builder\parent_engine.py/identity,True
runs\31\i0\attempts\05\builder\refinement_engine.py/identity,True
runs\31\i0\attempts\05\builder\revision_one_engine.py/identity,True
runs\31\i0\attempts\05\builder\revision_two_engine.py/identity,True
runs\31\i0\attempts\05\builder\study_engine.py/identity,True
31/i0/5/candidate,True
31/i0/5/admission,True
31/i0/5/parent,True
31/i0/5/inherited/study_engine.py,True
31/i0/5/inherited/parent_engine.py,True
31/i0/5/inherited/revision_one_engine.py,True
31/i0/5/inherited/revision_two_engine.py,True
31/i0/5/inherited/refinement_engine.py,True
runs\31\i0\attempts\05/splits,True
runs\31\i0\attempts\05/train/rows,True
runs\31\i0\attempts\05/train/truth,True
runs\31\i0\attempts\05/train/labels,True
runs\31\i0\attempts\05/train/metric,True
runs\31\i0\attempts\05/train/ledger,True
runs\31\i0\attempts\05/selection/rows,True
runs\31\i0\attempts\05/selection/truth,True
runs\31\i0\attempts\05/selection/labels,True
runs\31\i0\attempts\05/selection/metric,True
runs\31\i0\attempts\05/selection/ledger,True
runs\31\i0\attempts\06\BUILDER-FREEZE.csv/unique,True
runs\31\i0\attempts\06\builder\candidate.py/identity,True
runs\31\i0\attempts\06\builder\parent_engine.py/identity,True
runs\31\i0\attempts\06\builder\refinement_engine.py/identity,True
runs\31\i0\attempts\06\builder\revision_one_engine.py/identity,True
runs\31\i0\attempts\06\builder\revision_two_engine.py/identity,True
runs\31\i0\attempts\06\builder\study_engine.py/identity,True
31/i0/6/candidate,True
31/i0/6/admission,True
31/i0/6/parent,True
31/i0/6/inherited/study_engine.py,True
31/i0/6/inherited/parent_engine.py,True
31/i0/6/inherited/revision_one_engine.py,True
31/i0/6/inherited/revision_two_engine.py,True
31/i0/6/inherited/refinement_engine.py,True
runs\31\i0\attempts\06/splits,True
runs\31\i0\attempts\06/train/rows,True
runs\31\i0\attempts\06/train/truth,True
runs\31\i0\attempts\06/train/labels,True
runs\31\i0\attempts\06/train/metric,True
runs\31\i0\attempts\06/train/ledger,True
runs\31\i0\attempts\06/selection/rows,True
runs\31\i0\attempts\06/selection/truth,True
runs\31\i0\attempts\06/selection/labels,True
runs\31\i0\attempts\06/selection/metric,True
runs\31\i0\attempts\06/selection/ledger,True
runs\31\i0\attempts\07\BUILDER-FREEZE.csv/unique,True
runs\31\i0\attempts\07\builder\candidate.py/identity,True
runs\31\i0\attempts\07\builder\parent_engine.py/identity,True
runs\31\i0\attempts\07\builder\refinement_engine.py/identity,True
runs\31\i0\attempts\07\builder\revision_one_engine.py/identity,True
runs\31\i0\attempts\07\builder\revision_two_engine.py/identity,True
runs\31\i0\attempts\07\builder\study_engine.py/identity,True
31/i0/7/candidate,True
31/i0/7/admission,True
31/i0/7/parent,True
31/i0/7/inherited/study_engine.py,True
31/i0/7/inherited/parent_engine.py,True
31/i0/7/inherited/revision_one_engine.py,True
31/i0/7/inherited/revision_two_engine.py,True
31/i0/7/inherited/refinement_engine.py,True
runs\31\i0\attempts\07/splits,True
runs\31\i0\attempts\07/train/rows,True
runs\31\i0\attempts\07/train/truth,True
runs\31\i0\attempts\07/train/labels,True
runs\31\i0\attempts\07/train/metric,True
runs\31\i0\attempts\07/train/ledger,True
runs\31\i0\attempts\07/selection/rows,True
runs\31\i0\attempts\07/selection/truth,True
runs\31\i0\attempts\07/selection/labels,True
runs\31\i0\attempts\07/selection/metric,True
runs\31\i0\attempts\07/selection/ledger,True
runs\31\i0\attempts\08\BUILDER-FREEZE.csv/unique,True
runs\31\i0\attempts\08\builder\candidate.py/identity,True
runs\31\i0\attempts\08\builder\parent_engine.py/identity,True
runs\31\i0\attempts\08\builder\refinement_engine.py/identity,True
runs\31\i0\attempts\08\builder\revision_one_engine.py/identity,True
runs\31\i0\attempts\08\builder\revision_two_engine.py/identity,True
runs\31\i0\attempts\08\builder\study_engine.py/identity,True
31/i0/8/candidate,True
31/i0/8/admission,True
31/i0/8/parent,True
31/i0/8/inherited/study_engine.py,True
31/i0/8/inherited/parent_engine.py,True
31/i0/8/inherited/revision_one_engine.py,True
31/i0/8/inherited/revision_two_engine.py,True
31/i0/8/inherited/refinement_engine.py,True
runs\31\i0\attempts\08/splits,True
runs\31\i0\attempts\08/train/rows,True
runs\31\i0\attempts\08/train/truth,True
runs\31\i0\attempts\08/train/labels,True
runs\31\i0\attempts\08/train/metric,True
runs\31\i0\attempts\08/train/ledger,True
runs\31\i0\attempts\08/selection/rows,True
runs\31\i0\attempts\08/selection/truth,True
runs\31\i0\attempts\08/selection/labels,True
runs\31\i0\attempts\08/selection/metric,True
runs\31\i0\attempts\08/selection/ledger,True
runs\31\i0\attempts\09\BUILDER-FREEZE.csv/unique,True
runs\31\i0\attempts\09\builder\candidate.py/identity,True
runs\31\i0\attempts\09\builder\parent_engine.py/identity,True
runs\31\i0\attempts\09\builder\refinement_engine.py/identity,True
runs\31\i0\attempts\09\builder\revision_one_engine.py/identity,True
runs\31\i0\attempts\09\builder\revision_two_engine.py/identity,True
runs\31\i0\attempts\09\builder\study_engine.py/identity,True
31/i0/9/candidate,True
31/i0/9/admission,True
31/i0/9/parent,True
31/i0/9/inherited/study_engine.py,True
31/i0/9/inherited/parent_engine.py,True
31/i0/9/inherited/revision_one_engine.py,True
31/i0/9/inherited/revision_two_engine.py,True
31/i0/9/inherited/refinement_engine.py,True
31/i0/9/parent_candidate,True
runs\31\i0\attempts\09/splits,True
runs\31\i0\attempts\09/train/rows,True
runs\31\i0\attempts\09/train/truth,True
runs\31\i0\attempts\09/train/labels,True
runs\31\i0\attempts\09/train/metric,True
runs\31\i0\attempts\09/train/ledger,True
runs\31\i0\attempts\09/selection/rows,True
runs\31\i0\attempts\09/selection/truth,True
runs\31\i0\attempts\09/selection/labels,True
runs\31\i0\attempts\09/selection/metric,True
runs\31\i0\attempts\09/selection/ledger,True
runs\31\i0\attempts\10\BUILDER-FREEZE.csv/unique,True
runs\31\i0\attempts\10\builder\candidate.py/identity,True
runs\31\i0\attempts\10\builder\parent_engine.py/identity,True
runs\31\i0\attempts\10\builder\refinement_engine.py/identity,True
runs\31\i0\attempts\10\builder\revision_one_engine.py/identity,True
runs\31\i0\attempts\10\builder\revision_two_engine.py/identity,True
runs\31\i0\attempts\10\builder\study_engine.py/identity,True
31/i0/10/candidate,True
31/i0/10/admission,True
31/i0/10/parent,True
31/i0/10/inherited/study_engine.py,True
31/i0/10/inherited/parent_engine.py,True
31/i0/10/inherited/revision_one_engine.py,True
31/i0/10/inherited/revision_two_engine.py,True
31/i0/10/inherited/refinement_engine.py,True
31/i0/10/parent_candidate,True
runs\31\i0\attempts\10/splits,True
runs\31\i0\attempts\10/train/rows,True
runs\31\i0\attempts\10/train/truth,True
runs\31\i0\attempts\10/train/labels,True
runs\31\i0\attempts\10/train/metric,True
runs\31\i0\attempts\10/train/ledger,True
runs\31\i0\attempts\10/selection/rows,True
runs\31\i0\attempts\10/selection/truth,True
runs\31\i0\attempts\10/selection/labels,True
runs\31\i0\attempts\10/selection/metric,True
runs\31\i0\attempts\10/selection/ledger,True
runs\31\i0\attempts\11\BUILDER-FREEZE.csv/unique,True
runs\31\i0\attempts\11\builder\candidate.py/identity,True
runs\31\i0\attempts\11\builder\parent_engine.py/identity,True
runs\31\i0\attempts\11\builder\refinement_engine.py/identity,True
runs\31\i0\attempts\11\builder\revision_one_engine.py/identity,True
runs\31\i0\attempts\11\builder\revision_two_engine.py/identity,True
runs\31\i0\attempts\11\builder\study_engine.py/identity,True
31/i0/11/candidate,True
31/i0/11/admission,True
31/i0/11/parent,True
31/i0/11/inherited/study_engine.py,True
31/i0/11/inherited/parent_engine.py,True
31/i0/11/inherited/revision_one_engine.py,True
31/i0/11/inherited/revision_two_engine.py,True
31/i0/11/inherited/refinement_engine.py,True
31/i0/11/parent_candidate,True
runs\31\i0\attempts\11/splits,True
runs\31\i0\attempts\11/train/rows,True
runs\31\i0\attempts\11/train/truth,True
runs\31\i0\attempts\11/train/labels,True
runs\31\i0\attempts\11/train/metric,True
runs\31\i0\attempts\11/train/ledger,True
runs\31\i0\attempts\11/selection/rows,True
runs\31\i0\attempts\11/selection/truth,True
runs\31\i0\attempts\11/selection/labels,True
runs\31\i0\attempts\11/selection/metric,True
runs\31\i0\attempts\11/selection/ledger,True
runs\31\i0\attempts\12\BUILDER-FREEZE.csv/unique,True
runs\31\i0\attempts\12\builder\candidate.py/identity,True
runs\31\i0\attempts\12\builder\parent_engine.py/identity,True
runs\31\i0\attempts\12\builder\refinement_engine.py/identity,True
runs\31\i0\attempts\12\builder\revision_one_engine.py/identity,True
runs\31\i0\attempts\12\builder\revision_two_engine.py/identity,True
runs\31\i0\attempts\12\builder\study_engine.py/identity,True
31/i0/12/candidate,True
31/i0/12/admission,True
31/i0/12/parent,True
31/i0/12/inherited/study_engine.py,True
31/i0/12/inherited/parent_engine.py,True
31/i0/12/inherited/revision_one_engine.py,True
31/i0/12/inherited/revision_two_engine.py,True
31/i0/12/inherited/refinement_engine.py,True
31/i0/12/parent_candidate,True
runs\31\i0\attempts\12/splits,True
runs\31\i0\attempts\12/train/rows,True
runs\31\i0\attempts\12/train/truth,True
runs\31\i0\attempts\12/train/labels,True
runs\31\i0\attempts\12/train/metric,True
runs\31\i0\attempts\12/train/ledger,True
runs\31\i0\attempts\12/selection/rows,True
runs\31\i0\attempts\12/selection/truth,True
runs\31\i0\attempts\12/selection/labels,True
runs\31\i0\attempts\12/selection/metric,True
runs\31\i0\attempts\12/selection/ledger,True
31/i0/1/replayed_choice,True
31/i0/2/replayed_choice,True
31/i0/3/replayed_choice,True
31/i0/4/replayed_choice,True
31/i0/5/replayed_choice,True
31/i0/6/replayed_choice,True
31/i0/7/replayed_choice,True
31/i0/8/replayed_choice,True
31/i0/9/replayed_choice,True
31/i0/10/replayed_choice,True
31/i0/11/replayed_choice,True
31/i0/12/replayed_choice,True
31/i0/replayed_selection,True
31/i0/rejected_count,True
31/i0/rejection/0,True
31/i0/rejection/1,True
31/i1/executed_source,True
31/i1/ordered_steps,True
31/i1/distinct_constructors,True
31/i1/serial_bounds,True
31/i1/incumbent_exists,True
31/i1/selection,True
runs\31\i1\attempts\01\BUILDER-FREEZE.csv/unique,True
runs\31\i1\attempts\01\builder\candidate.py/identity,True
runs\31\i1\attempts\01\builder\parent_engine.py/identity,True
runs\31\i1\attempts\01\builder\refinement_engine.py/identity,True
runs\31\i1\attempts\01\builder\revision_one_engine.py/identity,True
runs\31\i1\attempts\01\builder\revision_two_engine.py/identity,True
runs\31\i1\attempts\01\builder\study_engine.py/identity,True
31/i1/1/candidate,True
31/i1/1/admission,True
31/i1/1/parent,True
31/i1/1/inherited/study_engine.py,True
31/i1/1/inherited/parent_engine.py,True
31/i1/1/inherited/revision_one_engine.py,True
31/i1/1/inherited/revision_two_engine.py,True
31/i1/1/inherited/refinement_engine.py,True
runs\31\i1\attempts\01/splits,True
runs\31\i1\attempts\01/train/rows,True
runs\31\i1\attempts\01/train/truth,True
runs\31\i1\attempts\01/train/labels,True
runs\31\i1\attempts\01/train/metric,True
runs\31\i1\attempts\01/train/ledger,True
runs\31\i1\attempts\01/selection/rows,True
runs\31\i1\attempts\01/selection/truth,True
runs\31\i1\attempts\01/selection/labels,True
runs\31\i1\attempts\01/selection/metric,True
runs\31\i1\attempts\01/selection/ledger,True
runs\31\i1\attempts\02\BUILDER-FREEZE.csv/unique,True
runs\31\i1\attempts\02\builder\candidate.py/identity,True
runs\31\i1\attempts\02\builder\parent_engine.py/identity,True
runs\31\i1\attempts\02\builder\refinement_engine.py/identity,True
runs\31\i1\attempts\02\builder\revision_one_engine.py/identity,True
runs\31\i1\attempts\02\builder\revision_two_engine.py/identity,True
runs\31\i1\attempts\02\builder\study_engine.py/identity,True
31/i1/2/candidate,True
31/i1/2/admission,True
31/i1/2/parent,True
31/i1/2/inherited/study_engine.py,True
31/i1/2/inherited/parent_engine.py,True
31/i1/2/inherited/revision_one_engine.py,True
31/i1/2/inherited/revision_two_engine.py,True
31/i1/2/inherited/refinement_engine.py,True
runs\31\i1\attempts\02/splits,True
runs\31\i1\attempts\02/train/rows,True
runs\31\i1\attempts\02/train/truth,True
runs\31\i1\attempts\02/train/labels,True
runs\31\i1\attempts\02/train/metric,True
runs\31\i1\attempts\02/train/ledger,True
runs\31\i1\attempts\02/selection/rows,True
runs\31\i1\attempts\02/selection/truth,True
runs\31\i1\attempts\02/selection/labels,True
runs\31\i1\attempts\02/selection/metric,True
runs\31\i1\attempts\02/selection/ledger,True
runs\31\i1\attempts\03\BUILDER-FREEZE.csv/unique,True
runs\31\i1\attempts\03\builder\candidate.py/identity,True
runs\31\i1\attempts\03\builder\parent_engine.py/identity,True
runs\31\i1\attempts\03\builder\refinement_engine.py/identity,True
runs\31\i1\attempts\03\builder\revision_one_engine.py/identity,True
runs\31\i1\attempts\03\builder\revision_two_engine.py/identity,True
runs\31\i1\attempts\03\builder\study_engine.py/identity,True
31/i1/3/candidate,True
31/i1/3/admission,True
31/i1/3/parent,True
31/i1/3/inherited/study_engine.py,True
31/i1/3/inherited/parent_engine.py,True
31/i1/3/inherited/revision_one_engine.py,True
31/i1/3/inherited/revision_two_engine.py,True
31/i1/3/inherited/refinement_engine.py,True
runs\31\i1\attempts\03/splits,True
runs\31\i1\attempts\03/train/rows,True
runs\31\i1\attempts\03/train/truth,True
runs\31\i1\attempts\03/train/labels,True
runs\31\i1\attempts\03/train/metric,True
runs\31\i1\attempts\03/train/ledger,True
runs\31\i1\attempts\03/selection/rows,True
runs\31\i1\attempts\03/selection/truth,True
runs\31\i1\attempts\03/selection/labels,True
runs\31\i1\attempts\03/selection/metric,True
runs\31\i1\attempts\03/selection/ledger,True
runs\31\i1\attempts\04\BUILDER-FREEZE.csv/unique,True
runs\31\i1\attempts\04\builder\candidate.py/identity,True
runs\31\i1\attempts\04\builder\parent_engine.py/identity,True
runs\31\i1\attempts\04\builder\refinement_engine.py/identity,True
runs\31\i1\attempts\04\builder\revision_one_engine.py/identity,True
runs\31\i1\attempts\04\builder\revision_two_engine.py/identity,True
runs\31\i1\attempts\04\builder\study_engine.py/identity,True
31/i1/4/candidate,True
31/i1/4/admission,True
31/i1/4/parent,True
31/i1/4/inherited/study_engine.py,True
31/i1/4/inherited/parent_engine.py,True
31/i1/4/inherited/revision_one_engine.py,True
31/i1/4/inherited/revision_two_engine.py,True
31/i1/4/inherited/refinement_engine.py,True
runs\31\i1\attempts\04/splits,True
runs\31\i1\attempts\04/train/rows,True
runs\31\i1\attempts\04/train/truth,True
runs\31\i1\attempts\04/train/labels,True
runs\31\i1\attempts\04/train/metric,True
runs\31\i1\attempts\04/train/ledger,True
runs\31\i1\attempts\04/selection/rows,True
runs\31\i1\attempts\04/selection/truth,True
runs\31\i1\attempts\04/selection/labels,True
runs\31\i1\attempts\04/selection/metric,True
runs\31\i1\attempts\04/selection/ledger,True
runs\31\i1\attempts\05\BUILDER-FREEZE.csv/unique,True
runs\31\i1\attempts\05\builder\candidate.py/identity,True
runs\31\i1\attempts\05\builder\parent_engine.py/identity,True
runs\31\i1\attempts\05\builder\refinement_engine.py/identity,True
runs\31\i1\attempts\05\builder\revision_one_engine.py/identity,True
runs\31\i1\attempts\05\builder\revision_two_engine.py/identity,True
runs\31\i1\attempts\05\builder\study_engine.py/identity,True
31/i1/5/candidate,True
31/i1/5/admission,True
31/i1/5/parent,True
31/i1/5/inherited/study_engine.py,True
31/i1/5/inherited/parent_engine.py,True
31/i1/5/inherited/revision_one_engine.py,True
31/i1/5/inherited/revision_two_engine.py,True
31/i1/5/inherited/refinement_engine.py,True
runs\31\i1\attempts\05/splits,True
runs\31\i1\attempts\05/train/rows,True
runs\31\i1\attempts\05/train/truth,True
runs\31\i1\attempts\05/train/labels,True
runs\31\i1\attempts\05/train/metric,True
runs\31\i1\attempts\05/train/ledger,True
runs\31\i1\attempts\05/selection/rows,True
runs\31\i1\attempts\05/selection/truth,True
runs\31\i1\attempts\05/selection/labels,True
runs\31\i1\attempts\05/selection/metric,True
runs\31\i1\attempts\05/selection/ledger,True
runs\31\i1\attempts\06\BUILDER-FREEZE.csv/unique,True
runs\31\i1\attempts\06\builder\candidate.py/identity,True
runs\31\i1\attempts\06\builder\parent_engine.py/identity,True
runs\31\i1\attempts\06\builder\refinement_engine.py/identity,True
runs\31\i1\attempts\06\builder\revision_one_engine.py/identity,True
runs\31\i1\attempts\06\builder\revision_two_engine.py/identity,True
runs\31\i1\attempts\06\builder\study_engine.py/identity,True
31/i1/6/candidate,True
31/i1/6/admission,True
31/i1/6/parent,True
31/i1/6/inherited/study_engine.py,True
31/i1/6/inherited/parent_engine.py,True
31/i1/6/inherited/revision_one_engine.py,True
31/i1/6/inherited/revision_two_engine.py,True
31/i1/6/inherited/refinement_engine.py,True
runs\31\i1\attempts\06/splits,True
runs\31\i1\attempts\06/train/rows,True
runs\31\i1\attempts\06/train/truth,True
runs\31\i1\attempts\06/train/labels,True
runs\31\i1\attempts\06/train/metric,True
runs\31\i1\attempts\06/train/ledger,True
runs\31\i1\attempts\06/selection/rows,True
runs\31\i1\attempts\06/selection/truth,True
runs\31\i1\attempts\06/selection/labels,True
runs\31\i1\attempts\06/selection/metric,True
runs\31\i1\attempts\06/selection/ledger,True
runs\31\i1\attempts\07\BUILDER-FREEZE.csv/unique,True
runs\31\i1\attempts\07\builder\candidate.py/identity,True
runs\31\i1\attempts\07\builder\parent_engine.py/identity,True
runs\31\i1\attempts\07\builder\refinement_engine.py/identity,True
runs\31\i1\attempts\07\builder\revision_one_engine.py/identity,True
runs\31\i1\attempts\07\builder\revision_two_engine.py/identity,True
runs\31\i1\attempts\07\builder\study_engine.py/identity,True
31/i1/7/candidate,True
31/i1/7/admission,True
31/i1/7/parent,True
31/i1/7/inherited/study_engine.py,True
31/i1/7/inherited/parent_engine.py,True
31/i1/7/inherited/revision_one_engine.py,True
31/i1/7/inherited/revision_two_engine.py,True
31/i1/7/inherited/refinement_engine.py,True
runs\31\i1\attempts\07/splits,True
runs\31\i1\attempts\07/train/rows,True
runs\31\i1\attempts\07/train/truth,True
runs\31\i1\attempts\07/train/labels,True
runs\31\i1\attempts\07/train/metric,True
runs\31\i1\attempts\07/train/ledger,True
runs\31\i1\attempts\07/selection/rows,True
runs\31\i1\attempts\07/selection/truth,True
runs\31\i1\attempts\07/selection/labels,True
runs\31\i1\attempts\07/selection/metric,True
runs\31\i1\attempts\07/selection/ledger,True
runs\31\i1\attempts\08\BUILDER-FREEZE.csv/unique,True
runs\31\i1\attempts\08\builder\candidate.py/identity,True
runs\31\i1\attempts\08\builder\parent_engine.py/identity,True
runs\31\i1\attempts\08\builder\refinement_engine.py/identity,True
runs\31\i1\attempts\08\builder\revision_one_engine.py/identity,True
runs\31\i1\attempts\08\builder\revision_two_engine.py/identity,True
runs\31\i1\attempts\08\builder\study_engine.py/identity,True
31/i1/8/candidate,True
31/i1/8/admission,True
31/i1/8/parent,True
31/i1/8/inherited/study_engine.py,True
31/i1/8/inherited/parent_engine.py,True
31/i1/8/inherited/revision_one_engine.py,True
31/i1/8/inherited/revision_two_engine.py,True
31/i1/8/inherited/refinement_engine.py,True
runs\31\i1\attempts\08/splits,True
runs\31\i1\attempts\08/train/rows,True
runs\31\i1\attempts\08/train/truth,True
runs\31\i1\attempts\08/train/labels,True
runs\31\i1\attempts\08/train/metric,True
runs\31\i1\attempts\08/train/ledger,True
runs\31\i1\attempts\08/selection/rows,True
runs\31\i1\attempts\08/selection/truth,True
runs\31\i1\attempts\08/selection/labels,True
runs\31\i1\attempts\08/selection/metric,True
runs\31\i1\attempts\08/selection/ledger,True
runs\31\i1\attempts\09\BUILDER-FREEZE.csv/unique,True
runs\31\i1\attempts\09\builder\candidate.py/identity,True
runs\31\i1\attempts\09\builder\parent_engine.py/identity,True
runs\31\i1\attempts\09\builder\refinement_engine.py/identity,True
runs\31\i1\attempts\09\builder\revision_one_engine.py/identity,True
runs\31\i1\attempts\09\builder\revision_two_engine.py/identity,True
runs\31\i1\attempts\09\builder\study_engine.py/identity,True
31/i1/9/candidate,True
31/i1/9/admission,True
31/i1/9/parent,True
31/i1/9/inherited/study_engine.py,True
31/i1/9/inherited/parent_engine.py,True
31/i1/9/inherited/revision_one_engine.py,True
31/i1/9/inherited/revision_two_engine.py,True
31/i1/9/inherited/refinement_engine.py,True
runs\31\i1\attempts\09/splits,True
runs\31\i1\attempts\09/train/rows,True
runs\31\i1\attempts\09/train/truth,True
runs\31\i1\attempts\09/train/labels,True
runs\31\i1\attempts\09/train/metric,True
runs\31\i1\attempts\09/train/ledger,True
runs\31\i1\attempts\09/selection/rows,True
runs\31\i1\attempts\09/selection/truth,True
runs\31\i1\attempts\09/selection/labels,True
runs\31\i1\attempts\09/selection/metric,True
runs\31\i1\attempts\09/selection/ledger,True
runs\31\i1\attempts\10\BUILDER-FREEZE.csv/unique,True
runs\31\i1\attempts\10\builder\candidate.py/identity,True
runs\31\i1\attempts\10\builder\parent_engine.py/identity,True
runs\31\i1\attempts\10\builder\refinement_engine.py/identity,True
runs\31\i1\attempts\10\builder\revision_one_engine.py/identity,True
runs\31\i1\attempts\10\builder\revision_two_engine.py/identity,True
runs\31\i1\attempts\10\builder\study_engine.py/identity,True
31/i1/10/candidate,True
31/i1/10/admission,True
31/i1/10/parent,True
31/i1/10/inherited/study_engine.py,True
31/i1/10/inherited/parent_engine.py,True
31/i1/10/inherited/revision_one_engine.py,True
31/i1/10/inherited/revision_two_engine.py,True
31/i1/10/inherited/refinement_engine.py,True
runs\31\i1\attempts\10/splits,True
runs\31\i1\attempts\10/train/rows,True
runs\31\i1\attempts\10/train/truth,True
runs\31\i1\attempts\10/train/labels,True
runs\31\i1\attempts\10/train/metric,True
runs\31\i1\attempts\10/train/ledger,True
runs\31\i1\attempts\10/selection/rows,True
runs\31\i1\attempts\10/selection/truth,True
runs\31\i1\attempts\10/selection/labels,True
runs\31\i1\attempts\10/selection/metric,True
runs\31\i1\attempts\10/selection/ledger,True
runs\31\i1\attempts\11\BUILDER-FREEZE.csv/unique,True
runs\31\i1\attempts\11\builder\candidate.py/identity,True
runs\31\i1\attempts\11\builder\parent_engine.py/identity,True
runs\31\i1\attempts\11\builder\refinement_engine.py/identity,True
runs\31\i1\attempts\11\builder\revision_one_engine.py/identity,True
runs\31\i1\attempts\11\builder\revision_two_engine.py/identity,True
runs\31\i1\attempts\11\builder\study_engine.py/identity,True
31/i1/11/candidate,True
31/i1/11/admission,True
31/i1/11/parent,True
31/i1/11/inherited/study_engine.py,True
31/i1/11/inherited/parent_engine.py,True
31/i1/11/inherited/revision_one_engine.py,True
31/i1/11/inherited/revision_two_engine.py,True
31/i1/11/inherited/refinement_engine.py,True
31/i1/11/parent_candidate,True
runs\31\i1\attempts\11/splits,True
runs\31\i1\attempts\11/train/rows,True
runs\31\i1\attempts\11/train/truth,True
runs\31\i1\attempts\11/train/labels,True
runs\31\i1\attempts\11/train/metric,True
runs\31\i1\attempts\11/train/ledger,True
runs\31\i1\attempts\11/selection/rows,True
runs\31\i1\attempts\11/selection/truth,True
runs\31\i1\attempts\11/selection/labels,True
runs\31\i1\attempts\11/selection/metric,True
runs\31\i1\attempts\11/selection/ledger,True
runs\31\i1\attempts\12\BUILDER-FREEZE.csv/unique,True
runs\31\i1\attempts\12\builder\candidate.py/identity,True
runs\31\i1\attempts\12\builder\parent_engine.py/identity,True
runs\31\i1\attempts\12\builder\refinement_engine.py/identity,True
runs\31\i1\attempts\12\builder\revision_one_engine.py/identity,True
runs\31\i1\attempts\12\builder\revision_two_engine.py/identity,True
runs\31\i1\attempts\12\builder\study_engine.py/identity,True
31/i1/12/candidate,True
31/i1/12/admission,True
31/i1/12/parent,True
31/i1/12/inherited/study_engine.py,True
31/i1/12/inherited/parent_engine.py,True
31/i1/12/inherited/revision_one_engine.py,True
31/i1/12/inherited/revision_two_engine.py,True
31/i1/12/inherited/refinement_engine.py,True
31/i1/12/parent_candidate,True
runs\31\i1\attempts\12/splits,True
runs\31\i1\attempts\12/train/rows,True
runs\31\i1\attempts\12/train/truth,True
runs\31\i1\attempts\12/train/labels,True
runs\31\i1\attempts\12/train/metric,True
runs\31\i1\attempts\12/train/ledger,True
runs\31\i1\attempts\12/selection/rows,True
runs\31\i1\attempts\12/selection/truth,True
runs\31\i1\attempts\12/selection/labels,True
runs\31\i1\attempts\12/selection/metric,True
runs\31\i1\attempts\12/selection/ledger,True
31/i1/1/replayed_choice,True
31/i1/2/replayed_choice,True
31/i1/3/replayed_choice,True
31/i1/4/replayed_choice,True
31/i1/5/replayed_choice,True
31/i1/6/replayed_choice,True
31/i1/7/replayed_choice,True
31/i1/8/replayed_choice,True
31/i1/9/replayed_choice,True
31/i1/10/replayed_choice,True
31/i1/11/replayed_choice,True
31/i1/12/replayed_choice,True
31/i1/replayed_selection,True
31/i1/rejected_count,True
31/parent/executed_source,True
31/parent/ordered_steps,True
31/parent/distinct_constructors,True
31/parent/serial_bounds,True
31/parent/incumbent_exists,True
31/parent/selection,True
runs\31\parent\attempts\01\BUILDER-FREEZE.csv/unique,True
runs\31\parent\attempts\01\builder\candidate.py/identity,True
runs\31\parent\attempts\01\builder\parent_engine.py/identity,True
runs\31\parent\attempts\01\builder\refinement_engine.py/identity,True
runs\31\parent\attempts\01\builder\revision_one_engine.py/identity,True
runs\31\parent\attempts\01\builder\revision_two_engine.py/identity,True
runs\31\parent\attempts\01\builder\study_engine.py/identity,True
31/parent/1/candidate,True
31/parent/1/admission,True
31/parent/1/parent,True
31/parent/1/inherited/study_engine.py,True
31/parent/1/inherited/parent_engine.py,True
31/parent/1/inherited/revision_one_engine.py,True
31/parent/1/inherited/revision_two_engine.py,True
31/parent/1/inherited/refinement_engine.py,True
runs\31\parent\attempts\01/splits,True
runs\31\parent\attempts\01/train/rows,True
runs\31\parent\attempts\01/train/truth,True
runs\31\parent\attempts\01/train/labels,True
runs\31\parent\attempts\01/train/metric,True
runs\31\parent\attempts\01/train/ledger,True
runs\31\parent\attempts\01/selection/rows,True
runs\31\parent\attempts\01/selection/truth,True
runs\31\parent\attempts\01/selection/labels,True
runs\31\parent\attempts\01/selection/metric,True
runs\31\parent\attempts\01/selection/ledger,True
runs\31\parent\attempts\02\BUILDER-FREEZE.csv/unique,True
runs\31\parent\attempts\02\builder\candidate.py/identity,True
runs\31\parent\attempts\02\builder\parent_engine.py/identity,True
runs\31\parent\attempts\02\builder\refinement_engine.py/identity,True
runs\31\parent\attempts\02\builder\revision_one_engine.py/identity,True
runs\31\parent\attempts\02\builder\revision_two_engine.py/identity,True
runs\31\parent\attempts\02\builder\study_engine.py/identity,True
31/parent/2/candidate,True
31/parent/2/admission,True
31/parent/2/parent,True
31/parent/2/inherited/study_engine.py,True
31/parent/2/inherited/parent_engine.py,True
31/parent/2/inherited/revision_one_engine.py,True
31/parent/2/inherited/revision_two_engine.py,True
31/parent/2/inherited/refinement_engine.py,True
runs\31\parent\attempts\02/splits,True
runs\31\parent\attempts\02/train/rows,True
runs\31\parent\attempts\02/train/truth,True
runs\31\parent\attempts\02/train/labels,True
runs\31\parent\attempts\02/train/metric,True
runs\31\parent\attempts\02/train/ledger,True
runs\31\parent\attempts\02/selection/rows,True
runs\31\parent\attempts\02/selection/truth,True
runs\31\parent\attempts\02/selection/labels,True
runs\31\parent\attempts\02/selection/metric,True
runs\31\parent\attempts\02/selection/ledger,True
runs\31\parent\attempts\03\BUILDER-FREEZE.csv/unique,True
runs\31\parent\attempts\03\builder\candidate.py/identity,True
runs\31\parent\attempts\03\builder\parent_engine.py/identity,True
runs\31\parent\attempts\03\builder\refinement_engine.py/identity,True
runs\31\parent\attempts\03\builder\revision_one_engine.py/identity,True
runs\31\parent\attempts\03\builder\revision_two_engine.py/identity,True
runs\31\parent\attempts\03\builder\study_engine.py/identity,True
31/parent/3/candidate,True
31/parent/3/admission,True
31/parent/3/parent,True
31/parent/3/inherited/study_engine.py,True
31/parent/3/inherited/parent_engine.py,True
31/parent/3/inherited/revision_one_engine.py,True
31/parent/3/inherited/revision_two_engine.py,True
31/parent/3/inherited/refinement_engine.py,True
runs\31\parent\attempts\03/splits,True
runs\31\parent\attempts\03/train/rows,True
runs\31\parent\attempts\03/train/truth,True
runs\31\parent\attempts\03/train/labels,True
runs\31\parent\attempts\03/train/metric,True
runs\31\parent\attempts\03/train/ledger,True
runs\31\parent\attempts\03/selection/rows,True
runs\31\parent\attempts\03/selection/truth,True
runs\31\parent\attempts\03/selection/labels,True
runs\31\parent\attempts\03/selection/metric,True
runs\31\parent\attempts\03/selection/ledger,True
runs\31\parent\attempts\04\BUILDER-FREEZE.csv/unique,True
runs\31\parent\attempts\04\builder\candidate.py/identity,True
runs\31\parent\attempts\04\builder\parent_engine.py/identity,True
runs\31\parent\attempts\04\builder\refinement_engine.py/identity,True
runs\31\parent\attempts\04\builder\revision_one_engine.py/identity,True
runs\31\parent\attempts\04\builder\revision_two_engine.py/identity,True
runs\31\parent\attempts\04\builder\study_engine.py/identity,True
31/parent/4/candidate,True
31/parent/4/admission,True
31/parent/4/parent,True
31/parent/4/inherited/study_engine.py,True
31/parent/4/inherited/parent_engine.py,True
31/parent/4/inherited/revision_one_engine.py,True
31/parent/4/inherited/revision_two_engine.py,True
31/parent/4/inherited/refinement_engine.py,True
runs\31\parent\attempts\04/splits,True
runs\31\parent\attempts\04/train/rows,True
runs\31\parent\attempts\04/train/truth,True
runs\31\parent\attempts\04/train/labels,True
runs\31\parent\attempts\04/train/metric,True
runs\31\parent\attempts\04/train/ledger,True
runs\31\parent\attempts\04/selection/rows,True
runs\31\parent\attempts\04/selection/truth,True
runs\31\parent\attempts\04/selection/labels,True
runs\31\parent\attempts\04/selection/metric,True
runs\31\parent\attempts\04/selection/ledger,True
runs\31\parent\attempts\05\BUILDER-FREEZE.csv/unique,True
runs\31\parent\attempts\05\builder\candidate.py/identity,True
runs\31\parent\attempts\05\builder\parent_engine.py/identity,True
runs\31\parent\attempts\05\builder\refinement_engine.py/identity,True
runs\31\parent\attempts\05\builder\revision_one_engine.py/identity,True
runs\31\parent\attempts\05\builder\revision_two_engine.py/identity,True
runs\31\parent\attempts\05\builder\study_engine.py/identity,True
31/parent/5/candidate,True
31/parent/5/admission,True
31/parent/5/parent,True
31/parent/5/inherited/study_engine.py,True
31/parent/5/inherited/parent_engine.py,True
31/parent/5/inherited/revision_one_engine.py,True
31/parent/5/inherited/revision_two_engine.py,True
31/parent/5/inherited/refinement_engine.py,True
runs\31\parent\attempts\05/splits,True
runs\31\parent\attempts\05/train/rows,True
runs\31\parent\attempts\05/train/truth,True
runs\31\parent\attempts\05/train/labels,True
runs\31\parent\attempts\05/train/metric,True
runs\31\parent\attempts\05/train/ledger,True
runs\31\parent\attempts\05/selection/rows,True
runs\31\parent\attempts\05/selection/truth,True
runs\31\parent\attempts\05/selection/labels,True
runs\31\parent\attempts\05/selection/metric,True
runs\31\parent\attempts\05/selection/ledger,True
runs\31\parent\attempts\06\BUILDER-FREEZE.csv/unique,True
runs\31\parent\attempts\06\builder\candidate.py/identity,True
runs\31\parent\attempts\06\builder\parent_engine.py/identity,True
runs\31\parent\attempts\06\builder\refinement_engine.py/identity,True
runs\31\parent\attempts\06\builder\revision_one_engine.py/identity,True
runs\31\parent\attempts\06\builder\revision_two_engine.py/identity,True
runs\31\parent\attempts\06\builder\study_engine.py/identity,True
31/parent/6/candidate,True
31/parent/6/admission,True
31/parent/6/parent,True
31/parent/6/inherited/study_engine.py,True
31/parent/6/inherited/parent_engine.py,True
31/parent/6/inherited/revision_one_engine.py,True
31/parent/6/inherited/revision_two_engine.py,True
31/parent/6/inherited/refinement_engine.py,True
runs\31\parent\attempts\06/splits,True
runs\31\parent\attempts\06/train/rows,True
runs\31\parent\attempts\06/train/truth,True
runs\31\parent\attempts\06/train/labels,True
runs\31\parent\attempts\06/train/metric,True
runs\31\parent\attempts\06/train/ledger,True
runs\31\parent\attempts\06/selection/rows,True
runs\31\parent\attempts\06/selection/truth,True
runs\31\parent\attempts\06/selection/labels,True
runs\31\parent\attempts\06/selection/metric,True
runs\31\parent\attempts\06/selection/ledger,True
runs\31\parent\attempts\07\BUILDER-FREEZE.csv/unique,True
runs\31\parent\attempts\07\builder\candidate.py/identity,True
runs\31\parent\attempts\07\builder\parent_engine.py/identity,True
runs\31\parent\attempts\07\builder\refinement_engine.py/identity,True
runs\31\parent\attempts\07\builder\revision_one_engine.py/identity,True
runs\31\parent\attempts\07\builder\revision_two_engine.py/identity,True
runs\31\parent\attempts\07\builder\study_engine.py/identity,True
31/parent/7/candidate,True
31/parent/7/admission,True
31/parent/7/parent,True
31/parent/7/inherited/study_engine.py,True
31/parent/7/inherited/parent_engine.py,True
31/parent/7/inherited/revision_one_engine.py,True
31/parent/7/inherited/revision_two_engine.py,True
31/parent/7/inherited/refinement_engine.py,True
runs\31\parent\attempts\07/splits,True
runs\31\parent\attempts\07/train/rows,True
runs\31\parent\attempts\07/train/truth,True
runs\31\parent\attempts\07/train/labels,True
runs\31\parent\attempts\07/train/metric,True
runs\31\parent\attempts\07/train/ledger,True
runs\31\parent\attempts\07/selection/rows,True
runs\31\parent\attempts\07/selection/truth,True
runs\31\parent\attempts\07/selection/labels,True
runs\31\parent\attempts\07/selection/metric,True
runs\31\parent\attempts\07/selection/ledger,True
runs\31\parent\attempts\08\BUILDER-FREEZE.csv/unique,True
runs\31\parent\attempts\08\builder\candidate.py/identity,True
runs\31\parent\attempts\08\builder\parent_engine.py/identity,True
runs\31\parent\attempts\08\builder\refinement_engine.py/identity,True
runs\31\parent\attempts\08\builder\revision_one_engine.py/identity,True
runs\31\parent\attempts\08\builder\revision_two_engine.py/identity,True
runs\31\parent\attempts\08\builder\study_engine.py/identity,True
31/parent/8/candidate,True
31/parent/8/admission,True
31/parent/8/parent,True
31/parent/8/inherited/study_engine.py,True
31/parent/8/inherited/parent_engine.py,True
31/parent/8/inherited/revision_one_engine.py,True
31/parent/8/inherited/revision_two_engine.py,True
31/parent/8/inherited/refinement_engine.py,True
runs\31\parent\attempts\08/splits,True
runs\31\parent\attempts\08/train/rows,True
runs\31\parent\attempts\08/train/truth,True
runs\31\parent\attempts\08/train/labels,True
runs\31\parent\attempts\08/train/metric,True
runs\31\parent\attempts\08/train/ledger,True
runs\31\parent\attempts\08/selection/rows,True
runs\31\parent\attempts\08/selection/truth,True
runs\31\parent\attempts\08/selection/labels,True
runs\31\parent\attempts\08/selection/metric,True
runs\31\parent\attempts\08/selection/ledger,True
runs\31\parent\attempts\09\BUILDER-FREEZE.csv/unique,True
runs\31\parent\attempts\09\builder\candidate.py/identity,True
runs\31\parent\attempts\09\builder\parent_engine.py/identity,True
runs\31\parent\attempts\09\builder\refinement_engine.py/identity,True
runs\31\parent\attempts\09\builder\revision_one_engine.py/identity,True
runs\31\parent\attempts\09\builder\revision_two_engine.py/identity,True
runs\31\parent\attempts\09\builder\study_engine.py/identity,True
31/parent/9/candidate,True
31/parent/9/admission,True
31/parent/9/parent,True
31/parent/9/inherited/study_engine.py,True
31/parent/9/inherited/parent_engine.py,True
31/parent/9/inherited/revision_one_engine.py,True
31/parent/9/inherited/revision_two_engine.py,True
31/parent/9/inherited/refinement_engine.py,True
31/parent/9/parent_candidate,True
runs\31\parent\attempts\09/splits,True
runs\31\parent\attempts\09/train/rows,True
runs\31\parent\attempts\09/train/truth,True
runs\31\parent\attempts\09/train/labels,True
runs\31\parent\attempts\09/train/metric,True
runs\31\parent\attempts\09/train/ledger,True
runs\31\parent\attempts\09/selection/rows,True
runs\31\parent\attempts\09/selection/truth,True
runs\31\parent\attempts\09/selection/labels,True
runs\31\parent\attempts\09/selection/metric,True
runs\31\parent\attempts\09/selection/ledger,True
runs\31\parent\attempts\10\BUILDER-FREEZE.csv/unique,True
runs\31\parent\attempts\10\builder\candidate.py/identity,True
runs\31\parent\attempts\10\builder\parent_engine.py/identity,True
runs\31\parent\attempts\10\builder\refinement_engine.py/identity,True
runs\31\parent\attempts\10\builder\revision_one_engine.py/identity,True
runs\31\parent\attempts\10\builder\revision_two_engine.py/identity,True
runs\31\parent\attempts\10\builder\study_engine.py/identity,True
31/parent/10/candidate,True
31/parent/10/admission,True
31/parent/10/parent,True
31/parent/10/inherited/study_engine.py,True
31/parent/10/inherited/parent_engine.py,True
31/parent/10/inherited/revision_one_engine.py,True
31/parent/10/inherited/revision_two_engine.py,True
31/parent/10/inherited/refinement_engine.py,True
31/parent/10/parent_candidate,True
runs\31\parent\attempts\10/splits,True
runs\31\parent\attempts\10/train/rows,True
runs\31\parent\attempts\10/train/truth,True
runs\31\parent\attempts\10/train/labels,True
runs\31\parent\attempts\10/train/metric,True
runs\31\parent\attempts\10/train/ledger,True
runs\31\parent\attempts\10/selection/rows,True
runs\31\parent\attempts\10/selection/truth,True
runs\31\parent\attempts\10/selection/labels,True
runs\31\parent\attempts\10/selection/metric,True
runs\31\parent\attempts\10/selection/ledger,True
runs\31\parent\attempts\11\BUILDER-FREEZE.csv/unique,True
runs\31\parent\attempts\11\builder\candidate.py/identity,True
runs\31\parent\attempts\11\builder\parent_engine.py/identity,True
runs\31\parent\attempts\11\builder\refinement_engine.py/identity,True
runs\31\parent\attempts\11\builder\revision_one_engine.py/identity,True
runs\31\parent\attempts\11\builder\revision_two_engine.py/identity,True
runs\31\parent\attempts\11\builder\study_engine.py/identity,True
31/parent/11/candidate,True
31/parent/11/admission,True
31/parent/11/parent,True
31/parent/11/inherited/study_engine.py,True
31/parent/11/inherited/parent_engine.py,True
31/parent/11/inherited/revision_one_engine.py,True
31/parent/11/inherited/revision_two_engine.py,True
31/parent/11/inherited/refinement_engine.py,True
31/parent/11/parent_candidate,True
runs\31\parent\attempts\11/splits,True
runs\31\parent\attempts\11/train/rows,True
runs\31\parent\attempts\11/train/truth,True
runs\31\parent\attempts\11/train/labels,True
runs\31\parent\attempts\11/train/metric,True
runs\31\parent\attempts\11/train/ledger,True
runs\31\parent\attempts\11/selection/rows,True
runs\31\parent\attempts\11/selection/truth,True
runs\31\parent\attempts\11/selection/labels,True
runs\31\parent\attempts\11/selection/metric,True
runs\31\parent\attempts\11/selection/ledger,True
runs\31\parent\attempts\12\BUILDER-FREEZE.csv/unique,True
runs\31\parent\attempts\12\builder\candidate.py/identity,True
runs\31\parent\attempts\12\builder\parent_engine.py/identity,True
runs\31\parent\attempts\12\builder\refinement_engine.py/identity,True
runs\31\parent\attempts\12\builder\revision_one_engine.py/identity,True
runs\31\parent\attempts\12\builder\revision_two_engine.py/identity,True
runs\31\parent\attempts\12\builder\study_engine.py/identity,True
31/parent/12/candidate,True
31/parent/12/admission,True
31/parent/12/parent,True
31/parent/12/inherited/study_engine.py,True
31/parent/12/inherited/parent_engine.py,True
31/parent/12/inherited/revision_one_engine.py,True
31/parent/12/inherited/revision_two_engine.py,True
31/parent/12/inherited/refinement_engine.py,True
31/parent/12/parent_candidate,True
runs\31\parent\attempts\12/splits,True
runs\31\parent\attempts\12/train/rows,True
runs\31\parent\attempts\12/train/truth,True
runs\31\parent\attempts\12/train/labels,True
runs\31\parent\attempts\12/train/metric,True
runs\31\parent\attempts\12/train/ledger,True
runs\31\parent\attempts\12/selection/rows,True
runs\31\parent\attempts\12/selection/truth,True
runs\31\parent\attempts\12/selection/labels,True
runs\31\parent\attempts\12/selection/metric,True
runs\31\parent\attempts\12/selection/ledger,True
31/parent/1/replayed_choice,True
31/parent/2/replayed_choice,True
31/parent/3/replayed_choice,True
31/parent/4/replayed_choice,True
31/parent/5/replayed_choice,True
31/parent/6/replayed_choice,True
31/parent/7/replayed_choice,True
31/parent/8/replayed_choice,True
31/parent/9/replayed_choice,True
31/parent/10/replayed_choice,True
31/parent/11/replayed_choice,True
31/parent/12/replayed_choice,True
31/parent/replayed_selection,True
31/parent/rejected_count,True
31/parent/rejection/0,True
31/parent/rejection/1,True
361235/i0/executed_source,True
361235/i0/ordered_steps,True
361235/i0/distinct_constructors,True
361235/i0/serial_bounds,True
361235/i0/incumbent_exists,True
361235/i0/selection,True
runs\361235\i0\attempts\01\BUILDER-FREEZE.csv/unique,True
runs\361235\i0\attempts\01\builder\candidate.py/identity,True
runs\361235\i0\attempts\01\builder\parent_engine.py/identity,True
runs\361235\i0\attempts\01\builder\refinement_engine.py/identity,True
runs\361235\i0\attempts\01\builder\revision_one_engine.py/identity,True
runs\361235\i0\attempts\01\builder\revision_two_engine.py/identity,True
runs\361235\i0\attempts\01\builder\study_engine.py/identity,True
361235/i0/1/candidate,True
361235/i0/1/admission,True
361235/i0/1/parent,True
361235/i0/1/inherited/study_engine.py,True
361235/i0/1/inherited/parent_engine.py,True
361235/i0/1/inherited/revision_one_engine.py,True
361235/i0/1/inherited/revision_two_engine.py,True
361235/i0/1/inherited/refinement_engine.py,True
runs\361235\i0\attempts\01/splits,True
runs\361235\i0\attempts\01/train/rows,True
runs\361235\i0\attempts\01/train/truth,True
runs\361235\i0\attempts\01/train/finite,True
runs\361235\i0\attempts\01/train/metric,True
runs\361235\i0\attempts\01/train/ledger,True
runs\361235\i0\attempts\01/selection/rows,True
runs\361235\i0\attempts\01/selection/truth,True
runs\361235\i0\attempts\01/selection/finite,True
runs\361235\i0\attempts\01/selection/metric,True
runs\361235\i0\attempts\01/selection/ledger,True
runs\361235\i0\attempts\02\BUILDER-FREEZE.csv/unique,True
runs\361235\i0\attempts\02\builder\candidate.py/identity,True
runs\361235\i0\attempts\02\builder\parent_engine.py/identity,True
runs\361235\i0\attempts\02\builder\refinement_engine.py/identity,True
runs\361235\i0\attempts\02\builder\revision_one_engine.py/identity,True
runs\361235\i0\attempts\02\builder\revision_two_engine.py/identity,True
runs\361235\i0\attempts\02\builder\study_engine.py/identity,True
361235/i0/2/candidate,True
361235/i0/2/admission,True
361235/i0/2/parent,True
361235/i0/2/inherited/study_engine.py,True
361235/i0/2/inherited/parent_engine.py,True
361235/i0/2/inherited/revision_one_engine.py,True
361235/i0/2/inherited/revision_two_engine.py,True
361235/i0/2/inherited/refinement_engine.py,True
runs\361235\i0\attempts\02/splits,True
runs\361235\i0\attempts\02/train/rows,True
runs\361235\i0\attempts\02/train/truth,True
runs\361235\i0\attempts\02/train/finite,True
runs\361235\i0\attempts\02/train/metric,True
runs\361235\i0\attempts\02/train/ledger,True
runs\361235\i0\attempts\02/selection/rows,True
runs\361235\i0\attempts\02/selection/truth,True
runs\361235\i0\attempts\02/selection/finite,True
runs\361235\i0\attempts\02/selection/metric,True
runs\361235\i0\attempts\02/selection/ledger,True
runs\361235\i0\attempts\03\BUILDER-FREEZE.csv/unique,True
runs\361235\i0\attempts\03\builder\candidate.py/identity,True
runs\361235\i0\attempts\03\builder\parent_engine.py/identity,True
runs\361235\i0\attempts\03\builder\refinement_engine.py/identity,True
runs\361235\i0\attempts\03\builder\revision_one_engine.py/identity,True
runs\361235\i0\attempts\03\builder\revision_two_engine.py/identity,True
runs\361235\i0\attempts\03\builder\study_engine.py/identity,True
361235/i0/3/candidate,True
361235/i0/3/admission,True
361235/i0/3/parent,True
361235/i0/3/inherited/study_engine.py,True
361235/i0/3/inherited/parent_engine.py,True
361235/i0/3/inherited/revision_one_engine.py,True
361235/i0/3/inherited/revision_two_engine.py,True
361235/i0/3/inherited/refinement_engine.py,True
runs\361235\i0\attempts\03/splits,True
runs\361235\i0\attempts\03/train/rows,True
runs\361235\i0\attempts\03/train/truth,True
runs\361235\i0\attempts\03/train/finite,True
runs\361235\i0\attempts\03/train/metric,True
runs\361235\i0\attempts\03/train/ledger,True
runs\361235\i0\attempts\03/selection/rows,True
runs\361235\i0\attempts\03/selection/truth,True
runs\361235\i0\attempts\03/selection/finite,True
runs\361235\i0\attempts\03/selection/metric,True
runs\361235\i0\attempts\03/selection/ledger,True
runs\361235\i0\attempts\04\BUILDER-FREEZE.csv/unique,True
runs\361235\i0\attempts\04\builder\candidate.py/identity,True
runs\361235\i0\attempts\04\builder\parent_engine.py/identity,True
runs\361235\i0\attempts\04\builder\refinement_engine.py/identity,True
runs\361235\i0\attempts\04\builder\revision_one_engine.py/identity,True
runs\361235\i0\attempts\04\builder\revision_two_engine.py/identity,True
runs\361235\i0\attempts\04\builder\study_engine.py/identity,True
361235/i0/4/candidate,True
361235/i0/4/admission,True
361235/i0/4/parent,True
361235/i0/4/inherited/study_engine.py,True
361235/i0/4/inherited/parent_engine.py,True
361235/i0/4/inherited/revision_one_engine.py,True
361235/i0/4/inherited/revision_two_engine.py,True
361235/i0/4/inherited/refinement_engine.py,True
runs\361235\i0\attempts\04/splits,True
runs\361235\i0\attempts\04/train/rows,True
runs\361235\i0\attempts\04/train/truth,True
runs\361235\i0\attempts\04/train/finite,True
runs\361235\i0\attempts\04/train/metric,True
runs\361235\i0\attempts\04/train/ledger,True
runs\361235\i0\attempts\04/selection/rows,True
runs\361235\i0\attempts\04/selection/truth,True
runs\361235\i0\attempts\04/selection/finite,True
runs\361235\i0\attempts\04/selection/metric,True
runs\361235\i0\attempts\04/selection/ledger,True
runs\361235\i0\attempts\05\BUILDER-FREEZE.csv/unique,True
runs\361235\i0\attempts\05\builder\candidate.py/identity,True
runs\361235\i0\attempts\05\builder\parent_engine.py/identity,True
runs\361235\i0\attempts\05\builder\refinement_engine.py/identity,True
runs\361235\i0\attempts\05\builder\revision_one_engine.py/identity,True
runs\361235\i0\attempts\05\builder\revision_two_engine.py/identity,True
runs\361235\i0\attempts\05\builder\study_engine.py/identity,True
361235/i0/5/candidate,True
361235/i0/5/admission,True
361235/i0/5/parent,True
361235/i0/5/inherited/study_engine.py,True
361235/i0/5/inherited/parent_engine.py,True
361235/i0/5/inherited/revision_one_engine.py,True
361235/i0/5/inherited/revision_two_engine.py,True
361235/i0/5/inherited/refinement_engine.py,True
runs\361235\i0\attempts\05/splits,True
runs\361235\i0\attempts\05/train/rows,True
runs\361235\i0\attempts\05/train/truth,True
runs\361235\i0\attempts\05/train/finite,True
runs\361235\i0\attempts\05/train/metric,True
runs\361235\i0\attempts\05/train/ledger,True
runs\361235\i0\attempts\05/selection/rows,True
runs\361235\i0\attempts\05/selection/truth,True
runs\361235\i0\attempts\05/selection/finite,True
runs\361235\i0\attempts\05/selection/metric,True
runs\361235\i0\attempts\05/selection/ledger,True
runs\361235\i0\attempts\06\BUILDER-FREEZE.csv/unique,True
runs\361235\i0\attempts\06\builder\candidate.py/identity,True
runs\361235\i0\attempts\06\builder\parent_engine.py/identity,True
runs\361235\i0\attempts\06\builder\refinement_engine.py/identity,True
runs\361235\i0\attempts\06\builder\revision_one_engine.py/identity,True
runs\361235\i0\attempts\06\builder\revision_two_engine.py/identity,True
runs\361235\i0\attempts\06\builder\study_engine.py/identity,True
361235/i0/6/candidate,True
361235/i0/6/admission,True
361235/i0/6/parent,True
361235/i0/6/inherited/study_engine.py,True
361235/i0/6/inherited/parent_engine.py,True
361235/i0/6/inherited/revision_one_engine.py,True
361235/i0/6/inherited/revision_two_engine.py,True
361235/i0/6/inherited/refinement_engine.py,True
runs\361235\i0\attempts\06/splits,True
runs\361235\i0\attempts\06/train/rows,True
runs\361235\i0\attempts\06/train/truth,True
runs\361235\i0\attempts\06/train/finite,True
runs\361235\i0\attempts\06/train/metric,True
runs\361235\i0\attempts\06/train/ledger,True
runs\361235\i0\attempts\06/selection/rows,True
runs\361235\i0\attempts\06/selection/truth,True
runs\361235\i0\attempts\06/selection/finite,True
runs\361235\i0\attempts\06/selection/metric,True
runs\361235\i0\attempts\06/selection/ledger,True
runs\361235\i0\attempts\07\BUILDER-FREEZE.csv/unique,True
runs\361235\i0\attempts\07\builder\candidate.py/identity,True
runs\361235\i0\attempts\07\builder\parent_engine.py/identity,True
runs\361235\i0\attempts\07\builder\refinement_engine.py/identity,True
runs\361235\i0\attempts\07\builder\revision_one_engine.py/identity,True
runs\361235\i0\attempts\07\builder\revision_two_engine.py/identity,True
runs\361235\i0\attempts\07\builder\study_engine.py/identity,True
361235/i0/7/candidate,True
361235/i0/7/admission,True
361235/i0/7/parent,True
361235/i0/7/inherited/study_engine.py,True
361235/i0/7/inherited/parent_engine.py,True
361235/i0/7/inherited/revision_one_engine.py,True
361235/i0/7/inherited/revision_two_engine.py,True
361235/i0/7/inherited/refinement_engine.py,True
runs\361235\i0\attempts\07/splits,True
runs\361235\i0\attempts\07/train/rows,True
runs\361235\i0\attempts\07/train/truth,True
runs\361235\i0\attempts\07/train/finite,True
runs\361235\i0\attempts\07/train/metric,True
runs\361235\i0\attempts\07/train/ledger,True
runs\361235\i0\attempts\07/selection/rows,True
runs\361235\i0\attempts\07/selection/truth,True
runs\361235\i0\attempts\07/selection/finite,True
runs\361235\i0\attempts\07/selection/metric,True
runs\361235\i0\attempts\07/selection/ledger,True
runs\361235\i0\attempts\08\BUILDER-FREEZE.csv/unique,True
runs\361235\i0\attempts\08\builder\candidate.py/identity,True
runs\361235\i0\attempts\08\builder\parent_engine.py/identity,True
runs\361235\i0\attempts\08\builder\refinement_engine.py/identity,True
runs\361235\i0\attempts\08\builder\revision_one_engine.py/identity,True
runs\361235\i0\attempts\08\builder\revision_two_engine.py/identity,True
runs\361235\i0\attempts\08\builder\study_engine.py/identity,True
361235/i0/8/candidate,True
361235/i0/8/admission,True
361235/i0/8/parent,True
361235/i0/8/inherited/study_engine.py,True
361235/i0/8/inherited/parent_engine.py,True
361235/i0/8/inherited/revision_one_engine.py,True
361235/i0/8/inherited/revision_two_engine.py,True
361235/i0/8/inherited/refinement_engine.py,True
runs\361235\i0\attempts\08/splits,True
runs\361235\i0\attempts\08/train/rows,True
runs\361235\i0\attempts\08/train/truth,True
runs\361235\i0\attempts\08/train/finite,True
runs\361235\i0\attempts\08/train/metric,True
runs\361235\i0\attempts\08/train/ledger,True
runs\361235\i0\attempts\08/selection/rows,True
runs\361235\i0\attempts\08/selection/truth,True
runs\361235\i0\attempts\08/selection/finite,True
runs\361235\i0\attempts\08/selection/metric,True
runs\361235\i0\attempts\08/selection/ledger,True
runs\361235\i0\attempts\09\BUILDER-FREEZE.csv/unique,True
runs\361235\i0\attempts\09\builder\candidate.py/identity,True
runs\361235\i0\attempts\09\builder\parent_engine.py/identity,True
runs\361235\i0\attempts\09\builder\refinement_engine.py/identity,True
runs\361235\i0\attempts\09\builder\revision_one_engine.py/identity,True
runs\361235\i0\attempts\09\builder\revision_two_engine.py/identity,True
runs\361235\i0\attempts\09\builder\study_engine.py/identity,True
361235/i0/9/candidate,True
361235/i0/9/admission,True
361235/i0/9/parent,True
361235/i0/9/inherited/study_engine.py,True
361235/i0/9/inherited/parent_engine.py,True
361235/i0/9/inherited/revision_one_engine.py,True
361235/i0/9/inherited/revision_two_engine.py,True
361235/i0/9/inherited/refinement_engine.py,True
361235/i0/9/parent_candidate,True
runs\361235\i0\attempts\09/splits,True
runs\361235\i0\attempts\09/train/rows,True
runs\361235\i0\attempts\09/train/truth,True
runs\361235\i0\attempts\09/train/finite,True
runs\361235\i0\attempts\09/train/metric,True
runs\361235\i0\attempts\09/train/ledger,True
runs\361235\i0\attempts\09/selection/rows,True
runs\361235\i0\attempts\09/selection/truth,True
runs\361235\i0\attempts\09/selection/finite,True
runs\361235\i0\attempts\09/selection/metric,True
runs\361235\i0\attempts\09/selection/ledger,True
runs\361235\i0\attempts\10\BUILDER-FREEZE.csv/unique,True
runs\361235\i0\attempts\10\builder\candidate.py/identity,True
runs\361235\i0\attempts\10\builder\parent_engine.py/identity,True
runs\361235\i0\attempts\10\builder\refinement_engine.py/identity,True
runs\361235\i0\attempts\10\builder\revision_one_engine.py/identity,True
runs\361235\i0\attempts\10\builder\revision_two_engine.py/identity,True
runs\361235\i0\attempts\10\builder\study_engine.py/identity,True
361235/i0/10/candidate,True
361235/i0/10/admission,True
361235/i0/10/parent,True
361235/i0/10/inherited/study_engine.py,True
361235/i0/10/inherited/parent_engine.py,True
361235/i0/10/inherited/revision_one_engine.py,True
361235/i0/10/inherited/revision_two_engine.py,True
361235/i0/10/inherited/refinement_engine.py,True
361235/i0/10/parent_candidate,True
runs\361235\i0\attempts\10/splits,True
runs\361235\i0\attempts\10/train/rows,True
runs\361235\i0\attempts\10/train/truth,True
runs\361235\i0\attempts\10/train/finite,True
runs\361235\i0\attempts\10/train/metric,True
runs\361235\i0\attempts\10/train/ledger,True
runs\361235\i0\attempts\10/selection/rows,True
runs\361235\i0\attempts\10/selection/truth,True
runs\361235\i0\attempts\10/selection/finite,True
runs\361235\i0\attempts\10/selection/metric,True
runs\361235\i0\attempts\10/selection/ledger,True
runs\361235\i0\attempts\11\BUILDER-FREEZE.csv/unique,True
runs\361235\i0\attempts\11\builder\candidate.py/identity,True
runs\361235\i0\attempts\11\builder\parent_engine.py/identity,True
runs\361235\i0\attempts\11\builder\refinement_engine.py/identity,True
runs\361235\i0\attempts\11\builder\revision_one_engine.py/identity,True
runs\361235\i0\attempts\11\builder\revision_two_engine.py/identity,True
runs\361235\i0\attempts\11\builder\study_engine.py/identity,True
361235/i0/11/candidate,True
361235/i0/11/admission,True
361235/i0/11/parent,True
361235/i0/11/inherited/study_engine.py,True
361235/i0/11/inherited/parent_engine.py,True
361235/i0/11/inherited/revision_one_engine.py,True
361235/i0/11/inherited/revision_two_engine.py,True
361235/i0/11/inherited/refinement_engine.py,True
361235/i0/11/parent_candidate,True
runs\361235\i0\attempts\11/splits,True
runs\361235\i0\attempts\11/train/rows,True
runs\361235\i0\attempts\11/train/truth,True
runs\361235\i0\attempts\11/train/finite,True
runs\361235\i0\attempts\11/train/metric,True
runs\361235\i0\attempts\11/train/ledger,True
runs\361235\i0\attempts\11/selection/rows,True
runs\361235\i0\attempts\11/selection/truth,True
runs\361235\i0\attempts\11/selection/finite,True
runs\361235\i0\attempts\11/selection/metric,True
runs\361235\i0\attempts\11/selection/ledger,True
runs\361235\i0\attempts\12\BUILDER-FREEZE.csv/unique,True
runs\361235\i0\attempts\12\builder\candidate.py/identity,True
runs\361235\i0\attempts\12\builder\parent_engine.py/identity,True
runs\361235\i0\attempts\12\builder\refinement_engine.py/identity,True
runs\361235\i0\attempts\12\builder\revision_one_engine.py/identity,True
runs\361235\i0\attempts\12\builder\revision_two_engine.py/identity,True
runs\361235\i0\attempts\12\builder\study_engine.py/identity,True
361235/i0/12/candidate,True
361235/i0/12/admission,True
361235/i0/12/parent,True
361235/i0/12/inherited/study_engine.py,True
361235/i0/12/inherited/parent_engine.py,True
361235/i0/12/inherited/revision_one_engine.py,True
361235/i0/12/inherited/revision_two_engine.py,True
361235/i0/12/inherited/refinement_engine.py,True
361235/i0/12/parent_candidate,True
runs\361235\i0\attempts\12/splits,True
runs\361235\i0\attempts\12/train/rows,True
runs\361235\i0\attempts\12/train/truth,True
runs\361235\i0\attempts\12/train/finite,True
runs\361235\i0\attempts\12/train/metric,True
runs\361235\i0\attempts\12/train/ledger,True
runs\361235\i0\attempts\12/selection/rows,True
runs\361235\i0\attempts\12/selection/truth,True
runs\361235\i0\attempts\12/selection/finite,True
runs\361235\i0\attempts\12/selection/metric,True
runs\361235\i0\attempts\12/selection/ledger,True
361235/i0/1/replayed_choice,True
361235/i0/2/replayed_choice,True
361235/i0/3/replayed_choice,True
361235/i0/4/replayed_choice,True
361235/i0/5/replayed_choice,True
361235/i0/6/replayed_choice,True
361235/i0/7/replayed_choice,True
361235/i0/8/replayed_choice,True
361235/i0/9/replayed_choice,True
361235/i0/10/replayed_choice,True
361235/i0/11/replayed_choice,True
361235/i0/12/replayed_choice,True
361235/i0/replayed_selection,True
361235/i0/rejected_count,True
361235/i0/rejection/0,True
361235/i0/rejection/1,True
361235/i0/rejection/2,True
361235/i0/rejection/3,True
361235/i1/executed_source,True
361235/i1/ordered_steps,True
361235/i1/distinct_constructors,True
361235/i1/serial_bounds,True
361235/i1/incumbent_exists,True
361235/i1/selection,True
runs\361235\i1\attempts\01\BUILDER-FREEZE.csv/unique,True
runs\361235\i1\attempts\01\builder\candidate.py/identity,True
runs\361235\i1\attempts\01\builder\parent_engine.py/identity,True
runs\361235\i1\attempts\01\builder\refinement_engine.py/identity,True
runs\361235\i1\attempts\01\builder\revision_one_engine.py/identity,True
runs\361235\i1\attempts\01\builder\revision_two_engine.py/identity,True
runs\361235\i1\attempts\01\builder\study_engine.py/identity,True
361235/i1/1/candidate,True
361235/i1/1/admission,True
361235/i1/1/parent,True
361235/i1/1/inherited/study_engine.py,True
361235/i1/1/inherited/parent_engine.py,True
361235/i1/1/inherited/revision_one_engine.py,True
361235/i1/1/inherited/revision_two_engine.py,True
361235/i1/1/inherited/refinement_engine.py,True
runs\361235\i1\attempts\01/splits,True
runs\361235\i1\attempts\01/train/rows,True
runs\361235\i1\attempts\01/train/truth,True
runs\361235\i1\attempts\01/train/finite,True
runs\361235\i1\attempts\01/train/metric,True
runs\361235\i1\attempts\01/train/ledger,True
runs\361235\i1\attempts\01/selection/rows,True
runs\361235\i1\attempts\01/selection/truth,True
runs\361235\i1\attempts\01/selection/finite,True
runs\361235\i1\attempts\01/selection/metric,True
runs\361235\i1\attempts\01/selection/ledger,True
runs\361235\i1\attempts\02\BUILDER-FREEZE.csv/unique,True
runs\361235\i1\attempts\02\builder\candidate.py/identity,True
runs\361235\i1\attempts\02\builder\parent_engine.py/identity,True
runs\361235\i1\attempts\02\builder\refinement_engine.py/identity,True
runs\361235\i1\attempts\02\builder\revision_one_engine.py/identity,True
runs\361235\i1\attempts\02\builder\revision_two_engine.py/identity,True
runs\361235\i1\attempts\02\builder\study_engine.py/identity,True
361235/i1/2/candidate,True
361235/i1/2/admission,True
361235/i1/2/parent,True
361235/i1/2/inherited/study_engine.py,True
361235/i1/2/inherited/parent_engine.py,True
361235/i1/2/inherited/revision_one_engine.py,True
361235/i1/2/inherited/revision_two_engine.py,True
361235/i1/2/inherited/refinement_engine.py,True
runs\361235\i1\attempts\02/splits,True
runs\361235\i1\attempts\02/train/rows,True
runs\361235\i1\attempts\02/train/truth,True
runs\361235\i1\attempts\02/train/finite,True
runs\361235\i1\attempts\02/train/metric,True
runs\361235\i1\attempts\02/train/ledger,True
runs\361235\i1\attempts\02/selection/rows,True
runs\361235\i1\attempts\02/selection/truth,True
runs\361235\i1\attempts\02/selection/finite,True
runs\361235\i1\attempts\02/selection/metric,True
runs\361235\i1\attempts\02/selection/ledger,True
runs\361235\i1\attempts\03\BUILDER-FREEZE.csv/unique,True
runs\361235\i1\attempts\03\builder\candidate.py/identity,True
runs\361235\i1\attempts\03\builder\parent_engine.py/identity,True
runs\361235\i1\attempts\03\builder\refinement_engine.py/identity,True
runs\361235\i1\attempts\03\builder\revision_one_engine.py/identity,True
runs\361235\i1\attempts\03\builder\revision_two_engine.py/identity,True
runs\361235\i1\attempts\03\builder\study_engine.py/identity,True
361235/i1/3/candidate,True
361235/i1/3/admission,True
361235/i1/3/parent,True
361235/i1/3/inherited/study_engine.py,True
361235/i1/3/inherited/parent_engine.py,True
361235/i1/3/inherited/revision_one_engine.py,True
361235/i1/3/inherited/revision_two_engine.py,True
361235/i1/3/inherited/refinement_engine.py,True
runs\361235\i1\attempts\03/splits,True
runs\361235\i1\attempts\03/train/rows,True
runs\361235\i1\attempts\03/train/truth,True
runs\361235\i1\attempts\03/train/finite,True
runs\361235\i1\attempts\03/train/metric,True
runs\361235\i1\attempts\03/train/ledger,True
runs\361235\i1\attempts\03/selection/rows,True
runs\361235\i1\attempts\03/selection/truth,True
runs\361235\i1\attempts\03/selection/finite,True
runs\361235\i1\attempts\03/selection/metric,True
runs\361235\i1\attempts\03/selection/ledger,True
runs\361235\i1\attempts\04\BUILDER-FREEZE.csv/unique,True
runs\361235\i1\attempts\04\builder\candidate.py/identity,True
runs\361235\i1\attempts\04\builder\parent_engine.py/identity,True
runs\361235\i1\attempts\04\builder\refinement_engine.py/identity,True
runs\361235\i1\attempts\04\builder\revision_one_engine.py/identity,True
runs\361235\i1\attempts\04\builder\revision_two_engine.py/identity,True
runs\361235\i1\attempts\04\builder\study_engine.py/identity,True
361235/i1/4/candidate,True
361235/i1/4/admission,True
361235/i1/4/parent,True
361235/i1/4/inherited/study_engine.py,True
361235/i1/4/inherited/parent_engine.py,True
361235/i1/4/inherited/revision_one_engine.py,True
361235/i1/4/inherited/revision_two_engine.py,True
361235/i1/4/inherited/refinement_engine.py,True
runs\361235\i1\attempts\04/splits,True
runs\361235\i1\attempts\04/train/rows,True
runs\361235\i1\attempts\04/train/truth,True
runs\361235\i1\attempts\04/train/finite,True
runs\361235\i1\attempts\04/train/metric,True
runs\361235\i1\attempts\04/train/ledger,True
runs\361235\i1\attempts\04/selection/rows,True
runs\361235\i1\attempts\04/selection/truth,True
runs\361235\i1\attempts\04/selection/finite,True
runs\361235\i1\attempts\04/selection/metric,True
runs\361235\i1\attempts\04/selection/ledger,True
runs\361235\i1\attempts\05\BUILDER-FREEZE.csv/unique,True
runs\361235\i1\attempts\05\builder\candidate.py/identity,True
runs\361235\i1\attempts\05\builder\parent_engine.py/identity,True
runs\361235\i1\attempts\05\builder\refinement_engine.py/identity,True
runs\361235\i1\attempts\05\builder\revision_one_engine.py/identity,True
runs\361235\i1\attempts\05\builder\revision_two_engine.py/identity,True
runs\361235\i1\attempts\05\builder\study_engine.py/identity,True
361235/i1/5/candidate,True
361235/i1/5/admission,True
361235/i1/5/parent,True
361235/i1/5/inherited/study_engine.py,True
361235/i1/5/inherited/parent_engine.py,True
361235/i1/5/inherited/revision_one_engine.py,True
361235/i1/5/inherited/revision_two_engine.py,True
361235/i1/5/inherited/refinement_engine.py,True
runs\361235\i1\attempts\05/splits,True
runs\361235\i1\attempts\05/train/rows,True
runs\361235\i1\attempts\05/train/truth,True
runs\361235\i1\attempts\05/train/finite,True
runs\361235\i1\attempts\05/train/metric,True
runs\361235\i1\attempts\05/train/ledger,True
runs\361235\i1\attempts\05/selection/rows,True
runs\361235\i1\attempts\05/selection/truth,True
runs\361235\i1\attempts\05/selection/finite,True
runs\361235\i1\attempts\05/selection/metric,True
runs\361235\i1\attempts\05/selection/ledger,True
runs\361235\i1\attempts\06\BUILDER-FREEZE.csv/unique,True
runs\361235\i1\attempts\06\builder\candidate.py/identity,True
runs\361235\i1\attempts\06\builder\parent_engine.py/identity,True
runs\361235\i1\attempts\06\builder\refinement_engine.py/identity,True
runs\361235\i1\attempts\06\builder\revision_one_engine.py/identity,True
runs\361235\i1\attempts\06\builder\revision_two_engine.py/identity,True
runs\361235\i1\attempts\06\builder\study_engine.py/identity,True
361235/i1/6/candidate,True
361235/i1/6/admission,True
361235/i1/6/parent,True
361235/i1/6/inherited/study_engine.py,True
361235/i1/6/inherited/parent_engine.py,True
361235/i1/6/inherited/revision_one_engine.py,True
361235/i1/6/inherited/revision_two_engine.py,True
361235/i1/6/inherited/refinement_engine.py,True
runs\361235\i1\attempts\06/splits,True
runs\361235\i1\attempts\06/train/rows,True
runs\361235\i1\attempts\06/train/truth,True
runs\361235\i1\attempts\06/train/finite,True
runs\361235\i1\attempts\06/train/metric,True
runs\361235\i1\attempts\06/train/ledger,True
runs\361235\i1\attempts\06/selection/rows,True
runs\361235\i1\attempts\06/selection/truth,True
runs\361235\i1\attempts\06/selection/finite,True
runs\361235\i1\attempts\06/selection/metric,True
runs\361235\i1\attempts\06/selection/ledger,True
runs\361235\i1\attempts\07\BUILDER-FREEZE.csv/unique,True
runs\361235\i1\attempts\07\builder\candidate.py/identity,True
runs\361235\i1\attempts\07\builder\parent_engine.py/identity,True
runs\361235\i1\attempts\07\builder\refinement_engine.py/identity,True
runs\361235\i1\attempts\07\builder\revision_one_engine.py/identity,True
runs\361235\i1\attempts\07\builder\revision_two_engine.py/identity,True
runs\361235\i1\attempts\07\builder\study_engine.py/identity,True
361235/i1/7/candidate,True
361235/i1/7/admission,True
361235/i1/7/parent,True
361235/i1/7/inherited/study_engine.py,True
361235/i1/7/inherited/parent_engine.py,True
361235/i1/7/inherited/revision_one_engine.py,True
361235/i1/7/inherited/revision_two_engine.py,True
361235/i1/7/inherited/refinement_engine.py,True
runs\361235\i1\attempts\07/splits,True
runs\361235\i1\attempts\07/train/rows,True
runs\361235\i1\attempts\07/train/truth,True
runs\361235\i1\attempts\07/train/finite,True
runs\361235\i1\attempts\07/train/metric,True
runs\361235\i1\attempts\07/train/ledger,True
runs\361235\i1\attempts\07/selection/rows,True
runs\361235\i1\attempts\07/selection/truth,True
runs\361235\i1\attempts\07/selection/finite,True
runs\361235\i1\attempts\07/selection/metric,True
runs\361235\i1\attempts\07/selection/ledger,True
runs\361235\i1\attempts\08\BUILDER-FREEZE.csv/unique,True
runs\361235\i1\attempts\08\builder\candidate.py/identity,True
runs\361235\i1\attempts\08\builder\parent_engine.py/identity,True
runs\361235\i1\attempts\08\builder\refinement_engine.py/identity,True
runs\361235\i1\attempts\08\builder\revision_one_engine.py/identity,True
runs\361235\i1\attempts\08\builder\revision_two_engine.py/identity,True
runs\361235\i1\attempts\08\builder\study_engine.py/identity,True
361235/i1/8/candidate,True
361235/i1/8/admission,True
361235/i1/8/parent,True
361235/i1/8/inherited/study_engine.py,True
361235/i1/8/inherited/parent_engine.py,True
361235/i1/8/inherited/revision_one_engine.py,True
361235/i1/8/inherited/revision_two_engine.py,True
361235/i1/8/inherited/refinement_engine.py,True
runs\361235\i1\attempts\08/splits,True
runs\361235\i1\attempts\08/train/rows,True
runs\361235\i1\attempts\08/train/truth,True
runs\361235\i1\attempts\08/train/finite,True
runs\361235\i1\attempts\08/train/metric,True
runs\361235\i1\attempts\08/train/ledger,True
runs\361235\i1\attempts\08/selection/rows,True
runs\361235\i1\attempts\08/selection/truth,True
runs\361235\i1\attempts\08/selection/finite,True
runs\361235\i1\attempts\08/selection/metric,True
runs\361235\i1\attempts\08/selection/ledger,True
runs\361235\i1\attempts\09\BUILDER-FREEZE.csv/unique,True
runs\361235\i1\attempts\09\builder\candidate.py/identity,True
runs\361235\i1\attempts\09\builder\parent_engine.py/identity,True
runs\361235\i1\attempts\09\builder\refinement_engine.py/identity,True
runs\361235\i1\attempts\09\builder\revision_one_engine.py/identity,True
runs\361235\i1\attempts\09\builder\revision_two_engine.py/identity,True
runs\361235\i1\attempts\09\builder\study_engine.py/identity,True
361235/i1/9/candidate,True
361235/i1/9/admission,True
361235/i1/9/parent,True
361235/i1/9/inherited/study_engine.py,True
361235/i1/9/inherited/parent_engine.py,True
361235/i1/9/inherited/revision_one_engine.py,True
361235/i1/9/inherited/revision_two_engine.py,True
361235/i1/9/inherited/refinement_engine.py,True
runs\361235\i1\attempts\09/splits,True
runs\361235\i1\attempts\09/train/rows,True
runs\361235\i1\attempts\09/train/truth,True
runs\361235\i1\attempts\09/train/finite,True
runs\361235\i1\attempts\09/train/metric,True
runs\361235\i1\attempts\09/train/ledger,True
runs\361235\i1\attempts\09/selection/rows,True
runs\361235\i1\attempts\09/selection/truth,True
runs\361235\i1\attempts\09/selection/finite,True
runs\361235\i1\attempts\09/selection/metric,True
runs\361235\i1\attempts\09/selection/ledger,True
runs\361235\i1\attempts\10\BUILDER-FREEZE.csv/unique,True
runs\361235\i1\attempts\10\builder\candidate.py/identity,True
runs\361235\i1\attempts\10\builder\parent_engine.py/identity,True
runs\361235\i1\attempts\10\builder\refinement_engine.py/identity,True
runs\361235\i1\attempts\10\builder\revision_one_engine.py/identity,True
runs\361235\i1\attempts\10\builder\revision_two_engine.py/identity,True
runs\361235\i1\attempts\10\builder\study_engine.py/identity,True
361235/i1/10/candidate,True
361235/i1/10/admission,True
361235/i1/10/parent,True
361235/i1/10/inherited/study_engine.py,True
361235/i1/10/inherited/parent_engine.py,True
361235/i1/10/inherited/revision_one_engine.py,True
361235/i1/10/inherited/revision_two_engine.py,True
361235/i1/10/inherited/refinement_engine.py,True
runs\361235\i1\attempts\10/splits,True
runs\361235\i1\attempts\10/train/rows,True
runs\361235\i1\attempts\10/train/truth,True
runs\361235\i1\attempts\10/train/finite,True
runs\361235\i1\attempts\10/train/metric,True
runs\361235\i1\attempts\10/train/ledger,True
runs\361235\i1\attempts\10/selection/rows,True
runs\361235\i1\attempts\10/selection/truth,True
runs\361235\i1\attempts\10/selection/finite,True
runs\361235\i1\attempts\10/selection/metric,True
runs\361235\i1\attempts\10/selection/ledger,True
runs\361235\i1\attempts\11\BUILDER-FREEZE.csv/unique,True
runs\361235\i1\attempts\11\builder\candidate.py/identity,True
runs\361235\i1\attempts\11\builder\parent_engine.py/identity,True
runs\361235\i1\attempts\11\builder\refinement_engine.py/identity,True
runs\361235\i1\attempts\11\builder\revision_one_engine.py/identity,True
runs\361235\i1\attempts\11\builder\revision_two_engine.py/identity,True
runs\361235\i1\attempts\11\builder\study_engine.py/identity,True
361235/i1/11/candidate,True
361235/i1/11/admission,True
361235/i1/11/parent,True
361235/i1/11/inherited/study_engine.py,True
361235/i1/11/inherited/parent_engine.py,True
361235/i1/11/inherited/revision_one_engine.py,True
361235/i1/11/inherited/revision_two_engine.py,True
361235/i1/11/inherited/refinement_engine.py,True
361235/i1/11/parent_candidate,True
runs\361235\i1\attempts\11/splits,True
runs\361235\i1\attempts\11/train/rows,True
runs\361235\i1\attempts\11/train/truth,True
runs\361235\i1\attempts\11/train/finite,True
runs\361235\i1\attempts\11/train/metric,True
runs\361235\i1\attempts\11/train/ledger,True
runs\361235\i1\attempts\11/selection/rows,True
runs\361235\i1\attempts\11/selection/truth,True
runs\361235\i1\attempts\11/selection/finite,True
runs\361235\i1\attempts\11/selection/metric,True
runs\361235\i1\attempts\11/selection/ledger,True
runs\361235\i1\attempts\12\BUILDER-FREEZE.csv/unique,True
runs\361235\i1\attempts\12\builder\candidate.py/identity,True
runs\361235\i1\attempts\12\builder\parent_engine.py/identity,True
runs\361235\i1\attempts\12\builder\refinement_engine.py/identity,True
runs\361235\i1\attempts\12\builder\revision_one_engine.py/identity,True
runs\361235\i1\attempts\12\builder\revision_two_engine.py/identity,True
runs\361235\i1\attempts\12\builder\study_engine.py/identity,True
361235/i1/12/candidate,True
361235/i1/12/admission,True
361235/i1/12/parent,True
361235/i1/12/inherited/study_engine.py,True
361235/i1/12/inherited/parent_engine.py,True
361235/i1/12/inherited/revision_one_engine.py,True
361235/i1/12/inherited/revision_two_engine.py,True
361235/i1/12/inherited/refinement_engine.py,True
361235/i1/12/parent_candidate,True
runs\361235\i1\attempts\12/splits,True
runs\361235\i1\attempts\12/train/rows,True
runs\361235\i1\attempts\12/train/truth,True
runs\361235\i1\attempts\12/train/finite,True
runs\361235\i1\attempts\12/train/metric,True
runs\361235\i1\attempts\12/train/ledger,True
runs\361235\i1\attempts\12/selection/rows,True
runs\361235\i1\attempts\12/selection/truth,True
runs\361235\i1\attempts\12/selection/finite,True
runs\361235\i1\attempts\12/selection/metric,True
runs\361235\i1\attempts\12/selection/ledger,True
361235/i1/1/replayed_choice,True
361235/i1/2/replayed_choice,True
361235/i1/3/replayed_choice,True
361235/i1/4/replayed_choice,True
361235/i1/5/replayed_choice,True
361235/i1/6/replayed_choice,True
361235/i1/7/replayed_choice,True
361235/i1/8/replayed_choice,True
361235/i1/9/replayed_choice,True
361235/i1/10/replayed_choice,True
361235/i1/11/replayed_choice,True
361235/i1/12/replayed_choice,True
361235/i1/replayed_selection,True
361235/i1/rejected_count,True
361235/parent/executed_source,True
361235/parent/ordered_steps,True
361235/parent/distinct_constructors,True
361235/parent/serial_bounds,True
361235/parent/incumbent_exists,True
361235/parent/selection,True
runs\361235\parent\attempts\01\BUILDER-FREEZE.csv/unique,True
runs\361235\parent\attempts\01\builder\candidate.py/identity,True
runs\361235\parent\attempts\01\builder\parent_engine.py/identity,True
runs\361235\parent\attempts\01\builder\refinement_engine.py/identity,True
runs\361235\parent\attempts\01\builder\revision_one_engine.py/identity,True
runs\361235\parent\attempts\01\builder\revision_two_engine.py/identity,True
runs\361235\parent\attempts\01\builder\study_engine.py/identity,True
361235/parent/1/candidate,True
361235/parent/1/admission,True
361235/parent/1/parent,True
361235/parent/1/inherited/study_engine.py,True
361235/parent/1/inherited/parent_engine.py,True
361235/parent/1/inherited/revision_one_engine.py,True
361235/parent/1/inherited/revision_two_engine.py,True
361235/parent/1/inherited/refinement_engine.py,True
runs\361235\parent\attempts\01/splits,True
runs\361235\parent\attempts\01/train/rows,True
runs\361235\parent\attempts\01/train/truth,True
runs\361235\parent\attempts\01/train/finite,True
runs\361235\parent\attempts\01/train/metric,True
runs\361235\parent\attempts\01/train/ledger,True
runs\361235\parent\attempts\01/selection/rows,True
runs\361235\parent\attempts\01/selection/truth,True
runs\361235\parent\attempts\01/selection/finite,True
runs\361235\parent\attempts\01/selection/metric,True
runs\361235\parent\attempts\01/selection/ledger,True
runs\361235\parent\attempts\02\BUILDER-FREEZE.csv/unique,True
runs\361235\parent\attempts\02\builder\candidate.py/identity,True
runs\361235\parent\attempts\02\builder\parent_engine.py/identity,True
runs\361235\parent\attempts\02\builder\refinement_engine.py/identity,True
runs\361235\parent\attempts\02\builder\revision_one_engine.py/identity,True
runs\361235\parent\attempts\02\builder\revision_two_engine.py/identity,True
runs\361235\parent\attempts\02\builder\study_engine.py/identity,True
361235/parent/2/candidate,True
361235/parent/2/admission,True
361235/parent/2/parent,True
361235/parent/2/inherited/study_engine.py,True
361235/parent/2/inherited/parent_engine.py,True
361235/parent/2/inherited/revision_one_engine.py,True
361235/parent/2/inherited/revision_two_engine.py,True
361235/parent/2/inherited/refinement_engine.py,True
runs\361235\parent\attempts\02/splits,True
runs\361235\parent\attempts\02/train/rows,True
runs\361235\parent\attempts\02/train/truth,True
runs\361235\parent\attempts\02/train/finite,True
runs\361235\parent\attempts\02/train/metric,True
runs\361235\parent\attempts\02/train/ledger,True
runs\361235\parent\attempts\02/selection/rows,True
runs\361235\parent\attempts\02/selection/truth,True
runs\361235\parent\attempts\02/selection/finite,True
runs\361235\parent\attempts\02/selection/metric,True
runs\361235\parent\attempts\02/selection/ledger,True
runs\361235\parent\attempts\03\BUILDER-FREEZE.csv/unique,True
runs\361235\parent\attempts\03\builder\candidate.py/identity,True
runs\361235\parent\attempts\03\builder\parent_engine.py/identity,True
runs\361235\parent\attempts\03\builder\refinement_engine.py/identity,True
runs\361235\parent\attempts\03\builder\revision_one_engine.py/identity,True
runs\361235\parent\attempts\03\builder\revision_two_engine.py/identity,True
runs\361235\parent\attempts\03\builder\study_engine.py/identity,True
361235/parent/3/candidate,True
361235/parent/3/admission,True
361235/parent/3/parent,True
361235/parent/3/inherited/study_engine.py,True
361235/parent/3/inherited/parent_engine.py,True
361235/parent/3/inherited/revision_one_engine.py,True
361235/parent/3/inherited/revision_two_engine.py,True
361235/parent/3/inherited/refinement_engine.py,True
runs\361235\parent\attempts\03/splits,True
runs\361235\parent\attempts\03/train/rows,True
runs\361235\parent\attempts\03/train/truth,True
runs\361235\parent\attempts\03/train/finite,True
runs\361235\parent\attempts\03/train/metric,True
runs\361235\parent\attempts\03/train/ledger,True
runs\361235\parent\attempts\03/selection/rows,True
runs\361235\parent\attempts\03/selection/truth,True
runs\361235\parent\attempts\03/selection/finite,True
runs\361235\parent\attempts\03/selection/metric,True
runs\361235\parent\attempts\03/selection/ledger,True
runs\361235\parent\attempts\04\BUILDER-FREEZE.csv/unique,True
runs\361235\parent\attempts\04\builder\candidate.py/identity,True
runs\361235\parent\attempts\04\builder\parent_engine.py/identity,True
runs\361235\parent\attempts\04\builder\refinement_engine.py/identity,True
runs\361235\parent\attempts\04\builder\revision_one_engine.py/identity,True
runs\361235\parent\attempts\04\builder\revision_two_engine.py/identity,True
runs\361235\parent\attempts\04\builder\study_engine.py/identity,True
361235/parent/4/candidate,True
361235/parent/4/admission,True
361235/parent/4/parent,True
361235/parent/4/inherited/study_engine.py,True
361235/parent/4/inherited/parent_engine.py,True
361235/parent/4/inherited/revision_one_engine.py,True
361235/parent/4/inherited/revision_two_engine.py,True
361235/parent/4/inherited/refinement_engine.py,True
runs\361235\parent\attempts\04/splits,True
runs\361235\parent\attempts\04/train/rows,True
runs\361235\parent\attempts\04/train/truth,True
runs\361235\parent\attempts\04/train/finite,True
runs\361235\parent\attempts\04/train/metric,True
runs\361235\parent\attempts\04/train/ledger,True
runs\361235\parent\attempts\04/selection/rows,True
runs\361235\parent\attempts\04/selection/truth,True
runs\361235\parent\attempts\04/selection/finite,True
runs\361235\parent\attempts\04/selection/metric,True
runs\361235\parent\attempts\04/selection/ledger,True
runs\361235\parent\attempts\05\BUILDER-FREEZE.csv/unique,True
runs\361235\parent\attempts\05\builder\candidate.py/identity,True
runs\361235\parent\attempts\05\builder\parent_engine.py/identity,True
runs\361235\parent\attempts\05\builder\refinement_engine.py/identity,True
runs\361235\parent\attempts\05\builder\revision_one_engine.py/identity,True
runs\361235\parent\attempts\05\builder\revision_two_engine.py/identity,True
runs\361235\parent\attempts\05\builder\study_engine.py/identity,True
361235/parent/5/candidate,True
361235/parent/5/admission,True
361235/parent/5/parent,True
361235/parent/5/inherited/study_engine.py,True
361235/parent/5/inherited/parent_engine.py,True
361235/parent/5/inherited/revision_one_engine.py,True
361235/parent/5/inherited/revision_two_engine.py,True
361235/parent/5/inherited/refinement_engine.py,True
runs\361235\parent\attempts\05/splits,True
runs\361235\parent\attempts\05/train/rows,True
runs\361235\parent\attempts\05/train/truth,True
runs\361235\parent\attempts\05/train/finite,True
runs\361235\parent\attempts\05/train/metric,True
runs\361235\parent\attempts\05/train/ledger,True
runs\361235\parent\attempts\05/selection/rows,True
runs\361235\parent\attempts\05/selection/truth,True
runs\361235\parent\attempts\05/selection/finite,True
runs\361235\parent\attempts\05/selection/metric,True
runs\361235\parent\attempts\05/selection/ledger,True
runs\361235\parent\attempts\06\BUILDER-FREEZE.csv/unique,True
runs\361235\parent\attempts\06\builder\candidate.py/identity,True
runs\361235\parent\attempts\06\builder\parent_engine.py/identity,True
runs\361235\parent\attempts\06\builder\refinement_engine.py/identity,True
runs\361235\parent\attempts\06\builder\revision_one_engine.py/identity,True
runs\361235\parent\attempts\06\builder\revision_two_engine.py/identity,True
runs\361235\parent\attempts\06\builder\study_engine.py/identity,True
361235/parent/6/candidate,True
361235/parent/6/admission,True
361235/parent/6/parent,True
361235/parent/6/inherited/study_engine.py,True
361235/parent/6/inherited/parent_engine.py,True
361235/parent/6/inherited/revision_one_engine.py,True
361235/parent/6/inherited/revision_two_engine.py,True
361235/parent/6/inherited/refinement_engine.py,True
runs\361235\parent\attempts\06/splits,True
runs\361235\parent\attempts\06/train/rows,True
runs\361235\parent\attempts\06/train/truth,True
runs\361235\parent\attempts\06/train/finite,True
runs\361235\parent\attempts\06/train/metric,True
runs\361235\parent\attempts\06/train/ledger,True
runs\361235\parent\attempts\06/selection/rows,True
runs\361235\parent\attempts\06/selection/truth,True
runs\361235\parent\attempts\06/selection/finite,True
runs\361235\parent\attempts\06/selection/metric,True
runs\361235\parent\attempts\06/selection/ledger,True
runs\361235\parent\attempts\07\BUILDER-FREEZE.csv/unique,True
runs\361235\parent\attempts\07\builder\candidate.py/identity,True
runs\361235\parent\attempts\07\builder\parent_engine.py/identity,True
runs\361235\parent\attempts\07\builder\refinement_engine.py/identity,True
runs\361235\parent\attempts\07\builder\revision_one_engine.py/identity,True
runs\361235\parent\attempts\07\builder\revision_two_engine.py/identity,True
runs\361235\parent\attempts\07\builder\study_engine.py/identity,True
361235/parent/7/candidate,True
361235/parent/7/admission,True
361235/parent/7/parent,True
361235/parent/7/inherited/study_engine.py,True
361235/parent/7/inherited/parent_engine.py,True
361235/parent/7/inherited/revision_one_engine.py,True
361235/parent/7/inherited/revision_two_engine.py,True
361235/parent/7/inherited/refinement_engine.py,True
runs\361235\parent\attempts\07/splits,True
runs\361235\parent\attempts\07/train/rows,True
runs\361235\parent\attempts\07/train/truth,True
runs\361235\parent\attempts\07/train/finite,True
runs\361235\parent\attempts\07/train/metric,True
runs\361235\parent\attempts\07/train/ledger,True
runs\361235\parent\attempts\07/selection/rows,True
runs\361235\parent\attempts\07/selection/truth,True
runs\361235\parent\attempts\07/selection/finite,True
runs\361235\parent\attempts\07/selection/metric,True
runs\361235\parent\attempts\07/selection/ledger,True
runs\361235\parent\attempts\08\BUILDER-FREEZE.csv/unique,True
runs\361235\parent\attempts\08\builder\candidate.py/identity,True
runs\361235\parent\attempts\08\builder\parent_engine.py/identity,True
runs\361235\parent\attempts\08\builder\refinement_engine.py/identity,True
runs\361235\parent\attempts\08\builder\revision_one_engine.py/identity,True
runs\361235\parent\attempts\08\builder\revision_two_engine.py/identity,True
runs\361235\parent\attempts\08\builder\study_engine.py/identity,True
361235/parent/8/candidate,True
361235/parent/8/admission,True
361235/parent/8/parent,True
361235/parent/8/inherited/study_engine.py,True
361235/parent/8/inherited/parent_engine.py,True
361235/parent/8/inherited/revision_one_engine.py,True
361235/parent/8/inherited/revision_two_engine.py,True
361235/parent/8/inherited/refinement_engine.py,True
runs\361235\parent\attempts\08/splits,True
runs\361235\parent\attempts\08/train/rows,True
runs\361235\parent\attempts\08/train/truth,True
runs\361235\parent\attempts\08/train/finite,True
runs\361235\parent\attempts\08/train/metric,True
runs\361235\parent\attempts\08/train/ledger,True
runs\361235\parent\attempts\08/selection/rows,True
runs\361235\parent\attempts\08/selection/truth,True
runs\361235\parent\attempts\08/selection/finite,True
runs\361235\parent\attempts\08/selection/metric,True
runs\361235\parent\attempts\08/selection/ledger,True
runs\361235\parent\attempts\09\BUILDER-FREEZE.csv/unique,True
runs\361235\parent\attempts\09\builder\candidate.py/identity,True
runs\361235\parent\attempts\09\builder\parent_engine.py/identity,True
runs\361235\parent\attempts\09\builder\refinement_engine.py/identity,True
runs\361235\parent\attempts\09\builder\revision_one_engine.py/identity,True
runs\361235\parent\attempts\09\builder\revision_two_engine.py/identity,True
runs\361235\parent\attempts\09\builder\study_engine.py/identity,True
361235/parent/9/candidate,True
361235/parent/9/admission,True
361235/parent/9/parent,True
361235/parent/9/inherited/study_engine.py,True
361235/parent/9/inherited/parent_engine.py,True
361235/parent/9/inherited/revision_one_engine.py,True
361235/parent/9/inherited/revision_two_engine.py,True
361235/parent/9/inherited/refinement_engine.py,True
361235/parent/9/parent_candidate,True
runs\361235\parent\attempts\09/splits,True
runs\361235\parent\attempts\09/train/rows,True
runs\361235\parent\attempts\09/train/truth,True
runs\361235\parent\attempts\09/train/finite,True
runs\361235\parent\attempts\09/train/metric,True
runs\361235\parent\attempts\09/train/ledger,True
runs\361235\parent\attempts\09/selection/rows,True
runs\361235\parent\attempts\09/selection/truth,True
runs\361235\parent\attempts\09/selection/finite,True
runs\361235\parent\attempts\09/selection/metric,True
runs\361235\parent\attempts\09/selection/ledger,True
runs\361235\parent\attempts\10\BUILDER-FREEZE.csv/unique,True
runs\361235\parent\attempts\10\builder\candidate.py/identity,True
runs\361235\parent\attempts\10\builder\parent_engine.py/identity,True
runs\361235\parent\attempts\10\builder\refinement_engine.py/identity,True
runs\361235\parent\attempts\10\builder\revision_one_engine.py/identity,True
runs\361235\parent\attempts\10\builder\revision_two_engine.py/identity,True
runs\361235\parent\attempts\10\builder\study_engine.py/identity,True
361235/parent/10/candidate,True
361235/parent/10/admission,True
361235/parent/10/parent,True
361235/parent/10/inherited/study_engine.py,True
361235/parent/10/inherited/parent_engine.py,True
361235/parent/10/inherited/revision_one_engine.py,True
361235/parent/10/inherited/revision_two_engine.py,True
361235/parent/10/inherited/refinement_engine.py,True
361235/parent/10/parent_candidate,True
runs\361235\parent\attempts\10/splits,True
runs\361235\parent\attempts\10/train/rows,True
runs\361235\parent\attempts\10/train/truth,True
runs\361235\parent\attempts\10/train/finite,True
runs\361235\parent\attempts\10/train/metric,True
runs\361235\parent\attempts\10/train/ledger,True
runs\361235\parent\attempts\10/selection/rows,True
runs\361235\parent\attempts\10/selection/truth,True
runs\361235\parent\attempts\10/selection/finite,True
runs\361235\parent\attempts\10/selection/metric,True
runs\361235\parent\attempts\10/selection/ledger,True
runs\361235\parent\attempts\11\BUILDER-FREEZE.csv/unique,True
runs\361235\parent\attempts\11\builder\candidate.py/identity,True
runs\361235\parent\attempts\11\builder\parent_engine.py/identity,True
runs\361235\parent\attempts\11\builder\refinement_engine.py/identity,True
runs\361235\parent\attempts\11\builder\revision_one_engine.py/identity,True
runs\361235\parent\attempts\11\builder\revision_two_engine.py/identity,True
runs\361235\parent\attempts\11\builder\study_engine.py/identity,True
361235/parent/11/candidate,True
361235/parent/11/admission,True
361235/parent/11/parent,True
361235/parent/11/inherited/study_engine.py,True
361235/parent/11/inherited/parent_engine.py,True
361235/parent/11/inherited/revision_one_engine.py,True
361235/parent/11/inherited/revision_two_engine.py,True
361235/parent/11/inherited/refinement_engine.py,True
361235/parent/11/parent_candidate,True
runs\361235\parent\attempts\11/splits,True
runs\361235\parent\attempts\11/train/rows,True
runs\361235\parent\attempts\11/train/truth,True
runs\361235\parent\attempts\11/train/finite,True
runs\361235\parent\attempts\11/train/metric,True
runs\361235\parent\attempts\11/train/ledger,True
runs\361235\parent\attempts\11/selection/rows,True
runs\361235\parent\attempts\11/selection/truth,True
runs\361235\parent\attempts\11/selection/finite,True
runs\361235\parent\attempts\11/selection/metric,True
runs\361235\parent\attempts\11/selection/ledger,True
runs\361235\parent\attempts\12\BUILDER-FREEZE.csv/unique,True
runs\361235\parent\attempts\12\builder\candidate.py/identity,True
runs\361235\parent\attempts\12\builder\parent_engine.py/identity,True
runs\361235\parent\attempts\12\builder\refinement_engine.py/identity,True
runs\361235\parent\attempts\12\builder\revision_one_engine.py/identity,True
runs\361235\parent\attempts\12\builder\revision_two_engine.py/identity,True
runs\361235\parent\attempts\12\builder\study_engine.py/identity,True
361235/parent/12/candidate,True
361235/parent/12/admission,True
361235/parent/12/parent,True
361235/parent/12/inherited/study_engine.py,True
361235/parent/12/inherited/parent_engine.py,True
361235/parent/12/inherited/revision_one_engine.py,True
361235/parent/12/inherited/revision_two_engine.py,True
361235/parent/12/inherited/refinement_engine.py,True
361235/parent/12/parent_candidate,True
runs\361235\parent\attempts\12/splits,True
runs\361235\parent\attempts\12/train/rows,True
runs\361235\parent\attempts\12/train/truth,True
runs\361235\parent\attempts\12/train/finite,True
runs\361235\parent\attempts\12/train/metric,True
runs\361235\parent\attempts\12/train/ledger,True
runs\361235\parent\attempts\12/selection/rows,True
runs\361235\parent\attempts\12/selection/truth,True
runs\361235\parent\attempts\12/selection/finite,True
runs\361235\parent\attempts\12/selection/metric,True
runs\361235\parent\attempts\12/selection/ledger,True
361235/parent/1/replayed_choice,True
361235/parent/2/replayed_choice,True
361235/parent/3/replayed_choice,True
361235/parent/4/replayed_choice,True
361235/parent/5/replayed_choice,True
361235/parent/6/replayed_choice,True
361235/parent/7/replayed_choice,True
361235/parent/8/replayed_choice,True
361235/parent/9/replayed_choice,True
361235/parent/10/replayed_choice,True
361235/parent/11/replayed_choice,True
361235/parent/12/replayed_choice,True
361235/parent/replayed_selection,True
361235/parent/rejected_count,True
361235/parent/rejection/0,True
361235/parent/rejection/1,True
361235/parent/rejection/2,True
361235/parent/rejection/3,True
361237/i0/executed_source,True
361237/i0/ordered_steps,True
361237/i0/distinct_constructors,True
361237/i0/serial_bounds,True
361237/i0/incumbent_exists,True
361237/i0/selection,True
runs\361237\i0\attempts\01\BUILDER-FREEZE.csv/unique,True
runs\361237\i0\attempts\01\builder\candidate.py/identity,True
runs\361237\i0\attempts\01\builder\parent_engine.py/identity,True
runs\361237\i0\attempts\01\builder\refinement_engine.py/identity,True
runs\361237\i0\attempts\01\builder\revision_one_engine.py/identity,True
runs\361237\i0\attempts\01\builder\revision_two_engine.py/identity,True
runs\361237\i0\attempts\01\builder\study_engine.py/identity,True
361237/i0/1/candidate,True
361237/i0/1/admission,True
361237/i0/1/parent,True
361237/i0/1/inherited/study_engine.py,True
361237/i0/1/inherited/parent_engine.py,True
361237/i0/1/inherited/revision_one_engine.py,True
361237/i0/1/inherited/revision_two_engine.py,True
361237/i0/1/inherited/refinement_engine.py,True
runs\361237\i0\attempts\01/splits,True
runs\361237\i0\attempts\01/train/rows,True
runs\361237\i0\attempts\01/train/truth,True
runs\361237\i0\attempts\01/train/finite,True
runs\361237\i0\attempts\01/train/metric,True
runs\361237\i0\attempts\01/train/ledger,True
runs\361237\i0\attempts\01/selection/rows,True
runs\361237\i0\attempts\01/selection/truth,True
runs\361237\i0\attempts\01/selection/finite,True
runs\361237\i0\attempts\01/selection/metric,True
runs\361237\i0\attempts\01/selection/ledger,True
runs\361237\i0\attempts\02\BUILDER-FREEZE.csv/unique,True
runs\361237\i0\attempts\02\builder\candidate.py/identity,True
runs\361237\i0\attempts\02\builder\parent_engine.py/identity,True
runs\361237\i0\attempts\02\builder\refinement_engine.py/identity,True
runs\361237\i0\attempts\02\builder\revision_one_engine.py/identity,True
runs\361237\i0\attempts\02\builder\revision_two_engine.py/identity,True
runs\361237\i0\attempts\02\builder\study_engine.py/identity,True
361237/i0/2/candidate,True
361237/i0/2/admission,True
361237/i0/2/parent,True
361237/i0/2/inherited/study_engine.py,True
361237/i0/2/inherited/parent_engine.py,True
361237/i0/2/inherited/revision_one_engine.py,True
361237/i0/2/inherited/revision_two_engine.py,True
361237/i0/2/inherited/refinement_engine.py,True
runs\361237\i0\attempts\02/splits,True
runs\361237\i0\attempts\02/train/rows,True
runs\361237\i0\attempts\02/train/truth,True
runs\361237\i0\attempts\02/train/finite,True
runs\361237\i0\attempts\02/train/metric,True
runs\361237\i0\attempts\02/train/ledger,True
runs\361237\i0\attempts\02/selection/rows,True
runs\361237\i0\attempts\02/selection/truth,True
runs\361237\i0\attempts\02/selection/finite,True
runs\361237\i0\attempts\02/selection/metric,True
runs\361237\i0\attempts\02/selection/ledger,True
runs\361237\i0\attempts\03\BUILDER-FREEZE.csv/unique,True
runs\361237\i0\attempts\03\builder\candidate.py/identity,True
runs\361237\i0\attempts\03\builder\parent_engine.py/identity,True
runs\361237\i0\attempts\03\builder\refinement_engine.py/identity,True
runs\361237\i0\attempts\03\builder\revision_one_engine.py/identity,True
runs\361237\i0\attempts\03\builder\revision_two_engine.py/identity,True
runs\361237\i0\attempts\03\builder\study_engine.py/identity,True
361237/i0/3/candidate,True
361237/i0/3/admission,True
361237/i0/3/parent,True
361237/i0/3/inherited/study_engine.py,True
361237/i0/3/inherited/parent_engine.py,True
361237/i0/3/inherited/revision_one_engine.py,True
361237/i0/3/inherited/revision_two_engine.py,True
361237/i0/3/inherited/refinement_engine.py,True
runs\361237\i0\attempts\03/splits,True
runs\361237\i0\attempts\03/train/rows,True
runs\361237\i0\attempts\03/train/truth,True
runs\361237\i0\attempts\03/train/finite,True
runs\361237\i0\attempts\03/train/metric,True
runs\361237\i0\attempts\03/train/ledger,True
runs\361237\i0\attempts\03/selection/rows,True
runs\361237\i0\attempts\03/selection/truth,True
runs\361237\i0\attempts\03/selection/finite,True
runs\361237\i0\attempts\03/selection/metric,True
runs\361237\i0\attempts\03/selection/ledger,True
runs\361237\i0\attempts\04\BUILDER-FREEZE.csv/unique,True
runs\361237\i0\attempts\04\builder\candidate.py/identity,True
runs\361237\i0\attempts\04\builder\parent_engine.py/identity,True
runs\361237\i0\attempts\04\builder\refinement_engine.py/identity,True
runs\361237\i0\attempts\04\builder\revision_one_engine.py/identity,True
runs\361237\i0\attempts\04\builder\revision_two_engine.py/identity,True
runs\361237\i0\attempts\04\builder\study_engine.py/identity,True
361237/i0/4/candidate,True
361237/i0/4/admission,True
361237/i0/4/parent,True
361237/i0/4/inherited/study_engine.py,True
361237/i0/4/inherited/parent_engine.py,True
361237/i0/4/inherited/revision_one_engine.py,True
361237/i0/4/inherited/revision_two_engine.py,True
361237/i0/4/inherited/refinement_engine.py,True
runs\361237\i0\attempts\04/splits,True
runs\361237\i0\attempts\04/train/rows,True
runs\361237\i0\attempts\04/train/truth,True
runs\361237\i0\attempts\04/train/finite,True
runs\361237\i0\attempts\04/train/metric,True
runs\361237\i0\attempts\04/train/ledger,True
runs\361237\i0\attempts\04/selection/rows,True
runs\361237\i0\attempts\04/selection/truth,True
runs\361237\i0\attempts\04/selection/finite,True
runs\361237\i0\attempts\04/selection/metric,True
runs\361237\i0\attempts\04/selection/ledger,True
runs\361237\i0\attempts\05\BUILDER-FREEZE.csv/unique,True
runs\361237\i0\attempts\05\builder\candidate.py/identity,True
runs\361237\i0\attempts\05\builder\parent_engine.py/identity,True
runs\361237\i0\attempts\05\builder\refinement_engine.py/identity,True
runs\361237\i0\attempts\05\builder\revision_one_engine.py/identity,True
runs\361237\i0\attempts\05\builder\revision_two_engine.py/identity,True
runs\361237\i0\attempts\05\builder\study_engine.py/identity,True
361237/i0/5/candidate,True
361237/i0/5/admission,True
361237/i0/5/parent,True
361237/i0/5/inherited/study_engine.py,True
361237/i0/5/inherited/parent_engine.py,True
361237/i0/5/inherited/revision_one_engine.py,True
361237/i0/5/inherited/revision_two_engine.py,True
361237/i0/5/inherited/refinement_engine.py,True
runs\361237\i0\attempts\05/splits,True
runs\361237\i0\attempts\05/train/rows,True
runs\361237\i0\attempts\05/train/truth,True
runs\361237\i0\attempts\05/train/finite,True
runs\361237\i0\attempts\05/train/metric,True
runs\361237\i0\attempts\05/train/ledger,True
runs\361237\i0\attempts\05/selection/rows,True
runs\361237\i0\attempts\05/selection/truth,True
runs\361237\i0\attempts\05/selection/finite,True
runs\361237\i0\attempts\05/selection/metric,True
runs\361237\i0\attempts\05/selection/ledger,True
runs\361237\i0\attempts\06\BUILDER-FREEZE.csv/unique,True
runs\361237\i0\attempts\06\builder\candidate.py/identity,True
runs\361237\i0\attempts\06\builder\parent_engine.py/identity,True
runs\361237\i0\attempts\06\builder\refinement_engine.py/identity,True
runs\361237\i0\attempts\06\builder\revision_one_engine.py/identity,True
runs\361237\i0\attempts\06\builder\revision_two_engine.py/identity,True
runs\361237\i0\attempts\06\builder\study_engine.py/identity,True
361237/i0/6/candidate,True
361237/i0/6/admission,True
361237/i0/6/parent,True
361237/i0/6/inherited/study_engine.py,True
361237/i0/6/inherited/parent_engine.py,True
361237/i0/6/inherited/revision_one_engine.py,True
361237/i0/6/inherited/revision_two_engine.py,True
361237/i0/6/inherited/refinement_engine.py,True
runs\361237\i0\attempts\06/splits,True
runs\361237\i0\attempts\06/train/rows,True
runs\361237\i0\attempts\06/train/truth,True
runs\361237\i0\attempts\06/train/finite,True
runs\361237\i0\attempts\06/train/metric,True
runs\361237\i0\attempts\06/train/ledger,True
runs\361237\i0\attempts\06/selection/rows,True
runs\361237\i0\attempts\06/selection/truth,True
runs\361237\i0\attempts\06/selection/finite,True
runs\361237\i0\attempts\06/selection/metric,True
runs\361237\i0\attempts\06/selection/ledger,True
runs\361237\i0\attempts\07\BUILDER-FREEZE.csv/unique,True
runs\361237\i0\attempts\07\builder\candidate.py/identity,True
runs\361237\i0\attempts\07\builder\parent_engine.py/identity,True
runs\361237\i0\attempts\07\builder\refinement_engine.py/identity,True
runs\361237\i0\attempts\07\builder\revision_one_engine.py/identity,True
runs\361237\i0\attempts\07\builder\revision_two_engine.py/identity,True
runs\361237\i0\attempts\07\builder\study_engine.py/identity,True
361237/i0/7/candidate,True
361237/i0/7/admission,True
361237/i0/7/parent,True
361237/i0/7/inherited/study_engine.py,True
361237/i0/7/inherited/parent_engine.py,True
361237/i0/7/inherited/revision_one_engine.py,True
361237/i0/7/inherited/revision_two_engine.py,True
361237/i0/7/inherited/refinement_engine.py,True
runs\361237\i0\attempts\07/splits,True
runs\361237\i0\attempts\07/train/rows,True
runs\361237\i0\attempts\07/train/truth,True
runs\361237\i0\attempts\07/train/finite,True
runs\361237\i0\attempts\07/train/metric,True
runs\361237\i0\attempts\07/train/ledger,True
runs\361237\i0\attempts\07/selection/rows,True
runs\361237\i0\attempts\07/selection/truth,True
runs\361237\i0\attempts\07/selection/finite,True
runs\361237\i0\attempts\07/selection/metric,True
runs\361237\i0\attempts\07/selection/ledger,True
runs\361237\i0\attempts\08\BUILDER-FREEZE.csv/unique,True
runs\361237\i0\attempts\08\builder\candidate.py/identity,True
runs\361237\i0\attempts\08\builder\parent_engine.py/identity,True
runs\361237\i0\attempts\08\builder\refinement_engine.py/identity,True
runs\361237\i0\attempts\08\builder\revision_one_engine.py/identity,True
runs\361237\i0\attempts\08\builder\revision_two_engine.py/identity,True
runs\361237\i0\attempts\08\builder\study_engine.py/identity,True
361237/i0/8/candidate,True
361237/i0/8/admission,True
361237/i0/8/parent,True
361237/i0/8/inherited/study_engine.py,True
361237/i0/8/inherited/parent_engine.py,True
361237/i0/8/inherited/revision_one_engine.py,True
361237/i0/8/inherited/revision_two_engine.py,True
361237/i0/8/inherited/refinement_engine.py,True
runs\361237\i0\attempts\08/splits,True
runs\361237\i0\attempts\08/train/rows,True
runs\361237\i0\attempts\08/train/truth,True
runs\361237\i0\attempts\08/train/finite,True
runs\361237\i0\attempts\08/train/metric,True
runs\361237\i0\attempts\08/train/ledger,True
runs\361237\i0\attempts\08/selection/rows,True
runs\361237\i0\attempts\08/selection/truth,True
runs\361237\i0\attempts\08/selection/finite,True
runs\361237\i0\attempts\08/selection/metric,True
runs\361237\i0\attempts\08/selection/ledger,True
runs\361237\i0\attempts\09\BUILDER-FREEZE.csv/unique,True
runs\361237\i0\attempts\09\builder\candidate.py/identity,True
runs\361237\i0\attempts\09\builder\parent_engine.py/identity,True
runs\361237\i0\attempts\09\builder\refinement_engine.py/identity,True
runs\361237\i0\attempts\09\builder\revision_one_engine.py/identity,True
runs\361237\i0\attempts\09\builder\revision_two_engine.py/identity,True
runs\361237\i0\attempts\09\builder\study_engine.py/identity,True
361237/i0/9/candidate,True
361237/i0/9/admission,True
361237/i0/9/parent,True
361237/i0/9/inherited/study_engine.py,True
361237/i0/9/inherited/parent_engine.py,True
361237/i0/9/inherited/revision_one_engine.py,True
361237/i0/9/inherited/revision_two_engine.py,True
361237/i0/9/inherited/refinement_engine.py,True
361237/i0/9/parent_candidate,True
runs\361237\i0\attempts\09/splits,True
runs\361237\i0\attempts\09/train/rows,True
runs\361237\i0\attempts\09/train/truth,True
runs\361237\i0\attempts\09/train/finite,True
runs\361237\i0\attempts\09/train/metric,True
runs\361237\i0\attempts\09/train/ledger,True
runs\361237\i0\attempts\09/selection/rows,True
runs\361237\i0\attempts\09/selection/truth,True
runs\361237\i0\attempts\09/selection/finite,True
runs\361237\i0\attempts\09/selection/metric,True
runs\361237\i0\attempts\09/selection/ledger,True
runs\361237\i0\attempts\10\BUILDER-FREEZE.csv/unique,True
runs\361237\i0\attempts\10\builder\candidate.py/identity,True
runs\361237\i0\attempts\10\builder\parent_engine.py/identity,True
runs\361237\i0\attempts\10\builder\refinement_engine.py/identity,True
runs\361237\i0\attempts\10\builder\revision_one_engine.py/identity,True
runs\361237\i0\attempts\10\builder\revision_two_engine.py/identity,True
runs\361237\i0\attempts\10\builder\study_engine.py/identity,True
361237/i0/10/candidate,True
361237/i0/10/admission,True
361237/i0/10/parent,True
361237/i0/10/inherited/study_engine.py,True
361237/i0/10/inherited/parent_engine.py,True
361237/i0/10/inherited/revision_one_engine.py,True
361237/i0/10/inherited/revision_two_engine.py,True
361237/i0/10/inherited/refinement_engine.py,True
361237/i0/10/parent_candidate,True
runs\361237\i0\attempts\10/splits,True
runs\361237\i0\attempts\10/train/rows,True
runs\361237\i0\attempts\10/train/truth,True
runs\361237\i0\attempts\10/train/finite,True
runs\361237\i0\attempts\10/train/metric,True
runs\361237\i0\attempts\10/train/ledger,True
runs\361237\i0\attempts\10/selection/rows,True
runs\361237\i0\attempts\10/selection/truth,True
runs\361237\i0\attempts\10/selection/finite,True
runs\361237\i0\attempts\10/selection/metric,True
runs\361237\i0\attempts\10/selection/ledger,True
runs\361237\i0\attempts\11\BUILDER-FREEZE.csv/unique,True
runs\361237\i0\attempts\11\builder\candidate.py/identity,True
runs\361237\i0\attempts\11\builder\parent_engine.py/identity,True
runs\361237\i0\attempts\11\builder\refinement_engine.py/identity,True
runs\361237\i0\attempts\11\builder\revision_one_engine.py/identity,True
runs\361237\i0\attempts\11\builder\revision_two_engine.py/identity,True
runs\361237\i0\attempts\11\builder\study_engine.py/identity,True
361237/i0/11/candidate,True
361237/i0/11/admission,True
361237/i0/11/parent,True
361237/i0/11/inherited/study_engine.py,True
361237/i0/11/inherited/parent_engine.py,True
361237/i0/11/inherited/revision_one_engine.py,True
361237/i0/11/inherited/revision_two_engine.py,True
361237/i0/11/inherited/refinement_engine.py,True
361237/i0/11/parent_candidate,True
runs\361237\i0\attempts\11/splits,True
runs\361237\i0\attempts\11/train/rows,True
runs\361237\i0\attempts\11/train/truth,True
runs\361237\i0\attempts\11/train/finite,True
runs\361237\i0\attempts\11/train/metric,True
runs\361237\i0\attempts\11/train/ledger,True
runs\361237\i0\attempts\11/selection/rows,True
runs\361237\i0\attempts\11/selection/truth,True
runs\361237\i0\attempts\11/selection/finite,True
runs\361237\i0\attempts\11/selection/metric,True
runs\361237\i0\attempts\11/selection/ledger,True
runs\361237\i0\attempts\12\BUILDER-FREEZE.csv/unique,True
runs\361237\i0\attempts\12\builder\candidate.py/identity,True
runs\361237\i0\attempts\12\builder\parent_engine.py/identity,True
runs\361237\i0\attempts\12\builder\refinement_engine.py/identity,True
runs\361237\i0\attempts\12\builder\revision_one_engine.py/identity,True
runs\361237\i0\attempts\12\builder\revision_two_engine.py/identity,True
runs\361237\i0\attempts\12\builder\study_engine.py/identity,True
361237/i0/12/candidate,True
361237/i0/12/admission,True
361237/i0/12/parent,True
361237/i0/12/inherited/study_engine.py,True
361237/i0/12/inherited/parent_engine.py,True
361237/i0/12/inherited/revision_one_engine.py,True
361237/i0/12/inherited/revision_two_engine.py,True
361237/i0/12/inherited/refinement_engine.py,True
361237/i0/12/parent_candidate,True
runs\361237\i0\attempts\12/splits,True
runs\361237\i0\attempts\12/train/rows,True
runs\361237\i0\attempts\12/train/truth,True
runs\361237\i0\attempts\12/train/finite,True
runs\361237\i0\attempts\12/train/metric,True
runs\361237\i0\attempts\12/train/ledger,True
runs\361237\i0\attempts\12/selection/rows,True
runs\361237\i0\attempts\12/selection/truth,True
runs\361237\i0\attempts\12/selection/finite,True
runs\361237\i0\attempts\12/selection/metric,True
runs\361237\i0\attempts\12/selection/ledger,True
361237/i0/1/replayed_choice,True
361237/i0/2/replayed_choice,True
361237/i0/3/replayed_choice,True
361237/i0/4/replayed_choice,True
361237/i0/5/replayed_choice,True
361237/i0/6/replayed_choice,True
361237/i0/7/replayed_choice,True
361237/i0/8/replayed_choice,True
361237/i0/9/replayed_choice,True
361237/i0/10/replayed_choice,True
361237/i0/11/replayed_choice,True
361237/i0/12/replayed_choice,True
361237/i0/replayed_selection,True
361237/i0/rejected_count,True
361237/i0/rejection/0,True
361237/i1/executed_source,True
361237/i1/ordered_steps,True
361237/i1/distinct_constructors,True
361237/i1/serial_bounds,True
361237/i1/incumbent_exists,True
361237/i1/selection,True
runs\361237\i1\attempts\01\BUILDER-FREEZE.csv/unique,True
runs\361237\i1\attempts\01\builder\candidate.py/identity,True
runs\361237\i1\attempts\01\builder\parent_engine.py/identity,True
runs\361237\i1\attempts\01\builder\refinement_engine.py/identity,True
runs\361237\i1\attempts\01\builder\revision_one_engine.py/identity,True
runs\361237\i1\attempts\01\builder\revision_two_engine.py/identity,True
runs\361237\i1\attempts\01\builder\study_engine.py/identity,True
361237/i1/1/candidate,True
361237/i1/1/admission,True
361237/i1/1/parent,True
361237/i1/1/inherited/study_engine.py,True
361237/i1/1/inherited/parent_engine.py,True
361237/i1/1/inherited/revision_one_engine.py,True
361237/i1/1/inherited/revision_two_engine.py,True
361237/i1/1/inherited/refinement_engine.py,True
runs\361237\i1\attempts\01/splits,True
runs\361237\i1\attempts\01/train/rows,True
runs\361237\i1\attempts\01/train/truth,True
runs\361237\i1\attempts\01/train/finite,True
runs\361237\i1\attempts\01/train/metric,True
runs\361237\i1\attempts\01/train/ledger,True
runs\361237\i1\attempts\01/selection/rows,True
runs\361237\i1\attempts\01/selection/truth,True
runs\361237\i1\attempts\01/selection/finite,True
runs\361237\i1\attempts\01/selection/metric,True
runs\361237\i1\attempts\01/selection/ledger,True
runs\361237\i1\attempts\02\BUILDER-FREEZE.csv/unique,True
runs\361237\i1\attempts\02\builder\candidate.py/identity,True
runs\361237\i1\attempts\02\builder\parent_engine.py/identity,True
runs\361237\i1\attempts\02\builder\refinement_engine.py/identity,True
runs\361237\i1\attempts\02\builder\revision_one_engine.py/identity,True
runs\361237\i1\attempts\02\builder\revision_two_engine.py/identity,True
runs\361237\i1\attempts\02\builder\study_engine.py/identity,True
361237/i1/2/candidate,True
361237/i1/2/admission,True
361237/i1/2/parent,True
361237/i1/2/inherited/study_engine.py,True
361237/i1/2/inherited/parent_engine.py,True
361237/i1/2/inherited/revision_one_engine.py,True
361237/i1/2/inherited/revision_two_engine.py,True
361237/i1/2/inherited/refinement_engine.py,True
runs\361237\i1\attempts\02/splits,True
runs\361237\i1\attempts\02/train/rows,True
runs\361237\i1\attempts\02/train/truth,True
runs\361237\i1\attempts\02/train/finite,True
runs\361237\i1\attempts\02/train/metric,True
runs\361237\i1\attempts\02/train/ledger,True
runs\361237\i1\attempts\02/selection/rows,True
runs\361237\i1\attempts\02/selection/truth,True
runs\361237\i1\attempts\02/selection/finite,True
runs\361237\i1\attempts\02/selection/metric,True
runs\361237\i1\attempts\02/selection/ledger,True
runs\361237\i1\attempts\03\BUILDER-FREEZE.csv/unique,True
runs\361237\i1\attempts\03\builder\candidate.py/identity,True
runs\361237\i1\attempts\03\builder\parent_engine.py/identity,True
runs\361237\i1\attempts\03\builder\refinement_engine.py/identity,True
runs\361237\i1\attempts\03\builder\revision_one_engine.py/identity,True
runs\361237\i1\attempts\03\builder\revision_two_engine.py/identity,True
runs\361237\i1\attempts\03\builder\study_engine.py/identity,True
361237/i1/3/candidate,True
361237/i1/3/admission,True
361237/i1/3/parent,True
361237/i1/3/inherited/study_engine.py,True
361237/i1/3/inherited/parent_engine.py,True
361237/i1/3/inherited/revision_one_engine.py,True
361237/i1/3/inherited/revision_two_engine.py,True
361237/i1/3/inherited/refinement_engine.py,True
runs\361237\i1\attempts\03/splits,True
runs\361237\i1\attempts\03/train/rows,True
runs\361237\i1\attempts\03/train/truth,True
runs\361237\i1\attempts\03/train/finite,True
runs\361237\i1\attempts\03/train/metric,True
runs\361237\i1\attempts\03/train/ledger,True
runs\361237\i1\attempts\03/selection/rows,True
runs\361237\i1\attempts\03/selection/truth,True
runs\361237\i1\attempts\03/selection/finite,True
runs\361237\i1\attempts\03/selection/metric,True
runs\361237\i1\attempts\03/selection/ledger,True
runs\361237\i1\attempts\04\BUILDER-FREEZE.csv/unique,True
runs\361237\i1\attempts\04\builder\candidate.py/identity,True
runs\361237\i1\attempts\04\builder\parent_engine.py/identity,True
runs\361237\i1\attempts\04\builder\refinement_engine.py/identity,True
runs\361237\i1\attempts\04\builder\revision_one_engine.py/identity,True
runs\361237\i1\attempts\04\builder\revision_two_engine.py/identity,True
runs\361237\i1\attempts\04\builder\study_engine.py/identity,True
361237/i1/4/candidate,True
361237/i1/4/admission,True
361237/i1/4/parent,True
361237/i1/4/inherited/study_engine.py,True
361237/i1/4/inherited/parent_engine.py,True
361237/i1/4/inherited/revision_one_engine.py,True
361237/i1/4/inherited/revision_two_engine.py,True
361237/i1/4/inherited/refinement_engine.py,True
runs\361237\i1\attempts\04/splits,True
runs\361237\i1\attempts\04/train/rows,True
runs\361237\i1\attempts\04/train/truth,True
runs\361237\i1\attempts\04/train/finite,True
runs\361237\i1\attempts\04/train/metric,True
runs\361237\i1\attempts\04/train/ledger,True
runs\361237\i1\attempts\04/selection/rows,True
runs\361237\i1\attempts\04/selection/truth,True
runs\361237\i1\attempts\04/selection/finite,True
runs\361237\i1\attempts\04/selection/metric,True
runs\361237\i1\attempts\04/selection/ledger,True
runs\361237\i1\attempts\05\BUILDER-FREEZE.csv/unique,True
runs\361237\i1\attempts\05\builder\candidate.py/identity,True
runs\361237\i1\attempts\05\builder\parent_engine.py/identity,True
runs\361237\i1\attempts\05\builder\refinement_engine.py/identity,True
runs\361237\i1\attempts\05\builder\revision_one_engine.py/identity,True
runs\361237\i1\attempts\05\builder\revision_two_engine.py/identity,True
runs\361237\i1\attempts\05\builder\study_engine.py/identity,True
361237/i1/5/candidate,True
361237/i1/5/admission,True
361237/i1/5/parent,True
361237/i1/5/inherited/study_engine.py,True
361237/i1/5/inherited/parent_engine.py,True
361237/i1/5/inherited/revision_one_engine.py,True
361237/i1/5/inherited/revision_two_engine.py,True
361237/i1/5/inherited/refinement_engine.py,True
runs\361237\i1\attempts\05/splits,True
runs\361237\i1\attempts\05/train/rows,True
runs\361237\i1\attempts\05/train/truth,True
runs\361237\i1\attempts\05/train/finite,True
runs\361237\i1\attempts\05/train/metric,True
runs\361237\i1\attempts\05/train/ledger,True
runs\361237\i1\attempts\05/selection/rows,True
runs\361237\i1\attempts\05/selection/truth,True
runs\361237\i1\attempts\05/selection/finite,True
runs\361237\i1\attempts\05/selection/metric,True
runs\361237\i1\attempts\05/selection/ledger,True
runs\361237\i1\attempts\06\BUILDER-FREEZE.csv/unique,True
runs\361237\i1\attempts\06\builder\candidate.py/identity,True
runs\361237\i1\attempts\06\builder\parent_engine.py/identity,True
runs\361237\i1\attempts\06\builder\refinement_engine.py/identity,True
runs\361237\i1\attempts\06\builder\revision_one_engine.py/identity,True
runs\361237\i1\attempts\06\builder\revision_two_engine.py/identity,True
runs\361237\i1\attempts\06\builder\study_engine.py/identity,True
361237/i1/6/candidate,True
361237/i1/6/admission,True
361237/i1/6/parent,True
361237/i1/6/inherited/study_engine.py,True
361237/i1/6/inherited/parent_engine.py,True
361237/i1/6/inherited/revision_one_engine.py,True
361237/i1/6/inherited/revision_two_engine.py,True
361237/i1/6/inherited/refinement_engine.py,True
runs\361237\i1\attempts\06/splits,True
runs\361237\i1\attempts\06/train/rows,True
runs\361237\i1\attempts\06/train/truth,True
runs\361237\i1\attempts\06/train/finite,True
runs\361237\i1\attempts\06/train/metric,True
runs\361237\i1\attempts\06/train/ledger,True
runs\361237\i1\attempts\06/selection/rows,True
runs\361237\i1\attempts\06/selection/truth,True
runs\361237\i1\attempts\06/selection/finite,True
runs\361237\i1\attempts\06/selection/metric,True
runs\361237\i1\attempts\06/selection/ledger,True
runs\361237\i1\attempts\07\BUILDER-FREEZE.csv/unique,True
runs\361237\i1\attempts\07\builder\candidate.py/identity,True
runs\361237\i1\attempts\07\builder\parent_engine.py/identity,True
runs\361237\i1\attempts\07\builder\refinement_engine.py/identity,True
runs\361237\i1\attempts\07\builder\revision_one_engine.py/identity,True
runs\361237\i1\attempts\07\builder\revision_two_engine.py/identity,True
runs\361237\i1\attempts\07\builder\study_engine.py/identity,True
361237/i1/7/candidate,True
361237/i1/7/admission,True
361237/i1/7/parent,True
361237/i1/7/inherited/study_engine.py,True
361237/i1/7/inherited/parent_engine.py,True
361237/i1/7/inherited/revision_one_engine.py,True
361237/i1/7/inherited/revision_two_engine.py,True
361237/i1/7/inherited/refinement_engine.py,True
runs\361237\i1\attempts\07/splits,True
runs\361237\i1\attempts\07/train/rows,True
runs\361237\i1\attempts\07/train/truth,True
runs\361237\i1\attempts\07/train/finite,True
runs\361237\i1\attempts\07/train/metric,True
runs\361237\i1\attempts\07/train/ledger,True
runs\361237\i1\attempts\07/selection/rows,True
runs\361237\i1\attempts\07/selection/truth,True
runs\361237\i1\attempts\07/selection/finite,True
runs\361237\i1\attempts\07/selection/metric,True
runs\361237\i1\attempts\07/selection/ledger,True
runs\361237\i1\attempts\08\BUILDER-FREEZE.csv/unique,True
runs\361237\i1\attempts\08\builder\candidate.py/identity,True
runs\361237\i1\attempts\08\builder\parent_engine.py/identity,True
runs\361237\i1\attempts\08\builder\refinement_engine.py/identity,True
runs\361237\i1\attempts\08\builder\revision_one_engine.py/identity,True
runs\361237\i1\attempts\08\builder\revision_two_engine.py/identity,True
runs\361237\i1\attempts\08\builder\study_engine.py/identity,True
361237/i1/8/candidate,True
361237/i1/8/admission,True
361237/i1/8/parent,True
361237/i1/8/inherited/study_engine.py,True
361237/i1/8/inherited/parent_engine.py,True
361237/i1/8/inherited/revision_one_engine.py,True
361237/i1/8/inherited/revision_two_engine.py,True
361237/i1/8/inherited/refinement_engine.py,True
runs\361237\i1\attempts\08/splits,True
runs\361237\i1\attempts\08/train/rows,True
runs\361237\i1\attempts\08/train/truth,True
runs\361237\i1\attempts\08/train/finite,True
runs\361237\i1\attempts\08/train/metric,True
runs\361237\i1\attempts\08/train/ledger,True
runs\361237\i1\attempts\08/selection/rows,True
runs\361237\i1\attempts\08/selection/truth,True
runs\361237\i1\attempts\08/selection/finite,True
runs\361237\i1\attempts\08/selection/metric,True
runs\361237\i1\attempts\08/selection/ledger,True
runs\361237\i1\attempts\09\BUILDER-FREEZE.csv/unique,True
runs\361237\i1\attempts\09\builder\candidate.py/identity,True
runs\361237\i1\attempts\09\builder\parent_engine.py/identity,True
runs\361237\i1\attempts\09\builder\refinement_engine.py/identity,True
runs\361237\i1\attempts\09\builder\revision_one_engine.py/identity,True
runs\361237\i1\attempts\09\builder\revision_two_engine.py/identity,True
runs\361237\i1\attempts\09\builder\study_engine.py/identity,True
361237/i1/9/candidate,True
361237/i1/9/admission,True
361237/i1/9/parent,True
361237/i1/9/inherited/study_engine.py,True
361237/i1/9/inherited/parent_engine.py,True
361237/i1/9/inherited/revision_one_engine.py,True
361237/i1/9/inherited/revision_two_engine.py,True
361237/i1/9/inherited/refinement_engine.py,True
runs\361237\i1\attempts\09/splits,True
runs\361237\i1\attempts\09/train/rows,True
runs\361237\i1\attempts\09/train/truth,True
runs\361237\i1\attempts\09/train/finite,True
runs\361237\i1\attempts\09/train/metric,True
runs\361237\i1\attempts\09/train/ledger,True
runs\361237\i1\attempts\09/selection/rows,True
runs\361237\i1\attempts\09/selection/truth,True
runs\361237\i1\attempts\09/selection/finite,True
runs\361237\i1\attempts\09/selection/metric,True
runs\361237\i1\attempts\09/selection/ledger,True
runs\361237\i1\attempts\10\BUILDER-FREEZE.csv/unique,True
runs\361237\i1\attempts\10\builder\candidate.py/identity,True
runs\361237\i1\attempts\10\builder\parent_engine.py/identity,True
runs\361237\i1\attempts\10\builder\refinement_engine.py/identity,True
runs\361237\i1\attempts\10\builder\revision_one_engine.py/identity,True
runs\361237\i1\attempts\10\builder\revision_two_engine.py/identity,True
runs\361237\i1\attempts\10\builder\study_engine.py/identity,True
361237/i1/10/candidate,True
361237/i1/10/admission,True
361237/i1/10/parent,True
361237/i1/10/inherited/study_engine.py,True
361237/i1/10/inherited/parent_engine.py,True
361237/i1/10/inherited/revision_one_engine.py,True
361237/i1/10/inherited/revision_two_engine.py,True
361237/i1/10/inherited/refinement_engine.py,True
runs\361237\i1\attempts\10/splits,True
runs\361237\i1\attempts\10/train/rows,True
runs\361237\i1\attempts\10/train/truth,True
runs\361237\i1\attempts\10/train/finite,True
runs\361237\i1\attempts\10/train/metric,True
runs\361237\i1\attempts\10/train/ledger,True
runs\361237\i1\attempts\10/selection/rows,True
runs\361237\i1\attempts\10/selection/truth,True
runs\361237\i1\attempts\10/selection/finite,True
runs\361237\i1\attempts\10/selection/metric,True
runs\361237\i1\attempts\10/selection/ledger,True
runs\361237\i1\attempts\11\BUILDER-FREEZE.csv/unique,True
runs\361237\i1\attempts\11\builder\candidate.py/identity,True
runs\361237\i1\attempts\11\builder\parent_engine.py/identity,True
runs\361237\i1\attempts\11\builder\refinement_engine.py/identity,True
runs\361237\i1\attempts\11\builder\revision_one_engine.py/identity,True
runs\361237\i1\attempts\11\builder\revision_two_engine.py/identity,True
runs\361237\i1\attempts\11\builder\study_engine.py/identity,True
361237/i1/11/candidate,True
361237/i1/11/admission,True
361237/i1/11/parent,True
361237/i1/11/inherited/study_engine.py,True
361237/i1/11/inherited/parent_engine.py,True
361237/i1/11/inherited/revision_one_engine.py,True
361237/i1/11/inherited/revision_two_engine.py,True
361237/i1/11/inherited/refinement_engine.py,True
361237/i1/11/parent_candidate,True
runs\361237\i1\attempts\11/splits,True
runs\361237\i1\attempts\11/train/rows,True
runs\361237\i1\attempts\11/train/truth,True
runs\361237\i1\attempts\11/train/finite,True
runs\361237\i1\attempts\11/train/metric,True
runs\361237\i1\attempts\11/train/ledger,True
runs\361237\i1\attempts\11/selection/rows,True
runs\361237\i1\attempts\11/selection/truth,True
runs\361237\i1\attempts\11/selection/finite,True
runs\361237\i1\attempts\11/selection/metric,True
runs\361237\i1\attempts\11/selection/ledger,True
runs\361237\i1\attempts\12\BUILDER-FREEZE.csv/unique,True
runs\361237\i1\attempts\12\builder\candidate.py/identity,True
runs\361237\i1\attempts\12\builder\parent_engine.py/identity,True
runs\361237\i1\attempts\12\builder\refinement_engine.py/identity,True
runs\361237\i1\attempts\12\builder\revision_one_engine.py/identity,True
runs\361237\i1\attempts\12\builder\revision_two_engine.py/identity,True
runs\361237\i1\attempts\12\builder\study_engine.py/identity,True
361237/i1/12/candidate,True
361237/i1/12/admission,True
361237/i1/12/parent,True
361237/i1/12/inherited/study_engine.py,True
361237/i1/12/inherited/parent_engine.py,True
361237/i1/12/inherited/revision_one_engine.py,True
361237/i1/12/inherited/revision_two_engine.py,True
361237/i1/12/inherited/refinement_engine.py,True
361237/i1/12/parent_candidate,True
runs\361237\i1\attempts\12/splits,True
runs\361237\i1\attempts\12/train/rows,True
runs\361237\i1\attempts\12/train/truth,True
runs\361237\i1\attempts\12/train/finite,True
runs\361237\i1\attempts\12/train/metric,True
runs\361237\i1\attempts\12/train/ledger,True
runs\361237\i1\attempts\12/selection/rows,True
runs\361237\i1\attempts\12/selection/truth,True
runs\361237\i1\attempts\12/selection/finite,True
runs\361237\i1\attempts\12/selection/metric,True
runs\361237\i1\attempts\12/selection/ledger,True
361237/i1/1/replayed_choice,True
361237/i1/2/replayed_choice,True
361237/i1/3/replayed_choice,True
361237/i1/4/replayed_choice,True
361237/i1/5/replayed_choice,True
361237/i1/6/replayed_choice,True
361237/i1/7/replayed_choice,True
361237/i1/8/replayed_choice,True
361237/i1/9/replayed_choice,True
361237/i1/10/replayed_choice,True
361237/i1/11/replayed_choice,True
361237/i1/12/replayed_choice,True
361237/i1/replayed_selection,True
361237/i1/rejected_count,True
361237/parent/executed_source,True
361237/parent/ordered_steps,True
361237/parent/distinct_constructors,True
361237/parent/serial_bounds,True
361237/parent/incumbent_exists,True
361237/parent/selection,True
runs\361237\parent\attempts\01\BUILDER-FREEZE.csv/unique,True
runs\361237\parent\attempts\01\builder\candidate.py/identity,True
runs\361237\parent\attempts\01\builder\parent_engine.py/identity,True
runs\361237\parent\attempts\01\builder\refinement_engine.py/identity,True
runs\361237\parent\attempts\01\builder\revision_one_engine.py/identity,True
runs\361237\parent\attempts\01\builder\revision_two_engine.py/identity,True
runs\361237\parent\attempts\01\builder\study_engine.py/identity,True
361237/parent/1/candidate,True
361237/parent/1/admission,True
361237/parent/1/parent,True
361237/parent/1/inherited/study_engine.py,True
361237/parent/1/inherited/parent_engine.py,True
361237/parent/1/inherited/revision_one_engine.py,True
361237/parent/1/inherited/revision_two_engine.py,True
361237/parent/1/inherited/refinement_engine.py,True
runs\361237\parent\attempts\01/splits,True
runs\361237\parent\attempts\01/train/rows,True
runs\361237\parent\attempts\01/train/truth,True
runs\361237\parent\attempts\01/train/finite,True
runs\361237\parent\attempts\01/train/metric,True
runs\361237\parent\attempts\01/train/ledger,True
runs\361237\parent\attempts\01/selection/rows,True
runs\361237\parent\attempts\01/selection/truth,True
runs\361237\parent\attempts\01/selection/finite,True
runs\361237\parent\attempts\01/selection/metric,True
runs\361237\parent\attempts\01/selection/ledger,True
runs\361237\parent\attempts\02\BUILDER-FREEZE.csv/unique,True
runs\361237\parent\attempts\02\builder\candidate.py/identity,True
runs\361237\parent\attempts\02\builder\parent_engine.py/identity,True
runs\361237\parent\attempts\02\builder\refinement_engine.py/identity,True
runs\361237\parent\attempts\02\builder\revision_one_engine.py/identity,True
runs\361237\parent\attempts\02\builder\revision_two_engine.py/identity,True
runs\361237\parent\attempts\02\builder\study_engine.py/identity,True
361237/parent/2/candidate,True
361237/parent/2/admission,True
361237/parent/2/parent,True
361237/parent/2/inherited/study_engine.py,True
361237/parent/2/inherited/parent_engine.py,True
361237/parent/2/inherited/revision_one_engine.py,True
361237/parent/2/inherited/revision_two_engine.py,True
361237/parent/2/inherited/refinement_engine.py,True
runs\361237\parent\attempts\02/splits,True
runs\361237\parent\attempts\02/train/rows,True
runs\361237\parent\attempts\02/train/truth,True
runs\361237\parent\attempts\02/train/finite,True
runs\361237\parent\attempts\02/train/metric,True
runs\361237\parent\attempts\02/train/ledger,True
runs\361237\parent\attempts\02/selection/rows,True
runs\361237\parent\attempts\02/selection/truth,True
runs\361237\parent\attempts\02/selection/finite,True
runs\361237\parent\attempts\02/selection/metric,True
runs\361237\parent\attempts\02/selection/ledger,True
runs\361237\parent\attempts\03\BUILDER-FREEZE.csv/unique,True
runs\361237\parent\attempts\03\builder\candidate.py/identity,True
runs\361237\parent\attempts\03\builder\parent_engine.py/identity,True
runs\361237\parent\attempts\03\builder\refinement_engine.py/identity,True
runs\361237\parent\attempts\03\builder\revision_one_engine.py/identity,True
runs\361237\parent\attempts\03\builder\revision_two_engine.py/identity,True
runs\361237\parent\attempts\03\builder\study_engine.py/identity,True
361237/parent/3/candidate,True
361237/parent/3/admission,True
361237/parent/3/parent,True
361237/parent/3/inherited/study_engine.py,True
361237/parent/3/inherited/parent_engine.py,True
361237/parent/3/inherited/revision_one_engine.py,True
361237/parent/3/inherited/revision_two_engine.py,True
361237/parent/3/inherited/refinement_engine.py,True
runs\361237\parent\attempts\03/splits,True
runs\361237\parent\attempts\03/train/rows,True
runs\361237\parent\attempts\03/train/truth,True
runs\361237\parent\attempts\03/train/finite,True
runs\361237\parent\attempts\03/train/metric,True
runs\361237\parent\attempts\03/train/ledger,True
runs\361237\parent\attempts\03/selection/rows,True
runs\361237\parent\attempts\03/selection/truth,True
runs\361237\parent\attempts\03/selection/finite,True
runs\361237\parent\attempts\03/selection/metric,True
runs\361237\parent\attempts\03/selection/ledger,True
runs\361237\parent\attempts\04\BUILDER-FREEZE.csv/unique,True
runs\361237\parent\attempts\04\builder\candidate.py/identity,True
runs\361237\parent\attempts\04\builder\parent_engine.py/identity,True
runs\361237\parent\attempts\04\builder\refinement_engine.py/identity,True
runs\361237\parent\attempts\04\builder\revision_one_engine.py/identity,True
runs\361237\parent\attempts\04\builder\revision_two_engine.py/identity,True
runs\361237\parent\attempts\04\builder\study_engine.py/identity,True
361237/parent/4/candidate,True
361237/parent/4/admission,True
361237/parent/4/parent,True
361237/parent/4/inherited/study_engine.py,True
361237/parent/4/inherited/parent_engine.py,True
361237/parent/4/inherited/revision_one_engine.py,True
361237/parent/4/inherited/revision_two_engine.py,True
361237/parent/4/inherited/refinement_engine.py,True
runs\361237\parent\attempts\04/splits,True
runs\361237\parent\attempts\04/train/rows,True
runs\361237\parent\attempts\04/train/truth,True
runs\361237\parent\attempts\04/train/finite,True
runs\361237\parent\attempts\04/train/metric,True
runs\361237\parent\attempts\04/train/ledger,True
runs\361237\parent\attempts\04/selection/rows,True
runs\361237\parent\attempts\04/selection/truth,True
runs\361237\parent\attempts\04/selection/finite,True
runs\361237\parent\attempts\04/selection/metric,True
runs\361237\parent\attempts\04/selection/ledger,True
runs\361237\parent\attempts\05\BUILDER-FREEZE.csv/unique,True
runs\361237\parent\attempts\05\builder\candidate.py/identity,True
runs\361237\parent\attempts\05\builder\parent_engine.py/identity,True
runs\361237\parent\attempts\05\builder\refinement_engine.py/identity,True
runs\361237\parent\attempts\05\builder\revision_one_engine.py/identity,True
runs\361237\parent\attempts\05\builder\revision_two_engine.py/identity,True
runs\361237\parent\attempts\05\builder\study_engine.py/identity,True
361237/parent/5/candidate,True
361237/parent/5/admission,True
361237/parent/5/parent,True
361237/parent/5/inherited/study_engine.py,True
361237/parent/5/inherited/parent_engine.py,True
361237/parent/5/inherited/revision_one_engine.py,True
361237/parent/5/inherited/revision_two_engine.py,True
361237/parent/5/inherited/refinement_engine.py,True
runs\361237\parent\attempts\05/splits,True
runs\361237\parent\attempts\05/train/rows,True
runs\361237\parent\attempts\05/train/truth,True
runs\361237\parent\attempts\05/train/finite,True
runs\361237\parent\attempts\05/train/metric,True
runs\361237\parent\attempts\05/train/ledger,True
runs\361237\parent\attempts\05/selection/rows,True
runs\361237\parent\attempts\05/selection/truth,True
runs\361237\parent\attempts\05/selection/finite,True
runs\361237\parent\attempts\05/selection/metric,True
runs\361237\parent\attempts\05/selection/ledger,True
runs\361237\parent\attempts\06\BUILDER-FREEZE.csv/unique,True
runs\361237\parent\attempts\06\builder\candidate.py/identity,True
runs\361237\parent\attempts\06\builder\parent_engine.py/identity,True
runs\361237\parent\attempts\06\builder\refinement_engine.py/identity,True
runs\361237\parent\attempts\06\builder\revision_one_engine.py/identity,True
runs\361237\parent\attempts\06\builder\revision_two_engine.py/identity,True
runs\361237\parent\attempts\06\builder\study_engine.py/identity,True
361237/parent/6/candidate,True
361237/parent/6/admission,True
361237/parent/6/parent,True
361237/parent/6/inherited/study_engine.py,True
361237/parent/6/inherited/parent_engine.py,True
361237/parent/6/inherited/revision_one_engine.py,True
361237/parent/6/inherited/revision_two_engine.py,True
361237/parent/6/inherited/refinement_engine.py,True
runs\361237\parent\attempts\06/splits,True
runs\361237\parent\attempts\06/train/rows,True
runs\361237\parent\attempts\06/train/truth,True
runs\361237\parent\attempts\06/train/finite,True
runs\361237\parent\attempts\06/train/metric,True
runs\361237\parent\attempts\06/train/ledger,True
runs\361237\parent\attempts\06/selection/rows,True
runs\361237\parent\attempts\06/selection/truth,True
runs\361237\parent\attempts\06/selection/finite,True
runs\361237\parent\attempts\06/selection/metric,True
runs\361237\parent\attempts\06/selection/ledger,True
runs\361237\parent\attempts\07\BUILDER-FREEZE.csv/unique,True
runs\361237\parent\attempts\07\builder\candidate.py/identity,True
runs\361237\parent\attempts\07\builder\parent_engine.py/identity,True
runs\361237\parent\attempts\07\builder\refinement_engine.py/identity,True
runs\361237\parent\attempts\07\builder\revision_one_engine.py/identity,True
runs\361237\parent\attempts\07\builder\revision_two_engine.py/identity,True
runs\361237\parent\attempts\07\builder\study_engine.py/identity,True
361237/parent/7/candidate,True
361237/parent/7/admission,True
361237/parent/7/parent,True
361237/parent/7/inherited/study_engine.py,True
361237/parent/7/inherited/parent_engine.py,True
361237/parent/7/inherited/revision_one_engine.py,True
361237/parent/7/inherited/revision_two_engine.py,True
361237/parent/7/inherited/refinement_engine.py,True
runs\361237\parent\attempts\07/splits,True
runs\361237\parent\attempts\07/train/rows,True
runs\361237\parent\attempts\07/train/truth,True
runs\361237\parent\attempts\07/train/finite,True
runs\361237\parent\attempts\07/train/metric,True
runs\361237\parent\attempts\07/train/ledger,True
runs\361237\parent\attempts\07/selection/rows,True
runs\361237\parent\attempts\07/selection/truth,True
runs\361237\parent\attempts\07/selection/finite,True
runs\361237\parent\attempts\07/selection/metric,True
runs\361237\parent\attempts\07/selection/ledger,True
runs\361237\parent\attempts\08\BUILDER-FREEZE.csv/unique,True
runs\361237\parent\attempts\08\builder\candidate.py/identity,True
runs\361237\parent\attempts\08\builder\parent_engine.py/identity,True
runs\361237\parent\attempts\08\builder\refinement_engine.py/identity,True
runs\361237\parent\attempts\08\builder\revision_one_engine.py/identity,True
runs\361237\parent\attempts\08\builder\revision_two_engine.py/identity,True
runs\361237\parent\attempts\08\builder\study_engine.py/identity,True
361237/parent/8/candidate,True
361237/parent/8/admission,True
361237/parent/8/parent,True
361237/parent/8/inherited/study_engine.py,True
361237/parent/8/inherited/parent_engine.py,True
361237/parent/8/inherited/revision_one_engine.py,True
361237/parent/8/inherited/revision_two_engine.py,True
361237/parent/8/inherited/refinement_engine.py,True
runs\361237\parent\attempts\08/splits,True
runs\361237\parent\attempts\08/train/rows,True
runs\361237\parent\attempts\08/train/truth,True
runs\361237\parent\attempts\08/train/finite,True
runs\361237\parent\attempts\08/train/metric,True
runs\361237\parent\attempts\08/train/ledger,True
runs\361237\parent\attempts\08/selection/rows,True
runs\361237\parent\attempts\08/selection/truth,True
runs\361237\parent\attempts\08/selection/finite,True
runs\361237\parent\attempts\08/selection/metric,True
runs\361237\parent\attempts\08/selection/ledger,True
runs\361237\parent\attempts\09\BUILDER-FREEZE.csv/unique,True
runs\361237\parent\attempts\09\builder\candidate.py/identity,True
runs\361237\parent\attempts\09\builder\parent_engine.py/identity,True
runs\361237\parent\attempts\09\builder\refinement_engine.py/identity,True
runs\361237\parent\attempts\09\builder\revision_one_engine.py/identity,True
runs\361237\parent\attempts\09\builder\revision_two_engine.py/identity,True
runs\361237\parent\attempts\09\builder\study_engine.py/identity,True
361237/parent/9/candidate,True
361237/parent/9/admission,True
361237/parent/9/parent,True
361237/parent/9/inherited/study_engine.py,True
361237/parent/9/inherited/parent_engine.py,True
361237/parent/9/inherited/revision_one_engine.py,True
361237/parent/9/inherited/revision_two_engine.py,True
361237/parent/9/inherited/refinement_engine.py,True
361237/parent/9/parent_candidate,True
runs\361237\parent\attempts\09/splits,True
runs\361237\parent\attempts\09/train/rows,True
runs\361237\parent\attempts\09/train/truth,True
runs\361237\parent\attempts\09/train/finite,True
runs\361237\parent\attempts\09/train/metric,True
runs\361237\parent\attempts\09/train/ledger,True
runs\361237\parent\attempts\09/selection/rows,True
runs\361237\parent\attempts\09/selection/truth,True
runs\361237\parent\attempts\09/selection/finite,True
runs\361237\parent\attempts\09/selection/metric,True
runs\361237\parent\attempts\09/selection/ledger,True
runs\361237\parent\attempts\10\BUILDER-FREEZE.csv/unique,True
runs\361237\parent\attempts\10\builder\candidate.py/identity,True
runs\361237\parent\attempts\10\builder\parent_engine.py/identity,True
runs\361237\parent\attempts\10\builder\refinement_engine.py/identity,True
runs\361237\parent\attempts\10\builder\revision_one_engine.py/identity,True
runs\361237\parent\attempts\10\builder\revision_two_engine.py/identity,True
runs\361237\parent\attempts\10\builder\study_engine.py/identity,True
361237/parent/10/candidate,True
361237/parent/10/admission,True
361237/parent/10/parent,True
361237/parent/10/inherited/study_engine.py,True
361237/parent/10/inherited/parent_engine.py,True
361237/parent/10/inherited/revision_one_engine.py,True
361237/parent/10/inherited/revision_two_engine.py,True
361237/parent/10/inherited/refinement_engine.py,True
361237/parent/10/parent_candidate,True
runs\361237\parent\attempts\10/splits,True
runs\361237\parent\attempts\10/train/rows,True
runs\361237\parent\attempts\10/train/truth,True
runs\361237\parent\attempts\10/train/finite,True
runs\361237\parent\attempts\10/train/metric,True
runs\361237\parent\attempts\10/train/ledger,True
runs\361237\parent\attempts\10/selection/rows,True
runs\361237\parent\attempts\10/selection/truth,True
runs\361237\parent\attempts\10/selection/finite,True
runs\361237\parent\attempts\10/selection/metric,True
runs\361237\parent\attempts\10/selection/ledger,True
runs\361237\parent\attempts\11\BUILDER-FREEZE.csv/unique,True
runs\361237\parent\attempts\11\builder\candidate.py/identity,True
runs\361237\parent\attempts\11\builder\parent_engine.py/identity,True
runs\361237\parent\attempts\11\builder\refinement_engine.py/identity,True
runs\361237\parent\attempts\11\builder\revision_one_engine.py/identity,True
runs\361237\parent\attempts\11\builder\revision_two_engine.py/identity,True
runs\361237\parent\attempts\11\builder\study_engine.py/identity,True
361237/parent/11/candidate,True
361237/parent/11/admission,True
361237/parent/11/parent,True
361237/parent/11/inherited/study_engine.py,True
361237/parent/11/inherited/parent_engine.py,True
361237/parent/11/inherited/revision_one_engine.py,True
361237/parent/11/inherited/revision_two_engine.py,True
361237/parent/11/inherited/refinement_engine.py,True
361237/parent/11/parent_candidate,True
runs\361237\parent\attempts\11/splits,True
runs\361237\parent\attempts\11/train/rows,True
runs\361237\parent\attempts\11/train/truth,True
runs\361237\parent\attempts\11/train/finite,True
runs\361237\parent\attempts\11/train/metric,True
runs\361237\parent\attempts\11/train/ledger,True
runs\361237\parent\attempts\11/selection/rows,True
runs\361237\parent\attempts\11/selection/truth,True
runs\361237\parent\attempts\11/selection/finite,True
runs\361237\parent\attempts\11/selection/metric,True
runs\361237\parent\attempts\11/selection/ledger,True
runs\361237\parent\attempts\12\BUILDER-FREEZE.csv/unique,True
runs\361237\parent\attempts\12\builder\candidate.py/identity,True
runs\361237\parent\attempts\12\builder\parent_engine.py/identity,True
runs\361237\parent\attempts\12\builder\refinement_engine.py/identity,True
runs\361237\parent\attempts\12\builder\revision_one_engine.py/identity,True
runs\361237\parent\attempts\12\builder\revision_two_engine.py/identity,True
runs\361237\parent\attempts\12\builder\study_engine.py/identity,True
361237/parent/12/candidate,True
361237/parent/12/admission,True
361237/parent/12/parent,True
361237/parent/12/inherited/study_engine.py,True
361237/parent/12/inherited/parent_engine.py,True
361237/parent/12/inherited/revision_one_engine.py,True
361237/parent/12/inherited/revision_two_engine.py,True
361237/parent/12/inherited/refinement_engine.py,True
361237/parent/12/parent_candidate,True
runs\361237\parent\attempts\12/splits,True
runs\361237\parent\attempts\12/train/rows,True
runs\361237\parent\attempts\12/train/truth,True
runs\361237\parent\attempts\12/train/finite,True
runs\361237\parent\attempts\12/train/metric,True
runs\361237\parent\attempts\12/train/ledger,True
runs\361237\parent\attempts\12/selection/rows,True
runs\361237\parent\attempts\12/selection/truth,True
runs\361237\parent\attempts\12/selection/finite,True
runs\361237\parent\attempts\12/selection/metric,True
runs\361237\parent\attempts\12/selection/ledger,True
361237/parent/1/replayed_choice,True
361237/parent/2/replayed_choice,True
361237/parent/3/replayed_choice,True
361237/parent/4/replayed_choice,True
361237/parent/5/replayed_choice,True
361237/parent/6/replayed_choice,True
361237/parent/7/replayed_choice,True
361237/parent/8/replayed_choice,True
361237/parent/9/replayed_choice,True
361237/parent/10/replayed_choice,True
361237/parent/11/replayed_choice,True
361237/parent/12/replayed_choice,True
361237/parent/replayed_selection,True
361237/parent/rejected_count,True
361237/parent/rejection/0,True
361247/i0/executed_source,True
361247/i0/ordered_steps,True
361247/i0/distinct_constructors,True
361247/i0/serial_bounds,True
361247/i0/incumbent_exists,True
361247/i0/selection,True
runs\361247\i0\attempts\01\BUILDER-FREEZE.csv/unique,True
runs\361247\i0\attempts\01\builder\candidate.py/identity,True
runs\361247\i0\attempts\01\builder\parent_engine.py/identity,True
runs\361247\i0\attempts\01\builder\refinement_engine.py/identity,True
runs\361247\i0\attempts\01\builder\revision_one_engine.py/identity,True
runs\361247\i0\attempts\01\builder\revision_two_engine.py/identity,True
runs\361247\i0\attempts\01\builder\study_engine.py/identity,True
361247/i0/1/candidate,True
361247/i0/1/admission,True
361247/i0/1/parent,True
361247/i0/1/inherited/study_engine.py,True
361247/i0/1/inherited/parent_engine.py,True
361247/i0/1/inherited/revision_one_engine.py,True
361247/i0/1/inherited/revision_two_engine.py,True
361247/i0/1/inherited/refinement_engine.py,True
runs\361247\i0\attempts\01/splits,True
runs\361247\i0\attempts\01/train/rows,True
runs\361247\i0\attempts\01/train/truth,True
runs\361247\i0\attempts\01/train/finite,True
runs\361247\i0\attempts\01/train/metric,True
runs\361247\i0\attempts\01/train/ledger,True
runs\361247\i0\attempts\01/selection/rows,True
runs\361247\i0\attempts\01/selection/truth,True
runs\361247\i0\attempts\01/selection/finite,True
runs\361247\i0\attempts\01/selection/metric,True
runs\361247\i0\attempts\01/selection/ledger,True
runs\361247\i0\attempts\02\BUILDER-FREEZE.csv/unique,True
runs\361247\i0\attempts\02\builder\candidate.py/identity,True
runs\361247\i0\attempts\02\builder\parent_engine.py/identity,True
runs\361247\i0\attempts\02\builder\refinement_engine.py/identity,True
runs\361247\i0\attempts\02\builder\revision_one_engine.py/identity,True
runs\361247\i0\attempts\02\builder\revision_two_engine.py/identity,True
runs\361247\i0\attempts\02\builder\study_engine.py/identity,True
361247/i0/2/candidate,True
361247/i0/2/admission,True
361247/i0/2/parent,True
361247/i0/2/inherited/study_engine.py,True
361247/i0/2/inherited/parent_engine.py,True
361247/i0/2/inherited/revision_one_engine.py,True
361247/i0/2/inherited/revision_two_engine.py,True
361247/i0/2/inherited/refinement_engine.py,True
runs\361247\i0\attempts\02/splits,True
runs\361247\i0\attempts\02/train/rows,True
runs\361247\i0\attempts\02/train/truth,True
runs\361247\i0\attempts\02/train/finite,True
runs\361247\i0\attempts\02/train/metric,True
runs\361247\i0\attempts\02/train/ledger,True
runs\361247\i0\attempts\02/selection/rows,True
runs\361247\i0\attempts\02/selection/truth,True
runs\361247\i0\attempts\02/selection/finite,True
runs\361247\i0\attempts\02/selection/metric,True
runs\361247\i0\attempts\02/selection/ledger,True
runs\361247\i0\attempts\03\BUILDER-FREEZE.csv/unique,True
runs\361247\i0\attempts\03\builder\candidate.py/identity,True
runs\361247\i0\attempts\03\builder\parent_engine.py/identity,True
runs\361247\i0\attempts\03\builder\refinement_engine.py/identity,True
runs\361247\i0\attempts\03\builder\revision_one_engine.py/identity,True
runs\361247\i0\attempts\03\builder\revision_two_engine.py/identity,True
runs\361247\i0\attempts\03\builder\study_engine.py/identity,True
361247/i0/3/candidate,True
361247/i0/3/admission,True
361247/i0/3/parent,True
361247/i0/3/inherited/study_engine.py,True
361247/i0/3/inherited/parent_engine.py,True
361247/i0/3/inherited/revision_one_engine.py,True
361247/i0/3/inherited/revision_two_engine.py,True
361247/i0/3/inherited/refinement_engine.py,True
runs\361247\i0\attempts\03/splits,True
runs\361247\i0\attempts\03/train/rows,True
runs\361247\i0\attempts\03/train/truth,True
runs\361247\i0\attempts\03/train/finite,True
runs\361247\i0\attempts\03/train/metric,True
runs\361247\i0\attempts\03/train/ledger,True
runs\361247\i0\attempts\03/selection/rows,True
runs\361247\i0\attempts\03/selection/truth,True
runs\361247\i0\attempts\03/selection/finite,True
runs\361247\i0\attempts\03/selection/metric,True
runs\361247\i0\attempts\03/selection/ledger,True
runs\361247\i0\attempts\04\BUILDER-FREEZE.csv/unique,True
runs\361247\i0\attempts\04\builder\candidate.py/identity,True
runs\361247\i0\attempts\04\builder\parent_engine.py/identity,True
runs\361247\i0\attempts\04\builder\refinement_engine.py/identity,True
runs\361247\i0\attempts\04\builder\revision_one_engine.py/identity,True
runs\361247\i0\attempts\04\builder\revision_two_engine.py/identity,True
runs\361247\i0\attempts\04\builder\study_engine.py/identity,True
361247/i0/4/candidate,True
361247/i0/4/admission,True
361247/i0/4/parent,True
361247/i0/4/inherited/study_engine.py,True
361247/i0/4/inherited/parent_engine.py,True
361247/i0/4/inherited/revision_one_engine.py,True
361247/i0/4/inherited/revision_two_engine.py,True
361247/i0/4/inherited/refinement_engine.py,True
runs\361247\i0\attempts\04/splits,True
runs\361247\i0\attempts\04/train/rows,True
runs\361247\i0\attempts\04/train/truth,True
runs\361247\i0\attempts\04/train/finite,True
runs\361247\i0\attempts\04/train/metric,True
runs\361247\i0\attempts\04/train/ledger,True
runs\361247\i0\attempts\04/selection/rows,True
runs\361247\i0\attempts\04/selection/truth,True
runs\361247\i0\attempts\04/selection/finite,True
runs\361247\i0\attempts\04/selection/metric,True
runs\361247\i0\attempts\04/selection/ledger,True
runs\361247\i0\attempts\05\BUILDER-FREEZE.csv/unique,True
runs\361247\i0\attempts\05\builder\candidate.py/identity,True
runs\361247\i0\attempts\05\builder\parent_engine.py/identity,True
runs\361247\i0\attempts\05\builder\refinement_engine.py/identity,True
runs\361247\i0\attempts\05\builder\revision_one_engine.py/identity,True
runs\361247\i0\attempts\05\builder\revision_two_engine.py/identity,True
runs\361247\i0\attempts\05\builder\study_engine.py/identity,True
361247/i0/5/candidate,True
361247/i0/5/admission,True
361247/i0/5/parent,True
361247/i0/5/inherited/study_engine.py,True
361247/i0/5/inherited/parent_engine.py,True
361247/i0/5/inherited/revision_one_engine.py,True
361247/i0/5/inherited/revision_two_engine.py,True
361247/i0/5/inherited/refinement_engine.py,True
runs\361247\i0\attempts\05/splits,True
runs\361247\i0\attempts\05/train/rows,True
runs\361247\i0\attempts\05/train/truth,True
runs\361247\i0\attempts\05/train/finite,True
runs\361247\i0\attempts\05/train/metric,True
runs\361247\i0\attempts\05/train/ledger,True
runs\361247\i0\attempts\05/selection/rows,True
runs\361247\i0\attempts\05/selection/truth,True
runs\361247\i0\attempts\05/selection/finite,True
runs\361247\i0\attempts\05/selection/metric,True
runs\361247\i0\attempts\05/selection/ledger,True
runs\361247\i0\attempts\06\BUILDER-FREEZE.csv/unique,True
runs\361247\i0\attempts\06\builder\candidate.py/identity,True
runs\361247\i0\attempts\06\builder\parent_engine.py/identity,True
runs\361247\i0\attempts\06\builder\refinement_engine.py/identity,True
runs\361247\i0\attempts\06\builder\revision_one_engine.py/identity,True
runs\361247\i0\attempts\06\builder\revision_two_engine.py/identity,True
runs\361247\i0\attempts\06\builder\study_engine.py/identity,True
361247/i0/6/candidate,True
361247/i0/6/admission,True
361247/i0/6/parent,True
361247/i0/6/inherited/study_engine.py,True
361247/i0/6/inherited/parent_engine.py,True
361247/i0/6/inherited/revision_one_engine.py,True
361247/i0/6/inherited/revision_two_engine.py,True
361247/i0/6/inherited/refinement_engine.py,True
runs\361247\i0\attempts\06/splits,True
runs\361247\i0\attempts\06/train/rows,True
runs\361247\i0\attempts\06/train/truth,True
runs\361247\i0\attempts\06/train/finite,True
runs\361247\i0\attempts\06/train/metric,True
runs\361247\i0\attempts\06/train/ledger,True
runs\361247\i0\attempts\06/selection/rows,True
runs\361247\i0\attempts\06/selection/truth,True
runs\361247\i0\attempts\06/selection/finite,True
runs\361247\i0\attempts\06/selection/metric,True
runs\361247\i0\attempts\06/selection/ledger,True
runs\361247\i0\attempts\07\BUILDER-FREEZE.csv/unique,True
runs\361247\i0\attempts\07\builder\candidate.py/identity,True
runs\361247\i0\attempts\07\builder\parent_engine.py/identity,True
runs\361247\i0\attempts\07\builder\refinement_engine.py/identity,True
runs\361247\i0\attempts\07\builder\revision_one_engine.py/identity,True
runs\361247\i0\attempts\07\builder\revision_two_engine.py/identity,True
runs\361247\i0\attempts\07\builder\study_engine.py/identity,True
361247/i0/7/candidate,True
361247/i0/7/admission,True
361247/i0/7/parent,True
361247/i0/7/inherited/study_engine.py,True
361247/i0/7/inherited/parent_engine.py,True
361247/i0/7/inherited/revision_one_engine.py,True
361247/i0/7/inherited/revision_two_engine.py,True
361247/i0/7/inherited/refinement_engine.py,True
runs\361247\i0\attempts\07/splits,True
runs\361247\i0\attempts\07/train/rows,True
runs\361247\i0\attempts\07/train/truth,True
runs\361247\i0\attempts\07/train/finite,True
runs\361247\i0\attempts\07/train/metric,True
runs\361247\i0\attempts\07/train/ledger,True
runs\361247\i0\attempts\07/selection/rows,True
runs\361247\i0\attempts\07/selection/truth,True
runs\361247\i0\attempts\07/selection/finite,True
runs\361247\i0\attempts\07/selection/metric,True
runs\361247\i0\attempts\07/selection/ledger,True
runs\361247\i0\attempts\08\BUILDER-FREEZE.csv/unique,True
runs\361247\i0\attempts\08\builder\candidate.py/identity,True
runs\361247\i0\attempts\08\builder\parent_engine.py/identity,True
runs\361247\i0\attempts\08\builder\refinement_engine.py/identity,True
runs\361247\i0\attempts\08\builder\revision_one_engine.py/identity,True
runs\361247\i0\attempts\08\builder\revision_two_engine.py/identity,True
runs\361247\i0\attempts\08\builder\study_engine.py/identity,True
361247/i0/8/candidate,True
361247/i0/8/admission,True
361247/i0/8/parent,True
361247/i0/8/inherited/study_engine.py,True
361247/i0/8/inherited/parent_engine.py,True
361247/i0/8/inherited/revision_one_engine.py,True
361247/i0/8/inherited/revision_two_engine.py,True
361247/i0/8/inherited/refinement_engine.py,True
runs\361247\i0\attempts\08/splits,True
runs\361247\i0\attempts\08/train/rows,True
runs\361247\i0\attempts\08/train/truth,True
runs\361247\i0\attempts\08/train/finite,True
runs\361247\i0\attempts\08/train/metric,True
runs\361247\i0\attempts\08/train/ledger,True
runs\361247\i0\attempts\08/selection/rows,True
runs\361247\i0\attempts\08/selection/truth,True
runs\361247\i0\attempts\08/selection/finite,True
runs\361247\i0\attempts\08/selection/metric,True
runs\361247\i0\attempts\08/selection/ledger,True
runs\361247\i0\attempts\09\BUILDER-FREEZE.csv/unique,True
runs\361247\i0\attempts\09\builder\candidate.py/identity,True
runs\361247\i0\attempts\09\builder\parent_engine.py/identity,True
runs\361247\i0\attempts\09\builder\refinement_engine.py/identity,True
runs\361247\i0\attempts\09\builder\revision_one_engine.py/identity,True
runs\361247\i0\attempts\09\builder\revision_two_engine.py/identity,True
runs\361247\i0\attempts\09\builder\study_engine.py/identity,True
361247/i0/9/candidate,True
361247/i0/9/admission,True
361247/i0/9/parent,True
361247/i0/9/inherited/study_engine.py,True
361247/i0/9/inherited/parent_engine.py,True
361247/i0/9/inherited/revision_one_engine.py,True
361247/i0/9/inherited/revision_two_engine.py,True
361247/i0/9/inherited/refinement_engine.py,True
361247/i0/9/parent_candidate,True
runs\361247\i0\attempts\09/splits,True
runs\361247\i0\attempts\09/train/rows,True
runs\361247\i0\attempts\09/train/truth,True
runs\361247\i0\attempts\09/train/finite,True
runs\361247\i0\attempts\09/train/metric,True
runs\361247\i0\attempts\09/train/ledger,True
runs\361247\i0\attempts\09/selection/rows,True
runs\361247\i0\attempts\09/selection/truth,True
runs\361247\i0\attempts\09/selection/finite,True
runs\361247\i0\attempts\09/selection/metric,True
runs\361247\i0\attempts\09/selection/ledger,True
runs\361247\i0\attempts\10\BUILDER-FREEZE.csv/unique,True
runs\361247\i0\attempts\10\builder\candidate.py/identity,True
runs\361247\i0\attempts\10\builder\parent_engine.py/identity,True
runs\361247\i0\attempts\10\builder\refinement_engine.py/identity,True
runs\361247\i0\attempts\10\builder\revision_one_engine.py/identity,True
runs\361247\i0\attempts\10\builder\revision_two_engine.py/identity,True
runs\361247\i0\attempts\10\builder\study_engine.py/identity,True
361247/i0/10/candidate,True
361247/i0/10/admission,True
361247/i0/10/parent,True
361247/i0/10/inherited/study_engine.py,True
361247/i0/10/inherited/parent_engine.py,True
361247/i0/10/inherited/revision_one_engine.py,True
361247/i0/10/inherited/revision_two_engine.py,True
361247/i0/10/inherited/refinement_engine.py,True
361247/i0/10/parent_candidate,True
runs\361247\i0\attempts\10/splits,True
runs\361247\i0\attempts\10/train/rows,True
runs\361247\i0\attempts\10/train/truth,True
runs\361247\i0\attempts\10/train/finite,True
runs\361247\i0\attempts\10/train/metric,True
runs\361247\i0\attempts\10/train/ledger,True
runs\361247\i0\attempts\10/selection/rows,True
runs\361247\i0\attempts\10/selection/truth,True
runs\361247\i0\attempts\10/selection/finite,True
runs\361247\i0\attempts\10/selection/metric,True
runs\361247\i0\attempts\10/selection/ledger,True
runs\361247\i0\attempts\11\BUILDER-FREEZE.csv/unique,True
runs\361247\i0\attempts\11\builder\candidate.py/identity,True
runs\361247\i0\attempts\11\builder\parent_engine.py/identity,True
runs\361247\i0\attempts\11\builder\refinement_engine.py/identity,True
runs\361247\i0\attempts\11\builder\revision_one_engine.py/identity,True
runs\361247\i0\attempts\11\builder\revision_two_engine.py/identity,True
runs\361247\i0\attempts\11\builder\study_engine.py/identity,True
361247/i0/11/candidate,True
361247/i0/11/admission,True
361247/i0/11/parent,True
361247/i0/11/inherited/study_engine.py,True
361247/i0/11/inherited/parent_engine.py,True
361247/i0/11/inherited/revision_one_engine.py,True
361247/i0/11/inherited/revision_two_engine.py,True
361247/i0/11/inherited/refinement_engine.py,True
361247/i0/11/parent_candidate,True
runs\361247\i0\attempts\11/splits,True
runs\361247\i0\attempts\11/train/rows,True
runs\361247\i0\attempts\11/train/truth,True
runs\361247\i0\attempts\11/train/finite,True
runs\361247\i0\attempts\11/train/metric,True
runs\361247\i0\attempts\11/train/ledger,True
runs\361247\i0\attempts\11/selection/rows,True
runs\361247\i0\attempts\11/selection/truth,True
runs\361247\i0\attempts\11/selection/finite,True
runs\361247\i0\attempts\11/selection/metric,True
runs\361247\i0\attempts\11/selection/ledger,True
runs\361247\i0\attempts\12\BUILDER-FREEZE.csv/unique,True
runs\361247\i0\attempts\12\builder\candidate.py/identity,True
runs\361247\i0\attempts\12\builder\parent_engine.py/identity,True
runs\361247\i0\attempts\12\builder\refinement_engine.py/identity,True
runs\361247\i0\attempts\12\builder\revision_one_engine.py/identity,True
runs\361247\i0\attempts\12\builder\revision_two_engine.py/identity,True
runs\361247\i0\attempts\12\builder\study_engine.py/identity,True
361247/i0/12/candidate,True
361247/i0/12/admission,True
361247/i0/12/parent,True
361247/i0/12/inherited/study_engine.py,True
361247/i0/12/inherited/parent_engine.py,True
361247/i0/12/inherited/revision_one_engine.py,True
361247/i0/12/inherited/revision_two_engine.py,True
361247/i0/12/inherited/refinement_engine.py,True
361247/i0/12/parent_candidate,True
runs\361247\i0\attempts\12/splits,True
runs\361247\i0\attempts\12/train/rows,True
runs\361247\i0\attempts\12/train/truth,True
runs\361247\i0\attempts\12/train/finite,True
runs\361247\i0\attempts\12/train/metric,True
runs\361247\i0\attempts\12/train/ledger,True
runs\361247\i0\attempts\12/selection/rows,True
runs\361247\i0\attempts\12/selection/truth,True
runs\361247\i0\attempts\12/selection/finite,True
runs\361247\i0\attempts\12/selection/metric,True
runs\361247\i0\attempts\12/selection/ledger,True
361247/i0/1/replayed_choice,True
361247/i0/2/replayed_choice,True
361247/i0/3/replayed_choice,True
361247/i0/4/replayed_choice,True
361247/i0/5/replayed_choice,True
361247/i0/6/replayed_choice,True
361247/i0/7/replayed_choice,True
361247/i0/8/replayed_choice,True
361247/i0/9/replayed_choice,True
361247/i0/10/replayed_choice,True
361247/i0/11/replayed_choice,True
361247/i0/12/replayed_choice,True
361247/i0/replayed_selection,True
361247/i0/rejected_count,True
361247/i0/rejection/0,True
361247/i0/rejection/1,True
361247/i0/rejection/2,True
361247/i0/rejection/3,True
361247/i1/executed_source,True
361247/i1/ordered_steps,True
361247/i1/distinct_constructors,True
361247/i1/serial_bounds,True
361247/i1/incumbent_exists,True
361247/i1/selection,True
runs\361247\i1\attempts\01\BUILDER-FREEZE.csv/unique,True
runs\361247\i1\attempts\01\builder\candidate.py/identity,True
runs\361247\i1\attempts\01\builder\parent_engine.py/identity,True
runs\361247\i1\attempts\01\builder\refinement_engine.py/identity,True
runs\361247\i1\attempts\01\builder\revision_one_engine.py/identity,True
runs\361247\i1\attempts\01\builder\revision_two_engine.py/identity,True
runs\361247\i1\attempts\01\builder\study_engine.py/identity,True
361247/i1/1/candidate,True
361247/i1/1/admission,True
361247/i1/1/parent,True
361247/i1/1/inherited/study_engine.py,True
361247/i1/1/inherited/parent_engine.py,True
361247/i1/1/inherited/revision_one_engine.py,True
361247/i1/1/inherited/revision_two_engine.py,True
361247/i1/1/inherited/refinement_engine.py,True
runs\361247\i1\attempts\01/splits,True
runs\361247\i1\attempts\01/train/rows,True
runs\361247\i1\attempts\01/train/truth,True
runs\361247\i1\attempts\01/train/finite,True
runs\361247\i1\attempts\01/train/metric,True
runs\361247\i1\attempts\01/train/ledger,True
runs\361247\i1\attempts\01/selection/rows,True
runs\361247\i1\attempts\01/selection/truth,True
runs\361247\i1\attempts\01/selection/finite,True
runs\361247\i1\attempts\01/selection/metric,True
runs\361247\i1\attempts\01/selection/ledger,True
runs\361247\i1\attempts\02\BUILDER-FREEZE.csv/unique,True
runs\361247\i1\attempts\02\builder\candidate.py/identity,True
runs\361247\i1\attempts\02\builder\parent_engine.py/identity,True
runs\361247\i1\attempts\02\builder\refinement_engine.py/identity,True
runs\361247\i1\attempts\02\builder\revision_one_engine.py/identity,True
runs\361247\i1\attempts\02\builder\revision_two_engine.py/identity,True
runs\361247\i1\attempts\02\builder\study_engine.py/identity,True
361247/i1/2/candidate,True
361247/i1/2/admission,True
361247/i1/2/parent,True
361247/i1/2/inherited/study_engine.py,True
361247/i1/2/inherited/parent_engine.py,True
361247/i1/2/inherited/revision_one_engine.py,True
361247/i1/2/inherited/revision_two_engine.py,True
361247/i1/2/inherited/refinement_engine.py,True
runs\361247\i1\attempts\02/splits,True
runs\361247\i1\attempts\02/train/rows,True
runs\361247\i1\attempts\02/train/truth,True
runs\361247\i1\attempts\02/train/finite,True
runs\361247\i1\attempts\02/train/metric,True
runs\361247\i1\attempts\02/train/ledger,True
runs\361247\i1\attempts\02/selection/rows,True
runs\361247\i1\attempts\02/selection/truth,True
runs\361247\i1\attempts\02/selection/finite,True
runs\361247\i1\attempts\02/selection/metric,True
runs\361247\i1\attempts\02/selection/ledger,True
runs\361247\i1\attempts\03\BUILDER-FREEZE.csv/unique,True
runs\361247\i1\attempts\03\builder\candidate.py/identity,True
runs\361247\i1\attempts\03\builder\parent_engine.py/identity,True
runs\361247\i1\attempts\03\builder\refinement_engine.py/identity,True
runs\361247\i1\attempts\03\builder\revision_one_engine.py/identity,True
runs\361247\i1\attempts\03\builder\revision_two_engine.py/identity,True
runs\361247\i1\attempts\03\builder\study_engine.py/identity,True
361247/i1/3/candidate,True
361247/i1/3/admission,True
361247/i1/3/parent,True
361247/i1/3/inherited/study_engine.py,True
361247/i1/3/inherited/parent_engine.py,True
361247/i1/3/inherited/revision_one_engine.py,True
361247/i1/3/inherited/revision_two_engine.py,True
361247/i1/3/inherited/refinement_engine.py,True
runs\361247\i1\attempts\03/splits,True
runs\361247\i1\attempts\03/train/rows,True
runs\361247\i1\attempts\03/train/truth,True
runs\361247\i1\attempts\03/train/finite,True
runs\361247\i1\attempts\03/train/metric,True
runs\361247\i1\attempts\03/train/ledger,True
runs\361247\i1\attempts\03/selection/rows,True
runs\361247\i1\attempts\03/selection/truth,True
runs\361247\i1\attempts\03/selection/finite,True
runs\361247\i1\attempts\03/selection/metric,True
runs\361247\i1\attempts\03/selection/ledger,True
runs\361247\i1\attempts\04\BUILDER-FREEZE.csv/unique,True
runs\361247\i1\attempts\04\builder\candidate.py/identity,True
runs\361247\i1\attempts\04\builder\parent_engine.py/identity,True
runs\361247\i1\attempts\04\builder\refinement_engine.py/identity,True
runs\361247\i1\attempts\04\builder\revision_one_engine.py/identity,True
runs\361247\i1\attempts\04\builder\revision_two_engine.py/identity,True
runs\361247\i1\attempts\04\builder\study_engine.py/identity,True
361247/i1/4/candidate,True
361247/i1/4/admission,True
361247/i1/4/parent,True
361247/i1/4/inherited/study_engine.py,True
361247/i1/4/inherited/parent_engine.py,True
361247/i1/4/inherited/revision_one_engine.py,True
361247/i1/4/inherited/revision_two_engine.py,True
361247/i1/4/inherited/refinement_engine.py,True
runs\361247\i1\attempts\04/splits,True
runs\361247\i1\attempts\04/train/rows,True
runs\361247\i1\attempts\04/train/truth,True
runs\361247\i1\attempts\04/train/finite,True
runs\361247\i1\attempts\04/train/metric,True
runs\361247\i1\attempts\04/train/ledger,True
runs\361247\i1\attempts\04/selection/rows,True
runs\361247\i1\attempts\04/selection/truth,True
runs\361247\i1\attempts\04/selection/finite,True
runs\361247\i1\attempts\04/selection/metric,True
runs\361247\i1\attempts\04/selection/ledger,True
runs\361247\i1\attempts\05\BUILDER-FREEZE.csv/unique,True
runs\361247\i1\attempts\05\builder\candidate.py/identity,True
runs\361247\i1\attempts\05\builder\parent_engine.py/identity,True
runs\361247\i1\attempts\05\builder\refinement_engine.py/identity,True
runs\361247\i1\attempts\05\builder\revision_one_engine.py/identity,True
runs\361247\i1\attempts\05\builder\revision_two_engine.py/identity,True
runs\361247\i1\attempts\05\builder\study_engine.py/identity,True
361247/i1/5/candidate,True
361247/i1/5/admission,True
361247/i1/5/parent,True
361247/i1/5/inherited/study_engine.py,True
361247/i1/5/inherited/parent_engine.py,True
361247/i1/5/inherited/revision_one_engine.py,True
361247/i1/5/inherited/revision_two_engine.py,True
361247/i1/5/inherited/refinement_engine.py,True
runs\361247\i1\attempts\05/splits,True
runs\361247\i1\attempts\05/train/rows,True
runs\361247\i1\attempts\05/train/truth,True
runs\361247\i1\attempts\05/train/finite,True
runs\361247\i1\attempts\05/train/metric,True
runs\361247\i1\attempts\05/train/ledger,True
runs\361247\i1\attempts\05/selection/rows,True
runs\361247\i1\attempts\05/selection/truth,True
runs\361247\i1\attempts\05/selection/finite,True
runs\361247\i1\attempts\05/selection/metric,True
runs\361247\i1\attempts\05/selection/ledger,True
runs\361247\i1\attempts\06\BUILDER-FREEZE.csv/unique,True
runs\361247\i1\attempts\06\builder\candidate.py/identity,True
runs\361247\i1\attempts\06\builder\parent_engine.py/identity,True
runs\361247\i1\attempts\06\builder\refinement_engine.py/identity,True
runs\361247\i1\attempts\06\builder\revision_one_engine.py/identity,True
runs\361247\i1\attempts\06\builder\revision_two_engine.py/identity,True
runs\361247\i1\attempts\06\builder\study_engine.py/identity,True
361247/i1/6/candidate,True
361247/i1/6/admission,True
361247/i1/6/parent,True
361247/i1/6/inherited/study_engine.py,True
361247/i1/6/inherited/parent_engine.py,True
361247/i1/6/inherited/revision_one_engine.py,True
361247/i1/6/inherited/revision_two_engine.py,True
361247/i1/6/inherited/refinement_engine.py,True
runs\361247\i1\attempts\06/splits,True
runs\361247\i1\attempts\06/train/rows,True
runs\361247\i1\attempts\06/train/truth,True
runs\361247\i1\attempts\06/train/finite,True
runs\361247\i1\attempts\06/train/metric,True
runs\361247\i1\attempts\06/train/ledger,True
runs\361247\i1\attempts\06/selection/rows,True
runs\361247\i1\attempts\06/selection/truth,True
runs\361247\i1\attempts\06/selection/finite,True
runs\361247\i1\attempts\06/selection/metric,True
runs\361247\i1\attempts\06/selection/ledger,True
runs\361247\i1\attempts\07\BUILDER-FREEZE.csv/unique,True
runs\361247\i1\attempts\07\builder\candidate.py/identity,True
runs\361247\i1\attempts\07\builder\parent_engine.py/identity,True
runs\361247\i1\attempts\07\builder\refinement_engine.py/identity,True
runs\361247\i1\attempts\07\builder\revision_one_engine.py/identity,True
runs\361247\i1\attempts\07\builder\revision_two_engine.py/identity,True
runs\361247\i1\attempts\07\builder\study_engine.py/identity,True
361247/i1/7/candidate,True
361247/i1/7/admission,True
361247/i1/7/parent,True
361247/i1/7/inherited/study_engine.py,True
361247/i1/7/inherited/parent_engine.py,True
361247/i1/7/inherited/revision_one_engine.py,True
361247/i1/7/inherited/revision_two_engine.py,True
361247/i1/7/inherited/refinement_engine.py,True
runs\361247\i1\attempts\07/splits,True
runs\361247\i1\attempts\07/train/rows,True
runs\361247\i1\attempts\07/train/truth,True
runs\361247\i1\attempts\07/train/finite,True
runs\361247\i1\attempts\07/train/metric,True
runs\361247\i1\attempts\07/train/ledger,True
runs\361247\i1\attempts\07/selection/rows,True
runs\361247\i1\attempts\07/selection/truth,True
runs\361247\i1\attempts\07/selection/finite,True
runs\361247\i1\attempts\07/selection/metric,True
runs\361247\i1\attempts\07/selection/ledger,True
runs\361247\i1\attempts\08\BUILDER-FREEZE.csv/unique,True
runs\361247\i1\attempts\08\builder\candidate.py/identity,True
runs\361247\i1\attempts\08\builder\parent_engine.py/identity,True
runs\361247\i1\attempts\08\builder\refinement_engine.py/identity,True
runs\361247\i1\attempts\08\builder\revision_one_engine.py/identity,True
runs\361247\i1\attempts\08\builder\revision_two_engine.py/identity,True
runs\361247\i1\attempts\08\builder\study_engine.py/identity,True
361247/i1/8/candidate,True
361247/i1/8/admission,True
361247/i1/8/parent,True
361247/i1/8/inherited/study_engine.py,True
361247/i1/8/inherited/parent_engine.py,True
361247/i1/8/inherited/revision_one_engine.py,True
361247/i1/8/inherited/revision_two_engine.py,True
361247/i1/8/inherited/refinement_engine.py,True
runs\361247\i1\attempts\08/splits,True
runs\361247\i1\attempts\08/train/rows,True
runs\361247\i1\attempts\08/train/truth,True
runs\361247\i1\attempts\08/train/finite,True
runs\361247\i1\attempts\08/train/metric,True
runs\361247\i1\attempts\08/train/ledger,True
runs\361247\i1\attempts\08/selection/rows,True
runs\361247\i1\attempts\08/selection/truth,True
runs\361247\i1\attempts\08/selection/finite,True
runs\361247\i1\attempts\08/selection/metric,True
runs\361247\i1\attempts\08/selection/ledger,True
runs\361247\i1\attempts\09\BUILDER-FREEZE.csv/unique,True
runs\361247\i1\attempts\09\builder\candidate.py/identity,True
runs\361247\i1\attempts\09\builder\parent_engine.py/identity,True
runs\361247\i1\attempts\09\builder\refinement_engine.py/identity,True
runs\361247\i1\attempts\09\builder\revision_one_engine.py/identity,True
runs\361247\i1\attempts\09\builder\revision_two_engine.py/identity,True
runs\361247\i1\attempts\09\builder\study_engine.py/identity,True
361247/i1/9/candidate,True
361247/i1/9/admission,True
361247/i1/9/parent,True
361247/i1/9/inherited/study_engine.py,True
361247/i1/9/inherited/parent_engine.py,True
361247/i1/9/inherited/revision_one_engine.py,True
361247/i1/9/inherited/revision_two_engine.py,True
361247/i1/9/inherited/refinement_engine.py,True
runs\361247\i1\attempts\09/splits,True
runs\361247\i1\attempts\09/train/rows,True
runs\361247\i1\attempts\09/train/truth,True
runs\361247\i1\attempts\09/train/finite,True
runs\361247\i1\attempts\09/train/metric,True
runs\361247\i1\attempts\09/train/ledger,True
runs\361247\i1\attempts\09/selection/rows,True
runs\361247\i1\attempts\09/selection/truth,True
runs\361247\i1\attempts\09/selection/finite,True
runs\361247\i1\attempts\09/selection/metric,True
runs\361247\i1\attempts\09/selection/ledger,True
runs\361247\i1\attempts\10\BUILDER-FREEZE.csv/unique,True
runs\361247\i1\attempts\10\builder\candidate.py/identity,True
runs\361247\i1\attempts\10\builder\parent_engine.py/identity,True
runs\361247\i1\attempts\10\builder\refinement_engine.py/identity,True
runs\361247\i1\attempts\10\builder\revision_one_engine.py/identity,True
runs\361247\i1\attempts\10\builder\revision_two_engine.py/identity,True
runs\361247\i1\attempts\10\builder\study_engine.py/identity,True
361247/i1/10/candidate,True
361247/i1/10/admission,True
361247/i1/10/parent,True
361247/i1/10/inherited/study_engine.py,True
361247/i1/10/inherited/parent_engine.py,True
361247/i1/10/inherited/revision_one_engine.py,True
361247/i1/10/inherited/revision_two_engine.py,True
361247/i1/10/inherited/refinement_engine.py,True
runs\361247\i1\attempts\10/splits,True
runs\361247\i1\attempts\10/train/rows,True
runs\361247\i1\attempts\10/train/truth,True
runs\361247\i1\attempts\10/train/finite,True
runs\361247\i1\attempts\10/train/metric,True
runs\361247\i1\attempts\10/train/ledger,True
runs\361247\i1\attempts\10/selection/rows,True
runs\361247\i1\attempts\10/selection/truth,True
runs\361247\i1\attempts\10/selection/finite,True
runs\361247\i1\attempts\10/selection/metric,True
runs\361247\i1\attempts\10/selection/ledger,True
runs\361247\i1\attempts\11\BUILDER-FREEZE.csv/unique,True
runs\361247\i1\attempts\11\builder\candidate.py/identity,True
runs\361247\i1\attempts\11\builder\parent_engine.py/identity,True
runs\361247\i1\attempts\11\builder\refinement_engine.py/identity,True
runs\361247\i1\attempts\11\builder\revision_one_engine.py/identity,True
runs\361247\i1\attempts\11\builder\revision_two_engine.py/identity,True
runs\361247\i1\attempts\11\builder\study_engine.py/identity,True
361247/i1/11/candidate,True
361247/i1/11/admission,True
361247/i1/11/parent,True
361247/i1/11/inherited/study_engine.py,True
361247/i1/11/inherited/parent_engine.py,True
361247/i1/11/inherited/revision_one_engine.py,True
361247/i1/11/inherited/revision_two_engine.py,True
361247/i1/11/inherited/refinement_engine.py,True
361247/i1/11/parent_candidate,True
runs\361247\i1\attempts\11/splits,True
runs\361247\i1\attempts\11/train/rows,True
runs\361247\i1\attempts\11/train/truth,True
runs\361247\i1\attempts\11/train/finite,True
runs\361247\i1\attempts\11/train/metric,True
runs\361247\i1\attempts\11/train/ledger,True
runs\361247\i1\attempts\11/selection/rows,True
runs\361247\i1\attempts\11/selection/truth,True
runs\361247\i1\attempts\11/selection/finite,True
runs\361247\i1\attempts\11/selection/metric,True
runs\361247\i1\attempts\11/selection/ledger,True
runs\361247\i1\attempts\12\BUILDER-FREEZE.csv/unique,True
runs\361247\i1\attempts\12\builder\candidate.py/identity,True
runs\361247\i1\attempts\12\builder\parent_engine.py/identity,True
runs\361247\i1\attempts\12\builder\refinement_engine.py/identity,True
runs\361247\i1\attempts\12\builder\revision_one_engine.py/identity,True
runs\361247\i1\attempts\12\builder\revision_two_engine.py/identity,True
runs\361247\i1\attempts\12\builder\study_engine.py/identity,True
361247/i1/12/candidate,True
361247/i1/12/admission,True
361247/i1/12/parent,True
361247/i1/12/inherited/study_engine.py,True
361247/i1/12/inherited/parent_engine.py,True
361247/i1/12/inherited/revision_one_engine.py,True
361247/i1/12/inherited/revision_two_engine.py,True
361247/i1/12/inherited/refinement_engine.py,True
361247/i1/12/parent_candidate,True
runs\361247\i1\attempts\12/splits,True
runs\361247\i1\attempts\12/train/rows,True
runs\361247\i1\attempts\12/train/truth,True
runs\361247\i1\attempts\12/train/finite,True
runs\361247\i1\attempts\12/train/metric,True
runs\361247\i1\attempts\12/train/ledger,True
runs\361247\i1\attempts\12/selection/rows,True
runs\361247\i1\attempts\12/selection/truth,True
runs\361247\i1\attempts\12/selection/finite,True
runs\361247\i1\attempts\12/selection/metric,True
runs\361247\i1\attempts\12/selection/ledger,True
361247/i1/1/replayed_choice,True
361247/i1/2/replayed_choice,True
361247/i1/3/replayed_choice,True
361247/i1/4/replayed_choice,True
361247/i1/5/replayed_choice,True
361247/i1/6/replayed_choice,True
361247/i1/7/replayed_choice,True
361247/i1/8/replayed_choice,True
361247/i1/9/replayed_choice,True
361247/i1/10/replayed_choice,True
361247/i1/11/replayed_choice,True
361247/i1/12/replayed_choice,True
361247/i1/replayed_selection,True
361247/i1/rejected_count,True
361247/i1/rejection/0,True
361247/i1/rejection/1,True
361247/i1/rejection/2,True
361247/i1/rejection/3,True
361247/parent/executed_source,True
361247/parent/ordered_steps,True
361247/parent/distinct_constructors,True
361247/parent/serial_bounds,True
361247/parent/incumbent_exists,True
361247/parent/selection,True
runs\361247\parent\attempts\01\BUILDER-FREEZE.csv/unique,True
runs\361247\parent\attempts\01\builder\candidate.py/identity,True
runs\361247\parent\attempts\01\builder\parent_engine.py/identity,True
runs\361247\parent\attempts\01\builder\refinement_engine.py/identity,True
runs\361247\parent\attempts\01\builder\revision_one_engine.py/identity,True
runs\361247\parent\attempts\01\builder\revision_two_engine.py/identity,True
runs\361247\parent\attempts\01\builder\study_engine.py/identity,True
361247/parent/1/candidate,True
361247/parent/1/admission,True
361247/parent/1/parent,True
361247/parent/1/inherited/study_engine.py,True
361247/parent/1/inherited/parent_engine.py,True
361247/parent/1/inherited/revision_one_engine.py,True
361247/parent/1/inherited/revision_two_engine.py,True
361247/parent/1/inherited/refinement_engine.py,True
runs\361247\parent\attempts\01/splits,True
runs\361247\parent\attempts\01/train/rows,True
runs\361247\parent\attempts\01/train/truth,True
runs\361247\parent\attempts\01/train/finite,True
runs\361247\parent\attempts\01/train/metric,True
runs\361247\parent\attempts\01/train/ledger,True
runs\361247\parent\attempts\01/selection/rows,True
runs\361247\parent\attempts\01/selection/truth,True
runs\361247\parent\attempts\01/selection/finite,True
runs\361247\parent\attempts\01/selection/metric,True
runs\361247\parent\attempts\01/selection/ledger,True
runs\361247\parent\attempts\02\BUILDER-FREEZE.csv/unique,True
runs\361247\parent\attempts\02\builder\candidate.py/identity,True
runs\361247\parent\attempts\02\builder\parent_engine.py/identity,True
runs\361247\parent\attempts\02\builder\refinement_engine.py/identity,True
runs\361247\parent\attempts\02\builder\revision_one_engine.py/identity,True
runs\361247\parent\attempts\02\builder\revision_two_engine.py/identity,True
runs\361247\parent\attempts\02\builder\study_engine.py/identity,True
361247/parent/2/candidate,True
361247/parent/2/admission,True
361247/parent/2/parent,True
361247/parent/2/inherited/study_engine.py,True
361247/parent/2/inherited/parent_engine.py,True
361247/parent/2/inherited/revision_one_engine.py,True
361247/parent/2/inherited/revision_two_engine.py,True
361247/parent/2/inherited/refinement_engine.py,True
runs\361247\parent\attempts\02/splits,True
runs\361247\parent\attempts\02/train/rows,True
runs\361247\parent\attempts\02/train/truth,True
runs\361247\parent\attempts\02/train/finite,True
runs\361247\parent\attempts\02/train/metric,True
runs\361247\parent\attempts\02/train/ledger,True
runs\361247\parent\attempts\02/selection/rows,True
runs\361247\parent\attempts\02/selection/truth,True
runs\361247\parent\attempts\02/selection/finite,True
runs\361247\parent\attempts\02/selection/metric,True
runs\361247\parent\attempts\02/selection/ledger,True
runs\361247\parent\attempts\03\BUILDER-FREEZE.csv/unique,True
runs\361247\parent\attempts\03\builder\candidate.py/identity,True
runs\361247\parent\attempts\03\builder\parent_engine.py/identity,True
runs\361247\parent\attempts\03\builder\refinement_engine.py/identity,True
runs\361247\parent\attempts\03\builder\revision_one_engine.py/identity,True
runs\361247\parent\attempts\03\builder\revision_two_engine.py/identity,True
runs\361247\parent\attempts\03\builder\study_engine.py/identity,True
361247/parent/3/candidate,True
361247/parent/3/admission,True
361247/parent/3/parent,True
361247/parent/3/inherited/study_engine.py,True
361247/parent/3/inherited/parent_engine.py,True
361247/parent/3/inherited/revision_one_engine.py,True
361247/parent/3/inherited/revision_two_engine.py,True
361247/parent/3/inherited/refinement_engine.py,True
runs\361247\parent\attempts\03/splits,True
runs\361247\parent\attempts\03/train/rows,True
runs\361247\parent\attempts\03/train/truth,True
runs\361247\parent\attempts\03/train/finite,True
runs\361247\parent\attempts\03/train/metric,True
runs\361247\parent\attempts\03/train/ledger,True
runs\361247\parent\attempts\03/selection/rows,True
runs\361247\parent\attempts\03/selection/truth,True
runs\361247\parent\attempts\03/selection/finite,True
runs\361247\parent\attempts\03/selection/metric,True
runs\361247\parent\attempts\03/selection/ledger,True
runs\361247\parent\attempts\04\BUILDER-FREEZE.csv/unique,True
runs\361247\parent\attempts\04\builder\candidate.py/identity,True
runs\361247\parent\attempts\04\builder\parent_engine.py/identity,True
runs\361247\parent\attempts\04\builder\refinement_engine.py/identity,True
runs\361247\parent\attempts\04\builder\revision_one_engine.py/identity,True
runs\361247\parent\attempts\04\builder\revision_two_engine.py/identity,True
runs\361247\parent\attempts\04\builder\study_engine.py/identity,True
361247/parent/4/candidate,True
361247/parent/4/admission,True
361247/parent/4/parent,True
361247/parent/4/inherited/study_engine.py,True
361247/parent/4/inherited/parent_engine.py,True
361247/parent/4/inherited/revision_one_engine.py,True
361247/parent/4/inherited/revision_two_engine.py,True
361247/parent/4/inherited/refinement_engine.py,True
runs\361247\parent\attempts\04/splits,True
runs\361247\parent\attempts\04/train/rows,True
runs\361247\parent\attempts\04/train/truth,True
runs\361247\parent\attempts\04/train/finite,True
runs\361247\parent\attempts\04/train/metric,True
runs\361247\parent\attempts\04/train/ledger,True
runs\361247\parent\attempts\04/selection/rows,True
runs\361247\parent\attempts\04/selection/truth,True
runs\361247\parent\attempts\04/selection/finite,True
runs\361247\parent\attempts\04/selection/metric,True
runs\361247\parent\attempts\04/selection/ledger,True
runs\361247\parent\attempts\05\BUILDER-FREEZE.csv/unique,True
runs\361247\parent\attempts\05\builder\candidate.py/identity,True
runs\361247\parent\attempts\05\builder\parent_engine.py/identity,True
runs\361247\parent\attempts\05\builder\refinement_engine.py/identity,True
runs\361247\parent\attempts\05\builder\revision_one_engine.py/identity,True
runs\361247\parent\attempts\05\builder\revision_two_engine.py/identity,True
runs\361247\parent\attempts\05\builder\study_engine.py/identity,True
361247/parent/5/candidate,True
361247/parent/5/admission,True
361247/parent/5/parent,True
361247/parent/5/inherited/study_engine.py,True
361247/parent/5/inherited/parent_engine.py,True
361247/parent/5/inherited/revision_one_engine.py,True
361247/parent/5/inherited/revision_two_engine.py,True
361247/parent/5/inherited/refinement_engine.py,True
runs\361247\parent\attempts\05/splits,True
runs\361247\parent\attempts\05/train/rows,True
runs\361247\parent\attempts\05/train/truth,True
runs\361247\parent\attempts\05/train/finite,True
runs\361247\parent\attempts\05/train/metric,True
runs\361247\parent\attempts\05/train/ledger,True
runs\361247\parent\attempts\05/selection/rows,True
runs\361247\parent\attempts\05/selection/truth,True
runs\361247\parent\attempts\05/selection/finite,True
runs\361247\parent\attempts\05/selection/metric,True
runs\361247\parent\attempts\05/selection/ledger,True
runs\361247\parent\attempts\06\BUILDER-FREEZE.csv/unique,True
runs\361247\parent\attempts\06\builder\candidate.py/identity,True
runs\361247\parent\attempts\06\builder\parent_engine.py/identity,True
runs\361247\parent\attempts\06\builder\refinement_engine.py/identity,True
runs\361247\parent\attempts\06\builder\revision_one_engine.py/identity,True
runs\361247\parent\attempts\06\builder\revision_two_engine.py/identity,True
runs\361247\parent\attempts\06\builder\study_engine.py/identity,True
361247/parent/6/candidate,True
361247/parent/6/admission,True
361247/parent/6/parent,True
361247/parent/6/inherited/study_engine.py,True
361247/parent/6/inherited/parent_engine.py,True
361247/parent/6/inherited/revision_one_engine.py,True
361247/parent/6/inherited/revision_two_engine.py,True
361247/parent/6/inherited/refinement_engine.py,True
runs\361247\parent\attempts\06/splits,True
runs\361247\parent\attempts\06/train/rows,True
runs\361247\parent\attempts\06/train/truth,True
runs\361247\parent\attempts\06/train/finite,True
runs\361247\parent\attempts\06/train/metric,True
runs\361247\parent\attempts\06/train/ledger,True
runs\361247\parent\attempts\06/selection/rows,True
runs\361247\parent\attempts\06/selection/truth,True
runs\361247\parent\attempts\06/selection/finite,True
runs\361247\parent\attempts\06/selection/metric,True
runs\361247\parent\attempts\06/selection/ledger,True
runs\361247\parent\attempts\07\BUILDER-FREEZE.csv/unique,True
runs\361247\parent\attempts\07\builder\candidate.py/identity,True
runs\361247\parent\attempts\07\builder\parent_engine.py/identity,True
runs\361247\parent\attempts\07\builder\refinement_engine.py/identity,True
runs\361247\parent\attempts\07\builder\revision_one_engine.py/identity,True
runs\361247\parent\attempts\07\builder\revision_two_engine.py/identity,True
runs\361247\parent\attempts\07\builder\study_engine.py/identity,True
361247/parent/7/candidate,True
361247/parent/7/admission,True
361247/parent/7/parent,True
361247/parent/7/inherited/study_engine.py,True
361247/parent/7/inherited/parent_engine.py,True
361247/parent/7/inherited/revision_one_engine.py,True
361247/parent/7/inherited/revision_two_engine.py,True
361247/parent/7/inherited/refinement_engine.py,True
runs\361247\parent\attempts\07/splits,True
runs\361247\parent\attempts\07/train/rows,True
runs\361247\parent\attempts\07/train/truth,True
runs\361247\parent\attempts\07/train/finite,True
runs\361247\parent\attempts\07/train/metric,True
runs\361247\parent\attempts\07/train/ledger,True
runs\361247\parent\attempts\07/selection/rows,True
runs\361247\parent\attempts\07/selection/truth,True
runs\361247\parent\attempts\07/selection/finite,True
runs\361247\parent\attempts\07/selection/metric,True
runs\361247\parent\attempts\07/selection/ledger,True
runs\361247\parent\attempts\08\BUILDER-FREEZE.csv/unique,True
runs\361247\parent\attempts\08\builder\candidate.py/identity,True
runs\361247\parent\attempts\08\builder\parent_engine.py/identity,True
runs\361247\parent\attempts\08\builder\refinement_engine.py/identity,True
runs\361247\parent\attempts\08\builder\revision_one_engine.py/identity,True
runs\361247\parent\attempts\08\builder\revision_two_engine.py/identity,True
runs\361247\parent\attempts\08\builder\study_engine.py/identity,True
361247/parent/8/candidate,True
361247/parent/8/admission,True
361247/parent/8/parent,True
361247/parent/8/inherited/study_engine.py,True
361247/parent/8/inherited/parent_engine.py,True
361247/parent/8/inherited/revision_one_engine.py,True
361247/parent/8/inherited/revision_two_engine.py,True
361247/parent/8/inherited/refinement_engine.py,True
runs\361247\parent\attempts\08/splits,True
runs\361247\parent\attempts\08/train/rows,True
runs\361247\parent\attempts\08/train/truth,True
runs\361247\parent\attempts\08/train/finite,True
runs\361247\parent\attempts\08/train/metric,True
runs\361247\parent\attempts\08/train/ledger,True
runs\361247\parent\attempts\08/selection/rows,True
runs\361247\parent\attempts\08/selection/truth,True
runs\361247\parent\attempts\08/selection/finite,True
runs\361247\parent\attempts\08/selection/metric,True
runs\361247\parent\attempts\08/selection/ledger,True
runs\361247\parent\attempts\09\BUILDER-FREEZE.csv/unique,True
runs\361247\parent\attempts\09\builder\candidate.py/identity,True
runs\361247\parent\attempts\09\builder\parent_engine.py/identity,True
runs\361247\parent\attempts\09\builder\refinement_engine.py/identity,True
runs\361247\parent\attempts\09\builder\revision_one_engine.py/identity,True
runs\361247\parent\attempts\09\builder\revision_two_engine.py/identity,True
runs\361247\parent\attempts\09\builder\study_engine.py/identity,True
361247/parent/9/candidate,True
361247/parent/9/admission,True
361247/parent/9/parent,True
361247/parent/9/inherited/study_engine.py,True
361247/parent/9/inherited/parent_engine.py,True
361247/parent/9/inherited/revision_one_engine.py,True
361247/parent/9/inherited/revision_two_engine.py,True
361247/parent/9/inherited/refinement_engine.py,True
361247/parent/9/parent_candidate,True
runs\361247\parent\attempts\09/splits,True
runs\361247\parent\attempts\09/train/rows,True
runs\361247\parent\attempts\09/train/truth,True
runs\361247\parent\attempts\09/train/finite,True
runs\361247\parent\attempts\09/train/metric,True
runs\361247\parent\attempts\09/train/ledger,True
runs\361247\parent\attempts\09/selection/rows,True
runs\361247\parent\attempts\09/selection/truth,True
runs\361247\parent\attempts\09/selection/finite,True
runs\361247\parent\attempts\09/selection/metric,True
runs\361247\parent\attempts\09/selection/ledger,True
runs\361247\parent\attempts\10\BUILDER-FREEZE.csv/unique,True
runs\361247\parent\attempts\10\builder\candidate.py/identity,True
runs\361247\parent\attempts\10\builder\parent_engine.py/identity,True
runs\361247\parent\attempts\10\builder\refinement_engine.py/identity,True
runs\361247\parent\attempts\10\builder\revision_one_engine.py/identity,True
runs\361247\parent\attempts\10\builder\revision_two_engine.py/identity,True
runs\361247\parent\attempts\10\builder\study_engine.py/identity,True
361247/parent/10/candidate,True
361247/parent/10/admission,True
361247/parent/10/parent,True
361247/parent/10/inherited/study_engine.py,True
361247/parent/10/inherited/parent_engine.py,True
361247/parent/10/inherited/revision_one_engine.py,True
361247/parent/10/inherited/revision_two_engine.py,True
361247/parent/10/inherited/refinement_engine.py,True
361247/parent/10/parent_candidate,True
runs\361247\parent\attempts\10/splits,True
runs\361247\parent\attempts\10/train/rows,True
runs\361247\parent\attempts\10/train/truth,True
runs\361247\parent\attempts\10/train/finite,True
runs\361247\parent\attempts\10/train/metric,True
runs\361247\parent\attempts\10/train/ledger,True
runs\361247\parent\attempts\10/selection/rows,True
runs\361247\parent\attempts\10/selection/truth,True
runs\361247\parent\attempts\10/selection/finite,True
runs\361247\parent\attempts\10/selection/metric,True
runs\361247\parent\attempts\10/selection/ledger,True
runs\361247\parent\attempts\11\BUILDER-FREEZE.csv/unique,True
runs\361247\parent\attempts\11\builder\candidate.py/identity,True
runs\361247\parent\attempts\11\builder\parent_engine.py/identity,True
runs\361247\parent\attempts\11\builder\refinement_engine.py/identity,True
runs\361247\parent\attempts\11\builder\revision_one_engine.py/identity,True
runs\361247\parent\attempts\11\builder\revision_two_engine.py/identity,True
runs\361247\parent\attempts\11\builder\study_engine.py/identity,True
361247/parent/11/candidate,True
361247/parent/11/admission,True
361247/parent/11/parent,True
361247/parent/11/inherited/study_engine.py,True
361247/parent/11/inherited/parent_engine.py,True
361247/parent/11/inherited/revision_one_engine.py,True
361247/parent/11/inherited/revision_two_engine.py,True
361247/parent/11/inherited/refinement_engine.py,True
361247/parent/11/parent_candidate,True
runs\361247\parent\attempts\11/splits,True
runs\361247\parent\attempts\11/train/rows,True
runs\361247\parent\attempts\11/train/truth,True
runs\361247\parent\attempts\11/train/finite,True
runs\361247\parent\attempts\11/train/metric,True
runs\361247\parent\attempts\11/train/ledger,True
runs\361247\parent\attempts\11/selection/rows,True
runs\361247\parent\attempts\11/selection/truth,True
runs\361247\parent\attempts\11/selection/finite,True
runs\361247\parent\attempts\11/selection/metric,True
runs\361247\parent\attempts\11/selection/ledger,True
runs\361247\parent\attempts\12\BUILDER-FREEZE.csv/unique,True
runs\361247\parent\attempts\12\builder\candidate.py/identity,True
runs\361247\parent\attempts\12\builder\parent_engine.py/identity,True
runs\361247\parent\attempts\12\builder\refinement_engine.py/identity,True
runs\361247\parent\attempts\12\builder\revision_one_engine.py/identity,True
runs\361247\parent\attempts\12\builder\revision_two_engine.py/identity,True
runs\361247\parent\attempts\12\builder\study_engine.py/identity,True
361247/parent/12/candidate,True
361247/parent/12/admission,True
361247/parent/12/parent,True
361247/parent/12/inherited/study_engine.py,True
361247/parent/12/inherited/parent_engine.py,True
361247/parent/12/inherited/revision_one_engine.py,True
361247/parent/12/inherited/revision_two_engine.py,True
361247/parent/12/inherited/refinement_engine.py,True
361247/parent/12/parent_candidate,True
runs\361247\parent\attempts\12/splits,True
runs\361247\parent\attempts\12/train/rows,True
runs\361247\parent\attempts\12/train/truth,True
runs\361247\parent\attempts\12/train/finite,True
runs\361247\parent\attempts\12/train/metric,True
runs\361247\parent\attempts\12/train/ledger,True
runs\361247\parent\attempts\12/selection/rows,True
runs\361247\parent\attempts\12/selection/truth,True
runs\361247\parent\attempts\12/selection/finite,True
runs\361247\parent\attempts\12/selection/metric,True
runs\361247\parent\attempts\12/selection/ledger,True
361247/parent/1/replayed_choice,True
361247/parent/2/replayed_choice,True
361247/parent/3/replayed_choice,True
361247/parent/4/replayed_choice,True
361247/parent/5/replayed_choice,True
361247/parent/6/replayed_choice,True
361247/parent/7/replayed_choice,True
361247/parent/8/replayed_choice,True
361247/parent/9/replayed_choice,True
361247/parent/10/replayed_choice,True
361247/parent/11/replayed_choice,True
361247/parent/12/replayed_choice,True
361247/parent/replayed_selection,True
361247/parent/rejected_count,True
361247/parent/rejection/0,True
361247/parent/rejection/1,True
361247/parent/rejection/2,True
361247/parent/rejection/3,True
audit_completed,True
