row_id,RMSD,F1,F2,F3,F4,F5,F6,F7,F8,F9
27,4.128,6922.15,2143.02,0.30958,63.6012,989631.0485,91.6472,3146.95,31.0,38.8427
60,1.892,13641.7,3672.22,0.26919,186.821,1883836.0415,212.284,4579.84,185.0,29.1308
79,10.252,7182.05,2359.8,0.32856,55.8177,973376.0357,101.397,2801.82,19.0,40.958
105,10.46,8938.94,4149.05,0.46415,92.4123,1281623.6675,131.192,3735.31,28.0,34.3761
107,9.165,9880.43,2824.41,0.28585,107.046,1355619.9042,136.504,3984.69,36.0,35.878
112,2.874,8565.25,1962.18,0.22908,109.253,1201938.5997,146.283,4199.49,54.0,33.5756
120,12.32,9416.38,3637.32,0.38627,95.3281,1335252.9197,149.767,3866.18,90.0,35.4438
140,4.027,8428.96,2058.58,0.24422,96.4205,1194829.6782,119.74,3806.6,56.0,35.1576
141,5.298,5709.34,1421.13,0.24891,52.3057,789879.8074,82.9841,2645.72,33.0,40.838
152,2.159,9543.45,2234.61,0.23415,111.864,1324950.2436,132.213,4221.34,56.0,34.3281
160,11.325,8625.69,3417.3,0.39617,73.5595,1231463.9387,111.509,3655.45,19.0,37.9844
163,16.462,6570.06,2560.55,0.38973,54.0008,863197.0061,108.933,3450.97,58.0,34.0708
209,4.951,8387.19,2278.04,0.2716,91.7564,1178104.0129,109.957,4083.76,125.0,34.6103
254,5.562,5233.78,1168.13,0.22319,53.475,727935.2732,63.4258,2812.04,17.0,39.8232
285,5.204,8084.92,2211.55,0.27354,90.7685,1074229.7433,135.242,3828.57,34.0,30.6645
310,4.204,7243.53,2057.07,0.28398,66.6182,1008189.3213,96.0069,3064.05,55.0,39.2259
328,3.531,21345.5,6810.63,0.31906,254.793,2983406.0672,339.794,5548.79,69.0,23.165
331,1.043,5279.17,1136.55,0.21528,45.9736,757722.5142,70.9922,2852.09,58.0,40.2008
336,7.069,6645.65,2283.01,0.34353,48.4476,855359.0726,103.239,2208.51,43.0,42.2603
360,3.278,5590.71,1430.92,0.25594,43.5552,796191.4496,67.1495,2509.66,5.0,40.1836
362,12.732,4828.14,1144.12,0.23696,41.5757,665465.9299,66.7739,2653.5,26.0,39.6355
389,3.633,10657.0,3911.79,0.36706,127.704,1470392.6811,181.454,3876.55,29.0,33.7359
391,4.458,14749.0,3118.47,0.21143,179.213,2068895.1715,228.623,5029.42,85.0,26.9522
404,2.822,8699.34,2655.55,0.30525,114.433,1190281.808,141.486,3802.77,79.0,34.9589
408,9.138,16211.0,5552.93,0.34254,173.601,2301749.2199,269.49,5573.02,203.0,27.0069
412,9.784,4905.85,1682.4,0.34293,29.4286,698316.233,60.2098,2406.4,43.0,42.7271
423,1.809,6537.05,1886.15,0.28853,69.366,935147.8733,81.6642,3159.38,13.0,38.7006
436,2.475,5692.01,1414.69,0.24853,63.6363,708999.3503,94.6398,3096.14,18.0,39.4005
447,2.284,4977.23,1347.86,0.2708,46.9127,687762.7987,57.5169,1920.46,17.0,43.3073
455,3.249,10012.6,2683.74,0.26803,97.8183,1393340.5196,126.019,4324.71,43.0,33.2669
493,1.705,9662.31,2389.13,0.24726,105.715,1375365.3244,149.426,3994.22,34.0,29.2653
499,15.993,8803.25,3483.03,0.39565,75.41,1207872.7985,131.252,3829.99,23.0,35.3965
525,15.965,9261.34,2946.37,0.31813,108.068,1274398.698,141.056,4073.11,125.0,33.5798
539,13.62,7365.7,1978.62,0.26862,59.0679,1036131.9514,94.2684,2903.87,44.0,39.3221
607,2.583,11212.8,2777.66,0.24772,127.592,1612457.0748,164.934,4350.48,36.0,31.4385
622,20.685,14651.5,5027.34,0.34312,164.873,2009085.0537,205.966,4585.99,41.0,30.9227
685,11.25,4017.68,1193.27,0.297,35.7434,549712.9913,50.6113,1377.23,32.0,44.4563
708,19.344,4754.78,1931.48,0.40621,32.7632,661142.9276,72.3113,1184.83,49.0,44.775
765,6.471,19284.3,5450.86,0.28265,247.94,2686447.1502,306.552,5452.12,228.0,27.1908
793,2.262,9875.44,2253.25,0.22816,126.418,1414851.0324,140.817,4351.77,40.0,32.3072
805,12.226,5314.97,2048.73,0.38546,44.6088,759596.4211,86.0219,2375.17,89.0,41.7938
830,1.402,15010.3,4640.89,0.30918,145.955,2136126.3986,218.351,8426.22,94.0,29.2748
836,15.687,8110.48,2823.03,0.34807,70.1966,1121932.5378,111.186,3425.99,55.0,37.5776
842,17.616,9936.78,3952.48,0.39776,95.7063,1403265.3265,147.27,3629.73,91.0,35.9874
856,3.388,17375.4,6593.3,0.37946,187.488,2447805.8914,285.177,5607.57,157.0,23.3658
864,8.202,8429.95,2979.24,0.35341,82.1311,1134258.6663,110.819,3862.37,67.0,35.0969
883,1.866,6956.94,1924.15,0.27657,62.7816,973042.7579,95.1835,3580.29,35.0,37.9278
923,11.524,15587.0,5503.49,0.35308,168.062,2159779.9436,253.951,5158.21,122.0,28.6286
948,0.0,11954.3,3301.06,0.27613,115.286,1670648.7125,162.583,5588.31,47.0,26.6845
950,3.665,12485.4,4686.63,0.37536,145.633,1683532.4121,241.38,5107.97,75.0,27.0774
956,5.259,10553.0,3184.68,0.30177,102.184,1473822.4168,154.449,4598.46,45.0,34.1185
960,0.832,7039.42,2048.79,0.29104,77.4522,968337.8248,112.37,3070.25,75.0,39.0351
962,4.658,12566.3,4553.24,0.36233,139.979,1748284.8277,187.998,4470.62,50.0,30.9425
964,9.048,15002.5,5033.91,0.33553,96.6897,2082058.0573,222.602,15244.7,61.0,31.7999
981,8.777,6066.72,1488.64,0.24537,69.4933,841556.0672,77.5638,2830.7,78.0,39.5132
995,17.958,9321.65,2959.0,0.31743,87.4061,1305148.1433,134.557,3508.99,104.0,36.2376
1014,4.105,13073.9,3736.01,0.28576,148.053,1749706.3151,198.116,4738.3,55.0,31.0701
1068,4.835,9772.26,2891.14,0.29585,94.3971,1379422.8347,127.621,4142.77,106.0,33.4773
1094,5.344,10942.4,3688.86,0.33711,97.9169,1528418.4031,143.901,3609.63,23.0,35.3867
1103,14.843,4103.29,1602.21,0.39046,26.1419,563351.8147,53.0686,2249.11,6.0,45.4214
1153,3.718,19617.7,6467.48,0.32967,139.433,2686272.6535,272.7,5866.39,187.0,22.2207
1156,3.086,14850.6,3555.8,0.23943,177.851,2131988.2198,218.899,4921.43,79.0,27.7152
1197,18.041,11153.0,2947.39,0.26426,102.318,1524221.6682,130.984,4081.9,14.0,34.8645
1234,3.218,9880.66,2933.93,0.29693,112.084,1392923.0708,156.049,4209.5,58.0,33.575
1256,1.823,10843.9,2477.09,0.22843,113.014,1527702.8779,149.958,4580.95,62.0,32.5067
1286,1.954,7635.69,2698.65,0.35342,77.6682,1059024.1368,98.8094,3842.01,36.0,35.6824
1294,1.951,12499.9,3065.94,0.24527,148.894,1724153.5329,205.545,4236.95,63.0,24.2918
1338,1.043,7948.6,1609.4,0.20247,75.9739,1137172.8705,108.537,4045.88,103.0,34.9114
1344,14.283,8738.51,3283.5,0.37575,87.7824,1186239.8522,143.184,3513.9,15.0,36.1974
1355,3.946,11801.3,2836.73,0.24037,90.0117,1654186.8971,149.66,4583.51,159.0,31.4906
1361,6.905,8371.58,2695.34,0.32196,74.6901,1170015.2535,103.231,4018.2,25.0,39.7432
1374,3.228,10957.2,3302.08,0.30136,129.597,1502091.0663,158.58,4896.19,70.0,29.3945
1390,15.215,19248.9,5915.55,0.30731,179.61,2716867.3572,241.911,6034.04,58.0,19.8175
1433,13.439,6025.19,2049.4,0.34013,51.6455,835345.9751,88.6416,3070.48,93.0,39.1852
1444,14.712,12376.1,3541.06,0.28612,66.3791,1721646.9385,153.396,4483.29,89.0,32.4758
1471,13.06,5288.4,1721.95,0.3256,39.3578,747074.2226,66.2583,2780.88,41.0,42.1213
1504,2.615,6652.98,1761.18,0.26472,68.7839,878493.7223,86.4608,3710.26,70.0,36.8329
1527,14.972,10272.3,4061.19,0.39535,75.9342,1414039.8127,146.728,4430.78,66.0,34.258
1539,3.723,10287.7,2342.38,0.22768,97.081,1459481.57,135.298,3602.09,139.0,35.9571
1597,14.633,9614.22,1611.87,0.16765,90.824,1367701.045,110.838,3989.19,68.0,34.237
1629,2.74,12958.4,3493.28,0.26957,162.594,1798705.2028,211.935,4827.72,50.0,28.4308
1630,14.03,9856.54,4150.86,0.42112,90.5137,1379653.2793,167.413,4306.6,86.0,36.1434
1633,1.456,4646.76,1353.38,0.29125,45.8721,650842.8403,63.4086,2136.08,20.0,43.5836
1639,15.992,8077.45,3402.2,0.42119,66.8703,1110429.1164,123.237,4177.19,84.0,37.2039
1675,1.823,8618.7,2136.07,0.24784,87.1449,1185539.5874,142.282,3198.85,11.0,36.7779
1680,20.703,17361.5,6298.22,0.36276,182.21,2431786.9863,250.407,6006.36,135.0,24.9783
1698,1.557,15489.8,5432.76,0.35073,184.414,2152730.4035,253.764,4592.46,37.0,25.1283
1702,19.203,11806.5,5379.03,0.45559,160.661,1618337.1378,270.171,5024.92,148.0,27.2742
1713,1.024,7044.61,2776.25,0.39409,64.0054,1029221.82,99.7137,3227.42,28.0,38.8629
1748,2.811,7829.75,2728.31,0.34845,70.037,1077650.4756,107.08,3202.16,21.0,38.1535
1840,14.688,8530.5,3428.62,0.40192,67.2955,1227154.7188,120.617,3210.98,51.0,38.2044
1843,0.587,6208.41,833.7,0.13428,46.3859,880256.2132,74.018,2751.33,1.0,42.0181
1908,3.366,12440.5,3322.89,0.2671,155.933,1774689.0906,171.353,4697.23,44.0,29.0777
1919,10.081,6126.72,1615.3,0.26364,59.0217,879000.6654,83.4563,2391.96,27.0,40.7815
1953,14.619,5943.87,1815.53,0.30544,57.1935,847872.5038,74.3096,2498.79,68.0,41.6172
1959,15.728,8871.36,2555.33,0.28804,57.7497,1238499.9909,102.097,3534.01,61.0,38.2055
1972,2.85,8973.75,2135.2,0.23793,98.5881,1271341.8523,118.453,3792.17,50.0,35.1671
1991,3.086,11884.3,3131.06,0.26346,148.029,1685517.6881,158.265,4148.23,133.0,32.1115
2006,2.799,22055.2,8153.07,0.36966,144.486,3109213.3782,344.815,11932.72,102.0,28.3071
2029,15.192,15967.6,5687.77,0.3562,108.084,2298635.9154,216.132,5974.31,71.0,29.4555
2032,13.647,6118.13,1365.26,0.22314,54.8858,840824.6947,70.8236,2654.26,24.0,39.9007
2034,1.818,5646.04,1979.11,0.35053,70.1156,782106.8282,83.5887,3055.31,36.0,40.1175
2051,12.899,6780.01,1665.42,0.24563,61.4626,977168.6486,78.2879,3483.99,60.0,37.1649
2062,17.395,19005.2,7309.3,0.38459,162.239,2591834.0737,340.873,6390.41,189.0,31.2554
2066,1.266,11553.2,2826.76,0.24467,158.293,1612599.1363,176.184,4586.24,44.0,30.1003
2133,4.835,9224.61,3380.26,0.36643,79.5171,1254603.5468,128.14,3886.33,108.0,38.4478
2162,12.812,4980.73,1531.13,0.30741,40.5652,656756.8206,73.2352,2667.91,18.0,42.9993
2183,12.39,8998.73,3274.19,0.36385,70.3815,1256792.6024,122.494,3569.05,51.0,37.1761
2207,1.928,7344.4,1507.17,0.20521,74.2814,1063281.3296,86.3166,3040.32,26.0,38.2576
2217,2.597,16737.7,5283.4,0.31565,188.829,2261566.6792,266.072,5380.14,205.0,24.5835
2221,6.727,16861.1,5851.6,0.34704,185.723,2327032.2921,266.519,5996.76,105.0,24.3893
2228,14.846,7321.13,3182.13,0.43465,67.7578,1023362.8488,123.612,3182.72,68.0,38.2547
2242,3.088,7813.17,1733.89,0.22191,85.9553,1044663.7065,118.988,3568.05,39.0,36.4395
2248,2.152,4319.47,844.4,0.19548,39.8435,573065.1797,65.425,2570.32,12.0,43.4484
2250,1.611,13692.0,3664.12,0.26761,192.966,1877160.3123,220.066,4575.84,178.0,29.0318
2278,13.521,8752.38,2360.92,0.26974,75.0097,1180056.6679,107.353,4181.02,79.0,33.4061
2310,9.005,5034.9,1688.66,0.33539,30.2628,696267.5824,71.7392,2024.69,10.0,42.4342
2328,0.799,9673.93,2633.92,0.27226,102.358,1323285.9175,152.676,4151.52,76.0,33.1179
2358,2.431,9452.54,2913.88,0.30826,88.0215,1326468.1299,130.515,4648.25,45.0,34.4033
2368,2.103,11622.7,4030.92,0.34681,126.286,1628361.0046,187.381,4178.06,47.0,30.8206
2389,5.873,3592.45,1405.34,0.39119,24.758,495129.6934,46.4867,1475.12,6.0,45.4007
2394,9.545,8788.82,1770.4,0.20143,94.5942,1217920.7911,114.173,4026.49,103.0,35.1297
2395,2.307,6491.74,1627.11,0.25064,53.4652,903698.427,76.5412,3112.35,63.0,39.4188
2437,5.39,8317.08,2217.99,0.26667,78.7085,1092211.5778,103.407,3185.51,75.0,38.3466
2440,2.705,14371.6,3423.02,0.23817,181.399,2064724.323,241.152,4846.65,92.0,27.6899
2469,3.466,10484.2,3507.94,0.33459,94.6619,1454764.8971,142.52,3940.58,16.0,34.5297
2483,2.993,13117.4,3488.3,0.26592,158.17,1854638.3848,201.79,4811.13,64.0,28.3768
2488,1.423,6055.22,2005.7,0.33123,57.9974,836741.3693,90.9317,3297.7,71.0,36.5969
2489,20.738,13053.5,5005.36,0.38344,110.88,1850848.5999,190.264,6067.5,99.0,30.9176
2500,3.052,14590.1,2871.82,0.19683,177.101,2023772.1727,223.065,4849.84,79.0,27.7006
2509,17.001,8070.01,2034.78,0.25214,71.8586,1064804.4433,112.942,3094.49,47.0,38.4384
2525,3.728,9592.72,3217.56,0.33541,84.0236,1368994.8394,138.988,3501.3,14.0,36.1192
2534,1.898,10486.2,2647.04,0.25243,125.692,1449967.8933,157.261,4697.25,65.0,30.0027
2542,12.797,6354.74,1788.95,0.28151,58.2362,885930.9702,94.589,3115.54,62.0,39.0155
2577,16.877,5817.34,2274.8,0.39103,53.4294,768669.7744,92.3227,2802.23,61.0,40.4422
2582,14.816,6890.3,2586.93,0.37544,61.5549,957766.2913,107.759,2960.82,68.0,38.8442
2600,11.552,4095.09,1243.95,0.30376,33.028,557023.1385,50.918,1399.17,32.0,44.4648
2616,16.559,8343.74,2853.75,0.34202,95.8908,1092915.5742,143.81,3529.81,83.0,36.9378
2619,10.825,5427.85,1570.88,0.28941,47.2954,774700.5123,76.9845,2347.79,62.0,42.3801
2629,13.912,6422.43,2067.82,0.32196,57.6604,820291.9651,106.162,2780.82,17.0,39.0151
2648,1.809,9709.47,2793.12,0.28766,108.372,1313294.9449,153.412,4091.83,47.0,33.6151
2661,14.734,7982.53,2685.24,0.33638,79.2726,1097116.769,108.961,3243.67,91.0,34.7087
2681,10.843,4648.76,1759.77,0.37854,46.9062,674306.2811,68.1371,2375.4,58.0,42.9753
2698,1.663,8871.38,2155.25,0.24294,82.2219,1268410.9846,114.274,3917.65,2.0,34.3618
2743,3.341,14446.8,4276.05,0.29598,129.368,2001628.4639,206.38,5369.08,69.0,25.9084
2784,6.564,6662.05,1735.41,0.26049,62.0389,930904.391,78.0147,3274.28,38.0,37.6824
2787,13.636,6992.0,2016.29,0.28837,61.8592,969999.8973,105.714,3037.72,4.0,39.8354
2793,1.625,7362.83,2187.08,0.29704,81.8115,1011581.0791,102.824,2838.59,110.0,38.7709
2798,8.66,7335.25,2233.57,0.30449,61.0067,989192.484,102.831,3525.26,60.0,37.9715
2803,1.84,9452.72,2370.81,0.2508,100.952,1332036.7161,142.94,3935.91,46.0,33.4059
2860,17.615,6202.7,894.33,0.14418,54.8858,864113.6742,74.0888,2664.66,45.0,40.863
2867,3.55,8799.61,2115.24,0.24037,102.336,1250065.8022,133.522,3825.95,61.0,35.0942
2870,19.201,9480.02,2547.57,0.26873,87.9228,1296959.7634,127.073,3673.54,82.0,35.9989
2891,3.005,11236.6,2470.92,0.21989,129.691,1536857.3973,155.678,3776.4,23.0,33.9003
2902,1.074,5077.48,1115.36,0.21966,46.5064,724528.4089,59.7319,2211.51,71.0,42.775
2916,12.342,11147.8,2939.94,0.26372,97.9976,1531659.3427,143.342,4706.25,44.0,31.7066
2921,10.32,4774.15,1491.72,0.31245,30.921,665350.1064,60.3365,2020.28,46.0,44.3453
2949,4.308,15642.4,3758.58,0.24028,231.468,2145954.8208,260.829,4819.75,293.0,27.7026
2973,16.295,8407.04,2979.0,0.35434,67.2697,1188133.8095,121.873,4112.76,37.0,39.4255
2986,13.428,5049.75,949.82,0.18809,41.2957,690622.9283,70.4142,2734.59,27.0,41.1366
2991,1.331,6043.87,1286.38,0.21284,53.7115,841014.1028,77.5441,2702.19,17.0,40.8614
2992,1.943,7072.94,2114.95,0.29901,66.1413,979663.1561,93.7013,3086.31,50.0,39.618
3023,16.065,11876.5,3327.95,0.28021,111.989,1676008.9822,152.417,4640.77,171.0,30.8387
3037,18.069,8086.71,2345.38,0.29002,78.5614,1103534.5893,104.356,4372.04,102.0,31.9493
3040,12.151,5222.25,1975.84,0.37835,41.0944,693755.48,93.2057,2967.48,22.0,42.9082
3080,11.268,5949.61,1432.87,0.24083,51.9128,857033.5338,72.6923,2426.44,49.0,42.0513
3126,2.019,12759.8,4376.42,0.34298,148.493,1802121.0557,198.411,4956.07,170.0,28.656
3133,2.357,4395.0,981.07,0.22322,42.7806,598752.5011,68.6074,2638.53,13.0,42.9279
3190,1.94,7117.4,1964.89,0.27606,66.678,963333.2399,90.3599,2998.74,20.0,39.0106
3199,1.576,10836.8,2766.99,0.25533,124.811,1502673.5946,163.175,4652.77,70.0,29.8464
3220,11.506,6015.09,1583.37,0.26323,65.2159,854046.5269,90.1313,3083.85,14.0,38.824
3228,18.156,9552.44,3931.33,0.41155,86.9237,1303576.4263,129.596,3984.27,37.0,36.271
3231,13.967,6519.29,3164.13,0.48534,45.6833,891767.1564,106.996,2186.85,10.0,42.1825
3247,15.264,10625.2,3479.35,0.32746,108.956,1422974.9713,162.509,3966.72,24.0,33.1878
3248,18.892,10536.4,2505.14,0.23776,109.94,1434550.7277,155.711,4364.55,113.0,32.0266
3251,14.819,9131.23,2004.04,0.21947,76.7751,1207635.4473,116.987,3292.4,58.0,38.0878
3289,1.572,12090.3,3076.95,0.25449,155.053,1721142.0461,158.252,4732.77,25.0,28.9032
3336,2.048,11409.2,2924.91,0.25636,140.838,1565900.1383,160.708,4486.63,88.0,31.2702
3338,18.804,9863.75,3614.9,0.36648,101.852,1326154.5418,141.787,4584.66,92.0,32.5126
3389,0.922,9657.63,1858.58,0.19244,101.973,1371701.06,132.318,4260.22,37.0,33.5849
3393,2.36,4146.91,1014.56,0.24465,35.1082,570640.7661,54.8496,1779.37,23.0,43.9569
3404,3.961,12745.5,4064.1,0.31886,152.107,1786000.7239,161.574,5222.98,36.0,28.0108
3470,2.089,7026.29,1811.12,0.25776,77.1883,936308.2834,95.1253,3538.38,79.0,37.6273
3482,4.084,6705.33,1950.75,0.29092,61.6083,898892.9253,94.9889,3666.62,63.0,38.3
3484,18.798,18235.6,6196.31,0.33979,196.189,2592534.2788,279.445,5393.96,114.0,21.1195
3487,3.054,9300.01,2241.69,0.24104,101.828,1282664.8792,126.015,4292.86,52.0,33.6606
3493,17.18,8240.39,2634.82,0.31974,69.6539,1098693.3245,124.018,3686.18,46.0,36.3656
3531,13.413,8433.96,2636.87,0.31264,67.7383,1158501.4721,114.181,3582.45,48.0,37.0967
3547,12.697,9267.76,4579.17,0.49409,83.3863,1139424.0752,179.748,2331.08,61.0,40.3469
3573,0.96,9020.78,2556.53,0.2834,101.689,1253417.1394,144.351,3309.79,4.0,36.641
3576,17.729,9154.79,2846.73,0.31095,90.0383,1219648.8502,145.452,3884.41,88.0,36.1175
3621,20.705,11451.4,3956.38,0.34549,66.6363,1535619.8567,185.837,5106.38,53.0,32.9871
3635,3.739,7912.69,2651.92,0.33514,70.4696,1079834.4081,109.222,3411.53,73.0,36.7581
3648,10.843,4648.76,1759.77,0.37854,46.9062,674306.2811,68.1371,2375.4,58.0,42.9753
3650,3.961,15106.5,3065.17,0.2029,175.573,2153392.1907,231.502,4908.11,86.0,27.192
3651,2.91,8232.83,2170.05,0.26358,98.073,1151208.6223,129.346,3931.62,53.0,34.9685
3674,11.323,5063.93,1341.51,0.26491,47.0922,645213.1808,75.4128,2027.58,39.0,43.1398
3725,3.255,7828.62,2453.38,0.31338,75.2284,1116441.7345,119.658,3353.28,33.0,37.4152
3759,4.787,12537.8,3488.34,0.27822,168.299,1728548.2775,214.622,4729.03,117.0,26.1757
3767,19.413,10134.3,2322.02,0.22912,99.5608,1412430.6508,125.597,3966.15,47.0,34.0703
3775,12.331,6377.98,2024.85,0.31747,52.9559,904816.245,88.3151,3051.04,5.0,39.2511
3780,2.887,5140.23,1587.11,0.30876,56.0052,710769.0327,67.0043,2543.99,33.0,41.8697
3808,1.484,3847.84,1225.64,0.31852,34.1143,524318.4046,48.9537,1400.41,17.0,44.2935
3810,13.23,6668.62,2155.4,0.32321,66.3064,876394.5064,91.0934,3652.95,79.0,37.7499
3811,19.961,15398.0,4656.06,0.30238,160.09,2189948.453,220.467,6854.93,83.0,23.1093
3830,14.192,6958.24,2915.31,0.41897,79.0716,964357.3595,124.739,3190.36,89.0,38.0775
3838,9.257,9007.29,3415.47,0.37918,89.7117,1274128.9754,147.194,3514.77,61.0,37.6381
3840,2.783,8712.43,2766.76,0.31756,100.936,1195261.3887,146.145,3331.27,21.0,36.1141
3865,11.295,5840.13,2079.42,0.35605,40.5785,792665.2821,92.8904,1854.76,7.0,42.0951
3903,1.283,7418.72,1955.32,0.26356,90.2236,1038293.7197,103.374,3905.78,25.0,35.6903
3909,10.701,5589.37,1754.08,0.31382,52.118,760307.7929,89.2649,2936.08,14.0,40.453
3917,9.83,7096.02,2399.66,0.33816,60.1236,1027370.892,92.8701,3571.72,41.0,46.5464
3930,16.92,13013.3,4660.01,0.35809,148.072,1869120.0075,231.383,4699.23,122.0,23.6234
3940,2.283,10912.7,3701.08,0.33915,128.332,1454042.347,168.524,4096.12,50.0,33.3544
3963,16.013,9877.34,3032.77,0.30704,106.059,1352701.2807,145.897,4269.94,113.0,33.6152
4005,4.65,13715.4,4547.53,0.33156,157.395,1893727.8795,197.78,5007.9,75.0,27.3705
4011,6.349,6345.88,1709.06,0.26931,72.6633,840252.4561,92.1897,3628.43,71.0,34.9113
4029,19.23,9295.53,3715.08,0.39966,66.3188,1288224.2306,138.096,4016.77,86.0,38.7168
4038,1.772,5662.92,1234.13,0.21793,50.5806,785552.187,67.1784,3279.27,59.0,40.2288
4040,2.135,17165.6,3795.68,0.22112,215.414,2433994.8262,261.895,5576.64,92.0,23.4821
4069,11.348,3954.5,1206.8,0.30517,36.1699,536478.8466,50.8044,1386.46,32.0,44.5309
4084,15.38,7028.9,2107.51,0.29983,59.5841,991186.6681,90.115,2595.99,33.0,36.2429
4085,20.562,19597.0,7825.0,0.39929,128.226,2811250.8322,297.326,8562.19,109.0,29.3758
4089,8.809,5226.28,1817.84,0.34782,43.7374,762604.1696,69.7097,2508.73,44.0,40.0357
4101,11.154,8416.47,1772.0,0.21053,80.7758,1197288.077,106.356,3773.4,90.0,36.337
4104,12.617,8713.87,2313.76,0.26552,75.2221,1182930.5445,112.965,3833.5,27.0,36.7303
4145,15.55,8386.99,1754.3,0.20916,80.5588,1198995.0482,116.691,3782.29,67.0,37.002
4156,2.184,13296.7,3302.62,0.24837,167.331,1875766.6494,216.147,5040.71,196.0,27.5696
4164,1.097,23121.1,6148.23,0.26591,342.271,3155909.3177,412.271,6241.1,141.0,19.7339
4173,1.914,13525.7,4060.12,0.30017,172.499,1863761.5656,183.029,4929.77,201.0,26.9795
4193,15.076,7708.32,2775.02,0.36,79.1392,1057535.6276,117.859,3370.44,20.0,37.2617
4199,1.945,6867.25,1468.27,0.2138,68.7427,950795.743,92.051,3388.21,18.0,38.0642
4211,2.626,12392.3,3409.53,0.27513,155.739,1728184.7211,201.541,4804.17,56.0,28.5824
4231,15.608,7868.25,3089.91,0.3927,92.8478,1110663.6456,122.296,3132.18,32.0,38.2963
4246,7.315,7284.18,1649.62,0.22646,59.6545,1015383.6131,74.1842,3201.75,23.0,39.9385
4253,12.439,8440.41,2874.08,0.34051,76.737,1185376.6258,134.92,3293.39,100.0,37.6562
4259,6.001,16593.1,6642.44,0.40031,188.99,2266649.2819,283.527,5431.75,200.0,26.1485
4306,7.069,7475.72,2190.16,0.29296,59.9712,1023488.4077,106.645,4221.65,36.0,35.9075
4332,11.078,8158.03,2790.24,0.34202,68.8683,1076199.4487,112.513,4418.66,56.0,33.5003
4333,0.61,8743.71,2245.11,0.25676,100.348,1227430.4218,126.524,3233.0,4.0,37.0581
4337,15.765,9871.42,2768.37,0.28044,96.7039,1398243.3435,116.089,3700.61,49.0,34.8643
4341,2.318,16359.9,4965.47,0.30351,200.735,2152670.584,260.267,5847.86,241.0,22.5137
4380,1.024,9462.75,1864.42,0.19702,106.215,1335529.7635,131.627,4231.13,51.0,33.8197
4383,1.75,10441.8,3022.71,0.28948,125.849,1470628.6344,179.975,4253.88,65.0,32.428
4391,15.674,7033.67,1669.94,0.23742,55.6956,992762.4988,78.7748,3083.16,35.0,39.4687
4398,14.208,4169.53,1424.22,0.34157,81.666,498871.2244,90.4603,1739.93,68.0,43.7338
4400,9.168,5093.0,1423.18,0.27943,71.9273,707688.802,72.3819,3054.87,50.0,39.2345
4403,11.827,8071.73,1903.44,0.23581,70.9674,1087672.9056,103.088,3911.27,92.0,35.8665
4437,1.307,8345.76,1538.31,0.18432,76.7026,1191677.389,99.9,3831.9,9.0,35.3314
4454,19.671,17859.1,5130.11,0.28725,169.464,2612208.4085,256.48,5463.81,83.0,26.4097
4478,7.343,4780.01,1379.33,0.28856,44.648,684538.6304,66.492,2365.98,47.0,43.1168
4490,0.0,7606.51,1749.05,0.22994,89.519,1053786.4232,94.1719,3791.7,40.0,35.9349
4524,1.074,6227.72,1311.79,0.21063,55.5541,857280.4186,83.2392,2801.38,17.0,40.3152
4529,18.306,9473.18,2711.57,0.28623,62.8609,1324353.3882,131.133,3727.23,8.0,34.6052
4535,3.439,22507.9,7251.31,0.32216,311.42,3131372.8719,374.69,6274.02,98.0,17.8524
4537,1.915,9679.76,2203.32,0.22762,112.389,1359266.4203,126.142,4162.11,62.0,34.202
4572,1.305,9271.21,1924.09,0.20753,100.063,1290695.4523,134.714,3655.13,26.0,34.0844
4584,14.93,6362.38,2297.95,0.36117,61.465,845194.5616,106.831,2421.91,37.0,39.8186
4596,1.6,9004.33,2460.44,0.27325,90.7131,1277267.6222,118.815,3835.77,11.0,34.5921
4610,17.518,8533.6,3067.67,0.35948,70.0391,1209993.629,109.655,3413.6,64.0,38.5273
4640,1.513,10054.9,2632.29,0.26179,101.906,1385705.4543,141.096,3692.87,122.0,35.5265
4642,10.37,4462.77,1680.17,0.37648,29.8643,616642.9875,68.4021,1993.21,52.0,44.5859
4671,3.158,6073.15,2157.48,0.35524,55.0452,841158.9872,81.7542,2702.93,26.0,40.8226
4690,12.97,8300.54,2854.71,0.34391,77.4586,1144650.683,127.278,3428.52,101.0,36.9641
4699,3.706,3344.43,1348.71,0.40327,10.6891,453815.2734,42.1948,1496.33,32.0,45.0784
4706,1.713,7034.22,2252.84,0.32026,63.4024,951025.3126,101.117,3145.77,26.0,39.7262
4720,10.812,6920.49,2520.95,0.36427,78.6498,963242.1429,112.482,3450.49,28.0,36.3562
4743,1.971,9279.95,2083.42,0.2245,102.116,1266645.6746,144.892,3997.56,38.0,34.2074
4744,14.618,6936.24,1058.58,0.15261,75.6919,932552.5988,90.0923,3122.49,32.0,39.9028
4769,3.983,10409.6,3083.33,0.2962,125.118,1485218.2951,162.621,4351.5,45.0,30.4404
4800,9.626,7177.59,2568.2,0.3578,65.3221,981194.3015,111.983,2790.13,96.0,38.8672
4810,2.639,18154.3,5211.98,0.28709,256.616,2446380.0858,312.254,5668.29,319.0,21.6126
4812,1.777,16330.4,5192.65,0.31797,230.721,2229395.3001,266.2,5441.2,145.0,24.1039
4818,4.556,12725.7,3929.6,0.30879,137.125,1734195.1329,180.463,4507.58,114.0,30.965
4846,2.365,4828.98,1472.47,0.30492,44.976,666774.1373,60.8637,1881.46,15.0,43.6611
4877,1.375,9739.98,3584.57,0.36802,123.69,1311875.4668,184.868,4441.17,175.0,31.1032
4894,1.814,12216.9,2556.62,0.20926,152.543,1707539.1319,177.866,4665.63,144.0,30.0772
4905,2.598,8035.94,1560.08,0.19413,81.1453,1129433.4806,101.025,3812.31,15.0,34.0072
4923,9.761,7942.46,2496.07,0.31426,79.5181,1052554.6412,112.569,3206.74,77.0,38.4271
4934,5.057,6261.66,1541.51,0.24618,52.0743,876908.968,74.6685,3066.6,9.0,39.6188
4947,1.85,6944.03,1876.56,0.27024,72.1624,938807.2724,92.7649,3007.25,24.0,38.9032
4954,3.586,10155.1,2844.06,0.28006,112.746,1421606.7453,157.718,4284.62,57.0,33.2315
4983,2.6,14887.5,3597.65,0.24165,210.673,2060535.7117,245.193,5013.58,123.0,26.4598
4991,2.684,8640.57,2639.59,0.30548,92.4702,1178460.1622,108.651,3710.72,49.0,35.2012
5008,14.643,9102.93,3696.53,0.40608,94.5807,1284824.911,139.303,3430.53,76.0,30.2068
5086,6.921,9382.33,1977.24,0.21074,77.0755,1259923.251,118.019,3841.56,32.0,37.3693
5173,14.342,12211.7,3319.1,0.27179,110.237,1735813.0437,161.921,3957.61,17.0,34.4526
5194,11.637,14727.7,5605.36,0.38059,155.983,2044155.4091,232.036,4883.94,69.0,31.08
5211,10.908,7148.03,1826.51,0.25552,56.6281,1002099.5985,97.6708,2875.02,26.0,39.1898
5237,11.538,4098.5,1284.13,0.31331,35.7514,560810.2041,51.0179,1390.39,32.0,44.4602
5254,3.763,14298.7,4183.44,0.29257,139.479,2002250.4133,181.038,4629.43,50.0,29.84
5263,2.199,15090.7,4866.3,0.32247,189.877,1977749.9388,225.461,4356.03,112.0,30.3524
5281,0.756,10344.2,2216.06,0.21423,103.09,1471578.9552,142.397,4290.42,47.0,33.5024
5283,6.143,17523.4,5768.89,0.32921,182.049,2463633.1413,254.3,4950.42,39.0,29.185
5295,2.879,13539.9,4689.9,0.34637,176.307,1875829.2751,228.856,4296.93,42.0,26.6326
5316,5.646,5164.15,1227.84,0.23776,52.3687,687864.064,71.9918,3337.27,25.0,41.2144
5345,2.338,14214.5,4320.73,0.30396,196.347,1935392.8293,224.645,4580.06,176.0,28.9617
5405,4.607,14713.8,3522.52,0.2394,122.305,1973342.06,216.304,4708.75,141.0,29.0684
5420,12.324,5888.92,869.53,0.14765,52.8616,836195.9771,69.1733,2327.69,6.0,40.6204
5427,2.425,6175.02,1791.01,0.29004,65.744,845901.223,87.2235,3059.07,34.0,40.1611
5458,12.573,12231.1,4483.35,0.36655,136.556,1671149.27,182.509,4593.38,87.0,30.8994
5470,9.018,5543.79,1354.19,0.24427,75.1012,745581.4086,107.939,3181.28,58.0,35.9569
5487,4.881,9145.36,2368.04,0.25893,102.27,1297897.9682,125.584,3594.77,117.0,36.0105
5494,8.433,14060.4,4464.31,0.3175,140.158,1920206.0468,224.896,5378.44,14.0,30.4309
5504,9.836,6317.38,1601.61,0.25352,55.9312,926426.949,63.2924,3153.76,19.0,41.4582
5507,4.645,9103.55,3070.52,0.33728,93.5366,1303196.8947,128.604,3959.01,73.0,35.3102
5512,17.818,18408.3,7078.9,0.38454,182.238,2551370.3594,281.39,4401.89,48.0,26.288
5513,3.038,8853.03,2734.5,0.30887,96.713,1204856.5975,124.683,3848.01,49.0,34.9168
5516,4.355,9022.08,2416.42,0.26783,60.3034,1233313.7212,131.276,3924.04,21.0,35.5295
5531,3.583,15256.4,5543.76,0.36337,179.195,2110622.094,239.558,5397.97,208.0,27.1001
5546,11.365,4178.62,1329.47,0.31816,34.8256,574659.5794,52.4507,1394.94,32.0,44.502
5556,9.016,10072.5,2621.79,0.26029,96.165,1377756.2896,123.334,5080.94,40.0,31.6468
5560,2.539,8745.61,2650.79,0.30309,79.7558,1216687.2487,111.169,4264.42,59.0,34.9479
5563,15.862,9269.65,3889.67,0.41961,68.7165,1310659.4764,135.084,4619.29,63.0,32.6108
5582,12.322,8312.3,2444.95,0.29413,73.1299,1077630.299,125.003,3456.33,70.0,37.5155
5585,17.295,11160.6,3493.78,0.31304,149.984,1521345.7394,210.674,3876.47,187.0,32.4524
5586,15.83,8341.5,2622.06,0.31433,84.1315,1126317.7231,121.341,3870.63,27.0,35.5556
5591,15.558,5924.04,2122.74,0.35832,36.6673,816419.4444,84.1033,2375.8,15.0,41.3394
5641,2.211,10615.9,2527.33,0.23807,129.151,1442891.2125,160.176,3621.94,18.0,34.7695
5650,20.312,10396.2,3509.97,0.33762,75.6148,1448341.3354,157.66,5930.59,57.0,32.124
5659,1.731,13374.6,4089.79,0.30578,158.742,1881632.4771,228.659,4425.94,79.0,29.7289
5691,2.554,7816.94,1494.92,0.19124,81.025,1097552.7608,97.3333,3810.0,12.0,34.0537
5703,10.893,5342.56,1513.71,0.28333,55.119,723470.6166,79.0943,3120.68,16.0,40.9942
5731,5.773,9316.52,2913.83,0.31275,91.9968,1323427.5714,132.237,3838.62,28.0,35.164
5739,17.744,8740.77,2246.21,0.25698,85.2507,1235538.7516,99.0522,3947.64,75.0,34.5624
5748,12.378,7976.86,2581.1,0.32357,57.4831,1161192.0002,95.1231,3817.09,21.0,37.759
5754,2.114,13663.2,4772.62,0.3493,190.951,1867150.1796,247.856,4554.2,42.0,28.8962
5796,1.637,7715.96,1797.69,0.23298,71.4034,1121545.3577,97.257,3066.33,19.0,37.8591
5801,17.992,11983.3,3125.42,0.26081,135.642,1672207.6024,164.853,4230.46,37.0,31.0633
5804,1.555,7672.88,2388.79,0.31132,89.957,1078578.1471,109.098,3871.55,37.0,36.1076
5826,2.555,18775.1,5379.74,0.28653,253.378,2543981.0448,316.588,5729.45,326.0,21.4332
5827,2.273,6906.34,1993.97,0.28871,66.9903,953249.6677,87.0184,3039.55,45.0,39.423
5839,7.063,8323.86,2125.85,0.25539,88.6322,1132420.3756,126.072,4111.16,101.0,34.4551
5849,2.193,11999.4,3292.79,0.27441,135.798,1663268.7197,167.165,4471.15,94.0,31.3067
5855,14.103,7982.26,2321.97,0.29089,65.151,1055656.7401,103.857,3526.12,102.0,37.1004
5862,20.251,15187.6,5186.15,0.34147,152.509,2112269.8317,220.379,5309.04,137.0,27.1939
5866,12.928,10987.5,3281.9,0.29869,99.8608,1456666.6792,144.559,4218.48,79.0,34.3854
5872,2.389,7951.15,2059.19,0.25898,84.5136,1123621.5007,100.805,3928.6,36.0,35.5356
5884,3.12,10299.5,2451.38,0.238,91.5789,1444087.5914,136.397,3742.33,148.0,35.5383
5887,7.241,8191.83,2480.88,0.30284,62.1632,1089370.2541,118.563,3574.06,53.0,39.0552
5892,2.184,9748.6,2672.37,0.27412,97.7403,1367286.0006,132.638,3692.51,113.0,46.5464
5928,2.761,9525.91,3278.0,0.34411,98.3294,1334381.5375,144.611,4032.02,34.0,31.4959
5947,20.261,17545.6,6576.66,0.37483,196.17,2443019.2025,266.892,4689.19,106.0,29.0252
5980,2.145,5259.65,2095.83,0.39847,50.3192,732561.8894,76.1962,2241.73,26.0,42.9451
5991,7.655,5926.61,2034.32,0.34325,55.2346,809212.9749,82.8909,3197.92,13.0,39.4498
5996,1.928,5401.29,1286.01,0.23809,45.2038,746918.9545,63.0358,2866.95,13.0,41.6277
6020,14.019,5033.8,2089.42,0.41507,48.8675,717061.6214,85.4734,2205.83,99.0,42.2158
6029,15.788,8793.29,1923.45,0.21874,72.1593,1194728.1498,106.298,3937.03,76.0,31.7742
6046,19.903,12607.7,5141.15,0.40777,146.649,1755419.7868,228.869,4797.26,83.0,29.144
6078,0.605,7938.3,2203.57,0.27758,85.4833,1095569.0301,112.489,3100.17,21.0,37.68
6084,4.022,8054.33,1960.13,0.24336,86.4055,1103331.8584,125.98,3525.82,35.0,35.6819
6102,5.178,12677.7,4834.1,0.3813,73.8828,1741082.6005,176.235,4477.05,102.0,29.7221
6119,3.782,15012.4,4333.37,0.28865,205.72,2065620.3707,256.887,5108.14,173.0,23.816
6120,4.355,8153.86,2738.64,0.33587,69.6359,1153261.0867,108.91,3443.72,33.0,35.634
6135,14.027,9351.89,3110.3,0.33258,99.5652,1240570.6778,140.774,4179.53,40.0,34.0303
6194,1.282,14992.1,2989.8,0.19942,177.096,2083547.9918,222.274,4704.6,36.0,28.4933
6205,19.007,16828.5,6293.97,0.374,181.945,2363850.6728,261.619,5506.23,144.0,25.0171
6209,1.12,11438.3,2952.63,0.25813,125.817,1588508.733,179.817,4735.19,164.0,28.3267
6260,2.135,5640.65,1565.67,0.27756,63.1448,709002.053,90.3769,3096.48,20.0,39.4473
6337,4.21,11827.2,4032.05,0.34091,119.258,1702007.1767,165.192,4391.6,159.0,31.7223
6343,1.567,3994.25,1252.37,0.31354,35.3672,545525.7809,50.4388,1401.02,17.0,44.4045
6348,6.877,5228.62,1878.1,0.35919,48.9863,732959.6865,70.9363,2019.86,14.0,42.3082
6452,3.357,7431.03,2159.31,0.29058,58.0018,1015141.4993,98.2383,2670.37,23.0,39.9698
6460,2.815,10064.2,3283.59,0.32626,120.768,1367466.622,173.144,3876.7,16.0,32.8302
6465,5.94,10771.8,3106.85,0.28842,99.9803,1499186.6922,144.719,4544.98,79.0,31.5047
6468,2.624,10648.0,3082.21,0.28946,128.603,1524479.5428,172.028,4386.91,43.0,31.7843
6489,2.954,6458.15,1575.05,0.24388,59.8599,910054.5385,86.4615,2978.73,98.0,38.661
6515,8.896,10774.7,3104.89,0.28816,115.711,1466270.3989,185.502,3925.32,93.0,32.9767
6565,16.401,6870.46,1630.44,0.23731,57.7651,957522.9462,83.8928,2880.91,29.0,39.9654
6614,5.697,13439.3,4391.23,0.32674,157.174,1878267.227,174.898,5188.65,44.0,27.6896
6629,1.306,8333.18,1779.37,0.21352,79.7432,1184108.4419,97.2167,3826.08,19.0,34.9669
6680,2.139,5783.28,1550.29,0.26806,61.7558,729450.2828,88.1416,3103.39,16.0,39.4099
6688,1.483,8543.18,2564.18,0.30014,97.1421,1172329.0628,145.847,3299.83,8.0,36.3926
6692,1.903,13018.4,3142.68,0.2414,162.039,1832386.7956,205.372,5020.01,193.0,26.0682
6718,11.615,7139.97,2311.91,0.32379,57.6566,1024201.0261,90.0995,4697.94,29.0,36.0526
6725,1.828,8878.0,2154.47,0.24267,83.2424,1265016.465,118.232,4016.68,7.0,33.8535
6733,6.134,7157.9,2592.08,0.36212,65.8441,927537.3442,109.173,3819.8,53.0,38.4429
6747,15.419,7762.32,2620.42,0.33758,66.9231,1056831.071,107.268,3452.03,47.0,37.9448
6760,13.212,5840.53,964.96,0.16521,55.3865,809911.0225,66.6202,2378.05,32.0,41.702
6785,20.591,27897.4,12120.9,0.43448,215.085,3882443.5391,392.871,6101.83,156.0,23.6543
6786,0.825,14559.3,4303.71,0.29559,194.303,2025637.7057,228.913,5618.69,136.0,22.6537
6787,15.46,4611.9,1350.54,0.29283,52.1631,673654.3265,118.017,2650.11,79.0,43.5554
6793,3.597,11712.5,3453.86,0.29488,161.218,1628068.2378,203.923,4767.89,65.0,28.7676
6803,2.765,12469.7,3248.47,0.2605,161.258,1731263.3356,202.31,4804.28,55.0,28.5326
6818,16.289,13050.6,3528.64,0.27038,167.518,1860641.7225,172.735,5547.7,159.0,29.3294
6819,3.128,8132.15,2435.57,0.29949,88.0697,1084274.5626,130.581,3538.57,42.0,36.1264
6853,5.443,4938.94,1762.43,0.35684,30.7705,689378.6608,64.98,2169.86,40.0,43.6037
6867,1.565,11710.9,1967.35,0.16799,148.489,1636120.8912,157.1,4653.5,149.0,29.6624
6870,4.055,20601.6,6424.36,0.31183,302.148,2889345.0288,367.772,6142.53,144.0,17.6131
6897,1.547,13197.7,4076.57,0.30888,158.054,1840611.6273,229.279,4333.89,76.0,30.452
6925,7.528,4388.32,712.79,0.16242,46.5428,552546.9647,52.0792,1900.96,32.0,44.1261
6961,15.99,8782.4,3567.78,0.40624,89.8608,1277114.1755,116.322,3927.6,31.0,34.6952
6997,2.895,9065.45,3362.87,0.37095,118.888,1262972.5099,158.706,3870.22,69.0,34.608
7020,1.136,10189.7,2902.68,0.28486,110.975,1391681.767,158.749,4354.7,85.0,33.2992
7059,8.896,10774.7,3104.89,0.28816,115.711,1466270.3989,185.502,3925.32,93.0,32.9767
7084,2.02,7066.85,1756.15,0.2485,61.89,968988.0877,85.653,3082.34,49.0,39.5772
7139,0.969,22618.0,5515.27,0.24384,327.715,3097526.4269,396.871,6251.71,165.0,19.7699
7174,6.959,17210.2,6582.74,0.38249,236.38,2390086.7768,305.392,5792.18,123.0,22.5751
7176,11.274,3949.14,1220.54,0.30906,35.7484,535340.2698,50.3617,1393.0,32.0,44.4542
7191,19.915,15349.7,3847.17,0.25063,165.185,2179691.2419,193.698,6173.85,67.0,21.669
7194,3.016,6501.78,1691.43,0.26014,55.2899,928811.409,76.4022,2562.96,60.0,41.4424
7196,17.883,7879.82,2110.19,0.26779,63.2388,1119568.0627,91.9828,2995.45,36.0,38.481
7213,14.075,6848.31,1755.85,0.25639,69.632,937683.8603,97.1773,3317.69,78.0,34.6565
7220,7.78,7992.98,3078.29,0.38512,54.906,1104375.2391,122.208,4930.05,34.0,39.4052
7265,7.182,6280.76,1489.68,0.23718,60.5722,860810.8646,74.7218,3230.26,30.0,39.1176
7275,16.809,11288.2,4553.51,0.40338,91.7118,1595259.1664,167.618,4344.45,77.0,30.0752
7277,2.402,6692.99,1500.72,0.22422,68.9858,915574.4751,87.6395,3349.62,20.0,37.3461
7352,17.888,8087.16,2478.39,0.30645,67.3618,1100648.3041,103.315,3287.96,33.0,36.9674
7356,11.234,9754.16,3318.79,0.34024,88.9483,1315107.7036,146.286,3993.21,36.0,32.7846
7405,17.81,16825.7,6973.03,0.41442,160.102,2297531.7453,256.384,5493.13,125.0,23.8474
7427,3.689,12149.2,3102.77,0.25538,156.017,1692054.8716,197.548,4798.87,68.0,28.5229
7462,2.766,3721.9,1121.9,0.30143,35.7243,514283.1947,47.8828,1920.89,43.0,44.9743
7484,8.347,7214.78,1510.3,0.20933,67.1445,995803.6392,83.8316,3227.14,66.0,38.8807
7506,13.82,6325.95,1620.01,0.25608,61.2985,852026.8153,87.0017,3211.78,84.0,38.9202
7524,0.0,8589.17,2189.86,0.25495,65.5897,1225620.6725,103.37,4024.58,17.0,40.3822
7532,0.529,9250.46,2240.43,0.24219,104.47,1306903.0218,155.588,3831.36,14.0,34.1175
7570,14.328,6085.33,1662.17,0.27314,55.0287,845941.3162,85.9833,2418.19,67.0,41.1729
7588,6.004,9614.19,2113.76,0.21985,92.5237,1343570.5859,115.796,3840.52,159.0,35.092
7603,13.206,7455.12,3467.73,0.46514,79.8865,1028999.5398,146.792,3357.19,100.0,36.6455
7634,2.403,10024.1,2453.69,0.24477,92.1332,1386706.1242,129.616,4363.99,39.0,33.0482
7761,2.546,11104.7,2883.74,0.25968,148.197,1599052.5651,157.29,4113.19,130.0,32.4557
7787,4.205,5526.61,1504.36,0.2722,57.6953,733538.8435,84.3843,2663.35,33.0,41.0957
7815,3.916,12356.5,3753.89,0.30379,144.514,1735446.6041,167.2,5064.54,37.0,28.297
7818,4.36,6003.46,1835.72,0.30577,59.9882,833208.8808,81.8394,2996.92,38.0,39.743
7830,15.508,9077.29,3302.23,0.36379,76.8086,1239755.5619,136.79,4318.22,107.0,32.6447
7950,10.198,12246.1,2831.47,0.23121,111.081,1764688.6492,155.066,3768.36,119.0,35.9678
7993,2.312,11616.2,3284.75,0.28277,146.259,1554080.1548,165.496,4489.29,59.0,31.1681
8004,5.141,8268.31,2870.2,0.34713,79.4282,1118743.324,112.581,3239.92,122.0,35.1525
8011,0.43,8215.46,1965.91,0.23929,89.9302,1144934.4538,124.357,3211.65,4.0,37.0308
8022,15.847,6669.77,2337.11,0.3504,56.8882,900204.5282,97.9901,2474.26,32.0,41.1828
8033,1.311,8687.47,2030.26,0.23369,99.572,1212440.3727,134.281,3544.19,16.0,34.5504
8038,12.842,5654.21,1901.42,0.33628,52.6907,785580.8664,86.211,2565.1,105.0,40.8509
8092,1.697,12595.3,3814.2,0.30282,158.679,1777113.7705,233.715,4307.21,80.0,30.465
8107,16.795,5134.63,2025.52,0.39448,23.8196,698818.028,76.6501,2581.94,32.0,44.9337
8111,20.028,16671.4,5867.05,0.35192,186.604,2335084.9188,212.151,5212.22,108.0,26.1972
8113,16.299,8686.88,3445.0,0.39657,85.8173,1180310.4014,131.329,4092.82,48.0,31.6682
8137,5.023,5889.13,1410.02,0.23942,67.6706,805432.1418,78.6082,3290.19,45.0,38.6743
8139,16.022,11004.4,3919.52,0.35617,93.3183,1537958.5116,143.005,4530.66,113.0,31.8603
8149,17.03,12399.6,4998.18,0.40309,97.8882,1754092.0974,164.544,3650.07,91.0,34.669
8150,2.333,5802.07,1527.46,0.26326,61.2506,730524.7715,88.5772,3097.87,16.0,39.4311
8192,2.124,7406.42,2148.12,0.29003,67.2913,1020437.8138,94.5456,3100.34,60.0,39.6071
8220,2.338,11712.2,2986.5,0.25499,135.713,1597826.8003,150.287,3943.24,229.0,32.5641
8242,18.988,13460.4,3589.39,0.26666,112.072,1905414.382,199.395,4398.75,106.0,25.6055
8245,6.763,5596.31,2196.03,0.3924,50.4394,788342.7281,78.1761,2110.05,4.0,41.822
8275,18.226,13936.4,3778.19,0.2711,97.8754,1915213.7271,161.385,4730.63,154.0,31.2696
8286,2.137,9935.41,3221.14,0.3242,89.9065,1394922.3537,131.037,4562.51,41.0,33.2536
8295,7.123,6161.94,1497.46,0.24301,72.3043,861296.005,77.5524,2860.41,69.0,39.226
8394,2.623,8375.36,2884.58,0.34441,94.047,1167484.8148,136.124,3544.81,26.0,35.82
8412,1.623,6044.97,1817.41,0.30064,58.856,837985.0961,85.1015,2700.73,42.0,40.6968
8418,1.733,13747.5,4026.86,0.29291,211.838,1907420.2313,239.04,5312.16,291.0,24.8671
8419,15.165,7673.78,2860.39,0.37274,85.0497,1043122.7716,105.434,3528.55,57.0,38.3773
8423,18.406,10152.8,3425.93,0.33743,97.1598,1328462.1644,160.599,4337.03,92.0,34.3499
8488,6.438,6693.07,2383.21,0.35607,62.9831,918470.4954,92.6733,3200.33,44.0,38.4096
8493,16.229,8739.99,2561.6,0.29308,67.2032,1262982.0788,97.6349,2752.98,76.0,39.5439
8505,3.593,12591.1,3368.57,0.26753,161.199,1740530.876,206.081,4780.13,72.0,28.5889
8520,17.368,7990.89,2832.23,0.35443,62.6798,1063460.9987,121.392,3219.48,44.0,36.6057
8536,1.81,10596.5,3488.52,0.32921,126.228,1430361.5701,163.697,4134.13,49.0,33.3362
8559,2.411,10481.7,3250.45,0.3101,118.42,1511046.6571,139.669,3804.95,65.0,34.9561
8569,11.359,8010.9,1695.55,0.21165,70.1205,1145999.7053,87.9373,3725.93,39.0,37.4522
8588,2.82,7322.42,1941.08,0.26508,83.3972,1016097.9938,84.9922,3910.75,59.0,34.1523
8594,9.687,4818.2,913.14,0.18951,43.0455,644264.8671,57.6222,2743.98,15.0,43.115
8614,4.568,11377.5,3708.23,0.32592,110.343,1570569.8779,167.482,4549.49,19.0,31.9591
8644,3.035,6943.24,2020.44,0.29099,63.3832,982012.4689,87.361,3225.27,20.0,38.5384
8678,3.825,21667.6,6866.31,0.31689,318.255,2998260.2804,371.29,6252.16,105.0,17.5899
8703,12.831,6437.43,1840.74,0.28594,61.6685,897784.0296,94.5444,3259.32,44.0,37.9003
8715,2.934,16379.5,4419.91,0.26984,232.711,2316686.242,280.683,5562.84,109.0,22.0775
8725,1.875,8854.09,2257.53,0.25497,96.1478,1231030.8547,134.307,4032.76,167.0,33.4462
8731,2.291,4542.55,874.95,0.19261,41.2436,592639.5948,65.2788,2596.06,12.0,43.5074
8745,15.192,5709.26,1946.16,0.34087,38.1677,793559.4532,84.7459,2178.28,8.0,42.5493
8752,3.191,13007.7,3515.7,0.27027,134.446,1807637.8494,166.563,4600.43,56.0,29.8229
8793,1.083,9010.38,2380.99,0.26424,110.169,1229474.9401,154.51,4121.91,64.0,33.1103
8808,19.443,14136.2,2811.56,0.19889,150.348,1939878.8877,183.327,4120.31,130.0,31.7594
8828,1.984,13029.4,3285.33,0.25214,167.588,1844013.4557,192.075,5023.29,205.0,27.8925
8840,14.572,4531.35,979.75,0.21621,40.8206,620893.42,52.1729,2664.59,35.0,42.3324
8866,18.023,11357.9,3597.81,0.31676,120.679,1583912.0054,174.378,4853.99,130.0,29.1362
8904,20.139,7717.38,2058.54,0.26674,69.9242,1097381.1535,89.972,3765.81,30.0,34.6352
8918,17.925,8467.68,1863.94,0.22012,82.0691,1149611.9915,107.747,3678.18,9.0,35.5628
8929,0.927,8715.31,2039.52,0.23401,96.275,1225429.7214,136.984,3535.73,14.0,34.691
8961,2.055,12005.6,4522.35,0.37668,126.241,1676921.4859,190.771,4230.3,39.0,30.4931
8984,20.116,16721.5,6211.7,0.37147,89.023,2269286.5608,253.934,14654.01,92.0,35.1392
9032,14.001,8454.23,2897.78,0.34276,51.1771,1135163.1302,124.785,4705.93,33.0,37.3846
9070,15.351,9941.56,2388.47,0.24025,102.637,1367804.5181,145.543,4198.76,65.0,33.887
9074,2.766,8743.72,2944.5,0.33675,99.7259,1214258.9065,126.067,3610.34,15.0,35.5665
9146,16.843,7277.0,2493.85,0.3427,66.3944,1031846.8808,95.2588,4121.76,51.0,37.6682
9157,14.467,6362.21,2148.5,0.33769,51.9364,878340.6769,92.4119,2845.2,85.0,39.6621
9187,19.735,13583.9,5474.68,0.40302,154.529,1912526.8912,217.571,5051.97,43.0,28.3382
9220,2.159,9543.45,2234.61,0.23415,111.864,1324950.2436,132.213,4221.34,56.0,34.3281
9230,1.756,7478.44,1957.34,0.26173,75.2874,987920.2593,111.326,3606.19,73.0,37.0107
9261,5.108,19340.0,7027.58,0.36337,240.905,2680820.4118,318.923,5842.31,129.0,20.2816
9265,8.525,9615.16,3816.72,0.39694,92.5227,1292445.1232,171.885,4345.53,107.0,32.9604
9282,1.454,8732.18,1830.68,0.20964,80.7812,1264674.7469,101.775,3894.85,10.0,35.0497
9283,4.881,19610.0,5147.05,0.26247,275.338,2699116.7199,273.233,5582.64,197.0,25.0015
9295,1.484,14759.8,5006.88,0.33922,177.253,2067400.695,261.696,5311.69,161.0,24.4198
9301,1.402,8816.0,1933.64,0.21933,98.5751,1219005.1769,133.41,3651.58,16.0,34.0844
9305,2.47,5587.22,1649.55,0.29523,46.5282,780294.1428,63.557,1960.29,19.0,43.4824
9340,17.65,12069.7,3719.25,0.30814,110.242,1750685.1223,155.181,4589.64,87.0,27.8423
9383,13.506,6580.46,2517.63,0.38259,63.8545,908384.5614,101.972,3695.69,99.0,38.2498
9394,12.147,7529.59,2594.5,0.34457,68.9174,1026697.7313,104.633,2892.41,59.0,40.022
9399,16.543,7901.36,2319.62,0.29357,88.8173,1077800.3536,119.225,4258.85,52.0,31.5772
9402,13.853,6322.06,1834.35,0.29015,69.5473,905818.823,83.2798,3089.95,16.0,38.9331
9414,1.67,11549.6,2444.33,0.21163,149.057,1607640.3559,171.821,4103.4,67.0,31.6792
9416,4.048,9793.85,2950.77,0.30128,106.046,1367720.1606,156.949,4005.22,42.0,32.8201
9420,2.543,20629.6,6533.13,0.31668,260.764,2808397.4431,329.095,6037.79,325.0,21.4202
9424,1.658,4379.45,1460.58,0.3335,35.0242,602399.6175,54.7164,1441.5,19.0,44.4085
9443,13.887,11124.1,3655.44,0.3286,92.793,1579672.9232,146.753,4953.02,114.0,30.7771
9503,2.264,10119.4,3197.12,0.31593,95.3225,1374498.1478,156.33,3910.1,122.0,34.1501
9504,13.009,6721.47,2087.72,0.3106,48.1854,941831.8895,87.0748,2635.26,60.0,39.903
9511,1.112,5581.97,1008.14,0.1806,48.4464,799308.1909,67.5923,2882.38,58.0,39.9981
9545,1.293,7166.24,2009.66,0.28043,78.9683,974575.2236,108.075,3085.98,74.0,39.0231
9562,8.868,4534.52,1177.71,0.25972,42.8817,647212.4218,62.4263,2290.65,35.0,43.3968
9569,10.047,6656.88,2194.43,0.32964,55.4783,887392.7125,99.0874,2552.36,26.0,41.6244
9585,2.379,14681.3,3861.89,0.26304,186.054,1975006.4917,217.106,5012.55,180.0,27.0651
9594,5.557,8310.24,2829.77,0.34051,57.7894,1185580.5797,108.349,3706.49,43.0,38.4216
9624,10.13,13098.6,4155.28,0.31723,190.324,1724551.2517,238.235,5257.12,90.0,25.1236
9632,2.82,8791.92,2528.32,0.28757,77.5369,1228130.7192,109.975,4322.21,61.0,34.1523
9633,1.393,14898.7,5055.77,0.33934,179.764,2087209.6022,260.443,5401.42,153.0,24.3386
9635,1.71,13986.3,3522.66,0.25186,200.502,1898531.0807,207.401,4617.45,180.0,29.1334
9637,18.49,14554.3,4570.85,0.31405,148.531,2064651.7072,174.403,4526.03,113.0,30.9799
9644,3.084,10144.5,3901.73,0.38461,126.18,1340377.6953,190.849,4447.37,191.0,31.0181
9659,14.888,10008.7,3397.72,0.33947,110.014,1363453.1514,155.744,4251.43,52.0,33.8747
9709,11.759,16720.4,3345.16,0.20006,205.029,2400036.7983,256.846,5379.64,278.0,21.8332
9723,3.276,14837.7,3863.46,0.26038,200.347,2047091.9488,255.383,5084.22,182.0,25.5989
9725,0.0,12809.5,1935.05,0.15106,151.828,1729134.9015,201.006,4828.54,65.0,46.5464
9737,13.674,6791.12,2282.06,0.33603,63.5157,975753.7864,87.4271,3677.29,76.0,39.8216
9748,4.836,6383.93,1228.54,0.19244,55.0556,895224.7005,65.7043,3058.76,19.0,39.489
9756,12.524,5742.38,1980.47,0.34488,52.5029,817707.7926,83.3968,2945.28,41.0,38.2161
9762,1.883,5644.97,1302.96,0.23081,52.0101,807953.4346,69.468,2951.74,55.0,40.1463
9765,2.82,8791.92,2528.32,0.28757,77.5369,1228130.7192,109.975,4322.21,61.0,34.1523
9772,2.056,10226.7,2796.47,0.27344,95.1184,1440291.4536,142.611,3719.23,124.0,35.5211
9778,2.002,10518.5,3154.31,0.29988,116.041,1503990.54,135.25,3871.15,58.0,34.7411
9843,16.793,7900.34,2510.92,0.31782,64.2124,1098094.4971,128.2,4103.57,58.0,35.1425
9882,7.627,10127.9,3686.05,0.36395,106.741,1413407.1188,181.386,4072.85,126.0,25.7871
9923,20.99,14682.8,6816.14,0.46422,194.262,1908113.2119,270.391,3962.65,242.0,32.0497
9937,11.696,6742.15,2350.2,0.34858,60.7563,970083.8139,93.3534,3451.8,22.0,37.764
9940,7.262,7403.5,1998.39,0.26992,68.8133,1026816.8377,102.189,3209.95,33.0,36.153
9946,2.808,15369.9,5604.21,0.36462,241.835,2029845.0319,167.39,4069.6,120.0,32.0638
9959,13.735,6655.65,1919.88,0.28845,49.0605,926222.7772,85.768,2547.95,71.0,40.5511
9966,2.759,14782.7,3655.11,0.24725,203.443,2070971.6943,234.572,4950.14,137.0,26.8524
10003,10.252,7182.05,2359.8,0.32856,55.8177,973376.0357,101.397,2801.82,19.0,40.958
10016,19.888,12938.7,4759.23,0.36782,127.715,1796932.4697,195.104,4950.95,115.0,29.479
10018,1.16,15299.6,3936.95,0.25732,183.871,2166325.2073,216.391,5708.49,66.0,22.9468
10052,6.618,4485.92,1491.32,0.33244,46.6687,616064.2934,62.0587,2133.76,12.0,43.1384
10090,5.369,14032.3,4981.9,0.35503,156.167,1950010.7854,202.241,5027.57,80.0,27.3715
10104,2.113,9769.08,2470.91,0.25293,98.0514,1370890.9352,133.123,3669.25,123.0,34.5598
10116,2.982,12346.1,3129.92,0.25351,145.761,1660213.1578,177.221,4549.0,66.0,30.8936
10151,18.278,9907.49,3977.94,0.4015,79.0427,1346308.877,156.049,3712.3,103.0,32.9882
10154,2.006,5813.62,2047.94,0.35226,70.9448,805989.3915,86.9085,2993.87,38.0,39.7321
10203,19.233,9329.77,2846.36,0.30508,132.291,1281290.7745,198.33,4040.15,80.0,32.7061
10226,2.331,3297.88,874.41,0.26514,24.6175,445013.8515,34.043,1336.21,2.0,45.4312
10228,15.119,7437.31,1812.1,0.24364,82.9336,1009164.982,97.6373,3696.41,33.0,36.4802
10229,2.155,9344.85,2729.86,0.29212,86.1413,1318369.0217,136.721,3895.98,2.0,35.4931
10244,1.761,14003.4,3561.37,0.25432,196.526,1914392.2896,213.84,4570.62,185.0,28.7971
10251,5.484,8599.03,2255.52,0.26229,94.5654,1164800.6437,91.6702,4080.02,17.0,33.0828
10262,2.404,14342.4,4666.66,0.32537,142.586,1998586.2964,212.82,4854.04,138.0,27.69
10274,1.904,4239.89,756.36,0.17839,40.7348,561823.8397,61.1931,2552.57,11.0,43.3641
10299,15.828,6902.4,1517.22,0.21981,89.4131,951799.4102,84.4356,2984.31,27.0,38.5487
10359,5.888,8168.32,2103.36,0.2575,73.7491,1130304.8457,104.359,3645.21,44.0,36.0933
10370,5.271,7713.88,1699.24,0.22028,64.2659,1110612.8386,80.7132,2675.15,30.0,39.7539
10389,11.185,7673.54,1768.38,0.23045,68.6991,998774.1071,95.1338,3304.44,13.0,38.373
10411,2.715,4753.12,1123.5,0.23637,46.5998,651657.746,62.6274,2774.2,10.0,41.5901
10426,9.449,8243.96,1297.38,0.15737,77.3033,1092942.454,99.9672,3747.45,33.0,36.303
10438,20.703,15935.1,4411.94,0.27686,183.302,2278522.0034,260.836,4988.29,65.0,26.4925
10461,2.906,11139.1,2995.9,0.26895,148.071,1579023.9226,155.89,4081.81,126.0,32.3952
10462,1.128,20872.6,5411.19,0.25924,319.201,2840225.0047,421.109,6268.99,161.0,19.6687
10481,2.688,5151.76,1295.53,0.25147,41.2265,727663.9153,62.1831,2270.44,11.0,42.3324
10487,3.543,10723.3,3470.31,0.32362,141.076,1479875.4578,163.472,5054.74,39.0,27.9776
10490,13.517,5924.06,1838.04,0.31026,51.6881,810790.403,81.4036,2506.55,46.0,41.6979
10525,1.838,7196.2,2179.13,0.30281,65.999,1015742.581,89.2865,3596.62,32.0,37.9641
10583,4.931,7472.25,2214.08,0.2963,77.5271,1036179.5002,107.923,3469.82,36.0,36.3644
10600,3.713,8890.25,2418.96,0.27209,82.3587,1254008.3403,120.718,4015.04,76.0,34.2824
10609,14.37,8842.12,3218.52,0.36399,67.6585,1249224.6775,130.9,4091.38,81.0,35.013
10627,12.744,11628.4,4914.74,0.42264,109.948,1616873.2297,177.182,4492.33,66.0,32.4058
10628,4.216,8016.16,2203.06,0.27482,87.0085,1082785.9054,132.716,3587.29,49.0,34.5284
10639,11.697,5528.61,1527.57,0.2763,48.3043,705180.4597,75.8347,2151.82,26.0,43.1881
10653,15.293,8598.35,3076.25,0.35777,79.0354,1157046.6237,123.443,3887.75,57.0,34.8569
10667,1.685,14314.4,4501.65,0.31448,170.707,1981615.1052,210.476,5224.38,188.0,26.6858
10681,1.761,14003.4,3561.37,0.25432,196.526,1914392.2896,213.84,4570.62,185.0,28.7971
10707,2.189,6326.0,1793.97,0.28358,68.1745,907943.9029,81.5064,3076.6,14.0,38.4354
10744,5.128,6767.22,1793.62,0.26504,62.0567,940895.8836,87.4432,3410.65,28.0,37.2273
10753,2.076,7312.12,2510.53,0.34333,81.1725,994360.6827,103.359,3750.1,34.0,36.1147
10775,1.151,7059.95,2717.73,0.38495,62.3161,1032346.8028,97.5832,3197.84,30.0,38.9393
10782,4.668,6070.52,1341.13,0.22092,64.7177,750144.9069,88.6414,3056.61,38.0,39.8431
10800,4.957,16072.1,4371.61,0.27199,215.754,2231824.4193,290.339,4999.11,195.0,27.1516
10808,2.124,9036.87,2026.18,0.22421,103.117,1228972.4666,141.617,4255.72,37.0,32.826
10813,11.998,20788.8,6549.1,0.31503,187.349,2876370.6904,290.483,6774.46,49.0,28.4449
10929,4.939,9388.37,1779.41,0.18953,91.71,1264861.1604,121.606,3754.45,155.0,34.9268
10957,4.124,10698.4,4225.52,0.39496,125.606,1463354.3987,187.521,3901.41,36.0,32.9219
10967,18.69,18382.3,5228.06,0.2844,183.128,2539087.7706,243.598,5044.38,51.0,25.4628
10983,12.912,5813.39,1912.46,0.32897,54.021,808347.8398,89.7389,2572.9,95.0,40.8057
10984,1.807,6177.4,1023.74,0.16572,52.1179,878270.4646,66.8137,2757.37,1.0,41.9777
11010,3.827,8762.3,2524.0,0.28805,93.6423,1194882.2627,114.99,3750.11,40.0,35.8528
11025,4.235,5247.3,2079.9,0.39637,34.7481,745029.6842,68.8069,2516.76,39.0,42.7611
11046,1.722,6801.38,2082.09,0.30612,61.9964,921625.8019,99.0038,3092.52,13.0,40.7196
11074,1.537,10085.3,2632.1,0.26098,97.9308,1438892.7573,147.763,3959.03,39.0,33.1908
11076,10.419,9967.09,3031.12,0.30411,105.956,1400236.1094,118.467,3578.52,54.0,37.0335
11094,2.84,8937.79,2029.09,0.22702,84.3851,1276273.0025,105.639,3845.29,66.0,35.9884
11102,1.769,6265.64,1450.42,0.23148,51.4242,874992.5086,69.009,3275.98,57.0,39.2913
11107,13.201,9210.21,2652.7,0.28801,52.6173,1273311.3832,136.33,4103.05,9.0,34.2299
11126,0.51,9787.82,2411.97,0.24642,103.034,1386497.176,157.029,3842.86,15.0,34.0715
11164,8.296,8653.05,4297.05,0.49659,92.4126,1073443.3135,164.905,2436.04,125.0,39.9021
11184,3.433,10233.1,3312.4,0.32369,120.408,1421795.6988,180.754,3762.86,34.0,33.129
11204,14.806,10881.5,4242.15,0.38984,97.3172,1454184.2619,189.652,4838.23,66.0,33.422
11242,2.546,11104.7,2883.74,0.25968,148.197,1599052.5651,157.29,4113.19,130.0,32.4557
11248,4.928,13287.2,4429.55,0.33336,172.131,1837116.7529,209.112,4854.35,105.0,28.1205
11284,8.157,7824.86,2300.86,0.29404,60.1131,1081418.3574,108.058,3569.24,31.0,37.4044
11338,4.951,8387.19,2278.04,0.2716,91.7564,1178104.0129,109.957,4083.76,125.0,34.6103
11355,2.626,12392.3,3409.53,0.27513,155.739,1728184.7211,201.541,4804.17,56.0,28.5824
11357,3.379,23122.9,7037.64,0.30435,303.018,3210589.4534,374.706,6304.09,99.0,17.7771
11371,19.043,9397.53,3694.46,0.39313,61.8708,1292081.2709,133.64,4248.59,67.0,33.8899
11446,17.83,7982.29,2026.07,0.25382,101.373,1081702.702,88.7957,3890.74,16.0,34.8059
11450,2.284,6466.21,1883.86,0.29133,72.9844,853903.3256,105.485,3431.47,81.0,37.9647
11478,1.223,6317.02,2060.39,0.32616,56.4045,871911.4826,92.7195,3721.95,68.0,36.8924
11550,2.277,5690.85,1405.61,0.24699,47.2847,804751.2602,61.0073,2450.35,10.0,41.6317
11554,2.758,7926.82,2072.03,0.26139,87.1874,1106242.5499,98.1531,3048.9,28.0,38.4395
11600,12.876,18838.5,6007.93,0.31891,210.591,2580050.355,316.456,6061.83,223.0,19.7379
11623,20.287,19922.7,7217.37,0.36226,209.006,2625979.3273,278.05,32011.55,128.0,28.9641
11630,13.509,5270.16,1367.51,0.25948,49.2142,693287.8378,81.3754,2595.95,51.0,37.1786
11672,2.439,9087.12,2498.08,0.2749,84.179,1267466.6261,136.933,3980.62,4.0,35.1693
11708,3.846,14001.8,3985.9,0.28467,168.352,1979971.7877,218.716,5334.06,200.0,25.6144
11723,13.35,8915.45,3715.23,0.41671,48.2541,1210128.9153,142.02,3945.84,60.0,35.5232
11751,1.232,8552.2,2287.13,0.26743,97.3312,1214349.6079,124.557,4007.2,163.0,33.6722
11754,0.694,10907.5,2632.15,0.24131,133.618,1513866.5603,172.283,4731.57,175.0,28.4298
11758,2.486,7605.09,1503.41,0.19768,80.3385,1069549.4462,96.1231,3802.07,9.0,34.0335
11778,14.365,8682.14,3165.97,0.36465,69.7644,1182372.7215,140.553,3694.2,38.0,36.7657
11782,19.566,9687.39,3580.99,0.36965,114.195,1328584.6626,136.628,4651.61,93.0,31.3608
11792,0.605,7938.3,2203.57,0.27758,85.4833,1095569.0301,112.489,3100.17,21.0,37.68
11831,2.891,7277.49,2499.48,0.34345,63.5592,1016229.3333,99.1907,3581.59,77.0,36.5331
11841,12.605,8512.92,3128.96,0.36755,79.9301,1168105.0734,117.771,4065.17,28.0,33.0749
11890,1.534,8970.15,1870.43,0.20851,98.3727,1244694.5422,134.503,3643.37,20.0,34.5736
11908,12.111,8330.89,2054.49,0.24661,87.9469,1128079.174,96.9907,3610.31,52.0,36.4716
11916,1.199,15044.4,3973.61,0.26412,181.998,2114283.3422,218.858,5718.14,65.0,22.9852
11949,10.702,7625.3,2750.26,0.36067,62.9512,993606.0036,128.733,3825.13,47.0,37.7713
11950,14.03,6941.68,2105.38,0.30329,67.7991,934665.9327,92.5087,3293.02,40.0,38.5215
11958,3.576,16116.2,3893.49,0.24158,201.47,2233799.8438,229.397,5214.51,114.0,25.6073
11959,4.203,13814.4,4887.64,0.3538,159.827,1909092.6402,206.916,5069.01,140.0,27.565
11982,4.383,7577.0,1892.93,0.24982,80.9492,1060407.2556,114.387,3861.27,91.0,34.4751
11985,2.22,5045.39,1134.63,0.22488,43.8354,721273.7405,53.2724,2406.79,21.0,42.2826
11988,18.804,9861.52,3606.39,0.3657,101.819,1326265.9943,141.792,4584.42,92.0,32.5149
11999,13.027,7840.57,2938.36,0.37476,58.6029,1129109.9756,111.46,4890.43,23.0,36.7483
12041,4.785,6407.1,1712.6,0.26729,64.6268,880093.8585,87.1472,3217.3,52.0,38.872
12099,2.48,8170.74,3019.34,0.36953,81.1921,1126856.4895,113.433,3807.62,23.0,34.9622
12104,2.9,14417.7,3656.59,0.25361,207.285,1993720.0416,241.389,4932.2,131.0,26.9846
12109,11.379,6066.56,1448.61,0.23878,52.9257,841397.0537,77.6181,3166.2,18.0,39.2547
12153,1.541,9082.54,1831.96,0.2017,98.813,1266490.1735,130.001,3639.73,20.0,34.0878
12162,20.397,14438.3,6064.39,0.42002,97.5512,1940845.1871,240.432,3831.69,130.0,32.6988
12187,3.294,9903.12,3023.8,0.30533,94.8281,1397414.8907,134.63,4168.71,94.0,33.38
12234,3.37,20125.2,6119.26,0.30405,263.523,2791910.1448,324.789,5546.13,81.0,23.0423
12249,1.486,15106.3,3712.09,0.24573,180.629,2139430.9206,214.075,17317.65,96.0,26.7841
12265,0.619,7856.29,2049.53,0.26087,84.6363,1083509.9896,110.105,3090.39,21.0,37.8149
12267,13.455,7769.58,1803.83,0.23216,72.994,1022336.1234,109.577,3161.73,58.0,39.0057
12269,1.856,7117.99,2373.9,0.3335,79.6279,974005.0434,100.201,3314.0,64.0,38.5985
12277,17.618,6027.56,826.87,0.13718,46.8923,794971.1787,68.4559,2749.83,53.0,40.6462
12280,5.875,6696.9,2247.72,0.33563,59.7383,919484.2539,101.706,3008.65,100.0,38.5088
12296,18.681,10163.8,4075.64,0.40099,105.614,1414411.8336,142.287,3731.89,155.0,34.4884
12312,2.681,6628.7,1174.41,0.17717,51.518,909267.5902,82.5773,2852.38,34.0,40.2904
12341,18.794,14751.4,4157.59,0.28184,197.178,2057502.2789,222.528,5618.46,142.0,22.8367
12349,11.047,16629.6,5644.16,0.3394,165.423,2358211.463,226.136,5739.87,146.0,27.7185
12361,17.36,8371.14,3175.04,0.37928,63.0333,1143962.2916,119.654,4082.51,34.0,34.9505
12380,3.653,8336.41,2306.88,0.27672,90.117,1159023.7701,111.85,4038.04,42.0,35.4523
12416,2.237,8743.15,2428.11,0.27771,93.6212,1197834.7683,115.062,3776.38,38.0,35.3003
12449,20.097,11157.4,5835.08,0.52297,93.0382,1403815.6846,218.27,3200.09,112.0,36.9624
12462,12.031,8575.06,2470.77,0.28813,94.2846,1178899.8606,105.576,3451.91,18.0,36.044
12482,7.276,15101.6,5610.28,0.3715,176.228,2058624.052,249.467,4649.43,111.0,29.9642
12499,1.781,5598.63,1483.16,0.26491,56.5644,725196.1603,91.6329,3472.75,15.0,40.3879
12546,16.521,6718.46,1906.88,0.28382,58.4423,873151.7729,88.4264,3113.72,42.0,39.959
12567,0.618,6236.52,932.47,0.14951,46.2675,879444.7988,74.1833,2673.54,1.0,42.1523
12596,4.437,9759.95,3299.54,0.33806,93.2773,1394731.6418,143.226,4076.19,104.0,33.2
12613,3.983,10704.5,3188.58,0.29787,109.157,1472331.0091,150.348,4488.03,11.0,34.6002
12626,1.251,5696.01,1265.71,0.2222,60.6446,780671.4817,76.5461,2697.31,18.0,40.6235
12668,5.887,12403.7,4289.67,0.34583,162.466,1712103.2527,222.253,4760.28,122.0,28.9092
12699,2.023,6510.08,1796.83,0.276,69.6736,869889.4746,87.2361,2969.6,25.0,39.0507
12711,8.965,4905.81,1752.44,0.35721,40.133,670789.1202,66.8604,2024.02,41.0,43.4138
12725,2.418,6584.68,1929.07,0.29296,64.2853,891659.3787,88.1107,3149.49,35.0,40.0574
12727,1.811,5510.54,1388.35,0.25194,58.6554,717894.4531,89.3817,3473.06,15.0,40.3201
12770,1.946,11497.3,2809.92,0.24439,162.878,1596788.7365,188.582,4673.15,52.0,29.5414
12771,15.781,7638.81,2218.77,0.29046,89.5807,1021922.7944,107.721,3400.84,34.0,31.0904
12788,18.512,9769.83,4307.0,0.44084,99.1007,1391235.4351,144.314,3702.96,25.0,32.982
12801,8.463,7088.25,1626.77,0.2295,65.4674,982373.0897,80.9404,2853.79,28.0,39.9872
12808,14.19,5318.71,1391.89,0.26169,36.0608,727212.3774,68.4684,1999.8,22.0,42.5937
12833,4.856,8111.67,2457.95,0.30301,86.438,1152361.5126,117.219,3453.57,31.0,37.4
12838,0.605,7938.3,2203.57,0.27758,85.4833,1095569.0301,112.489,3100.17,21.0,37.68
12846,5.28,5839.81,1939.04,0.33203,68.246,799378.8717,93.8876,2960.47,31.0,40.0369
12870,15.775,8456.67,2523.19,0.29836,102.484,1176223.8993,115.266,3376.07,49.0,35.7961
12879,15.792,8551.43,2679.05,0.31328,84.6247,1226095.0869,120.688,3999.55,39.0,35.2905
12893,4.65,14681.2,4425.15,0.30141,196.108,1990608.5797,229.956,5102.24,173.0,26.3015
12894,3.987,12345.7,3875.86,0.31394,151.309,1736884.158,165.033,5138.09,30.0,27.9515
12910,7.222,5135.05,1198.25,0.23334,62.8365,685023.8468,77.8196,2831.84,59.0,40.862
12946,6.963,14138.2,2845.75,0.20128,137.564,1948393.034,204.781,5535.64,110.0,25.7499
12953,6.826,8662.74,3208.86,0.37042,81.8077,1243284.8064,128.771,3675.79,52.0,37.992
12965,16.943,12765.6,4544.25,0.35597,111.97,1856741.3301,171.168,4847.24,120.0,33.0995
12966,8.207,16044.9,5114.03,0.31873,184.778,2239953.3545,265.554,5438.67,95.0,25.4302
12980,2.093,14343.7,4843.24,0.33765,185.984,1987341.4625,246.954,5354.38,156.0,46.5464
12987,5.905,13126.5,4166.32,0.31739,156.45,1838419.3141,171.484,5162.95,43.0,29.4558
12997,10.935,6941.95,2322.06,0.33449,49.32,891835.4156,108.841,2511.37,37.0,42.7334
12999,2.096,4741.31,1670.65,0.35236,33.6279,668328.0693,59.6953,1456.21,40.0,42.731
13002,15.856,10385.2,4115.91,0.39632,81.8092,1414109.4077,151.392,4648.75,43.0,34.8565
13005,1.16,15299.6,3936.95,0.25732,183.871,2166325.2073,216.391,5708.49,66.0,22.9468
13025,15.483,5958.27,2128.37,0.35721,40.0549,834681.6662,91.3256,2825.04,40.0,40.5554
13081,1.856,12087.2,2148.87,0.17778,144.399,1697901.907,166.936,4629.41,161.0,29.3976
13088,0.798,9589.2,2628.31,0.27409,104.568,1309211.0436,152.784,4152.26,75.0,33.1885
13096,3.228,10409.9,2738.1,0.26302,104.369,1442380.5138,143.193,3868.97,13.0,34.5482
13116,0.735,10770.4,2731.29,0.25359,132.366,1498115.95,168.971,4664.07,173.0,28.7369
13135,1.48,9285.36,3001.28,0.32322,99.0026,1272237.3788,144.299,3591.38,118.0,33.4198
13186,15.221,6631.81,2079.09,0.3135,62.6488,870019.2163,96.8175,2912.35,5.0,39.1709
13187,1.365,14879.9,2804.42,0.18847,179.49,2062455.8009,220.011,4727.88,32.0,29.5086
13210,20.895,6867.76,2003.14,0.29167,53.6379,899826.6544,113.262,5484.79,20.0,37.2356
13221,18.97,13136.3,5060.9,0.38526,117.788,1798735.5243,196.256,4668.51,123.0,34.0247
13237,1.813,5935.36,1914.38,0.32253,56.3656,808269.216,96.0892,3288.99,66.0,36.0959
13239,11.759,7763.41,2263.75,0.29159,62.4946,1062184.306,106.804,3249.5,29.0,38.4935
13253,8.421,6064.55,1451.94,0.23941,70.6088,852192.0814,70.2449,2846.54,75.0,38.5584
13273,0.659,8431.26,2087.62,0.2476,92.8377,1177120.1363,125.83,3218.2,5.0,36.636
13279,15.353,5971.28,1375.53,0.23035,42.2214,813818.0414,89.4058,3025.82,27.0,40.179
13300,14.967,6057.25,2172.82,0.35871,69.6267,821369.1697,104.321,2974.37,78.0,39.6121
13304,13.996,4656.42,1002.07,0.2152,41.7507,650793.433,57.2816,2282.19,31.0,43.4063
13321,18.079,8295.75,2904.2,0.35008,63.8841,1149770.2548,123.705,3377.15,33.0,34.9146
13347,1.751,8263.37,2516.83,0.30457,94.1182,1116169.209,115.899,3274.95,78.0,38.514
13368,7.097,8557.14,2648.82,0.30954,80.6379,1163305.9899,100.998,3829.1,11.0,36.1404
13373,2.717,16124.5,3981.11,0.24689,228.397,2267632.5664,257.988,5566.98,101.0,22.1022
13380,1.995,9287.84,2423.67,0.26095,94.367,1280157.7805,124.259,3840.1,43.0,32.9692
13420,11.232,3976.83,1204.7,0.30292,34.8859,542591.8868,48.8025,1387.69,32.0,44.4546
13442,1.783,11931.2,3079.55,0.2581,131.446,1650146.6773,166.682,4477.66,87.0,31.5748
13466,1.74,11273.0,3060.91,0.27152,136.936,1557431.5738,159.77,4445.28,91.0,31.6037
13484,11.817,7215.39,1931.56,0.2677,59.0929,1024549.1742,79.9564,3673.5,50.0,38.7246
13504,15.506,7476.14,1782.84,0.23847,68.2496,1026222.1748,94.4442,3484.79,59.0,37.8457
13515,5.275,6369.06,1428.83,0.22433,53.8798,908975.051,74.5971,3258.22,27.0,37.9083
13541,4.825,6969.27,2191.89,0.3145,65.3793,971580.8657,82.0383,3979.06,72.0,37.4451
13569,2.74,12958.4,3493.28,0.26957,162.594,1798705.2028,211.935,4827.72,50.0,28.4308
13574,2.363,11398.9,3783.27,0.33189,121.276,1594026.8135,168.347,4303.42,37.0,30.7893
13577,3.044,10235.5,2726.73,0.26639,121.09,1447768.2223,156.585,4415.96,40.0,31.7155
13585,12.001,6752.64,2451.0,0.36296,62.3431,986187.3042,112.225,2338.42,47.0,41.7431
13635,8.421,6064.55,1451.94,0.23941,70.6088,852192.0814,70.2449,2846.54,75.0,38.5584
13650,2.733,16408.8,5360.19,0.32666,232.975,2243620.2799,251.447,5458.06,125.0,23.7282
13678,13.016,7691.42,3059.01,0.39771,53.6536,1118953.1147,118.681,3871.74,69.0,32.7081
13705,4.918,17042.6,4527.14,0.26563,240.057,2338412.0688,283.515,4750.04,134.0,27.5917
13731,8.075,6040.78,1608.62,0.26629,56.8048,840991.5674,77.3431,3105.19,51.0,39.1153
13747,4.612,7157.26,1780.86,0.24881,72.0444,990053.8211,104.832,3448.85,42.0,35.3515
13758,20.334,18987.6,7145.48,0.37632,168.445,2695439.0071,294.094,6157.33,115.0,22.7574
13801,0.8,12109.0,2430.46,0.20071,151.924,1635138.9541,192.339,4949.03,142.0,29.6462
13803,14.916,8011.86,3140.34,0.39196,50.4884,1121022.9014,127.916,3760.65,76.0,38.0516
13826,2.387,8439.07,2481.56,0.29405,98.9949,1179714.8231,112.298,3630.6,96.0,36.8964
13833,2.036,9139.77,2547.01,0.27867,88.0063,1301402.4953,119.12,3984.23,4.0,33.7096
13860,4.381,7714.77,2964.07,0.3842,79.0094,1096887.3135,114.253,3358.76,36.0,37.7517
13885,3.289,13296.6,5127.82,0.38564,114.079,1885805.0014,194.88,4454.05,63.0,31.2778
13896,18.468,11542.1,4108.98,0.35599,77.3258,1597148.2694,169.963,4949.94,107.0,30.8714
13910,0.797,11015.5,2922.78,0.26533,136.573,1532073.8871,169.96,4697.77,173.0,28.6917
13924,1.398,5531.32,1112.08,0.20105,46.4297,792307.9434,74.9624,2860.27,59.0,40.2741
13961,1.174,6953.18,2650.86,0.38124,63.0998,1019779.446,87.4586,3217.16,29.0,37.7941
13965,1.43,4134.03,1221.4,0.29545,32.9201,567959.1201,50.4351,1404.15,17.0,44.3677
13984,3.968,15997.1,4234.77,0.26472,251.028,2196366.8929,255.068,4825.49,278.0,27.3417
14026,2.799,9470.31,3589.48,0.37902,85.0001,1320079.2454,133.91,3783.46,128.0,34.5373
14032,1.481,15872.4,5122.38,0.32272,211.653,2216342.0409,272.207,5363.69,283.0,24.3835
14038,16.922,8994.45,4122.35,0.45832,64.3333,1249979.8105,132.107,2698.77,102.0,38.6913
14058,14.981,7687.78,3183.0,0.41403,67.7962,1076270.3387,109.245,3926.45,63.0,35.6614
14098,12.286,8473.65,2110.53,0.24906,52.4771,1184200.5165,101.17,3516.88,46.0,39.4781
14123,15.738,8958.16,3331.8,0.37192,74.0521,1250160.5996,121.81,4581.82,29.0,37.697
14124,7.88,5834.46,1950.48,0.3343,57.217,796475.0298,83.259,3195.05,17.0,39.5294
14125,19.55,17238.5,5005.32,0.29035,173.045,2478219.0096,255.024,5468.28,120.0,26.3113
14134,1.513,10054.9,2632.29,0.26179,101.906,1385705.4543,141.096,3692.87,122.0,35.5265
14138,2.858,15581.1,4930.45,0.31643,148.985,2183618.9515,191.713,4786.97,126.0,46.5464
14170,4.645,9103.55,3070.52,0.33728,93.5366,1303196.8947,128.604,3959.01,73.0,35.3102
14186,20.201,14584.3,7204.68,0.494,140.664,2035312.9425,240.554,4464.19,92.0,29.0982
14199,2.231,5286.35,2159.5,0.4085,34.8941,747043.02,71.3267,2592.07,40.0,42.7879
14201,12.322,8852.41,2940.04,0.33211,69.6341,1165680.9943,126.896,4637.69,64.0,33.8275
14206,2.072,9306.5,2158.89,0.23197,109.32,1269698.2472,142.598,4009.03,44.0,34.4412
14214,2.387,14607.3,4047.62,0.27709,187.708,2030371.8352,223.58,5613.65,140.0,23.5468
14215,6.585,4888.22,1983.63,0.40579,45.2976,689902.0442,68.7635,1919.74,31.0,43.4807
14289,4.293,22928.5,7264.03,0.31681,305.307,3167909.9235,384.961,6327.07,117.0,17.693
14305,9.891,7551.45,1508.24,0.19972,74.0699,1082362.9693,68.8221,3068.87,15.0,34.9102
14316,11.919,9903.62,2525.33,0.25499,95.7899,1347809.1185,125.412,4616.07,43.0,29.2834
14342,11.555,9854.15,3503.4,0.35552,94.5033,1356998.3932,138.058,3917.45,77.0,36.8736
14347,14.842,9075.3,2730.59,0.30088,53.0703,1228092.2514,125.52,4169.74,26.0,35.4277
14348,4.236,8404.7,1821.2,0.21668,96.9266,1182683.5127,119.678,3825.88,49.0,34.2039
14390,4.174,19396.5,6846.58,0.35298,252.172,2663787.6351,320.392,5550.24,297.0,23.8234
14392,0.774,12834.8,2355.98,0.18356,149.954,1750246.622,194.795,4796.91,157.0,29.8463
14399,2.359,5234.13,2058.5,0.39328,33.9793,743741.2175,68.9236,2571.68,44.0,42.7217
14420,17.34,11523.5,2997.38,0.26011,100.29,1673016.0186,145.723,4837.33,90.0,25.0377
14427,7.258,16664.1,5471.57,0.32834,183.79,2316829.9869,276.935,5602.01,105.0,23.6578
14438,4.038,18206.5,5727.66,0.31459,263.841,2476575.6075,244.51,4959.33,273.0,26.4335
14449,18.978,15692.9,4393.41,0.27996,164.856,2254123.1311,216.791,6634.88,83.0,21.05
14459,3.731,5741.63,1145.91,0.19957,49.7283,781092.7171,77.2109,2670.97,50.0,40.9044
14480,1.52,7503.85,1647.22,0.21951,86.6451,1044178.7339,104.369,3843.17,25.0,36.3238
14510,1.737,12062.4,3091.62,0.2563,141.724,1659099.9877,187.041,4463.7,15.0,30.8176
14519,4.222,9324.33,3023.36,0.32424,90.0402,1339018.3968,130.718,3474.47,7.0,36.4918
14532,11.581,4909.33,1521.57,0.30993,21.265,675015.3971,62.1196,1840.39,41.0,43.8772
14553,2.74,3780.0,945.16,0.25004,32.3344,536731.1952,43.6177,1770.89,12.0,45.3469
14645,1.945,9914.49,2941.14,0.29665,105.53,1376665.1183,149.85,4223.41,50.0,34.404
14656,1.123,8066.19,1728.37,0.21427,76.0001,1153764.4329,111.527,4047.93,104.0,34.869
14698,7.236,15940.8,4846.42,0.30402,191.545,2185661.8166,269.295,5265.76,87.0,23.8714
14713,11.339,7516.98,1790.21,0.23815,59.1584,1050216.6588,81.448,2728.85,28.0,37.88
14732,2.876,13542.8,3997.97,0.29521,149.2,1866390.4384,202.012,4647.8,31.0,29.6775
14754,2.23,6257.68,1877.54,0.30003,60.2195,873872.5969,85.434,2677.5,46.0,40.7837
14761,1.675,5724.69,1163.99,0.20332,53.2018,817703.2559,71.3482,2931.88,55.0,40.2504
14762,10.315,9226.46,2396.02,0.25969,95.7502,1254179.3946,100.295,4265.7,15.0,32.2159
14774,14.639,8127.48,2222.2,0.27341,74.8135,1146074.642,98.3161,3641.44,11.0,36.24
14808,2.355,16777.2,5309.96,0.31649,201.102,2273344.2054,275.807,5362.09,212.0,24.6525
14846,3.51,11345.5,3276.21,0.28876,130.266,1604892.8492,186.532,4336.49,72.0,30.3572
14847,2.343,9763.56,2559.39,0.26213,107.939,1370550.9575,145.338,4162.43,56.0,33.7414
14885,2.496,12728.5,3893.88,0.30591,128.25,1794953.9651,181.758,4693.39,68.0,29.7827
14903,3.266,14051.7,4603.0,0.32757,187.25,1961237.5204,244.902,4338.2,22.0,30.1785
14919,16.476,7018.2,1633.66,0.23277,60.3646,980324.7734,83.3147,2889.89,31.0,39.9682
14932,1.842,15533.9,4749.54,0.30575,219.067,2151563.498,247.608,5316.08,263.0,24.5735
14942,2.881,11288.7,2997.57,0.26553,116.823,1581434.6166,168.036,4498.12,70.0,32.1201
14990,11.734,9494.63,3028.05,0.31892,85.1191,1343236.545,134.996,4142.31,68.0,33.8079
15003,3.191,11430.1,2985.0,0.26115,113.629,1600321.2572,152.945,4494.95,76.0,32.7647
15016,12.636,7771.51,2611.69,0.33605,87.7227,1090997.916,104.429,3552.33,21.0,34.8738
15024,10.071,5023.24,1936.99,0.3856,48.0889,711743.3002,79.7469,2446.88,47.0,41.9391
15026,1.742,14324.6,4574.93,0.31937,157.187,1992044.5704,219.777,5222.78,174.0,29.7842
15032,7.607,4579.69,1267.89,0.27685,45.1126,654700.789,60.5175,2435.36,47.0,42.7
15040,18.291,9190.64,2887.18,0.31414,72.9843,1272667.7477,119.704,3417.47,48.0,36.5996
15047,14.525,6816.47,1860.3,0.27291,57.1079,956817.1677,84.5884,3086.52,42.0,39.1965
15065,1.602,6299.75,1276.71,0.20266,71.0771,835676.3638,89.9744,3311.93,77.0,38.7903
15079,2.572,6888.95,2172.33,0.31533,63.8436,952279.0493,95.7702,3126.1,49.0,40.8724
15085,1.871,9069.29,3166.58,0.34915,92.7435,1229741.8881,128.787,3980.93,34.0,34.2131
15105,4.668,7857.26,1920.75,0.24445,76.4435,1074693.0721,97.5646,3616.86,39.0,36.2897
15119,7.262,8180.24,1886.8,0.23065,78.1342,1089740.4406,102.112,3366.46,43.0,36.792
15153,2.045,15016.0,4910.97,0.32704,196.054,2029502.8534,253.711,4627.47,41.0,28.6123
15183,1.886,7828.41,2245.47,0.28683,79.9573,1066267.5584,118.027,3159.53,82.0,37.588
15184,14.866,5229.54,2053.54,0.39268,48.4779,712117.2845,78.8988,2046.16,17.0,42.2095
15205,3.094,6357.23,1192.87,0.18763,36.2053,869407.0077,76.8205,2799.9,14.0,41.9753
15316,18.083,7680.88,2259.65,0.29419,61.8979,1083540.9319,101.55,3963.96,44.0,37.5819
15352,2.745,14495.9,4306.26,0.29706,195.027,1934590.2295,239.642,5111.18,190.0,26.1452
15356,17.874,12840.7,3457.18,0.26923,136.974,1754700.8537,157.045,3947.86,26.0,34.7194
15414,11.575,10062.9,3296.1,0.32754,68.2021,1418311.2751,132.756,3280.5,54.0,37.2088
15418,7.285,4702.11,1448.56,0.30806,32.3537,665081.9821,58.4172,2148.43,48.0,44.3052
15449,15.683,9738.78,4127.32,0.4238,86.8253,1404560.9266,130.499,4138.93,68.0,29.3619
15451,2.599,5407.2,1283.27,0.23732,45.1664,754315.6689,58.0685,2462.47,11.0,41.4122
15482,0.87,15451.2,4473.33,0.28951,184.183,2143912.9606,230.595,5634.03,136.0,22.8233
15486,17.943,18489.2,5202.07,0.28135,182.543,2613281.0617,222.299,5694.46,56.0,21.9736
15573,16.231,8192.33,2228.57,0.27203,92.7967,1153440.6782,114.616,3378.76,84.0,37.1934
15583,5.911,6777.7,1706.3,0.25175,61.6878,945074.2919,87.7556,2855.48,103.0,38.7439
15651,3.057,11898.3,3062.83,0.25741,128.236,1658782.071,162.629,4083.6,22.0,34.4173
15672,2.611,18513.3,5360.59,0.28955,245.404,2524258.9256,308.773,5734.08,334.0,21.2688
15690,20.41,9051.95,3955.83,0.43701,39.9636,1272794.0168,122.578,3771.21,65.0,35.7226
15695,3.584,18153.5,5283.07,0.29102,236.483,2494462.9289,275.834,5702.92,204.0,21.814
15727,6.364,8251.58,2475.52,0.3,76.5329,1135213.1854,118.936,3738.94,46.0,35.4604
15737,1.222,6190.37,1285.66,0.20768,54.6678,859807.4277,81.3533,2725.08,17.0,40.9966
15747,6.237,20584.5,6702.99,0.32563,250.681,2868824.0795,353.446,5914.58,215.0,21.9962
15755,1.467,13753.4,3268.61,0.23765,189.825,1881846.1481,207.488,4584.48,179.0,29.0878
15762,0.636,5161.87,1021.95,0.19798,43.8351,742861.0319,61.4713,2191.65,80.0,42.7985
15794,18.616,16617.9,5523.64,0.33239,203.478,2290741.2655,276.38,5888.91,143.0,22.3548
15804,7.05,8718.04,3303.73,0.37895,76.271,1184142.8896,106.495,3244.19,10.0,36.9538
15809,6.628,14741.4,4975.1,0.33749,155.985,2005187.3713,221.769,5476.04,17.0,31.1294
15819,16.534,8889.88,3003.45,0.33785,87.3426,1219284.322,117.495,4225.87,26.0,32.0647
15825,20.37,12865.4,5200.4,0.40421,139.181,1741674.6085,226.25,4014.05,156.0,32.0515
15833,3.624,18681.3,6108.64,0.32699,254.523,2568173.9288,292.078,5325.03,266.0,26.3298
15835,0.729,9482.5,2267.66,0.23914,98.4368,1333757.0503,155.201,3848.07,9.0,33.9055
15846,14.664,7118.06,2628.93,0.36933,72.7215,919780.4481,115.206,2950.08,64.0,39.1352
15874,18.515,13520.8,4454.98,0.32949,138.619,1870598.9012,209.021,4060.35,105.0,31.8746
15903,2.794,10027.9,1790.46,0.17854,90.7603,1396505.1688,112.962,4468.14,25.0,33.4702
15921,3.574,5412.32,2206.13,0.40761,34.6098,765771.6879,75.0075,2602.63,35.0,42.3646
15922,18.443,10749.9,4276.76,0.39784,76.7981,1446950.2429,160.517,4645.56,34.0,33.4166
15932,9.025,7185.42,2506.26,0.34879,54.6352,978054.6822,102.354,2712.26,44.0,41.3196
15947,17.313,10733.6,4622.09,0.43061,95.5246,1495034.1819,159.632,4077.45,64.0,36.3623
15948,1.553,10952.8,2894.9,0.2643,142.871,1543503.4884,166.948,4287.53,48.0,32.051
16006,11.211,7024.8,1472.5,0.20961,62.5136,944316.7058,93.7597,3240.37,48.0,39.2057
16015,13.769,8244.72,3275.8,0.39732,74.5552,1157695.9427,122.679,3892.28,60.0,34.8048
16025,14.628,6871.96,1501.71,0.21852,68.7527,980233.4446,72.2684,3502.58,17.0,38.6342
16035,14.565,8588.63,1862.36,0.21684,63.2444,1239749.2703,85.3433,2638.38,53.0,39.8715
16073,4.815,13474.4,4255.64,0.31583,169.592,1864902.6215,222.541,4765.34,120.0,28.4609
16110,3.502,5033.28,1180.96,0.23463,44.1157,708306.8818,65.0957,2642.88,15.0,41.9159
16272,1.485,13739.1,4077.5,0.29678,162.832,1918582.9939,237.915,4354.53,86.0,27.7318
16324,20.705,11451.4,3956.38,0.34549,66.6363,1535619.8567,185.837,5106.38,53.0,32.9871
16331,15.911,7099.55,2360.66,0.3325,57.5104,1009209.6722,94.7436,3489.69,28.0,39.3185
16333,1.257,6332.53,1819.12,0.28726,56.8227,878532.9529,88.0359,3369.36,75.0,38.4055
16376,6.956,16069.1,5117.66,0.31847,181.778,2203471.7535,287.717,5385.88,93.0,24.8858
16459,11.899,5872.52,1831.38,0.31185,49.7959,819401.4618,86.4475,2414.11,75.0,41.7923
16460,8.597,10500.9,3180.09,0.30283,110.35,1426864.3315,127.68,4674.77,37.0,31.77
16461,19.943,21857.7,9063.77,0.41467,128.928,3103321.492,334.524,9940.57,103.0,25.3313
16484,14.452,9194.46,3112.38,0.3385,64.7836,1315501.8046,122.718,2928.62,56.0,38.9009
16500,17.567,8513.05,3892.18,0.4572,63.1688,1259348.1196,128.252,3696.51,59.0,36.4961
16544,12.135,8676.48,2359.12,0.27189,66.4603,1150821.0366,108.539,4079.96,15.0,34.3647
16548,1.296,25153.4,6430.34,0.25564,369.317,3433294.3233,392.33,6279.86,155.0,19.8575
16557,13.545,15136.7,4876.79,0.32218,158.069,2146396.0373,211.044,5781.46,160.0,25.2716
16582,13.824,6361.41,2113.39,0.33222,48.0833,880828.1958,97.8782,2485.53,73.0,41.1563
16587,3.293,6008.25,2183.43,0.3634,57.3718,839834.1201,71.889,2633.18,31.0,41.0957
16592,3.422,7840.15,3250.99,0.41465,79.4755,1099756.2812,124.874,3281.98,38.0,37.762
16595,2.503,16404.2,5381.37,0.32804,173.96,2327676.9395,265.006,5704.17,196.0,27.5162
16612,1.748,9121.22,2870.63,0.31471,99.0754,1247000.509,136.337,3524.16,121.0,46.5464
16634,11.61,7515.06,1441.18,0.19177,66.1897,1048421.3216,73.4449,2792.84,14.0,40.3246
16642,14.436,7841.37,3281.77,0.41851,59.1789,1000843.6338,142.992,3134.92,11.0,39.1875
16647,17.252,9934.56,3067.89,0.3088,96.6323,1351134.8639,138.444,4258.31,67.0,33.6721
16676,12.748,5284.64,1777.98,0.33644,43.5255,700868.7397,71.6858,3611.34,23.0,43.2764
16738,10.704,4702.69,1414.87,0.30086,39.4372,660494.3594,88.5111,2343.73,27.0,42.2527
16813,3.612,10161.5,2927.02,0.28804,131.366,1388921.8845,143.901,4865.39,63.0,29.4376
16836,3.531,4823.36,1079.66,0.22383,43.161,677795.9812,66.6515,2705.35,13.0,41.7271
16849,2.141,9123.87,2099.54,0.23011,98.7936,1278604.2531,114.76,4041.01,35.0,34.6012
16964,10.333,10716.7,3335.74,0.31126,101.504,1497083.9844,135.199,4125.2,22.0,33.3366
16969,17.585,13066.4,5017.55,0.384,145.788,1830940.4152,193.82,4382.32,119.0,29.7464
17002,9.459,19120.7,5153.21,0.2695,169.447,2750145.8133,263.901,5652.43,218.0,23.3161
17005,16.052,8393.62,2607.6,0.31066,70.6496,1205232.2995,104.163,3254.84,58.0,37.6824
17014,14.094,6062.71,1908.17,0.31473,54.518,836987.1235,94.7796,2948.51,68.0,40.3535
17032,15.044,8178.14,2755.87,0.33698,40.3022,1146937.3211,122.091,3767.45,23.0,36.0158
17068,12.692,5924.67,2405.36,0.40599,59.8517,805720.5103,88.0738,2803.61,48.0,40.6703
17087,9.551,13137.8,3016.19,0.22958,151.987,1908573.2223,194.989,5105.47,72.0,27.4951
17107,16.747,9479.34,4021.91,0.42428,97.448,1352749.1182,134.35,3340.2,129.0,33.5533
17134,13.452,6990.49,2298.66,0.32882,52.531,947541.5397,94.3902,3194.98,40.0,40.2645
17154,8.781,10407.0,2554.78,0.24548,98.1753,1438440.3539,126.099,4555.51,57.0,31.8817
17158,1.87,10257.0,2657.92,0.25913,96.0725,1462474.3067,140.24,3637.18,117.0,35.6873
17207,6.34,7958.14,2278.38,0.28629,64.9724,1098507.0876,108.167,3304.25,28.0,38.1449
17235,2.277,5690.85,1405.61,0.24699,47.2847,804751.2602,61.0073,2450.35,10.0,41.6317
17238,7.979,4862.39,1764.72,0.36293,52.35,672472.1014,72.4027,2472.66,30.0,41.672
17254,10.735,4357.55,1551.23,0.35598,34.689,600948.5144,55.0709,1442.93,51.0,43.5816
17273,15.349,7447.8,2538.32,0.34081,68.9936,1049123.3799,97.4382,3501.84,57.0,36.8755
17290,3.456,8430.63,2162.11,0.25645,95.441,1146427.325,109.255,4358.82,97.0,33.1375
17311,10.858,3874.68,1188.35,0.30669,32.9223,525588.6865,51.4976,1367.45,32.0,44.4447
17314,12.993,6456.81,2981.47,0.46175,57.6976,902953.5527,94.7869,2739.25,46.0,40.7977
17315,9.708,12285.3,4820.42,0.39237,96.9148,1657503.219,189.865,4550.57,127.0,30.5536
17336,3.481,12773.3,4093.77,0.32049,164.949,1798069.9072,210.855,4829.5,50.0,25.666
17348,2.584,13764.8,4273.15,0.31044,182.295,1899007.9315,243.566,5329.92,159.0,24.8269
17374,17.239,9488.01,2976.06,0.31366,108.417,1305868.9995,142.267,4136.2,125.0,31.3767
17398,17.436,8966.36,2934.54,0.32728,73.6316,1205133.4889,124.18,3783.13,71.0,31.8149
17423,4.309,8467.17,2274.99,0.26868,76.964,1187233.0178,101.013,4281.06,63.0,34.3379
17507,2.277,5690.85,1405.61,0.24699,47.2847,804751.2602,61.0073,2450.35,10.0,41.6317
17516,4.052,16115.0,4567.72,0.28344,237.891,2195633.5468,274.095,4800.53,279.0,27.5003
17529,13.027,7840.57,2938.36,0.37476,58.6029,1129109.9756,111.46,4890.43,23.0,36.7483
17572,14.225,8076.2,1856.49,0.22987,64.0977,1171289.2081,80.8032,2863.54,50.0,39.3534
17593,3.182,10127.5,3119.6,0.30803,126.001,1395885.0057,172.861,3911.88,31.0,32.5969
17599,19.606,11028.6,4424.7,0.4012,99.0726,1544453.6589,168.041,4197.85,65.0,33.9265
17613,4.091,11701.1,2701.98,0.23091,89.7531,1633554.3203,145.5,4437.49,150.0,32.8685
17619,12.356,6434.03,1827.12,0.28397,48.5062,914529.0012,75.5102,2737.05,10.0,42.6255
17632,2.394,8702.5,2452.99,0.28187,99.4687,1196367.5433,113.11,3869.44,27.0,33.9124
17633,2.894,14989.3,3914.36,0.26114,204.451,2067131.1816,253.035,5133.13,143.0,25.705
17654,13.749,9527.56,3190.23,0.33484,85.3099,1334437.4301,123.208,3734.83,8.0,36.5439
17695,1.001,22246.0,5337.12,0.23991,325.751,3053059.2505,403.685,6222.19,158.0,19.8445
17709,13.144,4639.72,1524.62,0.3286,36.82,626563.0748,65.3541,2520.31,36.0,41.9149
17711,9.567,5996.17,1591.52,0.26542,45.8778,845604.5821,60.1936,2481.23,14.0,42.0167
17722,11.032,4939.35,1694.36,0.34303,43.3939,677905.3754,74.9196,1594.18,27.0,43.5782
17731,18.553,9104.09,3596.57,0.39504,72.0484,1294454.8214,134.559,4662.43,23.0,32.3549
17766,1.52,8354.9,2318.73,0.27752,99.4267,1133609.494,128.322,3513.42,116.0,35.468
17774,2.254,7083.62,1997.62,0.282,92.2504,968612.1436,103.429,3066.29,22.0,37.9347
17790,3.217,14548.2,4776.98,0.32835,91.8315,2023434.7977,204.59,5475.04,149.0,27.9364
17820,1.952,8632.42,2287.93,0.26503,89.078,1212448.6853,110.648,4164.32,51.0,34.8908
17865,10.996,7417.24,2500.34,0.33709,59.7122,1045242.658,104.157,4326.11,53.0,36.7442
17866,2.304,9035.38,2706.8,0.29957,78.1753,1263500.0687,114.77,4352.38,62.0,34.1029
17869,1.346,9145.7,2675.44,0.29253,90.3133,1293460.7582,140.237,4170.56,160.0,32.5852
17870,7.6,24052.4,7400.67,0.30768,172.665,3414001.2491,348.836,12217.87,196.0,24.1632
17901,11.518,7730.71,2485.84,0.32155,70.3361,1025964.2798,119.743,4358.73,69.0,33.4771
17943,1.879,16318.9,4818.88,0.29529,234.098,2214804.3625,252.51,5355.52,126.0,24.749
17976,3.693,12514.7,3751.69,0.29978,164.162,1746926.7919,214.532,4730.61,70.0,28.9017
18010,11.532,5644.19,2290.1,0.40574,48.2535,809120.2326,97.7146,2272.32,74.0,41.839
18049,2.168,14881.2,4896.08,0.32901,234.106,2025027.9562,251.754,5472.13,126.0,23.6689
18052,3.834,9165.2,2269.8,0.24765,91.7569,1293566.5221,132.575,3682.61,24.0,35.5327
18118,2.418,8818.14,3014.52,0.34185,94.1871,1184952.1947,126.2,3373.58,73.0,37.9996
18130,0.85,15221.0,4291.47,0.28194,186.17,2117606.1534,227.083,5623.55,141.0,22.769
18143,1.936,12812.8,3102.98,0.24217,160.783,1803888.9132,200.886,4988.59,205.0,27.4973
18178,2.044,16030.8,5655.02,0.35275,236.629,2195761.3257,260.93,5347.36,131.0,24.168
18197,0.521,7780.17,1973.67,0.25367,92.5959,1081506.5966,126.097,3211.99,5.0,37.023
18203,11.201,6872.51,2237.76,0.32561,55.4888,981980.1542,91.7615,3352.8,21.0,39.6813
18204,1.818,7098.65,1693.1,0.23851,71.1661,943646.2117,101.383,3560.09,69.0,37.3047
18217,4.362,6910.26,1836.74,0.26579,57.7551,945086.618,89.895,3283.47,20.0,38.9909
18236,10.866,3866.1,1174.46,0.30378,32.8229,524753.2415,50.9144,1369.47,32.0,44.5448
18248,4.561,7018.77,2190.65,0.31211,64.2053,947566.2167,100.607,3039.25,43.0,40.1536
18261,2.158,9237.62,2714.1,0.2938,86.0682,1296262.5538,142.524,3943.85,6.0,35.1073
18282,1.765,5952.65,2125.42,0.35705,71.5715,825978.1168,89.9742,3048.0,35.0,40.3689
18296,1.595,6639.77,1581.64,0.2382,73.0659,887595.3758,95.6193,3533.26,80.0,38.7493
18319,3.597,7127.21,1630.23,0.22873,51.7458,989822.5041,82.615,3374.7,25.0,39.2317
18380,2.7,8606.46,2588.41,0.30075,95.4043,1170174.6593,127.404,4301.23,108.0,33.2474
18424,12.662,8745.51,2813.29,0.32168,30.5829,1222240.4632,102.659,3519.38,82.0,34.3621
18492,1.23,6956.62,2240.44,0.32205,58.7084,935445.2876,103.18,3135.51,20.0,40.3939
18514,2.266,8137.78,1840.67,0.22618,84.3473,1145392.4753,103.099,4648.27,30.0,33.351
18525,3.139,10784.8,2600.52,0.24112,119.039,1523820.3665,144.256,4399.37,61.0,33.2603
18556,0.695,8672.15,2623.43,0.30251,102.939,1194582.5343,153.265,4106.72,72.0,33.3597
18589,2.99,13001.3,3509.51,0.26993,155.798,1840768.5733,201.746,4803.04,67.0,28.4503
18609,0.982,22105.8,5316.65,0.2405,322.777,3033527.8993,390.169,6220.54,167.0,20.7538
18612,1.675,10591.7,2726.55,0.25742,125.878,1501422.2929,171.316,4158.97,53.0,32.9753
18617,1.737,7261.94,2081.65,0.28665,65.8953,1005472.266,95.0544,3094.5,45.0,39.663
18626,3.874,14943.0,4659.47,0.31181,213.16,2050490.6673,285.073,5061.15,167.0,25.8089
18627,1.623,4898.24,1743.31,0.3559,50.5096,686340.6368,70.148,2172.52,29.0,43.032
18646,3.255,8952.04,1798.69,0.20092,95.3302,1251822.8612,112.211,3953.9,54.0,34.9851
18656,2.767,5287.43,1888.86,0.35723,49.8076,752981.0782,73.0551,2370.96,26.0,43.0907
18662,12.056,5798.52,1966.33,0.3391,51.1488,823483.8805,91.7858,2553.44,93.0,40.7266
18667,9.855,4789.25,1534.83,0.32047,41.2358,646662.0885,70.8138,1577.39,12.0,43.9028
18669,2.652,6486.0,2305.29,0.35542,69.9516,894740.5848,97.9042,3175.37,35.0,40.1979
18706,3.41,12053.8,3852.65,0.31962,86.7717,1701134.218,163.88,5931.53,15.0,32.8431
18714,2.636,12586.5,3191.77,0.25358,152.522,1753757.5842,209.319,4786.68,60.0,28.6729
18721,2.288,11334.2,3066.28,0.27053,148.753,1620742.9428,160.377,4114.86,130.0,32.4292
18724,3.448,12312.8,3687.35,0.29947,161.483,1739265.3954,205.436,4702.45,56.0,28.7528
18729,15.186,5974.01,1948.74,0.3262,93.7088,711529.0858,107.595,2041.74,92.0,42.0145
18747,14.156,8060.29,1726.1,0.21414,65.2499,1122727.1851,89.2434,3030.02,29.0,38.4125
18765,16.329,11759.7,4097.24,0.34841,118.091,1632965.6349,199.582,4007.17,67.0,30.2806
18778,3.258,8044.97,2617.22,0.32532,115.317,1108714.7269,141.184,3765.1,69.0,35.3103
18782,3.358,6973.75,2020.23,0.28969,64.8623,929638.0347,94.5927,3582.59,50.0,40.1582
18784,14.619,5943.87,1815.53,0.30544,57.1935,847872.5038,74.3096,2498.79,68.0,41.6172
18816,18.436,8631.14,2201.37,0.25504,64.7404,1213860.7923,103.601,3607.34,39.0,36.4869
18899,1.46,5059.77,978.17,0.19332,47.6553,723509.3053,65.6981,2871.56,57.0,40.1628
18908,4.305,9809.77,2471.34,0.25192,90.3239,1370463.3347,133.577,4098.26,51.0,34.2493
18934,17.395,9815.49,3638.26,0.37066,86.9373,1317664.6882,159.866,3698.35,21.0,35.1287
18946,14.83,8719.74,2830.29,0.32458,71.8387,1231128.2281,110.834,3497.01,52.0,38.3857
18948,13.393,5008.34,2063.37,0.41198,45.9609,722853.7151,71.8481,2495.88,40.0,42.7472
18952,2.827,18378.7,6675.64,0.36322,185.026,2599833.5277,281.143,5924.6,149.0,21.7423
18970,4.899,5400.75,1485.01,0.27496,45.7537,762916.3473,68.7479,2069.81,2.0,41.9451
18994,5.38,6053.98,1509.53,0.24934,55.326,806675.2002,73.7529,3011.94,33.0,38.118
18997,12.976,7691.51,2851.41,0.37072,67.7966,1031857.7419,120.125,4050.31,64.0,34.281
19003,2.587,14314.7,2471.97,0.17268,174.13,2024627.8426,211.217,4808.49,73.0,27.804
19017,4.645,9103.55,3070.52,0.33728,93.5366,1303196.8947,128.604,3959.01,73.0,35.3102
19036,1.611,11720.6,2105.18,0.17961,147.19,1652446.8205,166.372,4638.33,146.0,29.8961
19039,1.984,13029.4,3285.33,0.25214,167.588,1844013.4557,192.075,5023.29,205.0,27.8925
19057,7.255,6851.95,2393.97,0.34938,72.9003,926738.609,94.7404,3279.27,45.0,39.1851
19082,14.352,6766.93,2358.91,0.34859,65.1263,946348.4869,99.3279,3524.67,41.0,37.0243
19107,4.221,6398.59,2112.3,0.33011,67.3338,887136.5653,78.962,3234.26,33.0,38.4964
19120,2.405,8679.99,2245.36,0.25868,82.7754,1225963.7533,109.186,4014.85,41.0,34.8825
19132,19.978,12116.6,5810.68,0.47956,89.9399,1710923.7627,185.915,4221.85,68.0,34.7011
19134,2.405,8679.99,2245.36,0.25868,82.7754,1225963.7533,109.186,4014.85,41.0,35.6548
19183,12.31,8775.97,2746.8,0.31299,61.6862,1263104.2608,109.618,4127.1,39.0,36.7073
19193,8.342,5281.5,1209.71,0.22904,42.7169,733895.8011,70.0184,2727.17,20.0,40.9095
19207,5.685,18503.5,6929.61,0.3745,184.191,2542994.7509,317.335,6029.43,224.0,25.0526
19208,12.251,4515.55,1955.2,0.43299,34.7249,631620.9816,63.8027,2679.79,52.0,42.2806
19231,2.211,10611.2,3703.77,0.34904,125.808,1464047.9606,179.462,3826.85,33.0,32.8017
19243,12.747,9158.87,1373.27,0.14993,94.8512,1297610.9497,111.711,3841.96,63.0,34.8766
19257,14.983,7596.41,1748.33,0.23015,73.0492,1071393.385,83.2382,3050.39,38.0,36.6432
19261,4.576,13318.4,4863.78,0.36519,205.977,1732932.4725,167.576,4831.96,91.0,28.3002
19272,3.072,14751.4,4157.59,0.28184,197.178,2057502.2789,222.528,5618.46,142.0,22.8367
19295,16.568,7593.43,2519.3,0.33177,64.6824,1095221.7877,96.4547,3011.21,75.0,38.6377
19312,1.793,15562.2,5030.11,0.32322,212.202,2153461.153,258.618,5349.35,292.0,24.076
19390,1.76,8123.23,1614.48,0.19874,75.8759,1143100.5096,105.907,3785.26,17.0,34.1959
19405,15.531,8587.13,4155.5,0.48392,55.8456,1182733.4539,137.136,3498.38,51.0,37.241
19427,6.179,8498.25,1838.29,0.21631,82.594,1163663.669,124.052,4151.46,46.0,34.1148
19430,1.834,9361.41,2528.5,0.27009,84.3511,1325700.507,112.873,4848.03,22.0,32.4855
19457,14.221,9884.62,2922.59,0.29567,103.311,1361954.544,109.0,3513.72,48.0,36.6066
19493,2.477,18037.7,5487.15,0.3042,221.64,2566578.0892,286.106,5646.27,122.0,21.4944
19548,3.064,17978.7,5584.66,0.31062,162.797,2583292.4364,262.181,5412.56,51.0,28.9985
19552,16.963,7041.83,1913.46,0.27172,71.0664,982299.2779,96.4211,2912.59,53.0,36.8879
19589,0.0,10423.7,2077.28,0.19928,130.45,1472353.6826,169.793,4535.29,53.0,46.5464
19612,2.313,6646.39,2109.11,0.31733,64.6745,918006.1866,93.5859,3154.38,46.0,39.7706
19638,1.333,4061.51,1235.76,0.30426,33.5213,553067.1729,49.5933,1422.9,17.0,44.2493
19644,13.834,6023.58,1288.35,0.21388,43.0501,809687.0397,87.6826,2892.17,31.0,42.6784
19649,2.426,8431.34,1983.77,0.23528,91.9255,1194658.5602,103.169,4681.24,29.0,33.1438
19659,14.504,7400.46,1022.58,0.13817,65.0103,998576.8025,95.5077,3336.05,76.0,38.0128
19665,3.693,12514.7,3751.69,0.29978,164.162,1746926.7919,214.532,4730.61,70.0,28.9017
19674,1.64,10736.8,3136.31,0.2921,120.578,1439176.0355,165.799,4128.69,33.0,33.1544
19681,3.726,10594.5,4387.12,0.41409,132.493,1440258.5821,208.883,4493.09,162.0,31.3236
19684,3.818,11493.0,2914.97,0.25363,156.736,1618115.1511,197.328,4496.91,87.0,30.5705
19689,8.898,4235.7,1212.14,0.28617,41.5131,558637.6071,63.8828,2647.22,16.0,43.6431
19732,4.458,14749.0,3118.47,0.21143,179.213,2068895.1715,228.623,5029.42,85.0,26.9522
19737,1.658,9560.63,2927.9,0.30624,96.986,1335980.0938,139.46,4150.56,36.0,34.4823
19741,15.317,6760.67,1826.67,0.27019,55.1964,891837.1036,92.1748,2859.29,53.0,38.6478
19760,17.744,8822.92,3492.22,0.39581,72.7627,1197419.3923,136.612,3578.71,61.0,35.8835
19780,1.633,14836.3,4523.86,0.30491,208.971,2059635.9476,248.949,5278.23,284.0,25.2542
19787,2.59,7822.64,2760.42,0.35287,72.2316,1111022.8686,118.232,3259.25,49.0,30.8417
19796,1.561,16422.4,5887.3,0.35849,219.976,2263737.7398,260.489,5314.28,283.0,24.6803
19812,7.424,8735.01,1875.19,0.21467,79.2701,1218012.1517,95.164,3595.92,28.0,34.4609
19843,16.228,9720.45,2700.16,0.27778,106.902,1354625.9231,147.938,4264.04,113.0,32.4795
19846,19.73,11871.4,4969.38,0.4186,111.726,1657426.8937,190.109,5237.43,96.0,27.174
19881,3.163,18494.6,5456.43,0.29502,226.416,2604045.6733,292.443,5785.16,111.0,20.6722
19889,13.113,6903.07,2524.52,0.3657,64.7621,988881.914,91.6068,3602.81,67.0,37.0488
19922,2.393,4983.62,1516.51,0.30429,46.3086,698491.6845,63.534,2156.68,30.0,42.8416
19957,6.562,15783.6,4602.66,0.29161,179.179,2167504.9209,272.184,5351.85,103.0,25.3665
19968,2.932,9992.63,2903.81,0.29059,99.6463,1374573.3958,135.078,3594.43,25.0,35.9646
20004,16.534,9462.25,3245.5,0.34299,97.965,1318186.7508,128.134,3564.45,99.0,35.4598
20010,2.496,12728.5,3893.88,0.30591,128.25,1794953.9651,181.758,4693.39,68.0,29.7827
20014,17.775,8951.49,2879.7,0.3217,93.4371,1268218.6464,137.637,4486.64,106.0,33.4122
20086,2.403,6617.97,1670.32,0.25239,52.8926,928405.5014,74.7762,3346.85,61.0,38.9367
20129,6.083,17105.7,5414.77,0.31654,189.173,2342651.5939,223.572,5471.31,90.0,22.9158
20207,8.95,10312.9,2579.29,0.2501,102.196,1442885.265,131.888,4091.08,34.0,35.4601
20212,13.819,13695.8,5973.08,0.43612,100.684,1917742.0502,214.656,4496.51,45.0,34.0967
20215,0.796,15151.0,4426.75,0.29217,187.551,2103960.287,230.021,5641.44,140.0,22.7575
20234,6.653,18910.2,5933.85,0.31379,255.71,2573893.8167,288.24,5007.48,258.0,26.0947
20258,9.552,4680.71,978.92,0.20913,44.2821,636703.6008,67.9808,2257.8,27.0,42.652
20295,3.401,10946.3,3197.95,0.29214,128.298,1520685.8782,152.139,4881.56,85.0,29.14
20363,3.394,9228.11,2174.04,0.23558,100.321,1288147.7025,123.151,3880.74,46.0,35.4695
20373,1.78,6549.18,1988.6,0.30364,66.5806,882565.8809,93.2167,2994.93,19.0,38.9746
20394,2.038,4268.17,785.79,0.1841,38.8271,564236.006,63.6596,2566.32,11.0,43.4596
20423,1.497,13288.1,3262.4,0.24551,187.836,1810682.8174,209.22,4574.06,182.0,29.1251
20426,14.171,21787.0,7782.52,0.3572,150.69,3095325.4811,348.76,19086.17,126.0,27.5497
20440,2.54,7364.62,2849.72,0.38694,82.8339,1037209.1246,109.963,3299.91,40.0,37.1645
20471,3.61,12628.3,3735.5,0.2958,158.852,1791728.6758,200.206,4549.81,62.0,30.069
20494,2.056,11455.8,3961.4,0.34579,126.797,1599085.7289,187.955,4126.98,44.0,31.192
20507,5.675,6997.23,2297.65,0.32836,60.573,951615.5061,88.8067,3379.75,27.0,38.0916
20514,19.569,13144.0,4513.81,0.34341,117.727,1891674.3108,185.254,3739.67,152.0,35.7258
20548,2.174,5637.5,1401.85,0.24866,63.3083,710577.4576,86.3378,3087.12,16.0,39.4357
20571,2.42,13860.9,4378.08,0.31585,172.057,2019597.1735,265.826,4834.97,74.0,26.1086
20576,2.467,5902.05,1344.67,0.22783,64.0663,741314.0166,85.6826,3001.97,20.0,39.7392
20611,3.669,9748.68,3641.85,0.37357,79.4329,1405827.4656,139.313,4228.69,30.0,34.4214
20615,2.251,12713.3,3594.87,0.28276,154.05,1806050.4036,180.62,4806.56,24.0,28.9604
20628,10.084,6873.86,2107.63,0.30661,50.6614,954918.0524,98.0062,3104.67,12.0,38.6514
20636,3.598,9636.6,2374.97,0.24645,93.3463,1359023.2425,125.935,4180.98,45.0,33.8209
20660,7.364,4970.57,1591.33,0.32015,46.1906,719330.1192,63.3246,2425.47,41.0,42.5899
20676,14.189,5353.25,1488.95,0.27813,53.5776,728142.1201,74.1098,2293.51,49.0,41.3656
20678,11.001,6031.37,1386.55,0.22988,65.3315,857104.7952,64.0209,3547.07,45.0,39.6848
20753,1.289,10930.4,2524.87,0.23099,162.364,1544595.2992,178.21,4650.17,49.0,29.643
20761,0.623,9185.37,2547.94,0.27739,94.7645,1253849.9683,159.115,4138.51,73.0,33.1715
20763,14.529,5588.17,1660.11,0.29707,39.1784,765257.4757,85.1506,3288.74,36.0,42.6583
20782,16.18,9539.85,3337.68,0.34986,82.0014,1374947.6112,122.802,4126.18,56.0,38.2492
20807,1.211,5519.11,1166.4,0.21133,48.7352,791258.5887,70.914,2847.55,58.0,40.2799
20840,2.977,6177.09,1832.45,0.29665,46.3004,884118.0899,69.3704,2576.84,21.0,42.1195
20889,7.643,20330.7,6121.41,0.30109,252.485,2833549.8833,327.825,5810.43,215.0,24.375
20903,2.972,16640.4,4429.52,0.26619,234.845,2352508.6173,274.075,5536.19,107.0,22.1664
20925,2.697,10580.5,2523.63,0.23851,93.434,1502975.1764,140.06,3644.41,126.0,36.0316
20946,6.237,20584.5,6702.99,0.32563,250.681,2868824.0795,353.446,5914.58,215.0,21.9962
20983,11.932,8182.74,2871.06,0.35086,83.5196,1104297.8592,112.952,3621.14,24.0,38.163
21010,13.3,5809.32,1384.91,0.23839,54.8184,775220.863,83.8956,3416.6,16.0,39.8259
21018,2.335,12577.9,3385.95,0.26919,151.329,1785747.511,166.128,4772.23,33.0,28.717
21024,15.119,11974.1,4073.81,0.34021,160.458,1653856.647,225.761,4856.73,136.0,29.4867
21037,11.367,4022.83,1225.4,0.30461,37.3449,546639.7508,50.1277,1411.64,30.0,44.3304
21119,4.207,16794.4,6179.13,0.36792,189.95,2321716.9464,263.378,5362.83,164.0,26.8628
21227,4.508,8015.19,2255.89,0.28145,83.1462,1135139.7694,113.958,3859.99,70.0,34.7005
21228,1.206,3657.3,977.6,0.2673,35.7352,519013.4602,40.7863,1780.24,12.0,44.5339
21229,13.157,8571.74,2718.01,0.31708,61.372,1180774.7904,132.037,4332.09,53.0,33.5704
21250,1.823,13159.4,3475.55,0.26411,198.786,1810053.6735,204.167,4551.13,172.0,29.1875
21251,1.854,8640.83,2185.11,0.25288,86.3287,1244366.828,117.746,3916.47,3.0,34.6172
21265,5.402,12281.7,4556.6,0.371,158.701,1688734.2602,220.179,5044.22,90.0,27.1252
21278,4.026,13482.9,3859.86,0.28627,161.096,1924343.3212,210.963,4536.69,44.0,28.5654
21289,11.951,13406.2,4073.15,0.30382,137.28,1869508.7567,194.878,4840.09,77.0,27.2137
21291,2.137,10041.7,2798.43,0.27868,117.581,1396078.8408,148.349,4308.84,55.0,34.5838
21342,1.406,6019.37,1286.39,0.2137,53.7668,826672.6259,84.0112,2714.26,19.0,40.636
21359,16.269,7894.96,2422.3,0.30681,94.047,1068697.9312,104.415,3400.1,23.0,31.802
21399,2.362,14381.9,4496.99,0.31268,176.38,1999860.8853,240.424,4479.56,23.0,29.955
21400,2.298,8786.38,1956.49,0.22267,101.012,1188193.022,118.899,3863.45,26.0,34.3264
21404,6.512,3401.12,985.09,0.28963,26.3388,470331.1342,37.9472,1398.61,8.0,45.3546
21426,13.858,6970.82,2834.4,0.4066,58.1998,967701.2758,87.0622,2855.48,50.0,40.1217
21487,1.984,11249.2,3202.49,0.28468,131.544,1608774.0581,160.983,4424.61,37.0,30.9507
21507,0.731,13138.5,2707.82,0.20609,151.074,1801253.9254,194.563,4803.32,141.0,29.8158
21538,12.084,7685.81,2669.46,0.34732,80.8183,1058236.3658,106.483,3643.69,20.0,35.9859
21540,14.35,5737.51,1747.54,0.30458,60.2688,784214.8759,76.1957,3771.37,76.0,37.1815
21570,2.427,6365.35,1626.13,0.25546,52.4589,891728.7483,76.8994,3372.64,56.0,39.2788
21574,10.798,10384.5,2916.47,0.28084,110.519,1400078.8254,129.79,4587.36,34.0,32.4685
21579,16.909,9962.12,3548.77,0.35622,67.8212,1425288.3623,133.359,3393.93,44.0,36.9082
21607,1.481,15872.4,5122.38,0.32272,211.653,2216342.0409,272.207,5363.69,283.0,24.3835
21614,3.54,15055.5,4739.63,0.31481,215.139,2067166.6964,272.036,5092.74,168.0,25.1769
21634,9.343,8509.8,1657.98,0.19483,74.842,1144586.9521,108.212,3757.24,27.0,35.9463
21635,9.893,16669.9,6015.14,0.36083,183.621,2259704.9555,268.101,5023.4,95.0,28.6315
21653,2.1,5804.35,1475.71,0.25424,60.763,735086.1124,87.0904,3090.53,16.0,39.4981
21683,11.594,7557.18,2337.34,0.30928,71.9713,998136.3536,118.236,3339.49,70.0,37.9817
21699,18.116,9886.98,3169.27,0.32054,118.569,1371861.2354,160.143,4182.51,55.0,30.9946
21712,20.502,23581.3,9246.19,0.39209,235.666,3270553.4922,406.502,10215.87,217.0,19.6365
21722,3.302,20734.4,7997.71,0.38572,189.396,2876946.082,356.061,16359.07,156.0,22.7241
21726,2.114,13663.2,4772.62,0.3493,190.951,1867150.1796,247.856,4554.2,42.0,28.6221
21733,1.323,14235.2,3525.41,0.24765,176.901,2005357.1602,213.514,5635.93,306.0,23.0142
21751,16.912,7943.16,4094.33,0.51545,88.4841,968327.2547,161.473,2359.64,114.0,40.2363
21788,6.454,14968.6,5792.82,0.38699,182.319,2042277.689,265.483,5378.99,233.0,26.9152
21818,1.339,7124.4,2112.27,0.29648,81.9588,967147.8695,110.191,3094.25,79.0,38.6399
21861,1.88,8151.18,2159.54,0.26493,73.0144,1196273.6865,104.047,3125.75,27.0,37.4982
21885,17.027,6856.68,1860.91,0.2714,63.5111,948593.8881,82.7328,2852.3,25.0,39.5061
21926,19.328,11503.0,3300.21,0.28689,114.915,1594220.5657,136.379,4725.75,65.0,32.184
21942,2.74,12958.4,3493.28,0.26957,162.594,1798705.2028,211.935,4827.72,50.0,28.4308
21966,0.755,7693.78,1915.93,0.24902,94.3689,1074948.639,122.521,3199.02,5.0,37.1042
21993,11.878,8708.36,2934.28,0.33694,92.4698,1212811.4626,100.601,3975.9,28.0,35.5912
22089,17.491,16916.8,4376.49,0.2587,173.295,2299595.214,209.35,5237.54,185.0,27.1735
22131,11.855,7286.38,2794.86,0.38357,56.7036,1047047.0283,107.029,3279.21,22.0,38.8299
22153,2.358,13797.9,3491.52,0.25304,180.428,1875508.5576,214.245,4924.82,101.0,27.4731
22174,2.41,9199.34,3020.59,0.32834,89.403,1288535.5351,151.322,3827.19,17.0,35.536
22191,6.301,9012.28,3512.31,0.38972,78.8114,1222712.2072,133.842,3700.49,96.0,35.4396
22211,2.377,10423.7,2754.35,0.26423,120.909,1474080.5119,159.579,4327.49,50.0,32.2405
22233,17.229,11229.2,3542.36,0.31545,108.415,1560150.3243,127.438,5222.43,93.0,28.1107
22254,18.09,12241.6,4639.88,0.37902,82.1174,1734996.0218,170.263,4402.54,64.0,30.9434
22269,2.351,6919.09,1514.54,0.21889,75.5144,927711.8791,92.9864,3474.04,69.0,37.7156
22276,2.155,17761.2,5203.8,0.29298,212.435,2454251.7075,278.365,5719.36,203.0,22.0071
22306,16.372,11085.7,3778.72,0.34086,94.3582,1555174.4856,143.455,6533.4,108.0,31.6855
22322,5.703,10449.9,3462.37,0.33133,121.997,1435440.3585,164.284,4507.3,143.0,31.2488
22334,1.349,15166.7,3420.44,0.22552,184.539,2108545.4757,237.032,4709.08,38.0,24.2401
22370,3.053,7033.02,2176.53,0.30947,61.3651,979345.1303,95.8712,2609.03,16.0,40.3494
22371,2.152,9448.3,2339.71,0.24763,106.383,1341192.438,149.727,3928.6,40.0,33.2389
22423,0.0,7163.2,2396.02,0.33449,75.906,1004460.5786,105.876,3354.5,54.0,37.6728
22439,17.379,15409.6,7054.13,0.45777,193.973,2075224.5784,283.829,4493.81,192.0,30.4127
22450,11.363,7486.44,1996.36,0.26666,67.1875,991281.2988,92.0788,3976.44,13.0,34.9563
22463,10.224,5171.24,1658.86,0.32078,51.5194,723113.1942,79.117,2675.97,16.0,38.603
22491,2.82,7638.24,2424.28,0.31738,73.2116,1060454.6067,102.369,3214.36,10.0,38.2646
22529,2.517,8814.02,2484.21,0.28184,81.776,1232171.231,109.656,4292.86,60.0,34.5595
22539,3.513,8877.68,2460.45,0.27715,78.5064,1265012.7328,121.493,3924.27,37.0,35.0843
22559,14.694,6890.2,1537.41,0.22312,65.2693,917379.8307,86.0226,3319.77,25.0,38.3042
22576,16.591,11387.5,3775.18,0.33151,113.903,1591430.1497,156.482,3987.5,143.0,33.5217
22587,2.652,4952.72,1258.71,0.25414,44.1094,689368.9585,56.2021,1892.04,19.0,43.4404
22686,1.857,9704.83,2292.55,0.23622,111.434,1349409.8333,136.658,4274.14,57.0,34.1216
22709,2.828,14137.8,4548.16,0.3217,183.248,1912055.5776,249.955,5161.17,175.0,25.9107
22725,3.01,7239.6,2641.48,0.36486,74.8937,1000482.1961,96.7536,3207.01,16.0,35.5342
22733,14.18,7925.91,3518.05,0.44386,67.5239,1110975.9971,114.012,2750.51,61.0,38.1493
22746,19.77,8848.1,3527.44,0.39866,93.359,1193344.0397,151.5,4235.29,124.0,32.5525
22782,17.06,9200.36,2919.21,0.31729,90.9385,1294633.7598,118.992,3572.24,86.0,35.474
22797,2.333,5679.33,1280.42,0.22545,51.7802,798696.9398,65.5572,3169.69,55.0,46.5464
22810,0.614,4771.7,895.77,0.18772,46.4056,686412.4449,55.3261,2196.66,79.0,42.7651
22826,0.767,6001.61,854.86,0.14243,48.8983,849742.2987,73.7229,2724.54,1.0,42.2001
22841,12.415,5418.72,2255.13,0.41617,39.5891,719035.7139,96.0783,3222.79,9.0,40.4229
22845,2.769,11383.5,2939.63,0.25823,143.009,1611749.3535,165.48,4143.27,125.0,32.1134
22854,1.619,6298.57,2016.15,0.32009,60.4668,883131.4924,95.8211,2707.84,52.0,40.5825
22883,1.596,7531.07,2094.11,0.27806,81.5899,1017990.6083,128.164,3510.98,39.0,36.3983
22910,1.353,8902.58,2059.22,0.2313,89.6838,1250560.2421,130.116,4054.36,168.0,33.5094
22918,16.827,9816.63,4273.8,0.43536,102.342,1276152.1091,167.583,3774.32,80.0,35.661
22982,2.775,9228.81,2494.21,0.27026,94.9503,1274561.1498,115.596,3810.37,38.0,35.5426
22989,3.987,7472.13,1557.29,0.20841,65.11,1027931.5694,97.5578,3078.93,38.0,37.2381
23007,13.612,5623.9,1748.99,0.31099,44.6587,727493.8896,90.9327,2219.37,43.0,43.8566
23051,1.894,21519.8,5981.28,0.27794,299.693,2925237.4467,306.51,6620.38,290.0,18.7452
23094,2.802,7075.37,2136.16,0.30191,66.9473,981383.2925,95.9449,3093.39,57.0,39.5613
23156,14.84,18464.0,7424.07,0.40208,156.679,2587252.8888,250.758,5746.85,48.0,24.4192
23186,5.392,8489.08,3081.49,0.36299,80.8623,1160489.0162,122.069,3464.79,15.0,37.2296
23245,15.723,8843.39,2592.4,0.29314,80.8889,1218376.3571,118.878,3677.37,39.0,36.7439
23280,17.728,11866.5,3592.76,0.30276,98.8882,1739773.8212,141.658,5077.29,85.0,28.8292
23284,1.76,7032.46,2327.28,0.33093,59.9586,974654.7309,105.844,3749.76,72.0,46.5464
23302,9.544,7072.94,2007.78,0.28386,57.8739,960176.4819,89.891,3395.78,45.0,38.5051
23317,2.431,9452.54,2913.88,0.30826,88.0215,1326468.1299,130.515,4648.25,45.0,34.4033
23336,14.685,5730.93,1992.22,0.34762,56.1867,780667.9062,96.3528,2396.55,47.0,41.7948
23363,3.511,11210.0,3531.77,0.31505,130.091,1536014.4939,161.939,4912.89,74.0,31.3975
23369,3.242,9157.85,1575.94,0.17208,80.0624,1309069.6481,111.006,3837.23,18.0,35.4415
23398,2.559,18455.8,5466.32,0.29618,252.703,2509445.3867,317.809,5713.62,326.0,21.4511
23417,13.778,8748.26,2736.47,0.3128,93.4925,1165125.8029,116.889,3797.89,36.0,37.1837
23421,6.946,13447.9,4191.68,0.31169,163.324,1889081.3245,199.286,4697.66,92.0,29.3766
23422,1.552,6915.34,1806.14,0.26117,62.5709,1014583.5047,88.4755,3139.35,41.0,39.0751
23432,2.191,10628.3,2982.75,0.28064,83.6531,1508744.9486,137.685,4583.23,43.0,34.9199
23445,6.05,15055.5,5577.27,0.37044,125.972,2133285.2444,226.558,5369.45,129.0,28.766
23448,2.038,4268.17,785.79,0.1841,38.8271,564236.006,63.6596,2566.32,11.0,43.4596
23454,2.038,4268.17,785.79,0.1841,38.8271,564236.006,63.6596,2566.32,11.0,43.4596
23466,18.3,10604.5,3576.96,0.3373,76.4333,1442690.3248,157.034,4480.99,58.0,32.7727
23477,16.455,11413.3,5193.76,0.45506,98.9199,1608230.4012,177.947,4710.78,108.0,36.9103
23485,12.533,7298.23,2974.74,0.40759,57.3767,972673.1028,123.181,2724.12,56.0,40.2505
23491,7.313,14654.4,5351.19,0.36515,192.987,1944596.0546,257.986,5217.56,74.0,26.4141
23506,1.401,14963.4,4436.73,0.2965,202.829,2095779.6193,251.717,5321.37,294.0,24.6563
23536,15.303,8379.24,3070.38,0.36642,68.1645,1153561.0218,111.32,3395.22,51.0,38.8356
23637,4.69,3366.32,770.63,0.22892,32.0557,472247.9833,39.4681,1844.42,54.0,45.5965
23641,16.021,7136.56,2897.75,0.40604,66.3069,1060322.2509,95.9067,3446.12,37.0,39.6065
23643,5.247,9576.17,3880.64,0.40523,88.3863,1316071.7952,140.806,3749.99,96.0,34.7
23670,20.456,10593.6,3196.4,0.30172,101.93,1451923.2323,134.09,4381.45,91.0,33.327
23692,13.57,7351.63,2341.42,0.31848,53.6933,1038381.7978,99.7525,3881.61,54.0,37.8182
23752,2.587,19049.3,5878.53,0.30859,258.188,2574217.4512,313.229,5797.43,334.0,20.9084
23764,15.13,7723.97,2160.62,0.27972,87.9437,1057006.7791,97.819,3538.13,13.0,37.0223
23793,2.425,6011.78,1930.86,0.32117,59.9601,798858.1335,86.9796,2524.96,36.0,40.411
23799,8.925,7984.12,2476.59,0.31018,71.123,1129406.5668,109.827,3726.03,1.0,36.1828
23836,2.537,8348.67,2103.94,0.252,81.2368,1187100.6251,110.871,4033.83,38.0,34.8167
23848,2.916,15307.4,3485.75,0.22771,197.09,2090031.4522,253.117,5140.73,151.0,23.9574
23853,2.308,6172.66,1663.31,0.26946,53.6807,863907.1257,75.0279,3340.22,61.0,38.8205
23896,2.74,12958.4,3493.28,0.26957,162.594,1798705.2028,211.935,4827.72,50.0,28.4308
23927,3.236,6487.89,2257.08,0.34789,64.5852,908207.2977,82.5545,4026.2,54.0,38.3886
23928,1.877,11913.0,3233.01,0.27138,151.776,1705110.7823,168.394,4687.37,26.0,28.9186
23940,4.586,20491.3,6638.36,0.32395,248.983,2841307.8607,325.056,5494.49,82.0,23.6354
23947,1.529,13774.6,3926.06,0.28502,165.756,1916455.2677,230.699,4374.28,82.0,30.2117
23949,2.331,3297.88,874.41,0.26514,24.6175,445013.8515,34.043,1336.21,2.0,45.9323
23960,2.12,14942.3,4639.51,0.31049,191.127,1970191.5379,220.912,4236.92,105.0,30.9412
23967,3.324,5239.96,1454.45,0.27756,47.0773,752840.9611,61.3605,2470.41,19.0,41.7124
24000,0.889,15501.8,4546.23,0.29327,190.73,2150838.5486,234.1,5639.61,139.0,22.7887
24014,13.122,6246.57,2300.14,0.36822,56.622,891642.3917,95.4271,3468.04,20.0,38.3934
24032,1.8,13209.7,3282.74,0.2485,184.006,1807352.2668,209.676,4508.84,174.0,27.4767
24050,1.567,7808.9,1658.88,0.21243,79.2604,1055622.1063,118.016,3522.23,35.0,35.844
24067,17.186,9439.18,2042.62,0.21639,103.284,1250674.7941,147.328,4137.87,95.0,34.2624
24068,16.531,7558.74,1708.0,0.22596,71.2303,1027713.3906,93.3283,3822.64,81.0,33.7252
24076,0.629,8921.47,2576.17,0.28876,96.5202,1212522.7761,164.772,4114.26,78.0,33.4393
24098,3.242,13301.3,4156.95,0.31252,134.953,1840654.1739,188.116,4301.87,39.0,31.9777
24113,3.122,8426.28,1560.44,0.18518,97.6901,1192655.0318,120.419,3805.18,44.0,35.3857
24122,16.711,5061.23,918.04,0.18138,39.0192,702480.8802,60.5068,2561.22,32.0,46.5464
24144,16.076,7370.8,2587.59,0.35105,60.3365,971062.2147,118.549,3026.87,5.0,34.7019
24152,5.758,23787.8,8207.12,0.34501,234.103,3292601.8011,324.733,6066.44,99.0,21.3019
24158,2.508,15287.1,5163.12,0.33774,228.652,2099315.0492,253.326,5315.9,274.0,24.7474
24171,18.176,6977.59,1287.6,0.18453,77.3677,942460.688,93.9625,3242.36,24.0,36.7433
24184,2.039,8314.7,1868.66,0.22474,79.6073,1161755.7651,106.026,3910.6,19.0,33.7808
24226,2.254,6203.4,1671.41,0.26943,67.5368,900790.8979,74.0843,3073.5,18.0,38.4738
24250,15.166,17632.3,6623.33,0.37563,188.882,2420526.038,285.336,6162.64,211.0,26.0264
24258,1.215,6534.6,2264.98,0.34661,76.8802,891929.3795,91.8006,3256.81,58.0,38.6439
24259,17.192,12908.9,4544.76,0.35206,92.8589,1787604.0689,196.72,4422.97,130.0,30.2228
24285,19.686,12142.6,4139.24,0.34088,110.547,1759230.6716,179.996,3550.01,156.0,36.5183
24288,2.117,9015.49,2630.74,0.2918,96.1585,1246487.8381,147.26,3278.73,11.0,36.4738
24330,1.887,11258.0,3166.91,0.2813,126.217,1550930.9487,166.154,4443.19,100.0,31.2313
24333,9.285,4083.51,1761.46,0.43135,36.4608,544988.1177,75.0179,1793.24,43.0,44.2421
24335,11.747,4643.88,1249.1,0.26897,39.72,645557.1053,55.8033,1888.8,29.0,43.3834
24339,15.484,9825.45,2589.79,0.26357,103.166,1341602.0559,122.076,3736.9,16.0,33.4362
24355,15.344,7634.35,2702.72,0.35402,56.6777,1095692.1853,104.025,3247.8,6.0,39.1173
24361,15.823,5685.66,1532.98,0.26962,42.0269,791156.6843,70.5789,2923.43,40.0,41.7859
24362,3.425,5247.16,1414.62,0.26959,42.5965,736410.312,73.5823,2812.38,16.0,41.1565
24370,2.846,14832.9,5182.3,0.34937,196.247,1990132.0199,262.691,5106.95,189.0,26.1093
24374,6.504,7277.99,1315.07,0.18069,59.5092,1009562.6878,80.7043,3317.8,56.0,38.0335
24404,3.453,4831.9,1298.12,0.26865,44.4098,676228.1147,60.3367,1938.64,18.0,43.6724
24419,11.596,9427.13,3382.5,0.3588,74.3959,1325770.3002,119.526,4091.2,25.0,35.1321
24438,1.029,22825.5,5279.66,0.2313,327.542,3147965.1007,402.112,6221.46,162.0,19.8421
24440,15.089,8299.05,2870.5,0.34588,76.844,1169151.8351,116.182,3062.64,49.0,37.7523
24453,15.192,7106.47,1494.98,0.21036,44.9542,987078.8785,115.398,3397.71,84.0,39.2424
24454,5.998,18393.9,4997.41,0.27168,186.452,2615885.1884,229.514,5700.22,233.0,25.8792
24498,2.411,11973.6,3348.81,0.27968,159.528,1696556.3587,193.938,4633.22,105.0,29.6011
24502,14.46,8205.99,2793.57,0.34043,92.7558,1149079.1957,121.558,3315.79,37.0,36.6841
24503,3.202,11670.9,3882.92,0.3327,128.772,1645297.3318,176.792,4138.04,47.0,32.1972
24529,6.239,16599.3,6617.98,0.39869,183.159,2299578.0822,288.912,5496.12,200.0,26.1124
24541,5.474,7621.17,2540.31,0.33332,83.3392,1090020.776,121.904,3429.41,53.0,34.6501
24560,1.776,3783.93,870.35,0.23001,34.3995,548871.8384,43.0282,1741.61,15.0,44.467
24561,11.433,4207.92,1332.17,0.31658,34.7781,578000.9347,51.8128,1394.49,32.0,44.4306
24621,2.231,5286.35,2159.5,0.4085,34.8941,747043.02,71.3267,2592.07,40.0,42.7879
24639,1.173,5944.3,1184.33,0.19923,55.6013,823011.0159,77.3859,2697.59,17.0,40.4997
24641,17.163,12371.0,3587.05,0.28995,110.065,1787159.4901,142.322,4727.17,85.0,31.396
24646,15.286,8201.19,2531.94,0.30872,74.0926,1167696.4906,112.002,3504.19,14.0,36.3001
24648,6.212,14585.2,5017.23,0.34399,171.963,2042346.7934,205.261,4983.03,150.0,27.7823
24657,13.205,7734.04,2273.93,0.29401,64.1572,1085777.1013,94.9403,3511.0,56.0,36.9646
24667,1.544,21557.6,6074.37,0.28177,299.829,2919891.6245,315.426,6623.01,290.0,17.9171
24669,3.293,13520.6,4178.23,0.30902,164.455,1855193.61,239.32,4726.97,30.0,28.8171
24686,19.829,9541.53,2744.48,0.28763,75.9468,1300146.6384,113.549,3938.5,44.0,32.9328
24713,1.347,8201.59,2350.24,0.28655,82.4107,1143412.449,116.474,3835.92,43.0,35.4658
24725,4.424,5566.61,1627.88,0.29243,59.2062,738387.9255,87.0136,2703.14,33.0,40.9301
24762,2.392,18551.0,5602.71,0.30201,236.338,2567534.6194,275.429,5684.55,194.0,22.1709
24773,2.448,8591.3,2528.81,0.29434,96.2245,1211437.8517,120.281,3574.33,97.0,36.7952
24775,3.872,17977.1,5126.57,0.28517,242.863,2442753.5036,262.448,4929.7,267.0,26.9638
24786,2.615,7959.34,1349.03,0.16949,77.5581,1114063.8865,93.62,3801.64,12.0,34.1623
24798,4.005,18461.8,5541.57,0.30016,251.866,2508487.7093,260.501,4949.17,262.0,26.7393
24807,2.324,14327.3,4587.87,0.32021,184.566,1901448.014,246.249,5129.98,196.0,26.2627
24808,1.446,6709.53,2005.09,0.29884,64.6579,913847.922,96.1112,2982.0,18.0,40.1066
24832,1.421,8453.88,1655.22,0.19579,82.7034,1218037.3903,96.1448,3961.11,11.0,34.7417
24888,1.962,9079.99,3322.96,0.36596,89.7935,1202280.1187,147.385,3626.58,58.0,35.9843
24903,17.031,10157.8,4877.88,0.48021,88.3753,1443139.1001,156.522,4120.75,64.0,34.9879
24913,12.146,7235.85,2033.68,0.28105,61.8969,998292.5876,103.344,2702.65,90.0,39.4476
24985,16.829,14948.1,5670.97,0.37937,169.671,2088261.6817,264.755,4894.3,176.0,29.3829
24993,13.458,8736.6,3409.57,0.39026,88.7733,1191399.8646,120.783,3707.55,63.0,31.2266
24995,13.614,10475.5,4152.98,0.39644,104.331,1483561.4208,139.516,3674.79,51.0,35.2771
25007,3.452,14422.4,3247.57,0.22517,173.074,2017514.8601,229.265,4883.78,87.0,26.5529
25045,0.699,7940.39,2194.15,0.27632,85.5745,1101491.3974,110.981,3081.43,21.0,37.8582
25069,9.767,5409.49,1858.44,0.34355,40.3472,740011.1638,82.7084,1634.46,12.0,42.8583
25089,0.972,22990.0,5356.68,0.233,319.133,3168455.1495,405.399,6216.66,165.0,19.8248
25100,18.797,8841.15,2241.98,0.25358,71.5522,1248341.4769,110.213,3761.53,66.0,34.6168
25115,4.108,6323.83,1248.35,0.1974,58.4575,876565.2057,82.5995,2984.89,30.0,38.2824
25125,8.273,6907.87,2843.14,0.41157,65.8003,977253.1192,97.4193,2532.57,84.0,39.8847
25134,11.133,7328.65,2409.65,0.32879,52.7852,993869.0437,103.358,2653.35,34.0,39.0312
25140,10.312,7312.15,2415.12,0.33028,93.1727,965011.4719,118.986,4446.97,110.0,32.7377
25143,12.624,4962.92,1650.77,0.33262,39.7999,685640.8263,58.5633,2288.99,20.0,43.1497
25154,19.276,13386.6,5043.76,0.37677,152.634,1869035.9775,205.357,5009.27,90.0,29.5581
25189,18.843,15593.8,5760.2,0.36939,177.205,2124910.4665,263.177,4267.35,184.0,30.5838
25195,1.282,10666.6,2673.91,0.25068,115.034,1470437.9379,184.952,3902.12,69.0,33.1267
25239,2.721,8080.93,2441.92,0.30218,69.7186,1123010.9938,106.116,3705.95,16.0,36.8005
25261,3.198,11054.3,3910.59,0.35376,107.826,1594389.5283,159.751,4560.77,69.0,31.2047
25263,18.693,7671.35,2455.26,0.32005,70.8622,1085227.582,94.4772,3696.48,38.0,35.0949
25278,6.853,4797.98,1596.37,0.33271,44.4948,671049.5264,62.6198,1871.63,31.0,43.1468
25284,4.099,10205.1,3066.81,0.30051,93.5299,1450060.9183,134.267,4127.66,102.0,34.3757
25293,1.788,14047.6,3302.07,0.23506,187.146,1980952.6328,201.586,4120.76,131.0,31.7495
25299,19.221,13348.8,6237.96,0.4673,86.4322,1857998.4463,221.542,4840.71,8.0,34.3343
25309,2.512,4276.38,1084.69,0.25364,39.6363,567597.0812,66.3985,2502.37,11.0,43.3893
25351,8.421,5616.6,1858.76,0.33094,56.5076,766929.078,74.8453,3182.03,13.0,39.5671
25362,1.962,6719.81,2623.42,0.3904,49.304,940755.0694,102.862,3547.86,31.0,42.2045
25431,3.109,14639.3,4476.16,0.30576,166.328,2008840.5094,243.635,4826.26,30.0,28.3973
25433,10.492,4068.83,1559.34,0.38324,33.382,562804.0335,55.7851,2070.81,48.0,44.1878
25474,2.677,8043.67,2077.7,0.2583,80.3517,1133940.8724,107.958,3940.61,41.0,35.2595
25511,1.912,15874.5,4927.55,0.3104,177.746,2206962.1215,244.573,5467.62,158.0,24.308
25537,1.753,9576.23,2244.27,0.23435,113.463,1326025.5229,135.803,4192.34,56.0,34.1433
25546,16.553,7005.88,1018.37,0.14535,77.0265,935257.0677,94.7318,3115.26,48.0,38.8179
25558,0.756,10344.2,2216.06,0.21423,103.09,1471578.9552,142.397,4290.42,47.0,33.5024
25635,4.403,19726.3,6800.17,0.34472,261.809,2683288.6893,339.391,5836.82,308.0,20.6858
25683,15.082,7156.73,2661.49,0.37188,86.9854,1034810.2476,114.724,3379.5,75.0,36.019
25702,2.672,9425.2,1734.36,0.18401,110.821,1246307.4028,132.742,3996.32,36.0,34.502
25716,6.698,13365.2,4532.28,0.33911,156.373,1855703.8599,209.326,4804.79,133.0,29.0993
25737,4.189,13033.8,4475.5,0.34337,153.243,1837091.5607,170.655,5213.99,29.0,27.3972
25752,0.844,15299.4,4326.99,0.28282,186.888,2132695.4749,225.348,5631.73,138.0,22.6215
25760,5.991,5221.12,2134.25,0.40877,34.5936,740115.8201,69.2239,2558.97,39.0,42.7209
25825,12.722,5060.49,1722.76,0.34043,40.9637,683840.3878,70.4859,1618.74,24.0,42.9082
25834,14.063,6230.65,1824.53,0.29283,54.8078,853934.8506,81.5361,2587.12,24.0,40.7241
25853,3.119,7909.69,2436.28,0.30801,66.928,1083497.9916,110.649,3503.82,46.0,35.5616
25858,13.177,9361.16,2194.14,0.23438,79.8926,1259378.1876,113.376,3408.74,29.0,38.4384
25869,14.48,6619.37,1539.12,0.23251,61.5942,905563.9108,100.935,3189.4,56.0,38.8352
25878,2.808,13200.3,4495.52,0.34056,118.288,1812082.111,208.127,4249.76,32.0,30.9843
25882,1.921,9020.87,2049.65,0.22721,105.913,1239168.94,144.117,3975.37,40.0,34.1118
25956,14.364,8627.16,2582.45,0.29933,78.2908,1200848.5887,111.088,4264.45,62.0,36.8841
25967,13.285,6654.38,1517.78,0.22808,65.7608,888897.9774,100.628,3294.39,45.0,38.9205
25981,15.389,7807.53,2107.26,0.2699,97.352,1026746.0189,130.899,3378.13,105.0,37.4535
26031,2.733,6523.69,1875.47,0.28748,52.9042,914271.9856,77.0861,3307.37,54.0,39.5232
26037,5.613,6660.85,3207.19,0.48149,86.0683,813696.6728,150.591,2090.14,86.0,41.2158
26039,2.356,10546.7,3176.21,0.30115,143.222,1458150.4649,173.109,4262.25,69.0,32.4145
26066,14.638,7526.21,3312.55,0.44013,63.1771,1016192.8015,124.947,3943.31,76.0,35.2962
26084,3.868,5251.86,769.28,0.14647,55.1821,728932.0873,54.531,3004.38,17.0,39.9518
26088,6.397,9599.05,2863.44,0.2983,78.4185,1347798.3507,120.092,4350.86,60.0,35.0571
26091,14.656,8580.74,3346.94,0.39005,87.2657,1166675.5291,135.628,3686.9,42.0,36.3842
26114,2.017,12203.2,4069.26,0.33345,184.754,1682612.4692,248.025,4759.09,245.0,24.626
26152,3.484,14082.8,4790.49,0.34016,165.967,2006369.8649,232.531,4592.8,43.0,29.2134
26180,12.322,4868.45,1191.78,0.24479,36.222,662518.5123,59.3046,2696.82,43.0,41.7593
26182,14.274,8277.54,3193.65,0.38582,93.6808,1133386.2588,121.374,3720.77,74.0,37.1979
26193,8.925,7984.12,2476.59,0.31018,71.123,1129406.5668,109.827,3726.03,1.0,36.1828
26226,1.334,8576.05,1741.81,0.2031,73.8311,1233814.6486,106.213,3920.19,8.0,35.0414
26248,1.333,5738.79,1165.74,0.20313,49.2077,804594.3048,65.5412,3059.2,63.0,39.5953
26319,2.395,10657.0,3114.55,0.29225,114.071,1530490.4508,135.847,3811.49,67.0,34.9469
26342,14.801,7802.24,3086.73,0.39562,54.5865,1082965.7571,134.467,3528.02,50.0,36.8519
26353,6.23,4525.28,1089.33,0.24072,30.7944,639125.0624,50.0805,2058.9,56.0,43.9885
26368,2.241,5746.83,1503.08,0.26154,60.9728,802561.2395,71.8081,2748.26,18.0,40.3683
26370,1.598,9618.66,2951.12,0.30681,94.9232,1345221.2133,136.887,4150.56,35.0,34.4823
26378,0.843,11103.3,2878.05,0.2592,135.38,1542273.013,174.997,4682.74,164.0,29.0878
26408,2.15,13129.6,3726.57,0.28382,164.684,1805622.3674,195.052,4779.26,189.0,26.732
26435,4.562,14599.1,3378.1,0.23139,176.331,2073755.2701,219.722,4820.65,83.0,31.4268
26452,3.139,5288.24,1328.67,0.25124,44.1199,766209.763,62.7209,2378.31,24.0,42.3698
26459,9.561,7372.9,2957.93,0.40118,58.9365,1048809.3349,99.4253,2570.16,66.0,39.4467
26489,15.745,6060.55,1609.17,0.26551,40.2904,836078.0078,90.3615,3500.28,26.0,37.3855
26511,1.773,4558.11,1225.84,0.26893,46.9837,639024.3477,58.6762,2093.81,17.0,43.2559
26554,15.476,7074.94,2380.04,0.3364,84.8194,1004977.7817,120.265,2962.21,67.0,36.6241
26603,4.63,8619.82,3149.26,0.36535,80.8134,1172037.9503,129.863,3937.98,36.0,35.1492
26609,2.247,8993.94,2114.89,0.23514,92.4158,1265411.9199,116.234,3682.02,25.0,35.571
26611,12.421,8002.05,2039.37,0.25485,84.1461,1111437.0544,99.6064,3685.55,23.0,35.9248
26682,3.329,7811.4,1791.26,0.22931,80.7247,1120361.4292,109.467,3364.97,35.0,37.9677
26757,2.643,5675.8,1973.91,0.34777,49.1158,797873.0778,76.953,2546.3,24.0,42.0062
26778,15.1,7521.22,2636.17,0.35049,77.1025,1014059.5849,112.884,2942.52,17.0,36.7731
26796,4.142,19160.3,5204.46,0.27162,252.594,2646975.1375,307.941,5447.79,210.0,25.4881
26799,0.0,7891.13,1604.4,0.20331,91.3669,1073540.4802,114.422,3828.01,23.0,34.2336
26802,10.827,13032.9,5530.79,0.42437,95.6841,1761379.3418,214.117,4276.48,54.0,36.7867
26808,11.782,5996.26,2027.97,0.3382,52.3833,847570.6458,85.4292,2530.0,101.0,40.9958
26821,1.212,10937.3,2166.28,0.19806,121.572,1497266.6845,169.934,3905.91,55.0,33.2138
26828,7.339,9693.57,2745.16,0.28319,84.2161,1383335.7539,120.223,4158.05,73.0,33.8692
26847,8.855,16088.7,6217.85,0.38647,178.166,2208781.0744,275.0,5264.22,116.0,23.6932
26851,10.971,5828.43,1669.54,0.28644,43.3032,801313.1772,86.6553,2846.8,27.0,42.1982
26868,16.245,7250.67,1622.6,0.22378,72.6994,1036925.5049,76.6792,3328.44,16.0,46.5464
26869,1.924,11569.9,3103.98,0.26828,132.006,1592199.4585,158.975,4517.61,96.0,31.3262
26887,11.854,8295.88,2648.53,0.31925,71.0796,1117780.9734,113.259,4062.16,67.0,36.3432
26904,1.829,8920.37,2110.6,0.2366,86.3657,1271461.0108,113.827,4055.72,6.0,34.9304
26905,3.404,21858.2,6375.93,0.29169,291.992,3025407.0679,366.788,6355.94,96.0,17.8646
26932,12.337,7647.19,2211.21,0.28915,54.866,1108018.5997,81.665,3515.64,32.0,40.077
26943,1.73,6119.21,1342.12,0.21932,57.5866,840874.9599,82.4472,2793.42,18.0,40.5172
26956,15.402,7434.58,2880.15,0.38739,55.348,973256.5677,115.177,3284.54,49.0,37.8069
26963,3.584,7078.48,1879.83,0.26556,67.1173,993156.4401,85.3217,2913.59,47.0,39.3135
26981,2.217,3626.2,1065.19,0.29374,24.3293,492657.8367,38.4972,1399.9,4.0,45.3918
26982,1.245,15201.6,3883.14,0.25544,190.094,2150445.8908,216.112,5697.67,65.0,23.015
27005,2.477,18037.7,5487.15,0.3042,221.64,2566578.0892,286.106,5646.27,122.0,21.4944
27015,1.896,15205.1,5239.28,0.34457,215.041,2123271.4745,256.057,5323.67,290.0,24.6642
27060,1.742,8269.03,2553.09,0.30875,95.3222,1120802.3864,114.538,3261.33,84.0,38.565
27077,8.266,5293.77,1910.68,0.36092,38.9413,731478.9554,71.0046,1970.88,39.0,43.8148
27101,1.812,13072.2,4604.97,0.35227,141.816,1865877.467,228.223,4865.89,66.0,29.53
27132,5.215,12051.4,2732.31,0.22672,144.236,1694849.1541,173.773,4689.21,144.0,30.4297
27137,2.33,5853.07,1468.68,0.25092,45.0171,830812.7683,63.1342,2462.35,10.0,41.2453
27171,4.951,8387.19,2278.04,0.2716,91.7564,1178104.0129,109.957,4083.76,125.0,34.6103
27247,2.006,10891.2,3960.75,0.36366,108.251,1510484.8545,171.912,5505.06,49.0,32.9475
27249,3.561,18070.4,5647.19,0.31251,252.092,2455648.2907,318.582,5771.68,320.0,20.7202
27281,1.86,6387.29,2036.85,0.31889,62.571,869978.7613,90.5397,3506.29,63.0,34.9401
27287,6.57,17183.5,6040.88,0.35155,164.569,2357951.1234,253.214,5203.58,114.0,26.1076
27288,2.778,14000.6,4003.62,0.28596,155.465,2019050.9089,204.628,5132.94,99.0,27.4597
27297,20.453,19614.7,6186.23,0.31538,177.303,2812893.4198,259.828,5141.32,126.0,26.2793
27326,2.393,6270.61,1682.54,0.26832,52.8985,881756.9675,76.1243,3350.46,57.0,38.7139
27369,18.306,8187.59,2168.73,0.26488,71.1812,1155118.1858,104.712,3408.98,59.0,36.1974
27375,16.339,8717.27,3211.53,0.36841,73.4235,1241849.7584,104.727,3699.65,59.0,37.2834
27421,4.76,10485.7,2675.94,0.25519,108.504,1476247.6282,145.386,4370.0,60.0,32.9707
27439,4.951,8387.19,2278.04,0.2716,91.7564,1178104.0129,109.957,4083.76,125.0,34.6103
27450,4.026,9611.57,2567.93,0.26717,65.377,1327384.6195,125.266,4198.78,89.0,34.0187
27464,11.07,19040.7,6496.52,0.34119,183.3,2586325.6064,274.674,5645.8,109.0,23.8398
27489,16.338,9006.11,1784.63,0.19815,79.6145,1276241.8456,105.716,4380.21,73.0,33.1966
27523,5.436,8512.82,2715.96,0.31904,72.2264,1159292.1386,110.294,3612.63,81.0,35.9097
27526,1.571,14820.0,3438.95,0.23204,176.625,2092363.2155,201.604,4050.48,138.0,32.1425
27541,4.953,8294.53,2132.51,0.25709,71.6751,1156456.0352,108.511,4089.93,15.0,34.2899
27546,2.348,5740.54,1581.66,0.27552,46.169,803998.9847,71.0704,2924.77,14.0,40.8162
27552,4.888,14365.5,4515.28,0.31431,175.119,1989687.5779,232.253,4802.98,120.0,28.4362
27556,1.562,5239.88,1149.51,0.21937,53.2897,745826.9043,67.8646,2883.51,58.0,40.2901
27559,16.225,7122.4,2401.91,0.33723,48.2351,992605.5106,113.649,4083.72,66.0,37.4637
27592,8.889,5449.15,1177.85,0.21615,43.8115,759023.755,60.0048,2275.2,4.0,41.7653
27618,6.945,6521.38,2320.9,0.35589,57.9224,906350.3228,89.4556,3324.38,36.0,38.1359
27624,11.416,4000.45,1686.03,0.42146,25.1496,549230.0928,56.6632,1670.37,15.0,43.9015
27631,20.462,22536.6,9194.85,0.40799,151.74,3184971.1867,343.333,6898.34,141.0,20.9078
27651,3.002,7060.71,2473.64,0.35033,62.8972,932638.4347,108.423,2795.94,27.0,38.7088
27679,2.391,9822.14,3313.93,0.33739,116.53,1352292.3556,171.305,3746.02,29.0,33.2886
27682,10.976,13492.0,5277.73,0.39117,94.2175,1877043.233,195.708,5757.61,87.0,28.8525
27693,1.799,13169.8,2825.91,0.21457,171.739,1806882.5611,200.428,4717.61,100.0,28.8163
27696,8.03,6211.95,1508.29,0.2428,58.3632,818783.321,83.8293,3464.68,45.0,38.1747
27724,3.064,6867.03,2163.4,0.31504,53.3666,938377.6451,100.575,3676.17,86.0,35.4173
27728,14.171,21787.0,7782.52,0.3572,150.69,3095325.4811,348.76,19086.17,126.0,27.5497
27733,10.816,10313.8,2374.52,0.23022,154.351,1370441.0823,159.543,4380.63,62.0,31.4739
27734,12.838,5891.39,1611.38,0.27351,48.656,763073.5296,72.1712,2085.28,32.0,41.8523
27745,9.6,11731.9,4594.47,0.39162,92.733,1665426.4004,149.318,4437.95,58.0,31.9506
27753,15.989,11002.9,3864.68,0.35124,99.1767,1534331.7564,133.061,3982.5,50.0,35.0999
27762,1.24,8866.98,2590.83,0.29218,91.8589,1229845.3049,124.523,3236.9,19.0,37.5979
27788,18.129,10891.7,5174.9,0.47512,113.835,1497928.7592,183.706,4497.11,88.0,32.4673
27827,3.178,12375.8,3267.57,0.26402,138.323,1675604.904,157.755,4112.57,221.0,31.7378
27832,1.286,15050.6,3956.64,0.26288,187.679,2126955.5107,209.624,5703.27,65.0,23.3455
27841,3.021,13403.2,4409.75,0.329,161.888,1834227.7905,199.808,4989.9,75.0,27.6811
27844,2.788,6991.37,1840.64,0.26327,65.9635,956742.9829,91.4902,3070.27,53.0,39.6863
27846,0.893,9098.39,2420.11,0.26599,103.39,1244256.1985,154.72,4131.11,78.0,33.2128
27857,6.463,7517.69,2672.09,0.35544,61.7516,987891.1793,118.867,3119.58,30.0,37.8295
27861,2.264,4372.52,928.59,0.21236,39.3835,574089.0305,61.6759,2584.71,11.0,43.2879
27863,1.816,15145.0,4749.43,0.31359,212.086,2095425.3239,251.15,5326.19,293.0,24.7219
27865,19.382,9507.74,5253.56,0.55255,91.1102,1204053.2495,186.516,2996.88,109.0,38.6047
27868,17.478,10655.1,3760.41,0.35292,100.481,1474388.2745,143.837,3634.67,74.0,36.4691
27894,4.886,8111.04,2026.89,0.24989,75.3945,1114717.1676,102.386,3522.4,32.0,36.0448
27922,1.774,4715.75,839.62,0.17804,42.9536,642237.4071,63.1134,2606.49,14.0,43.1748
27974,17.675,9776.24,3972.81,0.40637,119.216,1377382.8403,148.494,3635.09,165.0,35.4884
28001,2.192,4981.59,1216.94,0.24428,45.0799,694125.7604,65.9265,1988.57,2.0,42.5801
28023,3.668,23408.1,7471.07,0.31916,310.137,3254562.6942,388.836,6350.64,112.0,17.7532
28051,1.029,22683.6,5372.52,0.23684,332.611,3116281.6922,398.693,6219.53,159.0,19.8512
28060,1.393,5734.82,755.75,0.13178,46.3022,812938.5123,62.7491,2678.55,2.0,42.2623
28068,11.882,5325.12,1762.65,0.331,41.7351,750188.5912,71.6321,2625.8,44.0,41.2743
28071,8.027,6011.51,1944.51,0.32346,57.4692,823676.6959,83.8471,3190.64,13.0,39.4006
28073,5.036,10019.8,2912.22,0.29064,101.844,1452781.1246,138.178,4431.23,57.0,31.6215
28096,12.614,18848.0,5489.57,0.29125,212.874,2587573.8471,290.938,5931.58,225.0,20.4966
28110,10.843,4465.62,1729.67,0.38733,46.7983,659783.0916,63.6453,2350.45,57.0,42.9753
28155,1.498,10355.0,2774.58,0.26794,129.251,1467795.6283,167.864,4270.58,50.0,32.2643
28157,12.236,6671.34,2305.58,0.34559,57.1747,952754.4725,87.4335,4851.55,31.0,37.3557
28167,4.077,5795.03,1078.7,0.18614,52.0764,800538.3228,66.9914,3071.54,23.0,39.6757
28168,5.924,13982.9,4290.8,0.30686,159.226,1914754.8078,212.489,5568.53,10.0,30.7843
28208,1.601,5733.31,1297.14,0.22624,71.9356,809994.9845,61.4395,3181.22,19.0,38.9375
28215,1.42,13543.7,3312.97,0.24461,161.304,1898710.1198,182.848,4620.43,66.0,29.9106
28230,4.138,12715.8,3888.62,0.30581,164.038,1788301.6231,210.611,4602.73,114.0,29.7202
28231,15.241,7212.35,2454.2,0.34027,55.2822,990700.9415,96.2392,2691.38,32.0,39.9689
28253,15.202,8562.03,2900.49,0.33876,99.5968,1130500.1613,144.497,3506.1,86.0,37.2953
28261,20.944,11376.8,4042.62,0.35533,101.957,1581407.217,160.157,6092.92,40.0,33.5058
28272,13.139,10699.7,3919.3,0.36629,91.4674,1512839.5555,149.395,4522.38,122.0,31.2634
28273,1.639,8117.38,2327.87,0.28677,91.1126,1107245.73,114.615,3222.37,83.0,38.6953
28280,16.212,8362.08,3398.6,0.40642,69.5414,1181289.3632,114.312,3731.98,85.0,36.2595
28302,0.454,9598.11,2319.38,0.24164,104.209,1366185.4431,153.147,3808.56,14.0,34.2886
28314,16.05,8250.14,2866.75,0.34747,80.5647,1149762.6725,121.006,3834.34,45.0,37.9311
28342,9.634,7529.9,2016.13,0.26774,79.8816,1045224.7701,114.359,3014.98,84.0,35.8948
28346,1.79,11305.4,2288.27,0.2024,148.498,1581257.8069,180.197,4631.46,149.0,30.041
28355,15.779,15774.1,6939.01,0.43989,186.358,2171863.4288,270.15,4351.08,107.0,25.3005
28360,1.145,21315.9,5536.49,0.25973,329.645,2909822.739,415.081,6257.27,150.0,19.7576
28396,18.655,8300.66,3150.23,0.37951,68.5095,1100395.7144,141.777,3878.69,71.0,36.5317
28403,16.32,12645.0,5524.64,0.4369,94.4414,1769699.8767,184.968,4513.72,90.0,31.405
28404,16.627,10708.2,2910.89,0.27183,109.841,1542550.5174,132.529,4565.9,108.0,27.6604
28412,18.739,13936.8,5690.27,0.40829,98.9064,1936501.1695,200.0,4197.25,124.0,32.6493
28420,2.191,13341.2,3783.15,0.28356,142.971,1844474.0343,169.318,4555.98,89.0,31.2107
28438,20.624,4053.89,783.29,0.19321,31.9646,581234.3899,40.4774,1211.65,38.0,45.1196
28448,9.049,4780.31,1276.6,0.26705,29.9928,681184.9273,57.3799,2285.48,49.0,43.7788
28470,13.614,10475.5,4152.98,0.39644,104.331,1483561.4208,139.516,3674.79,51.0,35.2771
28476,6.722,6609.2,1714.71,0.25944,64.408,907031.8839,82.0074,3216.57,57.0,38.9078
28491,3.016,6501.78,1691.43,0.26014,55.2899,928811.409,76.4022,2562.96,60.0,41.4424
28505,2.338,14214.5,4320.73,0.30396,196.347,1935392.8293,224.645,4580.06,176.0,28.9617
28516,2.036,9226.0,2715.14,0.29429,97.9305,1277455.2439,124.767,3883.56,19.0,33.9995
28524,13.172,7270.82,3228.64,0.44405,79.8115,972495.1644,132.409,3346.0,54.0,36.8942
28538,4.869,6452.53,1315.44,0.20386,61.9463,891658.6134,77.4171,3268.78,28.0,38.0263
28622,2.472,4127.25,1108.49,0.26857,36.0892,588426.534,47.5134,1779.53,13.0,42.4857
28639,0.632,4881.73,950.67,0.19474,46.7579,699571.4905,56.8596,2188.36,80.0,43.3308
28652,1.917,11843.6,3998.59,0.33761,119.642,1637255.8771,185.09,4257.59,54.0,30.3616
28656,2.163,6027.5,2119.86,0.35169,78.7841,817208.5618,87.196,3222.42,60.0,38.4557
28662,9.617,4417.67,1364.35,0.30883,40.4742,606694.1127,59.8949,1477.68,17.0,44.0029
28681,2.231,5286.35,2159.5,0.4085,34.8941,747043.02,71.3267,2592.07,40.0,42.7879
28685,15.817,8694.85,3250.29,0.37381,73.6527,1228176.8433,116.445,3887.39,24.0,37.6063
28689,2.802,15255.5,4973.52,0.32601,172.152,2132268.262,239.579,5435.79,219.0,27.7523
28706,16.519,11003.2,3307.65,0.3006,65.2141,1469607.7515,156.605,5010.63,42.0,31.2149
28735,7.637,6800.71,2197.64,0.32314,69.5304,907681.4528,103.386,2891.17,33.0,39.6895
28737,0.986,9453.26,2457.49,0.25996,100.597,1290166.8721,152.24,4137.87,79.0,33.1179
28764,3.494,7225.77,1991.15,0.27556,70.1617,1028245.3291,83.9248,3207.3,13.0,39.0368
28771,16.519,11003.2,3307.65,0.3006,65.2141,1469607.7515,156.605,5010.63,42.0,31.2149
28796,19.892,8901.18,2622.41,0.29461,92.4999,1213328.8849,101.262,3570.88,89.0,35.9578
28801,0.594,9411.8,2493.92,0.26497,96.0612,1289968.868,158.194,4130.76,78.0,33.2403
28830,4.329,8518.62,2940.12,0.34514,70.2105,1154873.4323,129.753,4647.42,67.0,34.4656
28849,14.252,8049.1,3725.08,0.46279,54.6714,1123527.1906,140.966,3478.29,56.0,36.8642
28861,15.76,7742.23,2280.74,0.29458,65.1486,1064315.261,96.6472,3058.03,48.0,38.818
28863,15.82,11025.5,3115.22,0.28254,119.068,1582444.6706,154.306,4453.66,68.0,29.3214
28918,3.997,13188.3,4672.04,0.35425,129.454,1883506.5295,183.165,6176.35,135.0,31.9185
28922,18.966,9322.9,2613.01,0.28027,105.068,1331602.2964,226.781,4264.05,85.0,32.1457
28937,2.157,5778.87,1623.04,0.28085,61.9201,729902.7229,86.6356,3095.36,20.0,39.4399
28949,1.603,8453.8,2581.45,0.30535,99.5352,1162046.8886,144.197,3246.7,17.0,36.3396
28951,2.996,9254.94,2215.11,0.23934,98.8331,1306116.0582,126.458,3856.59,53.0,34.8753
28953,15.781,7638.81,2218.77,0.29046,89.5807,1021922.7944,107.721,3400.84,34.0,31.0904
28973,15.032,9247.9,3537.87,0.38255,89.2341,1316306.8132,150.08,4142.72,85.0,32.6117
28978,17.997,12721.6,4505.85,0.35418,126.291,1820875.2505,184.398,4865.21,86.0,25.6796
28984,11.7,7511.21,2572.04,0.34242,84.1228,1016586.9769,124.135,3361.17,111.0,37.3627
28987,3.925,9816.32,3300.26,0.3362,123.617,1353011.2397,172.819,3794.47,36.0,32.5945
28992,18.217,9592.7,3501.68,0.36503,64.6374,1310401.8355,144.283,4605.75,58.0,35.4069
29009,1.526,8685.03,2314.17,0.26645,82.4698,1218087.192,114.674,4108.98,48.0,33.9539
29013,1.806,9384.2,2657.88,0.28322,100.582,1250579.319,141.951,3710.78,17.0,35.6665
29023,3.766,12867.9,4076.14,0.31676,132.424,1794409.2226,180.215,4759.79,80.0,29.4386
29062,1.911,8367.51,2537.74,0.30328,98.2032,1143060.3607,141.359,3270.67,10.0,36.5918
29066,3.537,9952.93,2742.41,0.27553,104.907,1377421.8195,129.926,3660.55,5.0,32.9193
29073,2.873,10849.3,3621.25,0.33377,127.018,1427929.8578,182.222,4230.39,44.0,33.845
29137,16.033,5632.51,1824.64,0.32394,61.9591,738737.9473,94.4041,2795.72,5.0,40.2027
29191,16.809,10348.4,2963.87,0.2864,115.608,1505790.5997,150.756,3629.48,167.0,36.1528
29302,16.74,12199.7,4298.99,0.35238,85.7251,1708459.5425,186.806,4145.65,21.0,35.3389
29314,11.268,5949.61,1432.87,0.24083,51.9128,857033.5338,72.6923,2426.44,49.0,42.0513
29319,18.108,9261.82,3391.93,0.36622,66.6158,1286751.8985,132.167,4746.45,59.0,37.3526
29346,18.55,12276.0,5329.61,0.43414,147.275,1707275.7636,229.721,4733.09,141.0,28.5878
29348,14.413,9944.72,3611.24,0.36313,98.6744,1397974.15,125.286,3520.5,47.0,35.5574
29391,2.624,10648.0,3082.21,0.28946,128.603,1524479.5428,172.028,4386.91,43.0,31.7843
29424,1.873,8739.58,2931.76,0.33545,102.794,1200631.1633,147.689,3289.48,9.0,36.3805
29429,1.988,13352.3,4380.27,0.32805,187.037,1835554.1566,250.052,4454.27,29.0,29.5021
29455,9.452,8326.39,1317.19,0.15819,77.4095,1105300.4735,101.603,3747.7,33.0,36.2775
29463,5.522,14101.6,4217.36,0.29906,148.657,1924250.3273,214.275,5348.05,10.0,30.8518
29541,13.018,5006.9,1138.58,0.2274,43.1622,698859.485,69.972,2683.32,10.0,42.5297
29580,5.106,11467.4,4301.04,0.37506,140.643,1617803.8409,186.269,4315.39,57.0,31.264
29581,13.868,12213.5,4827.39,0.39525,126.487,1744514.0371,205.672,4809.91,66.0,28.7172
29606,1.867,5199.56,2110.81,0.40595,34.5858,736029.9895,69.1928,2572.53,39.0,42.578
29617,15.3,13246.9,3606.27,0.27223,112.307,1907013.6575,158.344,4732.0,84.0,26.6424
29618,6.277,18169.8,6101.64,0.33581,179.743,2559983.9846,263.766,5087.01,41.0,25.5802
29633,19.927,13513.4,5800.66,0.42925,122.635,1904136.4905,225.534,4912.97,131.0,28.2889
29662,19.347,30970.4,10658.9,0.34416,273.558,4256876.1162,387.042,6701.17,205.0,19.5778
29664,3.344,8833.23,2391.97,0.27079,103.781,1249376.4216,132.09,4110.75,146.0,33.5644
29676,3.727,9984.49,1878.09,0.1881,147.963,1379908.4475,196.744,4292.83,94.0,31.9574
29734,1.917,9091.52,2083.33,0.22915,113.78,1256166.935,129.353,4177.71,62.0,34.3582
29763,2.232,15930.9,5049.48,0.31696,210.289,2106430.8219,247.408,5778.2,251.0,22.0264
29823,17.202,17915.2,7462.07,0.41652,191.749,2500488.8216,291.418,6120.39,126.0,24.4366
29827,3.174,21616.5,8051.16,0.37245,193.422,3013874.229,369.852,16874.02,144.0,27.0266
29842,2.758,15609.3,3921.34,0.25121,214.653,2132184.4711,262.726,5123.51,152.0,25.6702
29843,0.902,11466.7,3001.56,0.26176,133.874,1592291.0628,182.672,4750.21,173.0,24.094
29850,2.818,11451.1,3101.14,0.27081,141.982,1617394.5377,164.238,4167.54,131.0,32.4508
29856,8.923,6422.88,1635.97,0.2547,64.5454,866184.2573,87.477,3305.46,63.0,39.0616
29857,13.933,8144.98,1374.11,0.1687,102.052,1070323.1925,108.561,3670.26,71.0,37.1488
29906,2.113,16090.4,5496.04,0.34157,188.91,2216045.8177,261.689,4578.42,33.0,25.7182
29922,1.543,13784.0,3230.15,0.23434,173.462,1931898.8419,202.506,4034.52,134.0,32.1878
29960,16.244,9510.18,3656.17,0.38444,63.9534,1369443.1187,128.396,3375.51,44.0,37.564
29995,2.342,8395.98,2558.68,0.30475,96.9101,1190822.6818,116.591,3586.05,89.0,36.5565
29998,1.428,15127.0,4397.5,0.2907,211.277,2117602.7129,248.187,5332.01,294.0,24.2649
30026,10.848,5359.03,1874.13,0.34971,55.5045,742123.1106,72.2695,2575.45,71.0,41.362
30051,11.484,18002.0,6573.95,0.36517,172.228,2466277.7817,288.837,5814.97,134.0,26.9013
30093,2.97,5945.0,1429.49,0.24045,54.3053,836860.4613,72.4689,2918.21,58.0,39.385
30110,2.816,8611.58,2269.52,0.26354,88.4264,1186743.1655,135.871,4646.28,44.0,32.8564
30144,17.271,11387.7,4584.06,0.40254,128.109,1603871.9779,187.336,4318.9,149.0,32.858
30163,5.082,15727.9,5982.51,0.38037,196.918,2207991.3721,273.94,4694.09,107.0,28.0279
30166,19.311,9800.63,3418.23,0.34877,106.345,1423485.4339,172.003,6053.38,84.0,25.2927
30172,4.341,17447.0,4987.6,0.28587,261.284,2388555.7139,245.784,4839.52,292.0,27.0175
30184,1.74,12669.4,2628.04,0.20743,168.112,1713235.8842,214.13,4704.87,95.0,28.8901
30207,12.728,7838.4,2650.84,0.33818,68.5737,1058172.8978,113.745,4197.21,61.0,34.2396
30222,1.33,14486.3,2767.85,0.19106,178.584,2017490.9592,226.793,4685.76,26.0,28.6203
30247,11.184,4098.88,1368.57,0.33388,36.8666,566007.5409,50.1979,1388.57,32.0,44.4921
30266,2.044,9565.47,3007.4,0.3144,90.2876,1365252.9223,142.843,3949.31,1.0,34.8816
30299,13.918,8263.37,2868.86,0.34717,82.3445,1149254.3098,114.125,4040.38,26.0,35.8419
30301,15.018,10013.9,1989.58,0.19868,100.523,1409738.7823,124.286,4316.93,157.0,31.7715
30316,4.588,22823.6,8193.16,0.35897,263.891,3190568.5447,356.229,5777.04,76.0,22.266
30340,4.04,6145.04,2273.64,0.36999,70.3442,846830.8771,89.87,3090.91,32.0,39.9898
30424,4.73,6696.31,3010.9,0.44963,86.9227,818424.1827,129.238,2063.29,115.0,41.4784
30446,2.418,8818.14,3014.52,0.34185,94.1871,1184952.1947,126.2,3373.58,73.0,37.9996
30485,19.412,16432.6,6139.18,0.37359,198.604,2298038.4024,253.018,4742.66,114.0,29.2832
30500,1.487,10273.2,3379.13,0.32892,128.162,1379290.0475,167.5,4028.18,37.0,33.5846
30549,3.651,20105.7,6126.59,0.30471,240.197,2788704.7515,327.16,5484.03,77.0,23.2632
30571,1.021,7891.91,1698.31,0.21519,76.4644,1126866.9022,112.533,4048.8,104.0,34.8984
30577,0.529,9250.46,2240.43,0.24219,104.47,1306903.0218,155.588,3831.36,14.0,34.1175
30621,11.052,4900.86,1802.87,0.36786,41.7071,621068.4447,86.4334,2691.48,37.0,42.8933
30644,19.256,17932.1,6513.96,0.36325,183.737,2425347.6905,258.911,4469.07,120.0,30.1258
30670,7.413,6166.11,1559.31,0.25288,68.9392,871536.1495,82.4519,2820.13,73.0,39.0867
30679,1.793,6975.9,1950.05,0.27954,66.3273,956228.4706,93.3078,3153.29,46.0,46.5464
30688,2.165,13626.4,4494.85,0.32986,160.305,1952666.5592,203.04,5404.12,89.0,26.2731
30697,13.924,16803.0,5808.68,0.34569,130.743,2401510.9394,237.475,5654.64,64.0,23.9868
30705,4.308,8737.19,2382.02,0.27262,68.3628,1190018.5868,132.22,4263.39,33.0,36.4851
30708,3.894,12734.4,3842.97,0.30177,165.2,1796575.4121,215.154,4753.44,62.0,28.7294
30713,2.277,5690.85,1405.61,0.24699,47.2847,804751.2602,61.0073,2450.35,10.0,41.6317
30716,3.793,5806.9,1010.17,0.17396,51.0437,799898.7216,64.7854,3039.31,24.0,39.9759
30719,1.683,10584.8,2118.4,0.20013,148.605,1481683.5153,167.634,4624.99,147.0,29.8669
30733,11.056,11131.0,3417.77,0.30704,109.948,1562710.7116,151.813,3799.0,64.0,34.9732
30747,1.873,10159.4,2763.72,0.27203,127.277,1402759.1152,157.752,4681.44,67.0,30.2595
30757,1.673,7008.1,2397.1,0.34204,65.0145,944231.2844,103.179,3139.56,21.0,40.0999
30804,17.375,8433.12,2786.1,0.33037,75.1107,1188053.8058,108.361,3715.5,28.0,36.1349
30831,18.078,8826.5,3608.96,0.40887,90.9268,1293892.3172,133.792,3855.71,32.0,34.4031
30845,11.346,10962.2,3889.34,0.35479,157.63,1507786.5316,177.283,4924.64,52.0,28.8107
30873,3.08,15991.4,4630.29,0.28954,184.246,2209003.2601,244.778,5498.47,191.0,27.3242
30886,0.89,9602.05,2657.36,0.27674,110.314,1308852.7156,162.214,4159.58,78.0,33.1811
30894,0.592,6248.29,896.69,0.1435,47.1863,885909.6699,73.4147,2691.44,1.0,42.1139
30917,16.971,8467.0,3757.17,0.44374,65.0042,1212472.6748,115.529,2885.13,64.0,38.3754
30941,1.752,6534.4,2743.7,0.41988,70.1629,907077.831,98.0422,3133.95,45.0,39.8175
30943,14.874,6924.72,2153.74,0.31102,61.4582,989589.9138,91.3526,3652.35,48.0,40.0924
30966,13.305,7401.31,2052.72,0.27734,57.4064,1039185.4166,92.6634,2673.5,28.0,39.7684
30969,2.299,4959.99,1258.63,0.25375,47.8912,629108.7237,65.1373,2127.16,42.0,43.068
30974,19.169,15232.8,5652.04,0.37104,139.872,2133212.1955,229.292,4777.44,120.0,27.7238
31006,3.667,5577.68,2175.92,0.39011,69.255,758145.3037,85.3865,2932.89,34.0,40.5117
31007,9.617,7231.57,2268.59,0.3137,72.3248,997265.467,101.8,3286.78,88.0,37.6657
31014,15.993,11729.9,4707.53,0.40132,92.0573,1665629.3281,163.468,4534.29,49.0,32.1073
31017,16.196,8640.5,3864.21,0.44722,87.1933,1064753.2995,147.908,2522.99,103.0,39.6596
31023,13.869,10709.5,3638.87,0.33977,96.936,1498227.7675,143.332,4759.57,138.0,31.5935
31078,14.535,6967.07,2459.52,0.35302,49.1568,969498.281,108.75,2590.21,62.0,40.5622
31085,2.302,6816.15,1964.34,0.28818,64.6954,935826.5413,93.0009,3084.5,51.0,39.5703
31088,8.961,4516.51,1473.44,0.32623,40.1311,611332.2037,62.2379,1876.8,33.0,43.9495
31126,19.337,8860.3,2434.29,0.27474,93.913,1206159.3565,98.5012,3790.24,12.0,33.6979
31130,9.276,5945.62,1850.68,0.31126,51.1412,847288.8547,79.787,2973.71,6.0,40.7371
31150,17.544,7754.71,1838.46,0.23707,88.8921,1061640.0486,132.071,3608.48,76.0,31.1552
31165,3.028,10122.2,3441.29,0.33997,119.761,1393086.7706,169.161,3820.24,33.0,32.9987
31168,10.485,15304.1,6139.84,0.40118,159.125,2091840.9112,223.349,5112.17,133.0,26.351
31170,2.48,8170.74,3019.34,0.36953,81.1921,1126856.4895,113.433,3807.62,23.0,34.9622
31176,17.871,14637.6,4495.43,0.30711,153.779,2114309.1028,223.203,5255.01,127.0,26.7994
31205,5.106,8627.77,2859.25,0.3314,95.7957,1212815.731,133.347,3599.14,79.0,36.6244
31235,11.468,11674.5,4119.69,0.35287,137.064,1615026.9803,198.11,4722.97,90.0,27.0687
31237,19.259,12888.0,4358.85,0.3382,126.591,1807746.4281,174.407,5075.02,132.0,46.5464
31253,6.86,19579.7,6027.63,0.30785,250.666,2649126.6709,294.867,5014.11,261.0,27.2194
31259,5.802,24700.4,8163.06,0.33048,246.251,3429875.4375,386.654,8574.97,196.0,22.3039
31273,17.531,9738.58,3720.54,0.38204,104.077,1402206.5395,155.657,4283.85,79.0,27.222
31280,4.116,13412.6,4570.57,0.34076,157.831,1886774.4953,226.482,4669.72,116.0,29.2858
31329,1.403,5775.74,985.26,0.17058,50.2179,813308.2349,68.0006,2642.52,1.0,42.4377
31364,3.263,17174.7,6032.93,0.35126,201.03,2242783.7449,287.103,6782.74,242.0,21.9903
31379,4.835,9224.61,3380.26,0.36643,79.5171,1254603.5468,128.14,3886.33,108.0,38.4478
31394,4.162,11233.6,2953.07,0.26287,114.605,1584773.6706,161.701,4530.16,69.0,32.4954
31398,3.288,6197.3,1033.15,0.1667,37.5665,850074.0356,69.1621,2781.83,14.0,42.1603
31423,1.705,9792.26,3159.52,0.32265,94.2666,1365141.3105,144.434,4401.32,35.0,33.5231
31443,2.546,11104.7,2883.74,0.25968,148.197,1599052.5651,157.29,4113.19,130.0,32.4557
31458,15.127,14201.9,4883.3,0.34384,173.217,2024978.3979,251.388,5131.29,69.0,27.1887
31492,3.711,11912.7,3548.47,0.29787,107.294,1633893.4174,172.466,4727.46,13.0,31.3953
31495,1.637,7715.96,1797.69,0.23298,71.4034,1121545.3577,97.257,3066.33,19.0,37.8591
31501,4.344,5734.8,1778.25,0.31008,59.2104,763727.009,90.0809,2644.28,30.0,41.2202
31509,0.837,8204.62,1753.4,0.2137,78.5704,1172250.0286,110.812,4072.1,103.0,34.7571
31542,1.514,10333.0,3402.91,0.32932,125.536,1392099.0002,174.15,4031.02,38.0,33.5716
31554,4.091,8384.36,2969.51,0.35417,75.4602,1129960.5238,117.494,3785.82,90.0,35.3824
31566,2.208,17298.7,6313.0,0.36494,240.148,2366503.1309,260.047,5592.48,129.0,22.7659
31583,8.621,4225.87,1733.86,0.41029,35.9377,589556.2547,62.038,1878.57,16.0,44.0645
31628,4.181,12532.5,4038.54,0.32224,150.372,1740132.3742,174.432,5121.6,40.0,29.3439
31636,13.271,17818.7,7161.41,0.4019,158.566,2488974.9612,241.135,5736.36,53.0,24.4831
31664,17.999,11712.7,4276.96,0.36515,91.6791,1647815.642,170.269,6743.99,42.0,30.4015
31681,9.625,10039.3,3607.04,0.35929,96.8665,1406575.4747,127.518,3913.6,85.0,34.7113
31702,19.876,8712.87,2016.94,0.23148,66.9153,1248758.1751,91.8831,3308.67,69.0,39.8844
31720,13.406,8689.17,2483.69,0.28583,97.4455,1233625.4647,112.27,4043.98,121.0,29.4591
31721,1.728,5875.78,1309.46,0.22285,61.0669,804098.7579,74.0183,2806.11,22.0,40.1911
31722,3.656,10362.9,3505.48,0.33827,96.3028,1429737.2825,145.526,3776.67,24.0,35.1754
31742,1.529,9947.68,2493.28,0.25063,128.381,1379806.545,158.596,4597.62,74.0,29.8788
31756,2.467,8380.04,1767.31,0.21089,102.344,1170052.4505,116.34,3238.84,118.0,36.8526
31804,3.138,9336.08,4084.98,0.43754,84.349,1308532.0093,145.429,3728.06,118.0,34.9091
31809,2.683,7911.36,2001.75,0.25302,77.9927,1121658.5214,97.9437,3913.91,36.0,35.4393
31811,1.543,19331.1,5431.0,0.28094,299.301,2614611.9651,307.071,6563.09,285.0,18.6772
31813,14.064,7498.43,2112.95,0.28178,65.2805,1071879.4858,96.4908,3538.52,10.0,34.8952
31838,0.92,8144.32,2271.3,0.27888,90.0579,1125130.4174,115.366,3075.94,32.0,37.6912
31842,19.135,13127.4,4923.3,0.37503,124.749,1881115.1838,206.74,5002.88,122.0,27.4124
31899,12.384,12361.9,3998.01,0.32341,76.8662,1694619.0099,159.517,8668.94,47.0,35.8428
31901,16.994,10503.5,3194.39,0.30412,75.378,1444545.9813,147.229,4203.46,68.0,38.1092
31924,2.566,7371.25,1718.08,0.23307,79.2982,1061216.7535,111.949,3839.13,78.0,36.078
31949,12.98,8280.64,2485.17,0.30011,93.3254,1141348.3596,99.607,3530.66,24.0,32.8008
31986,14.139,8459.39,2590.03,0.30617,79.1992,1179294.6761,108.971,4183.86,62.0,37.0727
31998,4.942,5779.78,1618.49,0.28002,56.3213,786392.5112,77.865,2669.94,25.0,41.1205
32015,3.92,8360.45,2666.6,0.31895,90.8928,1175202.344,124.913,3603.38,25.0,46.5464
32021,2.974,4920.51,1526.69,0.31027,45.1926,678591.5957,63.1533,1935.59,27.0,43.816
32079,2.707,8631.16,2477.55,0.28704,83.4264,1232763.4349,120.245,3981.21,47.0,36.161
32141,1.538,16285.7,4482.97,0.27527,196.329,2300109.4244,221.104,5742.83,70.0,22.7576
32143,5.186,10578.2,2400.89,0.22696,82.4754,1475225.5925,137.383,4048.93,161.0,34.761
32170,1.951,6156.12,2087.49,0.33909,72.4919,857417.3136,87.3049,3045.52,28.0,40.0014
32208,2.484,11931.7,2888.45,0.24208,126.682,1623210.894,153.762,3970.83,226.0,32.4092
32220,5.959,9257.66,2717.28,0.29351,86.7894,1318447.3949,133.5,4045.25,65.0,33.3594
32250,0.0,6965.94,2430.41,0.34889,47.7784,950064.382,99.0562,2589.82,2.0,42.4567
32273,2.477,6984.13,1934.46,0.27697,60.5245,957062.9508,93.6856,3057.69,50.0,40.12
32280,18.12,8882.35,3915.36,0.4408,80.4532,1279864.6668,143.729,4625.98,53.0,34.9795
32300,3.615,6897.03,2322.4,0.33672,64.2554,948886.2273,85.967,3565.3,47.0,37.2567
32309,1.576,10869.6,3072.78,0.28269,128.318,1527487.1955,172.937,4314.39,61.0,32.0463
32320,11.497,4933.69,1402.56,0.28428,46.4274,630017.6941,70.3331,1992.87,27.0,42.569
32326,8.357,4712.2,1681.43,0.35682,44.3865,672045.4533,74.6649,2439.62,43.0,42.4701
32357,17.938,7896.61,1748.82,0.22146,75.5476,1101852.4367,96.1517,3229.39,24.0,37.587
32377,14.968,17002.1,7707.38,0.45331,194.534,2292873.7082,302.509,5874.69,122.0,26.4709
32378,11.194,7932.35,1984.0,0.25011,71.4167,1082787.818,109.378,3896.92,60.0,36.3042
32422,4.351,7221.35,2224.04,0.30798,70.5466,998040.2847,97.1767,3069.3,22.0,38.1014
32427,4.649,7402.19,2272.14,0.30695,72.0135,1004208.8812,109.303,3364.52,75.0,35.3671
32430,10.145,13443.6,3180.06,0.23654,166.645,1911736.7437,209.064,4921.98,91.0,20.3123
32442,8.603,10281.6,3828.38,0.37235,85.5831,1465028.8758,149.406,3962.96,51.0,34.9411
32500,8.438,17096.9,5968.06,0.34907,133.042,2285720.5171,272.733,4800.77,157.0,28.5059
32515,2.937,14421.8,4044.67,0.28045,185.196,2048452.8088,234.742,4497.54,17.0,29.8791
32551,1.853,6470.77,1723.0,0.26627,54.2367,906393.2452,73.521,3346.06,60.0,39.1015
32552,4.554,24064.9,7857.93,0.32653,310.303,3353308.2555,390.171,6660.27,98.0,23.9586
32564,0.904,12171.3,4394.4,0.36104,112.037,1666448.5221,227.479,5085.71,166.0,22.8107
32603,2.392,18551.0,5602.71,0.30201,236.338,2567534.6194,275.429,5684.55,194.0,22.1709
32605,2.776,8848.17,2847.17,0.32178,79.5108,1200686.4215,120.776,3290.97,110.0,34.4731
32651,1.798,7100.85,2089.19,0.29421,66.3907,1003353.3914,89.1262,3596.59,32.0,38.0046
32654,2.963,12412.5,3279.02,0.26417,144.44,1715453.8017,174.735,4569.47,53.0,30.111
32656,4.886,8111.04,2026.89,0.24989,75.3945,1114717.1676,102.386,3522.4,32.0,36.0448
32681,13.947,8801.22,2817.18,0.32008,73.8046,1265566.71,102.869,3407.22,29.0,34.7049
32709,3.874,6262.8,1075.32,0.17169,52.1794,880518.2065,60.9431,3057.9,20.0,39.9254
32792,13.59,7047.81,2011.71,0.28543,61.4514,997940.8747,104.196,3090.19,6.0,39.6022
32817,2.407,19284.2,5448.3,0.28252,253.073,2596484.0469,305.822,5811.57,336.0,20.7086
32822,9.632,9518.4,2804.02,0.29458,77.8785,1337514.1764,127.228,3732.01,20.0,35.5567
32868,1.557,8391.05,2571.01,0.30639,98.6374,1153789.3669,141.347,3233.18,16.0,35.5575
32875,19.374,15917.5,5779.96,0.36311,178.723,2187456.2178,310.318,5352.74,133.0,25.7779
32897,4.501,8534.46,3678.75,0.43104,86.5735,1181958.5024,138.25,3670.61,118.0,35.2134
32898,1.978,15371.0,5269.81,0.34284,218.56,2120027.6362,258.188,5317.36,281.0,24.7365
32901,1.694,8025.28,2241.23,0.27927,84.3279,1099014.4253,117.339,3205.86,82.0,38.7613
32957,2.629,7871.0,2625.95,0.33362,75.1755,1096340.5183,111.457,3326.93,40.0,37.3163
33002,17.254,8407.78,4231.05,0.50323,89.765,1050031.2579,147.304,2469.55,90.0,40.0884
33018,1.525,7610.6,1926.58,0.25314,67.6304,1051022.783,109.559,3618.54,23.0,37.1233
33039,19.355,21067.2,7130.93,0.33848,279.176,2823857.5389,393.575,6369.94,306.0,19.2191
33073,4.805,9406.35,2772.66,0.29476,58.702,1309084.4476,132.528,4005.83,25.0,34.0583
33083,5.839,12143.3,4675.17,0.38499,177.236,1621231.2105,258.995,4552.97,99.0,23.7295
33120,3.864,9182.47,3115.67,0.3393,67.7128,1225144.089,141.81,5283.24,63.0,32.9393
33152,11.133,7328.65,2409.65,0.32879,52.7852,993869.0437,103.358,2653.35,34.0,39.0312
33158,2.459,13777.0,4936.47,0.35831,151.632,1964329.0073,225.878,5565.23,73.0,25.4575
33174,0.826,9287.32,1484.91,0.15988,100.898,1314978.996,121.968,3943.53,45.0,34.9427
33185,13.668,5667.6,1749.41,0.30866,44.1651,788704.1012,73.9875,2221.37,3.0,42.066
33198,2.783,9773.12,3342.35,0.34199,103.737,1349970.9461,141.621,4057.73,29.0,33.7439
33208,13.737,6890.79,2080.35,0.3019,64.6482,996591.0009,91.6007,2544.96,54.0,40.4416
33218,4.059,11719.8,4758.73,0.40604,72.8142,1660836.9984,168.558,5228.63,52.0,36.3379
33275,11.532,4189.43,1285.01,0.30672,37.0092,567129.667,52.3373,1400.13,32.0,44.4889
33276,10.614,7214.75,1720.41,0.23845,52.4575,1027829.4642,71.4935,3415.15,21.0,38.7339
33291,1.873,8739.58,2931.76,0.33545,102.794,1200631.1633,147.689,3289.48,9.0,36.3805
33310,3.665,8126.9,3296.61,0.40564,84.2792,1126346.1506,123.813,3620.74,121.0,35.3537
33361,1.589,12384.1,3243.59,0.26191,149.259,1772194.2372,173.595,4798.05,21.0,28.8369
33371,5.345,8110.91,2322.53,0.28634,78.8974,1136881.3469,108.455,3446.85,34.0,37.743
33385,5.413,9332.0,2857.29,0.30618,89.3686,1328880.6828,126.09,4281.99,71.0,33.1049
33397,8.843,5413.97,1374.27,0.25383,75.8706,726941.9931,109.635,3177.9,52.0,39.3605
33438,8.414,6165.5,1490.22,0.2417,62.1469,838610.93,87.1692,3281.41,55.0,38.7891
33455,1.657,8442.89,2825.5,0.33466,71.9063,1135756.1346,108.737,3897.28,64.0,38.3979
33472,6.29,11405.4,4131.26,0.36221,159.737,1575074.1635,224.203,3753.42,79.0,28.1097
33478,2.52,10969.7,2848.37,0.25965,129.914,1507284.3474,151.217,3696.79,26.0,34.3698
33494,14.953,13376.1,5624.5,0.42048,242.957,1794700.3124,180.176,5015.47,137.0,27.7954
33517,3.722,10583.4,3534.65,0.33398,125.59,1467579.4443,182.334,3858.03,39.0,32.5508
33529,6.083,17105.7,5414.77,0.31654,189.173,2342651.5939,223.572,5471.31,90.0,22.9158
33530,1.64,7981.36,2404.59,0.30127,91.372,1091587.6742,115.729,3219.12,84.0,38.7202
33544,8.188,7656.71,2642.2,0.34508,64.1158,1040039.4515,102.769,4007.84,62.0,36.2108
33577,0.78,4818.97,892.09,0.18512,43.26,692898.6101,58.0568,2184.95,76.0,42.8068
33584,1.773,4282.49,1398.58,0.32658,37.0751,579642.7604,52.7082,1443.9,16.0,44.2935
33593,19.303,18381.9,4908.18,0.26701,178.007,2598943.6804,224.949,5637.34,61.0,23.7307
33606,2.115,3938.25,902.95,0.22927,34.5952,557635.0848,45.1893,1806.99,11.0,44.4788
33610,3.864,15907.5,4353.39,0.27366,166.007,2262031.2742,244.399,4863.65,60.0,28.4957
33614,2.262,12926.5,4723.85,0.36543,131.74,1727059.5142,194.195,4700.22,38.0,33.7796
33625,1.497,8172.54,2451.84,0.3,99.5268,1118927.2849,149.165,3237.02,13.0,36.6396
33647,7.408,15201.0,6209.04,0.40846,183.19,2055953.4901,284.706,5841.47,196.0,26.1784
33662,1.971,8199.32,2309.89,0.28171,93.1585,1162937.0225,112.535,3557.42,96.0,36.8926
33731,2.978,9958.34,2761.24,0.27727,113.872,1416272.5334,146.427,4268.03,44.0,33.2225
33735,16.002,11503.0,4919.06,0.42763,46.8554,1599053.2325,163.421,4011.07,101.0,34.9052
33796,18.656,16036.5,5019.83,0.31302,181.573,2114917.7028,274.43,5293.11,162.0,25.2665
33832,0.947,9366.55,1611.23,0.17201,96.9158,1331449.4419,126.622,4180.47,46.0,33.5799
33846,0.0,13335.6,3186.54,0.23894,147.66,1875302.5074,202.584,4799.64,23.0,29.1062
33862,17.564,8840.28,3040.1,0.34389,99.1144,1174428.4264,154.085,4100.37,74.0,34.742
33889,4.351,5844.71,1881.84,0.32197,57.9832,779292.7343,94.9399,2655.19,34.0,41.2209
33896,19.803,13600.2,4681.31,0.3442,117.422,1955113.2905,206.684,3778.72,132.0,35.6483
33908,4.511,5761.58,1782.88,0.30944,58.2951,764965.5976,89.672,2705.4,27.0,40.8424
33913,19.677,16128.7,6086.09,0.37734,198.146,2249678.5813,264.301,6237.98,197.0,21.6363
33915,7.421,15091.4,5039.7,0.33394,198.921,2010031.2869,245.465,5213.26,108.0,25.5935
33921,14.416,7049.89,2611.3,0.3704,57.7603,1024596.9006,97.6722,3593.02,11.0,36.8719
33923,6.069,8551.66,1976.49,0.23112,73.1257,1204022.2456,93.5262,3265.34,32.0,37.3136
33952,5.922,18055.4,5994.65,0.33201,224.753,2484160.1305,306.27,4982.22,108.0,26.1122
33962,1.668,6646.86,2448.11,0.36831,61.3156,927626.9153,96.5918,3647.05,73.0,37.1183
34017,6.745,14799.6,5939.77,0.40134,190.774,1951581.9476,289.372,5262.19,110.0,26.3328
34046,13.253,8944.81,2375.82,0.2656,72.9352,1204404.8245,113.921,3765.33,78.0,35.0276
34052,1.608,8820.61,2223.94,0.25212,99.0841,1210403.6605,118.428,3446.65,116.0,36.1238
34071,1.146,9724.44,1597.56,0.16428,98.2139,1380753.8713,124.402,3971.98,43.0,34.732
34073,13.642,7336.93,2807.33,0.38263,65.7726,1051735.6425,100.258,4350.5,54.0,34.9787
34080,11.979,7946.07,3765.13,0.47383,91.1296,1048087.5526,138.558,3365.18,53.0,36.8379
34082,2.512,4276.38,1084.69,0.25364,39.6363,567597.0812,66.3985,2502.37,11.0,43.3893
34091,19.096,8000.36,1798.35,0.22478,74.1857,1115187.5913,90.4281,3520.97,22.0,37.8523
34106,2.558,5239.65,2106.75,0.40207,34.2563,744317.763,68.6743,2609.96,37.0,42.6139
34107,3.298,10372.3,3464.9,0.33405,106.171,1472704.6127,149.584,3886.27,68.0,34.7168
34108,11.047,7228.81,1065.72,0.14742,69.0697,1019011.9002,78.31,2971.97,26.0,39.1301
34134,2.011,16032.5,5224.64,0.32587,215.778,2223851.7859,253.178,5398.12,275.0,23.9233
34141,15.268,9632.43,3776.26,0.39203,93.4759,1372712.4273,138.686,3769.26,38.0,34.7552
34155,1.623,12036.9,3244.78,0.26956,147.406,1721252.0877,170.948,4688.32,27.0,29.2165
34182,13.254,7967.27,2138.2,0.26837,59.9465,1129898.1015,99.1464,3090.42,44.0,38.7928
34220,2.947,14702.6,3692.67,0.25115,202.056,2049305.6478,253.293,4963.59,134.0,26.7313
34247,3.836,12950.3,3976.25,0.30703,155.395,1809009.8048,210.134,4794.5,101.0,28.4906
34248,2.553,5822.03,1574.08,0.27036,45.7236,813166.2144,71.7136,3112.24,14.0,42.2201
34288,18.858,7031.44,2456.97,0.34942,47.018,1008540.3415,88.0866,3998.06,3.0,38.7263
34301,10.022,9279.33,2963.66,0.31938,94.5283,1281164.0118,115.456,3560.96,38.0,35.7559
34332,5.336,7906.94,2525.65,0.31942,70.1652,1076678.3651,102.591,4071.29,57.0,33.9313
34340,8.921,4217.67,996.61,0.23629,41.5057,586310.0485,48.1308,2364.38,40.0,43.1056
34348,3.006,13034.4,4344.25,0.33329,163.145,1769829.6355,196.349,4925.87,76.0,28.1427
34349,18.199,9717.71,2736.27,0.28157,91.4258,1402279.0849,148.091,4090.68,156.0,30.4644
34399,19.225,15420.7,5221.22,0.33858,170.914,2206930.2496,238.012,6737.33,59.0,26.7903
34426,14.898,9934.11,4305.52,0.4334,70.6462,1379134.4189,166.173,4445.77,48.0,33.2847
34468,11.763,8968.43,3258.61,0.36334,63.8995,1284685.9538,120.052,4404.36,53.0,39.0288
34504,8.793,7695.3,1919.74,0.24946,56.0469,1087312.7726,73.8146,3648.57,23.0,37.6691
34521,20.954,12690.2,4088.57,0.32218,103.078,1764687.7795,196.498,5119.96,77.0,32.096
34527,1.676,11262.1,3142.78,0.27905,142.078,1609453.169,166.948,4621.6,25.0,29.2571
34543,14.226,9648.29,2258.17,0.23404,86.8633,1369354.5363,117.152,4259.82,88.0,34.2145
34563,1.935,6654.26,2064.67,0.31027,63.6906,899934.1941,94.3424,3182.52,17.0,40.0791
34578,9.674,7013.21,2344.1,0.33424,64.045,987405.3621,101.308,2897.52,24.0,39.3792
34603,3.137,9349.92,2310.27,0.24708,109.083,1321285.6332,129.573,4250.37,53.0,34.0644
34631,16.122,6482.34,1915.6,0.29551,62.6261,874409.9146,93.078,3498.29,72.0,38.4629
34651,0.542,11705.5,2544.79,0.2174,153.352,1593730.6556,195.431,4850.93,140.0,29.7928
34671,2.063,5940.49,1920.17,0.32323,67.5047,826827.0591,92.2163,2978.32,38.0,40.2338
34677,10.207,8713.23,2154.23,0.24723,81.1894,1244193.8027,92.9982,3154.7,16.0,38.4504
34734,0.0,8652.03,2587.54,0.29906,117.085,1142335.9578,172.71,4399.02,39.0,31.1626
34744,19.275,17177.7,6594.5,0.38389,153.076,2399983.559,269.134,5654.05,118.0,25.8495
34755,15.857,11515.2,3655.87,0.31748,109.264,1654902.4395,179.615,4503.75,61.0,31.4251
34772,1.76,8123.23,1614.48,0.19874,75.8759,1143100.5096,105.907,3785.26,17.0,34.1959
34777,3.567,9229.78,2999.34,0.32496,70.6169,1244121.2432,131.845,4068.7,71.0,37.2088
34781,11.314,6995.8,1132.85,0.16193,64.3899,989877.7894,83.4152,2962.4,22.0,46.5464
34806,4.957,14671.6,4197.81,0.28611,195.467,2038977.3838,222.832,15933.68,143.0,26.2759
34815,3.372,6905.96,1002.09,0.1451,65.0514,929172.6322,93.1145,3285.11,44.0,36.571
34845,1.046,14751.4,4157.59,0.28184,197.178,2057502.2789,222.528,5618.46,142.0,22.8367
34855,12.224,17464.3,5404.72,0.30947,162.091,2508705.267,241.984,5382.92,41.0,27.0039
34856,14.814,6014.59,2268.5,0.37716,41.3993,818038.3575,96.6706,1872.73,21.0,40.228
34868,9.2,7739.31,2344.34,0.30291,65.1025,1080001.0875,110.078,3694.23,4.0,36.4683
34909,4.571,19240.5,5588.1,0.29043,239.888,2642884.5556,317.116,5542.15,221.0,22.8386
34918,7.356,7620.7,1994.21,0.26168,59.1404,1049719.7257,90.2924,3538.64,45.0,37.865
34927,2.366,15057.3,3436.25,0.22821,207.409,2082262.9294,253.4,5072.55,154.0,25.55
34964,1.862,12623.1,2469.55,0.19563,174.797,1721681.1825,201.701,4719.27,107.0,28.8641
34965,2.721,8080.93,2441.92,0.30218,69.7186,1123010.9938,106.116,3705.95,16.0,36.8005
34990,7.424,10075.2,2277.01,0.226,91.5305,1404274.064,110.639,3900.67,155.0,35.1886
35009,2.251,7626.18,2541.47,0.33325,76.2739,1063138.2296,105.676,3764.79,45.0,36.2714
35010,3.086,11884.3,3131.06,0.26346,148.029,1685517.6881,158.265,4148.23,133.0,32.1115
35013,2.477,6497.13,1592.39,0.24509,54.5374,931143.7976,79.9517,2941.48,53.0,40.2161
35033,2.619,9116.42,2104.69,0.23086,107.194,1236972.8901,134.536,4168.67,129.0,32.8988
35035,12.649,7115.05,2466.84,0.3467,57.7859,1023930.0175,93.2069,4693.56,29.0,36.6851
35041,5.659,13859.3,4619.47,0.33331,152.911,1946040.8241,200.438,4991.39,77.0,27.6969
35054,13.7,6771.79,2290.89,0.33829,70.7698,976251.5737,102.457,3314.65,18.0,36.4909
35067,6.373,4693.87,838.54,0.17864,40.8361,634654.1088,50.6613,2446.71,43.0,40.8171
35077,1.157,6921.93,1985.34,0.28681,77.4927,944672.9747,108.601,3067.44,84.0,39.0929
35124,17.895,10119.8,3677.22,0.36336,80.0894,1368381.2155,143.677,3964.06,84.0,34.0739
35163,1.695,8698.0,2558.25,0.29411,78.3036,1211636.7845,110.122,4116.93,62.0,34.0394
35185,3.999,11397.0,2766.62,0.24274,88.9323,1604204.2133,144.55,4422.38,155.0,32.0939
35197,2.099,6257.99,2058.85,0.32899,58.6928,866495.4426,91.0849,2729.61,44.0,40.4197
35219,1.427,17113.9,3898.37,0.22778,190.648,2416124.8991,260.787,5675.53,92.0,23.0119
35228,13.197,8768.83,3315.14,0.37805,37.2007,1178342.4105,116.399,3919.41,85.0,34.8468
35230,12.429,8915.72,3650.33,0.40942,66.0753,1261348.0486,137.727,3110.18,58.0,35.3592
35236,5.307,8730.84,3051.67,0.34952,87.1592,1192228.2698,132.029,3577.55,131.0,35.844
35272,16.825,9796.97,2934.04,0.29948,92.3026,1352433.5232,116.792,4389.44,120.0,31.1884
35280,18.209,13142.8,4540.89,0.3455,99.6423,1837207.8164,172.906,5430.44,67.0,27.066
35282,14.553,8476.38,2381.06,0.2809,91.4939,1166084.0534,113.045,4204.51,119.0,34.2381
35319,15.901,7243.59,2369.53,0.32712,65.891,1020444.7621,109.153,3628.62,24.0,35.7371
35346,16.224,6688.24,1781.11,0.2663,57.2799,914711.5911,79.1612,2610.01,43.0,39.1488
35365,6.423,4524.44,1285.49,0.28412,39.6986,621775.1516,62.0951,1456.63,9.0,44.301
35384,8.811,8739.84,2088.79,0.23899,80.7194,1269026.2783,100.704,3683.32,17.0,35.8352
35389,12.358,5965.82,1739.21,0.29152,51.7368,806393.9717,96.9715,2448.45,69.0,41.0799
35395,2.268,12080.5,2974.48,0.24622,133.188,1646939.9018,151.722,3975.37,225.0,32.4138
35416,2.736,13052.8,4593.32,0.3519,118.522,1798000.7585,214.109,4183.3,31.0,31.3081
35427,12.163,11416.4,4427.76,0.38784,132.541,1614748.3026,184.084,4966.57,142.0,28.7773
35428,0.43,8215.46,1965.91,0.23929,89.9302,1144934.4538,124.357,3211.65,4.0,37.0308
35487,0.957,5585.94,1091.67,0.19543,50.8402,804989.5452,69.6477,2883.98,58.0,40.2727
35500,2.73,8574.78,2053.66,0.2395,80.3477,1209777.4441,111.419,4035.67,36.0,35.0191
35563,2.379,18541.0,6212.76,0.33508,233.737,2530556.2333,269.703,5763.24,110.0,23.7664
35587,1.26,6678.2,1659.17,0.24844,69.2455,877325.6327,102.462,3442.5,76.0,37.8245
35620,1.942,10434.0,2487.07,0.23836,121.275,1442810.1175,162.833,4667.94,66.0,29.8255
35640,11.66,12704.6,4397.84,0.34616,156.067,1743455.4417,237.382,4765.84,157.0,28.6222
35668,1.358,8689.66,3745.58,0.43103,63.4678,1295894.0345,120.685,3506.45,37.0,38.8
35684,1.62,7773.78,1968.28,0.25319,83.5777,1051239.214,120.99,3614.61,36.0,35.8442
35697,8.231,8067.98,2250.96,0.27899,70.4803,1055926.3158,102.94,3957.92,15.0,38.0252
35772,0.62,9500.4,2616.33,0.27539,99.0781,1300177.0426,156.222,4138.2,76.0,33.2029
35797,2.748,15104.2,4882.24,0.32323,222.526,2044990.5219,299.952,5689.04,177.0,22.1412
35799,5.753,10740.9,2709.07,0.25222,93.3199,1506412.9794,132.198,4049.99,148.0,46.5464
35824,4.174,10161.9,3617.75,0.35601,100.458,1406745.8686,145.358,3920.84,16.0,37.2881
35858,2.027,11667.4,2400.32,0.20572,146.824,1637060.8701,168.559,4686.63,155.0,21.4136
35898,3.037,14528.0,4795.52,0.33008,171.83,2083671.2599,270.814,4868.65,93.0,27.4183
35926,2.114,13217.8,3381.37,0.25581,157.691,1810611.7481,211.069,4187.27,54.0,32.1707
35953,3.269,13463.9,4312.04,0.32026,137.622,1886566.413,189.317,4361.56,37.0,30.9863
35957,2.101,13084.3,3647.28,0.27875,161.562,1816008.0773,199.706,5101.04,63.0,28.4415
35974,1.917,8709.87,2193.58,0.25184,99.3594,1188179.4609,116.253,3319.48,21.0,37.6446
35986,4.064,11094.5,3224.55,0.29064,94.9761,1574587.1889,142.432,4287.46,107.0,32.2955
35997,4.989,15879.1,5471.02,0.34454,186.819,2199521.1057,246.131,5744.84,94.0,27.2384
36022,19.452,11848.6,4363.1,0.36823,108.408,1664856.4398,164.4,5326.2,91.0,29.7252
36030,6.364,7921.08,1878.44,0.23714,64.0306,1145148.0783,78.3652,2615.4,42.0,39.8982
36040,9.34,7078.8,2672.58,0.37754,64.4315,998030.217,117.903,3256.01,53.0,39.0405
36057,2.801,9158.8,1859.12,0.20298,100.354,1291586.8712,129.118,3834.9,46.0,34.9576
36063,19.397,14307.7,4159.96,0.29074,158.432,2004253.1895,238.729,3923.14,145.0,33.0314
36065,1.51,7439.97,2492.05,0.33495,74.5397,1032350.0385,100.667,3751.91,36.0,36.041
36111,14.253,5869.24,1540.53,0.26247,43.389,808192.6905,88.1767,2810.88,39.0,36.5857
36116,1.543,22747.6,7018.28,0.30852,295.452,3065096.6929,340.837,6633.51,282.0,18.6116
36125,20.535,12312.8,4939.12,0.40113,97.6531,1737620.658,162.353,4688.77,52.0,34.2351
36126,14.774,9460.41,2516.11,0.26596,56.3287,1254353.0269,136.477,3250.69,25.0,34.3599
36133,13.989,8317.8,2071.67,0.24906,47.3304,1151995.7735,95.1929,3757.25,42.0,36.9225
36153,4.086,13749.5,3856.05,0.28045,170.293,1899400.7507,203.942,4848.46,118.0,28.9042
36185,13.139,10699.7,3919.3,0.36629,91.4674,1512839.5555,149.395,4522.38,122.0,31.2634
36188,2.871,8231.07,2708.21,0.32902,105.568,1125277.5764,184.625,3900.11,98.0,31.0708
36193,3.154,14167.1,4006.8,0.28282,203.402,1864188.0107,236.084,5575.96,256.0,46.5464
36200,18.313,10440.6,2194.25,0.21016,94.5672,1460471.9382,119.656,4363.88,46.0,29.9263
36228,12.342,6022.26,1013.13,0.16823,54.5373,825673.1122,67.7663,2460.13,25.0,41.6738
36257,16.503,9391.44,2528.78,0.26926,96.7658,1309938.497,118.752,4508.67,124.0,32.5276
36306,9.654,7596.27,2222.54,0.29258,58.8035,1012843.3906,100.008,4236.09,66.0,39.0171
36310,10.349,4463.7,786.11,0.17611,38.5075,593404.9575,49.608,2541.36,8.0,44.2573
36315,14.239,14370.5,4772.62,0.33211,153.895,1951382.0895,234.294,4636.76,58.0,29.7466
36353,14.563,8214.09,2683.48,0.32669,65.0899,1129976.1665,130.308,4803.41,34.0,37.9883
36414,13.79,4740.69,1368.7,0.28871,40.6168,645087.4075,62.6391,2423.44,48.0,40.5716
36420,13.603,6732.94,2252.64,0.33457,62.8498,920441.2001,98.5481,2402.59,93.0,40.5197
36424,12.569,5669.69,1704.81,0.30068,62.0042,810649.6916,77.4905,3216.18,85.0,39.0862
36430,12.551,8560.26,2723.95,0.3182,116.235,1148903.674,135.32,4268.78,56.0,34.2501
36436,12.814,15251.4,3899.06,0.25565,153.663,2161750.6512,190.98,5522.13,165.0,24.6201
36444,2.751,8584.7,1869.57,0.21777,100.018,1199865.3545,123.708,3823.37,49.0,34.9016
36456,19.807,8517.59,3087.86,0.36252,73.486,1192093.105,119.533,3874.23,99.0,34.5707
36470,19.633,10317.8,3413.95,0.33087,101.495,1415714.8065,160.689,3884.79,22.0,34.5609
36493,5.779,10818.7,3411.99,0.31537,123.934,1492023.3359,168.503,4559.62,127.0,31.2137
36497,2.616,10384.3,3564.29,0.34323,98.5999,1473541.0741,138.889,3866.25,11.0,34.7374
36508,6.503,18087.1,6573.39,0.36342,208.605,2607471.864,321.573,5397.41,238.0,24.3473
36517,5.594,5533.1,1105.53,0.1998,49.6776,765391.4744,68.1384,2760.58,8.0,41.8619
36565,9.777,9596.37,2026.99,0.21122,101.586,1337130.3916,123.47,3597.98,119.0,35.3201
36575,1.793,7879.01,1586.69,0.20138,74.8446,1105687.1525,105.875,3745.27,14.0,34.4245
36613,3.122,14617.3,2705.8,0.1851,171.741,2037933.8981,228.166,4848.47,85.0,27.6406
36649,11.29,15547.6,4968.21,0.31954,157.398,2247955.5025,215.632,5435.95,160.0,25.3502
36660,1.415,7302.12,2267.36,0.3105,79.2627,992841.6557,111.413,3040.64,80.0,39.0258
36672,5.544,10364.7,3530.44,0.34062,113.12,1475978.5773,166.837,3979.6,18.0,34.1143
36678,10.06,3410.95,1023.34,0.30001,29.6685,468869.669,45.2534,1635.37,35.0,46.6951
36702,3.796,9707.47,2796.73,0.2881,91.6433,1373465.469,130.365,4012.6,100.0,30.8854
36711,7.575,17737.9,4728.35,0.26656,186.946,2443087.8349,238.288,5371.4,235.0,24.49
36770,8.832,15217.0,5896.24,0.38747,201.977,2019049.7954,264.392,5168.93,97.0,26.2055
36775,5.675,6997.23,2297.65,0.32836,60.573,951615.5061,88.8067,3379.75,27.0,38.0916
36822,0.742,4708.48,897.73,0.19066,45.4219,674218.8885,54.9906,2201.79,79.0,42.7702
36830,13.462,7513.97,2141.65,0.28502,78.0719,1042759.0641,102.803,3380.6,74.0,35.9461
36886,1.992,5898.91,1886.68,0.31983,67.1479,814089.393,91.4648,2977.21,33.0,40.6555
36889,2.478,12225.4,3002.16,0.24556,129.582,1661571.9077,154.113,3969.49,227.0,32.4261
36893,0.62,9435.8,2589.67,0.27445,96.5097,1293405.7418,162.046,4135.32,73.0,33.2228
36894,0.895,11187.0,2711.51,0.24238,132.521,1545289.0965,174.863,4693.05,163.0,28.6665
36916,20.234,24268.6,7242.19,0.29841,277.783,3246540.3226,332.217,6078.91,194.0,20.1763
36973,2.565,8404.52,2089.37,0.2486,98.2422,1177717.2155,123.405,3673.98,23.0,35.3447
36979,12.602,7529.11,2066.22,0.27443,61.6408,1037558.8301,94.5349,3600.2,64.0,37.4058
36987,1.27,8969.82,1922.8,0.21436,80.2199,1297239.6917,108.117,3985.57,12.0,35.5582
36998,4.218,7336.05,2591.67,0.35327,84.6987,1063318.8843,118.789,3442.76,26.0,37.3675
37031,18.067,8507.95,3352.11,0.39399,63.8055,1151527.7326,122.279,3408.42,38.0,36.861
37036,14.398,10289.1,2958.05,0.28749,93.0981,1461505.206,122.54,3767.51,87.0,35.4687
37075,17.432,9659.66,3560.59,0.3686,113.446,1328614.8898,165.905,4236.65,140.0,32.0828
37077,3.567,11664.5,3530.18,0.30264,136.193,1660989.1449,160.437,4493.2,46.0,31.1385
37106,16.506,7638.21,2091.13,0.27377,59.6842,1082901.4934,90.9282,2970.46,15.0,38.6684
37109,5.392,10849.1,3764.49,0.34698,115.861,1568829.2747,151.805,4732.18,83.0,30.0367
37135,3.978,15033.9,4110.6,0.27342,256.016,2040635.7265,262.647,4846.82,280.0,27.2225
37143,1.907,11855.8,3650.95,0.30794,138.176,1623995.0583,190.89,4182.59,70.0,33.0208
37156,14.565,8588.63,1862.36,0.21684,63.2444,1239749.2703,85.3433,2638.38,53.0,39.8715
37160,19.536,11199.4,3970.46,0.35452,137.077,1575400.5219,232.45,4534.79,159.0,30.9948
37170,13.35,6239.95,2441.39,0.39125,46.4718,890175.0395,80.9476,2676.53,26.0,39.9798
37185,17.335,7611.36,2523.37,0.33152,67.6705,1080233.7741,103.554,3073.69,48.0,37.4809
37193,8.999,6250.72,1765.79,0.28249,59.4765,893675.7743,82.0925,2455.88,63.0,41.7596
37200,5.76,4926.57,1450.49,0.29442,49.3014,627940.7483,70.3015,2149.85,25.0,43.1297
37223,14.906,8427.51,2098.04,0.24895,90.024,1164420.7088,99.3416,3957.3,49.0,33.2594
37256,2.057,8529.9,1990.96,0.2334,82.0435,1219196.2046,111.989,4138.3,94.0,34.4002
37274,3.92,8771.8,2630.45,0.29987,103.578,1181049.3055,132.546,3625.13,23.0,36.899
37279,17.694,13652.3,4265.02,0.3124,158.226,1889470.0043,230.641,4897.02,99.0,28.0479
37296,1.899,6886.02,2051.53,0.29792,71.3209,920765.8123,91.9794,3068.18,22.0,38.6496
37302,4.324,12302.2,4152.98,0.33758,155.0,1720667.9758,169.223,5149.08,36.0,28.4183
37307,4.871,6934.96,1134.53,0.16359,52.5188,912224.5431,69.2612,3259.44,45.0,38.8463
37329,17.293,14439.4,4828.25,0.33438,130.949,2032653.7777,180.168,5065.23,139.0,28.3252
37344,2.425,9277.87,2889.01,0.31138,102.364,1310997.1807,135.509,3593.02,11.0,35.6146
37359,6.082,7346.51,1685.58,0.22943,52.1822,994853.1713,100.887,2774.4,35.0,39.7454
37382,19.502,15854.3,5481.51,0.34574,166.296,2173471.9985,209.979,4709.61,27.0,30.7851
37384,1.915,8029.94,1424.53,0.1774,77.9317,1132835.6927,93.9351,3785.42,10.0,34.2144
37388,0.508,6062.78,942.82,0.1555,49.2854,851422.2854,72.2967,2714.3,2.0,42.066
37430,6.566,11558.1,3839.26,0.33217,119.219,1614383.218,170.524,4663.55,87.0,33.4073
37439,1.684,3871.06,1222.47,0.31579,36.8609,526179.5663,48.4631,1395.98,17.0,44.3133
37440,11.111,7475.05,1774.67,0.23741,68.8086,974915.517,90.9322,3301.84,16.0,38.3931
37450,2.178,6317.87,1895.44,0.30001,67.6028,907639.8537,75.4178,3150.59,14.0,38.1213
37477,14.225,8076.2,1856.49,0.22987,64.0977,1171289.2081,80.8032,2863.54,50.0,39.3534
37487,1.758,8549.67,2702.82,0.31613,92.0457,1217437.375,111.022,3977.41,24.0,35.9846
37516,18.176,6977.59,1287.6,0.18453,77.3677,942460.688,93.9625,3242.36,24.0,36.7433
37531,1.675,10591.7,2726.55,0.25742,125.878,1501422.2929,171.316,4158.97,53.0,32.9753
37535,15.208,8594.03,2711.1,0.31546,93.8423,1218056.5664,117.479,3410.21,89.0,37.0051
37543,1.622,8735.55,2209.34,0.25291,97.517,1182141.11,128.815,3509.36,10.0,36.8874
37545,2.8,7137.01,1179.51,0.16526,71.1586,1006713.8053,100.569,3239.65,38.0,35.0663
37547,2.121,4450.53,795.59,0.17876,39.0846,588171.5943,64.3986,2562.43,12.0,43.4442
37553,1.173,8738.65,2291.62,0.26223,91.4499,1243157.5479,125.144,4045.33,165.0,33.418
37572,18.029,9721.42,3785.47,0.38939,92.9793,1368139.3481,138.86,3618.66,7.0,36.5702
37609,15.047,7293.29,1809.52,0.2481,52.0009,1035063.9878,89.756,3426.19,44.0,37.7138
37615,5.868,5919.62,2045.9,0.34561,59.008,849236.9444,76.7466,2554.03,64.0,41.6442
37618,0.68,11445.6,2840.01,0.24813,126.823,1603128.5701,169.078,4672.98,166.0,28.8541
37621,18.221,9136.35,3259.43,0.35675,82.6618,1240714.455,133.138,4137.0,23.0,31.9202
37636,1.417,7071.05,2289.99,0.32385,61.2369,949881.6429,103.304,3098.93,22.0,40.1145
37665,1.899,5714.37,1342.52,0.23493,53.513,820673.6807,71.1389,2903.85,57.0,39.788
37673,14.406,10001.6,3728.97,0.37283,90.8319,1387751.6341,137.943,3779.64,52.0,34.4237
37694,1.744,5830.85,1705.94,0.29257,58.6404,787533.8564,104.963,3501.34,36.0,40.9011
37702,2.509,15223.5,4977.17,0.32693,189.445,1999759.0059,220.056,4357.67,112.0,30.3511
37717,7.066,5172.23,1770.26,0.34226,40.3593,720037.4821,67.7208,2199.61,41.0,42.8785
37749,13.59,7047.81,2011.71,0.28543,61.4514,997940.8747,104.196,3090.19,6.0,39.6022
37761,20.791,12078.3,4193.98,0.34723,104.089,1647990.4248,169.033,4822.7,111.0,29.7399
37766,11.09,5199.29,1535.09,0.29524,55.6221,719853.0527,65.0508,2690.01,44.0,40.8259
37786,17.401,5740.56,1537.35,0.2678,54.1875,758766.8325,80.3432,2767.05,43.0,40.0029
37809,1.83,11625.4,2947.75,0.25356,141.169,1660566.4466,167.366,4706.01,25.0,28.988
37825,2.729,9157.66,2067.72,0.22579,82.0543,1299721.4294,110.835,4588.79,29.0,33.5768
37839,1.796,13395.5,3783.87,0.28247,192.799,1838203.2698,203.218,4562.03,174.0,29.2635
37861,11.595,6144.89,2229.75,0.36286,41.6995,862294.0719,86.3431,3204.13,55.0,39.7354
37872,16.621,10369.1,2635.03,0.25412,76.4188,1468750.4389,134.101,4230.35,67.0,33.7897
37898,2.997,9068.27,1995.18,0.22001,96.7449,1281607.0094,130.622,3854.62,48.0,34.8298
37903,16.677,10181.9,4078.45,0.40055,92.8621,1423943.3211,156.246,3888.04,8.0,35.0146
37913,19.889,15487.0,4878.4,0.31499,169.225,2198454.4716,224.652,6854.93,83.0,26.1483
37943,1.918,14272.5,3943.38,0.27629,189.609,1928138.7263,217.19,4642.72,181.0,28.6161
37973,2.367,21581.4,7966.69,0.36914,197.391,2876525.7565,317.221,5529.0,163.0,46.5464
38005,15.309,6354.76,2175.12,0.34228,53.9669,896121.3495,88.514,2405.36,83.0,41.4618
38033,1.13,7486.64,1899.37,0.2537,61.2478,1029286.963,105.563,3690.01,25.0,46.5464
38050,3.387,8250.17,2445.95,0.29647,92.7942,1168725.9499,105.877,4036.83,26.0,35.2673
38060,1.419,6740.83,1772.06,0.26288,84.4425,935896.364,104.361,3854.33,31.0,36.684
38086,18.114,10818.8,3779.85,0.34937,94.7614,1520201.6529,147.91,4152.53,48.0,34.6106
38107,17.142,8443.61,3067.23,0.36326,66.0409,1192171.4925,113.821,3704.86,89.0,40.0472
38114,2.582,9256.12,2895.42,0.31281,88.1765,1309075.7452,126.722,3369.63,9.0,36.4801
38126,13.547,13291.1,4469.48,0.33627,70.7054,1800881.6296,216.326,10167.46,70.0,30.3911
38127,5.504,13992.7,5255.89,0.37561,139.313,1985823.1908,200.512,4757.5,54.0,29.325
38156,8.19,14044.1,5084.14,0.36201,196.031,1905095.0099,238.808,5163.36,116.0,26.0258
38163,19.037,10944.4,5130.78,0.4688,85.1039,1353639.836,208.731,3197.49,74.0,37.2299
38174,1.771,5757.49,1891.5,0.32852,69.074,800742.1235,83.3417,3033.43,37.0,40.1475
38220,15.439,7144.61,2546.14,0.35637,62.181,989827.4998,111.266,3161.17,18.0,39.1352
38222,4.994,17895.9,5888.09,0.32901,188.501,2551164.6221,271.96,5556.63,91.0,23.0164
38233,12.562,8297.38,2363.29,0.28482,65.6321,1100688.3823,104.233,3914.76,25.0,33.7699
38239,8.918,5919.75,1566.08,0.26455,49.6321,867621.0691,68.1789,2429.89,73.0,41.9736
38250,2.473,11653.5,3153.74,0.27062,150.378,1671019.1644,160.862,4118.49,124.0,32.4069
38257,17.236,10228.0,4481.87,0.43819,103.123,1462361.7134,153.143,3652.89,67.0,36.3941
38266,16.981,13937.7,5079.98,0.36447,175.459,1913257.7736,264.077,4996.44,191.0,26.9828
38307,4.787,22318.1,7040.23,0.31544,254.401,2993900.807,262.102,5321.93,260.0,27.3272
38317,1.33,8942.93,3185.84,0.35624,88.8715,1186913.1182,137.106,3732.47,46.0,35.8726
38320,5.158,6501.37,1699.43,0.26139,61.809,896796.7996,83.1782,3234.76,33.0,37.9436
38349,15.743,8542.97,2335.79,0.27341,73.5513,1155256.3699,99.3111,3869.02,83.0,34.1674
38389,12.325,5052.11,1928.39,0.38169,42.8178,691021.7113,73.4826,1660.53,16.0,42.5867
38394,1.354,6436.22,1986.06,0.30857,56.9692,892835.4892,94.7281,3726.56,68.0,36.8311
38414,0.762,5193.35,1024.11,0.19719,44.8692,755738.235,58.9217,2200.43,78.0,42.7872
38436,1.863,7521.6,1528.87,0.20326,81.1435,1069476.6058,96.5102,3707.48,52.0,32.7556
38438,4.556,12725.7,3929.6,0.30879,137.125,1734195.1329,180.463,4507.58,114.0,30.965
38448,2.609,11987.4,2810.42,0.23444,132.378,1632835.2956,158.122,3975.25,222.0,32.4452
38454,2.464,10315.2,2653.58,0.25724,123.547,1454985.6065,157.98,4329.25,48.0,32.6864
38501,17.88,9786.11,3912.22,0.39977,105.28,1309694.0938,144.895,4068.26,109.0,33.4732
38569,3.016,6501.78,1691.43,0.26014,55.2899,928811.409,76.4022,2562.96,60.0,41.4424
38572,3.497,9576.97,2328.36,0.24312,97.6461,1361049.0112,123.078,3556.77,125.0,36.2785
38574,11.433,4207.92,1332.17,0.31658,34.7781,578000.9347,51.8128,1394.49,32.0,44.4306
38577,8.497,19240.7,5771.17,0.29994,213.752,2662985.1999,296.279,6009.44,242.0,20.309
38598,13.934,6060.84,2642.75,0.43603,54.5403,840829.7919,105.297,2626.35,71.0,40.4257
38604,10.06,5276.07,1940.54,0.3678,45.3882,760221.1403,78.5298,2601.97,48.0,42.8571
38610,12.222,19439.1,7889.69,0.40586,148.322,2668748.1536,306.129,5243.57,70.0,30.2099
38661,4.845,17862.9,5376.29,0.30097,248.113,2470942.4934,321.227,5301.06,192.0,25.7651
38681,3.821,5458.31,1873.21,0.34318,60.3649,720555.7721,89.5876,2770.57,33.0,40.451
38697,1.695,4138.15,1225.01,0.29602,36.1526,564694.4401,50.5646,1394.75,17.0,44.338
38711,4.079,7240.62,2156.21,0.29779,72.6518,984290.6549,107.813,3305.22,71.0,36.7157
38718,20.559,12432.7,4204.58,0.33818,110.153,1699211.5515,163.563,22189.42,97.0,30.9057
38787,19.426,14971.8,5110.72,0.34135,158.466,2093395.6755,225.98,4959.74,130.0,28.2452
38790,17.603,6937.65,2161.37,0.31154,53.6836,899773.4693,113.779,5055.79,21.0,39.7858
38856,14.847,8070.33,2464.69,0.3054,57.9241,1074415.8669,112.347,3728.3,53.0,36.6053
38884,2.396,12682.5,3810.44,0.30044,171.783,1782785.6528,205.779,4692.94,112.0,29.1924
38887,2.036,4422.29,785.86,0.1777,38.5813,585700.4578,63.407,2559.14,11.0,43.5156
38889,4.21,8000.48,2391.76,0.29895,69.7101,1062145.2234,105.405,3145.19,21.0,38.2672
38895,1.996,14638.2,4255.83,0.29073,176.87,2055751.1368,238.606,5241.0,166.0,25.5466
38925,0.0,4234.54,1484.33,0.35052,36.634,564870.9348,64.6638,1513.74,6.0,44.9095
38944,9.949,6123.05,1907.53,0.31153,56.1414,841765.6578,85.1885,3024.35,45.0,39.463
38954,14.447,7306.17,1973.4,0.2701,77.2608,969649.4615,100.812,3847.19,91.0,35.3055
38962,16.882,9588.62,2522.13,0.26303,105.37,1308594.0744,157.025,4087.62,80.0,33.9275
38972,4.072,12332.9,4366.64,0.35406,149.124,1732984.3318,177.001,5081.15,29.0,28.4501
38991,9.25,6643.39,2384.98,0.359,56.0831,944723.7752,84.2356,2618.98,63.0,41.1842
39010,1.673,7008.1,2397.1,0.34204,65.0145,944231.2844,103.179,3139.56,21.0,40.0999
39016,0.596,9160.55,2175.85,0.23752,101.341,1291774.0547,152.887,3813.7,13.0,34.1496
39029,0.943,21949.9,4728.99,0.21544,309.864,3008524.1904,385.181,6226.62,155.0,19.7117
39083,12.972,11064.9,4120.08,0.37235,98.3217,1564238.6688,145.825,4124.54,64.0,31.9347
39092,15.185,9422.47,3454.64,0.36663,91.7135,1328857.3478,135.972,3375.64,44.0,36.4599
39127,1.676,12204.8,3544.74,0.29043,147.964,1707108.7303,229.475,4204.64,77.0,29.969
39131,1.761,14003.4,3561.37,0.25432,196.526,1914392.2896,213.84,4570.62,185.0,28.7971
39138,1.211,10014.5,2309.44,0.2306,126.852,1387922.215,161.088,4593.52,74.0,30.1942
39143,3.857,14676.3,3408.68,0.23225,179.986,2068374.4788,226.871,4823.58,78.0,27.6384
39157,1.819,20540.6,5670.59,0.27606,288.64,2784817.9936,318.434,6543.17,284.0,18.6064
39168,2.127,11131.1,2997.08,0.26925,144.952,1518092.6994,170.945,4305.2,39.0,28.0106
39169,14.296,8515.22,2930.96,0.3442,37.548,1170288.4931,116.298,3925.47,40.0,36.9648
39173,1.636,7279.17,1926.05,0.26459,84.2313,984450.7033,119.067,3439.39,36.0,36.8364
39188,0.685,4747.24,966.16,0.20352,44.7951,680987.0159,54.5618,2186.94,80.0,42.7934
39203,9.388,9383.98,3428.28,0.36533,97.0962,1312106.6965,128.719,3599.42,63.0,36.0013
39208,10.236,6567.29,2084.47,0.3174,59.9243,925286.2195,95.6607,2510.46,23.0,41.0394
39232,1.869,13330.2,3422.51,0.25674,146.689,1829796.3502,195.48,4382.76,20.0,30.8084
39233,3.816,10464.5,3253.25,0.31088,128.648,1423969.5277,159.453,4827.54,65.0,28.9384
39245,1.524,13355.4,3835.74,0.2872,161.643,1848390.9915,239.983,4399.1,83.0,30.56
39264,1.828,9461.14,2351.49,0.24854,102.82,1333416.8203,142.971,3933.89,44.0,32.8118
39340,11.497,4933.69,1402.56,0.28428,46.4274,630017.6941,70.3331,1992.87,27.0,42.569
39392,7.097,8557.14,2648.82,0.30954,80.6379,1163305.9899,100.998,3829.1,11.0,36.1404
39409,14.281,7526.87,2900.45,0.38534,54.2504,1058840.1342,109.077,3680.97,48.0,38.9778
39415,13.712,9878.86,2653.64,0.26861,112.673,1399308.3565,155.64,4415.27,150.0,32.8251
39417,1.736,9809.8,2623.83,0.26747,104.9,1398771.9659,151.5,3937.31,46.0,33.276
39423,2.401,7939.39,1627.73,0.20501,102.309,1116728.4528,116.155,3791.15,38.0,35.3153
39436,4.901,13551.3,3704.74,0.27338,167.166,1864805.1042,218.687,4879.67,114.0,28.1831
39454,16.577,8559.52,2676.83,0.31273,82.669,1153163.9746,113.336,3599.49,40.0,37.1757
39474,17.395,7525.14,2305.57,0.30638,64.6086,1053148.3581,93.8587,3355.33,29.0,39.5833
39501,8.07,6180.3,2098.02,0.33946,62.5158,813754.3789,91.0821,3142.82,55.0,39.2804
39509,1.58,15014.0,5351.52,0.35643,188.875,2097548.3184,256.216,4607.46,33.0,30.7619
39520,2.001,9692.52,2662.0,0.27464,95.7888,1324508.7799,144.3,4034.58,118.0,32.8557
39547,2.294,14683.8,4640.33,0.31601,179.024,2056018.5466,250.778,5419.34,139.0,24.2825
39561,10.554,15875.8,5379.54,0.33885,187.485,2192146.6672,248.724,5175.82,91.0,28.4506
39615,2.539,8745.61,2650.79,0.30309,79.7558,1216687.2487,111.169,4264.42,59.0,34.9479
39650,2.05,6459.99,1398.14,0.21643,66.1618,919013.4699,80.375,3070.97,14.0,38.9842
39662,12.189,5011.49,969.41,0.19343,35.5343,688709.2138,56.4333,1862.21,6.0,43.4166
39672,1.49,17365.9,4188.15,0.24117,203.329,2442429.0759,266.088,5680.54,92.0,22.9621
39677,11.865,9352.7,2336.99,0.24987,76.0136,1283615.6045,94.4592,3591.93,26.0,36.9776
39682,1.033,11018.6,2928.11,0.26574,140.031,1539434.2219,174.977,4666.15,166.0,28.9726
39730,14.918,7070.66,2309.36,0.32661,53.9436,995748.3593,97.8592,3414.2,83.0,38.1651
39733,3.594,11085.2,3479.13,0.31385,164.148,1522944.7413,211.55,4803.03,66.0,28.5504
39763,2.306,4386.29,787.23,0.17947,43.1506,596322.1338,55.7755,2599.9,11.0,43.1378
39772,10.638,6961.73,2373.6,0.34094,83.5778,944971.4127,109.097,3462.51,60.0,36.71
39775,13.019,21155.7,6551.55,0.30968,204.821,2992238.6688,322.386,7642.41,239.0,23.1157
39778,2.508,8154.72,2473.26,0.30329,94.5914,1147763.4562,108.768,3981.3,23.0,35.9906
39790,19.779,12850.9,3693.6,0.28741,122.945,1873299.8488,176.377,4136.39,118.0,34.0409
39792,13.812,8585.29,3509.54,0.40878,70.5888,1200398.0695,131.541,3141.25,49.0,37.3196
39829,4.189,13033.8,4475.5,0.34337,153.243,1837091.5607,170.655,5213.99,29.0,27.3972
39834,11.266,6774.12,2331.99,0.34424,65.1773,977001.0153,88.491,4635.71,43.0,38.8755
39847,3.196,14622.5,3830.53,0.26196,201.967,2046388.8011,250.599,4947.53,144.0,26.7257
39867,14.592,6277.7,1269.83,0.20227,53.0131,868274.3245,79.1105,2441.29,31.0,42.0483
39875,15.361,9905.91,3766.8,0.38025,93.6372,1425177.2045,152.429,3768.35,89.0,34.9778
39876,2.089,7026.29,1811.12,0.25776,77.1883,936308.2834,95.1253,3538.38,79.0,37.6273
39880,4.006,7222.97,2147.86,0.29736,57.3054,1038337.3587,87.8953,2673.7,58.0,40.9529
39900,4.503,8510.62,2624.26,0.30835,70.0104,1183079.1344,116.734,3438.63,41.0,37.3423
39917,9.336,4500.56,1917.89,0.42614,32.0707,627792.791,67.6258,2258.75,52.0,43.9571
39956,1.988,13352.3,4380.27,0.32805,187.037,1835554.1566,250.052,4454.27,29.0,29.5021
39969,1.65,7748.59,1889.16,0.2438,65.2409,1071249.88,105.521,3665.06,24.0,37.027
39981,3.267,20285.5,6322.97,0.31169,242.003,2837091.9323,324.611,5546.18,73.0,23.3314
39985,11.869,18177.0,6625.11,0.36447,199.83,2644548.2732,306.634,5346.29,238.0,24.2843
40038,5.798,6677.68,1839.82,0.27551,61.3689,899585.1528,82.1986,3295.28,30.0,38.9225
40088,3.552,15433.8,5798.1,0.37567,187.478,2116747.5845,257.964,5435.6,203.0,26.9708
40093,2.054,10004.4,2552.73,0.25516,106.006,1427165.7984,158.196,3948.03,38.0,33.2224
40111,8.105,19052.7,6793.17,0.35654,208.556,2615172.442,317.251,5712.46,210.0,19.6548
40120,1.594,11739.1,2183.78,0.18602,146.514,1656372.1885,167.836,4645.52,145.0,29.7815
40148,9.009,10249.9,2539.78,0.24778,153.811,1396626.1566,232.067,3826.6,110.0,34.7064
40181,9.049,4780.31,1276.6,0.26705,29.9928,681184.9273,57.3799,2285.48,49.0,43.7788
40198,2.281,4868.48,1292.28,0.26543,42.1962,674353.9386,56.4042,1892.51,13.0,43.4005
40227,2.839,11450.3,3227.43,0.28186,145.676,1630973.6266,156.812,4202.05,121.0,32.4918
40232,18.339,16560.5,5860.12,0.35386,242.825,2242941.1811,321.479,4747.88,243.0,27.5709
40241,3.527,7151.4,1822.67,0.25486,71.7704,964771.6523,102.914,3286.42,70.0,37.6581
40257,18.796,8202.64,3268.94,0.39852,92.0674,1112300.5655,132.414,3767.27,75.0,34.1309
40259,2.891,5587.95,1622.29,0.29031,45.6099,798153.9245,67.8389,2412.61,26.0,40.3195
40315,2.558,7886.74,2295.41,0.29104,70.5514,1151091.9329,105.029,3061.45,21.0,37.848
40322,1.284,6971.6,2300.86,0.33003,76.563,935405.4888,115.599,3199.6,73.0,38.8183
40335,2.165,7142.52,1857.55,0.26006,65.2928,986779.0898,90.2875,3081.06,52.0,39.5006
40357,2.143,15757.4,5712.47,0.36252,182.93,2217365.6534,257.676,4411.35,35.0,26.2325
40360,8.222,5683.58,1867.35,0.32855,50.0114,771302.3993,95.8088,2669.28,39.0,41.4469
40405,14.804,5828.38,1701.67,0.29196,43.476,787318.6687,84.6193,3723.04,21.0,41.0586
40414,2.554,14299.9,5184.48,0.36255,200.109,1967045.4746,241.345,4690.79,25.0,28.5377
40448,17.104,7182.05,2065.63,0.28761,62.9917,1008240.2232,93.541,3076.97,36.0,38.6233
40450,7.313,14654.4,5351.19,0.36515,192.987,1944596.0546,257.986,5217.56,74.0,26.4141
40459,17.533,6946.37,2274.78,0.32747,60.533,929177.6984,105.248,3575.58,57.0,39.5559
40502,1.823,5311.7,1166.33,0.21957,51.1397,739550.4364,66.6829,3111.46,60.0,39.9728
40507,1.985,10531.6,3188.92,0.30279,131.871,1408936.8384,162.823,4189.57,39.0,33.3908
40550,2.266,3943.05,1300.46,0.32981,38.1189,548776.81,62.8031,1983.96,38.0,43.0725
40579,4.936,11502.7,3434.13,0.29854,134.017,1552464.6886,167.314,4439.31,102.0,30.6822
40591,3.232,4968.22,1415.06,0.28482,47.5067,693182.6462,60.3092,1899.99,22.0,43.5894
40603,3.73,7124.17,1914.7,0.26876,66.6195,901844.4109,99.6297,3120.14,29.0,37.2343
40615,15.843,10779.5,4363.03,0.40475,97.3645,1517675.9675,156.702,4166.19,48.0,36.5452
40620,2.714,18678.9,5363.41,0.28713,252.231,2545853.664,314.822,5729.51,332.0,21.2917
40639,2.261,9824.68,2505.12,0.25498,105.457,1394057.5538,152.901,3925.2,42.0,32.5653
40653,18.938,8471.08,2556.58,0.3018,86.76,1174929.0417,129.099,3407.9,96.0,37.0873
40655,2.224,9783.87,2248.19,0.22978,124.404,1395301.2318,141.969,4333.36,34.0,32.2975
40674,4.279,9771.07,3071.61,0.31435,91.5671,1384271.5904,128.579,4116.36,106.0,33.3686
40711,2.593,12078.8,2869.43,0.23755,157.837,1707586.7048,194.859,4548.86,105.0,30.2094
40740,2.16,14179.4,4790.56,0.33785,157.768,2027150.2353,198.283,5761.87,88.0,24.9448
40752,14.941,7612.6,2825.4,0.37114,64.3454,1035358.4724,119.843,3072.32,56.0,38.8197
40769,2.567,16427.6,5086.74,0.30964,165.947,2378500.0301,249.207,5185.56,39.0,26.4859
40837,11.502,6849.76,2432.95,0.35518,54.0543,957302.1501,101.391,3455.54,24.0,38.3072
40847,1.469,6693.22,2248.55,0.33594,76.8087,909531.0704,91.8398,3254.42,64.0,38.4536
40905,11.428,4860.87,1522.01,0.31311,47.215,703039.9541,70.8803,2485.41,47.0,42.5307
40943,3.725,16451.9,4118.62,0.25034,196.903,2195780.7364,252.221,5105.81,165.0,26.564
40956,2.499,6593.3,1454.91,0.22066,63.729,899486.2603,89.2148,3302.39,40.0,38.5056
40973,3.393,6569.29,1321.33,0.20113,69.0303,869019.1094,90.0192,3331.8,75.0,37.5957
40988,16.591,11545.8,5305.51,0.45951,84.3981,1614507.5143,178.045,3995.8,80.0,34.0795
40999,18.254,8315.85,2897.91,0.34848,65.5546,1152381.0599,113.374,3367.2,67.0,38.3444
41006,2.77,5820.73,1820.86,0.31282,52.2669,814444.7612,75.6121,2603.92,24.0,41.2754
41032,3.646,5663.86,1503.6,0.26547,47.1606,723619.3556,74.1236,2485.73,26.0,42.0983
41038,2.041,13860.3,3820.54,0.27564,191.083,1896471.1942,221.135,4622.65,169.0,29.035
41042,3.614,9038.72,3900.34,0.43151,87.8719,1253191.8406,138.482,3780.2,121.0,34.6069
41061,10.912,7954.15,2738.26,0.34425,74.6228,1076436.2767,127.662,3432.5,45.0,36.9576
41085,8.958,9653.52,3757.24,0.3892,77.3979,1328746.9995,140.071,3686.94,99.0,34.7368
41100,4.334,6277.48,1340.48,0.21353,55.6697,865119.5281,86.9949,2962.93,27.0,38.6033
41116,4.234,19044.4,6192.86,0.32518,165.042,2660924.2699,265.372,5626.16,196.0,21.6018
41127,6.005,7722.16,1553.32,0.20115,60.727,1091234.9133,90.5124,2734.26,35.0,38.8419
41135,12.378,5992.34,1806.07,0.30139,48.7739,843827.1724,83.1432,2490.94,75.0,41.0993
41139,2.17,17040.7,4829.09,0.28338,225.019,2362860.1907,272.309,5679.37,199.0,22.2233
41143,12.471,15703.0,5453.97,0.34732,168.611,2165783.3075,282.283,4555.97,95.0,29.0507
41145,3.094,11067.8,3090.76,0.27925,131.903,1577001.7492,168.312,4408.62,61.0,31.4939
41148,17.113,8293.79,4031.34,0.48606,86.7263,1023208.1482,147.438,2407.04,102.0,39.7651
41184,4.805,7958.65,1961.47,0.24645,98.0684,1047773.1841,116.797,3796.35,31.0,36.4474
41202,11.235,6617.95,945.85,0.14292,56.188,879784.757,81.9673,3075.75,46.0,39.9478
41207,1.635,12086.2,3110.89,0.25739,147.622,1727890.5099,172.337,4716.9,24.0,29.2322
41213,4.556,10065.6,2868.52,0.28498,97.056,1401736.0302,126.201,3496.66,18.0,36.2973
41258,20.026,13260.2,4394.05,0.33137,126.049,1890427.3314,199.492,4855.4,97.0,28.4436
41264,1.534,9088.63,2757.6,0.30341,99.2745,1251479.7163,149.159,3249.6,17.0,36.3884
41284,1.663,11458.5,2092.24,0.18259,147.425,1609915.6917,167.017,4628.67,142.0,29.7762
41285,4.98,22957.6,6617.33,0.28824,300.925,3177835.1971,353.578,6307.42,92.0,17.6824
41303,8.715,6876.14,1374.96,0.19996,67.0834,956617.2739,88.3099,2754.6,23.0,39.7351
41308,1.767,4454.29,1172.38,0.2632,40.9408,625547.7013,57.0488,1815.08,23.0,43.712
41327,7.912,6997.48,1915.59,0.27375,74.2449,974202.653,96.1749,3345.28,43.0,36.6333
41337,11.479,6055.5,3174.78,0.52428,58.7863,863378.9891,98.8405,2784.78,54.0,40.1105
41357,2.202,5672.97,1445.02,0.25472,64.3797,710425.6306,89.9441,3067.48,16.0,39.3932
41382,14.651,9843.25,2576.55,0.26175,53.4646,1369173.7304,125.64,3706.19,48.0,38.5292
41432,19.701,13756.5,6186.76,0.44973,107.976,1879506.0872,208.176,4958.11,44.0,29.6552
41493,13.734,9279.43,3128.65,0.33715,46.3552,1292203.0402,133.635,3779.61,22.0,35.7022
41494,5.819,6653.57,1731.68,0.26026,62.7283,919728.4006,87.9262,2881.65,29.0,39.5532
41495,1.682,9912.22,2647.33,0.26707,105.476,1384380.2781,149.906,4130.8,166.0,33.018
41538,1.445,4015.92,1184.19,0.29487,34.2029,549369.5202,48.5494,1403.39,17.0,44.3649
41550,2.502,13912.5,2799.61,0.20122,164.8,1888957.4892,211.236,4864.84,117.0,27.8461
41634,14.125,13511.1,5170.94,0.38271,133.465,1865578.5254,197.312,5799.41,86.0,27.3244
41645,2.986,15785.3,4934.87,0.31262,192.346,2133437.6573,238.922,5202.9,218.0,25.5613
41707,2.346,13085.2,3554.72,0.27165,171.671,1845318.5578,201.999,4941.57,207.0,28.1815
41720,2.81,11832.5,3396.2,0.28702,103.078,1630559.8546,177.844,4613.9,123.0,29.9449
41728,2.129,10038.6,3081.44,0.30695,97.6095,1386826.2774,153.678,4209.73,62.0,34.388
41809,15.765,10081.9,3880.85,0.38493,94.8177,1433920.9963,134.187,3724.18,91.0,33.9329
41817,15.332,13135.6,4447.76,0.3386,132.762,1852298.425,158.798,5053.22,151.0,28.4814
41853,2.046,7314.71,2145.11,0.29325,66.5532,1012480.3498,94.4505,3053.35,46.0,39.769
41883,4.063,13760.4,3809.07,0.27681,203.062,1814178.6427,222.456,5585.51,248.0,21.5767
41890,17.905,10218.3,2882.79,0.28212,95.0009,1367720.4036,134.476,4716.8,52.0,35.5675
41919,7.879,17568.0,5785.96,0.32934,176.092,2425210.6785,266.968,5875.3,101.0,22.0743
41957,4.445,20868.1,8694.85,0.41665,164.821,2832908.4112,371.241,10010.84,60.0,30.7166
41993,3.576,11335.1,3247.84,0.28652,130.317,1564532.2433,160.9,4864.5,74.0,29.3704
42009,3.201,10299.7,3219.94,0.31262,99.7869,1421573.9259,138.904,3685.07,27.0,36.0832
42010,16.218,8296.71,3172.09,0.38233,65.7807,1156917.734,116.643,4185.0,40.0,35.7873
42023,16.245,9440.31,3645.77,0.38619,85.128,1339051.1363,143.638,4704.87,89.0,35.6442
42040,15.606,3871.19,716.33,0.18504,42.2673,531824.5656,47.6604,2164.67,28.0,44.5657
42042,1.886,7178.37,2050.09,0.28559,65.9061,994102.2321,94.5333,3078.66,45.0,40.4754
42045,15.29,9098.33,2475.96,0.27213,58.6956,1279126.556,113.882,6202.27,41.0,39.9578
42134,4.933,15871.3,4293.95,0.27054,206.146,2201435.9312,287.6,5006.16,202.0,26.0933
42141,3.612,10161.5,2927.02,0.28804,131.366,1388921.8845,143.901,4865.39,63.0,29.4376
42143,1.904,9039.89,2090.74,0.23127,105.974,1243266.5168,142.339,4003.44,47.0,34.2696
42144,7.433,8920.59,3188.08,0.35738,77.8056,1219311.853,119.681,3779.22,92.0,34.4731
42146,15.535,7687.34,3147.96,0.40949,66.7091,1084774.6829,106.357,2594.17,69.0,39.3926
42161,15.549,10605.3,4331.0,0.40838,90.6229,1502130.3723,140.507,4414.34,59.0,35.8194
42165,13.23,5881.34,1459.98,0.24823,58.3649,808773.2494,74.4038,3331.74,67.0,38.6867
42181,3.508,5214.86,2078.9,0.39864,33.8829,741316.7091,68.2599,2601.7,39.0,42.6985
42187,1.869,9625.69,3144.63,0.32669,117.829,1371450.919,126.508,3907.27,55.0,34.5396
42190,14.615,7807.63,1859.47,0.23816,59.2439,1100013.7338,83.1386,3074.45,50.0,38.7019
42250,7.452,8805.47,2712.82,0.30808,93.7052,1247667.8745,119.487,3929.16,93.0,33.9752
42254,0.797,11015.5,2922.78,0.26533,136.573,1532073.8871,169.96,4697.77,173.0,28.6917
42261,16.275,6283.23,2097.29,0.33379,49.749,883054.4333,83.6749,3107.52,57.0,39.527
42298,3.968,15997.1,4234.77,0.26472,251.028,2196366.8929,255.068,4825.49,278.0,27.3417
42299,19.792,14839.9,4801.91,0.32358,151.625,2055073.029,240.288,4889.77,103.0,28.5619
42310,17.674,12972.3,4783.96,0.36878,103.984,1821692.166,187.493,4914.85,111.0,35.6459
42315,15.455,6799.4,1466.21,0.21563,63.4879,975815.292,63.7438,3517.96,50.0,39.9967
42319,2.557,12461.4,3556.85,0.28542,139.995,1694835.8214,172.678,3952.9,214.0,32.449
42357,2.777,13661.1,4887.44,0.35776,155.056,1946686.9569,215.508,5451.4,86.0,26.2365
42382,15.648,8736.85,2763.15,0.31626,62.6173,1228598.961,102.205,3297.84,60.0,38.4898
42438,10.544,9746.76,3335.53,0.34221,92.6066,1356110.1808,144.827,3377.25,70.0,46.5464
42445,3.73,7124.17,1914.7,0.26876,66.6195,901844.4109,99.6297,3120.14,29.0,37.2343
42479,2.29,5337.47,1327.82,0.24877,49.949,771673.2326,66.177,2200.75,68.0,42.8062
42480,2.018,7899.92,2530.7,0.32034,91.3558,1071082.1345,124.919,3221.55,84.0,38.7248
42505,2.033,10871.2,3831.62,0.35245,98.3896,1512611.2814,167.952,5436.47,51.0,32.5888
42535,4.391,5851.76,1824.19,0.31173,58.3739,776088.431,90.5358,2703.32,32.0,41.0208
42546,2.231,5376.86,1558.54,0.28986,66.0045,758750.0199,78.3463,3040.87,17.0,39.1403
42554,7.314,5326.22,1829.84,0.34355,45.765,756114.4281,76.3746,2645.96,41.0,42.4556
42576,2.076,8179.51,2079.96,0.25428,90.0011,1147829.5883,106.329,3851.51,43.0,35.9421
42591,1.544,7258.15,2358.39,0.32492,72.7254,998283.2916,100.498,3726.24,30.0,36.4587
42670,12.041,4958.16,2003.2,0.40402,28.9891,700397.4852,78.6664,2503.35,39.0,41.249
42723,3.236,9147.9,2951.99,0.32269,100.591,1275079.6879,116.985,3996.13,32.0,33.9816
42755,2.235,4730.85,965.05,0.20399,41.7855,616940.9744,69.2351,2591.36,11.0,43.3168
42838,4.125,9124.11,2646.67,0.29007,94.9164,1266784.4766,122.102,3825.32,23.0,35.5327
42844,3.49,9419.72,3610.48,0.38328,86.2789,1331502.3677,136.351,3804.29,108.0,34.2813
42867,2.02,6162.9,2079.49,0.33742,61.9881,861286.0565,88.5215,2679.98,42.0,40.6967
42889,10.701,5425.34,1989.87,0.36677,45.0176,790701.607,77.8279,2568.19,47.0,42.0018
42929,4.305,5829.81,1726.4,0.29613,55.8837,782108.0935,90.5165,2646.91,28.0,41.2312
42930,15.148,9733.75,3841.09,0.39461,73.6927,1324514.5921,147.288,4021.01,60.0,35.6894
42937,1.937,15754.1,5644.77,0.3583,185.638,2201649.2475,254.555,4384.88,41.0,25.8483
42955,9.193,9110.89,2762.57,0.30321,73.4944,1288411.918,121.326,4335.92,23.0,34.4487
42961,10.51,6946.8,2099.95,0.30229,56.5768,890137.9646,105.097,2847.14,5.0,40.0784
42974,1.823,12938.7,2754.68,0.2129,168.319,1752707.8606,206.417,4777.36,104.0,28.4354
43031,3.244,8608.64,2082.15,0.24186,77.5177,1228363.6353,113.877,3837.61,22.0,35.1453
43041,12.767,18852.8,6351.33,0.33689,191.447,2675368.5561,277.256,5370.73,33.0,24.8803
43043,2.245,17882.4,5768.31,0.32256,235.261,2456453.3489,257.448,5624.08,133.0,22.8231
43050,1.657,10693.2,3226.48,0.30173,123.999,1423075.2828,164.181,4113.92,49.0,33.5892
43114,3.523,21296.4,6730.69,0.31604,243.268,2977021.3502,335.289,5539.3,69.0,23.1911
43122,17.55,8388.31,2945.07,0.35109,101.113,1140638.1832,167.406,3849.64,106.0,29.3091
43126,1.932,8252.25,2377.74,0.28813,96.0937,1164804.2375,113.399,3575.28,98.0,37.0403
43166,3.268,16995.6,6481.49,0.38136,241.994,2294303.1591,262.014,5417.77,139.0,24.0189
43176,11.962,5421.23,1222.22,0.22545,42.4321,737381.095,93.1518,3318.42,26.0,43.0568
43177,0.0,7159.77,1749.41,0.24433,70.9976,985282.7013,90.0148,3119.78,11.0,39.7977
43213,3.405,7907.0,3202.86,0.40506,75.3822,1113488.4163,129.228,3231.34,40.0,38.1099
43233,13.121,7953.52,2481.02,0.31193,62.7685,1144329.1836,103.348,5259.07,42.0,39.0859
43249,13.942,5787.51,1382.66,0.2389,53.685,783728.2712,74.9671,2493.23,23.0,40.7751
43250,1.664,10609.0,4183.69,0.39435,134.839,1423920.6606,185.394,4485.32,167.0,31.3236
43272,0.887,14178.2,3533.48,0.24921,152.856,1951645.7322,227.259,6908.82,140.0,28.9633
43273,2.58,18676.3,5660.53,0.30308,259.91,2535456.4297,305.545,5796.96,325.0,21.4129
43280,3.042,19170.5,6011.42,0.31357,265.873,2593072.8724,314.798,5793.48,339.0,21.6225
43304,17.377,7287.79,2637.85,0.36195,65.3544,1007904.7668,110.474,2921.3,108.0,35.6172
43328,1.046,8646.99,2780.74,0.32158,86.075,1199949.8612,127.144,3146.11,17.0,37.7817
43333,3.231,11627.7,4587.83,0.39456,133.469,1552097.1477,203.06,4680.34,161.0,29.4307
43336,15.041,10153.3,3946.29,0.38867,94.2758,1440900.731,151.536,3630.76,95.0,33.7677
43337,14.561,6936.41,1631.22,0.23516,65.4142,916151.9026,86.1039,3454.32,23.0,37.7764
43346,6.035,7831.18,1891.48,0.24153,68.2341,1079327.3215,97.6795,3343.69,32.0,37.9187
43350,10.908,7148.03,1826.51,0.25552,56.6281,1002099.5985,97.6708,2875.02,26.0,39.0924
43391,11.262,15908.3,6334.33,0.39817,135.59,2274650.4487,227.372,5413.07,84.0,25.4608
43396,1.296,25153.4,6430.34,0.25564,369.317,3433294.3233,392.33,6279.86,155.0,19.8575
43398,13.68,6242.53,2886.38,0.46237,53.9563,877942.3633,105.208,2858.06,59.0,39.4084
43430,7.52,4087.11,1561.76,0.38211,25.6429,561070.401,52.1851,1918.37,3.0,45.5068
43434,15.631,6193.21,2048.84,0.33082,66.238,861626.1843,98.0893,2889.84,48.0,37.728
43482,9.244,5040.51,1687.14,0.33471,32.8872,694994.0154,61.9001,2406.62,50.0,42.7945
43537,15.564,10588.6,3832.4,0.36193,97.3241,1501174.5395,147.891,4693.79,120.0,31.5779
43561,13.714,10747.7,3833.49,0.35668,99.8065,1524967.5222,143.521,4167.51,43.0,36.2972
43565,14.715,7705.97,2235.96,0.29015,73.0505,1056266.1886,106.986,3448.26,46.0,37.2596
43577,1.611,11720.6,2105.18,0.17961,147.19,1652446.8205,166.372,4638.33,146.0,29.8961
43611,13.695,7940.51,2870.3,0.36147,69.1227,1111650.1349,110.193,3500.76,23.0,37.667
43700,9.356,8407.01,1812.15,0.21555,79.4938,1224833.902,97.8194,3638.29,16.0,36.0739
43712,2.944,9829.66,3270.31,0.33269,87.7727,1394641.8967,153.667,4150.64,6.0,34.0535
43715,0.99,15903.7,4664.33,0.29328,192.952,2197938.103,227.938,5679.45,140.0,22.5603
43725,3.39,19681.6,6517.33,0.33113,261.527,2705543.0982,334.287,5610.28,87.0,23.0861
43751,2.981,6540.46,1769.29,0.27051,69.6108,941849.7811,80.2723,3133.89,18.0,38.5231
43752,6.001,16593.1,6642.44,0.40031,188.99,2266649.2819,283.527,5431.75,200.0,26.1485
43791,15.823,6076.24,1691.98,0.27845,58.9094,840733.5923,102.043,2920.03,55.0,40.4435
43793,17.678,8276.82,2924.72,0.35336,62.3944,1089315.2649,130.655,3277.73,44.0,39.9366
43821,2.453,9146.84,3304.44,0.36126,126.482,1200469.4847,189.959,4352.59,188.0,31.5023
43839,10.87,7176.63,1974.49,0.27512,60.8543,984609.6991,90.0876,3563.34,40.0,36.7616
43846,14.473,8582.89,2780.18,0.32392,41.6612,1191479.9369,106.099,3416.33,64.0,37.3685
43861,4.343,9415.08,2410.83,0.25606,100.041,1255445.2407,131.726,4104.57,62.0,36.424
43929,12.137,4964.11,1795.27,0.36164,45.8842,711406.8422,67.923,2614.5,44.0,40.675
43937,16.269,7894.96,2422.3,0.30681,94.047,1068697.9312,104.415,3400.1,23.0,31.802
43949,11.793,6000.23,1652.63,0.27542,52.8387,830118.778,83.4343,2379.9,61.0,42.0761
43960,3.617,10172.7,3507.66,0.34481,92.1813,1400200.2925,143.006,3793.75,22.0,34.7777
43978,15.73,6920.21,3495.65,0.50513,74.9398,901725.0726,146.683,3129.33,77.0,38.6249
43993,4.61,8130.69,2475.34,0.30444,89.8315,1109176.104,139.092,3574.13,30.0,35.7461
43997,1.129,8625.3,2076.48,0.24074,91.951,1157757.8741,128.726,3469.65,12.0,37.0002
44004,3.898,14015.8,3896.94,0.27803,170.577,1963462.8366,200.942,5403.08,193.0,27.992
44011,0.96,9020.78,2556.53,0.2834,101.689,1253417.1394,144.351,3309.79,4.0,36.641
44084,1.922,11741.5,3488.18,0.29708,99.7986,1613521.0677,161.309,4349.06,24.0,34.7193
44099,12.228,6522.04,2133.97,0.32719,47.8036,903214.2042,98.5415,2423.41,54.0,40.9233
44130,0.948,23196.8,5402.48,0.23289,314.917,3196993.574,405.224,6225.29,164.0,19.8519
44150,4.31,6258.08,1894.17,0.30267,68.3568,867298.2297,81.2962,2868.14,106.0,39.0491
44152,0.701,7239.39,2107.87,0.29116,75.8913,987175.4424,114.998,3070.11,80.0,39.4591
44196,17.452,12691.0,3619.48,0.2852,111.543,1803328.3516,168.783,4170.07,163.0,34.5621
44201,6.107,6440.87,2507.66,0.38933,65.4223,873586.983,89.0335,3218.92,48.0,38.3044
44276,3.203,12946.6,4088.06,0.31576,143.594,1783601.5054,216.198,4597.48,28.0,29.4098
44332,11.234,5251.32,1727.96,0.32905,46.696,733395.5854,66.3166,1969.45,29.0,43.8561
44372,13.489,8917.77,2419.36,0.27129,72.7179,1251846.2266,97.1801,3428.03,27.0,35.4286
44379,4.372,7632.25,2175.9,0.28509,56.0662,1006028.7761,100.724,3202.92,42.0,39.7679
44434,3.321,8398.63,1963.85,0.23382,105.027,1180936.4774,149.754,4125.24,58.0,31.6804
44439,3.442,20196.2,6758.74,0.33465,246.092,2818013.6744,338.778,5546.35,91.0,22.9212
44453,11.151,4925.83,2049.38,0.41604,24.3886,670400.5309,75.7029,2119.59,27.0,44.0257
44472,3.713,12986.5,3641.84,0.28043,163.706,1814167.0184,218.227,4620.0,123.0,29.6448
44504,1.742,11925.7,3146.86,0.26387,151.918,1683752.5135,178.252,4772.81,123.0,29.8956
44521,1.605,11919.0,3172.81,0.26619,146.851,1704528.7415,174.067,4698.56,26.0,29.1075
44545,16.126,8720.06,2285.84,0.26213,95.6778,1194345.2743,103.636,3531.54,33.0,34.3447
44551,2.082,10953.2,2819.53,0.25741,146.798,1548251.6924,170.935,4681.68,23.0,29.2113
44590,2.008,11642.5,2715.04,0.2332,129.264,1630653.6178,154.032,4495.48,61.0,31.1097
44615,2.519,12573.0,3818.38,0.30369,168.35,1777710.1539,200.589,4664.98,104.0,29.4696
44617,1.906,7196.7,1727.16,0.23999,65.4536,1012456.3573,86.2629,3644.85,33.0,37.7152
44618,2.589,6356.27,1601.03,0.25188,68.3272,900492.8284,79.5577,3150.75,12.0,39.0458
44620,2.689,16384.0,4511.71,0.27537,205.18,2253584.9837,266.343,5159.81,166.0,25.2734
44667,8.394,4805.77,1546.3,0.32175,47.0795,692497.6198,68.5625,2392.3,42.0,42.6451
44707,4.677,12366.2,3833.94,0.31003,178.571,1626971.2296,235.033,4982.04,63.0,27.9519
44731,6.186,10559.8,2887.35,0.27342,95.0926,1492113.9941,152.94,3628.27,107.0,35.9904
44739,18.055,6707.58,1687.99,0.25165,42.9363,913545.6714,110.066,3846.45,34.0,41.2601
44759,20.948,18135.5,5855.83,0.32289,176.496,2540352.1029,252.193,6533.13,158.0,21.5571
44763,3.435,14204.6,4198.66,0.29558,183.174,1993808.5137,236.308,4409.91,59.0,30.6557
44766,1.492,6218.1,1391.57,0.22379,69.5671,885730.8732,76.3308,3060.13,18.0,38.6069
44767,4.045,6900.48,2379.27,0.34479,66.4376,912977.6698,95.2986,3667.06,77.0,37.59
44775,12.109,8448.59,2491.58,0.29491,97.3501,1150399.8941,82.0368,3733.38,14.0,34.5732
44783,3.276,7293.79,2245.21,0.30782,62.6876,976667.6422,97.6958,3181.51,44.0,40.0978
44803,3.437,10371.1,2538.96,0.24481,99.6135,1379035.8587,169.867,3809.19,96.0,33.6332
44807,3.941,10613.1,3227.67,0.30412,94.8636,1510176.6727,137.62,4312.54,103.0,33.2542
44808,1.997,6474.58,2087.06,0.32234,74.4954,894203.7487,88.8984,3091.53,27.0,40.5071
44819,19.399,14418.0,4967.78,0.34455,135.656,2066289.7223,202.629,5161.21,128.0,26.7745
44839,12.526,6127.81,1652.89,0.26973,49.7654,780158.1034,117.396,2539.69,79.0,41.7886
44846,0.987,6204.84,1364.79,0.21995,57.893,850091.3073,79.9803,2863.45,17.0,40.0272
44879,16.741,9796.7,3776.42,0.38547,91.6888,1387784.1743,137.74,3442.44,49.0,35.7617
44909,3.183,5282.75,1120.3,0.21206,46.3728,741593.7416,65.7375,2636.26,15.0,40.7798
44969,0.946,7616.55,1685.22,0.22125,76.714,1085784.6552,107.682,4081.52,98.0,34.7735
45005,1.66,14155.5,3365.67,0.23776,163.993,1945749.724,194.461,5022.6,132.0,29.2278
45021,1.849,15891.5,5407.4,0.34026,215.145,2223975.8422,268.191,5371.28,291.0,24.3484
45028,1.454,8732.18,1830.68,0.20964,80.7812,1264674.7469,101.775,3894.85,10.0,35.0607
45075,1.897,6915.26,2152.37,0.31124,64.7048,935045.4022,100.125,3211.01,26.0,40.3252
45077,2.453,8220.52,1934.94,0.23537,84.5377,1160641.4308,106.813,3900.51,41.0,35.4232
45088,3.635,8628.04,2885.74,0.33446,84.3448,1246899.7193,120.482,3644.57,38.0,34.0185
45106,14.384,9325.75,3022.21,0.32407,64.2198,1248708.1982,131.672,3840.14,48.0,33.6942
45155,2.2,11468.7,3317.22,0.28924,99.8476,1569725.2459,174.861,4592.48,127.0,29.407
45158,2.329,8454.15,2474.35,0.29267,90.952,1192082.714,116.91,3573.01,101.0,36.8008
45167,20.376,18528.7,5581.14,0.30121,201.955,2611361.9434,243.93,5761.47,161.0,22.3329
45179,16.414,10521.7,3848.56,0.36577,91.9392,1478971.0423,143.33,4215.56,92.0,33.1183
45195,20.157,8292.14,2354.85,0.28398,94.604,1130075.6144,95.3997,3913.28,35.0,37.3931
45200,4.571,19240.5,5588.1,0.29043,239.888,2642884.5556,317.116,5542.15,221.0,22.8386
45201,7.017,5500.97,1849.39,0.33619,56.4862,758037.8179,72.0619,3145.48,13.0,39.6442
45205,14.963,18558.6,6349.88,0.34215,183.403,2556169.122,266.995,5578.17,91.0,23.1023
45227,2.814,8884.28,2084.52,0.23463,106.889,1250596.9014,149.922,4224.0,48.0,32.7726
45231,3.602,5845.67,2043.34,0.34954,72.1881,815301.3953,86.688,3003.72,31.0,40.4109
45232,1.89,14555.3,4719.52,0.32424,162.841,2013982.5783,222.139,5224.85,190.0,27.2701
45257,8.369,6800.06,1770.45,0.26035,65.3409,941959.557,89.8003,3022.84,44.0,38.2367
45284,6.464,15649.2,4923.3,0.3146,178.451,2210390.7929,246.415,5076.6,92.0,27.7433
45351,4.852,13733.8,4809.53,0.35019,141.584,1913561.1272,188.94,4643.65,45.0,30.066
45356,1.702,11246.0,3020.03,0.26854,132.251,1563906.4734,157.657,4461.76,92.0,31.3485
45362,16.039,9133.25,3371.52,0.36914,98.6084,1291116.9157,125.74,3399.28,66.0,36.7049
45385,13.372,6926.88,3300.95,0.47654,58.0459,970550.5029,99.157,2926.98,34.0,39.5473
45386,0.614,4891.85,871.76,0.1782,45.765,707722.4637,58.7913,2192.49,77.0,42.8801
45409,11.998,7200.27,1699.9,0.23608,65.361,1027663.0958,97.6585,3439.46,16.0,32.752
45421,2.846,14520.9,3335.13,0.22967,173.411,2063747.2701,220.687,4862.27,76.0,27.1357
45433,2.8,9265.28,2406.98,0.25978,113.604,1254708.8792,132.712,4059.58,51.0,34.1261
45474,4.59,8342.36,2710.82,0.32494,82.8222,1193074.2409,95.902,3239.68,28.0,38.2301
45493,1.046,14751.4,4157.59,0.28184,197.178,2057502.2789,222.528,5618.46,142.0,22.8367
45532,14.102,23271.8,8133.05,0.34948,223.941,3303862.6002,297.662,6689.89,86.0,18.6134
45541,1.945,6933.49,1990.99,0.28715,64.2776,968523.1472,90.0158,3625.85,32.0,37.8003
45564,5.823,4898.72,834.02,0.17025,39.4057,644408.0481,59.7784,2740.63,9.0,43.8692
45570,1.856,9365.09,2336.0,0.24943,109.928,1293131.2723,135.445,4128.92,63.0,34.4523
45584,0.903,6083.88,814.3,0.13384,50.4785,863436.8281,67.5278,2700.13,2.0,42.1839
45597,3.831,13756.6,4336.3,0.31521,166.369,1969639.8493,222.586,4578.47,65.0,29.4615
45598,15.339,9923.62,3195.02,0.32196,96.6141,1370492.9886,130.073,3385.57,55.0,34.2415
45605,2.41,12107.6,3107.33,0.25664,143.598,1621115.6154,183.947,4449.57,44.0,29.3885
45614,1.464,13235.7,2879.35,0.21754,167.783,1864479.7245,198.881,4046.29,141.0,32.145
45670,15.858,7990.22,2268.39,0.28389,68.3665,1147599.9434,99.8141,3032.6,38.0,39.3032
45683,0.756,10344.2,2216.06,0.21423,103.09,1471578.9552,142.397,4290.42,47.0,33.5024
