row_id,group,split,included
0,990ceef996fa64f348e737b68274695ac4bc9616916924019208483652812819,final,True
1,0cf39bcc139d13728f230b0241c7c9efe4b87c9f1b444762880318b59adb2ceb,final,True
2,cc547453e6480b36b4a82e5ca4831c96ea8e14bf0d505bde8c03fdde0c3b46ac,train,True
3,4b8f4bc540b3118d7ca8974c945de956abaecf92033c07d94f5575d91e5638f1,selection,True
4,c724c796b4a011b4a33c0bab0b36ae22a824bf77abd490a73b03a64838377010,final,True
5,58e3a1d5975e34edee87fd5d314676070e71fe1a9cacb5b9feee62aba069efcb,train,True
6,8010593cf0b9ee4938478d277e0c7bd9b2817f8ca23625638d459acfe9645fae,train,True
7,5a954b9daa52cc3effb8bbf057ebdcb0aa85e6920db36411f3f3cc7de75c43d8,selection,True
8,d6e2423e0c8eb75bbcac67858cc5c1e39581737f546f5d8987a8e8d71a892ad2,train,True
9,31f81d86bc44e34968487c4a53da818651698f9db1c0fb9679f2c2d67782f6cf,selection,True
10,fd17b72df827005381a17669d6be04dc0def876f165b8efde65574c3cbbf5f71,train,True
11,c7c705e7f5b2bbaf78eeaf1092373ae84170bd1768452b31c3c09afffbdbf92d,train,True
12,52e7139206a70847fcbb0fcd7ac99a580e340b8031febf15f7fd2cd539ed539d,train,True
13,88d90fcba9cc803a8a7c92619fa6850b9d30f6afc80eeb788170b90e6e0b99c2,train,True
14,686ff4741b169896303323fa3925dc647a2373f5096c71f1dae095fa0862b0bd,train,True
15,47c17c3653d9349c1be1386d5c21426137ddaa7c173946695d04277d982a445e,train,True
16,00b115da460cf87a8f981e908d7446e295ad65b0db2f7b2615cdab4516c9d840,train,True
17,6a6104929d4fa956051b143cd2199bd210d25d546ad4e415db0ca2c913dd2803,train,True
18,4bc08f1a83f3f76094350a7379211cc4d73020cab48e8a995279d3057dd01890,train,True
19,c190e3763d533350ee7ddde1c37f6205231940498deade2c01766f8b96a24391,train,True
20,4b7f5802f8082739858037d693e09d889123bea1c7ace4a344ff13f5bdc12b92,train,True
21,f049c0f68c6b8bfbce74fd5b3ebc37899bb3d8386e48410aad7164aa708f8a00,train,True
22,51e960583dfba045cda6f2a31bada5896fc32404af791420e5aaf3a91fe5bf27,final,True
23,858e195c8152537c2af65ce8d06fefea8ef6277c848527d578edf37227adec92,train,True
24,21c4b1d074ac8b555593ca6d5991f36f1fc8c5246850087e34710f4d9dbdc4da,final,True
25,d7a14a2303f7679f3a273ca666adf2a35f9e763144d32ee8718f2f9697cc0dc9,final,True
26,d894a37e6e178107643bcb7cecd5e3756b19eb1f0a4b56c278a98a646ead77f1,selection,True
27,a2bc5eda2b59be978b8ca59c1f1b656da777265b9421d92c823a934fb8ff42fd,train,True
28,3911637163cdd945516d5b93d6cd457dedbf699fe5e5a1145bf21262cb264005,train,True
29,dc981b950941813312eddaf9dc724b326590221234acedf100f0f3289dde05e6,final,True
30,fe440f8256f6f3f8789259056cd821f4705643d1eafdc1ded0e10da0870141b3,final,True
31,77637b1cd45d99a349344cb66e8b6f64f82989efed815847336027ed74435fe4,train,True
32,045e6216e4bf68dd6fd6304d4679e289025dcb3216cc7a6d4976862cdd73f0e0,selection,True
33,162b8780294d21e67a45f6621d1a4a98df2ab1ff9a8abe8025e4f42777a6b6b3,train,True
34,a58d47415da53e38783174748214ea1419146e0eb6b668125af964af2beb847f,final,True
35,2cfe58f2cbbdb3df341928c6a7c6d603117401de02e72dbb10f711abdc1a80d3,train,True
36,281c024c1f6f527a16b39fbf7e5204cacab76992927d5a33c2b1db260d006650,final,True
37,c5f030dc388bd9f9acbedc6eb813b42ffdedbd587207709abfed4dc4404543be,train,True
38,bd0bbd25eaa44400d4ff79bfbc7b0bb334ac981ff218c25488c0c54e2e19ab71,train,True
39,94ccb1e94dbe4444ac1482c91bc9a80de5e0c724d0d0ffcc05383cd94b2e761e,train,True
40,8795b33b297def3ab4c8b69cada7b5124f6f8e5b27ad2091def629d88f317748,selection,True
41,46b1211354749b354643487f2b81c6398a8dffd2151ffa7ec85dc4a7f08b23ef,train,True
42,8ce1db7f89a26132828a8506d6d803b25b3c0f0c7dbc1ef611337d0370ea32fa,train,True
43,18b5d31a48ea8aa55c61998cad355f0ae9a13d8c3540c67632444dee88d2b889,train,True
44,8960432d72694cb592ee95baa1d984be526df9231d6290d9a5248e8f68df1092,train,True
45,8f60362cf836394252386e2b67f25f9147db392af21a34fa59a517d837c062ff,selection,True
46,d25e33ea0db3528ef43ed4001188b406e00fc9cec6271792fec36c810fb45452,final,True
47,9615488284fe6a656f017ce041f34718996a32c3ff1b54ff44e9584363613fee,train,True
48,feb151a3827b095995d24455abaefac6abb675d1e584706ed4bf0678eebbe5e4,train,True
49,c66e9f1fb9bccec6e672fe2aff7725b2c6bf2f91462340e80ae935e7f8cabe8f,train,True
50,13b89480d159bfc0333efb4c0ee576bc173b334588fe3807eb7c86a24c03ced4,train,True
51,b0cb8094407b57794eb7cb2a553288470b8eee63dd996d9187e51b9d748be9b9,train,True
52,ea66900c5edf2d42ace5acd3c2193555e58268f7af834fc7c0a5a4649677ca91,train,True
53,9ad69050a430bb3190c939b4fb47f6d15e940dffa3acb64e7b9e9ae4831c7a44,final,True
54,8e9d002420d797a2e468ec4467a8fbb5c9b3029cf48323df6aabbe602ca4bff4,final,True
55,76e7e6e9ca8e36b44a3714070c6b8c397176661593d02e911cdac6bdd353de78,selection,True
56,b49d7278782123a94c6f742b91b043ab4286c9e5eb28024a79eff9dccd2f6d1f,train,True
57,019d270deb742d3189688de720764e2ea7da2f4dd8c147ab9331691c4ca67dbc,train,True
58,32e1ded73826614219c49e0e4f3d6439c2ea02c59cefc069346a3f0004d519b2,train,True
59,959302524d62f31dad6805d9244f30870ed64cf31310402419a4ec3476134459,train,True
60,4a7ffb9ea11b6404c6723e0c72ac1e1fae6cdb24b66f16f19a3ae885a3c636b8,final,True
61,66c7edbb82a6f3e6c280a14fb180dcc0c4c7ce2f9e89fa3695052aff5fa6a61a,selection,True
62,5b0b5fad6de7e48a075736ec34783fc1d64b5e446f25c2fb5d3489a2edb77064,train,True
63,a5e2636d1dd765c987688d3ef8f9f7d9b71a213503983b7050b9fd99d89ce981,train,True
64,64ecc7a07f77fab786b367c43181c31402d65d898207ad9fe5f7adb3dfa2d2f1,selection,True
65,f9f6b7687a23195850aac4d556249afb13edfb71398a7135f5a564a910b37491,final,True
66,f905dca74438ab2d02999fdbbc05fc8860cddeba007a73128646da8116a02da5,final,True
67,0334bbab727d1d4365c052741ceb074a494bf086018c643f5870177400bde9ec,train,True
68,536cb4685a593991fcc66ab3218c6cae5eacb6593a665439f1b500d1e8becd84,selection,True
69,30c075d41944fb264e8b36578e63c3a042d0ad7984304449bb6b4d7171f38bf0,train,True
70,091d5a08b5026c534b10db1f2a8cc0bc625cde98e589ebd5025e8bb3679ca7ce,train,True
71,bdb67bb2802fcf76f7007ffa17ca89c6929970ba5f45fec27888c6e2f7f34fe0,selection,True
72,c8be9a4545e8de16350d6409b638ff06adce6b3ef81cc104f13d7ebec04600d6,final,True
73,c9ed43431f2a6a4a812bf5d2533db2cc78014e003ea6d83d3a385e85098c8a4a,selection,True
74,8441338d0a05344e6a30e101e95dbed138b0ad6f9915f6a20021bca8bbba2810,final,True
75,aaffa7d911ba2d3537ae6765d5613d23093de60d6673c958b812f925da250755,train,True
76,14455825f49a61f2c788a51ac2836a657bb86297c36cac03d36cecf7a2db6a5b,selection,True
77,67f7fee55d8b78cf279e3d208d881b7c78414c05d4b89cba44eb8c0529847cfa,final,True
78,c1da895ee6c31598adc7160fe32f53197ffd8fdcd2595543dc636943eca7bf14,final,True
79,1ebe41619ca41f0f8dddac6039bf7cd40ad5db4d7b8f85a8a624becab2354241,final,True
80,4733714cf3ed0ee26bc59b6fb915df82ca26c341eb62bbfe88eaa625c8025473,train,True
81,60743d0e8b37a315d5afa58bcb202be5e8a3fb36b545f0f2d5e08971b6679b69,selection,True
82,4d7f64de3778eaddbcc13a577894daeb7f566a12405d5df0b37c3cf15de26007,selection,True
83,d07e3fbb323311ed191071078e38af9b58d738a9d051bb5746832a38c91fc422,train,True
84,e98367edf7df1d5e23b8c2140b623b98e8da27e65a6bd7ccdad2ec3ec6be7b5f,train,True
85,e529e9c1be583ca36d097d9e96564eec94ac0d89baf2c82e14d2ecf270d84814,train,True
86,bd8a447a8bbcf5bbadeb880b5046d54da05df0a1188eeb42e2647c28ae3d257e,train,True
87,a28276344e6b2720e9185663fd8fb6ee92239089619f9cde0e3466d9cd3a9ec5,train,True
88,d5b82afd62ae9a526254c8d1d8d769ac4e14ed6cd1c53926982cc52dc68618d0,train,True
89,86272ef193ad208f1c2086ec0f2ff031c283934be56c0b6628ad0947cce0774a,train,True
90,711b9e13e115e2888c300415326ed0b0f1936defd9a74e805c1235c1dcaef82b,train,True
91,3a50af3ad22a4506698cdef93bda448be4876c4d50e5967db21cf10da45210b4,selection,True
92,6b2ff9fd99f7388d52abb72949fe25c94a47b83e39ceaa5e47cf766fe0509360,selection,True
93,2a4bc9dfd765c8e91447a7fb10e27b49c75266528a6dc54fd3b973b1518796b1,train,True
94,c67a3f8a8931555bfea906c04b00bd857fadbf1b479766edf11d5170cd906080,selection,True
95,1744f493aa7107a440ce5d697bb2f66dea4087b26ac79c962a8798edbb80cb62,train,True
96,5665bfe871d5fba10f64aa7c8e232cc388ff1eb73f42dc9e452f59850ef234e5,train,True
97,4c62f18ba7da6076be55872429ea0a474f4c6e04970894af307f229c7987fc5c,final,True
98,1403ae85093816aa7538eb54da58d46f17c511facb7bc9ef014d453fdccdd1aa,train,True
99,5b0dae3ad457c1eb2edf85a28b39e03f2a51e7d7aba40b5c60d9127fe65b6e0f,selection,True
100,f2d18ac40fb33d47c6057f1c70363fa4725a20f45efd7f35d8422723c1202525,train,True
101,51ae63494487e5c4ec4b70c0186065ead30caae628b6680d2d5ca3b9be11eebd,selection,True
102,ebadb54dd0cc0cdfa756f295f091c655906605c90ba7c4a3d8311f415f020000,train,True
103,224b27c709dae0b63b9765e6a7c5febea1ff1c0e6afc71f419d147c1b58e23f4,final,True
104,6ebbce1e8eb56842ef758d3612a6d42bc905eb2861acf717f88bf1f08eeec66e,train,True
105,a1473e52655af3b1eb758e6e6a0ef52d68f32c5284f5a068fad53b4bc3585fc4,train,True
106,6a9b9bc3a13366c587f3f924de1556d694b424a7e0fdf9eee878ff94d4feda93,train,True
107,c4e4298b9fa48520f3ad430d8f6cd1937bbec9ad1f97e28d12e1146413824005,selection,True
108,0523511b049ebdb93ac297d3002cdaad45a26014b7e57aa73b36bfec85890446,final,True
109,c5abccaa728147fe0acdb4d2ebbfa0c6dc5e5c65d5e56a28c028e9a87cb2f5a6,train,True
110,2ad801300305173dd57d7d8882176598c2e4c6e791bf7af3ecb09c1c0ca99dfc,selection,True
111,35918b2a9c6ac2d710de05518015db3d6b614066b4256733f3047d09c55ba60f,train,True
112,2e916931005085041a02d65a8b5ec7922ba0d566605608f9e9c1fac250ce75d2,train,True
113,4dd6c89e8af1217a8200a18f94d3354e3617dd3cd03ba90486c49c2e4103ec2b,train,True
114,96ec48c4879263fcbeef70e0eecea3dc2bff145067819b2ebeaa8a56ce810a90,selection,True
115,ef42e93d21076b40d9484f7408ce07aacc78ddff1dd37c800247a5cfe09606e0,selection,True
116,6cf5d2ce245acb344efa509f2304c77d9b287613288e696a87e6243d9a4b9b50,final,True
117,7b457536d2c8bdbb57c756f0c4408774962fde75d27a7b638e840a50c6cfa586,train,True
118,3b9ca3cd20ea4bf6a6d895699637eaed54fbb132ce3a72f6d606cd29bf0b84e0,train,True
119,aee949721b446b4ef92fd75ed1ec5c58548d1b0b1fae184aab410ea3e6fb48f7,train,True
120,5ae12528bd3ef1a9ae54f5384f08794cd8a6897ddd18b9411a621cd672f7b38d,train,True
121,1055cdec9bea80372767c266e473aeaab69ccc2c7b5a0b42d86ab0a90aca9ae7,train,True
122,4e3e595f6b5df65523ec486d2985e533f1124432960bfbe7e364450cfe611dbc,selection,True
123,91f3150c90da3908a97604507b7aeceeff69d323c8171e68b5d9bc289e685ec7,train,True
124,bc27170c74398568eae83e491d0f63b19d74a712a9f809ecc44dd547559f507b,train,True
125,ebcf50cd4317a1e4418634389bd71b16d156672563dec9431d4b199a20526c33,final,True
126,ab3478301d6054af21ad78c11cb9fb9bc4a3c87a12521588cdf9759286e3ce3f,train,True
127,21a9bcc60619851a54351af33c3945070152bf2b1353168d2f3a9f9dfd2282b1,selection,True
128,afdb9262164d61b0264e792b2a5e532b0a5781bbb2b96fc4c85795e630dce126,final,True
129,8f70472b948d2880e4ea4b56b4116e5dd0f6ddbb8b823fd8942501118ca9a5b9,train,True
130,6c7a03b0b464fdffb62bedf415c61e8d0674317987c391182dc92353b78836c1,selection,True
131,480c5a286d26ca635bf89e7ba8afab71795d579d256e2ebe446e5f58075b50da,final,True
132,82de60ecd0bb43c64cef2bdc4b8416931e96252f3ec07d9d1cdcc470e9fb6044,final,True
133,b0475da2df9017856cc0a1a0a9ef1d36da336ea026f36742f9904198f29d6ea4,train,True
134,a8bd16449ef463ff7b3dddaff5688dc623222d993eb957cd86b443ebd90ec973,train,True
135,3bceeb2aba7f833e72aad8c92a7b413f96ab95a3bdc6fdfbf95e6a4cd1d1129d,final,True
136,a5350e44c56c86fb1e1f4910c5dc2e1284b46f7344eee8aa227592a1db14d247,train,True
137,5e782172ae5d791859e78d18243e29f1c22c76596072960092ffa216b648c70c,final,True
138,b501e64bed55ebc6ce55b61cdb810f3a83320c06ae62db2ae30dd516b1bbb8c9,selection,True
139,5529949e7d9aeb70d3eff929cab497db367f3e3714c1243fd1b20cd9e290ef54,train,True
140,b03ac20b7d351fee8ffb38bd1788ec4d4af4b542f33dda44fd6be033e58ef344,train,True
141,8fcd27b01241a520308112f10c28572805c1badf410019a13ba79c1bda1c31aa,train,True
142,3267544895a605b1c5af4afa9ef70990ce4ceb884b669ff8a6430bab1d2f36e4,selection,True
143,0bb144bb5fc3b0c296f3d714a57121ec00a6a49734c8fadc3d74a8f01e858176,train,True
144,6c9ded88bffcf7853d50087555421bb0f87ea18e420283d1ff11d9d6b12b3871,selection,True
145,fbd936ae0bc3efbb4009be244b226d7d6e93500c18284b55da6713b76e152e10,train,True
146,609730300c5ccb393f7f1f055a1df32482374ae6c6de1c17bc4a534fd6a9b678,final,True
147,a89cd5131dee0833f5a29d51458259b1d0513be510d535d2f40320f0ba3d13dd,train,True
148,6fe6d314876af9dc7def460511496cc2b4b53df26643c95ac7a153c72a2ebbbd,selection,True
149,d7e4d91410656f09aa5bce5855dba2155a697b70a225e143315be1029ce1be88,train,True
150,fc50cba85155f64d3429ce72e0a90a50e185be223ab41208b007359a89d222ff,train,True
151,6f11b06f6bea1d603ec07dea50fad1ab465c9b3183b73d91c8d24f50cedcdc19,train,True
152,73e162594e06907c6cae34dbc7933ff668fa6661a79cc7bb5979fea2042b2f0c,final,True
153,c291b559b96dd720d051f9b7776ff6536cf42bd739c3a9562f9308c9432932e4,train,True
154,e6de7bacebce82a2be5c239b38785a7d9ac9f0bde33b5c89311db291ed7e7b5c,train,True
155,e75057b7fbefc40711fe217e7532e0faaa5043ff04544c2d3c52422d3186f3b6,train,True
156,54b6ac0f210401022d69c55c71e00ccd128845f24eaac66682c059ba89d8f2cf,train,True
157,6cb1a044de6f72a87f397ba11a53cfd36a4c3dfe1b383bc108d72c347dcfc99f,train,True
158,d9c8bf3c1ec672d34d4453a7ebc7cef10adca498d8e5ec1fe4b27a96cc5b91d6,train,True
159,662f5b35bc32ef2f1695c49a36f9e39b26f8622baf072a34fabc9a84dd86ab73,train,True
160,d7d0f6a94d49500e84d852bde04d9a1aeeb86aa52a8f25b8ea9adc084acd1655,train,True
161,3d92881ca922aed8cfe78a3215eee11f5dad5ab76a04dc442e00b033063b8717,train,True
162,6ddd414de3a2fdc67fe376ea1e9c88f0517b6c230507699d04c4e7146ee6c01e,selection,True
163,1f9f6c3aa25b55c1a2b9996ac319d488213e83ecd910ae74e4926340067f15d8,train,True
164,cf158790987d19dd502159c722a5e9081265c0fb8af6c4a071389aa4732f4ad0,train,True
165,b1d290b69abd02619f721c496ee657b175fed161eb27c2bc3a1fd9d74885e784,train,True
166,1003dc4d2ed795ce9270d2c24327d7561d2efc3bb3f8d87767d9aadbbdf7cd00,train,True
167,b8055e8ad473cd1f34daaa6072ecb39c63566d4be722dec1a39cbdbd85f20236,train,True
168,a12c5fd9596462b02dfee199121360092ff6fc47dcd0c72d9ba7615b5f129cf9,train,True
169,67be4794c1d017bd7cd2984c267e07de5658df586cf9c484194db56720106f6e,train,True
170,fe36f39a0eb2993e30cd1b7cfa0bffc5a0223f40602ed12f6da254731100406e,selection,True
171,71985dbacf6b799ea586252253fc270476e9d53f561a2164f0a760cc9bf455d7,train,True
172,93ec0e93b603a08d7a34f438d72fdc565d3cabe56a174270a39d977d277123cb,final,True
173,639cfb84d9cb49f34c08790e424798ba345b5bba02b9c273a58a541f43163d9e,final,True
174,6b9e434d8e62c523f894520671bedc257aeb5bd6d84895d9fb2490cc2ae62e0e,train,True
175,cd449ee728969944c7472256a06e410b5ad3359ee7bd0dad7c34670d39e5ca39,train,True
176,b540f135f830254fbabeb6f3a630ca660493d55b791728cc07962458dcbb8b96,final,True
177,fe031f866bd7cd968a2211d413261443e09b4e1779317a5d72d5fafedbb797e8,train,True
178,358a09b896adab5831cb03aa4116a63f779b4f1c570f906a304f1d3b3463dc57,selection,True
179,f9bbac63a3c831e5cf012e1682a493f75b48feb816b41e3c2bc1561c60933355,selection,True
180,c22799d34ddf160228b9c6eb99ff5609ac09bd3622127cc4ac3346f419920bc9,final,True
181,837514031a72347aa6be529923eca3259f3d7e3d5ad32c032663e257824594f7,selection,True
182,071556fa02947d1ab51dd9fa7eba3ae5145cfe8959fa0c713be60a72ae72b602,train,True
183,ca113b7b5904474b1f602c500b3e1f387a9c30821d74eeda148e97d58490d1ed,train,True
184,117dba1a9eb265643bb1e8783c575229e9106fe7d4b81a241124bff97f0363c2,train,True
185,5f0e92e35d7a9e2f861c6805620de20bf1501e5b0bba53c296fd8cf38d99900b,final,True
186,379bcdc0830bddb5ef325d72da379c2b054e68fc60d9968c8714034f502f1627,train,True
187,a428172932bea6c06292e394c0090ccfc0f3c3d45ab9e5213ef3927e5736d653,train,True
188,40006ff8c779e1a07045c52c5c8d923f6fb0e4895b6d98c4a9b610205a2e34d3,final,True
189,a6910b08241a6c6fccbae706f4455925080e037c7a671773a15dc07ae3ae8b44,train,True
190,1d9ed4bad026575cfaf7957084d6e71f351fc926c0addfe40c11bb6a6ede0fe0,train,True
191,dff5d6e3ff3aa9651e0dc88d72206c7594e6b5c4cf256df78928f71c7d21fed1,train,True
192,e50359a34ad210597a767bb62b762b81d9ef2f5db808da5f75310deb15dc87b4,train,True
193,cbc6fab18f8ef5f4f54416c0fcd0f5d64c47fe47edf2e9b87722adbaf861c884,train,True
194,f8114bb76dcb490d27ab345ff03d27a55ea524b794c07daa40d98f2a483b2dda,train,True
195,5aa9d629543966dffd4269beba591ba7e25f245b146266dbcf6e054758e35928,final,True
196,e3c00f05c72ae3539d5503bdc348481420ebf44f78f923b1a735e361d64571a1,selection,True
197,13fd1ad332a7fa51e968658285f4fca69255a90f23ee4960091507b2ef2f7710,final,True
198,9f955877f90dca2a3ffc04355022e8fa5c0e7d68f16a31b48b191465764d6dba,train,True
199,9e2b8d6b7a78f1c768b1f14475153d06fdb237ec689f76372db5d07ac036accb,selection,True
200,a53af44031b6fd3d66748af459a0b4a77914b8c7e231540c0a72ee503902dd2b,train,True
201,ae40b7edc582a5e4b0baadfe1c4280b3ca77e5f4d4ac5736756939058981d78e,train,True
202,83da587a875dea78c3c2e342b56c69b8359e5b69092c38922b7784a76ac4c1e4,final,True
203,cab462b3f47ece20c9e1474092b454ac5ba11994d7e12bae1d440fac03ff4718,train,True
204,23ecdcd0a078e68b499fcacd8d87905ef96115fdb1e604592879e1f208dda630,final,True
205,ff5bf6d11d5956d35eb92d7483628271b2b899aca1c11b293a18d7a5e9fe97f0,final,True
206,2c502f8223e8232d988d5848e129590bff498a09cba77e2b3710a1f4ce25d471,train,True
207,aad4b7b02b819ba6ea3342dbb6e57ba7a3041e0bb2d0bb9bef207e0a1f13121c,train,True
208,0ce308dc7a9f0fbeec5db2e680d9c497c9ccdb6d1b300e6b7cffb0d8a0edd279,train,True
209,d853671abf2166c09dc5cbdd007ac2285212904cbe6c65b5ffbbe6dfb4110bd4,train,True
210,adef9d5e5abcae2254c4928808d40e1d6336e6d4cac9d33e9bf6009c6332c956,selection,True
211,9491132e97a34c0fc18e75de1c8f32c69a3aa35b0510dea9ceb341f972cdd4d6,final,True
212,0cb42b0bc7e8087ea0e23c797ddae5a69dcdcd0163d34f4fba124ca8b41fc785,selection,True
213,8ac83cfe67d253cfb1a2b52c641e85837eed523bdca0582b94dd54763d4aaa50,final,True
214,31fb041d642540fb37f3b601e804c972b44e996df89482eed281e263c6975df1,train,True
215,41cd8da381dc74b202632cb07662c7360fe819fa9bd07ac1762de2857106fb13,train,True
216,6545d32365932fde3207d6c8faacef3007c0bb69016cb03dc4cac5248daacc66,train,True
217,3d54307a804e5d75ef87c6ecac9571e273a3f6177b3427c19b650944d97f32ee,selection,True
218,2cc6ee9d02513cfbde071bd93aa3484272db162268e903aa6bf13d8616c131e4,final,True
219,c97863a801433391211779cd57f561a8c22dac9b021d8565d0d34dab84d6ed53,selection,True
220,2b8b9980471bc3b0c712f831f220398bd97ba3d568ddd58e5425a083320e4267,train,True
221,13e425f4633e8a889a8deac2bb5ad7ec16f7263e09817bb3131e99417089623d,selection,True
222,aadb341ee847703baabf236e4754914effc07912b79e3c104c2d3b6678e031be,train,True
223,27d1a6a6279f4411a511ec004f26d5a7165048f1b82cb0652c8a16be23ef300f,final,True
224,dec22f120f641f1df6b15cebb89b6423040d45b6d065b0c6c2ba4ba5b0dc471b,train,True
225,d2850dc86e5bd73b31bbdb2153f2b72390d891d070d5f53c533824a78e5421db,final,True
226,1b94b23e41abfb59504024460fc2f849a8f6f8a3955d7a0297337aecf144dbd7,train,True
227,e5cd9424bbfe4a221b1f4b1d77ef37a3886004087141dd9663dc11151690c0e8,train,True
228,30bdf75dd459f42298d2ae64b5c240e066ac6e183a011b1bf2f08b674f57975b,train,True
229,1da6a86055612acbfb6c1b8b9a0bb7294da1cac16442f4efb81c43f99d6ec144,selection,True
230,a164bc98479716ef59bf6fe4e66adf82c8f0876b907b511a19814d073f1c82f4,final,True
231,befb70b2cd26d779224d1090eb466e4996506e56dc06cecb0d011f42fa93921b,train,True
232,f8e6d616075c28490dfd9fe0567e26e7fff53e04f0eceb2058dd9c1d420bddeb,train,True
233,52d60919d1a1d636763da88dc4aa946748a17f69a4006c68641fc729c32faa5f,train,True
234,3b5f6c7cc6a785b4e8ce70212998cbae01da4ab52e08f018d22cfb3424057c9c,train,True
235,dce1936261f5c03c573ec1f684dab5bf32da706d184c65787c8ee459b9fb9925,train,True
236,1d60a10826403f369f7162d909db47ece73bf4d1ce4185c68f71391bf1bda5a4,train,True
237,d94e6021c1c9b5352bf96669870b2b576379a81d4835d905130add829ea6fa55,final,True
238,9a2b3ac2108f40ffc592bec983905ff2d4e876175ef219aed6c29e62986ff72a,train,True
239,a692527feac359a82faf0837319f39b30d5198a43b3c94672fdd23cef76f33e0,train,True
240,82197c8d5273698aab0779622cebbe938bb1a4a8adfe214ffa21c6c77d7cfebd,selection,True
241,39ad16a53cdbd1e8628e3b12fb746d739624e65a6a3aed5bf2ae3f8ad17f543f,train,True
242,92e149d98ee01315f3bdc01c7388ddeb4be35118614d83df6766702136ac746f,train,True
243,2b509f304811f1b672aeee7f329729468e40eadcfb4d90cee9c7f294fd297aa1,final,True
244,5d46b92129dae8bdcf22741b5a8242fbd651b6dd641cc07729fa15ee1183e5df,train,True
245,49f78cf4812cec2567011f5d2f534870ab9d34c47e51951bc0984298ced82b2e,selection,True
246,83fb5c4696e25d4698f1ec80933160e977571dce1c69e450e2b386d13833d973,selection,True
247,811a018fc9f673d1239e377580d4ce66cb8ff2a4b0b07e5e40786032393ae3e2,train,True
248,4df90c8f794eb72784a538f77d37c167d9d0d34380fb2ca9fe0d4f1cee17c18d,train,True
249,b968a8a55c24fa099a538e8452bebaffa5f600fdd95ddab8851793045b342cff,selection,True
250,289a92c132e167da097e99f87c0bf63f62bf6a6ccc98915d398f1b30f24758b2,final,True
251,6381d774f7f280d46cf8cde3ac6a5ff72736306f0c344f2aecaa6d0764493a33,final,True
252,d293771352e8d00edbae48505bbc05937065b0bf666862009c043e1dba1994ee,final,True
253,165bc0224417b6c5ac884aa05aa285152372ba231a551afa4e9841ab51d1daf7,train,True
254,e165941b8509486ebb6e3a03d9b7f418ab9cd9bb78b79bb8d5c6bed59b18f2d6,final,True
255,b8d6c8730701fda928550e3c60af14bb3b85bafdde16ee934998cb268340e40e,selection,True
256,68c414c0b18d97147b94fd736da42e3fa6ccea95935f3f5991753d3296e204ce,final,True
257,0ceec9af6c0dc8c9e34507dda7ba2c00cbc68696eea7f0d758baf91b0e5aa40c,selection,True
258,44b9696a9ebdaa3e38a478269101f3e427e147078fb76cc10ac3047e49ef1f6c,train,True
259,bdfa2be7f393b442d7405aa331fc6900af79bf69286ec0a97f871dfee5bae319,train,True
260,94b3c80ae1ad5794f0895a61d16de0dc9b24d3cd2bdaa0d1c1b08330dff5c143,train,True
261,97392e25924af5d5fad991e62325d7335a16870eab1e605d05a42f8dca7c10d5,train,True
262,cf582126e85fd9b5865f44551a4e88befdd589d84d2691be99d7ef5d44072f65,final,True
263,d84abf91369cff1a02cebaa27cca670629a6520861bc7c0bc725b67e7e905b30,final,True
264,48cf329322f955acab0417f2d959f93b3824be8a82134c7bfa6acd01369b6b73,train,True
265,5a2d71fd1e00dc50c355f690abcbcad9fa6b73f20364bec99af0e30aaafccd86,train,True
266,5e6a22c15f67c0ebb102d2bcee44b808f79a38518d8b7dc2892d536a5dc5a3e7,train,True
267,73346a9328d8d3a13bddd54910a542f271b7d77ca9de848c80f9c5e0890ce678,final,True
268,17d47e74b6e90f5ddf142dd10039ea2102fa54ec94c89a09981c2dbb0c681ff1,train,True
269,5d510300b74b0d98881276388d51e9cc22b03198b520ddca2ab2305aa2c5845b,train,True
270,78847d558d6c7d66d0b45bbc540f61698428d076e377ccdd268c026b236e8abf,final,True
271,031624a5fcf06a14c6696046e73f11e7c2856cc43e634532e3f7bb4745bff15c,final,True
272,7e1c36bb087d5fbc776892aedebe72e8d3e2b9c6a6bbbbbaf477a608a7e2fe52,train,True
273,6c6cf8fc87aa3bcd00710b7790d20426780e262c0ef8b12175147b4d85724637,train,True
274,410ae0973fa77c8406333ce0bb7a7f76a61942600766b33c79891746c69754ff,train,True
275,50afc990674aa72470c2dade705f8a2aafa9cbd89fad1f23ef2253364348dee8,final,True
276,120b3b17158eeb4de01ae42df0519155b379f1c1e63e7d4fcaa86abb78844bba,train,True
277,08a380bd32cee5f9a6d342b53c9554f74a2701ae35d18213c11c6a5008b2b179,final,True
278,e074de8b7bfee9be94ceac35d24ef2261bc9a27304565fe2425a43a8e7952256,train,True
279,0851da1ee2e2a62b63f03ead0d5651160ab4180a087568bf30c876b2c0d57205,train,True
280,0273c543fb349296c055744fffc69b87e12be354efb9c643729e2055c95c12d7,final,True
281,08339d50192da1e00951b71d17020eee5a87df7b2fa9d9c30b72c2beb13efc3f,train,True
282,7255ba1468953b5d19a1b1566abd004b3c16f11b7174f9c793e7c0cef7095f70,selection,True
283,ff17ad6e3c4ab451af69d1c1000c76a05bf6ac3a3c4f24eab3abf2bf9880d11f,train,True
284,905f4bb6a6b752ec4038a3bea814c41a9b015104d66e4b650d6f33f9e404b6b6,train,True
285,9ce8654bf6b0920259154c054266c83ffb3995c2d3486084c86ceca254761b41,selection,True
286,53712012b804ff5c2ecec8bb5641813939c5d3afd7cff17b7385abc8b2e6a500,train,True
287,8a3defb4af90e8ce11ff37ebf7b9b0ae60790ac6a1763c10d9049e3b981d1c0a,train,True
288,72a6f881dd81e12112c32858e44133d795d9e81289e32bd1e699f6c7adceffae,final,True
289,100759f365b4b42e3bf2f0e6e502e108de85b6cbf45b9e41512b27cf23abde0f,train,True
290,f1a2c8c8cf0d6e494021beea4da28a6e8a9644a990daa9b4ddade216b645bf33,final,True
291,e0a1558283902acc7563092aa19590b2083bf331ee6ef66070dedfc52e262d9a,selection,True
292,d0029e877f95ca6e68d6d784a9e953fcc974dd6008542a6af49d7c1d51337466,train,True
293,8bcfe604c9881c488c04786cec085d2b642ee1ba3608839ef285e39c3499e6ec,selection,True
294,67c1ca3f3252136a188a61b44f07770c65f557ebb2ef478cedbd004e5aa4929b,selection,True
295,3faf2a487d89663abf37297b57fd450d4c538e5c0b523bfa54f12d07e0628b4e,train,True
296,6d9c337b8918096744b8dc3bd7ddca7e6f876a2d4b42dd5009a26c883d58e356,train,True
297,0e43527e44bb3f9a18e1051d21ce41e792799b5e7f5f0872bc6566a39d1f4da8,train,True
298,9823c440c93c0ba938c0647aff8a2cdbbaf36b33eebcdfd98e6e47bcf3b8ea47,final,True
299,a03ca89bf91b5ce2eb9ae0799763238f26b24aa58ea7d2ab49edd03fad043f05,train,True
300,c9213747aaa5c6ea08231f8066b113b3df15524db7f54aaf3620f2868e202f13,train,True
301,5bab05397d42b9961d9d2a9478170885d0d7524032c9da8431d313976c3ca589,train,True
302,33b159275f4630fbda4c5ffb2c02d43765f1a4db0b845fcee874971c75d80d43,train,True
303,a1ecbe235b7ff6bf19e0a68faf5a43a5ee9636a2775db05480348af166dd1009,selection,True
304,374c7435fc45229db0ca84e88af71c6d0f33fa2bdee876780c91b45fa4644782,selection,True
305,fa3cc07ed67cd949fc3d3da0092239f815c0bae837e1e550192a69f4ce3569d2,train,True
306,fa841e265f40285332e3e9f18a048b349c64f0d4ff69d59431f74f2a6b956f03,train,True
307,022e003ee276121f8e944964e425b410e15e5d0b6b8d6fa667cc66bc1c7355d7,selection,True
308,f686b4a264e585b8005f66054cda5d672b797a9f9a7837deb68e3c1fc8135493,train,True
309,399ecb7d57935dd2b8b402dd3ba32ade5bc1a62d5377dc92fda64b9eb1ec62b7,selection,True
310,3a0048d6f06dc6c16bdff3acceb0828bb580dac09c04910f3a613280978a9a02,train,True
311,bcf9cb7fe6469a890ed2b9309e06bec0845ec72875352c01e3cd62b67993fd83,train,True
312,d3f1990a224b30c8cb8bfa2b2be3da66f6a03087d0c39ce361752683749d0d8e,selection,True
313,67a3feae46376b211e3d59e0a6da45cae7131c013b0ad25e0430d8701a58fdd9,train,True
314,26b8f6c3342a2738f864e1078da641e1ffa80a9777d687b7c698e0c8af7997da,selection,True
315,027a45b6a4c8e8bd03d185188aa8b9f6e75f1c9bd2aee92187a027dc4d5447ed,train,True
316,e12d68c1c4177e2f96a71c55895ae4d77464c6b3e4065334d9a3e7f37fcc4b0b,train,True
317,d55733bd8e18c9e3c4f606b5a932b0b34b3d24775d88da8a81cf1e79846e9390,selection,True
318,365b0b3400ad02c64dcee4e7a8f88aac8265dd29382182ca2f56de84f97f1c00,train,True
319,33afba37b07dd2f65a05c037da37c8a9d3a2c58e3f3486d75af3c677401fe08e,train,True
320,9c89ea85b79fafd583a6fd62f5914eb64bc4bf2370f8fcc994ec84f8905ce096,train,True
321,c336f63f76c29e775ebfe78b22c16f99744b4846031fb1c09bb1259dbc49c607,final,True
322,25c5136b3d66280a2c96602e6eec0b93c464330e1d5ca34e7490ea67d182bcb2,train,True
323,c071d693e908408c20004e0d2ec87dc3bb137f47493bc4f2339f1a5c4d867557,final,True
324,7f5126ac776bfbb3b5767d8ef9d52786d437a7331f9ae63b4905a0c71fdb5602,selection,True
325,d93c4e2b8ad1c829d56d6fb23b307414028fd361b6c742771a81ef57a7b4deb0,train,True
326,0a739e5843ba3414dcd252ec080c67f5ad94d10ce9ab950423a978cd1b6a3459,train,True
327,15053c8d6900ec6251956d00c1d6d9b4fb02613be023fe3ed4d78648fe29f56f,train,True
328,3656c5fba3bea5a69f7bf006a80b7cce44b26584758f46f2957c69a3e31fee1f,train,True
329,62d885ffe453c3d4ccbb38dd3b765f0e9febb40d63929719b587e4842fc0b986,train,True
330,9a2b6e63b8e28560e5a597064e271e0564797b47fcecc4fdf982ae492f7d974a,train,True
331,3265fa41a4825e87bb820393b7c287fde0b20bb5a25afdcee7fc97534fc2ddd8,train,True
332,7eb0f1ccf96f34eea210bdf1f3882bb94e7dc4e3b950f618b63b6c33bf2d9a04,train,True
333,2a3561959bd340e6580b9587cfcfb208bcc07133c448b9cca6c3c01ea71a8a88,train,True
334,cb9cad563c698633aef074916c0788866f1d71e81e70e9f2bb9aca53121fced0,final,True
335,5e11524009149c9b29be8d9301e9f18ebd605cc89e92915f809194ae8b94dcef,train,True
336,097cda56ac66d6c4a82797cff759ed789e5ec953ce4ab8e192ce8219af67d7dc,train,True
337,8b5d640447056638a3f5b39bebc184c58fc33c687ceab0860599fbdd405edd3c,train,True
338,8a87488b5e31330a1772eaf80180293821737ed2ec7922a9cd27e7692bd3f359,train,True
339,23f154934b64999ae131a768a479d1331044741be9bce13f43233e2922f026ae,train,True
340,e5d3dd422f2a8cd5b88de396e3d97a4e2270a80270d9987d62dd8bdf5f2f036e,selection,True
341,cf7791916c0cdf570533a04200cd2e9798c0e9c9d488f1c5363c7532dccc7d6e,train,True
342,6b69b08bb2b430c97cb49a78cb95741b0e6b46cea43c16d615d1cb7f08e811d6,train,True
343,73604a69aedcdac84540fe76ba066634b10dc49a4e5828e70510a731af7103db,train,True
344,2a8836e12087ccc2478b1a9a66f54ca815107f6b39b613f06eec23b02e116071,train,True
345,2da72629c807d1e203fb782f0ccce767f49c4b098804f6ddfaf4e89182cd278b,selection,True
346,865a16d539abb86392f331ace9c02a6bceeafb185e6646b075db254ff32726ed,final,True
347,fab0b431871f41983f971ca6df7b425f077f1520f44ce5bbb710f151175aa17d,selection,True
348,333023d19a4a8ae19c89ccaba1c2cf62305954954e90005b93d1b87d699d9c5c,train,True
349,501319df255cd349f1b953f8d457e476cb8d0049c169db0d6805d4feb44185c6,final,True
350,fafeef699f911f35a17fb111ffc12dfc0fdb452236d8671e12d82c95333e35ba,train,True
351,09019420b03531d4a57e5ac8b7c23181df09050c348b7a9ab8318ef1a305fb05,train,True
352,6e106b3c1e5b881ce55237fd0323d8d049cb4622fd750af2cf7526a8204bc905,train,True
353,4ffadba38ae4c1abfb3b188edac310d82d0125ae14b0cc686b665287248b05eb,train,True
354,6b2a47048e9690b9ae3b9635dbacd69531da5dfd332c60185f5f8228eaf3345c,train,True
355,8c6a68f1fbf3c900f85f89e5ae6735b93d2f3f25b5262de0f5cda1fb023280b3,selection,True
356,4f4fd7784927561197f9c7308071f56062c960f66d90fe1f3f741eef037535d7,train,True
357,d7827e5e8f6ed2801ab0d03555e94ec3c2fa4ef133454b93594613cf8d092a63,selection,True
358,2a7fae90f2fd5e66ccf6f4629bd205ad35ed3ab5782094a73db699c17c08938f,train,True
359,e6b6242b3367f7a9b6237d6e40b6cedde1ae2e0d1ab6771561f4405566625e82,train,True
360,222f5e772fe5665e666ab1515de562a3932bef53197546bdbc0b0aa3d1a35114,selection,True
361,84675c802d5d01fbf175c452830fab27783b8f467831d8a1263896517413cde7,train,True
362,ecbb8a5a1a5806bca449b8bec979a23c00ecba2c6c5eb008d521eff0a3054043,train,True
363,9db9a5e445366449319dc22a7a4426a1c813ad7eeb6b6873fad8d653c608721f,train,True
364,b59b3972425e9fb9bc3c34a0beb55f950a67bb07d8250884052a54d2ee995614,train,True
365,04cc53e8ffcd199f7a67e386395b5ebc4ead53afd8980c4f9c27dbd83b6091ea,final,True
366,8e3efccefa091108b6e9d154cdf2fe064c09004d29281a65dd2628dc52640a95,train,True
367,7f8732e16ee7fe77c2d27e326da93476b82c86e357247f50e47347e7cde264ba,train,True
368,363f4b06b90555c53832031aea130d7504e0a974b5d8fe403a48a56cd2c95266,train,True
369,dd7e2bfd967c01904c164ddc64b79be7e121cd574d51d508a5f432a380dda7f1,selection,True
370,be83c2b01107e3e67cd62f0cf80e8a319664b906a509376b42c24c94c9da823a,train,True
371,009180627ec8bedd0a0c8bdfdf03788a47a0f54562d9f3dcc88abe41baba9f26,train,True
372,43c4f98112c23ee522958cbb12c030857ca317ded41bb79bd5a4f9f2da502444,train,True
373,697194190dc23405595c2554d8ac333c2fba7011a4de7bd194ddaee2de45f6ae,train,True
374,5e059ccd58eaaac584b35850c5b54d6163502f84ae4172a7654343bca67ba6f4,train,True
375,e0d877a53e201c11c689287248d19cb9f51d4b040a8e608cc9976f7b90233a07,selection,True
376,5a420da907a31e758bf7b734fea32b6dd07af10f9c4fe9f893038f4cec5897bc,train,True
377,b4747bec34bb479b95ac1a9e34f6683828563d502d4ca8e642517be96138a588,selection,True
378,df554ad52f6e721b92e0b17d636d21aea593d112ac7c4d1710a5204f629c7103,selection,True
379,1925c2d4c5bc16b2e53f069c1d16d0d0e7ae9b208503df18e24849757738452c,train,True
380,35a2856b763406b29baae619a029b0aa9e0e77c1dda72b6df92f833622df9c39,train,True
381,a0d60c0cd89c2ce8cc9f59da3145a46faf6f49d2af172b1f32fd84e1b4a7221e,train,True
382,8af9d9b4607abea14f8672dd595e85d92ed5e205d4a8a2683a1c7cac3f9fdeed,train,True
383,076c01e1ef1c255239d53c4bf2ee9e84269742778fa5800ca0da145aaf495671,final,True
384,ba4adf580982beb3b6e3241768cbdb10695e79ff13c226c8cd4befe840c597fc,final,True
385,4a9fe8ee1dec88bf859974d3480a4134b1f5945d7857845ebf4643032625b11f,final,True
386,bb006866b5eaf78471571a741c84b89135d8791b6b6bc0d3da82e80f0cdb31e5,train,True
387,056e29a70f53598535a5deba579806d644719a583c236156361904b682fb2cf0,train,True
388,8459a34695a342797643cf0eb61675ee7e811540aca6c526be0de91d11e18d5f,train,True
389,c38f47b1656e5643a4b33cee4a7e4349f0bde83ac7345e1dc9d565a72a14dd46,final,True
390,0219b3f89ac8228d6ac0c81f821b608ea1b170146174aaa7bd556db39932fc38,final,True
391,d41ff3f526e4f137dc6c170af919000d24af5acd1b0e5a3ca857acd31936a379,train,True
392,7de742d52eb52326c32fac11e49541213d39a4fb8a9d6e9f653529c5ed2dd71b,final,True
393,9de841f58d065121789e12a2cb61f20ac5233904666509728c7fbc97579cc65f,train,True
394,60a544855cc46e1067288ee98d870dc78cd3c22bf8238bc7649bb402584c76d7,train,True
395,100ab5d466dd2ebe640e9664a4c92d4738e789a1b854bceb9f98377353239966,selection,True
396,4bbbaf78ddd1ca55ec9695238dd7d5482797133e8016ac451ac0b876fbee57e7,selection,True
397,e14a1a284a88996c98e106203cc4444a5e8ec8b0bbcf599f55535ebec329daf6,selection,True
398,51eb4d35c1de5a9532bd8475c3b88b0d745e0028f2672553052410c2c4de0977,train,True
399,aa08825cba614836423441105e047ded1b6d2c85d6e447a02c222a5f6c589ac0,final,True
400,1be7e49d2ca9b8ef49a86a833b4bc6cfcc9d476e77916b949afdcf9d1a595faf,final,True
401,256fecbf174ab8001ec7b1e115d1f234c5bf8253408792709403a4e8b87a3899,train,True
402,80532e8804165c58b677767d5095be0195d17071b4c356b634f1433aaa07ca68,train,True
403,eb464ae5e5ff2ead1d3b947e8774ec5356611c289f1caf378068b1c1b9c5846a,train,True
404,218cef03c84917daf3461e57f3b6c9f0edcc6137c66d129bdf23cc43e0d8dafa,train,True
405,f9253e944924a60752bdecc85c636cb26c6eb1b9fb196da59774f56d586f89e3,selection,True
406,b78401142a1f0ebfc9b050e3ffb4c5cfcac734ce3e6933648e518923f132f992,final,True
407,3a5a1094917073554561f3bc8fb5409f7058202c1a9a8c26395c35d436330bb4,train,True
408,16a62687370419d95d76e09a6008da5aa826d8391ed88fdd3701ceb062f6f688,train,True
409,d50cbc5cb14f99eef980de4441df75a72f60e8a5eec90ca494f58bd70f212690,selection,True
410,797edae87fa3b8220a59dfd06dcfa4a6cbd4745f29f78d9bced19fa1f42736f8,selection,True
411,255143d100e662144a48e3ac64634e3d6542da788ff825656c4caca2ade15a05,train,True
412,7d206680dcef35bcf757a343596821ba28500067d65254bad20562e256facd7f,selection,True
413,eac64f276572845b41fd925dbc45e3e078c15a904262f2bc52099b15461a9176,train,True
414,08628b58131a423dbaf9a1f8349fc8181d4982efd5c350ac08afbcfa1867948b,train,True
415,33b7120d38e4d2f5035623d45a2a32b4d02676ba1770d4012788556c1779b620,train,True
416,8c47c78639e7f152e5d14729c1f18e51080aeaf141a6981d0987b710c2e9ebd6,selection,True
417,bfb101041166d17dbcc89a59f361d54654675aff8ee9d1f4024b6a69d8639ae7,train,True
418,986a1a578ff1b28727289cc3ac0e7e0cfba09f714055dfd58766aa5f58113f9e,train,True
419,5e8c23d9c6e41414a7c7a139ff81a3e6c6d36570387b762e52f6a23e48c5b536,train,True
420,235712d626978fc94a0c4cd6a442576402b4ced17e04d72e6b843d00aaf901db,train,True
421,28a1607200857fb3d31c4a69d136c993163cd26e4990e1b3e2c9a88372ccc9ff,train,True
422,ba64dd793448a4529b176f8de96f5bef439e0f70c4be38b082f820f304be577c,train,True
423,4a7e386c7fcd442b2e976f055f0b046c81561e6254ecb8480a1aa09470166e2a,train,True
424,4565b1b9278deb0880df904138b9573a43505ad285abe67f03fbe6cce486d754,train,True
425,b98089bb3c161e756117467c12857aa48c2958c45d8a5f9023efa02a9976eada,train,True
426,54be246e65d86e09f6e36ea41aefea27e0dca5f7dd5b43c8055fc43aeaf8066f,selection,True
427,a05ff4aa7170ade8d14a0c36232ea29a8455ed85f07d8a365951a6f74e762667,train,True
428,5ccc1b694862c0ca8f6de017394c8b23bfc50fe07c7943b439d533fb89e67cba,train,True
429,fdb7897a8f5d8b0ff866db59f8114055642b9ae009207f38a7c8b410662651e9,final,True
430,98a7c7c8b7ef9237d0eb78aecb07b751eb507a0b9daa396a3c82f174672c6582,selection,True
431,ccb8a133b6eb39847ee116dccace899ec726eff76ec43980240c9ed8b4f14b9c,selection,True
432,ec132a7ef5d269da60a0adf3f5148d03f4cac98273579b994370fc951284f4e1,selection,True
433,d63e0a11e22f0cdb3810b205133ef1fa4b60e31efa81ca77c5fbc68f967324cb,final,True
434,b738a24943a8d2530cd7a66378b48ad123bb1843c7053ffda272f9588b4d93a6,final,True
435,6dfe4aa1c5a73d5095c38b80de478b2c8959bcd276f5c6823c09a365c314b4b5,train,True
436,23ecbe314d4618702e11af42c204369f8e6f5f3b3973e7c4f4ac6deb0278b583,train,True
437,c4e260bb29baa2c356ed0644d4b6780c70cf280bf48bb4161347b94c87b1832e,train,True
438,8f01ab772a5a97cec59ed5a56cdf799731b02fe2da81522a0ab8b5f6dfc40aee,selection,True
439,95c08aa22b56365f6c61a3ced886e3b86dbe08ba4aed125236c240c3e3a699f0,train,True
440,632d522cf452178d7ecabbc82d4f0df35760f7443d29a05e78f76c48fadab3ff,selection,True
441,e33a7d23763b648f654b02611d19fe48c48d4560897df245091f6423744ca398,train,True
442,a48251581bdc0a868af5344a355d1af465a8631a283a8802b346086b662f07df,train,True
443,f3d148fbf5a6c92259a1d2cbd4782f6e6502baeea4fae1a72c89e8e16fa0a9f0,train,True
444,2f9056db81aebe65f168aa5d0b31b5e5406298f7d171070b1f6bcdc13e135c42,selection,True
445,edc87a4b6a90e13be3db2106b1898de774a301aa0f1cd3402b02173cee417b1e,final,True
446,773d64858240996460d168f09bd8a7d8a057c1c5404a7b19a732075ec5917c23,train,True
447,c4c6f49c572dff5026b1315af73ab429383e852f388925980a54136c143e7273,selection,True
448,77def4cd9514fd4848bf6e1bcc15482e5d3f7e6d8a613bca819b3c2a35be2e26,train,True
449,4a7e17044f261859e0b6cdbe261ef8453bae915cb6682256f160b827d23509f0,train,True
450,f4ab870335f8e31e316b4c75a241f3bf159f83f503e8fba3258b576c277a74f8,train,True
451,281b037975db465f6053b4e7ae5c6f00c3c01206569911718c26864fcece3170,train,True
452,b4fed49e1488ca4351af8aa7022ed79c89e6f0e010bde3ea4a9d56cfa6ca913a,train,True
453,033803eba79b03e2a0809aa5b5f0721795cf47ad77ec95736e06249e0b5c932a,train,True
454,a25cfe426e4a47c92544ff7e843ce4ec686b98d3e05bbaa5233aff6a408b8bb5,selection,True
455,e68eaae3ca173fef4a8e86927aa66a027a4a9c63fec32a563ac1359fa15106a1,final,True
456,6ce2156380a28d1b36abefd418122ec9fe148c1d7980d0adc89bd32d67f3f80b,train,True
457,7bf0f545e3d0befc2234a8400bbebf7f53dd23395f0058a53047e6caab9a5423,train,True
458,01a975c3e1f1db6ef91a74f84a2b3a604011305d42c56c3ce72ceac926832be9,selection,True
459,26f098fbaf5e94d9b75ae58386901e89e44e6cd8aa12caf56aa87405169a852b,selection,True
460,e28b470eb5cab153e3c3788bb1e9d7ec59c3bd05951491857480fd46d87d2fdd,train,True
461,d8a0c668291d0ed67930c9d3a7e2ab20f2dc30a1f958203e1e0c544e3da3433e,final,True
462,69fc41573b2045be8810077bc67f552f706762b4f040954074e64441ead90964,train,True
463,9b70052e5e64f66ba8f5733dfc507f705be24934b1a0ebfc4a2813c5112a7cd2,train,True
464,12591f299c5dfa94c528f98997cf0a4425b7c815d9c6df1d6f82172222798844,train,True
465,395a1e043c92e510eb7ec6416178bdb4457bbed09e078435d2a1a6a04a5f9374,train,True
466,2c241dbba0631f43a7e98b15dfd109f91d4350c53517eab1dd46a5e1a2a65a41,train,True
467,9a3952313d5739b186fdf9cc2bb5eab535d443f7f48a6f43d28332b0a76d7c96,train,True
468,91869563e86fc687cdb5f8c0ab4df5918b6324339e0c26c83576f7dea1ce3a95,selection,True
469,1bc7b30d62e2d2cd979b4347240737e442b531b84f882f5a1256da45fac41963,train,True
470,4ec3feead9401d18c937d1171e7e088ab47a91dd6dc6c9d7b199c4298291eba0,train,True
471,7cdddcab3cbc284721eff07b533de029a38e02cd5d82fc461d8a63dae39b45f4,train,True
472,24df575d90bcabaf9a319cabcce347fd9fd0c368410d0eefcbb2b05c448e98b2,final,True
473,8f2326e99138cc46ffdf883c50f8ca36d199ee5de71687c9f8a8716c44b17a8d,selection,True
474,f6c3a9b91617a6687839deadf4b540cc811348e3f31a042f4c76b0d9d290cf0f,train,True
475,445e04062075ed0e36d215973c4d630aa9c8161f669cb75fe5033a0c1d5f8339,train,True
476,66cb35dd9384679ba1ad8bc5bee96bb74e9bcb433ccb94b5876909e079bdf5da,train,True
477,ee0275060d441e242ff88b4b4114a48c3ad5e0762fc20f528f59ed29d324f2c3,train,True
478,f50c9b2f02ad4c459f8666808bd732d9c968844bb66647e48b387fc300a46b89,final,True
479,3223e24929b2fda4d0f625163bfdcf1b51a634985dc6e61a44045f0c5352ed59,train,True
480,d2ff16803afc483889466fbd7e2dfdb97fcccd4ca2b9778db6db9814d0b58db2,train,True
481,39225b4c110f838acbeaa25eaaf2d0a9e6ce200f1705c3072fb78588e0779ee8,train,True
482,d9518496fa26a31991e05e91db5ac96a29e8f3b3f0fc1ad69cceeabc38fe8a5e,train,True
483,1221c1bbbdef34861d47ddcf5831aff3036d7476170a6c7c8d235d1389be875f,train,True
484,defd340699a7d328753b0c3e85e4302fbc6e9001ffa5f8d352b5985adc98f17b,final,True
485,13ed75918048521feb77c2da1329ddc450a3496e8dde13416fb50f14ebd7f7ed,train,True
486,4fc5ce457cd8050f9c577329c5a7c276dc75b9853edbae5dcabc766a1eee19a9,train,True
487,f36dd2255fc4a63cc2777b311b064062d00ef3765597cab4db2da795b2ce2317,train,True
488,6462c571799be7ebf80bce412805c78007c67ec721965bfdb8f77508e8dd6d32,selection,True
489,824be664e12c9153c0e1a2ff9354f9f8d9d4d68e19655d15c6059f6232e94713,train,True
490,c55a3e47645464868101f075fb677db522a689afd2b50ac3938ed3151d8f5009,final,True
491,aca7579478b2c86bb7dc98638bd12b66727b9d62f50fec2e6565a3df614d8cef,train,True
492,7ace12c54668c8e50f1a919b0e13b99c27629cfd799282295f4940996682339d,train,True
493,87da946287fd26aafe1dc22a2d5f54f6861bf10961e4417b826fc0254f5862a2,selection,True
494,4f9d9cf483b1924a9946115959aa4dea33016913e2a904e8daf5384832c95de7,train,True
495,e0768990e2a859de3920fc7ba67bfb0a1ed9577599708a6cc3447694bc872b4b,train,True
496,76ee2a47916563b80eb27cfaff4940aaa17e3e77101afe35a15e151e191b763c,train,True
497,9c8295eca1e516f8fb7ad80d8bec05e26af074f64257544cd00f5fe9cfe60c8e,final,True
498,ea6ddeb117447edbbb38290eff143719fc0cce6490bbc89397e5f05e450af614,final,True
499,42c1499b8a305ea3d609e1410e7c75ba2884008a80d0e3a8f6a048f1c91c7118,final,True
500,2f14efcadd12889921f71637ad81000fc81e4b77c6267671951a4b78c6df404b,train,True
501,84d318e60cfb13de2889d75a0d03ea6ce2e1e5933950fca575378233d4b191ad,selection,True
502,e2456d8a611fd37a8f207c2ce0a38fe33595fb3bb9b09d17421007b7e7476cec,final,True
503,20e175b8b4505c08a0c6d9f41d0caa9f7b06d2c4d71ed5b318be3a30f4e290e0,train,True
504,1db154ea99a410fa347b8f205ea778de8eb6dde17abd7b76fc13e48aee13dc9e,selection,True
505,3cb6af59a7928ac945253fd18d631abe4bfe3d17259dcdd9d5e4ff5531af152b,train,True
506,8968fdebd67496a4d164929a1f21c197f749295aa03b4c855c9c1604aeb3fd21,train,True
507,752f7d4821dd267e63f2eddec9716d03e64620985e0a62cc99fcdca80b359992,train,True
508,2a57c6cb54748005a24c5d6dbc8f4af0aa49d9b8aa48e58f41b2b41c3d1df1c4,selection,True
509,7776f4233b30413bda86372d41c74dd8e4542263d4dfffa39b1d80b35a615e4d,final,True
510,a042a2d7cd59c48735bebc02412bf28d032bd8ecc1f2bf8cd0d435562ff5d59d,final,True
511,0022fcd666417b52593360557b4f4f6244df3b94a57fab0a28adb3f694a65bf4,final,True
512,9940e7e017bceaf98468eecc08ed50c8ad66692b1755f9edd88376a3e6583484,final,True
513,c62c0e11b06e82d658ad1d0370a8066cbaa08dd4cda9c9aedfe7a691d1592660,train,True
514,65b6d5a945f8602116a221836d4a9c73f35fc8f04ece8488c1793007aeca939a,final,True
515,291ac5256e9b70addac1bed76981c5f2176fe38b77b910152eb4c4fa69f1ca8f,train,True
516,58fdcff33ca68953b22f0588b70e34aa887fc641a6c9e6989d0b420a276d3f5c,train,True
517,d1412524f2c1ae881fed74cd79fbe2e4819610d45e4fb3cda7ad5bbeb0553f76,final,True
518,0f6f22ddd7e0299328d71183cc1529458f3776065cb12ed9c963aa5ef0433926,train,True
519,a9862bec22c25d262e8e374e4167f450e8fe1227759d99f02771ffd5372414fb,selection,True
520,d4874fef4c1d7cd82621c01ce193b7580caeca5ee532852fb351c5f5a8ec62b9,selection,True
521,5c3c3d807ab79392d8d5c326c34c996322ae4d62299131e654ddebcab1514501,selection,True
522,a562fad2596aed6d012a37703a581249f52601e9e23fb48f2db68db6b3da6806,train,True
523,e1a1c2039f18dfbaa9441df2a5d4d9be6082df9a82d8c25ac1eb2ded445d8133,selection,True
524,f90bfc8a4b916f3d62cc0097841378f5607874c837ff1bc41fb0cf486ed44978,train,True
525,5ef13d862e73ffeaea5572d5d5dd99bf83e3b7f026a44c4c27af0e4e82c44927,train,True
526,2dd3d6fcda16264bbaec3db6bfcd1a24f6fa724ebfa3407553cce41b872aac45,train,True
527,acfce5e312c43382991e039ca6af83048fc160a8162596ddb856e99dcc819ba8,train,True
528,6eb52ba4cadf7ef06f1f2caede60b914073a4cb5a975787eff9c23f4e75897b5,train,True
529,f2c9e844c243ea08fbed447721c0609140589f28562269a78368f4ba614e0aaa,final,True
530,47eb0aa9407ac98cec3ceb510d33ced42dabbb7a70733aa7fead44b4dbb81f9f,selection,True
531,86655fd964f98691fdcc5423f7a3a4d81c5b87065a15e1624e6a85d807a502f1,train,True
532,49d8565a9a648edc9c5c2e218f85e0b23633e57cbaf5a134dd5e7315e0c409c1,train,True
533,5e49d9310342d4bc811cf3e0a38f60cd08430c2eda80d967aeced9aeee43117d,selection,True
534,57c3343e359ee1dfb53a28ad59205aec6386bd0b24dae3b214936ecb83c902c3,train,True
535,db95b47bd76faf3518c2e9c6dda475ca60c634942703a4c0b3ff02f7e9b35100,train,True
536,1e18321b377472d1e09de20968e5d4afcceba9810f40788341baba6855e4c1f3,train,True
537,b34dd8340df3040890b5b73091c85541529b0405d49ce9c1abff2abd54c54a00,final,True
538,c825b9930e3bc7d0ecc05c737fb745da3ffad92df932c6e3bf4e106e2f4f496f,train,True
539,7f740d3deb9b1f3f6ac8022b827768beb2decb47d4a72ccc5dbd6fee8a0dc124,train,True
540,2b87e89853d8399f5e6bd88ced37b45b0cd4b7a1131d6e8568fc4bea51114f8a,train,True
541,cae137cec4e5f9af2d65d4cc1a48c837ea0ac0fe0bf3b15c8f97487297f26de6,train,True
542,61a0d318d52e1444877aa59a1a49da6536c4c50a314444a50a27c9c3d2c5de68,train,True
543,2718cf87dfcbea2afe07567bab38b76a012577fa219a5511f96616d124eeaf08,selection,True
544,1b9ce0e9aba1f390aff65374f6b48a90d51ed18c8629766e2fc8e7d6f7ea5f90,train,True
545,fcc12bf2555c04b912234b99adf8eeaeb65ace78b2ee081c9fd533af1c121b2a,selection,True
546,1658290339da252d06fb93fb717761998e0d964d3113d362b38eae66da433f39,train,True
547,ca79f0bcb99215acfb7ccd6e9ef25cefb60a0e869d191742f223ec1b10f726a4,train,True
548,d1bb4de819d265c797c10c571fd923aa260fd8c3856c2fb21f3b1f353ba28e16,train,True
549,fe93f2b1b5c9f2eb6dd5b4438d8ecfce26c19215420349dc9eac5785956298e3,train,True
550,691ec03771780fd49c300c59328d749a8dfd043abf2d11609cbd429e0aee0e82,train,True
551,58a41d1a985a9cafcb9f684e6b370f89f04bda805d730139c8d5d2aa55b194c5,train,True
552,a321906866f90666cf01fe25735dadbf1c15abd2d185135e5b680e345dd54b85,selection,True
553,f9bde795e519208a25562578566b7d50510dd29e273046a34ecfece4adfad65c,train,True
554,5e8e70a24b3e3d3902325aab5768468b2741a28eca8a9e71d8d5dbf27dbfa1d0,selection,True
555,556d018fa9a9133328f0871870fc1f28cfebef7b34e82a2436b04c0064d85d33,train,True
556,4e02d055a8ae4f178f4108db7fc34aa4d90899f4cb22d2c140688aea04ac8970,train,True
557,4bfb917f899e7c717757bed3959bcfdad1f67b53c71abcc78eab919e4b165ea5,train,True
558,330e31dbdc60f70952b8a7646137b514a90343cba64be14b543c4f637190cde1,train,True
559,72348db3dd9d504bcb1b27ef962c93d1972d87328aab7a73b547ac33cfde5cd0,final,True
560,9d97160d8f066f261ac2a6ba74627b803b2a71c0be6e1bfa8cf6836c4a6787f3,train,True
561,d0f3084ad21e090a1cdb06ba98c8d518efe1b2be10888690e2fa74040767a1a0,train,True
562,2685d12cd2aca6e238237fb5281ccb4c565ae13b00113c38d12b6f9a4af3002b,train,True
563,4010c76dc2a49c08918a9f0c4a1b22c2e367925058b63504e17ac6bb48782e87,final,True
564,bf592d7ed77746b1ca3b49f4c8d0e1656b9a04dd279e9e2ee730261a11300944,train,True
565,f8821cea6f60bb754f588e05d98b5b00b2879cb5828462a92d1c45eb64906e23,final,True
566,322592385447143f8104be0c31d51f6b5a7c7b87e4212047372ee6cf9c67b22f,train,True
567,228561bc9013baefe8fb0414fdd7970f604fb00f68326af35ec0052293ea3c0f,train,True
568,3975f88fe33f4a8f08501835e7210e67aed1ab198d6f14b2962ff87f61411aa8,selection,True
569,6ae39f004873ce37c764f04f9789a0fdc97aa092ca5d0a76bd4009f6c75a96c3,final,True
570,0095ff125d06465e9181b404dc02d5de4fd19b2749f3694893b520d5e91caf22,train,True
571,d805cb4323c35c89e1ab227d5aac261340293fc8fbad6ad8cb248617f4c59cfe,selection,True
572,88b7976341d1ed51bc3492be56be840b5d68d7e89ac52bc8eae8ee5fad1f58c6,final,True
573,73c7394150a94a17f40621ec57a2c51ced150c1c626277ce8653d26034242df8,train,True
574,9ec796fd1e62476396338d060f15407a6a3537fb24fbc6d58e9445bd3003cb7c,train,True
575,85e7277ad62a66a73b38d6576921df532ae2b7c5a4e0f4fb277fb0d75f82c283,final,True
576,c5097274333d72a44647f97834473b7cd7eca22b0a4525c16195f9f4cbf36867,train,True
577,bf5db6437dab8431066650316ad167cb9f746d20951ef6724b3b68d154c38358,selection,True
578,143fd11602577838d690d367c6eb0b474a7c66153a005fd69fe32449be0ba306,final,True
579,88a3a0a3feff83a80cd6f46577f052e410950c381a8a76b6b0ee74cebf794b9a,train,True
580,185587ba2d83ff7f545b4e18a1076b089014d1c1d4d5e5f2eb230b9ff6f75fe9,final,True
581,63a23f4ee88fb101dea8daf879124ec66f744a824e3ffa1a50ffdc758d08555a,final,True
582,a4fa48e37ba6f7230b4999fc487a7885484d7595765601bc6ad77b4c6bd5c979,final,True
583,f33e20f758cbf1135c460bd45797471f799cc3845d08a1c3d13165efef929d44,selection,True
584,a38487858d7fcc9426aa7950e5f0b49771babbb376b3ce4c5f028043b1316108,train,True
585,b459f9697f3cb8515780ddfafedbb26b12842ae5a6e62ef55f2a8937d548a4ef,train,True
586,5fe436a947590f60bbd177b8d905914834fb2cfc4180bfbd76d360deaed2ec8d,train,True
587,9ab7356e0492a768e0187b22c57d3d8d41a9b0eeee7b8bf97d15c6c7e46412fe,selection,True
588,2a18e5641427be4bf1645e5f66c4ea36c46dcdf0e27af83ababb22658254e94b,train,True
589,4ce903379b64c668957c56139c0f5d9ed07cd9acfdd90ac42b42a91827edb925,train,True
590,4a8c81478a1cff30577c7730b9d6938868afbd95655992637b2c379b64e274ff,train,True
591,e907d1f3d324eff1108dc566fe81f7cc671bf4873e7daf74eff2cb5dbca33df6,train,True
592,591b4ecc9c0e2de768676abe6c7c80f22cd2139adfbf732eee0908a604853f65,train,True
593,43adbe245ef872c6fe51154e3f44b9b3b923b427e5bfc79843c752cc35375abc,train,True
594,25bccc4569d64e62417d54e3af6a897c647f815c16b4bc984c5a6db65878bb86,final,True
595,a919451d49f215b4f251ca78a41d667bb3785900362ad2775ac6de149b0f1e4a,train,True
596,eb0642681088dc3355391df46d0f1bc7734709beeab7ad5ee66f19e038477fd9,train,True
597,f73da956292cb177b75533caec5cf6e5ba46f8d2009a20b35c5d5c9434aa9edf,final,True
598,137ee4993e89cb34eddc46db6c7d59e18908a95fca63ff836be8eb3f456cc6cb,final,True
599,e152c5a006d31d0bf3a34baafd0ace0b5ed5353bfae32c80749999845c667dce,train,True
600,7b09c5c6ff27873631f9eee989bedc8f96b95d2b8be28cdf46df5f28082a42ee,train,True
601,1dd41a7dbea1472ea14cb178920d7ff1edf572abe38384c6fa9d3f974bc37948,final,True
602,2545de50e1a2688a86c4ac6426dd04cfd5c687fc500e43864ee2fddfe3540f7c,train,True
603,0c3b699c0b7a70deb5fa29c1ea1cdbaca166b265b976e8d17ad8f9a20eb1e08f,final,True
604,670e049a34da9dbb256f2da8e7ac7cce7ea13d1701a1b1a7ee5565fdb0ae5997,selection,True
605,283ad7bdec0932c4a8293288a3d80d8a49657e18d5d5073956cd03fcd96f9a1b,train,True
606,49207b632513d66afe5b4d024fa73943086fca6e83c172aaa523c8fe7bc2001c,train,True
607,525392c68025dd42ed94e90a8283470d4788954a656536f7c0358285c5698bdf,train,True
608,962f02f4575572879a29c8e78e807958f17c347416e1fd8fb42da1b938afc14b,train,True
609,49d42b5758cce1aaf23a2882226295c33c1e8ac74b6f9fe3e0d3c1c5c2e878ac,train,True
610,39faf483dfc2ced425274159c7de4e98e7d897b243b45ff1c8317bf122f3ce90,selection,True
611,61abba3e6f03a574139b42096ca93f469ecd41d8537bf9a6af1e1b2c0d218f0d,train,True
612,ffc72f8731808fbe266d03cfed382ca3d0670feb5ae1c944d4b64d25d3cc31d7,train,True
613,85777e4ad4278ea3ff0cfe6ecfabd7a1332c2a99ee4340900e12cf472b8b1f6a,selection,True
614,7ac4f7e57daf3288a916cf0368408fad5ee4b2453f9c5d04614478e2491ffd87,train,True
615,3a91089b303231b503e4355512bf44b480d4acb8ca9c96e6e6311fee60b4f769,final,True
616,2fd47176675a92eadef660e057117e7a6aa41079463562971e4f55787bac48d7,selection,True
617,263897d2aadf0be5b58880ccdc533f3f2bbd81928c9af8b16ba97aae77fad161,selection,True
618,ab71ace25e490b68a9270b38c855b98662c11f5ef630ee406512bd8b2f452ed2,train,True
619,a3a0733b4c6f17d8ac88d5f53b07c4c82b101b1ac851157484559ad236b819e7,train,True
620,ff0f8d559522fb862a67b17c49dc7fb4fa0e1a1d0c0c65338c24f8615623708e,train,True
621,be5cab6a9143f6c17a841fd843b54ea0540c3d4e174bf582ba25ed2c3a3fc96f,train,True
622,3d2b41b9cac3edbc3988b9b39be3274174a119c45fc1c46f8adaafa251898f59,train,True
623,100f83d3591d519fd04b875928806d1fd097252f7018a24850dfbf792c5e3b7d,train,True
624,eceff999e3573dd4698e35c0a25f0a864861b0a707e88e71ca6a438790dc179b,train,True
625,10138d0839a0e5e05cd04993a7f1ed472f4a874fbafe072b865be2f6a36761a4,train,True
626,486c62323b3ba599ea973869ca755ccfde1eefc7c0f988dcc8f499180d4ccd44,train,True
627,b67cf9c991cb0069fc5105f71d655673e77e047f8ff84fb37f88bb90bfdc5349,final,True
628,261399ce88d23364da26a37445d371a4a18d09fe461e7ef8a9b77b8dca875bbe,train,True
629,79d2b6da140f2f4666349407d0809fe0083b411517868a5fe328fc7d0fa0e3e5,train,True
630,6d3215a08387884eae24fa8c64fab95bd6664763c342b623ea798f2bf6d5003b,selection,True
631,e5ec4d4cf577445c9e133eda3762e6a03420024c122450714caf820eeb1198ae,selection,True
632,2d7298b87637dc1ff16eb98096a3b805109273a4a5f9f27ea21d0def66c80a75,train,True
633,ae6b58895be4607dc3a4dfe0febb2f3733c613defe182dd6ae7b95e3da6461ec,selection,True
634,fe02c898003f526e4ad549a9ca6ae3311587a077b71d6072f45579431d7fc7a1,selection,True
635,c0d18e99819910ff0036079cb03c1c7b244f941df4f42367fcf54173ce6713b9,train,True
636,eb8c1465de90ce3054a667d6afba95e49b41819089073e5dd1ff338ecf828e61,train,True
637,876b55e367aa76e4c4e1680ffc7d0a4f6cad1cbe0d0c15917304be5ddfadc8bb,selection,True
638,4a567d00711279b0c5d5ed7ac97a5b347e33f79961b7bf3264e778085aa26078,train,True
639,c95cb40f97924f2050506dc5f0db43e51c9324347e9162e4996319519e874bd5,train,True
640,236fc04e982899935436b2e2f207084a31ba3f1709823e30db5e8b5cec165390,selection,True
641,96014ea966c50eb7e2e59d0c16b4e115822987c7ceeb5cfd919449524e0be5b1,train,True
642,6715be7d46372b74295efd28fd9db6aac283368b8446283399877f6b5d73939a,train,True
643,7c503865af99eca0d583f4cebeb5d22d72a9d31754635db94baa9d1b2864d930,selection,True
644,8cb9e6b993bc65b322e9b0edcb94f716aac67fcb923f32fbaaedbea58fedbec4,train,True
645,191ac5997e47374e6698e07a9cd2c5894fdfc4e5863bd09c7bb535d4b8a8cd75,train,True
646,15e7e4db6584d2a76d98825ae95beab7127d8145fd0002a3000f097800bad533,final,True
647,4e2d99799c6296c1f6a19367a2301fc2bcd10dc64292340cad9952a8bcb87c49,selection,True
648,6f17638cf87deb67fbea1168211be30b2d63f6ed0d668d120ae92993c3079815,train,True
649,c8838386daa64d89f20c32bb4417ac8a0a16d0dc3bd4f1a8789ca98f6936ed91,selection,True
650,837d2e1fd31d1caac1a663fe1666918cfcb5cc1a50b634098b59eb4591868853,train,True
651,d5cdadf6e0007290b9ead3438a9461e16089a3819b51ad9c87c0b671f61b1753,train,True
652,b792386a3edfa271e143fbb351a41b76a1f31ba78a87dd9be0e7237d439da1b3,train,True
653,89f281625125d87eb13f846f62e55ffe39ddcf8fce82bbb1affebafbe4c92b58,train,True
654,f106884b4a94c9c8d0d7c2777fb9d348ec529a74e911db075560d9f7e1463519,selection,True
655,ffaddee2baad49cde87e55004124712156b9521b6dec52fa0a266e122695ff14,train,True
656,10f90e88bee9b6c3e143b8b6dc14f38a0f4af971fa9efccc39502063ce8a3506,final,True
657,d7545852f3097c80dd6a804c4bfc635ecd1ce801580e33529507783e52b38190,final,True
658,768ed1ad9dc86a9873381e0be104e31b8ed99055381b0217e6403433bf68918f,train,True
659,cc9712789dd9e2c1d7051bee2813a360d75fa174a4ac510ec6f5af455d7e41e7,final,True
660,08e065463808041fcc2143e63c1e8623dd6df484959a3fb537276bfa852f5ae3,train,True
661,e958f543a29f0ec5b6465d1ca9ed31754c22fa92136e5dcfef7e59ef2f3a1c4f,final,True
662,dfb3818d3424409f8ed3941e49d3060e24c055243e57de4a657eb746c9510c1f,train,True
663,bcd32c95e538031173933e8e1fd949c4729b679b50d6348f876d885cec747cfa,train,True
664,0dbdf73290c12034fa2711e9bb8a53198124e9f5fb0ac202fe8973aedfb66d22,train,True
665,6f8cf79a816c59f02523d50ee1f623efcbb8d6bb52b7b8397eb022558a6a6ec8,train,True
666,143bf2c5b75e7c549f96354c512023ed4f9210c140b47448b519f1f047a823f9,final,True
667,2c05c07ddde8f1b5e45c26a94676c8ee322a1112b7c2758913b9ad314cad8eb9,train,True
668,79edece3b9538a7927b6f09147c7772dfd648db59927d21afa3f53e58e2f8a0c,train,True
669,c6b0c6dba42ce16884b03574a1d6e1a5f504d021f70e3b6e425c8d8839f32895,selection,True
670,d448ffb7e90f9ea27d88ca3258ad4419e891b4dcc1959f3379eb9f8fe9bd593e,train,True
671,b8fbb28595979edc974258eb098e0b0330fe9e5bd31cb6961d6037af9725217f,train,True
672,f399c96510334a71500449050197f0deeb0d9576a9643b05b0b1efba17d0d170,train,True
673,ed84c9a9e9cd679c51f062fed06f870f7a4c2a4eec2c14ceaeeb7e3cad8d3892,final,True
674,a250e56ffe9d8e7dab308e71da55952b27d04178a97025d848be68cdf1ccc9e6,train,True
675,22590c73c4ea63282fc2c89b773015458a975d739d71d831547fc16a52a26ad3,train,True
676,9b8e35577b10219cb8856369a4ab12d1796dc8c3ecb5c6b5b44799b828d060ca,train,True
677,28f9f1291fcab27b89d046581c24203451228df5d9c05a7eafc5d3ad9fc40d4c,train,True
678,3b8fc50284cc1204ff019fb21bdf2f86635084e0bec7cafd8f5fcbefcd3941ae,train,True
679,60928bf066068efef19357cdbc90420a7c3f4fc9368434291b3dd327d124c166,train,True
680,c8ff85be3d489b2a767590079d316f56d1b66418d3e207494413430f52804378,train,True
681,099d2e32f5e6581b01141f1d53f8f14ee4f09ffd3fbab779c4e41e099b1f2dd8,train,True
682,20ba74f16554bc93969745ef1e61363462c1906ec37d9a56440b17bc685140f0,train,True
683,72b1089929b244968fd955b92d71379950c48035519b66f6482be5578f65395b,final,True
684,867c6c09edbb7ae12d5e6619b7628112357da4a0104f1eabc2250ebb6fcd1c46,train,True
685,0f7322fe5ed6d75d68dbc1482a2ebdc7ca81ceb87b3c7ad4d5565ef29626171a,train,True
686,1e83d7434eb1a41d7aec6863ccd6fb709437b5ad74cff461ce3fb1c0f097a444,selection,True
687,923c02f361bf6993f5b0a8c39daf1d0904333167a79811334b3c725c0ff7ec1e,train,True
688,0acfe4a25d69b1b34a830c5178ce0f845bdf706ef096a5d657932affb290ac91,selection,True
689,9e4684dbb71d4cd4f0ddd3a02ef39db2b94a8c46742990df98a701f8d513a636,train,True
690,82816028623d34f68bb9cb2655b3bfa9bbdd9488e5128deb6d8c00e2c7b5aa26,selection,True
691,3d55b54f6bf8adf78b6c70d55bca55c65199e764e90e9d90f4c22f3bedec34c8,final,True
692,089c19951f460180efb7417ca903a6e4c0d648e392a61859cc53001e684e93fa,final,True
693,5446638a5734d03dcedf8bd445b96b065cbc6a63f7ae8e7ae7f4c1119d5161cd,train,True
694,ff7518acb9ac2733c3893c14b7144aab74ed9b2904583591f5cfe15a039f5c52,selection,True
695,5e829e4dbf55dbdd8b655bf1ced30ee4134512ac8148f6ae5e7803ef3ca5c599,train,True
696,49b97b6a6cdc16dddd6828acbaae57ff03a8e84952b4c79a70ee02a836adf96d,train,True
697,dd0f07a1d9aba6c248cabef10432fb83250dce508f6a061c3c580e9594a045ca,train,True
698,ef7b355282594bdca7f382a2c55444d2a2ade9ca02ae453965d41f70ebd61123,final,True
699,a8f6a4527cfe38adfaf0ba9bda684022580b467c8594e8ea89b3d84094e4d59a,selection,True
700,6751f6b24ff16a8ecd216e6230783b471628f90652b654056cb6e4c82bb7793c,train,True
701,ccb8446ea7ba9802cb3feb377c8ba90cc6b8abe6d4b3a778f6ac52c58fdcf215,final,True
702,bc935f2ef1026eb1bde1f9e4c0565fce259e69032392d3f8b105a2ddaf625722,final,True
703,ebc9193c7659cfa808311f4e4babb8ae2d6b29654e04c39bec70a6b8ce28d9a3,final,True
704,95c06ba504347e831364a32cd9f9db25467e2d6b8e3d23d046a122a77fb5c62a,train,True
705,cbfe236ad1a05124645dd0b890239c39eb187215f2573b7ffaaa542b389e96a0,train,True
706,944455486fc99129cf2bf0e4ba6b955b9c44a7d85d2b8d1910a04beca8d7d384,train,True
707,6c588765d1e73044839e193b025cf69ebb5ed5538da614a7179d39ba0ac5a5e2,final,True
708,d389d81054cddebdf6ec19855bb07c052320981c48de5f83742ff0fbcc81d9b6,final,True
709,bf6e907fa24730ce8561ff62f4be2f8f9d1619946555cfc4e89907b4d074b947,train,True
710,4f6a311e42bcd5af90ba99921d93c237eaedcc736d35db3af05cdbaf7057f057,selection,True
711,65635f1e35b628fd21e00bda4cbf51b050e7e5cffe4320b116ac1a57a151d6fa,train,True
712,82754526a6b90879856e9faefeae71de00c9ce22c1f9fcdea771e848c6e3b354,selection,True
713,23be743d4780315bff19ddf35b86ae41904c2cee2e6dcdc6e7de03ea57b87a44,train,True
714,6cde67556fab885eef63521032ac5affaa0bb5701fa4fda6dfe756bceffdc35f,train,True
715,c4726ccae77cc2f01b0dc116d94c3dfa342b83aa4685a106bd14a10e991c5824,final,True
716,b07c8c42f84a56859758d66e92df5df9bb6f32426c3fd2e1a8c22690d0ad5dc6,final,True
717,20214a32103cdb1f6397bba9e82cf0d2d625a3d94815dceb5286594348b67286,train,True
718,a47510b31cfd26d2294a5903fe25b5c7cfc07af36c98adc65650c0e3195e2876,train,True
719,2ebd8633833572b6742238fc48cda13e0e819acf1366135d4f2f57c66a76b293,train,True
720,26fa0b6dfece22c62a19a249d6332519de2d20a41092a105a67fef8ff29df629,selection,True
721,fbc43572c12fe9157cd4feeb94bf8f0b67c4afd7318436709ec12cfee44007a4,final,True
722,1938044a07ef68642fde2a97319fed3b80059e6871d4da648436e20bff1acc7c,train,True
723,f2399c042cca6fb2d99218b24844e5497ca19b4916c6db74eda6441db4a88651,train,True
724,8fd1215c95ee41ca855e2de93092c15ebbc1f67992bc31f577510028a0827c6c,selection,True
725,0c7d6e8a6af41f45624ab85af6800a4e1708133cca3fc6f0ce65560705c52c29,selection,True
726,225aa7495a8a5cea96c66ad146a484a9f30140e37ea712ea2df3fd7de8b8c717,train,True
727,4031f60b212e2b761d188390cb1dda199d97ad941a211cb481ff7bd1a0eb81fc,final,True
728,d5e715b780e6e9681cf1b3308c2a5942b6e10548bf2d568f6c9d0c38e3863866,train,True
729,09d200a11a3f538aac053479e457aaac1956d5688abd73ea5cd9e41b8addaab7,final,True
730,7125c1300bb522de25a478b20a476e0b5317de956946c63c6083b20af8d0bd0a,final,True
731,733b8fc6da02a995adce03629dcc9d9065324f7eea2f8a0121fa22414157a12f,train,True
732,243eb07067bd5fb779d410ddd4dfc71f62133e3f335cbd99e7806bd0c09c7131,final,True
733,73147ec04dd867c44c88b14231faaadab24acaa0d8952ecc703f81f1aa078bc5,final,True
734,775801edcf1eed4844cc9be57913cef756c640cf39025a8f313768416e2354ad,train,True
735,dd25a1bdb75f7e9784ac7a4dc28dcd253959c09747471e45bdd99222c133d104,train,True
736,b54e8f1f8e6ee6ba54791d525e597222d930e7918b9b1d35a9fb426a2dc4e041,train,True
737,504434cfdb253e7736a77062ee897a47c45fe004e649cda2e8ce7fed2e186b9a,final,True
738,28455f66ba5befd4e58e9ba47e656392972512a9b9fbad41eae54c4e24ccf08d,selection,True
739,9de3522491db3773a8629e1001b08f2d12c4c13bd4ae434b633a25de5fb5cd2b,train,True
740,392c2d912aba209a55fc339a9ecd54cf7a2a2ea3928c60cfcaa5d01654f13514,final,True
741,42c2769c629b3b73ccb95e624f47a445ed7172798bed52e446c9e2d5f527fc3c,final,True
742,96ecbcd0435517330755373d118997c35a6b6e7605133c7ddcc3e24bcb104b43,train,True
743,5668f14e32dfbed96f48a13c23f44aa0c83ba8fae81c90eb8696d23d70fe8bbb,final,True
744,52dbdec977a52510ec8b5eb402fdcf8abc6d05a54d5b6635213cc3cd9cc51c4d,selection,True
745,67b527f9ce7b48a723e32e73a15419d51fcd3b819510c89a0a87499582edeb27,train,True
746,d0b5f0e8d90ac045e9f1b6e24f6dad82335364cfadc7087b746ab50f905cb0a4,final,True
747,426b0244ae0fc1322fd0b33570d319da798aaee54eb3dcf13cc592d2a123786a,final,True
748,9e0ad6299a0eb62af14e18ad1b3bbbe87b0c8713aa97638dbb0529b291a59820,train,True
749,ff64f4d2c208bf53cc33f8a646faf3aae84bab872a1a0061bffeb4535a5f2ec1,train,True
750,34167c4b2cd2fd1ab3c86ee8ebfba2d926d3e6634dedaf07ed7992962082b953,selection,True
751,9b7cb0de57f5938b060ebecc589808cacd028eb0665babacfa8e5a38b91df103,train,True
752,abaf616b0680d1860a0209b6adead30eda342600e23063f3751e08e1b54e8bfe,selection,True
753,44480fdec308c290067560820d29f2ba0ddda6d3852cdfcabf9c5fac1b49e4e8,final,True
754,8f6ec5f57213f606731d5080f79b2e115a9db77e1495d0b913d573c3e30ca767,final,True
755,618f9248edfd97a6e0d7f406354c18981f4a61bc9d451c07739c907c8cdebd1e,selection,True
756,e3301e8c8ae9211d6dbd3ccca210a1aef79ec3913c836986ebb5071b47c479f8,selection,True
757,6ab540ff548a3f7262cbcb5d9bc7a4882c88c4a7fc233c07abd7d3407b083aca,train,True
758,7027bd6e069caccf398ca0fbc0a7264e1540ba10a9f7d5f06931103f2f42159a,train,True
759,3106a7aefc25b6ed6f0df66c542b871d3608050987cef41cdcf613d084a9fd66,train,True
760,862be0981f464304cfa47fb1e0649ae8ec7d3bff382619642f890fc16e57d1d7,selection,True
761,88282cb37f3f52e49404bee867899cde314356cd33d05b620d3e0125be84705b,train,True
762,fd9da7441b235772c6f1a629abbce1fce584b7b431251f9dc919937e5b7e59f3,selection,True
763,550307294e55a962b3d73605c3ce8a1556a27f1258dcf662236ec7350b6140a3,train,True
764,2813afe7b33415bffb1a731e2d47ad77702f94f7ab21e9a5b6dee50e5c5beeec,selection,True
765,9c22cc55b1de836f98c2e6c711e8028de785b2e1832d6b386bf81f23144770c0,final,True
766,1ba9da68c839eac96696485ce122f3c2f5085bddeb21713c1f62dba9ba2287b9,train,True
767,2a30dd0eae1a17979a76ccd93e17c6b2ec648ed49c41301abcac0f1fd1f29b6c,train,True
768,032b1c6cc7fcba0dc4453bab190f2136df2d02bf842c3f330591ce58bafaf7d4,final,True
769,d3974d8b971c8872563dfe3d856783de55b3065198a879d7b6e21567552231ac,train,True
770,9603971bd35b47f3e5d2792a20f7496e40e6157b7f93353a4695f5b49027e7c3,train,True
771,fdff26c0fc109866423378415eedbb0e0ef53b929dd1808306d533fd3ba3dd16,train,True
772,e4e45d4abf6ec86abf2d880e9d1d12003ad9d57144dbb0aa6df7d17146684b19,train,True
773,f29df45e736efce3b11d4b7df65ed470705ed7b0572c23d3b59db34aba26a226,train,True
774,f4c252f7977a0042e79bb2e7f1c78e46cd64b69003437b88fc3a622b51c7f609,train,True
775,f9b7d0b250ada9918c2a15a5d50baa01acad49882372ce9b6cdbf92ea2f6d6d0,train,True
776,8c47ae24f7d53882209982f75a2c98827d59ea286e15efe08282fe48c3071194,final,True
777,3a8aa1429780b419ab31eec6caf90df9b97942d9b33e52fdc692b6a8ec881858,train,True
778,5e821bff60e30b5b73a4f3feaece450f514cb06b83f87c506851cfd09b8cadc0,train,True
779,5441a1504d8c43bfd22abf8cefbcdbacf1f598fd4329bda5c8d7ed82357e2a7e,train,True
780,ffe06f65634ead9ad05173abde4b71fcd28bfdabbe5e399583e7454f0bb8a417,train,True
781,9c60ba05fb558c5d6893c30eed828dd541d6251de3abc0bf1e99716f03fba5b1,final,True
782,9d383e240a1e1914255fd085ad6b2ed448328e909ebafb52db351dfa4d5372f6,train,True
783,4d6d00034b6fb1c7453294f040ff9d1e923900e409b3312e1fa58e35b3d639a9,selection,True
784,8f5a91c79e4772212fb193b8fa6a1aa11fa74127b1efbeda72446e5a1a301d21,train,True
785,f6234042767a44c948d3ee1c254202215d0dac715bfa8e60b06d10b9ee56672c,selection,True
786,f84ad5a638a650f2e9508b404873be0a05c8fdfec07945b6c54dd19859d00ab1,train,True
787,1d2c20fc978f5b2d0933fdf574148e03ad2a9f7cdaba3aed3fcbdb48fbf54bc1,selection,True
788,b46049085d50eab8bff6d356cb5c4a85a8004a6247752f8f4261d893a869a3a3,selection,True
789,fd35eba459f3bc51fbc1660df4ea6f2aa574bb81c94579d91adab55b2fdb13c9,final,True
790,1d4ef0f7bce618103916d132eddff45278ebb6ba421daf6ac6db2c35a3c346df,final,True
791,c4b2254caf9b476ea9665cc6064881ea615916c0b44afa5bd6b510c1b1f865eb,train,True
792,3a5b2d3715d494f5d024fe03b13489ffa2f7e1586fa767c7c1907bce2ff21688,train,True
793,64ec1ae817eda0ae01f97247d712629e1e9ad2bee07f4d3682449ab893e6fc27,train,True
794,f0358789a903a84607cfbaafba4f05b5b85be32af4e326b76254168b4aa4cb43,train,True
795,f66d1d24064992e8f5e046e21f3c0dd32989921aec2249abd07bfd6bbd539b5d,train,True
796,477c769d8058dfaa7afbb3d5befd0a25d0df362d517c2c5668bb24bfdc7071e8,final,True
797,bc2d5107b43774d11cc79832ba2e38f2e3a1fb3d16d3397e506efb12e8fc41d6,train,True
798,3ce37a337b2e166a5bb2f5cd22b45fde0009343f8b6c4b985c10244deea4e971,final,True
799,709f624492824fc441c2dade24a76978ecee67aef83f15f32bdfc169e3e3ebc1,selection,True
800,668977ecf586fb99062712cfc81a221f3dd58b95867c2345b1ca7d43729e3366,final,True
801,b1eae8d54d1871f82bb0e6e1064ae98771f5f00e560cafb1efa0d4b62b394041,final,True
802,a165b2ea0b1d75328c7c40a1d4c6c0c8e584325b0bbec51b52f04a988228bff7,train,True
803,a944ce6c0722d0434ed395d47d84f08d4aea907414d109778f8b6b5ca18e87fa,train,True
804,71962cd6b7a2159eb3bf1955a28c24fac86a3fa87a0ed2fdead9be56135beee2,selection,True
805,5adffe079f64feaa172bbe59a164ff47b95a04ddb0deb23b0a149de2348de424,train,True
806,47ca4ee8c51eacbcd13bc5f4825988d09b6a9675276f992095a8bcd06ac59d4a,train,True
807,936cc886c1487716e1a0dc746642399373fbaf8be7f850b3ef7b7d78a2f1d939,train,True
808,5931570f0b095667b1c899daa96e3ea1eaf2a5e9c1d781c9b9f7cab57b2888b9,final,True
809,bc79a702531a7ed096aa2abb2570a729aba7e0e1bbec4612acfd616df3f41518,final,True
810,a76c36e222a3456cdaeb5d45e857d63dde08e618912a9ef183c2bf04921fbc2f,train,True
811,40ed7f47f1b46c46f811e1a5aafb8c10da60dca1455decc0b88d54b8bcd89ec8,final,True
812,6c053a6fe2a19d0590607cb1bde48b875cc4b43e56b7305efb359b8242178b38,selection,True
813,f53aa857a0dc633fe573512cef7093d69aae459eed1e6a345152ecdf8204cf10,selection,True
814,ddfc68126ceaf5534973723a22131e973634a2722b11d697b0bd62c0c09972a6,train,True
815,5d75d34bbf229c862853c979f0e89c9f1f1992c0a2b0ccb044f307f1afbbabb8,train,True
816,cdb40f948f67289852291d36da872ee9f9714aa4680a9bac75524a554d6c0e9e,train,True
817,ab52a08cb6b8ffcebd05f9492d34bd56da076c00c604ad502d084e34d4a4ca4d,train,True
818,d156f5d61f42dd5a1b94845f7eab3d7f51d529fa0c6650b124e5eb52ebf55dff,train,True
819,6f8d7d8e55313e08efc02d18ab6fa889de918754c064d88ba9dab41c973b0185,selection,True
820,ccc4e0a3f7b261ac89d6b3a512f45675920730a4e417de7000115b532d2c3e66,train,True
821,86f5136c335dcf2f27ccfabd8411bb1c9af6f65541df371cc79932ed44c5a8a7,selection,True
822,a4932167a5c42c36c3d21763778ec368aa142a66e2f0830eac1399222f8752d0,train,True
823,86ac020d4c973b0ff7cf8407b514620b793a3301f91709789f54828284b1eb95,selection,True
824,7576b4346e16e8f7183bf8b5d7323c20326feefce5ff2895ff9b2d9a3215b9ac,train,True
825,323bf7c9e29af9d809eebb59c74969e4137bbbbfb489d93b061ec18340236122,final,True
826,8b1736f1df6ce33ddfb396beec981deb80e89b55dfff9e113c28a36edf9f8dc1,selection,True
827,e7d3838876a340f80f69d40bcebfb14b07b8c7ad1756a9d66987ce69ffb0fb7f,train,True
828,7afd2c84e2085fed4f97c7f63ad8531a84e774b7b1bc58eebc6336ee506ad7bf,train,True
829,b4b7fbb426765860af73817af1a873235c0c5bef12ca2d4efe513c379e689efa,train,True
830,da62e1e791481142d17399a58e9546d82550e8624a014a5fc8c390f3e63f1ec1,train,True
831,b3dfd98d0b8bace15cf4f5f5ecf521abe4b359843c685a0879677623cd7b48f9,selection,True
832,50a6ea1d4e80139a6ea96b1bc63490ef0cf78f96756a8407dabda3967017df7b,train,True
833,962164b9bcac1d2986c8dbd7b7d999f84e1c50fa49897b6f93791cc77a56c8f2,final,True
834,b1c0bf4584c674335c2da7ddcb9003be7cb0e6ccd023b2ed3c74049e2ddde251,train,True
835,b7f353362a06930a0a3355dea197e0dcb3b4735fa6dcec0be764e8ca7c961196,final,True
836,7fe4206afce591c1ff3342305f009034b48701a85f614caf8940d9718010699e,train,True
837,6ace2b77673ecc4819683c99e2bd7c5370b2554308feaad4b322ce4b8c4bb4b9,train,True
838,1f76cd67f1746f66cfc1ed66f75092ea466dcf23d8bf02e35b00fa3e3bea4303,train,True
839,91bd63678411db9809d9983c2ae8e9f0a26ddb631e23dbf185b4f3acb07b55f2,train,True
840,dab21e9e7ff146edf24e785b72bf2af07d3ad7982d5f909134802beab7ba5936,train,True
841,bb5d5833635068d2688b4a0aa47435581d0c61c64798a6833a5e0b9275657544,train,True
842,074dda13de810eafaa022942c5d4e32bd445cd9b8bced585a95c667176c9b3c9,final,True
843,47a2182b3f4ebd432e8915e24ed3fc030cd34e6c024989b8fdf8862f02bc1da2,train,True
844,944db8c895648431cd5da4ae776250b785a154f7a928e620b1d1a524abddf99f,final,True
845,23270c6ce6c9df9f1f1a351d50f0c2b34a151cb3bcd553cd004cae0b25b170a8,train,True
846,972261f911949e47fb07faabbcb1885500be4c6475053611eb474a6f17d1f58c,train,True
847,7215239cb424aee4b7905f282ee55cae276a52dcc1bd1e249378a355b7291bcb,train,True
848,c26a5a0d5637219e50dc3ac0ef285e5aa1d89cf1d509a00c876e6e06271f0e6a,train,True
849,d13fa0692983b50fc02504338bcbc70aaad251fb2c9a5e2af04a67ed54c52e87,train,True
850,8665c802b4629115e48d3021ff3f15a9cbf3d33cfb0432feff4a84a886d163d4,final,True
851,c77cb9384576b8a881da7240978fabf0229c0f41a81c1a7f388ca4d95fea58d4,train,True
852,1bec4e8e5257ca796980c8a5288f0a8a1f3734461f1517027865f9d8c7cac2ba,train,True
853,1f38873649f02be50f15f788fc23e18b0c613147413195f88c7467c892ff0469,final,True
854,a9975155e27c3908efa2e6f4861da16bd2b2a4d35c940cff6b198da1346959b4,selection,True
855,c54fd1cf56169606dbf8065998bc0bc87a03886e1bc3f795dc6da0cbf2eeaa1f,train,True
856,a5282af31441e8fe73f348473508f8acc5b7c60734ca818f8e677a294f312e26,train,True
857,05d94d7e5b6b90705290104b7ad3a1e83b39c729cfe9b865a54b41444faf21a1,selection,True
858,320a2c75d3e58643d4ee5f2b073939d63e69688fdc716f16c11b4228a88b248c,selection,True
859,49b9f36aff830d658fff6a5c6c79fcdcdd5f6ab5bf56c4a487717735ab78aa8d,final,True
860,42bf4541546f920836910b8befab8f21651e7371c2a263a4c9e4c6e12008d3a0,final,True
861,067f7f0723b27088e74d66ac5c28bb0f33fc36ee4c39edbe97208aa2acb8149a,train,True
862,9143666618b04a405ecccb13ff4ee6a62a2a0350c2715e5ff10733305865a638,train,True
863,37ceeb84e2a8238c117d434b77b6e0b871a2470463e211fe82356d340cbc8f38,final,True
864,79dcfaaf802b7a7511f5131ee1d6c0a2f7c3be6aba30f253432e95b9e5395e33,train,True
865,22a3da5699d87cf322ee5af3c09294a1e8a3a2883eab696d1a3a3fd8b7c99c66,train,True
866,4cf33a4c7d4f833aff9fd3302125f1acc0d64e5ed9551ee42883e6fc07b6569a,final,True
867,2da839d0bef8dbf3292b9f4e01bae7acd9801eb11f4770036719cca1d962d68d,train,True
868,794de41912485938299e22c8075260acef067dc48d6c86b01f6f7b766a207a22,selection,True
869,f990db9459124c06c95c793a45b1b1ff440577b9d0b8dee5927c3b7477360637,selection,True
870,80f1d4d81c313a86ef24bf985ac55a44e83c1aa9f75145915d9e2dd5c57a1ca0,train,True
871,edf4f4fde6fc366cd6aa727a8d951c718908bfbfbdc802b545b372780344757e,train,True
872,10f1f1f2d646d29dd432ed8676a68fc70d07f0cffbfcfdf61b6475dff27a2ff9,train,True
873,3057a14d13e7c58a9137770fe6ae555515dfe387a7687ec9b5e2bbcfe745a770,train,True
874,e504a7781381de79a675246036337470f402b8c4f8dbf5872ff69c0cf88ea07c,train,True
875,aa86f566b752cd2b1196dba59464ef4ff4bae38b33c10140871a63eb9212a142,train,True
876,7253694df62939e8dd9b23a31292295cdc40d2af4f096c76db7b525bc146e977,selection,True
877,ee0a694e1fc991baf6f0037f064f63f92073aced20c74b39dbce5a9224d0e5b3,final,True
878,32e548c54c9b710421121d68758e8f08bc4dbb7f116cc48ac2b14e2ede38c273,train,True
879,8234006595d3ab6e0fc62a55872eb17466eec2cf2fb00050af5fb05b56e94ea0,final,True
880,e694ded424ab9ee4cafab403633e94defd1ed2a546c72cf4ad0eda6c98760aac,selection,True
881,ec89305d3a7652441e850926d0bde4d4632a82d36252bef57d32b349fdf4607a,train,True
882,d31c0289d45cfa040d58555cc4831eb00202eb3d353793fc7dc86788109737e7,train,True
883,fc198fd46cf856118cde85417cf80ac69c9457765d59ee16e99efb5625e84239,final,True
884,07f1d059c83edee41112e0f96e83201c26ad4c24e3e4071331fba3f0c5c4d73b,train,True
885,43d88f897a955ed568e854462336c48a6137c17369974ffac19348825d74db38,selection,True
886,3333edb33e235e5d40b553f4df80ee55cce3c93946d34a4cb2b9f474214edf30,train,True
887,e96110c666c088ecb3d1144fc72f293b1d5a5d094cb8e1ca34cd3f6acb4de204,train,True
888,291d1fb574a0695bb0247300f20075b09c8905ac5fb6b8c1d826b42582623d71,train,True
889,48215fa344f13eecf3f2f6e4a83aad822a03558194d399496cae4620b55fbe99,final,True
890,9ec1c7bd29981d2fddb684709702c663829ac46fd3081a6bdfd0dd21890c7fc7,selection,True
891,abf7329b5e2aef397952a012d39ca84e697fd983e357ff5d0ae2659d2a0abbd9,final,True
892,0954c878cec80adedd60de022ab5c5e9a262a7fa085f554a0073b851604c3c5f,train,True
893,9526662deecd75feb2ac8c736eed744a5c315586c90afbd5c8e22a3b512f6863,final,True
894,6c619017a117264e40cebf602bf31191a2e96cc027f098a927943937ec3045a4,train,True
895,c814808ad3ef1a52d241eb12ced2c9e0d1cd8ce99c7ecb2cf4b816737a03c381,train,True
896,eac9345b0efc6ebcdfcec28a5fd73479bfe09b00e400eaf689b53a7f3da067e9,train,True
897,3f5d8687bbfa4fed785a2c342fade19e90a7bfc93565151e8acc437ec2ff22d7,train,True
898,baf425814115d511d4424d1b2996fa6360448f9dd802bc732c9f19a5c6da21e9,train,True
899,b997b564916c2d3cbc2ad9fdaeb87a58c130ffe815e3b7f02c62dcb977a8a867,train,True
900,1671eaa77d4be6f77f23d9cdcb8c35f3c8195f1071a4adee1cdf7f0b57bc479a,final,True
901,461e67d20055405dcf94d590de3d77df1bf00fe8f3a4b4773a2c00b5b8372352,final,True
902,a926583b6856cabe1feeb85281cb95a475f7e17e85a4225c7fbc26acd06ef025,final,True
903,1a9c4179eb5b9aeed2c2dee4cfe0901a34738c053403ad3f9abe1d040b411271,train,True
904,1878bc51bdd68aefb14b2b3bfc9c4283552335bc737e2f21cd4691a68e0049f3,selection,True
905,5a6e81ae17515741029cef9cb1009b31fc9129cfca99e1d9cd7065a940b86ea5,train,True
906,4a21c1b7a9dac0aa88752d0be09a9b11be87c2bee403b97029ef31d99e3aac91,train,True
907,0a41a927a8560539b1933e5a0517750cf936c90bd34e6a3950c96c1c003a70a3,train,True
908,fe75f7e21222f77d59d61fe23190d190fa1ec1291b4a75a895489948404f387c,selection,True
909,43851de9c7d3a4496bd898c73d94830007001bf2bc51387a656244c6bd18c166,selection,True
910,3591f9c76ad20c309accfe5330d947df2693a0fdf923ea4f54cc8e040293ab0e,train,True
911,201d5780f4ee2d274634a064c41cf73cb7c853a5a05d12ecb6051f3e0c6b9ddd,final,True
912,ad88ac6d32bc80e342bad45d5147adf74d3a1c6ff3e7a2230eb53af734e02da1,train,True
913,f1c9ed6d27f84f012f1b0a37710d3bb0f21f3010d4b985b46a142e12046c88d0,train,True
914,9013341a901b523303a8155fbdedeecb5f30863c4232a36bbdd2f28d9c4db858,final,True
915,d35de3a9a5a66bb0615b3113b7c6e62abd2ec34b535f15bdf8081c3d72e5f925,final,True
916,ab6b57b6a9d339aaeb64f02bc0d0f326a04d36084a8ba566429d4449527db4fa,selection,True
917,d202cbdcdffd428cae7f55777d9c4e31a41c79fbfff70da342735a4ea5eedd89,selection,True
918,822040915bfefa6d18164ea0ec68a5529f9ce993c6c1fa8ada59021a50ddb144,final,True
919,74d35b64d344794d72386ec829889c2d76ef8044214ade1f194f8feaaea466d4,train,True
920,bbcf13c7956bb4b0523731cac3c2d5f2fc352ca00a3b8d225b2c2b89a5988d4d,train,True
921,060354847688dd3145fa78a4192afcc05e8a0ad155f62c50c96777f31b1a07ca,train,True
922,c14e56466a882ba503a902a2d22a7c9e6e1e137eb38a65cc513bb3e87585b76b,train,True
923,de078338664e84710656a91fb9f21547df097daee271cb5a4e6e28a01c01850e,train,True
924,ef2eb6387801c3e4f5c34423447ba8d90e28266ac826abd82348256e757fe30f,train,True
925,629bedbea9435b2321fd631633398353d218c5be39e83ded3bc629e13283f3c4,train,True
926,96acb20e8c62477ac63c74f8dcae51b2df6d5e620a7a93488e94d062cc938e4e,train,True
927,707f5f90ed5ef0c304eccb8f0f2f21df2c57abcc133c0eccd567381ddabb6d70,train,True
928,a9d57c2ff7a72feda81fc8ae5c51d01ea159b461df5c6fa21fee47af5aece78d,train,True
929,042b4afc2a9c68e1f651ded549e2451f9401a55918c0136e69a57c1f13ad5a2d,selection,True
930,6f9096612ad20f93640067ca5230cd796d65430a061679ddd33fafd0e350bce5,final,True
931,3868c93aa739dedc7d77522fbe2ba434c3fc4237036664fd9e5b4e4f46f9d26e,train,True
932,e77e2fba0fc4348ed5f287bf96c68126555fbcdfca70738433f3662e1ddb307f,train,True
933,e534d00adcb39990c4cd5585ea5285a1b450796bcb9ad9bc6c0f6ccffd586641,train,True
934,4954f019004e11619be037fd065de992665075b7cbbe5a283838249a4c99195a,train,True
935,357075bf96917fe0a4e65f13a1028dffceaadf3a5f7289a7d3924e86277a213e,selection,True
936,a1d9a26544e853819a039f4483756ace28858a291d7d1113cb60773e937e0526,final,True
937,e103a221eaa474c9385cb7766bd1d16cdf315546ab86cccb0c6c93a56033f1e9,train,True
938,86c43fd5add3b5d1efbf4de923e660ef6d3cba7a9da329d692135172d3131286,train,True
939,7cfd3f02241005fa2e96d34eb2b99dd3bf4a437f23dd5fdd6e2a148b4a67ab5e,final,True
940,7827744848eb777af19cd9ad6ac05993c09f19118985e91609982c2a8e9a95c7,selection,True
941,5283944c6d645f24299af00e1d3de8a42a1000f9d654462c1f4d3248091e368f,train,True
942,4c8cda0523b6f0afdb3747ae5fbd5a934956bc8433efd91da00962c93e97ed4f,selection,True
943,73c4caa86b83e9831e8dc2ca41b8019f95b22bdc823f628b9825ec3e63b22057,final,True
944,0ab8406e958e6a3cd8930b07d42d8073e4ed586d7cfb1d3e7c7538ca2f936d95,train,True
945,64b21ae06757750620911cbe8aed5b665390d6b3e7613665f887a100703e37e4,train,True
946,db0ddf5d1db5a127557f9124aeb1d27c3486b961bf51a6da3f55b8d68551d164,selection,True
947,d351e2f36195444280ab3ee81a92082fc0b46f7bec6c4360d4e2e2cf6629e2f9,train,True
948,8631562022a981a3477a11280c9c3cab3f4b7e6a0a2daab64b6e1346107279f3,final,True
949,3b71fc6d18d8d827f7586d684e7e31d264bb17e0c7bf218b7c03af5b6e0b12ef,train,True
950,f0fc77301a21c1809f6cff18e9640008fc18ed674bae08d517cf3ec794928ef7,train,True
951,44b9e5e367c3f1eb92ac5f911050382f405937ec9d56d390a6e6a431c4633367,train,True
952,e0f9f19ccb70464e0b78f45b6eaae249c36a829abb37af49a2aa76d60132b5d1,train,True
953,c707f18058249e80c7a84cee3a8f707aab9cbac37b292b50e733ef1145e173c9,train,True
954,24bb68e51a591882833c3956fe264c5e94c87c9853243fad5d62b79eb5738d2d,train,True
955,1f901f970f7a0f57cfb67cf034f6293c83541f9e0967a65f8fcfbbe77890ea60,selection,True
956,b81d91490ed9d65d0daf456f390f48063e546996bbe7e1c59af6ff5a5a1994b2,train,True
957,2913de3a326c3d46d88df6452e184aa7aa2278325c1dcabaa87b608fd30c7d03,train,True
958,bc4d4f1bde491838cf95317537183df9a5e0f50ebf6d417475087d56b626f7bf,train,True
959,c4c9119abd62375434b7351716a3ce05966f06cba6816dcc6f930b80d9efcdaa,train,True
960,6ba875d27db6ab6792f086c8e2b22234eff303114e00cb06639cd94714c129f3,selection,True
961,d80e734f5a4841607d28a4776b3d18e03715fab1f22406103d17d7b876080918,final,True
962,833e26e75fe76a23a60b17248e8e095845dad619ce8998085a87d4d97ae42bb2,final,True
963,ce09c360e8feb6a6662ef1aa386b21d1e20001c4f2db94e42aac24a0c06f25bd,final,True
964,38e5779e2c8a556c205054423217082d026077071c0a5193c50da4123db1ad46,train,True
965,0d542a74acc7267cb3d4c4c40ed8e10c62205591dc49af3ca4b4323dddbebee3,final,True
966,82ad87367307b46f23654a9f46b64f066d3537ebabe1c234bbc1b850e04c504d,train,True
967,176d13436cf97a0d3dc1ffc7ff795a254c883a9310b1c3bf79b5663a6b6f1865,final,True
968,123b35f352027cdb7ba26e205d47a305862efa954402502d2c0a24b34f0431cc,final,True
969,a82436044b8d0695e675c7f7809fe80c8c7c79a47c043b65562b8e51a8a26758,train,True
970,e9b18c1416103dcc5efcf052eb1208ce2ca8c4a9e719447f7b27fedb86fcb7b1,train,True
971,f0e0bd6b0aa5c67a572a46b9499724038b1e04cfeba2f01de769f5ecb7abebd6,train,True
972,1262f86ee348390557f167faf4d576836f303d161b69222af72cd8571c9e7b0a,selection,True
973,52c965172ca403dbf5e84c023d7d6a26f1e193fe5b8461e8e01fdd4ecf041bf9,final,True
974,5b6668aae43188e4cb8273d3543e09ef85129391315dcd3a88f5d3a1b7bdfae4,selection,True
975,1c407f969055b179994db73a66cbaeea14c5980a54ef7740616e4a0e09e0760b,train,True
976,668a372cbd84ed31ef56a6ae8d3ef8ee0b5a71d9ba23252272784a3cfc86402e,train,True
977,380d8895ef43d70e8f7e2dd91ffe9be95f782b6b97e5635da49066d493f0ff6f,train,True
978,731c3f49c64a2377bba17243da62cd5d52d9e2ac1c3ab5b7431ee2a117156bac,train,True
979,cbc2262e8c04899b00d92f1f392b728e9e977d3e70b3af37c31f5c44f83d6caa,train,True
980,c873cb6585ed8b45ddc96e963e7232f5a4fc30b9d07b8b80d31c569ae3808030,train,True
981,2d5b6da23e885984b2c65314858a0f7bb3ba4055cd831f0abe3c471122ee9acc,train,True
982,d80cbd8962a23e662ae0c095c3bb295141b2209e86fe2346ceebe80936f2f702,selection,True
983,87a41ea6401b855cac7ab62293c35150581feffac27fb023cf338fb2e1a31b2d,train,True
984,ccebeb222adb74f4588c83672a163995c9403f00740d86c9097f4d0467957afe,train,True
985,716cc7eb35c4b6e2ac999895612eff356600c7db8d530ef850a649a2e2f76187,train,True
986,d079d43005f13838d4c1144377d57d3a8e392f2ffcd409f6c441cfdd0ef0ea04,train,True
987,e47eda9d96edfb16f156b241347b67c2a8e0b3b6ec7b6c73752ae3cea4488089,selection,True
988,4dfbe7eb703b8a0fbd171ae342e14522ed050ff652134527342a84addbed849f,train,True
989,bd79b2139c1467f9fec2a05d3bba56d5d1075bcfb71841fa91b12ddb71047eaa,train,True
990,950fdccda5efc4a50b9965d5786325b3a2b4a821c632ff39f08e61c7230f5faa,final,True
991,75d6434481bf66cb7bdfef1ea49e2598e1cf2402682199abf5cbdd09c742edfc,train,True
992,121b2593f6a3564a595d6813160cb02c30229c3a272271c1c394449bceccd0da,final,True
993,f5260f3a7d41cc7950527692377168afc28788b96eb190d2c37708e0c0fb02c1,final,True
994,50b458a61e7aee0815f23934bcd7d8b66631f71bcfa871b8e15324d506008da7,train,True
995,09322b3c2ba55e258f49b4f0e4375b6910110bbdba003452fc281b0c3ad817f9,selection,True
996,1857347d5af75ece4393491fbaa4a0db452eb804b2bec347ebb38478bd1c542e,selection,True
997,a84e8f29de6455044353fdc2b2b412ab37abc2f530cfa49684c33ac7e4076950,train,True
998,cad699c1f426d9c67e92ccf16abfb335fbb196de1a39fb17aac92d2a64346d1c,train,True
999,0585316812741bb6da4a8d0196ad91c1436ee67c0951a8cd4d05ac9b00c7ec5d,final,True
1000,8ceb8fcbd5d0acf65242dc4870633f6abc5e14d323207b50eb66ea1d5e1e09b3,selection,True
1001,ba3ee240b0325f3e978db93da00883064b3f4d391b4380a40d4bd821dddf9979,train,True
1002,bd0ddf8c03e083fb6d5150a2e40592214cc9021ff8f8c5483701671d2143b35e,train,True
1003,0c6507a38b5b6865ea48d0b7237fe47c710fb57dcbda212804a4cd3ab3fa63c1,train,True
1004,9287d415b76fd74892c127423f928569a130669ba0d0b2caa9bf33b61beec74e,train,True
1005,550e7d1de656b0b0041cbce826e25ae525ce795ab8881f9cc1852b7444075775,train,True
1006,00b5335a111540fd72630084b11db5d72957ca0cfea0252697aba2c266ca39b7,final,True
1007,5ce1946ae796c1f3a25e9c576ca240d56d6a75668e61dac69fea2fbb921938fe,selection,True
1008,3ae9efa03b5bf5e3373f285016fcebfdc00565983c093def951b59eedbd43c19,train,True
1009,114f0c8e0b29b2e1444c00ecc37bc5d74b1c857256dd72ea83b0cd0314084981,train,True
1010,3a687fb7f5d3a718817beac0b99e3635e6c2d20e64caed8877548e5696d08861,train,True
1011,4a31376437063892441af287688976fea043a1f3283388a7af2b1fbfe8535a2e,train,True
1012,608a3dcbe3c9452c11ba8137be2c76abfa2c1884120b60892aaa1932f636c966,train,True
1013,01ada57366a129d4be75587067e44ee7f5f76105e0c892824c335e3d33c7a1c7,train,True
1014,f44b193c6a16840e6b0159af4a03097b0ee2c887330d59048ed7c141142fc014,train,True
1015,96eed6bbde7dc980e476d594b730106bbe12bb78843a691b8d91d18ef762a434,selection,True
1016,caa60c0523eebbdf0a3363ca3799d0deb3a0a09a5a8d3e6586adcabca50538e2,final,True
1017,44e42ceaec37fc5f57f610d18ce4c054f4bc4f252a53d41958010cd048d2bab7,train,True
1018,6a3de53d3e0481eae7a18676c352bfb9768cf3075d80332eb3ca0cf13c6ab788,train,True
1019,1a4c9fe7b8cf6d93635353ba8a043f894410d17ed18caae7215b22700f5fe0da,train,True
1020,ba094504fecfdd14a0615815d19a3806fac8df12b50eec2efa855574f52a0553,train,True
1021,1e4c06547a33b1de3dc49edc3430ff9bf87eba131a94d95fc4f7245a8dff6b9d,train,True
1022,e94a9fe69b526578d20e6c139e010ba5dfbf8065fb5656cad54c20782de26fe4,train,True
1023,df9020b2fda92b1bd58035694f7ab8c7797fc33b28e3cea402243a06885eb865,train,True
1024,fdff5d87529c8d1c4fca9fcede75d9cacefcb9f091a7996f5fb5c0e36f4f9335,train,True
1025,610d501bd90cd5ad273251c55b10521d232e293f13da5d3a8cfd20f96879301c,train,True
1026,057208e3bb368bd88029f00fd0f6308ff11ff11bf4c30225e7c06158acc88bc7,selection,True
1027,5939412caa5abdf288f6815255ada09ff37ba75070efbba64e7cc30bc4178047,train,True
1028,142739905a00aaab66c733677c599995fa21a2603c545c1122666ea771252aae,train,True
1029,84b2ab26aeab40152ecffb8ada8cc8b85d70b29181ee1e10587504da12bbbb33,selection,True
1030,1deac01d0849622b76c3bdb4e34605a2c8bf1a9e8664473c5500ff7445c67bf0,train,True
1031,1496f56d9a83114812b7e884651c6e95da7ade327ff109977137a75d6263e17a,selection,True
1032,a6e1af2fdf1cda779d6d885acac1b6af725870ca8ef15942a6abe459acaa4e31,train,True
1033,63bcfc88ff84f5cb25db7fb6597f876ea8adf75da92ad9878792ad17358a9466,train,True
1034,0cb98b450dd32d37d7c7dfa022ecab0d2edfda5c41fe3e8e2544351bbd4587e3,train,True
1035,0152b8c226142fcbc93980ab2ffbba918f8271bf3e4753eb8c1217dc4b159b7c,selection,True
1036,3be9cc0e46edc9ae13c94a2265007727d1c19a34b6f0b99c52a35ca890a850bd,final,True
1037,00b3974849d8fc5c2de03eb7a1ffc52ab8b2dfb0aa508db66ecccbf12a8af721,selection,True
1038,41fd6ed46989d3ae2ea3aa40e3807725863bed6ea45729ee0a2e028954195631,train,True
1039,873b817cf4244af1d00b4ddc38137636d0d85769b79e8945fc2b8210ad669134,train,True
1040,5591f415ceb514ee8855cc5f782a8ffc9008b85b23d00a8f1d0dd378be62b5fa,train,True
1041,7c1ef1597289361098e7f75e67832b8957e1558112d924f0a420bca09c1f215d,final,True
1042,ea769e075c657a415ed5bd8dc2f8107d94c6d678b0896e36a531f8db0c85454a,train,True
1043,bdc8089d3f74a35cb0f3444a422f10d66ce56856b6e011ad1ca768100a38ffa7,train,True
1044,dd13ed067539a9c01b0e9f8bf83e4cbdb4a79c082c8c9811b0e1c24b4fedb6e5,train,True
1045,af0fb5b74a57cb61b26e7408ecfcb5d796add0c91205908ef968fd6e24cd715f,selection,True
1046,4c9317ae40c44cd4cc1e082463d3ab1fe1d59e61428b054c05a4e7eb64baa024,train,True
1047,20fd4387a3fe81fb9d919aee7397e4e21e38d43272c5aa4328069cbd5f415b3e,selection,True
1048,c97793e6e956aee39330624ccc91847a7b13c753791e20e5372ef1d01d0af9b0,selection,True
1049,961b3bf15c510f271b3012bdef762b52e169a6fc198196d8473a27217e372515,selection,True
1050,752d9f36f79e1152856e3ea00c99f621dfd59ca0072ae8e40b774b1240268ddf,selection,True
1051,1f4d5a93c9ee24ad35549487db5fdba91f14f6fb6cfdc41578e3e78dc978d880,train,True
1052,a9241d8a3e730a1884c673e6d7704fd04bc05ee152ea12a249e999f6e4cf2511,final,True
1053,2636cb126003d733b2bc6ef60ffb2cd78576849036a5caa4a812ba0ab4353537,train,True
1054,b19bcc28b1793df453939952f75bf98381777696393d08d736a963052c45c0fb,train,True
1055,ea23f985ddbbe045b90fa7f657ea85de6a41e2f4977ed8062141175829512871,selection,True
1056,efbc0d5e63baf1052ec5b3e71184f32406ef665cd06d8e281cd60268e23996fd,train,True
1057,86fae8346e13f2ae170799faf5924015bc204268b25fa9ac2fc79545cf88d0fc,final,True
1058,aaf49736079989584f850fbab0b953f31ab1543f94fe09d405c7a8a8d63a982c,final,True
1059,f6e88510d89740311d8e899cca7860481e4c0f7fed9fe6360f06c1bc2a3df8c8,train,True
1060,ec0cc5ee703889689ba7773aae0cfa09d49a1c506d631e9fd87be241a3925967,train,True
1061,ae40f5720f55111f241c1a4aa952b5082e6c10654a43c3a22d10bca4f7fd49dc,train,True
1062,def240bd249c0681aca341c7d30238a0123050b5a54f6154ccc05f405ef1e80a,selection,True
1063,934fc4ae17d51ecf7146f8730ad5690b275137f9626f9f55a937b314e22471c9,final,True
1064,c054592b03e747eea75152b3b6f9b1cd951643b53eedd029e91f0a5e128e0d5b,train,True
1065,5bbfca2f274219ba43ee0e33e52e05f6e604955ddbeadbd675b2d091b49f9911,selection,True
1066,f4160ddaab56d10f01ef1db1bf27344ef0b79617acf2ba0289001c51ca750a75,final,True
1067,8fe5124da1df689f20ade5ae8b1a70364799527cbb91942463509b46db1d38b2,train,True
1068,9e037d441769c18c9f275a018ab9c892a13cdaebdcb433e4395a0270ba0f699e,train,True
1069,c9a266392f7db8646f3d47b2cdd9cc401b9f4b199405979e8bb5fa061d6da41c,final,True
1070,13c9ef92856666ed1e7a15a078d5099d34d6976d2e778c43afd24d9729ffe09f,final,True
1071,aeaffa061295175dcf0cb3263397c0a49b61243cd85cb139745f4cd7094a5121,final,True
1072,551f2c382d6d4bc26e69e34ff4c07951ea989ca0e1c9297879dce35c75045024,train,True
1073,0375cabfc7e17ccf2a180551d07e3c436b58dd2e8c675a5c1c8e4ed3acbeebfd,final,True
1074,1e9af3b271b502f615775e273892e3e29db485ca0bf6e7d3203b1ea50d45a719,train,True
1075,455fc8c4fb8d491385d4839c9bb7b7f1d3a782c4133af690d995088a7c17f402,train,True
1076,cc2df7bbf823c25e05ac820021a5dc11c756d941e02167d01d238510a37424d3,selection,True
1077,b7c6d1e4a95e12c7714904d8db2ab8ebfeeb887a85a341676ad52c9bf7dfd4f7,train,True
1078,c7d3229aebdec6769986f2617e58a947c02742a9be8c62bf989280a6314cea8d,selection,True
1079,cf78e99e8544f9769bf5ea1b9d8881f6116b4756883932c2d9e8a15dd12b4e7f,selection,True
1080,c4458387eac6a9b18ed5085fee91fd3a34e65ff37a184ab92265887c34f9aaa2,train,True
1081,b6fe41141b921f80d4681105d6366eb000a642c1294d138f1b54ba7e7901ba3b,train,True
1082,bc827a44b3290af85d47f81721ac942ecef670590f8d0b1a6e203ec662bae069,train,True
1083,9e688ede17fdc1e9a9fd3a1ba5a87a06445d5c08f451a770c201e3e7a549f49c,selection,True
1084,e3c56171c309fa4213fe8d95ad0b33ed723cdda658d251e33f0b91425cad4d6b,selection,True
1085,c0dbc4707da5ba73ffe3919d513a9f2c71f71c3bbe5426a615380075affd14dc,final,True
1086,530554f4607b91f8861bbe530090998bec68569c00599052f54120fd3409ae8d,train,True
1087,667e0d10f57b478f6fed40ae7fc1881c2f351c6697ae3070600d2b24bef0e3c3,final,True
1088,295cabb5fd8eede84765c701f881eb3f336cce64e9035d86a7da368c87caed1c,train,True
1089,9b8c9197c65d278a5cc7db65352ed990a91037c1d2c70cd820babfe1cedab8b0,final,True
1090,79a87052600ee953258da5d65ca9d36d1436f0786e1c9edfe299cc4b9f78acb0,train,True
1091,7cb08f2b2c3bdad4adb748084a3442b4435a9983410d0669c1cd2613ea5c7fd4,selection,True
1092,816c0e6e77de1694a78ed5a33ae3e186aa3d032082d3c08659d12e076ffbde24,train,True
1093,578ba521f1605423e3e0c0992a5ff0b19bdb4d36517f93ebbc2658a67d00a56e,train,True
1094,fe05ff7d7e2cbd651a343642b0ed6c98811c678472c3628b21d71132cdae8ab2,final,True
1095,61e689bfa64abd344ce0665bcb6b941de2d52dc19faa00632864509964e9a996,final,True
1096,61375e55a785e94cc201239c36b72862a3e8d997cfce1bbeae2dd3d83342cbb9,train,True
1097,acba73578eaa6c3dae59d1727e0e1d556d50d6534c0ae548f767a2ae7e0fb1c2,selection,True
1098,446d1b470ba8230d487609d54108199071ad85b0e48094cd9927a306f18e8836,final,True
1099,3409070e984e27a102a0e0dd5cb1350496b4bd4c5fe21251788cca1755d648ef,selection,True
1100,7b5b2565d7a664e47366eab9f01c399b9c662d80ab2ff9f80a923c8b1c810b65,train,True
1101,ed56a0c245e8fef3c4d42f10d0b7d4ddd3d13f8c1e807dc2f581f8840d35e573,train,True
1102,ffd8496ed2be50ea68c3f8a744607929dda793deb7a4501e908eb1b81fa9accd,train,True
1103,98d6a30d27e9663bbc79bf1535960ea3272e1623599ffffd9f07e2dde28d4e26,train,True
1104,0fea8c1af0ec26c0621746655aaad4321fcc8a84d6b83dce3cf30ba43b4b81c3,train,True
1105,1647c608db89e4ea516aa898c77921d9a2af97d1d142ee665be0c08a99c9f626,train,True
1106,d6ccb0d93785ad4110db4f15ba1801baf1d8762f9176e8faa4c6f520ac71e66a,selection,True
1107,94d02f56cd085f61c019398638cced826dcdee204bf6bb399afd9318d492f3f1,train,True
1108,8193a78b64cda264aa694553a30b62e7e38511405326ab62809b9280dc2ac0f3,train,True
1109,317d5465de66bc23c6382d48334fced524037dafda55d08167c1e002e56790ff,selection,True
1110,cfc09f54ed80be000fb19ed0c8739bc80e964a76a2c3021c12fca27cf8f4526b,selection,True
1111,b968fa8387ceaf389f084234085f291940bff23b95c4c4937ede08e03e64f345,selection,True
1112,bc150fea984d6d11771c4a73bba033bddd21ea79ec6efcb5f59b1d4cc96927a2,selection,True
1113,74ab0db14621eeb9713aa0fee3557271baaeb05384ae0ee9a1f4912a60871f38,train,True
1114,d2e52d8bb1e12f79d4c249d9d2a61a7e4270516d48207d1b491ef63423bcff65,train,True
1115,da9d7de6a78cb91835086b56ef95ab6288837b1747851ce16e775e9220a0dd5d,selection,True
1116,0487b441f358270b9298f8ef176e02fb09b4c953f232a3b8aaf49d2293f4f52f,selection,True
1117,3090289f660de16a12b6d5787033943fe2cfb5ae8b5afbe7f6c9e9b6610a5957,train,True
1118,fd6354d30bd9fedfe459c1dfd69a4fc554259790c455c2d67391e39d7ec718c9,selection,True
1119,8d7f9b2e9475341a01e920667ebea9dbcf341a04f2463069d859089c2b1ce56a,selection,True
1120,fb14b7bb111e1511ad8c772c8bffe9fe1520041211c3363b7ffce0ce1747af9b,train,True
1121,986f3f6e3547908a07051af37948425aed4f7ed50715cdda99595a5427304418,train,True
1122,89c7626f03590621da69757ba7431734733fdf01334ed0fe58653387fbe0d06b,final,True
1123,3ec8152ea61930d7a1a457ddc1a04a369ecce77bd8c6aabd22413c6e1d724c11,train,True
1124,5b1aa3018cadcb4cafe5e8abc6a42de5e1dc73b167f6fed79ce8a28b4e26fdd9,train,True
1125,599a6f490fe5ebb604b8789ac145ebd9ee64ea16a1969abff9248b7e501b4cf1,train,True
1126,17c9f46a0c1dafe16d414890959b8f56f16466bb7ddf0195cd85f4fed2d8c00c,final,True
1127,cb793ffcaf0ed63948915a11beca0d32fcb46c64da3b91bd241b870e458d9581,train,True
1128,6a30deacfeb3a6e33f16e3b75f5098da7a76b0c1e414ee52cf41b61136863edf,final,True
1129,89f686b3a8f24585c69c95da9e884ad77c9ac72d92f7f69e67ab8700d77f676f,final,True
1130,39922d35646e1a84c8c0d629df8f0fbc89af2fb4991a12fb40804c29e7447b40,final,True
1131,58b6f88cea25158bed3deb41ee1497559fa331272dbd66fa0166930f04e92c33,selection,True
1132,65c0f5b96a63a35456cdd3f2250f984cb90bc8ac1ca3d36e3d1c2644999981f3,final,True
1133,162e770255513099fd46c905d457f30a3e1c12ef7924c633ad7ccd51ceb22c5d,train,True
1134,0c8d7fcf761ac3e8316ce0f0fbf68564a4c124f44bda83be9e3d53562897d889,train,True
1135,6055e9d1d8b7a06deae62cca2b0613df7de4812a5bc9c998c0f2667413003090,selection,True
1136,273f85c7017b4a613c2d1ea74aff0dabb9ab3d5d8d88303ce28dcb42211256c4,selection,True
1137,8c6324ffc7469406346f7501246ed18904f8ab37abbd76ec9793cc5f0b6954f8,final,True
1138,3066e9c5b2dc4bb876e30d8e09d4bc6873ad25c42d0bb35c70ccb2ef8e960d08,selection,True
1139,23ce60d71d5c15d749e72d1b9ce5b876029c27db4292ab642fd47f75058b9371,selection,True
1140,c78cb01c32091c1b1a614711a786f7c64571f93c06894d02057a263e0341af70,train,True
1141,4d33d381027de62d499130bb30a731c7654d55e43d21c90fa72c3c17685ca901,selection,True
1142,a2344344448de46f1d8059dd187561ce0a5742c3a4e5224283fa8e027b60903b,train,True
1143,bdbc2595eb5bbc5cfb5efcf542da0b709c4f9f94d09fae7b344e382fd46f76ca,selection,True
1144,bc69e93ed0899865ce8ef4c3305ca6511f5fbac46ec51f6cd5d6b3e8aaa89db4,train,True
1145,9458f234cb1e71af99c30c34bb5b1304a448b09a8e9d2313bb2cc3d92ddfa9d2,final,True
1146,a043392fcbefd96144e4f3a35156d51ff36366a97a1fe31315b954548bde43c5,final,True
1147,18bf2cae4e5b94437d6b067f2b99181e6024f6eecc4535272a531fc412210c72,train,True
1148,5a6626f6ec2c5b4b9e4e11b6ec8b11561e85a37e8ccb44a08f397bef859154de,final,True
1149,ecb572635fc360805bcd088d56aa9c501a1771012afc330e7d69d6f127376bee,selection,True
1150,6019597b4d6424c873406e3ffcfbf1a42638b39a904f9ee148fa77dc4e58d8ec,selection,True
1151,954f5873e052c15f4781647322249184e8525a9ca77a72d7e4d72906c0eff37d,train,True
1152,9324d1eee2297ad712cb8edc306a769b2fb4fb6e4d1433b131544810c971c974,final,True
1153,8a94b2d2b06f4904b25aa345d996cbb6ef18fdad049aa9079198f75ca30d13b7,final,True
1154,bb4e9148537be56884e540ac7bec998d6f9c05928bdc1618dda990f8678d260b,selection,True
1155,8784ea2b9cc4c3dd4e0d0622907b412afe6d0a844dffdb4dc7aab990be71be2a,final,True
1156,a3b7cfe0c998f858906474226c4663c7abfd9d59e1e71a2c35c13054d621674c,train,True
1157,30b54d43100edbdbcc7fd2e6488ab2d7859d7858b5e9f9bc3f1724f833d1a672,selection,True
1158,c57f95214aa610ece3c3fd2ca164fcb5de1778cba3436e16fe742234b66169f0,final,True
1159,c0dd9139b89c6c2f08a3c46a8e2c85170e034840fdfdcd40490411b211c0ac71,train,True
1160,ff09754a1d639028d3113624cfb40ee50b2247e1fc732cf74ced21af093e7ee6,train,True
1161,b47612934495b9a57dbb582cf80d4bfa745a83bb83b31f9ca937434134311148,train,True
1162,ba758e27bbd12ff7a028512b64785494fa7056fd8e52e85ce03f246a1f2b2991,train,True
1163,44b332466893acf0eb3a0c836dee0edd2c5b5b04f6dd5b137cd5c8eb7be66aab,final,True
1164,e0f4240020d7694fca1ad880de22926907f6090ac138301a43ad604cbc069b24,train,True
1165,da7f9e1b5304d04b49376331189e465889d494495f46b899ffdc274d1dea8a75,train,True
1166,66521fb2f3041b3123a176fad732f15bbf9e5db14931b4ef53e9e5acbb992a82,final,True
1167,0928cf15a9be9b25b5775f0bb326586a33ba6e91ec5708ef621fa62206eb3470,train,True
1168,e3b50817f187faee2d387524390609244b8a66424e1450155de155125173e848,train,True
1169,07f0bdd65526a3d8c9a47fceb440c8a851ccb3291b33e1e55b9523545024c379,train,True
1170,803928554bcc2ca81eafc1e9415f70132cee49b7e06a8f9754423634367491f3,final,True
1171,537a68c683507a463a853016e976df51a3b827344953ea57ef838e8140ec1ffd,final,True
1172,d1fcf2592a0e32c4c41c84ed08c538cbee18b1abf1884608b4ee9ba97b76e210,train,True
1173,24bf701967c020f42ad4efef99ac615e02d02a0bd84842e8c010c1788d03f778,selection,True
1174,b60f551c664a8dc31d123c7aee4561c79cca61c3e3513cd85a70d119b5cd4e21,train,True
1175,01f253c48e6f27952670d2355ac714bfa71f8f0e59194fb28b9f7c38f5e23462,train,True
1176,68f4ddb55615b4894457d32a3510b5453f1f552b2495f612abd46d86a96ad14a,train,True
1177,32941c64ae87614137c22a40e97424c57b4363d47940887adff3d1647f2c8576,final,True
1178,43cdf2cd29a8cd0aaf0970168fbb41f18166f13e5839d697ab35319e06cb42f8,selection,True
1179,43299d4d380e992360e9525bf1bb3dce603b8726cce811690e8cd12ad731f370,train,True
1180,f1d0c21111bf9926318c22cdc62b88c2b85fc2e27f802eb8ee4739c09bf68fc5,final,True
1181,d9affe4c697b5002e19df299ddcfe70b6f4e7257eda65420c0ab43e5bef1b0fd,train,True
1182,75e85223f2a99494e472f14bde6ca26e7ca5e1bac92d53234fd40ca9c766e5e9,selection,True
1183,4a2a4486f84851626986fbfc20f644b6fb2f2399311f8401afa3f688ba876933,final,True
1184,ad7cd8dca249b513135a0542ffd6ca14aaa8a49a369b0ae54bd7eb74c340193d,selection,True
1185,daf96d1ca5b742702cb9fc32949429d4df76c3f3aac48ad379ba3ada1f272251,selection,True
1186,743a73d184e4ca6a94fc383ca6807cbfb53e67b55339bd2803bae1c8fa9ea4fb,train,True
1187,0cf386a4e5f89ea80e554869f8ada9bf593ffc328b51c3e2519831d406f33a8d,selection,True
1188,094ac5343a065a66da79faaae80b03bf6ce19775c738ab181059a73ba34e9b39,train,True
1189,640acd2c05dcd160ea69c4f2dd9df570f711062570ef8ed530d31f8af99affa2,selection,True
1190,2b52169b4b42316d97d653ef9f71e483e58d8c98891b6ca0ec6de5552b898371,train,True
1191,47918c08640737a201b7920e9c40868e25560996f99e711f4246e1ec4ea5db89,train,True
1192,72c8b80396e3a303998588566b35295d876a83c7dc02edb0b548b43e20897a4b,selection,True
1193,99585fde266789255d06e510e0cc431b6334b125b82f573c8daf64377fcc83e6,train,True
1194,fc7a639c778d65264a9a5a06a863e27e1ab4ebd01b9ca5625941e3f0cca77149,selection,True
1195,3ba3e7b289290617bb9c0c7b899fdabfd460b19dcd5ecd3e76b4c5f0731c32b6,selection,True
1196,71c40f5e8e3dc74e496db37063c1d9181e919ef754af50eef1c7527cdaa5c989,selection,True
1197,4d644d710e597a7d82b69e41c222eadce732f5e0d400d369aa5d37ad8715c3ee,final,True
1198,0d76d2d212f8737f3fd858d9ca98e9470957aa27c1d16c0bb634080dff4d5885,train,True
1199,93863b517e8b476c4cc028f1b646dd69753138d8b0ad67cfb5eafcbf84f78d89,train,True
1200,ecdc77e883cdf9f7b5af8cc12a3237531e33645bdd7e67af6e0347fb0f3e92d6,train,True
1201,4ded32d6adf7537f4bd440e86e8880bfa4e3c3d062b79a46a9da4f622406d364,final,True
1202,f1e469616e078db1f8b305c02878b000eefa03868e841c4b926a58d531684fda,train,True
1203,c9a48cd84d7b8fa5021e392f8e2dbe659d92515023c18de5126ea405da4b34fe,train,True
1204,f6a3d24730b5be9d9afe021d1fe702fe9edcb31583ff6b34bbb00b71c0e54cd6,selection,True
1205,d386c52faa9bd8bde58fdcd9f5810a2d0e5cba3b6faaa55a88a7e58972e06250,final,True
1206,19ba1382d565bc9d845a170e38ee29fe49d2e6847b93459ac0ae70a9df3bf8a9,train,True
1207,40c59dbb8ccb75b2decde96d571474e61b7fbe01fdbc004818cdeb216fb7a058,train,True
1208,c0dca0001e666576659c47791c08a103c6f86eee1f70606d43cf4ddce5379c19,train,True
1209,55cf1f0aceff43703da844f614b8c6f872d4daa87aadc7b10ab64bb48557ed08,final,True
1210,05c466ff71e7d398e4651d93537a12ca4335dea1896a552a9fd5078815060b4c,train,True
1211,e0007717fe17db6578f6b403395c2f9b46693305279519aecdd1473e63617dbe,train,True
1212,a851e81d227376c647ae357990707b1f7099db7a5a0ddfaa07aeb7baa1e13110,final,True
1213,53384369a24bd1539751fec8ded05e280d73a89b9fe6bc31babd1d121deefe71,train,True
1214,1305b89def84ba7655497bd4a418d3163fc9452a19ab82dac5312a4e89b0bffe,train,True
1215,742d7b211790d6788124ccfe0f23fdb845e2cf1714a23731f8321df004dfedce,selection,True
1216,b29f9cc00e94d390a3a37ab961809ef3386ac2572522e3a89e4417edc7d03674,train,True
1217,a4fcada4f98f76c0691d36738b0e7f08de000de8a5b58ab1448e8dcb46d08dd9,final,True
1218,327fa553924fe0824e85ba9cf6d4750e6ccea34ca644760ea2ae25eda1ae6163,train,True
1219,030b303eecd1cb2aa5773a88de8231f0df03f62dec720d885dfc3853806568db,final,True
1220,b338a070cb12b2cf84be1e30728577db343654db63f76b2e95ede8c9cfc5c01d,selection,True
1221,3d3e6f75456286afb9d366fd2eb0f302b466f21f9f8de10c587f03c6582256d9,train,True
1222,1e358ba55d7f0701e9065a328c697cda8b58a5bfc82fb316228dcc4ea051c7a7,final,True
1223,2b72789b571463915de74215c37b31ab73672f894e135de1b59cf2bde542c652,selection,True
1224,d0846dba6c98a211d6138585feb894e57797a4a6fb6d6726536e276401581656,train,True
1225,04c00790ac75aff35dcd41374b54b90b9ce19bf82cbbcbd528555b0cd480cebc,selection,True
1226,e7d3564bd025ba99813aab840bdcb8430fd62454ee6d7cd357ed952ad622a83a,selection,True
1227,358ee147674be9279920a2955dea2823fee5e1c79c5ec103b0281eba2a924531,train,True
1228,88dd568baa3e7f698a007529b4839f5b9b8e3c5529237b1e8feaee8eaa64fb52,selection,True
1229,219240a0596a3f9a421b70db5aeac5ebc553951a7f353abda8a6728fd9e0e8d3,train,True
1230,ed81046bda52826e4998185cd54f4a979071908aae644abca873df38e8e006f9,final,True
1231,83ed30c692c07662dd14b1ab62b0ca8dc4ff85f5a6bf52a92004b5e026de1d03,train,True
1232,dbf868b1fc2513c23b8f14916d92a8233ccf2f734c8a04a77bd3845d167e2966,train,True
1233,0cd4a02f5a83d782ed808778ae8772b07e3554b2e3a8f5f0287a421563e50c51,train,True
1234,7dc73f546c9a84714daf6c9a3bd6c42bd8fbbf8bd8904ba86c9ff4c5bf871ac7,selection,True
1235,ab61d65aaf855fc41f71cb43ef11171fd4cdf91d515a402939cf2c396e89d009,final,True
1236,acb0b75bd5b6e5b6cacd38472c0d40f50d49234a43bfc396abe31511f9f43416,train,True
1237,62971e6b409598b124d19ca01aa88a8d675e814f5ce05fdd0b99d9e0a8daddbc,final,True
1238,a20e2fcfba2f393027a6823866b8b67985ff3393a825de92651fb5a0e5c11e13,final,True
1239,37c78ae75dd4b54636877912174a66963b13ccfdea31eaa5e8e3ae3cb6017a34,train,True
1240,6dc8122a74b68bc772be8fe16c378be38b32fae1e7a2949db781178bb86638e0,final,True
1241,4168a4d38893059042a14e41eefec4d043b4393d8a507455b4a9eac3652c8b17,train,True
1242,37516143584c95d9fa040944292f35d7a406a4eedbea4795f9f7ec2e3de2673f,train,True
1243,461eadfa5dac31233c7db8e38a9d663e58273460d2c6d91423f073c7f259c7e1,train,True
1244,97c522714bb46daa2b7c630ec1c2fa8482ad1b38d406e01250e8af296a9fcd69,train,True
1245,e1d979bdacbdf2ef02e2920d6fd620a297c24ddecdde2c29bd4c6eeda805419e,selection,True
1246,11682e79702510deeb5278dc2a1db00dc2a7be827e7e4fa9303ed2a43cd9c96a,train,True
1247,b175c58e219e4e8e2210abe0e6515a117141aa053b205ef36ed5bfcc706c9a49,train,True
1248,b9408b1c452839316ce0d86d900f547dbbfe785ca8bcfc87b9bba7ffd552f9a9,train,True
1249,bd1ab0e09f93c0bd78ca5162b4b3d406b7892f34f3b0eadf60e188d75adb9d53,train,True
1250,5904a9536391cd1fdfc55eb5313801445a0be21a796525c18c98caea44ed07db,selection,True
1251,3408c3e9361140cbebd59f0375d960506db93821f03d91fd2436630b48d6be5a,train,True
1252,012b1631704c702dba2a9a5e1ff7007e57244b71a71ff0273336e4ddb76bf591,final,True
1253,c38d72e4237c930da4205360481a2a51a79686d618eebe1ba6f0b60623825dea,final,True
1254,d0651b1f3a72bde77e5b4a412d54f77ee229d976338e005363be75442d93f7cb,selection,True
1255,55a35972a530a4c7c126affda052e85a5b46591c66f1bcdb1a5f2774b3307806,train,True
1256,be2af499d6e70f6e9387a635855b1555d42810b9ece905f0a7552aa526d61308,train,True
1257,f2936dd6a5908f4190ca5be724a3213aa5369e2132b8ae14ab312b068ea6a85a,train,True
1258,fe79858122e8f4c909f57c076ba2a0f959a6265fc4ab8127433a464cdd645fc0,train,True
1259,71bf2e7f2cfbc816d7f096115bde4ef3ed4af906471ad41fc22669924124584d,train,True
1260,918285ba8034846cee119b9502dd4a94c8afa6f65fc0285c5f3f92584e1b43d9,train,True
1261,e339c6bf5d6343bf2b8c1aa7be36a4128c6c0cfa6c8dc474d5dda18a37824af7,final,True
1262,9c07d99322488be3c090047651fc7da1279b7534d8bc3f42f0f2b65e6af8ce24,train,True
1263,4552be13d963c0b1775dcf51bd6a4732b87105d1e3b70c629742560e876bd9ce,selection,True
1264,baa3fc3eff0e3ab8c4340ff4d1121901bf1baac42e168a01e9483d343932e8f2,train,True
1265,7e6397e8a3fbb64ef531db36cb79baf306457ec284988d5e893c90c2b6bbb3b6,train,True
1266,21d8c53777cffec3546ca1edcc9236cb601c45bae2308bd66363adf6dc35b4a3,train,True
1267,21b76a4f1e5d9bb1f11ce97f379b20d53ae8bf02022712afb9380d030c4e6fdc,train,True
1268,79787db5cf41eaf32824017c3c9e60518b2f81e4830f035ee216b1a39db7baec,selection,True
1269,0eeb12887fff2559e5cc5d70dc1d21336c75d4eac7c6f3dc1f33d38ec7e82bef,final,True
1270,71804515fdb64051dc190406c38bdd26f5d79c24b6317b76674ecae5354484ba,selection,True
1271,1fb3f9d3c16a835b738d51f559059391222be722a2332acf695df1f11ffeebc9,final,True
1272,b5077a34dac05e05b0b03547f968039c02a54c00e77e70ed1c73ae3cb9f1c2bd,selection,True
1273,797e6c126ae7d6f997dac21f66b1bc3f72333b876e503480aa8612f7698ada46,train,True
1274,435ddbce4e7020192de7368e696a50ccc2d5e2573042853668fa06e379dee670,selection,True
1275,25bece0cde071d53c6129419e7973318cfbe4cb67255045b53a26641d5f40818,final,True
1276,c2a0261cf6329db0637bf691215e1652e653ab0369727b3177a1d9be6a4e8b46,train,True
1277,87487270d02e469c26b0cdbe2e2a6b6bc811972a5da7e3c2dbdc4d3ade1b925c,train,True
1278,5d322c717513ce1549b93af89b57892b785868d782f0e1c92da231696ce34f19,train,True
1279,40cefb65b3c964bc522157b835305bcdbf07fb282e8cd544baf4faf9c5e02c67,selection,True
1280,901b440717a74f0527cf164ce4ca86a2b9bf6d01dd9c2080947cef3d15809244,final,True
1281,5b832f4f4903905cd3b41a11db3060ed4d9450eca50d7a601aaee17398563fcb,train,True
1282,d80f5e317810969b64f9649dbb622e82b568253cfe0b6d4aafee9e771d6abb94,final,True
1283,b6ab68c72d186c118a3402680622c642dc2e3c13a506e66d6dfc9fedb7775dde,train,True
1284,d878148fdb258835a180930445c70a78fcb808fd9b998c3d2b849a43ba6480a3,selection,True
1285,3fb8292167ee1b8e7a7f747d6d3ce3c196d262c763fd7c8f156443a330a334a4,train,True
1286,26e9a234ccc95d66328e9595c97eb957a3f9304094786afbd609d48493b95345,train,True
1287,f54e4484913fb577a8e7c2cc8525522383dcfdb916e4b882e9c0305f99837472,selection,True
1288,784df1d2516650c5f5177929c1a68230130c907803446ac7da18954efc4541cb,selection,True
1289,dbcac73cb617373c96d91afbcd6cc5491044cfa0b89e59752279894fe1359412,train,True
1290,7c676804b1961c277605a8e08267ad3b2fc162738db47a7b14635bf33fd74ab4,final,True
1291,aaf13c5487cf527076b80055e49f9280e2414a4e2a2de69f3dec795984accffb,selection,True
1292,1a3ec0026e43d009ad7ff842751a3bd46b644876f25e032f7c7c2232f736637b,train,True
1293,f0a25dee043d0c132e3e6c8598c9c6258b9572eb5811d2f76eef18185b10e1f3,train,True
1294,227bc46eeabcad61a102a78ca888e4f0f14c459028f52c33419a5bda26aed857,selection,True
1295,c8dc35a63a20b110726d4088e79f857ba8120af5892724c70ef8be6be5c3b846,selection,True
1296,fab5436cf608eeecf5f1f9abdb95d5acd1826032b16b2f4bbe503fdba78c8283,train,True
1297,9497709160f9cb67cfb81aeea1c91e81e8da58964e48dfdb5f0c49afcf9a5a38,train,True
1298,72ed992b1bf2b933526a6d8814dac8f6b9c8bcb1ae954acebaa2c88bae0f32d7,selection,True
1299,2adc88c60e118a6563505611f3aaa1bbe55079b6dcb7ab5f361669470182cf57,train,True
1300,34f9b37f2fbb1587019de33095d6fb356d95f424217ab4ebefeb4da921a520ab,final,True
1301,b4f16ca0e7c9f3e82b772720a1c9108a8622d645ecc2c7f032839b675586a110,final,True
1302,49e029a5391d211f19922a474b546080515e6398f742d0ff8b1be501013bb77d,train,True
1303,b003434e02e9b4568e8d9e19162fb44db20da44dfa8d09b0f1aa062810b38d6d,train,True
1304,15ddbbceeb36e653f1c3d8dbdd04977bc0f6c8006bc3bdf8e2cec00b421e8be3,train,True
1305,69dee953ec53dc0f70e248013e2e61bda84c35637cdc278685fb1d068fc03ed7,final,True
1306,48b814760bb5b8d6e47140d82115266aaa245bac337f976218d906ef2cf863d3,final,True
1307,5c7a2d94f6e6ccb00db84ba5b25b0c74d0b1740dd85a63f1bf185216885de2c6,final,True
1308,c5d81ffff1d2c3178900e4e10236f91c673dd65b00845b14359287424185ea04,selection,True
1309,ef35059e020dbef59fcf4220da946d7598d6c9ce6cf7c8c3704f16a8c6c74777,train,True
1310,eebea3e73ebc9f6466413f5e707b664dc2af183993d68df13ddd78ec48cc9a6b,final,True
1311,aa1b1cca6f339bdf60b2c0894466f9f7c994d3b5610db08f56421e6c44db6a42,train,True
1312,9125f5cc7b1537b9277dfbad4567308c7d8177e247de9936837d000bff6c3f08,train,True
1313,0d36ab9fcb7e87e8250f7b1d0acb44cfb7dff389ae735dec293953cdea9c5c15,train,True
1314,d7fd4be9af0ee902aa0f7f329c5e141a9c51efb05df940ccb244a8311b6e8e98,final,True
1315,34d18fc58aa366c2158b996557e6088a22831be4ad19c3aeac110e9cfc137c34,train,True
1316,9c17672945c891cb309c5469e718755ad3fbd6995a690f322ca63b37ce0abf45,train,True
1317,494b2ec13ea96e1e0c7ea003ce181c1451e1fe258177b1b6f1fc3c4aaab58ec7,final,True
1318,eea359a99c39a1c4e4d7101eecfb6869eb8cdb0a47edff567dac7b370a6b9bae,final,True
1319,22433ade370a935b2e54cfaba0d7a10688cc56d4b064a2c6c7dbcae55d70ad69,selection,True
1320,e9b77bc646f9c224db716aa1e4ee1e0a7d9d55dd01b7ccab819c681ef2129cc1,train,True
1321,54c1bdfc815b3ecf702e607fe1905767151caae88b3818e5fe847a1d18ee21b7,final,True
1322,682feda7448f50ae1eae7e221881bd07a1446d45dbd1680b0f51bf804a81d8f9,train,True
1323,bec056a7a574322ccd518b06b506ddf6747ac0c12b7d933a39606a9477a80f15,final,True
1324,1ce49b5808bc109098cb84e4e286acb68ae713925b0f9a3da850bf0230ac49be,train,True
1325,e9e4642f246aaeea8db62d596686ea1aa7dc010448255572a6bf2390ccc9e609,train,True
1326,9898704baec372779842dae1451b9e5aeeb91a9ba62512248883faaeafbc2785,train,True
1327,7800bc8a677b605973a00038641bac8c4068b3b8486875151135f27f5e5d4be7,final,True
1328,71c20f254f400192bb85811296ee4701b8c792979367e11756331d9856e56b44,train,True
1329,1b4609dafa651a8f4dcf486ebbb4fa8653ccb01f01ea51d8127500578b917668,train,True
1330,653e617d4d8934d6fa834d9d33beccf53feb92e754e3dc8443cfa98338382ac0,final,True
1331,48e5934eb4f5041a6606a7c1eda212a8df18617edf128812e2a7cd20c9a90988,train,True
1332,5dee66928b3bcba98b6a228af1a95b3808386bbd040e43949d1023ec1bea9e55,train,True
1333,85a8fa942642a9fb6b6dfb5a50c36993df3b7eb66b418b49276ba5ae13b39cb8,train,True
1334,89e02dc3678af00ff0679a33fa4fdba174e97ab7731c711a2eb43613aff5c2f7,train,True
1335,9576ad6e228de65a3bb8ec38f8209185d1467f8e0ffa9d63be3f302e4eedec14,train,True
1336,fd96925846015423b6ba906d2d927760a112ca277989d7c8bcd8d4bd40fabe1d,final,True
1337,afb76e5ecbfb84c4ab0aad124c036420b0549a48aa5b2c644420678035125a3f,train,True
1338,15ef9815bf9cf0ec98f0c57089dd74336ed70214eadca4aba6335eabe0ec0abe,final,True
1339,11b3c9e1155dc5dc96449b56b2630bbf0dd2fefd22d9f0a5c9721a97b9e2cea1,selection,True
1340,07a63a8af51317db901f0c62e8dd45734d3f888acb1e92a506acf6e79cdf5a95,final,True
1341,6d89cf3cfaefdf3969b05c9a4c26efbaa1cd75df6f39070e78666d83ca8a8016,selection,True
1342,7b3ba166d6725f4b80e05596697e3779607e1d1b518b941cd21bb989ddc697bd,selection,True
1343,dabd9a6fe4701b0fae09c987e2268a1b8bb9fee945267ba78da18293faab9618,train,True
1344,dbb68d56a7582e4b383f71f44e61260e8c2658cd9109ca1f87a721938fa63884,train,True
1345,2593ab40a692feff201811eaf8a5d1e33a228b82912ad9b9aa4b043d3417acd5,train,True
1346,23541950fdc4412ff045adc496648734d449ab0e37337bba3a0748ca78851b62,final,True
1347,c649f2fb7d923711ba0414bcfe4e5cd9bfa6c9e70f902732e3e27f7eccc34690,final,True
1348,6bfb6707749e19c7608cbefcf1fcb2e8a0ee174f287ccc8fe53cd68ad828db81,train,True
1349,c7f076352925095c597f54cbbc4452be61f7607a4fa00fe1c0668aa6ae3f9252,train,True
1350,75a061e94d35b8dce9ee2c419c4d8a6d97745c71303becfd9e72997bad640608,train,True
1351,70e917957ccfe934e5946a9093e8f1031820713f7d64dcbb91af2d006cfa9b1d,train,True
1352,b10aeff2d34f60a7ee9d0665d4ac79247823f8036d401acaad774cf395a98865,train,True
1353,a3e6a99c616b40149460e8af7154559f7392ca668cefd37f8974aa34326a923d,selection,True
1354,c89df67efb9a8560a0d165f452c766b6ff4e1a2f9ec1606d352ec721d7e397e2,train,True
1355,b96e6fe06bb119c590c4184d5b1317e4157ea77c14acda92b1bf6823c0bff43e,final,True
1356,43f81245e6fc0b0a7321cb8e66a241c078d12143699ec37d4a4d613a1fb17977,train,True
1357,29439fafbd70b18605566702eca1f3465537ec84fa9a89e5f61f00880182ce9b,train,True
1358,d969fe0f35a9999aa5491969ab8a90286adf5cce4d1a65f20086db77b7991c28,train,True
1359,5dd0aee09cb6af36db333caed7b40c21d7b387c4e0315fe9c76976536e422f97,train,True
1360,1750c28b3dccfd700d4e1fc05ed9f316ec4daca672a9730a9f3f57c860c06a90,train,True
1361,442738a8e2f0d5c449f17acedcc66ba17e86f020625013ab5e2565a7fbfcdfff,final,True
1362,8704e94cd28294165e2875cffc9b948bdb8fe18b22746cff0e2d7e743bbd855f,selection,True
1363,75b5676c02e1de49ddb60b03534fc11c7432b878706171edac4ac7bce6f8e4df,train,True
1364,b0663eb13e94f8954851526ba9d42fb789e68e7d33468e21da7fdcb2658a54e0,train,True
1365,9d27dd39beb4a08128fe26c8a214e8c170f01cc71e0e976c8b567643cad9b293,train,True
1366,c9e47438d695584570541cac1e3e7324cc070fbd767ad6b9a8b6b2d1b41c3bc5,final,True
1367,3c2fe673a1b27413414bb60f4af990e20fb2249aa8094894fc0520bc748ecc7b,final,True
1368,0db3cc6afa6b0a021e4ac02d4dd90ee127da3e0cf14b907785ccd2adc1cad5a2,train,True
1369,601169926db97511daf5e36851a37c6c339969131f56df396c829879eebfe303,train,True
1370,5de5a32a587a65ef9b25a73868a5a164713febe9b74b411d82f384a52dc097e1,train,True
1371,e3b3643389c689f16f97fd2fd431b05a02ada80a26427d6cfb439e707aa00073,final,True
1372,ab4482eb9f9d672e8010e839564c4468e6dfdb10cafca9a072439f3ddd9edefd,selection,True
1373,3feaa42303804ecec194955eefc7d5f6fc4ed50ace3604a9668befa68c19e10d,final,True
1374,5f0e27cf1b48e192ba80612c30743feef82b68a84ee43291362754ac81887077,final,True
1375,32f44222bf89ddb2b7e53c65359fce48d0b810d53e27ef9212f24dce55816ee9,train,True
1376,4d7f9566c1f3b1e7c382d88a958b363bb85b8b0698a53e1c7fd137b2913dc8c2,selection,True
1377,fa7bfa722246339e7d97fa48fd347c2d624fe53ee861362c20f57999b2514a60,selection,True
1378,e76f081262028f1011b5208630b8885755edc18007806068ddc70ab88ffd58a6,final,True
1379,3adcda036345e1e8d5d2805b0d4f8284611b96551f62f8e4244a95094a02a8a5,train,True
1380,b8cc0f030a822f17b77ac7167bf2293ac2a7f86142288ca5f7dc35b87601e3ff,selection,True
1381,a8fc1a638e2ce969133c70787a60f2b8d41d61a041471457a487eef490958502,selection,True
1382,2b7464f0721bcab6737ad5d6c427f1e6dbc59618dafa5f6016761f219b83cffb,train,True
1383,049b7e875d186f7da8a5c1d32b10a049fbaad9c66879b16080e27c9ed060f0d4,train,True
1384,1992f262b6e78a6caba82bb7ef4f499db9c74e60f05f25c7d42ec79705833ce8,train,True
1385,f0f92600b4f0e39e3685d7b166aa44d9c266b39fbd7111470511b619c3fe0c2e,final,True
1386,0cb80259d75cdd30d4076ab80e16f92296f888d3dd4a2323b4a55043cef02c0f,train,True
1387,a2fd488e9dd709d4df989a5ef0ea8d9544a3b99ea8e451ddaff41ca49814b229,train,True
1388,f7eeeb95815469d7c55e7edc4b837f0f61a564cfe6792a1827e2f852afa79cf7,selection,True
1389,e776b82b217410273086b33320f2350c0f87e9eee8631fa3754ee86250324496,train,True
1390,aa1870b6961639d49b5ac2087b963f3659852ab6e487124f3b14bf9f3eeff964,final,True
1391,7c45fd3eb450b99cf0c72b6c324574ebe36e48784b01e6037695bd24e0cb5606,selection,True
1392,434e46f6a92cb750f212ba2b48d4ccacf825c05ff542ebd880413fa05bd67f94,train,True
1393,1895831315691c14abcfe9f05fcdd7cf3903f29ee98ac314f95d90dd3e5a222f,train,True
1394,bffc1930eb15257677c5b4c25c77a8ac3b33d352e482666a11ed400b9921682a,train,True
1395,3417ae5a4e65adef243c22dcd67a177687ae83f90e3a66ebd22ea43cb915fc2a,train,True
1396,606b532482389647ea085fe7031b3bf04d534c8d5c50d78ec3a17fabb7b90ff9,train,True
1397,06b09bb1237c430bfd8e741b202427613206ca761b8143c1edc78752779c2230,train,True
1398,1b787c206f154fff92953e63021a704e8b693a356062783ed62722889bf0c7c4,selection,True
1399,473f82d9e7a984e438198ada26d30b69b2318e614a3eb548b7b97a2029668eae,train,True
1400,498227ccdf32d76f7d494d93d695555019b94de8314a0d64ba86ec344030b67f,final,True
1401,86108e8520d9b6876a70e0a3fd6c9b67a99922fd63307ba62a8937fc1d5b1550,selection,True
1402,38075d5d55fc0380ce348fe43e4ebf514318a4e206e498ac87d29eef57cf8cdd,train,True
1403,72676271c98de77947702ef3c7ce69e8c9eade84be012ddf24036bf41a7123f0,final,True
1404,c9dc9616a352d6d967e6c8e752730f510571c00f02a46dffd44bf2e5bee5d3b4,train,True
1405,28a1890192ef8bfd9f9b45a039f7157a40982f0587d6b9bf8102108ab8e0865d,final,True
1406,8c23b8cb2386e72f6ba171fa729af661cfc56ad05f54a6ce21ac9cc8c559ec53,final,True
1407,917a3d795e6adf17fd72a0d2c17b8711405ed827b11d76ce4e25fcf535fc3d24,final,True
1408,51d8efc71328506446f38341e1a2181b009433ae4782935d67136aae448870ef,final,True
1409,39856f1515022f609a6abc96c76f4623161478d017b727033fa88e8d51577d44,selection,True
1410,d76831ac0ebb2fbc08e6c2aa3d2f76ccb57744d54dbc6c7e328cea951447f65d,final,True
1411,712fa906632c613134edd88a5e7fa050ea630ecf20a1a289206ea41f2f4f1a3c,selection,True
1412,3d32dc581dce363a0f9760d784a140357657472b09543f2344932005602ddb4e,selection,True
1413,e78956c848ca428f268b4d4e81fd4857b2c9b5d42f98c541acfcdacd2ebd554d,train,True
1414,e311be273c0a3290dedeb13c7238248ba34743e29112293da55865977cdfb5c1,final,True
1415,b33dc128cffd0c3a322165f4f35a18e993187640914c094f037580d3c2fa1a95,train,True
1416,7015f0dfe3859b56a5c77ff229820331fb9f47a4bf25c4aea29b2400176ecc96,final,True
1417,11c6f4446946c438e745699684105f04dcded3225a00c8a9df7f6ce4804fa418,train,True
1418,6150986ca7f091d3326ca1f66481bd604b4572cd339474ce6fcbe9fd9a1ced98,train,True
1419,d426a15c23289df6708e667a9428f342fe9ffb3a5f19c33408b8e5b9cac0d7fa,train,True
1420,126fd1e19f81deb312cf17a059e5afde5dad7496ac5679a0cde9fec7e6a3e847,final,True
1421,1f0dc690b1a6ad677015dae73141e306de483aea8df7078e4edc8f370347180e,train,True
1422,50525dd611e732f8e285fc8554a818ce872d6fb3ad506ac195ab166e7f857eff,train,True
1423,370170e6b8e4ef9a796f2196f279a771c4e125a46135d7f48777d01b59bc44d5,train,True
1424,56077f643b61465fb3f2c13256db8d5e5da2f2ce6cb47b5da91c64865dd45a12,train,True
1425,7188440c6d20efafca970f511753416e0efa414b13f766ab85de2a32ea5d9899,final,True
1426,d4e3549283a1af98bb0a10810a3457f2154380e2ab1e8e0970daaa4412001702,final,True
1427,1b89c07490720976437b4b2a39549d9a61be0b98793696a35ad18c9edb972638,train,True
1428,617959389f39116470f4d87d3370392939fcc40feb8aa42a02c156519a7d37d5,train,True
1429,c3393181afadda2813a045c7c07ad9fb23d6d75ca779efc3b52fb2e9592aaf3b,train,True
1430,f6dbc9da432ce62f2fd6ce4a28c712e964da6f5fd85ffa50b144f95acf3542f1,train,True
1431,b3659fe8e1f56af39f4b56267b72472d5f1c3f424a586a5dda62742c8ddcc549,train,True
1432,6c8686b70fe48ce40178e51718937b18b9f9565ebbf3c86dcd837de45e92a3c9,final,True
1433,c44825e4e07ca8df4b5ff8e5ef9df68b2129768c0807b917425a557691230d09,final,True
1434,58c1c1bdf969807e86b69554a08dde6796e348ef2131c3001d70d0827b8b6a5e,train,True
1435,3645e2c7d66e0d4b0418057930d63b9637d1c1e0e2b304adb0acf6f66c75529c,train,True
1436,22e294afd111c14b806579a41275d72be66a606dae1938adba4c70aff7b730e5,selection,True
1437,4a213de1b13c0a6a4fe322f5d3d5515823853df6dc2a9ad6412f32adf2df0f73,train,True
1438,b36bcfdc40556f1a83f20c33976c402ecc995e297f83db55c988e02ec0eacfe7,train,True
1439,7afd89933186d1fc13882845892f9ec29b0e8b312ebc85ee8220596e51bbd6e5,selection,True
1440,051be0f96fa149b76ffcea9c83a033590b0ded81bca96d82a431d8cb195e02ab,train,True
1441,af88800bf817a149b3f95d76c8ca81214db8006691d95858a9c229d27e169dce,train,True
1442,36e6c4f83f6e7742dadc6517dfd781181bd7734aec45bcc84d2c50215ffd276b,final,True
1443,06cc9d77a419bdc06a266ca6b1059ebb02648a914083a0dce84ca0ff4f1d2e15,train,True
1444,f67e47ec3e7bb5ef1bba9bee7b92ce943c3eaa6b29bbbe92504ca57df2d53fd2,train,True
1445,457e88288604ecd0b1344b70de344101bdd5ea72b1c63a2839a40f9eb54b8c5f,train,True
1446,9808b002401af9a56d5391be053febe414c4420e7599ede88659a838caf345af,train,True
1447,b8fb7238f97ddabbcea69cb9e57570a8e3a802380cf3a60f4279a0d890e33d75,train,True
1448,7a72ff1a0d091f199bf197bfb1c12a71110bb313d80e480ecade83041e832eb5,train,True
1449,222958774414641b84615f2833e24ceb2729474618eb169ebd4e0f7ff46592bb,final,True
1450,4315b1f602615c8106cea90192ff77dc89c652346af7aff91caf58d23845dace,train,True
1451,8313d12bb17189c91f3fdd404968b2425c3d8cf8f3495f6b98aa6215b63dc7f8,final,True
1452,5ae4c32c5de7128a24a348c67c9761398391e152495377290f7d8a26a59f9e91,train,True
1453,295f11b1b3525f78d98c4ba1029a5b207146a69ef0a5c5219240066fb32e4534,train,True
1454,4bb17b7bc6e05a2e11d19fc0817189feea868e63b68ad1fbdc547611d25a2f5a,final,True
1455,aa3fe1c066afb61eeeec8e53a56645c3b834224f5ca5aed6dd02d6ce6553229a,selection,True
1456,6aa3e52b9981fb15cd18ef604e4ce36ba0d3fcd567c9b1c338cd6d237d450be3,train,True
1457,17976c03b65e5f02b682fd2619c16388802f7167cf65a68347662f869fca63e2,train,True
1458,e29ab30b5e10558cd2623e67de7c868634c58a9f9851f03724d44ac0c7773bc0,train,True
1459,52ece15d35780ba4abe3731af157b16ffe88892a2ac85dde457f9dbf0c76b1ab,train,True
1460,c28b097c6d74f1a2d980e28d2fac5890ca8d0b0eb8e38e2e860f035f8097d8ac,selection,True
1461,0774f335a8a97982b34ef0a3b792db96921df53514fd6cd299f7715f3008d3db,train,True
1462,d5e8f98ec164b4cc6c6089975864dee8e1385f1344d144f6759a0b613f915df2,final,True
1463,931ad826ce24104bd217c96a025b02013429c2e5d5c627390c7b79c0b1163916,train,True
1464,86fe96ca976d53875c2f5e0ee52c38a29b5a4bcc7d9bdd5c245142fc5e226743,train,True
1465,aaa936d2ca5d150cc444b00ff01f44733ee0f647caa8d4aaaf45b59d7181f31a,train,True
1466,ec64a4ce4e02bbc68b8c1a9c6f92a2b0c133f141106c7d1f4f1bd38977ed93c0,train,True
1467,0b50fa56b550de632edee0710b8507c061af12af55b9d69b543ac47b8f9e0126,selection,True
1468,d83f74eca1b31751eaad449993b61c1c6f6642aff53547ff82dd74977f57e4e8,final,True
1469,83eb5ecb6581ac055aba59fe20f4dba27ebc97ed74f8b4d527110dcf137c22fc,train,True
1470,be59695821aa68f3df575c5b881bd6b8c644882306f22b5b34bcd8205e2ba4f0,train,True
1471,df3cabc5e0708507de86b55cd48e4d8b13e5feee6ea797904cc5e5ac4f7d04bf,train,True
1472,481d6b21f9383502b9c9c379d5e42a0a89c00ac16995fe52f296791419068255,train,True
1473,8cbcc68d553bfa914428f56adc767ed66c9dbd92fcf3345b49ff0728d4eb53a4,train,True
1474,f465361b69f427e49592d2948e14da0bc5b905f20009b3c700330e3a7bc6f6a4,selection,True
1475,177bfccbd906af401b6d08f391346db867eba4432b2fdd2bc7f4b2af934a720e,train,True
1476,8b2d9aca94b511ce2ecfaf63cc9af09141dbac37090cf744143cc152337645a5,selection,True
1477,27ca30f81439c6c1c28a9509091ca562d517dba6daaac0bebbf4d20b13456b92,train,True
1478,6b0ef31db2d4ccd26551637d64a33247cb16280d575c4f6ba67a87d56b5f665c,train,True
1479,7949a71732c240989993627b6ff1e2097b8abda15648b0415eade34022e6d9a2,train,True
1480,3257c24a5c956f026a1217930b18eab00a49263d12f79ee10958c5ef81cd2327,selection,True
1481,8191177d16575ac5e74de787099ca1417ba75f199c250a508eac0112ad26543d,train,True
1482,c8a8aad47e87d646101ac6487f07aad03ec81e7e2776ffe52a6c7977c2d8485a,final,True
1483,1ed64c9266c6a8e9994f1bbde2366c51bd22b9aee16146438411f9a7bf0bba46,train,True
1484,e20d597b69e1d01c7ff992878971793546cda41fcb85789027b3e3cfad2d03c8,train,True
1485,eed592db51924a9ee6320bdf6bd9dbe47ab7ddf5612eb84b077a9d1bc8bc89be,train,True
1486,746bfdc0311a19dbd50cf66184f6b270d666691524faf3503cb015ccf995bc16,train,True
1487,ca4baee4f3681eddfaa64e4eb97061a9d6187db93273bbde99f5d2f47eadba7b,selection,True
1488,7fefa990c6349349f3b9619dd94a4c3bde11cc5d28e11f6463a6007808701737,train,True
1489,393d0c42c000f87566427e9dd113e70dd4a433a00ecbc74f86fbae4c3dee9143,train,True
1490,f721f29a49b361ee9ea205db618c68d431f0b2e3b5607b89d3d103e5081ac1e9,selection,True
1491,df5ccc5d68d83ea7f6cfcc23f4c39b95d50afef098afd83105c8c6b874ea5fe1,selection,True
1492,db91ceec7540a320012ca544956913e5af2f83be36b8fbbb5591dea96f95b516,final,True
1493,ff482d37625c8e49337fbe0d547e507410d10f939c812fc20e0d48e59204c8dd,final,True
1494,89db10a0d7cc719c3f053b5335d55ebf72e2eef8368a8853c705b250c8ff0d75,train,True
1495,7c42accb03bde517b0f0a11c2149dee3c52f013d5d63a19876a46f470801ca9b,train,True
1496,5a93ae8df29204f565ebf737d7108963a0f8e8852b16686f6ce105bafc337105,train,True
1497,31c679b427f02556fe8f48112190f7714aebae4a2affe45f71e861e85ed2a344,train,True
1498,aadc004d7851319c9b5256c645d1dc5f7068fa8eeee36fbabb69a8541d31fc26,selection,True
1499,67772af091d2d4d97269ce5f7d2b540523a8c790c73dc83d903eb6cfd7df6720,train,True
1500,6e9d01b75fed7a21e8e5a05f9514e1df898341e54336820065b35fb2963a78bf,train,True
1501,8fb215e00b9727d00aecf68518a5a849e4ec96c37095901a8a856542c2427bf6,train,True
1502,557e554f69bf7c4e0a7d100aabde3515628d9883a740c60cc20c9ffded2a4e39,train,True
1503,47e5441fe5bbf7ad8eebb054226f33560207901dff35cffb1927c8520f448aed,selection,True
1504,b4fa04cf1b975033c46d3342de3e7d0a1a139536d6937075ebf6659352e29248,train,True
1505,9ab30aae8c00a01345251d7f0ce5cd32a8770893124f2e64d6940dcf24f3d471,train,True
1506,51c38dc523c8dd342d9405bba1d394cf6bea7e1c4bf09a551c096a6de1e9c9e4,train,True
1507,b8db806a5b4c1fe2390fc339f5b3a95ab70dcb902090376534ab9ad9e556d888,train,True
1508,df8bc2729eb521c5f1651a98be25130a393d64e2f059a266f78639b9d5868b79,selection,True
1509,5cee0d0b1d4cd3c732b3813ad364f01cfb5e95971eebd21415874475e5ffc199,train,True
1510,0d4837bb1d4f9ed4d20e18c373cbc08e723341ca356bf73eb39ce8d6abf30caf,selection,True
1511,e8c41650fb7620c4053fcf500e0e204b25a256876665b8d744b1f4a728cf2995,train,True
1512,1e1a45e60ff91199473f66fab482f20b60c39002fe8733b36fa67e57b0e1ddf4,final,True
1513,8a2b36e236b50d8ed404fcb371e813003d2f526344866c4d6bd71e7767694157,final,True
1514,20e28666a0adda56943c81a9432c638c40a5f925d64380b4093a5cd296dff247,train,True
1515,16d3d98db02521a101d07349e24a4b5465fa214cc54462e45395f0cd421a6b58,train,True
1516,1aef3a08659c829211db00c24585df9d641345de10895dc14a1fb84aaf8c5631,final,True
1517,3dfbbe1947cac311150faead0cc8ba607391ccbd26130e547637654951b0c280,train,True
1518,4c92bf6aae00d7fd9a7ef0ed5d420bc3b71d6b37cd4c365beacfd3d2be5af095,train,True
1519,857a82016848d576cee3c6646159e0382117378f0506d2f5f38a4df8599c3f74,final,True
1520,d292bd5a67aef079b3f43797637ef6259a441640f2b2dd42760132e1a79106c6,final,True
1521,e95e1cc920db04d950d74cf017821c1e4eeb0881c9bc1e5cb265b4d8b34f1c7b,train,True
1522,5ee9229df4fee8a488a8a9c34ab3618a27d568078eb134c921566283f719aa94,train,True
1523,cfccd14b5f4c638e8256213084cdb0c363a047bf1274bd7d474b0a4421ac5074,train,True
1524,b7c4bf7948c34a96e0365d3be2436c12d454f0b8605df73eb063ab4e76e20932,final,True
1525,2fd191288f374330354af5df43e789698bb01966c07cdd84ede0a2fc1c64b55e,train,True
1526,b81bf066863cc59670cdcbb665598a91c9aeb64941799bd9d7bc7c07338f09fe,final,True
1527,21c3abe171396afe0921df11f737d5aedc04357e46a431ac21cf532f8a7caa06,train,True
1528,4cd48a0fc743dbeb018185f3701e37b2db172c68e2dfd4a209338160fa72baa6,train,True
1529,690a58c2f79c30242030384659ff93f6986327b6d88982d10b1d6496ba25c114,train,True
1530,2df9650a1de170bcdb006d88d99b39fd35ee90cbf89fe44d7a49ccf161955d52,selection,True
1531,313e0dbac317b768565d0bf9f609af0de8d5424607eb3b6c017c7d4868ef5fec,train,True
1532,457bd54034b085c56d8ce9ece608feca15b9e85e2f1e3bc77ba6eaf4f7d3a178,train,True
1533,09be4439bb5bab4c829880d3c5d99a5f9956b609418cdb79fc90a97e276c4603,train,True
1534,37dfc6aab6bce5a9f75fb439fdd855e330f040e7a5e4e7a9511aa789e0f9d1dd,train,True
1535,b2f78ec6db0a8770ef6f5291ad856ca53f62490e20cf8a9c3609bf673db0cc12,train,True
1536,f69f4e431ff9cb7b189bea419d069ddc1fdfa4a709f59ffce60530fb7a72ddaf,train,True
1537,9e16b269798d234727d636edc27b393ee06d59b21975b8cf5841c33497ddc65f,train,True
1538,e963caa2a91aa1e84645f9951f3f4678f1ee2812350a7e371594592fbc839cb4,train,True
1539,c1085ec4ac7f96da537c850f240a7397aba2b8347904e4728b076a94241e0bb9,train,True
1540,7df61d06b7a555da7981f544e7dca486f769f20351d556cb61acb46d963c88f8,train,True
1541,ffafcca53cd27bc368e997188981d665170aaab441ca02ba7d4718f5799ab6b8,selection,True
1542,9c0255a68a3b67a8adac82ab0cfb2dddcde7c5758c631e518c0045ec1532f16e,train,True
1543,b67dff90f74b234986de50e6832caae13616b31dce8dedd0cd8f2c617e4eb344,final,True
1544,4ecdb142888dd2ea060f580cf41204d99a08c842de04cd45d3c365259e87d1f9,final,True
1545,5538ec8f116311aac8668637f663236d2217b82949ac642801c9efa06efffdb7,final,True
1546,a012082f98b281459efadd6cc8d9f441ea87e163efb74948c25d66d4fee2a114,train,True
1547,c59862d9cf38c5af7fbd4e32dea7f1165d24b6768102a80a6d96fab18583ed7c,train,True
1548,a88dffcbb5b4a6e4f49df8d9029f2bc14c918d0877f77d97a0cf5ae627175851,train,True
1549,1d4da54f510647d0bab170e1b78ceff679d1b4cb76252216f0acf9b26c07047b,train,True
1550,4b8e290cde26228b58c939bed47536373b922cf81e8471b607ec4c4b4e12fd92,train,True
1551,54712db1bc6290f71023a7b43693e74ae53e5aa89ee30bccc20ee13fd0751b1f,train,True
1552,d61de82777ee3c8bd5a0bb5f60fd3839dc2be47bc4d17e3d4e2297f2f442e756,selection,True
1553,5e4178770e2f90de0b68027a597dc118d24994d5f568f92c5d257e687b8bc8f6,selection,True
1554,ac88bfddc9b9d6434fb505f4e0df20a8d5479315af19774f2e6ec12501c0df96,train,True
1555,fb758b76759595487f0042ab0ee061a0e62d584d00839921dd93920303f8affb,train,True
1556,d1ea834c0a959a26d357f1b653dfd0c4e73d430d8f897ace48cc3c0dd7163fdf,final,True
1557,5c9b3dae9b54323c181918a741d240c525e2429a9965867c8d879bd7f04a9446,train,True
1558,254d7467dfe694cd35dc7e43bd29ff0a316701f236dad6a033944282bb19f6ae,train,True
1559,0fdf5bfc0980755d1afca07ed27ee2d5bd70e80d2e878344ddca4e683eaacaf0,train,True
1560,35a328c19020df1b579cede0a3a82e3b81bb1338e2ec2da90562c5fdc8504829,train,True
1561,2c8a33c0143a5e99c445d8c69a158c459fe0aca0efd74b1c191c60ddeb89f5bc,selection,True
1562,842dd86e903a4578ba8e7b2d4d7d2ea5a592d88d657a5b660095d38e5ed7b5b3,train,True
1563,d96e61475d3eb4fcf894650e1b95b99fb312b9af4cf6d14f4b6350b9e5d94151,train,True
1564,47f80e249ad57adf23af70a8ea551bf3622042a621629d1e3bb5ee4b5f4ae821,train,True
1565,1f9adbc6b0a015ff6643358b5fc78793ef8079b2f19830ee26dd26c94bd05ec6,train,True
1566,9babc1862160c6a71e0fed44422a317e8f4218203027282447aec02c28396e39,train,True
1567,c0204df1c3291e9881b56b3a696b6f3b5c35c4201e21e40e3585cb6ed5667f9c,train,True
1568,26270f239d3f869ac363a8824cd0e9435f017c0a7083633df01a65dd5efeb438,train,True
1569,017f22079f2b0423ba4440b6fb8d2003fbebc2507427daf320a5f4042dba7d5d,train,True
1570,890c661e16339615099d54a23310fc455de536428e17df2ce0ac0f51f9006eda,final,True
1571,ef29f06bbb97234c2ec67b0167f742935bc040623d10dfab69f0d662a3030d25,train,True
1572,7eb9126903aa1813a7ecfbc65be8ab9c98fa28f7abbdb54c73b90b340346f670,train,True
1573,e11b0afbf0e4ccdaa13de01c7905d3bdf15f6bc8a0bbd2027600538935544301,final,True
1574,1e8d3f32cc807ca05f61c556f4ffa61328564e28c82b655f57637ceaf6dea783,train,True
1575,4f0bfe7085b9172a16ee8521386f9bca3dcce81ae76deb72815e079271192ab6,selection,True
1576,ebda31f312ac1af5a98a47bda0a4876c723023d39ed9cea808851becf4bf20be,train,True
1577,078d24aa79f20f1f3b1987c21836e38cc799ad67b6c99635422635243eed9abe,train,True
1578,826ac1fdf897132f683ef7bb599166dcb6b2f66143fbe620554bd7248a74c1aa,final,True
1579,a6206f6940d3522eb5c827f0e232ed657da0e82aecf337d91a3d9b26c07eda57,train,True
1580,8a6d5ab1e8440a0e7e43874a10ccb258ccf7cf6282420420731deee8d55b0463,final,True
1581,86209295e27fda011cea601814458ecf2250fd18e18cc82f9799ef125a500296,train,True
1582,2f785a3183748ae34e7398f792f5d74188866347cd27d2d3174bc67111f2380b,train,True
1583,5f8f2acf6b85ad11d2f5df0cb5bfb83af20b137dd2b68163c20bf85182ec6fd5,train,True
1584,e2a8bdb60b0f7d821a7f012a41b5bc6f26c3059a971cc79544f3ab14e36bf3a2,selection,True
1585,e9984f6659d8c9730ee71b3bbe890c24cb673547740f0ef5ab5bee52ce882a75,train,True
1586,561e1bf9d3bebf7036f8ed127b39b1ee9e0ee7afa23e28b0f95309c91df93dcc,selection,True
1587,1b222c9567fa76cfd61ddb574422ee60022b6fe6f5b013c09c10abb3746cb2dd,train,True
1588,ca2134dac4be8919cdf220eb7b0359b4539b37b31a8f2b8a82dc39a83db4a081,train,True
1589,f8c80d4136e177da341bd1b23e29db6a6a82ff739a86a0bba6a72c4930649f7a,train,True
1590,a06b5dfb1e029d2b95543f7dd10f09e7c4b13c2351cc56bdd975247709c339ad,final,True
1591,8a9001165efd59459c18c819e64d44c1d3df677e0d29686f404d7b431a5c1749,train,True
1592,611ae7083427246e6f68ebf96982c37166d1a157061a7bc2c25e14a0953e88a9,train,True
1593,d1aa133466e128a6ffc90718178d48fb42f108394418b675bdab90df4ee59a2b,train,True
1594,28b04ca84340f445c88860120616158ddfabdc8ab9cc2ea1b3baa1f381ffb3e0,selection,True
1595,dbc552a07ee9a61c199e8b8c9cffbbad8078524db9fefa4f6c5f09ab490886c2,train,True
1596,ef34119f8f629e2a97bf3cc5512cf7ca173f79cb8388dad79cf6aca791b00841,train,True
1597,2eb321e9e4206da764cf534a05eab28b931529c6ac5114a9d920c7fcdc50d0cb,train,True
1598,4cb764cc1e787f8bed0bfc81b79763cd7ecf0c315938f1dbfab2fe2601601bff,train,True
1599,2694775f811fe4a6cd7c5160496fe91dfedf3c4d37a3851f0562154dc5d9f282,selection,True
1600,6864300336c0a60498fdd8b8dfc6507588a9b2542a1c83905395edd9c729fcb8,train,True
1601,c3c406d1a186957a8d2452892f82914b964dab730f139612f2647b54f74f6df1,selection,True
1602,a32c22d6121bbb11aab336aa1cc75fed79c902fc17d8ab7c4b06bf980ff58546,train,True
1603,20c1ee0e2080eea19138ea2ab1b9e95de8361f518e0364d32f13c0b0eb99a4b1,selection,True
1604,7172e6b124bdde9a751d843c9a433d22eb4e3da37a173c97ea3e61e4bfbfcff3,train,True
1605,eefe858e73e55f4fed0d15b3281994699b7d3f4360dee2abd841984d4909780c,train,True
1606,171e39727410ef858504293a58ba5eeda0392707696158194771df7d4b51ba98,train,True
1607,31c525c2fa7df6feb047bf2734e5b43f09b304b6f2cf33c8381d69db60f72864,train,True
1608,cffafd858dc48033431771b7a752509199892212a78e18e7e4dadeffb34dfb72,final,True
1609,addcf161f327ab4e5087cf44faca65b755f7a41c4234601bf0e241b31524e72c,train,True
1610,9ab6afbd19a9b5721999558c0e05e0df7703802076872a7f2f7b2ab382e5b37a,selection,True
1611,484ea3775f4f83d330b0dd91d7054995cd6d97d36dc496fba7c27c208e99f90e,train,True
1612,6a3928501ab29b8ca1a0fba4dee83ec4105d2063e2a3284a94c1fc12bc842760,train,True
1613,3a2cd515eeabf59e4d62010ff20269ceeb60e4025087ae0182bfcada2095b50e,train,True
1614,ad23e8a299b5a877d0ae784096b81699efa257c331842bdd1b80beee866ff2a7,selection,True
1615,cd6000d151ce621af6b3e19ea53565b27f44617adb43b1798d8d8ddd259b79bf,train,True
1616,d9f2da54224eb6aaea281b2422fc87be966e6c82acfa23d62715317c47d45c56,train,True
1617,929e2bfe40384601c9a196ed71f6357fdb0baaa8068f69ffcd6cc0c44e9619a9,train,True
1618,a3193fee2e06bd91ea132f83c49b87bd72ba698771cf69905cd4bb3fca6b2181,train,True
1619,1dc864a2a87c10ddb58f48b55d1254f78e73c1045efd717d5190ed20771b2f4e,final,True
1620,49d1f0e88f0d360e6bfdf9e4de635805fab8ac2a623522af7cb3d0275cfad101,train,True
1621,15fe2306e10abc22307ac4a29c5dc249a24d4f8383af11a4943b8c7b3c2b2d9e,train,True
1622,7e0294220c9a49b8e1ba63bbd252e8999f32939b9ede9ff7fb0ffe4d669dab90,train,True
1623,fb8f5631d22c98bb436bf3f5c22d5e69dbf1b99e3bd7569f22dafe57f15e06da,selection,True
1624,7b0c69671bb6a81c0f061db67428d3a9c2ae9718b33c51382052d1facdfb22b5,final,True
1625,350ba7b1cbf2537f5af6d1b99eef2ca18a27b1b82e8e37bf4287b8818abb9bfd,train,True
1626,c6f4ecbbc269d589b31a6955338e97693bfc1a797fecd1f13941dc9889c3a184,final,True
1627,4687a62bea482ebb4b4d0d78b1dd0887785b78bcd7b5a44758f590b0623bdd90,train,True
1628,4ddfc02d04c960516caa28017ae583e2d756e30c391397bb1b3c93b9d208da26,train,True
1629,508d3befe24f1b80e37bf4f49ff3835fc8ad6f01b1e3801fdbb5a3a9bd5f9432,selection,True
1630,5b94d0fc55706c338e1c8586aade0bdd20aa9ac95b0ba9150a206a5c1071c3bf,train,True
1631,89bbbfd56d5197cd996c687bc7eb1ccf920984de4f9df307b567f941edeb355c,train,True
1632,f92847dbae1ac20dccda219e8537fbf0f92ea1e6db76e144e9c4419ee8b646d7,train,True
1633,8dacbee6230f23197b58d3fb2dd8b3de9126025057d6f7bf25e3538a318a25e7,train,True
1634,ec6c69416ae0d033ae48b927d888b9a15f69127401f5acec590b3ab55e8fb7ef,selection,True
1635,2fe239eeb31c484782226f0bfc65bda899fa54cc362af543a24b4089f4ac69de,train,True
1636,ac9c5c324b712f1f288408d0e055a8e3fafcdca9a60f3bf8334f357122b3cbad,selection,True
1637,2eb9f2f9a91c5b7d9c8f1e0384cd45b0f7dbc09e6686826a526b2eb888b019a5,final,True
1638,d348c6e772892e1049f52d8932c2f35afa2f7ee2aa871f4c5d684036b8f7571e,train,True
1639,2838195f7ecdc15d389f1a5d179b43e44c31f474541ccd0367c41ee8f46aa578,train,True
1640,cfc8e4b79edf39ef2d7c3ddc4f99e244d97f63b5ae9bd491c593b45ea9d4bd7f,train,True
1641,8a00903e036799a08288650bf3d3d39124a0a109a936f115b3c1cec5b9d3a09b,train,True
1642,1308f8167bd01362bea113fc5905d0207bc9929f4d59b0cf580c60d0f4ecb938,train,True
1643,214fa9761ba6fa331f683031c00469786b52aeed61f87ad5505807ef679e5cc3,train,True
1644,2d3448e5489ef790b9403a15ca311beeb2ef07f83a363b2bdbec3d352ab800b0,train,True
1645,dd0a4c85e06d40fee8329c03aa06ca235e8dc41f2fe659b5e1a7f86327f361d0,train,True
1646,0e25291e66a29881f4a80de66ec12a318d13bd6ebf0a7e37674c7bc667b943f9,train,True
1647,ff15947e5d0b4bbab4b84661757fe486b5a4514f3b24c76c42de802e457a60d8,final,True
1648,3a6b92ed95d85dbc89f164b934a1fcb4e6b764d69542bdbf809687c8334796dc,final,True
1649,673e0d759c8368cd25e96ec17cfe21d349dbdaead044132012f8726271e5fbdb,train,True
1650,40bf301e81ad52be96e1e9534fe384d25f8905c94a1825df5f6748d64f2966f4,train,True
1651,8ea6e84f4efb5709cbfc619f3ca023e8f10baea6d1f8933cb6eb3f1f136ce546,final,True
1652,f119494d71ab8f46d0661a715078c62e4e966e72659ab361ac720c4a5610ebda,train,True
1653,7d6175e85f05707980621d55789d1f1bb9ae7bdbac35453e6c7a692ff98de448,final,True
1654,e9b45b26a2002f9548cedee4ac1d0b597c0d29d75844fd7cf67a5ee7e693b684,final,True
1655,fccf9d869437714c03edaa1389da9af9b4754083f7a29bf88171614b9dbb2a3f,train,True
1656,792af0fb5cbf49d707bea6370fc19ae75258042101756a0d6a99cd0cf9a638ef,train,True
1657,e3fc3f6f74cc04ed62789521a60db511aef72560ed4e9c7d21b41183b5cc3183,final,True
1658,ad9e32ee403808f772e08e53a39cbc74359202540dcfc0ee8e84d732161c6700,train,True
1659,9e2bbf1680a4ce2f6a1243812f07fd2dfa5f15360eb89a57c12ad59d64f8d1fa,train,True
1660,7cc4c64e7d302d5a215cd9137351a2018a1eb71f8b77694062d46ffd4d8bf74f,final,True
1661,c556481d53a17dc40a5797d3f8f4121ffb961341f0dd632add44d68131bd5785,train,True
1662,2341c0b311b1e05745acc5b41d16b3a8347f80bee882c620080cc961dfbdb0ac,train,True
1663,f8552dad4b3c8249329879fc7253d31a348dfe75ea77372bd2f76b14a243cd5e,selection,True
1664,9083f34a668d14763a5f4d7a4f7310bae53038130084d1020a079b25851a5952,train,True
1665,05e06d2289f9fbac2980cb34687ce0786702d76aa6a432141efe64485372ba04,final,True
1666,ada88c0f8e7797d9ab74e9491b9f4fabcb3d397089ba0799d092f061387bdd84,train,True
1667,13038b005c8cb49d12840f593f6d5eb36907b75c79cb93a6ff01cb86eeae7c64,train,True
1668,f53ce0ba12020f98ba8093b21a08d0109cf377019275f74c5700c6d7f52bbf04,train,True
1669,22c635881425d2a0eb9de7eb51b80df06fb3ae3caec080ddaaecbdc385d4d4e9,train,True
1670,a8d6515ec113702632783264d2491cd11dd92f6597180060a8a3354a4727573c,train,True
1671,f5e027423dc4aee094977232ed0603882741872f880049f5b4de2c8b53dac3af,selection,True
1672,d19494ad0964ca2dbea29112ca3c20651faed01a25bcb073c3f65562c463d9aa,selection,True
1673,cf613c20aad7e50cc6cea090c5eb988df9b0bfc3f1ba590f9de68f90a3ebd7c7,train,True
1674,1f69459c84a6abf7279110cccd7e451a4ce960ffc1438a0e8a8b7f719464ec0e,selection,True
1675,ecb5e2226a376de15d2ac60c23ac841f5abf122dfdeb9d06a48c2967f3e9347f,selection,True
1676,8f404636f85055c110e69f6a16d3b1c1be3576d89d9dcaec7d727d6d14b24e67,train,True
1677,ebd569b65845650af2884bdb7cc4067ce198f2a0bf3175229d0d537012746446,selection,True
1678,e1068926e3b1e0a7754a6744b327253ed639a5ab326e9530d5732a0e89df51a2,train,True
1679,e3e2ad3760b0ae3ee0c430b4eb4d7bde7ced7eb03e4525c90654438801db3a20,selection,True
1680,5b149c27d22c45efda8b714c85ee28716ec2f519c7c1bf83ae700e34d80f0395,train,True
1681,1c7be79cb11d9f45afb710ec6fe5e966d540dfc947b680fa211ded5f58aecde2,train,True
1682,2becbf8f843056d4a0da33a68281a32bdacd2ee750edcfcc3cf74b4e2a33dde9,train,True
1683,96002f8f63d0c811e930413a2b9056d14e0605e5cd7f997ea513f7ee9bbecb39,train,True
1684,56aba2bccc5e2dc39d3585d5ad79b0b3c7a7920bedf165eba68749803f90e299,train,True
1685,901cc2f926180dd32c342d23912966f9977b5e04b79263d2ca47f71eb85dcf46,selection,True
1686,1e62f23afaf668d0c3bf9b72f04ca7b89e1c6df737b7525089a5321cbb13f810,final,True
1687,4c0fb86fe2e7d3cd0bb5abdd7e4f635d74bb75e33506fd7831bec7bc378d5861,selection,True
1688,c77d72b484728164f6a9841bf56224b0b2282aeb44c5600531d43e9979be8e55,final,True
1689,b2a957832ea2040711a7d88d0c1c816c5555edcad8a9e800f6fe0508badfea5d,final,True
1690,0667a39209612b86cc5d0a49697f01ba5e76d99ca2915805d0341e2668fb3d57,train,True
1691,d3569af39f68a4c34b902b89157f9478c51f7904e476e1ff29c74c6b5740b748,train,True
1692,94db9ba2b539eb7fde4f9e45fac0c6b37b448b194a99d31c86fa75e08561199b,train,True
1693,628bf59bba1b91f9818cf95c31d7c43f3f764b1fa06ccd5724dce4f3e1387496,train,True
1694,78ac3daa65b35a2231225114900132dec0134fda8e0cc75851cdc2c74351f0cb,train,True
1695,7df0b53718e0bc4a78fac1e218ede27f12024b653959061d72b18e6ced05aa6d,train,True
1696,d1c2d4c6fa3bbf7e26e2866cc4de15a22d33c8d3dd9c517ceda2e986860c5c32,train,True
1697,865798a6902b6cbaf97d949d0d253889cdc83c9c7115cc15e565caa401c3034c,train,True
1698,25ce4b09f957e7231d6c18ad268c9e2f3fa7e288f7a1650c8a1c056506ad3b67,train,True
1699,42949d0bad062c27d3fc8c28fd3ffc523d5a50fd6e7fbd2500429a7959583098,selection,True
1700,beb88b0457b2d18c0909c34b745b9ab7f57512244a540df881112ca5d4ecf156,selection,True
1701,7255d7b97eb2c1ff5af45940f7a5152a1488a1ff6144b197fb20b65c07da0c57,selection,True
1702,30ac5b73e15ac530b16addaf87f9e4a9c1ee71c11b59b8bd0e36c8626214926f,selection,True
1703,faad4bba4e8eacddc41ec70bfdd82e9b2816cd41c1627b998bcd0ed8df072d6a,train,True
1704,22c3aa4f919a910cbf4e0ed412599cba5beeb8709fcac13aca3947d0ae4050f9,final,True
1705,f51b99f69a24d6bb85130452eb008afa77b9105cdbf952a3fd1e87b854257d8e,train,True
1706,3860bebd3e56260e1cff2558b4c87c8ecc09e2284e48fd4d59c14db299a43b69,train,True
1707,12bca3baf236ef41eceb451839213508c7f8a2c33878d12d32c7d5e3475ebab2,train,True
1708,2996ccfe80ef55b8213a7a9bc1ef1fffd47bdd2449dc51477f4e340600a44856,selection,True
1709,d668a35d5d8634917829ba57c1b5ae08acdf52bffcc19bfa53275a01f1a2b578,train,True
1710,8f5491b9052011d0afe5881e96ea0f88eb7410d426abf38e32f15351f210f972,train,True
1711,e716593fb7ab0c199335cd3a890c9265e76cdcbf8ba65616ba45ee0ce5eab36d,final,True
1712,4d9fbffde4c7b53c9876704159896e28a75287bcfac2652c709abccf26faf95d,train,True
1713,ca7b0618c855da31291a239306b4a3d8ea976f98ed44c021e0cac5e685b442d8,train,True
1714,eafcc4fbf58dfd053a90c25bfdc355d61003002483c21db39b6a8b9d25c4a40f,selection,True
1715,3dc4cebcaa57f4f7f25e30286911fa6aae566339d13a49e3b89197657bba014c,selection,True
1716,2ba80a9c94af6f3cfb2240578761fc845f12266a06199bccf7a39b3a51b8cf98,train,True
1717,b7d9960a13840ec56699b6b07ab52d43200deb96e66b8f942831ab654fc4561e,train,True
1718,49fa2d574482954317edc52ae853431d14a99b061520bc81ff2fd86f4bb8e72c,train,True
1719,c0cc26a3307dde1c9ac9ec56a9ae019c984b10e74e33598f04b51a8b140db0cd,train,True
1720,27f3fabad98dd08ecb52f4927c49ec95a5d3a8d3b439b7918db444aab82feccc,final,True
1721,db7d661d1429fd6897572e30a0561e297189c2f265ca5a7088c17fce51bd4b3f,final,True
1722,03e4b70098a5c16b00329007da93f5120e094a1014809afda25e36b140fae18a,train,True
1723,dd4844d392418af13480937135581b877c356aff2ec21cd0fbd2ea689538a777,train,True
1724,79bdaca345241e4a84c4d0da62f80da2cc827b7284f6d4b588fda6aa5440c1fe,train,True
1725,bad8a8dbd933b315770fe9bffb73cdec1dcea8d7da3a2bd5033d53b01fbc4e9e,final,True
1726,fea95faabe91c8a43bff228671854e0e482f06145a324627ce88ae0a764db758,selection,True
1727,82faf6fe7062f729028d88efa461ad7220e87a31a072527ac69adda421ad8c4f,final,True
1728,c2a03019615a04c4f8f498b961d9eda90e9e6490055632153950ca237127e9f9,train,True
1729,0074c256d26c7a49866b48ce4afb71b2bab96d6f70a88cca07c5e28994beac63,train,True
1730,88e0127e33920008aeaea55dd94c3d027ddc7527c39f0c3283ca4034777b1969,selection,True
1731,74973f1d073d9d361876c02dd99cfe776b8bbebdd48e3aed60c7d948cd933d97,train,True
1732,0a0482d68ddbc11b333967ffc6bd1d3299f51a5a8b929584a8dd45e0fa3e4720,selection,True
1733,859a92ae2b9ec1563b38f1cca366024e1515911a9d36937d991cf9680a46fcfd,selection,True
1734,2d64d839e4c4530052e36a2fc48f19da844a69e7822bbbe5795742d5bf5f41d7,final,True
1735,85d6d6a70449da6da12c724aacbd5f8d4c8da1c7cf86ef7dcda9a70d7cafb73f,selection,True
1736,ff2926a5c1d6379098fbe2c4eb4db3bf96fccbcc04fcfd0ddacd43a31a497ed5,train,True
1737,3cba1982becf00addf55cf5c62750a83a72005d4dfaaa3c36d5017ecd9c7100f,final,True
1738,a21adf60dce8da2e251acf90e570c06baf52c3fee5eec4dfdc5281ccfd915cc0,train,True
1739,ae2b3dbe4408a9fae77533c440831699b4bf7ab3764de931d9f40bc84da121b7,selection,True
1740,f48552db3a4ec45967047b96ce74791a760bfc3d502f221bcf4b2d73bda28beb,selection,True
1741,103dfce12d79f65f74870de55ff031f5e9b7c731e62c59d281d2f6d760dbb951,train,True
1742,e5d216b617a0d87a01713a34552fcdd1651647897bbc807b22126b0a8d4eee45,final,True
1743,6e4eeaab57061ccf4f60b5656079c2cffaa1a419fbcbb831eb64bc56d89c68b3,train,True
1744,63f5405d728ba108a7af9c5f4b8687f4f7fb11f21173ee553c217529c5f8aa40,selection,True
1745,51c400fe552d2974cade7c353b284b438feccd87c64b0446058aab07e77fa363,final,True
1746,51393e8763198f6b6eea351b4c38035b62800e87b60b9122309acfecf8ca77ff,train,True
1747,09a06f6f071d0f2c514f55780e467a37b163d8f2de5c80041fe7b1360f038610,train,True
1748,78010ae01a7f0e43400644f5bea641e9737c269b453403cbfe093946bd0a8f9f,final,True
1749,e0c236d6515558f6159b04dea49e39f9cbdce1c89a5b448e482688592fde1f39,train,True
1750,0f91ebd5c41889a1137e0d1013824d8855576f4390e973e57a6dfc4696f030ae,train,True
1751,607caa314ac6d3b693f2bddbb96eb0aa71143e4835cc9a68374db497a53f1ecc,train,True
1752,3aad805e2855cd3e64b43e33c86f440867d776e7a3e66d5324ae0359a2d03859,final,True
1753,e24d5c96c65209a7bdeb5cfd4eea5dcf024703be23d6be6b908606d13c70c4ff,train,True
1754,f9d6502f04afe8b9ba0a1ae90fab31fc4abb2396b2a815df1a8f005da0f4aad6,train,True
1755,87233979cfd985ccad9276ea995d3ac450f89fefc12be10983057f6570744e77,train,True
1756,800681af92e46f7d4e50c6c53f2268ac6362ac0fee213429f24120643337284a,final,True
1757,54af444b8c60e58ffd25ca69a36e0fa95b25e1c0adfabc7ba93e1262da6098cd,train,True
1758,819a25384fa2e77b20b0c9d8d6498289870ab33f0e83d6a277966f7293a5480e,final,True
1759,bede2a9886ac226ff8c206cccd3fb2aaa2f66d078fb4530971c53df9268f91e6,train,True
1760,fc3ab6b6faaefb2f6b0a8e98ca95025eec5e60f9c7efa4bf2d363741924e4787,train,True
1761,76436c735e0154d0d55f36c78b32335ca59ecfb2be82d43b452be44ad947ee85,train,True
1762,c6f9f9043ee0f64acea4db09ad5ec75b284d5e70200d3819efc709d7d067c6c6,train,True
1763,3ba18f4c23cab33862b50cc1ee16922014dffba8cdce5a4038a0645d129c0fe6,selection,True
1764,fa4f315d3315778c49666fd5d3e1a625bc28cf613b0138e84290376b602e60fb,final,True
1765,5083a6fc8c3bb7232d97d386a04dfea84b46ef064f4065acfa2bf7c34e20b325,train,True
1766,f53c5a11b111135831c7c6d1162cde5ea65bae42f2eb93c5750c2936e2c0803f,train,True
1767,c15a507aa5bc4bc2ed12cc9189095e12b62585adf36131c365a242e56a610786,train,True
1768,eff5a845cec1feb29a935cad0c3d5f127e7ed76c9cbddb338c447821650a861c,selection,True
1769,55546715b71112090760c64bb129bcdf6a6102e9b6e0d5724a8f9168cf59d71e,selection,True
1770,3d23d17dc33a06de26804f2397fdc39df04f125eaf01e898dddf0807e7598b50,train,True
1771,c4bf4ae4be9a17c33f5fed9110ae3d333690292bd9d4d8df112456c468730c5f,final,True
1772,a78590c332fe1d1dc60e360d284ad2630169076092c69c5ab1cef02025ed38c4,train,True
1773,6fcd3f1ba95f3255b4a1d080208e6f648bf923d2e7d82c1d144fee1193e740d1,train,True
1774,1cef3deb409eb2ec356dae216a8015c427028454d6e951b05b3ceb8be377c0f6,train,True
1775,aac3e9bf5126e1ef77ec57c5d10e625b670a8a35d3b2c7564a209d891af15936,final,True
1776,8e767f6ec6b97447618597b8f13bd9939acc3e276259a26112d5320c111b1b14,train,True
1777,64feab0e94b055761221394ff8438aba52bd0259c9498c4af9f804553f418fc8,train,True
1778,cc88f63a6bca61a3854c95d034b2738e58c8aac683ae7b315e5df1bda4bc691d,final,True
1779,c9591fa8a6d7352271fd576e9b39cd2fd522f9cf8b81de92f21bcb355fc2eca6,final,True
1780,2b0ade6847bae6305c76ded63e3ec0debb9fd30c91594b87bb2db54afdda1114,selection,True
1781,f5ba1392f6eb1018b0c180907b64e19d547de2a784b6369a085b89a5e7d62346,train,True
1782,37e39913e9d079726b64d5fff17ac12560ee97bd1716f631275cf06af8ca5315,final,True
1783,ba3cdca275d7d67594ca871a6df1c552fa87357c8b3ddb089393b6e211af9063,train,True
1784,faeadd5cf8e22d1a2ea611870f9d06e6d44c52e3464628f4c05254007499dcf8,final,True
1785,fd4afc783b492e132ce01510e40fa146252902192e65222ff28848e639f0c46d,train,True
1786,206a6c64f13abb9b2b253884ec31fc1813d3f2e3370694afa5f4ce05694848af,train,True
1787,77a8d507b7e8e54af4f8f3e97aa01514715e0972b213661091278adadb909541,final,True
1788,829da705d0a75b2753d4330aec225737d279d09e60371b475a3bb933da2978b8,train,True
1789,f33a2836157754fa08f1d19ede46458607cbfa85f334f39889f2aec23f67b538,final,True
1790,a19fc10e4d2aa44be609f874fbd4f947ac059ecac9fa9a5d805b0d237a320132,train,True
1791,78963eb28be397d8ca99033c7aad764822b03e0852ec268136e353047453f897,selection,True
1792,a19340c65203d5b60a2380d583299555a6b2d1a5a60fe20a9e9e217acddbc3b0,train,True
1793,5f5e1e80bd8f45637f043ca91bbde8000479705f3e716acd0797cc9e644c4e7a,final,True
1794,68a63f759c23a2ad01c3dcc360d5158ceb7d373d4b8d3fb13e44ea57a0b3c176,train,True
1795,164ff6b100597d3b1148dfd5bc7abd521da3a26e46d723c866a1b2d6ec89c4e1,train,True
1796,6cc297b7b9d70f0d900d804e884a46efa8e6853e1af6abd6e0dd1157587e66ec,train,True
1797,1b4be850870213ea4714abeb687d25716929349f11caf146ac1ef510988870e9,final,True
1798,1541cf3c7202978e8a7d137b5ed13769da3c218e9fafda4f8a2c666f4c96a1d5,train,True
1799,94d13fbd00f4eb8d6bc73c422870d4adef39ab7404d446e19962a8f492ea1f5b,train,True
1800,f94c40f5c5db7f630060fce76f8d89436222ec31e024022b505a53bce87eae3d,selection,True
1801,118888e28debfa3cb2601a861e3963bc26dfea688fb718f00e73b508e2a776af,train,True
1802,d428742a4efdee0e76b686c6f7f552c82f7101b1053f5e91a0b6197a81c0b4ce,final,True
1803,efa53ed0e3a81bfeb3aa06343fb3bd99eb9966f6ff4a29ef5cd5917c7d7fe5e9,selection,True
1804,a7839ee09210e527146652fed43561faf9334ea103ec506931513d909603a404,train,True
1805,c68e0e42283f45533131e520e182d6b85883664169dce18738ae92abae5c8bf9,train,True
1806,94e24835af907259c75a71d31767611b1188e403b932b0b35c60523ff4c6c1f1,train,True
1807,1ecdef2ae48942717696c9b06feb29eec966ddf91e3cd07f9c1b637394dc777f,train,True
1808,d86f72ac5ec6b45b83e9219156cc1271337a2c7787d9512c9e3b82a898d111f9,train,True
1809,783d3bb9dad51f5ba75a84323c26034c0974e63633cd9024db1dbf8995ad115c,train,True
1810,6e97a093173948b559c9f71692a66fa7a0f0b2d6f82fc345d29c3ef26fc65f87,train,True
1811,8af4285acb96d2e948961ba88844630a072c52b7da941213cf7b563d868283ac,selection,True
1812,9427e78599d1a284e7e4f71dd74b53b741c7adcfe7c562f1400d90012e57313e,train,True
1813,008d6d9068375a5bb3f4ca5eae296ab3e07dcc66022ecf5f878f954806eff12d,train,True
1814,c0ef17230b68480811966120f282ff7e65adc67b37eb41b41585f58d6ef45b4e,final,True
1815,7289aa1e277a4136d8999b40301c67a5865aa1cd0efcd9b29daa7bbe1e6ec168,train,True
1816,b367ec670385408a6290ccb6dd65b449f2d66a16ae7e906123ab37d865a636a5,train,True
1817,dd6deb855ce400107395dcec4b62c4947943d29e653d48fec0d443af14f1777a,train,True
1818,33b0c764d1bc1b565869dc01403a55f9fbb3730c0f992f8a7258b5cfa740d04e,selection,True
1819,979d4e08872beb0454db93391a9b1b9c95ba7ffd96375d0e401f184513e73558,train,True
1820,df716d45b392a31e83b2e6163c6723ab238d3d7a61db3f0d58b28fef9ea92e4e,train,True
1821,43c5647150a292dbf398ae52422568a282e3531e3fbc916a49dfe15f7a08f363,train,True
1822,81681d232672af76c7dd89fb1e368b460078eff4c5f9537c4363605f8220498a,train,True
1823,4598842ac02e1316f65db84af9f0228894d2fdb959fb92fe34f071aa121f40c9,train,True
1824,47dad730c10d12bf209a8911177e7ad92bd2c6dc92b3ae2361961ecdd2b72a28,train,True
1825,629a4fa94593f0615161558e50b5103abaff27de32fe9dc2009b496e916688d6,final,True
1826,8377012ec74b73e2c1b39466c06e69a37ee416866a0c970e274cc6006dbf1f85,train,True
1827,520b3e25c8d5152186fc62f426654b238f649411fa03b8b02d3538ae2faeb0da,selection,True
1828,07eda6de1ca88d74b293ca970ee92f3dc5e207145e628fe9caaa039d9be13abe,final,True
1829,160e59a39fe1b89cb241e03fd3eaf727390ac2618aa215e86d09a2edbeaf1983,train,True
1830,732f8a834fef0ed0a92884b5beabb4d1274242a4a7bb7514d35651bc839cfd5d,train,True
1831,f4360e4523691e9262b768c9da9f745e551d1e7772756165d7c9b8ae9bca2b22,final,True
1832,a075d2974ff852fd35a2bddb55e9877d9af69b665f474028513bca2d7ff91a94,train,True
1833,62ec3b11294a1ff1156213ba9f8d45fef28ed0db16051730c567b8d92f260a4f,train,True
1834,456112fea2372d8519ee128601bdabaf4f86f52f375e60051b6940e790de71ad,train,True
1835,3b4d08a96deda0c39f286ef19ee3b00399c8fe8aadcf174b82f5f0a5e9bf0615,selection,True
1836,95ae35958b09e8216c957cd619333b367607716ceb6d1b721ff96a7bd1994b50,final,True
1837,2f6ed1d7f06957952c0428098c63bb9751fad843c59ef243089b422a5425f015,train,True
1838,ffd7b540693c108bf32e4bb6cb55627e28223cccc5442c77476962c57bccd32b,selection,True
1839,8c10e25800d1e2e7aee2262803a2799a91becf1c04e905901fc3438eb6fbb936,final,True
1840,a57790d2e5037b7050de9dc432630ae8d5c1cc60498b3072be78ada7660de14e,selection,True
1841,5063482ac5ad7953d9a9dc4c84c9ad0da3a55656106fe8134d598a3321236549,final,True
1842,ee262bbc97c7889347f280079ced4da74aaf82767a9cd8a2569757709c568c89,train,True
1843,3a85f15616e88f42e958b180816f8022a56207869abb0ee7122ba20858e8eed5,final,True
1844,c1dc5f1302e636cb2b72b326325a682d8c16cc77d597147096d5aea064228b92,train,True
1845,5bc88046b82398c9bf6b8c6247c3f89d32ef92cc5b09ed39c2a7bcc2f203889b,selection,True
1846,d575c205bb8e757b0f0102e3c13c0c35d2a34e3f3ef6c5bf07e7d1f2fc31edd6,selection,True
1847,f8473990f9d686342b7985fbc346bd86445d641a9560780c8ef911d464a1efec,selection,True
1848,9fc3b87b99433d32f076b8a2b8656ba9543befef6e2e4c7266a171801aa84990,train,True
1849,17d4b7ff38014d3c5d5b94b9ce8140afcfe262f733bcf3a84ea756126d3528f0,train,True
1850,7c77e2e635dc4b0fa3dea4d75ead4fce74e350853180301155c3a52bdaf30701,train,True
1851,fe6479727d81d611617d719d15a2e302e25c55ec3f3addd15e1b97018e143cc3,train,True
1852,cf07a7354143a4942462e486d6dd17ba48bf2ddcf502a86f3ac3c028a926da00,selection,True
1853,f6631a499fb3740a4158506b10f3554cf613d12e81941693da93f0d1d14fa39f,train,True
1854,c21e9aadbe6814c35f0c311fe4f01f053d79b388c237cfef6b3aea0412494507,selection,True
1855,fdb068e6fda76e9088c3fbedc99ac64bb001252bc399dd3c3e207d680d518c9f,train,True
1856,6f4b664b5ec67e163539c789f86ba7d71a36abd853733b67bb63b388b63cbd45,train,True
1857,12e491ebe6dd01a5faac36ea32622216cc830ce97b785c870d437d1d68bad6b9,selection,True
1858,498a22216d0325826c460af1141d88a0f3f293b2196f6b601cba3d794067bae6,final,True
1859,794651f3e2cc28f431d5d99a4d32747b4e0b0cd2952ad2f4ce67925577548c92,selection,True
1860,a9608df49583978b44e3a093219d8dc3f826f620d68e9e02b29c478fa81c974e,final,True
1861,75cff5b6122b6316713b5596fb9f853ec1c88ecb6e5af4a8b65ece315c7daf4b,train,True
1862,f7a502ea60b7db444f1a7351b379ad793cd090a46a48038ffe956a82fa436bef,train,True
1863,1413d99e92a479e2a09ccddcabfd774f2795fca5394e73e4082ade92a2b4b977,train,True
1864,035931d58fe03fa2c623456ec009154baaf1673fd6b253119d77ecc05a8432f1,train,True
1865,7dd9f2dd91b02d67251be0b3023178bc4a7c938272fdc98cfe2eb26a249888d2,train,True
1866,e89d1c458b134dd9acdf170d62f61cf712b9f8e00635416df28abb6a883e136f,selection,True
1867,5c77ba4e8f023a689061e7685f58aedec74ee3b870d766749e222de9749f2516,train,True
1868,54f0d7e9e9dc2138e03fff7f13c37bfef697b10bda00489a465686b677949436,train,True
1869,52d061b4b90e4b9600decdc43190ac6eeac5d2b0a5052056a46a3469a616ef48,selection,True
1870,af01f63ffd570b3f22e9d29af9d38f5b9ba2dd039fef004e13e8122c5dd98910,train,True
1871,58e37b0743e3c0a004fbd25a4ecd07bdeb4a7da62249275f9e89d0768b998a6a,train,True
1872,81424378b948c5f2281c335e4a6a44b2836ed296aa3a4111f4c53c0725adfdd7,train,True
1873,5ea0b41c5200565ecb6d2e0fc73e76afe8d936a328da9647f008010fa1660de1,selection,True
1874,fc61b1151bcdef4641ba5cd94f4813efa335a0fa6c586b5ed983730de048cb40,train,True
1875,996f1b5664b4a2f22882bb462414e2afea6e207c7c5d67f4108d05c86798a110,train,True
1876,6e5c99c9eb6633774b52db4ff1d51af918c806e5df7767e9b089e1fc3c1592f9,train,True
1877,cb0f381c9daf5e1c3ed8e66a2a42acd31087f5ae05119ad582b0a2a7f1f8302b,selection,True
1878,ac32cdbef3a8cc43d9878e881acf63a56a9f469170399da13ca03de9f34442e8,train,True
1879,7ad97a967d374bbf8969c5efb5fadfeb19f71056d19d544f7edff70c79898a65,final,True
1880,93f99b73034560f31fe9d8dbac69c3783ba0b74c78c8ecb63a702206038c6f81,selection,True
1881,d3990fe5ba4dcd0cec62dc563e19487b155bfed5d992e63b3d8d2289c8d844dd,train,True
1882,a3a5ff3369c9587abae0a9398962bdca97d9f54d063a68b9a232d46417e47067,train,True
1883,c2c35dbc49bfabc7152067412bc471b061427d46f7870398760c7eb241aa9cd2,train,True
1884,6ba9e458e23014d18a33165f8e83eb2632f3b9b4af2d51ef10b57458a3f11188,train,True
1885,4f16a940603da7dc8b92b839b90afe8b414b78af5a7c66b1bfb9f607bc096a2b,final,True
1886,54357bd8ce284a5ac1f30b11df7358fb012ff9bd4ee17492ca1549c951dc6143,train,True
1887,d7ff7e4bbe8bbb39030c01e02e1616a1ca0b6f7313b9320b8b1e894d6774833c,final,True
1888,536b6d7fdd125c612de7cd7a9c06cb79812815dba9a908e849681d531fed29c7,train,True
1889,084324ac5eeda1c217a807d2ce1b09936d997d7c3a3249ac763d14007b0814a0,final,True
1890,58a590f384f5d780187b271074d18b139f1f51327ccd2b2b44a7970208744f17,train,True
1891,509f0329068f1faf29d38b1e9aea4ec2dda203d8e940a5999ef2bd8ff7943bbb,train,True
1892,13c8883dd88ddd8c86983090ce82818056ac5029683574d4ec6ca56696a9cdcc,train,True
1893,2ab2979403de195712e8acd123b07459fb803d22b3a1e89d5c5c27e131e09784,final,True
1894,aabfd7bb2a05e28a224c856f924ca356c718b0fb232bf7bbfd4e97b5272eecb9,selection,True
1895,883bd7acd24adf6f70a832da71fd3b475f90495083de93392d2b244e143c9f94,train,True
1896,21f2f4a4c02189b8a88a1049f22dd74ab52557e7edc07492ee245ee81659e629,train,True
1897,41a11762429e3b3e4453465bcf541163cc961cee92de877751bef167ad7b99d1,final,True
1898,f333c3c4fb4dc8006e8967b8ea21d6d3d22f459b5c4bb7eb875a542624f001f1,train,True
1899,a8dd3e17fbe2c62f63fbf3e310b655c02d65aac336b2d2685b67fa5b58ce89c2,train,True
1900,0737abd544deaaa3eb4117fb062a7000df665d41afcc8bf7162a8865e5b261c6,train,True
1901,de0a80467d2ebef103657fb16baa59d0d47035df9f9ac8519a239e91ba419506,selection,True
1902,90d17e2f58474cda43f8608b7a0b7b08c76cd93ca2f9c307f09b14e4ab6dd8c7,train,True
1903,5f8f318c1c6a2444390b25c31a94a5bdfa3ca441969edf54819c308c37aa2d28,train,True
1904,5152ad1fc28282eab50af354aa4f2f93efc08a29abddcd634f21b2290a9d4ba1,train,True
1905,64ab12c1c20f37bd8722da09bfc374d573e5ac3246e6f6917992b6f02ddc05b8,train,True
1906,17f7d8ad43d710e94e08f8b406d67b1773196c2b3b27dbb245ea799c57260030,train,True
1907,2645de2761d5b99d895784165086f5d9d4033736c08a8e9d87e38723b3ae8c07,train,True
1908,f3981161898cddf3e9fd7f48d26485caa1477ddc2423cf73d35f77120c8fda88,train,True
1909,1c4e8c37b8bb01ca0026a059c1388b33d3613e2f85edad017a514171f6b87980,selection,True
1910,d20004371f9e2165602316d124bba99cdaefa73514b01b3ea0513b231c756afb,train,True
1911,cec9381d31c10bf77992203e6cd563f64fd2b9e133de8b482359b59da71e322a,selection,True
1912,afee45641a8ff923da2944227739185382f045cb8cf5223cd2a1e6040ba53a07,train,True
1913,39f3a29bd5f97cdd91a77ab59c82475f95558cf75c036b4b4db3225daeb165d9,train,True
1914,3019d493527859f840bb2a1c2a73b904fe93d29d543afea2bbfa35c640f74870,selection,True
1915,b71a5148b3b7e94210ba655c93603271721aa37e49fdbea9b83f188787f90305,selection,True
1916,4ab66f697caf7bf60676d27b94a09f7e6ff45fc8404c05cbc7549cf719f46738,selection,True
1917,b904dc747d771a857bac6750031e85c63650e90dc60d45b39f46ac8016c14675,train,True
1918,e59ceaae6b5f647b9088b601a756521b6cec28eaa6375c0a66f31796a72db09f,selection,True
1919,cb459df4632f2cd02f894fa31f4325cad330fb7a0fe332bf242dd73ec0b995ee,selection,True
1920,45d94a6602f8ff65d8be839b33258592d68de6875d8d3a4a676d3e680e5e68dc,selection,True
1921,b25766dab9e04bb03c1d8327d4942aae6379d04f22516dc88390a74783b02c20,train,True
1922,18f9e0bdb2c4aa927cb0eb4e878762eaa9f6781d19ca26b872384d3ad89ca214,train,True
1923,dd2e8150cab430c7bc029c914a315a22b2e4968c2b8a9dc8e81c5ca88f721941,train,True
1924,664dc56343863ba709d1acce23a171e7f7701204e6487e5faf86964fb097d9a3,train,True
1925,32d3041abdf2e85a71c54f8ea176478d3be1de6d806c1d7e0028a7717e326cdf,train,True
1926,fd173cc54304ccadedcf5e1bb11646d4d8cb5768a65e3aef3ecff8c862c5f367,train,True
1927,9fa595c9e3692c68d609e9c9a861bfef8753c3650f0c02c1a633ac9ab4180b65,final,True
1928,fd5e82879065e433af3af5e7897a1db73ea61c55c70f53b5f1a79237bb33abf3,train,True
1929,2139ec8e09b07033160ef47c19fd61597a04ff3caea56be97c73ad54c2a0d3e6,train,True
1930,af8fc1dcdf7d08b72b57513053a20490c5e2f03dbe5f368fa2cac6436a096d5c,final,True
1931,1c27ab88d3d702b2567599e600bafe06132c90965ec32672e97e11651eb5e318,train,True
1932,313060d96e820250ad224e07fb95158fd45bb59422a373f4cf3841ffb46d42f3,train,True
1933,693ca12a92ecd40303853dfd7b1f31b96b29b55e8622b93427d93dcce923d959,train,True
1934,c1031795af00e46821ea989027de8287eeccf404b157d12c715a509303400272,final,True
1935,7b982edf0bc5b4cd52108b965fbd762726bbfdb89be1945876cf9eff1658f5f0,train,True
1936,ee9f4f553ad346770fd5e1a1b209327a539acc849a1c490c433eeab06832c7ca,final,True
1937,69417cca2799ba9b0cef18c5e474057727ab52f3b8c28a10f5c4525b6fca2430,selection,True
1938,058e8d54509c288f565346264b82b17c2222651bf32f0ae8a4920287dcf91a92,selection,True
1939,cbe5e3b105d296b820c5b165aaf9a4e2a78cc0db6d461055e7fde15ab4512182,train,True
1940,c80f2eedafd18c5e81559960f4b510fd70e13874631a1032c12a8a14fcd0558e,selection,True
1941,1cc1589ce041e3ed9eaf41c52c1cd475b2e18534c9bab4b97d459cc896d69d3b,selection,True
1942,b81c9d6ac49fb93de2ed5aaf5cb47eb2574f61b00f0e728cf8ec5e68cf8d23b7,final,True
1943,4ad844f05b189d80b1cf690b8eeebc66a54722d33334cb88f39e3166c90e1d91,selection,True
1944,7230100754ac9ee797b811e05fd2ca8c283b30ec77d7d40b4edc7492b9a8a42e,train,True
1945,a37ec033f3550dc45c52711cfe308fed6d50ef0795d674a07f43e4d1b90ffac0,train,True
1946,fb2c1ebebbdbce8a6a85801b4793815d7fd32113a3843e25d280893c37a4df73,selection,True
1947,0075abfdab81209fc9e295e920cec7fa800bd0c2473d451ef542df14f7413e81,final,True
1948,61d928741c2223b311b46533ed4fb62212570cdd382ca096ad4c011abdc092da,selection,True
1949,7ebdb7d5c69352e1f837d78655bbcb65710704e74c1e4c03569456eb2b571fe5,selection,True
1950,260bf4701212d150adf04d0050cd3d65dbd4469595b78bf8843d4b5fe74167f4,selection,True
1951,2b5ea598546d4ba538361a22c89abf89901aea2ead2057f4031bc3adcd1ce247,final,True
1952,6f1e8d609a81c2c10822ad4a7a2ce9482712d9d767e5ca1ae21580f21c3f16da,train,True
1953,a7383217d5ab3b9b8964552cdde35979360d2b00c9a3a3933669ce91a95cae22,selection,True
1954,e7694995d20841d80d2d1f156b4eeed6aef040fc86ff9030412fe7ad31562fe7,train,True
1955,a06980265da04a5428a5358ff82787cd2582c13e5767a825e8f0c81cbaae049c,train,True
1956,8745ffaf7e7d2fc40f795f3e2352b1998db95f8749a5e64bd85be30b7787a19a,train,True
1957,88e67f2aaaa126a1a04e1e56b4772b125cee9bf0f12c2ad8411c527323b2adb8,train,True
1958,2acc4c64d41e47f556184fabe56fa5a51c94333ee24e9898cd2987b9e7dee92d,train,True
1959,607e0c7664ca1dc702f909e7212250dfdae15374785eef966c2d196b239314ed,train,True
1960,403e1136e1c210f91a7172ad4cc01b48b92d7c20e22b89dc8f4c6ec0068b72cf,train,True
1961,0f23eb686e8cc3615487665e7f0bfc72af81d8da8fac1d8ca4837a25131241a1,train,True
1962,89e41babc44c3de9fa7018834ddb47b019d3e006b8b58af2e310bfcccc8736d5,final,True
1963,2e8b9c28dc95d1cc50533500e0d98a5000cfd80b2a36ac763ffc0af436e33066,final,True
1964,1c8627670b15c8c6733e9858418285d0bc19aaacbc01b9ecfe493b6475a0f9f2,selection,True
1965,436c26dd03151dfdb0c534780c5345d6501e627ddf4cd0bbe403f1c52306662b,train,True
1966,9415bcad8ebbb6b1978c084345f0b1dc0d2e534ea6c5978cdfb6805133a82efb,final,True
1967,67504edb5a9e5feaa6423341adce2d16d397e27fdc777c6d1cb8177d41b81d96,final,True
1968,3f81c36082548cf070a104e58079cd9f2e0da20466d4d545a45f0eaf0237a253,train,True
1969,ef43c59bcbe55935d9b34032ac08142627279e26437a1336fb2462458f14e1cf,train,True
1970,01a7147c1e720b0df17e5a35d9ec8b7c5cf744db193adbbc84cd7256616e0746,selection,True
1971,0e6ba0d04d329115c86a1bb690b7dac13fc08bd82fe9980bf5369ded0ae27df3,train,True
1972,9661d43df1eef121f736d5b938ef0a2bcdf2c1be40142ee0d092501666c3f366,train,True
1973,1995de5b57698ac2b06fd84866075e08fba40f670508c1a696df48ba65fb1b0a,train,True
1974,0ccc16b4ce619d231512980311779e558960cb24dec5b6ef8d59a96776d8e64b,train,True
1975,c4ead7cd0c539207b94897f550ae2fdc5502ca3fbeb35b7ab740b06dc47a3b50,selection,True
1976,cb3a19fcc94dad634cd3f168af077a75a15e8691a98c1f1309ac06ef0fed8a61,train,True
1977,59ecdcb6474aacce3a0f83cd12ca794022240b209f41c4a48b9e68b9b1aefc66,train,True
1978,78e849d025490ee4434a9dc19ab05185ab0932b92cd10f8677a9ea1032e6c4cd,final,True
1979,7f7f11a0b9a0f24afe6693192768e9bb27187d8f1197bcdf0d2e3d7ac5f6ceaa,final,True
1980,b1ebbc668629be1dbd42fff958e4d96d2d905fa7678b9846e3d083f0cb0182e3,train,True
1981,fe4fc6e357704f7db569be7fbaa3d2f6aeee7220f61b26fb3461570612e1f7c2,train,True
1982,47b5c0fdc430f3b6225f7c670980dfb29ddd28c001f3e535193528cb2800f7a3,final,True
1983,f8d52f601c11824111a09d8a746f5d4e8f931bee5372acd3f045ca69f694de42,final,True
1984,204406435c55fbcf1e8c8109c1c20eed26b415c70c5493370fb3136d70533a12,train,True
1985,157d22d49616f51f7c5951784a2df71ed8f9985b8ac6ab51a47ffab1432666e3,train,True
1986,02d4429c9139a1f619c899bb7c16a3834761cbb5e4cb6cc49216182f0da6c0fa,train,True
1987,4d8770a70684c62f6749c05122992b0e474a91e5c5cb6950bdcb20a80c4c2ae4,train,True
1988,819cab8fee66306c4b1c0cb69e22d125b5b534a975eec2872b95fa43d40a6b6d,selection,True
1989,4b374e6a7a27ca3a521385c58c15ca14aa512b48ef535a579e681f20b26b4469,train,True
1990,d39d710eb0a7f06b570763b97868c8bbd6e484deb5670bc31dd37c0c6bae1c28,train,True
1991,9eea52f2e5650651b3d95ebd64a82a1384c1e4d04fd360cde05588811175fe9b,train,True
1992,35d47cb4900956875e158b35fc5b40af22f46ebd6cb625b3c224830eb790ba5b,train,True
1993,c6f4f0082172ffd8953933b374b71dbe510972ce58307462adca1ac9f8dda188,train,True
1994,b3bf572c0056c5685ea1c230a4a8de727985dfaa92afd734f4bcc54764021bd2,train,True
1995,ec8d4f385deab21bf7fdcbc7fd65338c1a52d34405278a67a39181d736e55f28,selection,True
1996,ecd3d1315c99d91d1f47e7320a8f526fe2ba39a709a35b51f594a410b7ffa81b,train,True
1997,50adf2a597f6946cfd60206ff37349bb2dd361263d74eedb7ef8413a44712e82,selection,True
1998,2c3b422590c2637ba6a27d2659c247829cb9e1bfa0bd4b90b40532f79664fb70,selection,True
1999,926fedfd09f1d5084faa90711570635583955c8ee5aa230a0150bac622e5eb85,train,True
2000,15fca3404806c5c0b0c87624376a8268ee4e9fef231b907bda0e966b99ac2e18,train,True
2001,975de474079545dc741216bb92c5317792b3a79c511bd760453c5ff1cdab20b6,train,True
2002,bbe4d60bf57be45ba1c10ad4dd6acfab07ff2b3b8ad1bdd5cfaf76ce4d0ffbba,train,True
2003,5a5bd437bd99f69b90b2ee6507d3d70dffa89b799c2feea440b8e3f5ab645264,final,True
2004,f1c5c73ce3ed33ca4d50a53638134b27723d111aee66e93f611de8284dffa289,train,True
2005,83d423b9d2ada8da0be08b8acf5979375f125e69e4809af8ff256d4968812960,train,True
2006,2290a5c7a446d87bac8ae4e94d1896cc1c32bd539d2f6efab3079769e9f82644,selection,True
2007,12cef4a4c6068877336402276067104fb5ada40998f409067eaaae01e54efca2,train,True
2008,677fb486663cd0c733c7f25a32d7ab15f182b102fc3e69694be35774f7b1e91b,train,True
2009,b92d7d7f959e05e3ca0e4db6a173da7f14298beb621095e1fb8b7d1acaa322d3,train,True
2010,d54fa060ccb80ebba94f2833e0b20eab33a7c234e1f5a9d9b9a39a429efc4050,train,True
2011,270b2a5ac1219b657c5745a09e69a1677c976f7e3056e44477c6d4996d7110d4,train,True
2012,727eede59a921c3fc29b4436cf4c2dbaa23bd175f080a82ae8c94e8bf7f761c5,selection,True
2013,1a3013084a1f3588d3a68bbf1bb0d963b541dd874716cb50f393bd06d493d0f2,train,True
2014,53aaffba6d8f689737e5e6bc1fc94c2ed63206400865f0f3bedac85b3cc8017f,selection,True
2015,d23e907fd79f75f9b9ef8cfb1c7ab90ff21dcbec0ee9ff84fa8feaa958503214,selection,True
2016,89d70470f589fd30d7386d9558880139c3dbf8fd6ea51a4a96c3de107625e707,train,True
2017,6e43d4df1bf68b5104c9fb03578fe9bc36ad935eea4929f6ec15d4f97aa690f0,train,True
2018,69d3cbd94f372cb62bc85d16dd20a08241b47d98449dbdefac8aea8ea2d5cae0,final,True
2019,c16a737c70d83d1c7ad8960bb72c0810db557c0e93cf7df264f4ccd062a62516,final,True
2020,32b138e92a1216b4ac3a283ddda908497a7228d25e6b65545e0e215f86314957,selection,True
2021,b49cae8bc22dd9c0035ee436fd05504f5841ddf162e22d6065426c5a7f31508c,train,True
2022,5fd9d987adbb095dca2f80e835bad523794f8339b93baa67375d4db46a976531,selection,True
2023,d1992c6810f97d69099eec3079f28811874942e2fcde592249649a9bb194e805,train,True
2024,67fedabb1623792e34d846bfe9e9884116816dd0db20181d28c73ae179ec793b,train,True
2025,d3f974fd46b7ffcfee32d1bfe93e81c9dc4d202a7a061efaffcf9bdbdd7c361c,train,True
2026,677ece09f1145aaae392d2afe91cc6ce4f4f336728b6361df77f835eac7eb237,train,True
2027,220950f6d8a2d673cada7742c719171d7348bf520694daa1df50c2e8a517fb10,selection,True
2028,ab2d24944875071c323b29a0b93d90708f0e59496cbcffe5ead62b41d3a43e2e,train,True
2029,2340c7c46763d030f9d290228818948e4d302f3f7b785f1cf38376d14619afe8,train,True
2030,6b87a0eed6be7b2d4217ff2fcc0be51f14ab6a552a81b05452934bce9e548901,train,True
2031,604aa1a33164193838476bc3d04d75d898483b339b23ee93b0e732a79f18a176,train,True
2032,05e84d44ebf4b73c0844049f498de0885c1b50e0eead306c98446c8b9cba1bca,selection,True
2033,a89ed111c4d9b235f74d4bef39f154bdea316988e764e2fc4ef2ce5bc070e184,train,True
2034,9feecb6edd609749807fd338f5a2964897ccd53d26b9bb17c9fb78c8d64f0e7a,train,True
2035,78d2d20c800d36dfc00581dc3a75cd565645b56f09af3062034638dcc0b9fea1,final,True
2036,279f1c7616afd59ef6092199ac39169549624fa0b3c58ca0f6cdf4397fb999a5,train,True
2037,66c4a13475e7bbc1316d1c6120b4bf099c0a795b56bbf4a4b56d88f1a75f12f7,train,True
2038,0bed31ef332b26624c84c5418c698ee59a71adfb409f88caa7b3b6c0522c7dd0,selection,True
2039,d4abd58823cae9c99deeb79a755c0c49d1bc3256a9cd38445fb7c5b728e8ed56,train,True
2040,319b93977aedd528caf693afa3a607ae292a5a156f569e6e41ee09b42732daf6,train,True
2041,ca9ce36991cbd5d3dc01e70c01201ba449ae6f82ddd914526213f1eaee60dc94,train,True
2042,ff12a76934d692669ff0fa2ad59ec505b38f61f982537b85796d55baee68d023,train,True
2043,bd0c0d7ceaf46b0717f477f4b80fad99cf3490739b0bbe21c10b999cedeacc71,train,True
2044,e3228db41ddffa3aab1423ca6017024eb3824324c0143f9cb7a97516f3db5e67,train,True
2045,a7484644743562b58d123c5eaccae454f2da7f122811592a2b50e7d2bfdf3905,final,True
2046,8e35edb821df7ca2393d58fb43e7ab3463609d6b8cc568580d4c79bf5776bb52,train,True
2047,8bf748be26dd2c95841f43a78b0f0fdb806eeb2d95925f210183c0410ba5d9cd,train,True
2048,b2024d21a56923fd1629ca16bb9d7fd42731f8d482a1ce32e9b10808eec50d7d,train,True
2049,4912847eed0d4d05f9335e0cb6433e35b229feb941e5c937590ce8b1559ae58c,train,True
2050,086b6570051d5e1424f0975f63e37fe0620a0e8621deae62bb01ec474abfbc7b,final,True
2051,ba617cb3d82cd01238c613fc748fe142a72e62bee594aaf49f374a093ec42cde,train,True
2052,f7db938bd092a0c9083c2795f84ab1165da19b42ddec4e2b329baa3844c38f8c,train,True
2053,5a3340043782d716f936f90d99fc6be1e42f4a14174dd0b58ff871352c454371,train,True
2054,e94ced0593175f33bf133f81dc8b3254bcc8878c201c6cfb40e176c6a157a21a,train,True
2055,4f1b347985aa9925fee7c2b022ae1615a4b713a97a934bf0d3f9bf6ce9681e62,train,True
2056,e760a86154f9a4c43db38a7c2e0469830b4f1c1c306125bc3228282b4ab48367,train,True
2057,4974db1aef5a1f2cfd3d2561370e503fabef5bb7dd27062d00d76d848f9e2663,final,True
2058,13219a77265e5217e8fd457a57bc809add965ee3d170d22af8efc1aed6e77163,train,True
2059,5cb023d3f857fb25f41274149b77a339c09fa48b3fb782e8b01fade2737c8d58,selection,True
2060,295c1c49ea0958d0c40fe294b9a1cf9112726239b583f73f97c76bd58e29a975,final,True
2061,39e48b07d1bc0e6b70a86933abe90f6830b9965b7225739228dcfef4d8c465ca,train,True
2062,babc26790b4a63a7e98a8a3998fd26d557dc0152134451bceb0acee549681d55,train,True
2063,e38de69fc76bfed2a672603b0525dd2f66088b49c574dd7fcbf83c70c4c8cee4,train,True
2064,4f1b2e575e04c19f081da5897bc51e04eb56d54941feeed6e8d246f4b217140e,final,True
2065,4660b7e630b6d73eee9574d307485841a8ec9035538383bdbbe314939d843806,final,True
2066,3b66f5b13bd32d1c95c0ecad799d3086b9c5abeca3eacf465d87d76ee807f746,selection,True
2067,038d3cdd0dd02de20e45cbcebcc281c168779a973b6899e3c9874b61cf749457,train,True
2068,e8760e0fa1bb0dfb34526137c5d1b9f841f83c5975a0e542b4b6ee830eb20d34,train,True
2069,342a9b6c6bbecbcc3c2f8dd97541c20f3e2e621b53396932972e61762e916293,train,True
2070,14d51a71a1ad028035a05e9fa180b91dd2aa694be02aaa19a51862d81cab0524,train,True
2071,47ce6f1c26fa68a799ac8272f4a5276b3f639c8e887d2080649ba4e02930e35d,train,True
2072,ccceab36ad89932f961b80f619325870b3d654dca0f729687e7540a9ffa658dd,train,True
2073,2f023079be81ed49917bf2166b74dc8b2a2dfebc6c1fd60c86b63bef5d2b1765,train,True
2074,14ff590cac2af8f905e9492e8d6c72f5f73cc5a28e1811fbaf73c7df87e74b1f,train,True
2075,b2e083dd6ca7477981bd8f655a8f2b3fa9335d97127626125faefd332d4b8896,train,True
2076,853873153fc53bc0f70cf09b3cc45fb2478e6d9da3a27f11e5ad969495986f2f,train,True
2077,171e8bc2ea5cd6408bb218da050bc0b6a92bc71a7a5b5e2727459703c8882258,selection,True
2078,23115812f554edffba1083501ff44228f8281d4e0f587230d14fe6a1f052f9c0,train,True
2079,c1852b1b6323e431344a1789057db37e8a34f19de1e1a8ab93685a69713ae069,train,True
2080,8ddcdefd90d1a9c0841c1383a1b7edb92d394b0f87f9c1f8c33286f63b4458d4,selection,True
2081,67eee34b5c423d7f676102829487e78b8eab3063bdd95edfb0f07596600667bb,train,True
2082,0bc357fb078dc0e445f6d45a66675a10a2e516fd373984a27b7b7aef9ca606d3,train,True
2083,d97bb1abd7f720271ec51388cf313094cf25f1432a506a6c03afa03894b712e4,train,True
2084,2c1a9fe5008d1e03e2e1047a0d6c59c87346930f7cf7eab2de28ed311693f6c3,train,True
2085,229ddb4e36efe5a28fa29589098f4f6c60509941fb338d3a606bfbc8985adccd,final,True
2086,9e95a398a0e9be821b19b4417f5f4165ca933069195950d43585b71faad1221e,train,True
2087,b972173c83432f2b5e21e8e93776a2791b4b9fb406cf060b11eac2ead356034b,final,True
2088,cbc193e93b04caf870df722aec5c3c4375f8a9b9602794576bfadb6b3b7f7bb6,train,True
2089,e070b5f85c4c2e6b7cbfcde8024598f3f7cbc9330f1f4aa210fc9e244df81c1e,train,True
2090,63bbd9937ce7f6a13c0aae829df60868dfd5446afea8b05a576c06e1de24976e,final,True
2091,72e2035113a5b55dd91530c1c07686b0f1f8556e4175ea38a35dc1678674badf,train,True
2092,364c651aecc6a657f93930f38fbec1622d082588f3ab052f8c4a2020a151031c,train,True
2093,a8b8ae4b28a007714575e1f1a557249d135e06b07ccaf2e69e86fddce5b6cb34,train,True
2094,606fba8cc3b1f58e9e06d7b7658a845ac7930f65589c485e1b8ba3658f170487,selection,True
2095,882ea8e9fe78895f23a5775b07b001035b7131f3313401389e61bbd88d747e0f,selection,True
2096,2221ae24be80a6bb6e52d56232f8328d970e8e45f341fa9f6fcaed452f8057eb,selection,True
2097,7c9ff1be7a2e64c09a5f7713f69ffe82778ed795310efe73d6bed31bd6a86f70,selection,True
2098,6e97817add3d47506ba901a99fce50f506065fb877a53b9756cadf1c58a57632,train,True
2099,a0c3d67cd9b775daf395ec7f730224ea25abdd952d5063f60b29cb2454c5e6e3,train,True
2100,cc3e8263db066d2c69ef3eec6c454ab3c15090addc8b9f87f4f6ccf48f3ee648,selection,True
2101,cdc53a3de221eeb62d62f28b348314b692e9b442578cf73ff27f2a107139c1de,selection,True
2102,b8ec58a2ac914e9677b7e5203c0b5e1bec581fa82c16a52cf0fc0b77370c696e,train,True
2103,ef0f51de2ef7006862b8749253f02656b9aca55490c62719f403a2592baed0a6,train,True
2104,c56f1950c5b7ab50ec7744002df60f121ca59ddde85b56b2a5f695c5dfd4b7ab,final,True
2105,49c2e4e32e070c32ac2de71d88322b06c223eab956a30d68f5b96e7cf5be4dca,train,True
2106,6e4232a43101b140db4fbf721da8e5252a5b5d524601b402d9e912bd687b15bc,train,True
2107,63cae6b791877dfc3a13fd69d98331933f1b5d9502f4ebd6332fb203d4312d7d,selection,True
2108,7dc8e4a17ca2cc050f00f6253216b45a98a645c486d5e04f45b3cb7478b206f6,final,True
2109,06a0c35c9332325c9d7e91719b4cdc70f9a04db0adf0e00aa1ca9d6b451858fc,selection,True
2110,ca087eddb57491df72f9cd46f55f512c41ec52e5a76eaec2901b6259a2d77d9c,train,True
2111,75592e8d1b90e6160b5ba9aaef742fec826aa6cb5c824bf53f94dd2da817701a,final,True
2112,c4802db13e3e70f9f025371ce52a30daf1ce2ad66841b25d2f3a318d15aa7fc4,final,True
2113,c00b398cad92e0eeb939e3162d030249e432e70e6cf01dfa25aa2f2d572d021a,selection,True
2114,0be1bab562138568946e28ec35921c3ad1864b25b714ad195196dbedf96ce75d,train,True
2115,7d6b2ae2281ea2f16573d02ba38e39000b80c9391e67a8344a629981cde0d2f5,final,True
2116,072cc6c4500a365718602d3ccb6a9cf6503c74d68fb6164fa3e209cb7da45a2d,train,True
2117,ca90f8f480410143551f294584786ab3ae06fdc50e2d272f93d73c1322cdcf4d,final,True
2118,2aea5d78235f0e4553be2a133dd50dfcfd556a492b8d4e1bc2e7a96c1f145107,train,True
2119,63396da377b7db511f7f6b4f3623962c98990021be8939aa6494dcda373d066a,selection,True
2120,02ff748ea2d1029e8407330ce31abfc18c2bc5af0d603f5d5060057caaa5dbba,train,True
2121,d210f0d81a7f474d482b623f4e392a5a659b02ccb5740f39e025855fc5211dbb,train,True
2122,8b127cae102b4e0d1ee7c98970e9f956dc4762ef7e51f0c64edbd18fcddc75aa,train,True
2123,039001e825e64b1af402104b4c66317fbe9788748a384a5ff059ce8b6d18c0bc,final,True
2124,195796f94bda66e2739dc81120d96626869411fcf558cf3a6d494ec135188b71,selection,True
2125,ae74e7f66106f7d6bbfc7e5c6fdf696a6ec4a6fac632aa8435fe537277298b25,train,True
2126,5bc1dd9d41563957e3aced648f4ce345ff0b96c41d0674cdd3c242961adba3e7,train,True
2127,9dd62fff7ae5ce94db377eed07d3853c1da25b77f8c0657d39bbaf8e2bbe8a37,final,True
2128,86cc63929e916e465b2ec2b3c2085494e2530e67b3e31283b3aec1db184837f4,train,True
2129,afea18552de42838ef35aacf237cedf3f4383014b0c3df36e76bb4c6a6d57842,train,True
2130,76a09284fbc002eb6951bb4e4852dbca812a42cb6806fafb95acd31692781e99,final,True
2131,44910eb42816ab5edb356f95cef7b554416b0f41771ebf8d6e1f3e084bc99fe3,final,True
2132,01c2f92680fefec6735e46610732e60dd5b355013ee0448170c8377a31a73169,final,True
2133,7aaccc45ffc2e7bac502824cedd631bd70e4844e79e3e7f11597117167dc1e39,final,True
2134,dc0b6cd143601c15aa285bcabfcae2c51b31772b3ae0bb054a47d1a1bad2e5f6,train,True
2135,30cbb384500b5731f453696ed27be8def1658c55b950db5f505888c8c78a10d9,final,True
2136,dfe740bd1905f7edee5d09739a62781c719a582af2dcccb29f0c85072b88b3a3,train,True
2137,8dac3fbbee2bca038674f7f4535ce49da367f00c322dca446806651eff73a5d2,selection,True
2138,bba7eeb6d11ea430a9ca5f8e141e7e023071f465ff8b6395e0be55b55ff896cb,train,True
2139,7724f45efc1e672db490025efb417371bfde16b799ecf6e9171f287b733def62,train,True
2140,b9490a12448e06ff0f4ef3b9da5b581d13bfe0f7b3777c4226e390915590f26a,selection,True
2141,a2c46216a6fa4476769ece0dd97b25ca7fbcb837cc1860c5f858f9c67e7c2cf4,train,True
2142,5872b1a343df49f7b2213bb475fee42035ce002a2628de8130868544ba2d0c6b,train,True
2143,dbcd6e5dc95170c161bcfdeedd89b43736cf46fa48140a3aaf196f626ab6387b,selection,True
2144,e0b1fa43ac44916aff46e1964c4db12d3ce28cf4cd10039258bd0f4af8d45123,train,True
2145,8605999d3fb7c6512cf35b5c8fb52c84bb2ad82ac24820a659e1ddaed7fe7024,train,True
2146,f4eefcedabf209ccef5d9e9f905143283917ea9409d8ec43050d4c1bb05a56bf,train,True
2147,ef6f34d70d5203d002ae5f1b1cd1ad4b8cdd604088a042e9be33f0c94fe4a115,train,True
2148,f22a332a98b57efd5915eaadb21df46d489906c3bc10bd3ffa1cc6b1ebd02002,final,True
2149,fa7c40fd0e2cc98f511c6a9e82b9d89a7c2af928a34d30ba3d905b4e48f08228,train,True
2150,f807a018053c8824816e66c98f77d66f84821d9ea33988611ed6a7d9c1ab04ea,final,True
2151,d1ef3107f53c5746c36ba9a2309ec2a9c2a9dbcc1139b255cc97a1bfbdc96cfd,selection,True
2152,16f18beb2f144484d3c45d6de3ce5f7d78c1b3bcf039f5ecb65b3f29f000c20f,train,True
2153,16b0ddfcfbb0a564947afefe0f9c513aacf78493f0a2d434c0e8e5871df16b94,train,True
2154,b55c2cd6a8d162da131633851aab6ccb7589f4b6d671dd0b584a7f8cd13aa4ab,train,True
2155,94bd36cdfb03d1f593257361124a3222d74c270aa2a34baccaeb407d8a421ee0,train,True
2156,cdf7b37a5ab29c4ba0c2d015236871bc94aef9aa0e476cdcdeada5b8fa83e26e,train,True
2157,6f59123393b7d3d695587d6da32995baa9a1212633a458cb2cb4a04194f1695b,selection,True
2158,85d7e5c7938b9887f1c10efa3cea25d42a65d386720cbc74da21979c2e180fd1,train,True
2159,b62414de358410439a41232655abe9d1030a6494c19cede76504a0e8d5537c6d,train,True
2160,02a60e7687d661afb25f385fa45c0adc774991c75251fc5cde3b3e1b39d8e74b,selection,True
2161,444647fd66ef64aa1085507184e748d454acc4a3e14e66250044d90279b66cd6,train,True
2162,7da0dc6abfcdb55d9a76367bb58342f6164d7ff451503df62815144d22f2c629,train,True
2163,00d606bedd029637d0013eb86035579f12addcef8992a94431d1800225e39eb5,train,True
2164,fc593e4e802ee7cc234d94c82ae26d81a084dc5238213e239e6b37b477cf3396,train,True
2165,8bfec3d8d77bb5e936dd435af2338b642360efb9203243fed6e93a710bc50356,train,True
2166,5e168fab6b88423c2ea3e1586f3f418e8763b09f964c22b476ceb872898cb0e3,train,True
2167,b0f6e20daaee487d08030f89314f4d2b2922e5f1d116372cea0b75488564389b,final,True
2168,7f562292c55bddb61389208fac5629ff33b9a2b7b27188ebd1ff8c579142d54b,train,True
2169,43492d92ed9978c6c1aff6c9f739a3a872ff4cd4acb640431a9d9cc87d097133,train,True
2170,779832921c28353e15f8df0f255f65ec6002708f9fba98045f8d37803d76ce6c,train,True
2171,7070ec3a1145096ca71846e023b74fd27a443758f17c98540f61ea3c3e9ddff1,train,True
2172,7c64c3bffa60d797ee9f0c45614579e3b1f403ac3afd12ec8a9e2573c3616f8e,final,True
2173,ae72f21c337102bbe1f340d0a09aed6a04ee17ad0dea60e9cb00b0baac71b601,final,True
2174,289053e7ba482b54130571217edce7a4d058180113db957337ef37af00b858c4,train,True
2175,1de1931fce3cf056d9db8c3141a10bb43672fcdcdeee3ab759f24f5983cbc9bc,train,True
2176,8e4932cc2d45024014089a5ca0513219b68d26246f15462e3880330c16a1e7ba,final,True
2177,e802d2aca61a32534d760f961ecb5549d6525e8538042de24d4e7571af7b348c,selection,True
2178,a311f0e877f652e8293a80c6af1526669d7ae88640d1889c0ce79d2c574494ed,train,True
2179,51794d2d9762f858154571db751847144ac33f90bd2f1bc791cfd144ba9b45f6,selection,True
2180,44bf8a552478073c35cb6a5603e3e0ec05fe13c160a66c9b016708336c61cd17,train,True
2181,91d627a72cad39859972df049f434becb023124f4fe7389f2d2d7735347e622f,selection,True
2182,94814abd11af7b9f76facfa0c01285a793376ed530e4cf1b99fc8bff8a6868ae,train,True
2183,f50160b817511808c4c0538d0ae3205478da5482a96ee4f16732d8213918ca6b,train,True
2184,f5acb68e26e70d680297909fba510679eee5c18daebad4205e23818af2a4081a,selection,True
2185,09c017079f0d23d280701ed955277164534004595b1ccf2d1b767edab0560500,train,True
2186,9d0cfa9c12949716ad2d8d756be19e44dde91dcb72850a928e743aa90c297284,train,True
2187,108e3ee66fdc821c2dbbb1e1ec085dc08f042418ab119e648fa9694fe8244d3b,train,True
2188,11e3538104a5d1f886e0fe839047632c324714e6338f3e88dd0ddc0c2f611fef,final,True
2189,2a08e65d44027c5f80a4ea7eb32936397dd8a374acde1871a841e215a3132185,train,True
2190,e03a9cccc38fc3457d8496db267b55d3692ce1af808ec80c602c86065e9b3d3b,train,True
2191,182861d946ecff221341b3048227ff088a6852f6c8d139c5bc64c6c575ef767b,final,True
2192,42a36781c14a3922536ed39c292c17920f7224f4c4140b7b1df648fe3c08fd01,selection,True
2193,fb6299f7d822adcd86b0e960632f6eadba67c99467bd5c7d07fec8bf701415e1,train,True
2194,a5f7de4181b376d1d089f652f26c90b531baa634192629feeec11d3275ef5f06,train,True
2195,44c5ce0f05c684bb03e4579febe8a0df76d5bce09d821b657959fbe0b543d838,train,True
2196,4ad9e1e33b5b3c53b7211842bac76cce52f052a57eaf490184bd4a2925401529,train,True
2197,94c3f8db48e19fa457184205d4a30bb63edaf5f27850a4884c281a0972bf60a3,selection,True
2198,27f297a4fb837553cb643e930f6c7e67da0e39c5647883d5dcc1aeb1b8b302ac,final,True
2199,2f2ec1171079913275027cd4b01564e80b5776f7925a163813ccb6f98e847319,train,True
2200,f8e08e11bd50c778375bcb80596bbf3f296b6f7fc20563bb3fd8e5ab02cacc91,train,True
2201,5d6126d4a15678b88d7286fd3337a68ccc0e10f77d0953a39215ff384f35f0b5,selection,True
2202,196f182b7c80bb2d42d8248b4606517f8e6d073670c9a5770ad5036f321cde3d,selection,True
2203,08df6eec779859caa489a7893dd54786745c57cdce986c3f469e53495ad5a844,train,True
2204,a54f284389e9a6e821cc91105b82fe86442ef638af79d1a1fcbf100502fcecd0,train,True
2205,ca9148791bf1fcd7d10e8a75d25844341a4af943f4d89714534fa1b43be8a24f,selection,True
2206,d129d197fbdc4668a2e8bb4a14021bafc49941813ee1c8db07f06eb27b681ee8,train,True
2207,b22e10462dc20c6d5b3c928d947105282e6abbddc0ebfdd6c16d783012aa1eac,selection,True
2208,561acee04bdea0a374d32bf088f531a93eb7ffa12c220ec38ede0c68c572f8a9,train,True
2209,884e5a31286fa1375c577d37b82ddd38e079dbc73781d285c8ada0d571e5b9ca,final,True
2210,7ef4589088a9747027b538392b432a12aa7861ad8369521351747cd231db7a4d,final,True
2211,1e76779ce063b926294c893d61c36d3d71444a0ecaace4c457b75dc293a04851,selection,True
2212,8b64491b16a316110bc29de942def3c00758b06e6ead98891966f3e963f1aeec,final,True
2213,95ebbcc3a95eb51ad12479e773c6338e9cc9d4c91c03619b38fa47a161e97ac5,train,True
2214,af30ef0cc3c3b4111037cb5cbb3547c93fbc76c46c5f7592aaf375679daa48d1,selection,True
2215,437461f2e22a6389520daf7a21a3c2ec5999c26c415c9c1ba4fc36c4291ba7d9,selection,True
2216,95c8ed152f701c72a61005bb65fc7e1b83397dfe2eb79244e201fea05d9530a8,train,True
2217,140e009919bd27850b4a2b106225218322bb14b1d76b457af957ae0a172dc9cb,train,True
2218,9db83990f5e2750bcf2733de734f20509f33b4fb653fe3dc5ab85cd9982a7cd1,train,True
2219,4317e246c57be5aa92a019962e382980b7c4d0aa15d71370ab0f9e9e0f0f38b0,final,True
2220,cfb754f7b98b31246bd5b912c2fbef3ed6193a6bdbfc0c7894671e3f2884e803,train,True
2221,d87ccd8ec2b54ed9b836e443bd89d054d5a3b2ca70a550406fb145839d623633,train,True
2222,57fcad8ca270c1137d8e800f5a2bc62d702ab03e74a7bebcb950f49ba6f8f4d4,final,True
2223,b84df473b4cfd0578fdb76be6dcfeae723b25e40f531165d5fb84e72297d5e1e,selection,True
2224,4795f8e6f628c40193ece3acdb6a6169b96e3326828a730871c86886bd537ef2,train,True
2225,f4e230c076e95de10b475424f4062ff8bfd9f40fd582332f0210c1b9d9ce0fe1,train,True
2226,22e715ecff0235d93e1c384d5a90616c2329320941ee9954dce8901bded75413,selection,True
2227,c926f1661ab2cf1470cdad19e417afb8fcc3cea4b37b69b334f3540ed08a8832,train,True
2228,dcfeb09f8fbce8f1e077ee66794a570203dddd7c2337b2a4149e2447d97b2014,final,True
2229,da0b82f57b6ee0d4ba80c6b58246ee50a4eac9de482e6ea95d20fc1cc77b1cd1,train,True
2230,889f65608bfdb9a42e5759edb591a885852527d32b65b6a0e70e82a28c533cbe,selection,True
2231,3a93244d80795b22187ab98732def2ba8c3f7852ecc862281bb2b20fa2329c2f,train,True
2232,cf6895028d3acb0fdc04c5c11ffb99049072d99543bae2909d49ab9719d07064,train,True
2233,06d6d4a0c4a277ff7a9c1d17e5e32e021cfc706875be51f112d9585ef83192c0,train,True
2234,5ebb64ce80886b950640607c9b4c542eddbb680d2b780b2e7606195db1b710ae,train,True
2235,3474f246cbf3d3771f572f0b8c224c9a78f8c1e77a846eb16b48423c2ab67587,train,True
2236,0b828fe72e803113e4e4d4e5ce189be42ee13747eadb6baaf0fe8ff5cff4bbb6,train,True
2237,b33ea818567e7d70e81bca7965b688333b47aaac71330be989e1c30e5663898c,train,True
2238,e670d6781114f50f07416013feef2616adb1c1e5e3a8850c78d17333c75e85da,train,True
2239,ac82cd21072d23d628307d6aca269473cbcc154f84b943c69c47d3e47bc8b872,train,True
2240,3c8e13cec16fa94664337072aee944395b6505a0b49cdeac0885e3740b3ad2f5,train,True
2241,a2ddd1d93f446a59523930b9aced7b56cfe6356251b4679d9a8865647ae6988c,train,True
2242,ec04737e37fedee15344c998dcc4f8c2954b175ee73f9ac0b45d24e07f94cc82,final,True
2243,e77e220e96244a68ee2865a96ec43dbe4881ac491b72105b32acf623d05f9375,selection,True
2244,613946f0a7db0d164033e46edb0ca9186bc136ee1c6ecefeea984dcc108f634c,selection,True
2245,f4a63172434709d04d48f81f5a2044ff2cba183ebac420784838c7616e0ac676,selection,True
2246,7f430cbc956bc59494e3a08030541bd0a0b31276a3afc2f5ea39275ad75aef2e,train,True
2247,54fad9a3219482d034fdffc60605836b6ceefbf47a11bfb69e9d2c51ef124508,train,True
2248,555ea908e52c4bc25c24153f344dc1b9ce9710afe19c6eed427ceb7c14439a4e,train,True
2249,2453230e9831fb0fedcb75b1239e3c56391b3991229dcc285af664fba8cc93f9,train,True
2250,4170376760b3ede891b512669c5783b233300adcd7e4d3ad94253e6a0501d5b5,train,True
2251,7dfcf4c4eadfadb1ab75d4667dcb2efdb094081c9d04cc40cac2365b6ad93efb,selection,True
2252,468969caff03ed8cb8f93fdf3bdc46ef9676126a0dd4eb5ab1666d0dc5774a10,final,True
2253,c3ff75de66ed9b4e0fbc534d03240d03689abcf38c9c2ca3739e7610bfac7d7c,final,True
2254,28c3299c4431aefd6797eb41cc602ed64456b7cc2f7405a6343f0de1446b0ea2,train,True
2255,698faf6ffa4067dcaf98cfa5a4646e4340a6c821fd01bd1f73265df228c10f7c,train,True
2256,363435912586a110e91413c770c3bf9bb1702503ae5ab342da595039b9197ea3,train,True
2257,c78471429364b835d0256d2fb32177afbcdbde6e09cfc7657d385ba3ff9d0182,final,True
2258,0d47f5c8cc1548c5ad6f11517f6ac6f4931131e0765729eb1048a6178138be87,train,True
2259,84587e0fa5be51e4958c79992a5d65131f0237fbadcf4fa95a647435e8ce4d84,train,True
2260,cea53aa1d467968b0b2ebe10f49ca76c7bd06b597066287b63fc8ba36953a7e2,train,True
2261,a001ae5ad976c159ad820f92043947f1c36ba0bc3a340e874de078fd9e857a6a,selection,True
2262,d3fcb44ad030f43446e12d248f5a1ef2e2cdf413ecba20c157a7a542c5e8ceaa,train,True
2263,522048b5efbcb1e2c20a30e6c8c8dd30d8ed885430d28bfd937f112aeaada3e7,train,True
2264,4854fa703886feb837261df25162171253540398ed7965f26b75ddd4fe944db3,train,True
2265,3d6238b98ebb3529c915ec6b6d4fe2e0209bf6f69f67ccbc36cd0055f99ed1e4,train,True
2266,febb79135afff7cae79226bb51423ac980f5c24623f80f99f01e274092e8c536,train,True
2267,3e143a4029f5385bb70342aef620f4026270907524f44f452d4e9dafcb415366,selection,True
2268,d63a25b71d8cd69e7d8d4dde502cc02032a7c1bf381b463e51d1ff4de6fb19c4,train,True
2269,cc59f2993dc31b18e25c6d30d87dc7a7bbc5242b5820c73b45753126afa7bb08,train,True
2270,0bf70f8ec1ebe41c5022a42fcdf23d292d4e60dc3fc03454a0747f341d189b65,final,True
2271,4e64b64f429912db0c2d2fc397f236a28f65555a2da5a353a8b8f39027f23957,train,True
2272,dd16758ffbac882e09f7e2d5d176a85a988bb042a54533c4fc0a99e33fc0a6bd,train,True
2273,55a8efd18fd2957f96ea7f7c49b35bdc566fa52e35b00e893fd7dbbf277af60b,selection,True
2274,be0748635d2ec73e9b986fcab3c198ff71f19d39a0aefbf237c02d82d0dda698,train,True
2275,0507544af0e7a0f2999ac0c35cc6aae7069c8092850a003f87d15f9d9cc94cca,train,True
2276,c16934eb64586249ef9e8c896e26c070de06eb7f2b351ed01841989e850efc48,selection,True
2277,0e97e38cdf0ed4054c823ec30baf85721675117b2852677cda8abd2edc12219b,final,True
2278,a7a4745187f905d482c19c9a5d03f75ad9cba3cbb9a24b5d0c8fd49627ff25ba,train,True
2279,1d889d4d90b59c8a4864b51632976253a579b5809599aeb3d20df4c7fe6e13f5,train,True
2280,856170839968fec3864a518dfd3320216e0eaf2634ea25ed97bcecb7aaca009f,train,True
2281,adf7ad6e8cc60ad67eb5e5f829742839c9bf6f3da282dd2688f87b4801d2216a,final,True
2282,33fc837958b53dd8dd6864787f522e7dd7c9a6d754a66b8547bd1a780224db95,train,True
2283,d0ae91241b3b241771aae4e2bfb2041062ad87ef92d4bca433e76a474a40a356,selection,True
2284,93041fdada423c068125dde8d59bc520d16de927b21e64bca5caad2c3827d574,selection,True
2285,7fc88b0f66335b98183891ddefc414afaf6a57826dd3471ab1e71a2c5fce758f,train,True
2286,2ad41348f06094792bc6419566e419da4f091711347f154297bad2e8bc8c70bf,selection,True
2287,60a0af20419f72595a31430f6472d182204eea74a5cbd4ee63a987e4ea5dc9ed,train,True
2288,1b77cafb4cc5b810717aa604a09f2aa62b07e3db0beceea6e905d6d150757989,selection,True
2289,5fc8c641adc6b3ef47473d5ad48d133dbe7f2e99df501d19902b30ed2d20661b,final,True
2290,3abf1c3a947d660633fd80f14bb5142c03875c24c7c4e3087a002fb8a34ab3f4,train,True
2291,31e2978326255dd39413ddb6af05c432f5bdf374443b3e771a79a914a691f1f4,train,True
2292,ed9d39c3f558007ad518a092069a2ad29b3605792bd812976455dbfd270c74db,train,True
2293,efdf678ebf47d45c8a71934ed1c614e95c83e728a76e58ebeaf76e6caff44721,final,True
2294,fc109f49b559749881079e83d78d99f77c45bd85986a2aae30c35ea83c7b3958,train,True
2295,927b1583942a9893b534e423898810b5cae3d61c1bef7c00f3501e57f00384a0,train,True
2296,ebc7c97199a315793383acf57689c08d20eb14596c3d5b4727152906b5f16eae,final,True
2297,b5c64292c67366e810d2e49a9466618a683ec4faad47a32d30ccb41870b0973b,train,True
2298,0296c05882c52ff04a2e17ae99408ebeed3fdb7b2d9d2fe729e941a803787543,train,True
2299,e4e30ad761c7380ce9a35c6f0056f0a52b42102b6604f9711fd6fed23782cb73,train,True
2300,adc070233cceebf23c21c280ac68ab9f14abf760430ec0eaec6ae602a809b89b,train,True
2301,94bf768add1bd10c0c417668531354346bd6c837d865404af988229e4f5a8fa2,train,True
2302,ba426874a2c9dc5109ebf6f835f02824be24873b9931750d660c7187a7c9f1ae,selection,True
2303,c0604bcd04f61873f735eeb114dfc30a9447efe06b6518ad2eab48fbe0ba5154,train,True
2304,e3a92581cb57c1ff2f234b6110edd26a2a7d57699386da25573584c71dfb30ad,train,True
2305,b12737f5812fca854047a8d86875c9e58f6d6fb7d00ca4f680ee642c11c38989,final,True
2306,c3384f84c56bbdce409f8250a3b08b9da2ec76b8bbbb9ea1644df8d602508469,train,True
2307,561185c0855acf758c60b2076fc2d44320c489279397d797a4f0046290d02f03,train,True
2308,2cf37f6e356cbfb219e5a36da3a0af14e95517108120fa1f4f48a0c74c407859,train,True
2309,59ad7aa881d2c9b0e4f3f5e27c89f314bf5568a6b6d1bdba48114eda7fb553ae,final,True
2310,e6bcfa6f85ef83c14edfe00d899521a604263702e48464454e465aae0d18914a,train,True
2311,e6b921ffec3b29cb7217f45aadf2f1e47b79115a336884e070e1e5eb8f98cacb,selection,True
2312,343b04fcc6bbceee9ea3dca51bdd76331ac471e8aa71c344c535a65ba4732fd5,train,True
2313,2568829c3ff3adadff5ca5bd70570074923bc5e7685a5a7d80aa87bac03cce64,final,True
2314,65f59fa3ad9d40a4498593ccb914b43e4a1d3427e58fe399d4d9c5c7da5672e0,train,True
2315,53d1c4129384bb5ee3005a761ed3c6368c91f8dbe59c695d769bf862565c7a0c,train,True
2316,d99cabbb2626a07cb2cbead6238b9e8db09412d93fb08e45dd592dd7d06a995e,final,True
2317,0030ededdf2313e315308d2b3d9898dcb245f4ac304d8398b88c384247ea8ad8,train,True
2318,5289d3971d8c3efdbc952d4de258ece70a93d4c94bb67a304325dc11d3768950,selection,True
2319,f18fdafda898e420e072f24ba1d871a0d65cdbaa8deb590f754bd69da1e56890,selection,True
2320,3f4055f5484469ea30d18b453984354cb89ae4db367b4c66cb7c8483ae583f66,train,True
2321,d3a62ac98ef0318992621b385151ec040ab5ba5063b37a7fbfe082e77bbcf7e4,train,True
2322,72d2c6b8629d5f7f32bd1fe546e3dd2ba4332cb727cf8057570e747c7676ff33,final,True
2323,a475942a6963256461187cbe6ee5ee4cc58ee6604238b4eb741bd79ec35d2945,train,True
2324,09870fb31ba0c7efa5cb77fc493f21db42f990b4f82695732ce120afaa92c0f5,selection,True
2325,50de83693d6d0b0f44ec6e2baf26b9d6b87a66fc15a29de09a187b4e17a5c830,selection,True
2326,e887666ce2900db0a2d74079e0135b1bb21e3d44118964b16c335df8dbefba1d,train,True
2327,4228a6e115001f08c8d44297e226fb3e5d60a6431e83033e9f93d53b7c0c2fab,train,True
2328,afa2d74126e22b123c4a2c86a0886ca17dbecc40f118520f59f7decd6ddc0bac,selection,True
2329,0bed49037626c2bdb251b7ef343ee7e24b96221003a4dbb25f4949c12ec22549,train,True
2330,0be2a5faac25ea86b7ba1a68162fe2785229ba61d7b0d85a645b07730d40044c,train,True
2331,52bee09b1cd251b5055177998941928c2c6c817519caa425dd51bf5031f231c4,train,True
2332,f09685bfacd270b16e0edd829d5724ec3b3bad7fcf2b5585252d4378c22ab86b,train,True
2333,36494707cf62cae43e4f6a24d987125d8f75b774bb3a574958b2ceb949e56c70,train,True
2334,e068d646dc7a92c363b71938db3b2ea3151c0a854f39d1915217ec0f3d8142b3,selection,True
2335,caba46a22a934c2f18489a75abd10e50436340aa4f51d3d16026ee4f7fa15f4f,train,True
2336,4bcd06496978b093f3d84778ff7053de9574556f544bdf1021b0459fd84d7d81,train,True
2337,4fc6066b5ede429cf9261cfd4087e999dd7fbd8c77b2ad9422a1712cb6ea377c,train,True
2338,aeae73064ea037a479ce65e70a4c5d3b69f90f1d7b717a538d7d3d80a658885f,train,True
2339,d77831d110871854f976c683b500c4c7c60e67c0bd722d8d95a70c0fee5f4c84,selection,True
2340,699ccb51f5608a0b78a6ea11d676f7a7e0ac1175a2edfa6496339cc5a9d61264,train,True
2341,0ea11860aba8bdb0e1fcd8759b0b956f7a6fbd53bc27ad9a96029153dac3090b,selection,True
2342,263d785fe42d68a3e799018e90e68a0262e9d08d1a01f7bd3b8f64ffc3ec8df4,train,True
2343,dd36a967ee5205d5169e96b4f17eb4b38c834229df035c7ea061f1c5e1b5c653,train,True
2344,2b1fe24ec32e83d62cb21ed32a41854b2e5b6ecf93f4e3ed33c8b72b41f8fccc,train,True
2345,28f8761711287be6ed0f7276ce01afbc78a8a6d6ae6c61468dbb518d37ddbd46,train,True
2346,b685f9d83188a112109c8d6ce608ad9c3c9a303d1cf50c9428c28e2895860cc6,final,True
2347,844336de7ca5f2e69066b4520bfeb817b31fd03888b9ed8ee878eb5b7eb303b0,train,True
2348,69a88629b6f6b0c51c70a0bdb4c785d31ab86ec98c2a3b9fbe4907e731393835,train,True
2349,4502a01ea36d8380f5c38b4c7d69fdb8683caa444eb6f4b9cfa96bcc27313c60,train,True
2350,b499dd47971f9f4ae4ffac9f373184756380f5409ad3ea754958b40b465516c1,train,True
2351,f15caa6f6621232267cc635e17494bbcbf6e053f9bd0664257cc587be69b0674,train,True
2352,ab1d4c3fc5bd335ae614f98949c0aed15267f490a5eb59b1e631447484f26ab0,final,True
2353,d4546bfb5a08c9673fa553f9367ade57295b1a52416c029d8e8fb39054e4f0c3,final,True
2354,529d84658b7e9dd330cbca2766268a68dc5570ca25a499d6d1836f90a1926bf5,train,True
2355,e87fe14677d3261667a223bc52e67a0053675e8c8a7b67e331c5175893d6492d,train,True
2356,5af7a914f45d0d3e9677848c5053a7a360a7c1460ac6f0b231412ca42b4dd0d1,train,True
2357,a026d0153297fe870fa2d0517f7b5b0163f093bf737e455190f0a54e3a20d7ba,train,True
2358,4558df7da044798280ac9f54882d9f20e6dcfaeb71442082ab8f52a20deac813,train,True
2359,a255ed41c07ae9c13df7edaa5999c1f5ad32775621a3da9d8daa016910a5fcf9,train,True
2360,0e99609b5b8c351ae627c76b07396a9ab700e6cdd450282f82f83587e66e261d,train,True
2361,e87b6fd40d587c482cbee9e27aae23932dbcad41c1216c386aff46adf2f8340d,train,True
2362,3f38f06adad9554954d084029371a86739fca91dc15a698af31f51fe4b3619af,selection,True
2363,d9b779df3befe7a8a072e45c01d8c08cb5d5a9062c54953cfaa0a02a2adfae78,train,True
2364,4e02c15620fc2d47dc3e931cf12c596409e118e8e0f19a99c1e3fad070d3d805,final,True
2365,d07f20219b41028a92e2c806f26a8f2bd30f95f9713df37b67be6d524e485224,train,True
2366,b9aa641522d8f32e3099a6e6c8144d45b14b58bb44f256ebb47571df55b55ca5,selection,True
2367,ec39497c698b39908e669ad287778e475893212dd72960cc7dd59f71b0669204,final,True
2368,5f658b53e15d25f8e42d3c8e8487a6828235c614abaf561b0164e84b870b6ed5,final,True
2369,e0150153d03392c2aaa460b5dd284b397f05c12e869760346d284364f0b0d9ef,selection,True
2370,fb1a656c7b2d10b87c31aed1302194fb6468f34100c54e45dedf7dad3e03458d,final,True
2371,263befdba09e1ed842e1e84ee015c1cf8b76215c13124e6e9cc23542cda90343,train,True
2372,83f8aecdb4882aebbb955695dc07cad2324d79604ca026ac7ae64a33114dbbb6,selection,True
2373,c58924045e7d1f8781abde50a99ffbc7a07f869354193a908f76f587fc8dc339,train,True
2374,5cd438b9a6bb336d90f9feb29550ad30d7c6822cbbafbfc16fe060afe2742a0e,selection,True
2375,ef6d5c31306c925cff44f33ea7f4f372c5093c7a7195987a8f64a32eb4fbdb63,final,True
2376,7e7777b03b8e519ffdcb17241f3a336785b694f7fe35d71e7f8f26e9f97c9170,train,True
2377,d068c09b350fb986cffb01b6aaea29116ca48829e85db090662be84cba631ecb,train,True
2378,14423e6a6d47f69f001d7f1f56411cee2216fb465a57b64d979e1f37fcb97b70,train,True
2379,a7dc425920841a1c3e9699cfaa1991fbfbf7003f303dd42c310b849d3319690d,train,True
2380,8a4dadbaac0f3b0d461ab868f7cf25e0673a1c8b709618f7a2b12907c15ebd55,train,True
2381,06f3c3f00c687b8c86e904e9c7c1a30542a84a7051364e1cdff635619c0d83ee,selection,True
2382,7edaf64ec517136a8ea309b183f1481f7eea4df03ad9d4b5666bcf184a2c1f0e,train,True
2383,91b1ea134d8ce1830791823768cb65c143cd166b55f2753f9308b0df83de239c,train,True
2384,be346414f0fdf3231d9936e401c2247eae68447ad8f69aa665272af9cb11811c,train,True
2385,9ee1fb02d36c94f3c4eb8913bdaee8150dfa16095ce0b5da2045e7588b70a26b,train,True
2386,daca30e08a3ac4f6d0f9c52a835a96b20ad45e34c5f48239b76ea314c34c8bc1,train,True
2387,b4b6f1ddfd80e22b8425ac22eb3c4ab8786a4609e9c3a045af2780c68b722681,train,True
2388,e6e5c67c90831cfb80a761ebab746ed245c19c8d1ab96757d03da62d8eb11227,final,True
2389,02dad0944ae1d0ba80a1cb753a6f265039f9588f1280e50fd8db0626e1c66c09,train,True
2390,dc3fbf5311d03dcf91c9391109a217578caf9a4dff2f3df20343b454793c3352,final,True
2391,e559a0e60e76338b8187100b1c0aea2a6fb465fe147b187f4ef9d4104d3d69bc,train,True
2392,dd62b3f5faa03ef08e7cefe28e1b038f6943962bd1dc70eb184e3411a7aafecc,train,True
2393,51147cfa970c7766561ac10182fde59046f31feb5ca1127dc0c0796371ee3c32,selection,True
2394,29567a6cd6da38f6f176127c67b0efdc174954cba167eacb8f1948d7039656f8,final,True
2395,f5181decf76e704c41bacfb9b113b6ed3c30c2f2808317fc5264f2cbd7a0d92c,selection,True
2396,41d250d7d4982dae76a1c192c1b31f9c9ea4a8ea360cdf91e5f16194cd770134,final,True
2397,e9cb9ae703b181c5ec51c95b497475b333e2288ebca9d032d95dfba048648271,final,True
2398,5ce765a2f0c15b83ba093f06e22c4b4db03002a8ca796e37c0710d0e6a5a7793,train,True
2399,0da369f2c621a99c742b10697d0fe967f6155a3eb8bcb4b8d6bff081d6986254,final,True
2400,919df4ea218cd723777ca31623bfde3ebe5f7960e2a123514189dae256facdce,selection,True
2401,acc93fc9ff84b5d2fc2a0d1822715537f57a54fbd28aced98d5ddb006b19be63,train,True
2402,be6d53dc8d6d8424f4a55046448e9fb3a7b62a9e724a3a80545cf6ae3f7edf6e,final,True
2403,a325f141ab9f2437293f2bd28cae02ff11f5099f40fce12713994306492bff06,final,True
2404,fe72a958c8b11221fedc4f96ec1e4cbdbdfe577b5c2a8453bb36638262b2c029,train,True
2405,dc897bb8130f61c4465bca33b0f0c72148c0b13dc89c13a809f4a037b4e882f2,train,True
2406,24d9ea00250d847facb2d75ac31fdf6cea9323a878ddb65a8a0d36b17ee4a1c2,selection,True
2407,cdd61ac659b0acdc1f46f8e90f233862ebdee8482c75f4c8c32e74be66e71153,selection,True
2408,3d2e16f1be96193d0e6f003d485091d89033d8ea7a328665c25fd4695866fb7a,selection,True
2409,ab8ed8624f172bc0b034520556d73acd5063d49b334c5ab4ac034ceb9a2f34c8,selection,True
2410,ff9da38199553bfae7259a7b7fdf98ad52c088a5430ee9ca526a5b01663d262d,train,True
2411,5e45c85266cf5fe561c2cc9e9083fcfef852d1b5553d4ac2a6ff79e913d8242f,final,True
2412,095b0b6221100218a06ad3aeaa3ae3d1e0499eb310fe9f6645c03d0bf21b0a75,final,True
2413,82e0fb0fcee4a99aa2a9786e20aebdfa78953ac0b4144cdc824cba9fa38e85d6,selection,True
2414,074ebf81514feb673bbb10b6225d0dff4369c8c8731f48e6b77f546f1913a3fb,train,True
2415,a0c8edd83ec8cfa253061459b77e54aa6e429ee605d4f9bcb798b7b003b4d964,train,True
2416,55455873d79b6811af4b95a3635a98d75d57db3ad4cbb56e20779aeb0cff8d73,final,True
2417,9afb8b2268655ad6d383256c9f32a67a964c75372f6f848f526df3a3f40263b6,train,True
2418,7f53814218a8538659946abd1427564afbc9206fc66cba6e26fabb39a2fe91e9,train,True
2419,f41e8540e399627b0a27bebde3e0fad3b490099b15509d8b90d7087ef23df436,selection,True
2420,c61935f4a313684f3f3fdefe472968e6060671a1ce35f3d0c62c759d45d10236,selection,True
2421,390360a274d196dfe68f0f0a2b7676f8b843106c810c1bae36fc90981177a3ab,train,True
2422,f21d76197051ecfcee1c4302a8dc727818835367261f9f90895f33596d958601,train,True
2423,46c36f426f8362702a0168556e9b8aed8ba87ece067a47c39b22a70772d3978b,selection,True
2424,4828ffbc710f9746399e130c5f19c78dfb6388fa05b6f827ec8c5e552f95bd45,train,True
2425,56ef84635910d08dd77178a72a2927d3668b27fff62b0e5e488d933afe94f17e,train,True
2426,261929d588eb17902d956a913d226f3e317bd52ad72a9ccd6f8c062af6e19702,train,True
2427,feb2039fdfe8f610aeda55f1e77b00dfd43d76ff6408fc4fc32782b715075451,train,True
2428,8fde6b27834349632a9fa3b781b7808f3d5baa52623a96a08d7ce7c69eb4f634,train,True
2429,32742ef8d620e98224aa55b3da4cd009def1c56ab7098ae2d78c0355a36f9843,train,True
2430,1bb008e791cab59d4c0fc38280a2871c037663c2a0633c9678967fee933e04aa,train,True
2431,95c5d3138c6142ef3bab28928800a4237c36581f7894c74a5dc63d2081c3be9c,selection,True
2432,70726d3c5315b6a27c35b70b4def8700c6e13b1f32800b2dbffb9e4a98d25237,train,True
2433,4d0f853c5e16f4b692b3a649158b9904b6828aa49f2c299433a36aa88ded7619,selection,True
2434,0b17e3593f1621a519978ac1e72c385d83bfa56e509c7493d72f01e0cdba5eea,final,True
2435,bac336d053ad0c35dbffe38d87535f970aad87ffd918ec9db4485f8f7cffd8ce,train,True
2436,1a818eee06f51d8a3fc82859878ac5b93211b868f2cf7869315b99fd8427c364,selection,True
2437,97ff0801c5a9b31bd13be80b0b23e3d2d74b6a424dc0f0f8fd9b4b154c1966c0,train,True
2438,98c7f4789c4494b349cfe14dbad5bc61401de4b9a92b59cde5522c2f239e5a52,train,True
2439,df5f97791265102fbe45de595d7a88beea2d9b6bbd915cadf9fa9b598b50a6e7,selection,True
2440,0dca54aa503c402f8737af3e177127f761545ad45ae36ab25f9f88287fdb37ef,selection,True
2441,f43aa79e1c764599bb55472723ace4e7f56e1017156e0d346f44a021a84892d7,train,True
2442,fb0d8dab60723870f007680fa6f932f1e65686a17643aeaf486ffc87fcaeff6a,train,True
2443,69a2bcec7c2dc7caa6a5c6f02dce5eaae9e1b971a62d535a3d53675c9eb4713a,train,True
2444,ea3128738e0a0596649c6a1bc9ba0a5441ac1c90e51db4a4be4a64976baa3411,final,True
2445,6d315c420b2c5d224600b28b2807736ebe81b4d33fa666573cc1501d4002c51b,final,True
2446,d2295bf184e4fe03888a2dde85e137bddb40f8163d856e6b81b456d19c217c8f,final,True
2447,85ae2b2c89f7d95caeaba2dd0c34a4b7536162f57e0bc44baca51fc624bec862,selection,True
2448,0cf347c6263592dc9079b9702279463d60b5633713d2a0aed82829b959f5a9a1,train,True
2449,9853774d442f08d52432810b178089040b3d82a2b621b80a26d49058912f1dc7,train,True
2450,2922f8ba3545f74478a52ad4a718a7c906982e3b1fbf4d8fca0eb8f95fcc2483,final,True
2451,4c685adb5125c37ca4e196e12d9fa239185966291c01a9e1f965f6c3d3bc5856,train,True
2452,4f94d79e10724f45bb49d3120a2706433504cbc1490d7efbbbb70035d60123de,train,True
2453,8e064def832550085c5d222e9f7808998094e14b2cdb3c138cb0a728102c3b27,train,True
2454,923d05a1fe8f189c5f9e78473418e1352d1d12af3a27ff484ee60c6adf067f42,train,True
2455,e56dd08a98c98e9c30d618cf8638e67273e8f41e12b8017dacda809fc922a5ab,selection,True
2456,697a16cca479609415caa6074f06cd0a3fc61f89e2288b644f8cdaeb6ee302ad,final,True
2457,17e4a35b5ade53688595b4bf8bb1517360d5e0c354c7a63e1ad43d7e400995eb,final,True
2458,7c376d1f0c62a39b34d7ffef4724ce2bfdbab92691891c8643d8ea695e6b5275,train,True
2459,7e1c1ff97dc94229c00db310141a7a3a88147cef26d6a8ac2293b697164b4a76,final,True
2460,6db932a6bd342dd76a1124fde3590f500e78821677841c1e84d20ce98ea53aa7,train,True
2461,555692f8a6676d3865bfb0d6b1c8645777b2a407f6a55d86cf7719f120fa58cf,final,True
2462,3c71ce2afa3e76f1d1680fc3de548c89551aaad92ada532a3303f7af150b8375,selection,True
2463,94f140f7d9c2614b9982569789cb374b05f3b7873af571bc1c674892a4c78a8c,train,True
2464,e649bd41f89f5d0f60179685a196e58dee3da78dc2ef42896f1bf52531922e4f,train,True
2465,9175ac587205b0baebdfb0fa730b1c67f4b1c5347965c9bee37abbc02fd101b2,train,True
2466,670c96b2f455b3a387a5aa4d917c93023c456615e58f09448058fce70ada54ff,selection,True
2467,0e6d0197408b5e1adf328d06427646f469d03e0844e6b39983b6817086426a22,train,True
2468,b5ebfdad6215110ff151892f6e5a40d3cea86e8d13fd79b4c429f69342c04e06,selection,True
2469,48fd84b017c771a5c34bb89f4146adf5ebe72a79a8957a79231f98f2d5e707ce,train,True
2470,a53c43000f34b3756b9efdda954a857e6a8bb145f79a77b1cfe40822428c0fa1,train,True
2471,882fb24109a0cfe992843e9db72509b31d9f5aabfd79f5352294bae0bfa20536,train,True
2472,c0f015d2d64c00fb4a5cbe25e2410e737a7c16baa22dfeae6d9de8a3787b6a3d,final,True
2473,249ab41f620916d34a74306695273ed84bdbcdc3fd28180026fda3968d5ccdd9,final,True
2474,541f086d2bc585f39bc76b850e544e2f7ef8a73b9462ff3c54f727909516bfa7,final,True
2475,faad63169026ac2e63c0f1a7304a82e7d163c17b046646b7b40fa57e446003cc,train,True
2476,e7bbfe8cb158d2ce1692762c8ab4e77b50b2c1fe3740d4d65bef34244a85d937,train,True
2477,b48113843eec695dd8ab6baa86074b712c3eba8007820ef7ee530d1d5b39de05,train,True
2478,0e28685a25082d180f2984241405e831a7fb21ec40bcb4f0332250c65f1debb3,selection,True
2479,85f5770bd25feed78e6a5dee5f3fd58823b47d46dbd7b0ef731ef5024c802283,selection,True
2480,5122085031dd986c755f2222851bdf32fea833425d2b0ea48d9a94ad3e60dd1d,train,True
2481,ba5b764409ff4183879f42b5163c867951263fd7005adf73cbee18722281c544,train,True
2482,eabfc2f274fff1591e06c0cd50d617efac9375dbdd8b4149fc72e48edf8ee8ee,final,True
2483,e2227ec134f792e5c860e7ef9c2602ae56c06da8aa41b9a1b6c3ca3e8744efc0,train,True
2484,78e6ba73fed57cb33656c2cff086de8c78f4580e1df43e19db93ae9e07c39032,final,True
2485,22000187606d785483d0fc48b654fc6989d72681930b29cfcf12e9d8dbe59ff5,final,True
2486,6029e80965c97b764debad111cd5a956e956ce0cf0c15ac085def122ac473d01,final,True
2487,d7c8b63e0081bfcea24cf3401d222071e45f211e0a7fc2edfd3fcf551d84b0fe,train,True
2488,10f6dd9f193a275a593f9ece9ad9a8f29910f4f95617caf9c6d75351f41385c8,selection,True
2489,c06a61b6d68444693c5cc54dd7bc8475c9aba7d566437822069e7c00c87a3c78,final,True
2490,17f6800f6048489c99903b7016d5c4a8bec64d6d4a39e2c421e724c2f234e362,selection,True
2491,781574d8d656cf8eb10c82770fe6ad0d4ab33c65d17ddfc74056d68fa3072e92,final,True
2492,2e7f605798b4a39cbb9e0345700582892f0bfa2ecc22a21915f0663c18dfd200,selection,True
2493,1c34f4798282a3af03bc60692c01d8ed83662857d1aa70d92e9a84f8d29a8c44,final,True
2494,df72e25c487e7fab15f5381dc74c22d72dd4f820f936fc4cdfbc6d0613c97ae7,train,True
2495,cbe8114c39184545f46a3e18c796c71ae6ca1f04e23601c5d3dd0b5c68338dcc,selection,True
2496,d317387912acbf339b1a6c613b30ade11f5b9b5a441b5aa8bc3287fe4740816c,selection,True
2497,5aaafb0b7869482bc90beb05e0864ccb76604411bd1c9f96a9f15fa54ad58b54,selection,True
2498,4cf3e51611ca54cadc4c86d441a62ad8504fd6075f4871dba0880feb1402cadf,train,True
2499,a787ae1253b9716c06477902d23ee2ae1054c219dc9a9f2da3a19b6a1818ca9c,final,True
2500,c50e955ceafbde7e68621cbb28db37575c73b52551498c821e8762d2f5d7e04e,train,True
2501,d6d0fdb9d13b34ecd964bf0ec2eda08ac1bc3d210d37c5d52f8343ccf5ffa3b5,train,True
2502,32af00e0a4e997afcf420533d90e71bfe87eb45a589c17c219f2b68bd1fc57a6,selection,True
2503,9473cd6056ed7fd46cea2c36c26d6d93def9d9bb686de48839772e7647fcf95d,final,True
2504,c5e7330d6328e68460dbb44c2252e137391c41539a7ed1482f8922873d9fd4bc,train,True
2505,18120e2a2403bc324273a400d0a2ec29bb23c8b1e39f1249a385e8f467ee2c2c,selection,True
2506,020d9ed48cd16f812e5556c56e9c5f642fce3d5e84d3e7a190423d4c16bf50cf,train,True
2507,f45612df66944ad61f1fe6b7a72e99d803a2f2efe4565e5598a51458df3798ca,train,True
2508,addee861d99fd8b351ac98d896759b3e29a6ec2e371b9926be65bd77554ac599,final,True
2509,58944dc715aec33fc5b6893f832416b42e442ef34763190f0e0c1882d29afe49,train,True
2510,ebb8249aebb62260bcc81f7af170e6aed2679f5e7bbf72db3f9e45cf4af11c27,final,True
2511,c1a9e3a2f20074dd7ad807ada345af49da34df1b9b7f34e59d8737bc14ea62aa,selection,True
2512,e8797ed2d7d9ccffbb2559a4270956b50c7a45a9657ff355bdc4a8c0808689fc,train,True
2513,47f76b45dc2c9f36c479b5cd2913f3b710c100f7938635f66147eadcf0799b31,train,True
2514,50f85025cabf5a40d699165c51eb414e8dad4aa914feb234f5e5b85008eadffa,final,True
2515,134b8b8c227e3cb219af471955930fdbc34f580c3c010e70e12c75b742b6b2f5,train,True
2516,dc1652819a106642b1e0752025dec4ea51bfcbcf0dc98bfd96677fe3eba9f00b,final,True
2517,aac39bb1ca561d18c5cd99796f84c9f7c4b87daa985d96ff1c82f282314e33b7,train,True
2518,78e5dd2e5becfe10cf4720de72cf2aebadf3dcb56d8f3aea09d9cf52c051c89d,train,True
2519,228b9579f2aa659b874bea42563f53b5b4bb8921d64432cf3805ae2b9c46554b,train,True
2520,f949d31d8753ba29e429534d9e18d15fcba4266d2b00f396a4070f7fa3b931c8,final,True
2521,b769ae4445869419eb1bb0e698be3c5c3c8922cfe6dc2bcee5debb065ad7bcad,train,True
2522,0145ca09e1b1dd6eb06df7045ada0acf990effc8607a24bcd74e3551c8302d52,train,True
2523,f99e70d7e2bb9e99386943e6d6976cd790a59c4e609c403fc405c53d03363d10,train,True
2524,ef1bd1806849723aa7b1df029f33de5bc54df1c5e385481b9def21da3b8b3b8e,train,True
2525,5044f7acc4aecb7b0a82eea383c351fb8c1ab05ec8845f03b436199379d218fb,train,True
2526,d663930152f63cad8b79f4bdb34a773324c11994d4b2f6401160ce0f4f4a95a1,train,True
2527,e6463e5abd051a2c22ac2c9298288e58bb877904f3c34393f2cf4ca78fae2bed,final,True
2528,620f973cf3f648dcba8aaa68f58cb1e9a19498455a1b218a9e906a4ebc45ed50,train,True
2529,4d6c86d2f9c7421ecd1115a68bd9d46ea7570c9c495c962514183fe2df21d5c9,final,True
2530,16877bda8c2faca6095e14924f5c0bc70aae33b5cf89b02671df36a28e67b4bc,final,True
2531,ba19bfc23e932445ea9f67e7fc598f81b42decf932864084cdfe52db684305e3,train,True
2532,400a96843fce9c907e2a4c52b6751cf7ad49e19d24b6ebef90f7a1649ca8aeaa,train,True
2533,5468b865f15438d7de5092463c18810efb79798e26ff9ebe985a356b704b7ddf,train,True
2534,d2386748a6bc481a25618a6ca4f76b252c488a76c54959c27d64e767fb6ef1c1,train,True
2535,d9292e8bf3b7fa8cd316ab7539f481086ec93e50fe0b1c0c5c57d609e544f26b,selection,True
2536,e9b00fb53354688e35af74d5c6b29726a2c2eb13cd3fa936a961b4b09e5b5c93,train,True
2537,7b666bf11dcaebcc57763a5b78704fd6c4d2014244bf95a7cea68e74957e8101,selection,True
2538,5f6618399e604c61f9af991f1b3ba53a9d004b8bd907589bf81321734156e336,selection,True
2539,eac4f2b88d8a3e359c7f284e81cf46918d18573b607e80f7920a2663761fd3ea,final,True
2540,4ee298561f6aabbeae8c2d425910007b998afa4beba297cd40cb352a18b8eca7,train,True
2541,8608b71d557b9533fa8a5e1fc967c4cbc280ab48cf21e3b967cc81dc00cbfc3d,train,True
2542,344ea8cf850ac1277459633aebb26538851821f6f62ebad99e11c65602f2f606,final,True
2543,151e3cdb2cb9c87178098ef544cd6c6d94572c3fbab3e41590a2c02f8fdcad09,train,True
2544,b334e75aefb1a2b22e583aeaa3577aa47d1a3eea8c491271158abbcc14b4a021,train,True
2545,077e964c3d4ac447e7d11279e5b1d7772532195c0388dd2ac95656436afced36,final,True
2546,6e2253b9ee63afc1d5139283012928c83e9f2ef914cb97a4195743e846f96e04,final,True
2547,b096a1cd2cf9b45471fb741465dfdefef7285712566b69f3085301f36132074e,train,True
2548,5e4307cc31fd5b843248dd17e1d56a88e181313a6f75c62c8ae3c067641464e7,train,True
2549,13d473db42c2045acf648d758c7af14d5c5ab0bfcfc60e36ca7fb880b2724c32,train,True
2550,a8f41e445d7cfbe245cdd21428c37d6d1b397d5710078d95fc0c319a56121d19,final,True
2551,d103b9fa9084e61aed7637f9d7f84367a02cebc57db198027fd36fdf9b6a287c,train,True
2552,9143e72771a4cc57b93d747b467f14fdbad375c7b8db30b15f200167d33814f4,final,True
2553,707d2236b65bfc9cef3510a0a12578b8ef1c4e2f727928eea318c05f784355c0,selection,True
2554,1e956f4423e0d4160447e1e0c3a437925fbb9456acde543487f3a005b92adce1,train,True
2555,1ce5e27dd7fd9d5952f53c04c4ef18ed3182381e5f3a645bce70fc53b51b91fc,selection,True
2556,5cdd0b7d3a0fca32f984491c5a910925326e6078cce5a6a5b5ccb61b5f602f6f,train,True
2557,282b2a4f43348b6562aa06a7672affac1e89ab8d4e41bbf27a5d9c6e0dff080d,selection,True
2558,f139c3eb0e8d19bcf0bf5475eaf56c11f0c3203a874640b2f97f25f45607016b,final,True
2559,e0ef744ad3ea20fb3c4c007e485d8547a5ffaf03214512a3acad986b94401845,train,True
2560,d19a7555ee6f02251c8c5d8d2bb014c680edac2cc64b5f6c23c8dae70609ebd0,train,True
2561,5c2d5449be8a6bdf394ebd197dd806189b1802bcf21b2789811e481c9dcf9184,final,True
2562,5c7606ac373be7c0765001ca8ac046ce13a25392cf34aec4f8f0a37300f160f3,final,True
2563,43aa891b0e77ad356cc65aea9863b394606ce169f46022b21990c11528bead90,train,True
2564,60c412a5dd2277944a31752eef76e0727d553e20a3d666bd96ef5e1a6b854edf,train,True
2565,6b9929ba8f92fea047c947e34fdeb50dc6b389884c72668bd73784b5c754e2c0,train,True
2566,abef4bd18967593835d31f74000ef3c090e34a86e71b76027d90d3af2b3d2fc6,train,True
2567,b24ba992186783606a1e7137c5b7da946a259425ee101024c8c8a459a352390a,final,True
2568,43785d31ae33bbd3caee7ebb823f11b3db19e58cc15e00d0a557beeb66898d03,train,True
2569,339bfaab638522b027cb94e56199ee07db37285d947f98e70272b741a2ac4c8d,final,True
2570,dab50bf04118adc47e8ee3d1f6841aa257d39aae6bbda64f377b02c7ede0b534,final,True
2571,1330bdaba567cbf3dd6e46e953c0db9d5f46d3e27a51e72b19b2e60068e3ed2e,train,True
2572,1a0607c561748e6c92e42e5d70385ee2b83f7824a6bf299c8aac7194f4887d93,train,True
2573,00d3c134fb7ebb5f8a3c9f876dbb3c6839971efd5bf8a2979a24d3c19e4c672a,train,True
2574,49c23e0850b5fd75ad6c2ff9e57f240e962a772d6808a060135af5331021fe3d,train,True
2575,90d3d114e2df5befde9d81a98db71ea5992a282fe29e93e2c22da9a386346460,train,True
2576,2a6ee17eff1765275023cbc7399ef4f4adcf321e8e07e6ff9e118fe7a9c1066a,train,True
2577,eb257aed8c71029060df0de946898b423df8d006c24e58a7165e39e766c15965,train,True
2578,83d76322fe3e2f8ec8a499e04963e81a66845c54fc67983694c0ffd2ad9a8c81,train,True
2579,6883cbf08f65197ceb948fc0a6c255fe3688f5553d5f5b3dc6b2a952442220dc,final,True
2580,6c2e6eac5a89e3f0804cdf5389d2202ab2ff1b7774a8efabb3918e3d6035ab16,train,True
2581,d0bea20e25fc8c4208d34a3087ad1c8653d0dbf854c3b7577ae0f1194e6346e5,final,True
2582,f1c71aa6d5719e6e892254e553e36234c1078406589779cc31bd3626de09a57a,train,True
2583,19eb5add8ea9aca3f4cb487b95edc521942a636c8947381eefbc73bab513938c,final,True
2584,3d509db4f0110962b02c4103df9fa586e4d24a44230825118058dddacbae1cd0,train,True
2585,165921f9e834d33629a4a250f840c76ddfa6c1476b4fda2f34d34939416901c7,final,True
2586,e4ec7700770e8c23b088ae27f0cccd2849a1efea1fa449852097818f7e0c62b6,train,True
2587,d03d132fe478ccc176e5055bedc34f867d8d5d42b6c8fd1fa25e9859ad3da086,selection,True
2588,b44856f116c7b351c7746aca17349872fa98283ab4604a3fb6763b0073930b74,selection,True
2589,60bc1f670a7bf7a11c6d1a96746be698b5269e1b766bc4c8187b4d86d5879816,train,True
2590,15a19989ef6d18cb94579fed46eaf57007f6e09aec0e59a3eb80aedc641ba4c0,selection,True
2591,932da7f33e220a53465f42541b9e5a028d02232bf2f8170ff45ef6ba4d85b5b8,selection,True
2592,b258d7b32dd17b92db74d0328cd10d94948fa8d35eb5dcf78b5c7c863db1f30b,train,True
2593,ff5ba55cd2f513140795e7e50e22716961c41def4ac099f0ad7793397e3b30ed,train,True
2594,740fd000ba0ffcf506418130a0579c196ee5b6cd1ffd2cb1c0f12749fae0f859,train,True
2595,4fbd081145f9c297507d3a2c81e46f20c6ad4f75df6757c6b460430475604c9c,train,True
2596,3366c84a6bbc38a0dc9ae40d59d0b259a336cc4494b43ad44a6ab3273b4d75af,train,True
2597,671dffa5a502ad928aa91c15ba4c1f23e5e30fb5933611a555dac57ce7dbe194,selection,True
2598,9c7b671ed3cf9d8ba1e9d9ce671eea51a9834a907e7be605e71311941eb681b3,train,True
2599,764c3453a9f1d9ff2d859d0505194e5e7802e05089d591cf924ce4fbc7fa607d,train,True
2600,024d437957e621a6b15078164ad70779d3ad701fc721a72080ceae3b65efa31f,final,True
2601,dde9ac6ebbfba114166545ba604bee42c4b18fc0f02bfc07beecd580aa2ba99f,train,True
2602,372cfbe31b79887e1b3cdbae4c9e3d6d76128dd4552889ea4692218e06bcdfe7,final,True
2603,f471c1584b978636c399ba5cc341ce168cff692917b0e182d6fb9bcc25b74116,final,True
2604,b250516cf795f59c320162fc9902bb920f9934370bcbceaa4fbfb2e8ff2edb00,final,True
2605,a87a9daa5ddc5f72bcf372146479ba485d9e60680c41fcddcefb5818eb695b8d,final,True
2606,9ff0ac6964e38d469709d155de29774a432584364080be8585482d594c332015,selection,True
2607,cc48b8a12ac17e1954dec08c66b893e01bbffb4193bb3f45f1b83f9c1bc586c0,final,True
2608,77da3f3b64f98edb0a9d4929f3ed5399983cee962555313474a943ac82900445,train,True
2609,cf3883745cce95756e4909aa2adea0948362e2447e9b2e7f8e57aaa1e0d92ea0,selection,True
2610,aa0765e507031428fc5d8d466ed46ea6f1bba1ae1a07e92428fa578518d91822,final,True
2611,e681f445ad8ddc561a87afab641debb004031042d17220d763f80cc3b50b2fc5,train,True
2612,02951aaaf1cd3952bde7a3d6141b4d1baa4bdeff78b61216fb88a8b2b74ef893,train,True
2613,bcc1e6cd2e4bdd7c2bf3fa1f13c72e9add207d22de21f99370ea16cfaca9715f,train,True
2614,9ad7dfe6016be93439a2f35441819421fec2be1187599b1d96e4bacd1cb79f95,final,True
2615,a55140f797082d4a400919c917eb53436c8619b8e9157390a29084f3598124c0,train,True
2616,7230e9343b167abbd5041a65a0d448497ab445077ac8a9e5669450feeaa722cf,train,True
2617,d1cbb75651d3da33943915fdce3b1126a4648241e64ce80ea9f06e5ab045c571,train,True
2618,8de47a936b0e473a29ce9c4b7ace11091e44733d310a8fda138063127ee84e71,final,True
2619,cac4f15144fbcf5a814f99cca76a145be32e94fb0a12db14981606003f363acd,train,True
2620,2deb7b3352197d328bd088931a2673c27eab54e6949e68e010e49cf09e19ecb6,train,True
2621,180875048c46a3ed2865777209117afc439a8287efc046571dba38d7ac4100ef,train,True
2622,4740be458cf840af578ca377d610ca764710037e73497aa8cce81e4149a7a540,train,True
2623,ff12995d0af877c70cde1595dbc0337dd1b6413107fc8ca44401cbba41bf2fea,train,True
2624,c0a1326169a78744a421a6c8d60fedc7db58e14af55da16deaeeed94bbb96b5c,final,True
2625,300af7b8b1ec23327d6cdee7013c03fe27c5e261c6d0237f026bf1bc7b5a7d2c,train,True
2626,e7fc727613da975ad7b8a11bbf97621fe7a111d3761e1fbbaa063eeac25d65a0,final,True
2627,7ca775ef24c0837cf13cca76e0f84780bf7c19cb7a41ae79087a1897be971b05,train,True
2628,d8356923ad2dded096e53ccfebae7a193cd5e612760cc9b67af426632a40ec67,train,True
2629,fd7152922b6e7f4b2683d64399fa423b27ef2aae5583c371f47147f2403ce4ee,train,True
2630,a9c3cce63c95e39d9b0939f590845ee9f5dd13151e06e501d7316e18c397182c,train,True
2631,416c5b6f4df953b50231728dca217920ed948877d91e070f0cb369d957062c18,train,True
2632,fb0d72e4307c43175973c67c1f7f056e37c7a4fad84df05057547d5b91b20fdb,selection,True
2633,ebec0217974925924ee6ef18b510e0b8dec87d082831da866e51de08db150aa4,final,True
2634,2709b007854ac443cc5f524e2cf04140ad5a650c9c15eafb75ed3c8fd11b16c5,train,True
2635,0422e4e82887d373378dccb79be1d6127649d45ad56b46ca557c446d4adda254,selection,True
2636,7ae660dee72abe22d3a9f997467069065d330d9807c16a1934b29bfb3cd76a37,selection,True
2637,44b83c1528bf8f801c112dd3f909bab5dc84c8a388116a464048e731e27f300f,train,True
2638,15b57eeac5fd452c4a131b531db1c81a24a9f13b882b666ac8c221c35b496532,final,True
2639,9dfc6b46996ea3fc5b5f9634b603d5fdcb849a5fcd996cf406dc70ec0e0c147c,train,True
2640,ad71f4cfe711c89457da715a63fe49afe62616f4a448932c42b86ea14485ffde,selection,True
2641,0620998db650d2c3ccba051e91ed907041223ce2cdfa831485228946b8fe24b7,selection,True
2642,5f983e548568651462a36d353764895cd518641591a187a90f80162d4b9c64c8,selection,True
2643,196f850c5fd9ce0a6981c09fa45e4a80a46b7b05f8bfff1d4febd5bf901bca1e,train,True
2644,b0ae9316973d1ded0bbd1bb163552d87bd5dbef083bedee41c02ac5cf1d638cd,final,True
2645,e898ab77c6f9d4e57b444bec341153b5fe6c1a066e8b3fff94ebf7ee076d2928,train,True
2646,315c2ce5703e0469e418fb2bcb2f4ec5d1c9fa647388a45b1706d86ac1233767,train,True
2647,1ab2b79dc3391653c58c9891dfa5584276aa7855672429df84460bd918526db2,final,True
2648,7b57cda48684a7e96b382c4fc21dfe7175df7694f79b0d70eda42f0eab2e4432,final,True
2649,bc9d9689df4446d6507a335fee5fc72aa1951b426bd07352cadd0e668e5b33c2,selection,True
2650,e84a064d3e68eaf2449509ac83987ebd2b0880900de4d0df2444539c312a5b46,final,True
2651,0b6007274ad28e9572162c2538096c5efb00bb446c80fa61f3927b30003f04ac,train,True
2652,c02d80b19fc483fc0d9c906064a4801be2c0bd23913004ba9daa8ae3ab458e31,final,True
2653,4aa584f803bb8606923f71dd6eee1a1650436e565dee9c48021698aac00570f7,selection,True
2654,0595b19ffe8f766d4017ab64d3abfbaef1b0a1d21d70abb1c09dbd33f53e6d14,final,True
2655,9e6b6b8f359b10610269a3f01d7f59064f3aaac41db9dc12b299a5ce1e34fc89,selection,True
2656,35d064f389fddde3f8ec4af89ace6bfce64f8bd4b444b4289916e26900ce8b3c,selection,True
2657,6341f3d9322b3e7a11ece8b2857ba113fa3e367d156e2bcbdd63c8a710883310,selection,True
2658,0712709a207235394ffca53dfbc8f7b878cac1e5497837a361016a74ed439492,selection,True
2659,21f0fd4e345de18a8e7046ff3cc019661de04f2670adaa6b4ad6f9a832c502c6,train,True
2660,0d6f28ffdc13da2d4bb140e56b6fdadac97296de03a7c2a5d86dcf99d947be83,selection,True
2661,e5f465c59ce77c48944f3df4046e6e61076d885026e44e63161d37bb0b7c398c,train,True
2662,80c107a096605232466ef8e9b0656c5b79c4161a61c25fb5df7da74bfce4b8b7,train,True
2663,70399df1cc07e1fd548c564cd81592c7ff23fbe192a7d8f792cc42fcd9823440,train,True
2664,3e2b0f8753b688b18a3952885d837419759bb8d513e8efea7c27447183d01456,selection,True
2665,4e5f9a73e10270fe5b03f10820cb7b764ca62de684edd8032a8ded8394da42b0,train,True
2666,49947af8ccfee0c738736a65730c0b9f0749ad69891089b79da6febb857f675b,train,True
2667,8e758dcb58446d64c1f104942c3fd21c07c8bef7577741a6c672be5a52e8c756,selection,True
2668,b614ce3ac89fbfff029171be5c9e136e8d5fe28984c4c3c9b746a5253fd4b0d3,final,True
2669,55f72d649e65f3a72c263a3e185de491914fda0660da8fc258a85cd49bef578a,train,True
2670,18b2a57bb73c5e72d5942d40eab49616c7056990c23aa926c1ece5a80c3ccd5b,train,True
2671,b415ddf274aa56f3436c6d0d18526ad6c6a26b690352ebec67a9b12f064bd517,train,True
2672,7c3936f67954cad061a53d8f6753865073e10d3fa337e7bc040932ac6046978f,train,True
2673,f65996d6fa8551d63d1abefb3160d7e462ec19065e4b69328e49b143b445275a,selection,True
2674,090fc90b4b6d9fddab7c4436526f3b190c1e0a592f9f56c4d244461532ddb8eb,train,True
2675,8dceb462fc2683fb8ac0882e0150867c90394615c0e9fb86f822bf4626ed8af9,selection,True
2676,657328b7a64495dc2d19766a30d86299e1cf4c53145f6796233f2caac0e047ef,train,True
2677,8e5a526840d64941201ae34ab7f97a6eb07e64578f8854fa8d729503e05d6d09,selection,True
2678,c6302530b9099e13ed5876c6464e2df2d24b9c3eaa940613818d42a16d4b603d,train,True
2679,25bc7912041dc86e782de6ca4ffe23b5ba930be4f76e9aa314da1080d3d5b9b7,final,True
2680,a18e41be9c3fec52082cd1902f46dac799b83c5820782fb14d509ba40cb643c5,train,True
2681,d7c3b4422495ab27ecfc12a3720fc2218c06dab6d541c9e9453caa2a7454664a,train,True
2682,d2e5c5be3b53fef97392a4598c624ead2b1762c091ecce9de95153ffc72e3d54,train,True
2683,153d8dc77b478514d2541e9a2f1135a3ca233b31cf14a4fb7a2bdca09ec3cebf,selection,True
2684,118e039d7e2d8754556ed4aad59ca5d386576353c11bdd036959e75394c985aa,final,True
2685,e5da6ac1b22c92dd5445ae46bcea0294e725d87ccfb053d490821ef484f0290a,selection,True
2686,54fa5f7c2b6fd8fd91c454d54449990113d67147eb50c90f9e7ec9983a03900b,final,True
2687,20624b6bb259c7af6e0b1e5e258d229de7becb77e2bdcbf4fbd04b5ca50fc7b7,train,True
2688,a8f6ba4ef27ca11df13002d4052f397bfced9cf2fbe3416a53fd2b73db092113,train,True
2689,e2c0091ea87fd635f13c898e3add0dd47b68beccafb003f407cfe67aa3ec13a3,train,True
2690,1a0c57a853d9c6d7eb6beac7870a698aa7861d096ea783a6ac18707c62f69198,train,True
2691,82efabfeb30d783d477db2371ceb741e846f8a07e38998c6fa4a031530178a38,train,True
2692,7378e2822161f6779c24130b11c04c61399e4b8379eade458dfa8fc679b75d1b,selection,True
2693,60b0df15bbfca4398459a342b7563825b0d7c877a916159b04f8cd97c8cfcb62,selection,True
2694,9fb565f71206331c4a425d9b7c850898d8e306a568ded6be25784a57879abea0,train,True
2695,f308cfeb43e2ea70003cf4b3562b183d9b5630e347a144ed38546fe7ba1d4c35,selection,True
2696,582f5295b8f61968a55612c20136160b59cdace5e9d12bd51e7c96373b117586,train,True
2697,3735a0b3bf153b2e6b115867dd311cd4b0ba515f846f2cdf70a5d4136a39e09b,train,True
2698,54f6ce0901618c84327d3d5d2002969ddccf41b61cc62e9f3be08e967bdc5c47,selection,True
2699,4d6f425e27dbdc733ed7b7237e32a41fb369dfb6b5369d7f6e849980979ac42f,train,True
2700,ffed324a8326c48062faadd0ad9e2f6551b2f354bb45710c7f2df2c38b251d3c,train,True
2701,3c0968d07dfb13b815a7fbd1ccc59b6863be2429cfcb5a3ef0e11874c549f863,selection,True
2702,1096dd4063f5ae271b5926ec7fbc4ea5faec34881b2ec95c2f15ca6fadf03975,final,True
2703,1157adee508884a5924ebedb472930bf3c09225a29b3be9ceca3de774cd09582,train,True
2704,20dbe20d2850e681ccf48fa9f185eb3cc61ce23ce8d5473423b3f94d69d60af0,train,True
2705,5928d07ae16b338f411efb8e1bdda4273aeea2ec91369025cf968cdb17398fef,train,True
2706,8460093c06510eb72528b9a479fbe215230f7b122be4817148299df14b07bd2e,selection,True
2707,9e55ab2f480f47d10f0f4cd496aca97babf6fe2c2feb1f686c14f8a2792e2433,train,True
2708,9e4136c4fe8065a3c966c228b28a4830daee14f06784f42a702cadeb62f763af,selection,True
2709,8d500689db7140db3ec53bbe623252b79da2d18f068f83a3ad608dd24de5705f,train,True
2710,27bbf2a9dea332a5134cb196f59511ef591a5a10dcbef49418fe1cc029f7de01,train,True
2711,8f5b7d5eca7af3d99dd0702ff77dee92fa46892307d819967c5e4ad5a1aa50a5,final,True
2712,6f576faa632192ac87c2727faaf863849555ba8d4bc0fadab958f99c50b18410,train,True
2713,4c681f277da5d434189486bca6bbe683e419cac36333c4b01955760d56499f0f,train,True
2714,fd413d2ed27d8d2bf51b799df108d8f24801bdc4a4cf50c160c81057bd14a33f,train,True
2715,1c918ba2cad12d5114375398ac8197a2892c7799abf51df2d08ea64937efd733,train,True
2716,a633ae4a7431e176ca5da21c1333c5561b0a02028574ba4b2711582ce36e8bcf,train,True
2717,1d88e7f4e9aa7a7f793eed27b5c73dd0d75f4acec0474c41bb9a0cc91458f1c6,train,True
2718,1ddfd5048e03e3ad6b222f6402f7aebc40f9a890dff48a72e9162ba60959b386,train,True
2719,e0d4bd5ab4eb8699479748f09622aa8ec5ef113afe086cb6b65387f09201c14d,final,True
2720,bf1c3c270dd2e7674adcc020cf64ff504ec2daab81f90841e5090002298bed03,train,True
2721,9c1f95e7907753c7887ee50b8494b781afb3218cbd4aa5c28e5f96fb9a978dc4,final,True
2722,00ae1d7b5807b43202aba3291eaec9ccb85571c4a1f59a14061ad27852a466d7,train,True
2723,c151ca279e9c258af303a341a1f26ba89bcd1142b5295f82cae4c63751e630a5,final,True
2724,34eaf938e6af07fa348a7460cae635746ae9397a59f69f4f6a5c7a452e97e37c,train,True
2725,d60142bdf7c36c53dfdc8304d0d417536a11a02ec4acc5f143bea375ac396c41,train,True
2726,0d10a7d0ebe20486d9c238464613abe4074ee00d141ff70aa0dcaf5f998c37cb,train,True
2727,193cd853a3800f1be148f126231b64cba1bede897625afcd38884c2471ebdb6f,final,True
2728,5f1c7facc23a6e8a0c2d7a0a82f3e477a271c1401f2662ba9193adc63486f862,final,True
2729,4b1525552cf8de857f032e0596eb9628b4a1b2efb275c84cd72ed3afa65bb11d,selection,True
2730,622763a23213a829cb81ff7d302e0dd977421a708d76ea33ef50501c0d3e9e3d,train,True
2731,39b4b6eb199d3b8b45b198418a55b6b9bf1f13d147b98ce7b5ca5694614aec5b,train,True
2732,7a8b19d811a72632aa110322a981036e10fe7ff1341c4573c008f922de8393b3,train,True
2733,461e2542aa2d330b6d9eb4818f99aedb3456efe0b10aefe02edf6c7f57d4e8c5,train,True
2734,ab044b64f00b1453618a8c06d78bd4740bd1e8a2fd0b60e56637bb72a4831442,selection,True
2735,e3895d15e50d18216b067df83ba7bf266e3973377c4371e31c784ce73bb598cb,selection,True
2736,ab124bffcdc5b00d9c470437b8eb8fb34cf8a3f99a71d3419599ccd6c819f408,train,True
2737,a8c6708781e36bbb844f5c657f6b63d2698c6342f39500bb58f8ba2d9b983923,final,True
2738,514ff593f9dc5d57503517030ef87c2fa522297b07a861b9a5640671fb3f1ad7,train,True
2739,c04076375a0b71264024f749c7ec2b3f5dbe0a549f0d592250abd6be36125b58,train,True
2740,c363716b1afb461804029ce519a2012873b3edf99f0e76c452ba8d3a94605982,selection,True
2741,733a5d91ea6663127287b0396feeddbf59c4acfa4a350acfdde84030d2134fde,train,True
2742,6f60b496ddec786a5585cdc59645e47319ab7aa53fc7eb07aaaf27e0db08e0e7,train,True
2743,aa1f87abbf43c28eeccb7bc198ec0ca94d1285d1dc15e3317e035b4802219e55,selection,True
2744,bfc8b4144cd64f51b10e9308f348a5717dcd8137bbcef55dc8d82d226fc0e46b,train,True
2745,cab2750cf4c458f6d4064e9083264eb9c76ed46707c736d7c1324d2fa589189d,train,True
2746,b5a96d5894595c2f40aa2f2de4be7e19e1fc97d1ad85c9c381eac0eee48d5453,selection,True
2747,1adc983442b9700612cbb94ac3a9ce2dc19c2047d144e94dc2d8dd3608b9e591,train,True
2748,fa5b367e4624af3dbf45241a618d0b6d85798f24d8b00d398a98113287e034bd,train,True
2749,9e631e38aecf6a21049239dc4468ae487fb37db6295682baf460104ec0c868a1,final,True
2750,9565bb0d092e4dca1d6c3e69e4b87c7694ce273e640111f6140a6a26b8b2a9ca,train,True
2751,dde8ed50b5e51549fcfb9682d8bada7d580ac01c017f86919932118645a88ee5,train,True
2752,09e79738c0e3c69c9478257a6b45e1adeac505667e13a68411e6eb9c95bdc71b,final,True
2753,37f4c1ef476dc8645010b58e6d35cf81874981bf9b4fd43a9ee25111beb2ddc0,train,True
2754,0b511a999f560069377d2d7892cfd07f950e2d0f075c718ef8841c38cb264bf2,selection,True
2755,fa7fadc4e0d578889dfdb03205338ba33aaf16fc4fd9300a235cd15620f5d55d,train,True
2756,19b14892fcea78dd4210cd37ee98d8c6001893cc730996a7c1387ead017fb0da,train,True
2757,db997f58c768d4abef6e7a06383ceab882184556d9695dd68c66a16349b164d7,final,True
2758,d4f5e6e9f9f9cb7d38aa949af45a2f6300ff1c86a895e3e2c833ea73cc6e6270,final,True
2759,193ba381bc17735bdcf155c7359b736028ab6e931096bff4c1e59f037251a90a,train,True
2760,39f3ade5b141b94e55ec21c6f7f448deabb45175ac4195e39aad592605162864,train,True
2761,24aeadf7573ab944308c49fd3999f9663b4c04d0093962f51029a42fa34d0a09,train,True
2762,a0a2c6b526c185532c0319f86b48e9a2c3ff02f03a90c82ec960b145ce9b4890,final,True
2763,cec4cf47474942017e8b3f049b65c628fdaab4ea7d9e19bb6be78b4b39d32810,train,True
2764,0a595db8e62252b6190d46ac3738f856b3f969f3e407456b35c33793f8659316,train,True
2765,44682812a535a1d111adcf2603c7f36eb97368ea1b7bc396ff1d9ffdfde1ebda,train,True
2766,0d8809f61146428fc0d541f24884c0cded3a216190f80ffebb708876c96acace,final,True
2767,1361f225d88abfe5f5ae7c25d9f05ee9bdc66ad5edac72ab920a97793f68b07f,selection,True
2768,c452926f355c8068236b835bb6d41733c8ca0a79fc17552eba949057fe55c340,train,True
2769,84b809fa463d1ed7c356f5d371724fe95a4e88b90857c508d5b62ea5697b0936,final,True
2770,909ad5c5290bc1629b12266ec0a0653a41b2157854b3827422a5467b413ace7e,final,True
2771,b2f47f4bd7027ed6dd13776fb81a0dbf921be6f2f32ece33c50e0f2ba18412b2,final,True
2772,82ec86e3bae8c949b44153f3ae0e5c4a9426e4987c20852f35abe42934a1271a,train,True
2773,1b9a1c84abf412790f85dbee4b9fc192cd8d7471dfab38c07dca70f723b3171b,train,True
2774,a4212631c1dc94b59aea398254c167eda85fd42f8f703dd249a3dae5538945c2,train,True
2775,fcef1d390add6a2c72bf81d8bc3ea55baaa480bdf247753239b61e1eae4e8a22,final,True
2776,3abdd573c3a78ee9a240cf0e78b8415dea01e28d9d460288d1f5b268136b4bad,train,True
2777,2ef9747989613e1a844d562c73302be314de7a08fccd6582a112cc01d2c9fac0,selection,True
2778,60022e5ed0e5cba6cd5a486b992367c8e00a0bd96948faad81ae52ffd0133df9,final,True
2779,059c4af33dd7bdaefa0c97146e04a11fe744507381c7892f12525c2fff9dbc4d,train,True
2780,35e2fef4186313888098d75c0ce529808b3b022c91db734db4ab6661ce619645,selection,True
2781,4472d4c54369028fd3ac60a9610d51383c19da7822cfc914adfba855e9bdad1d,train,True
2782,9374d999d547ed5afeb49de961a12d94ae0e64600f7d701a099b4fb885ab3807,final,True
2783,5ef82e98acd1f7c8acd6d098a18781d2c5d70dcb8286d73dbf7a6c1644829eb0,selection,True
2784,01c0e0e2f892d33e88b290faaf85bc19b20e53a0e7af4a682c72b7914dbe50ef,train,True
2785,ed8b7eb0ff8b4759ce8e58ccd1e625cf9064b877456f9ebe7de26e0f10aa41fe,train,True
2786,e310d2bbe7888a3942148cbd185a27b531168dcd9b59a6e3a0ab96b24add7a53,final,True
2787,bdd482ee5ae88047b0738b7edbf987d00cf7e775fd1a5e1f97d6aebda1ccb73b,train,True
2788,d49a389f84d5f95e6edd607765ff56ba3d40477e123c1e1f56aee8c2a3356edd,final,True
2789,eab2ea62c1cdbf8c6b407f1e4c839deeb8cf223d9f14035f72ebc1d2f2faa5a5,train,True
2790,605ee92bffb35c2275e3ccbf5f6a38ae6dcedbb16d7f92afa2044f4ff26ca07a,selection,True
2791,f4c70bbc402680fdcf0a789b14f212158299fccf74e2626e50b5796bf4f34bd1,train,True
2792,a145034a6e5c4afea750676bd7916a7c256f9d4f4b9adc7767b198d10545a50a,train,True
2793,9264ef85fd6bea9844116bad06e978c018c170e4bbf910ac62b71a7a9fe0e063,train,True
2794,67d22cb9e25f27ed66858a9d6885e8c1fd083a938557673434fc304ad830cb09,final,True
2795,3f634dbc105670ae68f6f8b1a50ddb683bb36a3179b78ee331f3674d32820033,selection,True
2796,d16735f2f33f9e25a5bfca1687eca53df34f329a76d364b6ca6fdbfe5e209b8f,train,True
2797,fba74978a932d47d18c10cf4bc25222582056e84c221f89f5855380973ad4390,train,True
2798,d7f929a800080db93feed9887171f8c7258a1a6f6678829c16a36d70aa00e15a,selection,True
2799,2cddc3edca5a166f737b7b10fe11f2292249898493973ad8037c80f4217eeed4,train,True
2800,2d1cde05747720e7ba09580924c629605ce7bfb258b8cd83930f5209e15d4e83,train,True
2801,6af81880a02efd6f8a58804c0e37d699e1d72a0cd4ffbbd02c5ecb33c7414592,train,True
2802,321975d5fea2f3a970bf878218beb89f5a3fe337417bf701fb4a2f2c48afd0f4,selection,True
2803,35804493d78d29c7bca9622f9e4d77ff3c990cbc0534a38f2fcd5ff905afe30a,final,True
2804,ebd4ee176bf65c5e8fcb769ced7ee07fdce4ceaa4d66f555ec987973746be11d,selection,True
2805,b3a607d1cdb9651bbde5ed1ec7e688a6f5e0ee7951df7dfa012046248b714cc6,final,True
2806,0dbe851eaaa887d65e573495e0c440d82476fcd354a7ab613f80bfb28627dea6,selection,True
2807,c14a5a6a91011520153bed1fa3a716816a15470778ed220d9945b8c3f22bcfaf,train,True
2808,d217debba33a5c782abe6d7581ac0e4696fd33b306a8867f3920452c6ad139cb,train,True
2809,88af5043bdae586691a9ad8b142815d9a5fc1f8a11be27c0c92f6a13fd3eb161,train,True
2810,f060f98c8b59c25b5b8a70858ba6ce44564ca038a33e023d936483800b323ea3,train,True
2811,a6391fc4e4e74fafa7d80ad35f20ec6d6d092cd7160cf25b1ab2bb946077a84e,train,True
2812,930ac0be1ecbbfe62ea8466b416985fa8031e578c64bb55084079addaeda8769,train,True
2813,bcaddabb3ddfd651a47d35c0fa466f19d2b6067bdf1c12c96699265f0773a0c6,train,True
2814,c1cf35665c54e6c27c25678670b56ae3e48195b04bf2c8f562b40dcead5b47c1,selection,True
2815,df8c53929f3414c51abf3485e80d364cdb368c7bc594908a8955d8282cd30618,train,True
2816,479e5481ec6454066ddf3c61d62ec3124ed68fc64d533bb924b093138da13819,selection,True
2817,26102ad3527babf22e465f1fc34ad88ae4728e32001879c3f8ff72d66d67744d,selection,True
2818,095c4314c27a07cf73f3ce6d7b34f5cf33bd907eb8c2992e263692381b867527,train,True
2819,462b0dc35f837cffaee2af49a062c31143613f1eecd26b910bf665f7096cee51,final,True
2820,bbf2d276cadca933fffa9dd331b1cbbc151a3d009f1b4de5f44a8a4a10a947ac,train,True
2821,8c3927107841d4e9b831af02ea7c1814cafc00b59a26c978c8894fb30622d2e5,selection,True
2822,713e8f9385f550148013121442648e8ba0cbf1b87097c2dbedb066bb2217b4e8,train,True
2823,22025745c61b319cb72012d3e5607a8ebfd7a0f6ed2cc1bafde0c9e23888fa4e,train,True
2824,e263203ec6344c3093d10d52575822f5a0cea8c7a36e684f99aad117369154e2,train,True
2825,564883efdd347619bf0016b04935e46115ed9b6527b73684dee9e13bcc1e5015,selection,True
2826,b25ad97b066102ba4c2217af8ea6ea98992fe94bd1fd872bd8e9c6390adc9862,train,True
2827,dc2f282e6fad1b55d390075052cbc96c5287e1ab016d5071b2d15bb5d12b59c6,selection,True
2828,d961be62b784586f40736cedfd52b28b6f8b7e30329f8cc8fb0018b4ac927a68,train,True
2829,1837af8bc7b9fe9a6f24bd335630ec769e688b2f50d44d61f37710d2f807304d,selection,True
2830,2c891721fbecaf1ffc3b24307b2bdb40cce596e50bc39423b182a55b1432b489,train,True
2831,92c48390700cc3c2316200d3c93a937a5bc54eb0515704bcaab86e86206c7884,train,True
2832,0bfcc03f734ac348fde804dba27858c55e2b769995be2848dc128d5cf823070b,final,True
2833,6cfa6cb5faccd8f474e2923a7d93b66aced4aedd6571d025294e374df9c2e0d3,final,True
2834,44872eab07a41326dfad7bea6efc6d1ab9ef6d5f2e15bcbffa523b9c713b116e,selection,True
2835,98b6bb374ca0e99ca0550a0ac7cfd497b8622426abcfbfb0114a334c9150e06d,selection,True
2836,0834d92d406562fc630cb0b30b42a80af7e904a63c28c4dd9c91ceb27ebadb4b,train,True
2837,557d7bd1b9709875f11feac46ea725a4f018468d9f3fe6b8d7aa8e9e4cd4faef,train,True
2838,29994ee282bf04d20b72e63b4488319b4a28522cca03942c41c2da84d51a00ea,final,True
2839,3a30ba7c4178d99483c680bb0d97a34aa9234e922583915938f3cc72cc1a1d1a,train,True
2840,52bb9c5d0aa497c07a18bc7526324121557e62bda5d7dd767ec20766f5d29b8f,train,True
2841,7a69e8a9dfa5f2384519e83766c218074ea455e9c4222731782c47a4c615a9f2,train,True
2842,2f000fc487f13eb0dd9da12b1162ea570deb975f858c361ae1567f20b5cddcbe,train,True
2843,435e3cc902349fdd0e162f4552ac1ae82dd5f99b276acab3024c896dc84ab5c3,selection,True
2844,3df18a89489f9e0221e6badb9a0ae2810b40c3df6fdd00a451de96718b056984,train,True
2845,e0ec850e6d969f5814d6cbd469e68b51d5dc11a1e71822c9f695b86080912162,train,True
2846,2ee76f534ced2ee6a984bf142a1bc4779e358c787948fadaea90018dabbff6fe,train,True
2847,9997c90fd6b2ad86e17c0f73ecb54e0093a332b656459cf5d03a0559b1d8705a,train,True
2848,115f6796f28ac8f8d47958ed271678b88b7146dc0cb029c3015f0ed2d856dd58,train,True
2849,32185438c0f0fb299479430a392a91092a0d67a20ba72c1dc88521e85d4c6017,selection,True
2850,8a3446cb599db58b62e33e19d846faf3b1d0dc4ad822576931a2b2111a3e979f,train,True
2851,6fc1c112fd4d2872be1d2b4acce3a574598e2a2005db9a358862ec668114ea05,selection,True
2852,c49a916a9804ac98019ae98bf731cad2756db7757b7edd5c08946e628a36e974,train,True
2853,e314afa721350dcf3bdd6bd7ffab5bdd67c2df02966fb46ff13e139132dcda77,train,True
2854,fb7d2affcc35c399bae4ac4ec36877bbd452468b40dbaa644f50a60eec6dbc80,selection,True
2855,4619114d356bd15757238607bdaed62f6a299e1927876e6727e5b68c228534b9,train,True
2856,53fbe06cf60438b37eea9d11a5b9a97e3ff1c9d265b82b6bb9f6438462d5557c,final,True
2857,0e2de5e316d9821b73aeb61b028b10a26b8cc3f2f3d590d9f8db8be165e8a6a7,train,True
2858,3ac9c875384592f04da459dfd366dd7897d8b8a15688ff7609c1178930aca12b,train,True
2859,a41fbc194aa5e3d7c4197d65e2f86c8fbd99aad1c879292f2d245e5e7e85e38c,final,True
2860,734eb2fccd33cb6522391b1a9e4b50886960ec1466928290e0bb89eba1510bc0,selection,True
2861,b4fd5b92779997cba3ca2ff306bf12171c97583a1aa4d230e6ea0c6f6447bd6d,train,True
2862,8416eb3e3fed8c01fbe1a4d45ec9f2f32bc10ce3cc4e2d665a8bb4f8159fef87,train,True
2863,c72376d7a4d0550249e82fe0c55afc51cd203bdcd95136a133914eb9570c56b9,selection,True
2864,4c899ebcd03aeb7c5951381e05adae491f3cab6665a4c2f0c95c8ae546b687d7,train,True
2865,b52c05a804034676b44d11eb0eafee8013fe84dce39b1888eac795e339559596,final,True
2866,4f57e514b0a3c6a466cad0bafa834b5433c02d9fc2cbeb57c6222b22257c7fdc,train,True
2867,f10249ad9cdc0c0175a18c7471be15cc5416b87e9a9dc3de49d210afeda57196,selection,True
2868,bcfcbac0db8125f072667366ade056d0296b30244c564d2558aa90eef6398ebf,train,True
2869,b489f0c0da1bc0d5e372ace74662f5eaf44d25cd405f1898342b2cb6f25dbe98,train,True
2870,36527abbe3d5e68a694ab9496ac3d69ad8437830886284f01e6467b520fe6099,train,True
2871,a81cc8e13b7cd721bbc836ad36652f6a4d9ab422ebb9cd9e84d50bb96ba3984a,selection,True
2872,fa1402d79f0648cca5a6612d9a29c297c6b851bac117f47161f16e5d11fa622b,selection,True
2873,00a679051a50d21b51f93c677f105640b56eb7c988ac5688622a9447ebacc63a,final,True
2874,ec5d9abe51bb71997434dbb9cef0f7c810a9932ef2c152e880e72094b43f69c8,train,True
2875,2cd9d5f08a0afd5f38d005c908f076fde090d1077af8a2091ea67ca8696f290f,train,True
2876,47a727c54ac9071778b4e3d44997c70322eebd758fcbf1b6a6de8f2267f58693,train,True
2877,ea064b73fc09135573020a984e2d0f16fa68e48d001701b436fc7431a551c714,train,True
2878,3783f3a0f879a0da6974d96f1e70b928839ce8e02fa51f3a56be5fc28083bbb1,train,True
2879,5b9c2ce7cdba058d899ff576d6990da3a821c609699885ae0bf93c48426dd094,selection,True
2880,43a26f16455868b9ac64a045671bca9136289964b74ae0e1122cabc0a0b71c7e,train,True
2881,f7aeafb9e438d09aa30112a1d2f179cb706b2a591a86235ef5110e7922bf16a8,selection,True
2882,32e87b03a8cf4bcdf21015a47277dfdb6e437e143118d6da0ce757dc4e2c8a83,train,True
2883,ed3aed0de640b0bb6df5d4b198c88733ae699d96e08acddc3be57da14784de52,train,True
2884,1f80c731051dcae6d38f7c73712e22fe4a9b7f251136546c7b8e18aa4f2889f5,selection,True
2885,14578ca9c3ab46999a4599f5a70561f04c32e7d589fffe07e6919d52043aeb7b,train,True
2886,667a3b985959d9ae18b795b2397b7ee14419fb8e80ebf1b5101c88215f3bb209,train,True
2887,a60a91b7211c0f750d347c42d4164de69ac979034687be058f6abe58e19ff314,train,True
2888,8c34cf0040cb3185b5bfe4a7ce5bfd6c769960b02e59d0ad8055328f45507137,train,True
2889,a7167cce087bc1d4035004f8bec2ca8840806a7ef999f97197112e6775bedc40,train,True
2890,b5edefbf1dd008f4f2038c025abd48674ade9d88403efb0b6b2a79c1a2a12824,selection,True
2891,fd6d3be24faeedc038be504c9dc55259cb262826da6e2048b8fed25582e48bd1,train,True
2892,f7011893276f16f19e14f11e0cd2f4e096f9efc5df53a0cbd7ae053c8bbf1d9f,selection,True
2893,29ed533e54718e18b9f13f6958ab9c54874cb6f97902a1aa1135bf8e0f89f082,train,True
2894,825fb0ec2e2fce3260e9eeea6eafe41719772af6c32f85139a8e1bb7c17e8994,selection,True
2895,b9ce097fbb0aa3ec01889b7095f7713e85c23fab008a3c6470663409ef8f8ca2,selection,True
2896,014946697fd876d602c6d161f2c35660e39ce9f872b1885b26ff367d417be7e6,train,True
2897,ef020ba1fb3a44fc2e2c0aa9289a9da80aa35041a753da466eb9b4854aecfaed,train,True
2898,df2a81e1b6f03a854cc925ecdb530652388772452cd93b848e8f5eed4e5bca8c,train,True
2899,41c86e1e25499a68da0f2c5c624190601a795e1b8146983530e15f6a812ae274,selection,True
2900,f0a27aec8831da7c001370b0f2545f90cc597a7f0484980035ea582c0468a8a5,selection,True
2901,3153f221704a180c9f92a5cadbfa1cbbd154d0bcf2d189ccf5999dde9d2e3a23,train,True
2902,2996e3f3b65175cabc2f557e7cf3d0e30d7b9306ed070032486e58b02590b6d2,train,True
2903,534def4e2ae61597bc235ba89bb58b9df06c18c94bdc39c9cdf1abb9cbe9b8cb,train,True
2904,61765643f9cf460939451f9351f56c81c836f1698ce5dc3093a773cf84acb1fe,train,True
2905,24fe61b2c227c9b6c5938e8ff8bb8fb8631d05bb26b3e5439024e1dbfba00581,selection,True
2906,0496d0a43eb777a4e0fb2c63ec902865b256bc9c694b4bed9dc9246997c34c84,train,True
2907,40ec1a517fb179865412ff7fbcccf11991c464bb18ada5cd5359343614d38cd2,final,True
2908,91ac702c2cb1a44097d334cce3db509000f6ab738da67130ae027b3a1cf3bd37,selection,True
2909,bb0bdcd1a17435f5b233c9df9e24bb127d3e530aec61c9cc65145f5b6343e8db,train,True
2910,01629f6ab2f6664fb77aff355b4f3dacfb7f2ba9a0cd818302b532efbba9be81,train,True
2911,6f9f64769693447254064f89c580851980b94d7b839e6b243ff7ea9917a992e9,train,True
2912,3ea0fec261abc4e94ec4671dfa93759db272c5a3e0ca67d3b99b9e2383d6673f,selection,True
2913,0eeb482a5ce2c34cfb0c9fb3b4006678d1bb73b7ce65d01bab69e80f3a913377,selection,True
2914,6bc231b397482a825273a03544679d5ee6527cf94bcb3828514d3edd90595527,train,True
2915,5f0383d52b8a1dd7593763ca13b849024fad9a01f94799dc7718de9dd5bb1123,selection,True
2916,1a67c6e9839d618f806ba1c1742a2769f233b18bf7aede72113b23c2cbfb3a44,final,True
2917,0ab61f877ee3db84b69bb6a656265fd71459dcd972d493e4a7b7ed4d5a057bf5,final,True
2918,617b9c3b63a47741c8928bfec40e319874f2360bb21bea69e4b1ad70c59305e2,final,True
2919,805e77d5dcdca54c6c9d6f2f446d6f360409469a7b8a44437a62b373fa1b200b,final,True
2920,84410f1d30a8df78afb30f2134b41305c540005bdd394e2002843c28ddde670f,train,True
2921,8799e36bf316e6d816c6e3f95882a008b552e94ec2ce65e54245bf078bdfaa3b,selection,True
2922,53966ca16f0750539c4e9f1502cf1f0a7e57cd631d0c33da0ab585abd6b9187a,selection,True
2923,6f8303a3332a0a198c29b56e01e3c078d725a335f1a733e9611f677489fd4f53,train,True
2924,4c2de00010ad5ae21c149271b9c6e99bf1793e2e14d9b82ce12694904da02ead,train,True
2925,181cbb29e9fe9bc4e968330bbbaadfcdff05e2ff89d2b4b00926534a8758adb1,train,True
2926,475c1b04175df1bc56e52c1d9c29aca188c61d95f27d26b56de6fafdde960690,train,True
2927,1d48f089499a2cec05c6c1569a15d0007c006cd6ee16c582f7d0030f5c6754cc,train,True
2928,f508bfda71d97db3a56236466ce507598d1ca58c079f8fd60bb33a4fdfeba70c,selection,True
2929,a827722ab8af152d163ed7531c5a95464f65a388df4d54359c692b3394fff4ef,train,True
2930,6c6c604fc87073d5bcd718690533366ef9bc755da7f73d572331802c0e8e91d5,selection,True
2931,2b75d314ac53c31d87aa558331fab9277264dc9e79da71caad2a3409bbb751a8,final,True
2932,3b194eef0291cf509cf383a0a4342f0012ea00820ff9324fb29b3cea462f1985,final,True
2933,ed59715f4c98bffc45893ad06062d13fdc3a1931bccb1940c0fb7bc6654ff198,train,True
2934,17074eed02a850a3d322526f9a41187bfddb6901f3e042fd0d0f79dccfdfa2bf,selection,True
2935,05f8b1c93e6426c5b862b0dba3e29c260ccbaedb0c8ffa877db2635225689295,train,True
2936,befd9caa6aaf71e53eee581f37827ae182e7b795cb32e8e0f1c9a2c87180cf97,selection,True
2937,2792f2f19dd226a52fa43028f0bea33fb8ed9b048de4cfe1024b1f6fbc6d2770,selection,True
2938,068348fda36ec4f0df2005976946a646342a6258de51b02d1f9516eca6a7bb31,selection,True
2939,9d2bcb5761c9432356cd4f6e26ca3407c7ef32ae1918b074fc750d561d50aee7,train,True
2940,7a48e4410e29cea6b4c2346b4e21d10feaf3693d5dfc89055de00f6d95472045,final,True
2941,3813e49f01e4f59d54b3ef2cb5d0e616d8f80aced4b89fc6b98f8d6999af7a5d,train,True
2942,308de1e4b4577625c6b7a3c9632f4f2799b3e3a812d00f4085f8cb8f1827b531,selection,True
2943,715e3ebfc311218dd73939ddf460b34fe390d01e399a48b779f3c15916eafaa1,train,True
2944,9fcde35b6ece22a31fef20ac2496809e690814ecc3c95ac66df7587d5629c7a4,selection,True
2945,4f470fabf28d83e4208f884d62b238a0dcac2d091d7069a1a3efeb4ffa9f358e,final,True
2946,2eb36d67107bc8a257bcb88a1024400b1619d8a23ea6c788e9a824675200b0ec,final,True
2947,b04163967fc2849ec4ea30897746fe3e1de91300f3e53d95e73cbaf2ec113d02,train,True
2948,52a87fecc31350552e719e78a89293bfb5b7dcd206ed526069ee8ade377ffc5e,selection,True
2949,d097ab530db8c036386d28d0ffcd26979bb1077bef4944ec83d787214a83e1ae,train,True
2950,c1337f52c7027876ea9fbbb9d3a7f1d605a9c0f1a0e64b287235b6b82ccf12ac,train,True
2951,7f020e457f70f560434f53e0dbfb4aff264527ed9b49327c2955c35866659bbe,selection,True
2952,9eb443c24cd39319555c98064b6972f0d3e016f093b005f6ac8a8d2fffa34a2b,final,True
2953,b739c75c760d3b8423005b9b23b9903938b1f8028cf51b55ef8ff11245219ea0,final,True
2954,ad0e6597f18345162f7dac2ea4a46e2d2799e4b9ad2cb3fede49a2460069139f,train,True
2955,f767e3c0645bfec37b8fcd3aa556bf711763b7ea85db2d027963a253cd9a69bf,final,True
2956,821a6caf4fc1831b75520ba9bf622dda6d8e212fa185b765e8b4614e5a4060a5,selection,True
2957,8219010c869ee5d2aa8556f891faf189545ecdc5b6a36a44a7b789ad21950a99,train,True
2958,5bd64d18fa746167b30032eaa00adc62d2e38fd1563f64a34d97d73d90de0d8e,train,True
2959,63954cfc2482702f76861b5517daf922ec2de13b391a61090a065336dedf802d,train,True
2960,e567dbfc31c7f20a55a45966febc40229f6d4d54c506dce75101db26a29d5afd,selection,True
2961,c923f96dc2447c15bc880b4ac0039ada5bf7c94d9fa478b895fc14d7f87d1674,selection,True
2962,0054ac8a7ba66f7ce3a247849688bef6b202be86e33aa0bf30993945a0c6d53c,train,True
2963,4ed5a532bd3a6861fa79efdbae2653f6b946cfcdea21ae894301966be2770b5a,train,True
2964,cfab2e16341810b1c64875994ee4a2469732d892d0aab74f008ca68bcb8e5660,final,True
2965,c5b8a6124b0c67a70cc82eb8487b9e45dc1f864f07d3c13ee335964d5944e8da,train,True
2966,8cc4fb307c24a9df67a8abc4492ce88c837c3df6383f133c4a4c0dd65fd38a55,train,True
2967,d359d609371577f38fe0c69456c71c0a2d0d0c8027e6ff113a4e5f9777633b4e,selection,True
2968,6578fd2701bf8e36e61d38c06a565e4e88abd9d53ec665ef01805434b7ab71f0,train,True
2969,29732425a58ed74ba9de27ea3799f46cd343345e176cd6eb6208b51fb384b770,selection,True
2970,7984c6d3c60e1c7929ed5b5eaf5d50eaf6873efc3e5f1ce551f746538327c01b,train,True
2971,a239c8d3988658ca4a4bdafa131945022d2da7900d5eb9eb67fccfbf4aaf53e3,final,True
2972,eb07ce4540ffe7b9439af23bb25c9f1c444eaf62087613f98fcb9d5a9bd6175c,train,True
2973,5e3351136725f0ae34a36e7daf6c9235d95a3e4f0173ae2ccfa0f094617eed0b,train,True
2974,c9e7b8c1bf64523b5f18ae27921c0957b24d0e2b1afa1519ef54008361839455,train,True
2975,a74bb17bf3161bbf8e0938906afbae35f46fe2283612d2cc900619843e86607a,train,True
2976,76d6ae15c5d1aa2d8d6d33fe8d3470016cb23b73754fd71895e12819a1b99196,final,True
2977,f5138559bdcaea082003400d4b7e1f0dfd74c9974980e9a9181b60746c3dcfac,train,True
2978,534e439314987c521660eef08ba70089036b79a920c17483bb59683cf5b29fcb,train,True
2979,450bd0738ffee9809c3deb3b38fea4daa57b8e1b03eda1d8f9d5a9746ec86b40,train,True
2980,1492c8dca320769d0af14af2f8383e2f24a2ff119d96f8eaabdf2d1f46fa83e0,final,True
2981,17cc883b9c84068ae9b702c0345619896518a35d0616121d70eef08265302fc2,train,True
2982,d67f32d1f4bf584b13b2077948c4c504431c38c13e121da0fd33f2ca5a480f7c,selection,True
2983,bb6e614adea5f3d51cd7be1d93183afd1ed1db246d37fc1fcd4b39c597f3bc0e,selection,True
2984,c1bfdf5494b3580c03adcf8cbdda918772d6903d6b08721b4d8bc0bee648e60e,final,True
2985,d51e0865a98606858dba3bd2d61419f7040028caa1812333ff3a6230c4a0cc3a,train,True
2986,716b6f4e690dc134a5091316a629063613c5b080245fcbd673d0552f8e87bb57,train,True
2987,06051ceb9a7c723656a21d2ec19450cd12890e4b11b65dca143dfab826826fc7,train,True
2988,faa0d37d224ccd2eaca6bd12b6e76353948814112c61f3e7ed3f389869eed9b2,train,True
2989,2dd5965189d7028999c4cd508957c845d49b85fd1747237710447cc14d64b254,selection,True
2990,2fafcb77be8564d0e789d243ffcfc4d8ac3e93f7dc96b74531bed53993252ad2,train,True
2991,206c5306102ed162471882f9d9e1e7d3bbcb524abb94422188f8ab685d92e993,train,True
2992,6fd315dcae853a17a4281c8bf08d935ff57b7db0a0d905b7d4a71327f9a2343c,final,True
2993,accec5f6c6ea620d19830e25402ea1f5fd3f2ccd35463c83fb9b6dcd0995e7ec,train,True
2994,45777a5422f1cade88c9afc44e23fa2fb6bd6638b8527039c6b9918cd2bad021,train,True
2995,0624e9b967db7354654bad977efe7308d13883c69740f32955f0c5f798c578a5,final,True
2996,ea3b6f4951f16d5b365823d3ab0d1141120778525f944a553821d8ae08d9a857,selection,True
2997,7838b6bec2ccfcd084a7d8216a758e74ff93496c77f07f05a829f4b0baed2799,selection,True
2998,02fdfed85990841a4781a519e2d4d04ee0b74c01e5300c80981b6d783b5385ed,train,True
2999,2193910fc97e9844420778cd890622c5448f1e747676ea171630576be05388ca,final,True
3000,96d1585f4fc8a3eda48ddc70fdc08a1acdbbf279a1004f4992974dce36a67034,train,True
3001,999a4a8530d5d9a401774e5773aea4ad24a1ea8c60438c0ff3d9b98f13ca8976,train,True
3002,54d88f237bbed1b0cb96c81bb549f322a17097d6e5e8bfa3a725a79bc0f57a88,selection,True
3003,3c84ad387ffd02750a705165ad8f4c6c987a424ee4d29e0de086d9eb82e92684,train,True
3004,ba2af8cc8ca289bcc32c0400428b448329b1ed190c07606aab7afd0cfb56f536,train,True
3005,c3d2d86190b45ccee7e1eddc0a4ec98481842dbbf3d8af380993af0db50db7ec,selection,True
3006,437dceaad90c5176112b41b02ee1656853e1a39fa68544ff4f26ec7646d28674,train,True
3007,acb1e5f13769c1ef731f6a45ec109bd90bced4862ace72f2ac318fead66b5df1,selection,True
3008,2df4c5060a44ce8382f1732451bef0b383e5bd2e4e4f2eb0f8e8ae2dff1a2604,train,True
3009,ba2242457976964411b42e014e0660aa3f6933dd34b282211e793071333e06ae,train,True
3010,66c7b224448e841872d055f63cdfdd46299509112370b6116af6010cf9c115f4,train,True
3011,d7b1de80745017899dc833f00a3d2862ca28276656768d7173376a4d58df2ccb,train,True
3012,6bc393e6cc14b8cf63b728427a9d3079102079cb7a41cead467066145d79a0b2,train,True
3013,a368d3e829c2608ca9772ae7c6f77393933e84fc923a6a09045f2b34358c5ffc,train,True
3014,9600441b1eee5519d99dd5a8d46243a44a387829d14b239b26bc02136f297a68,final,True
3015,0e2f24d7bdae15483435babe4a7f0b32a559abbd57b224d40f7845abc08535dd,train,True
3016,7a29a770c5ca0b6bfe57f9585104256ff3e67483eac6535c3eb8fdbaa689cd2d,final,True
3017,a3ddeb3129503e6481c7633fe8d45b55cf580973b3953e520035b89c6f7c8633,train,True
3018,ea89a830618a73b2b2697828f57a92e5b24fde636a2bd45f0dd2679aff23f2ca,selection,True
3019,91d9f19929c2809dcbbd89ee02294aa90bee6c6c77029b5b55beaaa7b130a927,train,True
3020,872b21731e09e3dc452026f7b997b9cece10a9a30f65a8d033cc57ed02c35727,selection,True
3021,4901c4342f30a04c52e5930101d150d3376da9d9d8e789b9ac9fbfbe696b1cea,train,True
3022,6448d5c9422cb5e69eacfd35c2cd9fe7a035e1161b5cbbcee8aadc04b577eb7f,selection,True
3023,dc9939f0b66a7a8515bfe9b5f6482bf989de9cf5efd93dcec12e84afc1d09ed7,train,True
3024,3b44e589eeee2af0b6ef905373cff79f56fb244bea69423db31de43e4a3675be,train,True
3025,9cdd3b4bc9b6b5fc9b65f712e3ecf7dbd41dfe600e297fda22e6f83ea528962e,selection,True
3026,fc4419d7b7c4b753273125142f6b32eabc146ee155d9ee683bb249ffb75389fa,train,True
3027,a3208daeba0eb21dd4ab08639e63f64badca4d60b1abbb7e5b56699398ecb10a,train,True
3028,e22cc1de0f9c9639f8bd972392483a97cadf45acbc968c108cab828d767ca9f6,train,True
3029,4192c08bf10a3c4a59cbc774fce6280a9177561cc16aa57ca533955f5edde39e,train,True
3030,11fa8b722cf71b8b847935dbfe83e8d722a42b4a2814e51a1c520c522ce9dbe8,train,True
3031,b54e0753c113fe6936cde415335250efd30e485db5b18144da7515609efbb42d,train,True
3032,ce4f547b0bdb4c0e40354fcbe0dfd5329779fef29298d718be407141d590870f,selection,True
3033,9e865b46f81d33cded90038be593602bfc8cc7ace6b6cc1b2cf03b5378ac8f2f,train,True
3034,f7777c5bd64cc7f374741d0d0d4b197608f3762bc96ed4fff149d200c3486b75,train,True
3035,20fa38ab8a77363f78c45d4e000728f7e4ebdbe97a64e47111c4ec2899e5c214,train,True
3036,76dc3cce16f3d3d8afe2e24e74ba6c746dbf90592c53f33051e5179e5acc2ad9,train,True
3037,5fbf867ecd33b35790c2223bfa7cc16132e597c489df7998fa2ddd797e5670dc,final,True
3038,ee953c807b4404d37950f75a89c7c04fb7cf38656b3110e1c7a27e29c34ef344,train,True
3039,8a76bea59d9b86f4413d2b6cd1934e3f2ae418d432f64e9122592c4c43ced8e9,final,True
3040,496f6cd09efc27674948c3764a3ae1f55bff75ebf8dc95722e84d5d2f03f2c31,train,True
3041,6c61284feea972e7ac6db2f0ebfd80109908222629d58ec97c268d036353a60e,train,True
3042,3a1f8a238ce0d8701af23cb3da22bfc03adcd0c06d5a40652cc44f1f03c9a830,final,True
3043,57e4549ad927d4c5cf9524b3fbc325a98275ad8ed97b9f51bb1d213bc0ba7155,train,True
3044,ad19291802a3bec81175a24b09374deb79f792e9394a70a93393d0740491b839,final,True
3045,121a2004801d4bf49fd957b79fe2a2d41b16f39bfa5dba235d3ec623a19953b9,selection,True
3046,56125b850aefee0eb57727964fe763adc20159a1b95ee925d08c61b0169dd1ce,selection,True
3047,25c12d0a082b947939dd30fae9b5c36c4f30855356edec5e8cac933f5e065068,train,True
3048,8a9b1f6649fb34d3e696c9042245eb2f59a288c30bed213a07be89b02cd6e3de,selection,True
3049,b1969be314e4979b753c4cb00d0765fb34322d990bbf71e55742b36c153690d6,selection,True
3050,12d1b033d5aaa197bd4643f6634b19f1741e94df742b3331c6c71d26c6234f3f,train,True
3051,633e3aa1fa7e7fc1ebf02f6feaed806dc3a75aab79f82eb2bd6acc3dd7f8ceef,final,True
3052,ae46650f2df5c4551e4e3175f90c486d37034ce6978672b977a1604f64be281f,train,True
3053,6fe071ee3459fbad35cc1fd3139981fed70b7094ea8331cc784014daf543c8fd,train,True
3054,8c8fc4adef680d70dd86debac812748ee866b41f3fa8b4b5e3a4d5b3c22b36db,train,True
3055,e5814690f3029f8d6193043389e1f1e65d786176874f1180a15d10ab4c86642d,selection,True
3056,179aa2106dce0c0013c9468e200b06fa90dd6c5a67ea3cf4a2dd4063b5632867,selection,True
3057,d74617bf2d49cb729e812bff6f5b0f270b6aebfad414cb1e2e0dc72cddc2b656,train,True
3058,5f7e827647876cdbcd18c7088958b02460c5efe2d067495bd5e61f975d913131,train,True
3059,222fad0e8b617f842fd4d6ed7643c987ce0dd268674f0ab31b4401f690a0b5f4,train,True
3060,820770a2fdf5700bc9d33cbeb20586bb659b893d4de6f5b129b8a45f0a8e87ed,train,True
3061,01e095fcac3d4b7dc4df90ec7cf2b97436c4f3cb862d13852ef69a938687dcde,train,True
3062,ff33dbc8b667cd011753afde9b5bfa7f7e151f6873a2fdde8419b41463c983b8,train,True
3063,2fad48f264c7a85113ec71405913aceaf2be0def7cdab9beff0559cedd00d83d,final,True
3064,4077dbc836283fc83f1620466185e3dceb6a2a115f549023af54873700015b40,selection,True
3065,3c3d375804a44aa05237082b1ffe703b0c6ebfbd30e32a0360e27efbac714665,train,True
3066,b383ac1396d7335efdf54b76a4573d710916939d7d3bdc53f23553f1218fbd57,selection,True
3067,e5bf8eb12f069c568c1a8c830708269471ba648d0b8b7af9d677501db6ff15e3,train,True
3068,f50cf554c26c59e709148241e870a6a47eda9bb00ae4db866fa7f9ab23d29622,selection,True
3069,3c196e947dc5a60d70c8b5919533f36246f2f299b0db0e841dd61f6b256feba9,train,True
3070,28c575006eabb4868cb64c09fb2e7653a407115ae68e9351f1232c7d8735db88,train,True
3071,7461861ad299776a50dc51c1fb591e8b53d3e52bd559e2c43e13ea1e2a7e3b5c,selection,True
3072,614b36354e8932e60fd35c833c6c3199fbf4d590c0d5ba0ebc9d6caf92d64936,train,True
3073,d1a2a463f2d3a58a83edfaf0eece9c04b73c51e61fb8e51e54c547a939248d9c,train,True
3074,70501da6cb7a49b1e2afb450a5f2f154b99b6be49deb65552f8212966c1ba53e,final,True
3075,3d18fd37e95485f335851de57104d1c63790ef59fce1a81a662594654904cd52,final,True
3076,82a59450c3d6d9a73a3d8a74d468ec4fd097576404497b862e47ee4693299a7f,selection,True
3077,a712cf655be3e2107e90c3ee16333ab0ff5a19ec9dda577064432b63de5315aa,train,True
3078,2044806e64f21d84059af498fe5b24b8efcc915d66764f89ae1d1a0ff5857e6a,train,True
3079,a87995775a8bd11fb501a65a007edfd77dd60fdb62aac415cb2af9c8fbf3f069,selection,True
3080,61949c5a545a4fd3657969c2d26bfed0171cc7316c09c202b27f3e96fc02c8fe,final,True
3081,e06fe961c4a77ea92711518b4d95367c386ea73eedfd228ab239037c7743d075,train,True
3082,47a41f25658f55f24cbca917c8a8098b7291a61f12e01371c2a5b26de5a9597f,selection,True
3083,50fbd580d20b0c6eaf2f96d349b65a69e055f093338e6f99a0f32acafe188a7c,selection,True
3084,55049566553b5cd2c870ad7aed97a2f3afe90a2d86f33077efd130f82e499e58,train,True
3085,259d9a062e9d76f2d637649ab74eee142593e230fe70393850fd1d1ac5d3ed09,selection,True
3086,3aa82666fd1fd99580f28f0b068653b19c8155ccf1ba9a04e69095c382c8a43b,train,True
3087,7aa724a8d1c5bc60f851886ff9b8b3a91cb604519ea573ced2207e124078fa8c,train,True
3088,f4304bb887bbfb53d287b7375c26f71d5700f40305504a0a800c5049ef1f8f88,train,True
3089,18b0d18d41bcd7e762bec101d7b9b3579996e0536584d9878984e00ff0d575b8,selection,True
3090,41565058dfa94847945227b9bd5bc597c7c45dcefc551255e290583f45b91e77,final,True
3091,a6f93f27ef24fe3b06b4cf6fe1553a14ec40b9bc9f861b892f177309b08ed6bd,train,True
3092,0dde619609453fa9b196d30b1e880cf59b5457c30a19cdac3858c6978e923a89,train,True
3093,eaeef9ac1b1961c2828807b4ddcf021b1eba260b73f503d4dab263730a85906f,train,True
3094,82960094bb526aefc916f444f968555e0390a2e0cd9112d68c596e6258936ba6,train,True
3095,1e50cfc3c373e28231bd2fac56d659d081d1d6ffd8f3a2e66a79e6c9d9ece40c,train,True
3096,22ddf4cedd08cddd643a1a153177b2a949078912c4eafdb0ee8ac5da47fd63c0,train,True
3097,d32c39be1adfe04406f99306e369978cba06235ff783bb4df7750eb56288d3bb,selection,True
3098,0665448af1e5659fcea9a8b5db4e34fc7cfe5a2fc4cad162dca70b2ae322cc5a,train,True
3099,84d8bd7079504e0fe52303a8671adb553f84b90bbde591fec864be3ae0c7c0e9,train,True
3100,a561ad874703246cf2c807f52e723a6990766e4f2955014029c2c9a82cc0f376,selection,True
3101,62822fcffd3fecd9cb65a3623060c9b721a4c90eb773585db59a5eec2ebdf119,final,True
3102,1e19fc444089e0f3b802a964796afa87462608b7b038d0a0a2f6fc1a419f2848,selection,True
3103,940d5fcb8272e39650a9ec78427c954c52b9333180b7cb66f60a285104adb8cc,final,True
3104,6ad2cc61a1dfb781de45998eba3892c5f561e5a6c120cff3983a9b74ed96dba2,train,True
3105,9ae9f1e83eea0f1217b935210fb35e1069d5dd37521fd1b6f063fecce672cf49,selection,True
3106,1784153cc61e548d45e6fc3d200461c1f638b5e7e3c7045ef3b6907cfae4abaa,selection,True
3107,ef3f10a3b20d9aa39336d8e7bd020797bb1a73d3e0e516ba12f0078aa92d4933,train,True
3108,a7d8a3d8d4e3b283a71eefa040f440bcadd38a7ba3f6d51403faddc31ea80826,selection,True
3109,317cbd095bc474494d25360f5c623e2b88043e0bee2dff59acb19529b446384a,final,True
3110,d034bcffe392dd25d1be2840e1f53cdc34ca1d1a321adc4dfc14da433efa27c4,train,True
3111,3704b38c34922f9f3faca03d9058a2892db15902e579553eac45d4a1ae0d3810,train,True
3112,8531baf613278730f86c5aad5f3dbf0acb1dfb039987dd8ed5da312f7a4b69a0,train,True
3113,0ad6e1160e3b622fc8b388734694d9781720e87becee6d9479fcfadd2a43cc5c,final,True
3114,aaefa4ea115d83f80351626a35026be035b885714b15f7b95aa93fb0573d55cc,final,True
3115,31bf9c6f6847d4aa9c40a0fc0a469e05785df0a0babce727be7bf6d63d750fd5,train,True
3116,a438d5c4ff1434d2e749ff4f2622cb92517c2f8160d399efb991f3bb58696163,train,True
3117,1e71aec526eb823a5204b9a28711a7af3418e05c3e6b6d172df4a9ebd388b9bd,train,True
3118,d4c79153ca8eb862b4cd3a14c7e492d305c589caec4b0c86b93f490b8f959b4d,final,True
3119,5a08bced1deb7b459178d10f9e095cf0b0d0545b074f60fb02b517a74d09956c,train,True
3120,899dee1c1a465f026c73445bec088932445c4cdb8ad4e44c454d0ddf9fc3fa8d,selection,True
3121,c446368115dd3b2b23972e3b2a34ed3bebb173e2908b9baf6edc39c8fea97bf2,train,True
3122,b9fe0905c67c516277285bc56202808ddb1b7843c250f8000ff784a1a28e0ff0,train,True
3123,bd85e07cae6050291987b74864bedcb3b6c62639965e7d956b8594837905802a,train,True
3124,2495da4ee3bac081ff28bef42bd9b8d56b114a2ab122148acbb3daeb5699cd5c,selection,True
3125,5bb554dcc42983322027ec75b344ce3c5517333856429107d53716afb763c166,selection,True
3126,5e17ceee8194971a928f6d74c6fd5ad050e4adcc3bf0fef383d60875153a5750,train,True
3127,2a64d24808165adec742e997a7f3fd5ab0f91654d60de03d49522e1676bf47f4,train,True
3128,1dc1bfd09d5cbe76fa2cddd795ea7cf7be009d2d62826cc12aa16eb1ab9fbeee,train,True
3129,f069e0019de0e30ba92ee1053767e96551f4ed7063c67508534e83638beefb50,train,True
3130,5c0f209d818b7c6b2778bb4e671372670f9d4273860dc6d5d4c0ecd5cf15f94d,train,True
3131,17cf02cf948e7802330c4a3b047ef2f633697cd189244e4aa465826bf5cc09fc,train,True
3132,b9a2caebfef56c13e39cb94625256466630fa22c7fdf1b27fb98d2e6e1f9ab63,train,True
3133,856023692c2c75dce602e638825ae9d9422fb295a0d168cd72988ee8ec91f211,final,True
3134,25385a40d97f6aff51ccc8c6aa494378a4221b46a4655cb66635e6b539678e84,final,True
3135,4dac90e5a502875b2dd38730d37bc7fc7b9c3a1b6c0bf518d0c880499c0d17e1,train,True
3136,850c7f6a305b3ecfe679de93deac7f236d66acf76ed686389407b9fd2d5a1b31,final,True
3137,0028669a9e32f0027aee39c615ddaf76af13c38ec44a808e0d4e1c895b925d39,train,True
3138,c19b3801cf3dfb537eac0cc3c125b7b3ff10af0dcc25a12075ad4a1368c4c62f,final,True
3139,b30434516d9a45f193e252a66ba37d782693f66ca4a393a79c3a3870fa812def,train,True
3140,6ccfc27a9c36581831f51e0feb598cadc5429119a4b50732d2b508acc09b725b,train,True
3141,e26b828b6de4bf35696fa31c85ad12f50f4beb67ad57d3250e0b4089fdba0c5b,final,True
3142,a2222644deecf4db4a841d4185d03fc36ff911c860b40da847d0e9b1f852b3e4,selection,True
3143,dde0589de8711a30d3870049acd412e05e0849119bde033111e8e2e98727869e,train,True
3144,7459ad4523ce813082e43eeaad92db821fdcca8a2795241e7582cd83479b6af9,train,True
3145,b1aa73f05a7d5cae12f27073ac2a33ef2f48c0d5c7d238de83f6fca1aaccd74e,train,True
3146,1beffe8189617cd77b858ba5e9811de3c2f7093ed87013ec83f363199a36e05b,final,True
3147,2415456c6e7be3dcd0861c3eb708802ef8060d366212ea971370cffcbe2b9a9e,selection,True
3148,0770bc2c417fbb031724fed063776c4a8874c60dfd6167d8a8b53da82674cec4,train,True
3149,9f9a10febd6d038450ec6445993099f44a10a5b99203aee49d3e006b4a4f5382,train,True
3150,1eb3ec9b237ef66234450232081b0441a3874d2183235e92e5a8e3c9290030b8,train,True
3151,874f785a0f4f750594c7db15d9610b883896e4f102b149a04bd0af4187335cbd,selection,True
3152,e1ac9f2a3e963310c58ccee41c70796ec0a59be4233b0926452b21127b7b8a2b,final,True
3153,726eb6bec6ee19135c71dbc792fe581c4ef7a5df3f5814ee5822015b84c785ae,selection,True
3154,906fc7c390cef7a21a174a7bd652427e47ecb3898ed4b174529051b9899deed8,train,True
3155,f1a664ba89b3e8053ef0ca16144ebd4ee3f7e340ba66d3ca93f093b84081ec42,train,True
3156,ede1f3b31e84ce85dcea340281e456a69be933169989cdbc01d9bf7dced347f0,train,True
3157,6d6077feeb51910b0ca541c1b53bb95e385bb5f37a2970e128efee45035b7113,train,True
3158,46e93e0bce1e847f32386fa454d18dfd1379b3e929b2d77f119ed1ba43a571bd,train,True
3159,11ccfff4ce421cc20b9485eac4f6e0a2e2853f9a816aa3f7366ab47711ec2eaa,selection,True
3160,6000b815f0216b4385149d01c66c3bb7479fb72ade2a1ec2199bff971674ec0c,selection,True
3161,e1a3281eeb4ee6e383f20b4186c2524346239a0ba647064d37c45ef533f1c025,final,True
3162,a9cc72f12c62753c38621a68ce23c7b818f65f9e4509d934ba1f8a8b6aaf6def,train,True
3163,0a2bd323a3914b43ab55aaa67d02cf703aeeb60b69c69473230801212390897c,selection,True
3164,844284d5a151748c388d3b0a715528710dfda879294e26716e2c8f3a3d717455,train,True
3165,f46db9804f3a182c38aa7fc00e462c667c4df4c947e603bafe44d12923188466,selection,True
3166,26ae9d18df44ee1c4e937448757ad96ab82c51730631e327825fff941fd3c954,train,True
3167,45cd9e72dc1f68e56aed4b4180a6cca61415cc7cc88b68426dbc5d75340ecb0c,train,True
3168,4c105371e8698ebb30f6ddb22ccc0cc6d046fc7af34272e08995fc838741f2e9,train,True
3169,9b1229e14cc4123ef7235da00fddf6cdbdbee2ba58cf1bcd5531011955c7fe28,train,True
3170,2b07a0df027a68d428d5907b150ed1f35d42396d9e4c14472a7997382d54fc2f,selection,True
3171,236487d6d39337ba6afbcd813b3ee5a8b9c365568f9bcb687207b4134cd32997,final,True
3172,5b44cae916c0765215da29461e9c0f7a03e24625160baa3dafb8c747479f9234,train,True
3173,3d58846dc58ec6b42dc7158de5843c88a74086f410721f95eae1b9f3cae5c8e9,final,True
3174,ba7ea2178c035d83ce1dd66b3284525164319822669c7dacc3ae300e4a162001,train,True
3175,cb6da06bdd27a8d80f986c89f7b1ce00980216599f401ff3882c93b33dec614a,final,True
3176,8dabcddb59fc8c0dbcd788047b52582a4cb74815f32c978914a77f9f6db6be18,train,True
3177,b1cdcdb3776291fed1528b6b05f8a50e5a81250b1be71b08196227d42e2edd75,train,True
3178,b1195a06df18a47e88b3abb3c321000961d0014b6d1f0361949df48015c1bd56,train,True
3179,1f3dd81683263df137193b6363879f550ffe850207c330ba2e961e64af975ee1,train,True
3180,5605334e25e219b905bbca09288fdf8b0b0626be49f2df4bcd955b7a4145e0cd,final,True
3181,d3ff828ead1ef700fbea76966f174c07270e04d42f28c4ea724cd1878e0f24ed,train,True
3182,d9bb8b2710b5eae1db51a6280b2ffd12e8665bf0a020622a23f64d2d51061a79,train,True
3183,55aa8e6233a9888a382247233a687e9c2f442a8730e29019b09d2656d353cf8c,train,True
3184,91d7bde5e357b45fac01fe7a0d17f82ef451b96cc864537950912b895014f629,train,True
3185,a7023fb66a23a856ad736c4f78bfeddc7dd740c288f39aef875a2d9d755c6747,final,True
3186,6933fd957a6545ff2a21c769f8e52dd5c6c81284c3186565bcf15e31f6940b44,selection,True
3187,122e87a50fec3370bf7b44c933b800f76a8ea10b4a4d690af6ce4404affef9fd,train,True
3188,aae34040909b4b231ff598762f6021e1da65e656044c59a13a99a384cfcd6c1c,final,True
3189,fb8972fba17f4bf9e8c74a7fb238e81eb19b68c76ce4f9de763655e1abae3404,train,True
3190,e484a1021fd39f2a4bb198d7bab75f201794885689b053367d8aa2062a6094c0,train,True
3191,08dfba25d2d51ae898bd10a5fb6bcf4282ed60479071cfa2ae71cc7746b9a8c1,final,True
3192,f5bb2d0732aae404fc13c59ca356164aa2582ac353ccb93daba4493ac45c710e,train,True
3193,912535c9fe2159ce6a14dc5176fc126b03160da4f802d2a750a56732dcf63d28,train,True
3194,d1d6ebdce4473fb4bdf64269b969f7f996a91bccb9d31fa693b89f2ea49168d0,final,True
3195,2df89de49cc122ac912dea784aac025093dbd7d29105c6a6bf80a205841c2dd3,train,True
