row_id,group,partition
0,4247266ed3e6245722339170b1a1e39b2226972bffb22f322601f5c8bff4cd38,evaluation
1,e42926619ca8c47e5307bd777c24f49ce8a3331a52e63884a348e324677bfc6a,train
2,3604d506b205ce2dcf2d66b2c91bfcc204bf80abffecb7aa3a76d4f02dcfd7a6,train
3,e74bf94fb59c9bdc979385112e8ec503e3418f342497060e2fbdcd700ef6a955,train
4,e74bf94fb59c9bdc979385112e8ec503e3418f342497060e2fbdcd700ef6a955,train
5,3604d506b205ce2dcf2d66b2c91bfcc204bf80abffecb7aa3a76d4f02dcfd7a6,train
6,f6ba8e7e94e877bf0951497c90f4182406d8666c3e371c96ffee464e2498b5f4,train
7,4247266ed3e6245722339170b1a1e39b2226972bffb22f322601f5c8bff4cd38,evaluation
8,e42926619ca8c47e5307bd777c24f49ce8a3331a52e63884a348e324677bfc6a,train
9,3bb9089a08b626e09726e07db86aa2ed3663776cebbd552b1a760c4cf7e57ff3,train
10,153406b05e85b72c3627460ecc994d2c6a5afe58d8088ca3875edb5ca75ea480,train
11,c1190bc08ef907a0b0e57bd56686c9392190dc187aa3e472bfb3d60939333b29,train
12,1649662e28b0a35d5dc9c721aa916170bcc1da0fb87117abde0b887e24577944,train
13,c0c0dfb8195a1e69683873b216e76ec756563bac3735a4166bc9e3942005d7ff,evaluation
14,50220c6d4a26b5df81de69d40aba523e99862373c65fa45ac5076bc246457a27,evaluation
15,b52623f3a41e38416ecb2e25bc154574f34950aa64891ce4f6bbf73b177af496,train
16,a72867e41da5f035589bd80940d012c6d2c351af898b62341e7120949b47bb97,train
17,488cc31c292c5ea8e3334729a9414d0b9a6a003ded71b07ceacfed489011fcb2,train
18,5e0d82df33277a89bfcf86f588d40a69874faa04a1d6ac037e718a4868446f4c,train
19,ea606bf7d94a699dd01c0119537a538aa977570ec8514dd60a5ecbc15484a1d0,train
20,488cc31c292c5ea8e3334729a9414d0b9a6a003ded71b07ceacfed489011fcb2,train
21,00fa0f6ff900afb07202e7386fecd6387d71a5412f862876ebe736ae63d990b6,train
22,b3082afd111cb68a7834703b2d5512319f40487332457865c156bc49644dc53a,evaluation
23,b4176343f34202a0e683fb4b4c8d269f6fe57bada7906f1c340bd08363ecad08,train
24,cfae1e5e6e2320bbbc03367e578c1c5a7046c5440922aadd2a531a1a1a7dd754,train
25,dbb2fde46f813a56af998b9f011925cdf22d0bdf1695bfa9805be3c3e48cd5eb,evaluation
26,a5a22e8b9c1c8a8bab036941e2fc8b841f68190c093acefc21d251d55333a3c3,selection
27,d16c6acc9da005b29b228e686a1d4305fcb5bc86a25866eaeb0e1388a49c3292,selection
28,e2e0f0dda34271694f8fe6f9ebd2e6084650e056d1b363e6ec9c43d0163dec75,evaluation
29,847c62c158e0d6e3bff4a9df8efd98717072b258c2d573aa5baef03b472821f2,evaluation
30,fe4986d53dd059ec86668ece03b06e7822208552a3fcbe42d6999ced654bfbde,evaluation
31,22d9e1ca8e7c29f76f903792c7f03450bdf25037ea9a18b69cd55af2e5a6683a,train
32,f438414b49d6883b872b7dba4f53a7772679452168d8041f2adc5cb6ecab060e,evaluation
33,345121d5c8a6e50c72ea97f740ede5c39ac114ffbe1c4b1ad68cdf3d364401ac,train
34,2b47efd3e654e03c9a9d107b287739e670a83cc886c57ada64ac2a5931c5267b,train
35,3ad48c232b75355cd765a0d1323a863bb18255d39e5c5d239fbd65107977e473,train
36,d584f2831d70de42ebe9bb74d88ce34b73f0ff26fc9150892ada9e605325773e,evaluation
37,4096bdf3aa6dab8ab0bfaa7a48b3fd4877d37641c81ee8d8234f9d411f2103d2,train
38,59bdc5ad699652c70921a863134ed5d72b95e81b13ae657e6a40c307762b7304,selection
39,59bdc5ad699652c70921a863134ed5d72b95e81b13ae657e6a40c307762b7304,selection
40,3105e5ad30a4baddc47ecf875f5eacae1f95b265949774d392f014dc82ed849b,train
41,ceb8222a712788dcdbbdafe97c6f7ecf0ee0dcda77b7b276e2e5d157ec463ac2,train
42,51066ce08d2ec613235ebbf159fd66ede519903e0cb8e6ccdfcd236f195a7740,evaluation
43,1e3dfff13d70b75e7833683b315db5dc93a46f61360a14a6403e1fa427c496c5,evaluation
44,cdf3905c0c56285141e7745aa6110786583308d9cf505ff9e14d44b305c34c5a,evaluation
45,51f6b3f7afb36395fc665e0e56a26294e9f38de20b90157fd85f60f662d7a04b,evaluation
46,455fba8fb76ad92cd8cb83a41d9187758eea30ca41b5369c9ee15bdfbbb080eb,train
47,adf32ea457f2a65e96891d9c5d320d68bd186eeeda0e6075dce944c46380d477,train
48,51066ce08d2ec613235ebbf159fd66ede519903e0cb8e6ccdfcd236f195a7740,evaluation
49,129937f4f98da28acb177df279cf28cd5da64c458c4d9c8283b40a370cdce6a7,selection
50,0df9990de683d94471a93b45f188d10a2d646b68909750d72e11191fa5473145,train
51,8b804499fccd3b8eb59fb7cdbf0324cfb41de612754e569d71982e2613fe13a8,selection
52,6439d8a45c0d897c2aaf408a8442b73f7823d3d9f15610583cfc3944981305ab,train
53,b99745f1adac939baad3f5b6dc1805b64db5996f2b5fcb88c43b37afdcbdaf26,selection
54,e93f668191bd667792388219ffca5d550c379a70fa3342dbca00c1de95630dae,evaluation
55,905ffc5a9a9fa51c7fc406e741ebebcc8c5b7fd3f64cb7357e1ba4cfbf9bf461,evaluation
56,5cf548054ce09c3f29c20cd361f761937b447b8e7f209479770a391930b9d2b3,evaluation
57,f0b7bd09c3b2aa89e35812e47bb401bdc990f3f989fab7f014bd18e7f522539e,train
58,3b262c9cc89bd6ecdbe3dafe815daa2babbde69da904ca91be23a57074df87f5,evaluation
59,f345e3e20b3510a7396971e598eb3ef0b61ca3d2910637bf0e78b3c14f0d1db1,train
60,05ec5cf07c361b43bc9df82dd3144984508d7b5f7a3f97042772e5ee70ca811a,train
61,f0b7bd09c3b2aa89e35812e47bb401bdc990f3f989fab7f014bd18e7f522539e,train
62,50caadc21718b8e597522c8d5de6b745991c655d6ec7fb7cb88db29bc6e3a695,train
63,3b262c9cc89bd6ecdbe3dafe815daa2babbde69da904ca91be23a57074df87f5,evaluation
64,f44785ce276f2fb456f3fde9216763b50b476187141e717bb2b1b030b315dae4,train
65,77911d4a54ff50a5258a87b4c58c76f76c10bd80b9ae1c5487a855a80df7d414,train
66,a84c890d7e6cd76e40b4794f4e28ee4a4bd931eb33d38617d4bcfda2b264477b,train
67,e7173c29f842033ee94168d8429c56f2a16be05ad9b54b0d4390536506763172,selection
68,40af2c7664af10ba7774f7da1c3f93f26d1e6f6342533878051326f7f4800dc0,train
69,8f021ad93b47a39dd1012641b2605acda593c7c3a9332bd148fc1e154ecb6f59,train
70,7c85e4ff58b6a6f6f9f9852b06eb9b68a45955670772b7ce63f4ea6bc197bf52,train
71,04ba88748ee8bb562b0618a77b07074301185cafd16a55027920b5552a50ad1d,evaluation
72,340099ffb96f7915f3b1f52af1af3ab78bbff19ca9218420e0ed64d04605fd2f,selection
73,b7f0bf83e4c3e794db482a1aaba81f9aafbe1eae34da648aee88fcf50c7a2c2b,selection
74,40af2c7664af10ba7774f7da1c3f93f26d1e6f6342533878051326f7f4800dc0,train
75,8f021ad93b47a39dd1012641b2605acda593c7c3a9332bd148fc1e154ecb6f59,train
76,fbac0b9a84caf50492e17830c8bf9260e20306a8c3e5120071c3455ec0f0cb15,train
77,c874a4aa2bc7781ef103579c06ad1a4b5a8b0ccff930edb775e51ee41ccbfb2e,selection
78,b90a18552c9850e5c74913833393fd03b8ad8f0cf69b17615fa7b9ebcc6c241e,selection
79,7b5fd6deb867d52e5d92fc0dce1fa7b9286ecb6a9fb55893c97412f322ca9b19,evaluation
80,785c328a73f0a77114e9b234c5cd677fd4b46728f0fc89e88406f7d60a5412e0,evaluation
81,fe16fc202e14bb0eb94f9199df5b8c0d0685b9e1e5b42eb17c74e0f88d997bd9,train
82,4f499b8d2b5ddb920ff1e3e03050b054ca834a792be910e6a98d0d111d5aa818,selection
83,33fa2916eb0cf2b1f34d73d0f70e45013bffb00f469984bd1b854e8f87c5aec3,evaluation
84,6a5747c57497aa8195a34e6c7403648b538c153283a96c3c48834018e0fecbb1,train
85,dc1b1c493a739692ceb9458f09b6bb22cb33334d128b3d6cb771f36c8922ba4c,evaluation
86,3554b814d756a307513c4b4a744b5c9ebfa951215bc170b74c610901cdab1ad6,evaluation
87,5a8ab32cfb8e09e7b53e9d30e87ebcc2ae5bef571a38abd6d05f464e2c8717b2,selection
88,6a5747c57497aa8195a34e6c7403648b538c153283a96c3c48834018e0fecbb1,train
89,dc1b1c493a739692ceb9458f09b6bb22cb33334d128b3d6cb771f36c8922ba4c,evaluation
90,3554b814d756a307513c4b4a744b5c9ebfa951215bc170b74c610901cdab1ad6,evaluation
91,0380c6f25551b964a471410d163bcee1c7603eea6f749b32c987f7451704a43b,selection
92,c375b32ceafd46d7daf7de5caa8bd46a783cdabef0625e4db84292b3de6f2e36,train
93,eb3c96550ba51a229a7599805ce3b09ac252a29bb526fc8566cf395e4b2ae4b8,train
94,eefbafa4442103ac18812c32bdbe246d350a08660352aff454e02ae6c77cd231,train
95,81fa2cc431596d295e372f1be87259f0fce32302e7d0a8f6a895ab8f49416cb0,train
96,aab2b10f5f91b289bd7579238850626a3ab3f8e68cd4b30cdbd265d46164a947,train
97,4399a50c9017514263e2f21ece754159661627eb991f6ed6b13c4249322fd8b6,train
98,59477bf18cf3f54a254e47425a42abfd5be997a150b5891646e356df9fd187ad,selection
99,aab2b10f5f91b289bd7579238850626a3ab3f8e68cd4b30cdbd265d46164a947,train
100,1da2749db5553e583a0b40bdc47006a0de7b4ce9a7bb8f7b111349c3298439df,train
101,476dc3988f4404cf81b39275a9b24561fff08ee9fab72563c57d2fd1809e77ca,train
102,56a79d342b4f075e897f81aa21abccbdcf58eb68b6208506028a1942eda8a4af,evaluation
103,61dc71d05e2b95e315447a0a07c0aa95693339039dfea733bb1981b28df5a3d7,train
104,1da2749db5553e583a0b40bdc47006a0de7b4ce9a7bb8f7b111349c3298439df,train
105,355ded2d0c46610f02ed5d89c5cf981cb928888b6129bbdaf5deacc76e1af0fd,train
106,476dc3988f4404cf81b39275a9b24561fff08ee9fab72563c57d2fd1809e77ca,train
107,74a31b145d4e307cdc0cfe10e409587acbb734fe23f16aeb70cbc25fc897996b,train
108,74a31b145d4e307cdc0cfe10e409587acbb734fe23f16aeb70cbc25fc897996b,train
109,e0fc1c34e3ea73f33a1fff207d31e6d2bd384f2516c33c89bc36d70b5c9e117d,evaluation
110,198a5ef78785773eb72b5a4cdbe7635f0ad20e51dd6aef75cca76a0909dc85b0,train
111,17ca39234cd0c7398c45679fd76938ba3f06e5589d3cb0c2ab03683c55e7feb9,selection
112,8ae7c93d9c52836bb9722c17fafa7f6d1290da8698fe35ec0b20dfcc2d3c04c6,selection
113,fa227c52edb26b12e5a49d49b3bd060773bcc21ef6219c4760b84f898bb8c413,train
114,fa227c52edb26b12e5a49d49b3bd060773bcc21ef6219c4760b84f898bb8c413,train
115,091509affe77f0a26c1f57af94813ce4b49b5259de93e7a716551919e9394899,train
116,f44ca9022ff0c324a06bcfbaaa37732101a3f69b55484d3a6cf9d9c1096e8fdc,train
117,d7666a257c9d2eddf0a56cda3839c9a3d66849118361be29ed24cd5e18b5edf3,selection
118,8ae7c93d9c52836bb9722c17fafa7f6d1290da8698fe35ec0b20dfcc2d3c04c6,selection
119,f38e5fca92a3430c1a8e15732dc2805aed136c1d6bcc25cc1ec77e72c75e133c,selection
120,9c2ce4d1bd7f2e0fe06005ef6c7e1007321499837aae0d966e7efb6a491b7fb1,train
121,94bd4db07dcf3047bd448d085182af98f2eca9338f537165cb86142d60dbfc3d,train
122,032c3b32fd95f41f839e65fe74074ff7f48a0cb945c966f42f973cd773bf87c0,train
123,8c41642e4dc75e6ee99635edc0d2911b02e0797370eb5e95bb41a5f96b86ec91,evaluation
124,9ac283290d88b666d0ff8e92b1f18975e389be2bed68d385211347557c6ce892,evaluation
125,04dda4f627058096b86597e46e8abfa5248b74722e582bd7b61f96f8f34ebb0c,evaluation
126,080c97d78919e906a4fabcedceed4fc7becf8a008c8a4d5cadb735734322442e,train
127,ef5f90c17b501a555a77ecb07487a4ae0c83fd4fcadf79fe689c7283476cb3ed,train
128,32debcf68b94759b5c8516c5c4d15845279afb3e8d826a1dad197dee713ffb3a,train
129,257fadc38b0ce53c8f03348124f289342cf093a3931131489369b0411f9d9781,selection
130,4977014114629edb8ef772b904a2b0676bab37e2a36da6cddc30031a69d507c3,evaluation
131,ef5f90c17b501a555a77ecb07487a4ae0c83fd4fcadf79fe689c7283476cb3ed,train
132,026673bfb2130151ecc7eba65dc737c0d0faa467ae0d65d2e88bd8da70a3b6f1,train
133,66f7aa5a48f8090d40a0c8f1a1eaa61edeb257b488e8a9605c3e87cbb73b4010,evaluation
134,45966a683025d55384c5cd79cabc103765c29109b9721260547875f582182d85,train
135,e14f253c1ffb773c44f1ef4034f25a9157c40950a15fa84fa1a34990a5d85b6b,train
136,2d4106c62e08eb0e335864a11214d354c9e19110f9a6e460e7b6c5f7aeee0e3f,train
137,5838f9c935230ec5bc7e415dab7f20946ad639d28de023b83f7fab619d295be1,train
138,81b6eb916633f0fe40443dfbfe14300868158770def43789f8852ea992542a84,train
139,882328aaf916ebd9b864faa9f264e658e683bd2d975b99ec65604cb0f7896a4e,selection
140,c0b402f3a16c5b0d76d973fffc13e1513720387f8766079fca67e36e60907ffe,selection
141,5838f9c935230ec5bc7e415dab7f20946ad639d28de023b83f7fab619d295be1,train
142,26d75e6fd2f7622f0e6bdd1916d9d9b34a1ca1a6aedb577616c25cd0e387bbe6,train
143,7135ba6879df0d9c789f73ab7505fc8859d777eb829143586b5e34a51ba0816f,train
144,84df4792663fac517b470982d23ca9e2791585d72ec3cffdb4ad8c6f988f7ee9,train
145,93d744c15b4472c3cef321feac82dfa55d4913397b3009af4139bd4e70ef6db1,train
146,3cdc1e66f1412a4081cad8a13262ae99c9c29611fd7bef25e5fae6f109b853ab,train
147,25751d94f7483228ca8fb01480965e5cac2706846cd0724017d862cabcd44e90,train
148,b60b1ad4a72ac4bfaf12aeb1776a797e91fbbab949573cca152a1c5e899ae11f,evaluation
149,4efb084ce1ba4ef49e8cfa7aa0d52e43b98831603c59b7f3fd1af999fdd8ca7f,train
150,c2055886786b7a76ec355ed397cea20ecb82b84a32768dc71ab35034f8c67c36,train
151,8afb78f0cf232fc4d24674faeaf09183884051bb1fd2763173aad0ace13baf30,train
152,4efb084ce1ba4ef49e8cfa7aa0d52e43b98831603c59b7f3fd1af999fdd8ca7f,train
153,da9503a0ed30cd13aedbf256af7ca22c0eea9d6ab4fa7214aa74d5d6567af82e,train
154,c8080f183bc9c2a15e52a2b18a9a71acd979b66f1c9aaee9504182537f5ed7f9,evaluation
155,e3b31dd8520cc579cb970eda17c218afda98dba940ece5b9107f3161ad8687f5,selection
156,e3b31dd8520cc579cb970eda17c218afda98dba940ece5b9107f3161ad8687f5,selection
157,1966cd870ec8094eab6031ba6ce95c5cfde5c80ad1be5ad3924eb47f4a90d717,evaluation
158,7396be8b0d8524a3fda2bbab985aa20b75fb804a20704e96595944a21eb8e929,train
159,7396be8b0d8524a3fda2bbab985aa20b75fb804a20704e96595944a21eb8e929,train
160,1966cd870ec8094eab6031ba6ce95c5cfde5c80ad1be5ad3924eb47f4a90d717,evaluation
161,f14c0f3835fd9423590e11114d92e778e2e0144e1f432f1b427215fc55cfadfa,train
162,2bd489103bad9c9a6f3321e984c18297d4069cd233c02b042a470e363ae8ba6f,train
163,e3b31dd8520cc579cb970eda17c218afda98dba940ece5b9107f3161ad8687f5,selection
164,504a29787e280bdb0bc4dafd79f2bdd36b5861febdbd3a6336170458f1f598c9,train
165,7a0e33e250bcf86b0f510b63701058ccfe3f0c6ca072c7a89447f5d15f0ed67f,train
166,e4d2e5536962f43cd55547d63544e5f3cf2e4e83c6527dab0c06901469189bbb,train
167,8beb1cecf0e566fdadd2f2dfebd19ebab61f03599e762f83d3221292aee3d00a,train
168,449f6c44297b0bd715211b1536a84ddabac5821454a87d474cb851336134d046,train
169,4dae5ac4f1263a38b876248b59a2552e7e30b4304afd7aad2dabb685da433a8a,train
170,5dd10386e8e92e520f648aa25c921c1569f690c6081423c6f102904001e58f2c,train
171,f0be935ef7dfbb8174cec9d764cd0eb189320f9f850f8f4136e9c7b1b0be370f,selection
172,3c019995fde416b5fb7bf2937dd6e71e6d7b4f0258f21805371653aac187db0b,selection
173,540872f8023e80cf6b9fc14ccb14399386497de6926bb808a7aff862e008c173,selection
174,c9e7cdaedc43455836aaf622e621b5e146a851f71ad36ceeca2c2bf8ef1c8ec0,selection
175,1c47aced0752b91716d67a7f6912e838820cd6f2026d5b2a7b70f6bfe9a8a754,train
176,74370ea6f28388a5d65b8275a4b9aa910d0b8044784da82836487254b8b02efb,train
177,426fcdbf420d5d48d084dd8f3f2e7dc2f25643d0cec9e2662615bcbcd1b006ea,selection
178,becef4f0e282555fe35df81f457afcff3f343d6209c2a8604c9747e216758e4a,selection
179,e7aa4fdc6e232cb5677ab956ddccbff3c4c28941ac2cf2e1651c76f635633e92,train
180,c938b8f3382902f1d6003e731c4ac784bd41868dbd27c1fddd1fc69d69ce7034,evaluation
181,1f13fb2afb2fc7e7da212db717d4e859333ba904486a6ce9547c88b683cea779,selection
182,3a40de186cf197b51da456834593c1120e45f01b122d5741b48aa1962ba832dc,train
183,b91d4c6f7b1d3727b2d3bc955cd7e9116ae2cf22a27fe1e53f3f3667776fcda2,train
184,8acddce5cbde4ad73fd9373c0fc754e3a619b941c1d24b01d21cb7078b6f665c,selection
185,39c2157a87658ad75312394c5d8f3477f03e7884db4414afd397f031994ca4ab,train
186,94a60958fbac3ae21d70c21df53d716052dd1b66b6eb8df2c0713184da467412,evaluation
187,7b1c85e26c622bb04ba1b7cd6709036813eeb9b76c00382444cece307785f608,evaluation
188,4a8bddab2ec4409d3dcc426ca83062c38d7a3670363c5f698bfb3057e3caa757,train
189,864f070702b43cc98b4ae6eec17b82a62c02451956381a62f258466fc5a38688,evaluation
190,fe90c621d0a40425db02cfc28522af57b32a56359cebfab6d6fce7094ac1822e,train
191,3a40de186cf197b51da456834593c1120e45f01b122d5741b48aa1962ba832dc,train
192,2382e146fe131a7ff64403a55414cb589ef096fe5a8f4007ce66820c25758553,selection
193,dce676d5e7fc9efe100a581d9e1497c6921a51c36c887f1d6e97b41985c46879,evaluation
194,69c54789bdb9b69ad42fae7d17ef0ff7c902fecf0fdc8443c936431582fadd7b,train
195,f49c57acc678b801c9fdcc849fc48dcc4416d7e7f813d7db2f79a443f69ed1fb,selection
196,1fed49c1e03bb80b44529fdaab041a6a798096defa9e296021b05a68983b343e,train
197,a30a75dc7ceff6d9c5a91a5492bd9c9edaaa9eb8d6c5a9f058545e34c308b985,train
198,72e82e8369edad305dd129e5827d40cb2ec171cdd4b595f4b7e2ac98fca8f129,train
199,a30a75dc7ceff6d9c5a91a5492bd9c9edaaa9eb8d6c5a9f058545e34c308b985,train
200,2f614fa52641912eadc5fe60e60326f8a3635d4c9cdf1a57f769dd84105d73a5,selection
201,72e82e8369edad305dd129e5827d40cb2ec171cdd4b595f4b7e2ac98fca8f129,train
202,5ed61088c1cbc8588cb378a45f71b2c761f1e8496e16ecae5f87b87a9e3cb84b,train
203,69e0a4bd8a6103f2296b04b238b269c98426391ee0d2aabdf15b16fa56cf9caa,train
204,2b589972e604c3d08c5d247285522ead23bf6338428e000a1e365a06904a4636,train
205,4252515db773e1c5087db6128f4d5d10345de38b01e73b4b3ae64443ca614e5a,selection
206,713d06192ed87d189cd2ec9d9fc1e132877ff47e027cdbbcfd248f53dd7b9951,selection
207,a8dccb8453dae02f22e67ec1f05c9578a5168a0e7001818302ee96ca70d9821f,evaluation
208,65168288c6bef27682b79ace42d27d611d2d43ae88449f45295e47bf6212fc41,selection
209,d159ec5963de32555fa76b314b19cf9bf9caffecec76be4d412f474f3564cb26,train
210,ee05eed1d4643f8160e01759fcc327201161a81d2b799fbb8dd9e533ad9ef8a2,train
211,ab05a2760a1f5286bbf93538b50ce4a51f474da50d381ce1782e7def05565d06,train
212,713d06192ed87d189cd2ec9d9fc1e132877ff47e027cdbbcfd248f53dd7b9951,selection
213,8fd72c552641eba67ca44fdb8ac01d837e4a31c82b83ae8cb517969aa5e2d5d7,evaluation
214,8ec9f4b478a5b087ae7fbab576a30eec1911ab22b1b52e4ccb08d2dc9d0d771e,evaluation
215,58688a10f660f8bd9169ef33b2533f97a4d81903fada0bfa5104b93dddbcdd5b,train
216,39b85fc12e14d2bec96260bdc6614e95f8a7be68d159a47c2ae87c74dcf21e36,train
217,58688a10f660f8bd9169ef33b2533f97a4d81903fada0bfa5104b93dddbcdd5b,train
218,4956a1dd1c381b873e6740fcaac31adc0d9310f50b367a3937efe834136cb50b,selection
219,db67c169af75eb1fa36e085b0668de64a0179642a95c3c58f6d5f1b4db6de543,train
220,39b85fc12e14d2bec96260bdc6614e95f8a7be68d159a47c2ae87c74dcf21e36,train
221,52f3aacdc17aa018667c22e96dfaccd6ffa30f0d217cd9baf13b58f5081fb4eb,train
222,8ec9f4b478a5b087ae7fbab576a30eec1911ab22b1b52e4ccb08d2dc9d0d771e,evaluation
223,0302eebc1a4abaaef942b5042081321bace7043eef28443f2174b71af06a26b6,train
224,27b6f6b57c94c7abc173b85e2916abc32114de016f2b524f3668cf95a4a88a0d,train
225,11b92f9c9fe19b3c501b8d7bad555721ce2ba342d1827eff2e7bc07fab836603,train
226,8e73037942b79a9bbd1626a9ad6f691d77e587a4679c3921d78171396aab1e75,train
227,f292b76e5cf9a5379622cfb3b49fe89d8450d93bb31ba5deebd60ef04aaf70a5,train
228,8e73037942b79a9bbd1626a9ad6f691d77e587a4679c3921d78171396aab1e75,train
229,11b92f9c9fe19b3c501b8d7bad555721ce2ba342d1827eff2e7bc07fab836603,train
230,64f1877dfbc883ca619fda1d7164d47f846bbeea20c0dc1c4e2807ea1758d937,selection
231,a46f98de066a69ab0c7613317dad6280525e4b3eb6247c46ef0c5f083545517b,train
232,8dcd2591de3109734af0eb5330b9cf909f3ee0eccd5299480ed65c6dce4ef6d1,evaluation
233,89d5d61d6f4edcdebaf8d83b408844dd21b514b6f63fb54d7620057b64bc3958,train
234,89d5d61d6f4edcdebaf8d83b408844dd21b514b6f63fb54d7620057b64bc3958,train
235,89d5d61d6f4edcdebaf8d83b408844dd21b514b6f63fb54d7620057b64bc3958,train
236,89d5d61d6f4edcdebaf8d83b408844dd21b514b6f63fb54d7620057b64bc3958,train
237,e4767c044f2e236c56055135d6d7702a90bc9f0556eae5b12baf250a12a28d11,train
238,1a818274d1b1015f84c21254e2bacebe448b25e69865ab520e8ead3ba8fe9159,selection
239,13bba0cc5a498d6edbb0dcdb4c30188e667347b7b75ceb84f1ed4355ccb1272a,evaluation
240,d1f68b30d32b6276d60621d94966d11d30bbf8898f42f500a91e3634dda309ab,train
241,0bf0fd39a12f522b6e82ea06508b595306926e9f9c4c2166f6cad6bbbd956874,evaluation
242,5409a5ae9134a1f1af40dbfa3ad2d3779f1d9df8b541c645e28f6bbc093ee3bc,evaluation
243,6b985b7f6cefe3d8cd37ca0e3cc3e8895573c784e6dd382579aa3526ba951441,evaluation
244,785d5b84480211b4db298b3a44e3ca61cfc52c613da7967396c07fa5683ef802,selection
245,81170ae9872dff228733d907b6bc83fe376f90af8953d8998ac463fda478a509,selection
246,f8ac7045a430583cd6311853c8ae81f57a697d80183b4bad92dab592664b2891,train
247,886128f0d19c237e72645421482008e58e500221300db167fefb384365369f60,selection
248,da5ed86d9a5a6db74669e680c7cd0ef7c53db4822b2a0404fc55da2d4fe19aa6,train
249,32d88ba1dac097dde7252e70fdd9ba09612b2f4c56138d221efb3d9f82a573fe,train
250,afc1e553fcb6183d24aa6cf0e76a38313462b71e60b07a7459d727320ccf84e6,train
251,6ccfbcd3f37e3e73b7b1cba60a3b0061892e7ca87cc931045f7bca8b90b8ae21,selection
252,785d5b84480211b4db298b3a44e3ca61cfc52c613da7967396c07fa5683ef802,selection
253,2bef3385514b92dfa59907f725a83804e5803e15d6aa190f2ed490a89b3afecb,train
254,5c0c25ec118f1b15da41343b98ac03f124df8ba5efbcfda47bd1fa31a00d1a1f,train
255,8b3931a839deb3991d61681e80e4836475f79cf9ade2608dc5ac8956da89a549,train
256,5f780c77d9516dc0e6ae401ce3d9de5c76383fc237cc04b7a045d91755319dea,train
257,5f780c77d9516dc0e6ae401ce3d9de5c76383fc237cc04b7a045d91755319dea,train
258,ca2a88ceedcfa1ce319a0b340fa60e2f0deeb3929930314d58859d2531b67832,evaluation
259,c58d9200eb38803117446062fca89ac3ddfa64bbe59c5c6efd0017ab38e255a3,train
260,cc81dcf365b89f63453859d8c977af1e929d2d7107b9facde7e84d4438eb03bd,selection
261,83ee5433e3d8d47063620d95518e840de6c553afaf7fe93a07e301221b0ea120,train
262,a905aa7dc54c9d91f139d3c3b1f3f2d0344242fe285bcaa2c741f24b244ac272,evaluation
263,7d5f3eac801ce46c879b54b045455c37f73277789b7bf49fdc35d8b13a7375b1,selection
264,d09244f4eda34815f9711ed5c7336fa1c5b72c6763a8aad1d426903f2cdc5eeb,train
265,83ee5433e3d8d47063620d95518e840de6c553afaf7fe93a07e301221b0ea120,train
266,422d60b7df0c19be04e43b59d8fc9f1ad3d718f7776148a7bf254adce19cc96c,train
267,510d366763757dd72ca494ae602dfe7c1c8c2d384d46b31ab44ac80cc05ad413,train
268,65e4ec8a6194b3aae078a5680641d14eb12fbfa5b83172610de95d4c8f2cce65,train
269,110d2292b0d394d19e43d88571e1cea768362e7b85ba08e2c4b9fade106a0120,train
270,422d60b7df0c19be04e43b59d8fc9f1ad3d718f7776148a7bf254adce19cc96c,train
271,48ff48f76c4f93b7103329a1c97157bfa021633dec161c507f0afbc5678d36bf,train
272,d5ba5e83c852d383a155851f5b64223618fe9fc385fddc613b56d002d582b78c,evaluation
273,a6ff490174f95bc76c2f0a2e0684a081797f6dba349fd563a004f35b64a5feb4,train
274,700681f7a74157e28830209d232dc66761c5c6dd97ec670f12592c13e2d96782,train
275,d23a22b7f35764974695567525601551eb0c390ded061a23d087da153c9a69de,selection
276,f3c590c5f231ebad46c6af0587d4491ad524bd10c7dff73392feda5e86cc6ef3,evaluation
277,affed9bfe7f570b0a6bbed5f708a425b090948137f02df0adc1006fd59fced8e,selection
278,04c6500247db2ff83175be500c123de3c04246638817d0ebc19c7cbbb7d4d59d,train
279,3ffd429548df8d244df02f861be88f197d2b1340aa768d55752f671d47ec003e,train
280,0172af8fd0f5d380f158a0ee398b20f07dceb620a4a911760614126b6be4d1af,selection
281,f0de0c132cdfc79e2d101601f1525d0725c390131d2af3d0aa40240fb466907f,evaluation
282,7b4792bb7d1806b5ad7ecfd7c1d8e5705eacd3908e47f07800e8ac4d7724f66c,train
283,f053112329e68e4342b4ae539325085d5de0a7b0281027d9bcb1fe04fa63d30b,evaluation
284,e1a3e2d38127f3d2e338af54b3e1af8f470d13cd90dc2cb18b01474822bfe764,train
285,0091e07f14c0975a71ce712a6d8a321894132050768af977fc99f436baefb480,train
286,aa43d70798292e8cfc340945753f0176e4848d182695697558897095138d47ce,evaluation
287,b0747ef50708706809c8841403df8ba321e1fc4ff8aeb281680344054e66991b,train
288,b0747ef50708706809c8841403df8ba321e1fc4ff8aeb281680344054e66991b,train
289,b0747ef50708706809c8841403df8ba321e1fc4ff8aeb281680344054e66991b,train
290,b0747ef50708706809c8841403df8ba321e1fc4ff8aeb281680344054e66991b,train
291,394ccd965d417b982d4c226a852aae5805e8275d0226a6501211fb95af4fbce7,train
292,2507da596045400a786f5c1ffe47995e3648993ef0fb6b65d1564b56b67ad931,evaluation
293,6d84baf91533d612c39d61894ba4606a6186c35adf93b3f0637714b41319a80c,selection
294,b99e2ed047609d0a13ac94d903eda28896751499db08898d17f2f33000d5fdb2,train
295,4d6a9eb3c3d0078d0338a2856e70ab5cd06e6bd5709ff913c0b499178ccf4001,train
296,78736a3a8a9ff3c57f7c882bdab8dcfdfcddd6bbea8dcf470e82b26393501427,train
297,e13fb2de3b66b8fa63e74be9f92d79394e2c54d1fd4bb1cbe3b78dd6af57911e,selection
298,a838bce43bbe4a94b8994089adf79a4041a2bfed4c5e78ae7d49676fe883013b,evaluation
299,c2407ddd174534793565cfd1a5eb9084a4dcaeb82f65b41ac6495ede4402d824,selection
300,823413f411f5263540b3c0cc70ba455f44e9faec56b80117b21dc38e830a513b,train
301,3d02850af53b95f3eea98272f6770647465c8f32428393dcbe9d4ebd1b81d19a,selection
302,823413f411f5263540b3c0cc70ba455f44e9faec56b80117b21dc38e830a513b,train
303,5bce839b2613897c756cbdc6f804bdcadb78d693e580956c9237b22fcf0bb72d,train
304,55ee8c790704da507976977460fb0bd5fcdfc4031dbd94f3d65c31a69f9be09d,evaluation
305,55ee8c790704da507976977460fb0bd5fcdfc4031dbd94f3d65c31a69f9be09d,evaluation
306,23bbd31fd52c92d35819a7f47fb9779c3aafdd9a67311cc4589de968fe542af7,train
307,fa3156e3343647a1eede82a0374f0f2a00c3007b47b3be5afbf363a6dfa325a7,train
308,1d8b59945c988f9f592db45579551b9a4976585c4b660b379a5716c8cb410854,train
309,a9c69476088dfd8229fdfb46c1eec267e67b55314da1122c75a1b98f02571200,train
310,5bd968d333659637dc5f426494ca47d5cc56e0ca74dec6fd5c232614a7f2cc6a,train
311,515d65a3e31f1fa1c227d88929049ad2bb80f01b41a9e0fd79e1ef074ba2b75f,selection
312,aa2bc5ed930735632e3b8dbac22de6bca5dbdfc073528188c4240b755c2d7bf1,selection
313,605e442d226277404547d69514a02c0a5961286472c3500613dd676298c773f3,train
314,904825a3e88e5544eaa2878ecd62aafc5f302cecdca7c725ef4cb43295c695ab,train
315,919579cba76e376a8148ffe347e45324c37683115b13db580da05f1599afed57,train
316,e5a7de6f7505f3cc3f52f0e9216c3c14cd169dbd55742f4c128c11d0a66cb68a,train
317,a83053b17ea7ddd3e21c178be0bd8e6ddba1b40f21b8ea2a6774b67bf0602f5c,selection
318,52ffb2395b8716c44f5ebbfe517bf65c18173c296ebb48c7a556f3c9fd8965fd,train
319,dfc0a89beb93942430a950073e7e6e4cc2ffe16ea4be73309a0f030fa489f8c4,train
320,760f40a6f6c600c3069a6647f1ee1872864655ee3ce2b0d6805e70b2f5e45b33,train
321,a83053b17ea7ddd3e21c178be0bd8e6ddba1b40f21b8ea2a6774b67bf0602f5c,selection
322,e5a7de6f7505f3cc3f52f0e9216c3c14cd169dbd55742f4c128c11d0a66cb68a,train
323,1d4f402822220b9a9d647e77dd26655b9c771e5405ffa10aa5be1b45742aa476,train
324,f0058af13806efdddcb5fca16bdbf16f8301dea80ea4650c90d3de30ae8b4406,selection
325,583bbbdc65493bb1e09dbab751c658bb1f60641445df4d8db886283a4b14f862,selection
326,5cf1ae06aeabf135855abd5ff804263eb435838be84bac2090ec457a7e68732b,selection
327,5116a4dfca67f5abb3aae8ee5f64816ab0d97958180a1860e551ee5fd5834f67,train
328,d7f932841449331329103be51ac5c2f5e2c373a945993bbd3299f5ca1c6d8e52,train
329,0d24b18d1a56a667f177d024bb049aa6c658c30c5d3c0ee010067990581b71ac,evaluation
330,7642d7c9525906955e3a5d43ef0ada55a84ffb5c64608227bc82ee3954ddc8af,train
331,b52b0012507e3db2261cfae5d74f6cff43fd023d59b2abb2f97db66012bb3a3a,train
332,a2febb0ba70394479c62556fbba7a1a2121cf3efe051e76cf9d042a72fb22589,train
333,b6ed749f07eeca7327bbf116cad492782210620e05e681d4d1a5d2a01e96f4e5,train
334,03a7caf0a0c304f86f13bc4d87825e6d492690614a0540d54d4388d1e51bee73,evaluation
335,a2febb0ba70394479c62556fbba7a1a2121cf3efe051e76cf9d042a72fb22589,train
336,45543575230b9635c8712b923879ce986dc787b6dbc6588b00b4e4a90f6a42fc,evaluation
337,abf13527cd6d16db8da893213d3172bc7a85924468211ad11aaf68ce0509d72e,evaluation
338,f47fbf378d71e89c6d28e82dadaee48750e85db0aac8e86d9642c98dd6d18fa6,train
339,05b4ec584fe35b675bda1b8752074eb1f218cfd8f97967f28f0879f1414582be,train
340,ae24542c3b11ea33cf6ae88141a97de435f7aa2f37f050d31b157ca1f58090cf,train
341,8cb55038f78a7ac8f371f4f0dd6e921deeaf557d2292910fbd9de99bb7564c9a,evaluation
342,26217a608c45fba2c8f7d394357bfe546f5e6f579756f0816172083bf83eb477,train
343,53ed970d10be39c84058ee892a84deca3623ff1bbd311a6156e06715c4e4f5e8,train
344,e24330347a36b56a42e130d89619d17f6dc3c7526470ee2a62add7d288d9b070,train
345,f0eeb4300b6703dd94fd0a2e2fdfdbe583601574b60d91be73224c6a6aa7a715,train
346,6eb9ee8928ae2949bcf8fcb95707844cc82cd6972c1e1fd39a33975a5ba0c42b,train
347,c1ec83b60e3ebabba251f77bc994a14c94289da4f66fa4b65f8c2e4fff814927,evaluation
348,d3dd84f711b20c762c46c293ec5bb6709d934fce8b4b790b1724b5050f6cd887,selection
349,8dd2fe419a8b60c7e06c4fe86762c5fae35e564029485fa0fff38f37161d8156,train
350,503b5ea4d1dcb03376a067b2d567a9912182f18b0ab8a8487f802ed5a7833ea3,train
351,e1b77c5a3d3a232587703a1a88b8f8fd42318ca5e5d313f2b846430b2edf0c6e,train
352,5fb13e789275d9d76e94b5d793c86dec79d2a6c4c115c3212a3a9c9bc2b379c6,evaluation
353,e1b77c5a3d3a232587703a1a88b8f8fd42318ca5e5d313f2b846430b2edf0c6e,train
354,05bd0e3827cfc56ecf3e1a8d589d40e44dc819f226f132fb190a4473354c472a,evaluation
355,ce538e58b0ea2e756c72a7c0f6ffe2fb140ece8e939e0a823ea6d64f4edaeae4,train
356,ce538e58b0ea2e756c72a7c0f6ffe2fb140ece8e939e0a823ea6d64f4edaeae4,train
357,9bdda73bdd6ba6a84162aecfb5e16ff87cb7bf34ad898614714cb7c549c47d11,selection
358,5f71dd2b7151a69c5b3e615354db041fb81f2f1c4345a186052adcbe30bc4824,train
359,25f54db2c6744f1cc31d56a5ae4555371240f166d0a5e9a77905c50a18e92a22,selection
360,7d9e261de15da049667f4b125aacf3ec4c64efcbeeeeba9559dbbcc1b14feca3,selection
361,2e040383e00ab76bb9a4791069af8b300b437ca006f97803f93e7b1ec5c89cb8,train
362,3f2b16ceb751fc71f9bc6e02021f1cfd059f50e932c8a62a673bfbb5e96aaee9,evaluation
363,ce538e58b0ea2e756c72a7c0f6ffe2fb140ece8e939e0a823ea6d64f4edaeae4,train
364,4a4ad7f01f407925da4c55e4acb1f7c72f27054c3f3d569c00d02c9818766b54,train
365,39cc380eae9488548119fc4c72b0287ce5f6cb4e81d6d75cb5808cd2d4988685,selection
366,388841cbbaa6f40f4697ceea5dd488749899ae34674f2cef2d077d63e755a9ef,evaluation
367,0bcac8e53b46b6cbdf43adb69c162566899cb746f1c0fde2b0d066974c351713,train
368,4340dc7264bbc082b0aa137b2bacfe47e3e3f8c43b4be215810d1179554d5af0,train
369,08acc883d99360e6576733239fb27309f1908f5a2bcf05372f23410154aaa231,train
370,0bcac8e53b46b6cbdf43adb69c162566899cb746f1c0fde2b0d066974c351713,train
371,4340dc7264bbc082b0aa137b2bacfe47e3e3f8c43b4be215810d1179554d5af0,train
372,7d83ad03ae2f6a01c1c398d4a9a1be4dde9cb28fe1ac6ced3807d7896ad7561d,selection
373,8eb35e645e3ef213d0d34eaf7e84273f6c5a5f6564bc78e1282be368a9588fd7,selection
374,04b6c90253ffcc3ddcf5d55d9b3215e166f5e4ba2c3ade00c99602d8df503fee,train
375,04b6c90253ffcc3ddcf5d55d9b3215e166f5e4ba2c3ade00c99602d8df503fee,train
376,aa00c882102651655b72cbd6d3a2d503a0f07405f527fa15d44cb42120a4aff7,evaluation
377,7a15d32b63c668d4bbf7be8d49d0d285af7b6563d5478f5c35a3a2edc5d34ecd,evaluation
378,10ecf6539b5296081364b557469308245716996bb349de807c5dfcaf3e6ef387,train
379,aa00c882102651655b72cbd6d3a2d503a0f07405f527fa15d44cb42120a4aff7,evaluation
380,7a15d32b63c668d4bbf7be8d49d0d285af7b6563d5478f5c35a3a2edc5d34ecd,evaluation
381,6d2fd98fc35eb42476c8251be8acae592ca57fdaa1aaa2d05f6ff1e7457506cc,evaluation
382,f7c370ec0e688f8a2e755341e269cefd05234a959521be787e490d974037218a,train
383,8eb35e645e3ef213d0d34eaf7e84273f6c5a5f6564bc78e1282be368a9588fd7,selection
384,66eeb9f559c643f01d297fe896a265e73fcf1ba5bcae397a46b96cfd4b0f5018,train
385,04b6c90253ffcc3ddcf5d55d9b3215e166f5e4ba2c3ade00c99602d8df503fee,train
386,9ea12d6e4f159c7e70e05eb9ca03cba0aec36450f6f709c8b885145d5c46a942,selection
387,8fa277cf8b124d3a45e63672247bfc5126e10c53ba244f8e00adc5c3e805f26b,train
388,6826b9de30a49e6c9d56623e160fa43fed1a80d107e793fa76f01edc6d01236e,train
389,48d4c10598387936e20a010d9cd06d2cadcaede2dc819fd3da6c231fc7d1be48,train
390,48d4c10598387936e20a010d9cd06d2cadcaede2dc819fd3da6c231fc7d1be48,train
391,b936a072357a7398b42baa27e12185ca90d604db8042556061ddcbfe599fe61b,train
392,0d2e86c1f4eac519302ba78eb43a3643a966b4e35f0f8e3fcc28567c0015044f,train
393,49b90a2fa96d6741306ac1ed273a01992201bb56e954e0383b5853b52eb17976,train
394,a0a027425ad51da632cb9a062d9cbcc564dc515a32de99df1374d8bec3e1c348,train
395,03d31958acf4b93ca3c59c60139a609da0ce9b012701b2dec25cef18c5395f93,train
396,92f69ff8d27ef213d55d69ec100bf7060d6dafc3bd68d8492d1bc6ec73b24646,train
397,e3d310f684cc9fa48639a5a02dac528aaf7b678bd4cd1dcac1ced68935af1d09,train
398,66ae23d3357fa78c93edd36258f8416fd807cb5f9a87e3f384f3d32425309e92,selection
399,8e162487b61df1bd913ca9e2393674e8206bf14f1edfb6422bbda8747a9c0de9,evaluation
400,e3d310f684cc9fa48639a5a02dac528aaf7b678bd4cd1dcac1ced68935af1d09,train
401,a0a027425ad51da632cb9a062d9cbcc564dc515a32de99df1374d8bec3e1c348,train
402,016369cbbc316c4573c98cb1c6c23cf2bbd5d2b4556393906139c824eca5976f,evaluation
403,38ab9b42dc21de6638e918a6672791fa55261c51034c903d847d56da6deca853,train
404,990028ce256f6ef7abc80c1d849d6bfa54452eb8c7895f633bc789f8e1ec3051,evaluation
405,03d31958acf4b93ca3c59c60139a609da0ce9b012701b2dec25cef18c5395f93,train
406,7af05ae30641430cd7f860f62e87d18b8d2f16aca1fd396fe042206d0b0a644e,selection
407,cdf07c0f425d8d0d4fdc9be63075093523715dfd625da482af54b16c91d37772,evaluation
408,157be25817e14dc73a3c0c74d065a0dae3c1f075eab302faa8ecca71e7ca572f,train
409,92f69ff8d27ef213d55d69ec100bf7060d6dafc3bd68d8492d1bc6ec73b24646,train
410,1113775b8d3c10258646c48a9034f594bae86b5e123892b63547e64aa7e446f9,evaluation
411,aa9f55c3a8303d16fd75ec62b2eb03453d6561fba2e06db8f3e6587d3a8ae991,selection
412,4892e30ad92f85f13c5a66f8b6a1f8d46f4860b0640eb4f26469a8e99dbf0323,train
413,4892e30ad92f85f13c5a66f8b6a1f8d46f4860b0640eb4f26469a8e99dbf0323,train
414,1113775b8d3c10258646c48a9034f594bae86b5e123892b63547e64aa7e446f9,evaluation
415,aa9f55c3a8303d16fd75ec62b2eb03453d6561fba2e06db8f3e6587d3a8ae991,selection
416,e4834712015cd9b31f701f5073d68a6fb87752664682716d588b7fac170bcfec,train
417,ef11263a7c77668a85c800bb9481321748d02449d970485037b068b6d07c61fd,evaluation
418,e4834712015cd9b31f701f5073d68a6fb87752664682716d588b7fac170bcfec,train
419,59e411e64f0431d76273887e1732700fe31ddd7b4882f70662ae4567647e68ef,train
420,cf3425137e83e9d7f24956624ad952a7303c009e3931768a634528fdf141be37,train
421,fa1adc69a5734acb81cc3cabbda036933ac7deadf866b060c4efa4b9ce2f5b31,train
422,9836ba8240c1316468ab3563a76a8a694c26a1b64922a707c7b2edb1515c2fa0,train
423,9836ba8240c1316468ab3563a76a8a694c26a1b64922a707c7b2edb1515c2fa0,train
424,5eb568913f13267d90644493fb53463c35e50eb1ae49fbac4e93cb869bf58fd3,train
425,fa1adc69a5734acb81cc3cabbda036933ac7deadf866b060c4efa4b9ce2f5b31,train
426,9836ba8240c1316468ab3563a76a8a694c26a1b64922a707c7b2edb1515c2fa0,train
427,44709ec44c1c2e53f24f2371fee08f7d5c4896883435d317f0649f3d7ef1331f,train
428,cd2cba6b8e21d2d1e3a4ae218fbf6ee7dcb99fc2702118d4826f0a6eb4f17de4,selection
429,b90f4d7665c51650bbc7472fa2162444268d1a93583bc980cf39a5548aa30507,train
430,44709ec44c1c2e53f24f2371fee08f7d5c4896883435d317f0649f3d7ef1331f,train
431,5172d017bf7fcf5653727ac4aaeab0679b39181c12aff57088ac87dffae30350,evaluation
432,477f3def887c323da7b60bcd932dca81ddaf614fb9d7225b07183d99f90e29f8,selection
433,991712f2af5b88466f1f4b0e7b2297c863b6837869a774c58190c3e5a46f6753,train
434,9d47e6fea4e8b4425ba8cb1ca3905715ee4c0c0feec68f9f4b307c482b483b53,selection
435,e2256f54fa39be9baa59ec553a4d10a18ad30e0912886a5910cafa97b1bf0486,selection
436,b70060d59c2e87af0c89f2ce06684a3035a314795c176f7fad9dfe5d75a763c5,train
437,b79d07b6058848aab1acbe241fc1b4f6bef78b0d2421fa428bfea1d2d23cf5d1,selection
438,477f3def887c323da7b60bcd932dca81ddaf614fb9d7225b07183d99f90e29f8,selection
439,7296f736b5d2b4e52edf4f889b17b5ac66f042495ab85efcb93925fd4bc7ee24,evaluation
440,c53f5e2ae0caed17d7eeb61875b36c748e7ab5b5de4911170779c80f28dc75da,evaluation
441,207d1eda1a1a941e9ed29b44e190ac4dfc44f05b085e01f69e7072273acdfe67,train
442,19cf9b2ae8db2fa189aad8131ff2322b8e1e0af68756ca85b10b4b0d5babeba5,train
443,609b2c79e49c90dbb16fb891f1de3c3e5a0fe206476a9f22e544f2ccc72a4f79,train
444,a8fa799c85df700314da5fa8eee271a7100076fbc2500dd2438f502409758652,train
445,41bd50658531b4fd126646cb081e4bbc4c178d1e59892e71330bb83e24380067,train
446,c10b4076fa6e0b88dc8e87bf7aff222aae90318c0a7346c220e5704e6d1d8e3e,train
447,140bbd6794bf4d9e32295dbea387e9b149ba5fa62149c9e2a24a94fd08369978,selection
448,140bbd6794bf4d9e32295dbea387e9b149ba5fa62149c9e2a24a94fd08369978,selection
449,06743b5cbc306d2974766f60e0b10ebafae94ba134219799fd8484aeaf023f5d,selection
450,008bea7eff13a0a310a8148aa59638cf0a24a300d135c0e4e27de016dfea2217,train
451,b36631feaeed74b19d56a47bc89875945aac5949c7b950d3faacacc363881717,train
452,535c3499e6c11f7399633fd93c41aa235e43dbf269195e3c701c4adafd91844c,selection
453,c058333fd45a8f9d19e1ca11ba07acf9400cf86687ff774d7a29429dc9c8569c,selection
454,06743b5cbc306d2974766f60e0b10ebafae94ba134219799fd8484aeaf023f5d,selection
455,ab91c51fd0ee25e03904706fa7afa25b8badae42bb80cfc2fe537eabf40edbe3,train
456,6758dc1ee04d904907fb5e384544aee8a6e4e15d7db283126613c986a7f67e0d,train
457,85586317cb3203266242f1c60d770f5b66ffd2459d0bbf19731f52b3b38751c9,evaluation
458,7355dc8f4c8662eeaa547b50c1836c28186d2edfe5846554185b128a9a6f1669,train
459,58f323b11e52538ff00815ef5e1122ba73f3b8c364179cd74ad3ae2969afbffa,selection
460,85586317cb3203266242f1c60d770f5b66ffd2459d0bbf19731f52b3b38751c9,evaluation
461,d25e50c0a053e0afaf9c7d445aaf0f8e0b2cbcbfb9b7b5f770377d76327ddef0,train
462,e44cc31b5e0de78ef78816bb4a1940121e9bdf1488638e22bf2712f01c4f1002,evaluation
463,8352e79fb2c7211cd667810c7c9d76bbc27629863fb8766dc979b5726ee59474,evaluation
464,6ffb9af73b52ae001f4709fd74d12253b34a0b445161558aea26cba61a377a56,evaluation
465,3c0fabecff48e647da2fa208fff04537964aa2e4d30cd831a429c06a8f5d8bf1,train
466,6b968973348ead0f5be96cc47b67fe27b97a0dc2c3ea62d9645be784ef6d4891,train
467,8352e79fb2c7211cd667810c7c9d76bbc27629863fb8766dc979b5726ee59474,evaluation
468,6ffb9af73b52ae001f4709fd74d12253b34a0b445161558aea26cba61a377a56,evaluation
469,17825c1ec719e8d443bab37d20562ae2d4526c6723df6a2df093a9fc1b565ed1,evaluation
470,f13c30d22352fa40194151762bd54c943a3904003558f8ef93602404d7a1270f,evaluation
471,3f30276b2f891c7db4ae09448c4114db4967aff072b5bfbe277c6e1a0fdbd3f0,selection
472,8e301a0c8470a1372614869cc2f17993f830dbce48234825f925a8386d301fc7,train
473,1f87062594c8116483f116959db81da3bfef2e6b85d3973963eec7cd8b44fa7f,train
474,daf5dedf9a4aa344f18b0df253ca81c348c5a2822c6bb1b6851131b2f258844c,evaluation
475,1da971e4e88c180744ae38f745673379502bd5dc3da140accbb98f080b56d13d,train
476,2ecbb728d2ce93544dc34b56cfdd27419de7b07edbbe63dd43890f725323f0d2,train
477,bacd4b538d73f13d6f486e958a491409e21e358e5f63425ba6d4b1ba0fd3be72,evaluation
478,57ee5ee4aeb6f39282a7a8e17edf8574d54f8db474cfed0061e2ee355437839b,evaluation
479,f6b60df857c3436894db1bf285f2d9c3a860f068cce8ac83c413416f0e783e7e,evaluation
480,9e86d229e027c113b0cfa2d314bc2247880c5854952164862c70462ec9943dfe,train
481,1c16278fcc67f271ed0db807ade1e35bbb539b127ca55a91e9c2f0b22e566266,train
482,120ee9c9f38789e6eb19dc7914fbc70345abadde302ca949e3b4a73febf15d28,evaluation
483,9e86d229e027c113b0cfa2d314bc2247880c5854952164862c70462ec9943dfe,train
484,7d598fc16c63e4ca35c28e8af888bbffa9d1b3d55d88d17c1ceab38cfa52e798,evaluation
485,0fbea7f672d0d6ca499bcc608778fd03fd2d66373289cdc7e79d4e86dae55b54,evaluation
486,6185043b66ede30deb2db7750d1a253ce8e4a8cda6f2807d48b4c6b2a4a0256e,selection
487,05dbb8b66c5bc1a95147883adc555dbac8bed422740ab190d410e07f351b8ac0,evaluation
488,298d00c5d001933f456b503d806ad8c02f1dcac5ba9afa1ed3f1771f640e0fbe,train
489,d97a848dd376293e65ca02c05dca0b738d851fc2fc367a8a00a0aad88c1c568c,train
490,345a59fee1b3a2cafeef4317e30dc501194d283c33043c8892536fc449446f09,selection
491,a605de1aea491f25de9076b62dd51f7bd0c7f237105696929ecef2f253c64fae,train
492,2dfacb97801096fec3bc068d71176435fe025a5556cf369cbc77b1d0f9622ce1,selection
493,1458189fe5ebd1182c81b11904909b1fcf130aec80bd85e680184e9ae00d7041,evaluation
494,ac39109feb5bb8a29f958a80f0bd7708643aa468387bd088e1564cee63c8f1a5,evaluation
495,6f38680603220b9aa1ed5359e192e083de8cb46246f1ad30a0bd57ec738b4004,selection
496,e676659312876978a69cdc43ab85763e8c4481b7d29b43c0cc1ea132fa32b2c8,selection
497,420b5a0efe244708c9d497b9b6321cb8b32959487a8d3c9b047ad892a411de03,train
498,fc68649e2094b168f0a1e2847a4cdb4579555b021a1a0cb9101c5e9108beac7b,train
499,e676659312876978a69cdc43ab85763e8c4481b7d29b43c0cc1ea132fa32b2c8,selection
500,bbb8ab00cf68634ba2ebe01236d7431498ab61b484a4e276df32ea01d0ccc03b,train
501,5f820dd93e993ecfcfa4a63c072db0e67bf29692982f658f4f5a68741284bcb8,evaluation
502,e4e0385b0b1e7c13dba2762edb43c12da1fed89e4f785ff9424e888a35d8a6fa,selection
503,6b0f28d450f4a4b344c754b8ddd9bc0d13f8d9b7db0281afb591a379b8d42914,train
504,3fae8bac1bbba6246d746dab06cac5c723af340aba23b4f838972168b9d41376,train
505,3fae8bac1bbba6246d746dab06cac5c723af340aba23b4f838972168b9d41376,train
506,b5be53af50608654b6cee1382729f75dc0b7da930bce8a9174207ae7b7fea2f5,train
507,00d5d42f48504486a4132bf5bc64168b6e87d2d48b56d93f439f508067df2aba,train
508,44421fda6e4995162e10004697874465d0efbbc605cad03feea2fcff50fe7a38,evaluation
509,00d5d42f48504486a4132bf5bc64168b6e87d2d48b56d93f439f508067df2aba,train
510,a1863147c461910b96a291966ae17d763915f44cdd769869ba315588f905eb51,selection
511,194572a69ca5b259e49bc2aa7ce7cb2d84bc7acf350d6cae44614c18c78d6c10,evaluation
512,7b1c3fef23f2389dd2bf22dbf9f91dfe4e3297fd251e0f39b86c49fe5349bd61,selection
513,a2a881a8eb0f86d0cf251fd51e25fc660771f49ca23e1808608e72e6d251678d,selection
514,75ff61b959166006e76e93f90ba3ae93e8fa0f46045643505226bf214595bc5d,selection
515,abf9f1f5a91529ec5e272777562ef94a7105cc8721ca79ac56a41afc864c8e32,train
516,277ef03b7959bcfe5420092541875e1159a5a95decdf373fea4283b9ee4647a1,train
517,70d0d3ffdc3476f0e12b45202aa1e8b1af74b96cffca873f1854f4514991dca9,evaluation
518,e7dafd12723faa2ab0d8901fe52b1857707125524468e7378a9887e997299dd7,train
519,fa2c5a990937200df68a39932e52cef81fc4fc06dc86037e2ce63f5fbd76dc7a,train
520,c45664b27287e1393d401877ac0a9871c2451884386305b2c20fbe9e53156dd1,selection
521,c45664b27287e1393d401877ac0a9871c2451884386305b2c20fbe9e53156dd1,selection
522,bda6b914a0c8faa08eea8958c94c762a206b7b2721b0f3695a25e06d254cfe77,selection
523,7809a851d80bb49f1b8aa49422e8e5dc65d4cee138690dd3e9f29b0b17e35371,train
524,10e0cc3b8ba30fdc35704f40c064306b704830e705ffcfd02b12320b565d4b45,train
525,04f1fb6aed686d2f264ba13eb3ee1c54c41d074c85724e06cc5e78e54b5747fa,evaluation
526,fe77eb6f6cd58502a53aa53294256e941cd1b0d6f12c77e48e3499c37c44d343,train
527,37281ce89e94a99fedf61d2e2c88d0ff748773babefd24a89e19f25e297c2520,selection
528,dfd3863f16417c8d7358161c6b45e49e10f05700c9955781f5ac25678f95dd1e,train
529,d8a2973c44ae631111c7be561145fa1fe2237a605e7435ce1c9a686bca7f1a15,train
530,ea47bffda7d54ce16dab5677cb80324fc8ce66d9cae0cf6cc15752b4309d63ed,evaluation
531,bdf24f64ff69c435e76162b8c8671604541aea6578a29eb1638fd1f93ecd3f0b,train
532,179591df748599bc6cb563a50f4bd16b28ec579cecfe42a504058bebfcc831a9,selection
533,179591df748599bc6cb563a50f4bd16b28ec579cecfe42a504058bebfcc831a9,selection
534,179591df748599bc6cb563a50f4bd16b28ec579cecfe42a504058bebfcc831a9,selection
535,882a8ef162081a86de579313156709c37328d372f2fe535baa0e573488ed57c6,selection
536,882a8ef162081a86de579313156709c37328d372f2fe535baa0e573488ed57c6,selection
537,179591df748599bc6cb563a50f4bd16b28ec579cecfe42a504058bebfcc831a9,selection
538,a0d6f7aea06ff303f6139e2b78468c2eec29a61223953dd874a4c3329b777c32,train
539,c9997032f49585c5bdc65b4dce10fa45e6d9357c25115edc8d0a29e92c08d9e8,selection
540,a7832d3a2cc26135a6f49730c0cafb99521f2508393e6f09b4ae573b158676a0,train
541,a05b9feccacc05e5cbc3a05cb80b5d02fbdab76cd47c77d25f482029f943f1cc,train
542,524b404dbe2cee018bc817894e7e13f9dbea7aa071ea43412b6ccbfc0192515d,train
543,eadf8bf2c5866f0fbd423a049fb1b48ffbcd1338cc0a132f28f1a9e84f990ad9,evaluation
544,e231bacfe972280521bd8f351ea234d5ea014880dee63408ed7e44f13445695c,train
545,11f37152bfde69a87021463694d8ba89901b4f059d2ab31c87d432e50ccff95d,train
546,de005940bd485be0d93abf6d4f2c74c64fb89152b8776050a539ce130dbb7f61,train
547,81a697827589ea838d7bb53e55c39ebaca5d02afc987444fa5dff4c113e13db2,train
548,455bdfac19e2f28a2f11b7455077e05ac36836b548acbd8ea64dc47590455ca8,evaluation
549,a05b9feccacc05e5cbc3a05cb80b5d02fbdab76cd47c77d25f482029f943f1cc,train
550,8b2f6230eb97b40b1ab59971036e17dc2047054a29a10c9f67cb7e6a8bd6cd96,selection
551,8f6923399ce11dc5dbdde312a92adf58923dd51295c7fbb391eb172e58cc1254,selection
552,846e9b975e541237bf5d71eaed5e24c4b2cab42264bc7e7f52451bafe08bfc1e,selection
553,8b2f6230eb97b40b1ab59971036e17dc2047054a29a10c9f67cb7e6a8bd6cd96,selection
554,846e9b975e541237bf5d71eaed5e24c4b2cab42264bc7e7f52451bafe08bfc1e,selection
555,8f6923399ce11dc5dbdde312a92adf58923dd51295c7fbb391eb172e58cc1254,selection
556,f4be5b5b3d2d2d74b36483dc8803708c8d5a4b9d0e9236473d44f31eac270625,evaluation
557,964d79a80cc83e28cb16e8a4e8711c25e2443b574f47cc1a9eef6f78a55b2f80,train
558,e6c5853a860578463ebd0192182e134d2e57add034682d0ae6bfdb5640a70ab9,train
559,f7fa3b2fcba48258bc253e7bdcfd4a210052945241b2fec10aae3728ec75a71e,train
560,a09e40c2531cdb9e3ec357c382edaa57a190f752c25d636bd47622bf46988c0e,train
561,39dd79171cf1a9a8ebee219dae1cdcf244fd4884ba7b3eea1f3419882f9e6097,train
562,6431d45e5e92a602a743d9e596347f77a0e66a06968f135cc5a8903a8d84335b,evaluation
563,a7e446dc433cf78bb30560089f1506149e3a33613dd405dce807cc6e639aed27,train
564,2789dde114258c1f2e95d9d0c4ba35331612ef2b78eeb3460c57bc2a688b5d02,evaluation
565,0a8945cd41a10077c6d43930658fdc1b94722dca05cb7bef9f1938f6c900943c,selection
566,97e28e3f70810f50dc00c9dbd56681fb77050aa9a59f30a6873341e622291aa5,train
567,245129c3c3f4aca0e6fd9d576323aafbc70defc2fc67d54cbb925d84fae9b96f,selection
568,ae3c33ca1677ee8f624e12890de71d6254d85511568356e27eb4ab8d87c37083,train
569,d0297a5f741e27845f31b3675f341f53c5f314676ffcf913eb5d14f89755dd80,train
570,d78f4669a6b966e9382c72114b019a6363269341a428c108a36944c3b70ede3c,train
571,eeb074a7a1365563114b2b375e4db302901d5a1b8f83f036460ad70941d8897c,selection
572,e020b6e4e95a70060909366d94c615c716200d67d963b3131ee86849ada58e36,train
573,824e6976184981da586234104354d751e2ebaa8f7d41fc457efc54995aa6b33d,selection
574,26d21e9679e64647c17c0b481f82ab0285086ee29e79b075dd212bd5053a99d3,train
575,f70acdb19641353cc575278d7ec0b16ae296ca07e98695034380d404eb396978,train
576,999e59fc6009a11d146732f9d4374021fcb6591adfe2439079140748897c320a,train
577,d4cbe509c223e494c1fc3241fca985662b0474ffc90e47f42fa6eb02a5413697,train
578,eeb074a7a1365563114b2b375e4db302901d5a1b8f83f036460ad70941d8897c,selection
579,d0ba564548a4369a6abe321eeebd0575da8e8453918eecf885fee9c8bf5d99ab,train
580,d78f4669a6b966e9382c72114b019a6363269341a428c108a36944c3b70ede3c,train
581,de946244c464fddb9d554611d000799c3b7e3ed26fdb6e85ec9d6fb43edb88c4,evaluation
582,db73b9a9c7c2b851370e7a58436404c7947f725c534a242e72199a84c7d6c122,train
583,1294038e1b770b894ecb473c7f4115a35a80a08b64c3c5f8492db278454be661,train
584,578b5bbcdc36efbafd7fdb3420f2d4c151770c32bd4e308de552da52b5d9c533,train
585,1294038e1b770b894ecb473c7f4115a35a80a08b64c3c5f8492db278454be661,train
586,fa9882c3b9a1864619296540646e2c1a9830da34128f8b9c47cde95b182526ea,evaluation
587,8943fee987a4d29b632756485dffe32dae5174110838bc31403779008a5695ee,train
588,1b1c0c6c4257edf659fd0a70cf4da50a1659bf73caa4841429700228b6d469a3,train
589,4bea981fbf246e1de5735c0c566c9411fd5bd53bc1c75ed3155f8d91ea47ed6e,selection
590,15880277cced8dbd36867b98459850cfb03d04cdca3655df99bb5e89030f2f4a,train
591,e56e47e78b3a0a1106a99b5f1470c02e6f7cb8116da922520cc736bc6654ca16,train
592,089f83d3565dfa1691ca892ddab2de4e8f7e754304888813ab14e50757a26ff9,selection
593,58af73effcc808afebd4bfa50267d7062826b6d51c78daca8868a809ee859a52,evaluation
594,fefa420270772bac7b369549cbc5b82b07a1149068926c4dd49e797a4c23646e,train
595,8074ffdcc71eb4e99c2291bf0c8eec6f0b8dc20bc939be0ff039bbe0764dc702,train
596,089f83d3565dfa1691ca892ddab2de4e8f7e754304888813ab14e50757a26ff9,selection
597,21c5597e7c65b95c4d7dc9ec7a43188e7c31ca5b40129ce031626e91b507ebda,train
598,a999b944e16e1c6f68ec1e41bcbe385a324af26c1ddad043c4e71f4d41bd477e,evaluation
599,2620d42a64313d985fd94707f05eb00789a9ae82fbf92fbfcc8fd8bc9a623fb3,selection
600,0a36a304c9986c6710efde3c3774b6812c87b5b711e9ab7e90c5cb0bf43f423d,train
601,2ddef7c340d25ca146831666a6546d31416e3e1c13458f21e8dbf3463df4bd6a,evaluation
602,58af73effcc808afebd4bfa50267d7062826b6d51c78daca8868a809ee859a52,evaluation
603,fefa420270772bac7b369549cbc5b82b07a1149068926c4dd49e797a4c23646e,train
604,01901fd3dd133c5a51f01abdb34e69e92c0da228950f85e3d250ce6b08efb6f4,selection
605,01901fd3dd133c5a51f01abdb34e69e92c0da228950f85e3d250ce6b08efb6f4,selection
606,4d0409fde9f43a571e0fc858ac508c9f35c834623a33b848823e64ad31653d2c,train
607,4d0409fde9f43a571e0fc858ac508c9f35c834623a33b848823e64ad31653d2c,train
608,611aa96110e2b05dc5c5938014285fa87ef30e6bdb2ad49a68802b44f5457aa1,train
609,4d71ccc380c88fcfca6cf4a5a340da473d6e70c11dce27764eedf29297a5fb27,selection
610,fa76157e43c6daf0879e9af2675af76b6dae51f53a49b7672b1cf18015e9a37b,train
611,9ce04fb5b1391df6c329ff0003f4f5934a28399d38616891141b8565a6656dc6,train
612,c0ea54897cbc89328ecbd8d6d9749ea380cf97420278f88ce2d6296dcd4fee1c,selection
613,f2acaeb0d4481b6c655d0f79dbbbc6ece6e21eb0f725b5314c9d7b15ac2cdec8,train
614,f2acaeb0d4481b6c655d0f79dbbbc6ece6e21eb0f725b5314c9d7b15ac2cdec8,train
615,c0ea54897cbc89328ecbd8d6d9749ea380cf97420278f88ce2d6296dcd4fee1c,selection
616,739e7f5fb31761f035233c973aa6ee9e7d6363a7d4dc901ca0f056be18c9800a,train
617,729fe0f1fc8e0eabdf9c4e20b8e8e5df674ebe5466b9ce36174e85f4055dec58,train
618,bf798b0df06586ca5d0fd4b7310d77cd687cebb8acf501f8f5a199fd6d0b7633,train
619,d5ede1626589470914a73b792beff2cbfcc846f4f92c2bb5747b8986ffe55aa6,selection
620,ef56bebfc90d7b25a41ef1adc302f9127bb298795f643b4fe47f5316de1aa475,train
621,7d499e87855b910b799f37fbda0c67c148dc4bb1265ec4f4b33068432e6b8630,selection
622,1c5d30782a2eb6b0f6bedb93037b34bcf5ef6341f65980112a6381d5a350b077,selection
623,b50b422dbc86efe086e5c56e9b3937579a11c4bd804c47a1f8fb6109fefc6a34,train
624,9b68ce23d53aa8ad36a9026f58b156e0877057515bb0f7e5edb77b02e2788ec4,evaluation
625,13c1de0a7e8784e9c9ba80eae259d7eb7ce46317e3435b03008f21aad2dd006b,train
626,4eee9dd9836bf0549a89440dcd7ea7f9b14a23973a152b0ae8d192d5c7d614a5,train
627,35fa63dea94588de9c88d3f7791aed9f8b8b97c08fe3be38f0768552713b1d39,train
628,35fa63dea94588de9c88d3f7791aed9f8b8b97c08fe3be38f0768552713b1d39,train
629,d36762b8d3aa086a90f7fccfea258e0ca03e29d0921f94e62fd2735362704b57,train
630,62bf860786c1f3c475b0ee639144a26c0d7e4e042b787833058dc5ae00652019,train
631,62bf860786c1f3c475b0ee639144a26c0d7e4e042b787833058dc5ae00652019,train
632,5f88286cd83ca5edc96e3dee69a649d2442f3ba39acd27ee67f5ab2fefd0e8a2,train
633,cf7a2e20fb6accdaaf661d1ae6d1767c35dcd75ad73fe24fd67663c368a3a05f,train
634,2e4dc03882da82b48b9ac9ca5de505208b21bce43363051a9044c1c5023e9e2e,evaluation
635,c3dcd881738f13ea27dddec5891d5f1b1c502a300a197834b66588d399494ae0,train
636,9e8707ca89f2ce273f9c3eb0e86e90d52d70af57a7de883621ab2c37f7056dde,selection
637,28b8a9891e95360145be5c71b9b03da4faeb23e21cc3bcd8bb791a2a88f8f9d7,evaluation
638,741c44d2cee000a60ba748dbefc648005574ce403ae6bd97c196d6548b61fb81,train
639,78255288aa80e7bfb967aff89800e26b55502b1b696ebbf99c7b3ae220451eba,train
640,6be4cdb31e4319dfdae8db425f677b70a3d617dc01aba8fffbe1a4df8602eb87,train
641,1c7e2e59da685ad14609b3958db3f97bd015cb72ab4fcf73bf6c35f4b7efcea4,selection
642,7ed6bb10189505a370e7bb2e11d3be5c1cb3625fa5fe77cff8c5168e76810bcf,train
643,d245f8622c2729061dc61836a8c57f0c2a1f6994d67cccc4023b97dcc5f968e8,evaluation
644,ae7e5500c835ddb4605623ea6ab67bd1f970fd11a1f374b487046260c914c8bb,selection
645,0dac33661db4fa8fbf3ac8a31630409f001961122eea22123f188d7986d03b53,selection
646,1d4f1e9f9fd10be771cbfb373a2f8d6db1460390c28db4650d9ec924faf8f8f6,evaluation
647,8d64210c43cc6e9e5191e654c3fe9ed20646bc4087ecfed748c968434e01f4be,selection
648,63f3bd75341c3b8ba61cb0ff0465f4e356701f4c4ee32e9a993908a4c60a9f08,selection
649,46705a52d761ce75fdc64c8f39125456309dff684679dcbe5ca684b68e261a17,train
650,46705a52d761ce75fdc64c8f39125456309dff684679dcbe5ca684b68e261a17,train
651,46705a52d761ce75fdc64c8f39125456309dff684679dcbe5ca684b68e261a17,train
652,46705a52d761ce75fdc64c8f39125456309dff684679dcbe5ca684b68e261a17,train
653,09f22b53d4292c524e358b162a1a931920b3a9dba1740961988678860e53f016,evaluation
654,aa2dcb42a249e072c1156db176afd7574942c5cfdd98e2aa74c772a169401da0,train
655,9fe4148d6373c1bb42628fb6372a9e5c9d10584500b4671c73359b534cfb3691,train
656,e2e34a3e715481cda59cd111f2bc273bf8df367543d9a68e84545d68118d5b59,evaluation
657,a680731e125d1f1492a51b61791a5bac86af0bd8ab68e67d73aef245b432245f,train
658,d258fb7971d616aff82903f3e9ea8ef678f1070213063155b7148a0a2fd8e4b5,train
659,6b9b37d6e2a33383450ec803218f350aeb88b2f61f37bdd62d446ca58466e9a4,train
660,3a1965cc385ec64e49278f4c6a3e964dc7a9042525725b991d14f5eed94c3f25,train
661,dd54606f280f277153226276169e57a4e5cef0eb9d4901496892325a9932f60e,evaluation
662,fcc11cb1562bd7afee28ae19ae5629d2250c861b1b74fc9d835a19793f052343,train
663,3a1965cc385ec64e49278f4c6a3e964dc7a9042525725b991d14f5eed94c3f25,train
664,7c2dea5183f4d007152c0d41c7ffbf4277e9fdb234be66f3c15608964e2e2426,train
665,baa2a39fcfa7de2fac6dfe77d8652d8a7f4ea6a6a8becd354400c4b67b670cf8,selection
666,1273791dc47da8735455ba4779859e0830cd96d3e910abf6fd6f833db63207cd,train
667,7c2dea5183f4d007152c0d41c7ffbf4277e9fdb234be66f3c15608964e2e2426,train
668,dc73970fcb7971a222bf7aa3944386bea19a911136ba8cc81c507147395b8a33,train
669,fcd1e402133a604f50126057ce906d7adce1a6956b7c4f4e211155ad63b9a32c,train
670,36af35c7e98526e2f153214226b5409669e9e759029abc24119207e5188a726f,train
671,59fe31e6618e2d3ed5fddcd225019fcf1df6c5dc01b45275a12632ce31c251b5,selection
672,5dcf28064b9255f5c4089841bdd12d6011ac74bd48ced81991d9b48b151e160f,train
673,1df4e9e310c54fec00adcaed489c855e2ccbc0ce2d5cb5fb87edfe06f15d920a,evaluation
674,5434e123c4784bc364268df879a3ee14e2379b6829f70098b884901a1a7866e0,train
675,0847535b4bcf76470e00061af354f6ceba1c6bc536d3ad6c7d3bafa4ad09175d,train
676,e45e04e8a8682e42333f7b3cf1a732064fe08d0238201fb90506be9edafd5abb,train
677,19b65b88c874e7072da96deaac04528828b2c244daa3d9f1bb05a7a442055c5c,train
678,19b65b88c874e7072da96deaac04528828b2c244daa3d9f1bb05a7a442055c5c,train
679,2247a6869e1c0eb2a6525a3b482605b1775558f592c2c30e06336af5f1b4b10d,train
680,41601cbeafddbd0db35ebf7cf33c3de6ed8b3ab4362de40a07bfceb56ba14861,train
681,49b95a323caf33b0f9999a507a856cb238f13c18215eb09c40164d6524cf6090,evaluation
682,7d5172a69fa95a92d67995a87cef5d49713b856a1ca58977a1898abb33d62cc6,train
683,f918d198c6641d138308799bced2170ac62841ca72fb95ad6a89f2c255477309,train
684,dbabbf2c1257d78f92e81573d91047d149fb7b5e4842919214e77ffc021fe178,selection
685,8e0ea35d61c2e42681a78513bd7c5ffc1e3f3542cf551ed59693a4e1056be8a6,train
686,4ab5e989b6bcab4cdf9a7b13bc9693845be1c7a168337b9f442ca9e6fd0e0609,train
687,ac731bf29e41aef349c51bc9997a892161f8296e906df7f23352501f2acfed00,train
688,a1df82016198a785fa6093024547e42a2dd6d92ac9eebc796085b99b15e88950,selection
689,23ea9625d0c7683f5afc4581bc96af7e37e0ff9757ac403a045e11481580131c,train
690,96f8cb27f077e2a0a98a92a7c870b58a18a73351a65de424d7d5a25e5105221e,evaluation
691,5fe9d53a25054955e85729d2c49a825fbb56b99e66ef5bfd5dac0ab5fa8994c6,selection
692,219abc10460160e552a9606f57950ddca1271a68841abd141f7e4d2840a6e59c,train
693,041cc933876e30140969f3f8f995f259e676ccf5eb05693b9055db12d2294fec,train
694,4188e43842cedd4666fe9019e51827a780cf38d80f7988c7fe3807bd5638a927,train
695,69b22a61bb2139582e3da540f05667c60dd1456ab8a3a6756a767298a0d9147e,train
696,cf5ada9251f4435cadaa39d159ce362e6ef54c830f487432c87444b9403e9d38,evaluation
697,8b95056329f82784c9c88547a19faa23dc40d86e89e4bc7ce34684a71d0c8976,train
698,8b95056329f82784c9c88547a19faa23dc40d86e89e4bc7ce34684a71d0c8976,train
699,8fe31e869fc27a0a0b9503f02b9a1f4cb8af53841a9729361b50bcc74e067f7f,selection
700,c89d467fef68f79cd6aaeaeb9b0befe7db1d371e74bc65db86d2b0aff568b9f1,train
701,96b36cfbcc077cf20c05e12eeb4873278f8f79883ace208b8961ffa67a2d7240,train
702,98f63a103adf51e938ecd502bc0f3b5aeef3e4ab515a87475ad8d44a0a8fcb62,evaluation
703,e1a2fd91ff2d5730b3b04f1d5bd8c822fce1341ec11a18920fb3bbc631b95cb1,train
704,433592f20f29c019f8d4828ddefe0a74f2792e4702eef9f5a728abb78b819e3c,train
705,50cacd8027b1681fd42716f43f689ff0f83f7f8bd359ea70f0e8bd5c7c69b6ca,train
706,923eb00ed292e80b63bf466c142caa9fbb5303ec0d4ea95cfdee242279f8ff4e,evaluation
707,54a78e45b59fd168c3b28a1ed69ce3f953c6e9f6e94a5bc7ce08e71061d6768f,train
708,83df59a614877833862af066e5e163ef892822887ad80b78892c80c606748553,train
709,f6a836fd3f846ff98499756fd5f0d0dc41c344ff5b53369cf571fed9b038d123,train
710,207cdaaeedd907770b2f9494166822f858594ba580453b0353f91a2b6e7d86e8,train
711,32842deab639db53911f74a637733cd22ba33f692eefd978a0a6759c01006df7,evaluation
712,32842deab639db53911f74a637733cd22ba33f692eefd978a0a6759c01006df7,evaluation
713,216b79b041a567831b53ac25feff75285cfec2d01ea825f57a1c381b454347dc,train
714,136a592777d324735e23234e8e15e337e27e99673f8f9f15dd224bcc2fa77a81,evaluation
715,efb1136da398c892758a0daf9a38d8b2b5a154389a979526c8625bcc625fef10,train
716,a12775f6114d84ebd03d7f53e47b9ea0573bf508c4c3767fcaa43655ba37bac5,selection
717,5247f44ab46b11dec5189a34a6363274e016e5c1085c0ee726b7943c2ef7a709,train
718,efb1136da398c892758a0daf9a38d8b2b5a154389a979526c8625bcc625fef10,train
719,686bc0aaf7c132c18c19b2b66670c54d4d8db91089146fdb771afb5096257b46,evaluation
720,f4f93b633b68b558b4c43e5513f15865b978a48ab4b82449b2471e5c3e442179,train
721,33a77a2e9b23d8fcd555b95239558625b66b1b31dd35f141ff0850b00a82b67e,evaluation
722,108cf909a194b2cdb15d77317290456074860c38e4e1b18fa9fefed112010ff7,train
723,91904b2bb42e33f895499267f38d853d3af76f1f4f1ce62edd0dfb6dd779cc9e,train
724,ba2ccc042a291363a4f33d214bf4a926d62a1d33afcacc1f83d381b1a0d13468,train
725,f711d5e164b6edb522d4f991244537fff31b426790c8efb0505fb957e1e0ff58,train
726,11f98c507381cb579581ea0c42cee46f9b88e8236e0eee3ec984e7bbe15b4dc6,train
727,de558633901d7b8ece75046499ca794624516f22cb789cd7316f0f1384cf88db,train
728,f4e8615c78010980d50fe7584e37a5ba140c7ec1e3762ebfdce58ae2c1320c53,train
729,05fb52994828cca1a727e994c4eada05814223c278027ec1820a83dd003b1829,selection
730,331b8c8fd878bd3655e97f9556fb4eccc65978871a3e126f4f939100265ad192,train
731,39d8aa7c2974d215aadf86a2bb2008695dac61d108ddcfd4a7d13ef6e1aa9131,train
732,584cbca536cdf96d2644ca4e83690be7a3fb0c36004ca49f76ad9f17fc9e44c8,train
733,dcf7fef588ae1a254196a1886139198ad64446ec961eb64532a2accc2007dc87,selection
734,b560c484797a31f4f3e0d7a6333a3c3afa8f11810b084f422f64578704a96962,train
735,a39b64f981e85833647d7cf35c29635673138a224c34e49e4529e4105743395f,train
736,dcf7fef588ae1a254196a1886139198ad64446ec961eb64532a2accc2007dc87,selection
737,b560c484797a31f4f3e0d7a6333a3c3afa8f11810b084f422f64578704a96962,train
738,aa22417b6d957dd82022357a5fc721e94aaeb97536ec9b1b0c66893fddadca4f,evaluation
739,a39b64f981e85833647d7cf35c29635673138a224c34e49e4529e4105743395f,train
740,a22436d0a2d5bb718728aa229ac4e43db4ecb890336491f4e395151b8fe7c620,train
741,171ea1ce301489d770ab3bdbb9b5be896669418671760bc473ea82eb44ee43a2,train
742,f5264160fa7ba2646b0973a9088667e223edbd181541f071a0b0d41c56bbe645,selection
743,b6585a80d8864e77fd8aae5fcd882188e99bd5db508bfaac366540edf5beb78f,train
744,15a8ae6486cdeafe331646c4b40afd19796548c7bce4ab639f1cc04f6a115039,train
745,6b5f6b4d6088b6d8bcb28bd69da340abbaf3fcf40b00a9c5cdb2bba5fc080d37,evaluation
746,15cc831785d56d8aed41ef4594ba116e3aa034f7c30cc2b219ad354b8533491b,evaluation
747,a1f8f62a7bb6573d4be1e4a84f2458a8662be24eddce8f3a220567aa6c05dec9,train
748,a558f8bc101dd83d40e79e96fcf010d18a792b52c48945ffd91cd2e99680d017,evaluation
749,585fc7ca2849fe998a0dcb711ed9090fb0c164140dc559ba32d075a91ee9d73c,train
750,a1f8f62a7bb6573d4be1e4a84f2458a8662be24eddce8f3a220567aa6c05dec9,train
751,025ffe85abc86a34815266c4f47ab15c19fcf2110437e7734d7fa57d5ccbf23a,train
752,74542f146b02647945db9da933473a64729c2a161cf2cbfec79e94a7e76101ab,train
753,15cc831785d56d8aed41ef4594ba116e3aa034f7c30cc2b219ad354b8533491b,evaluation
754,fe8ee0532367a96e9a8f35813ca242ffcd27834a5addd46b7101a617d1ab6029,selection
755,04bf59981f1dd955167414babdba13cde75cb61ed6bbb09f0127176851aec9af,selection
756,788fdf3d3a2b59eaf0dd6d1f0f5e56ca134237c403c69621076581f47ef5d1d7,evaluation
757,5af23b6fe151ce1b1982f3e45b3f518473cf199826e3932b91dc1bf7e0756094,train
758,00eaacc53975f364dc541533ba4b28e90f2bdff2286d67cc8d4d21e2e279a848,train
759,960672556167e501a5e0b537b4e118972aad31ead8af7e581f48d5eadaf60f05,evaluation
760,a558f8bc101dd83d40e79e96fcf010d18a792b52c48945ffd91cd2e99680d017,evaluation
761,789b28d0647638c0ba426257372dcb81ca60ff57ee3587e6085ca387342efb1e,evaluation
762,2ddf462bc0aa9e9ce7c8be8fc3d137603139cca6daa835ca57437b1fffa58c6d,evaluation
763,c4bc033c0cf93be6e4a8ca6228d684f6010d1e10afdf47266f57465134617a18,train
764,e84fd282f48351a53b8b9127b8a6af35cfa622b3641d17ea67f7b227daeaa247,evaluation
765,aa50c92b5ee0202f5641ff4fadc2b22726d57ba1c637f672707dafe1232be655,evaluation
766,a82bd88feec9622ab4cf401cffa0356b25ba9b3443cd7955f910cdb0ced39ec2,train
767,b29a45ad130868b3e73d816441ee6678ee0db7283a8721e396c17ae10aa345c8,evaluation
768,8a508c5b50fc02138df45c2a95d7df7ae46ffcc9a2e2a6cc15b00bab72ddaabd,train
769,8a508c5b50fc02138df45c2a95d7df7ae46ffcc9a2e2a6cc15b00bab72ddaabd,train
770,236a6102b50dad5b5b3958e45b74d7e28e98998685d75b822aabaef367daad42,train
771,dd0fbcf313bc2fb9b6d662de72007c357eda7496b383253cfeb1f669944e0a30,train
772,ad0edf33e37eee82afcf6f2410360a9082804466e8b31efe23ed752dc886d495,selection
773,07f011afb1e851926ed1027692fc7d5342a8f178873bd081dc7b963fa1ece8fc,train
774,6b936ba1e45f1c6fe24acd7631f6c85d62f6782d1e26eebdf21721baee215d4b,selection
775,6f417f15708f36737e4fd846a0000514735045c4cc03ef6d56118ef632e389f5,evaluation
776,af6ccc0a3ff5b88720876478533348283945a062a9bfca5b73c01c14f0d495c6,train
777,2c92ef86ed56e0622dda6b549eef81862311db184e63de11ccd4478ab0e6442c,train
778,a05b6b62752d725cf1b35a3c6b8e2444552ca8255496984c3ed0d2375b67ad60,train
779,d26e03d23903597e2404416e6c7da2fa6c94ff468ace6d7320281b31533cb475,train
780,65008ea7d562af9bd5c8118bffc92b6822ef556a4a44d09a20f6d5764f54ae7c,evaluation
781,4afda9c670eb31cf12b4d04e7dcccec62f1d2c1c238f4f12a7850c32ab77ed1f,train
782,a05b6b62752d725cf1b35a3c6b8e2444552ca8255496984c3ed0d2375b67ad60,train
783,d26e03d23903597e2404416e6c7da2fa6c94ff468ace6d7320281b31533cb475,train
784,2c92ef86ed56e0622dda6b549eef81862311db184e63de11ccd4478ab0e6442c,train
785,81f9a52ce232ca7e2300ad05691062ec16b4682ffe783617a059bd858fad7c7a,train
786,f961e358137789555d2714b5e5e6afabcd39e74efbe3dedfc7a5e65fb796ddd5,train
787,f961e358137789555d2714b5e5e6afabcd39e74efbe3dedfc7a5e65fb796ddd5,train
788,467a92dffea7548c49d19977e0fdfa9d5f848bbab3a5237a5db02f278368be01,selection
789,81f9a52ce232ca7e2300ad05691062ec16b4682ffe783617a059bd858fad7c7a,train
790,f961e358137789555d2714b5e5e6afabcd39e74efbe3dedfc7a5e65fb796ddd5,train
791,8f7e5cfa1a9bcaf05fa298527941d52a9f1f7c61f9bae1d34c764903db3ab6a0,train
792,086454999491b9f96e0198fc60cd2aeaa9f48f6669acdcfcc4e82f0389efec5c,train
793,8f7e5cfa1a9bcaf05fa298527941d52a9f1f7c61f9bae1d34c764903db3ab6a0,train
794,b434f04a83689a5734c92d3b9eb8cc48aff986fd75a46bd3b25c67fec1373759,train
795,1fd6e11deb26536168aaf8be343d459f25ffaae548c83855c83c366fa91f6be3,selection
796,f3b543bfeeac5e04146a20d4dade2bd6fba26db4a6511558dce4c8ee4e62b2fe,train
797,f9f940d6e79398cddd80220d888f578fe5b9ff7d21155d8522083ac24ddfc395,evaluation
798,e783dd879193b12364fa4e94f68ba9f3f24936ca9a56ec66e956795636261754,train
799,ec56581d47bf0da9ce79958385658d80477cd080d8a22ce71e4e813cedbd05ba,selection
800,ee587408d5f7a697ff0f85a1c0032322a685d9699d9953b8650c9d39b1c92873,evaluation
801,4a7621d3297faf9562c002f9aa09fb0f124a7bf804f9736f5f295416f04ab9b9,train
802,e55b5636682735dd60028c070584ee39b93a28fa3ec1cbc38ca93b0bc4f10038,train
803,d91d748c83c8a7cd2c8a9fa2e2dc510d17da28b1bc7b406a13aa8a7ce072988b,train
804,c6e278d115ef7d1f38ed40ac44175edba3ea9b1dedbf229673cf6af95aa3d438,selection
805,ee587408d5f7a697ff0f85a1c0032322a685d9699d9953b8650c9d39b1c92873,evaluation
806,ecd26a63edaf761d7b96a51187f6ef714954ceda2b8f8e0e30668be138040d5f,train
807,e4d9ee036a7df5a981a451c8f6c6384453218a7a99a6d67f65abc22e894a35f1,selection
808,bb41a0f7edcd2b5d5aaaf2ba3d95b83a2b0a96ca7194097cdff5a508d8350500,train
809,5884371b880610a3c019be315a8858871c4a3adceb502c3ff92288328ac59def,evaluation
810,4a7621d3297faf9562c002f9aa09fb0f124a7bf804f9736f5f295416f04ab9b9,train
811,d4078d8cca58ed9a8989f862f5b0264eb4ccdeadc9e4cd736d6ce9a06398400d,train
812,68b9fde3322cb748018b4cab6cf5ed68364a99c0e76c3831abec76a0828e9253,train
813,649cb85fe8662fc5c972062d88acbe149aff2bb3264a55d894c8cc4ef8ff7219,evaluation
814,da46c2954e378dc17908a196c8861baa26c28458ec14ad7f28e44f05b8d9f25a,train
815,dd61510651bbd204fd253b9581b47beccaa8b54d3f91822bd952716a5fd732c4,train
816,5ace31cbe1cf314655c19bd313b4d0ab74d7e53ce155ad80f0ce94b657d63722,evaluation
817,e7de12487f854afff718b15ae18fc2f174422ef8f4c8981a09660ac16cbe888c,selection
818,dd61510651bbd204fd253b9581b47beccaa8b54d3f91822bd952716a5fd732c4,train
819,e7de12487f854afff718b15ae18fc2f174422ef8f4c8981a09660ac16cbe888c,selection
820,618ff0afd4d9c5385191bc9a6c2249cfe9e4a268d1750fb5bb966331d9066cd2,train
821,3687a2d16eb2b004cb27b78f471a8d9edc658fe298a578565d3c92e0735150c1,evaluation
822,15c130f43fb0efa9bee98e70e98a29d08fdcca65ce9ae112f54a7289db8a08a3,train
823,af20f418bba64e660a97d33a86a473a975d17198d812a8ca313d1ffe69be6b6d,train
824,5ace31cbe1cf314655c19bd313b4d0ab74d7e53ce155ad80f0ce94b657d63722,evaluation
825,a51729fa57cdc0ae5dae056326cac4d5f0ba9d701c093da4816fad55f3eea2bf,train
826,5a8c1a2c5cbbe457547d321200515fd738ebbf69b6a68fdb2de5d819b2d2223f,selection
827,a2b860736275d715b99aeeec19b287454b429ff23db52d70141fbddaf182628d,selection
828,f2e1b4981169792c2dc468b12edc9d6b95d3e74f508adfe6ca63dedb166cdbb6,evaluation
829,51f85513591baac479e4af316b512973e6132dbb2df1bcd7ebff30e236c40bfa,train
830,eda5984fa59e90448787a60994d40587b54863dda503a56c2f313363e2e7ac58,train
831,eba03fb42a947383410253560d1f524a5aad4d582c78fc1a76b1ead2993a624b,selection
832,c5b8abbc6eb40c198af3ab5427a32617a889eaf0b506d949f7e245a2cdac7192,selection
833,e2860342b8099e432a86ce2c6e66d31762fef380cc00a09a70941fa160d3a948,evaluation
834,eda5984fa59e90448787a60994d40587b54863dda503a56c2f313363e2e7ac58,train
835,15d7458de216280548b1a1b409e447fd1dbc4a43e55ad54bf207e148c35e4e8b,evaluation
836,a037c2545f1496f91d24a771eb467bc700b5a6e35c745937b3b84cd413ce77ec,train
837,a037c2545f1496f91d24a771eb467bc700b5a6e35c745937b3b84cd413ce77ec,train
838,a037c2545f1496f91d24a771eb467bc700b5a6e35c745937b3b84cd413ce77ec,train
839,c309f36ce8c04d633abb405ecc420e96128fd258e8b87332b7b52d65f52e41bf,train
840,8fac7ae4d70158834c1ae33e8fb62b454e5369a39f98244a1192f7c542ac6bfd,train
841,229ee3e42becbed00e19268f5bfbcd5eabf07833c2c9012bbbbb95ecdbff6bcf,evaluation
842,229ee3e42becbed00e19268f5bfbcd5eabf07833c2c9012bbbbb95ecdbff6bcf,evaluation
843,fdb1f56d48c94a0a848c21c692bf2b1e630b08314971cc680e3b8a8294d58e23,evaluation
844,89d14e4f659cf548723c4978747a0ebc364190c5ec8f970e9454f1b2d65b9490,selection
845,89d14e4f659cf548723c4978747a0ebc364190c5ec8f970e9454f1b2d65b9490,selection
846,547b5802c0d888a4ec094f359a7a79aec0734cc2d49968e445132d5a33303e25,selection
847,22075ab0c9e62829c76b05ac5c2e4961d09a8272a889b1c8e58ff35060a2aa27,train
848,229ee3e42becbed00e19268f5bfbcd5eabf07833c2c9012bbbbb95ecdbff6bcf,evaluation
849,7287e80b497794e65669b48c71ddc3bb5bd999a0536976672c738fbd3184db43,train
850,fdb1f56d48c94a0a848c21c692bf2b1e630b08314971cc680e3b8a8294d58e23,evaluation
851,649feb3aa211453e1512f94849325a93e186c55d958607df542d20442f2b3f36,selection
852,6578a8c818079c20d32ec98da33d150b37c86ba9a65cc68540b8e1e653499948,selection
853,a89470fe275e7abe06213a5d9d0c203a7e4d2e48e6a7ea81e7e8c668965b29ba,train
854,6578a8c818079c20d32ec98da33d150b37c86ba9a65cc68540b8e1e653499948,selection
855,c77858bc393422440de6a947c1498cf6b73999f565fc8b282bfc54f974ee61b3,train
856,649feb3aa211453e1512f94849325a93e186c55d958607df542d20442f2b3f36,selection
857,7acfbd3019ebc5f4313c69594880f2d9c5103bd9e6b5e19eb934fc402ccbb70e,train
858,cbc71ee95cc46b06852a6a2c147b45abb443b1dd81971435c431ae6c15d8bd95,train
859,586d07e5b2c54faf7152e207856e80ac8998f52996658a9759ae4bd5f6777ba9,train
860,38d6e54934d92825bec2f6788ba3f240a72c6f1ba156c766b3751fabd0a2539c,selection
861,d808f5c9452476fb2cbf27fb6204b22896b045c22fe8d337e91cc46f4cacad33,selection
862,f9944e5d5fa84151ffa8deab699e802d50e70fe87d7772836d59dfc52a43a00b,evaluation
863,1214f90ad92ab68f70838b1e92a1a2cb3d263cde4cf85b58ab7c71c2a9cfe788,train
864,18ac4b27fdfcae4d71346a5d7c3206e96d8ac83359842f08bccbe390d2e2b91c,train
865,f7efc6caf0e614257e1a2ecd692f56b4cebbfab13ab5ba59720b7b452c29070c,train
866,6578a8c818079c20d32ec98da33d150b37c86ba9a65cc68540b8e1e653499948,selection
867,f399b27328c54eb4409a174ec3a73c691284f93b991fc43973fed6d5db803fe4,selection
868,9558788cd2eeddd6a93f0649d9cee047a6502e3c5aafe709e1daa2b2e0a9016e,train
869,e9f197344868211a402c1180063ae7687d75ad813dd8e4dc9e548f8547e65d8b,selection
870,d0cc1cfcd1d6d3bf2ff318a9d7dd7b568e17b2cf35218c7e03f3c5529a035c10,selection
871,a89470fe275e7abe06213a5d9d0c203a7e4d2e48e6a7ea81e7e8c668965b29ba,train
872,f5e019e892f88653fac981ee2ca9de42c44d2b2880600ef6fde08cd877b5069b,train
873,6da09b52334ffbe130f6cad4e45e27871f58b79e0b805340edb6d2260bedb4fc,train
874,15ed856fdf616f15f229d019a6992e70a13f1c5ff73d30005fb8abde41b09c4b,train
875,565898a8672782c1a1957bfb0c5c4f198eb87b20e1f4534cfb9f0bdd84ff26eb,train
876,3a69f0822166f368511fa1b92dfbe5bb8fe680e68a8852d398ea5d8484c26d12,selection
877,83918bd0691fe61d6a43b28c669aa8ab85b533b3be61dd6915e5343501f74fed,selection
878,86c9086dd844193224dbd0a77a4fd74a58f9ba64c1a051b517ce3e4eb701a3b4,train
879,27530cac4f6a882ffa6ae5d6242b9441c3ee06bc5d203aafcdc58b46f84dbd20,selection
880,565898a8672782c1a1957bfb0c5c4f198eb87b20e1f4534cfb9f0bdd84ff26eb,train
881,3cdd19cb9d50249ffaf2a43e8caf6715c60d860202d1c389324f9504650ba9c5,train
882,e432858e75d99f0657c348fa3e0574166176e68439fb9677da01da4df2803a12,train
883,e432858e75d99f0657c348fa3e0574166176e68439fb9677da01da4df2803a12,train
884,a16bd974f5812de445400e6674ff6ea963ca4a6a5359873c55038f4213626215,train
885,c9862e7bba2f336937f50889697ca54abd98ff0473d933f30f89d6e9507ec477,train
886,dbf1ac7a2fa535f34c3ef5f6e2bd80537ec2640613d42c6cf9f033ac31906e73,train
887,f5fafe1ad0a1c2b7ae9ed2098a6ed05152738c1058e7a5584e71cfa10c42f3ea,evaluation
888,dbf1ac7a2fa535f34c3ef5f6e2bd80537ec2640613d42c6cf9f033ac31906e73,train
889,f5fafe1ad0a1c2b7ae9ed2098a6ed05152738c1058e7a5584e71cfa10c42f3ea,evaluation
890,be4952c890bf7278c4a43edca6e3a3ca3c64e0b4bb38934cbd9e4a6616342731,selection
891,42492ab5c466737cd800169ae17ddfc227756ca5c32f21e138f977f08b24b8c6,train
892,410ef3a4595762ce6978ccf2066dbeff3cbb5b9ce5e8eb125ab302d9a9f746d6,train
893,6b89d8ba5e7d7336277f3920972b220f45c435efaecda4a87893a65497f087a1,train
894,42492ab5c466737cd800169ae17ddfc227756ca5c32f21e138f977f08b24b8c6,train
895,191e4df68d45473ad9d36ec063fbd27c6c3b8409ed99c6918d83e1aea8e0f076,selection
896,d7518353deca2914634cefeb9e855e29e05096073f4b9c21b5c8f299e2def8d2,train
897,9440d65c09699f41b71aead3606743d5b1d3c52d1bcf3cb68b6861266b3118d6,train
898,a83d7e03f7965f389bc56b857e92fdc8b324a245915356c3bacab25f186878fd,train
899,95351696008a84166b1194d53f5a8d82bb7d4d550ad6312b9136df70a0fab664,train
900,5ce96bd77adbbe54afd423ce34b3aa1eda04c19b46d8a81b0b59925c6fca9882,evaluation
901,c1ddc8cabac3f3c79b2ea7cb73dae36c145b4d9a02db28453850cd39bec196c2,train
902,54b9f9aeb56edad653058f5bbc2ee120bd2b84aae8389944dcd773eaea6c8481,evaluation
903,0c3ee07620831f3bc038b95856a699e1cf7aee34b9df0b63e1975c325c5178ed,train
904,7ab245627efd6ad0c01acf8c6883f95fb725f98d3d9133cdc0626676384d0cd6,train
905,7dcb9da623122a0c94253e3493ba1382fcba2f29146fac96a8c72589c0cdc329,train
906,ed4914ee527413d95a6ab71a9131a7e63ff2377f8ec687f653fb06e9ad8438a2,evaluation
907,237754e99d7baa77c8f8bb6728fa8bc711c506dc89aacbef15b7068c3c209726,selection
908,ecb3aef92ae99b7029bb17ba1efe184f0f6a222b08527098a40b0d9cd04daea4,selection
909,f9dc929edc61cd16b8e3ce9ad530b642e0cac48e963a9240662aae150a58001a,train
910,aa74ddee281bb3438457cd19fe6600f2f9d3cc617eb75423e2e3c16af881bee3,train
911,a6566569a872819aabc530d652e94eb770db314ce6678f8897827ff689528dd8,train
912,ce8e38c204b71403571463c7c84fe3de422ed704936b8649167d2f3ad8cfae87,selection
913,3642025d77deb3c2e1dd91e311bfd96f125615b82b1af8847c27737c21577f9d,train
914,10185bcbd792eef9d6122bd99e448743a43bc5a1c373c4b8a6cfce49b9d1cd8a,train
915,873214a17afd7542827bf6bb28398c4cecaa787a6e5eccf8d7ce5d530900d59e,train
916,edaa3537dc841217d307315397277a8092af722858388896c44d6886b9823776,selection
917,d367b9e17290e4977d396723ec9599ec235b766733af02c41c0aa7eef0d130fd,train
918,627c9f3b9a6aaebf46e0fffe948a0966320c5d09dce5a337bd9d58776bef130e,train
919,b2273993451f42b2f5acd5b89de038c4e4804b31eb9b17d4f444affd1c536fae,train
920,25ecd2fc3b016e980edec5b113e241c08ce041ff035f6ce9a790bb0ac3a4e38d,train
921,c5e84a14370240a52f3aefbde330a536f1f73fcdc57261c949bbca77e26df217,train
922,c5e84a14370240a52f3aefbde330a536f1f73fcdc57261c949bbca77e26df217,train
923,9477ea7fc8135e756b95cdd09ba17de66288b236a26132646d8daba307f3504b,train
924,4af1ba79d60920d857a84ecf423b48583ee01ea6e9a271bbc41ea6f6a4202097,train
925,693d79573271116354fe2a89e9f4d12f1588f1f7cc242c0748022af1cfa7daea,evaluation
926,e14dcd13dfe28727c347702591048df3d2ac18a0f2b82a7dce62d5832b821180,train
927,ed9be3aae8bf873ad4f63f35764b8dc54ec50630a17161962005ae4c08c1ec03,train
928,4ec3f34d775cb4b864d341f516a6a7c0bcd2d8202d88818ac9660dfe0b993845,evaluation
929,f5067bb7420f1c31186597699cfb1ceeca79b1ea90aa328a57544dada51048e0,selection
930,698732fed691f0b990a0b7ebf051e26873ae2e5974e9436b362c107d9f550256,train
931,aa74bcfde65edc6e49f90b5fbebf0df3b7bebd6db4fc82fb00aa2e33db1a2f21,train
932,4baeffd7a0db359d3abb8221952669f5101f010c42624c2bf676107ac5184ef3,train
933,445d25c9933f5e0383e8e1203c11ce7dae7a182c59fe5e08ef953a5fc8398fe1,train
934,96a3095bc521a0656927df1649078b71dc173ecaeb79f55da1611b5c7639dc9e,train
935,4c497fdeeed86acaf711779c12f2eb907c45bbeea766e1c83110042b0670ee90,train
936,3ddce57d21ad427b4fc04c049a74e939e6bd3f43d6f19a6748120848a2990429,train
937,f5067bb7420f1c31186597699cfb1ceeca79b1ea90aa328a57544dada51048e0,selection
938,c447a97e9ed37607fb461843501db90048be6fdac5a226a03f3f42bbf3bb8953,evaluation
939,990667045540e4eec93077b3d796acc247bdbe90eb09ad61ac3a6b4441966fff,train
940,3f758a6fd78e620f2b67ddca8dd445f7f8139bd5af916bf32811d30d251467b7,evaluation
941,7c21958f0c0f02e7beb1db88186ba33fdc00483d62cde0f09351143eec760361,train
942,1cd3de07bff4bc8a695615274786eb568ea4b64a86d2c26e810b4ddca212403c,selection
943,0fad8f3eff6b51992cf0ea670147356040f32576a449cd4eb57631db25726dbf,evaluation
944,5c505283e15a54bdf8ef06905fd3d44451bcef9555675b79fb6774eec01047be,train
945,ce634d3c8bdfb3998e3e8d1028a93607df23fc481ac7b89e4ce3d79bf10e3123,selection
946,4ab82fd9fcc206681b894a04960ed049ecee24cb570ca58fb73af5b388ce5b19,train
947,da995330e28ff43474e7c144e6470a5bcb90cd5d3bb08f61eef0458f22a2fc98,train
948,c222ab1f0430a041093db81deb4d01f0fcf92179b535454dca13259125fda993,train
949,226977a1274ce0dbe02eddc9d558e25f7400b5bd611176bb8d6c834e9f3226dd,train
950,57cf0e84ddf47526d2cb6425a700a97dbf6cb79ee2621fad57ea06a3299a00ad,train
951,4adad4aeca47593d3e0d87844df318acf7c8b3a783fc03596e929be4da57fb6a,train
952,d2d4877e78967b0fc38d845f5c91c0655050b6e4dcfcdf7c9c07492fbd622b58,train
953,0dc5b6a088c10cee38b8f86c9046758095957246c71907d507e8c2be6492dd14,train
954,4adad4aeca47593d3e0d87844df318acf7c8b3a783fc03596e929be4da57fb6a,train
955,57cf0e84ddf47526d2cb6425a700a97dbf6cb79ee2621fad57ea06a3299a00ad,train
956,9e75587b34d98cf37b91bdc89d8a3c6abcdb6757b0af53788d2f774d35055e91,train
957,302526e3876938ef2c505ad206cd622c2f04e9714ff36b6c44ca0d913d0ff30a,evaluation
958,6e75909d0eeff8cf4b4ac9fd3e57d1caeba7933fc4c316a3e8aeb6a3977e0511,train
959,c11fec0183bb44330ef6b0f0a5ef651aa58113d19b28f7e39fb42d62096a57f6,evaluation
960,c11fec0183bb44330ef6b0f0a5ef651aa58113d19b28f7e39fb42d62096a57f6,evaluation
961,6efbf386f8ddff85998f5ced2e7159c4e20d49a005c21151ea87e662cf90daa8,train
962,c11fec0183bb44330ef6b0f0a5ef651aa58113d19b28f7e39fb42d62096a57f6,evaluation
963,fa1109be5ed9c3cbf2c76e78d8d6ba0fadd77955f2d589300401e98bf2fb2e98,evaluation
964,afb8abd94c9db697f129462dd5e18e60dbb62db4ea9a7f2dd012f9c29d995a3a,evaluation
965,b7bac11665bd02bc6b28d9eafd455e45917f96b355999b40542eff75ff702ee6,train
966,c965960bf04a2e73062d975447040f7b1fff0bf0b8add34ad1ab4a1168dc658d,train
967,08a7ca8e0c0b2ecff942d3cb003cbd9870719493986ba760a6de19ca79ab8f54,selection
968,3929339ec1b4fde0d23f3fb1fa0e7d081ed7009bb876d5ea7bdfcd8e60abc86d,train
969,9be6f2d8d154760893691e728039305ddddf306ba9a0842a51209e20644740f6,evaluation
970,5ceea8d0abdf2492be27433eda490e6ae7fed9609d1ebc9ea0305829c1118fe3,evaluation
971,7489ad0793d3974b30ea6f29c7896ae234d2974e9d576d102bc922dabc14325a,selection
972,08a7ca8e0c0b2ecff942d3cb003cbd9870719493986ba760a6de19ca79ab8f54,selection
973,3929339ec1b4fde0d23f3fb1fa0e7d081ed7009bb876d5ea7bdfcd8e60abc86d,train
974,a61653cd410b979261eb2c169adf0e22ca7a3498c94f998fcf343fc2945bdd9b,train
975,24f7fa589bcc3687cc6cdfa4ebd833c379859571d75a06ca53f5e7d8a0c6a23d,train
976,2022d73223bb8a54a55784f664eb9047e9f8f224a97a843029b57d4d7be32d4d,train
977,dd9cf79c97f2b500f05d913206d19f08bd74eaa30df0edc14763e3574a2dcf93,train
978,4d4279572d3586baa138d84113dae443e63c1fd849d248d624b15dbcfa04e348,selection
979,ce670d9b2743db2d6d13b668685a314f17f1ca5c3e4b74a1d454a4ffd38230db,train
980,d294006c91c91293d9fceb31b00a0ae4b0cb550ee877bea288b6a86e94c85101,selection
981,4d4279572d3586baa138d84113dae443e63c1fd849d248d624b15dbcfa04e348,selection
982,e8ca93fce6d37ecb3ca383c45bdc0a17bc7f79965e004756315f8c6607bfe5d9,train
983,17f33e000bf05f23219f7509a0f3c518d09b98bff591fd75151f0c996715b33e,train
984,bd008a1dbf3c88762098191756e6d4fc355eeb5e4202419002f85230ab5977c7,train
985,50e1ec7f357cd396e9c51cd012724c92f0138633a3cdb824614d0f96ab821764,train
986,be4117505dca4aeaf8ea8b36a206cd4d8a7cdbad662ae4d8830c136380bc1549,train
987,d4069399a39b285df60b610b1c8891f8cd152344cfd22bc301f8a4cec6f29d80,train
988,bd008a1dbf3c88762098191756e6d4fc355eeb5e4202419002f85230ab5977c7,train
989,18bf7071ab7f5a5c5b691fd2472b175c818e662b262c3be14dc407026970fe64,selection
990,7ff80baee1fd0fdc2e53e3d3674533cf74b5a377d682377bde8ed5b59db1a020,selection
991,8e2a8b732ce1ce46c7cfd832db710e34ea6873c3e7a5b6ef718d36fde7baaf04,train
992,6a58b570a1311258be8283d78e2835a787e40460f45ebfa021e06eea415c8ffa,train
993,f964059aa1ba12f021ce020d3100299e32f60096b1c155da732a91fba709fbfb,train
994,aabd7ecaa3d9f45d035142d035e7d466639e8a13d5c26ff0d5613d84cdcb54d4,train
995,820924f9fe6d1615644b66bba0ac598a2c55c69490dc02b348545ef5bd7a614d,evaluation
996,358ee8699de1d00ef9968460d034d59769fb9ab20f4b10df517bf46b056f9eb2,train
997,7aeb9999e65a92cdf79d9c46b64be570bb1681ca5b245922b7ee7b529cbb8061,train
998,d87ed1522b0f3cdfea4814bedcee0b9d167ac568386cdbd0ec4b429e7e3c5c0a,train
999,d889b337c4f59d22a1a26ac10f0677353a7e20eb8bd4063eb5b055a82eda5b54,train
1000,522968b0504a4321ad3c05a11e933b10c36990915771f5e87ddc2a695e75694a,train
1001,05c59d475c3604fe34a565ca3264e0c6c8147bd02bea264d1da78fa34e5f1f1f,train
1002,e6eee933f6a12aacf985805aa0497580d0fd9367cd2db215c6e3627ac3836280,train
1003,2f681a750a02b4b8b220a8e5bf5e92293346c64bc231f2aed8f7984c57e219b6,train
1004,b2e42a355771b3bb2f63345b3e1d84b2a292d498fb8159298428f1c6a8e808fa,selection
1005,cd7a2b0888f6b777dd065fe5a3f2a8740e1b0b6f7ecd389f23b0bbad633a8aa5,train
1006,b2e42a355771b3bb2f63345b3e1d84b2a292d498fb8159298428f1c6a8e808fa,selection
1007,1a0b83dbe75243e1b863387a4bca1c347d530e1f1a5f87470dd6ee5d97e8e6ec,evaluation
1008,7f056b3536434970be82a1cfab1359e733c99068bcbaaaa2a5a463bd071604db,train
1009,48aee8ab4e48b2725b8bf83baa74290daf58e0cfb0b2facbcb034c3d4e8ccc8a,train
1010,17ab68b8bbb8b356e707c19c0cf53013dac26278e6a0eb8e1e4e253b5d73a0b7,train
1011,35333760ea2a48c817174403d724b1d0713e4fbf76fec5b627cf821a4db2766b,train
1012,a66254c59acc1f229e7027603e5faddf2cb81e909ae3638412bf90c01afe489c,train
1013,b98ff096c99f99f1b9a48c0bfb0741939f3cf8bbd720ffccb6e1672089578ed6,train
1014,a069e177a0307071d7973eae0f29163be4bc476f74edcb0067fa9af8629369a8,train
1015,d5d82c3091941369280f42a143787ec4c59460841c59a608cf5abba710859c58,train
1016,204ea706173cc75a12f7a6fb753e89a71e5d50c9444296ed0cca658346ef7733,train
1017,17ab68b8bbb8b356e707c19c0cf53013dac26278e6a0eb8e1e4e253b5d73a0b7,train
1018,a4b2778ea469b4ef81c090dfd403a2e9ae2af0a5a566390b8108af1719b46334,train
1019,f5fea5f9aeaea5e6142982cac431b10b1e520548e03b10bbd2cdcfce3dab3ee3,train
1020,f1947c0fef02d92dd9db6e1a19a38e2eeed13806b0b08fdde000423ad0a97c20,train
1021,f1947c0fef02d92dd9db6e1a19a38e2eeed13806b0b08fdde000423ad0a97c20,train
1022,e2002c5cf9c50bf4117d38cfc504e07b1b4fbabc5919551c71e92ccf2af3c2d8,evaluation
1023,a9e77e12ea319e1352b74373e15caf32a8ee6a62809604856d10bdbe9f19c2af,evaluation
1024,158196d82150fe0d4a5456ab7ea0d6d871ff1a636c5905e619b4e0e9212e1f57,train
1025,8943083a16801fcc4e34e03ce4fa8332cf096d5137a2c16a86ca17f54e521d7a,evaluation
1026,5d1387ab73c2119618a036390d310607c8d41c05561b37d876074afa328e9556,train
1027,5d9bb11207f814eec44b7a60b40ff5d4acec7ff19f00d7610e82dfd10d0ea651,train
1028,74480f1f62f39f1bb19773791e4cc8d9a4cb3129eb6169b35f251917bef49e45,train
1029,7be51bda97301b52615cc450d96e400f222ca0dcd7deeed06456be6b1818a9ac,selection
1030,4eaa8950b852a9b44c19f37061b4b3981c17cb5e668102c3569cf3f0515450c2,train
1031,71b41c5a1e8bdb1f3717a8fc14a87e922924307c27371519b80a9571894c43c0,train
1032,cbe4a9f447a5c16e9e5aa4d9b3657df56ac0a32a49ed7a2802229568df04b19c,train
1033,cbe4a9f447a5c16e9e5aa4d9b3657df56ac0a32a49ed7a2802229568df04b19c,train
1034,a4e6db672966e8ee44ceaa32707b7b0b26c3207b2758258038a4d652003c09cf,train
1035,d35dd5f573a7b7993acea99cf893b95ae175e28a5cef29ef7f2b791e378cd564,train
1036,118f397c931c46c909022c00cae0ba434af7816d764efea68e42368c04fa6a27,train
1037,c79ca8b63ad8ce6b5cea3e0d2bdefda956b2606efef56212c9e6f4430f382a69,train
1038,518e4afb0cd400fefd1fdc0be7fb29e56646554cdd9a13c2ae748be37ac3645a,train
1039,331a21721c857b25c34da4f632a0e05993dfba83d8d06d55497b69568d477749,train
1040,f3f9bb7d7afd059562339073bd23fd60b5bb24fa48b5b0cd3e0700a46dda0133,evaluation
1041,5aeb9f83f5c6b3e351a335565b898529deafaddd3d86a8c2374d389e69bd23e5,evaluation
1042,61b42f0dde051f5a73c779962996ab2f7c83aa935ec9c294fb8ec6164c0a5bd1,train
1043,35c0bc806a7677fd7830ae7fa8f0bf5369525acc014a0b56191d3b8f8f8d5983,train
1044,d8df4985e4ff95aa451f9e4ba31ed13127c870f96f70163854a8180fd214a0ea,evaluation
1045,1ce91575192de2f40d9e35f792d6d6cd4442eebf7b37cf61bfd0057ff0c08c2b,train
1046,8e11f180c5f2e0cf894d61672623718f52da48f7e319a26e27b90860ea83aaa0,selection
1047,fa4981ffe74cafb9a9a4010188fd72c45a510f6baf2cb75dd8b78755d3ff2d13,evaluation
1048,228aab9b33be2ed9a6d1ecbf33b2c978d9b939bf9b2f718b136b720912689c35,selection
1049,135c395f690ee9251202cf01ddd41973ff3187805d0f88abd4c3949fc02fa636,train
1050,41a896e3f8cba33dc9e9ed1d9027532d2b6c38bdf463286adbe66f32e70cb5fa,train
1051,68f6667f9edf9edb9479ef266ce04be29c9ae58a39ca45017b26d5717c4f6780,train
1052,291505abf4c9193e5615fe5d2b251221319e7a16b234f1aade7215859f4602eb,selection
1053,46aa2fa26bdc3394b6fc5cd1f6f102c589ca16a1e46c7d5381de0460c2f31392,evaluation
1054,fa4981ffe74cafb9a9a4010188fd72c45a510f6baf2cb75dd8b78755d3ff2d13,evaluation
1055,f637054d63732d749bea3582e4a37ed07bc26a9288ec1cd36b7970188dca18bf,train
1056,9da76622fef88e04298a0327128b21c0e4abad410e2c5a9007d04d2379eea5a4,evaluation
1057,00093847b7e5f079305113ea7b0b72d71a7d434ae020202e95b92c8dcf08209a,evaluation
1058,9da76622fef88e04298a0327128b21c0e4abad410e2c5a9007d04d2379eea5a4,evaluation
1059,f095eda32b26cb25b6a8707258a447c52bf79ee587c6f1335b311387b4532d5e,selection
1060,ffa3c024b2cc354a248335bdaf2db997f657c2939afde1dbf7076f9a5e77934b,train
1061,e7fa6aed23c9dc6397b53b3ee0765a040fa4fcd6e835b981503d233ed129766d,selection
1062,136797ff04cca90157a5bb91e9c0e8a1678ca2f395c5d76fe4fcd17caf53cf28,train
1063,336067ce4e26c8722d24b88b357188f34962f9c7cb20a8112474e60731146be8,train
1064,bdcfe9c855d6de608d0c78e4e844133fc7da167fa4febe56db5d700c302f3ee7,train
1065,66eabe98aa1e27fc97c806a052475bd309b2cf7f2f0a14a477dd72c6b3e0920b,selection
1066,49e38e76d6050883ff19a8aeafc4132dc6b18094b79fecf6a66466157af8c383,selection
1067,127c602fc007835b805169fadd43af62616eda59e92709f04063768e2e6aee5d,selection
1068,3ac37e3442e4cd02e32cbea3bcd44da7660b00d7269fcdcafed795dbda543bfb,selection
1069,357a2822895acaa477336b2b33fba5a36b5c7a3485b531900def203dc153ca08,train
1070,0efb474ce554ed906c94e9c7719a95faa788882891a73436bceac8a8599c3a27,train
1071,66eabe98aa1e27fc97c806a052475bd309b2cf7f2f0a14a477dd72c6b3e0920b,selection
1072,0523f8b2a396410466d0319e4bf8c24c1358b9e276497c8455162b070f440180,train
1073,b200d8baf6549c42a3483154f09802d9ecd48471027bf7cee92733745d8c89b4,train
1074,bdc8671e63d92411b0e5ff9877cab23ee6d468789585f6d1c6c3febff26f9e2c,train
1075,35a8247cfdb3faf1240f2332eec4f3bc666291e2111d157c985133fa3371d45c,evaluation
1076,292551f12716d7b24dbb51ad2cf973ca396c8ddaf5e127afe3b745b1188c1a16,selection
1077,67453aa51ad7a7aa54209785a991c5f75672afccc61202888c7c914540dd010f,train
1078,f60088ecda7082e7d5beec85d70a3927eefa10a559dbf89da65838fcab0f2cb4,selection
1079,c8fa611f01dfeadec296023192201f5cda8560d2f6d565377820780376c849fe,train
1080,5ca6bbc80dc0099ad5fa6c4eb5bf9a984536d27afd5e1cdd02852964f75c23d0,selection
1081,3d7979b50c4731ba824cdd2c3c4f1e39629b5d1f3d1935761222d786c80d5e5c,train
1082,3d7979b50c4731ba824cdd2c3c4f1e39629b5d1f3d1935761222d786c80d5e5c,train
1083,5963e1869643aa031261c5ed1bb4a40d50f53c145e7ea575b695835bbe7b64ed,evaluation
1084,f2976f5a3460d8f0d388f7a5873e25088bed0f7ab262069f45bebeebd60990bc,selection
1085,efaf684e83b550b655b224eb9ad14add68d96bf7e98c99995ac483f6654ff209,train
1086,9356ca71cd97ff87887755e6d1ae00524ab63efa0edf5c08b29824ca21741a35,selection
1087,57678a61cffcf3769c79a19be149bb109d972328b665b34392d56545813f98dd,train
1088,5963e1869643aa031261c5ed1bb4a40d50f53c145e7ea575b695835bbe7b64ed,evaluation
1089,02244ebc7e9624d8c51750aba5e492f95a6ac3ac1577d3784e861c3cd425768b,train
1090,81a0e1a67428bef36353adf94f75de451c1b314ad031e4a5b44b9aa9dd512e0d,train
1091,8938fae7db2c22d68179623cd276807485c20ec608bac1dc5309626dd5c07170,train
1092,017787f15a20678955e5869e6bc4e31d5b883ef26e19ac0b30a36199d4c462d9,selection
1093,c0d9758a2320c00c6ca3c1751098fe9a19e44924229a6183543375b69ee9e8b6,train
1094,a77559e1fcdbed20082e7adc043c87ebdfd6c2bd079011b6ad0c4cb9230d0756,train
1095,ad02ec3e8415ec6d91d06a52366ba515f7c768434b6d9394e6dabb9c46f39db1,evaluation
1096,ba2965a90bb7dafa0091f58a993bd0f298ea99d4d9e71d26e97b3150a735bd91,train
1097,f2976f5a3460d8f0d388f7a5873e25088bed0f7ab262069f45bebeebd60990bc,selection
1098,d9332c074c87690e20ee0f9ed7131ce2c742603784befea2f9d8341874c2720a,train
1099,723cea68918433b473d2012e5ece41938c0f8ee45a874e2307f2566382be5deb,train
1100,3d7979b50c4731ba824cdd2c3c4f1e39629b5d1f3d1935761222d786c80d5e5c,train
1101,79095c03f951bd875d6d9daf9fda49cc228fed19143e1f948c499cc703eb6fa7,train
1102,dd53e2cd1496e25d539ca4b4eec10110b9bd5b6e45756dfbe96db24dc76a30c0,train
1103,d09c4ace7769876eb65434a4e26cd7c90bec0a738ae382902db45e1f01e11b32,train
1104,efaf684e83b550b655b224eb9ad14add68d96bf7e98c99995ac483f6654ff209,train
1105,7553fd26fe7f38937a50c7d9b1968df93b049d4d343a7e3a0cc4aa1a242c991c,selection
1106,9356ca71cd97ff87887755e6d1ae00524ab63efa0edf5c08b29824ca21741a35,selection
1107,ad6686040e1746306eddc8c4151fb286a646475a71966d1eeed822368f935e27,train
1108,fd53557af651be50f4595918b623c409a65dadf581c18afd3f3c94d1f4007deb,train
1109,73cc50fd9595012070c3b5e8ff5f019b42fb0ffe495bbf9ed93339a2796dfda8,evaluation
1110,ad6686040e1746306eddc8c4151fb286a646475a71966d1eeed822368f935e27,train
1111,5c566d45e0eb814aeffece4620f5b13f8d371ec1759fda94e24678fc82e80180,evaluation
1112,6a887748d3f813fb0c8641799234cf62cbe305ef848745032c6a24c5fd1a399d,evaluation
1113,8e9bf53a5c1579ecb4856335d9f7cde1027b6e2f045925a5aeebbbdad182a978,selection
1114,5a132d1cc51f10ebf4a26dd69db12d951bdbb48553adf7b6296ba2b53776c452,evaluation
1115,e374683fbedbe3b2108827e33207cbb7f935a89f3bfbbb4c3600d2a7ccf3fc02,evaluation
1116,78377525b205f0df9c94952b6c0c100346b5fc0a105f1184361cd72d13d62f3e,evaluation
1117,c9a9fa3d108b7d64d9e189c57d45dca5839fbb996d7bdb223db66ba32b5b5214,train
1118,b22a5ddb3451c449bdd02b53db94b2c380ad17b5da4c418babcf412c8dfcbfa8,selection
1119,5f5f7bdd5156b3665e46dc1209d8df932d55dddf48910fcd7cd1b598350d61e9,train
1120,3f391f1434fd2e604cddaaf9bc8a21c7d862e52950ebd9ec7df6850f27f15e4b,train
1121,911903b22e253c00ea751bf785f00926ca5d2db9d39632237ed91ab4f8495112,evaluation
1122,4781c24960722764b0abfe455bcb1ae3ab8805e271ea38e89acc28ba63c2fcf9,train
1123,e53b2b8c521e3a1cdd5c4e782a4a417475057fbe116011658ae8db28f1c78c73,selection
1124,4bcf05ce2bd658fec25730147be11c750855ee5ad2e3f00444381dae92e20520,train
1125,77ce6a56c4569dde6abb7f112e84f2a04be10b1f9d4e77c4ff0654717681dc02,evaluation
1126,bb020c3443359d459bc0beb6a91554664548447471ca3fdd7555d02c38a9e4cc,train
1127,930012c5147863a6138a31f4c7acc766c08ffb86887bca7185aab89f0829a783,evaluation
1128,fd4c4e72420de68bcbfa8afa1295afbbc922ea5bd4206d131e6d00cb7d495271,train
1129,6179da7e49d3c90006e49c96a7628f6e460358a4d9e059c809b3b76571cd0bcd,selection
1130,636a6241116b5e628fd942144b7808ac869cf0f328b4b85f319dc28e2a28c630,train
1131,a3fec94a0c3f6fb46ddf4b06908b79fde20b318c77490ce8d45ec4753fd2f9d9,train
1132,1e1a55bb70b03c494d7951e2065625e7d431a2f93c61a67c2e339187caa1ec4a,train
1133,49808806d75716f859dbde347d29ab5fc9cffc96e6b9ecd99188526962905371,train
1134,6a334ac98b6064d65c224dbe0b295f50f5277bc55c2e8ff93f2974edf553ce2b,evaluation
1135,d73ea736f649b24f18abd2d4de709b19ea3aa4c03561973e3ac3d2867dc74ea0,train
1136,63262b9c78f6033e72089f05de376c8828fe4cb60a2acde58eb8751a5a35bccc,train
1137,67d210116d0b878223f87ca853af32a9f2859255956ea590e53006938a15d963,train
1138,f67f2057cc31d3bbf3d53b55f52715337061659005d855070edac5f5b4998dd7,train
1139,39d2ad87cd9b04af2dfb736e4e424ff45c9c8888f933fa28ca08e81e45827159,train
1140,52a91f6c45690783ba07d91da2c7257cfc3f1fd52fb6493d1c92cafdbf0b73fa,train
1141,eb71bb2470757aeddbf8d34c65ea3a1d4c0741c6e2bd55f0d999d816d620b3cd,evaluation
1142,f67f2057cc31d3bbf3d53b55f52715337061659005d855070edac5f5b4998dd7,train
1143,93a54643f9310b77570ee6ce18e310cc189e913e5afc2cd73d883b236d000f43,selection
1144,1bb2e5f761456816dd704d3a59f2903a88833387a095903ae34eb8ee06c38ba7,train
1145,b7a76be62d0eb43e9c86fed852879fc2e5e3f76974c92016abf71a9df183ef26,evaluation
1146,afee37da3243630c7c093c14f5741aa19a0fcf8ac296795100ae7a2b9e133b41,train
1147,74606806b07b0401c45785fe53a0cebf1c58ec680bc5177c796276cf04553a89,train
1148,d1c6ce371fbafba0c7444950011353add869df8288041f5ff04b7cecca206422,evaluation
1149,a18265fe74478ed56bcf8fac7c148800068d71a12e12fe46c5ba313485935822,train
1150,c4d239dca05c55463d31ab45e68009d274a2ee96bf8c5a4d774c043fc1d40302,selection
1151,b7a76be62d0eb43e9c86fed852879fc2e5e3f76974c92016abf71a9df183ef26,evaluation
1152,c8e978a007bc58c8d43325e426fa63988211f74f711764e3ad4228cd40344195,evaluation
1153,aaa2f5f8397b6a5b404b7f74927f915675ee0b37be98617ceaab58d84acbe4f1,evaluation
1154,228536736b7467e980270fca7c935ac0cfc54ad94293752f0d294ecc59cf2d47,evaluation
1155,7c071acd05e7b0d17efd8e8498e03f0ec4a3f42fb5da3a7061316abc96bc774d,evaluation
1156,11b2ef198c0ebda3d3c5e3b6163b315f9291d9dfb5b21857cedbba98ccf22ad3,evaluation
1157,11b2ef198c0ebda3d3c5e3b6163b315f9291d9dfb5b21857cedbba98ccf22ad3,evaluation
1158,44db64ed6c06a76ec470ccb83b96c53f6a69e9762ee89c3a84c1b4b9ce362a27,selection
1159,11b2ef198c0ebda3d3c5e3b6163b315f9291d9dfb5b21857cedbba98ccf22ad3,evaluation
1160,56597b4fcef49a0c8c610dc52e089d93d9c5fba6d7139c58dfef905bc5767273,train
1161,11b2ef198c0ebda3d3c5e3b6163b315f9291d9dfb5b21857cedbba98ccf22ad3,evaluation
1162,0ab9e6c035e00ce4cb8950eede71d4a31d4a7d0c674171d8721c6ab0c163940f,train
1163,44db64ed6c06a76ec470ccb83b96c53f6a69e9762ee89c3a84c1b4b9ce362a27,selection
1164,550fcdf3860b1e74f59a2686d07dbb58e31e0e34c0c73071be17c6b7069d33e1,evaluation
1165,d7113cbc0cb5de5e823490d01cfe77914dc630b5f47fc1b6c9dda8f2614e4b16,train
1166,458cbd312865ff0b22fb4ccab9d93b81fa36356554ba6713b6bde098ad14d8fc,train
1167,44ba0a90105d857c0fab153b33bae43cc2ec6a472de2a4396ea1d8f7055edc9b,evaluation
1168,c1f8025393884488e4da1f329953a041f6e133959311267a6a5ea7cde3712820,train
1169,56597b4fcef49a0c8c610dc52e089d93d9c5fba6d7139c58dfef905bc5767273,train
1170,c1b0979a660f40db8a1a98b11bcc60a8dcbfebe13b833944ac90becb9df94f6e,train
1171,f378624f1b10e4f1eaf0fd663177f4b073d88446dae97fa8b500f3928d585276,selection
1172,975e712a108d03288758895c5fc78dc491a7000e60a9ed3dc2048865bb3a0c9e,train
1173,75057aa4a4c871ea72da2d4b94fd0baf0a65481b2bf2cdd9eb4231a945c43711,selection
1174,31d517609888fd4bdcd3effdd1c11148c0a4f0092c82ed932893f800b3e4b809,train
1175,664f41ec4299dbbf41ac4619e6820c35a4ab6dcff9773685b15626e44ae17b73,train
1176,7c38abcb4839a9635e4b7d472d2027c46b1f3d2bf38eea45b80340e3bcd44e73,evaluation
1177,367d2c8b6e3b7f459a0e0d9b7c063db14554ec0ce2b80370b753e8b7f88f8edf,selection
1178,acdbf019763a6fc34c0d43d4df26f18d86e213556309dc6b2dba0950faf5c5da,train
1179,3f3232a8c4de09dc6ffb863524db26a94d9959c32c409839609f456f08a47287,train
1180,f378624f1b10e4f1eaf0fd663177f4b073d88446dae97fa8b500f3928d585276,selection
1181,21bd5e24a2adab7061a874828cbf36e1411fc5ca11d9ab6b14f1d7e4851d55ab,train
1182,75057aa4a4c871ea72da2d4b94fd0baf0a65481b2bf2cdd9eb4231a945c43711,selection
1183,f27f79b85dfdfb0f9c42d63657ebe65a258994da4c35416adaa58d1adb49dd7d,train
1184,d0dc12ee419710f07a15dc85cb4758653ace2c5003e7266a0679a3e668c16818,selection
1185,44c1ad37c1020cad5f27222e5a9cd187f942a0cf7bb2156fbeb1630a085b8494,evaluation
1186,7dc802d97b70d54620e0e55992457404a2b93524f5cf375f0e798191a4da655e,evaluation
1187,90d2a462ea8f638b07040bba4418b85b3b4e1d364d21d7c6db537b3335ccc86e,selection
1188,221e8604c8c8237793578d2d95fc68603f59444d70fa588fbcd7c93d5139c529,train
1189,b80c1b00a7f42415ba20e197674975f535cbd801f18bf7ac9de71ee2491ea336,selection
1190,975e712a108d03288758895c5fc78dc491a7000e60a9ed3dc2048865bb3a0c9e,train
1191,ce305a7df1ab95226a87efe1171c3005fd5ec20ea4ebd1c8ff966a3b6e5456d2,train
1192,4726f8eeac7caa446718cb1c1fa92b8147bad148d608fdc48447c07bd87cc3da,train
1193,1d380722ee413e6d82fb989e461353b87b53b4ebecbd90cd7481d5553f6002ac,train
1194,7a57f221c21b95ea7ac740f788640fca414e585e521dcc5500a525b927c92241,train
1195,e36901973da91f4572dc3f211ab00ffeea300ca2457f5ed5b4e511500fb45336,train
1196,ce305a7df1ab95226a87efe1171c3005fd5ec20ea4ebd1c8ff966a3b6e5456d2,train
1197,1d380722ee413e6d82fb989e461353b87b53b4ebecbd90cd7481d5553f6002ac,train
1198,4726f8eeac7caa446718cb1c1fa92b8147bad148d608fdc48447c07bd87cc3da,train
1199,a8b48ec61982bc83c2a47bb7bb834afa1eda7e333aab6a9529d0169b58909f99,selection
1200,77ba2fcec7074aa5a9608277c6b30c97247667a2c75866bdd0f9cea57f7f64ee,train
1201,773ae419ad3398fbe9c1edf248bd31787c920a354aa2bf19fecfc40eb5747307,selection
1202,797d8255a6099a2167b90e252bc70b67eef3b0e6a0842459a35d69a6a98fb2de,train
1203,da47a7f49c1b051d6e5777ee3fa35c380f6303bb614adc07f3e6cd0f546d5928,evaluation
1204,da47a7f49c1b051d6e5777ee3fa35c380f6303bb614adc07f3e6cd0f546d5928,evaluation
1205,9d613a1783510d44e4b29307d76b1bc2cc2ea9bebf7779779f66c36d5e70b2e1,evaluation
1206,2cf43ce8dfe0c77bec8d2aa3e32c2dc940f013282b975d3636228e5c53b41826,selection
1207,797d8255a6099a2167b90e252bc70b67eef3b0e6a0842459a35d69a6a98fb2de,train
1208,80c9b53eb9f9cc2122ee415ed2eea77993fbc7d71909b1658760b17f21c8f5d6,evaluation
1209,2feac8e97db8da1e86d0cbca16687da4cee4d0b45a537fcb916f05aa28dd5ba4,evaluation
1210,b1c5c03bbc1f179f96fa4423ffed8ccddfafa1542641169d231a62a8e9568dc1,train
1211,56fe2d01b044b1bb4321b5a886467245cadf0f27ee12d3109cb007615e847efa,selection
1212,757a78b65b515ebdda434e6df72c740d89e53c009c0339b03fac56ed5e719a2e,selection
1213,da47a7f49c1b051d6e5777ee3fa35c380f6303bb614adc07f3e6cd0f546d5928,evaluation
1214,888c842334b12ad1c8d7f6e1877eece4c9294326656994ab19c6302cb3fd613c,evaluation
1215,24cb10a8d5e9b522acd381a3f1060b37e131cdca50c7734475060f4c75082990,train
1216,0e15ccb7d372d2e9a4ffbb8166202e9033959f882e2891e6544b58694d49a4fb,train
1217,cf1fd018f2c15ea8629e5105ef72aedf88314886216dc2087cbab9fb0e55f90f,train
1218,b8b66e41ba46070d2dde4fb52535dc1987fd42b1e534ac138f672195e64154dc,evaluation
1219,0e15ccb7d372d2e9a4ffbb8166202e9033959f882e2891e6544b58694d49a4fb,train
1220,91ca26372975ad05a48952b3f8a43feb3739e9bb56fc58a8b6243e278f7f9179,train
1221,3600e08405d6ae8f07d5e938d67c56a8fad616d54dfc6b29b360a9e224d0f4fa,evaluation
1222,b26b916a126609f8a9cdb237cd3a526aa4bdc54a0804937ecb26e1d096f0cfdc,train
1223,24cb10a8d5e9b522acd381a3f1060b37e131cdca50c7734475060f4c75082990,train
1224,839469e599ea2a082dbabe2e9c59a0be36dce6012470c23ade0c64f60189ae36,train
1225,b5a1c874dd03827472420ee523b4d6d7f4cd69ac9c9948172fe90914ec36b17a,train
1226,839469e599ea2a082dbabe2e9c59a0be36dce6012470c23ade0c64f60189ae36,train
1227,da901d7fdda7a9bf5eaf88beb27807d603bdc961b3748a5a9bc2a7a659b62ab3,train
1228,973eabecb7a2c68c6e01f0bc12e045c7fb8ca5961829258e2d33ae1e764b26a8,train
1229,b7ab518e1da3048597b31cec4747f64341086a955d836b3a6cc823922fc4a15b,evaluation
1230,ed5aabf69819113d3b805c6319060079f537533b6d1a74a5107fae669554a174,train
1231,1ed6f4937b31a5f6b0caf037b9379495ac21a2330f0dd46f818d3a037e4e551a,train
1232,2a58c1faf7d2352198df52fc9f24e090e0ceb73aad7078726d44d748821e66ff,evaluation
1233,31e6605978bd1dca2336370ae74d901af3b94f5a669d10923a368d4491d46948,train
1234,8e0df12dca2d407e661f58baff003127f3f15088cee8d153c3f63f68498d2bea,evaluation
1235,ba34fa3a16835726880633717a465d9a3d010ec42ce7a53c8c67cf0cb9b1c610,selection
1236,b5a1c874dd03827472420ee523b4d6d7f4cd69ac9c9948172fe90914ec36b17a,train
1237,98893d1ff350139902256ce8413dd580fab43c8b406c880d1579ff1ac9d9f466,train
1238,2ea25f6b0c907b37ba2e34497c26759db4963167626fa016aa099dd549722297,train
1239,274db083a16f27bcb5136e87272d1c6b8f79f52700d2910f531784673330c7a4,train
1240,8d4f5cee797c63f749d46455188a85a6f6b7c57715dfe81bc33a0f5dd9955c02,train
1241,5007fbfbfdf63eedbd0ea064a06c9bef75b83e92090a9a523e457c1ffe86c7b2,evaluation
1242,2d9e0bf33377571b7bde836950c0dbafb04228635fc1768336f7897dc18ff49b,train
1243,2ea25f6b0c907b37ba2e34497c26759db4963167626fa016aa099dd549722297,train
1244,2764fffdb65863035f6c96cb52467feb239955af79619cd17e874e5e2ea724e7,train
1245,8fcfaca4fa4727ef39d4a64552859212389dcd71b30d798d374c239e40e8ad16,train
1246,1dcb6af797e7ee188c4afdf3173b8a5d0e7f9fa0ee76fc403165168bd646a054,selection
1247,42bc59abd653301fb1a4d85a35609ee46fdbdabd75b377ae4f8e20e2bc10dde7,evaluation
1248,d3ab2cff0582c1066bf80d789d718b7d6d0a8ba05d880062969002398d3c5798,evaluation
1249,9f9451bbe1e7f692f94f7e5bf703a41759d2d5a53c8e1f7c4c61b8f55175eabd,train
1250,3f8e0f5be42c6642f183f72e736abca877421684a4c49e207a6ce3419a45d550,selection
1251,498ff2c66f19f9159cad19cf8965ea476828f93ae73d8cab71ebaa6e01cc571e,train
1252,2ded2652cd84dbdb37c02222d83be804cc5a72dbc4a92d5c7225f99362367d2f,evaluation
1253,a62a19f0588d05ca1f0f97275053a6b8b4d1425cb89638baedd1831329726a5c,evaluation
1254,106516442be2e6b95e15ae5024fb8912d235644fa7a240df649811705f48fe5e,selection
1255,4d5e76a38f0c22a326a60c46b3fc72bc11da678c80f8a149bddf6213715c9f24,train
1256,6eb9f535674bf5684d2fe6c7734d91e0d97dab8dd6885e412e0e1a853acd4bd2,train
1257,00d284d8587f941b7f290f96c3d87cc511bc75d01eebbb5a320f805a6950cdbd,train
1258,2107833d0cb295942288a31231d2478bccfbe319ba749848dd7ec2806696ead3,train
1259,203c35b128904ed78b77fd0310253c65a7e8cbd91ed35b17fade0135d2a67dfc,evaluation
1260,731d3c6409dec0c9f1d1d844e1e8be06ae15cf1b7f068ef26df7f5626820fd2d,train
1261,1538e614d6cccc42d90dd1124acb0d748ed067ef707332d30f90d7e784e08e4f,selection
1262,6eb9f535674bf5684d2fe6c7734d91e0d97dab8dd6885e412e0e1a853acd4bd2,train
1263,03cfbc486528544e966f8d2fae21e988e634f8f004970f9fcdd1160d0c7246a2,train
1264,4e422a26186894b9a747eb01709d2d257a624a7fe24358807502838f52808a98,selection
1265,f66743d7c1a749877edc890e865c7d67f28e5004ebbd90cedd46b2f36ba9fd25,selection
1266,1daaef1f9fe9e995dcc670b9641dafd277c0cdcfa242d147a66d6b24ef93d188,train
1267,a09e0944fca992232d20e95f5e5858bbbd9df0d8e1836ebea6d189993a246b99,train
1268,b0c188e771f324253146188de9dbd68ea2b6b28634a395d24429c4a8a467df54,selection
1269,e0d763c5f8f166ca767a6d751dea7d1272e058866875ba0eb59e73d522fd52b3,evaluation
1270,a09e0944fca992232d20e95f5e5858bbbd9df0d8e1836ebea6d189993a246b99,train
1271,cf734bbc995dfdecfcba0c5c6017d5980ac0a0557b1a0b72a466bce7c7d2d445,evaluation
1272,c987a2e02fbe693e8267a87f0ff30320a6a5affd8ea53b949594827549236ae5,evaluation
1273,cf734bbc995dfdecfcba0c5c6017d5980ac0a0557b1a0b72a466bce7c7d2d445,evaluation
1274,e0d763c5f8f166ca767a6d751dea7d1272e058866875ba0eb59e73d522fd52b3,evaluation
1275,169e64c9e6833d0ef628e83aafea849caeaeba453168a60178446b195640cfc6,selection
1276,a09e0944fca992232d20e95f5e5858bbbd9df0d8e1836ebea6d189993a246b99,train
1277,b0c188e771f324253146188de9dbd68ea2b6b28634a395d24429c4a8a467df54,selection
1278,49f63ce064cf950977b17fda9c31572cd01eb374cb9f8253dd5e6f3a729d0512,train
1279,c66effb0df3125b3e382ee1605dfd6158fea2075d55be80d07d29449434494bd,train
1280,f111b8abbc7f57951938a51d3bbf3dede2885e57f0c22944dbf1bfc3806668d5,train
1281,b2dbce689ed941ee1c70a2795ee74398c412b4a6bc2697628f9dfd3a55fcfe49,train
1282,ca117c7c571ed5d98c34b7fbaf9192b17fd6d73876c30d7d962241a609d00419,evaluation
1283,69f221c1791e8aae4ae7d57eb6c8273e77b11e1ee9df3831c04d1daf46916027,evaluation
1284,b2dbce689ed941ee1c70a2795ee74398c412b4a6bc2697628f9dfd3a55fcfe49,train
1285,f111b8abbc7f57951938a51d3bbf3dede2885e57f0c22944dbf1bfc3806668d5,train
1286,8af4f537642d6d7c81f10293b9ac7050111143b2de7662ce7e6d254d0335fb5b,train
1287,d9e6ba62c0ee453433c5fe5a930db0127ffcc0f9fcbb627174b6d6720090856b,evaluation
1288,3d4d287d008c324cae13f3d56cf493d5e5889303d0edc513e4a753d6c20e68dd,selection
1289,dbd99b9246add3ccf713842efb011e40ee0650517e1d7d58aeba5e27fba4eacf,train
1290,a2df5e73055bc57b8a9b77e959616cbdab393296ce7bdbff69a8a2c9b775679e,train
1291,f43ebedc84963dcce8cdebcb3faf8e533f4a17d5fb86694b660b0ede8f964257,train
1292,cca58dc41e5e11c68055c132361c6e85b7803c4e7786dd992e82ceb9d67126b3,train
1293,1378c6e0ba330519a44a8061b53e09e8884ee4cf37309de281006af23146a744,evaluation
1294,08997164cb5c93fb513874b9d75b7dc8f654614d3f9e2826987be1446b9780b4,evaluation
1295,f43ebedc84963dcce8cdebcb3faf8e533f4a17d5fb86694b660b0ede8f964257,train
1296,2512bc54b322bf27e8128c612c95aaaff54581bca47bd552c1b401bb8f3d5ae0,selection
1297,91c35d1d4de37ecc1d0d9a1c2cb2ffa16c4623435a88fa4876d1414857d14193,train
1298,982b1feee29b9ac1b131fbc871d50ceabab9018c13f476473376b72bba21d633,train
1299,a36f28a43b556b273846a2facd90d60e813ce608c4e2d9f76b3e2b7fd120a15d,evaluation
1300,52b5ab467db0b85d981447794de75ddb1bc064c24d5873cd06a8ef5e1eec7071,train
1301,5a8c80a70db97bb4954763920cda71d863f1566ae73b61702819751b42a579bf,train
1302,6f534ef6690ea83ad0f0ec27de1a62be27470964a36365d223e8c1d9f33da11f,train
1303,ebef31898b257b7fdb17ab0fc5a9d98c3e5247a305f147bfabeeaba0fec46b60,evaluation
1304,b20c81bee36a1a97afe0bad56bfb51ea20494e3c9b13d46169ba37cbe8cb4e11,train
1305,9c877f71a70ce78760e1c9c712ee3db7d2bac31165c02d083b10a6b85ce98ec8,train
1306,08caedaf46f64d751d9abf745df6decf318304e76854a76c1655da3de516f64a,train
1307,1b9549808d9209b24fa8d07b401a98d1c3a4f03f0ed529c20cbe1df297a4a096,evaluation
1308,617c15a2c5c1afdf5f945a0cc6ba10381b8f84205f47519b592cecdf08217d8b,selection
1309,e075863e5d7472ba0c42ca2bb7bc47ebdaa1013853b7a0279f59b46291a866ec,evaluation
1310,12058e49c3aa4fa0c3a7a1c12cc17d8875f633e2c18b3f655a376a51e30825b2,train
1311,5bdf82a18cf75edece808f2224bcf637178dd342a6fd2201874de79830788da0,train
1312,5676a0efd955652a5332dc9702142d65febc237cf0e88687fcd9b29b3d509ea0,train
1313,cce86c2bb8a2010b18820479752f79723289d0fa4784a753eae24c6adf5b164e,train
1314,43034712b3450efaf04c4aa25afdd306a34ac2c89610d53329bba22d09b1676b,train
1315,3ae5d320b733f4117d948f716137abbc839e2a7aff5b0420ad548b35436093b8,evaluation
1316,d33adc0bfd239add1efefac02c60aaa877074c0f9a9ebb7b04ffda0afcd928f7,selection
1317,2071aa0da74e0fcec37ed3800b65c754912855e464c4b02df7033d270fb09e95,train
1318,9e18b28b32721d71208dde995772c35ceb2eb98dabb5cc07ac374533f81f7018,train
1319,f1857945fc4d2b6236d02aaf2693a96cf1655023969f5c0c2c65a824064f8dfe,train
1320,201d6199dd56746703b3e84b0892fef9f614646b28e7c5f7176b9791f167a7f1,train
1321,695e9567eaa4cac1a777808ffb7de7f8f28c0fae555e722f841db0b34b4c4479,selection
1322,bcea53cd7a298ef758772cab2b9944aa23a50454d4886268b49afefbe0d82631,train
1323,1c92db0d6e9dd183ec96df33071c07e168a34ea6addc36afc442a34cfcba20fd,train
1324,16109b9714f91a2a0bed9c42f3eaf78c67c77ccf70559c5c0110bf483d17b24e,selection
1325,510118865bb8f8c9a4a677fb5d22f60e9cf4f681c241f4ae48930779fd7c7e74,train
1326,ad3b9e5155e4864cc4184ab1d2fdacf7d670d47004684d6c17368f9a5f717eb3,selection
1327,130caf32b24f238f92dc32a3deb7bdefdebf1e9be1b678f77e796a46b1a531a3,train
1328,3babca06434ae4703b7d1ece1168208c5ea3262b9def345786eea76fdf927682,train
1329,088347ef531a1341d1022a6226e4a277c637af8746355683f987870951b202a1,train
1330,2175d8613984b18c8d170efa2e025bb60f9841d3d7d8fdccb2783e4c1b9f288b,train
1331,aa79987b923fefb84142a095e9edee7efdbd78aaaac5df7245fe979908128dde,evaluation
1332,039e5680796ff08920fe7a73ddfe32fb1a6947943f2a2471db368ef2d1ab59a1,selection
1333,42e639c6e76e2d93ac7fe4fba9265ef8f6e07e9190f668025eef75272e1de206,selection
1334,9bd1259819a93b8c5f6e84c462880763111a620525dc0d2fb9851f8489e2f0e8,train
1335,519d4b7bf8d7f2d484de9dbeff16590bb1101793fb1fe9719c045acc19a3099b,train
1336,af46ed4c18a5a68384ee7ca4b6b167c510fcb83040cdaae5c7ea538f24693b23,evaluation
1337,5bb00a0075a4f8cb0674818dc1bdff56bc662841a55d2bd363b326c6a1ff867f,train
1338,5bb00a0075a4f8cb0674818dc1bdff56bc662841a55d2bd363b326c6a1ff867f,train
1339,7480dba34ac2b1e5ee7113aaf7361e628e7e8734e0e7b2a9f4c656a1f8daf176,selection
1340,40f02c4d40aeebd51b397197f903f9f61cb5e9c7932e65729d7842f9a77796d3,evaluation
1341,509ad522a245066f96f4058b47f5848cbbe55ebef30d20245711219b1786fb35,train
1342,7480dba34ac2b1e5ee7113aaf7361e628e7e8734e0e7b2a9f4c656a1f8daf176,selection
1343,e2189505fd4b584ef6161a3df67c8839e292cb37ace404bb927403ae8e8a5d71,train
1344,c35813909e0bd5a5887ccb09bbb493475ed607fe94370b40e7766678f3b92398,train
1345,3081701b5f42cb97f1199e3cbb0bebadfca92c6de944e28fbf1de1698fa9d414,selection
1346,17cb31a0ff0dfdb2784b5189b1f22805eed46df1b32e89db32113e443850c067,train
1347,db2fc65f6b7ade0554ade874179bb6aeb33c72d4d676557870e5d75212d74c69,evaluation
1348,af46ed4c18a5a68384ee7ca4b6b167c510fcb83040cdaae5c7ea538f24693b23,evaluation
1349,99b19b3158d670cfec51b011f2f94ad46af0974650cc715081bfad6462750dee,train
1350,5c69f6d284292bc1ff5b72ef3cea207f483c0f5f8d535e1f9f1d31b5601e516b,train
1351,2436033e6d98a6c24bc5c5d22ca3344737153aec0a3ea5c273a24690db9c472f,selection
1352,519d4b7bf8d7f2d484de9dbeff16590bb1101793fb1fe9719c045acc19a3099b,train
1353,5bb00a0075a4f8cb0674818dc1bdff56bc662841a55d2bd363b326c6a1ff867f,train
1354,8b96732cb35e408873abeed72ff659a61987f9c7fcb63516ec1d53fe374aae0b,train
1355,dfbcd985b6f08e429843aae9ad2e7f1f6658cddcdadf3eaa7bd13fe2e57ae55c,train
1356,f2b6c4e83935d6496e30ad1556137c9ee905a3b3544482abfdccf4680af74c9b,train
1357,8cdb2e41821f737e9ab413fb6be8d264e45a549b2872af8b4c18a602175c530b,train
1358,cb8145dbbc595cf5715d8632726cbd22d89b1dbfe313d92bd8619d19a78fea98,evaluation
1359,6d06f0276fe45ae49da860364f871d96a309c6de708b65ae0a21e81bd374bd12,selection
1360,aad3be29fa4f098b448aee1c022d1abaaaa8fe1d9b3ab9cbce20ffd2e3191493,train
1361,f2dee85e6627c7b0a7b96fd201fec70d20e9c55a83a251e62076a28a0c295521,train
1362,2630c68d22e84c0ce9c6ac3b351b80e724bb5cd598f54fdea9b1e4cfa142688d,train
1363,eb3e731f33dd68525b099b0c6c0dba72216371bcdfc5f49f9d43814c04694690,train
1364,dfbcd985b6f08e429843aae9ad2e7f1f6658cddcdadf3eaa7bd13fe2e57ae55c,train
1365,9ecd8926dcc5b4093b1982b6d589bc5125c20bf6a62af226ce5f61aac267fb31,evaluation
1366,452c41445a6fd3ca6837425bb4c64583b02fd11972ab32418de40c074e3b5582,selection
1367,cdaff48624e32225061cefa9a65490ae12b69430082c111aa3b5708120940ddb,train
1368,f2b6c4e83935d6496e30ad1556137c9ee905a3b3544482abfdccf4680af74c9b,train
1369,f78293e23deaa700800b6fc8b6cc64b44df14cae2550ca25e8f31cf2246cb5b1,selection
1370,72b9374ccd78ae72dc663f0f6c5cc482fade479f711db7f1101f71f2686ea43d,selection
1371,e4e3a478350c823f4286a1abf7f92dd3316d9d2b532e6d88434519fb63e54361,train
1372,58ac3457191096cb99264e9586c06bd372339ed3aa0834b550ef19af120fcbc3,train
1373,58ac3457191096cb99264e9586c06bd372339ed3aa0834b550ef19af120fcbc3,train
1374,3813fdf4518d4b4b13d93e2c965f244d3b5246904540b1c89c2db03351e5c8ad,train
1375,7eae9d8d194a85e177785f4fa8fa95bc6b1da131eda28a3ab951dda1a7d358c9,evaluation
1376,921b0bbd09dbfba492b4f6b309154ee6418ebf2bfd08efdf538314bd14871090,train
1377,3f5ed52995ac16674060fdeeecd05045c5ec7f23bcbe6dd5665ca779ade53bde,evaluation
1378,c23749d56982b29d07a80cdd3d070aaa761ac791a9781af827b3d1bbbd06e1da,train
1379,1283543c998e1be4533e601b5f1656ebf536865987b9fa241ad3c1df2d18de54,train
1380,7009b5e5a4ba526aefc0ed6f7d677294a450b0dc123e29cc53e1472cac2b7fa7,train
1381,46eccb3162f76f8ff3b7e3bde475f706327cad8926f76d8607925cf9430ec9cd,selection
1382,350ca5757378473a249bf8f04109b2881a86805fb059bf184599bd83b49fc777,selection
1383,3689df59a275f49afa0ab94421e1aecbf919f356a5204d30fef4a66aafb93691,train
1384,d611307ffb2d3af77aba74b9396b03478b47e7bf498749e729ca64356fcd873f,train
1385,cf424e67621cc5ea38af272c4baa1a4627252918f15f5e5408c7bc49dde9169b,evaluation
1386,05e5aca44c95348041eb779214757290d15ba0a34c9adb1f1bb48466d3105ed5,evaluation
1387,fa670d3d34001415ef77a7e464a29c4c20b4a9dfc9747402f50a590beb365f1f,train
1388,d92c98e0f1c7afa74059442c74ab77e84b55b142f6722c5f818389168de5cf03,selection
1389,e6542cbe2bf0930d99efedcf5e24a56e2f14aaccb1a172311ca2d4d36a80a62b,train
1390,29c748fa9e576c8a5f3907a2c061badf79bd3031a90dbd7cf38e78d56e77a37d,train
1391,585e3b383d398e49e91c27912f8057ce729732ae1832dffda88c3f9afc00f8e2,train
1392,fa670d3d34001415ef77a7e464a29c4c20b4a9dfc9747402f50a590beb365f1f,train
1393,8721312976863dfbb2e07785d0c29b824f420e40181f37aaeab8587b47aaf6ae,train
1394,05e5aca44c95348041eb779214757290d15ba0a34c9adb1f1bb48466d3105ed5,evaluation
1395,50ae7dc7203ded27ec214e384b6ced935c8e75b579375230270dd19bf85697d8,train
1396,d92c98e0f1c7afa74059442c74ab77e84b55b142f6722c5f818389168de5cf03,selection
1397,45fc13f384b4710cdcdb224094454ccae7660a7e22c19d681331776cbba181c6,train
1398,45fc13f384b4710cdcdb224094454ccae7660a7e22c19d681331776cbba181c6,train
1399,817ea57c4f198f63891d6ba0c445391e3393158e328d8645bab0aef1d6dfee7e,evaluation
1400,45fc13f384b4710cdcdb224094454ccae7660a7e22c19d681331776cbba181c6,train
1401,6888ba63ee4db9bf960f1c37da592f8475e8ec6c5206ac306955856b8629e169,train
1402,691100a9505302307bd3dbceae59140deb08321af68519db2ed9e79e4300d7b3,selection
1403,48a648caaa58f8cdf733700fe2dccb34ad12738bff8f6f4e9cdfe52d119a72b3,train
1404,fe8ddb11538fa927b3ff5b243934f09d064b118d207a8175a4439cdd3d68b76b,evaluation
1405,d2cb441f3239017bd23c32ea0c4ac7f7c8dcc21b23759238c3f95af81f320058,evaluation
1406,9439c960fa23da6442e2539faa74a4e38be6c04c679332389b9d92e8f07e5644,train
1407,7a8f0e87cb71deecf4b3504666c183cc6d7fc1b55da436142278a4eeb3bbea00,train
1408,45fc13f384b4710cdcdb224094454ccae7660a7e22c19d681331776cbba181c6,train
1409,fe3db0753699e198c63a6c7fcd53ad1e0ce9eff406ef2c147f0fd7cefc20937b,train
1410,9a412391bab4ff271fea9d542870f56fa70aee7d20d449dd4aca81883f4938a2,train
1411,817ea57c4f198f63891d6ba0c445391e3393158e328d8645bab0aef1d6dfee7e,evaluation
1412,cd34b4054e2616f5eb2525830f536a4283e18040015c9aae07b0aa7dd98b1670,train
1413,391299e7e1e31718997d2ea20eb69d38490bbc595a9aa6006ce484e468a4a0ba,train
1414,2b22b893c3dd11393a4d2ab6f78a125022eaf603f6cbb9338994a2940421cf34,train
1415,d3d82144f7de0726dccb867dee086d563258416b65966405449f592c62a7a8c4,train
1416,991e39f263d672b42aa9ea58a53b2d37fb184fc5ca25dceadc96086738135c5b,train
1417,614ef5c3d0594994b764b36229f2ea604dc18a518e569e34bf2f9a73bb7f7f18,train
1418,59a094357baa0cc93c7d5e7f7d9972bdbcd61eeaf5dac001b440e82da07aeba7,train
1419,da6118aff697033efc78a23ba644435a732cb064a8e26009fe4fe776b91d3474,selection
1420,a693bc28da6f8569f4f3f3f330b2e0d4c027ea608d6c786e4baa26ea49194b57,selection
1421,f96e2828b3d019f187568a44222420b8c81e396955a59cf91f7aba8e2fb63716,train
1422,29fb3bbdbc8e2aca258e35d4d0a24362d24a32ef850b9deea2c58b0d47471f86,train
1423,28ce8901995a0e9406626a1376aed456ef2c8565168b6400f068adfba9a2f9ca,selection
1424,391299e7e1e31718997d2ea20eb69d38490bbc595a9aa6006ce484e468a4a0ba,train
1425,b5114731cd7876aa394d257f2b236c490087c211df34c6e32cc04958b02148a8,selection
1426,ee05b48f8e6030d613433b415b5a813319d196bf7cdcf80d6ddb610068283f32,train
1427,3490c6a5842dabee05edf17fe8a7965ae17efa8bf056e26ca552439e2de4937d,train
1428,1744ce5714a5a46134f6e38f25bff6f10968b67efec12e046580e7ef97b2d968,evaluation
1429,16d7d7aac35ba2487298e73ac58f16bb7ca6c09affa25084733c4ab252e887f8,train
1430,aca1ab177cd1422282c2ad4ba3722295eea6ca9be58957de063c3afce3cdd67f,train
1431,16d7d7aac35ba2487298e73ac58f16bb7ca6c09affa25084733c4ab252e887f8,train
1432,b63986dcbbdd1800a90bb14162b5693f2237d3145a0a51d581c6e4d0b9cdfd79,train
1433,93aadbdc682bf14bffaf4c728f697e41e180d863598baf1b0cb54445b50e9a46,evaluation
1434,3490c6a5842dabee05edf17fe8a7965ae17efa8bf056e26ca552439e2de4937d,train
1435,3a1abc7b68380db2390dc9b93510c67d4766315d97ea4b75871bfd01ffdd84b7,train
1436,50667a5780941211a1fdf7956953162dd258b2c1280d4dca96aa6e7e42a1a42c,train
1437,1744ce5714a5a46134f6e38f25bff6f10968b67efec12e046580e7ef97b2d968,evaluation
1438,40c86d5b699f573ae018b6241a4ac7ef3ca3e18edbe30d6f31a7b877078e21bf,train
1439,84b072e9fa417ea645a617a42938345b7dae9efc3c0aae6aa2d586387d9a322d,selection
1440,532169b18c6f234f1b7062f0c48fc55eb4e9e27e059d592437e4ece2c1a80aa9,evaluation
1441,59d80559a7238de9019ca7a8274cdc6845bcea2321474375a546882db07c6c2b,evaluation
1442,3ddc6253aa768e71e2fc6232addeb6cfaf7d6847ce5788e6a607b295b4e9bf0c,evaluation
1443,084083a5e692ec6e6ba4bf64279bfa9378d6675472a4d5a3daf10275d585fc58,selection
1444,77edff93cab933265b9c4f1f7871f4484879dadd7f36c3f564a0c7a14b1ce81b,train
1445,eb4e2448c6ce0a10603e6f7f5599a5ddf07f5b8a78e032a45125218f6ec013f1,train
1446,7b41d3fc6b94d5fb0806e7813129d5f526cc61a604615ed59ecd0cb29c5a2e49,train
1447,66fc3d2c19cbc099ca803542ed0adeb309683cd6fabb3a43756288bcc76767b9,train
1448,66fc3d2c19cbc099ca803542ed0adeb309683cd6fabb3a43756288bcc76767b9,train
1449,e43dbcdd479764044b089f8c8483b0c9004b015ad209b57d7dc383b877f2b89f,selection
1450,77edff93cab933265b9c4f1f7871f4484879dadd7f36c3f564a0c7a14b1ce81b,train
1451,a51e03ab765aa01ff5989cdfd6889622a415008a89bd7feb88098d2bbae5ee56,train
1452,77edff93cab933265b9c4f1f7871f4484879dadd7f36c3f564a0c7a14b1ce81b,train
1453,af21cac1635d76ec5482c91e14e945294fe86dd1f5d5dc7895f7b3dd5f19896a,train
1454,1a799bde3b855bcc1238ad7cbd68c9caecd701615ac2da4bd558ad08bc7eef85,selection
1455,c07c94ab774e0c0b49f270f42de4983b9fa3b453504e16b14b5abfaa550d717e,train
1456,7b41d3fc6b94d5fb0806e7813129d5f526cc61a604615ed59ecd0cb29c5a2e49,train
1457,eb4e2448c6ce0a10603e6f7f5599a5ddf07f5b8a78e032a45125218f6ec013f1,train
1458,ea51c7b726c4fa24265ef79cb28a6ca00fcab982d501801a5d19c3dd78887b93,evaluation
1459,89bdcfb1176c3bc247bed390ff6c4da0889891025768ed96325296463f7e93f5,train
1460,6cfbe4fbe8c15ecefd6b85ba955ef11448d95717b20a0f8c2e553774b52086b0,train
1461,c29217072ed7b7f103051872cf225dae02def5490f94b7fb833fb844db5a85d5,train
1462,66fc3d2c19cbc099ca803542ed0adeb309683cd6fabb3a43756288bcc76767b9,train
1463,451b9f923fd37455f7623a4164daa4af82fac8b34c2fdb2fac6aa16188cba73e,train
1464,908718d19b85a73a20cb7a6596b24ab5c8250023f8ffbdefd26470320adc28c3,train
1465,5d8dfcddcbcfe6f432750e98eb19fa8b9c3f23c36a644ee6894e8ed1f91293f1,train
1466,e43dbcdd479764044b089f8c8483b0c9004b015ad209b57d7dc383b877f2b89f,selection
1467,5a2dbb603674ebc63d82cdc6b8e987aed363cb29ace1f5bdb30b5da8981e4394,train
1468,aadc203279324dbc8bce498d96d13255b74b4c92cffd2c62f3b39cd536c496a6,train
1469,a51e03ab765aa01ff5989cdfd6889622a415008a89bd7feb88098d2bbae5ee56,train
1470,af21cac1635d76ec5482c91e14e945294fe86dd1f5d5dc7895f7b3dd5f19896a,train
1471,77edff93cab933265b9c4f1f7871f4484879dadd7f36c3f564a0c7a14b1ce81b,train
1472,75dabe4777bde13ddbb89bed3169576eaf5e86de416572f9d9a777e3bcfcbf83,train
1473,b4d6bed8ba16c222f070d56a4f96a296f6b26d74bb5317951996b0daa05f72bf,train
1474,028cbc3d02b17a5657b7e94c4ac31d279920e7084f2d220801c5504e8da45e6c,train
1475,63c3baea2cbecf70f4b26357afe7b49f71bef2ff62c65a6916e3fab4e1bffaeb,train
1476,710d18d120ed7084e7350473ad98580f705e6c7e29a822337fe6c7ae74367614,train
1477,046dc729addd9264f9a53882e52152f82872c31aa9ce1665353bdd80d6db416e,train
1478,5c0c3b982f3717f6eb3e5441850d92fe1783eebd9b6a38249816fb20ed7aee18,train
1479,a1df7e67182c838b032715320182cc254c8fbe31eb1535d5dadb5868935178c9,train
1480,63c3baea2cbecf70f4b26357afe7b49f71bef2ff62c65a6916e3fab4e1bffaeb,train
1481,c575997ba1fc62557ea0821e555f00c71b3e3734bea326f062d3e9bd8aae03ce,train
1482,745d9da4485690ac259740c527c7cb00b0292b52db3e67fc58b3c692989d6220,evaluation
1483,028cbc3d02b17a5657b7e94c4ac31d279920e7084f2d220801c5504e8da45e6c,train
1484,ae549984938d76869a52936ed3fc63801a5223c00ab2c270cb62147a8f6ce0a1,evaluation
1485,e5d00c5f9f5f0aed0b3ed868b0e1b8658494421809a82681852f28139b60e2dc,train
1486,766d57e1738902d1d80cd9fa2aed500cbbc40da2ee30447fbeec008a3708dfef,train
1487,d45c577390f5dce3a99753a896b96ea7125b7f885f690149ac9a1348670f0c63,train
1488,f2b657c7a5cac53b2b328bfad1f828b2779d7952244ad733c31323c1d000d03f,train
1489,ca649a647c0f91238d827958caa64647b15ba95583d2783ffc85444534147ff8,selection
1490,34bbfe38091864ad93bf8e184e8f71619e7550f1d67e3a6c615073a27313c7b1,train
1491,ceaab2ef95185a5f37378d5d21e1384e12d3968ab41b01f77d6368907836202d,selection
1492,d5848f58be85d2a99894d09f102a9ee7a09ae15b2a0f35a7406bb1ec6677dfa3,selection
1493,27c86f8fd65ad0d0768b3a78eb67776ec57fe6b301d65bc906196914e61ff618,evaluation
1494,1b79b65ab68bca0fa05f7929eb8180f0116469805c2637b348704f8566e2540b,train
1495,f71350d75a6231c094a37f0fc5feb4f5754d36488d4ba82a78562dbd68893e46,evaluation
1496,d5e5f19fec90fb85a75ec028a3d58fd74baad7269f0e206b521ac541c2949ff2,selection
1497,2fef07da1baaa4423a1f0081f98b9a5d087bfca2ba9821018c654e8ede96c08b,train
1498,936ad6ce38ad0caf447a1b47c7b6020aeabe72be5137ba1abe78b7a7c3795e85,train
1499,cb1a2000842f077da0a1b0a05c90dbe0f56ae1007666dfe0b20cdfe5a0711dc7,train
1500,4e4898e1c66b3664e760b08a1d0a4adb32ba9c81d5d00d2e5d3c42732dbafdfc,train
1501,62635a9e106892f0fd6d089e07c5dd71430541c471532aef2bd2774da4670387,train
1502,96b7b052774e29121b9e01043bdf567d082746820139726ebb01e34ff6965b62,selection
1503,3bea085cb4a70eeafd9f4193f6a4d651c0aafc8dbcd741b3209e0d2ca5745828,evaluation
1504,d00fb3fb4ba3f41802cb565ae775ba48b51b21fe8a64e296ad7d9ead14fc14a6,selection
1505,2363e391ce723afe8dbaf04518798cadc8c04202b44e2ecce4afa392863a22eb,evaluation
1506,5aafe0e9d1be4827f645ac185bb620fefedd5396d532172e8a5461719c14d234,selection
1507,e1064fc79191c85b6f1d881e05cfcf291bd11dbf846f6bca919865f4e6903434,train
1508,8354d95c631595bc6d003008df66aa61e8623b8676eacc2a8a336b9848954a04,train
1509,cbed906d4a0308540507e5a3c69ba5b5ee010dd8abf63db912995c618a7cb90d,evaluation
1510,c9b7534a5e21103ebda7920b73f82a6649c634b962c6341a17d3669a9c47aa1d,train
1511,045042d2845bf4896fc395e7a891eec0992eefca3818120674e1f382f2459864,selection
1512,435c576f8a9069cf0845c3ef2dc178b7b66084fbe58a1fe4071ce001beb084a4,evaluation
1513,8ef5cf4804e13ccc7c13424112a0f741c322ce5779627ce9488097b2cc88a436,train
1514,4e4898e1c66b3664e760b08a1d0a4adb32ba9c81d5d00d2e5d3c42732dbafdfc,train
1515,5bb4d2ed2c4198206f467e41ededadc02cdb0d4b4f6ad205b9ce37a0b1abe327,evaluation
1516,850bf1c70a020d254b453ded96b2ce31660d8700edb7a81b2c959c23da4474f3,selection
1517,d689c918dad6fbcaeb027d8829c2f4e8c4e0be20b930bb138d0b2dc46a536cfb,train
1518,3772332eba071cd89b69e2fcd93b60e7cf200be76bfa2ab884d17fc92fd7237f,evaluation
1519,62635a9e106892f0fd6d089e07c5dd71430541c471532aef2bd2774da4670387,train
1520,c40218540aa0c0f7a1c6dcf19664f51bb6c6c37904bcb40d4373ed997ec22ab1,evaluation
1521,96b7b052774e29121b9e01043bdf567d082746820139726ebb01e34ff6965b62,selection
1522,6aecaf86e95c06af90a0f8d3e161a3b19c3dc5a6f99b4444af2dc21a5d3f75b5,train
1523,deb2bb3361dfa1dbb0ccb084b6ada731c60f1da2ad769f9c8eb2a470279a7a45,train
1524,e26198c822abe7762aecf132fd1ea574a6edb1853b78b219596a14465a8b8f06,selection
1525,7da71cf5f06d74eac454ffa98f9a048160e1d324e41963d39791bd7f6e29b9a8,train
1526,e46898768fe4617565f5bfe495b24923b8454bc1e1cc711e5f57ec614c40c876,evaluation
1527,abc43ce30c016051f5b849502ccb36f9d71f0e02a4ec210bc8db975952ed1c61,train
1528,7ac9d8249d1c6ca6ff9cdca49cd2cf91bc5887ec6f6cec99af40bc39198ce1e6,train
1529,e26198c822abe7762aecf132fd1ea574a6edb1853b78b219596a14465a8b8f06,selection
1530,7da71cf5f06d74eac454ffa98f9a048160e1d324e41963d39791bd7f6e29b9a8,train
1531,a9841a97872f95419889c3ff8c4cb6c3ccf11dc3185a8e84931104e75f0d0daa,train
1532,d544b5ed6b8ca092b8bf5e48fabd5ffe5d9659d87df2a4322f50b4caaa902609,evaluation
1533,578fec3612c0191ab42e671c3075756f192fe1992c1776164247579de5ebc750,selection
1534,742fd3d690f5b6714514d89710868cc83ce082adec7b80d978e2f67160eb46e8,evaluation
1535,16d478185cd738eb650c3b71a239cd7130d6511686a35848a0c14fd3aa1cd164,train
1536,3cecadff20fbb1d3afb03e6e83a4183e67dd627b323c3090cdb253db524aa85e,selection
1537,6d81baa766415fb33bb2c68aa71c9807ad295643c43012d203a4841fd6bb662f,train
1538,659a100ab43a579c039c48bdde34eb074caceffaad7723acbb1268db8f5b2857,train
1539,578fec3612c0191ab42e671c3075756f192fe1992c1776164247579de5ebc750,selection
1540,742fd3d690f5b6714514d89710868cc83ce082adec7b80d978e2f67160eb46e8,evaluation
1541,6af668d2d4e04facca992b57a54957f5affea7c2b194741340a1b003fbaac656,selection
1542,64b8c8cd9c2bb2d42de168d02abec08cd51c5d1ecbdad911566edd6a924c6501,evaluation
1543,b1ce84d19e591380442d229d3314d950096dfa1e846063b95793badf17ab0c41,evaluation
1544,3cecadff20fbb1d3afb03e6e83a4183e67dd627b323c3090cdb253db524aa85e,selection
1545,c6a0fe0cc2b8d2ced93f2580b97038a959496facf4f213b4870625b35fca1d1f,selection
1546,9c7ef8842e8a88abe21726bb3a6f4a5aabd94a99ac8cca768fe6411b747e2a95,train
1547,be94941739cb9da73d1dc5ab2b870db04b94561dfe6b98cfb071e24571db5534,selection
1548,8a35e381acf8117eabf4a5f61d0f9f5831582d22a2c39792116d3e216d2b089b,selection
1549,16d478185cd738eb650c3b71a239cd7130d6511686a35848a0c14fd3aa1cd164,train
1550,f164754c52ff04306b6b2f4ab7c6c222acc97e2a609003d6294ed1e774b5fa14,evaluation
1551,bdd06d760bc1ca9548691b596dbb1bc9796551d3eb77a3e77f66683dda9dd71b,train
1552,7b7e6f2ad218da376e1a23949f3c9560129cb343078ae9a3e213c131fdc1f716,train
1553,ae5b60a0c356f3828878d084cd5785197af2927f36f93fae7fc736903b56f1c5,train
1554,0ccd4f6b1822f5f0daaa07692ffd28c1351560442bc57bdf26da3cdbe39c6d45,selection
1555,fc7c66c8ce681ec9813f820de6303818075b6c156d3f346a98c7b70377ea7f09,train
1556,a5f139481c26681266f3f9f7fb1b82f3fa2ddf29d064915962a90f1c2c4b5c7c,evaluation
1557,f164754c52ff04306b6b2f4ab7c6c222acc97e2a609003d6294ed1e774b5fa14,evaluation
1558,344cc8a8ba046dc8ba9ff169ba9a305f424ffb85ed875f67cb6bf46af26ec677,evaluation
1559,612c18175dcfc192573a23f5dcc4114c50fe4778d78342251d78e2b6d2f36f16,evaluation
1560,274ac1ed743b6c9afd6104a958176ef3089462b04b69c78c2800686edeeda461,selection
1561,161620395ba88ea606773a2c26b76d475784388fd0af8e64ecdf3719cbd3e7db,train
1562,c8f7b9e76acb8fe53b25d21977bd87a4fecabf22d7b07861774d332626d677b1,evaluation
1563,274ac1ed743b6c9afd6104a958176ef3089462b04b69c78c2800686edeeda461,selection
1564,161620395ba88ea606773a2c26b76d475784388fd0af8e64ecdf3719cbd3e7db,train
1565,a2daaf50810851771e77a92945fd42888d7efcddce134ea61fb20b60fb51a980,evaluation
1566,f0d06a3234565152e4bd5dd4377951826a8068322656bc49e9dc3a5d2280e6ef,evaluation
1567,ffe64415ca9cec84e27f3d0fe997792839fceb2dd500fed4c795e8ef3c8f5a06,evaluation
1568,3267e25d28a3e3f9152edf082a44dacb08fe8974319d425c912e6ff184c98264,selection
1569,8ddd24a6c7ada00f53e17536d7c66ece71ddaacdf5e95acadeb8e74b67c59485,evaluation
1570,4c2160cbf4f852a380dc4d9fc984b1847a130ede25071548afab3ac438477d47,train
1571,3267e25d28a3e3f9152edf082a44dacb08fe8974319d425c912e6ff184c98264,selection
1572,114e52eb205d1b3f1088771a0dfa6a2830456e22545eb36c5e3af7bd6c5cf45a,train
1573,0dcd3168bf980c0cba48c0960206dfaf8a745b549760ae29360bd3a9ead2c8f1,train
1574,2ae227e33c100f1568f538cc3c839bc0f6b8dfced2f08fb5eb4f75ff84a588dd,evaluation
1575,b9bc2cc859b7071b6c78cd574fc6cf1c5111c540971918a0c77693eff584164b,selection
1576,debe17d3e4e4c6b546cfcd89b57a165f5080788fe264e1e6fc37b2f1b4b5ddca,train
1577,7e3d23567e342fe99615128a62c9f01ec18e9ef887e344c8a2f3ae248f790f85,train
1578,1bf05d240af6d32e00e17646d4e32ebc9aea13150920d97becfb7ab93e47b5fa,train
1579,80b93809eb09571bc78221c424ac1fb594cf99f8d7874b0ef568d687f70d5e61,evaluation
1580,23f5192d55e38ac2cfe6c3ee5af8b007b8542c20bf45d4862cc6d5e2643b6197,train
1581,be8bb6e3dcf195efebf23ed276fa8c0c6376249981412f445b22311d7a7b06f7,evaluation
1582,4a97ad06c48900711ed406ee8fe366224ebfacbd1324d0c2d7283e608dd2a0fa,evaluation
1583,1bf05d240af6d32e00e17646d4e32ebc9aea13150920d97becfb7ab93e47b5fa,train
1584,0a7c990f9a7dc6c6b64f073bddfb9d8e68bafcf20b13fc6a00633666be39d965,evaluation
1585,24ba9c765d5140250bd37ed21202a465813616f7b1d7c0cbfb1e0df8f3990780,evaluation
1586,3e99d412dbcc15aa6ff11a1517dc216bd4a122bdf6713152f99734b998dc107e,train
1587,0a7c990f9a7dc6c6b64f073bddfb9d8e68bafcf20b13fc6a00633666be39d965,evaluation
1588,24ba9c765d5140250bd37ed21202a465813616f7b1d7c0cbfb1e0df8f3990780,evaluation
1589,7a43a4d543359b89985ebd697c39dd4fdea148af8f237642583be0f58a00fb2a,selection
1590,9f5216a63d213392ec33b1bf9f17aeee802caac01244dc0711f729e0a60c426b,evaluation
1591,a345b3ef12358043da75c6f8cce77d086d514f8618bad38f52b3abcd49a81c55,train
1592,abc85a680d6e95afb019190b9cedd9db78ffe3785ff5381efd035d06c5bd2667,selection
1593,0e0521ce166a088c59f79fafe5af52ba722c1ee7b4d57660376c4f3d0daab0b4,evaluation
1594,c9b5e221fafe8dc3416797a55a256a9e3548e18eff1bc2ff293e6a69ddebc8cb,train
1595,13b6992dcf3b4511bd192e44cfcf752ae02ffc0f6db329f2a5a353751e70511c,train
1596,ac8176ce297655526961f8695b665cf1ad7f7af8ac225accf922941339609f08,train
1597,13b6992dcf3b4511bd192e44cfcf752ae02ffc0f6db329f2a5a353751e70511c,train
1598,83c953ee8e8d86f05505b8bf795a96b3a9779205e0606d36ad2da69cafd33d43,evaluation
1599,f9e901d7131e8c1552f70b0d7f5f6746d357b7ea3476593e5973445aca92d25f,evaluation
1600,c9b5e221fafe8dc3416797a55a256a9e3548e18eff1bc2ff293e6a69ddebc8cb,train
1601,3cfb5bbac21ed7e2076b430f4222dda8b92303c44a35092cebb7577739d82178,train
1602,d4e95ce39b2695aeee30095308a575d3d7eda5d54d670c3206d03f81f4539a01,evaluation
1603,1e06a0163228d0455f8c2601a0545ef1c9ee5b6bb339135a34b9ab638d212bf3,selection
1604,29a742ee2bb619627cf5828752748c39f7c83cd379bb518fb5c35c4639ba59e8,train
1605,9568672729b31f9cd26ff703dedc1fc7c2317b65670719941cb2336b37ab1e08,selection
1606,8cc3c866f2c17df0b34020b6e2a8553025afb77e0e4da79cbb57b0c94a272db7,train
1607,9f52dfbd28b8ef4e93f2505b651377b8cd9ab7156cb65e51e42323ee500bc92f,train
1608,adec32ff11ee6fed2eb5ddcb03d365658657d6c2fd30299f7d02c7a3828fe4c6,train
1609,d2aedb8dd1b63beb7b02da5462828b75b7de9e125f9999d475e686b3a607ffbe,selection
1610,8cc3c866f2c17df0b34020b6e2a8553025afb77e0e4da79cbb57b0c94a272db7,train
1611,af1f14261cb55185db2f9f7b56178c9cad92616ff7efe0db4140c68e335c1391,evaluation
1612,a3c4998a84b8fc4eabd7129db6185d38d3edad1ca5c66ae11cec0611027ca49f,evaluation
1613,6f67469b88676ce18c04861b16b37bc73000619eeec802175675f425fcc338cb,train
1614,dd65e0b7cbab6ca58c5615b682030f03eaec072d0f36ba1c6a8a5c53be9ff6b7,selection
1615,53d84d20a441ae625e8b77afc8b387b6f593de27646094c325c434537a755131,selection
1616,f81909f12fb21342082347e5bbdd86cb7fc08418688e0c8ca48f5ef0931b2c70,train
1617,c8b37df4366e77499371e478dfac8ffe48a11ceb1efa6e03abe9f18376970824,selection
1618,83dc6a26d0f2ae2368b6af1898af87a839611c524ad42bc0f271243f69736d0a,train
1619,7d3d3480bdf292d0046a1837b081543e332a7b7c57f821fadd896d89e6363531,evaluation
1620,a3c4998a84b8fc4eabd7129db6185d38d3edad1ca5c66ae11cec0611027ca49f,evaluation
1621,69d2a81e7e2aa7bb2cb67e60f0be39cfc04943b97406226b42e5e2c51c90e27e,evaluation
1622,968ba87d0bd8306fd0bf77982d27c26fd69625316a8da925c8763000fe969c91,selection
1623,327885c99c7cf9d2e273ff05d65af6a28be22b807244560d96f8025abea5111f,selection
1624,9f6610b141f91e3c8eb6e8903269153f29c12b972ca858af3fcf4a3f0bdb7abf,train
1625,22f5f5145520a59b7985bdb2fc9bc8b36330735f29b36de8a9ce9f012886bb81,train
1626,a8d50c7452a69864ee9766c18475faabf39bf27a0aa13e848bc62c728ad2ca4a,train
1627,69d2a81e7e2aa7bb2cb67e60f0be39cfc04943b97406226b42e5e2c51c90e27e,evaluation
1628,8ba300b23b0c3ae4bb8ba63f91830f97f2afaa935213f2f3a5fe919579006bab,train
1629,a1058433d0d5634026cddf1a96156b2cd2309bd656bfbcb5e620245bfb74f9e6,selection
1630,b02ce708d3ad48a07e6778a0e30a2934ed5f3637a38054599a6e85d67a936c19,train
1631,8ba300b23b0c3ae4bb8ba63f91830f97f2afaa935213f2f3a5fe919579006bab,train
1632,4e87d585367006c7a1bb10a02b526231eaf1ea765a9b5500f79715c379e3b028,evaluation
1633,343181e671cc23ffec30a38d2813a249afb3ede8cdf2ab26251ffb7e77346ad8,train
1634,8e33390214749178300bf40865d790395afd4426bc211827fe561c36387241f2,train
1635,566c6dd76cc15cdc957fb89c883a4ae9512ece20ef825cb27184494dcc0541d3,train
1636,a8d26cf24e703438180a9f24a1916628d758a9d94812565bc1033ad7477ad2ae,selection
1637,e6bd4c84ed6857cebc6bf344604f9883ef6302960c753af3aab3202f602bb1d7,selection
1638,d619c2783848149734885918ad0b701bf7718e6ffda8a699251815cbf25d70fb,train
1639,e7b58076f445ff67eee2a9bfc6f2bf5f3049a3c6b733bd7509b467962d4bfb7b,selection
1640,a8d26cf24e703438180a9f24a1916628d758a9d94812565bc1033ad7477ad2ae,selection
1641,ceebac93f043a033d393c4e3a53b2460e627061db7e69810a5cff7c139ac2a7e,train
1642,408b4c9a4382f537a781d0dd7b2c8355e29eca3222b46129858449ec463200ab,train
1643,d0db1346f4f072d8589cfc483a88c5e3035602f2d370648a4cc1b33b7c7e92a7,train
1644,408b4c9a4382f537a781d0dd7b2c8355e29eca3222b46129858449ec463200ab,train
1645,0419ed02c0e860ad40c148c49637df2baf5394dfeeebff86a1cfb8885f63ff88,train
1646,ceebac93f043a033d393c4e3a53b2460e627061db7e69810a5cff7c139ac2a7e,train
1647,7446c645b804ca0bc0cb4d97e66d91805e7fb37aed6e1229dd4d07873c379a88,train
1648,e995145e764b1c11530df8d7155d14ce50f3e7bfa195e405b2152f7c60274479,train
1649,cd14ae852a5e16c0d02a96cd7a34fba123cc81cc3c6c2ff7fc190611d4e4f948,train
1650,19f7708072e197cb280d1cba3da8b816e94bd574e4eac7c77dc45a03408363ea,train
1651,7250a7c2f7ec28623ba9d50dbfcf22fa72c89b27110b2dd6479bd3228f7fd483,train
1652,6cc17fdead35432b0684335f04e4caef780881164afb016e8d5733880bf8ccb6,selection
1653,2c111cc1e203f74cd5af331cad45e1b1393fcf3485c74f7c4192768bc3c8619e,train
1654,1166592703fb21d4e5177b76ccbbc09ab4413e46e681d577552474cc5a905dca,train
1655,18078316ad31c6f7a27ccca8f799cea201dcbab8ca9ceca1329967627f4a0b5c,evaluation
1656,be724a80c66a167463fafd2d4c9e9ca4ccc273f7ded1c0943a6aa5ddd6634277,train
1657,937933f3a468d4bca5c2fd2c16edbe02bd208071fec799a4815f141e29cc0b3c,train
1658,438b8c61babac1b1859287fbe217c88c3e7fcb235bfee05c19471b6822503cc8,train
1659,7a4004bdf814bf3cfded8a2a42d91c96e310d1ebe7c74e4d9cf40a0ea512d191,train
1660,dc03a5e38ce7f8330b2afffa4648a471c6e5a17eff21e623685cc1a65f98cd7e,train
1661,20ad9d160751af2f1d5a78be93bff6824a93f90188a58c92d73cad90b1392470,selection
1662,c8974c84d6460eea1f79e0a3c24c2dc70f44cca8c8b3eec16aac67427af9038b,train
1663,2c111cc1e203f74cd5af331cad45e1b1393fcf3485c74f7c4192768bc3c8619e,train
1664,2dbc5cd0edb22ceefff714eb49e037f73479dc719ce2387dc86ed6bbd741541f,selection
1665,deea8714c2c0fba35755aa8788b9973e2fb155cd76e42b72a5019ca2997cd905,evaluation
1666,44da00da2cb8e326efdf8a89063d7c4f93379964983f4d59555b804049deddd0,selection
1667,0ce1c3cd4a6554e251228d76ced0f3c0e9fe31e1258f3b6ca4cee43fae187a14,train
1668,309ab72f5ee4a710f7319023f8421520737798deafa9199bd09fbde821637467,train
1669,4894524926eb784d62a84f54713dc16a4bd9c0d5ca85f691af61ea9b5b41805f,train
1670,aefba0d0613883af0c0bf3766611996c60b6bff48940da40b9fbef15a718d0c3,train
1671,f84e378688934c437ca75500e1a578e23bedee1c7e7769b0b5d15d3a9c5824b2,train
1672,c254c02f3b971746a8ffc37af52bdb256025bae718498b66fdaea77d2b69b0de,train
1673,ccc7296f2bcac864f55461ebcb96a175447ab65f0e399835087de4881f303265,evaluation
1674,09fe856d09a8c50d3bda96d7bda0ba39e27d1caf496231bb08e0b871967bad72,evaluation
1675,db8d724abd16a39903d985544faf94f7f8308d365b07ddb787c1d3b9404d9340,train
1676,f84e378688934c437ca75500e1a578e23bedee1c7e7769b0b5d15d3a9c5824b2,train
1677,299c5edb5bc4c8b8436a8d4384e9aed1d6b4b7a1291722dd0ee3ac926a96ee5c,train
1678,f2e8845d7e9c46ed80352b8eeea5afb091af6224cf7b01c60f2aa45f6e3cf345,train
1679,55599e5b6c3ce1807f38222d270e4f4e11adb31f9312a575c01d8da82e3131ba,train
1680,e75b356c48363e17ac44240ae2cb80596c1c4f92f55c5431f680eaf0fd839d1a,evaluation
1681,c397bca5355fd23450934261c48a934eded84558d222807687b5726522e533f1,train
1682,508bb4777dba67f2dcaec0c2666f7ffe13181b4e9ca8bd86fc0910b44cc4b725,selection
1683,508bb4777dba67f2dcaec0c2666f7ffe13181b4e9ca8bd86fc0910b44cc4b725,selection
1684,80b1446ae3d317e277ee5970bbcbb3f9234ba82478812e790aa9699d1b5d62f4,train
1685,508bb4777dba67f2dcaec0c2666f7ffe13181b4e9ca8bd86fc0910b44cc4b725,selection
1686,7d3d4d26f7dc4819315b23351c05761210498794318b448fdb1187b9bdec262d,selection
1687,80b1446ae3d317e277ee5970bbcbb3f9234ba82478812e790aa9699d1b5d62f4,train
1688,5effe562e244aa81cd111302aae98e89730e43adfd400b74f849aebaec09d800,train
1689,12161019087dc0fcf45a8b027e0da067ab1f1a6bbe5c7be8677a9d964eefff13,selection
1690,8a89c4f7f45e66bbe334da475a12a9ea22998b8d35523475d4545c9242dc9911,selection
1691,508bb4777dba67f2dcaec0c2666f7ffe13181b4e9ca8bd86fc0910b44cc4b725,selection
1692,0e379428c173281b82b841d4d62ed7a94cab459966419d637dce7fbcffdd3f76,evaluation
1693,6e01188adb32c84637d54995c76b9da0f701f6a784d7614a17997674b32059f3,train
1694,52db7fc38f0b9b49e73a813d8d6ab2ce8e55c0b85e1e53b8a9dfa6a863bdcfe6,evaluation
1695,efffa92faeb5d4323e1cbf8df8439b8ca9aad60afbc449b040cf7acb74f7a0cb,train
1696,4d049cdf95610db2b592c05de603044edb88ab31505c47d5021d84ab201c9919,selection
1697,70a196123df87275a3ae5be2eed12ca42b08f5972ee335f596de282c6c208382,train
1698,0e379428c173281b82b841d4d62ed7a94cab459966419d637dce7fbcffdd3f76,evaluation
1699,e8da184ffa189fb9accb4a63c608b5b7130edd9352dc34bb41125d85fc717070,evaluation
1700,216e472cc8049021c0a65e135459edbab53b7fc301adb0c1dbcdf72b7db29b94,selection
1701,e56138a658b3232c89770d046394b85fa97e91708dadea66fad6a8b06f3682f8,train
1702,4212c998ff21196201e417407e514483d4e6a478724b6f98d7fffd1332728b3c,train
1703,7b1452737fdd288c5416214a23b52bac0df0fd8f734ced8e392c460218698638,train
1704,e406f45f1556b87dff32f7aaf7433dc2af005323c2bae10300622a8ce5096a87,evaluation
1705,77bad43afb7f997797c951dc856a38574af43f9db6b2b9cb1fba50a856954420,selection
1706,ee18474bbaef36b000b46712d25dc46d554e55bcec228f7626e55d096f141a86,train
1707,d9d3754889349b62f13cdb9630b8b28c107a1ce3c0e26d2f83a694b8f040eb95,train
1708,b019062d658fae335c4dfd74c8c7b7ac5e5e7c51063f3b22154ee1a0abce385b,evaluation
1709,9ed01fc0e16f58e917aa96c63966f0fb0192cb9159ce8629b252ef5bae99ea39,train
1710,976e6470037e0157b35765060d6c13bd4297d7626c946a3b99261ae8b708b2f1,evaluation
1711,cf8b093370e0ef5e0493fefe3772c14ca98ca9a15b5c7b375ea376d562c6c737,evaluation
1712,b454cda0787ec2cc7a93fb9abed43ee687a65583da81e1466076773ce1fcab73,evaluation
1713,5481aa9d9bd6501b101afa84d2beff5a2734a06776ad84d18565fc9534b06c6b,train
1714,244d3b8bcbd2ac88cff78b925f72717ca4011eacccab812ec14017c27bda5a42,evaluation
1715,958a73e20cadd2a6964d8a477905b4fa34c04359207c7c3ee8638d7facccd33c,evaluation
1716,de32c1e2bf990abce587360c57f7de8be11a6e6a091d065fbd165ad11a11e1a7,train
1717,48a1e75fb66b2d97c264a01b3677aabcc3834284f76838f6901cd70a8013120a,train
1718,626842f32516508c2999a63a7c2b1cd753b84df83ae4404eed8a364869cb45cd,train
1719,14721cc070a9ba4735028971133f1bb70136c1e2cb4dc9d6d8343a5247f60825,train
1720,5c31015098437c522cc52eaeb8422b6834ebb6bba0e169c103f139d1a160a754,train
1721,43756988315824a24a1031695c1a06698642d9f35532d0523b9905150efd949a,selection
1722,4937484b23f05d5ef7e2b46f480ff766b4b8a15785bfdde423a3b85e10e352a8,train
1723,958a73e20cadd2a6964d8a477905b4fa34c04359207c7c3ee8638d7facccd33c,evaluation
1724,afd875c8780203515b95c6152604ea8946c19faaa5b61a8f3909d95b2e8618e1,evaluation
1725,33ac16966401427c8e22196f5532e588d72e1497af6940355fd5fa4302c2f6f2,selection
1726,d61f8a4333801960e696fdfa58d1094974c565bbdf90dda626df5e5ee03e62e7,train
1727,118ff06879b94e52ef41901160633aa418715372cb9d85924fbc781cde709cc3,train
1728,244d3b8bcbd2ac88cff78b925f72717ca4011eacccab812ec14017c27bda5a42,evaluation
1729,0838a1c2ef8de922f1700828ec2d56ae92e2b85a494c04326671eb1dc02f3f4d,selection
1730,7dc01d8888d0b4466df22982d0ae62a94d512ba02c25c5a4fbfb5c91280db570,train
1731,03f8aa0d46744047feec8ebb0c8e294b915cc7047dfa128e89baee74bb6d9c69,evaluation
1732,19a978bb7f80e39ad81aa5f147dfe470ad63a0c73e971ebb1477f90877cac053,train
1733,bdd5268d340d134cf81b7bd70292c2037966cabbbfdebdc8cd49b2f885f00bfa,train
1734,d8f3012e970f17bc63ebaaeae61ca887c9bce4e8616a5005423ad59b8ed2cb0e,train
1735,1b7078b907892d7a231893b45fc5e9ef529275bafe529353b0cd2fbf63a55c95,evaluation
1736,88e4f432614e2d99a8e6be6a8ac6a158b805898c3501c5c77e333b67291cc740,train
1737,d8f3012e970f17bc63ebaaeae61ca887c9bce4e8616a5005423ad59b8ed2cb0e,train
1738,72a4f9d8f82e16e0924f127adff3e47d834a9bdcbd533d7421428401457db751,evaluation
1739,08da391b2df3f6652f6acf62d08b2291a9d3ab8086281764ef04b816f0ad9da0,train
1740,96a934093148fc49bd1a7b803385e328d87622e69ecb2bd52e7842246c5aa8b6,selection
1741,17c661f7bcc0dec005c2ff94f75e3ff8ae4b3c1cbe2f363afcf063811399bd6b,evaluation
1742,ecc739c7cfc445c1d40ba789575c958affb3692d8307ea09d1ee6d7a3597abb3,train
1743,619dec6a64674f3262016ae4b0d798b2eb91e72cfb9ebcd14318e68ff443fc04,train
1744,abdc2c7cdcda5b4607d6730dcbb523285982cb68e60fc245236375a8c7711c07,train
1745,e3f390d907d0efd509bdcf550b69e8e145c7cee4e1a6e471c5044a0896afa4e2,train
1746,00a6c8d33a698c09cee4639c23cadf1a1bf0ad054ae6e0e9cbeed2999ba7962e,selection
1747,619dec6a64674f3262016ae4b0d798b2eb91e72cfb9ebcd14318e68ff443fc04,train
1748,3ffd34f1bd9d5175fbb5a6d360ccc703a96ab84c3c9ab5beaa70222d55141427,train
1749,f20762ffaa6492e19d89d312f886b842d5058e5b1faf766087eb21731b829e1b,train
1750,88dfdd767e9c159198ec4e4e1ba6a360b75cfc7ec4f57faca48809ff7b65c870,train
1751,9d26a51df5990bff397661fb9f1d33cd5371df910f7bf7e1ab5e8b53abf08123,train
1752,a154a6893359e64f9efc3736b74de1b2909a5efbdb608da2a8559f4f01ecb192,train
1753,7ad00608bb0bff71efc87b96c69c1bf7256d27cadd4b42ac9318a42fc3c77023,train
1754,9c73fa385a6b308dc7d746be9893fa48f1accb4da60e5a62cb82c84c0b60062e,evaluation
1755,ecc739c7cfc445c1d40ba789575c958affb3692d8307ea09d1ee6d7a3597abb3,train
1756,34bde08d19688d4a970fcbef91f37881b6f84608f07ef38691b1d46b35d6610d,selection
1757,9739d9a3798af842925a37f013b2f92e36488bda61ee0ae3e577847bedfbc0c9,evaluation
1758,661c07d14e83c9aa303d7a2642950104b61d9232a15f85401176f8bf580ff196,train
1759,a08d1a51460de8d7f9d9bd33a9c91431cfa665f0acbf94d7476b1760b432a881,selection
1760,7eaa7928d2b04860900abf5c56071ab555bf86830c53828b52b818650a0a2d2b,evaluation
1761,4366878d4dfcd667bc8de00ba987e62c28170e7c7cb10700b3c42ac4ca009933,evaluation
1762,b0106ffd4867c882e0fc74b3e5abfa888f36a2b8ef4fc6e84fe5198e3b047b2f,train
1763,0910302bf3795bffc280012033e19440fda3d016fda39ccd9557e800c72d283d,train
1764,34bde08d19688d4a970fcbef91f37881b6f84608f07ef38691b1d46b35d6610d,selection
1765,9739d9a3798af842925a37f013b2f92e36488bda61ee0ae3e577847bedfbc0c9,evaluation
1766,f74b5654514edacf6f731a58f800e4b00f0755d5bfa27926fac3c0950074fc30,train
1767,78d4ad1011599b339ec08fcdbf22368dfcca1fc80ce36e31223dc507237cae41,train
1768,2066baa62892c8d87de2a311ac570aab64f26b0b7fbae59cd94d414505c494bb,train
1769,99a2930f90ee7a59c5afa6a7c82806a1cda96c588b4be3a7de58ba4b46b838f4,train
1770,dbdaf8059b8325308f5dc75127440b878d601c4aff28192f77827f65781a7e30,train
1771,ab83c48c3207d98ee086e400aa54d375ee984efa7e283b53d7511e3da6afd0ba,selection
1772,0cdacc0b66231c6ec82f79290be623634d0fa48cbd1cbfa27ede9fa6bfd9d152,train
1773,dbdaf8059b8325308f5dc75127440b878d601c4aff28192f77827f65781a7e30,train
1774,105ce16240fd17e9695760944bc691b6880e1b9cc60cb1beac91d37c1ee85f15,evaluation
1775,3f692fee2df8afffb3150638c295c15f05f2500112ad8e6a5224ed1105c51ff5,train
1776,559c4df9e92feccaacc0ca76de432041b4c3da309543e507d8c9ce6794fdce02,train
1777,ab83c48c3207d98ee086e400aa54d375ee984efa7e283b53d7511e3da6afd0ba,selection
1778,b51fbdacf9d2c11d486b622966f24142867679b23ddffb97ae18963f544764f2,train
1779,b51fbdacf9d2c11d486b622966f24142867679b23ddffb97ae18963f544764f2,train
1780,f78c86e308f7d30083877be8a2b6555523c2178135d42af84dc238dc765557a8,evaluation
1781,0ac0d67d04c814d174a288e933cba52ec759e866bc0183a6ff7f63ef32c709fd,selection
1782,cb9536defa9383bf705a5235071b548d12aa99f1ed0a16d9484a88afe712f67a,evaluation
1783,ae657bb09aaa0f72c8ee8cb19e377b30264c409cb0b7ef1ebf5b600115b3bbfc,train
1784,a663952b29313d0617f4d585c24c69fda0ab081287576d62ac01b1105519b97e,selection
1785,cb9536defa9383bf705a5235071b548d12aa99f1ed0a16d9484a88afe712f67a,evaluation
1786,71333f4122cf2caebb36432b590070f2c7a48abf137026e6824997e94bf46491,train
1787,500a7d0eb503bd01bf1585f2fde034f75091c541955398baa6995d4fd4abc64c,train
1788,34c1d96051254150cdc312bdd54a52af052b9562b488511b8a4a6c497e19178b,train
1789,8d8c94e751f7ae516a28e7d926c04f4004fa8844b95abb4093fcef7281a9e6a6,train
1790,c98d1ef07d0d6ec083c6856c707a8e49f9a858b11c4a7a8822f5026b38be1917,evaluation
1791,7df97ced433e1b224d53534e847dcebac83214e13f6fa59f70aa5946a8352ed3,train
1792,91b6b8b71ea7eeeb80d716550b8c0effff33998540cf7597060b7ea015673a63,train
1793,38ff9c482aaa7f359c4b5e522109b7e494a13ba597c7fcdeb2adde4edb5d9b46,train
1794,4f761ace87cbf6b32220029ede699099b300ffd0c9a013144ea0415a5259c385,evaluation
1795,150f2841c4dee16c9fdb5c011e72245bc68c8f3b039a1d4dbf81328b813c0844,train
1796,41e42cb1f07b9d044ed2300513c1b3d445ef0b0ebeb3a575c2bcdc53a6481d09,selection
1797,2d30fee8d39ea670b1a5c13ef235065205e2674553ed74707cb2e6437f357bfc,train
1798,2e7bd326c054b037ced439a1c72e6b4662e1d756bea5148fd9ae6afb71963bbc,selection
1799,8c37c4eab398844a3209377bb2f9dc166872cc38d6290909673a1a3bc8110911,train
1800,9a5473b9e598aeae0202713aaa9dd6e0ae252541767053398727df296c251088,train
1801,8c85388340719b807184565f3a353d436559799ec0b2e2061641dd017f2fefc4,train
1802,2e7bd326c054b037ced439a1c72e6b4662e1d756bea5148fd9ae6afb71963bbc,selection
1803,8c37c4eab398844a3209377bb2f9dc166872cc38d6290909673a1a3bc8110911,train
1804,9a5473b9e598aeae0202713aaa9dd6e0ae252541767053398727df296c251088,train
1805,666d2c4220167d3b814d583f02383d031e2444fb64500f0483c6462ea6c798e8,evaluation
1806,7178125d32ed5da20d88710aa72a75af6070b0fc000cfc740a39f948593ee366,train
1807,75467576d9b3484f423dca62b64b0cc7cbbf8063106310b8e773bbd7d24c09be,train
1808,666d2c4220167d3b814d583f02383d031e2444fb64500f0483c6462ea6c798e8,evaluation
1809,75467576d9b3484f423dca62b64b0cc7cbbf8063106310b8e773bbd7d24c09be,train
1810,381b225dbae16469944fc7e56c23b4405cb40da1421714a9802f6a14bed4a26d,train
1811,7178125d32ed5da20d88710aa72a75af6070b0fc000cfc740a39f948593ee366,train
1812,b1067f58175780f3c7c2f01cc90e8beec9468095be8d52ecbbfcb030c8eaef44,evaluation
1813,125ebf40118a35b1827b5b25e54132f0cf78274f447cf3b3665c48da274450d0,train
1814,a5f8a0fd959528e784e7350e3ef525cb88e9610a73819f5bc733ca55141d6dd9,train
1815,17004a89d0e563aa6c2050b569d221a4cb8e97443bca5c835cbc195771b05361,train
1816,6f1e5bf46cfc3915aadd9232fd8b5edbc768614784edc3c6d20c73b8d8fa8f0b,selection
1817,356d0ca4286599afa833a535dc93651346f610e40f8446e4e84004be68f463ed,train
1818,5043f0be649cfe6fb4f74e834290a6bce91b311b7a4020a2949bd3ed7801b34c,train
1819,25d9f19001b09debfab14cda28229b53378e1b50ca24f031a49301e29123726d,selection
1820,17004a89d0e563aa6c2050b569d221a4cb8e97443bca5c835cbc195771b05361,train
1821,2b66f7500b0a51d0651f03654050d7dff0553b5e1340dbef70e64a4870ff86a1,selection
1822,a5f8a0fd959528e784e7350e3ef525cb88e9610a73819f5bc733ca55141d6dd9,train
1823,db71335ae4642af77538c5e05ef0b2fea84c6a83625f2164728fd4cb0be966ae,train
1824,5ef417d1318764937a71ba3e7fd5537d654ca58397d10f2b69a0b19bcfc21845,selection
1825,8d59d63b10e8bfce6c984480f186b67392caec965a5f287acd2b551cb099e06e,train
1826,5ef417d1318764937a71ba3e7fd5537d654ca58397d10f2b69a0b19bcfc21845,selection
1827,db71335ae4642af77538c5e05ef0b2fea84c6a83625f2164728fd4cb0be966ae,train
1828,4535867c976cb649153c5ba668d056208c7672c757a224f4f3e998d9df79ff20,train
1829,f2497aa5c065dd86582e0b2f87aa121bd30f02cecb3e2a853fff9f84ffe10b96,selection
1830,f2497aa5c065dd86582e0b2f87aa121bd30f02cecb3e2a853fff9f84ffe10b96,selection
1831,e1697490530a677d208189ab2b83dcd7fbe30e8d650399c13ae78f7e1ed82d00,train
1832,f2497aa5c065dd86582e0b2f87aa121bd30f02cecb3e2a853fff9f84ffe10b96,selection
1833,e1697490530a677d208189ab2b83dcd7fbe30e8d650399c13ae78f7e1ed82d00,train
1834,421088483301a19c38fb1812fcc337c777c82343f4e36677734d3c296ec29511,train
1835,9daa91ac0830e9a1a8ff9bb4bbaab0d914305ef47696b5372cda1dd0914743fd,train
1836,78a79a105c0310f1092d241bd637006a92b313cf7918f3311d006a6fd7097ddb,train
1837,9b06b36e0d1bcd441b3cd912fef6c4a63d1f5469d490756ac8f4c413e7ab3317,train
1838,f484edabf34564052a73c886783dcfe4f763c6f77f7fea038e93e75157542930,evaluation
1839,78a79a105c0310f1092d241bd637006a92b313cf7918f3311d006a6fd7097ddb,train
1840,a2370be0b80ff69657fb733e579eccc481f5b75f18cf64d5d22d33c64829d05f,selection
1841,9b06b36e0d1bcd441b3cd912fef6c4a63d1f5469d490756ac8f4c413e7ab3317,train
1842,bf7754129945a872849c37d67c6fb397ee361df021fdbf886d6904930c088dfd,evaluation
1843,926d708bbb81eaec6bd2658f24f5d4115e4e02e52fb5a576e414b82b7567b89f,selection
1844,bbcc8394a10ebe078357150b106712b1a5b2a5627b4c797103530f3d5f58db53,evaluation
1845,36ca23581cc2d9ab8cf5a44ea5695408557d06f73e432e74e45612383a2773bc,train
1846,63f29d395ffb307b13631b337b682858c61005ce897814d018734f86d8998ea4,evaluation
1847,36ca23581cc2d9ab8cf5a44ea5695408557d06f73e432e74e45612383a2773bc,train
1848,de9661566d8142f764886e6071d5a0e089a4cdd272c698f475af65c90f0db4c8,train
1849,2990e87d4ecae85ba6b963dec6ffa00c6e43a4c0a088fbf6a94a3272fc8af833,train
1850,ab61c5cae9d2aa88a656a18d40dc7dd7ce2f02a86f958bb5f9670923fe00915b,selection
1851,bbcc8394a10ebe078357150b106712b1a5b2a5627b4c797103530f3d5f58db53,evaluation
1852,6c969a882050daf8adea47307be92e7d448c4ffa6648c0e8e2f88b82cda2f541,selection
1853,2a9c178946c5cdc4d2532bdbfea5b0e5eae28861c2879d9169c80be4ad9facf4,selection
1854,e4576da60b923363b53d9b38a9bc92a5b70724b6399f27439cc67f6a51f5006a,selection
1855,bb6304aadf9af2f85881900a9d30bd26f95739c1316b15c29efb3d14366a3f14,train
1856,0b817a1fcce6fe4f8dbecc047e30e8a8ebb839b501d23fa7320c53ffb44f5dd5,train
1857,882189329a56d5b37e19471d73caeb65bb1a75b6525faa59af2ecfabcf81d2cb,train
1858,30501360ff8ab3f0b48d2ab767da13414df744230051173c59d9049192ef7079,train
1859,bb6304aadf9af2f85881900a9d30bd26f95739c1316b15c29efb3d14366a3f14,train
1860,28331d83be010122ad8d7ae7791024a3290c9a31aa9ad1bb42559d4e84b90cc9,selection
1861,839f9a21d26ad8a625a1cdad34cc4aed63b8a82422d24a177c2c087ffaa05355,selection
1862,6a567e5c6347ae795b06f92cebcbe406c819e741eb6512a08ed90a817e5e934e,train
1863,145b1e1deb27b23327040e6e4677ab9b47a37c44abfe4ed527a38b98d0566926,selection
1864,f6de61eeabd0a6e822a4979f049bca737a6b668a1853042aa212fd4e1f1b7ebd,train
1865,3de317d0e197a2cd9fa9f19d63b04212a34c66aa754c7f101b023e74f605d641,train
1866,39f49a372126d1ed1e9d941710d5882ce0c42b059b146e878d2b5237c3318bd8,selection
1867,f26909416f1ac15c73b93393e24ceed184b0189ececc6d8554d9b9d5b8f1f236,train
1868,188fbddf5f6d448f88297ab3149b783e6d12556edcfcad06a9fe4bb8d3700f26,train
1869,1afd499154a52e4325f80a9268256e2146e451938d44f04a7a8f1d85946e9315,evaluation
1870,09414f106c4afcaca59645a4272637b5398b08567a74cc8868b91e60e551dd74,train
1871,977a8f761e13d574c3929ea1a954840714fea3d69d72d305e871e1c51941a697,selection
1872,e978950c092cfd358482cd594ec41781f2f2350982cf529faf6b180633c85255,train
1873,e978950c092cfd358482cd594ec41781f2f2350982cf529faf6b180633c85255,train
1874,c413f80dee4bb4020f9948d446091549dc2d9c032f839743d9876fc396ecb058,train
1875,e427bb8732dcb5ba8ca6ac5c72679d7c98917bacb4f0845e7dffffc18f9c009f,selection
1876,39e5bc90240092ae66757f64bbe60dbe9322735dde96d816a49a8622610133d4,selection
1877,e2e1828d9172588c04e664465d978abb3fb930ba7100e9ccd0940bcae8d79655,train
1878,1499de07cc77aadfc3d4224df793a2ad2cc70eeae031b1b9fb07b8ee9d86e5f3,train
1879,c704b058af36585588ec3ed9273fff756ecb059d9991a7bc30847d500b8eccce,evaluation
1880,b0e8025970cfddb56d4387a64ed0b123344d2794d5a876983ec0e2463953fbce,selection
1881,c704b058af36585588ec3ed9273fff756ecb059d9991a7bc30847d500b8eccce,evaluation
1882,b0e8025970cfddb56d4387a64ed0b123344d2794d5a876983ec0e2463953fbce,selection
1883,b0e8025970cfddb56d4387a64ed0b123344d2794d5a876983ec0e2463953fbce,selection
1884,193b16a1e71c2145fa11c5e2fc8e5d792d1b0da28080acc96152b3eb98cd5847,train
1885,c704b058af36585588ec3ed9273fff756ecb059d9991a7bc30847d500b8eccce,evaluation
1886,01f5156c2380bb0092053cdc6ef645110a30b0d3705c692110a8f62abebe66ef,train
1887,aa9defe3ac215752f5245e7e8a918eabcea34ef4bb5ac26ad3aeee94ee9e933b,train
1888,57658b7df0619c9ab0906e093b65ea887d31ccd56790835a1e10891e14e7b065,evaluation
1889,3ac9cc26c229d95eac851888449f272e0c0803c7a642bd26f7c66c65765a8414,evaluation
1890,b0e8025970cfddb56d4387a64ed0b123344d2794d5a876983ec0e2463953fbce,selection
1891,797bd7139fce014c6baa7b9113cda1f51d927a7efdc6f30720348a04fef8dfd6,train
1892,c1f2f45f0ddbf2ebed1b2287b5600a2653c0f520c1433a59da8db6ac41267d0b,selection
1893,c1f2f45f0ddbf2ebed1b2287b5600a2653c0f520c1433a59da8db6ac41267d0b,selection
1894,254d75f5a0964317a316191c3a37d865d4b9f54db208b747b454be75d3f94525,train
1895,abf61ae8a254336b9825045889270e119c6c9ba7ffe68298523c6c608b74f50f,evaluation
1896,7b558f3ee0b00ef278a780cad42b8bb92d9c3fd21fd062a9b6172dd067946c4a,evaluation
1897,7b558f3ee0b00ef278a780cad42b8bb92d9c3fd21fd062a9b6172dd067946c4a,evaluation
1898,6a37f7c29e0f19b5e8543db68f1a948d8e8abc129b3520e75e15e7bc0a9efa3e,train
1899,0e24a09a37dee6839ba63ac4c602a1bbb695ada299c40890c4f8312cd83c9dff,train
1900,b1731177898ef599f557df00399e20aaea9f2eb85ed536700f89112cc9e2ba76,train
1901,89685469f515866b6a7b01d5d3ef95aea11e04051f0ed99e64e23f062da1740a,train
1902,05c97d550cb78c907ce9a8d3ce5856ebfa3574feb8ffc2d9dfded403f4b3577f,train
1903,cd67a31b4114108e41e7dc33a73cf27d536fcc0b0fd5c871bc1bb8aa8b56bdba,selection
1904,abf61ae8a254336b9825045889270e119c6c9ba7ffe68298523c6c608b74f50f,evaluation
1905,7b558f3ee0b00ef278a780cad42b8bb92d9c3fd21fd062a9b6172dd067946c4a,evaluation
1906,817ad1319fc137007f7f2e7902fd8eeb17b503511dcaebc061912897558b6937,train
1907,4290b838e0facd5b64fbe1dc10d7dac3b71b7695f2f98055ad33ae11ab779d01,evaluation
1908,9f5e0d6631ef01cd525e5fb7af758487bfcbb2b44bc35493a70d9162aac36043,train
1909,82e36839a5d6a55bee91ced1c6c7693cec5671314257612bd010ede17e6db5da,train
1910,6f29d7a20e6bf0e279877e32847b1e5d17179126cda382541af36a1f7f45caff,train
1911,f1eb6ed94289cd01c0ffa9a1da63f4e3dcb84b36b5d91c833bbf12a7ada62b10,train
1912,894c02142426bd31662c21f037bad25f1a369febc622f43ef4f9c3d1c5056702,train
1913,fa172e50b94e5dc18c0ad7e6441876e842ac031b67fcc9a23516c8036a8d71b2,train
1914,faf8dead7ac10139c4b41b547f550503a4336717e8a14e1cbea3417b925e84e3,train
1915,9f5e0d6631ef01cd525e5fb7af758487bfcbb2b44bc35493a70d9162aac36043,train
1916,6f29d7a20e6bf0e279877e32847b1e5d17179126cda382541af36a1f7f45caff,train
1917,f1eb6ed94289cd01c0ffa9a1da63f4e3dcb84b36b5d91c833bbf12a7ada62b10,train
1918,0164416084faeeb8b240fd513944e97022d204272c69f056ab210c6fd6cdd787,train
1919,a7e00585a18122d52571fba9ec658013ec57f3446318848379ca4e5b4060a57c,selection
1920,fa6ea8b06a3be6427aa0d2daeae8698ee695494bfaf3e69da4e00364e15ae619,train
1921,82e36839a5d6a55bee91ced1c6c7693cec5671314257612bd010ede17e6db5da,train
1922,4ddebfd197e608c35ae117ea41c6a05ca347b97797eb006ade7489ca4c2da541,train
1923,1bd29bd9676b1e16526f697a3c500bd7458f92b1f812bcdb3c2718044e847456,evaluation
1924,f529d9888abfd1d21e0ce803748acbe2453ee10c38ae1056e28325ee30fe1d02,evaluation
1925,49d02a0115bdb775bdecea63db9934c4689c435fa14015c2158571ed60dca2d5,evaluation
1926,40fcb69fe3a70efa8119540e3959e8b804ce3a0c4941998808d1f3e7fe06ab2d,evaluation
1927,638101fc5ac4222d322cdffa4a2546aec238ee55aa90522e8fe19228f9a6fdb5,selection
1928,15769cac737d6edcd97363d67021a526b76aa097612e5b9b728b644e598b5fbb,train
1929,e7bd80df502a8bf9e9123cbb0b9e1a6fbb3b2cb321a5e9e6d304c36ebf5302af,train
1930,bdb87554a432e3280daa9273763d8f44c6b1a6ff11a7ef9760aa03e4b8f52f73,train
1931,5769e0f91fd8eccc08a13635bdc4b6032a565cdbc901d5d73afd0dafe634263c,train
1932,0cb7ff597f05faea00ea6fae064db4f2650a9566984e72d4f1c8d3fe3a0f86ca,train
1933,fc4bcf94758c1c8bc77e61382de5f906cc408c67178a35bede41e132f2dc654c,evaluation
1934,84abb3c2bdd66e8f0dd6e327f5fd693e365b617666cfd76c1bdf75815c8fdf98,evaluation
1935,e7bd80df502a8bf9e9123cbb0b9e1a6fbb3b2cb321a5e9e6d304c36ebf5302af,train
1936,bdb87554a432e3280daa9273763d8f44c6b1a6ff11a7ef9760aa03e4b8f52f73,train
1937,ac5d5ae69d8f481b81811ab3ccd8dbacabfcfa1b06d76cfb782ad9a7f3863cf4,evaluation
1938,6e0bab639189e32bb7f80ebc3065d16d58244ed09d550835c0a5a9f8fe8ba19f,train
1939,85f1402c08c4f6cfbcc45cfeefd5d65892fe4c9d7e4e81636ef34567e2c2537d,train
1940,733659600f2b3e347a91c5440fd6e9c192022ed1f30503faa12b5a67e65065b8,train
1941,85f1402c08c4f6cfbcc45cfeefd5d65892fe4c9d7e4e81636ef34567e2c2537d,train
1942,733659600f2b3e347a91c5440fd6e9c192022ed1f30503faa12b5a67e65065b8,train
1943,366fda9066632eddeac4068bc8d53e117bce643660126691bfeb1506d966d3ab,selection
1944,aa21b5b8f6f62e8cf94d83cb4a4913ab9e11e2cc3e8e2a377d7596b70bfae743,train
1945,761e9ddbecedca9e39d9c947a05710097f13129d582b6430188a55cf5e31bad1,train
1946,4596a01de83990f1455e33d9367b5e6ee7fcbc8579d2da7fa0a5cc0062c76482,train
1947,8067f4f9aa16bef9975f641f28947ad6edf67b67535c09067fc9d6ba8af0643d,evaluation
1948,59561d9515e8f7c03646171c42b7ffdf052097d994b395f8e53e94833989526f,evaluation
1949,b4ad1c377c74ae4a64471f86ca77bbe492da6d77e2606bb94ede76c71853cf1a,train
1950,307e51a430c42a07e195074780d3101ca2db4918e8ad14d1de9e8c660efdec16,selection
1951,90bb4dd69bd38d14113b736f11f2a0a6084083d1cba5b1c90ff1aecdbb2f578f,train
1952,2a83a3c9c82f9be60a841b91f0442ee8c58b7756e05ab3eb51a6f19a65a16f1b,train
1953,be6fdc84f684ce36ca4685e76819332fc0043e58b87a65896c830e013da6169d,evaluation
1954,307e51a430c42a07e195074780d3101ca2db4918e8ad14d1de9e8c660efdec16,selection
1955,c46f1c38ebaad1cc8e8efdd6c6b7c618221694476539d25952f945bc65ea7978,selection
1956,f176fcaaddf8dbeb71f03c0e7e3309f891c39dadaacdd71f2523e441d2c48963,train
1957,8e48afb6d963de444e137532655850e053c0c09f5a922f110684c45622481e27,train
1958,ae5189e50dd55721b3a20d08ce2d732c1b1153f1215579786d5f1a43d735fcec,train
1959,18631ffb10b4c33a360d1f5ac16e78ee5838f98579bf7c42c10a6f849f5ffb4e,selection
1960,18631ffb10b4c33a360d1f5ac16e78ee5838f98579bf7c42c10a6f849f5ffb4e,selection
1961,693f3dedef8024f374e20b9e34fba5b93a3fdedbb71280955de66e0f7f233403,evaluation
1962,2181f90c53b27ffe2665013b369b7e4c81641a71714e124ad2af1d5ba90ec49b,train
1963,ae5189e50dd55721b3a20d08ce2d732c1b1153f1215579786d5f1a43d735fcec,train
1964,03eed2d2345ce9b79f248ad2a1f2dd6226fbbebdd353cc90672f0bfb54e74a10,train
1965,dd0775440a271ce2f8dde7796953855ae634e406ca851949c9bf361c82e557c1,train
1966,bc8b48c1e4c3ac218c82f73b2db59990c0246901d9b0ff0de100a311e4f27acb,train
1967,bcf3f63fccbc8099b988885100f1e3dd27c0952da563b95e5df62503fd5e980f,train
1968,372e9f81d6223a9cdc80a6870cbfbc9291500f9590a48c7fce713be8513d525b,evaluation
1969,369f171fbcbaeadf86bc5b0f88a23d5a903c1a77bb2055f2164d23ea5d1b20bb,train
1970,c395086184a40213f12320dc3956f98ca4f3a2e14ba2939b14613d3918128078,train
1971,369f171fbcbaeadf86bc5b0f88a23d5a903c1a77bb2055f2164d23ea5d1b20bb,train
1972,2b9465c1cb21c9f23f3d12fd7b83eaa07e9349d23ae02e9883a9cf89b92cf6b1,train
1973,5d5b03d059be187e81cfb41088f184383b4a2a847c777879b4866e5efc073a81,train
1974,5d5b03d059be187e81cfb41088f184383b4a2a847c777879b4866e5efc073a81,train
1975,4df4da620207c33eccd5c360fdeab85ee62fa3530eb28f3b0eeea806ae35dc30,train
1976,2bc85873bcf1e2d11e2624bfd28bc1e3377cf039eccd7a481d44f68e50ea03cc,train
1977,e2c679daf10913a42f4668ed1a6e2e84263c40d64aa30de3659cb64b503c8414,train
1978,a372f407079badc06a807cbc6601ecd6eccb62411d08f83e35f6a83a8dc9fd7d,train
1979,fcc7de91794dac61001505b150a2136ca4ef2810ca07a707237e0b0e1dab86c3,selection
1980,1023c72a3302cbc4dda55488c2f6df065b69f1b3275e11684cb151e70504a8b7,train
1981,1023c72a3302cbc4dda55488c2f6df065b69f1b3275e11684cb151e70504a8b7,train
1982,1023c72a3302cbc4dda55488c2f6df065b69f1b3275e11684cb151e70504a8b7,train
1983,1023c72a3302cbc4dda55488c2f6df065b69f1b3275e11684cb151e70504a8b7,train
1984,1023c72a3302cbc4dda55488c2f6df065b69f1b3275e11684cb151e70504a8b7,train
1985,c0418a5914951309bd88f3ad60535dcc2141ff953aaf17324daa788b5f06be3c,train
1986,3f41d5ecf053769c8bb04aa41343a2e41af77e1e79c3c98ec6e0a12b2c7f1b51,evaluation
1987,66f3caa27d064b43e6fcea37d7711ddcf92c713f0929d9782e214b4acfc74a5d,train
1988,9049999f3f3a09185bd90e499df5f3049a8550bcd85108b6805e5b53721201e1,train
1989,9e35b1219f7e2ed0c61428c1e9b91f4f0fef817e867fb4118b7a9522b01740b3,selection
1990,44bff15939fbb6595b0c278f68e97937bf677f6b74e3b21ae2fd68f070f48cac,evaluation
1991,1023c72a3302cbc4dda55488c2f6df065b69f1b3275e11684cb151e70504a8b7,train
1992,cff6bad7b8d11e690686febb3d317b5f058e7d74bf49905009d1d24ff2115fc3,train
1993,a00e09f74944dd1f1740ee25cb71714a49b5ac92ddae172b05686e09789d6dca,selection
1994,5deb25852e8dbf75a1bff0fe7bbd36ce74d0ec8e32cf7079c51e302dfb9fe218,train
1995,66fec10323ea885755597190ca243192d637752312c322a8ddc661610e51d703,train
1996,5deb25852e8dbf75a1bff0fe7bbd36ce74d0ec8e32cf7079c51e302dfb9fe218,train
1997,66fec10323ea885755597190ca243192d637752312c322a8ddc661610e51d703,train
1998,66fec10323ea885755597190ca243192d637752312c322a8ddc661610e51d703,train
1999,86ba6c0559111ef26e8b03638bd5c41eaa4d840e12d1c2f18b219f54ae6074cf,evaluation
2000,e0e272e1a41c501ae1b9f2b151f0005de7fa67c6d0f9349c53a42f7898394a2b,train
2001,ef3c03a7413c04997bf522d54ae71c4e7c63e27c40a6b185de732cba5c85ba8b,evaluation
2002,8e4b44cdad0e9fdf66a6263b8be38b60c4584369786d8075b458018c8cdadd51,train
2003,a00e09f74944dd1f1740ee25cb71714a49b5ac92ddae172b05686e09789d6dca,selection
2004,fed1400ccd18d37475951b02855820bdbe0a4e81b6645070c32da2a4ed5b5f7b,train
2005,5deb25852e8dbf75a1bff0fe7bbd36ce74d0ec8e32cf7079c51e302dfb9fe218,train
2006,66fec10323ea885755597190ca243192d637752312c322a8ddc661610e51d703,train
2007,c45b0d280c16d6ba154451214a3e1660c8f5a14aa45ed1f815421d6ac9a5d865,selection
2008,c06acbdec17b746586de541652366be540dc0c50e7ed439f6b334972fcb80478,evaluation
2009,88d57437407a0a1cb1ef33de9ffe929c46649935bac54d2370f83651d40da306,evaluation
2010,9fecb11c68190095dad67443c8b7af6b32a483fc717f5e318e66db1b332668fa,selection
2011,c06acbdec17b746586de541652366be540dc0c50e7ed439f6b334972fcb80478,evaluation
2012,46cac48ae09707cb85af9e5407016344d961b988e0bd35a3131268d0f8969569,train
2013,86090ea50dc81da55115a864960c973eb1a6645d7b291737a90bfcb02f4b6ef6,train
2014,321ee4b15e8142015b31fa13134184fb7dc5b141fc4a82f67fbc81e1153c37ea,selection
2015,2a5ecfe9de0af3487992282d54e933b56c8795171040469d934b7aaa5667f444,train
2016,5acfeb8f6df2168742f5f67752a9435a6fd7998855cf47628c4aca2362d16b7b,train
2017,321ee4b15e8142015b31fa13134184fb7dc5b141fc4a82f67fbc81e1153c37ea,selection
2018,29fad6119ceb4114b171a50b1b8405cbdbe4f6ae8dd1274e9debb569692e7465,train
2019,86090ea50dc81da55115a864960c973eb1a6645d7b291737a90bfcb02f4b6ef6,train
2020,82c850f90346259378338baa4956aa9b6110963a635985e884b7f178c74a30ca,selection
2021,376105c3f45ec1c8fca2c0c3fd42545936f3683930a361fb70db657314ae40de,train
2022,faa3ac188420887b53b53b551ef4c7dd394fb10d0a486fd7c427a33b19a80e79,train
2023,376105c3f45ec1c8fca2c0c3fd42545936f3683930a361fb70db657314ae40de,train
2024,b19737b52b1f233d9eac0e9b53e55ce24c2859bea9ad104f9c85504872f09b7d,selection
2025,5b1c78c29f7834a7c70fd04d143fe7b99f9100a85e267043fefffc5f3aa8a456,train
2026,d56d52d5321bfbff96bdb25e1af9f1b33667eaeeef949e714725309ae2fd7013,train
2027,d2bb10fc13966c7093e6877249e487a193edb95409569983eeab6bedc30a6185,train
2028,1c97ca530164fde362118a87554c87d8046de6cd0e660e94e107d0be3422acad,selection
2029,faa3ac188420887b53b53b551ef4c7dd394fb10d0a486fd7c427a33b19a80e79,train
2030,a3f8abbf2540b05cfa809d59189f3257df184a00a6e1517a3eae85da578e2fc1,selection
2031,4f22cf081fb8bc71b0bfca471cf232ae70f97d86abcd43a6af4c47743f95d1b3,evaluation
2032,d4131823f754693817e77cd7feb1c393da3c3bc26e13448d63f0471e9955bbc3,selection
2033,acfb676eff44530f45fb05bb00ddce955e0cdf7e40d41c23611bb537407d365e,selection
2034,cd09cecbc0bfb1b22dc56fbea9cf57063ff74f8203c761e4c7bb6f6bb8bbbff0,evaluation
2035,a652efc8d8f8bb6ba06c111a51849de014ebf0b9f1c070a1f74d544f8f380610,selection
2036,b17c4dc9612cc9595f49c7b8a59cd2bd3c85e8874025ea4745f2d311856ef82e,train
2037,4f22cf081fb8bc71b0bfca471cf232ae70f97d86abcd43a6af4c47743f95d1b3,evaluation
2038,b1c508077a3a76e11cc0e7f237471c18e881ebd8ff9c85e6e6a09e23247585d1,train
2039,a546b901dcf9c7b13851a02a1be3bdd0ee6a80b575f473830f8583d885e17f3b,train
2040,956189c892aad982d388cf57213db7b41ef8cb5498222615865c7ce5cb3d843f,evaluation
2041,b1c508077a3a76e11cc0e7f237471c18e881ebd8ff9c85e6e6a09e23247585d1,train
2042,ee28152b536f0ca969a8d6ce15a71f51b9ec2e4fbe5ea2568802a8570ce4e350,train
2043,a1c6e3f0923f5dbfc9d62e28f9af92eeb7435f01bcfca0737f60999989931570,train
2044,d269f3d8324bbf09c61f386793cad86685345b7ebe68948bf188051eb3fd46a8,train
2045,a546b901dcf9c7b13851a02a1be3bdd0ee6a80b575f473830f8583d885e17f3b,train
2046,b91fd5aa8e6edd71f8074489771401367be4c9201f2ad4a32fac902545297ff6,evaluation
2047,caf7bd5c758fa85d9aa65da46911e80f45ae418794e76810c00285088b0efc62,selection
2048,08dfbf756b82b21adf492968b5fbf0474cd8545aed227e06f09008ddec7bb59b,train
2049,15a1f10f60bd830809df866545b4d0f3b8d5a1655ad8121bbf295921d2c84ab7,train
2050,0eee7838eb11605cbf674677bf5f39dbea2bfdee19ba1c93b0cb4d96baff7b08,train
2051,a8e6c5605dd32e70e11eba5e13b104d259ccbe723a9431b4efd0c6e79817107e,train
2052,a8e6c5605dd32e70e11eba5e13b104d259ccbe723a9431b4efd0c6e79817107e,train
2053,05694fe37dc5e4745893c52a09cec2536422e2603855e67f0116d10808c2f0ca,train
2054,05694fe37dc5e4745893c52a09cec2536422e2603855e67f0116d10808c2f0ca,train
2055,ceb4d66dc94090ddf14c01ae20886d810bda8330cd18eeb028e48166cfe2a7a1,train
2056,a8e6c5605dd32e70e11eba5e13b104d259ccbe723a9431b4efd0c6e79817107e,train
2057,e4c1768978b4ac7cc333a29001fa08c124924ba9fa7fdcdc8a02e900a383a5ea,train
2058,b4ee6e5d7b37a5cdd242d3e7cc1a6b77d4569c6185d4f92631317878855dd2b4,selection
2059,a18de2e93ca80f2763d43fc6d2c079915c070014773175e76e3f23c5cb97c30a,selection
2060,27ddefa70b18e2eb2099a0ca2e8a5a922f72ea9e02ceebe759b0c48d457b8aaf,selection
2061,73133f756e2b7be86066dbc3c2ae13ed7fe8865a701c5343d08a99d998e79f7b,train
2062,a6c560f0d5afa7849e7c2358900a2de8a148fe78d165fff91d912c6980a380c7,train
2063,ffa67c9135d2fde901620f3d635ae263f88d24aa47c224daf045950219c3c477,train
2064,e43b8b9e71e12197d732344aa519edbe181f5f514e19416fa7028e72f879fc82,train
2065,95893091e2cc26ea950145e4bee3897c8a075dbf1953676c7b818b3871995050,train
2066,a405189e1dd62b0d3a50d07f68479cd8788093cef83e0a9aa16351d1d229567b,selection
2067,f761167503e297ad80b09239f89491e91d51442b086f457972a4ae2773d8f933,train
2068,a6c4086ba9ab7fbc2d1184c01dca5097a4594e0b4d6d7f96f30dc8d29c56e314,train
2069,f1431ac2473ff8c022d279a5416e4a95b98306f041e282e80c2f5fc0633789b6,train
2070,132f195daf24bad6e2cfb86f9d4f49d7cc47e94d77fba69a832bf0155fb5c612,train
2071,8b0d0ed9540090a92ae93640b728cec2c31aa59e30cc7795c187ee75a1500b29,evaluation
2072,4809b5722f91f0953ef57b45dac7983b74a73881a735c8b02567d048698c5757,train
2073,78a39642514c80aa6d8880bab2614a13d6514e8a35a5719b78d6351c0b287ec7,train
2074,e43b8b9e71e12197d732344aa519edbe181f5f514e19416fa7028e72f879fc82,train
2075,ffa67c9135d2fde901620f3d635ae263f88d24aa47c224daf045950219c3c477,train
2076,fbf4d22da9abf9759dc78449fe81d842bcf7e75645049399b0064546a4bde6ff,evaluation
2077,91628397ae416ad4023765e619019f925b48bb450211c0c478a541e89cc63e34,evaluation
2078,50627fa69cec77a83ab7634452b45fe2b92670407e3ebd1e0d1156f8bf874958,train
2079,c6a12184eb20bba794745388e679753f28bfd48aa1d3ded10f45bb8c86045ade,train
2080,fbf4d22da9abf9759dc78449fe81d842bcf7e75645049399b0064546a4bde6ff,evaluation
2081,77821a1f2dba273dea2e2d33acab8e196f5cd1eb2fbad39637edf6170a741d8d,train
2082,2748b70d1acce8c316d610d1482a57394ffeb0bff199880c9fe34c98b7fbd1b2,selection
2083,7897296fce3b4746907a281d3172c602280aca1b3df393301f348c314dfa582e,selection
2084,0724a02a2558f1f1a536f201399fe93ef9501a5161dfca0c785079848758602e,train
2085,0724a02a2558f1f1a536f201399fe93ef9501a5161dfca0c785079848758602e,train
2086,3291daff49033c5102afd841a8726c5f732207fc0f4006410e5db087d7baa46b,train
2087,b340a8e59d860545ea48880d93b7378ff2df4a470f7dfbf5b6961ae283991dcc,evaluation
2088,912e37bd486bbda7167680a09e7d353e8a808f76e1c622952253ea9cd75d6682,train
2089,0724a02a2558f1f1a536f201399fe93ef9501a5161dfca0c785079848758602e,train
2090,14926c1cb280e7a9be7ba5ec7922d3aaf95310498e6201dd89dfd07c114d6e94,train
2091,29430ef211f69816930c65008de7e40a59df298dbe8a3c47e6cfa60b3192b960,train
2092,3ce979140f07da78eac144bb895d479fef4d752f55bc6b420ffaf61de926e555,train
2093,627c066894e47ef5b7ad148cfa01819bcb099b607049e5fb5a379f9f6267720b,train
2094,627c066894e47ef5b7ad148cfa01819bcb099b607049e5fb5a379f9f6267720b,train
2095,c34e6882e5a41eaa1290df03d16f2db5d86651a598cc21ebcf3b0792e6dba6c0,train
2096,0a71f1aa7dbf4d30d05df34cb5e2b43cdc673c9305fc092522f1f5591431f61f,train
2097,19d9f89c6afddfcca205a35d4315b68e83cbd929b09c27d01c051d7aaec7d983,evaluation
2098,60ebcd55fffb55d9f5d2f40e740a6dabed5212b92e2a5ffaa5c52a5183227696,selection
2099,e0fdb28506683521d2e32d55611d095e69574563dfa3bd7605ecd320b246b29d,train
2100,19d9f89c6afddfcca205a35d4315b68e83cbd929b09c27d01c051d7aaec7d983,evaluation
2101,0bd8cceb0114d8fa4e4e62033d9add0a3ece96ec13f534cd970eae383d86c6f0,train
2102,52d83bd97ecdfa099fd6c58186593675bbe5f5a06b7bbda9cf967d424cb17949,train
2103,6bc0086078a3dd79e8b2ab4c10df1e35fcbb8ba6f6463a14a3261d132c96af9c,train
2104,e0fdb28506683521d2e32d55611d095e69574563dfa3bd7605ecd320b246b29d,train
2105,0a71f1aa7dbf4d30d05df34cb5e2b43cdc673c9305fc092522f1f5591431f61f,train
2106,14fbc43529cbc7d058c4769fb5fd5a9b8ca636d3d8db2f9b226ef43331f32b43,train
2107,f856ee74f801ccda4f44b278e526efcfdbd57e4aeaeeba65f676fb25ef0a441e,evaluation
2108,60ebcd55fffb55d9f5d2f40e740a6dabed5212b92e2a5ffaa5c52a5183227696,selection
2109,765f45b8b66652c7c17e9fa48e68ba65b19919a2013f56b7bf869de9fbf7c6a3,train
2110,70298c8c416fe2fb7ee833b9efa8de383fe1df21c33748076425831f2beab209,train
2111,70298c8c416fe2fb7ee833b9efa8de383fe1df21c33748076425831f2beab209,train
2112,70298c8c416fe2fb7ee833b9efa8de383fe1df21c33748076425831f2beab209,train
2113,38f35b17c73ba65357206db290ac5b329f0a8fddf9969886eb4dc2a4e48a4312,train
2114,765f45b8b66652c7c17e9fa48e68ba65b19919a2013f56b7bf869de9fbf7c6a3,train
2115,70298c8c416fe2fb7ee833b9efa8de383fe1df21c33748076425831f2beab209,train
2116,ed2b17ee891f8d68e4f9ec1b3a446a2ad1b410cb3a3f953d568450d576262ba1,train
2117,cb8d71ea67b68bc9d0ef9cd11a8a3a73528b08ff7b249b276895ea9402e6e637,train
2118,e81950355fbe7b5189b16de3bbcb264c4d998c39472ff9d8d7eba8fa08afe973,train
2119,5f44df12ee4e94da08bdd2201ae89c1b3517425140fe3d7c4943b1a3479f4c5d,train
2120,f7140597090bc8b40e4b1ba4aca30d046503ea5f5945a656857df2461e170142,train
2121,37c051e27f0f2448176a07845cbc544f080d2d71efcffc7fe6b69896d2dfe9ec,selection
2122,b74082b802fc3b8d161e967dd861851235e638216996b997f3f4932c5db6c93c,selection
2123,f7140597090bc8b40e4b1ba4aca30d046503ea5f5945a656857df2461e170142,train
2124,37c051e27f0f2448176a07845cbc544f080d2d71efcffc7fe6b69896d2dfe9ec,selection
2125,9ac41048a95625a7e1cd3650cb34e778cedcd1db7f24487b96814a22b4b2f744,train
2126,4d9ddc5094e20420d818cfe8c1e05d48022a67cd31ce6b47bbf3e93e4ea932dd,train
2127,dcfe8d0cc54d50409f5fab4b383bec5d4719cc79820d41ad4e96c6786904b556,evaluation
2128,073ea676e4af064e2931ab5e0f4c37bcce070cc93855ec57299d45e1b6c05d7e,selection
2129,e873f4066dae0d914185d326b30f00dbf0388496904b01eba80f4bb973deebea,train
2130,415c35de4a37ef3b4a916df61ece0236d7d837ce9e6303c82465d7ab3c1100b0,selection
2131,e944fc36f9313a87d0df0888aa39ecf004089a1d06e45ddc1d67bcd82c3c58ef,evaluation
2132,e944fc36f9313a87d0df0888aa39ecf004089a1d06e45ddc1d67bcd82c3c58ef,evaluation
2133,9c4d180d252ebd6c5f1a0b72ef1b885b874cc23788132d76343d5e75801a7f1a,evaluation
2134,fa2bf67174fdcb94de25847f3aa9d4d12c7c870db2bc0b570e3a122d889e295f,evaluation
2135,9b7d86ed4f22e4b3f99a1b9014f22c43d1fedba7217cc4ae55181d828ca6dfb8,selection
2136,c867182760c89328634c919c78eeb5723e3ce5ec436cf6a9349f1eacf7d08926,train
2137,9b7d86ed4f22e4b3f99a1b9014f22c43d1fedba7217cc4ae55181d828ca6dfb8,selection
2138,632efa78da616364d2e4b44a72eac380f46570e8d827084b90bf5e41856dc023,evaluation
2139,501500531528797beae1e72af703f7b2c706f840759b5b14978bab0adc27ac89,train
2140,db9db9191c4a7e4056bb5380206b43c94f81977040ff7d0df083f2ca3f015a5b,evaluation
2141,db9db9191c4a7e4056bb5380206b43c94f81977040ff7d0df083f2ca3f015a5b,evaluation
2142,14e88bef0483e5591a18720da2bd22b399c84bc45641b1e91b300c22fb0f2ea0,train
2143,4f9dc2b9571debfe7e9cf20637a07c68dea675f386e8b8cd9d680cb1aef68ded,selection
2144,400ae6970475b39b69dba7111c5d70c41ab8c53bce2c5d390ee0f7f2f48df000,selection
2145,4e4bb74e05490a9126d8e70c3098c8b553335c844213ec35723d4e8f8c722c00,selection
2146,93bab494bcaf6609925bf123df3bd26c8068680ac4e48d0c6253ea2ac2764a2a,selection
2147,c6ae8eafe2a8e0d88759c731c91356eb158109cac282072a775ad31a0dcb2b34,train
2148,501500531528797beae1e72af703f7b2c706f840759b5b14978bab0adc27ac89,train
2149,251fb85f14b4f5e0ac3b526d4fa8a847a165940e2441a4ff7a913fae4a6872ca,train
2150,f20c7600d17171094dc5163020640bafa7ad71c4fe2f2d04d572cb002f76283d,train
2151,db9db9191c4a7e4056bb5380206b43c94f81977040ff7d0df083f2ca3f015a5b,evaluation
2152,65a6cef97ac6dbaebbbe3304994efb388ff0f17d11268bc004b5782a80e088e5,train
2153,538321a9b003412fe5f6e2383929309e7bae94c1b33bb9da7a677c1f2fed0dcd,evaluation
2154,ffce070165c3b39d75cb0b0d0ad9c451a0c642367b88c367c5f1919fab94f251,selection
2155,df9e6239325a674c9d7a42544030b68c8288f1de5b1c1ba6bd871ae8bf715224,train
2156,af9ed2f0956056ce702f1c10e035611fde3c82334e92f6d54202afd3ccaa2299,train
2157,cd086bac08c27ba113ce0b3405be6613124dba383faa7ecccba8f535d399f451,evaluation
2158,ec413b2e9085f36cafca96e8f09b61647ef4160dc22916588ec4df7007a2d79f,selection
2159,4f27198a22174ce72e34398240face307d09621f3821b18ce4d3c63a8cb7651c,train
2160,afb1a397113c936e7738ea8a24617b8ac62f99de07d65168fc673ca23abe4a07,evaluation
2161,c9df815af1a96daa0d25eba54d13068c0b0ca5318fb6bfe94d7343551ea5b741,train
2162,edfca923c92d21c7eeb279236f290a4902d66dff4fbbbcdd6d1cbcfff2cbf10b,selection
2163,cd086bac08c27ba113ce0b3405be6613124dba383faa7ecccba8f535d399f451,evaluation
2164,567afc84e3f479ea556444324cafba70072544852c025ec0b4da3f164b2d55dc,selection
2165,5bdef08dd28e6f851e6df4b19188e8d88e80eb9ec21cd70f907c4942d0a828ed,train
2166,5bdef08dd28e6f851e6df4b19188e8d88e80eb9ec21cd70f907c4942d0a828ed,train
2167,7adc99dc5061a054c4b24580b42ccc1ba6b2d7b836a64999aec175029e1ed9ac,selection
2168,7adc99dc5061a054c4b24580b42ccc1ba6b2d7b836a64999aec175029e1ed9ac,selection
2169,7adc99dc5061a054c4b24580b42ccc1ba6b2d7b836a64999aec175029e1ed9ac,selection
2170,7adc99dc5061a054c4b24580b42ccc1ba6b2d7b836a64999aec175029e1ed9ac,selection
2171,7adc99dc5061a054c4b24580b42ccc1ba6b2d7b836a64999aec175029e1ed9ac,selection
2172,8cd25dabe23efcdfc7daaaf3d349dfb849037f968122c7d9309782c8a11b600a,selection
2173,eb45eb4342e6fff2c20246a1f1b2bf478e970e3c19358e0eed38e9d71be8d9c4,train
2174,7adc99dc5061a054c4b24580b42ccc1ba6b2d7b836a64999aec175029e1ed9ac,selection
2175,b5365c0678f0ae7a2c1065cc9d8b6b39865ff8ca899ba091c44d1cde90f6ec52,evaluation
2176,8cd25dabe23efcdfc7daaaf3d349dfb849037f968122c7d9309782c8a11b600a,selection
2177,a2d3e2662c58ebad7b37b7ad27b8e86e08404334aa784d865430114df43f04bc,selection
2178,eb45eb4342e6fff2c20246a1f1b2bf478e970e3c19358e0eed38e9d71be8d9c4,train
2179,c721b30b8a77bcf187d31ab3898a9cbbc31e9ae6b9a7f9bcacc8f692d323c0ab,selection
2180,67616df35a3cc5bdfcf9942b668291f9c8beae6e6c0215d2cdfc6feab8db8f53,train
2181,0b48ff7643eadc2fe1876a6f711b47860d06e739a67ad3000f6a3af45f26fab6,train
2182,8748d4fc34336631b65a699e11b160335ad3e5150a4dfccf4f78b524c7e14be4,train
2183,7da5059241be458988839b1d8ce6398b966d279606760ef1149c4e8e2b995f04,selection
2184,1bca0fb7af63c35b7d2b3426bb318a66309a98e9ef2d4fbc98987a90eac8720e,evaluation
2185,f7654c1c91249ec80ae9d6b59c3c47265dad9243da7e68084817aa29c4496546,evaluation
2186,9166b3096f3e8c459d2d09a2abafdc453fac245c124445ec647e46144f45ecb9,train
2187,732afe2e4cc4fdf2979809603b04dff64e86e88dfb0c479967a0a463924f4075,selection
2188,fa412a7e63f46aa1e60f4e25c5def488e9a9643c646007dcc2c9f42b6ae8925c,train
2189,070f039d4dc4af99029236f518af9090e7ab18b254e103f38cb2402b7289b862,train
2190,f083ad24129516759663075f03fe8792e068a04142485bdd6803704017b27cce,train
2191,f16d8046c0c0738ccfb0e63aa458aec24f315b45404b3e34d28555b439980137,evaluation
2192,5a74944f3701b8c3ad9e345ed1721bd61aec821421d4c686fc230530e657ee16,train
2193,070f039d4dc4af99029236f518af9090e7ab18b254e103f38cb2402b7289b862,train
2194,fa412a7e63f46aa1e60f4e25c5def488e9a9643c646007dcc2c9f42b6ae8925c,train
2195,732afe2e4cc4fdf2979809603b04dff64e86e88dfb0c479967a0a463924f4075,selection
2196,cade5c77a3f8e2fe377be960f3e54cdbd0345f6da5ea475b7ee9e6068f3a1af8,train
2197,202a9d0024f12a9800d38420826763c7f35ba298616c3bb8edc2c07639998ac3,selection
2198,38e339a05d4b9aa27e8df91e5daa128a78eadedfc1147f8e2b6d5da9d00776d0,train
2199,05922629d753c52fa08ff19ecc0b3e6e2d47630dba19748219df50f668da56df,train
2200,7e0d1c5866752a5364cbbdfb32c3cadac87072cdfeb56bd4d3f0d1a6769695be,train
2201,f1459ae218159c99bc84e7396e97f41b20cf72660244e5de1a8383e8b7c73d17,selection
2202,38e339a05d4b9aa27e8df91e5daa128a78eadedfc1147f8e2b6d5da9d00776d0,train
2203,535a9a6c236924ba247e91688132fd0808e61d98cf6bd2dfb0ed7eb51d5a2408,train
2204,ec7bb77c441ca196997e61cda09856186ab12837b4d9d868bf6f87c9023957b3,selection
2205,daa6f4bb9bfb7725f524625665c679acd8fd6c99528670ef5357125b01ec5137,train
2206,fda7c2bcb6628db96f2f0e3cb9e730040f7d55cffc3d2ab66ee24b4f46e16659,train
2207,29aca8b3dfbdcdf2fcfb417d1f5d4d78883801c11623056232e9bfc8c317d78b,train
2208,d74b6ba57e641278b287a35c7e186965ac159ab51ec41d8e11f9289a4d225c83,selection
2209,b385dbaa69f5d7c348a9202fc16ebee2a71052ebd0f9b096faaf260151119b2b,train
2210,9cc27c7f113ddd3cd0f7ee20f79ba76f337b95fcb2a967fc69e12b1bad8c8ebd,train
2211,225fa9e5f13338f452fcae29bb4aec98eeaae6bd21aee85b8ac79abd78bdb23d,selection
2212,b385dbaa69f5d7c348a9202fc16ebee2a71052ebd0f9b096faaf260151119b2b,train
2213,780f142853e107de1c2bbd0543877933411369bc8bb6141ca09cd082b85ef8a8,evaluation
2214,d74b6ba57e641278b287a35c7e186965ac159ab51ec41d8e11f9289a4d225c83,selection
2215,3fc4c343dda64d6b9585b375d7b11bf08c952720c7be000d0b4ed9a23ecda503,train
2216,78a176900c45e4246993b7647b25d6f879ba25c3ce2ad9a5ebddbff5a775af80,evaluation
2217,a449673beb455cd10f1b825832f708e649fa97bcbde70c7b30af21b3abb7039f,selection
2218,7190267c92051113dd851ab499ab178b5301ad2de1279efd452cb0bdc55d9954,selection
2219,80965651250498dd9e959207cc41dea3f68a8aca8668599c45125a73769c60a4,evaluation
2220,62c25c878b31125e132d009363f23f7782faa05b7892e12aa70170e88c3ac684,train
2221,3fc4c343dda64d6b9585b375d7b11bf08c952720c7be000d0b4ed9a23ecda503,train
2222,7b90257cd26fba4a017692b6aae351bf088917a2f18e627bdb275d0b39aa7270,train
2223,8761bc2dadef201eedc42b02093efb5eacc03d6ba477345ba0e88cff93de45dd,selection
2224,7b90257cd26fba4a017692b6aae351bf088917a2f18e627bdb275d0b39aa7270,train
2225,38353eb54a03c72989c5420b7260b46c0cb2bc2fb4085b79d36fe2ce8813e47f,train
2226,60c59f7d2aff995e366d22ec78b008a214e9999dcaf8b442b97c3aa40ab8573a,train
2227,fe7cb06b200e6bf2fc8be998546d29b0d083fb146439d9f7ce93514d7241657b,train
2228,ea89f7cd1b56362b26713a72f5a7d5c938fb33b3e40860a411a29cd7f5fa0221,train
2229,6416fb6a299cab4a53ff3b14b6bdfe573a8444df5d47ef199d8ee3e5df6b59cb,selection
2230,ea89f7cd1b56362b26713a72f5a7d5c938fb33b3e40860a411a29cd7f5fa0221,train
2231,6416fb6a299cab4a53ff3b14b6bdfe573a8444df5d47ef199d8ee3e5df6b59cb,selection
2232,3bc9fc0ee888b43f63f7efb78650b4e668a71d3f9175de2dc25f5972b6eee2aa,train
2233,ebc11755f0909d3874e0b91023cac114a076d61bea6432866d709c647911d91a,train
2234,18312f8858fa4a6f7bf815c3465dad3ab90102a039f38ab7ec3b799a6bc9160d,evaluation
2235,5e0b4e34cdf820a1aaade28cc27398422a03679c55c036bd0259c18b6e1f604f,train
2236,cfa352a62e23039fffe9e06334b16d867b1476eee51ce43ccc98ccdf49826f2a,train
2237,d05ef0ecc279dcedd66ca03ddc5da10ec0b7269207493839979d563c7a5ac766,train
2238,38e0453ea0eb16db4bb396c7abd9aab68cb72a6fce55dc5163aded0f997baa27,train
2239,5e0b4e34cdf820a1aaade28cc27398422a03679c55c036bd0259c18b6e1f604f,train
2240,2c917ffeae7d91ad736c571bfadb7b03e8f06dcd4178dd6a75d0923501fa6bf0,selection
2241,cfa352a62e23039fffe9e06334b16d867b1476eee51ce43ccc98ccdf49826f2a,train
2242,2c022126c174ec168bcd35052704e3c2f3d2e93964d2fe0c7e405a55c1ac7497,train
2243,244d69ecb26ce9ad4bfefa9b83eb38d2473a79ec0b0013c3c2fe12df4ac78246,train
2244,84c35766c6c203c8fe9e0f2f67ee2c0b4623e6571401e9208740930f95471dcb,train
2245,9cdffab0392e1254b976d2bb972d59b1168e03bd2477078c8e4735b819b332ef,train
2246,d05ef0ecc279dcedd66ca03ddc5da10ec0b7269207493839979d563c7a5ac766,train
2247,38e0453ea0eb16db4bb396c7abd9aab68cb72a6fce55dc5163aded0f997baa27,train
2248,0812a2e66a9fd8d693e989bca3fe48eddb59280cb49e8f5fcbf836ff9f687968,train
2249,1c27ccf84954e1875ec807f00071f4c3fa91d4ebdc0af1d0ce97e1e39ccb07f0,selection
2250,e5672c69f590e68466300508d7070147f4b6254e076ef0bedafb953894babf4a,train
2251,4351ac516516d3154089b4291d6301c088ef7cee50b8bf25708efb6c8737e702,selection
2252,c77314f9d9d839dd9b478083f82bf091e10039b3af4a82bb6b827370cdc988e0,train
2253,1c27ccf84954e1875ec807f00071f4c3fa91d4ebdc0af1d0ce97e1e39ccb07f0,selection
2254,2ad46766cd7603a69f28372a7ecd00d3d69560f6e9da2adadf76fa0b7008db4a,train
2255,302c1a965ed19b0f852b2959345e514af2b4bf2f479dc948c1d17d171817923e,selection
2256,544836c38d7fbb727b518810ce79d8c24954a486670fcfa4b73d7c0ae1a6b595,train
2257,848b4413f1c51cfe2275ae80ecc7f462278574f7bcc0781fcd977afc77100ab1,evaluation
2258,230089e9a1ead20606b316e7fbf55bf0df16a37ec7276636254391d8bd54dc77,train
2259,848b4413f1c51cfe2275ae80ecc7f462278574f7bcc0781fcd977afc77100ab1,evaluation
2260,230089e9a1ead20606b316e7fbf55bf0df16a37ec7276636254391d8bd54dc77,train
2261,8f2d35d586633e8d4db13dc5e8d556c83c65b75a72ebd38a1e4228e210fcbc51,selection
2262,06b549ec1e2938adfa1cd65228a9f7676bf46992dc5b4ec9982ea639db5a1eb8,evaluation
2263,c638691e5c346b00b08f8800586040d1fd387cb59377ccb0a39ede9833f3adf2,train
2264,c635a912bd1f5d817b60c8e2a0b33e8ea2dd06f16327f4ea56bf4c77b70801d8,train
2265,c638691e5c346b00b08f8800586040d1fd387cb59377ccb0a39ede9833f3adf2,train
2266,529853b9cf5be7313f67e069b4826d9bf0685fa7a601f40cbcf38258ab7a49c0,train
2267,c635a912bd1f5d817b60c8e2a0b33e8ea2dd06f16327f4ea56bf4c77b70801d8,train
2268,5db0915e1a78b094b3a5b44cba407f6b15030d4523b6dde6350b4171e7609bdd,train
2269,808619aae54b37ce80866ad05ac565b22783e17207943b75e286c57a6f9e9d2f,train
2270,335e1ebee4ff3863b342eb606b8b9102d830b3e386149721e734b006d36bf33b,evaluation
2271,9c00b38127a3afd9be728ce9e281b05deeebbaef586b479f007af2060ae912ec,evaluation
2272,66fc012c41424e9fd52331dadee717c1927cc867269d1754bdace43cbcd5b3dd,evaluation
2273,26993acceefdb810e2ef0433c01c2b370b64a3a0426f999e53db95593c4e6d82,train
2274,335e1ebee4ff3863b342eb606b8b9102d830b3e386149721e734b006d36bf33b,evaluation
2275,1e856d9ad27ec3ae4e7da7ba66466a68891c40d1ecd4aa2f7eb65c16ddc2f6fa,selection
2276,36633b5e7c7b19b88c1df4e3e64790e176773930c109c785f43cffc2ca6c1f8b,train
2277,5c60122b34b1d0698031891f74f037ff028a49cd6baf58ac63280a470ec7321f,selection
2278,36633b5e7c7b19b88c1df4e3e64790e176773930c109c785f43cffc2ca6c1f8b,train
2279,8fd3b45b4e55268cc28470bb38fe74f0666b11a222378a65c6193011c28a0f42,train
2280,093a4da1173a66782200f97ba70ad98ad12e4e849650b9c8f51c008cdd8155d4,selection
2281,3737ae9cae532eb0148aae7a069257c9dbfff5b9336f43da9ad5e4d7f941da86,train
2282,e5c42973cb009ba1e40361c5f7edc14b53e6748b3a4190247d45e8305817cbb6,train
2283,e5c42973cb009ba1e40361c5f7edc14b53e6748b3a4190247d45e8305817cbb6,train
2284,e5c42973cb009ba1e40361c5f7edc14b53e6748b3a4190247d45e8305817cbb6,train
2285,e5c42973cb009ba1e40361c5f7edc14b53e6748b3a4190247d45e8305817cbb6,train
2286,10e86929a20f7091fc2be2e13619df52672e81c9d12ede3ed1683834aa5d27fe,train
2287,382739ba8d12bb7297bda52a8063b26cd974844efd5e4d6c2e9f397b9f7911df,selection
2288,e5c42973cb009ba1e40361c5f7edc14b53e6748b3a4190247d45e8305817cbb6,train
2289,33902bb8c13fc9055c94a8ffa2ba65e17a54423e4bb601ba624c204d4a8b0742,train
2290,c79aafd8add87e036189020211dd41785d1322b8b28a8eb9f732d706a7000ee8,train
2291,37dbbe5f514478958ead38a9d96ec10f8fb3b4cab017adee1fa4982775e1a187,train
2292,0d1cef3487979e5dfcea7fabfb2170de379224a24a2d1d028c9c0d619041b173,train
2293,33902bb8c13fc9055c94a8ffa2ba65e17a54423e4bb601ba624c204d4a8b0742,train
2294,2dabd0fa8c47e321305ef9bd4adc395983b7314ccb095d5972c09a6b32be5041,evaluation
2295,07d143110d735b150287ae782494476b3f287e653d3951f42cf7950db0909ade,train
2296,6643a730fd7e74c6516c9df65e63603f7506401e0dfa01e43bb28e3085ad8514,selection
2297,ce7281c52a46a9ea51028581d66912107734ae81927eea6b6e6dfbff6dc70131,train
2298,36e107c4658340fc3168f381e6f916f894385a51485789d05f76b2a087816930,train
2299,2dabd0fa8c47e321305ef9bd4adc395983b7314ccb095d5972c09a6b32be5041,evaluation
2300,91ce9124f75521f108fc557783cc783a389ad6dd87cc0ede143e079e70bf1661,evaluation
2301,55e21a51f9521e4905532c0e40aa44b58579f256e6d2798da5843dffda7168e1,evaluation
2302,9761fde8c48429d198d8904372b5d124dac62e54e2e8633bfe1b5c89435de8d9,train
2303,3f6e9c1b338adb4857e0dc1ad22787de7849fe497ea5fb3cdad5e8dedacccb98,train
2304,0e2f2e39aa8a540856c2574b4bcc1a332715defcdd752af12b7a0d513766ecf2,train
2305,6e1a412196b2eac2ddefca238f239fbba02a3a8df8ead056eab7f9f280f1ad3a,train
2306,9d599c6f225ab4149e67fd05546586558e07410f679fbbbb4e880fb7651c647b,evaluation
2307,4b8d7245d65dbfbd721909a0d754d5d17fe59000db3e1bc9b2a50da53e2d8848,train
2308,bcde314f9d9f8c1a24500ac770256b1a3d430e947eb3226fbe0e844ed6761bcc,train
2309,a6b94e3d2c0d6e7d709220dd1f716ee9edfed1bd6a0c30fa5d03181cda2b7234,train
2310,4b8d7245d65dbfbd721909a0d754d5d17fe59000db3e1bc9b2a50da53e2d8848,train
2311,dd367a6d0c2cc08af679ee4b9f11ba5d395e5d6e2397b1ee7613a60c9aaac697,evaluation
2312,bcde314f9d9f8c1a24500ac770256b1a3d430e947eb3226fbe0e844ed6761bcc,train
2313,daf8a54a26d9b601e425096f1d670699ac8577c894db4733442b04be3d7a8fbb,train
2314,225b831215a337c2c8b6e780317b51f99e516c1ec0c058ebbedfd26e2c41dfb0,evaluation
2315,8380776366203c875fc44e3b1b1fa062d23c001bbd7d7b3d4c30487beb453140,train
2316,f9ff50f87948e403596dbf4241ee74ffb6e10461125c183906974057b963b903,selection
2317,069632a9075cea0114604d035d75ff5e000e446566160df8e5e28ed758d6a608,evaluation
2318,de7f7d2dea8ca6ae1f8548e9714c608be8592fcb78cd736f098f1ea85aa2f20e,train
2319,4cb177ddabfce105e9adf5d0fe164fa10cfb2d565751f6a37ef0532d2a0ddd0f,evaluation
2320,066e9804e304b430bd2bfecbcb4c4d5c041d954f8ffa9b58b6dcf565c7cae32f,selection
2321,af41ca54bf6da5ab0202e4119a731e1cf2dacb9b2c58e2425851a9fb203f1e0f,selection
2322,360d805250bb671be78755434f4ce8c89c6174e5dbfb04556c39aca22b6c96d9,train
2323,abe9a0c12edbe8600f71b7b41013121707b0ca92c54f761f71528b2145e38915,train
2324,d6c09f360113fbc15538814112cd5c089e4b93b4f4e92f9703819792c506a1d0,train
2325,a6a3c757a829a09b00ce9c1644981e988b3733ff2d908fad70028e780423c02e,train
2326,6b92891b9d392c23d2c50f6ad5ba75103215806d5087af126f44dd6216b3996f,train
2327,a6a3c757a829a09b00ce9c1644981e988b3733ff2d908fad70028e780423c02e,train
2328,6b92891b9d392c23d2c50f6ad5ba75103215806d5087af126f44dd6216b3996f,train
2329,857f000711b3922f44032d4c3a4aae95fe0795109b7224cf176de4dd1037a1cf,train
2330,4d9f85a0293a6a42061df026c7e9ef9d4b6f8db495516b229042832ed32ed401,train
2331,0ac7ecd2f6cbd17bcc426addf2dddbb7c020256e8dca9b66fed065af3f0975e2,evaluation
2332,d9e3f4ae6bbf28ffc2ceec480b7ebb778c1e0e863688b173824957344240754b,train
2333,99c3a27e172e7f0195dc0c464118034dbec95f81ec0dfb2f8c087c437dcb2ea6,train
2334,70efa5629752ddaac17f13fabc7a1c4f160f5bc3856ae1c007f18a30b2e0e5b2,selection
2335,3ec0444ca7cf15248f3ebee5513bcb0bb60914f0ade1b808d72f0aab09c8e9eb,selection
2336,e60ff0aead1f80d66eabbfd328e89d38fda57c34bfb3a659a4a3c0f51b8149c3,selection
2337,b050e65423ab49106ae9fbc287cf34be10ca88b3d1671fa57c9b2ec621f2ca8b,selection
2338,179dbbe93c2469f8f6d4a4b7ef9a88c074c32e345f3fb7c4515025b59b6fdbd8,evaluation
2339,ad0aa9c443504b57133063787a2cb4dcb58c4f14cb8cd759626027afa38b545a,train
2340,df409975132a4f751cbb5673fd5f65a6e11e64c66d7fc474ae91f558b95946d6,selection
2341,179dbbe93c2469f8f6d4a4b7ef9a88c074c32e345f3fb7c4515025b59b6fdbd8,evaluation
2342,f4b635d34d5f350d7eba2381b84cb6ed87417bbde65a06d039db9b6af6a78e37,train
2343,cccd85cf98c79b26145eecf51cda50cdd3fba751fb2046936ca22f97c476ef68,selection
2344,ad0aa9c443504b57133063787a2cb4dcb58c4f14cb8cd759626027afa38b545a,train
2345,832f5a951ce549eb30d1746c109be7d1af32c4840a1a9673dd28b9f706d1ff80,train
2346,5945f2ae94f861b534c18cfb11a7887a2959768c5d8c2835b68f7fb7a4807804,train
2347,17b121fb81ef6e32a2fe7ba0c4b31649ff2f685bb398cf989f921cbe3712bc1a,train
2348,c2726571bc8b764422c470e103c8d6eedbc75668962f58fa66ab29eb15c1e527,train
2349,a6d4d67a18e4397213bdaeb109579bb1ec8e303bdcb83bfe0cdd7e70f6249ee7,train
2350,8a83a81216c74ff97ac42fa4db7a6d5388160b79f48896361b4ca674590c8d33,selection
2351,38245c090a85118709677f13ff96f649c7c47047a5a33a22ca77fd99f4e68055,train
2352,73902fd7865b79b999bafd32cbade4e6f3544c9fe0b5207dd1bc6f444a740f13,evaluation
2353,a402e772e76da96b91ac25e8ee2d27d9c17e9b612a972ac79eedbd56e7920fa9,selection
2354,82bfe33eeb0387f4844b0c3278e8612592e543bed52bcd76f62c5cb269f0ffd8,train
2355,4f33860af5a881fef4f828462089c180f6a68cc27ad98c45673970b97f99eea4,train
2356,f4e992f1e9b2fa4e82d359b495298dc7e1be1323a832382fba40201ea887010d,train
2357,4ec22399446e1382c7051938820a7e57bf8961341ccf11235c2fd541088dcc13,evaluation
2358,3bd59539d7d46c1cf2170011fce6217b97ee83f99fc29576921fc9881c1e27ec,evaluation
2359,974a3a8580f53d8effed60f3888b5f75269df5ee81f4e688225c9ede5ab1a244,train
2360,9e2c39789d0d1bd8c956b565255933df0ac1da3a443ed7be52749598da219509,train
2361,10026257dd79fb2f4c97c7d24f1b954c71e48c3e5875ff0eb503cca7f2e1a1c9,train
2362,7071555cad0118abf990d748b5ea643d69d809d192692c7ecb72ddf0a1f683dc,train
2363,ec29c47a7326aeefe4cd021c3205ed344a9c385f3869c8ed0c7143b1f9b283ec,train
2364,fed3dd49b6e1c7ddb785ce7bb264b380351553b9489f749812657c8d2cecf929,train
2365,c359a235f6b834e9161ba70b5a41ff2715737c7f41335f319bfed31391c78f07,train
2366,3424cee1688ba33a9b76d77d857101ade6c6ef58d888d3ceee958812f42964fb,train
2367,c6e135778c41c05905d8ebb20c15f88c9413c91e0f52efae4a7da377d68d6b30,evaluation
2368,f783ca8b86ef66d5b9f06c4bfea2bf4913608c25762fa1e5f46c6d43bab06379,evaluation
2369,1feb064176e59dca93ddd51705dcc995f37f6a88b3286115b05792b765a41e4d,evaluation
2370,83d7dc5d9682035afe7e8aa8a88ce580255d52f29a47c78e87338077d8519da1,evaluation
2371,3757cfd378484978749bf6deeff8f3085fcd34fec54ef63ad8d2a3c257c03ee3,train
2372,fc23108d7316ec2db6235cf9c18534fc875f38a1896a50337b823d059ca151d7,train
2373,22c3124c6ab1c80e23ca6c5c020ca3c6b0ab817cf857e940be77244e312f8df0,train
2374,717ff1fec7945831e4e7f40190d973667ba5da6005b19200e560a7bc26cc91da,train
2375,1f5b85f1a6b039ee1adfb7eb8bf3888e83be728032d02166671980930e7f5e95,train
2376,717ff1fec7945831e4e7f40190d973667ba5da6005b19200e560a7bc26cc91da,train
2377,6f5b2e9c35a18d91dc2aa6d4e230d6805729d11e9d7662ee321d7c633c270c3c,selection
2378,ce3a3d804560946a276467578068f6e852ff7d2d89dba650a40516595111a9cc,train
2379,193b801c159dc52075d74cd230c1f4820b20a715a0b5ed7f87ea7fa07453bf4f,evaluation
2380,df13fae00380ebddf71f4d209757c46ec53f34c2e6ccb34c7a4bd73abd08dbbc,selection
2381,1569cf446a0493607d56596b25e419025d30d2703eb28a30b83614bfe9bd9b38,selection
2382,d6fc47796a01492710c68f74a1e291ceaf66d65d145aa58f6801b41ab7cecb02,train
2383,bc25ef88ad742d080be25e37a05c06d5ea771e685038c00579aa139c9235babe,train
2384,d6fc47796a01492710c68f74a1e291ceaf66d65d145aa58f6801b41ab7cecb02,train
2385,d8183552f178ae17ce7604c2d6e35267f999d0c9f64d5912c5253922a1ca1b60,train
2386,7bccfd68c7c8507509964e443d106971c9c5ec1812c2dfd8c5261be5da0817cc,selection
2387,dd86394d6306d887cc7e7a3e0ff723d100db09744262ca4018769e37890489d6,evaluation
2388,864343315d56708ea67adef096c471255de8caa960d3b6fda0dbc2f0e11c8fdf,evaluation
2389,7f9b6b86324009f6a975769397da153c57ba823295db98fbaa277bfbda7197ac,train
2390,eb370ecd694a9dcde120ed9f16d70dd97c508c4e15c97bfd4e907d865bdb0201,train
2391,9becceedfa64a19b850545b8069790cc1551518b6d02a5ca4d0b15ba3dbe60a7,evaluation
2392,410d8e53a8d7f092cfbc3117f4985fd4da5f44b94e7a2d132f38396a142c03da,selection
2393,90d5bb00176e7f3de5447724383c5543bc1805a2345a7cd0ba6ea7bc8277385c,evaluation
2394,871f9de527d1628bdb16dee0aab8ab48c057e91e650262309e2ea911ddd49aa6,selection
2395,0de0011244c0b368a3e28eb9ac8d8423a82185a8869328cf574f5de7f5cae9ed,evaluation
2396,9837561c95b26a1ff3fc788cfca991805762b42b057a45d2b407029dcfebbf7a,selection
2397,8815e334812f744ed1f7af35237002776624953849e860fed3a3e6445f7b1745,evaluation
2398,62c53cc0fa5ce8fd8d1e0bb2f0e1d13671800095d84c4f937ab72dcebc93f8c4,evaluation
2399,d716c0379892c13817f6e3de1d6222a6178baa9d83f7040ad2f2a70d39302fc1,train
2400,8571397042274fcc34d1155393a9b25cc1c159f73f92b58134473707f479a63d,selection
2401,5c501610f87a9a7bf4f8ff3b6df30962f8e61a07611345f59a33860fb832b89c,train
2402,71e34a8eea9247d74b64dd21e8c5a4bcd1dca74be58409d2310730125a1b2aca,train
2403,0346bdd0810126adb703491981f1191106260104f597420f77e89bdf333d38b9,train
2404,6ea49417f580da4234b05e82e148a4abb4aed983d9791d01d523e5acc2f8b42f,train
2405,4b3b470427ded75973ff68934d4ce05952fbcac3ffd23487f3e978ac489c4526,evaluation
2406,bdf3f0c100f52579492d5c2c37f20062320900d8e949f54f38a303a1e067e62c,train
2407,788ab13c3a02e51ed9867aff03a5f62e29f9e374be067a40891fd63390c711e9,train
2408,830dd219e75203779634d220b364a565ce93bf12836f45ba322ed75d6ecf1487,selection
2409,275fa9cb8996426735603a2c5732a6a862fc670691f3f6fed48595d16222a21f,train
2410,190d4a2f3fa0ecd8db8f0cba55c37b9b0c2c83bc95bb4e51d207ab6b8458904e,evaluation
2411,22dabbded33fcf382f69240742999abbebf3e2f78f93fb4027274b6239bec141,selection
2412,2df6ff8313920435df9e5cc8e74e549a6567341bfbdd421a786d68b920758881,train
2413,275fa9cb8996426735603a2c5732a6a862fc670691f3f6fed48595d16222a21f,train
2414,8aa3bd663e6a0ae909b0cff7ccc28768d4dbb1c8a4cc73b6ed6ffc0d0641b203,selection
2415,1374ca9413b4ffa58aea0fbb41921ef200cab1b80544cbaa94ef466fe6d3248c,selection
2416,9ea614740a1b98523d79d93694987ada300e86c08926c640a2c02933d4c9b214,evaluation
2417,2740f60f45b7f2c9ffc961695d0b7be0cef83757e9a454ebae63cb3f604576d7,selection
2418,11a63205c83eb394ed9504d9d9f9c1971e8b8b7e5d6b26cf0ff87726c862c642,train
2419,b16c81b713b87f31d81740546e42b0e7d8df4064d2f90d80e6895f4b31493838,train
2420,eab796f08bff3d91da700eb739f9b7ac2e47767df547349c1fff289dda6f3760,train
2421,c2af46673fb133966bafb4dcf22114ad697a1fe3d62788b4ebdbc4c79928b685,selection
2422,a7fa2753b14cf9859969aa851d21159a8b8436dabd434496f6259b46719c632c,evaluation
2423,0e8e5a7e49d31ed9f95e22d9b3a60bf8c53d434343872b3e961ab44ce3d87c6a,train
2424,a7fa2753b14cf9859969aa851d21159a8b8436dabd434496f6259b46719c632c,evaluation
2425,0e8e5a7e49d31ed9f95e22d9b3a60bf8c53d434343872b3e961ab44ce3d87c6a,train
2426,c78123d6cb140076b265a91c0b2ad9531e101d4427a39083a7460e34ce2a9ed2,selection
2427,ea709f2fcd1f0d491dc3062d17f97c71534f23eadb5512ca4c5862df54c96a5a,selection
2428,c78123d6cb140076b265a91c0b2ad9531e101d4427a39083a7460e34ce2a9ed2,selection
2429,ea709f2fcd1f0d491dc3062d17f97c71534f23eadb5512ca4c5862df54c96a5a,selection
2430,3ecd76dc51053e1d27c8aa9e5234bdd63336f7704ca4b974655de3e85e3055fe,selection
2431,7dcb476756d93db486d6dc9ba27f88fa32f512cc38c7b7588cab694a2c1521b1,selection
2432,c1a9844bff5a30c6e97f312ab71e57daa62a646084f89389a51b6b62d12394f1,selection
2433,dc97d3b3771df84d395cf6d6f0afec1d697feb4da09d90de1907b54ae325d48e,selection
2434,c78133070e8d3654d24bc9df648a8578a199a69ff1bb87009b3acdfc502411fd,evaluation
2435,aa6df71f554ece886f4beb21f83a5570151898a1c87744a6c5243972c2a98e8b,train
2436,e8d102ee67f03f922d2d9f72b1ca0a34cddcec935dd81afc00d8ded3a5ee5df7,selection
2437,ca1d46ab73fed66eeb6c6a63f28cc3b45d9f6a3b3b267374109de4cc2aa14aff,train
2438,e8d102ee67f03f922d2d9f72b1ca0a34cddcec935dd81afc00d8ded3a5ee5df7,selection
2439,97c510c5e918844cbbc1be850c79f15cef3db53744a919fb0b279952da5a7e58,selection
2440,3dab25b96e4ec1041ee30b23875c3e436717c4e4a60e929be8f4826a8c4f26b3,train
2441,d0a578bd40047ae6592bef194936fa46270ec2a87fcc387d6bf8780dd35de44e,evaluation
2442,aaca7102246386f0844f71fd9484caef7909f72c12a16ea797bfe5b41da851ed,train
2443,eb6c0755e09deb6c48af72342004fed182a55dff17c971ad05297ac0d565dc58,train
2444,aaca7102246386f0844f71fd9484caef7909f72c12a16ea797bfe5b41da851ed,train
2445,d9606f735e1142760fdd10f27a0c73d02f5683a1072e0578bbd1025c40524f17,evaluation
2446,d4c87f1267f60e38fa54344d22fd573545f4f6f56cf871c40659bd97b714803e,train
2447,29c9d170c5440dbce566f84866567e7bde73c2d47e3dd285befb9d3b9e2eece9,train
2448,5abb53f2d7a1b1cd75d4c5c39c51343a79aeeb0ab700aa076204b5a0974fab52,evaluation
2449,5f80fabeb7f90aa7f65e4d1755890b37b97ac66391ddc69f1667b7b0e037c6ba,train
2450,785ceb815dda2faa2732eeeefe1ef26b9982d7139d2996977e211b65d76d020b,evaluation
2451,785ceb815dda2faa2732eeeefe1ef26b9982d7139d2996977e211b65d76d020b,evaluation
2452,2c1430efcf77f469a19f01096a9eb1224a510a71556a0cec192c1655e1660414,train
2453,886ac2de5d42b1144757e1e4296c6e1013421266325976f9ca393083abd853a8,train
2454,409878fcc1c03b852530a1a2ecf845f8e284a5ddb2f9fa7a51efbae6b1d8115e,selection
2455,25de3d98a150a5c9f5351a6d159dc8d6bef75fe10cdf49940d4815a780bf1e65,train
2456,0c3cb1b39c8746dd9132ad84757754c86f09b9db15413140343933b90b73ecc1,evaluation
2457,0c3cb1b39c8746dd9132ad84757754c86f09b9db15413140343933b90b73ecc1,evaluation
2458,25de3d98a150a5c9f5351a6d159dc8d6bef75fe10cdf49940d4815a780bf1e65,train
2459,3da70e1f1a2ddfaaf30c359c29180e7c4300b093da68aee8e1348ac1dede48c1,train
2460,3da70e1f1a2ddfaaf30c359c29180e7c4300b093da68aee8e1348ac1dede48c1,train
2461,5c5ee79b07fe4c5d8ff9fb6d62bc029817f073dc37c558ef8d8030878c45dc6f,evaluation
2462,d89f658b4df520de8af8f91b732d59dd248a2684138affed362d7ab6482f4b86,selection
2463,b8848106b55d136ccbccad0f2585347e8bdb1d32d6cdd8c06e5d9c92668edf96,train
2464,97f29b423f1dea6580119a9c59c9d4465d98f25f91029fae58b40daf21d9f128,evaluation
2465,8351bf8a1680102dc1b520aff9998a4caa00d26114ada7af535bd35d3c621fb9,selection
2466,817fbf1ee1d07a8c82cf2d5cd72f875d1d88c62bf8e41128aa91ca2ed56569a6,train
2467,0b719730de754a91440decfa067182b5b181026c6b0238ece43d5ba8694af1db,train
2468,de144b35b5071c49343b0de2c068bc2ec148ff7be1c5cd38639338f16908dd3e,train
2469,6d6e778bc627a715d1b3a8b1695e8853f5b5e85e14b387f159939449b578c805,evaluation
2470,f4748174d4c37c87afcb4d2ed8c9c1ef1ffbd746e9af3007ed440af60b1dcb7c,train
2471,45620f09949788bd8a2ed941e439c79c6bda0490d368ad83eb245f732d0d1437,selection
2472,7d46a7cbc49af5ac110811e067f2e1a631af2a23295bf2ea9dd1d25d7c75979b,train
2473,c6e9bc62b2afacc7e93c923e374c3e8aed99b28be2f22c9ea3e4b10a109efc4c,train
2474,5d9616f8a445f3f5446f92e282071911e4e4356826bd1f37e2526070e81b7b6c,train
2475,775bdfef33d8f8d145d68193b428e2040bd68ac0e718772346265e12b5d13597,train
2476,68a9ff50efeb95466ebc70bfa5c980f554bdbdbefc08313f31af55e523d50f31,selection
2477,5d9616f8a445f3f5446f92e282071911e4e4356826bd1f37e2526070e81b7b6c,train
2478,4c9d4fb4a6aafc58ede5b09d2d3f63ea77a61b57fc12ad5cb2712ee833de715c,train
2479,9476a8018c46540dece644950e8ef74be50656130f8907f5a817376f56091343,train
2480,d1c8b3a4b02e09647631eaba3d888e453105b8c3eab5d0e21c908d61696542f7,evaluation
2481,bf4a68503d5995050c14bf42bdbe2c9ae80668047f7c81f7affbdf872be91017,train
2482,4b2eb757fb47a0cfb140cbbda005945043922c8870b7b4c3ef1e1abc9e739d4e,train
2483,4c9d4fb4a6aafc58ede5b09d2d3f63ea77a61b57fc12ad5cb2712ee833de715c,train
2484,5b673f828cd0890b3e617524a14ebef45395f2c3c2605dca84b1eb4f28d95832,evaluation
2485,151ac9abf619251d76953f0af941ab21c597c56c8f672b95074682bb7819f907,train
2486,1bd5108ad1d7d7c1f5e68c293d51a12f9bb20b250184381c5ab575474bd74887,selection
2487,e7b0b8015bdddc91f1551cd1fcc280f64030051992feff0e6e515f8338b9362c,selection
2488,e7b0b8015bdddc91f1551cd1fcc280f64030051992feff0e6e515f8338b9362c,selection
2489,cd142076c453ca2dc768188664d4f2c51531f2e0503fbda54e7e30afb7f06e2d,train
2490,37a557250243608607000581ea3c08c3e0fc2107c0f1d390a8def6eb32d15916,train
2491,dd06ac44179f5659ff60b5c0e3cecdd513cff3252fa1a21935e586a85826b667,train
2492,cd142076c453ca2dc768188664d4f2c51531f2e0503fbda54e7e30afb7f06e2d,train
2493,e852136352dc3502f6a79ab8bb47310ca2101fd4336f9fc54331c2ec860be050,evaluation
2494,e852136352dc3502f6a79ab8bb47310ca2101fd4336f9fc54331c2ec860be050,evaluation
2495,316384a62882d9be32aed252f119e7125644931bd02f9192d5409a1d9f32a97e,train
2496,4557da094383b66ae5863392f6acd01a9f3224b0036127386706856e2f0d57ca,train
2497,2929177042f3f2f90e578928894aab6ae0dd1d31f1109a697a9f3f4d389091ea,train
2498,2929177042f3f2f90e578928894aab6ae0dd1d31f1109a697a9f3f4d389091ea,train
2499,258d96804e198e43839f763ad7b3c75a07f908e86d8b8b50582c924fbed9aa06,selection
2500,2929177042f3f2f90e578928894aab6ae0dd1d31f1109a697a9f3f4d389091ea,train
2501,31cf7908ff301f875ca61cb82332d6b70af9b9aeddb36d08a562e9014fdf40c7,train
2502,cfc1289baf635b8f22ee37f9113017e13c3bf426dcbe37b2d7d686c84f1e9103,evaluation
2503,cfc1289baf635b8f22ee37f9113017e13c3bf426dcbe37b2d7d686c84f1e9103,evaluation
2504,be0153d95b6355f4a6a6b962b0225ab543701c2b4a250325ac3a22692e7102fa,evaluation
2505,4fb1db606af91d941a73bba1ef2fffdd4b4b250d9e71b5fd87f911e9cc8e69a8,train
2506,5bdb265b1a08e801e38f56a7da9e4dc90e4c83a8871a74ce4e74aa3bff04ebba,train
2507,fbc1a1ceddc1d30b3ccf5bcfd13f4ed4933d504614d5af88ca700e4696114733,evaluation
2508,ef8cefb42acb04bb6f6290f6c905a65fcdcffbada0db8bf908aadcadd4e92a93,train
2509,3c6b1a0ab473053feb5f1fdc244873a829f46e082d422d621ee6cf86a57228df,selection
2510,7bc17327036a9b0c4f0afe45823e3a0ca52e36c20b1edf88adf3969cfe654868,train
2511,cf01d174fec376768bc6bb5e3624e5f3ef160195490d7dadf9f9ced6ab18b6bb,train
2512,23e867d1a72cd48d3c24f2d8016f23133df76c8ec75331f70818dd1f0ba41fa0,selection
2513,5a37791d69ff1fb11ea81bf186f01844deadcdb4f467c87bc4e530577e604aa5,train
2514,c061c1271aa81e4d82555cb77b7697420e223bb6a9ea8f6481eb5a6abc710928,selection
2515,4e2cb0bc824c3ef1cf6423f301cbea2d4e0a5dc4aeec872915fcd838d64e655b,train
2516,8edbecfd10be0c33dcb55f8f56eba61b9e813390c5c4102fbcc690feb323de38,evaluation
2517,49f84a5799258e2542cdd59cfd5809fa9b94f02f4ffc2d7d85b25b40dab47a5a,train
2518,4e2cb0bc824c3ef1cf6423f301cbea2d4e0a5dc4aeec872915fcd838d64e655b,train
2519,59806d0ce30cee5cba20f7716943eb26931e7cc3c14af40abade227529791ea3,selection
2520,b7d45773788453e7b0b31824fff7e01dbb84c28acfb232c3edd5b8721ba0b83c,train
2521,85cae5ad1727ab96eb55421a4f01b45457df660f4f9326734a235b7153613e0b,train
2522,100f0b22649e1c9ddb85f30c2981a14d4cf15fc43d66d4f4b9ac50a121f1359f,selection
2523,b3c730f26b1aec4d650c73bc4ce88725ef91969f454465c0b7f0adc85e995943,selection
2524,b7d45773788453e7b0b31824fff7e01dbb84c28acfb232c3edd5b8721ba0b83c,train
2525,100f0b22649e1c9ddb85f30c2981a14d4cf15fc43d66d4f4b9ac50a121f1359f,selection
2526,85cae5ad1727ab96eb55421a4f01b45457df660f4f9326734a235b7153613e0b,train
2527,84737faf4c1e921cc89fd860e5f5f6b0a35a703ec8c73fbee724a1b79c8143aa,train
2528,2b64b76ae8ac4bcc74cb37990f07bc6f964c0b43031e40c63a7dcb706dd5a43e,train
2529,5d09a7271a605a277a6c9af47e7f1f2946643149186ab998fd222f0e69a29162,selection
2530,1599e930522da1fe8166719101a7f827332f76e44c5a32b4271541fbb96c2e09,selection
2531,cea6d553b5ab1493f5839ad47ab4c6ac3c69cc0335ef851e3645dcc5dd3daedf,train
2532,cea6d553b5ab1493f5839ad47ab4c6ac3c69cc0335ef851e3645dcc5dd3daedf,train
2533,040e6e063b2231e7df9da400c81a5bed9759c35004cb2909ffe57f9b9e82cb0d,train
2534,5eabfd6f66cb73ce8a92ea34195f982e43310ee39d5c236ce9d51178e2fdaa2a,train
2535,7f52d8dadb6d6bbcee58ed25b74f13eed66fc0525b304ed497814a3dbfd57b35,selection
2536,03c53045688ce165a51e13b5465533b30a5f6494b09c87fd1ed6ab04814ef5cc,train
2537,ced1a0c3c51ea60dde394c5f4f816ff30fc7cda7aebc4ed0e49a9a2fccab100b,train
2538,ced1a0c3c51ea60dde394c5f4f816ff30fc7cda7aebc4ed0e49a9a2fccab100b,train
2539,2115ad807481e629cb99a65a010e3122c8ee1cefc7eb60f950e3049283853cdd,selection
2540,8963932364b20e27e8c1d12a65fa4c178b7899c79e9ccd66a94ba0727db66b82,selection
2541,7f52d8dadb6d6bbcee58ed25b74f13eed66fc0525b304ed497814a3dbfd57b35,selection
2542,284887a06c2044c5d1ff4184dff4551791935ca98b7daa17b04379fef95c0eaf,train
2543,03c53045688ce165a51e13b5465533b30a5f6494b09c87fd1ed6ab04814ef5cc,train
2544,f20cbb4eaf31eb5a566e0ed9ad9fea4d1caabce97b4562f8ca71fbc0c04626b9,train
2545,9d2fe6b7fcab47dc14eb55730d4349597173f9f6aca33264e9525747f6f6d24c,train
2546,d9fcac2792c3add77f1b51242cd8611456e123715b608acc0131b34303e5ec90,train
2547,58afba437e402edc0c75602e24c5c7f2c2cbcb0f6a4e7ae19b3b2a98d791a69e,selection
2548,db83d19786c4a3c66d18b2bdf645b3e5b73b97add7d7866e07b16a1e01f8d405,selection
2549,d50ce505ce396fe51010e1d6d968cf91f424620cbb3fbc90f527df89a960b8b5,selection
2550,58afba437e402edc0c75602e24c5c7f2c2cbcb0f6a4e7ae19b3b2a98d791a69e,selection
2551,db83d19786c4a3c66d18b2bdf645b3e5b73b97add7d7866e07b16a1e01f8d405,selection
2552,6fddfd337ce90a443211d53ce6b7e8bc68cc8b671ffc57efb34ac95732d2b496,train
2553,c1ddb9b742c6aeeef1a68bed7a4213f8826e604d8e61e113e9aec08c1271a624,evaluation
2554,af69ad389352c26f8c7b93103268338320f6ea5f0c932481b7ffedff0a574f65,train
2555,c1ddb9b742c6aeeef1a68bed7a4213f8826e604d8e61e113e9aec08c1271a624,evaluation
2556,68dfcd5c96d8f307dc0e7df4e5891511b67968c136373cd40e9f3c3cf385c3c2,train
2557,af69ad389352c26f8c7b93103268338320f6ea5f0c932481b7ffedff0a574f65,train
2558,c1ddb9b742c6aeeef1a68bed7a4213f8826e604d8e61e113e9aec08c1271a624,evaluation
2559,26eea5ba3ec3e8d71f775ccb956411b9e804b88b2104c0acca0e5ec6d58c5b2a,evaluation
2560,dcc2a8117e00e7aa738672600e84fcb432d9c24294f898d7caa2e1c5fca3533c,train
2561,65fa6af85458b8e5e3bde2fca73d46d0fae98a2315028088ad5ccddb134f7775,evaluation
2562,dcc2a8117e00e7aa738672600e84fcb432d9c24294f898d7caa2e1c5fca3533c,train
2563,26eea5ba3ec3e8d71f775ccb956411b9e804b88b2104c0acca0e5ec6d58c5b2a,evaluation
2564,d707d2dd325d59aa70cce85f11958cb6be3124fb534144f172bfcebf9dacf21f,train
2565,9d041f18ced887c907041b8be6608e5d4a7f97c1bbea88a00510e2bc9bf97bb0,evaluation
2566,45117b3c25364cfa10d35b5712ab686a0ba0b0b177e948313dc9a6d15b54b989,evaluation
2567,64eaab666ef8b7ac6ffee48199e9c2dc64b04b71388f65e1018eea1f104afa47,train
2568,d5e8abc57a2d638791f882358fbe7a56d3ba64c2318920b35e18d7c9243b1230,train
2569,260f58b1273895a3259a286b0a2165d7650e0da707ed3317b5bc0cf166ae899a,evaluation
2570,64eaab666ef8b7ac6ffee48199e9c2dc64b04b71388f65e1018eea1f104afa47,train
2571,08cc8394a8783904f5c940d2f28fd4d57840f08b1967a1b61f251c1bea359d1d,evaluation
2572,f43b1f6eb6afc5f18f3d389f19a41a17d3e8914383dfc6d4c5c41e40dcdc5077,selection
2573,159953bf28cc5f2282de5350fe551e4958e3dfd0bfcd800ab23bb4d5a2ab5e31,selection
2574,0f499b5320d88b116dff6b11c3e8e9b4803f8921bac91fe3ecfbc4c6dab42ac0,train
2575,2e598e64ee7b667f1efefec6f52f7a973d3bfc30c35349c5a897de8c177ade69,selection
2576,e43a87c4e13720214e53e1b040eb4ab103d3aed89a5e128dcf74afb940e73657,train
2577,dcb9e314f0cd929eb896a89c0e909871cef96e565e5a1adc66377a9a8c2c3135,train
2578,c7656a0b447adf3010b87083551d2d2f02562bdeec93a4f5633c0e0d9e99eb03,selection
2579,525415be5bb6a768078ea5c1981d872a1a81744c08be4ebc78c33051d42e3f46,selection
2580,36d314e4b6ab266b3f8aa9a3d46c624bfa0d56bd6b8aef4e115fad8391d778d1,train
2581,598dc3b11f782e753bc913eff38d07c4c74eb71d0b9d6225b29f83254352656c,train
2582,598dc3b11f782e753bc913eff38d07c4c74eb71d0b9d6225b29f83254352656c,train
2583,598dc3b11f782e753bc913eff38d07c4c74eb71d0b9d6225b29f83254352656c,train
2584,598dc3b11f782e753bc913eff38d07c4c74eb71d0b9d6225b29f83254352656c,train
2585,598dc3b11f782e753bc913eff38d07c4c74eb71d0b9d6225b29f83254352656c,train
2586,598dc3b11f782e753bc913eff38d07c4c74eb71d0b9d6225b29f83254352656c,train
2587,a956c6c0c6bca13ecebca84ceb3b30d6a1a545e56c50a04a0737d7a8ba995c4e,train
2588,598dc3b11f782e753bc913eff38d07c4c74eb71d0b9d6225b29f83254352656c,train
2589,2bf3f672bd24c8ffddc0e6dcf58610b00433efee3bebb2daa4174548369ce9d3,train
2590,934c703b09d306dfb05b78bc35b6e476321953ba6e263d601de7d1e2aa62dc71,train
2591,12305747c2a0e90ba4d03b65c760688c84d67222cfe58f7658a951544f61a434,train
2592,592ba8570fd9fdcc89f76bafcb8634da1abef7ba503bb7ce9851a07e463246b6,train
2593,83e0b4ab66da1fd16ef4a84111611a92ab84f9db0e823744625cb8bc293dd5ff,train
2594,7de2d4bb302e65e4434fdeb4e10ea0c95cfb3267d5bf204fe3505e903c41ed1b,evaluation
2595,486bdf9eb97ff1b4ffa4a10c6cb0d035b5a08ca822628d9c78310aa982cfa57f,train
2596,fd9eefa70a462a3bc4b63928435f0e3888a99def8d1efadbc070def4d911a940,train
2597,46a2c171b894f7ca05acbe18da7629a245fe94b97f023b4f85432fb4eb9d2c1c,train
2598,fd9eefa70a462a3bc4b63928435f0e3888a99def8d1efadbc070def4d911a940,train
2599,88702ddef22d89bcef9d8d73cb6ba452cee8fa5519634cb24f21c79a26a186a6,train
2600,bafcca32fe972f6dafcac961b752832f8e512cdfce71192892e7bebbdbc72c5e,train
2601,1bd80e6d86ff5045de496d03bfa73d56bfc4741b57270ec4df65620d12b774d8,train
2602,46a2c171b894f7ca05acbe18da7629a245fe94b97f023b4f85432fb4eb9d2c1c,train
2603,f2a2d95b79fd6c3d4edc06786e9c7469dec1cf3ccd5090cb6e61a19189aa5f50,train
2604,f2a2d95b79fd6c3d4edc06786e9c7469dec1cf3ccd5090cb6e61a19189aa5f50,train
2605,d847d1f8150f03bb142f38e5acdad338c27d192cfa3e6a8618285ef2d356c882,train
2606,f938d97b7ca43ca7b7523e3b58c4b856883e02d11e09712e0186bd32380428b2,train
2607,49ee01166ff3b250eb8e399a6234d1e5b92942a83cfd5a4da968f7b83412fb17,train
2608,dc9d149a2985cede95f0121774da8c0a28d1e544d2f5b7e95142b1825e088cd4,train
2609,d847d1f8150f03bb142f38e5acdad338c27d192cfa3e6a8618285ef2d356c882,train
2610,285957d84ece6afca2d7e4547a15c45606c41a2ce3f4cada6a68629278291e2f,train
2611,4d536501142dfac36f291ed4e10de2c47964625cf4019a7a293f162f3f974666,train
2612,f2a2d95b79fd6c3d4edc06786e9c7469dec1cf3ccd5090cb6e61a19189aa5f50,train
2613,b76ca11181be13a681801a81b76f5363ab0fa60ac7b23b04cd0341ca8531baad,train
2614,8b1aaab839152c786067193bc923096ead48c2dfec37d115e47aeec240436b36,train
2615,e7641b0dc6af5966ffce81a0adf13d91916421b2b24f52c14c08695d4bce0ea2,train
2616,e7641b0dc6af5966ffce81a0adf13d91916421b2b24f52c14c08695d4bce0ea2,train
2617,e7641b0dc6af5966ffce81a0adf13d91916421b2b24f52c14c08695d4bce0ea2,train
2618,39e5f9e5563a1ea276e094698d95a431957a782a13c9271ad619a24af994921d,train
2619,eb05fd8d893b98e3a9a54fd6e931ce7cb7424b3285e5da92a43160f4f3fa8ecc,train
2620,f0096a1d6990c663cb95169fb7d1ace6b71a1cea2baa3d30684d9717b6971724,train
2621,b76ca11181be13a681801a81b76f5363ab0fa60ac7b23b04cd0341ca8531baad,train
2622,39e5f9e5563a1ea276e094698d95a431957a782a13c9271ad619a24af994921d,train
2623,e7641b0dc6af5966ffce81a0adf13d91916421b2b24f52c14c08695d4bce0ea2,train
2624,8b1aaab839152c786067193bc923096ead48c2dfec37d115e47aeec240436b36,train
2625,32385481aacff3d22aa2880109406fc21aa060b6e4590e296be1ff4fabf3ff5e,train
2626,4e1404a2b66a7c3f922c566791013e4cc7e69b0bdaff21ab7b102399dd70dd23,train
2627,2fb72f561c7c46974bb803bbca02a36309e6f27eaea4c174a464ff92b282fd8a,train
2628,f4d37085d6046ff7e48f794215a38b2c38434132daabb16965ff47e81f0e9556,selection
2629,febe684970e683e5a7978ac255fcc806d6396d853c0aa4febe3cbdb1085c26d7,train
2630,8bf04f1fd0745a2f75e58c806743a2ae5cd2f8d0c96ccbf9b4c7cb71233cd17b,selection
2631,0a22140a7c93fc6bb54eb695f11bd8eeb440520f1e0725c035a9d57cc288b178,selection
2632,c976dc98c5ddc1273d3120965820ea268d9aa84db7cd97fbbdc60a78d6a07557,train
2633,c48699c5de90c78b347de48296a0bd7cec7fea22f4d1c4187a2d9e283a4bcdea,train
2634,94f2725a9fd2d870060b1bc93b2deb23edf4c03c4edb2d159f8011da75b3ef5d,evaluation
2635,197944f4f3a1c7d915527e2d9e1ac123374bb1ffe07c9999ae3df6cac4fd698f,train
2636,c48699c5de90c78b347de48296a0bd7cec7fea22f4d1c4187a2d9e283a4bcdea,train
2637,94f2725a9fd2d870060b1bc93b2deb23edf4c03c4edb2d159f8011da75b3ef5d,evaluation
2638,246a3364ff404e627dc932f94c19da18fb523e6b28e612ed3c9d6baa0030f134,train
2639,1d42f1d81eba617e0a6f807f4306d609f3e5a5e289972901a9e1b404894505c8,evaluation
2640,8078776bb8be1d2b5f34ce611e55ee76653e62f1ac98e9ec923ded945664335c,evaluation
2641,e13b92a19a6df0e4f206f8cd0db00f4f3e8848885356e29c20250b428425a510,train
2642,5581eac18465ce46696de5fe15d4393190b30e081ab1f004149cd66368ba6c9b,train
2643,dacbbc564dea89fd780f0c12823ba7eb560339ddc3195a04446ea6937234e17a,evaluation
2644,1916091ae58f56495efcced99e75b09cb46df10b19198ab249cb353dec934cb7,train
2645,c231ba7e4ca047a8bb5aeda023fa1f8cfdb9cf2a1a9c4a4ce7905871e9a15d84,train
2646,62344a1778a3e58fe57af8d2bd9a9632c6ab8a5e75315bf3bfcf442410d36cfc,train
2647,427666f358d80501098f331f4be4c29185bdc54a5921b34fc48a3cc1fcbf5489,evaluation
2648,de4987ac157853e18663adc2bc4ae5b392ff1d9a82478fa0ae122afab168253c,train
2649,1916091ae58f56495efcced99e75b09cb46df10b19198ab249cb353dec934cb7,train
2650,e751d3a160b07084d60ec94c7540ff06b8290b721199704cbb546841e20b9361,train
2651,0fdf4873c6163bf78bf3e778cd51b8204c16eb56a8166205505f0ddcc49f43be,train
2652,d5f6aff145d84326f325399e035375faacf69fc168d4281973b3f0aa94be91eb,train
2653,7169945921c657e96572e2eeca38048db862ca69012105ed17d65b088e4320c4,train
2654,4a7e2ce258cf9bea5349eaef95db69372c50b4874fef95a81f2d53acb2ccd96d,selection
2655,f7b95a242003d5fe2d1e5612d665a300781283daf4a64d8cc6cb776374ab3971,selection
2656,f02e5533c232a9372c142ebedda33fe870cc6936c1dea065ee64b747a67a1c73,selection
2657,24d8dfbc30992e341b772c9a6b8435b4c643149ced6ea3ba9b820ecead7e707f,evaluation
2658,9840b6487a8ea96d7ae5c94b192827569d1845b51441cb5bae4cdd6ac111d2ea,train
2659,622faa48638d7dbae482a580f56412584e949d490ba764e189b4aedaee9eb6c4,train
2660,dddf0b6556549b5c2a1c6354deec388f2f42daa3d177faaed58fee886ffc19c1,selection
2661,81da5e1ec5826dac8614042e2335ed8284af6e7b60ad41e57a50158d2ff21946,evaluation
2662,060071b367af27da5652b67639f344d0912082fabf94d4b2a9d11e0fc905622c,evaluation
2663,cc5809d81c4f58bb915528396d9acb0382089e4f96378ad0d3d33be7a3ab0e32,selection
2664,9c6c29a9239af8bf8e20659ee39ea71cef6110f9d2e8c5b14fe3d769467f1f18,train
2665,a0bbfc6871620313828f0aaa1bb4a7daef3406784d2dd6605675488d863be4d5,train
2666,8c62d0efc0fafea0bcd8f9366cd2ea1e2d34c8d733f72d0e91d51215026ef315,selection
2667,a851de47e87cd27a2d17aa1a3fc8de9a0edede65b9a8891153d7a70bac4efc74,train
2668,0e4901b2508038602243b3a22e03b634a99c92d0e1ddbd364bff2c87da2ddce4,train
2669,2f1c23eed90348d2d1e36cdefdd62276111cf320f70a3510bafab835596d320f,train
2670,8c62d0efc0fafea0bcd8f9366cd2ea1e2d34c8d733f72d0e91d51215026ef315,selection
2671,d4194c5102b7e3588d37c67be796b89b7ca753efa13e81b69b5490275bb24bb5,evaluation
2672,562fa5539f95e9347737256a190ef99fb02f6ddd020815843412b4fcda368992,train
2673,4f7c221ed7a29aa3cb5f95d9653bdc39fb86dfc81abf3db1b7db9b2fdf7fa6a5,train
2674,a7a5df194f3aec358ccfc5a9c3b1586ca07e8fad56cf099a73d03a7f44af18a7,train
2675,38dabf4fdf4c6f6439c15c5ec308a39944e43fa4aa312ad9f340802e46ac9367,evaluation
2676,933b08b354713ad784a962a7aa7061766842e54d9fa7205e84bbff03fd65262a,train
2677,f1957bbffacde9ff438a68277d14aab978019ad0b4c0d5d13b20a92013bdaeb6,train
2678,39f0e61f5014ce4ff6d02ded8c1ace002c58bff75c88db1a204034462188823d,selection
2679,a5c77028b7fb62b4873f1854aaa3fbf68190cfb67c46d335e77e4fb55f057be2,train
2680,82dc18847cf115d76987780d599b2f1b59f2c7ef80b5e7de5fd3f3a3098133fc,train
2681,b16a73675ec4087e0ebc3dae6594188ec9ecbe4dbde4d3a90734b3cecd460a69,train
2682,2ef5acd38e0c7a00164eb9b1a20bc9736079549b05cd4f14bc3d671aa199ff29,train
2683,39f0e61f5014ce4ff6d02ded8c1ace002c58bff75c88db1a204034462188823d,selection
2684,9786237f6a3239f073d5fb5bb00c44111bb8d9f983c40b44574954493f294a5a,train
2685,654bf07596c7c249fd851b4869b2c02a8a434f97c3d61415b73d040939faf8ea,train
2686,82dc18847cf115d76987780d599b2f1b59f2c7ef80b5e7de5fd3f3a3098133fc,train
2687,cb0af603a61c441fc23c868283f942c094c0eb43ca749b917c01dab97b00bfea,train
2688,b16a73675ec4087e0ebc3dae6594188ec9ecbe4dbde4d3a90734b3cecd460a69,train
2689,a5c77028b7fb62b4873f1854aaa3fbf68190cfb67c46d335e77e4fb55f057be2,train
2690,b5e718011130cc4791f27c771b2eb50c930a9fef33b7a04d8fff9ed07a766786,train
2691,10061c28431cd94018d07dcacd53e347e0bee43bb5d7c4f3b4c0dbff46b09659,evaluation
2692,8496c9e123176b53499b99a1589839c0f8d3081177cc8c813782c78bf7446e3b,train
2693,30ec07f143e06b772caef840ce12563faf041cd19433f1296c42d05a22499924,selection
2694,10061c28431cd94018d07dcacd53e347e0bee43bb5d7c4f3b4c0dbff46b09659,evaluation
2695,104c108d81762872b2f9dc73889855d2042fe1801ec045f2f9ed17913d467828,evaluation
2696,cddf9f651a528f5161594e75d765cd597e75534b85189c837709dfce7cc5282b,train
2697,43e82b19660fd66d1ab36cc5feab30b42aa1e055e472702a082731749b53e301,evaluation
2698,8496c9e123176b53499b99a1589839c0f8d3081177cc8c813782c78bf7446e3b,train
2699,b5e718011130cc4791f27c771b2eb50c930a9fef33b7a04d8fff9ed07a766786,train
2700,9be74657fa7441da7be4e90d1ee7ac0f3ace5c699912d6993b4cba0bc8867b26,train
2701,c54e8f1c3dc6a642274bf03c8f166c67603a07b03dbed7c509a3d3c4e890fa13,train
2702,c54e8f1c3dc6a642274bf03c8f166c67603a07b03dbed7c509a3d3c4e890fa13,train
2703,c54e8f1c3dc6a642274bf03c8f166c67603a07b03dbed7c509a3d3c4e890fa13,train
2704,d8a6eef854d7661a1cb14a06afe3ea00425db7bc470a35d05e48930f0ada6d94,train
2705,ca656c8f14e59a7e5fb0b68d9f0a5655d7e015525e12661b5962f0ae6b97718a,train
2706,248aaf82b53e59b02cedc806e33957ae6590bda2739e7b675811f489ed2bf29b,train
2707,c54e8f1c3dc6a642274bf03c8f166c67603a07b03dbed7c509a3d3c4e890fa13,train
2708,1dd23900ae18453fd7a8f5749694a0dc2dc9c858733e6dcbb2501848e225da4f,train
2709,d43e7ae7a959121387d0243af61ac7e6c07d61090ba122374f6194f3ba19c9a0,train
2710,d43e7ae7a959121387d0243af61ac7e6c07d61090ba122374f6194f3ba19c9a0,train
2711,bbc5ae4d54d832ea2437c0ed2d7022e49f3d561a61a7816652e1c06e214e8dfb,train
2712,e9d725c3e8c45673418385c2384b45e2d37a3f8af1d18c8605dcdc824fc1cc3c,selection
2713,1dd23900ae18453fd7a8f5749694a0dc2dc9c858733e6dcbb2501848e225da4f,train
2714,6b467b4d57b5ea1744b7d5d745de8d1b8ce7b1cd06fbf9120b351e710f5515dc,evaluation
2715,ee8740ae1bc12721579e1b146861fc4cd3480376f2bc5404544f7628b92f6123,selection
2716,d43e7ae7a959121387d0243af61ac7e6c07d61090ba122374f6194f3ba19c9a0,train
2717,890dd64b3c515a6bf1ff0dda1d6319a04b4f02eff77b2ffbb53fbdb14bf55018,train
2718,5ce5fd156ced54b87715b784d5cd2fd506897d36cd4ef91316ac9ca8c1e97d8c,train
2719,8e0b4204d205aeceb2092739e6d9a90495b93079b50107419c8c49ec0fb9cfae,selection
2720,fc9760a43cedce19862545c8a211d6b8d4c62f3fe1ebf62c1cd520f48da2c965,selection
2721,89de3251089891537ec6e859351a2a8fa1d69a2e03027fdec9ba21a813dd6fc2,selection
2722,6c9a5b5111ae5278e28534dd842fecb609593d082a0d4dcfddd8c1a4166efdeb,train
2723,e016e8860673d1f571fc5c8047046ea7050dc89c918641b098e3014f6f0ec23b,evaluation
2724,8e0b4204d205aeceb2092739e6d9a90495b93079b50107419c8c49ec0fb9cfae,selection
2725,4d52125eea79d27ddb932ad1937f855f6a02cb3078ce4b8c3f79e45cfabf2c0a,selection
2726,9f1c0a593ac3e64003f790ab63b3352910b80788f49d4bd9dc0a3eaec1d7ee28,train
2727,db0841e66ebc69d5352fca763dddbbc0030d5b4061c191cd6549b1ebcc653ba3,train
2728,42036d66ceb97d327affb7fb6dd8f815374ad84f71cdd46e6a3a0df1507f1f01,evaluation
2729,61f87649f7a05399808cb193ba55368e3373b3b5da511539d577d383f2221996,train
2730,960c0b4707d41690c42984c4a4e8d69e390d18847f3bcd06aaef60d08d44164b,evaluation
2731,941f941174a34d2ad653a2a496ecbc25c71ee12d7da2ec76e29aaa8db508b6b9,evaluation
2732,1ba86defb839153ada725ac278f3fbfaa1e8cfa575127251c8bf921181cb5f7e,train
2733,61f87649f7a05399808cb193ba55368e3373b3b5da511539d577d383f2221996,train
2734,e7f0a2026b5c79625a4a0fe182e0e0f947cf1c8d1467022cb43e467aa5d6713e,train
2735,42036d66ceb97d327affb7fb6dd8f815374ad84f71cdd46e6a3a0df1507f1f01,evaluation
2736,db0841e66ebc69d5352fca763dddbbc0030d5b4061c191cd6549b1ebcc653ba3,train
2737,46bc535dbe02447b998beb33d9700baed93faa97e0f71b7c6305db29693e4e1e,evaluation
2738,7b435fdd4fccf6bb2a4a3079746c994a4dd7f8654a4843a72491afb610f91e75,train
2739,d6233d956a4b594291dc23b229e42a8617d4d69256e832f9493ba119a7d98e4e,train
2740,8a6b332360a728fc6a32398cc0d4f60a599ce1b0ea2d16a1ca745f73927edb58,train
2741,7b435fdd4fccf6bb2a4a3079746c994a4dd7f8654a4843a72491afb610f91e75,train
2742,2b5c518423163957db5d0f034a9eb57e93f751e47625bd4b105fce0928476899,evaluation
2743,909d4c5479d58cbd1305d185d33b25a9e44b120e605ea24ddffbfecd14c03dd1,evaluation
2744,909d4c5479d58cbd1305d185d33b25a9e44b120e605ea24ddffbfecd14c03dd1,evaluation
2745,00a068deab6812673b1473be87a385cd5d453a7717ba21ee023fc88e893e7efa,train
2746,bdc3356d7759b26545aa3616e84e7cd11ea5437456249d36e3d4896d12e7ca7d,evaluation
2747,baf8b1019acab2b90761b871d1200d9e207d98fe4bcb3add31160ef14abc7518,evaluation
2748,58dd67618834f1203e1f0fb700632358ae94672f8bf2127056d7446f3c8adada,train
2749,baf8b1019acab2b90761b871d1200d9e207d98fe4bcb3add31160ef14abc7518,evaluation
2750,58dd67618834f1203e1f0fb700632358ae94672f8bf2127056d7446f3c8adada,train
2751,0278bdff0e1874c2989db9c7b0ee51cfc3759ad471ad8ed968391f0e64234f61,train
2752,69a0d4603024694f177e6b33794214612fd07e6119b4dd85245e2ec4f1853b5f,selection
2753,16d437c0cec825d9f37be141f01b12aaa5749ad1fa361e61dcda65edb7a95630,train
2754,9097c2e00e582973bf6a912076cbe9d5a8ba48b558d5bd6ec3192cb530fbc511,train
2755,0ebc1d462a5428f6380d3e547052d2a44dfa83be90fc9916ed74ae216a34cb0a,evaluation
2756,aa82e6be7d15dfa1a97ba78e7537465d8bafee2e21a9fc8415a5cfe64e10d1dc,train
2757,8dc0d041e6ea14d5a227e066370332f4fcd02a0b5419121f1bdaed4da155a6db,selection
2758,af6a15eb4f4decfe558412793ecc47cb4642ba864300711345e60d2444961ac8,selection
2759,36c33ac589d99c6f5117180feda53744f2bd3c993baa0718e9a14c83027130a6,selection
2760,148de34337374bedc8e3767a69060bb708b8b8fb607a797b4343c7c55dda275c,selection
2761,2112e1a35532c54fdbc63949cdc633064e3d2394b6b68b017e0865088de6c5d3,train
2762,c7f592dd966e954a1bdaa0d5d608e5ad80e661669bf5fc4e03fc2e5e739ad7f4,train
2763,787717e963ef35673bbfb461c87e9ebacc702a2734be0e1de518a4880e68802e,train
2764,cfaee3514222f07ffdff39554505b33f75b687460e1b7f0707ca72e388311731,train
2765,ddcb2bc73cc4028b2f2d6262184c0f14893aa18f8ba60aa081ab56b34e89fc37,selection
2766,74e35de5e40c0f16d4804e6b35f7ee2235a01f29b9e96ba0199d5b38e193b54f,train
2767,cfaee3514222f07ffdff39554505b33f75b687460e1b7f0707ca72e388311731,train
2768,787717e963ef35673bbfb461c87e9ebacc702a2734be0e1de518a4880e68802e,train
2769,c7f592dd966e954a1bdaa0d5d608e5ad80e661669bf5fc4e03fc2e5e739ad7f4,train
2770,d5a2bbe1fc5b8ba001686b2d34fcddeaf4c2acc79633933f98845d9834da3c0a,selection
2771,917f69eb752a4bac04b25c8500bd9184612e7060f396068377282fde077a73e2,train
2772,48ba923767de74dd947da7e737d674e0f0ec644a7e42a80e55ec05ffc3aba0c3,train
2773,6a06ad9381a875e5554659df80327b1672116e0d869daf5d81cf98bccbb29516,train
2774,12dac49f239321d6d02ee3e3defa9e56ff8792c02a23b1572f211d37bc16ee4f,train
2775,12dac49f239321d6d02ee3e3defa9e56ff8792c02a23b1572f211d37bc16ee4f,train
2776,13814179f03e4a465ebadd6c3e2a8ebb87573d68452fc6ee4fc8b5116254a36d,evaluation
2777,c25f884e45ed5fd8a7678f5d3a4011e5322000ac90d01790dd80c967dd8315fc,train
2778,6a06ad9381a875e5554659df80327b1672116e0d869daf5d81cf98bccbb29516,train
2779,59fffada3f961f29fcf82ef11f88dc4a47357e6714cf7e79c91451ac6d2ba44a,evaluation
2780,2605d651b4b4de670c0fb5f9d0241de5f1971b3c432fb64c37b3d4f783898a43,train
2781,2b90c836460ed017915a2bddea2b2f4bd274862060e888abd08cde26cefb201f,train
2782,65a1708544911ae77eaa88c9133cc4a480769f0f9858ef9f5f4ef1566fe8e1a0,train
2783,14b2af8738a07684b260f606b01eb4e101c6d4101037da746a1a2fa742239833,evaluation
2784,14b2af8738a07684b260f606b01eb4e101c6d4101037da746a1a2fa742239833,evaluation
2785,a5f26699e771053f6fb9dd69f6aa6afa47cd2dc8128bd0e756f0537ef31316f8,train
2786,60f5b4737d77f2ca0a8b76ebaef167ed2e99f157b29084fe049850bdb40be9f3,train
2787,a5f26699e771053f6fb9dd69f6aa6afa47cd2dc8128bd0e756f0537ef31316f8,train
2788,22169b4e062dbd8dea9f10fd7714d8bc4a8e19b5c6547af528e75ad997a5f6a3,selection
2789,77af22caede53a5149b7f2b991469389c09b035b2025edb35f708a40c2b92095,selection
2790,65a1708544911ae77eaa88c9133cc4a480769f0f9858ef9f5f4ef1566fe8e1a0,train
2791,2e367a8d45154e23f8c76fa9578e2de1d5fa3d7b476173abbf8bb4d85d293325,train
2792,f72f4c485e9ae11a736fda7b64122b29b66e8c20d83a1aea1e8544a7ff391bfb,train
2793,b0561614bd78fa269cfb0a7e4a27c02a586bbc6cdb4cd0574b148c1ad70058ad,train
2794,47207ff1dbb860dc6c76ec9880e2ce9dc5c28da534d87916e09e3ef55c848eb6,train
2795,7aba761068fe65d9f7fdb88238545e455c3544232f1de0471e8f6b149f65d31a,train
2796,b0561614bd78fa269cfb0a7e4a27c02a586bbc6cdb4cd0574b148c1ad70058ad,train
2797,47207ff1dbb860dc6c76ec9880e2ce9dc5c28da534d87916e09e3ef55c848eb6,train
2798,7c10599ce18f4f66522a82e1bb31575c1e761e81390e37a0d16a8184142f7e13,train
2799,404fb8141958990cacbffaf7dc7c499114760a58b341e3f36ce19aad582b75cb,evaluation
2800,2e367a8d45154e23f8c76fa9578e2de1d5fa3d7b476173abbf8bb4d85d293325,train
2801,f72f4c485e9ae11a736fda7b64122b29b66e8c20d83a1aea1e8544a7ff391bfb,train
2802,63e70ce9d9da63803a42b351298d023d3058ab04c3c0725d6b2ca18d64a7f91b,selection
2803,80905fea5b05835d20838e80157df28a37e827bebdf1e828a68c066fa4d35c06,train
2804,7aba761068fe65d9f7fdb88238545e455c3544232f1de0471e8f6b149f65d31a,train
2805,22c80675569b09540a52a3753a0bbf040170e119ce4b815bc41ae27ca6858017,selection
2806,08e94da7d332a2124acc79c89dbea5d12783886b5b1d9283d0e0437d4d5e5081,selection
2807,cb3a4973e9309e845f318c2a5f225119f02b989dad5cab04ec63662368fc095e,train
2808,952eb3d0c07e6c9699e2aa653dda40c2f9bc0fd16fc10f84c1f09b1dbdf18178,selection
2809,e3b24bfce8ea68297d4b7835ac8271c53224b6b67107458e79832c0297f492ec,evaluation
2810,1ad7705744da390e038984a9d58d60da6ba32ba1e0bff61b0de19a1b36d277af,evaluation
2811,49e1999c06546e9d4f40e62b2cea9c128db5828ff0eee2515834cb25fd64bae7,evaluation
2812,ede47eaed4e8a8f106dfbd223cdae167b3c6df95aad5460165608029c94793fa,train
2813,e3b24bfce8ea68297d4b7835ac8271c53224b6b67107458e79832c0297f492ec,evaluation
2814,21671ed5bf815f843512058a8c3ee1f3d7b760a0ee81a2cfb3ae1771df398209,train
2815,3a774f565f403d2823bdd8a32ee2f580fba8c62d92ed65e0624da11820c5cbc1,evaluation
2816,6350929fd3e39526589c8d0ef6bb75af00c476bbfab84b9ef07a16c1d4e7c496,train
2817,21671ed5bf815f843512058a8c3ee1f3d7b760a0ee81a2cfb3ae1771df398209,train
2818,d2950adaedcc9c2184106bee9bd4134248d309462b176028e9da285e040d6715,evaluation
2819,d1c6b310939ef35fb57bfb73a8bafdcb53a99efe4bf92e4effe9a7a0e1648328,selection
2820,a774ae6f71680381421fe6600e785af04d27e97a22403171d8e551c2cca53111,train
2821,285b28a533fb1a796c2977d1fd3d415faee54775f79de42e98f63168bba9a680,train
2822,8b302790a587dbd7b3b68e77ef746d8dcb19384f6fe008eeed3651f34a1bd633,train
2823,32d3ab3610c0d091f3ac440dddb7c8592190f7a23507948dfd21b3a2b75c4ce4,train
2824,c130866072209388645e3b230320ec8bd80ba5bebb4ebe05b0246fd6e8ae05fb,evaluation
2825,faddecd4957f853b9ef9a4916fe0ac06aa6412506b6ffd06342b5568179892fd,train
2826,a8b62105c5c7c87cbf5f4b8d902550ee16506170a8aaab717b1af4b356390fca,train
2827,922a277a84865085143409d5d580e1ee36d3b95207fb6ec812a777419225ffeb,train
2828,922a277a84865085143409d5d580e1ee36d3b95207fb6ec812a777419225ffeb,train
2829,cbeb178804a460ce06408f04fdd4135bddd9e2661a1100eaf5c49ae71ccd2551,train
2830,121327d73c82f2d0390b4187a947cb9d7188f71aee1241e0a522b212f5a51404,train
2831,eb18961655311d458b11677d3c66596fc7b164b1f0b555c43b7ba8268f1a5ba4,evaluation
2832,06063d05daeef5c7e5f10aabd2e947ba900bcc7a82526ba83cffed2d69344b45,train
2833,6dd566b9d33315bbc8aa478c35291dd1defe81adff5a12b808985bbf02018497,train
2834,5ac50ae0c86e1865258130a2987f5510d71d7b66c0cdda3bca8e9577fbc22c56,train
2835,faddecd4957f853b9ef9a4916fe0ac06aa6412506b6ffd06342b5568179892fd,train
2836,a8b62105c5c7c87cbf5f4b8d902550ee16506170a8aaab717b1af4b356390fca,train
2837,6284a36b86fa681ad4ec6d9ce5d5e6975b570758d8e74d53b246ade4f2ba54aa,evaluation
2838,ec963b498995dfdee4507a041bbdd2c81b44064274c7600376910d4b228c9c1b,train
2839,bf017b7f540d267702ca08c95e88af32a2ea70b21aa5dcc968477e4e7d3ed8e8,train
2840,a32d61ac6401a9d0a255fa62ae01fb8ffb40a12608f5a22c139263f3ab813b41,train
2841,f8c330a9428f8ba0143e843c7be8710c45d9f720b0777ec759428bf93d64c72d,train
2842,e92cd721ca5935db631692f18c33c1b09018ba4103f40bd0c72bcd97c3b07e50,evaluation
2843,cc375a45e970528d14270269981408aabf353228cba25e0479e772a79344a362,evaluation
2844,0b23d0963986ab6a00bb6a521d142a35d11ad4f79e902188606fd9bb1eb13f82,selection
2845,7a19ca0f3876ef64742dbaac7304c74d39d4efdc87133c12c5c12f94f243ef5b,selection
2846,ec963b498995dfdee4507a041bbdd2c81b44064274c7600376910d4b228c9c1b,train
2847,c247d36f2e880c0d387fba49d6abd59d1048ea048703cf471f5e99fb81fe17a3,train
2848,74aa6384d0209cba0a10929aad5904ad25609de8538f8c88035d2b669ad9026e,train
2849,83e3bfd7f22f9da509fd7a92a22fefd6b433932100dd87a1b728b1f59b233e8e,train
2850,5e6d47fa2469b6f13bd025bec659340a3ef1ddf2dc156faaec26f8c7fc4cc379,train
2851,11fa5d3f67f0d6e998c2f34d662ad8ca7eeee3a318b488f84fc746f0b9680eb2,train
2852,efd2679dc6bb7631efe584f552b1f325a1fd14671a1624b4d2089830839bd585,train
2853,679f089c63fe203ad9ab8e98cfc780e47eb08d8bd18e2bd8727ce92167694889,selection
2854,9947ecb26d89f9741004ecf94bbbdb813e7e75c921252fc4123de99d6060442a,train
2855,546863421d66ca252059db2f6644c2a2b4a5420c6905fe6af3aa9c58dea13c6a,evaluation
2856,13ce5f25bdb06ba7a3bcab6e4d82407e6d5fe23ec060cd3e146976b40ea6f629,evaluation
2857,57c459bd513d3395345c45711ef37051dbff20f1c0afd9b0972c764621aa00fd,train
2858,546863421d66ca252059db2f6644c2a2b4a5420c6905fe6af3aa9c58dea13c6a,evaluation
2859,32e40eb89f64450849f384f5febc73631330893e6511e58881873d1cde94addf,train
2860,ac5d9c9aaf2cf7ccb8a37227415fd25da7d9b14c26881966d0406a0f0c4194d8,evaluation
2861,9947ecb26d89f9741004ecf94bbbdb813e7e75c921252fc4123de99d6060442a,train
2862,f420e6de6fd9eb83c7ae123f4450711136924976b684c12ca39b4047bec47309,evaluation
2863,ca679556bbe25c7ee1e41f58775cc500e64d544958d98a2aa9b75a68bced9526,train
2864,679f089c63fe203ad9ab8e98cfc780e47eb08d8bd18e2bd8727ce92167694889,selection
2865,cfe70574f4181a7f562e012aa71ca3a4d27d3c92c8d6e0fe949a0cda5bff3649,train
2866,13ce5f25bdb06ba7a3bcab6e4d82407e6d5fe23ec060cd3e146976b40ea6f629,evaluation
2867,e4c3b23c88893322e10a457dc36a9527bf2be598dbde18cd99b5bff2432e9750,selection
2868,82c0c74b735fc5e93677b80aded39665ec69ccac2ace3a90d5a28560aeb054c0,train
2869,40c528f97df880519ff17b9f1a577008b2d3cbaf999d0484cdfd34b9dcc1c353,train
2870,e4c3b23c88893322e10a457dc36a9527bf2be598dbde18cd99b5bff2432e9750,selection
2871,38236cc5dc1fe927113402889f51e8fa42c3feae2e224e66399c2f42addd003b,selection
2872,c7dc28297666ae2043edc1e4cbfe8362952125dc2becc9dab8f9afbc80f44a74,evaluation
2873,a67ede65016b954804bc404bdc205f02f5be55bd6211a7f67ead1680e49c44a4,train
2874,1a7a5d583778dbe93c5ee968fed949e6a076e1983bede8c6092d47251735e5e4,train
2875,38236cc5dc1fe927113402889f51e8fa42c3feae2e224e66399c2f42addd003b,selection
2876,e4ea46ecbaf4d67f36f533fd7fce1fe60731fe555c47a342428598ff2fab5aa0,evaluation
2877,fb003b514fca2f8cee3fe79cb0265b4aa3a5380a6a55578a54e521e836639580,selection
2878,b3e313f35de05c3855a4e984f1d3f71febb14844133cf3cc10f3bbefded5b3a0,train
2879,3de07d92bbbed5e1ee5c91ac5e2f53e920832f98d9db42066b10edc954fb3c52,selection
2880,dbacb0b0f7e8b3f1eb403ccdfba1c4bec8d77fffdfa8edb61b4cc84d37b8fe06,train
2881,76d9f8a5b262a9843239736071af603f9df6c2454315ab9617a7e8e296213ade,evaluation
2882,ee55eb629bb75a31c592a0a6206aee2f376434e2079827e7e1c5bf090ff84f75,evaluation
2883,6fd4d6915fb007b9938e821ed422750aa70c91e0fdf7140a05c903b0506edebe,train
2884,1240fc067fc73922a902b62affe3c9aada2477ddbd3ad5ccf076a072fb3ae135,train
2885,b20240aaf1e2e55ec99b1197589c2f070606b6c8a0a9ff514bc07daa29b7ab40,train
2886,7f1e5cf5b85f6f781d16c640f8688c8cbd5164d4f94f63503f96676119f0883c,train
2887,3ca46bb9791f51780c177a222c2e57a9f4c722986aafd6b6ca8831d89a52d51b,train
2888,eba53a48718f82b290b47c5f34351c5d7250c56446ea995be3c60ed1922c8c8d,selection
2889,e04e3415794c594f0a6af91f173b2f134d85d37119b169de1df583c2ef567082,train
2890,d07ec7013d20e2431d3fb955c6a8864b57014ff05ac942114a9d6a2ab6d60edd,train
2891,4e7d6514fc45296ac25e750328654eaac0f6b6b67de47d232164e9a334c04d98,train
2892,85fcd9592373e033cbdbaab9c54ed8276c90f8e7e226fb49875fdefe0f9a3c6b,train
2893,374f5621a72a6f566f6237b081a5dba5ec4665215fa0717a9921e32bea9a1554,train
2894,b4856ce09efd9a16e99ace0e7296f477ed5e4270eeaf9b9a50c8130bef4c7db9,train
2895,dc9c00358519f9ea892805540f2510ee45b5502f55c088d749c5edc0d124461d,selection
2896,6e9555aacb9605936e4d942362ae599e9bf90def65f45ddca33436aa455aaab2,evaluation
2897,85fcd9592373e033cbdbaab9c54ed8276c90f8e7e226fb49875fdefe0f9a3c6b,train
2898,d638283bc780f65b3f5cb04315617bd19b18e3ffbbb5d6df69473ac783e4c5e2,evaluation
2899,851f9b55f1e9629b36c77ffa6b6abbfde601979bc2090a8266f5800c44724546,train
2900,1711842aa4fd0d7fbd4f52d6bf8f412372c479069d907da805558e984683fc2a,train
2901,5befc89d6e674024cfb60ec5325ae49be45ce4407b75981203ce85d692696a25,train
2902,35ce39eb525fcb207279bfaf4dd387db3d7e1a0f8ba8d2b34881f981102e53f3,evaluation
2903,ec6bb92b380c8f67ea4aff4e5f07af11d7db44e623bca5933a79fc140779dfb4,train
2904,4b4330376e811d712e5045f9db2415e4f51a29f8aebb3a547a1a6401fee765e8,train
2905,84f763b6c3156c2b1b5860768c38f984089fb8cd63a112d02fb923aa2b10c550,train
2906,564d62517fd8112d80a1237cc4148342cb2e1a7b7f1d0d89b6e164b6d730bb1c,evaluation
2907,ec6bb92b380c8f67ea4aff4e5f07af11d7db44e623bca5933a79fc140779dfb4,train
2908,b9ea65be33a53b2737fd3fc8d51cdafde93ed95f3f2dea4b9a12021d9434267f,evaluation
2909,6a2dcb26130b61dd36cdfed65c15c111db452bb266d8de081709e7b7698ce059,train
2910,90241e7faed8c604e2aed7f1ab464159096902bd1fefdf17c5d5524f0f9454a2,selection
2911,35ce39eb525fcb207279bfaf4dd387db3d7e1a0f8ba8d2b34881f981102e53f3,evaluation
2912,5befc89d6e674024cfb60ec5325ae49be45ce4407b75981203ce85d692696a25,train
2913,039efd0f9b27c97c64dc3a00c19627cb3348da8a91642f9f45565b8a314593fa,train
2914,aea825ee90e14b1c9ee70ecc6a2d869c4b725d6e94041b5b96ea3c78edd0ac4f,train
2915,aea825ee90e14b1c9ee70ecc6a2d869c4b725d6e94041b5b96ea3c78edd0ac4f,train
2916,5c75eea3dcea2a73a38ace62fb82258fe2a84bc2aaf23b4b3f50730809adfcee,train
2917,5ebfa15279de54c41f9e8f57e0e86fbf68f9402164418f35b766c1c82e72ec0e,train
2918,d295c254f083d0d863b0f08fc35dc3341ceaaf5da1ba5d82f25459ae18cc0f50,selection
2919,dd15d2c6aa73d961ad2aa8eb28834bc1f316f7bf9a78b24f6156d58be3436b54,selection
2920,478887b18f711e0df2f355399e7f6e981d3cc3d7c1048d9e1d7cb6e8df0c0d53,train
2921,6a6b0d7f52d8961b0460dba3738a20802a30d21a972d65ba1306dcd475433ae6,train
2922,16e8ac5c1414238a8a02560e7229f62d7f4b1c792ddb1a91969f070f83a0e7ba,evaluation
2923,b28bd01a70b7bd687bfb7ee3b0d0547f6050950feb5d2fd2a7b0b4659a4b6222,train
2924,4a3c3ddb4c183a32238db94bf28ff7399caa125429c56691411eb04dad1fbc9c,train
2925,1431fac19a2ac70a8c26fc76aa278e1d1e46303ca78b0ef90822f1b9f212a653,train
2926,3bfdf542d22337ee1c61b1b72b8465d96d957ba6bfcab42a0c5d0d99970080f4,train
2927,c7a9943007fa15a9badd69b2510065240855b6a5de83256d2a392c4372ce1bf7,selection
2928,c7a9943007fa15a9badd69b2510065240855b6a5de83256d2a392c4372ce1bf7,selection
2929,4a3c3ddb4c183a32238db94bf28ff7399caa125429c56691411eb04dad1fbc9c,train
2930,36bbddbf63ad8ef39b9200d9f2e8f5b8037f43c6f2c6b4dc74262aa5cfc7182a,train
2931,3bfdf542d22337ee1c61b1b72b8465d96d957ba6bfcab42a0c5d0d99970080f4,train
2932,939e3b31e29fb56b11fc899635b25e284ea957d5f028bb4ce73f1c2e595d32e7,train
2933,b28bd01a70b7bd687bfb7ee3b0d0547f6050950feb5d2fd2a7b0b4659a4b6222,train
2934,44cc2bd7e7c374edda6abee4f2048a96441e2c6454d05a19722e22ed75e0b66c,selection
2935,57a7970d4334736116bc9e9d84bc4a3833dc3e3fe001fb6fc8ce583c6f781616,train
2936,5c6b8edb23bf63ff04f9e74440d94759acb60e173f436df4ca4fe9c326ddb09a,train
2937,1431fac19a2ac70a8c26fc76aa278e1d1e46303ca78b0ef90822f1b9f212a653,train
2938,76b404d76cb19d8d5d5af806720e48065e4df3cee10dd1d22cfc57a65e4982bc,selection
2939,76b404d76cb19d8d5d5af806720e48065e4df3cee10dd1d22cfc57a65e4982bc,selection
2940,c5761a05b92ef72b6696d170b1eea95b54c30bd22dd90476c859c4fb196b57d1,train
2941,726059eb26aa8e130d63d28d7e99c464abfb0bd0af827668811c7c7a0e9d64b9,evaluation
2942,a309fe7b386bb6b70b89ccc8754bcac0c90cd317f578059be11d1cd384dbd0c1,train
2943,76b404d76cb19d8d5d5af806720e48065e4df3cee10dd1d22cfc57a65e4982bc,selection
2944,c5761a05b92ef72b6696d170b1eea95b54c30bd22dd90476c859c4fb196b57d1,train
2945,29ff6bff9f0acd81a98b2d326300c697dc7e17254c1ef515583c2ceff6ff168b,train
2946,19a6cfc9e7c4250b6740b0d7cd5c89218275ff7338da3505bc8e8f0c5ad4c7cf,train
2947,19a6cfc9e7c4250b6740b0d7cd5c89218275ff7338da3505bc8e8f0c5ad4c7cf,train
2948,e83ede6ae6dfb567b89cfbe71ebe07f01f578ddf86f0d9653e06be49a9d3c66b,train
2949,4112bcf147e0f78b378f66bcf0b505340faf2a0669e6f7510335095d220dd5ee,train
2950,97a73b51a3587876f28c02978cb37b572524606d8ac6458c9001eb5ed1b403a5,evaluation
2951,5411331b7f3def3a74be1d02cf16525becf1ed57d0f8c271a66cbbba56cfb1c6,selection
2952,4fa36a3a3fecf504462ca7d34282b5bcc49b82e23da45b1e4940c3ff74ef6a4b,train
2953,97a73b51a3587876f28c02978cb37b572524606d8ac6458c9001eb5ed1b403a5,evaluation
2954,35e2c41d168f09ea6f5da01b4807529fac3097fd094b273bda6277c7f73ca61a,train
2955,bbe07744348c25de8d61b9dd4966d3fa7ad3fd7fcc7aa213ab053d1cd5c29606,selection
2956,b567615591ccb590d37a3dbc74fcf078aae0f3538348e5225b6f9d41f7d390c9,selection
2957,445f2da420f85a77f226204631bb231301e7d2b4b7a9604e71a7429eea69837b,train
2958,5411331b7f3def3a74be1d02cf16525becf1ed57d0f8c271a66cbbba56cfb1c6,selection
2959,01eb8363360cd24feec5fc4a1450a6bbeb0173698f62106f8f63598004a89ddc,evaluation
2960,28701f0c5e07d76e939bf373c4e5b25b2056a3bb212885181af03e48154b81e8,train
2961,7d2e6668aa98641d418be378407b80d47d5aa818f5959796e385ae8f11fbdbfc,train
2962,fb99ab052b113a7759158ee4a689466678f77273c9815bb6ed140f926fa55e08,train
2963,8d7306cb77c6db1439a1db995c84520de90fbbd3a1a89446a83a1273b930ffc4,train
2964,2759a4bbbc95aae9db9557b1e889b5b602b0f9db2a62aceaa77ab51acfd4a4e3,evaluation
2965,534aaf87b3ed4119489cf10f0907723755ce672a898988f487f4aaf2047a67c9,train
2966,28b471c9f83723d5498f1a48c35191301094a25ef3fd2bc4f692568f04fc5f92,selection
2967,28b471c9f83723d5498f1a48c35191301094a25ef3fd2bc4f692568f04fc5f92,selection
2968,6bf61bd694df9ab9cca9e1e44f23a14cfcf80a076590ca5446db3e63efc080a3,train
2969,c0ab9ab0e3e2995a7e65cd5e49b1aa1a89f02ad5e6882b42b91523812d25a80d,train
2970,6bf61bd694df9ab9cca9e1e44f23a14cfcf80a076590ca5446db3e63efc080a3,train
2971,4e793738ea2930c70837e8f3728c1753d910f153a3bc33daf693982b95282f54,selection
2972,374d1b8a9092c2dea5b804c6cf01cb1033afca93d6751dff612d467d5d68923b,train
2973,28b471c9f83723d5498f1a48c35191301094a25ef3fd2bc4f692568f04fc5f92,selection
2974,fb48b65efa96398049e26de4d2ae88c09a84ca7cd58fc94c5531f3677926a849,train
2975,1f343bd8a663467f94cd09a84da7b6f9b4deafb22cb4b3f02779ce7c35e847eb,train
2976,b1969a58394c8b6d6a9f43b2a566497ac7a6c4fb12d355a866c5116f6e35a27a,train
2977,668f0e645ca90a72dd4e54d458dbc3978726f0387f3bea3630bf34169fb13067,train
2978,668f0e645ca90a72dd4e54d458dbc3978726f0387f3bea3630bf34169fb13067,train
2979,d92f647ecd3beda65b5827d64438353792de58d5183d474177c8639534fc767a,train
2980,2e33aa56dcc50cbb3052c690fe5a075e8a53f65ba277ac5aadbe77469e33b107,evaluation
2981,9c61f203993359f19894cbbbb54b8f3d2462bfc3bbcb9ce4c02d7032b4cac09d,train
2982,0cafd4bd45ecf1a1c1ed845bbdca23a0b568721165b3b0a20ab92c84d2405689,train
2983,bcd5ca3637189bac7b46cc5fcd6d75f2f8ea3ded97a7ce30229da7c8f3d7092d,selection
2984,21165ed15f87b9a836f9152f7eaf2675b29bb2061ec8440a3875733e824dc600,selection
2985,b56938f1d7cbbcc3a8135e65739fcb083a476ca4372f87063b6cca712c4c8eec,selection
2986,b56938f1d7cbbcc3a8135e65739fcb083a476ca4372f87063b6cca712c4c8eec,selection
2987,696bd7a59d4af10cbf06e076faf7b2720e677a530c6f25f585ebb7f6df1b45af,train
2988,4af79b7840fb107bd1d48548b8482e3ebde297ddda4ab667f2cabc3a3fa79416,selection
2989,007a99fb857cfea4c724c0f35c3bbba9d6bc417c805514e51ad8d515c3380c5f,selection
2990,791f878cc056e5961b050f5acdbdb8dcd1a976cdf1142ea1ebfca919a6663f9e,train
2991,acff32fe5b391b18cee3686bbaa86f25e36b7186a2f46fea3b85741d729c8775,evaluation
2992,0ff9ca471e317cc70354344056d24fede799ff59bff48e20bc2042800e7b2f55,train
2993,696bd7a59d4af10cbf06e076faf7b2720e677a530c6f25f585ebb7f6df1b45af,train
2994,696bd7a59d4af10cbf06e076faf7b2720e677a530c6f25f585ebb7f6df1b45af,train
2995,82ea1903bc33286ccdce828cf92d847be9497dd0ac13cb0f11c9b557a3dc88ba,train
2996,450abf00b3061bafec5873a2cc0efaa3acaad155ab37d8d0e3634bc1996bb28e,train
2997,f6a2efd7cf652210db852b6402d34f7b2007f45369ff48761781314740f8f49a,train
2998,70edf7b2a0e36d63a8c3c5d70468dd77e7050b98093da271ccecae6928c196e3,evaluation
2999,696bd7a59d4af10cbf06e076faf7b2720e677a530c6f25f585ebb7f6df1b45af,train
3000,b56938f1d7cbbcc3a8135e65739fcb083a476ca4372f87063b6cca712c4c8eec,selection
3001,0ff9ca471e317cc70354344056d24fede799ff59bff48e20bc2042800e7b2f55,train
3002,acff32fe5b391b18cee3686bbaa86f25e36b7186a2f46fea3b85741d729c8775,evaluation
3003,4af79b7840fb107bd1d48548b8482e3ebde297ddda4ab667f2cabc3a3fa79416,selection
3004,f25191a2993f97dba0402573f87998ce5625223f2f34f54deeaac230550b9f36,train
3005,6ed4ce8c5b9401c8ca5df0bec1d7976a5d484b228641b50490df7f620ee6b299,selection
3006,007a99fb857cfea4c724c0f35c3bbba9d6bc417c805514e51ad8d515c3380c5f,selection
3007,791f878cc056e5961b050f5acdbdb8dcd1a976cdf1142ea1ebfca919a6663f9e,train
3008,58ccccfbe0e4874f9d45724359f3a42faefb702b744f4796e12d7ce8c507d2c5,train
3009,af9ce81fe56be5d09346e562b60712ff33cd643aa1a7c4c6b00df6e482bec414,train
3010,385639a6137ea043fb1d945c72698d48a94b417b8e1064d21ee918ab39c8dd4b,evaluation
3011,f1e681863d848d8410b016c37bcf08deffd139175415b90b478cf49c2d3a164e,train
3012,02a3125d7f8621d79ef49b6bea7f790b64de417f74139a7a00258dc3534cd005,train
3013,6068d3edbeb15ac2b8ff918cebea9ef9bf428ee8e6c121a2ea4b6b3863bd98ed,evaluation
3014,7a2646c25b32fdaf1884c21a1db4b216fdda2cba388877564476abca14226a8f,evaluation
3015,c95810909543ffcf7759f906827f50f6c487bf1b37a1a1f41b3bb70706f85b00,train
3016,6068d3edbeb15ac2b8ff918cebea9ef9bf428ee8e6c121a2ea4b6b3863bd98ed,evaluation
3017,1c7287d7f538994592e727a87788ad2d99d6366d7dc35b0ab1dd4a6c1097e1b8,selection
3018,20102d0d6beb5fae4b0fadbbf98b84071c76a260fdc3148bba6a6a08fba562f8,evaluation
3019,c95810909543ffcf7759f906827f50f6c487bf1b37a1a1f41b3bb70706f85b00,train
3020,116462167b2f7772c251419e93f55ed74c3d8f1618aa5e4b9a01c2cff2785283,train
3021,e7a91a070641c41aea2e947454c196fe7bb7b68a3ed4fff89d3f4b71058d4b3f,selection
3022,682b77f9e20637088063150cb13531c8d9bd0cd3c1711755054e0a5827ce1005,selection
3023,7a2646c25b32fdaf1884c21a1db4b216fdda2cba388877564476abca14226a8f,evaluation
3024,6068d3edbeb15ac2b8ff918cebea9ef9bf428ee8e6c121a2ea4b6b3863bd98ed,evaluation
3025,1c62a0b3baeaf2138660680acb32f6875f99aba41f1a8fe302ba886d342ab594,selection
3026,5f8bd1d122bd100ed55948a763772a24c630137659d3ef41ccf92ad76b535972,selection
3027,7d6470b53d58a4bdbe0d70a49187deff2831eaabb8946b4ae3bfdbd173052eac,selection
3028,538d0b51f3bca6ac20a2a9c33365ed8f3c08259e507dc7efebddc78def6fd30c,train
3029,51fcf7c47edec63681ac134c7c33451449e15908f2de2943b8b2098d1a7eef96,evaluation
3030,51fcf7c47edec63681ac134c7c33451449e15908f2de2943b8b2098d1a7eef96,evaluation
3031,06473f12ae9af56a626163a5fdf6841c1c89ee488fea709467a50d4f64669b06,train
3032,d3ab293d3a13e9bc83d30bdae5c06692ec649c9efd74e9c932eee315514dc7c5,selection
3033,af182f0db197e6cf34640df19b5b7e912bccc19dc6e500ec9845b511a7e22df8,train
3034,737c8563b69697293b22f823e1a349f62fe92635ab2be782a3432a1bdb9b0523,train
3035,4e21e8bdef3e9e085ce158f5e60738d6dabffa22d0eb485682d17b579e0cd0ce,evaluation
3036,b09d3b53938fdb9cd0e0feb14f4f6f9838a327219edb8be3220151ebd33d7b09,selection
3037,9cc616bb583ffca874db1301314a6efe96b72c623ffbdee5ea528ea9198e3abe,train
3038,0b92592d8cb15bf8de0f47577f702e5eb70ae1c66bcb3ec1593173368b82df14,evaluation
3039,44e436a80bdad46f9ccc08e2d39528f471b6df73eef6208439662eaeae8c4d70,train
3040,bf68a66a1756a04603f27fceb001c3d2fe8b68cb53292c3c6d4bb395ca2ee596,train
3041,1fdea594937fcdf616fadb0c4d1c51454af0c42c8543730649d1f0bf55c0cce6,evaluation
3042,9cc616bb583ffca874db1301314a6efe96b72c623ffbdee5ea528ea9198e3abe,train
3043,ec549456ccea662720df7adceb6bcfd25d17856e8ac5c1510e71a53196802d47,train
3044,47a56639372f184fa2c1ac79fcc359ecae135e757037682fb8e3587ccbb62969,train
3045,653c63f6ede7821f0846182a20f47ea7e093248dcc13c4c39cda84c2648224d7,train
3046,3e5bd37a5b1fa3eb3701cd5b859d4e04c6ce5d18e345c9252f29a532ebe1d048,selection
3047,083799c37add41a0443294bce654eac9bb634807e879e10831eb5330220a661f,evaluation
3048,70f960a389a1318169cdf3c20cf9cdb5295604e8dbf687bedff032c9aa547c14,selection
3049,faeeeb1c51138075c27e4bfd0959d250cfaed4e48ca6a5b5047ccb40b075c27b,train
3050,5c2cb4752c39033b1155ee98d90f6708277aa61d5c969a4b89469c38e035c4e4,train
3051,faeeeb1c51138075c27e4bfd0959d250cfaed4e48ca6a5b5047ccb40b075c27b,train
3052,a6a6c549b945c832ff8c35819f322393bfdd13bbdd1209cb656ff7095a9e1226,train
3053,29aa263abe7d1f794412dbca244d61d7a8c6bf4f50a5cb8abae632ac28f8e030,train
3054,81e880528df7d1cb64ec13e8c8c2c5fa8fdc9332560ade03743fe7818bd9f0b4,evaluation
3055,fa5f0d8fea66373b765b9cce8ed3bb5756d70b3049501572169ce9e304e9b0ec,train
3056,3ccec416c7bef3fd0c8fff1ebca63c8a78cd29f58b697677fa4f66f17a23f3b4,selection
3057,1823a3ca5b4e00391b9c84714f882294544e408887a6d330c2f7f3e5aad714c0,evaluation
3058,77d0103f48d79359dd17067df18afbce346e6fafd3650bcdf8d32c22f95114fe,train
3059,f52350c892ab5ed1f3e985df44820c5fa1add8fb429bd612353650e0ec1732cb,train
3060,63976052acc0cb3c2cbf9e2759e4b846e4455a5e4065541ae3d0de628d7a8c5d,train
3061,63976052acc0cb3c2cbf9e2759e4b846e4455a5e4065541ae3d0de628d7a8c5d,train
3062,a1018d65d16425dcb4ce36c31bf4d9b21f5289e15a3a4a151298236a6fee9008,evaluation
3063,63976052acc0cb3c2cbf9e2759e4b846e4455a5e4065541ae3d0de628d7a8c5d,train
3064,1d023225aa377ad46da8944468f2c13c2f02ca18712745ca889abb226bf685a1,evaluation
3065,0d18921529f99cd43ad7c09718e00e0d94760c8e7e688077586d214648db036a,selection
3066,1d023225aa377ad46da8944468f2c13c2f02ca18712745ca889abb226bf685a1,evaluation
3067,edf9ab98a90c3e91974aa71f6abbb84e242e9c82c3a1c988f2b181b706d4737e,evaluation
3068,0268d59ed3c0833dfee1d6bb47103ec6d3b998d989d6c4b0cf017091a42e2b70,train
3069,6518f9928c678eaa87b97230b6c3b7f43b31f41c22b08ac957355f7beeaa830e,train
3070,a1018d65d16425dcb4ce36c31bf4d9b21f5289e15a3a4a151298236a6fee9008,evaluation
3071,d9010b6e3c8c71f6d6120acf0164281c6b00c86df48f1b4bbefea5a9769887ab,evaluation
3072,f9a8796d2bbee8a6b1dea3e9382666851106d11bffc0b6da3cc5080fb13f322a,evaluation
3073,0a19f0e2c96bd128aaf2510daf30d240ec16c94cf5b686528e3d4ca9145d45b9,train
3074,c330028f0a3c539bad11e3b988c17ca424bbc3a7733c4210c41ac3e99a70707c,train
3075,365d0b4ba2fbe39ce16854e38228632ca6b70fb03e28989c85dfb6047209f7a9,train
3076,159396061f89d85f72122f4b95355f789f09d7566f6b2197a7fd125adb76f579,evaluation
3077,77d0103f48d79359dd17067df18afbce346e6fafd3650bcdf8d32c22f95114fe,train
3078,f0501062e8f4d852c9bcb3b339830c6bbc88682178cc06e122ba188f1e7ece1a,selection
3079,9c9f360cff99e9914c83535bca9678d63d8791b8ec4026eadee59ee21a1f2591,train
3080,f52350c892ab5ed1f3e985df44820c5fa1add8fb429bd612353650e0ec1732cb,train
3081,63976052acc0cb3c2cbf9e2759e4b846e4455a5e4065541ae3d0de628d7a8c5d,train
3082,8079cf38564d9da78b8c09245385648ab92951a89a0d22ab201a5567b0db9a86,train
3083,97cc5bc076a722c755e5beb61849502926582c4a2eafe26b3e69ec833654af18,train
3084,da440dcdbe0aa25a1db0911e3c9941544db90af3ac8f41e70af9d617e8f52999,evaluation
3085,cf85aa38b61aab4e23da05043927dab51c3d884c424df79f9d0907d3bff04794,train
3086,97cc5bc076a722c755e5beb61849502926582c4a2eafe26b3e69ec833654af18,train
3087,212928b1a20f9c78d64dc48f0acbc64590413f77029e542a6dc415d57ccc947d,train
3088,49eb19f142ea4f3f9017394b6fcf9197761fd90efd1a795b2c6e5cdb52089581,train
3089,e28bfba21dfcec16f5b4a612caad3bf2b7ee65b45d6030b4cf3da1cc5d0190b8,selection
3090,da440dcdbe0aa25a1db0911e3c9941544db90af3ac8f41e70af9d617e8f52999,evaluation
3091,9334236a4c2d557bae6ccd29b5775474f0ca2b37eedb18f7775d8658730a6a80,train
3092,3a4a72cdd0323f1b6ff55a58f6facbe40d6292c9a2af37e55e0b1e964d5bfe2c,train
3093,bafbf82d4e8597c5726cd432e45fbc9a8d3433a9a05cf5426925f603ba35006c,selection
3094,0820288d51c6d3a65229a3ff4c4a4aa3ce1c1d11899dffdb4a412c4d581523ec,train
3095,0820288d51c6d3a65229a3ff4c4a4aa3ce1c1d11899dffdb4a412c4d581523ec,train
3096,bdc6eadeb8a3a6d1890ce29928928cd70ff13d79fb433a7ca12e6c97c81222ca,evaluation
3097,fcc941f883c47463de07ac84bf632c15e6d750a7681b2b38a336bb1f52314079,train
3098,49b7aff19e9dae5daef5a1aa015648798c699aa44ef57e94f7db5f7d3da2c40c,train
3099,da74481c461ab06bf57b5a3b92f564a62e67975fcff17c4b7620f99160c9d9f3,train
3100,6cae3e52a0c0922c2991bda46eac8c0d6ebd896c7622ec6097a284c73945d603,train
3101,1074364207ed3eb5cebb5dfff18a2537effdfaa98e12827a400c7dd2f96d7d3d,selection
3102,aa68110512df237c4ee77f368746658a4de8cb52545aad556f5f877b0b5f3482,train
3103,bafbf82d4e8597c5726cd432e45fbc9a8d3433a9a05cf5426925f603ba35006c,selection
3104,6515fc20c6b808b6580274b87ce662934ad28b03907cd7380991d55a83253198,train
3105,1e4c2fd4d6ed5cdc69936cc5a8d45893ca9c036b2cba20de1aee1067285a3116,train
3106,3a4a72cdd0323f1b6ff55a58f6facbe40d6292c9a2af37e55e0b1e964d5bfe2c,train
3107,916e0ac364dc4d0542c8910c948a2a365d2bd4d3362926e39eeda52e6a220d96,selection
3108,9b432fc97c99105202dfd0b2dc189e45a56f75e04528fdf24a22522401d74167,selection
3109,b525db232b626f2ce4aecbad5837c333f5c4cbe609912fa7bef00c8d5338988e,train
3110,7f823d2313b36372d86d1780278e05a7e384b6c2cdebbe1e00c8f3fb4616d133,train
3111,091e5c82b98643352d1b92c0f62d96f26f0b36bfa92ca5bc967cee9db01cfbe8,evaluation
3112,ce1099158850c21c38ee9f0c1d7e8a9e2bcc2e1762e5307f5bbb4115befe2950,train
3113,6441f727c84cbf9c30ae13558ec4a93011f2d2fc04768b73b9f81f5b90f864cf,train
3114,46c94c094685b6fcb0d8394183a0cd88ca835a2ca90c3aaf004deffdb136942b,selection
3115,46c94c094685b6fcb0d8394183a0cd88ca835a2ca90c3aaf004deffdb136942b,selection
3116,da4af3663682f60a45ce4ce67fbe1f72268bf629f1420513212a0676a3e116f0,selection
3117,091e5c82b98643352d1b92c0f62d96f26f0b36bfa92ca5bc967cee9db01cfbe8,evaluation
3118,b8bfb3914c706f0384f27b669a4932412fa084f1a786c0c94cde93da39355cbb,evaluation
3119,be418c3bdd1f3b62537233a43159af7ce4a90249a455ef58f87cb0f61a3e0f54,train
3120,6cb699368f0f05f98b624de78de8f8b6c9461ae1b62dbccd4a35037e5155853f,selection
3121,ce1099158850c21c38ee9f0c1d7e8a9e2bcc2e1762e5307f5bbb4115befe2950,train
3122,0e146e8a2af7cc53321c620a11220a07bb25ec96deee6f5438ebd602a39e1983,train
3123,4647fc04f36c98ddf5d3f9df6da6d419d4ae1b8b6fc7890598c548f320ca6fcc,train
3124,6441f727c84cbf9c30ae13558ec4a93011f2d2fc04768b73b9f81f5b90f864cf,train
3125,f166e9c35f0c730984aa530e1f5eaba3c05d64aa9d816f6d58fd5c7310d2c172,train
3126,109668788d70f209e130cf95c237ff51a1a17e99be05e75834137480375da849,evaluation
3127,5eef81b0b31fd347f9be35436ca59f8f3ae6f7c202b4ab77555d1e68ba7433a0,train
3128,b513a6b7d8d2360117f9c5ab36587c319712565d738382276eaeeb8b6944f118,train
3129,733c222ab744ff087800a02c329d7a63161b6e08e0e7aa3a13f1e968ac9aeb6e,selection
3130,3d8580ec8396f06656ba8e820356c03b7138817eb7a1179cfb22f24f49cafa90,evaluation
3131,a6b0204317f228a89579c2c2fcbf62f826e820f533acde71208554af9b885ae1,train
3132,46c94c094685b6fcb0d8394183a0cd88ca835a2ca90c3aaf004deffdb136942b,selection
3133,00f84f62d37a5714c72ab0e4a59a9c3f38c93ba0e659be3509a52d41fadad597,selection
3134,55c40fe0e2a7246ad1ce62d1a15e39834034fbcc88e4c68c885d3ecdf5e9551b,selection
3135,1cca2ce63d85a3397148a9fe9922925b591afcb22f47a298ddd8cb4c92c278f0,evaluation
3136,a7e66052b7c1d9ff104db02e626d31eed1fa75b95480675fee1fa7128059634f,train
3137,cfcf2229272e4c2baa1deb1a2e56234a13c71f210f3237c2016e3964e2a116f7,train
3138,4362bd27e2a46ad6d4f774a845ce1430486c573abd750f32bc3e6db2cb080bbe,train
3139,1d96457d0f6fee9fe94fca13c87e2be5cad49714125771b1368366269108f370,train
3140,1cca2ce63d85a3397148a9fe9922925b591afcb22f47a298ddd8cb4c92c278f0,evaluation
3141,c8a06a814d1210f3e6afa4cdc58628424801d1e7e55fb1d7a92207ad7af73582,train
3142,09cf20b59cc94f36f104813aad57697946552a685d7788db5d833ae2ed86e300,train
3143,e8c80dcef2f28371a3c566ed058224886b30856b746549e62acf30d6b5a0fe9f,evaluation
3144,3ee85019f4ba391fae36547d83d19f40c07b69f0dd5974584bee153093016156,train
3145,3ee85019f4ba391fae36547d83d19f40c07b69f0dd5974584bee153093016156,train
3146,3ee85019f4ba391fae36547d83d19f40c07b69f0dd5974584bee153093016156,train
3147,749735a378a0443cc92ee26d470820d8985b4085f8eefeb95fefab3b8b9ef2ee,evaluation
3148,3ee85019f4ba391fae36547d83d19f40c07b69f0dd5974584bee153093016156,train
3149,749735a378a0443cc92ee26d470820d8985b4085f8eefeb95fefab3b8b9ef2ee,evaluation
3150,e3fc0f2f9436e10d31b2e93a6482848d352c497a8a443f9642e0c330d83dabdd,train
3151,3ee85019f4ba391fae36547d83d19f40c07b69f0dd5974584bee153093016156,train
3152,778feb60baad29aadd0a8eaf26b964a0759fafd00524210ad0bd1af22385b23b,train
3153,40db2f18ca0da0d8ba84a23978b3f49e0dcd87dc50708d8b6f59c5b1640d5fc6,evaluation
3154,2f84a74969e05791ad0b13c20283f96e32ccdadfc18fbc399a0cf7d72c003416,train
3155,2d30769d0ed50f5e170e9b720252dd898eb92645004d78f295079e5a1a8faeb2,train
3156,f8232f5dd308e79532420c1ad0fa652c5cc5986074b4e8f8cfd4f4271edc85a0,train
3157,2d30769d0ed50f5e170e9b720252dd898eb92645004d78f295079e5a1a8faeb2,train
3158,297356dfbbbaab38c92d14f444be80baaec4b73042533f46fcabc98b83f16a42,train
3159,f496df79a132279e0884c359fdb1df1399b2837899ef5fed1e8ae3bee011445b,train
3160,599373a3dabb17a487e1f3bfffc1e64799f58644eefda35d878215c812917ab2,train
3161,f8232f5dd308e79532420c1ad0fa652c5cc5986074b4e8f8cfd4f4271edc85a0,train
3162,2d30769d0ed50f5e170e9b720252dd898eb92645004d78f295079e5a1a8faeb2,train
3163,297356dfbbbaab38c92d14f444be80baaec4b73042533f46fcabc98b83f16a42,train
3164,93a27c318bc28a89cd9c69e37f1806d3ea2e6eb4498ef25e08e69888e21a3fb9,selection
3165,92ced179aa2034f0d7bf9da22866e0eb3a8b8505e1938a4928249e11b5ffb2fe,evaluation
3166,c03a33e7cec9e63891c27557a3eda00573fda88303fc3649e28ae1a41fa046f7,train
3167,001abc4cd110436cb0b2434129ed13b5350a51945cca5df685ba6b5ad713c3a3,train
3168,24fb251a0abbab35c70437a2c4ae8b7c2004350aea14aabca676259e660d0547,train
3169,c249ed556698a3842ffe453f211e342828330d5ad11f73dbc2500e489e0ee15a,evaluation
3170,45c6d4dd21e04da2ae8ed9aeb26fe7f6676f5fb62212932402d4c206fbaba441,train
3171,7c986bb7c5e6d8ea9dfaafc65c7433fcc70142c9a7f3831626e652762980aec9,evaluation
3172,c51b6336afe4f2eb6474ef1b5de9eb8f3666f42906594f4185e5f8a88273e760,selection
3173,1af5c9881e451a0b5fd453208b744340482d748bf50cbd5ef906ea3ccd1657e2,train
3174,b609d06ee29cd064180668af65a1a18d146c68b239854561f3580d4efa2db4f5,evaluation
3175,f72c58e682d59ede5de13dad5fcd32992f58997f4f684b800c69546689b33ffd,train
3176,7c986bb7c5e6d8ea9dfaafc65c7433fcc70142c9a7f3831626e652762980aec9,evaluation
3177,230740c60b5238c4f06e202dae48c7624389b6a94e9aaa2d282a141b0627f15c,train
3178,c9b7acd3eafdbfaa76292f1758d58aa6d1fd76f2d5d895e42a24fdb1e4df2e09,selection
3179,1cde4f6ae591169eae5ad8a7db1e90a2aa555d88bdd92ebca072837d468bcf2f,train
3180,34db322ca359ee94e508168d3f78ce374edc3ca8386690e1b85fb3b69bedd93e,evaluation
3181,1105ddb7442f0ddef08e3ae20f199e9287d7734e71ef34782aba34192046464c,train
3182,cde4415bcecf14c0795e89d68fb15a069c800a8f82cf276c2ce81dffdb218cff,train
3183,34db322ca359ee94e508168d3f78ce374edc3ca8386690e1b85fb3b69bedd93e,evaluation
3184,e204707ca479ed9ad9524074aab68686f0d93e5dccc2c041d8afaa2d7289ab2b,train
3185,4bd6d78d7651965ef25dcaa0e56c61a985ced39061b0edec8adf0a147b989204,selection
3186,b52ea2809bbd9a9ddb7c21a58646d0a4b0d2b088701e284307da815e2909291f,train
3187,8619e4baa07058effc9f492021594c27ea419d0a7f756a39ed39b10b261a858e,train
3188,86fdd742e20b45f46071fa80b5c479846b0ad54fe8ab72c82469746416050b08,train
3189,dcd1aafeeb9d3473700e8ad020e60d469320d579e097f002c9d4a633b522a4c5,evaluation
3190,60ff37ec2f83e31284872eee2fae649c15f8936ec5e835e9a39efffd7be48d42,train
3191,2e0617cf9f1bee7bf8f308275c558d18f8d6c3e77f535b5ee35071196ea2707e,train
3192,1105ddb7442f0ddef08e3ae20f199e9287d7734e71ef34782aba34192046464c,train
3193,cde4415bcecf14c0795e89d68fb15a069c800a8f82cf276c2ce81dffdb218cff,train
3194,97132aa649248081db28dc83735d616fa44cef92a61d05fb97012d27c2f0fd28,train
3195,a85bb63a1ebb2ac97d1f2490122b1bdad8915e1af2cb52e92c6229ca35aaa50b,train
3196,8bc53786fde77802b44d2688588837b84f0ead7e2f85c1cd66a3c1e12cb3898b,train
3197,4229837d28e99f37968c5b9970526baba0d0fa482f76010fcdf565f52d8c9b62,train
3198,8bc53786fde77802b44d2688588837b84f0ead7e2f85c1cd66a3c1e12cb3898b,train
3199,96eee3b939a3a364a8449290d2ccd6416109578550e96fe78f8b673f020df373,evaluation
3200,73b5cfbbf4142e1ed6cbc2857d591367b15622baca32cc8dea2e771809cf2499,selection
3201,4229837d28e99f37968c5b9970526baba0d0fa482f76010fcdf565f52d8c9b62,train
3202,c62fdaa6143d4ec9199704f8308814fffd8ec6a48af7a2fd2368dfba022108ad,evaluation
3203,8bc53786fde77802b44d2688588837b84f0ead7e2f85c1cd66a3c1e12cb3898b,train
3204,240c87fee2f7261d70e2950208f0f888f1809171b8fe527e06720a371e35d39e,train
3205,8bcdccc81f12ec31f944d56bb2e5ae7c08901b24868d4907ebf162c9c7a617f3,train
3206,a543cee88254f94ff71bfae4dd82f10b363fd9e6a146b63076904b77c24868c8,selection
3207,c8136b2aaa91ca3f6e98da4edfc957a9331db4cc1b22b1fbedaa617be6f88d17,train
3208,aa896d5ac098de7df52b94e7c81dcc5a54d9e62d3ea6156badc3aad09c10166e,train
3209,64d7eaf6c58685853d6f28cc91d30051664d1f32c3b91b31b6c9fa0d4cf54f67,selection
3210,aa635944f5ad6d6c0463c50e9c97de6c5925267fd9e459307a3c9ea7a3ac3737,train
3211,57b83cbac3271a53706388ebdbd4182a9771b792db8db9ab4ca1c46f53ab41ca,train
3212,e50b1698a7c90446a72f09857ec49cbc4f2389a35229840d6e444dbe52805875,train
3213,44076c3139828e22700f5dceeb186231390fc6e0241e6079d1540701e346a1bd,train
3214,b49464c7bbb990a2cc26a90b47368450a6703a631808bce10602cdd24a3da314,train
3215,903eb6f8fc8b946e84c05e7b15a86f9c9271981bb62132a3064a7c472971e33e,train
3216,fa52a46b386727220ef0e70ad47b5ff805ea00c38d756484a64710d7d2701e2e,train
3217,aa635944f5ad6d6c0463c50e9c97de6c5925267fd9e459307a3c9ea7a3ac3737,train
3218,b02f943e222e772fc312160787c76a3573fc1f6b6ccde6e923b37e851396aa26,train
3219,02d0acdf78c1c2c900e13255813c8201f8a284135f81029510e67ecb0296e4ad,evaluation
3220,d203ba7fbd64e5392eb079e798778501f1b6d21685f00db3084137b94263ba37,evaluation
3221,9cc73706a79a2230a5f54af6c8c3184517fef4344e545e164f14db83039b51b6,selection
3222,03cf2466ce3e40f59f94082b5b26bb73855187d2991e76a9edfd5359a4bf7927,train
3223,57b83cbac3271a53706388ebdbd4182a9771b792db8db9ab4ca1c46f53ab41ca,train
3224,4cdc1894bc218cc5698d00778a396f03bd50ae55d60c2664576761b7d42f2ffc,selection
3225,fdf0dc8f850126b2333d6281b340fa83e465a5069a3a06204028a969567faffb,train
3226,1740db2b9ae1aa0ca026d17497752458b652bc95c5faa3ccee42b8a2643f6208,train
3227,d190497c678f98d74f97b14981c9f584ed18b0d7484ca113fad733a92cbbd6e0,train
3228,8fa38d9f9b7ae1d18ecd709fb84790e5a9509393e81f0a15d6f39e35a5b65a5a,evaluation
3229,04256e51fc89d80f88b047ab5c0e7522c81d8152bd0c639e16dcd8c781d98bb6,selection
3230,59f3f5cd95ed69cf14331fbe55f11738522f3cdd4066ecf4fee0705ff98ed3ae,selection
3231,e586a7d9dd41d0615bfc633fde450a20f5b3a8add3e632dff67bd762dca65a83,train
3232,4f778f3c2e8336abbbf5fd7057f9357d65fbecc8bf2159a10751b4c55a0c0527,evaluation
3233,e87cccd2325b0a1f8565e7c39c4eea6ff1d6b38dc16da0be87d65d6c4defa71c,selection
3234,e114e76b0d9c057b87666390f1610586266241e46f2ab92a12aee361cf1dd1ec,evaluation
3235,4cdc1894bc218cc5698d00778a396f03bd50ae55d60c2664576761b7d42f2ffc,selection
3236,d74b7fcd9cb0070b34e2165fd378c70e75d2c91f439dfc31810a5f91b1d4358e,train
3237,a8fd1a2b37fc4a9f53ec7f90af49d7b503756d1365a1a56b6d29c5d76cb45809,train
3238,177bd3df7c5e68c892ebdc6d04bd1fffae77f5ced897f88d48c7c970416fdd79,train
3239,38c2ecfc29dbacbf5aa4bff991a3e0f422dc1e059af3bf583d4b6c4d57715330,evaluation
3240,225056f8dc615520e7c73e8c4cf306f6de479a56531b7eaca917f18177ae4063,selection
3241,601c39c0ea74edda9897f6523cb797dd37083f5f613048421b7036dcc97ccc02,train
3242,978c9b9df708de968258311afcb2de126871137e39bd147114dc55f86454888d,selection
3243,38c2ecfc29dbacbf5aa4bff991a3e0f422dc1e059af3bf583d4b6c4d57715330,evaluation
3244,87f86994c6be06aa87a84ab1b45c5d7c1d1eda02c7e2d2e4c4ef335a2270ff83,selection
3245,177bd3df7c5e68c892ebdc6d04bd1fffae77f5ced897f88d48c7c970416fdd79,train
3246,935fc729143668adb8b0069ab1bec6ec2d58bafd0e7bc4a8fac1434ca14f662d,train
3247,d262563bab9226fc5acb3bf7d7c8ed4f04b6a1a6d7e8b5760a2c2a82fbfe86cc,evaluation
3248,4c51bf368caa60e699e5f886d9e5ff6ff9dedcddbfdc12a68d75acebec3272f8,train
3249,a8fd1a2b37fc4a9f53ec7f90af49d7b503756d1365a1a56b6d29c5d76cb45809,train
3250,d125eac636a2cabb22ec00a6dd0bb892868740b416f7dc1e2de1c2c49403d38d,train
3251,5f1394fcad53f9fa28f6902714289b1ce8ea5fcc5d2a24c2f5c81bfae1fd097e,train
3252,a95776760b1dea3a1d67a7009dcd6e40579ad49bccfd3e5e4e4eaa0f41f427d6,selection
3253,f48862e2b0d4454a7a9630bd66fa76628883f7d0282b5e31bde8a059b78a913d,train
3254,7806c5486dcd65623c0f6cf1e38c244df8395adfed332e61dd76530d1a0aa29c,train
3255,33fe7fcdf1594a3b0baa69be50163b91ba3e0ab8cc78ef1730cf3cdb6781e5b5,train
3256,33fe7fcdf1594a3b0baa69be50163b91ba3e0ab8cc78ef1730cf3cdb6781e5b5,train
3257,33fe7fcdf1594a3b0baa69be50163b91ba3e0ab8cc78ef1730cf3cdb6781e5b5,train
3258,33fe7fcdf1594a3b0baa69be50163b91ba3e0ab8cc78ef1730cf3cdb6781e5b5,train
3259,33fe7fcdf1594a3b0baa69be50163b91ba3e0ab8cc78ef1730cf3cdb6781e5b5,train
3260,33fe7fcdf1594a3b0baa69be50163b91ba3e0ab8cc78ef1730cf3cdb6781e5b5,train
3261,6cfc89764eb4e87ed2126626fced67aa72f6cccf24f5da99c112b6ff24da5ec2,train
3262,40e0bae198bb28ce7d3624222d541dbbf8786f41ed945344f08b07f0d667f5e5,evaluation
3263,89194e28101e35c1eba56d2e792d340bc670fe71ceef66ef83f0b0de5bea59cc,selection
3264,58be9efc036d8d53bbb9b604f09ce5d471a5d3d777ba4b955ae36d9b1577803f,selection
3265,687d518e3ad110c9de9bc14bc855863d91cf3f7ab2f86012f6ac999be2a149cf,selection
3266,4404b329a79924453027ae8b18ca5b95bfac66a0f0e639c8ec3fe7018ca100de,evaluation
3267,e0fb5d4ec3abb046a19dcb3a590d6b5419a0be1218b80b380922c1c6b90119de,selection
3268,cfb8ae1629aa1cd2eedf78358b161cae26c759a53e75d2aaa42075e2d5701d69,train
3269,2645ed71833292de4d9ec06a4b1c31e4e9de59ff47bf73a85790b18132624920,evaluation
3270,e7d839b4fbf5edfaae1bc764383e3c7d9e3d4cc395d378489b16b4a2187b139a,train
3271,98ee2b5629ead9cdcf54d36f621e639234277238377e0e1f80c4dae7424ed479,train
3272,36b69f9c3e6d16f9e6b67d434f7f206f37feca6ba667429b96e0e7186e38ae9b,train
3273,1729514a70c98d243dfd14875d9c95fb35009667bfb033960d1f48fc35f9bf46,train
3274,77edddee60a2359d118db3a19075ca206433ae973e338582f89530cc0d5ea67c,train
3275,483057b011defc4d4344ae03b5b645913c5dd71a8826e0652c0c401dce5a8cb4,selection
3276,232eed1bfa6d41bb1c4a14b71cb2a894e801d364a4001c73778f9888e39b61b8,train
3277,d0a710ee2f9cba0b5d8685ca68956d0485933e3fa10a38d701822cf5122c3bc6,train
3278,2645ed71833292de4d9ec06a4b1c31e4e9de59ff47bf73a85790b18132624920,evaluation
3279,c0b005fdb7f12e8d9d1f73396f6d4a56bae655018061eac6045df3398eca0c54,train
3280,e7d839b4fbf5edfaae1bc764383e3c7d9e3d4cc395d378489b16b4a2187b139a,train
3281,f5003983da78c977b84aefd6b53ee79d279434c1f9e7258466562d1e19e34130,selection
3282,6aa69824ec35f484edae3bb4e501483525a3ba6e7ad356751de8da550197693b,train
3283,2cd67354473b1b6900c9ceedebeb7f310b3eb41da7eb3d4cc747199c9b29ed50,selection
3284,411ff5d27f0db22203eaeac153360455abec13ad6a554abfa739b8a7f7a773a0,train
3285,d2d824035405c789436ec4053101d91e3001ea486b5833d5debc915dee238a0d,selection
3286,6c7c37b298cf25d780265fa9f33e31348cc108166ed5d130ee17d94a3260ccc4,train
3287,d2d824035405c789436ec4053101d91e3001ea486b5833d5debc915dee238a0d,selection
3288,2cd67354473b1b6900c9ceedebeb7f310b3eb41da7eb3d4cc747199c9b29ed50,selection
3289,4c1e7033bd9bdafc22a392f5a2ef06b46cfa9583562f1f8396915a467ccaa75d,evaluation
3290,7cf13cc464b27b6da6e583c97ea7285357315f582852286b3b7f0fc67355fafd,selection
3291,f8f0fcb3efc9e27eb18d3fa4850b5adedd936f1ba05b73bca66f7abcc1c36840,train
3292,a67a52c8dc74945eaf0a63a0332702e03aea929f61cf64c9931a93c09e336f59,selection
3293,cfa372cfcac6217dc2375bc8332dfd8405fd1d046c8df72294d664b39e763500,evaluation
3294,0f12b77f83bb83afaef7b0d22396a167dc066565b2b2d5eefbff1ccf654ba7de,train
3295,a67a52c8dc74945eaf0a63a0332702e03aea929f61cf64c9931a93c09e336f59,selection
3296,4c1e7033bd9bdafc22a392f5a2ef06b46cfa9583562f1f8396915a467ccaa75d,evaluation
3297,f5acb8aac8f3a78fe0e9d1cc57951c7d01d36205800c407617f748ef6d111aa2,train
3298,e1602b6f3d2260b1d3559620fa5fd2526a79ab9efa942a53d4e894346b8a8c6d,train
3299,a6659dd07c55b851c27f0e6d466ec877d4a42e987b9f9b085c1ad2fc444a5d26,train
3300,7cf13cc464b27b6da6e583c97ea7285357315f582852286b3b7f0fc67355fafd,selection
3301,f8f0fcb3efc9e27eb18d3fa4850b5adedd936f1ba05b73bca66f7abcc1c36840,train
3302,830deb73578cf7f4c5f03b2813a5cd71f36e293702d2d3177396b9e6b654b4c1,evaluation
3303,65a2713d7a2f746ebd2bc6d14567e4a8d8a84a1ff6a4a6e5b19dc13e002b8913,train
3304,de5b44f66a00004006c78abca1d1ac67e40ef9cfba69dfd0cf2a5f366dc5c976,evaluation
3305,13a4eb3d3c8db3b3a5c55040e19c5efabb1c41ece7d61df1408453f20896648c,train
3306,de5b44f66a00004006c78abca1d1ac67e40ef9cfba69dfd0cf2a5f366dc5c976,evaluation
3307,68442b71be13fe9163d8f6b1b5a290b2e5ade4453ba36e60ac10b82595f943b7,evaluation
3308,b04104a1be96ece4d746f5c924c98912cb936d51c7fb88adc8cef300280cab71,train
3309,3f626cc076352f79aedc03a29f9a2af0735dd29a7277edd83ae8097dfbaf67bf,selection
3310,62fff773b0abbff214ac7b4a5aba493e0c89b3d1d29fc4f5505f16fcd1319a4e,selection
3311,f67b145565d36067e615119534729618c4f8f97d3f9e01d5a417faf19e3f5743,train
3312,f072a1ef65569d8163d177044ee6643f711db035db9a023daacd661a70df304f,evaluation
3313,0a6e6ad6ec2e9c0c4be2cbd88dbfc4eb552d7da68e2557a3d9890f23b9c7381d,train
3314,e898c093a8e57d406808eedef5266b441d797fd13f04a30925a4ead43bdcec67,train
3315,8bbce38dd709da9d9c985d6d1fdc40af535c620a4452475adab6999059fb1fdb,selection
3316,560de596d6ea3d5f86fe6d177bdb7c3e3ef5267a1a03f9fcf8947d703a000760,train
3317,6deb58b4adf25cd856d3c1a2418857403d6b7783e194d288aab727ba790f7898,evaluation
3318,4f2d6cdf4e09c3cfbce5687340b395be63c4e2d76e2b903491cbb9b6ce25fe16,selection
3319,c2ae72bab48c2d17d418f7898176fa048bdb329dac4e79a745ffd21c0ffa80e2,selection
3320,2752b5d6639ba8558da39910b43dfb4f6a06aff871cb758a09f89a04ce07ae66,selection
3321,1495f620a0ad98f454a332aa3f853b57d58cdb7f61c987406df459281c992462,selection
3322,1bfc6598a3d907b55ccb966aae7ac6786414fa211a4e6eeba17e89f82d698f74,train
3323,84dfd88f7b9b6aea9a9d0174dd72ada2972e06a96e30372ced6b3d1470e00c0e,train
3324,581a91798984f61f6dab0b2bc79abb5d3b83e89f25b9156f8a014a0835921495,train
3325,b16c7c6c45b5dcebc26d3ebc3eb7488fa2b319e78d1b66022427c1ac6e349252,train
3326,1ddc0c79a983cdac144fd2f1a6dff8be3f696002a32729b26cddced1ac0fe528,train
3327,2a0591e2b89da01b0175e9ce7b66916df514bb0f645dcd6b0fa72252114fda31,selection
3328,30a41e4fca31766e37f54e3f033f8493cfdd33738a0b1132bf300721ae872cc7,train
3329,3baa37612127d1acbe5c9b8afb36d9156736169394ea3f1eaca96c952e235c85,train
3330,bc6f7d36f1299acf7036b57205c66e1b0c35d529b0b5bf0c3ba303da6827b780,train
3331,37c96386eb90a1b68f6008d8322b52c8980d04eaf062305498f82c75cc6bf443,train
3332,b4f06c16a9600a09a851d5caa3032efa459c5432ef12783ce65aa96ea6fc15bd,train
3333,afd6beeaa047b39de832fa481cc4b6776f0997f0c1f97d604acb5b0bd1e6e65a,evaluation
3334,84d2cc29b94dd6e36639b5255c6cda5d6c0d6b2b39def8cac7d23c0fc34cf946,train
3335,99eea2dccaa131aa92478efb4da0d42cf046cd62afb029ebb43601043c30d6f5,train
3336,99eea2dccaa131aa92478efb4da0d42cf046cd62afb029ebb43601043c30d6f5,train
3337,99eea2dccaa131aa92478efb4da0d42cf046cd62afb029ebb43601043c30d6f5,train
3338,4d583783b831c74c5b267539bb05c970356ead00bbe6f04304111bfc2aa0bf1d,train
3339,edf64e3bb20d32c6133da3f06c06ddd596ac4389da6aaa220352558c32edf927,train
3340,18c84537bee8ad1b4eab747f84cae4df35085527b689c98a281ff9e2deab75be,selection
3341,edf64e3bb20d32c6133da3f06c06ddd596ac4389da6aaa220352558c32edf927,train
3342,07ad49c98846a2b3fd1545ef11b1eac5b31246c2d87a440fb91ecf101236f70e,train
3343,313be7283558fc7d74828df515ce529907a5d1d300718d6a1c8a21c3e0cda8ec,train
3344,99eea2dccaa131aa92478efb4da0d42cf046cd62afb029ebb43601043c30d6f5,train
3345,6e1801ed34c8f6c44eb42c1b3fc2c568d901d8dec6f945e5473178c8cdd62e0c,train
3346,a55fd90242b051c3e7545935c723a66ab9131ad930fb60bbff389c0536091403,train
3347,0d65eff152498aea0b52b6023aa91382609503ca93d97b97ad705969210d5886,selection
3348,4d583783b831c74c5b267539bb05c970356ead00bbe6f04304111bfc2aa0bf1d,train
3349,188f3dbcf33dc720970b10ff21ccbaafa7255c4c7fb274887d44308ab61fb470,train
3350,b24aef8bd0164f07333e8b2af4ae0190034ec7576ce97236e36afb498196dd5b,train
3351,e3561ed3b99e5ee25375d6b78b4f93d75560733a80e8aea259c6add9a4d7149c,train
3352,881b43c36a2170b9fc4cd63a179fcd7ce058876a47132090b22f74bf15cd7ba1,train
3353,85659b74eea9580e647a2cafe7a621296f00acf515e05574224caa7e6cdd72aa,train
3354,f8945c58bf519732a18702f73e3b0cc04dfac64e3a11246f6e7c56ac7e272e20,evaluation
3355,c8d8ce42d8a0632a7a6899420f7c1fdf96b4bded658a11989a4c716db5c5b927,evaluation
3356,629a67bb173c20447533c7eb7780b1d850f6783fcf4aa8ff675f6f5fea9796bd,train
3357,a0a8d6cd8b7043760496bcf423e994f07058d93bb9971f35510e0ffd96aa6e46,train
3358,881b43c36a2170b9fc4cd63a179fcd7ce058876a47132090b22f74bf15cd7ba1,train
3359,85659b74eea9580e647a2cafe7a621296f00acf515e05574224caa7e6cdd72aa,train
3360,4fbbd61e880624523988e49fec698ebe8aaf053193aa6207b8dc1972320313fb,train
3361,188f3dbcf33dc720970b10ff21ccbaafa7255c4c7fb274887d44308ab61fb470,train
3362,b24aef8bd0164f07333e8b2af4ae0190034ec7576ce97236e36afb498196dd5b,train
3363,e3561ed3b99e5ee25375d6b78b4f93d75560733a80e8aea259c6add9a4d7149c,train
3364,97cfee6f779d62f495cb95cca5b67febd1127a5a5680818d26bf514802817ea7,selection
3365,fad5162f140e4eb785b3e3ad549b633af51f36e74bfbb4969353ed63c51c8152,train
3366,5fb48397b5abd5f5c0aa5e05f564ba539315c7260b7aea21109ff3e69cfed03a,evaluation
3367,b6b2cdebea19548f411aff987c8bcca05d864124ace2dc6aa6efaa18514592b0,train
3368,fe9946ab5033036e4df527140047010b07dad4100d9495cdaac868ef2a47542b,train
3369,d8e6a5fe6b5a2f19f9e18c8d06fd2451a9553d154465813013b58bf570c01a8b,train
3370,b6b2cdebea19548f411aff987c8bcca05d864124ace2dc6aa6efaa18514592b0,train
3371,5fb48397b5abd5f5c0aa5e05f564ba539315c7260b7aea21109ff3e69cfed03a,evaluation
3372,4fdc08f16078d2f25d58579803ad5a0a6db20701b9ac25af4b53c8d9e51140f4,selection
3373,9bdfe87e719ea50a67b37a80c1be5a9dc3218707c398b6661fc4a14ee855c58e,train
3374,36ce6a70bbfdb813b05331aab23d733a531fb572c1b07369ae0d500872bbf89a,train
3375,371b0f3b38c34c53236d836ef11205e9f95dd28e4fc8a85769d992a57b929449,train
3376,fe9946ab5033036e4df527140047010b07dad4100d9495cdaac868ef2a47542b,train
3377,bf2196d124a2beb79686629fc6f436f2c44496d90ab71f81a0bcd2fca0c335c2,train
3378,e938a2cc41b65a1c68d72bd8958efc770bc3252110e51ce1ea6176d9bbae8eee,train
3379,887e255f3deeb950236027b050406726de6d8a9d259fd7a176f8f57bde6fc782,train
3380,a586ee5a12b8cf164262363732cfd0e7fe462d0805fa7cf53ac5007d28cf8ca2,train
3381,f4f79219e1e86ba7e6ec963b7307b79502566d3314a2c65c820765cea09b269e,evaluation
3382,a586ee5a12b8cf164262363732cfd0e7fe462d0805fa7cf53ac5007d28cf8ca2,train
3383,45912c48519da1591e033c4ceae25a5b9bb88e3de0d96468ac857bc6d29f202e,train
3384,f7bdf2187bf2d77202f89650f4264ef8ea453b73f6fffb3c10363037ae6f806a,train
3385,5a8f77fec5c0c33216e472f17a710afbca9530e16353800cf127247e9ed88c19,evaluation
3386,e938a2cc41b65a1c68d72bd8958efc770bc3252110e51ce1ea6176d9bbae8eee,train
3387,887e255f3deeb950236027b050406726de6d8a9d259fd7a176f8f57bde6fc782,train
3388,34a034bff8da43a5fb0e31a7a9dc45f343f49fcf7d91e67f180edc5459877892,evaluation
3389,6807ca3554f943917faf840901aa7fc79518602deb87c5bbce9bca3c169b8cbf,train
3390,289b9aad9be1fe1e0ac568db6d4674ccc5f486da4e006ddb55a4c68f56e6f159,train
3391,f1454ecec53d01722e8b67ec09e1b59bdf2d3296f80bd9e1e0aa79e96886db6f,train
3392,afce37402058a54c593a75a1d4b7328394267e55cd64aead815edae90e4f39d1,train
3393,d97b1fe0b42f8077141a9c523c8b8b7f77650c990fd0cb7e6f6b7d842fc64047,train
3394,5297b81c5c6d8a00fc440cff84311e99f284f2f6bd29dd9fd6e4297c80de2d7f,train
3395,023d0c92507d571cdb47f081b0b6e626babc3677c26ea8f76b4d5175114ee7b2,selection
3396,5e3a1c4159e35d35bcaf0dafb82ca5c89e08e050e0dcfda0d888f4e91c64bc45,evaluation
3397,82dc0aef354e6d977dd968ef794a150e85ebc5d79e185622d5f2a3630b1e2fb5,train
3398,b6e63d5b514a922f35aab5897f8f9f8ea195042289449e25548b0295025bd8e6,evaluation
3399,2f101479be70ccd232604ada495408466c662877ff24ecbbf6710bd82ebd24fd,train
3400,5d403eb3588e2c18abac294496dcce0aaff465278458fbac04a6352aa10fa932,train
3401,6a9ee643963866167f58d9cdc5e22ece6b31943b0c98e1cb9acdc4fa84ec6c2d,selection
3402,5d403eb3588e2c18abac294496dcce0aaff465278458fbac04a6352aa10fa932,train
3403,03806f8eeb602de5a1f7db16bf8e11f155a4a5829eb1c1251a1e84c1ea8f174d,train
3404,421d8025d261a9c4a3e0e95b76901c96865f7de4ca62c625567665b03e38ca64,selection
3405,4513317627dbdc564bda8c86cfc243fa5befa7ceae9dd90f5fd34168ab9bcce5,train
3406,2f101479be70ccd232604ada495408466c662877ff24ecbbf6710bd82ebd24fd,train
3407,b6e63d5b514a922f35aab5897f8f9f8ea195042289449e25548b0295025bd8e6,evaluation
3408,a73ed87de326f5e5b9687753a91e9cf5bc4e42e91561bafac2d7c13f7eae656f,evaluation
3409,ee9c99f752cfa559d96822cb6a8e76a40bb679d8b60140158af4c3efb6817e65,train
3410,bd9bfb4d3f310426a2bdbdfa104615b591f2931aca45d25be52f49050e4d3cc5,train
3411,454345717392021ea7a14f8b05058f54767aa28a83261e687ac6757f4a798860,evaluation
3412,4e3b1b0f4a82bd62a499099ef986739f2cd7122d737d2dcdbd939d8b59ab8064,train
3413,233ac629ee7067740d03dcc1d38ef43638b2c61f9f2b0702b70604a7b4435b37,train
3414,bd9bfb4d3f310426a2bdbdfa104615b591f2931aca45d25be52f49050e4d3cc5,train
3415,7dfae011710a59647869edb8a4b056636d228bf8136a92aa3863f0090288af7e,train
3416,a2fdce2c36b8312516f55a9c9391b9fb9fff8b89698b51878799b78a4a221efd,evaluation
3417,065cf2be0a958eb45eedf96909c08b22543945d944386b72268ba9e530cb97f5,evaluation
3418,a2fdce2c36b8312516f55a9c9391b9fb9fff8b89698b51878799b78a4a221efd,evaluation
3419,7dfae011710a59647869edb8a4b056636d228bf8136a92aa3863f0090288af7e,train
3420,1d4172f4744222ad88182711cc0e7804f8b982fcbe82577b597d0a04118ea27f,train
3421,c12c21d596749b5ce9448a45238f335cdc6b3e1dce63c5d5c7479831a1ce1aec,selection
3422,b7e1cc4c7e97668012dc3fec6a2d662a5b1d853f97c9cf2bf94b26bc40ae0ca5,evaluation
3423,d034faab0df14869f6fd232b34574d19d1639f41df2c1a51aa2523c7010ee72b,train
3424,41462ecc412b52a32e07c277f4744b03c30353502edb4320366205a24d49b6f9,train
3425,e697b4ced889d16f3005f62774a71ed0778adf32c2abbf68f346afd2b9ba6d8b,train
3426,e697b4ced889d16f3005f62774a71ed0778adf32c2abbf68f346afd2b9ba6d8b,train
3427,a59db8760765438cb12502ab617f801222437f9acf61b74fa9bdee862350a6c9,train
3428,41462ecc412b52a32e07c277f4744b03c30353502edb4320366205a24d49b6f9,train
3429,d034faab0df14869f6fd232b34574d19d1639f41df2c1a51aa2523c7010ee72b,train
3430,e697b4ced889d16f3005f62774a71ed0778adf32c2abbf68f346afd2b9ba6d8b,train
3431,a0d06ab88a87fae6194c1acfd43770d3a0d0082a9508851a4157c5aa2ce81cc7,train
3432,757ed2740b7554c0a13f35a9b25e2e1a66c674bd54be82f80c56b7e533fb0bf3,evaluation
3433,af3c419290d318b76da8af5edd7154380288cc6e5e1e39ddc84b3631f080b8ea,train
3434,23f2b729500522f569933481b3ece136768b2c31c28e892ed0f906609e185790,train
3435,7fdf659ec4ad7cf1daefa1dfc88a422567885d33fcd1b1b0e441c29b9fdda551,evaluation
3436,162208998aa8c97a5e13b901adc61c92790ec95de1a1d500d502dc0a97704f5c,evaluation
3437,e4dcd7cb333bfd2649e3ad2744f55c0b55d22a554df2c2577c644101954a37ca,selection
3438,6c0e033bcfadbee5d363e58f086d88fae91c6ffa5c5bab73f8fa2b6360df8344,train
3439,e4dcd7cb333bfd2649e3ad2744f55c0b55d22a554df2c2577c644101954a37ca,selection
3440,b252531724bb568d59821751b07032ef08ebeefd3566169fb81d6a672fa6bda2,evaluation
3441,52dfb25599e1d5b362bbdccb39a9767d2769e9441db0210adafe39f07f510ab3,evaluation
3442,e25e8bc11c65775e88683289a4148b29e99ffd232886d37da10a0b772641a5c0,train
3443,5402642150f9f5ecfebfb4396203667bfe2dc21a943f7c9809958340215494ee,train
3444,42dbc3c46d994bc1fdfe6a3b8b9aa9682e6ec4a596df88691e5b54f49b6a3582,train
3445,8a5341ffe99088527369c0cf3c2a24079e10bf48c7e026e62f38ee6bb97c2529,evaluation
3446,5a5d34af62f2c1072f8079f428afd82274c3be96fbe82e5976fa8d0c5d9cd8d1,selection
3447,6c5ec286bc4e0bde92d0d0b6b247fa731ac190b61aaa9f77b70c62ee081fbc8c,train
3448,a52dbd88a36c4a50143fa4484ee5c169e1ac1b738ae8bd580de735e5fab103c2,evaluation
3449,8a5341ffe99088527369c0cf3c2a24079e10bf48c7e026e62f38ee6bb97c2529,evaluation
3450,eb88c34f5cd9855e03a5eb5b8c639dd5ad445bcc5f3f0aaa93bf9ee02c4505a2,selection
3451,eb88c34f5cd9855e03a5eb5b8c639dd5ad445bcc5f3f0aaa93bf9ee02c4505a2,selection
3452,032e49b7ed571ffd012411ad9db85b8e36101764388850b0045562518cea512a,evaluation
3453,0ef2a997b017117cda7352919e25a01c4a93f1148690bcdeb60e8a7425fe5f2a,train
3454,d5c20851ef38938bd367dca8473459d98c3b8d50f2500aceb3af6141ee946448,evaluation
3455,7e42a436bb9e45384597e774b4d7b17b744df949eb3055bc13249f9c8d43c110,train
3456,fcf32fac92c0f993ce684f556e4a2386e3479cc696174b4e5a0a54be10b3f32b,train
3457,928efaa8350ebaee47ab01e0b5d5b90a7b4b2a4f32385aa6c5babb76982a3bcc,evaluation
3458,8fd1237b7813d70ba5d607e9f444420d6b88e193af4adf434288a45dadc3dbb5,train
3459,05c87362f2cbfe1c38bfd889df31b185c149473cc578a6ebd8d70805986fa56a,train
3460,27316a32beec8ea76f58587c2369cf4e562b21c448fd9fdb71792b8f2a3b4f4c,train
3461,743161014e206071b5e78523b7907e80b9ca7b28836d56399d7ef284dae2d85d,train
3462,ead6901521d95452328caa7a699375767c718acc97d68acf22f22ce4712992b2,train
3463,969e1f5fc179d6cc8a2c2902531d0379ac0d66ae36598f2c29107eb56f6e884d,evaluation
3464,e59c02492fc48aafd64bdd77bdab6421c9528cab58999a5fa9deca9e1b8f4ac4,evaluation
3465,4324caacd0b368c91c14712a08eb59da79b505ef92e01cfdfef3099b685061a4,selection
3466,ead6901521d95452328caa7a699375767c718acc97d68acf22f22ce4712992b2,train
3467,4806f0c88653ed1ba017329488c0a7887ebc25333f409ca6da7b7a5db24f600a,selection
3468,b81242b6271bbec3d2eb6e985de2c3421495d6c9f3efa272b5a92bad34302fac,train
3469,05c87362f2cbfe1c38bfd889df31b185c149473cc578a6ebd8d70805986fa56a,train
3470,743161014e206071b5e78523b7907e80b9ca7b28836d56399d7ef284dae2d85d,train
3471,27316a32beec8ea76f58587c2369cf4e562b21c448fd9fdb71792b8f2a3b4f4c,train
3472,feaeaa2d6b69b58bc81fb58c8a90575c2e4f05a992f60500551a064473ceb927,selection
3473,b9be57d85d7d8d95e5b27f884a2bb7bbe7a541853641ba03837998e4d4a76166,train
3474,3b114ede164103d567c8bb9f7db72c8867f09134701cd8b37d509739eb91d08a,train
3475,daca73301d7e74bc9163450aed50a48bfbb7f09f4dabbe225d5b1ae0ef393c39,train
3476,834af7fb27f98e1ae253e476f4ba0cffceb096afeaf9dd60559889e79460f2ba,train
3477,ecff3ba74180533995400f753a067dcc445ca9f1a7ffcd52665c5f7f2f8d5849,train
3478,daca73301d7e74bc9163450aed50a48bfbb7f09f4dabbe225d5b1ae0ef393c39,train
3479,795dd0e7234c23b5b463b6c2a90a07ed438a3d1359c7fbf9c630bcc4e10a6060,evaluation
3480,b9be57d85d7d8d95e5b27f884a2bb7bbe7a541853641ba03837998e4d4a76166,train
3481,9c5263c1a97ffcf09430097670fed4cd01380fe67db297e22887e506fc68867f,selection
3482,7f820c945a03a1c77c5b44e780a39db51c5da149a354271c05bc268aefad7367,train
3483,510208ab467163245f3b352392e86ce4bec660031964eb8375a4390639927f4d,selection
3484,834af7fb27f98e1ae253e476f4ba0cffceb096afeaf9dd60559889e79460f2ba,train
3485,6118099caa8e6ec76208b015d749ede6ddd368d182eefe630ba19bb8b89336eb,train
3486,2f10646833845e14b715a2097b85dcc1a91cfdaa41ec057f657fe414c2b1917b,train
3487,3b114ede164103d567c8bb9f7db72c8867f09134701cd8b37d509739eb91d08a,train
3488,1c201c7213414245b5129402ef9c174ebe0672401e3fea1150e43d240ab7770b,evaluation
3489,08e609174f49b1aae92b66981799ea046f3872fb385669df3fca67ec229d7810,train
3490,ecff3ba74180533995400f753a067dcc445ca9f1a7ffcd52665c5f7f2f8d5849,train
3491,ce8af2722a56efaba21dce5797c8b81c3c2c129bfe13833c66e47107bc6aa48e,selection
3492,a17878f4c0a63b9c87c2f81ea5bca57639f2556a979e211797e50c498d5876fb,train
3493,a17878f4c0a63b9c87c2f81ea5bca57639f2556a979e211797e50c498d5876fb,train
3494,9a2becb185ea1c326f69ca5e78956d4c5689ebb87ff9c738218552efbf6af8ad,evaluation
3495,4a43f538fc841fb7251586b9d23605cf96451edfcc8401c23e0abb65e485a47b,selection
3496,be7e02bee49bb34bb210a2f577a2ac8ddc2a655f5452a4a5be33d3290fa1047e,train
3497,276f77823b8f519975ee9cd7615d7124cea60675387b215c35fd3deb747038f6,selection
3498,4ac6084aea6ce7726e90f5f94731b55b0dc71c544f8e78b39a458b8eb3c33abb,selection
3499,d861a225696ca42dabd64951ba90fe7a6a97aa3bb923d332743b61d392a96b2e,evaluation
3500,a17878f4c0a63b9c87c2f81ea5bca57639f2556a979e211797e50c498d5876fb,train
3501,9a2becb185ea1c326f69ca5e78956d4c5689ebb87ff9c738218552efbf6af8ad,evaluation
3502,5f1a4a1c344ef9e71cac0b3a51af7e654f4e080902451b8ae1b5d2537c7e1df0,train
3503,10f759a3f5fe76b0556f67bfe646b385cc8a0c4a86e1b7b35ec4fd037d5aa796,train
3504,99f3e1c6bc960ed1221488592eae468dd7ae2c2562166064614a34a9833d2233,train
3505,7a8c8b5cef5cfb05eefac26b3e8ef63cece6191e9c8847d5b0d2c6a2021ead04,train
3506,fdc5b7894fa2aa482207588272ae210dec9b4c91cc3604e75c85d7128f58bcde,train
3507,15c3d310d353be1385ee54fb75a7a1b2c6b605f3df560811fdac1b14de601a37,train
3508,5f1a4a1c344ef9e71cac0b3a51af7e654f4e080902451b8ae1b5d2537c7e1df0,train
3509,41f1e08c096e7ad5c1d46f2bd0cb9f982fea394011b9819b70e0725c8687571c,selection
3510,786fbd47bf7201d502badf15a0257d2dc8766d86d19497fc7334ee6fdda095d9,evaluation
3511,200badd864616f203357dd37b183b36672bf5b904577775aba8ef5b4f93129ee,evaluation
3512,7002657dc87573fb4e3e6f0563f098deba299fce77248e104ef335ca7ef69fc7,selection
3513,c0936815961c66459bb2c12530fb7500bb4b80f27b0ecd0ea93adf9654a53c62,train
3514,d6d39dba0d6c1644efed45658da36dc8b6c928f73ac8efd3dd1e19f10102b9d6,evaluation
3515,439dc688a663b0c064474d897b166cf8f001f04da1ed3388f66cba8aebeaa0fc,train
3516,e9608deb9d2bd5b4bfd366de8d058d5ca23863985495e72189ec1dda5e7a1454,train
3517,04f7007f2a4c27d09b1b3199bef9856ce7a7ecfc47e8c1e668c30c8863b0fb46,selection
3518,f3e439b1321267ae0daa316149db137e2436a6dc645491f432eebf5f0e856ac2,selection
3519,d0aa959246515c9ba4ac7b99ab7dbb04f1e78da52fe2bb902b4a2d6e186b43a4,evaluation
3520,bc32423f28a4cc949dc94ec5143464b75a00b833befbb811b116d9cf4f21f4b0,train
3521,b4545917595ba418476b094b80863a25a275837399e81b3ce259235c10f9572d,train
3522,8df649a59642c1865ee0fc44b9dc85474c95952b7d2f5483ad35ad3397d4eb16,evaluation
3523,bc32423f28a4cc949dc94ec5143464b75a00b833befbb811b116d9cf4f21f4b0,train
3524,1d29346c665d60c06c4b02f2775856d2b2a536475ecacf3b2046ace32338fde6,train
3525,1d29346c665d60c06c4b02f2775856d2b2a536475ecacf3b2046ace32338fde6,train
3526,452e8aadecd46dee838daf21231b8eca92ee1f62b2c11fa56190f692817bf54c,selection
3527,db49672266c2d839e2e966f9a82a178bf349fb971f0bb0c5f7b403cc8a522aed,train
3528,25c184a782ff00877f3a385d2b770b5d047b5d28bc62b8f3d4a8e30d5e349d73,selection
3529,3fbe4062ac028c7ce96708d34614136baba3ada060b9ceb7ad6d7e9c0be3247c,train
3530,dcfe8136a57092e1d5df4fa1bf356be3830bcd5823dafe28222747d155ba7dbd,selection
3531,afef3b7295f0a34368ad08e37a62e2cddc56ceba049bc8f37c39a84e167b2fb9,evaluation
3532,716972d9b9752ae5236155d576bfbf2b58d198aac18ce531c74deacc2ee2dd9a,selection
3533,76364ad2069bab9c171d9c32a50a4e63dce8497f2f5092db23e7e8ac1f2b64df,evaluation
3534,dcfe8136a57092e1d5df4fa1bf356be3830bcd5823dafe28222747d155ba7dbd,selection
3535,afef3b7295f0a34368ad08e37a62e2cddc56ceba049bc8f37c39a84e167b2fb9,evaluation
3536,99701577b8033da4ba8ab608646115a3715326d754661fdcd8b60d19af18f3a4,train
3537,313df5641d2e364d26ab7a826ef490805547678b78f1775a3f1458e4968d34e0,train
3538,9a3bf56833a88e7f53f870fb1a2daa275a5c6df22baa64090f265429e1a5788d,train
3539,3e51e47b23945578549f76bff28adf726c7a0b7048b88e503124491f68cdb7b2,evaluation
3540,58f712a25a4f73042d97ed34fd2cbf4d6766dc5317f1f681e4599d6c129f99eb,selection
3541,6802c24da1dc46019da37f0f922390eb7cddc61f0bd4788fba7fc7ede988fa4b,train
3542,982074dc418678984d91ee758e078beb973f0f65b37d0bf3b52209e970ba8ee0,selection
3543,54e741432319a882fc9a5e829903d6d1debd9f264ee0291b91f7f4d2ab6b828d,selection
3544,54e741432319a882fc9a5e829903d6d1debd9f264ee0291b91f7f4d2ab6b828d,selection
3545,d01c6c1001b03c995b8ff965216aac23c81c3f6d07bb45ebf40ded27d4d779e1,train
3546,982074dc418678984d91ee758e078beb973f0f65b37d0bf3b52209e970ba8ee0,selection
3547,5688706f2b0d71e9f8914123f961bb31995c50f8720ba4bc54fa5bdfc73d5e90,train
3548,0ff39479c33b8b6735689853a571d2248743d49641cbea35183d6873e337b538,selection
3549,54e741432319a882fc9a5e829903d6d1debd9f264ee0291b91f7f4d2ab6b828d,selection
3550,d4205439bdc8140d4af38c4d1d5ac265b8a0d41b1042f30ebe8864beb7beab41,train
3551,b9f905bd7e4f347416c0d9e3f6b4f074bb510df15d9cc044590a30868b61597a,evaluation
3552,b9f905bd7e4f347416c0d9e3f6b4f074bb510df15d9cc044590a30868b61597a,evaluation
3553,b9f905bd7e4f347416c0d9e3f6b4f074bb510df15d9cc044590a30868b61597a,evaluation
3554,c7ca591c2cc5369d9702ba2ee338fed58f0e68d46b59abfce1e5b83ec74bcbab,evaluation
3555,af8e27c581ef330298a70215cd21d55a19198529c780ea143ccce11e16e7d739,train
3556,788b460ebe360bdfa5448b6c080229eca128e3b008bf9a9e9714de47a7d90525,evaluation
3557,c7ca591c2cc5369d9702ba2ee338fed58f0e68d46b59abfce1e5b83ec74bcbab,evaluation
3558,b9f905bd7e4f347416c0d9e3f6b4f074bb510df15d9cc044590a30868b61597a,evaluation
3559,132a6b7cb0e3e65a803b2c2f37976dea085b8e3901ccdfc19f98b87cf29ad3af,evaluation
3560,380e11169d35192402df83c2b83b73321fae62c3a31480c29ad5c00081121414,train
3561,5e06df04a2534c6ed3c9208ee035b3f07a275a0971aab8772770095aa28414da,selection
3562,466eef28868787a6a4f5c9f0681e97a95dff9a3a5398f947bb554c8373f469bd,selection
3563,5e06df04a2534c6ed3c9208ee035b3f07a275a0971aab8772770095aa28414da,selection
3564,380e11169d35192402df83c2b83b73321fae62c3a31480c29ad5c00081121414,train
3565,40c035df664cff1b3b75b5bfb5210fce5242ef4ed62cdf4ff11f164581d619d1,train
3566,91e16b7f2ef0851ff9d757fb36c88506c66b68a8d556fb0f3ed00a39c43ea70a,selection
3567,6f2d147dbc0c6c543757ebc37f7bd15bd316ab5f191195ade9803857033f63be,train
3568,31cbdc8df1b9c8a83cad3113c88f1970daea61b6ce7acbb806b00d10cc98147a,train
3569,40c035df664cff1b3b75b5bfb5210fce5242ef4ed62cdf4ff11f164581d619d1,train
3570,6f2d147dbc0c6c543757ebc37f7bd15bd316ab5f191195ade9803857033f63be,train
3571,534a4736d8642c4e9b6fe8d006d45648e47ac85cf1ba07926520a7a1dad357cb,train
3572,91e16b7f2ef0851ff9d757fb36c88506c66b68a8d556fb0f3ed00a39c43ea70a,selection
3573,83e9c435297aa25d081c6e214e5d9dece41fa363914813f2fd3681b5d6e0abe5,selection
3574,b1daaa86c4b318e7f4e8f6ecdaab69ddb4de77c410ee8e4dbbc15f958cb98c1c,train
3575,31ad1cba79598976317707bd1e0873c55ea3f5b5521edf506364f80ccc534d76,selection
3576,9aa072bb385523f6a976cf34ac952b71aef49977fd2b18536162e2525582e0a7,selection
3577,e0c427e7f1ae7e9ac2edf87b48710a42c38f751233e58c813b184634887cafd0,train
3578,d0aadeadae0af20b8c473282a89dd46bd0848b663f353e8efc0b10227e79dd3c,train
3579,588d884bb563dd34b5df9d89addc1ada4c0d955a7754e9fcbb1899d8a51733d6,selection
3580,a99fc180b7dbb707d6a29ee725b5b89b7cdcc045dd2073bde0ce10b2c6f83573,train
3581,6f279e28114933d132cb37bf436c31b20d075aa9c11f2ae133d547d2f4f72e1b,train
3582,a05c732737d534ebc12e235e1287944a35b60064cb2b326415742bbebb7638cc,train
3583,d16cb0f51d946d7c2abe945e5ce898a97a27723ce3facecb46959e1d825bf535,selection
3584,588d884bb563dd34b5df9d89addc1ada4c0d955a7754e9fcbb1899d8a51733d6,selection
3585,878f4fe81cac085ff2b016683089c566a2f7833e0cb1d7202d8f834da1961248,train
3586,c4bc4c1679643960cc9926d3fd3a377f059c9b3c4496c1ac9068c8d336b6ca1e,selection
3587,e4e858e2bd4d14dee9c03befb3dfe8810927b7d143896451488d15de4dd45386,train
3588,e4e858e2bd4d14dee9c03befb3dfe8810927b7d143896451488d15de4dd45386,train
3589,e4e858e2bd4d14dee9c03befb3dfe8810927b7d143896451488d15de4dd45386,train
3590,0aa0f5a28fa5fb7b1c1fd7731c83c951e6ebbdcf361bb3abf493be7a7b60e09a,selection
3591,e26d0811e869d1556d89d84cac8d40bd16c2863ffd9d1b5b51067741ff8affe9,train
3592,4fb5de3c5acecced3f86d176ca195b95a2c7a120b03e899deaefbe04393bb3c0,train
3593,d242f2f094e7fe746911461dde98edafcf0ac5841befcd4e0f3cf2f2293b27d2,selection
3594,5efd00f35ade9171b285dbd155c22d290af789447be9039bc1c699f9a79540e0,train
3595,a8c0c9c2198ec1978356e5e5ed39947c85d1994e496647bde369b5eca0b29230,evaluation
3596,604abd502b17139e497aa951465f8c1cf3999e648227d0abd7fb89edd4cb6908,train
3597,120b929fd999a77211612c869d7fac064654e88481f7783aabd6f6c4559685bf,evaluation
3598,405c99a215e874801b65f406f41f2afd2d9340e24aa108842f0ba104a68a66d9,train
3599,b691bdec1e1f7cbc67b5ef14fb38faf7de91de01f9487d7bf56dcec317679833,train
3600,94fa11513355e2077c8d8c0eefce3cb400eda08e3cf0c578131d2af88e1170b5,evaluation
3601,b7d485e65231da10de490762789a84085109dbe09375346d480a00fc29c6eedd,train
3602,ecc3f2d7dcdbb2be6e495dc9bda4d818ffea07db0bbe35b8c8dc11e4d35b7b4f,train
3603,19d900c3da936dc0ff4be0d8651856d86b16657c01c795adff437f4d2381c079,train
3604,5a304d319611d2475ddd8bc06c4485c7f1499293772c7184e7230ce071b31d04,train
3605,ec085c41df27c20845f23f99e5679a567d49b9cadfe2db4c682b0c4521200749,train
3606,0f1761d4a2401f878789a1b79223fb4a892c042a63641b7f1d15ec793964253f,evaluation
3607,7107ea45d9b5e27c80c28977f118efc7ff133ff33cd4baaf3fde5c10abfe07b3,selection
3608,0e5b50999f08d0a40b98a4024976115363dd06e9c17b5b6dbdd4d0d986b61225,selection
3609,0e5b50999f08d0a40b98a4024976115363dd06e9c17b5b6dbdd4d0d986b61225,selection
3610,ec085c41df27c20845f23f99e5679a567d49b9cadfe2db4c682b0c4521200749,train
3611,7107ea45d9b5e27c80c28977f118efc7ff133ff33cd4baaf3fde5c10abfe07b3,selection
3612,55b9d320eeefa871bcb5c434ff5679578b7de9f28e26927e3df8bb1a1d44b187,train
3613,0e5b50999f08d0a40b98a4024976115363dd06e9c17b5b6dbdd4d0d986b61225,selection
3614,0f1761d4a2401f878789a1b79223fb4a892c042a63641b7f1d15ec793964253f,evaluation
3615,1c3c4b91d9a9d394d8b2f4a765e1e3c093c8a38860147003a4ff481b1d07b787,train
3616,e45b874ef0182bf0d3e35a376c5d2c4f3a14dfdbe583e99522547a2ec8beb112,train
3617,68b9e40245d9a29014ed221fc62db6bdee43232540f6e6f9dbe1ee54a92ca68b,train
3618,2b425d71178acf1a5dca28b0aea9e365f47ad92ca9db6112d1bc3cdcc80ea1b5,evaluation
3619,749d8bba26fb2bfd1ae4488d8afa933d951730687acfacd591f0c6646e9481c3,train
3620,c86590ed5c6fe5ce804dae0a03c1017ad104ee446aef3161c48f7e176411efa1,selection
3621,2b425d71178acf1a5dca28b0aea9e365f47ad92ca9db6112d1bc3cdcc80ea1b5,evaluation
3622,1c3c4b91d9a9d394d8b2f4a765e1e3c093c8a38860147003a4ff481b1d07b787,train
3623,749d8bba26fb2bfd1ae4488d8afa933d951730687acfacd591f0c6646e9481c3,train
3624,911e85a1038b817f11f4e0aacacf9ec88474a02638aa00e628f30a6cb35b8072,evaluation
3625,e45b874ef0182bf0d3e35a376c5d2c4f3a14dfdbe583e99522547a2ec8beb112,train
3626,68b9e40245d9a29014ed221fc62db6bdee43232540f6e6f9dbe1ee54a92ca68b,train
3627,a98539d220b7995c623a1a5115fab91c2332f75134f0eba3fce4d857c0430032,selection
3628,7a9e32eb19a0a21f12161d6966914042940a264bfb78e86233e8bdd2964fdbcf,evaluation
3629,b52efea49456711ed3c3497458712dd440ae1cba39b8590bcee1bd497f4b66ad,train
3630,011dad2638dc842942717681546cf06d8fad8164a4f2daba61136b8c8c4c5196,train
3631,011dad2638dc842942717681546cf06d8fad8164a4f2daba61136b8c8c4c5196,train
3632,3ec5e3723b13bf21bea5c77912b3bb94df2ef311bc099f2519adf766823743fc,train
3633,011dad2638dc842942717681546cf06d8fad8164a4f2daba61136b8c8c4c5196,train
3634,72f835e051166c8ed6534a4d21eb8a66b46890cea1aad8511168bda9be84423e,evaluation
3635,141a2a059d48623c5d197694a024630eb283fbb4e8e70dcac64bb3549f37c95c,selection
3636,cbd840205d800a795f90773cd68f043e87aa249ab4a66886a5e30cae741a177f,selection
3637,74f7c18d897515b427871b09036a51d62cc133d10cb7b1f9220604fefb8e5c0f,train
3638,e46202d61b7bd06e3f494ff816571b9b4375f7e95a5a43a6769bd030c3421b5e,train
3639,46b5ea237d15dc30a56580ea0d8701942ec74cd05cb049898f8d47cb0b8d76d4,evaluation
3640,87c8a1e70a64feb0e6e251f9f46757f919a65d24d6ba65e79e1921d7d447cebc,train
3641,b1b8abcfaba43f51d503bba1b0409218bd76eb4e7795521cbcb399741bd624f9,train
3642,b1b8abcfaba43f51d503bba1b0409218bd76eb4e7795521cbcb399741bd624f9,train
3643,87c8a1e70a64feb0e6e251f9f46757f919a65d24d6ba65e79e1921d7d447cebc,train
3644,00c21a72bcfaf58e6ceadefda70717b79b2de7059f297a5bc555d150b6f480d4,train
3645,4b2ceaa3a986a4d90a3e28f525a791036ae46b51191ed3ef68574d0d5d3c2282,evaluation
3646,be1a329765ad549762587f3c57b1c6b0965500da287fcf84736652a6c8644587,evaluation
3647,be12fbe10abd6bdbb9bf8e2a4badb0d1223cc36d83889ab624ea4a2766799085,evaluation
3648,e0b9bab9b9020e90b86c3a2754b056433c7392f1b3247662702bd643e256a191,train
3649,3bcce896a1258753baccb243a84fc0f14892763e6a21653f81ecefb1e3a7c24c,train
3650,e60f96b2f8652f71f92895eb2ebf7c066f13febe3e8d83f8e1abd0ba80356dfa,evaluation
3651,2b9e5ee54387186094aa8029cd4325b208dd8aa946117e2d478756eba8ed352d,train
3652,ce1464890b1fedbde6c909573e377cf740cc258290852322bff67cfe37063b94,train
3653,2b9e5ee54387186094aa8029cd4325b208dd8aa946117e2d478756eba8ed352d,train
3654,b91478a1a38b803fccf7cff6e7007b92e5f98ecb527ac880bedfcb2c33930b57,train
3655,7bcf20f4f86594f16a40d912b08f9f94b19d9a0208d10b63b194fdfd5b9eea5c,train
3656,8a92eb023fbfb9eeebf35f0c0e154a8813634850ccab4ec458fd5812cae5a329,train
3657,97e25d954195fcbffb3e7d5ace0bcd6905f5e9d553f17a1eb205167acc27e601,train
3658,81a8d446459d40a1af7f23fb002c82105e8564b897075605e413716fd84b8c76,train
3659,16e22f54b20bdeb266bcadd2d614586acb497ea5bca90b781f391f0ddd71988b,evaluation
3660,5a0558b0338543b632947a6c36f9dddccaa1e01bff57f08e32e2774af1030db0,evaluation
3661,d090bf8ce8e7fd8b10b86d685e7fd8576a0f8c1114712ccd30d6cf00598a3594,train
3662,813aad5dac3bd0ee1dedb54af6fd50a255ffeaa3910aa35466cfafd342b21a5b,train
3663,7699cdfcab27cadb3331c42feeff112e053a293a8d6a7a3acbf0e25c594b2e64,train
3664,086a7efcfc1c22cd0634a0e18b300c9b66ff387c6925b0edff98fbcbd9393d47,train
3665,16e22f54b20bdeb266bcadd2d614586acb497ea5bca90b781f391f0ddd71988b,evaluation
3666,da2b34c08b90031fda80240675586743e697673d19487efab13d3d798d0aa170,train
3667,5a0558b0338543b632947a6c36f9dddccaa1e01bff57f08e32e2774af1030db0,evaluation
3668,999a20957509a066fec4310d52d5e16f4bcf934b777c955d5e4d589fea2012a6,evaluation
3669,06d9a3c25c8f59d568a4f1f504a83d00e38c6406c84aff5631f9d38753c600e3,train
3670,0c2cc5951abf4f27595614bd66a623363b6d45ca5b8c2645c4af01a85859a259,selection
3671,9d176ec31f9c0d2dbcc4a83bccc4e943186c6c7a20a91f35dd968cafebd588cd,train
3672,2fbb4e0f2bf7dd24a85279b89c871173beea383f7906db124105f178319a9e9f,selection
3673,dd1b1d91d491ef44fdb93577502e6f1a9384b60995f2d747d62d814d2cc8cf61,train
3674,e4a57d7a632f142b877b1a612766bb5ebeef00be6ffe39111282378873a3cd61,evaluation
3675,26fc379a19e3d5279a0566feaf049b9e8aa301121dfdba37f4c32d2eca2ab360,train
3676,f9af0b052ae22aa40d9272ebf57908f8a230c07f9dcadeb122cf5084f4bfa393,train
3677,a621334b44c7f4320574fe477ecfb7275d1cde9f3266b7d0ee1ff2d963df8120,train
3678,ffbe124a6c8181dfa962c409d297c56f380770f80e0c05e3228fdaab3cb715e6,selection
3679,068b99a59a2f13e1df62f84cc403ef4efdc8a066c250ce1b21e96b06e77d842a,selection
3680,991b57121bf4f0d3a70c66af01ce2cd7e0774bbd6a9449257fc0e39a5da25563,train
3681,d385d802dd9e2778d87de2f34a03631db9c9ebdf51458321bd69446f99226d78,selection
3682,063fa64cf06b02b63f981c82bf252b91142005b02edd475559e8634e5a3602d5,selection
3683,991b57121bf4f0d3a70c66af01ce2cd7e0774bbd6a9449257fc0e39a5da25563,train
3684,3307196c843375d275ba5f8443948f0c15bc2fbe2240f7708295bfc0f270d061,evaluation
3685,991b57121bf4f0d3a70c66af01ce2cd7e0774bbd6a9449257fc0e39a5da25563,train
3686,a1b8e42186b8ad5f1802da41d6d275478fd3667c113ec3b67127d09a2cdbfefa,selection
3687,37070a1815c855bfb0e23227d3122b95dff9f707ca0b010c48e6345f374b65bd,evaluation
3688,c08b575b918d987314e31f27509c137988fa8778637b9cf628905bc288bd4577,train
3689,d385d802dd9e2778d87de2f34a03631db9c9ebdf51458321bd69446f99226d78,selection
3690,081d44abc3bf3de29b55bb8234e6f761634938efc70270b5552ee42890adaf90,train
3691,4881a2919236c286cfe70ed8ca33108d765c612e0fb12d379ed804a817df704f,train
3692,068b99a59a2f13e1df62f84cc403ef4efdc8a066c250ce1b21e96b06e77d842a,selection
3693,3307196c843375d275ba5f8443948f0c15bc2fbe2240f7708295bfc0f270d061,evaluation
3694,ffbe124a6c8181dfa962c409d297c56f380770f80e0c05e3228fdaab3cb715e6,selection
3695,b1d2486927c32ea4fbeadf79dec35c4a87c048cb03f82332a30a651280f4515d,evaluation
3696,063fa64cf06b02b63f981c82bf252b91142005b02edd475559e8634e5a3602d5,selection
3697,98fd69bd2c369b6ae248654f0b78123120b84cfc98616132a328f1ec40f5b079,train
3698,9e82fc8215eac49f36cf9bb16f2c94cf56b05b24291198b753375c40f20adf07,train
3699,a1b8e42186b8ad5f1802da41d6d275478fd3667c113ec3b67127d09a2cdbfefa,selection
3700,50e7dfc569578c04d261c3a5b8a08c7dbaa4aa33679eb4847a94b055b82083d1,train
3701,f6349816e1b90c2d1527eaf079cfe3f1e89741dea0bb9b5d0ed15feee97f1996,evaluation
3702,17e68846f11e5aaea99d97e6a09272ca9c7ccc4d60e47a3504812e3952652a43,selection
3703,17e68846f11e5aaea99d97e6a09272ca9c7ccc4d60e47a3504812e3952652a43,selection
3704,17e68846f11e5aaea99d97e6a09272ca9c7ccc4d60e47a3504812e3952652a43,selection
3705,17e68846f11e5aaea99d97e6a09272ca9c7ccc4d60e47a3504812e3952652a43,selection
3706,87eccc17f80edb753433f1bceecb039871222bd433a55620162b02432f88bd3c,train
3707,93202279a6abc98f4af840b6741d71bd104e032e9a4e198e6b265080bedca882,train
3708,7cb556910632480a78d9cdcd41b73375a2d482eaf6ae49cb798845ce8e714676,evaluation
3709,abb9c308ce5a168cb068d26b21b2cba3b98982d72973bb5827327e760c0f4963,train
3710,f1d1866e114ac6810fbd9ec08234ddb90ba8be0bbbb2fcde7e76782fcc65d479,evaluation
3711,17e68846f11e5aaea99d97e6a09272ca9c7ccc4d60e47a3504812e3952652a43,selection
3712,a7cb52e4587bb47385f4cc1014940c8dc0c7f997a967af9e7e4486b54b574d6a,selection
3713,7502ffee89585ea003946c5772961168a2c55bd5d05b8dd5ec6f389875948cf3,selection
3714,ecd0b5fe6a63a8125108bfedd35bb7b13ac87a89d3a2d7c63381839443490e35,train
3715,2bcbf150982b3ad262bd09514eebf9c5090c2b0dfe13001f0ab8968bb2876e56,selection
3716,c59bc78e71b3d98b7dcebc4d87284f59896e2a01f683fb5ecc1ad69a6cbe0855,train
3717,e9501ff2cf963aa72d4900fb576007b9595e3789216959bb5d0ef82d714753b6,train
3718,f6349816e1b90c2d1527eaf079cfe3f1e89741dea0bb9b5d0ed15feee97f1996,evaluation
3719,258a0cffda4c15207f80f43f60f788593a0001b6deb879d10a9d96db47846360,evaluation
3720,2317696ca1c228cb89523738ea77d90ddcf2da72758fbfbd84c7c5c9e77cc7ae,selection
3721,9afcbca2e3e16a1df5e6bcd418843603be5cf23dcc71b097dbb99ca1e29bfaa8,selection
3722,2e6865de8ad25dd754696585f6962925e1eca8ce9f894023d3e232d5fca52d5c,evaluation
3723,98e50ce70eb0c6e8eda4b7c214b845c1bcb494eaa395e9bbfeb3ff5c21bd8add,train
3724,75f7ff30ca591ebd63076d3f3f789e16b0b94d25ed96fc7362112e4c0cea0b49,evaluation
3725,e516aea22fb0a10fb96089f41f2b52e38dce2b4af33b446170e9842375d031fd,train
3726,9dd699341f49303d076482044c543ba46ff5cf343a929da81808b0c15f7438b2,train
3727,98e50ce70eb0c6e8eda4b7c214b845c1bcb494eaa395e9bbfeb3ff5c21bd8add,train
3728,e2aeef43e7e5a6d63de54e2fbdccbb96e3fb98f758a7207770c40001d6b31708,train
3729,7b5e6db5b02ef17d814022589a3fee4e2732910e18340e334c017a2f83341c31,train
3730,be92f2ab3b7bc0be5f5311eb82007fb517195ab33cc63d82572aab4fd5fe5e42,train
3731,ece9aea35a044eb04392c61b46f63c52a3ecf65921026d0bf0a9db4c97e17f7a,selection
3732,7b5e6db5b02ef17d814022589a3fee4e2732910e18340e334c017a2f83341c31,train
3733,22dfe926ad82675eb21d3b139c5cdd0961ad206c3a8d5af6c0c416c601906b54,selection
3734,40cbd3784ca9b304ff1da821ca7cf5cbe800d14f609b76c7afffcf72d9c68be0,train
3735,bc909aea43b08d9678a855c1a1fbee13de3201dafd1b702d9340af4db3d82422,selection
3736,b5e77b8ea71bde3c9a029402da47d98d52255ce9222e29085720e84593e2dfe9,evaluation
3737,aa79a77a0a328bf54f5aa292ed95d7d2a606871694c49faa6850249dc1852064,selection
3738,d7ff93c6287388612034cb2cc9db19d052383df438d45a9289b99e586c70e8f2,evaluation
3739,862dc8d1130d7d1828b6a319a6c69581ac59a2b5cb5ac8d8800c03f9e0486b7b,train
3740,862dc8d1130d7d1828b6a319a6c69581ac59a2b5cb5ac8d8800c03f9e0486b7b,train
3741,862dc8d1130d7d1828b6a319a6c69581ac59a2b5cb5ac8d8800c03f9e0486b7b,train
3742,862dc8d1130d7d1828b6a319a6c69581ac59a2b5cb5ac8d8800c03f9e0486b7b,train
3743,862dc8d1130d7d1828b6a319a6c69581ac59a2b5cb5ac8d8800c03f9e0486b7b,train
3744,862dc8d1130d7d1828b6a319a6c69581ac59a2b5cb5ac8d8800c03f9e0486b7b,train
3745,862dc8d1130d7d1828b6a319a6c69581ac59a2b5cb5ac8d8800c03f9e0486b7b,train
3746,ce4fce519f13e244024ecc960fd01b07498ed869a7b601fea02bfc175749b60a,train
3747,e627659a9e95144e024c774050bbbd06890a3db298695eb05e67e8b6528fcfb6,train
3748,6994034a1849841b9870e6c16ce2d0d4aff1cfb56bfa239dbc59fdf2da8a84ce,train
3749,a56c929193c69ee3d049bcd84d453e7004321854de672e25656363d2d233d7b5,train
3750,862dc8d1130d7d1828b6a319a6c69581ac59a2b5cb5ac8d8800c03f9e0486b7b,train
3751,e5bb08b1528c89332d5866444f63476479c86404da5e66f9ee5cb85d7da7857e,train
3752,cbc01456e6405c68f809aee70959abfcfb5bfef5f151a885ea71e219b4c569f2,evaluation
3753,91e3e955398d1b6374313ba36ed299fc825268c1290e82d6632323ffdffe9edd,train
3754,8c7986f4ea1d14489003c73352650dad71bee7904ef41ffcb21fabe15432f42d,evaluation
3755,d09801f1481a97d5318b1956a2b91bfa48032fa5055675923b420e65c2032fe1,selection
3756,e5bb08b1528c89332d5866444f63476479c86404da5e66f9ee5cb85d7da7857e,train
3757,cbc01456e6405c68f809aee70959abfcfb5bfef5f151a885ea71e219b4c569f2,evaluation
3758,91e3e955398d1b6374313ba36ed299fc825268c1290e82d6632323ffdffe9edd,train
3759,d09801f1481a97d5318b1956a2b91bfa48032fa5055675923b420e65c2032fe1,selection
3760,aecd01f222e86fc66131ea1f825b6d728d62c4c7b68579282d03dc609bb2c2ad,train
3761,c70f9d16b860efac97efd0bfe5d255569d230c10072ab5969fb2548826fb7f41,evaluation
3762,a5b8d2caa205fc225bdcb00a6dd2e23e9ba49a5bf02d1c2ec807bb04e4910db2,train
3763,db0d2cf4b94ab0534f7acd15f912bdd9d2907eff112a0b17b4f8faf7c77f93da,train
3764,8c7986f4ea1d14489003c73352650dad71bee7904ef41ffcb21fabe15432f42d,evaluation
3765,0a38dc4760115800de022399825512f6f35fef699bfaf773999486d72f52730f,train
3766,0a38dc4760115800de022399825512f6f35fef699bfaf773999486d72f52730f,train
3767,0a38dc4760115800de022399825512f6f35fef699bfaf773999486d72f52730f,train
3768,4ad7d673b0c6cd59650750ab45e328089488833cd43362944ed4bf61bd954b6e,train
3769,0a38dc4760115800de022399825512f6f35fef699bfaf773999486d72f52730f,train
3770,488ed9700b35a5463840b51be7beb7a42cc8a1602fd75aaa8bb3ebc0d5e3e51a,train
3771,e9aec14fe583f295575c0bc4bb5c99398468af0271a544c888c9e00a26f53a9e,train
3772,4ad7d673b0c6cd59650750ab45e328089488833cd43362944ed4bf61bd954b6e,train
3773,1ba46308f0f46effdcf01145432b64ed14250c1c9b97b882478765bb76ee5e21,selection
3774,6511ea7eedf0d5a67ced4537fe09be3c62a16a00c12613fcb93e9ceab4d12d14,selection
3775,5c9acc3a3b0f6e013eea5d37faa2a07820706556b3a0225760e999a2e12a2c3a,selection
3776,e2eb8bb6e25e62fc34dbfd58edb09d0984ca22849af0bcf4b7d5eaa9d561bae1,train
3777,5c9acc3a3b0f6e013eea5d37faa2a07820706556b3a0225760e999a2e12a2c3a,selection
3778,c7f40f38ac9b75cf0a1cdbefaf9150c7e668056c3f018bc215df850ada5b5ee5,train
3779,935dd4bdaefcc40c72ba7ee4cbebf6dc6668166a4f13b284b6b0e78942ed8205,train
3780,6511ea7eedf0d5a67ced4537fe09be3c62a16a00c12613fcb93e9ceab4d12d14,selection
3781,bd81bd705fcda04c2d19d773359f2733e18b7a2f22eeef4fe28c669e68ceafdd,evaluation
3782,22cdc0edaa29ce7eb539fb26c9897b19b18ebcac5badfa6619c50dd0c5ec9150,train
3783,19ddc0bb920ac8bc95207ff4051026aff7e8c6388b6773769f172bbcce5f4a96,train
3784,5d392556e0ad4418111ade395235e743464927fdd78954e3768b8db14fdd8459,evaluation
3785,90ddc13f21a1ab3b3a3f854129058d98da75dcb1844a8de90967fa152f90cfd6,train
3786,1bf749e46a0f2ba4a2dd11ae8466b6086bd20b114771de0725fd20226d2d71ab,evaluation
3787,106ddcc3719be9a9da4689371c189eb3c9535c714b5e581a83ccf6a83a21523f,train
3788,a614ccf0e2a029d79b60b01448fc099650106619cf26b5f7078ed31ffef56ab3,train
3789,569ff1f56e50b8775b1b10768ad672d6d9c0ddc4e72ecbc99d95bb22e95dcc59,train
3790,19ddc0bb920ac8bc95207ff4051026aff7e8c6388b6773769f172bbcce5f4a96,train
3791,1f6a684d2051e516fb58b990ed0b53c04738a45c1a1e09b9eddb863435e9f2f3,evaluation
3792,ffcf8ce73747d7a2edcc2643dc08f441d4a72da2cbafa92b7985ed1948bfdda5,selection
3793,6b8d2fc724fd3e665c7ab89bd6fcdb42a4475281f93a5bf8bbff3f9f57fc3791,train
3794,7c7f604853a873b2eafe878b691b899cd6d912f84c1f7055dd0ff638b9c9d036,train
3795,5d392556e0ad4418111ade395235e743464927fdd78954e3768b8db14fdd8459,evaluation
3796,a21defb126444711ae3d95d10cdd1a38c0f63cc4b6f9418cd67f2865fb1c6c99,train
3797,4363d2bab54c27647931208e3cbe62d1e550b2af39d8400fdc5fadbd997fd373,train
3798,07865474134a008de7da925159b059418c6b28cccca12a4a6678e8e43a6d05dc,train
3799,9c3132e3f632bb20ed292931ed3b146fd6a1d0b50f095b189737094caec2fc8b,train
3800,06b545efa27b474031d9c25a660766f02aa16633ebb5d4bdc121083ad81f61b8,evaluation
3801,99fca942249bb47030189632d3fc9cb404c1fcabf07010a8d6c9bea045cd0cd8,train
3802,07865474134a008de7da925159b059418c6b28cccca12a4a6678e8e43a6d05dc,train
3803,b577bf492fead09a0622a0a320eb3d9ffc07670058a771382b1950f39283c05e,train
3804,06b545efa27b474031d9c25a660766f02aa16633ebb5d4bdc121083ad81f61b8,evaluation
3805,99fca942249bb47030189632d3fc9cb404c1fcabf07010a8d6c9bea045cd0cd8,train
3806,4363d2bab54c27647931208e3cbe62d1e550b2af39d8400fdc5fadbd997fd373,train
3807,a3429bd311d1a59ab8f7114847a0b33d8ccec5d35aaf5ba1369514eefdf5e003,train
3808,6e97be3965827dea7f5fde36b5c1082cf76281f09138d1955d09f629464ad334,evaluation
3809,b577bf492fead09a0622a0a320eb3d9ffc07670058a771382b1950f39283c05e,train
3810,297b0ca25c8c85a0565add339249513adbfc016183b36b9236a3da5677f87428,train
3811,d2a1cecb2620a6829b581b70b81e6c8489b9023ee186b7952d26dc03cdd56231,selection
3812,07865474134a008de7da925159b059418c6b28cccca12a4a6678e8e43a6d05dc,train
3813,9c3132e3f632bb20ed292931ed3b146fd6a1d0b50f095b189737094caec2fc8b,train
3814,35699922cdc066303bbd63f7ff9b7ee03b45edf6645eef777a46968425d602ca,train
3815,7502d79af13b75419f26477e0988be3c8b98cb00c624c3ddbbc79a468adf6e97,train
3816,420881519791da07cb0ccd7dd14695eee68a0f37da4083c3fb6d0ad2d1ffb5a6,evaluation
3817,176c168262079c3a2f98420eb7b9f41492f2c5b721b79552ce804eaf6e18fe26,train
3818,bef3b831ff587c26f43a286783b1bbfa12ccfe1c63178093f8fb87f80c5397f1,train
3819,bef3b831ff587c26f43a286783b1bbfa12ccfe1c63178093f8fb87f80c5397f1,train
3820,13777fb714f1b4c07548b276695fc960b6645c0b2f8402c5a15e8e32a4e52519,train
3821,c213ae030065f7fc505573037c79235ead2cd70ecf75a0add7e185cfba106b7a,evaluation
3822,179a1f033e20c37fe552628cf7c4e1867050353255089ea69314bb5f0a4eb848,evaluation
3823,71a7b1ed20c1d834a143910c84f48c7d9af019b65b35d52a402a5f8341fcec11,train
3824,ac31016a7c107d281254469496a0f05a7fd83127782854cb7b0972a62a7e5d50,train
3825,b564f9601aa0ff6486d9ef5b6617706382602eb7f45f416c0a1df4cb5f6f9fa0,train
3826,bef3b831ff587c26f43a286783b1bbfa12ccfe1c63178093f8fb87f80c5397f1,train
3827,670ab11609012843e9c399fdb1b491844d7edcee6baec233e0e80bdfbfbdb1c8,train
3828,176c168262079c3a2f98420eb7b9f41492f2c5b721b79552ce804eaf6e18fe26,train
3829,380905f27fb89dac7e848bc98ada11f5811ffd7e3f070ec7829990f2b625e593,evaluation
3830,c4e37ba2d0473ebcc4381eea351eaf59709e6f7a83ff1a5a36dd6fe541b449fc,evaluation
3831,8fa77790b45c973cedcd2f177bca80477bec642e62e31cad68db4469684b68a0,train
3832,8fa77790b45c973cedcd2f177bca80477bec642e62e31cad68db4469684b68a0,train
3833,eeb7d728f0e8d856c24da3098902612c24fcdef869d2f80ab0cb5de727b54e3e,train
3834,81ee391833815b654fe94e9eeebddb8c6be63353f16faa698278f73ec4bedadc,selection
3835,1f8f556eb24b72e012253677f5a7c97235fc15fd45b690fba8ed2782e5457e9c,train
3836,e0b83c4c11bafe943a8ebc91542b12e36cfb865998224232aa17c3f4264e0b5a,train
3837,e0b83c4c11bafe943a8ebc91542b12e36cfb865998224232aa17c3f4264e0b5a,train
3838,81ee391833815b654fe94e9eeebddb8c6be63353f16faa698278f73ec4bedadc,selection
3839,1f8f556eb24b72e012253677f5a7c97235fc15fd45b690fba8ed2782e5457e9c,train
3840,2b7ca3b3a81fa8cca22bfcc4a0d29fbbe3b346afcd958a3c12aaf980f85b8a35,evaluation
3841,0d058ff9f8aebf931c62557cd3d428a83f05ee50a85c7cd5294ebd05a1ae484e,train
3842,3117c54a75481e2ff39c5c4c81036558731e7480d53b8dda633a4083f2c48fb1,train
3843,3a7c6fb20a93144f1303ba4bd5c3b787bde3e8cfb23df46458a39cdfaefe5dd6,train
3844,2b7ca3b3a81fa8cca22bfcc4a0d29fbbe3b346afcd958a3c12aaf980f85b8a35,evaluation
3845,e9a811a2d7d5224d5b0b93a7783754f5470418413c078307d43f03ecac570db3,train
3846,29c62a5f6d0449861e67a5c9b52dbfcba78c415904535db6afdfc9efd2351289,train
3847,e9a811a2d7d5224d5b0b93a7783754f5470418413c078307d43f03ecac570db3,train
3848,1d002c466a18ef45fe32fdde7a4279098a2c94786a2ef4db57951dd620b2267f,selection
3849,a2eedd6af12eb4bae9010264ca2dd9e4d2ec578546d39b304a120ea2d5422bdc,evaluation
3850,29c62a5f6d0449861e67a5c9b52dbfcba78c415904535db6afdfc9efd2351289,train
3851,ad2c9e313cefe2f097acf7dbfd17c61c9c2e7b8d619ae294624dfd5bb81336ab,train
3852,444c5080826110882e7888c18c1901dc23087aa20f6f35372b6b548bd168d6d6,train
3853,42e310057a943a5f7179c6f3794f5c4e48d20effc33608d123c0cac12c8adc6e,train
3854,4fadb89e9c642b0af932678aa3535a614adc5ea8eba99cc95052dbe82e9f514b,evaluation
3855,9510dd25f9450c6dcd05b715910e9878ee28d34f457b8194510cd4385f0b2420,evaluation
3856,444c5080826110882e7888c18c1901dc23087aa20f6f35372b6b548bd168d6d6,train
3857,20017de89cad7c78a0e3ef8ee547899054cd3a5c35dbcad4784851bb25868a1d,train
3858,581557e9f1839f40af75b7c144eb30e9a75d6256cc138481b8e14e355873bbb4,selection
3859,87f1c002c914a6022215a24824d4d838ffe2d6685dfbe60c53665721594c6188,selection
3860,87f1c002c914a6022215a24824d4d838ffe2d6685dfbe60c53665721594c6188,selection
3861,99f4bddab6501f2dca5022ad3f8ccd12e4d95955cef38eaa066940ac2cf19518,selection
3862,91a7dad679a5454de00837ee893e42b3e75331a1eed9bc23015e4d82a685dd8d,train
3863,91a7dad679a5454de00837ee893e42b3e75331a1eed9bc23015e4d82a685dd8d,train
3864,c35b40e8b91f0389b6f2018df2619621e1533f80ad1bc7073ca071035f031d65,train
3865,276c00c87a237e747039fcdf41b90617d48bb3cff9c9853e79f390f4c9918b60,evaluation
3866,32b620a2b28c2381f9270e7a46e03d5ea85a60e382ff0468f9089cd69a8d61eb,train
3867,87f1c002c914a6022215a24824d4d838ffe2d6685dfbe60c53665721594c6188,selection
3868,c6a2006d8a8e689f254065ac69e8cae9686ac35c6075a9461ea254203bfb188a,train
3869,99f4bddab6501f2dca5022ad3f8ccd12e4d95955cef38eaa066940ac2cf19518,selection
3870,2f1a0769e0aabfcde0992ae568851c0151eb953adf89754e675e89e611d6917f,train
3871,91a7dad679a5454de00837ee893e42b3e75331a1eed9bc23015e4d82a685dd8d,train
3872,548bcf437a1e6448482d5dd0c85d6f7d9fa2673cde052b8a6adf414c8ea954ba,train
3873,ba39488a47f1ae84557f72c12f63ceaec614ad0a18d7cba8cd08b571bb080302,train
3874,37921dd052d5780d983593825e192fdbb84676cae7c63b5acd97c4c01d1d7ffe,train
3875,d3041506e90bece4a5729b79655a9d9745104b649cbfcf770e0be1bd8a54d856,train
3876,da93fc163a1332ee34d9b3d7760ad49806c06b7bf3284b7b370a492c40ed34bb,train
3877,34100ade35bb9965e992fb27f6c71dd3dcda3833426d2031a6c2d034009b3926,train
3878,9fd482ced52b33b3753cb219ad6b1a2b186430044563826fff0fd9b670fb9f51,selection
3879,20d0f8d0e1141d4d29785f0e0c4cc37ea21c931dae18a5590df73db2f70d332a,train
3880,4578a7ed0145037d17819af778c5f51d61bc3263024797d08c6b0fb5041db022,evaluation
3881,4578a7ed0145037d17819af778c5f51d61bc3263024797d08c6b0fb5041db022,evaluation
3882,5c5232461e967667083ddf7a42f6ae22fdf8451dc097c00b5b02432e13f47467,evaluation
3883,a0a838551418948bcdd35be79ba9ffacef9d603fabbee9596496128c528eaeb2,evaluation
3884,4578a7ed0145037d17819af778c5f51d61bc3263024797d08c6b0fb5041db022,evaluation
3885,3809dfa562ba1fcbb1d6f4097c39f84de7a3bde985ac023164987f46c255a34a,evaluation
3886,a0a838551418948bcdd35be79ba9ffacef9d603fabbee9596496128c528eaeb2,evaluation
3887,3809dfa562ba1fcbb1d6f4097c39f84de7a3bde985ac023164987f46c255a34a,evaluation
3888,4578a7ed0145037d17819af778c5f51d61bc3263024797d08c6b0fb5041db022,evaluation
3889,8a96c58da085e52d754c57d71b28ee7f09e9c2a903beb54375135bb5e89e4e97,train
3890,56a1153a53b90ebf1565548e0c30fb52993c4114240c70d28b0741dc2a013362,selection
3891,5c5232461e967667083ddf7a42f6ae22fdf8451dc097c00b5b02432e13f47467,evaluation
3892,6c9aaeed2f07a5351076635895c3bcda303c1db7e808fc4d9a318949b75a7a90,train
3893,7ad5804b5da0b1aa4205429a89805a7ea3c07feb6742799c2e1f75e253c58e02,train
3894,bab698ce080d29e21f86f265e3e8704a9abda56766782c4c139d586d3d340d32,train
3895,768a1e389b0f6a65f639cb51310e198596aaef83654df49f029842d1489f0747,train
3896,31816854f3fbc14ede665b3782c2e52a4cba2c8308bf4b79ca767af47346a65a,train
3897,8532bfb3af7cab7c3585cab9be51c25f225efe4da3ad7cc357b2f355a8d00b39,train
3898,fb900ae7c3c958f0f251c7595baed454e4fa0597bd72993d72d34ffb12bc4e0e,train
3899,6c9aaeed2f07a5351076635895c3bcda303c1db7e808fc4d9a318949b75a7a90,train
3900,7ad5804b5da0b1aa4205429a89805a7ea3c07feb6742799c2e1f75e253c58e02,train
3901,89a9afba553874353e0500d9ab8aa819166dd59ae03a730e2d32a8f863e1aa90,train
3902,895a7affca29d8830124a03bccc87157d719293dc87585bdd4c7f38956ff8210,train
3903,0eae9fa3f702fa59041a2954328ec553c4cd2be9bddeb8bd4a2bdd925932ddd6,train
3904,b19c13232f2b12e5c60ef599826d092fd756c511da23d8365c79e783bb185741,selection
3905,7fab4bc86db6669631aded4b506603d8db8f82e50b9b2d6c50b7db8bdce11e81,train
3906,7fab4bc86db6669631aded4b506603d8db8f82e50b9b2d6c50b7db8bdce11e81,train
3907,57f38e307070d236a60d165a329dea2d1da3bc35f26523cc2cc855bdca5ff572,evaluation
3908,f5df968b79ef696dbd5c181f18a9e6811472698ba70efc0aef16624a56e43812,train
3909,f5df968b79ef696dbd5c181f18a9e6811472698ba70efc0aef16624a56e43812,train
3910,157870e2180fd3799493193916101e7e306cce49210c0df3f8b2368cda70823c,train
3911,f5f7d0321f572d808d76fa1a7d4ee2d70af1744ce31db363e1c3e345ed33bc79,train
3912,7fab4bc86db6669631aded4b506603d8db8f82e50b9b2d6c50b7db8bdce11e81,train
3913,d12012f998976ef26ac408752f6a96752cff54d88086d5981002f0930f825ce8,selection
3914,f5df968b79ef696dbd5c181f18a9e6811472698ba70efc0aef16624a56e43812,train
3915,aa9ea2ef1b30f7952ff845b5457d6f7ada5d8da8e8a3a1bc13f9119a02361230,train
3916,157870e2180fd3799493193916101e7e306cce49210c0df3f8b2368cda70823c,train
3917,c04d18444faf66fd74bbc03f4d68c68ecd074896d8cc0538fb29a0afffb977d2,train
3918,1eb790716bf232a90f0ee620ae91271823c5a1add87ee13ab6a463b9bcf8ac0c,train
3919,2538a694cc85ef6cd65b67994a4b643d074defa20c0af3c58a9bf2eb66d9b8b0,train
3920,59fccb0f5cba4243fc79ce3e407b7b8493ab79a5259ec0396ca3f247df61d3e9,train
3921,529593febc97d35b079aa241a4a6a736df98c681b0fa8093612a7fffe94d7383,evaluation
3922,57f38e307070d236a60d165a329dea2d1da3bc35f26523cc2cc855bdca5ff572,evaluation
3923,b7e137cf680199f7626f0940497edbaf2229bff9be3b4d1b4bab2fff7fb61704,train
3924,b7e137cf680199f7626f0940497edbaf2229bff9be3b4d1b4bab2fff7fb61704,train
3925,b519ab336a7dec7e09b8e3f5ad37c734e2ae72192290db9360a745ed7fc2042a,train
3926,103a6c4ee09fe719e6d084efebdac3728b648e01155db46166baf778a5538fc7,selection
3927,1358a8c916fe635a02497fbb88dd57a2d58aa19740117966d5a735ad97b7c772,train
3928,3249478b44dcd7edc47bad009ad7ed5c6e45f45ae29ab2a5e2a90bc499d98759,train
3929,3249478b44dcd7edc47bad009ad7ed5c6e45f45ae29ab2a5e2a90bc499d98759,train
3930,8c281b6ae5e42cdf9e7f0c10167d64ecb50335f7f16e43a25a48564eb136af06,train
3931,0d103ec55c676729f9d221afc54d7fcdcfca4dcae5738fc28e8c0d03b3487316,evaluation
3932,fb1189cf7612438504a05db1cc3fd691f2f35816f41d90bf7449d0023f86be23,train
3933,33ed6102c8544238cbae1651f6af11775f770be7927256a5c02ee2d9f1827f24,evaluation
3934,ad9cabe678b3dc525cc0f956e011ad87b989f505c1b665fc2065676da489eb4f,train
3935,e31008890fc35d6211c9bd3f561f5b162052e28c2b1f2bf805509d5d647d6ea4,train
3936,4999988b347de610014550e501e2a72005e15d6fef5ecad3b8e40eafb3aa0c69,train
3937,4522cfb1c27d852dca4778eef51dc07609d01c65829dc2368f749a42c1ee99fa,selection
3938,002c44a94146f0fee0a1d1702cbcd572505aea5c3570b51dc044b1249323b594,train
3939,cdffaf450162a16a2cca08ebd935c9743914b6d55055b17627f58e3b70043be7,evaluation
3940,68351f531c70a48c40d571b9b4ad2e9763f626d3802477da5f301a18db1f69c5,train
3941,9a72c9e3e970aa6b71cf4c90e11b82d8965d3577dc7dfd7d5f07bfe394c05cb6,selection
3942,2a232040e2e6bcb100a1fc5c8d9332f49c2bdf76ca63e60a3b838e3b3c881bd1,train
3943,3d6e3b205cc593333b481aa1e7cb2912bdc44689e088f1d72c873cdc9356efc9,train
3944,2f8b784e4213d1277561dc8e6848b3ff143d1ef7eb3c4f3cee31387dc81977ee,train
3945,cdffaf450162a16a2cca08ebd935c9743914b6d55055b17627f58e3b70043be7,evaluation
3946,2b3a65d8c3b36e393968b55f1c8ef45e3020ddf4029b443e3098d10c5e7bf641,train
3947,9a5057bfb3d7debe9211ae8e8a4ab02a097a7bd7b64e212b49b3e00c7851ed85,train
3948,c31b9016df9591abb293d6169846567391e1933be92ca2ab6b8e8204339d6fee,train
3949,68351f531c70a48c40d571b9b4ad2e9763f626d3802477da5f301a18db1f69c5,train
3950,9a72c9e3e970aa6b71cf4c90e11b82d8965d3577dc7dfd7d5f07bfe394c05cb6,selection
3951,a70802a573feb57e58d98ea8900fdcf62f87a07be2f88bdbe5fa9c29a74343db,train
3952,f662e41733b543ab53cc6811545d83d84f4ff9df308c5cbf8d836670dc4bb7a6,train
3953,3844e7cd6f947b1027382ebbd9f9a12c03a6e22dfbbd9897fed437270ae97646,train
3954,a70802a573feb57e58d98ea8900fdcf62f87a07be2f88bdbe5fa9c29a74343db,train
3955,f662e41733b543ab53cc6811545d83d84f4ff9df308c5cbf8d836670dc4bb7a6,train
3956,e378a1a08b3a1205409c25d81bac203ab0f5adfb338fc15edd40eeeca78fba09,train
3957,9ff7d162ca82095e0c74a38dc8ec1a008ec685fe441a64ee7741a21c4d115eb5,train
3958,ac66d94fc9615f26f9a37711657495de42533ef821c643b3f3a5d3e93d516ca6,selection
3959,ac66d94fc9615f26f9a37711657495de42533ef821c643b3f3a5d3e93d516ca6,selection
3960,5286499fda993a2563f40c76ee9265664b8ce7fe829957b5096ba6db8de5298d,evaluation
3961,a79302341848f93cb81da8b8e5391bb87fcc496eb33b7230d422a0bf469b581e,evaluation
3962,9f922bc636cef46a940001ffc37cc936afbfd88021a3ae0ce31b6b7898424d51,train
3963,c4c77a85609d35d37c322bcf907316f82efcdaabc171bc3bf546af269673b9cc,selection
3964,3023d1272b6152fc29bdd66a04a678310c19c7a9afe31b5f981886721f1f83b8,train
3965,84beaf2d0fa1464381e62aad2059dddd6021a1129b61147b742bdb4ed7ade0a3,evaluation
3966,2d09773cf7f4ba1f486519612184565e0b0ea73cca2ba961c9870e727a852ded,evaluation
3967,d9628a38741d9dac1b5347ac34b93f7c46ce4978c5b9f662ce5d40362e1064aa,selection
3968,87a9e0634a3b301fef52da9db6be6f29fb029680861030e034350c4da12d0ca3,selection
3969,73aaa3b9673a012412340ff13b8706cc96962208f590f43992296cc7c1d677d7,train
3970,b5c5c17da373e1ef5a936f29e91a70278fd32626f2248f3caa202ee8098de514,train
3971,73aaa3b9673a012412340ff13b8706cc96962208f590f43992296cc7c1d677d7,train
3972,c3704eedbd59e3e26304f98601544e80b6913e5b084d275c3f33702931fa20f0,selection
3973,d9628a38741d9dac1b5347ac34b93f7c46ce4978c5b9f662ce5d40362e1064aa,selection
3974,87a9e0634a3b301fef52da9db6be6f29fb029680861030e034350c4da12d0ca3,selection
3975,874fbe4d3b0326f2ebe5f876591bb9245a5757501f8077b56046c040637e6a70,evaluation
3976,856d6c91f5d0e5981c81af905c94bc7da238c6745d82c9781bf657ed8231cbf1,train
3977,824db9a65d67304e57c2c0295752a2d2e1d7cf008613fabd45380aa7271d1baa,train
3978,cd62fccca665afeab5d9a90e5b5236b7f21f2bb4f6a94c0c03f75dbcdac930b4,evaluation
3979,a07bb68abbedf5089a8b915fcc6fed5c9c3e9bd7712025c07595fbb1eab199be,selection
3980,bded8e0ae7c85905aca43f2e9edcbbe182af2b69269f129a9c3109ca6d47faf9,evaluation
3981,956b4637b056ff5b2f24a03fc05dc34a131d40f634e3511ff2f65e184bf044a8,train
3982,874fbe4d3b0326f2ebe5f876591bb9245a5757501f8077b56046c040637e6a70,evaluation
3983,b9f4f271b500b60491892e0c3639d4f488daa6546c1f216f3daf1ea5f57748c6,selection
3984,856d6c91f5d0e5981c81af905c94bc7da238c6745d82c9781bf657ed8231cbf1,train
3985,a9543af420b80d4bfb33b079f764f59a4b8de0fdc9137ad344c891122bbf7bc4,train
3986,a9543af420b80d4bfb33b079f764f59a4b8de0fdc9137ad344c891122bbf7bc4,train
3987,d525619fcac065c649ce13214fa9f90410de8bdfb8393ee73682e1415ff2d28b,evaluation
3988,319d802272ee42b65c850c3568862d1598d6f1af374d364422e2a43ca0f1496f,selection
3989,a9543af420b80d4bfb33b079f764f59a4b8de0fdc9137ad344c891122bbf7bc4,train
3990,d525619fcac065c649ce13214fa9f90410de8bdfb8393ee73682e1415ff2d28b,evaluation
3991,907c8669c18a5dc9ce3c86ce17b8b658765ff77674e913a222d08019fac21b20,train
3992,73e73afa6fe5ed7fd5af092c1da6ae5f0812ae93be996276007a91ae0a9c5256,train
3993,9ac11debdc3a7d2cded82496518df75e6e3ea034bb13e9d9dd5ecb42a974c70a,train
3994,9ac11debdc3a7d2cded82496518df75e6e3ea034bb13e9d9dd5ecb42a974c70a,train
3995,a507dc2db3479aa4720f36209765648319b81b15002a88bc5c6009566dd9d22e,selection
3996,9ac11debdc3a7d2cded82496518df75e6e3ea034bb13e9d9dd5ecb42a974c70a,train
3997,c27d1b1c6fcaf345a5a074d68faff18122304cdf6a2db94808cfd184840191be,evaluation
3998,e6cb969506d9709ff74d0d6b69b0a42ed793f2e4bd3f034e681e7e73308c5052,evaluation
3999,e6cb969506d9709ff74d0d6b69b0a42ed793f2e4bd3f034e681e7e73308c5052,evaluation
4000,e6cb969506d9709ff74d0d6b69b0a42ed793f2e4bd3f034e681e7e73308c5052,evaluation
4001,1a629ce4226d76e05a6eb5c19a13957fd35a7f90fb1356ee66106050fd605294,train
4002,dc7d85a69d23cd73113539a9a09ca3994b208fab17fa3f6c5fad83e27255b4ba,train
4003,5625b050064a31f82ffe7b7ad388d5540662252a2e1d7d2e1449b3fcf8ac29c4,train
4004,06042a077470288a5c105e2f2e94d4d8749372fee23d38111e9f23752241ad00,selection
4005,5625b050064a31f82ffe7b7ad388d5540662252a2e1d7d2e1449b3fcf8ac29c4,train
4006,b08deb803adea73826fb3119f2d7454cadc0d900d43ae8ae2eb5227384f5708a,selection
4007,1a629ce4226d76e05a6eb5c19a13957fd35a7f90fb1356ee66106050fd605294,train
4008,dc7d85a69d23cd73113539a9a09ca3994b208fab17fa3f6c5fad83e27255b4ba,train
4009,566d49e73523bc07bd7514cecac44bea424d0d54e09e9b69575f7d93a7992d77,train
4010,94c40bca9093dd30bc0ad0808f9f76595dfa036977bbcc77bb66d8e6730a7007,train
4011,c27d1b1c6fcaf345a5a074d68faff18122304cdf6a2db94808cfd184840191be,evaluation
4012,e6cb969506d9709ff74d0d6b69b0a42ed793f2e4bd3f034e681e7e73308c5052,evaluation
4013,17dfe785adcb273b16f8c52cc91f0dad0f63c146523a9f8a35129c347ab9902e,train
4014,fb06d1968711da510c9af81994a4a9fc45fccd6aa283c0135b68bea5582f93b4,evaluation
4015,702600cba6ec4f88ff6cdca72f03a32da66a14a91b4f3bb4011b1f18fef9e1b5,train
4016,67be3993c301a4b67e067e777794ef9845d407022c3897484941cf841067f1f9,train
4017,ea1a5cd06826ed7e4b5946ef03b2340fb24ae86e2ef85e0472ce4d56d35d5cda,train
4018,255b6bcc8281a06e2d7d7660ee697b5bdba8e91f0451bbcafadddcbe9b6fad55,selection
4019,702600cba6ec4f88ff6cdca72f03a32da66a14a91b4f3bb4011b1f18fef9e1b5,train
4020,5a71940d7205d2bfd3e080dc71fa82488963e405e62358ccd3e065912de42571,train
4021,ff2570357426923bdf0d572b35148fce0e73fd693892350272da5204070c4427,train
4022,67be3993c301a4b67e067e777794ef9845d407022c3897484941cf841067f1f9,train
4023,8a0dfd9cd50f446f4d30674a4a5de68c9404187470e71188028af0a5c67ebd74,train
4024,2db666763748bb6fce1fae8fd28e1dc03138337d0f07313aab7aa079af164536,train
4025,fe54d688a300ffdd4c2b8b0c1b270afc5cebd181e0f806490d727fdb70aa5ec8,selection
4026,8a0dfd9cd50f446f4d30674a4a5de68c9404187470e71188028af0a5c67ebd74,train
4027,4c26b97a0166abcd86cb46d2d6c93966808ed5436a9eb98529304ca05daee698,evaluation
4028,c367f9853a8c748a8a83d2a9c3c50fa39a6f75a479473001ad38ababdc6f28b9,train
4029,0a54b6de7e4014a6cd0e67cd8254f8e9f29d163abd7e8237a43321ba4922c78c,train
4030,1061abccc03be512b39f0f0218dcca37b3787d0e848ad389ba6f85f04183085d,train
4031,6d17dfb2a0416ff30e24727f9e883358f801622b52d3054ddf242070033ba9bf,train
4032,f368094c44b14de07130b3a5a590c2dfa3840298276ea494d80dce418679039b,train
4033,e99143004a0e54bfed5e803f082fa6efaa2b6ae60d007c40e50c7d5e32c4d9eb,train
4034,f368094c44b14de07130b3a5a590c2dfa3840298276ea494d80dce418679039b,train
4035,727d32751fbeaa1358aac394c43544b2ac6159f5d3e237296168cd0f991dc376,train
4036,efd9b7ffec6aa567e1043647c876acf2391a7f779afea2dc860478dfe3c607f1,train
4037,5fe134c2647d401a3fc894da08a99d2961ce74485592e7d7f61a96b90f3069b6,train
4038,6d17dfb2a0416ff30e24727f9e883358f801622b52d3054ddf242070033ba9bf,train
4039,3e9e78a91261b10d942cafb05fca26a1d7e4536f5cdff481284e45c9d5dcbbe9,train
4040,d7b52f4d8f29f17fba40e4b33589caafbad4b9310b69576c23b4c87ca7e20eef,train
4041,6b62a91f00992da87652a4d61a257f20a0a455e3e947b3feb78c8cc85d102c18,evaluation
4042,0c28281969379d9fd4932626dd5d6626e34e6a4ab7092d08108bc12df2df2757,evaluation
4043,0c28281969379d9fd4932626dd5d6626e34e6a4ab7092d08108bc12df2df2757,evaluation
4044,0c28281969379d9fd4932626dd5d6626e34e6a4ab7092d08108bc12df2df2757,evaluation
4045,0c28281969379d9fd4932626dd5d6626e34e6a4ab7092d08108bc12df2df2757,evaluation
4046,c4c69ae0735d0e98653a3ca0f2845cec75b4511628f0dac640e546fe640dc029,evaluation
4047,ae3aeba874554e60dc990a20388e6f372f5dede67a40e7fab408102779fb353d,train
4048,ae3aeba874554e60dc990a20388e6f372f5dede67a40e7fab408102779fb353d,train
4049,b2dcff1851aa87b321c6e3711276ece1ae9936156931f1f03905f0636ab377d2,train
4050,0c28281969379d9fd4932626dd5d6626e34e6a4ab7092d08108bc12df2df2757,evaluation
4051,706d8d4b6fbc04672eff87197c9f3d1cb3951b3677fb7df836952cd02ae52b92,selection
4052,6b62a91f00992da87652a4d61a257f20a0a455e3e947b3feb78c8cc85d102c18,evaluation
4053,0c28281969379d9fd4932626dd5d6626e34e6a4ab7092d08108bc12df2df2757,evaluation
4054,c4c69ae0735d0e98653a3ca0f2845cec75b4511628f0dac640e546fe640dc029,evaluation
4055,706d8d4b6fbc04672eff87197c9f3d1cb3951b3677fb7df836952cd02ae52b92,selection
4056,05b65a495ff2db34297d56498f086c6b1eeb3164d20ef3956b754b7f521702ff,train
4057,84ec8f577da38dd84c42d6a981d1ae1ecade9c4a8ad89a23759c2f2f6e36fe66,train
4058,ae3aeba874554e60dc990a20388e6f372f5dede67a40e7fab408102779fb353d,train
4059,b2dcff1851aa87b321c6e3711276ece1ae9936156931f1f03905f0636ab377d2,train
4060,4e4d5f9a516d00fc4a607ff7adf63c45ec790412d58c75afbfa398012b8b839f,selection
4061,4e4d5f9a516d00fc4a607ff7adf63c45ec790412d58c75afbfa398012b8b839f,selection
4062,3ef0c9d7a6f9ce51392c62ffe3955892011842610d2572a1e87c5deff6741319,selection
4063,cf6bb9870bceafba39c5a52ba67e921c52a6bf3ca84c483c45677a013edbac21,train
4064,9a9077a62a2746f623a938f100dea2ca5894503e7779838d4c6a7eebdae9406c,selection
4065,4f267dada6f82c3c5e07a6077d8d47ef94228b71a0452c525a46447a8f5974dd,train
4066,0ec593abc933032606f6324375c2bd8462365826accd5591f271dbc445561204,train
4067,be71e2969461a89757e18074a6cfcd8e2507ef8bf770e25e4b90e21b48fa2a15,train
4068,0ec593abc933032606f6324375c2bd8462365826accd5591f271dbc445561204,train
4069,ebddc29b52ebf2086bc4310d22f95b02676ec0e96328804eef02a33568d3331c,evaluation
4070,b5105575a7ad097f4d476fc99f93d1bc721e290a0042c07464bb7a3a69e8f95d,evaluation
4071,201b72349d245229d52583b60dab4459ad4b1e41e84886c2f11f45399cae4ebf,selection
4072,b44ed9843feaf1ac0b460b557fb7784579db423d44d5e1f1d21776091d1c43e3,train
4073,f339cde1fbe8950350c05bf13efc99778802d62d90046abe722418bae531b35b,train
4074,5f1263aaa1c4e01a5869b111646e38d181ad01646ae23ee3b195dc5a2eaec56a,selection
4075,381904e4e5e09f65ed89acc45ca1088199bac294eca5b89b28924611fd381fcf,selection
4076,6ca468746a35691119b48a5b793c5e2783a9a50a26fd815233c00be6a44e4f24,selection
4077,93e8d6b267a6a7806ba8892cf7776a7d7ed67173b120869da677f1cb95ca44a9,train
4078,7db3fb34b6bdc5a3ba3a336cbf4f9daad6e2d21ec1a9ecc9fc256e98086f74ec,train
4079,0eae1afb68d31887fb5c867b6264f26e231aa49f047da06c75426615e571176d,train
4080,c9f57a522c1916ac36c60340a41de3b48524359d3d192d1929225f88fd189cd2,selection
4081,2f8dfbcec3b4cb28dca1ec0549280e037fae1d5eec3b7eb40942a3150423dce0,train
4082,9545ca9523b280c5e7b16d2c57491f17bd2fb877247a60fcbdd8ce61fab14598,train
4083,0b67fe95d77d69091ecf702baecf82188720cce583c2d53693a42805fba600bd,evaluation
4084,b35ddf23662b10f787628eb26caa5c30c1989d9374110fdaee0c8b9a9300ba15,evaluation
4085,5b666d926e76e6d6a99afa3a06773c391f795efd81ae7470b714329202c16eae,train
4086,fe43eb6eb6a2ff10d30ec9b0f03f76761ea5ced930617c905d0750e6de843868,train
4087,a79abae89251c7c0ae57aae031b3c5fa200983a921d7ba0d7a9a930835677c8a,selection
4088,04d5100c268c8b94c950ef518111c650d57a25b1adb58faf248507d11f3fc499,selection
4089,507a27e966a857e03a850d00e7e68cc44c6053e4eb54323ca0b2b2eda4165d2f,evaluation
4090,14ea6b2efa570d94950ba1a884b454428bdc3da9e30130dfdd78359db8b3eff6,train
4091,81a5d1d2b83d6ff6b9d6e96eeae66c1c39ed9ea2e3e0d93b4a651ae8dc9f1bc6,train
4092,96260efca322649e05e2dbda561d6bb3127fa7e1d8879f8cd85b758677ddd9d2,train
4093,b02ca94f4a72f94559b65579778584a6ee29dbd0e67e897de486297c261980af,train
4094,b39f8ce9b0fda2859f0f4c0dfba0d5596ff07ce86ab074128fb64cd2dcd6c941,selection
4095,b02ca94f4a72f94559b65579778584a6ee29dbd0e67e897de486297c261980af,train
4096,f078f6c3d3fc9c45cdc74d403c6148ccaf5311dfb96df458bf8930a4afd04d00,train
4097,81a5d1d2b83d6ff6b9d6e96eeae66c1c39ed9ea2e3e0d93b4a651ae8dc9f1bc6,train
4098,19f92f99583711136943c237e44685117b8d8458b418d29d2bd7a4975068caef,evaluation
4099,96260efca322649e05e2dbda561d6bb3127fa7e1d8879f8cd85b758677ddd9d2,train
4100,650ccc3fafe4cd6ba95d963edd753f51d5c88d3e8189eb56e79dfac1a47aeda9,evaluation
4101,8bb965acb9e65e7d72adbc1bd6fb8dfb4953b115dc8ff3845fef41e1840a53d4,evaluation
4102,8bb965acb9e65e7d72adbc1bd6fb8dfb4953b115dc8ff3845fef41e1840a53d4,evaluation
4103,02946944af5cce19d2ed2187563709b96562602f9ff62e2d70c02c23e047274f,train
4104,1f13a49680f21d4e2d11c76be7179eefd60e71ed87fea6384aa0e41747400bcd,selection
4105,92b089b3562d21489bf66d00827ce0d934cfdf121201174714e9b87e2c01de18,train
4106,64ecfa3070bc9703a41311cc18ef8a404d7ed48c51bc804b71d3196096e6f6b4,evaluation
4107,d99cb88696bfe81b37f96c086f25f2c156af82b14d8ca72da729abaa93a4c7ba,train
4108,69fc40c74f29d26fc0776f1326f4f0a34fd12e4ce5594cb2a9eba760f027f1a5,evaluation
4109,760e5c42de2a1837a588163ddd6cc2c59eac867abe6f8f6d0b250bba0983974f,train
4110,190840e34ad2b4bb0392e3c12faeeb6d7716f0fe661de12b14adc22f7ca6deda,train
4111,67d2171467f152f416dae5768592d4afd016a50bfde60b956d6b5c00f244ccd7,selection
4112,5a0b62fb59b67070e3fb5576d86863f036664fcfdfa6da24bc15bfd8487aa32f,evaluation
4113,d3e4098d6d151566e729ab64ea912fb5a27828e3b2e90e7ef2fb9d2f1a2dffa6,selection
4114,f58c1950bda7f5306d6b72f518c5c8b6e9de142516d0825077b2ff9025d5855b,evaluation
4115,bf07320d655c789c327fb03a35d1fc4e27b5e15610cfdecfd4948e34e9a2fddc,train
4116,c2f448a7769ec540f4fe946ed52567d58df622cf635b1d11b3f493d5ff42e667,train
4117,c2f448a7769ec540f4fe946ed52567d58df622cf635b1d11b3f493d5ff42e667,train
4118,c8b17281faa4e5b779228b48e9d449d6bd00ed6caf495c5fd3e8d83eaad2de12,selection
4119,7d01a83be3b99a47077f383c31537d6a0f30557ba763c326f953da08b9229060,selection
4120,3e7ec07c8f9d6664749f74d0506253efb529bc182b5c77ffe20f18c1e4c5bb51,train
4121,2246e6b38bb5a60a5a09d12d4b02d88af8dfea8c212fcf3a219b6a63bc206073,train
4122,76267b022d944bb17fa3bc2d27edc39b6a2896fa850ce40b233065d7edd13c78,train
4123,1589d7856c9cfa46aea5cf668b58515907cbcfe662534511503f7033de2a2137,evaluation
4124,79738bb42b4ad0ce896989a0be6a3d6bbb2d40965ea7d11e4b2c684d2837b62a,train
4125,0cf26af9d450819c1801a8cf506f5dc0a96f6832343397999888ef1bdae1bffb,selection
4126,7c289b5d4d24a5aae68a4639c3df02995ea630bedac32fb0664acd42194096b3,evaluation
4127,eac55235c4bd2958266b1454618a323d1cc172aedf7b0af7287ef7c5ade9ee46,train
4128,d2e5ce9bd6e3da67a3a16e8956ec35c4b49cab8b30dc221ddf840cd318fb1cfb,train
4129,433cdf98f7db5e08c148b36157ab0bf9508e31971ad9e9bbb9538ec69a47ff96,train
4130,1db58a8a123f54b25a34980e0559a855dced118bd0b10d924f75f3bada564f0d,train
4131,5d9d3c99305a8fcd91cd7207cd7ef517513f18ea76711daaf174236813d356d9,train
4132,5d9d3c99305a8fcd91cd7207cd7ef517513f18ea76711daaf174236813d356d9,train
4133,98f26d566c99104e8fea8051ffc8cac10201b1bd927ebc147c53cab1032d942e,evaluation
4134,6f4c95e40064e40ea837b36c7bae2a8ef8c37d0bbaaecf1c93725095b9fdfa2b,train
4135,8ffb6c76637f5bd87f2867570f1d3414d2b37959c8f2fcb891aa6e4a56c50d63,train
4136,717e494af214ffa7bd46a7af09f471281bc2d51b6befdb4b72cc408f1ef63b22,selection
4137,5d9d3c99305a8fcd91cd7207cd7ef517513f18ea76711daaf174236813d356d9,train
4138,06cfb8541edd8b09a4a19974b15fa882e361be87245075c1377afd9f5dddd4ca,selection
4139,363145e9c0f8d6bf0b28d1cdd4b2540dab3e7e2de9f7c6a5d3e386c239266b01,train
4140,07693e556e9afbcec4eed4c8b9c6308247aff39ea78cd48d1d0e26fa22812d8f,selection
4141,07693e556e9afbcec4eed4c8b9c6308247aff39ea78cd48d1d0e26fa22812d8f,selection
4142,95ddc9c2579cb86baaa30f2a33c6e421b36af6586eeb91e3f747268b4d518c8d,selection
4143,260241795fdfc39e728f2fe66c5396ef2d39df5bb7b5f83a988ba7c8f26d5855,train
4144,07693e556e9afbcec4eed4c8b9c6308247aff39ea78cd48d1d0e26fa22812d8f,selection
4145,0353e3b255008749929040226733869c1a95b3ec0cd0cf50ef215f2a524eb6bb,train
4146,f6dff04db896d66ee8118d9e189fe8991156b238aca9504ce31aedefdf1e288e,train
4147,363145e9c0f8d6bf0b28d1cdd4b2540dab3e7e2de9f7c6a5d3e386c239266b01,train
4148,f4e4f85e1c566b875398eb0b7db9c1d02364036083f3a3fbe13a2ece79d0481b,evaluation
4149,9cd6b94025a088cf53949b63340c9c6b3e3d5759972aa73e337e766f7688e86c,train
4150,19e314a9a01236769e75742a11a6b5ecad7e35f05bc020c8dc0165c2f2b5a1a8,train
4151,eb01b85a091c1146a3d7596ba99309a3a0b2ae8bf3baab5160c47bd9b5a7f21d,train
4152,f4e4f85e1c566b875398eb0b7db9c1d02364036083f3a3fbe13a2ece79d0481b,evaluation
4153,1ed433971500c857d980a41e77009571c6337fb9257db5d63c84eaf072d0b21b,evaluation
4154,e098d7aba690f7435e4f2c12befce077c4811e894d1958afa588c0b8c1824017,train
4155,1ed433971500c857d980a41e77009571c6337fb9257db5d63c84eaf072d0b21b,evaluation
4156,b8d0ca40528dd70dd31a5a8a784b9ebf5d2eca80f0a8cf2eb8fb48b46ba85a18,train
4157,6cf2caa3c442916b4df36d1c6d0dd1a7b26543817420f87d9d32e004047fcb3f,train
4158,6cf2caa3c442916b4df36d1c6d0dd1a7b26543817420f87d9d32e004047fcb3f,train
4159,6cf2caa3c442916b4df36d1c6d0dd1a7b26543817420f87d9d32e004047fcb3f,train
4160,6cf2caa3c442916b4df36d1c6d0dd1a7b26543817420f87d9d32e004047fcb3f,train
4161,6cf2caa3c442916b4df36d1c6d0dd1a7b26543817420f87d9d32e004047fcb3f,train
4162,6cf2caa3c442916b4df36d1c6d0dd1a7b26543817420f87d9d32e004047fcb3f,train
4163,0d4afff57a37a19667495c8d1faa59011efed7eb0d7eb9d191d32fe8493f758a,evaluation
4164,5c389db6940c77a65d0a09b3233453e71fd15cae0dfb0995c1332f1146a13551,train
4165,3d5f153a2f7e09f59c52c533621eeb5cbc1cf6c81e5becfe291dad661cfba527,train
4166,483807c4eef3954a66ac074219dabaaf1daf008c591c1f515a6d49d503434312,train
4167,8af3aebd6dd1d9a31f7ba43d8f71b2224b67c5f07d871c4548e74ae3300911b2,selection
4168,18c18d74284169aa1746c4e73ea17f820bb73f9fe8b3ebe7c91e669ba75523a5,train
4169,d8b58e0f63858534b6b2ccfc8bc3e6c8df64ca278ff604acf4efe0960df08e75,train
4170,6cf2caa3c442916b4df36d1c6d0dd1a7b26543817420f87d9d32e004047fcb3f,train
4171,f7ccb8eb8e77ee812c16ba3395cc1e6859c74b36f2545ff57ddbefdb4243f970,train
4172,47ed94f7a7ce9db8cbb3ea0f3c3793e1bdac05c6a8f0662171a59e4c74de04ba,evaluation
4173,1c0131af7941407610a3b7d26b4ddb1fa8f10472aa1eb2499cebd7081a2d80c0,evaluation
4174,6f3d8e4b30d797d86128044a80c180c6befbe252f2a1adf509bcfa5590dfb506,train
4175,4d2f7bf5337645d00bb32644d06a40dcab74e6b685b96b4cbff87c4d67e7c6f4,evaluation
4176,a6f8abf9d5cb4648a3546ef86c477c690f735d941d4095ac97c4f66cad5a0940,selection
4177,a1ec1549f9f7693dd8703a3a6b51261f094436221747fa18916b3ef5aeec5407,train
4178,da38b66099561980251ab0e7651f5a19e30998acd96988b774be96f4be27b6e3,selection
4179,caa04b868ca9285b5202bac92023ab8fe71cf624b3e31e2a35c4bf144a27112a,selection
4180,eff6019076bf8834e2686861d7b93f88ad452f9f00c453d665ac24f89aef6154,evaluation
4181,59b0ae6f65f3608682d914ac294150d584c516bbaee000c43035c2ff7f33c7c0,train
4182,58b9b2252d8b01697bafe4f60a4a6d520e7f74f06e417ed3e89feb6182abd95b,train
4183,8c9eb0deaf9267a95cb8193bc7346dba79a5a4cb01cc1ea700ea1e1a9e33587c,train
4184,97ca3f6052ce370d8f45aa2259a52cff03a3f53be0958d9852f1f24a49e6a54c,train
4185,caa04b868ca9285b5202bac92023ab8fe71cf624b3e31e2a35c4bf144a27112a,selection
4186,bac475e42e64f667dc691bbdbf03266288006bfe255a848342e6bc7ed7c2c401,train
4187,efc114e9646ee6958d2c64700ec978c4b815317313aacd9bfe00ae0759dd1180,selection
4188,86b451753dcad3bb3e51fabc91655962a1280b0395ac9011423c18c55773f7c0,train
4189,9981206eb7155a3b72bfac3f563df85ab3106580fd3e5abd9fde3e8229a0d411,selection
4190,13dd8529843c2c62a93c19d9e2d7ddb5b0591843340e187d3f0e79e64e4d4413,train
4191,9cc6074a24c6cced08c3105ed3b9d59d7ebdad09ad23f1d2fc2e772021244cc3,selection
4192,8e7ef93c14e7acf9809efb35d3940bb072a2748ae785da6e20d4404f01848328,selection
4193,eba8b4d7cc2598ea3fa598d71a5803adf8d5a54c27b88b57c3db35e5092dc0e9,train
4194,8e7ef93c14e7acf9809efb35d3940bb072a2748ae785da6e20d4404f01848328,selection
4195,6c9f91dd38172304feabbe2a9e5ad77527bd999f9bcabe342c62b4dbdebc8d3d,train
4196,d410c2df009d01522d1af60181e8c2c8d49105caf824e81dd923328572f1d22b,evaluation
4197,7c1a3b36b5bebf630a4eab311f77e8e29bd0b8d8f66ea70d524d86c6c36f075e,train
4198,94b8cdc67d79c75cada31fdea919b8585d14aa08e071de98153455c76f0e36b0,train
4199,eba8b4d7cc2598ea3fa598d71a5803adf8d5a54c27b88b57c3db35e5092dc0e9,train
4200,55dee2e8f3831fad7292eb1e1404b96c62b03c76c85052dc120b125bcf25ea40,evaluation
4201,0851aa01a21da0a3238fa26a449e70fb460b7deff167807553730d3216422a4b,selection
4202,c8f809f51d06d1445be4c1123fead150f11a776a383ff7c517f8056b4b15f7cf,train
4203,16043ff2fae443e8ac6cd92419d9127c326ab3555fb5bddbf4ad656f90e13574,evaluation
4204,ec7316cb9995c99f41142c4e2e81ab1d0923e0a870b09385957905843f9474fa,selection
4205,0851aa01a21da0a3238fa26a449e70fb460b7deff167807553730d3216422a4b,selection
4206,fd0c98d03422988482f6ef15280c234a9f6e88c76e697ed87ebf109178c9a763,selection
4207,bbece283ac4306de60a94dcb0b60e0539818cd6d02af0423e76d54ca1b9ef392,selection
4208,5266abe1e5d4e55286b4ab56c93d9a98b0754bc0295882eb9df78a41b726499a,train
4209,f791a36b5ab417b855e217f0f6d93beae3fafd96ef209142bdd76101b0b38789,train
4210,b466590afb17cbd983b76d2524b425fa8de8b503614b9f36f1e7a175688a4d25,train
4211,3435b35bccb1c49d9244dc9dde8a79277f9571d6f2a7f05fcbbf76f9833fb3a6,evaluation
4212,9e0024e5a17bdc303beaf3937717f40c00244e139153b9a4a11380dff3c82621,selection
4213,ba8068879542eaaf028a11ea6eb8b61754935d7b182cfff67df58d8ca318b302,selection
4214,b3addb461b3ff4661757c0ab7e8f1b8ab4cbea87d737e54955ac64d5aba4bfe2,evaluation
4215,b3addb461b3ff4661757c0ab7e8f1b8ab4cbea87d737e54955ac64d5aba4bfe2,evaluation
4216,b3addb461b3ff4661757c0ab7e8f1b8ab4cbea87d737e54955ac64d5aba4bfe2,evaluation
4217,acac32d466fde41000407391e25a40f89e32ee47a8dfa4c278868312bf18a1d9,train
4218,2451fd84a43bbab81b5245fdb85d3fa3fda9698249c802ba8bba37224c8535c5,evaluation
4219,b3addb461b3ff4661757c0ab7e8f1b8ab4cbea87d737e54955ac64d5aba4bfe2,evaluation
4220,8d0ed4c39544576e9a3704c3da28908149488da27ee545943c7a4664dc490c41,selection
4221,1bcfbfbd0c6205e3e3d8869ff43a20ec1885ebb82e658a22ce56e2994392edd0,selection
4222,acac32d466fde41000407391e25a40f89e32ee47a8dfa4c278868312bf18a1d9,train
4223,a21f130341703527504bb3a42422bbeba9354c066837dc3dac161481d2ed653a,selection
4224,7ad83bc73d678ce48764af33779c8a0d1bef7b072084116093b48f33289146d3,selection
4225,ff22c4028a1e0fc30a808f083c057f33cf0d6db7db4cdd1c0a67cb09ebf2a4d3,train
4226,5fcbdbf1180c3b495b27b133b1d7c0a163a57cfe5e460106625ce1e612ed1535,train
4227,8978b738d10e73da87562bae9eb64aa73a522e2f6e02ad0474cee5c819b08101,train
4228,01c9f256785effa96a4a4c5c6000dc955301f613ba833a0c75d704bfea3c67e7,selection
4229,7855763fd71ec5105f7953f2623a595189259548738ddfd3b7dc7310c655047e,evaluation
4230,d4a28770007adb6d20140d074e01f6915cdb88eb36ec1f82386aeaaad6da700c,train
4231,ed87e80f7daea6e4f3e66fd21b8b0bd0b68254452502c6a6243c624a4fad7eb4,selection
4232,98e1571073d8097b6a5292148cb55e7bb5239087c46113bfd0402198113088ad,evaluation
4233,ee9528c05aebebb28377b4e9a323b93c1e7d478e021ba74cf69f826d6744e77f,train
4234,757c89e9ef7387eb4178a24ff26d95968fa21c978a08f5ef9f5c5cbd248f19da,train
4235,6dc764dbc15ad011d75c974e2e99e14b89964883c399c0bbb32cd53d43afcee4,train
4236,6dc764dbc15ad011d75c974e2e99e14b89964883c399c0bbb32cd53d43afcee4,train
4237,2ea764df91c7837e600813e33b7c0e76bc2698225acfc34e6565ba4f43fdf94e,evaluation
4238,6dc764dbc15ad011d75c974e2e99e14b89964883c399c0bbb32cd53d43afcee4,train
4239,a53ffce9c4f56d309974498a2d5a5edb4df6197a9952e123eb108a20064b2380,train
4240,8dfd2dd180513fc07486a387c69f5b7f646304a9ea8a079b5a3851dd0d9425e4,selection
4241,26315f23e1a6c39e62db064e6dfe2841ac834b6bce3ce6bd2b92ab34558f82cc,train
4242,e4c104da1bb480f65ed11932470f8049e0adcbb31d14ad2701dde2d9ff1513e5,train
4243,d93c2c2f5aaf05d19717059866360e163e6ce9d6eea927bda5b78d16804cc1ee,selection
4244,955e27419e66f2649e928a70f8f4bdec867313942937e5245eafe8df30c8ee01,selection
4245,0f5da5ea38c001bc4a8f795b125b573c46db239d0f68d4bbcecb2cbae411fabd,train
4246,5cacb9b421243d49b702e54c502b903baf186082b5657f2c485a2e3fe9cb7778,train
4247,63b66dbb743cb508e65081288d725d36ff0a7c3c19fc1ddb88b95718229d3bb5,evaluation
4248,ae705700c75e5a1b8aeb5f60e6ac418680b825889a4e22a2c6bf7484b0569a48,evaluation
4249,023085628ed2239df9f7750ceed701310f794b8c577716434c31fb9a51fb5bec,train
4250,bdcede5dcf31305e3c20c71823085e8c027f6ff9d0fc86a03903ebd247879704,train
4251,ff5e2d7593544d753f71d0720b7e32f166e3bdc0929371d652f6ca823e48b839,evaluation
4252,bdcede5dcf31305e3c20c71823085e8c027f6ff9d0fc86a03903ebd247879704,train
4253,074120ac33b545a553958e7a751c9e224ae89585eb26a57c55192dfc24ad7deb,train
4254,9ebeb88150c44c53fa2dcdcb6249696b686310e2a4451ea3d3ea75385b9ff2ae,selection
4255,116f9f6c3a96cb542715a895d9b1e682156e6d87e58ca5e098996c0841956a01,train
4256,116f9f6c3a96cb542715a895d9b1e682156e6d87e58ca5e098996c0841956a01,train
4257,be06be673b4e390e7be93e11db01b558acd7453a2ad54f23001ef06505bab8c7,selection
4258,be3e2457fa5e965f1f6693bb6fcbf286ca3f9352e614cbbb6752be4c93cc393f,train
4259,2e2679e316d32abb875f843037ddcd6d49bb10f219c716d907bd1cd111ef63ca,train
4260,24453a01d7e8dfa3ffb8db5b3b068994db67305fce65144315de174254a0ece2,train
4261,ed8a0c18aa6e1343e2e3db451453cf7bb9bdeb93988ed9a0277a37f795a353c5,train
4262,6f7308d045e9b6b8dedd418db8573da6945670fa5b0752bba193b2c1907c5a21,evaluation
4263,af7fa39e6927aaa69b67a125c535b7495e26de9dba58138ff261e3105e23ca16,train
4264,5b15562350fa93154317bd9b2f24454276e5647e0c41744335087aad254408cd,train
4265,24453a01d7e8dfa3ffb8db5b3b068994db67305fce65144315de174254a0ece2,train
4266,ed8a0c18aa6e1343e2e3db451453cf7bb9bdeb93988ed9a0277a37f795a353c5,train
4267,727019a3bdafdb782dbb67dece1ed10f1b3a24c83856cbb310c8b72166bb2c26,train
4268,3c2bdb5dec187ddc6bd23734edaa9ec9282d0e86bcd3a62c453d1d0d5e27c5b8,train
4269,ca5bf4c52bda78f2d03f358e60c69354c112b3a1334176d97dcec10db1fdf3d4,selection
4270,8333454e0dc361df6f14679807fa38067ecbda03c02492adee384b9ff2d30924,train
4271,479d47a72181721ea03a5ee6dcae15795dc6b3f5370deba475dfb630a62cd8f7,train
4272,52bb0f26dadecf2be39f03a9ca635c84002fa153709afd643a3b1222c0e12750,selection
4273,52bb0f26dadecf2be39f03a9ca635c84002fa153709afd643a3b1222c0e12750,selection
4274,52bb0f26dadecf2be39f03a9ca635c84002fa153709afd643a3b1222c0e12750,selection
4275,52bb0f26dadecf2be39f03a9ca635c84002fa153709afd643a3b1222c0e12750,selection
4276,b824d67631d188b9031aa94f1cef7f6563df8569926554251545a6431ce21bab,train
4277,ee03d87eb076c2785bc6a8d9736a91c2cdf2e9539e1d592f36fa31ec3a57c650,train
4278,babfb3af3b844def3f118729afeada9d4380b4ce58ab9f111a0daceef4c28547,train
4279,c3f8938a9447aef6157b1ad31ff0dc4d7f06aa118100e6e335427d33a5f19c03,evaluation
4280,52bb0f26dadecf2be39f03a9ca635c84002fa153709afd643a3b1222c0e12750,selection
4281,0e6a4ce41ee1992ab438b05fadde3e25c8c2e43ba982e71dc04ca53d6a2d5394,train
4282,0e6a4ce41ee1992ab438b05fadde3e25c8c2e43ba982e71dc04ca53d6a2d5394,train
4283,a634d37281dad44d7050ca4a051db90b3aee91320b6a4a05b9498d68ceae1d43,selection
4284,a634d37281dad44d7050ca4a051db90b3aee91320b6a4a05b9498d68ceae1d43,selection
4285,a634d37281dad44d7050ca4a051db90b3aee91320b6a4a05b9498d68ceae1d43,selection
4286,a634d37281dad44d7050ca4a051db90b3aee91320b6a4a05b9498d68ceae1d43,selection
4287,135d177e9136e4cde1a35c4a6d665ab460774367bd5c3b5bd06845b26a9b8e25,selection
4288,38288911ddbc84c47f7d0f9ddbf4596be98c782d4895320f9133e76d940bdaff,selection
4289,f66e2dcf1927709545d3e715ac9a49f5a0d2e533e9620a690a80d1ae4b877819,train
4290,0e6a4ce41ee1992ab438b05fadde3e25c8c2e43ba982e71dc04ca53d6a2d5394,train
4291,288508be52fb75a3c87767d6985f8c6745742603babf24c2161ad70b637ec33c,train
4292,95eb714080e157f4700dfe0409d98fdf6dbb37195240bf921b1f1d8f747713b6,train
4293,288508be52fb75a3c87767d6985f8c6745742603babf24c2161ad70b637ec33c,train
4294,b974f6b3f8bb3d9e82cc8960c18d26fdd325d53894f19a4ed97e119c54872af9,train
4295,288508be52fb75a3c87767d6985f8c6745742603babf24c2161ad70b637ec33c,train
4296,95eb714080e157f4700dfe0409d98fdf6dbb37195240bf921b1f1d8f747713b6,train
4297,af72a96933fc43da294e6c025c0ecfcbda0364caeddff489fd9e9747ceb09564,selection
4298,d00faa16606fe48ab0c165e6e3ffe4e0d5af26a76ae2be0b0d27d18bc50b91ca,train
4299,e2a958728e025df9b86c2280442e7286a9b6d1ab2e61a9b61efcc5e451c0ef8c,train
4300,af5566b78f6e49e1ff454fe0fa9dc3296bfcd7a024c373b3e3cff40494515edd,selection
4301,0b96500cb0f78b0b8bfef9a42bb0fca6c9d85a77f034bf2e319b09689d7724ae,evaluation
4302,9bb393bad866fe0077b68b370c1422d5ab4ce7d0edea22a68ab3254d3332e989,selection
4303,f97cd42a02f33bf2197842dc1db8edc029127333305953de08319a67115c14c6,train
4304,6ea728fc15f66d44973cefc1ee4a85813f5729603a1fea3b0cb9a22a825f4be0,train
4305,219e759417d26c7f3624f9c9fbaa349631f6de560e35a9fb4eac80892f37d8c2,evaluation
4306,6d64c35a4f08ac40dec8c9689b5ef25e28ba357b96d8f75d0f4014fc06412787,train
4307,fe43d1ba0896d1c24c19b871910c41c9e21955dd59f946b62257c464b5d44dce,train
4308,c03f99c75f65a68b8bfad6e3880b3d85be00528890a954b78957b7b82af66a56,train
4309,af39384d1e97dd70c10b33cbabd49066479ba1d447d60b71e2109ca2bafc5fda,train
4310,c47d6033d01beee5fd530f2954b6047e0e7e280b9c0f71badca9e87eea81f7c6,train
4311,5c2a5d548f929b1e1a5cc24eb4e5d29f57c52638042f6f2e94c5ab118216ae0d,train
4312,f97cd42a02f33bf2197842dc1db8edc029127333305953de08319a67115c14c6,train
4313,a1bed6ee9122ca5d4e6b7407ed5d14c0b751a76fc8a23fa6471ae9f76eec700e,selection
4314,3f5bdb4831cce93e7fb966589b73d57db0db688f23900a5bed05d9fd17d9835f,train
4315,3024a7d05e787f66de16748898de86401e202be3aeb7e091c8611c628cc72d40,selection
4316,81208f529667892aa7f438b209c81647518fc0519e153cba59ce9fcfbb2aff74,train
4317,50b94eea67ad9ec2275195310245209486c5164bf43dfb5ae655ebf6534e7098,selection
4318,3f5bdb4831cce93e7fb966589b73d57db0db688f23900a5bed05d9fd17d9835f,train
4319,3024a7d05e787f66de16748898de86401e202be3aeb7e091c8611c628cc72d40,selection
4320,bef40972a905e34a9f4884b2a6e97ca290a6309329adcf8dd54bc0ad120e19be,selection
4321,4ee0f56f6a9424be571dcd85d68136272c17826e0f6d05059925a8e82e1ba5b0,train
4322,7730ca82db5435fb1dfeb583e329343be3f57a3e959e7cdcd185844913cb2320,evaluation
4323,91cc2ee9bfa01321cad7da9f9b54fd594630e0859638624a19068c0c4a65ab6c,selection
4324,8e58d4a7af7bba1fccabc10d2d4ab75c6135191424b0c7b81e4a9713b1c0d1fb,train
4325,41f9c2299b16983ce25a265fca68f2b459b5033788c455466ded64597444f9be,evaluation
4326,3cd9aadf153279e721666ef82d345b3b5a4ac44bea338e88d13db9c60114deb5,selection
4327,41f9c2299b16983ce25a265fca68f2b459b5033788c455466ded64597444f9be,evaluation
4328,4ab4f9b317f3b1ab61004f2fa9abdc98bc7dcfd0b92ca15e2d3c7b9cace9cc43,train
4329,0e58dc74cbe89967b23837be94e2ed5b2e030f84250edae1ab171b43fd7eeafa,train
4330,41f9c2299b16983ce25a265fca68f2b459b5033788c455466ded64597444f9be,evaluation
4331,3cd9aadf153279e721666ef82d345b3b5a4ac44bea338e88d13db9c60114deb5,selection
4332,668c8260a88c6ea695df4e99c388080af59b369181e5c164b4a0ccb04bed88ff,selection
4333,668c8260a88c6ea695df4e99c388080af59b369181e5c164b4a0ccb04bed88ff,selection
4334,668c8260a88c6ea695df4e99c388080af59b369181e5c164b4a0ccb04bed88ff,selection
4335,668c8260a88c6ea695df4e99c388080af59b369181e5c164b4a0ccb04bed88ff,selection
4336,668c8260a88c6ea695df4e99c388080af59b369181e5c164b4a0ccb04bed88ff,selection
4337,668c8260a88c6ea695df4e99c388080af59b369181e5c164b4a0ccb04bed88ff,selection
4338,668c8260a88c6ea695df4e99c388080af59b369181e5c164b4a0ccb04bed88ff,selection
4339,29e91a1b09489fa88646d7dd79064089e3818e0f7ce0324d4461b375a11905bc,evaluation
4340,668c8260a88c6ea695df4e99c388080af59b369181e5c164b4a0ccb04bed88ff,selection
4341,5da5f50d687aa9760c4a4f1a0e04abf80f8abd600c362694b669d625a40e4363,train
4342,5c2437376d34b166400c25394811507fd1eebc47a756d72e43c4a29894752da0,selection
4343,b387ac2937afd252b4fce6b84f7311779c5f258175d687f8ba0bcc3350f39b64,evaluation
4344,5b0813282731d1eb0daa760eb3ab6107fa5996bc2b30d0a22b92a1bbb2420961,train
4345,b478d6a969c9199284ec5e5cb285ce0c2ea19f2d8f3fb67b5e15cd61220c1140,train
4346,5b0813282731d1eb0daa760eb3ab6107fa5996bc2b30d0a22b92a1bbb2420961,train
4347,0ad69bc8be28be309a86d2a05e97cae9d7b9ed96559bf99b1af063115a9eefe3,train
4348,3496d72fe1d503ad7f908425427bc12536d9a71df15d6a97e3eacfab48e1cd54,evaluation
4349,761bf91892b256d393c5ddb0868a83ffce0e4e014af5ec5b49cb2739b4671d9f,train
4350,694e596363dc15405edf3f09362c40112efec7b1eaefcf9c08ed03f5489ff718,train
4351,43987e0ce466f0b0acc07c7a250e757d59924a3861f60016ca7372f0afda7368,train
4352,5f8f0469c3b092e1ac97ba449fb35c611ee70defbf435c84a4ca82ef54487067,train
4353,d3c3f9f30eaa05323930893712afbede512853c4c30beb60f8d406be8cf8c0cc,evaluation
4354,068dca3c721055b13438763f5c8fe4e73054f4dfcb0adae1b4721d767b66d404,train
4355,43987e0ce466f0b0acc07c7a250e757d59924a3861f60016ca7372f0afda7368,train
4356,1a45199a77c054cffc6c16d9f9c926efb63fd78d0d18c4fffb4f23464f315dc1,evaluation
4357,3e50ed547c70810b726b850827c0dff1180c8a268d88a8033a75fcae7ae7abf4,train
4358,0b969eb1876da15005c76d3cf32454e695f1484d9fc813298c083219b6f19abf,train
4359,3fdbb8612aecb2af1a6df9c534b98f3149996539dc6f26d3beae94466e6fee26,train
4360,5f8f0469c3b092e1ac97ba449fb35c611ee70defbf435c84a4ca82ef54487067,train
4361,f58ce1e5324769c5278dcb31b34ed919133077bf4dd6b1dfd0b44a50c1417dc2,train
4362,92613d18d559cbae9a978e001bf32664d6f094c7dc7e688fd119501712564f28,train
4363,153189d2f171f5e4205232541df4d399da7600637b7685673e996a843ff92d0f,train
4364,5b113124f727184f8ac6567ccbaa3841ff7e7b73a12cc45f1892df8916b78b37,selection
4365,7c2354afcdba53dc781982f2c3c6aca20fdc58cd4638bfcec362ee3fa552c6d7,selection
4366,8585e220fc4793070e7f27a2c23b3b5db9aa5971a62857aeb6a100a3fb545918,selection
4367,153189d2f171f5e4205232541df4d399da7600637b7685673e996a843ff92d0f,train
4368,4130767d34bbe50d0ddcaadbd85983eab728eeeab48e47396ede0e3fa6dae082,train
4369,5b113124f727184f8ac6567ccbaa3841ff7e7b73a12cc45f1892df8916b78b37,selection
4370,7e0afd80fbc74c70cd976d4cfabdfe57a68b1e20a7d9045fab142b721ba322d4,train
4371,a53839c611433481090b0f923f33931c22f7c44b7b8afba510872faeda4e7412,train
4372,ed78c655e554d408694ea121afa6756a025b1056d26ecce09d8743dbded658bc,selection
4373,e50cd9722bd77dc1dad091ae8638c740b5dd9442dd421ba9d8d7f12e4ad903c0,selection
4374,e7251578da4f4b34cab37664f36fdf3dfd5d958043b4d79e86026767ae5596e7,selection
4375,07bba776caa29bb0d1e891a82d2cb0eb1098366c48f1679cb28568ad4552fad7,evaluation
4376,13086de069f8745e56b2d6438acda725c167dd4c1026c1d06e6603523a42da72,evaluation
4377,981e7f5996de368c59ec1ae358d45cad4dcd5943c548729ec3c3a7052713b885,evaluation
4378,747b23ec84ae219f7c14a12194c76fba59aa7e81a090306f1eed7668b90c60a5,train
4379,13086de069f8745e56b2d6438acda725c167dd4c1026c1d06e6603523a42da72,evaluation
4380,6041e0fa8783f6bebf80436fbf8cb9e04f75079de727d6b43b949795f01b32c0,train
4381,bcc6440941d3168db5258bd18c731eb576ef70179ba23f38562ccfba87e3f0bd,train
4382,a73c402fcd93d35dde4214db05740349d3cfb2228a7b5a46da03e87828b98b14,train
4383,981e7f5996de368c59ec1ae358d45cad4dcd5943c548729ec3c3a7052713b885,evaluation
4384,0719f4d67476415fdcc2c7d12c00fb2bea8b965ba6fb33b0e85971f3aef0d2d6,train
4385,0719f4d67476415fdcc2c7d12c00fb2bea8b965ba6fb33b0e85971f3aef0d2d6,train
4386,b2620158b1c8c43b0f462604fe1fcd89a22544a4ac378fd9adf8e9c8c904620d,evaluation
4387,5382b25f1afe994728a59e2963a0ebd46959bf1a5bec1f5c5e68514805a22571,train
4388,3871de84fd13fae0a74b5b238d69ca7a8f9845c4611911e35e9214593ecb37ae,selection
4389,e330e895c65ffbc60b15c4f206f1ca814b64cec0f29b576f09e42ad782414ce9,train
4390,07d585c28fa94b4d6bcd6e9bd23ead42517ed33a97889d724f4ff6eb622b29b9,evaluation
4391,1bd650a0e1d8002c4ae80ef302edba46702cf6bf434dc8dab4b66a134944848b,train
4392,07d585c28fa94b4d6bcd6e9bd23ead42517ed33a97889d724f4ff6eb622b29b9,evaluation
4393,31b304dfcf3e80b0adeea4777d9ffaf14803b4dfeb4aa854d792bfdfde275c4d,train
4394,63a3e598af67b3c09c0340287b6c153cd04e517c42320177642878cdfa15b0e3,selection
4395,ed3c327072ebaa041eb34747601311b510b44c0e02ced428e2bf5c15ed50c061,train
4396,49cfe0a506f267a560918cf4c672efea4aa8fef2a26fb17ac05e952d291f897e,evaluation
4397,49cfe0a506f267a560918cf4c672efea4aa8fef2a26fb17ac05e952d291f897e,evaluation
4398,49cfe0a506f267a560918cf4c672efea4aa8fef2a26fb17ac05e952d291f897e,evaluation
4399,ed3c327072ebaa041eb34747601311b510b44c0e02ced428e2bf5c15ed50c061,train
4400,49cfe0a506f267a560918cf4c672efea4aa8fef2a26fb17ac05e952d291f897e,evaluation
4401,7465e707ec4cd8a33f86549a5022d6e931519c8490b3e3c5bb682457e21a9ce8,train
4402,4331c3ad337210b4d230972c4b6d3a3f755cd48cb329b1ece098348e84e95466,selection
4403,571a64f4192d2b1e09fa708e02b9b11ce8b5cc9a2f135aac20903201e578edf3,train
4404,49cd9fc0152c37891d22815016e5216cd27a8e1b0dcea9fc570a7dd8f3adb053,evaluation
4405,49cd9fc0152c37891d22815016e5216cd27a8e1b0dcea9fc570a7dd8f3adb053,evaluation
4406,ff8cde481ca18222ad8f058e79adf1a1eb8814b3955b29fcfed34136087a731d,train
4407,7ac81f791cb573b9c19d767da11a3b884435f210b09f79514b1093079ac3e69f,evaluation
4408,98374afbcc0351ee8cbf713e47856566c6a832d28bd89c790e1a06095564f930,evaluation
4409,ff8cde481ca18222ad8f058e79adf1a1eb8814b3955b29fcfed34136087a731d,train
4410,b1cfcbc4b94b7895ab7604ecaa3f6be25f183ad633684ee9ec436474e04000da,train
4411,a94181bae8102e9336e062de48e6ab0e22bbb30c2fad054eb6958f57a532300c,evaluation
4412,7d524ce1f684c510d3a3b9ea2284a51890b61df2886fe3fce4d6c3b766ba0bc5,selection
4413,a94181bae8102e9336e062de48e6ab0e22bbb30c2fad054eb6958f57a532300c,evaluation
4414,7d524ce1f684c510d3a3b9ea2284a51890b61df2886fe3fce4d6c3b766ba0bc5,selection
4415,23d505cffc8c497c570431038eb075268c4ba959abe2edf6ceec41d344502a66,train
4416,52334c967e7034f034e2ffa3c1d49988da18ef296797d3c4faa83f1d1c4966d6,train
4417,663c76f1dde728f1e9e421c2f82719910ec6d25b787e2d356818e0085142f7f9,train
4418,2bcf0e6746ce652beb6802e3a3b0c9bea1d7f194ece9cdb81ed8ee33f75a1565,train
4419,2bcf0e6746ce652beb6802e3a3b0c9bea1d7f194ece9cdb81ed8ee33f75a1565,train
4420,2bcf0e6746ce652beb6802e3a3b0c9bea1d7f194ece9cdb81ed8ee33f75a1565,train
4421,2bcf0e6746ce652beb6802e3a3b0c9bea1d7f194ece9cdb81ed8ee33f75a1565,train
4422,663c76f1dde728f1e9e421c2f82719910ec6d25b787e2d356818e0085142f7f9,train
4423,663c76f1dde728f1e9e421c2f82719910ec6d25b787e2d356818e0085142f7f9,train
4424,2bcf0e6746ce652beb6802e3a3b0c9bea1d7f194ece9cdb81ed8ee33f75a1565,train
4425,dd36d11df3a938a42aa0938d3fa9a01e6743a72f05ab9872d79c5d1c0b176198,train
4426,569d671df3556a4e500b5768c84194fd81d93398b2f4d67cf7e8ff2db0236e12,train
4427,2eda2e69c0853e9c57349c3fe4ca6a7e6df02b7c17889ecfd1dffb132e737cba,train
4428,59cae2fc6a736ea3c48cab4eeedefa069bd6d121cab21aab23c4bc302c857621,evaluation
4429,b657b129ece7935037449ee3ac4343ded0ae2b988bd717a61b86bf56a10b7c27,train
4430,2b0ac13feeb84713d05f332babc689886e2e2b1c244069323e6968c5c3ee3f69,evaluation
4431,86c1e33a2fcb65736c329c74cdddd2233c9eeb0d833074771a68ab0e628e70a0,train
4432,7d05f9ed003aaa5cb7b6017c94a1545ea9ee7202a03affe6256bc39f8e3ba26a,selection
4433,e4a70b176b72de125775a78194d527c89a7e9aecf16708268cc94e63e60b6a8c,train
4434,36e267a17524cea45588dcb83238c9f2fb3c7be9d2418320068a179d08af186e,train
4435,55d832e2dc5b09c426abfb6f6b87062a45ecb5f6322b90091fd1bf97ff813b17,train
4436,6978daff4ef07b4392c375c86a66b9b6ada679d0297d48658035bcf1b78a95c2,selection
4437,a6a796c4051dba072392d41faf53b7b1c667ffe3033fcd46836301f0f542b8c7,evaluation
4438,7584fd45a96fe0f2f02e40bd9b08cafceac0a35fe0bc390c1a3c4f69c3cc54ee,train
4439,b3b0c7e5d181b1de58a43a46e6d524c735709100f7b4a11bf10017a0f01f120e,train
4440,68013844adfb66a59fcbd2639fba7c56a0411c03281d57fece62f2b269365a6e,train
4441,5e0a96648c0a04015fca15cf630f78084c8556382cab0305e83115155a4023ff,train
4442,68013844adfb66a59fcbd2639fba7c56a0411c03281d57fece62f2b269365a6e,train
4443,b3b0c7e5d181b1de58a43a46e6d524c735709100f7b4a11bf10017a0f01f120e,train
4444,a93fc28997b8dcc82493e5e25c50959c35795341e8af644536da91e987032c9a,train
4445,a93fc28997b8dcc82493e5e25c50959c35795341e8af644536da91e987032c9a,train
4446,1dc1d40cc69e2677470b5b0a460a5c5d052c7ca76f9dca3868094567c0ca705c,train
4447,be27dbd148d3dad194bbe137302f18a4973ae7a816bdbcd44b8545fdd9102948,selection
4448,5c890e558e12a037ffb60736a30b091ba33451bf7ca63ab1c08b588d76f35f96,train
4449,0d632196da70117930651892b1437b490f241acf7d6d842f6426e97dc3a1d8fa,selection
4450,c6ccace443ec9a337fb66385a46254a4f7060a6778f74b35a3f97579f1e42604,evaluation
4451,b17216cf2b4c1ccb71fd16c4036bd2ecfbde0c7f5906580399a27c27996f9fbc,train
4452,a0e97184bc4c99ec2665f7a23b60b5a32cdccb2fe82bb7d72acddf933521dc25,evaluation
4453,be27dbd148d3dad194bbe137302f18a4973ae7a816bdbcd44b8545fdd9102948,selection
4454,59f52a0512fd72b4c900619d006d59d8bd65e8547508ab68f13f45513e7d0906,train
4455,ffa946393a5bbee04654be0cd933438aa0da7c4863e6198e9049e9ba81cedcfb,train
4456,ffa946393a5bbee04654be0cd933438aa0da7c4863e6198e9049e9ba81cedcfb,train
4457,ffa946393a5bbee04654be0cd933438aa0da7c4863e6198e9049e9ba81cedcfb,train
4458,d9d8a56436329ce25e26560aa36727adce3b8db3085b5fa6ca08357569e3cb09,train
4459,cbeeb3770a2b144bb913b2811e0028801014da07eca0b94e45ee8d6cf79f5537,evaluation
4460,59f52a0512fd72b4c900619d006d59d8bd65e8547508ab68f13f45513e7d0906,train
4461,1c88457597ef083bf6f9b32f6987a973436ab8c2a4fdb3cbdd746a4ec8071acb,train
4462,49a4222aad7aa38dc136c936ba1753d63ab47e9f6255bc73d39d5860f5668cd5,selection
4463,a2118f90596aeab4f4ed5dc3e28eaea3e30ac940e44e2693c694fd4aa6bcc968,train
4464,ebef3c75ba70c46e68354ec37aea208325b757e10b3875a3017161035e3dfd59,evaluation
4465,ebef3c75ba70c46e68354ec37aea208325b757e10b3875a3017161035e3dfd59,evaluation
4466,872efa8ca32cd791736f24b4a6d4165f205e97e43b18d63f8b84f16f7e593f79,selection
4467,44bb00119f184700f3611b356d937c2a0860e3cd78fd4a1641ebc77b02cc7ed5,selection
4468,020a457146a4e798809fd50caf08b7dc6ad0f9fcd44ed229d5652d57cf4aa942,train
4469,3917a8fe0021bcf603f5c1007b907ed6a029010d8cd14744b6a55e6836fe5cd6,evaluation
4470,610a79537bcea73b298b90c82ee32ded90b3d00a5562e581b2ad36b2c5f8b32f,train
4471,7eb33fe3eaab86713da9db0039a6df4261ef79958eb59c9041e60bd74c24ba8a,selection
4472,90fcd12d92e20f19723800bd75b16169f258a1fd6e8919e81828ada9b8419b41,train
4473,2fc31e5afc78590f4fec02d6a2279dba3d16fa607006c2be124b9270a908bfd1,selection
4474,aa8431662b444f4827a0d2259c1bc0c470e3d20c7054b41132108c8b6e8abaa7,train
4475,d086d2f86ab26726121a432967f23685539f159748f4589876134bafc1eda636,train
4476,b43ab5b32dd084e7906d33427990e8b3c0d672a8be2c947fa79877b4be91c624,train
4477,e8955bb7fcaf690db9e82143a84596bfd00103ce304e9afa224445eaa65419e7,train
4478,e8955bb7fcaf690db9e82143a84596bfd00103ce304e9afa224445eaa65419e7,train
4479,6883c3725c7af6a515adebc537bf22f2f790be8b0d0d285ac1dcef694b5f651a,selection
4480,b8ba9e29a71e8081ad65992b792d7f912f8973c46897ebf8827cfae6bbcf39c3,selection
4481,e8955bb7fcaf690db9e82143a84596bfd00103ce304e9afa224445eaa65419e7,train
4482,e496f5cd52f468b19e137cfea2f7b42d8f07595b4f217c1819334de37e158da2,train
4483,3fb28c9881f43b4a16c578440aac7dd4bd7d43c3fb228b2f2d6cb22e6290dcf0,train
4484,aa0df001c8a0c85fee2b11facfc8a7b801385bf7a24cd8f90e8d108f873a4268,train
4485,9323f97b0f16ba7280f3545a2746be70419cee1c83a9fc9793dd8d5d886b47bc,train
4486,baa10c322b0652fb5f10ddbe5647e1d679bfcf5447f3ed576b05b6945fa4c139,train
4487,d4060bf0726807dc43247d7cf3776941e657b1458aa7bf432c3218a2a1276f2e,evaluation
4488,56eb18431b44b49f4ff5f183a87f1602dbbd616fca75153db7dafce0ad4134ff,train
4489,56eb18431b44b49f4ff5f183a87f1602dbbd616fca75153db7dafce0ad4134ff,train
4490,4f48bf3d8cfdc421d1edf506038e3239cda53e44aae234deea1f92410b604608,train
4491,ae4db3d306bf00d31c534a2c5eb244525a30ab2db439341a785a604b57add17f,selection
4492,8f81bf0a1168e8a6d33ae663e9db4cc2fbf55c80788ee43064b3babdbfb7d171,train
4493,6faace830394c89ec5b4df196fe21aab146de79117255e0cc4cbae6c1a6e613b,selection
4494,d2ac18a5b85dc3776d1c4156bafdbb4e0ac7b4b6c8947665a9ef2eeff7e2945d,train
4495,442c3d8e1acace2d058cdac96015bd2ef881a6c169c1c53a1b7109bcc306c6ea,train
4496,d2ac18a5b85dc3776d1c4156bafdbb4e0ac7b4b6c8947665a9ef2eeff7e2945d,train
4497,606532080ee252ae8516318db7e295906d949022909d21237f2e78e9db25b295,train
4498,b362b963fe73738787e98e2abeb221f649d7200eda46605b13dc266b7f40e0ac,train
4499,5cb521e0d840cb9b0d1e537fa2bdea6f0a0e4fecf1f9b8af114623e7dd9ba445,evaluation
4500,07eb676a9dd36d7c710f81f90b96caab5dbf0520af2c446b542912f43ca010e2,evaluation
4501,2302536cdb2e8f34b8fe72b144ca5977e64798f01a200863bc51495a42d5fa54,evaluation
4502,22bec6137ed18c2c5606a242d6b43117d0834ed3b6778d45c160d161fae0a446,selection
4503,c667672a5e297dfbc97e364dc6d9f53ab3e402ceaaff5ba1db2f1532f6d31e96,train
4504,5f26513d15e41037cf0ca75a9d9b0561711aed3edab721b885f120f2d42db984,train
4505,8e4aadde9f65b52772e731874e2db707d44ca677ab3a97c3a56ae00a0d56f223,train
4506,2b0de8880ef6e94c4c633e6a55a7c7dbd58abc1b38c5de5cc96959bcafd2f1fe,train
4507,23e54b7b5e12c9f1fd5d5da763ef39d380805db6b8ef62642176d95a7142b3e9,evaluation
4508,719fad98ec69677b40ef75e2f8dd5d4c31dffa6e6e83b9bb29188bf30062e8bf,evaluation
4509,5b8fa412eb5dbafa66df590d24e644ea435048eeda158c43c2a08bbce6a39676,train
4510,7454808e0853cb13ed50427d166d24b9c5abc0f3cde57bbcba1fabd035cf1e4c,selection
4511,81df7859ab31f4ae7689e7d2a22db7d17fe60a23bcc810f11102d0b967ea3bcb,train
4512,81df7859ab31f4ae7689e7d2a22db7d17fe60a23bcc810f11102d0b967ea3bcb,train
4513,635735131b01a3874566f6f5ed31caab781b7a53577b4be76216b7887ee9d9ca,evaluation
4514,bbb118b3347d47c655ca32924948d806a0a3f2df26e8c9323db75389009eba43,train
4515,5c1a751315b708e5d91856dbb36fba88a7d43a02d6ae4048a6f5af3332dd457c,train
4516,40c3eb7115adf3652115396c245419b610c6fc5d5d6a6df48fd323a8f18defd6,selection
4517,448349e84490caeca668c6372a352cb1711aa720b18ad098db3e79e26db69ac8,train
4518,809a955119790b37d8b780d3bbb34ff912ef77157e8765e1f1700a634b3c3728,evaluation
4519,756cf08bdee8c216b96513b8c768c6850b14ea8e70a1973c31e454a625be1361,selection
4520,08411502a721bd61136e50d0e4ba508d18eee538b69fb088b270b690f8cad853,train
4521,8274e38af45d9efaf994dc510f7ebb52be38d00b80f770e49fe01de60f1c8d02,train
4522,809a955119790b37d8b780d3bbb34ff912ef77157e8765e1f1700a634b3c3728,evaluation
4523,1118d04cfc646a486d55f05ac01c9e300453484491f16c105dc4f989bec3994d,train
4524,89f8ff8ce2e465c3705e44b16cc23150fb04ad31203d725307dd31a7a360d809,selection
4525,756cf08bdee8c216b96513b8c768c6850b14ea8e70a1973c31e454a625be1361,selection
4526,490d04689d51add537aaf40f8799f998683db1cd0a53d872d2a12e8163cbc42f,selection
4527,448349e84490caeca668c6372a352cb1711aa720b18ad098db3e79e26db69ac8,train
4528,ea649ae3dc48007e17b8171149d03b20162da909f54da0302abf8e379fe49328,train
4529,d2a1380af00045cd25e3976b0d2763c75ffefed83e57b36f772b7d5fe89eb772,evaluation
4530,c437caf6646e383311ab43b02a26b51eded843d6d8fc1f6f0d96b1b07b3f0a22,train
4531,c437caf6646e383311ab43b02a26b51eded843d6d8fc1f6f0d96b1b07b3f0a22,train
4532,e6b5e278e517b372897a161e43d62b0a24b8f446d1e5540b27e0e8da835aac24,train
4533,a257a3611fc333910052820dbbbf766c621346f4697b531f9d833c312bec5424,train
4534,5a332ce5b30694bca082f1749e6043b0beb686955b6905869c6086509e7036ea,train
4535,f5d3e8f81c2738be000b33669d9e4ee941f839aebd40eb84b1fc72c6eb581948,evaluation
4536,7361ad49e085fa72d01513a090e7d6cecc527a039a56d215371d217ddb02e32b,train
4537,fd421413530217f53ff2d68e3becf6897e83331e5a0fa717bcda4667369407df,evaluation
4538,fb75eff2fbfccacf928558deb9758dc0c2c018d2a64fb08ce74cae7f6236691b,train
4539,9d1e64013087f86c63fafe65cf0524a1e3e3044c420504f84c8f08da505a022e,evaluation
4540,561296fa7e3e1bc2b9120b6e26dd1f341b7499f7e55badfeda13b088ba24b0e3,evaluation
4541,b450598dbd324fd372bc57c6a2e76a2047c51ec8d16748f8347d3a81c048a34d,train
4542,6d65a6e042ec0ae4e1bad264f5cb4c3fbc53900876abfdcd610ec28a74ccba33,evaluation
4543,6d65a6e042ec0ae4e1bad264f5cb4c3fbc53900876abfdcd610ec28a74ccba33,evaluation
4544,561296fa7e3e1bc2b9120b6e26dd1f341b7499f7e55badfeda13b088ba24b0e3,evaluation
4545,d7a4b494ddc7bccef30483c59ff0a10fbbf91bf187d844bccddaea1516105d8e,train
4546,0c710b209bccbe7b1256ea3dc531c5524af351272b2fea1102067f0592ace716,train
4547,9e236b2331daca9d9f981c53356bdc6d2c95ef084c9a4b0cfc17431e9b9948af,train
4548,f3297bbd22dd0f05629e6436dac9be35060f7cdfef5dd5755871089eba950a27,train
4549,6d65a6e042ec0ae4e1bad264f5cb4c3fbc53900876abfdcd610ec28a74ccba33,evaluation
4550,3fd7e57f41f01ceda285790556bdc9978ca35c3326b92ce17c83d01cde17437f,train
4551,ededb962db603319191d1944f34e330b8d5e769b6732c113e7f7209de4bee3da,train
4552,236284af6d8f735b5147474a99d92862dcb19483cad5ec7fb8dfcf3f645ac107,selection
4553,f27e2c394c33be611b1f0f919c919c4fbccb88b2f6973fd5faad16c13ba1612e,train
4554,b450598dbd324fd372bc57c6a2e76a2047c51ec8d16748f8347d3a81c048a34d,train
4555,637914354b6a3055badbaadd06e46a03aa3874e52caa0a01fcb3bb2c2fce66ab,evaluation
4556,5c79a122f1e39d8fa2aeba329ee09d9c23aae1712959a03b4771bae1f7d9f814,train
4557,8aff5b394265f1a18de8e10bc63b43dca69d6f6eb7761811abc33c3c4e520ce7,train
4558,d8493c5392cdf4c26b327eaeef6d4e74679aa17d3a54c1fafc0c9d0beb7cfe24,train
4559,1a3a4b2a66d2382167272790c65ba45ea7d1d77c05d78312e609cb82b18706f9,train
4560,2a6db5a17bba1224030da608ca2ae638b109146ee209de89fbcb089bd2fd9b31,train
4561,0c09a536f00f679d5dacf368154638c6676e6b0aa82608f472cde0e6fc441a4c,train
4562,969241cf1a23bc51580b99112df5f7c6ae5d0b553f69fdd50cc18994edd7b065,train
4563,f803ee25861e70af5601f7fdb2193b4a70ba94f4ecffa7f28d6a090dead1dfcb,selection
4564,2b150ae01168b2721419a034c8d40d155a76d2f42b133c97426247968957f320,train
4565,b05f06cb55e71fa12d4779bfc59d81f609391a30b31becea6922a35279788514,train
4566,d3c1bdc821399d69faab8252919ae7d18de165ed8ab89226c0b19c47d753981a,evaluation
4567,b05f06cb55e71fa12d4779bfc59d81f609391a30b31becea6922a35279788514,train
4568,2ae188d07adcef87de85d300053cba1f46e28d8800f7632fffb0de75905f3da9,train
4569,cb79bf0022ca64e493d8a6cd973c233bb1897e444b172887ddd076f7bff50a6e,evaluation
4570,3062215d46bcfa4865d26ab42bf80dfd12ebf93ea29dd3f9104db8abac702b3d,evaluation
4571,3973558d998df0aa675608ac57d65b1d29361019bcde5593dcfdd85e7d5daa05,train
4572,e4a5f5b6145b67ec386bbc9fe50eaa731d379595a1e46bd3be31bff795c0d0be,selection
4573,ff4cae5274eb7e446a6594ff457e660c26936f702428eaca3473c83d38725c47,selection
4574,2286bc2c7d1363114d1090ba9517ad13cdf922691ac143964ab4f4c3d580c500,train
4575,6cd7c693888b794b2f9f03d1898ee1357e3b85941cab73e786ca474e5cd71822,train
4576,f74e428533ebac2f9d0a992e44a61454cf05b856f85908b5ecf584cd10d38818,train
4577,edee7be5f3ffd043bee639f92a832c5548561153247a0ec1b90674707e55d9f1,selection
4578,d669ebdfdcab7428273bb58ceb72fa3d7224e70ddaf63e5f7e9f6dbf4d079e34,selection
4579,aa2c2f84860c9f6e173bbb17bd10488a0d889cf127a2916a0b24001e58c1e6fa,selection
4580,cc2b13258f166f689c5e98705c6018175d7ee486ff8d3218aa0ad78ff0bf979c,evaluation
4581,170edc6cf8c9d5e86f35bebbe50496ed0cf9bd193e99e5f016f4ba5f40f5e9c3,train
4582,f4adc603855f5271dbaa2c87b288eb99ce3536b1d00305314b8ba44daca63513,evaluation
4583,298862af41b2e8b4d9833c5c83223b47653c53fa5de230cd83b70a19b34775e3,train
4584,143e4ce5b030c9780fea061fb42618e159c4160d89580de1d83ad7b1fb8b5ee5,evaluation
4585,b33cadef4ff0f7aafdfe25c97a5dcf438edeb1fbfa21cdff9c5907e3d1e733a8,train
4586,dde2b2e1b17bf281647f7d17bf8c2613b5b829d7a99166004517c903d9e99395,train
4587,c0bb87ccf1347d09d3a797b22f5c17509974255f8d9f54645a9a51f89bddf591,train
4588,9571d40b4f5a846e5bb6ce5409259db3e9e2b79dad0952b9ad3d4525724bd9f5,train
4589,dde2b2e1b17bf281647f7d17bf8c2613b5b829d7a99166004517c903d9e99395,train
4590,46a0d413d7f027ae8ec1f1d303700c774682f76850ea6ef02b1c22b8b6d18d12,train
4591,0976972179bf56dc68d49d88695d01a14f419ea2870ba2626d1ac3e854d5b021,train
4592,e8b4962a2469002a65becd2de0aa5bf367de303d48db94a9819a300f77bdc546,train
4593,4c321efff4faa871673b4984996f19ef5d5408021897c935cf75f1438b781412,selection
4594,4a83b32bf94d89ad4f6021bf69d5aa351eba278c144f40aa2bb55307c61f440d,train
4595,32da34f202dfbd083b48722a2fbd419accde6850208de816b5b8cb8d97b27f44,train
4596,109bd21fae9ebf91ed89baf23d67a690799a4964505ba79421fba85fe67a2944,selection
4597,a0bfa7237c5e606fc117a51d332b3253c70aabee13f47925b552b66ee990e08a,evaluation
4598,4c321efff4faa871673b4984996f19ef5d5408021897c935cf75f1438b781412,selection
4599,7d2560ee22f69760038be5e37e5bf68fff18992a22003a0ac9ab9c27e69fb842,train
4600,053d7531358a7bf82f3adc8722f903e2d2c0ff91509fa14b445f030fcb37dae5,train
4601,f38b5503ca1ddf374c575e321bfc4d49d2f1d8aa7c51cb9aa455bfbd49a67a0d,train
4602,9291f3b9bfa603a3f775787dad44290b9366e9dfe75a3d90b2a8d91663d2078c,evaluation
4603,37e9758665f8ec2a826a3616258e318c54a252a4e3a14262388ee95f3a442a80,evaluation
4604,6bcd26c1cee7006b3f1626244dbf6bb82bf4f17ca4eb73b9704e6034614b4b41,train
4605,1f3a4f349dcd0646a82b7260f104a0d070f448a33875345f7f9cc77a1f2bdc0e,train
4606,5b0ec0a6a0a305f4bee30bd0f98b3243b6b9fd59f406013b7dde0d6cded0d158,train
4607,ef218592dacee74ae13d27e35c612654dd9f33ea7fc928b633a69eafd0ca279b,train
4608,1873d4fa6a1eddafd5060063222234b0fcf5072d5fff2662b2fbdec07508da40,selection
4609,c2b1f7bd82bcd2831cdb0c08d5199f401f591586f85d3d86ee896b414766ac83,train
4610,2ea01dbffea0171424d05a0a4306e79f5f50c7335181a18c52672bd4f1c8429c,selection
4611,7f8e0a1ac37d200a96cb540d3fedd1b2820f5e0d75ccd58bd4651c32c7612baf,evaluation
4612,06a31e8ba7a016be2fb4274dd995c8bbd0635d5e1f1274f01bcf696cd3a78f76,train
4613,714f2b8c440713896df7477675c4e86864f481027e972f0a2e0348769e05b3f9,selection
4614,4b3d319366d10b8e419702df6efbb0bdad0d2fb9a291729c0d74a536163f4c6f,train
4615,7e877d60e820a7bb10e569f28a4769a01a1a531293f0848c3cb080593508efc4,selection
4616,bb39cf822e38a1118b31a3709f2abb68c41e60476bd4f65d368ca81681cc61d7,train
4617,c6446ae8c4eaed2548c74726e5b723c636108468d32db4f12c6ca387e05329d0,train
4618,8cf19cc2f2173c50d028390efde65a75e3c529a89b475faff9078d97723c3a02,evaluation
4619,e940eed0d13cf216993122ef200a1e5200b6d8d12d913f449c63dc7fdf50cb35,train
4620,886b51181b52c1da4aa78125cf0276b9afe8f73d0cf377a55de9990f3800c622,train
4621,ef96567dde6140c884f041b5d581276f0c072e69bcc6611bcc7fe5b19653111e,train
4622,70eab1ac183ae1f2950c0c6dc2fa90cace483ce9f05619e6aa816ab481e488ff,train
4623,d25271dbc0759cb33429ec02e4bc28a89bf81ba1346aca7f1601b8f66636be0d,evaluation
4624,218af3836a633a22c30e8a86695c81bba45854937a98a2b2fe44e14a2227bb7a,evaluation
4625,5c33503a6cfa7235d9ceae83a521c35efdeb7e48b52c076157cfdb7b5356a7d3,train
4626,be88ba91fb4205bd2e696da7c816ad45b37ef6f7420bd9def171efc17f36a633,evaluation
4627,9a9becbcf0e5c9bb3f582fb16a3c40835a11e8e9b4205666790ed94e083555ba,train
4628,9a9becbcf0e5c9bb3f582fb16a3c40835a11e8e9b4205666790ed94e083555ba,train
4629,60952ec1ee9cad57fdb4f7810cc8b3edbc35a88f694ddbff088dce760da0326e,train
4630,2c00a3e7a54b407c8b1781f4165afd07f0cacb1ead28d6bdf836d902b48f411d,evaluation
4631,edcccd414bdec60682e74ed16831c34a6adff24885b34d010130a370be8ca72a,evaluation
4632,be88ba91fb4205bd2e696da7c816ad45b37ef6f7420bd9def171efc17f36a633,evaluation
4633,505fcb40859c028dd2787cad7b0b93a012d586649c5ec55672acb61ccd070243,evaluation
4634,e47d1966d23ed1469dc7c38c87c1e3af0d3e5d373b28a25d87dc4b9765db9536,train
4635,a152cb6fb6650badd7a10929c1a9723d8d5ab6cf03637be013dd92f9fd9650d9,selection
4636,f14949fdabcb157e0d1aa6f0dadc1184067e11f785e882cb0752451583787366,selection
4637,39ff51f19b166b8c2ed3132169873c96a6330aca24c5accfae4f143d5b967a79,train
4638,c9549698e73c0c6ffbb5af9baf1723be7d6a39b1b7018c1c29a95ce6f56010d7,evaluation
4639,4f268232eb1f0f2cad2de2a9ada27f34fe87dba96939d621069e1799d9a9765b,selection
4640,afa26c1b5f610b961e9b95502d250cad096c976a33ce2a95a1f6b6f28eaae493,train
4641,542b415941071a9c16463d671d8549fab61a060e7b6057852dd8a1a16d7a79f3,train
4642,34c0716c5d53255b874a70159802fcc72d5cb603fa7c275205037877a5b05a29,train
4643,e359d067ecd72225404b3d23c695be4a33e97853279a757804ada0d20dfe2f67,selection
4644,623109c07b9a48aba79e66e18812d1d52b8f26bfd5e3e21195f3649fa9b9bc24,evaluation
4645,1b7d1e35ef163c25b1ccf9e68efb0761381d59d8b6cfd36da1a7f9c3b0f7f05e,train
4646,8a2e95b51745b6ec06fa9ce5b3629dfecbbb59871abb98861e473bffd4527f4e,train
4647,d6d1eab6566bf46368a35c7a51269391f7e9559e61c6f23b3b233ab1ceadbacd,selection
4648,79e2f9c9d9bcf67b5f6687fda785eddfdcce1da749e95e312fdc31bd3d49e210,train
4649,7443694561d2594b0aa8a0ac9aed2341470f49766788e442a702ade323e05d3a,train
4650,3ec4734453befe3cf927e5a7264970f54ed3df1d90113b8683cec222fe4d4277,evaluation
4651,d0a3ddc4c622136232553b21ce744a5cc6279f94508983b10be357b02813c71b,selection
4652,15146f1a0beb266d32ce5d353247467efe482ade40dde51b5f3ea0b21186145e,selection
4653,fe8e03b05a87e282da2c4bc4d07e119d420d9891f41242c666ae1861f6db65b5,train
4654,4e29019586c37cea7f95a1f3b5e7eea81d0ff9776fb6e6564fa3794f33f9e2af,train
4655,4e29019586c37cea7f95a1f3b5e7eea81d0ff9776fb6e6564fa3794f33f9e2af,train
4656,4e29019586c37cea7f95a1f3b5e7eea81d0ff9776fb6e6564fa3794f33f9e2af,train
4657,8964b74d3839949bd8231a6bdb6c4e392daaabe3ffc35898cb424f5f3fca85a6,selection
4658,b03755960abc092b38361f860b9c8bbd08b06ae401ae9b6139527da74dd667f0,selection
4659,4a44429c962f5f54e811a6935238f6a7ae98b2bad903e959aa76c9c3ebfd7e1b,evaluation
4660,84e93a750757ee63a98e98d0db51f390c1ec9d9050ee0dc121ef33137dca4e98,train
4661,d1b829162f6b07ee4e9274df16e5d9450347b1a7cd995f7c24ff8f145a73753e,selection
4662,470c62c9bd0432c1276b5d8356ae900343705b66ecc41f5f97a132e9641c6f30,selection
4663,d0b9f522026ac6ffb1d452ced5ef6bd3f9325a32814cba6fc1ff391795394fde,train
4664,c72c4268f851db5b304567e4481b2ae179b3a0b55248f9ec2c526234f9aa80fc,train
4665,470c62c9bd0432c1276b5d8356ae900343705b66ecc41f5f97a132e9641c6f30,selection
4666,5e9c2c12e3836d9c179454caa7e6940f11b2b8e726dd6877d185e7f6cddf387a,train
4667,2570a46a3da05ec4002432c84cd4a21b49c47942b52a81af82882233a86a8f1a,train
4668,2073374f381ddf5e1334a19d1da7a38e4c9e3f8e472181e0216a637202bcfa91,selection
4669,5e5f63ba52f5b32ffe66e0ce66357c302acc18c759a96cb12c16b864c4c5ea73,evaluation
4670,eb171d969d9473ac14e7e427ff53f41b3332d95d3f0098f82a3c856ef1838aef,train
4671,517f44e844e527cdbe6188658966e915452a96399c27eb6ecafc2a15c0d921ef,evaluation
4672,517f44e844e527cdbe6188658966e915452a96399c27eb6ecafc2a15c0d921ef,evaluation
4673,a0d568cffb7834871d9fee54ad5d862ec532c4cab85a81ff2bafb5138a690764,evaluation
4674,e9704b52374c3a99f7b4e0c85563e9fc8164cda6d4afc4484022f1851116b2a4,evaluation
4675,14dc0de3f8ab721cb8a5f29cb74c97ee104184cfd39230d3244165d505787038,train
4676,6bedff7bcdda42e4d42feaef3cd2604c7197e2d86996dc66a23fb6b4c28b96e3,train
4677,a0d568cffb7834871d9fee54ad5d862ec532c4cab85a81ff2bafb5138a690764,evaluation
4678,eb171d969d9473ac14e7e427ff53f41b3332d95d3f0098f82a3c856ef1838aef,train
4679,352e364110fe667ff725bab79a48f4a19fc0b52cd9c529bb3d77457b40f86f6c,train
4680,ac8f14254b9088f14f13d01f1d2d2918b6cbcc1b4f2fbdd8392e0f3616ba6150,evaluation
4681,d7d1efbaed440b639c8693307aa914ff7126fd2ae692ebd758e285aefa316e83,train
4682,09fc9a162491ca2cf023f609f1500cac89d9eed6cb76e7c612c0bed8e43b3b3a,train
4683,da6259545a173f9cc7da43dacf0ba6457885d01aa42e951462087e54a6739e48,train
4684,2456c926578ed2de7d5d816d49b63804ad6f6159aa4eea9d9241ef94139e1f5b,train
4685,6df89d258d20d0d52abb3f5c7e7791099dd26426e796dd2003f0c8cdf88ad446,train
4686,ac8f14254b9088f14f13d01f1d2d2918b6cbcc1b4f2fbdd8392e0f3616ba6150,evaluation
4687,4627fb7a4906527d33ded6766865ab88dc388083909314702afe29fc957845f8,train
4688,4627fb7a4906527d33ded6766865ab88dc388083909314702afe29fc957845f8,train
4689,4627fb7a4906527d33ded6766865ab88dc388083909314702afe29fc957845f8,train
4690,4627fb7a4906527d33ded6766865ab88dc388083909314702afe29fc957845f8,train
4691,f29c6c50c62c7f2934f844eded2918d6c8e7c1de07d1f9abd246fd7c471476a5,train
4692,1595532f8a8d48c9e7d961652f2c1683f9e0277e1c34041f7d66788a0556c801,train
4693,4627fb7a4906527d33ded6766865ab88dc388083909314702afe29fc957845f8,train
4694,f29c6c50c62c7f2934f844eded2918d6c8e7c1de07d1f9abd246fd7c471476a5,train
4695,782020647cd66cc951e271ae55bae674bd115ed5a7b88cfdca7cae934d226dd9,train
4696,680f5118c6a51b302ff7d3cd21693ee234a51ad55ac55e3fe1c63900f2087efa,selection
4697,782020647cd66cc951e271ae55bae674bd115ed5a7b88cfdca7cae934d226dd9,train
4698,a5449e4a577cc5ef43539aed4e76e78a4ac3595b047233afbdc782e26a557b54,train
4699,3a8b0ceb7a291a723c2c570fcf53580a632b1e1de4c640552823821381c0b77c,train
4700,3a8b0ceb7a291a723c2c570fcf53580a632b1e1de4c640552823821381c0b77c,train
4701,39ef8655e1bf11409396ecd4ad9706b4217ab0b0d7011cfeb62c838840ac477b,train
4702,39ef8655e1bf11409396ecd4ad9706b4217ab0b0d7011cfeb62c838840ac477b,train
4703,6f4ccae0c2e584cf546a83d4909f8eaa0948fbaefd3972408de059a382df2545,train
4704,af2e8e398f4a374f1254175150e03bda45f87e3b14c23c86688cdc5c3eebffa1,train
4705,a59507451a0df461fee3e00bc034c5c708e7ef2c488d7cb05a4f9e14a26c4280,evaluation
4706,e42755b014a08195863a71d98fd541422649d60098b96485b91037759b7e087b,train
4707,67c1516abdc7e28dd4ac5d323a61ceef38cfaf493c49e53dcbdd4feabdafb2d2,evaluation
4708,0ffae8c09015f4352a798d787453f6b615cab22416b811da9d8b36d5900d8be0,train
4709,415ba30a3bc5f9c2a4255b52b9d1ad4e05f2add9b59dc61996dee73555238dd4,selection
4710,1f79986cef2a9b54a127a4383aee5aec8ba7de76424cf56b849073e3b543a926,evaluation
4711,5d2ab2f13dbe898fcbbb5e81cbe56642fa824ad6499644b4e003f0b4f5cf2ab1,train
4712,a59507451a0df461fee3e00bc034c5c708e7ef2c488d7cb05a4f9e14a26c4280,evaluation
4713,774552a631b06396631ae9815a786bcf781e2497bb5190fc0f04edc8a556c6fb,train
4714,e42755b014a08195863a71d98fd541422649d60098b96485b91037759b7e087b,train
4715,46804b5d37580865e1f14923fb4d058afd7770b8fa232f16b579b38db93a4926,evaluation
4716,3aaaf21ca7f4b75f36b430537387fb93955dfc78ae8e5f809b45e6f0438219f9,train
4717,0593840917a54ceb194e5b6f3dc390061bd2283cf813f655afdb53a79c22dfc0,evaluation
4718,f35967d190798e0fe2359e51cf97a8f799008e9655902e66527feb1b22de76a7,selection
4719,46804b5d37580865e1f14923fb4d058afd7770b8fa232f16b579b38db93a4926,evaluation
4720,20f962b70fdfbfff76ea8f6b3f330a27c7b3e80dcbb7ac1c5f7c1716fdb6ffa1,evaluation
4721,1fe20eb67555735ddf0c79c75df341ccc1402a387704f6d4b494d95401f1ed81,evaluation
4722,1679cf2981a7c6627fa5f1d0a46e05c33201f952acf1e29c7d63a76da4f7ab8c,selection
4723,1663223fc2a938b5aece4657792c6f182103c79566d9dc75935ea77b5b40b393,selection
4724,1fe20eb67555735ddf0c79c75df341ccc1402a387704f6d4b494d95401f1ed81,evaluation
4725,48d93cd67356b69dbec643c98360b050bf940cdce0401076cefb5aa72173dc2e,train
4726,486318a83805783b91f602e3ba4a770751e5c6f61799683e984d8164431d6607,evaluation
4727,1679cf2981a7c6627fa5f1d0a46e05c33201f952acf1e29c7d63a76da4f7ab8c,selection
4728,2a005d7b41b28869034241f5c9fb94ca514d661547f24bc80ffefc3c94ea968a,train
4729,d8c0e0d5a88f645e65b07d7b705ad27da83ad12f56fc23367fd5f3e949c9622c,evaluation
4730,a2cfbf85e6a516c098bfb99e719771af73bf956171d9d22c3d1842988638f11b,train
4731,0fc199449877c92f1f855d267e8fa403e593efb0d2537c433cf6a59991f309a2,train
4732,0fc199449877c92f1f855d267e8fa403e593efb0d2537c433cf6a59991f309a2,train
4733,417939b1a565592db7ff325305c413f20e606f903c7d6c45c22740239574053e,train
4734,50d09eb53370c7917808d67ee03dbc38d51b426e9dc19c492c48442f99933c3d,train
4735,cbc1a42539e764c69ad3b4328fce92384b3fc7c5d080b7d7c1a44b6b558043ff,evaluation
4736,8c74068c159d41cefc3b87c3c696da24f23c0c081ce7b920afde6cd26c8f2b29,evaluation
4737,3337e146ec1ecdc3a8b7dcc765a05b391f51cb848ec5a009e1949246e7b1ca41,evaluation
4738,f2a7ccc24e41a6b64e1dafd1a6451082b55202a83ad0cc0a25058a8e5741efff,selection
4739,7b6bf8092fe67c3c67fd50537505c276ed82457120c9716fdead81acaf071627,evaluation
4740,ec5dd803efc5b542038b9c0fc483f3db7d51b82589300e935be333a28dbc5917,train
4741,d99754a462f75b8dcfbb9fab68aad60713e8385e0c47fcc9aa21621446da9d05,evaluation
4742,d1a293d2f22a0b9cf9a3a9ba6dfd8d32bb7c8b0150e4ca02e0f6204da3bd450a,train
4743,7718012c543617a11391a452c348098c637ca700d443caf5225699da382b50c5,train
4744,201d605bcbd999003850d8bf00db4d4628fedc74d9a3951864181421ed04f7e2,evaluation
4745,ca26a10a8208960491189b8199951c3a1a48556cd99f6a2b05e8e37360bbb809,evaluation
4746,8ce17a809649e975dfb83b4dae81fbf025501adcdde00a1758f09d7b94f4e151,selection
4747,b36ffbcd3b369a50e614706e42b8061e6f7d6b2793402e401cdc3e5e0f7b25ae,train
4748,f2d99f54cf111eff4e64c8952375a0ec9580213b88d51810bdb83cfa7d89b9b2,train
4749,1500657967120df04eb5816b17f5e3d0e849ccdbf4f69958e6cce9608e924897,evaluation
4750,7718012c543617a11391a452c348098c637ca700d443caf5225699da382b50c5,train
4751,de688d9d09184cc3925e1f1a6c40021e739066dc60e9a124318e0c6ed4f47798,train
4752,57a8f35469d5f9c9cf01c3756f02d06c7f521444bd87d8ed2693c5fe1dc4e850,selection
4753,6df55fd763b921269362c019416f55968b5d6b619afc76c91d6a10161d34e2d9,selection
4754,81348c156861d1acdb18b6fe989af48390bd73445872beebe39311eabd6b2ab1,train
4755,71f8f575bb28be4a7c1c2778ac24ecd7f3c135e64ee7bbebb5d11f3d2e554b3d,train
4756,1b2974c649793c174aebdc749b76783487023e884cbb7a6c110d05e10ee386a0,train
4757,1b2974c649793c174aebdc749b76783487023e884cbb7a6c110d05e10ee386a0,train
4758,a46680a91f7cb6c0a4c7adbc530765efbe2a3d6468b0bb6befbcf528d49e35da,selection
4759,8b51d4379c05c89b2f5fa2b32ed6f6d3b52299ae6c49451eb8c7f4fcf88a6315,selection
4760,8b51d4379c05c89b2f5fa2b32ed6f6d3b52299ae6c49451eb8c7f4fcf88a6315,selection
4761,c3542ae3ac45728b384205f14ecbe2d5eb750d374d7801c70aa58aa227733ec2,train
4762,841184ea9db82978dede44fedf0cef2d7de8186f3538831c6e4d98a71e8da9d4,evaluation
4763,c990bad35be59b20e98d945bdec5ce7366abd707bba93d9327fce9be9ed88ffe,selection
4764,83b27d5bd507252cb0b32f2634946f112b069543c046ccb50b2c98382036ff8d,selection
4765,7b4f803569aa94302f0b3045703c8378ec5b583187473a1883d2fee0685e290b,selection
4766,3b5140e1fd750ece2817e2680daf519009f1d592246734789295508872e1023f,train
4767,056f939499a83135646d1ab6a136a3c2c9f548a6252d66f90aac2bc442e488a5,evaluation
4768,402d4bf95c6a4ffd83ceb49999fa882b486aa0d340809daee21deb8849a20abf,evaluation
4769,402d4bf95c6a4ffd83ceb49999fa882b486aa0d340809daee21deb8849a20abf,evaluation
4770,402d4bf95c6a4ffd83ceb49999fa882b486aa0d340809daee21deb8849a20abf,evaluation
4771,402d4bf95c6a4ffd83ceb49999fa882b486aa0d340809daee21deb8849a20abf,evaluation
4772,9a1a80f27a99b7ad25ae7f580bc5b8a22d7c8f01500e0c873395bbdddeb0444d,train
4773,cc38940511f387610ab2c00a153b2404dc349b592ec6a4217d2ee2bbb19885f9,train
4774,558ed73f9d1d3146b9131e745fc7024ffac768c80b9ffa50109275307c96d7c4,selection
4775,5a7f3180c947ebe387280445202c337daf4f6e600d43b3dedef49896f7caa04c,train
4776,efd473ba355cf7f283501f2b5225123fdc19d217488f144a384fb47a119ec832,evaluation
4777,b786b0dc550ab230be2a5847d126c656ad6604736b2a830a537dbc5adb505839,train
4778,901194aaddc4499603a8c39e5703dc3d0688a1e61abe2079a3a28f9519f111cf,evaluation
4779,f8cb2eb47916b1590518320a5a3006f9c87a7112e8ab7328c6f86c840804069e,evaluation
4780,93b7724d5c2ddf9c722b6de9ca1a0da5f570ac4d3a1bb08d8dea3a833c3d0e61,train
4781,f8dd7c5a5b8dcf65306866b59a0101d72f25fb21bbced9fbb21b97fa23676e70,selection
4782,c2bcc5f207b040157d1939359c6925bf5110a775e7602e847798113201e5af99,train
4783,c2bcc5f207b040157d1939359c6925bf5110a775e7602e847798113201e5af99,train
4784,ee8c0f15f25682c82fc94f86658b4c6fb84bb8c515cd5b7ca2ab28a2af93b48c,evaluation
4785,ac13b623391a1a8c1db20a2162cfd0807d06d566f13afc0aaf051e42b69e59f6,selection
4786,b6f51311566b5461e7c898f9ae718ab23cc65b1c9299b275bde25c6e920ecc18,selection
4787,2b9ccf806edd5f584a7b8a95eeefad76067480182e6e8eba795197089cf0abcd,train
4788,ee8c0f15f25682c82fc94f86658b4c6fb84bb8c515cd5b7ca2ab28a2af93b48c,evaluation
4789,1a2cf393b0ecbca59e9ae652eb29e95cc8ff8376322ea93c2e3df1a22414c1fe,train
4790,77c9197baf6a56f034ba46856296718670390ca39d23e20adaf7f7c6b5a06466,evaluation
4791,c2bcc5f207b040157d1939359c6925bf5110a775e7602e847798113201e5af99,train
4792,9e9b71180145e3dc75b65118c2514c110c5474959859271fda1ea6b940443f20,evaluation
4793,debf35ab5081ab7631567c0772b8b56aa24491c011039f5a254c56b4847a79b2,evaluation
4794,79cbc7dd9114fbecf0aea9738675222de237743c604a8f803730a9018248e5de,evaluation
4795,802c0c945056d8b8da174c3ac6d3c3b91f9011eedca40ac78a98bbcba29c32df,train
4796,802c0c945056d8b8da174c3ac6d3c3b91f9011eedca40ac78a98bbcba29c32df,train
4797,879a9f5ae541d16d8ce3930dec84cb484287044b591c184951351bcdd96bd513,selection
4798,d989dc3faa000a3afb8cedd13b5023ad7793dca0d2e6a3aafcc74b2fbca93e89,selection
4799,e0abfbb74848e41571e00bb5eb9335cca7cf41902ff235a0b2da31598b9f965f,train
4800,9b8cc7a5ae34490ae9e155ab72ff011ad798b0fbf067004643eb6c3573752247,train
4801,802c0c945056d8b8da174c3ac6d3c3b91f9011eedca40ac78a98bbcba29c32df,train
4802,ff656acc88bfe499e8cfa96af91f4b3dee701b7fcd0682344dc1fbd0e6b9a51d,evaluation
4803,4407acf134f1a2195913c150db6d1743a196ebd0c635d5d6d22e45fafabd62d6,evaluation
4804,0b934864cebacf427907f3d8fe82d9f7b950786f31dd11312ca16cbf419dce44,train
4805,44cd8c4d410a62343200888ed2bc046b7a10da000346e0d00e205ffb29d625cc,selection
4806,21b2bbdfe3818bafe3c7931c29e3481e9cf8dde08acefe03d8af7dea6dff8689,selection
4807,fcc74f40dea33d6c03a13eb7b6fd566470e111dc4290133aee71ffb19027ec79,train
4808,4d6cfc074aab9845f0881534a3d4a8a241701e19e1b89043d91a4daec82bdcb1,train
4809,8f2b4b9429ceb3336ebe8411085b1e7cb638fb5a1c48a305d23a7660e1d8355b,selection
4810,d3442d487ff9014baa0e575d640685e72b41e390a4c7d22503913007e344935a,train
4811,2a1ec8b053cc9146faa58618dcc4fc660ada71b2c91da635c1a561cf7c5a0a9d,train
4812,f8afa4f3a96c77bdeafc60e353a7e81ea894f5107ac611d3322ada60c9a036d9,selection
4813,d6c67fe24b70d56308755a98889eb9a291447f844c20b567134c961a0662d560,train
4814,5b8786e3c32d36bc2f3925fcace59efbdfbb05406708e02c2a009fced94daf35,selection
4815,8604d9362c79e3b77f8458df4e3183afd47032086079bff197945abdac86b0e0,selection
4816,13d7088790c0f26ed8bc80a3e73190efa582b4eabf6c302e4e7f0522ceee6dab,evaluation
4817,e16be02ae4d41077b9a0e979aed2ce03270e15a1e5e21119ece417b7462785db,selection
4818,17c86e9aece235f84dcf9d86c003f862c43d70881f0549b70d9fd35d13f4a50f,train
4819,5b8786e3c32d36bc2f3925fcace59efbdfbb05406708e02c2a009fced94daf35,selection
4820,d6c67fe24b70d56308755a98889eb9a291447f844c20b567134c961a0662d560,train
4821,737b5c6d53380fef4f67b06495f617d177fd342f5b8a67a7afc4b8524f2ba047,train
4822,9b8b9c8276312f53049d2394cf3e74a9a78e80c5ea827ac408d75c01bc7e9e0c,train
4823,a3f8319436bfb2033e1d48896125b927d05cb4bc2b568471c0085fa3dec9cba3,train
4824,e1fcf1ad281b59629c11744855b0a74348f03b976c0c915252e37d9d8f6da4a8,train
4825,afb35454d7ab08a322f5f09f9c0168bf8704052d9068fd208a7b1a2eac0e1f97,train
4826,afb35454d7ab08a322f5f09f9c0168bf8704052d9068fd208a7b1a2eac0e1f97,train
4827,3c99b51ba72c370a36dd4e07e9934efb74b4369ebc341fdff27b8e885b28f4e0,train
4828,e1fcf1ad281b59629c11744855b0a74348f03b976c0c915252e37d9d8f6da4a8,train
4829,fd169c9d887366d8ad99c4fd30bf7c1913119efc9fe78cc4915d9de0a965ef27,selection
4830,4db4021a4c0ff909e58bb863dc17aae5daa370e432a9e9826ecba7658b7a78c4,evaluation
4831,c150d5d82190c66b387bc4c7c172880cb1f931f1b240b0c4c68c5899c8c41abc,train
4832,05a49d43da8fd79dede54cf0adf29827d8d5067b143665200d3ed7f9b598873d,train
4833,0b50b993ecbf5363a39f037d7f2220d83d16b4f403c1cdc9f133871c52675b05,evaluation
4834,21125ca086d9592bee7ebaf6dfffc7d77ce2872cc160a315d0089d48b842d984,train
4835,b752d18db71eda005703166ed365e91ae03d91f2d626906276274a592ce856b3,selection
4836,eac805fff871e635b504b92a55123f54c46d36735164d8b8082fd94d80b62ae9,train
4837,50218caff7e31267edbbe30ffe0c60462a3febd17027714d6eafd3891867ff19,train
4838,1085f38cea39c18e939e675deb57aa15e42a691dcfafe6936a6a9ae2e9d647b6,train
4839,8e13f5a27f2a576293f62b5b4ca8805f1ab32a66b26e7e642861a46088903b75,train
4840,0568c0f8d818c2289227e0d18498cf6cf7ffec130441a5111f5309be4c6d9953,train
4841,e39f55da69179c493d8e052d74bc91702804a26205af8f70e90c74c010d4f882,train
4842,2d2ac358308c3f9cf30a2ecaa4c87591ee96e6ecd8261be9bbccb250ae4a7e47,train
4843,87c720d22c682db968fe0772b94b7716444a4318f837c073a730c894da335a98,selection
4844,40c10f9a42e4297631a8baba341e7f3a337533dc7ffd3ef70f5e59cfe5a1d341,train
4845,1827e67c2b2ed285c9834b8c606069952d69f9b3cf7131ebce50cdb06e3c0d44,evaluation
4846,d8a6a8d7b9dc4f5b5204200e558352c575df746b973c9372fe9183a66c225cdf,train
4847,77077116d01a3584f8ec840b5dff4e9a8e258ea8380a88362f51de557d09b34f,selection
4848,7a330e3046ec29faee31203af8175afdbc92e2c75cfadb6002a9957ef1c6c76b,train
4849,4a3d66dc5364f3a530bd19c5b7ae52c215e6980ec0d87373a092b717cec19997,train
4850,7a330e3046ec29faee31203af8175afdbc92e2c75cfadb6002a9957ef1c6c76b,train
4851,4a3d66dc5364f3a530bd19c5b7ae52c215e6980ec0d87373a092b717cec19997,train
4852,c889bae4c1d9f25f44a8220dbd45bab72e694c74c7181458af6ea666471b4598,evaluation
4853,63ce969edd43fd11bce9e4c14809786ef35fabff8fc45581eaf64dc7ac3b6c62,selection
4854,12edf0b04817f75e052508828195c657c4f000b52046440641eb5d09c8b123ff,train
4855,2fdd94c51fe5ee16e13fa59b99476f5d3c813f01512c1deef0e0b18240b4dde2,train
4856,2fdd94c51fe5ee16e13fa59b99476f5d3c813f01512c1deef0e0b18240b4dde2,train
4857,b5fb9491031701b4a28e0615d8fc26fa9ef2efea3f7674b2edf46fba2c3203fc,train
4858,7e03eb1a6194890974455500470f36bda84d436f8fc4034e7e0e43eda3b9650d,selection
4859,30366f534c60a9db462cb1e8a4b050d8a285be3f6f598825d1fab19df1872f6f,selection
4860,367734c04fd5dd2b1092d28c81aada66259ae0a1f700f51d4afca639b04d469c,selection
4861,71d98bcea8a91942dcfea7db912456cbe87921c49133e468fa75e260dc015337,evaluation
4862,cdf60f0283d5793f3fac8f58f9168424af4d1425ef76d3cd900ff436ea9c9899,train
4863,dbb44eb701863d31e0c39c37729cdfb47bc35ad1b4e1dbd53467dee3a8eb61b3,train
4864,391b737bc3a1e3dd7e56e6404accaad6bba8e0501e9162a0e081d1664b309f5c,train
4865,88bdeeac69ca4c271878908bd9fb7b38f252f850a82d5deb4edfc4c60f74677a,train
4866,c14eaa941fb7b609f6dd334b73bd479d16400a84ec14f993be3ee87d614797d6,train
4867,5c32aeb2f6497cf782cb7d82cee24c7280266484644372282c118b7b6fdce4f6,train
4868,12909dc8fa8cc1965e103d515d21d0d0eaa4aff3c1cfce8e82fba7393d5224f2,train
4869,826e0f97c3546d1de4829919c07e1299be7eb2d001700f3b61c0dd53cc9df0cf,selection
4870,a7fc454a62c6906d05cc7567f320ed8645f417a6a7842f63e4ab2b908a3ce3fe,train
4871,92b3a9fc4fd98847cd17758ffaed7afd3125e8bf0bb718c2df7591a1daea2513,selection
4872,bb1e4d88852e43b2f7f7cc8ed9b89117997ca89489bdaa73df3ef7892f5ae746,train
4873,85d33e6ecc35b04b8356cd2a4a336418c6336cb14d64946ce7c781f25e21aa97,train
4874,377c49dc54ffccb192a019778a685e62b972efcccf51539de474b0713bcd7ca2,evaluation
4875,6b47b3952fc91ddfe8530a047763b66acba32b0c03160e47bf79cf45e389456d,evaluation
4876,babd3ef1b2c91c99cba30b32e51c4ec5689fb218ad144fb57fdadbe44ecd465f,train
4877,17df0041f3c2d5664563f15d6b3334614b0ccf3d3a7a977cd7181ec7b85320ba,evaluation
4878,aa6982d5258b7854db384fa25a4414e3ceee82aa43babfa3a2ae8c6c5245f68b,train
4879,5eb17e102456b9b69b9f719924f3b8291ee65622c4f43c2e600966f203397e3e,evaluation
4880,5eb17e102456b9b69b9f719924f3b8291ee65622c4f43c2e600966f203397e3e,evaluation
4881,973f42912fa551f1ba7d4954310d569419ea63ebd16ce289a0737812ec54e08d,train
4882,384ced2a1060043f87696724853dd193fcc04203870be5d04525a793b4ffabc8,selection
4883,93dba46a675e36a4bb1713966d525c6fae219d4cbd0e4d51db3654b2f7ce5054,selection
4884,6f9a6bb6c5d13efc78ad6446152c317faf10ed46f6add07f9c974c5323d2d361,selection
4885,70147da6f2e8d4e8f3f750e4d603ca40b583ad0804cb6783c71a1d75ccc0e2aa,evaluation
4886,29398d77b73ad8635f7207f0dcb1564e5962f6a6f0a6780be63796accfcfa50e,selection
4887,946839218fd6bbde797a0447e6504eefeb377ccf3ec563d76ea7d093ecbecf68,train
4888,1071776e6568ce64f675349c21178ab0e9d251f662b7baf34316bebd8df6d3f0,train
4889,50de60e0dabcdac359d53b3dae9403ab8fb9f5ff6dac39c95712b601e2ce2039,train
4890,7ce91bf3cf587c55cf4f5a7695ddd0b3039b068102341d8666b727a2bb60935b,selection
4891,98d54c7f715a1ccbe174ec3b4a4b42361b1e22af846295eb10187bb9c92bb6f3,selection
4892,fb38dfa5a1b52f439d71a24dcf1d0913e17c1c13bc451e872a3c0fe477e41b6d,train
4893,19c3b46c331bb611dfdad0f414bd272c1cf77ffc7e779ac0b564d151797ac21c,selection
4894,c17b1ee807346c32d0b7ecb79feb4c3e15d91610085fb0d092ae4afcb6a26d89,train
4895,55533b9e5f23c43700afe91e725ca332b69e89afec98e87953ee5ae9a89170f5,train
4896,10449e32fba4bd9160de23fe26034403f9213f1d66661498725d1e23b813aca8,train
4897,8e62932cf77f9e8da593dab0fab08d99c3f056417e203fa2567de0cfff302b06,selection
