source_row,input_group_sha256,partition
0,15f570f011e2f42c6adb40330d35d0d48eb9e0bb33787daa2a89e15e4865f145,train
1,1061414e9b39a8161977fa15b6cd12fbb5dfbddf87968df691b932a81b20dc6c,train
2,46b017f5d35477a59e7685014a0029d82a5df094d308f62b873f6dc5e7dac44f,train
3,00f03269910f857a48d7bfa94c09328398fa1ff0fc41eb63c6cdf7adb30f9f98,selection
4,15f570f011e2f42c6adb40330d35d0d48eb9e0bb33787daa2a89e15e4865f145,train
5,490071a02c073cbb988c6c39b1f30cb011b168bd51b3a0c9fdee4a10e29b4417,train
6,afb8cfd62fbdd50cbffde89b8ad22afe7188ad10171e7eb38d6f79ca56a6ba29,selection
7,845b2cc81e50ea9647f5cd861aec941a6ceba3c880a421ee5e7cb7c5c00839b4,train
8,98bfa30d1122e90ff5b07c85d0992a1636466f5ef862795245e4087069a7e06b,train
9,4c45a64fbaf1130cb822b822366c84ca7d1cad6ef0366fcccedb335a91145869,selection
10,480a42e81765569043974bab9756ffe189e5958177d85630bfcb0d4bdbbd4ae3,selection
11,4c45a64fbaf1130cb822b822366c84ca7d1cad6ef0366fcccedb335a91145869,selection
12,41009d15eaeac39fdc7969c55a26729e0c0705c267865dc9aa78ceba3cd7cbb0,train
13,27d7c1dd6d6aa6c17c240b85fbc45fa24b1242547ee5a4bbe21ea3065a299b16,final
14,e77cae922397246def59e74b92e5023597b1a05f3c52fd1198c851f72768645f,final
15,e42b8ee8d4e287bc17d0d5a77a54d3bb5a9a01c9b3ec3e1040a15604419539c8,train
16,468f479acc566c127b33c40607f7f9bb7b18ccc903455e0d801a7660da04457f,train
17,f6d266897aac7b7a9a6fff622960bab5e44d76d194ebdb98a805f88a27a4fc88,train
18,41abac449801d762be9e79f358be19a32b5a82b78e89e8cfda0158a43bc4bfe0,train
19,7046c2e98bc90d9a34ce7565986c5fda4a5a09f36b8fb8e81ce0c08f1da45582,train
20,e50b22ded0732519a09bd3dabe0b0163e818dafc25411b28fcc48306281f65c0,train
21,0b66a1c16d1bc1394c7a825a903edb52e41fb8c16e75d03be91c61c21159e605,final
22,e30d5d475326bc577250edd5d69c9a356adb9b65efe2d3cdc8fb2f5496a1cc3c,train
23,4455ed2947c3e2ffca36934dae52da6f5cccf0ac7416c3ebce6f5f1f3c4a7b6a,train
24,05b2a024fc75202dd15b5957a55863357743928e7c872c0797d168863352f847,train
25,46f034d2f460dff727c6226ba5e2346dcf96db7ebc42636741225d6f419bd6cc,train
26,e3a61761f711634d3c6ed0b89d0288901315567b6ce8a4cbf44bac38656df3ce,train
27,e30d5d475326bc577250edd5d69c9a356adb9b65efe2d3cdc8fb2f5496a1cc3c,train
28,b45d9d8f2fc2dd13d234e38acbc436a9752b0c649bb397896aaaf15fea97e431,selection
29,a0e2590df4dd39d0e26aa903d0f81310b89dfbb2f38705002986a17dc2d5cccf,selection
30,57e533751dbd9df1d141f3505b2b956b2b7cc4e9f0bc9e21cc83ef998a68e9d6,final
31,4338dc9c4c06a9e65576e0b6e2cae1c45b65715f7b95d302cc0420adf2ac64e0,train
32,80cf62cff24ee3d62a5fb00f998f3fb1e57d03ff4119ecfd88542e4806a71c59,train
33,42813899914311c68e2f4e4cf5568305706620a673766965cce967e558b93692,final
34,1d8e756911316c6d7391d4ff1751bcc326bbb409534c8ceab62c40ae9e0fda73,train
35,edd3e2a3a26167cc0fc24e09cd18603607b83ef985d399826789b7830c4f290e,final
36,4c71e34fdc985c762ac223632e59014805026001fc7f61f8a0f333db9e0c449c,selection
37,51d33b191ea4390600f286112099e809fbbc9adf0fee67b8ee7b15a04b1071e0,train
38,4aea88e5bfe0f688cc12a1655eafead44fa43f37e11b781691ee7237c6b08d9c,selection
39,4ce61ee20ad9fe41519910296df30208972bd25e0d662da63396eb61cb526325,final
40,4ce61ee20ad9fe41519910296df30208972bd25e0d662da63396eb61cb526325,final
41,8fed66a3083bdcfd235f900a9735946019fcb538b5852243f4775bd18d3d141f,train
42,29aece572a471fb1d742c6dc6e2b6dd2a7bccdc547d793e172e2befd0a064a58,train
43,bebc83cec63ea84ca7afeb3abd3b4b3aa6b6499380a058e9cbefe51210afc506,final
44,0e07ad2ac62333ba6cd25a6ceea661ceef9ab6abe3f4f4356ddf285aba7adb94,final
45,4463ec88ffa66ba50bc3595563efdf80a646c0659cc7a07105ff06c2d398799e,final
46,b22c5f715bfb2d87adbff2b59a6add9bba3e09f8db1eab79ddcdf85986b81eed,final
47,8df8b345aacb7d9daa540989eff7de4e1bd0316218aa34c6f3139397c9330d11,train
48,2060e3a3ec1db3d9f3222e67b6687b2c8b21d279a920b4c559f3ea7ab8ffa1f1,selection
49,6131651f5bf08484977e6ff9e7bdadde86fc855f162d54ff06b145b2321eb1b8,train
50,70163b82cda2a1613896c0e50dc3bf03785577844554a17829a28c6ff8c8c61c,train
51,c1936b37daf412ecaf754da0a09a5ddc86dd9ee3c9e33880c012663e1503a901,train
52,c9b4eda5e061b32bc294b6f36bbce016b9ce10ab648f71b16c646f25df06e40b,selection
53,148741a7898a999d1b140cb656fad331be97cb7bde52be1f259b24cecfd197f9,train
54,e0ecc7ec01c105fcee6b13bbecb8172cde84f005453c0c371dc01fdc51570f81,train
55,831867b3a476ba1083ddf2bf4effc403ee785e8090c72a134e62b4cadd83a59b,train
56,1c2ccfa195eb324c027337c5357d75bdee2b5fb1b5b400ab859238b25b38a1ba,train
57,b765b0e9d401aa769d96046bf35d66795061c4c0577fb6338a04ee1d8315ca00,train
58,d49dcbe021557c5eea204c194387ccf9d0b691971deb0a074d6c6454ebf98e7d,train
59,4c46019edf3bb629b2ec54539c7f2401efd82ebb6cf6b7ba6a44255f79dea9fd,train
60,007924a6a584db9efa718801b9a55e41669fd45f1eccb7f29f10424949ad6c64,selection
61,a063794482d2e95470cdd513ee36e12d168bba61f5bbef70302a440ee3193dcf,train
62,7864d8e073ae7afd92336ffb3505ca48315bc001196f2b7489f5dc4af7ed047e,train
63,7e5a7706ee954ede7ea5b557cf59ca328b8c9fb266ba969541f625540ffb48f4,train
64,bcfe8a272d4c73870eceb9d54591d21c289b14bcb033cd9eb0d613318663f271,train
65,bcfe8a272d4c73870eceb9d54591d21c289b14bcb033cd9eb0d613318663f271,train
66,424182c982e46fc18bf46c01849ed9ebe54abf7950ae7897645a563f9415ccd8,train
67,bc0b0990a7d8eec3659451c107ebd7d2f7e620004bd13314205dfe2ed6de79d1,train
68,5cfeed1be696d28ae7602ff1c6bfe417e897a9258dbd503157ca022d4a4b7756,train
69,36b9c183ec511a75eda67321c4c5e94e00cd9a8882e56843d9598030703b393d,train
70,6dd9f0ae7d9ab388b9e403e678a7c7e975774c21209a9492afa0336f1989b78c,train
71,7f2cea40a56643fecde56e171e4f9b2bf35fbd7b08aeed83f0e12d9a9015a25f,final
72,203da2684e34b2e542d788aa0f9026c9afef3216adca7840737e2337131b28a5,final
73,fd99e47fa1a34cd47287e8ca6d61356ae108025f8fba931c3e18cb4137adee30,train
74,a091fd68b5280ad79dc7c425ea362f0789962a5f3bbfd5b4ebc082fc01579e58,train
75,8fdd962ce7468b68364ac96c79dee6ebb717794728027ecc8928b2b9b0293583,train
76,8fdd962ce7468b68364ac96c79dee6ebb717794728027ecc8928b2b9b0293583,train
77,8a14adec2b5ef7ee5c064c964e249f83388f7f55d3bfafdfd40a172ce3b1ed1c,train
78,14405e9604441db94cdc5d94cafd9091e0478d567e1a588d79c488c931bc12ed,train
79,7e62c282a65d140810270461ea8c3805cad6da08a0de586464fd5851228ebe06,train
80,f9e91c5c1c4dcf0c51ae89faded6d0efc5c7ebba98959ebe2b54da656ad035a9,train
81,3865be03ec044e664e392a73599cc6fadcbb7d454ad541e1202eb1c5cc732de9,train
82,05d10f0e4254cf78f6e8db056ea0bfdb72d7ad1b9dede37f6d1df454a15b40e4,train
83,d780706190088dd23640676ee8d7c8adf901596d8f93b593d48a967fbca7a3b9,train
84,d32b9b7f1f82eda7e2d4d8933fdd3caeed1a49fd31d3c8f60390829b4d90eda1,final
85,4828cb61a96bd0e9ba44a34bfdb280c765bff908df802ed324a08ac6f39883a3,train
86,c9cdb008842794b0b83b129e4b6c1abae58b918c7d9dc840acf48d7617439963,final
87,104f0b6cd10813b418c122da3c2fe755484e4d1c759979963148b32fea6fafe5,selection
88,ebe3e436b25a9c7ca975920413e20764fa008afc88bbe6f9eb82cdf878726e4c,train
89,34ed1aab22b2da787ee2158357405a6e50fe23865274b4c36a168863233b7c18,train
90,e513d3a8311150f6785d16521bec21b5d70411b6c149d7a53f1dfa8be0f027c4,final
91,c9cdb008842794b0b83b129e4b6c1abae58b918c7d9dc840acf48d7617439963,final
92,061f66e90f8586bac736e3facc9ed209361460d07a2566f292602bd77bca5054,train
93,104f0b6cd10813b418c122da3c2fe755484e4d1c759979963148b32fea6fafe5,selection
94,d8c81009184322f139b2b4376864679b37602dbc52f93cdc2576902883099aa1,selection
95,b12ad77262483b0644ac4e57355c6faae8acb8bc6537f9cf8b275a517bc60c67,final
96,bcd047b915f2ed42ae53e88b5326bd3033c737343bc8e99608fa573b5070ecbb,train
97,079d16146d8a67b54a7ac02952b311185a437bf557d09b6688f47b4d3fb99f99,train
98,4c4ef14860ba57de38c467aebe966b24fe4f061504ad3675b13a516bb2b58667,selection
99,030388c7f7a0fdb0b69079da4e65396903c8db1ce087a7efc2a5adcf649fd1ee,train
100,7a40159527113e562354cf237d9c48a4d59dd7ee67b87bbd2f75aa3dec8c7b8d,train
101,af12345b8028eae95d4d9b16fdcbcf200d5f64a862de91d1173a9a8b95863603,train
102,030388c7f7a0fdb0b69079da4e65396903c8db1ce087a7efc2a5adcf649fd1ee,train
103,2b4a7aa2b8e30f11915245c1b04d65b7b7baa9d272ccfa054a75421909fbf106,train
104,76a3f74da0a010a22462209dcc5741a99932b0b1f13041786a2c73157937ce8e,selection
105,2b4a7aa2b8e30f11915245c1b04d65b7b7baa9d272ccfa054a75421909fbf106,train
106,0411e99b089367f397fa5a5257515d43f07adeaebc8eba090095ac970d7b2944,selection
107,6efa2830ec9f684ee504366479523ebdb4cf5686ce6a4e762daa5853343b82b7,selection
108,eb4acaa3603c4bc6784788474e9dfddff5e627d8675ee006e7c8ba71c8e0a507,train
109,2be4ada38d883a491ff6bcc53ed179f54d2d8ddb52d5719f7348fed92a98056b,selection
110,e9b994b1381c29ce382cd6d1110aef9f502e15b88fc6985fc089ba1803890027,train
111,311c4871f16497975e5df8ed0a5a2a6717f367d87e4c4579bfffa7351aea8e2c,train
112,aa4914ee068d8dc398adf7af51fbadbbb7d51bdc8341fe9c77486b23b6cbc240,train
113,838170b51c92c40f6f1dd3a95ea9e19e93ee2897b4295dc45db24066ad49ada8,selection
114,e9b994b1381c29ce382cd6d1110aef9f502e15b88fc6985fc089ba1803890027,train
115,ae2071f657698369de5baabd277d5c464dd00c584a0e734cd2e74ab80cb96161,train
116,18115ef42b5aed95d45ab7a78b540c257b6a7c7e81dcf8c73ebadd313fbf0f28,selection
117,0828734ce8f4f602871acfbd7f6f8c4adaf2a0f3262f213e22b986d8d086dd8f,train
118,6e6772ead34965e00a91205d971e4ca4230872fd23c7b4a10c7bfbf7be722c25,train
119,f42078e7a183c499ca9708f09a9746721f8d89555fcb6ed6b4ed5ab9a0fcb7ed,train
120,9be827123d3010fecf9a2fa454cd1483abadf2a9d9a9f112f02e6e6e81bf2240,train
121,6e6772ead34965e00a91205d971e4ca4230872fd23c7b4a10c7bfbf7be722c25,train
122,d227e48988fdd004a900b45428ced5b3b2a87ea492bcf33be0fa7b15589153ea,train
123,20f65fc1c672a2808d0a4db6f7ad98b37e054625f087c035fb3f0810a7ecaeac,train
124,ff44bb07444fb9644ff01ff75c1b9a353df108af12e6b32e432c27631f4c558b,train
125,0c6a70540359abeaebf21ca7bfae66e143ca32f13ed4924601d16e9a1342db8c,train
126,a98ae94e0fddd010bd59b947669e19e083e34e7b2c3064ac40dc1f3e2b80ab9d,train
127,602544df48e52229ca71a921b4f62b8ad05ca0ab3a8bfad337d5dde6c0b9fe8a,train
128,97ac82b364d4996d13993102490038387915ee8a85d35e7a2f29c9447728282b,train
129,fdc8a9364a5175aa4a29b1a04ebb397fc063d110299096a3fcbceae0ca054099,final
130,94b543a0a363605358a3c4d2f77204eb5c806ab791e1d25f75a54789da3a632c,final
131,1e794721e468cd1707a15edef791afe61edf0b7175c75da10d1d2e121bcb8652,train
132,1e794721e468cd1707a15edef791afe61edf0b7175c75da10d1d2e121bcb8652,train
133,f8c0db74ec57c5f88f623939681085c52c809345628e2fa78660ac8f531769cf,train
134,ad50d3e5866d23c5b72cf3b769bde3b6048f2bb497f6012c3595a35ac0a7fb44,selection
135,bc28582470b26358a49b27a53b4a4856b97be27d141fe6b0bd0243fd7261ef51,train
136,7a09d942a87057548010bf82dd3c1fe2e37029690a07fa6185df7c83b2df6ed4,selection
137,44f84c9b2a3a4411c3efcad9ea8b12d46df32c395c2b65b2e696eb1a22d7f9a4,final
138,983a1f234eecb61a63596fb3e6581b6c597ceea967c50ac7ddefdc690b93485f,selection
139,ba8fc2e844e9a986ea926f9857ea51d8282a777281e73d5f6ac4acf6f5686b55,final
140,bc28582470b26358a49b27a53b4a4856b97be27d141fe6b0bd0243fd7261ef51,train
141,7a09d942a87057548010bf82dd3c1fe2e37029690a07fa6185df7c83b2df6ed4,selection
142,3510319a76e3279da99b5b953d600dc29313e7a3557935d91d7ae3d446334a0b,train
143,4360d58750cef4eb7ccec0c5698ce9287105ce70c3c923b755a3ad530cd89196,train
144,3510319a76e3279da99b5b953d600dc29313e7a3557935d91d7ae3d446334a0b,train
145,689cd8c725d76a3bfd3190dea3e02c401acdf85e3ae4c9bb7f4f811f516a5114,selection
146,a032273d9cb1700c0ce60a51291205793771c86f29fe5ad0d307ced31e2795ba,train
147,45c150d437f5e2eff29fb464d452b4c860d1ca04970645a84f830039d6278205,selection
148,975fcc333eb87dc4759f5a52e32d8851c573ceec01b01f0399b6d3500605148f,train
149,ead723a80b22150efde91dc80b2b73904b567c98f2a66d99144542a7241bada1,train
150,db210600e31619851e00b2fc1680ca0ee752cade11fc0759d54bf59972ff9c0d,selection
151,cbe55fda4b0e78a9121537b8d7c3f320dd24402e0dd967f515c6cf0ae3e45a73,train
152,24907a0d8d8ebd4d24fa7514997612aa8803d70e5ea82f63d950bcb5e3b562d7,train
153,24907a0d8d8ebd4d24fa7514997612aa8803d70e5ea82f63d950bcb5e3b562d7,train
154,844d15b9e0d8d8a85674e5a5a655258427c568b89960873f004feade55715dac,train
155,d385570cba026b791e0bd758ad3d275bc7e66bf9713c00b0d7ac7d7e0edae636,train
156,844d15b9e0d8d8a85674e5a5a655258427c568b89960873f004feade55715dac,train
157,d385570cba026b791e0bd758ad3d275bc7e66bf9713c00b0d7ac7d7e0edae636,train
158,14e8f51df62586f694c10a4960300b8b19ab6c55bb1d9c4044fdae796adecc1f,train
159,c355231d850264cb10d00cf018bd6f383aa34aae9bfa740d4bf6d63c7ef49298,train
160,e8d4de8b94ef7e1573e18aafcc24911e7504b7e1a974cd1ef0759c04fb8672b8,train
161,6cc516af725254deb6ac01ab8eadf5a0fa80987a6f526fd880cd1c042fd971dd,selection
162,08ea8c9fab80e4c0fa7fc92b3451c77110e3fe176a5714159863d67ec7370b57,train
163,0ba3de6346995a998a7558e008fa72af3691131b1b98b16cc15e42319d16d34e,train
164,6696034e973f38b99e4c8f89661a613e773c5da8d4908b30fb3e7295fb379c52,train
165,30c6a8a7eaa0ad36b5b4179ba34531ac9374008b933bb29f87bd89c0d782a4f9,train
166,bfb1ba531f44ae6a10f11da2b345ed2b3a1cf1a3db9404b268b79aaa27ea4528,train
167,f2b5e2ef6a41729de4207cdbb38f92e4cffa47eefab9357ed1f66c0195cf3e72,train
168,6f0d5138a9dc3df14c44f7621f687deb5c876353d574f592383c9996428380b5,selection
169,08f31656a074bf1fa73f7fcfc643502c101eaa7fa2601c0ccbc368be70a85389,train
170,b6defb71ec2e6cd36af85fc2fa6a98019d93941dd4c35b10fc041cf99e18f0b9,final
171,1b8d23817ed7e318aac2d9053b5f151d315f3607a115460c410753102adf877b,final
172,1b8d23817ed7e318aac2d9053b5f151d315f3607a115460c410753102adf877b,final
173,9fa95235fb119fe88c6bd8962017e4422905e53c66ab3fd13614e7eeb2c392c7,train
174,950b495d231bbb737944be19a5d3e4df245d97e0f1a59d43468ec76ccff0c7a6,final
175,c15d8cabf30b7baf5c95f6af29e23b5273bb7fee90e734728218541b340c3899,train
176,950b495d231bbb737944be19a5d3e4df245d97e0f1a59d43468ec76ccff0c7a6,final
177,e1490238a36bced24b6443d6f253a6307cf4ea7307fab263537cb8cf2dd9faea,final
178,26a2a9388f0740bf740d6ff5f84e4d5743035ae9be4c3c1a3776b0f95bf2215b,train
179,9788310c29552a1cfdcc4c324f0bc4b7c48982550d483b152bf607b8227339d4,final
180,9788310c29552a1cfdcc4c324f0bc4b7c48982550d483b152bf607b8227339d4,final
181,eceb16aefa166ce57a0d3e1f93532a0c732e1fb2cc296dc89f2d4ac3272aba99,train
182,8a8cdd6f6ab6b6642cebea51a63aaaea9231ebbe8eae5517aa303bfa85aa30b6,train
183,1d1aee512bcbc327ba7fc81ec4e44da82c62d21248d89b03c3e9cd0b881aedda,train
184,de379bd2b523c257f2accfaca767f1254265e5f5bf491b615f4367a7886d68b2,train
185,75f90382edee1a6e417f6d64c06a16af16a14b53d0271d871af7d66dedf32820,train
186,23523114e9b9fd8752c16019b8021030060f8c263f54263cb534c112784616c5,train
187,0a2ba9c9c6fff16c054af4d6d9f5b992b7665aabf7ee7f7151437308393f1fba,selection
188,408f678da841997d98c0c7c15cd838d7c8a3e3429396c6fb1ab9898dfee98026,train
189,99bff29b513e5361981c2e279878bd182c80f71eb096198797c1f33c760de9e0,train
190,7188c8d16cf6d6972d0a5643bc948c771fd74d1bd874cd92ccee488a1c0c4269,train
191,e23d5b8e0fb93c407d4fefe3b928920415564f160333975106884a9c678225fb,final
192,2afe4a24b6416e2a80d803a4d373831e12d57c21cee0abf50ed726f5a56b3fe1,train
193,378ae488d812b5640f14f2861f4c193fcbde5254c3206659dd58221d9a31541e,train
194,378ae488d812b5640f14f2861f4c193fcbde5254c3206659dd58221d9a31541e,train
195,3d6d7aabe95a6f15e646e715f46ed963e17c1f9ac4b78792d13e5443eebdaec8,train
196,0681e00aff81290fa85eb408800d327ae8e6d78be362f5b5b801925ff1dde8da,selection
197,36d3fadf3e41d19406395beb1447c04a40446eb9b792f3447b0a037a5acac5f3,train
198,891e3d0e1e12161dd23ef2f02adc46418563158e11f4cd6af1a64ca1e9c8a7c3,train
199,deec7d54382ed2dbab3a4c4726c4594a7028c2e382cb68d2490cbc8dcee6a328,train
200,c47a0636a1b9cf76f173af8c86ea2463aaa746cdfae53def1a3142cb72da5538,train
201,451b62015049fa11cab4489bde014cfc532369db628cc1cc4163ca8693a22dc2,train
202,a9e47f589e313caa0771cdc1ca02486cab8bd2c081a8a1681211246bf019a407,train
203,313995b8a9ae2fd9e081493fc9a6e6ed22bfc1f9f8c30c97eeb192deca844127,train
204,6f8dc7b1c4d1df43025160c2946c2a2a6991ccc90bdbed5c01833753a67cd0e5,train
205,b8db8d554998496aae76e08d2b5690a2dceecb4fa6981b470cb344987e09defc,train
206,b8db8d554998496aae76e08d2b5690a2dceecb4fa6981b470cb344987e09defc,train
207,7e9fd7f65989282767e63107215c4fe9ef89080da94fee79ca0244729f2a424c,selection
208,122705b5dca36129c66b17de297b826cfaa6f5a0fa5873979bf203d58d73d7ad,selection
209,295a1b745c65aea4baa5e56d6e02d96e415533f04a093b4308a1128f7d68594b,train
210,1dde05adab8c2514df43b409db0b3dbf78257a3abe0bf2954d17136ec8f145dd,train
211,a4d75fa8671d4f6778cb0ca2c42478951af5ac7fe2977b18da5171416cc934a4,selection
212,5bb728624a61915bf134bde1b614ce08917997b1fcd4ee02222501776d033327,final
213,f251b8ab9a8b8c27984cd2756d72a87b02c20d0f2546f03df8e8f2cc4c99ec5e,final
214,3dff80c03a42acfb67c395cf4a4066389eabf55b0f59a64d43c60a817c6f9104,train
215,a610bda11a2a1dd839a2a17353c2b05fcfb1f239be6fa77e845148380209ab46,train
216,9f7a72c5ec57a6a27562e4cddb16eefd62194c52cae4cf399d3f4134cfab8b4a,train
217,4116d6c6f6963c379da2c07c044ace9a81c73c152b54d6ba909b3b608596b2ef,selection
218,d3df54762f578e3c9550bb6356feed52a36b3c0e6c3c79d39f2d36459dbcda7d,final
219,bd36425b81d656b5565875da0009ad6e4a999b9e2fe0e15a0e874b603cfef7ae,train
220,7d6123ede6d494288b85f1e5dfe17dcc1c46bb9c138f706aceb32f9affe85f01,final
221,d4614f47d7633616d23a39381445a5fae55acabdb06994bd819083e05cd8244e,train
222,709308624e4dd17754d3d98b9499635358f72440c8b953f597c5fe2c5e3aaa04,train
223,9fbcfba0d265f8db343e84c13452419b9da6bb85c352b0bfffd678ec0a15642e,train
224,ffbd96db9fec60aa906882d32650fbe4d315e4bdcd99126bfe535ebf4ecfc747,train
225,81f3dca9db1a222f84ac8885da98d827a8def3321c87734c8c23a019603b672a,selection
226,cd7a4521887fa37c7532f1886790bde3d7b9849e1c214ba3d5796f0cd9bda436,selection
227,0e8c076c2a211fefd8b6038d48f0592ff47f90f07af2ece3b9a1abd31d5ddf53,train
228,81f3dca9db1a222f84ac8885da98d827a8def3321c87734c8c23a019603b672a,selection
229,fda4e5d36ff9db76d0bd1a14d83646fc8c4f59434d18ebb2c846dfd225c14d65,selection
230,38adcd11ca84461b3f2f60643ff847455d30cad5036e39343ba25ad1fb80bbe6,selection
231,e207f2e420ea6fe8fac51b4281dbaf7641566eafadd3f728f3809c7009eeef59,train
232,5dbbe9f80e60b4d2ace4031b7d5e4fdd00ea8c6c09e7e7e23d51bafbb4558ff5,train
233,fda4e5d36ff9db76d0bd1a14d83646fc8c4f59434d18ebb2c846dfd225c14d65,selection
234,f881bb694650701ce2b015c015d633365f0ab133f487d972e97d305138156d6d,selection
235,9c3c13d843426736f8acfc0e4e08f5aff46221ffe438506d4640bfc8f30f68b2,train
236,9c3c13d843426736f8acfc0e4e08f5aff46221ffe438506d4640bfc8f30f68b2,train
237,cac6f14d310f4de15fdec9ea8efa937f939c6ab25af38e2a1ebd318bcb513b51,train
238,9c3c13d843426736f8acfc0e4e08f5aff46221ffe438506d4640bfc8f30f68b2,train
239,f881bb694650701ce2b015c015d633365f0ab133f487d972e97d305138156d6d,selection
240,f0fc56d880333a1a8a9f0e8bac89107a5992eb15afdd1cce85ccbea679a574ea,train
241,7845b9f2b30f3d239a2dcc2215fa3329ab544fe33c471fa06f3b3296f591ae5b,final
242,ede8e7cee519a61f2097e46c326a5d23b4b86dbdf88cd5d4002217d4722cb04e,final
243,b736be47e7a81da3a30709423049c834d23d9efd9014a2660f80032af56dd748,train
244,b736be47e7a81da3a30709423049c834d23d9efd9014a2660f80032af56dd748,train
245,9ab419dc67fa1570602e27f63cd5aa55386c86caa104e775b8cc3e98cb874785,train
246,1d92ff4cbea690d2357002c0accc749875c964c7fdb93aad2f8722659fba6bc5,train
247,dd2a43b1ebd7361f8bb84a9b846e6b2635f944b2a1acf8ea93e2f05f4563475e,final
248,9766619cc4f3139c200fea689f179293affa9a888d5a59bb181fe50fd1b8bf2a,train
249,9ab419dc67fa1570602e27f63cd5aa55386c86caa104e775b8cc3e98cb874785,train
250,928b52dbea69f5733fa88cd75e7e6ec972373c5231ea346c5ee6043f7273ad20,selection
251,aa0fde904412fbf9d90cecea25e5cd5df3a8c2098a5f2b5ae3a6b484f3db0b2b,train
252,daa7159bf25f0508ec0b75bb5a4e3e23ed966a4772624cf372be773a4602105f,train
253,9091aca97c03d9c66c42b095a38b1c4da6b3b38aef33269c3cfb5f7a800f8f8d,train
254,aa0fde904412fbf9d90cecea25e5cd5df3a8c2098a5f2b5ae3a6b484f3db0b2b,train
255,84019eaefbd63785e5f8f127ffa6e653cd6a57c180bdac93401347a9f5b7d2cf,train
256,3aa797d21e787d3af3ac5e7f43c36bfb015ffa314c55553f8dc5ed290303b28a,train
257,81eac025fa1c72bc0f7442c2ab27040d77e8c356d78fb644250e0f4623491c54,train
258,47ebb2f92ca1006d29bc4f98f0fa3e17a3f00c9327b8d45b7a596108b9807ead,train
259,d1ba4ac70b8320aeb4e13879e87855018e4fb2734e1fafd6cb044c7b1d23e8d6,train
260,7299d2a5d1cc619cb2cee6751e57c3f9543359addeebd95229b4bb3496894cf7,final
261,c3ce4d25880c3eece47d3d7e9ae61ad2b0a62e1511c383ce4dd08fdb09f41e61,train
262,0dd3bd6f1dc5f225100df2bab02bd56ea180292d7adc2dd92b99f608a9ab9246,final
263,7ef048bd75c88418d7aaae6c3b706fcf394b7c1e137e97d18d635596a54ebf79,final
264,eece880b181dc9599b9c01853f6b46cc684af6ceced62a8e6c8f5004f33401e2,train
265,101a40886dd33ec5cae3f79d092897b2c6f433d6be7b71b60f5e7b48d66feff4,final
266,27496be4721e9299b107c6b363924421a11fa9b4be3f260f2807af81a3635921,train
267,eb16d252f81723bef6d1d75c97f804e5c73298d61bc7005cefb218d33fcd7fbc,train
268,a53595b4b11e70b2f41576f11b46f5cff0b039634e0d13eae24d939fd1e02af3,selection
269,a8e45263e7546036d468c33b6b61a90abe318e99d0bc5d14579e86942955384a,train
270,49f9769f2ebd2dc7d2b580abdc6b228867dd8111e966e61fd841da6d88a88430,selection
271,a8e45263e7546036d468c33b6b61a90abe318e99d0bc5d14579e86942955384a,train
272,1ac5f5f5f0feb6b3923664d4f1721416cebeeca1382e39e0aed353fb2fa90b37,selection
273,441e4a870d4369b59d5d0b432fb2ef2e738191f2374dbe47e43dffe3e11370a2,final
274,069c19e86e3c781d93f36b6df0f9d3b0be4024e99db37ef8bd1c407964f6ceed,selection
275,49f9769f2ebd2dc7d2b580abdc6b228867dd8111e966e61fd841da6d88a88430,selection
276,a53595b4b11e70b2f41576f11b46f5cff0b039634e0d13eae24d939fd1e02af3,selection
277,a8e45263e7546036d468c33b6b61a90abe318e99d0bc5d14579e86942955384a,train
278,af514b583cefcaaf22c5be698233f5821f70341771935498562b7c69b7bcf833,final
279,46aff4b2ec9066751583fe182828b1ac54b140b43724ed9ac4e86169fb3d509e,train
280,59ec70e5ef97ed934c4ce2c2633405e0fbea7d7a830e02c96d1447f8802256bd,selection
281,bd204e47081d49381cb78297bd6bb8a72ab6ba97ce5f0527c347d998102184f1,selection
282,867a1267d4d7ba6714067877a61835856844f7054c09f169151776bc3c296408,selection
283,46aff4b2ec9066751583fe182828b1ac54b140b43724ed9ac4e86169fb3d509e,train
284,21c64fc6b6ba4463a4f4acc03f9c3dd4b84f64c100aaec96324e179dfcbfdc99,final
285,21c64fc6b6ba4463a4f4acc03f9c3dd4b84f64c100aaec96324e179dfcbfdc99,final
286,9b1ff8fbf61c24f88bf233759d4404cc091b6327029fb4cb07815e4f51c367fc,selection
287,1754a9564d403c830cc687ad445fa25dc2be2768f7fbeefe47e3c4a2276b8842,selection
288,82eb8b762621822d31f7c20c59dbe34607506c1bc1a5acdcdfc15067de80e378,train
289,3e7a2b92799765e5adfcad533c725cc50c833fde1065319e2fdbffc016fd814a,train
290,82eb8b762621822d31f7c20c59dbe34607506c1bc1a5acdcdfc15067de80e378,train
291,a2cb3455529d811d24489c4cebfb27c836a5018ded0cdd2c4f56941fb848f370,train
292,c382513b9bde4f46b756a2e1348f2e5afe31065991d68a66aad4f2e8d220ab0f,selection
293,64bf933b0ff8ef72a2b380d200459ec53a4b75369d3c4420f6253867efeead6c,selection
294,77d44de5a7fff7c82eeccfea0ded9c54ef946fb5ff6d699f4b935fa1a01a3851,selection
295,75f287feea2406daaf0d68875296d17cb3a90c3b0e4db903942eb2a6927b1493,train
296,bac94ef031be61842f63c39ddcb4904808b1f87f1d6051f3de485c1c263b921f,train
297,f588227cb6f97145cda8d83cef29bf8b34c41f1116aa01b78e431b833427fd18,final
298,d9d3d93d3173061464eb9cd8ea8a3ff0484e937e652051bc76732291eed5c0c3,train
299,f1dbea54a09cea2ff9cbebee219ffee72ea7eae38743adc55ac3dfbdac4b121a,train
300,9be02873ee296b29401e1477ab9c6a0fb65ec571e813a8d6db24e1c74e290709,train
301,b1044cd5666d369c64ceb4d3a5db9a579d5b768378fe5d138718ad0a7a6a060e,train
302,c3c28fe5d0d11a0db38324e31ddd381c79eb4970270364b518b39a9aa8eb00ca,train
303,8e5167a5479688a044ef02e6f3c6e0ab845758cbbd41c7edaa5b25688c85e529,final
304,dbc45cde267db35e9e7532e52c60702a25edf2621dc45a6341fa1be097678adb,train
305,fe481a8bbefe97ec06d075d85cf01700d01bd749ea62296834c859b94c5ef77b,train
306,970f11e089fe4d8fcc98cd8e9d545255d6058f16f42e57afc6d9632d6c6ceb76,train
307,caaa4aeed00e11b730fe5ba0a0a0879a82ce14cbef1caaed316c85cb34c59ecd,train
308,a4cd048b513d2715d535f0536c313b90048f9b0e8081ec48922afe012a98c920,train
309,2d135c02d79140b997800a1d40c5bbc41cb46cd9a5c647f0bed6ad91d525c2a0,train
310,fe481a8bbefe97ec06d075d85cf01700d01bd749ea62296834c859b94c5ef77b,train
311,be4c1843f1a444596f18e50e1ad2b292393e9def5566bef6809f3704cfb72e9f,train
312,c2bcc4ba7f80f6c92003a4a4fe876b4fb1e750b1f859c23162f769b7176f7f0f,train
313,986cde62c60cd61aee449f47ca1c8b00be256df5a4d8f98dcde7e16a2995e0b0,final
314,56b3d6f482274a78d489be2555e3dc9e145724cbcab9d46f4b9ddab6ad112ac9,train
315,2d1372b15d34c12d00074ba1889c72745336d50d9f36e16f90522dafb40f2f0f,train
316,216eea693b108fa587e90691b8868e5c4da4ef822459aa96363c7fcb9dcbe17c,selection
317,12f4f1aa43c0d34aba098c4aaeafc280c72015528932170f94072cd4753ad50b,final
318,05b4f740e802da48b4afb4b95c527aa0c2dfb283521adfd52c7d145d4eae2744,selection
319,12f4f1aa43c0d34aba098c4aaeafc280c72015528932170f94072cd4753ad50b,final
320,05b4f740e802da48b4afb4b95c527aa0c2dfb283521adfd52c7d145d4eae2744,selection
321,941214c24c12f3d28fc8a91209dc7db669162babae3eefeda15df8ca0e5badfe,train
322,27c1077665833f61debb063b661885fcf77c2d04a4f6412f4913fcd93df98307,final
323,cebc64a0458462df1fb280a47b7a8b301f4c52c3b638e7f0cf1456145e642534,train
324,382acd0d881c551a1b5c548d491f53f8b277ef2b53768e10a4ea5382914cf1d8,selection
325,382acd0d881c551a1b5c548d491f53f8b277ef2b53768e10a4ea5382914cf1d8,selection
326,e9369efc32fb0d0a0f09ef352e0b32ffdf685726220fe98c907ec507d382f92b,final
327,ca52056277a50010340730496022f17ea01ef2e42920e138d2617357856bfa7c,selection
328,817a7c9c791adfa0e67028f954c7bafa0ce4f40b571cb2fee59d306b80557f7c,train
329,5347d400ceaa39da89e48b2af3ecf57036bb7e019906e6cf3f6b5a9a276686c7,train
330,26b523639d16d325d67deb4259355cbcda4179362a7443f576a1032aa296ce45,train
331,26b523639d16d325d67deb4259355cbcda4179362a7443f576a1032aa296ce45,train
332,cb977d046adaa7fd2dab026dbbd40c0c289ff004702ac8c5ef51dc89a17c0e34,train
333,1f3f10a2858029121b15f8104bc267c8d205a75e6fe8dd7d846ad325c1076918,train
334,8b2d14091ad747e25944ee837c6c07055aadb5c9ddf517498f78b73b7047c00c,selection
335,7bb5a477e2cec3e6b287fc1c22f42979022ec6f5697eec286d06111ed5a31a32,final
336,ac44f9487c41576111985981359e7ad0e4cf5822af632359bda9cdeccc5790ed,selection
337,d99c57d62404634e30de2eeffd956f83de68ae2626c113bd81454d5a62954949,train
338,ef2d9444a0f21282cc87b805c73c4511cfc054cb6475277944c7831c25c3c190,selection
339,2d3e1166fac4aa922153c96f1ebb075556e1dcf7291ef6264a90f2e4602f47fa,final
340,bc9f85349d9e14d2fa7b4809eaa9eba3f5e4a2dd5daaf1e623c9bbd6b7b11045,train
341,824f0f3d9778c8641a970b423e587068829577635703f9105e78aff754686087,train
342,96d6323f00c4fecf2f7ef482bed62f8a1e2f28ad891b8fd2703c6bf680876d50,selection
343,96d6323f00c4fecf2f7ef482bed62f8a1e2f28ad891b8fd2703c6bf680876d50,selection
344,e9c771f00be51a83bb6b3be0e35b9d75b652459f379b3738000b97def4afa186,train
345,3861410cbc7c8f5685441761d7a9dac197459450736e8a9bfd1f3d813728c19d,train
346,694d43c4e6a7cb5df10d09b89aa4ee79f92528cf81a4bc64b55d8d8c38be14da,train
347,2f4c158d331557a15eabe7e6b85be9b780b8951da3e85809a448e51660327c7a,final
348,ff4e0363c91d62a4cea582efea39099473c1d7b7229d84fa0e804ee6cbae67e6,selection
349,7716d5b04f431c6796238762f3c5345450162fe9231d154f9aae65419bbb2f90,train
350,09ea171000964ea5d7dbcae6b05aff8f9477e63c72c159c41bf6a4c2e8130ac0,train
351,8c4f595f7ddf4e811c0c2cd9f813cc41e0cd98bb1658dddbd23f5ff767498fff,final
352,dc5665533e832be35f70855837b4c87fd656df897564e222604c0df7db03f10d,train
353,25a73044aeef4d5661b5a959c64ba22d6e6e2c8caac51403573ac434497061eb,train
354,6dca70d94aa4396457968371de6e4fb22f795dc8a985b16f4a9c434cc50a7e76,train
355,04914f2aa80102211dd1da7ee8076be90d0857bbae8fd5809eafde171d659ac2,final
356,b27ad4ae91d0eef845de76f5784c22e198219b385480b913d7aaabb4799a65d5,selection
357,412c3972fefdb595c94bc2a0578b69b22edb7ce631c1857a5fe6ed8177deb30c,final
358,4d4c8ae075fdbc85484e0bf15e6b8304c32471dab7358afec81fa094c25f403e,final
359,a24abc8e1160aa9cf978150adab9758bed4edd620823aebcc7d2bc5e3f4115bc,train
360,4737f3797c052b6f4316c6f893826c057ab9c63dfdffffb39f492dbd838ef4a2,train
361,f719996bef4ab741dab8f7e056dc9858a4b6cbf9119469dbda160e93470ae37d,selection
362,caa4a5bf74aba2a93c763dc00ba2a6e46cdf7228cb6ffc8ea54199f99723e0c1,selection
363,6dc0cd85b0ef06332caf353e429b0247b0b8d561595da86d2cbe1b45154df37c,train
364,fb0031710b08fefdab16a8aec850e339b11439ce5e3faf32f67fc7f61b034544,train
365,f3b662bc8f90140842d5047ee518632a464030687d97ff022d38892a7217e55b,selection
366,fb0031710b08fefdab16a8aec850e339b11439ce5e3faf32f67fc7f61b034544,train
367,c6a9424577effbb914a4354379f9f85e9c402e9f7910a3d076c59b1aa713dc39,train
368,637c238b2ac4c1657d4a07ecf74bc173feab9324524a6c72e452be0f782fab62,final
369,c8eae80b5428949af2258c3a2e8920d333f00ddb835abef6c09d9a8438c54b90,train
370,ea0f4862c89bf94691a21e0ab1c2cb6843e597aa4fd9dd851ac6de100501efb0,train
371,daab62f75d9eb0d745860756a11edbcb831d0fd4cc9be0a5dbbc929241dde386,final
372,498bb8c781ee9cd797b604fbf51495361ee098c1b239bd08411ed39ecb66b17a,selection
373,aeeed5405aa0dc0aeecfbff7689f62d644352469ee548bddeacecd28f3acfb0e,final
374,19d712a835b93a2cc64bda8de90230f4a43978f4b4c0cba4e91a08acf0e67be8,train
375,5e150fc76e35ee2949dcc45e910c071bf29f39528dfaf29903e822e414d04af5,train
376,7583f95eb9ab0263407d29697863008cd65840757e9ca224e374674235fdf840,train
377,c8eae80b5428949af2258c3a2e8920d333f00ddb835abef6c09d9a8438c54b90,train
378,72a9ac2c8228cebee27399d9541533efb555b48ed4fad0c1649cd4205edde2cc,selection
379,7ccfd5cbc939320a57007b2ab7a12cb1d0a49948094aae64cde0625ac81be780,train
380,db0a4365b4c8ed281a9a8f75e89c1ba43378feea7b8fff4c82b16d0785b8aa27,train
381,69a41525622f57f5ced5ec043124c9b3770b6da13d1fbd34824b093f8348072a,train
382,db0a4365b4c8ed281a9a8f75e89c1ba43378feea7b8fff4c82b16d0785b8aa27,train
383,db0a4365b4c8ed281a9a8f75e89c1ba43378feea7b8fff4c82b16d0785b8aa27,train
384,34971be70e10ff062da69d44ecafc53cd84149255ed1ee2b5d8fc8180c634a68,train
385,19be7cd85a4fae52eb495c8231cd464fe0dcb90a73c08f33d3e09abeba750632,selection
386,e4908f985dd8ebe70f433d5de729222450fed47f99be3009fe0f91e02693aa66,train
387,809d414528e87dcfb923e940d69932491a701546e9c154191c95fe0fed88bf9e,train
388,7cb2237ecd522ed17ac96ad31281a0e7e280aa6055d35a99d7a8b29d2443ab5d,train
389,3e2f84253c86d853f39b935c9b1d63070b04bf1f7d4d15557007bb6a01bcefe8,selection
390,601fc25d9454df3c18f175b53655547be4ce0a1222a289f8541ddfe0448a6d59,selection
391,69a41525622f57f5ced5ec043124c9b3770b6da13d1fbd34824b093f8348072a,train
392,f63a76273733158319b5ad3de73a2d0916ea873e861169bee1513a1911ae6494,selection
393,724ac07a38acc17979835cb5ba7722241fb5639274b99245635cf4ee4e849d94,train
394,124f95ceedba95f1ca25c820a08bbe3f2787982a2546e1714096b5fe1a4fd319,train
395,1c96d998cb6bf245d57ea9958140ad48b8ee73b5e4a647b6a3a71b99aa451cfa,train
396,d9e82abfa61f998b357655cf38b0ee45347077f61df39bab9f9a9bf2d35a4865,train
397,9dd04a44f40ecdc40935ab08394276a0c5b40c1775cc12b8abaa9e2895cccbf4,train
398,9dd04a44f40ecdc40935ab08394276a0c5b40c1775cc12b8abaa9e2895cccbf4,train
399,2f8c8a92afa15462b0ecf3213015cbef59c2f524bfc6c1ddc2919381ebfdf24e,train
400,d9e82abfa61f998b357655cf38b0ee45347077f61df39bab9f9a9bf2d35a4865,train
401,8bc71a9d7b65afd9a6e2c34a834a8329a0c5fa3ea55207dfc265ac0e9cd37fd9,train
402,e0e2747ba725d883108bbe70852a2b2b4cec6141b32d3889bf6f9ac64cd44a81,selection
403,dd12fcf60cae8f64bcc437bd4418eb4b785f5f8fa9693be0fe839f16ad10c5ea,selection
404,5a494c03cfb097455491dd267d903e1ffdb89ba7a09db2d94cbc46a26cede4f2,train
405,2b098912a3f2d0af8a54b9c06d112319de4173f2b69562f0e3321fc943ed2b06,train
406,601fde7ff2d34a3774c1c7d47f02613830ba2d57c4e4b1a8d562dbee6318707b,final
407,b02a0390b604899bf765b7d3ed128ec6fd86b52a9a6dc5a80ee3737efbfe1943,selection
408,8cf31c3b10805dff7a033734df21353769470347726732823170c4f4f4779e0b,train
409,72c797dce4c51b866da21dbfee90396fdbbc97ee8c1db4b6af7829af464a113f,selection
410,5b16a4bda92432f614d66a92781b18561fd9490f68176276ebcdeb01cb7aa05a,selection
411,1d4d806435f3fee52e2091b6a8cd6ad46db055acb546102764a5e8b427818a8a,train
412,62cb54be80f48a8f60cce9aba08ed5d8e5cb1f429a315afbf000ca76cc9e3d09,selection
413,33296e4095d90e8574795ec121133b7ace483524aef5612930f8b59d5f80484e,final
414,e5b8c2d9a644546bff1200ad5bef50b66c3dfaae5512e0dbcca22cf56f11f760,train
415,194af52fb0794e989dcc6c4cde2efdfc967abb81311d73907c39508d4fc1d9f0,selection
416,f09bb9f0ebd7afa9c916fe82e589dfe95e8e38ad32882a30d337fb9bdfa8c965,train
417,571f06c11e5707bab029732e39abbb7940e26767bb6fc29102066c75c826f022,train
418,b74439775a63adc38d6808e0f67c6fff380fc8f757a337b0b8e72a04aeec1e70,train
419,f0ef7abdef13c45d9ddab058bc1762ec36676bcc8236c9304ba6ed7588c1bd50,final
420,69546eb67b72869fab15a39e0613576816d687ebc2d0091d2ace92b188074c81,selection
421,70a119c4398b1c96105286154541ba3c505eae47e9b8841975d90870780ff310,selection
422,8574a3bb652aa0af3455a8d65e1a9cfeff552aab0184f8f725ca779bcf7ea2c6,train
423,b317408d24ffc495233c13904c4b3050510d0bc538359b1af8114a7ecc5f2a66,train
424,8574a3bb652aa0af3455a8d65e1a9cfeff552aab0184f8f725ca779bcf7ea2c6,train
425,70a119c4398b1c96105286154541ba3c505eae47e9b8841975d90870780ff310,selection
426,aa6109e1e8424afe82c4d507c0839a9bdf2cf1546de4a69eea8dd831790521bb,selection
427,e042941144c05087de312e5c18690e88ad07d8c37ed7bb8c08222a02ea9c5367,train
428,7fc5be50a40be86a65c4164e6eead94e3197bdec016cc0c5e808cda6f78c2c6d,selection
429,cc371d7eef55bdc216022d091cd635637bd4a46c42ba049f941ced51d1982eea,selection
430,b317408d24ffc495233c13904c4b3050510d0bc538359b1af8114a7ecc5f2a66,train
431,bcc7f723f0747015bec181aa54a16a4adb57364a26189f1fecc7aa8b7241bcce,selection
432,79a6670486606c5612adbafc20460e05b6bb031ded266a490ef7ddbbc5d40ddb,train
433,68ff4d0b86a818c3d736f3d81c06b919a776e90171ec8f4ba1bec689945aa110,final
434,48fa11119822f9e4f52603d18efdb8f1a63582f5cc8df0f6003b5f2655a99fbb,train
435,68ff4d0b86a818c3d736f3d81c06b919a776e90171ec8f4ba1bec689945aa110,final
436,74f5378df65e33b5a098cc34632cfa2132ebf0f33a3cc622270d96e247f2878a,final
437,95a72d81e001c8f0d430c11783b85695dbdf4046ab2fbd6f2f4fe2cd8647b61b,final
438,48fa11119822f9e4f52603d18efdb8f1a63582f5cc8df0f6003b5f2655a99fbb,train
439,1aac940ad121bf0a04f171d50b925e965031a2c168b2e79589b20aeb659f3757,train
440,1c508d0d7c1035c0e3b03582252f8ae13e7ae270c1c6c781d926e6a1c4d43ff5,train
441,1c2ee60308f941a3b99ffbbe5e36e0c6c8abe45cf8e387acf1c725caa1800cc7,train
442,4280c09f7a7b5614328509fc61dcedc8c26d3f3fe18085005439cd0a9c3e1fce,final
443,2001edeb3e4519c0db3c1ae8bdedb9cc92de649c05346aff1a2efe0260976708,selection
444,1529d6ea545539fa86e63e5dc7db9be548f968385223838326dd2116a1eb174d,final
445,1f8ccf1fbfe94a4548ddccd38f8d4d24acb0dc065e3cc8d8b2bd1865e03ff9a1,selection
446,3842e74fada87f406e63133e6e1b883e2a8d10b356e6ee824a2d8b87573889f4,selection
447,dc7c9df989f4ac02e7860330a0fd3b1099ac12e103444e91a43bc96fb1c50ec1,train
448,70316455d9daf391728ad46b0d587d544ac8093009c3b43ea3a746a20ddf1361,train
449,5e32bfc089cf97dffb10a9a0f52947cd16d48c42f35a8f5e827b96a747866dc7,train
450,5e32bfc089cf97dffb10a9a0f52947cd16d48c42f35a8f5e827b96a747866dc7,train
451,a6ba992ff0fb4290552045f3abda33dd081e37650ef3ad92c0f2fea2bf13b1fd,train
452,e4635a40613a83a1ec03e83f7a6a3d12aa66feea7029b4dd985a2429caaaba60,train
453,e5d7cca53df24fea5354824413ac799b9ffca357c02214f782a998e3e4aa3bb2,final
454,84abebec612543733298e6f92dfa10053b84b60ec80e5a9555e84b3d1d34b4d8,final
455,73085a269bcdde65f3d192154de80fbba0f2cca73aaa0b5b6568b3a40b818c43,train
456,0f596aa03bdae339feab5834a656ff4f460b247e878dc0dd7c6f90a7a16e0dec,train
457,f6f090c4e2ab37d36d7cc24d0354c85512e8f18854127c5cd2411f105a35b596,final
458,e5d7cca53df24fea5354824413ac799b9ffca357c02214f782a998e3e4aa3bb2,final
459,48785c0bcda8fd46520eaff421d7bae27089051d2f2f00266a9fb6b42d38dbc0,final
460,8b4e2d826f0acbd446d0382ada7adb10b53fde6d02be2b4d0045609675e24171,train
461,2acf3a69ae6de6027dec2179fa661adddb15220e7cbca4681b86d62310336af2,selection
462,270a68d9f24eae2a096aa6f986da90c26f453e52cd7cf03da1c42b4987db4148,selection
463,c16fbc5165b525f87f3ea718353d29cc17ab29f80fa7c21e22e0776c68278b1a,train
464,4c3f05c9d02f5e6ca8d8dc0e45191eebc44d7b12823d4e8070d29e04f07a7f0f,selection
465,b8899646742e66898c8ae8867981bd52a1012411d81af2e77f4c62fef22a7e06,selection
466,14b7f12a264dd13314039252803be79c7c1ec454ba9a3a2f5b220a993899a8d6,train
467,40c48e0af8767e4845fb9c205b4f595d5a6be48fe5cd537374d2a49a00053700,final
468,8d258c638c22ed7a3c11fc3fb934ec21ebe9c94560b7ad4d9f797d38124cc105,train
469,3d50481979ed32f6a589b327ddc88fe6a66802bd710b62d0f2b4d7ba3e85a1ca,train
470,51126aa3b79eb99477df5b2f8030339859425ce075e9afae4275ee242ea4c146,final
471,c8b0a39c1bf58f0481d6cc9b5a6f4b3c754b3fe518524ceec4767c18b6ec8d98,train
472,5102e04090caecd5a078d04775e399265eadc97fad27146ed1c1965503671d17,selection
473,e16ddaf2aee4ff782869e2b63306ea6ec367ddda2f123dc89814025145cc0e1e,train
474,2577496dd69dd4928cd6c11e29a6eaccc3ccade767eb77e88ea8185469bce923,train
475,38d69b27d9985b180ed193196dc95724f7142aecfd0a1f1970ab2cc8ffeec0c5,train
476,5ba226c040f2ca693b50233211fc74be06510a3024a8ba930e02b5d4ba378018,final
477,34d4a7770c808cc8e0b2af15ef1f093af365f34a1f987c48f2b3c8ef3eb9df9c,train
478,38d69b27d9985b180ed193196dc95724f7142aecfd0a1f1970ab2cc8ffeec0c5,train
479,2b0f95e2b4ce27370320199f52895d0fe9acaeac41a869e8271c6c18225797d8,train
480,b6abe48657aa18a6d54236779a7c7b2c5c9346a1e8012bb0e3ff86873aedf84f,final
481,4638d3d797ddf8b3e961fa3e4039cdd0b89200cde723b5f4a086882e64d62be2,selection
482,7e5a1df858d23bf5f57d8446bceec5f2403157c79f07f56dd0722442a18bb45d,train
483,acb4cafb5466b01b8d69ce757846f7f3bc4a42c7256bd87abe22e92ff5b1351d,final
484,60d9f3d8456af797442f4951e8fbeb1aea8009cd5b79be83a11c8fd4a3ff10b1,final
485,29160ac881e8e49bb5b1f4937fef86db7985876144d3c2b784a3dc310f4f554a,selection
486,29160ac881e8e49bb5b1f4937fef86db7985876144d3c2b784a3dc310f4f554a,selection
487,b54313be50f99d6a08f062d50a0be64f30103c8c5e4f69ebe655d2d3964aa9a5,train
488,67a51732ac6e17a6f581112945c0f8c02d05f7aae39ffda34ad040ebe834eda6,train
489,ffc04efd15641e5911d32dcd7079117510dd343dbc09c6f78ce70cf51691b497,selection
490,3c41fbff5d402ef90be416171dc69c10f554b06860bddfa78f3e9191459d8e71,train
491,9993156557556c3af128d658323b230d95fe6a8a9e66280cb123d9fd9c9006af,train
492,a5477c974778e651185c1c234ad41cfa152489d01eb2bb827fd2326397eda197,train
493,96cb2a9e0c92181482ece4e138aa9b8ddd5775ebd2968a1d0e92a68aedc9846f,train
494,26eb3fd8adeba373511dd285b42670bd3a271b1e00f6428e8926f59895d816e5,selection
495,dc0cd555aca83cd2572358852ee991ed5e020b2546d0a0ab1b4ca33846de2474,train
496,8e1086bf06fe8ed5af6f324705de57f537451afacd504d7c35a53970408e0d67,train
497,c63e9ffe580811bfc8809a51cc31846064303b1c6f72e59508583eb7e5a81fb3,selection
498,dc0cd555aca83cd2572358852ee991ed5e020b2546d0a0ab1b4ca33846de2474,train
499,96cb2a9e0c92181482ece4e138aa9b8ddd5775ebd2968a1d0e92a68aedc9846f,train
500,8e1086bf06fe8ed5af6f324705de57f537451afacd504d7c35a53970408e0d67,train
501,7ca0d957d743b317f4c806f7fd367429e68e32892db980c0f8daf55078c67839,selection
502,7ca0d957d743b317f4c806f7fd367429e68e32892db980c0f8daf55078c67839,selection
503,efb3b6767f5755ebd2d0d1f4e40c75f2bddaaf71003a02d2191d7f1960f23239,final
504,7fd65e852dc5f6018c04cca64d682e835b158bff34069d6320122af0a5573df7,train
505,4afbe688ceb07c44ea153cc1472a5c70da2b0a69ab0541e118b1fd5bec28219e,final
506,238eda70bb0367944bb28b16406e430caf1bde200ef97cbca66a4bfa33f81578,train
507,350fe7e386ca3bb9bf47166be04f6fbead5ecc3c400e3d2ef3cc0e96eb3b98e7,train
508,cba451878653610ab0bd8a89cadba10a8ef16cfe2ab61400943c40c31b03fd83,train
509,1dcb55ab39dbeb5e2bb8b97c48d5d53018bf1390cc4c83859fa23d0514544668,train
510,1ae37add3d0ba6e5a2a38ccb4cef52aa66222d392ac73765572afbc30e2c0b58,train
511,cba451878653610ab0bd8a89cadba10a8ef16cfe2ab61400943c40c31b03fd83,train
512,391c879cd8805cc9e8e8f40ff8a31bb44cf11a978728f407aa765c5ddad60314,selection
513,4497b547be0f5c940cdf75990fdd1ca9e1d0cf9e2707f2af8e72e2d04851085d,train
514,4497b547be0f5c940cdf75990fdd1ca9e1d0cf9e2707f2af8e72e2d04851085d,train
515,bfbfe14ebabb4b9ee4e5dda21d411a29726e471e4043c2e03664010403624ea8,train
516,89ac0963815938d70ba7ff066bd58e5797531d73fcc7b2b579a64b1d4445ed03,final
517,b851f17b52de2ad6011758a6788b15b63dee773a89b1f3a800647c028b1295f9,train
518,72ec73cef4cc7a5f40d5187f54725428955a63e667bf97983de6324848b26e18,train
519,c52105990a5ddb69ad3f3558ccc1c57d75356c4de9ab6ffdd22e8d6fe8cf42ba,train
520,764909284e2aa92c42824665c5812b269ce2ca556ed9e62799cbac0d7f160bd3,train
521,c0c3c448578f160dece42ad8bbce7a92a92d3d3dfba360e72fc80b76b6b63272,train
522,86ab17d3128ba40c1ea3e0ceecf8ea1c9b7938d4201507acd10f7d526906cd30,train
523,e9fa36016b515934120d5d35b617ceeca00e2e9a9ded843e5f7834bd625406e9,train
524,08f4cf56bce6bd5f6b482f79e1929ee7d8117bc61b3b849dc8ff8d05e8a6b18b,train
525,b38902e5e52f5afc6a71d002381ca800b0bb9dabe0c9d4ecaa430d6fd40f1129,final
526,c52105990a5ddb69ad3f3558ccc1c57d75356c4de9ab6ffdd22e8d6fe8cf42ba,train
527,2c9a933177872d0690510a50ff9adc3b303997e2ba0469afb3e665ac15de3a2e,selection
528,2d8724fec6fd39a538e00f3609fb84dc35def3d4571c5549bfed69d1e6ae73e4,selection
529,c104cbc72d2dcdf3b45fa160dff4fd8d867460c75fe7ebb082bedbb7abe1b15f,train
530,3bc58c22531e91f26f1af64482690ef668569b59abc4abf6ecb16b7c036c0368,train
531,01f68ad67eef4326a76faa3615ac3f8e52cbc18aa2207aab12c4d7ee7f539ae6,train
532,01f68ad67eef4326a76faa3615ac3f8e52cbc18aa2207aab12c4d7ee7f539ae6,train
533,4fd117145503f58f2b2c215857289298203a63f74872c750655bc64d188f7bae,train
534,d00bf3a92a52b87f3453fb17e9c930da81dcc2614bde3db5a3ba31e0a8f62465,final
535,3bc58c22531e91f26f1af64482690ef668569b59abc4abf6ecb16b7c036c0368,train
536,c104cbc72d2dcdf3b45fa160dff4fd8d867460c75fe7ebb082bedbb7abe1b15f,train
537,7c9d2b8746269f98061ce6a96a5fdd7a0b68b9b44f220136dbd05590dafea472,final
538,2048c98ab2a83535efa6a8e316ba2dccbe0bab491d7632e905e949f4427093d5,train
539,c08650bfc12c238a2b065bdad26acc9a5352e63dec5dcc1618817ac6677e2106,train
540,68b783e5de17c027f33c6d2a97a0abbce1e4299ed047a60a4ba1729ccdd29ef7,final
541,3524c8908568119c1e5a9467e57b06dd7e3e8709566f541e9807aa794bc1510f,final
542,9bf43a3523c691591e1755754ab5ec4f7515c0f92e0ee109ec59cf066b2025f4,train
543,3fbbbdb147b5c5af3b00f0d8ead44e68ff0859b5aef383f4a631913bd0bf6006,train
544,1afd5345842c38d04fe3d61d052b9cd188f12c9593f17a6916e74c88e82dc76c,selection
545,ba1c4fedb51f0c90f73f4971a652f023d5bf3312be5b1c28fc8b5e33e62f8237,final
546,8e687c092059b1461b7146b217cf3b661a5c777dbbb741a4f4e83c1953c86b75,train
547,088f69f39bb8aa86af3830fedbcecd4aae2039f52c891505fe56b62973d326da,train
548,0d0566cfb50222635f00ec6701b1c058bb71c731d92e00433ce6a88782cbd688,train
549,16f698c3f9e80f326676f46a5efc4aaa4f14247b6d6e46a6e2b84ee53677b342,train
550,87c14f5ff07be4ad8fee952d444d1a04f57a1e6f505ae10b7ef5575f66bb430a,final
551,90eafb1f925510136048d66620e4fffbc9ddde2004f5fc6c326c4f6851113bd0,train
552,cb5393adcea77b5d1d79738d7826a05b2d81b720611f5f49e86f2c09d3522323,train
553,968688ed1e74b18b47bf7cf5eb0e0d4ad4c9f113ff6560541b0867ff56ba0754,train
554,862516bad4f6da0e180ec3cb09811bb8accb470e096be87b4bc4b7ef064098ba,train
555,862516bad4f6da0e180ec3cb09811bb8accb470e096be87b4bc4b7ef064098ba,train
556,b39417419442e2e9dc76a459d3068e0ec1e9b5ac49ece5c8d60596c960cfe6eb,train
557,39d4d8b2a4a5a16317fe8736d1fb3644b98f5f6c113c244b8174bf71daa55d6e,final
558,b39417419442e2e9dc76a459d3068e0ec1e9b5ac49ece5c8d60596c960cfe6eb,train
559,1333a1b0d09342f118705397ad6a4d62639f2ef6dc924638b119989c2636cda9,selection
560,5d48c46e1222557a9070e818d4452764d0688cd056a15e0a5b2a23d16fa4f1ac,selection
561,308675ea05f845623fe89762abc29ebab2f1f33bf5dc9eb1e54d78f7051960e7,train
562,94970f5692c0d94e7f8836fe9719970f26196a7cfb27fe7a0b1f1a5c9a041443,train
563,e1f2860acc68c076f4ea71349266c88e5d135e0ba2ed8856380bdda07806ff69,final
564,1333a1b0d09342f118705397ad6a4d62639f2ef6dc924638b119989c2636cda9,selection
565,5d48c46e1222557a9070e818d4452764d0688cd056a15e0a5b2a23d16fa4f1ac,selection
566,d99b94ed81ce344c81d65639353dbe92e5898918f8c3d5ff1618db089af89362,train
567,d99b94ed81ce344c81d65639353dbe92e5898918f8c3d5ff1618db089af89362,train
568,a7c1434acccde4d6a6b115479055722ddf7975ee3455b2a5fc8c8887eb317013,selection
569,2d2b1afe0502b592fa60e64974a093109218ddaf745f810e0d25ca4d1042e4eb,train
570,c0f3956dbdd92d4371b75eacfb22735776023c3daf8e4923aecde88a9eb5180b,final
571,2d2b1afe0502b592fa60e64974a093109218ddaf745f810e0d25ca4d1042e4eb,train
572,afc07d8955d319e39c8258547d6798d0f4e0a3e1e5bac71101c0346208cca71d,train
573,0a4f91f9e3dab43a7561f136b89c316b8beb953b5998bcd0c0c5e89b3e7f4631,train
574,d58edbfdb9d02750dddd3e14e71b0ed45bd3859a1c77d14fa2658b2fa90ebbec,train
575,de310ea485f2815bc6acdf0650153253a398bd4caf35f81ecbb27a92f24b8299,final
576,a49331b4a56ae1ca9c57d42dd5117a4fbf0afbdb9f9e621dd6ca5a8e6277445a,train
577,21164973646ae53c3945c78e19bfc597e2450916fb0693b24694deccee6b32b8,train
578,5f5e804f64bd6e9efff0b8199a625a5cf544f098a6161a970cacd5a9b9c87490,train
579,6173415037f9eae4cc94aa3932afd9cd4906f8eb1a009d1a24a979f9f2016ea5,train
580,51717312619c150c9e80aa2b108fbf894b29ded647e0fc12d0bdcb97ee77aca5,train
581,51717312619c150c9e80aa2b108fbf894b29ded647e0fc12d0bdcb97ee77aca5,train
582,375705c60504541dc31cd2395a673ad33173d436cac7f9f4202066f6144dacd5,train
583,413254095dfcf9fffacf2189a68ed9a880389b0a2ead49531ad3026edd2e0afe,selection
584,f93b5ffee07525adca9f2d06b7b6fe8255934975bd12214eb9d8836e8e300de9,final
585,b4da007ed531297d1a6d258dbd50a44618027197bb2161db1658c9854c033309,final
586,9ebe46d7e457d2b4523c81497f25e2b8ca652eefb320f00981b59314ef905efb,train
587,0c6499308217f61708320499d169db8ccfa5603d486102e3e98a2f93bec0c744,train
588,960bca60f3e5af9008b9db6c72f355d7b28cce5b19150e0c78b8cbba9ac0e30a,final
589,2404c08e25c8165b2e3001f1471f45b43d6449518767ff842275bb287d96b5a2,train
590,39f6b1c92c85f9dc46f82cfa618078fb8a196c0176a81df504c1abbbd88bf082,train
591,5917bab054fc428a573f8ec8a1e75deb12a45586f3eea01850469186625a0d35,train
592,39f6b1c92c85f9dc46f82cfa618078fb8a196c0176a81df504c1abbbd88bf082,train
593,fd111698823cdf0ae176586f2cec19684a6c0022d065d25db1cd73bde150d1cb,train
594,c4d8c914229deecba28111a64c9954448ac7459e90b9b5b933c32adf99aa9b32,final
595,ef103e4fdae5dd6d06343b17fd730a860fb91971bafe51c2a2cee70fa3d2048e,selection
596,eaeb3b19509ef26588b9b1876b8eccc283ff02ee6e52997d4dd0f8d23f1d08e9,selection
597,639d408feed3215702073278e3d4f4828f4c70f1fcb4b54397e29b191e1c13e9,train
598,10cf388f166e7258443a9a9196e78938a63bb79ef6011be4461ce8b739854126,train
599,ea76fc9777b8cbcd3ce99311082ce6811934b504509ea3a879ee995d6557edd9,selection
600,a9de5b3173c66129167bb00028faeb5103872c54a21863df23fc7a68b045663a,train
601,07bcf9d04fa5c2d336a286279e3843da750923b74475f8bbaff34775fac4103a,train
602,ba4a33ea0fc2091f5e38ee854e4e1d879bb50ea2abdf475a60e3666e69458b38,selection
603,07bcf9d04fa5c2d336a286279e3843da750923b74475f8bbaff34775fac4103a,train
604,b98d35d11195ccd23d6d72560e53d01a9765c759258fd889261c430b3738edad,train
605,57f7aa8c44e7af4607959e8a9cc4dadde92dfd0be002c72d9b3b7a6c783fc442,train
606,07c847189ca325b7bda017e750bf29beaf87761f1a5f788b726b39c253a74180,train
607,4e9f31bac40cdf743113957e0224d5f32619bc6eec2fee7fdbbf26c623372e11,train
608,2dae09cf5984e5180bc3247e4f2e0d12f1ee874f0a948c6f441d4a47b05f571a,final
609,9906f8b6959194b9507e18000c3868acabde219b039bb86c789881e700f6eb7c,train
610,e05c517375ddd44aa7919c054e37c078b581f835c7d87273863fc1976fb51680,final
611,90074ebbd90753786c7408b33549693ead5185609706d0a767094efab5a2c60e,train
612,389bae09f0c9bdaf839e4954532f2fbe1ab1460b68aff243b56551648b0ad5b0,train
613,1cd6d813354edd3c227767d321cd6c5a35e757972cb32b65af580280f2343352,train
614,a2668d14fc5705a6f5b4ffd841dbcb9d97dc74b6a2c66efff77230caaf1b4119,selection
615,849a7140c3568a9fb6e15def7138802702822d57ad00e00c1296e0aa195757ff,selection
616,849a7140c3568a9fb6e15def7138802702822d57ad00e00c1296e0aa195757ff,selection
617,86bd717a9079fec9fbef79c9e8dd05eaec792b069aa3b9fbf675baf28bd068ef,train
618,f1295f801f37391c017449cacbc42a8a3698dd1024233aba0088adec8d0efc49,train
619,796c6249b3b303415b6e5055398be046627e2c153793a803cb7f4b73108161dc,final
620,27e05acf2fb53feaa4acb48d4d1f6b5b4e9e61ffd17e7354ccdf2cb1af74cfa5,final
621,92625140a040551aae639adf74bbe7ba4bc76d7e2143b841c6f1ab1d0ba01f6d,train
622,190818e2573803a70c5373f36b139de10129ee29063f9a3027dcce0a04a49748,train
623,d6aca9308544fce6d03151c0414f4315687ad7aedc75a779d9aa0d3326ac4101,train
624,6df23599278b4d962a9a1eaaeb1cd8b4ca4e2d388981b09c1f98656557d6848e,train
625,6df23599278b4d962a9a1eaaeb1cd8b4ca4e2d388981b09c1f98656557d6848e,train
626,51af898765208bd8d19fe1355d69cf1f343b52262150fd8e31d880d1da550ea4,train
627,51af898765208bd8d19fe1355d69cf1f343b52262150fd8e31d880d1da550ea4,train
628,ed288490f08b5e4ce7541c4e36f60151e02b4f8e716ded5eedea330258996f11,train
629,e5aded1ffe6b3c9a971e7de2c699aa906dae0b0e5980fc2a94777fdbb587e6be,train
630,ed288490f08b5e4ce7541c4e36f60151e02b4f8e716ded5eedea330258996f11,train
631,b28c22e82fe254dbe4a97e8dae081496bf0ee7ba2819493391bad60f195cb55e,train
632,31e6c040ea0c5393bd5ee6c3279cd0834c5cb62eab100aa4b1e4bfc1256fb147,selection
633,12607365a00f918c7e8a099a675231c61e07f9761aefe3b37f197666cb2f07c5,train
634,7fa0d5b45116982b539729457d5c5dc0b3b3eb235b86f38b3da9a2fcd3e03aed,train
635,edcd4b04f9f08abe40bbc885aec8928696a76bc3d2baa01aa4b8fe6b1550785e,train
636,5606ce7931e079c6d817ad56466e631a9bcdc562786694c07e5571de79858629,train
637,d43f6970ade640b3c5bd2013beea7ef445fe92f6008563628f2ed88af02494f9,train
638,b31fe66221b558ac3451bcfcf34052c935b79f328388cabdf611a0adc23a7424,final
639,d05d36c306222d31da646d9c26addd925bcc01c4796db58f4a276f6cd102b6a1,final
640,0a1094e8da43a2f651208a701ce2465de0524f2f451aa566405d38ed225e485d,train
641,8f7e494df4d5361bdfa582ef0c1902298ea4ede7ffb2fdc422b7712dec365868,train
642,0a1094e8da43a2f651208a701ce2465de0524f2f451aa566405d38ed225e485d,train
643,8f7e494df4d5361bdfa582ef0c1902298ea4ede7ffb2fdc422b7712dec365868,train
644,0a1094e8da43a2f651208a701ce2465de0524f2f451aa566405d38ed225e485d,train
645,c0cc41d01f5c875043deea038ba2ac96e27a307036ae42b16a53bc7ccfd9b3a7,train
646,1e98510dd09720bbde2c79a852b20d7d323c23f8501864e9462c8f3b644eb375,final
647,51b706f206c1d6632d9d18260a2a08dc6c94541754b133b4fcc00bd5d8c0cc08,final
648,f55fc67b66260b1dd4cb6086b9476dfcacd0cd201665b4cd02fce72fd03a6d26,train
649,d3791a5be65329319dd4868216e8512eddb923fe16060ca4b4183d1eb454bbfc,train
650,535475503a23baa1049750084a0a5618882e8e575605c20e5b704927024f0974,train
651,45933d478661a3c1c9ca23dd0635b06c2e5419af94a7f7eb944f83d5eeb8c7e6,train
652,3c5ed324c992c1dbeda96e39875dc996f0b7c8547dc7885e2a3cbfa840e1a72e,train
653,4e29e4ff4d2910fcbbd71ad78fb1910686583ab6152a53cec4bb4f957ace946a,train
654,d4fdaea30623f5c734ab2765401a2242dc909c21e29910d81fba8b57bcb79faa,final
655,f9b49ee815d8a4015348142489283fdb6f9ab9a81f129e5f07092882d798c340,train
656,535475503a23baa1049750084a0a5618882e8e575605c20e5b704927024f0974,train
657,c38485e2addfc3394b236cd9d86fc8ba9c081cfacc5fc1dc1006baaf582acd8d,final
658,c7ec8056a60b2684af3fd9f74cde15ffc91a2b6b1a98a157deca826134b42533,train
659,30622b2b990d00f65a2998b60ee7ff79c45ceb701d78e9c2a9e5b6842dcce528,train
660,c7ec8056a60b2684af3fd9f74cde15ffc91a2b6b1a98a157deca826134b42533,train
661,34a34d0d6cda434ccbfc1ac97b95699a07f0ff292f1998dba756f24d22de719e,train
662,a5c6425e99aa71bd30736205fc09249d695f1886e12aaeb22f8cccc1ac7031e9,train
663,bc02fabfbc919faeeddb7b0b003941823a6c8623be63e87e87292eeb9312b764,final
664,f8f30c4ca20f50e617c3efb9d8f7f3bd8903f8a08e7217f11525ba0f0825e445,train
665,bc72388277d45d1da0394570227e83683bc556829cf39fc2833f255361a92ccf,final
666,ed5daa64a9443d431f923cdc028a670d233b0cc258cc0dc2375fd2ca2bbe0acf,train
667,955b7f32001b937da8343d229b30b2c3efed46b2dfb5082f36f57d1958f68044,final
668,c914d715a8bcaf8ae97146ec2747dff05c2d85777e91add0d35dfc06e790ad57,final
669,955b7f32001b937da8343d229b30b2c3efed46b2dfb5082f36f57d1958f68044,final
670,97fcb8dd8d639bc752457c54a7ead0a9981737769d376b6b2bc2b1f0d7f480f5,selection
671,4d169d6d38947da3f2d9b0d393a6a93b6519df2e956e1d4c81165cea56579f59,train
672,aae5cd6fca84f65e107cf4917d5b4492c6a6ef932624b9087f92e3419c544525,train
673,4d169d6d38947da3f2d9b0d393a6a93b6519df2e956e1d4c81165cea56579f59,train
674,b93b53ccea87f710f069c4ca9f7f83c33f6dc00f1d26e466474129386941c2b6,train
675,ef095fb8fe984533f7ce47105a687b4eaca04ba91bacfe0293d7406f82761b7e,train
676,b93b53ccea87f710f069c4ca9f7f83c33f6dc00f1d26e466474129386941c2b6,train
677,21bf6f7ab5d7499bcab96ecc2ec131c069ef3d908025b627e6f181442fa193d0,train
678,297fdb195388bcfa01a0c6e03778ceee2bc7e94472a6097cedb8979838920f31,train
679,3febbfca8d066de26f12d04c13375effbbef40ca24d919a05e88e9f164799936,train
680,1a682d361575889ae29917b7d14fee5e14fd20ed5f093ab1dded08d7d6f1d186,selection
681,96bf0bdb5b77cd4809c32d9a2760df45c13c306635f0b318be8709ca0fad1aa3,selection
682,83ed9c28629c3a26b53bd219f5563c18ad6bf481393e5bab0a022e533cdb8202,final
683,8ee3cc3cb91f305352b325e6f376780c6700e45ad1aa4a9bc07e964613e5e17a,train
684,a0b004c9626c6a3d2873e6a6f3ed8e530ded042e7a4dbe7f5d6feebffe4cb6ad,train
685,8ee3cc3cb91f305352b325e6f376780c6700e45ad1aa4a9bc07e964613e5e17a,train
686,5f007864ce3a314f9ead56b3cb023a0b6f3c637edcff62e81fa2167d77a1f088,final
687,e32b199b619cfdafde3d0fe5e9a489d49cb3f192f622009e602c7a0687c0f04f,final
688,74c896932375ee969c534ab047bdcef8cc692a888fd6e575a36fff495d3e582d,train
689,7d4863f920fff96f7d700c07ce8422704256854392de542852b4302f7492afc8,train
690,7db9e39c9c9859384e1d7939c37491f0e0bdf1f240bb18d88fd371c05ca1f9a1,train
691,cb9c22c0120547d05a021fb97d9d969e9bcaa8bd34bb3cff04df871a8e99bc24,train
692,ff3c894e6f210613c7dbf717fe2855b7d0a849cab0111f362dfc11ec8018ce8b,selection
693,a05f995cee48f52c25b3f82b0cdd9ad177ef1f89d265553311426fb8c7bf36c8,train
694,f571ecb2794960ba7d1ac0b5f6cc980fb4788ae07e2aac25e913cb253fee9093,train
695,aeaa49573f21f59f44b7ed408587d6ec8bbb9753011e12b6d8528db0d1bef68e,train
696,f2387015db99d287f83ceb46cc4a249b3813b939a87c7b8f9f6738caa9665a47,final
697,f2387015db99d287f83ceb46cc4a249b3813b939a87c7b8f9f6738caa9665a47,final
698,99c3ccc3b2ec7f508dc65276188598232541dca32efc5fd173d7b49fb1bdfb14,train
699,6f48a837e5ed983a67630b1dfca4dc2703d2255da431fcb015e2f7f9942c0463,train
700,5db3d692be0583acc0d08a2a151f8d1442726bf5bb3b27e7b975b87fe28cd5be,selection
701,f2387015db99d287f83ceb46cc4a249b3813b939a87c7b8f9f6738caa9665a47,final
702,eafee7c40f9efd34f14e46a97d171b2a00f0df98d8ab0e8e361079a8986fc3ef,train
703,513030e3bf68ac3a9979f17eeee13d7003ae13fa22a5f0cad59bf6da8436b262,selection
704,36262236e33c2595215918370cc22077accdccc13ab95e07e9b54309d2312330,final
705,609c9bf42c8c3b515fb6a49f1c9225bd029a0d0496ee624e1bc1a5b20b263ca6,final
706,441deb44c45b264a739c54263a752236dcd087170aa388b532b69ea93c312fbf,train
707,c5d5378f5834e2de6f9d47045e83ac3a534a78f42516aa56637dafdf8dec8d8f,train
708,a57843077ab234ad2ca6eaa83e2bf2125b243f0cd05817c94c95dff63fae3625,train
709,6ed05c1f286d35eebd4817facc38c49ff3e8e6d5692b73beba8f1127ea571d42,train
710,09673756ff0d0f6b91c247c1c6f145b9a135d24b78b18c7873787c53b056d279,train
711,5e09f2a7b2d3f8564477c765d7556a75456096635df0f6bd733d2fa5057fc31e,train
712,5cc47cb50f31ecf40ca915a6ed669a997944ab4cb40c9370bd183c79741e8641,train
713,9f532ff09a9b5a0849ac721ef9b4c3d5a37086d40aab90ff4bcfbe0f619b6e11,train
714,97037bcf71bda19acf88f9eb8748a8d3739750cc79f23d34c1162a150a659c38,selection
715,cb46375406dd418e35e061adf47a3020c14c44960699e376b05278d4831e6b7f,final
716,9f532ff09a9b5a0849ac721ef9b4c3d5a37086d40aab90ff4bcfbe0f619b6e11,train
717,088b632efb3a3fc0dbb6b104ea8f96141f87902ae92dae61ab6d9919f3d04c1f,final
718,f180092c4a11b78f62d17887b0eeb532b21d613e5068fb8313bf6d1d844b535f,train
719,d87ec6a904b70f72d26a0caa2ee7a94ce100d005c696407bac882b75dc864c81,train
720,f180092c4a11b78f62d17887b0eeb532b21d613e5068fb8313bf6d1d844b535f,train
721,635c8b24ca7a8288503f822d5a4fff04504937249321c9f9f2d0d60148c2296a,train
722,e07b6b0128bbbbfb576f579ab142389bb6d41f97e54256da44507108877b758a,final
723,dce8863d4f3307fccbe9419b67d54718de111f9a038b0071175313216beaaf36,train
724,ea33546d0814835f31d08636289b84962a83b808146cb182d5d26a0d2660c5b2,train
725,38bc2ca37c520114d1b60c1f8ddee7b5ebe2fa6b7534d677badc8d4d0c99950a,train
726,572ea5ee090704e4b6530c5bb90fd5dba6c9f16fa17f15bf4da131a119d6e6cb,train
727,9cafab818397f1e2e83e4b4f4cb74ebb34502e38a5680b968e5c574f9b79e020,final
728,9cafab818397f1e2e83e4b4f4cb74ebb34502e38a5680b968e5c574f9b79e020,final
729,fc3864304ee82c6ff95e628d02e87ac7788233000a7eef588c3eba8350439e00,train
730,974ce0de117cba28e6c64b08df30137c9441da66783114fca0422c5501b4834e,train
731,8e1c499174588d6e375920f5b7d527d8a9369f39cf9342aaad1370b948d6e4aa,train
732,a81410493d766dbd54ef20c2773be3ef23038a3ffbbae5aa157c8e424578d72f,train
733,bd56afc937d3afc7df62af9105733dc5ece9db342534396b1c57905de3c657f9,train
734,38b164e124a451ce8c1b855868dbfd382d6a020714415b4f178f11ad40fd44c5,train
735,fed4bb194495681d0db1492e895aad8d7572bf401fe44782a3e82da54ac6e3c5,train
736,fed4bb194495681d0db1492e895aad8d7572bf401fe44782a3e82da54ac6e3c5,train
737,07f97337f16eb7c8776dba85c9858a9bb0b7cdc9699bae7a945e46fffc283b8e,train
738,1166c80008da02b58f670ee6dc40eb3eec373b79de0db65158aa9e8d1f3ff242,train
739,dbde2356135e5c60b89671a4c26e4990306793615894913dc3813fb6296c5b31,final
740,da5d61e1e4ec633dd6a56e34b8c464b85dd5dcc212a6d941b586c0a8e8d0833b,selection
741,f9daa86353329676007af142fc8feacaff9afb92c69f0e86fd65fb40c08cbda3,train
742,5f802c475cb5b1b3de7eeb0609a98679ab26222a441ce9469e89ebeed647d2c9,selection
743,8a46ffd80bb6aa92143707e63f05346f297062456cbc2f0e4079ec5ff40b1c3f,train
744,23395f6bd153f0cd9e43816be523417daaf6803add968cbe00e7749ac7675ccc,train
745,0d11a41572911a59125c60bf643bf80f5299adcbcba16632b0b1fd31299ee037,final
746,bbc13e954b70a2a1ac82586b4f21d46d42def81ae05cd02512d32b858f12fe2a,train
747,e1c37fa8dcd1eccd2c6b44238cce88701892ac9e84304373081b3875d0180229,final
748,557f4318f250c57acf536ad218109921519ece1670065cba04bae51a148218b7,selection
749,0d11a41572911a59125c60bf643bf80f5299adcbcba16632b0b1fd31299ee037,final
750,3a893399ca6102bc7e4517f3a3c75566588a87b1d5a89c4d007f9d8697ab70a1,final
751,3a893399ca6102bc7e4517f3a3c75566588a87b1d5a89c4d007f9d8697ab70a1,final
752,360cc6988f1be888bbf4b4358904a6bba93ca27d7653aac10487f381e9416308,selection
753,3a893399ca6102bc7e4517f3a3c75566588a87b1d5a89c4d007f9d8697ab70a1,final
754,e4c21334ffde724198fe4d8fb240fd62eeb9b49a222e55f0c8d6dd04823e4e13,train
755,00df8c6be5fbc1f93482065deb22bd59c87ac3fb2f9b0bd5bc75c888e14c3eb7,selection
756,e7cab86e192a833167419fdadff1cf23e27cfcce96d40043b1848db89edd2bd2,train
757,02fc7cf690fc9339c5122fa77d7acffd088deb008697de7dbb994c3ea951f25d,train
758,02fc7cf690fc9339c5122fa77d7acffd088deb008697de7dbb994c3ea951f25d,train
759,85c6e87ff5df895fc9b51193c722e8af34010ce34d9964481a85fd03bab6e337,train
760,f65d373dca8de6244e009ef9d426b200cc50939f8fd0efe89682f0867636fa6f,train
761,396cf39b6f896303b12ab5503317b8cdfcc0708c366bb292640ed0ae077dbb1e,train
762,12af9171c2e5f90f5dbb740572a20f0196ed6abb60bf37f67ce566e6ae247ea4,selection
763,396cf39b6f896303b12ab5503317b8cdfcc0708c366bb292640ed0ae077dbb1e,train
764,6d6c852042f82b7f495ab7287ae484386ebf0de265c03984a54d44b07229dc50,train
765,61ab9cd84aa4ee1719d5dd0f7e87687e971207a6db9418dcfda8913cd815b860,train
766,89240a4bd4065e097b0a67aea84157933feccf888e2367963a41ea16e6081b7b,selection
767,3595355f3939ee7f4803fd9daa37f12fae8dc8b12037b28851c4c4754ad13580,train
768,46a6bc63ad78c0146b767f8d863d2a192c84a72c67862de712092fc27a501a61,train
769,8e3f1b320579dad6c87cd874195e3c9baac8d1a4a8ad66fdcc2856057998942a,train
770,46a6bc63ad78c0146b767f8d863d2a192c84a72c67862de712092fc27a501a61,train
771,13fae5040e313547f0594d67598a08acd3ca6e191abcf4d205a30f477a4f1e5e,final
772,fda91ce49c313695cdfe8e5afccfb0a86c9ad74acbc201157c03badacdca4c28,train
773,8b2d34dd2cdb4eb5f3263ecb0d8454dbab072328d7d1ad829b44ca0e8be4c3c3,train
774,f64a5214bc01bd528aaff021f29dd16c9d8e10a7689efdcf1c38224d5098c577,train
775,415b4a070f69319b045465558522cd3718cf6f30721221b0502e7ab99354c406,final
776,948a92811d2ef451e5672bd88e9dfd19c67278e07e2a90609975e07cdeda83ab,train
777,79699b3ab02d6feeeaabc26f11540603c9a8d3eaa83ffb611baf70de733c3db3,train
778,acc6adab6871553bff32e815e237e6e355c0e98929f478ff00e2bb5358efebf3,selection
779,bb10cb4c2c9aa56a8975dce57c0aa9fde2dbb5a95c9d59d18e5fd4009207b534,train
780,dad725246cbf29fbc11760e977d8ad3b5feefd856d6a86bea50b766c7e258eb1,selection
781,fdeca928f6a3f5db6b4e0de23f0a83ffdb248548166bd91a05d4d93bce9bc27f,final
782,d2252d10d6ce8dfd65bf9e46dc550de62b5e5eee0f8c2a6feecc8bc28b82e2fe,train
783,fdeca928f6a3f5db6b4e0de23f0a83ffdb248548166bd91a05d4d93bce9bc27f,final
784,cafce4e3946b7be1e5374a5727bf5dcda750ce6efc25d8896b479c2a046fb423,train
785,c7cb3cf79eda6d0bf785ab7c0804b32d62f3f42256a45c29fdc845827588b37d,selection
786,c7cb3cf79eda6d0bf785ab7c0804b32d62f3f42256a45c29fdc845827588b37d,selection
787,96f36fa4df8407c395092e3110aa3bdc37be17beac7bc1aada031be8b2cc8971,train
788,96f36fa4df8407c395092e3110aa3bdc37be17beac7bc1aada031be8b2cc8971,train
789,9d3b1892310ffd3fc8ba805b2a8f160f5a6acba12718bfb041ff727ed0b226ed,train
790,63c46feb0dc099df5d0bafe16693cd4afe28dc33bf8eae8116435951b398185e,train
791,60c2095957def1084c00d8e9103ce182767eeccfdf020af985928fc218f62618,train
792,1fe377c8c6b1e41507bbe05020772f305e7510bd38d05ae36819e90697eda488,final
793,71021e9a7cdc78353507af90cafb07b889a4c9d200cead36a40bc60c010402df,train
794,ec93252095ceba819f727f9f244af49e4e8a831a7239ed7b518109d82671234f,train
795,83c4539f9d1ae63c25a88a6ab795a481689bb86b39787c83fe0eeca41ed5f3a3,selection
796,2b65ac7bdec79afecf5772c034a6247261f009a17afe166a7b612416cee04bae,final
797,cf6407d3efb5a0a58a4065c2881d77fb0445eed8e3b918233482a5c7cd3ced8e,train
798,dde0d3638f2bdd44bd3822005c9ea3439e14bda9b65a21bba4949862fd6e98e4,train
799,dde0d3638f2bdd44bd3822005c9ea3439e14bda9b65a21bba4949862fd6e98e4,train
800,941949e6f8df44ad568fe91a03f122d5732b530eaf98cc0b4d7a5f8b2d708ece,train
801,dc345c3cd8335d402d3d9cc1dcf9559355fa3b996c5c05e306b928a814c48a30,selection
802,1a37cb5abcc412fe2ed41390dc86945d334e625709b6f6b56811563858935ec2,final
803,1f129470183dd83908ac60cf2912b892ebe05f44bee4bbaf871627eed2bc78c9,train
804,1a954f6a645c34c1883bb533b08a9fda7a04c1b97ad5f722494421b6676f6726,selection
805,8c2899e2008c9e6d54a0010bb6b55b33419b39118fb19bc425e3c6cade14dae7,train
806,ebab8126e2deda2dcf85f54320fe8dbde0c685281b7b3eb29220f633cfa747d3,final
807,8c2899e2008c9e6d54a0010bb6b55b33419b39118fb19bc425e3c6cade14dae7,train
808,7005634ecf1e566a01bc492e63353e5a29f69d9dece954c709abec79c58ef92e,final
809,606808fffbb4d0f166c7dbeb93665ffeb923cbd5d29fdce4ae669047fa37da76,train
810,79bcecc7ebaf109d654469ea770e727b16b076e47adaf4ea4e0818435f453f07,selection
811,863d162a2b3a0e69e8dd2f4f9e785630e2b2f2fe452621a6a6786c393da5273b,train
812,38885b79441dc9d6ad2165e14e350c09403f2e70aed19cfc75423cab4effcf1b,train
813,22609e12a3b2ec3b9d4dbd7ac2bba53b2ad2b77c1c3788464d53cdf882b7cee8,train
814,3f49245e9383ff8a4b8e65bf1fca26c318f491a834dd296746f9c0a8170bc693,train
815,38885b79441dc9d6ad2165e14e350c09403f2e70aed19cfc75423cab4effcf1b,train
816,817d6b111fe2cc5737bb3dda084af007a1611f5aa03674a3e5645f5777920a99,train
817,618b3376054bce13de78729745233f478d615c599de7da46478864145fcdce2a,final
818,fbfa5b58951b08e2870fa4caec9fc8da168e1ebbc03c5499326ce5b0ba645a74,final
819,7741d1446235a607429a7eea988dac1c965a6990b04002dcd6429c1efad83bc0,selection
820,cf4824504d3c19d24fe1151cb029dac6136531cc634c1fd548193248d61ed6a2,selection
821,39825379ad8b51f97688c79194f6f022e9112a1f011c9f0bf78b61fbf489fc01,train
822,470be154d5c7d0d85d1ef7c3bef9e7e38902fec2923ade672f99ddc3cd3e2097,final
823,470be154d5c7d0d85d1ef7c3bef9e7e38902fec2923ade672f99ddc3cd3e2097,final
824,95d44d3ca5eb2b598eee4a5f718fb625ea6a94d0021da1bf45e5c8b6b4156000,final
825,8926506fcf89f90963e206392ff41373135c0f17e3de3371c44e70610c749ade,train
826,f83fa124044c4df2f0b3b3f07b8866e037644dbdc2cc6edba4ecb32d0df8d9c2,train
827,8926506fcf89f90963e206392ff41373135c0f17e3de3371c44e70610c749ade,train
828,4cf0b5eac04ddef88d746a8c79a5c700b05d0d98b1f7e5d7406b1908936feefc,selection
829,4b014639aa24798be506e01de7ae488b5308568399af21c9903703704813f1ad,selection
830,671b0ea1cb50cd1e3386dbf860ac484a8fa7e89848c834e9ebd9c8920a1e6355,final
831,4b014639aa24798be506e01de7ae488b5308568399af21c9903703704813f1ad,selection
832,18198a54b5f939033667978df5bb17a10e2f6c3e1f1f85414c10cd0c87809c62,selection
833,3ee8cdf4d0445bbcc9acb73c23267130b6e06f3bab5514e439769f5457244609,selection
834,2e5759cb45f10b2c316496f958fdb3e51f1362e23f1f6e6905f147d3a4deae0b,train
835,37b92ae882ed8372fb01c0434e10d06ddb099fe17d37de216f1de33a0b573b55,train
836,81de14f04be4e31974f9fe05ddd3af771ba14c3337c39b4835ce9555adf78378,train
837,81de14f04be4e31974f9fe05ddd3af771ba14c3337c39b4835ce9555adf78378,train
838,bc96e92b8b88eaf89862189eb71572a08415b002544f517246756e93701fa36a,train
839,153e76307adc517ff5d62d78baf052e9271cf9959a9ee8b3145f806c72bd8836,train
840,534029bdcddfce0618e380438f6932b43405b39b605a9adcee0309fdcfd8632a,train
841,506b047119f689a92d1237594e045d6fc0c63b80d75368103f5d8f9c0a564bb9,train
842,5a4d8acb6a3defff51794984382a247fb003e0b6c3120cc33ac0307041de2b42,final
843,61851ce38b421523c532a71343e6fc33dc2ec4eeeb2e72b68f54cbdebc0418fd,selection
844,2ba0eae3257766ed8958ab1783b07d5461879ee797592267b632653224fbe908,train
845,5f81ecf9c9b95e8e4f2e40b390d83072394c57d849b00e7ec8c0cc7dbaeb9098,train
846,5f81ecf9c9b95e8e4f2e40b390d83072394c57d849b00e7ec8c0cc7dbaeb9098,train
847,914895abdd065c7abf2f98717b7c1e8e23a54f33895351c5e683a16bddd33780,final
848,5f81ecf9c9b95e8e4f2e40b390d83072394c57d849b00e7ec8c0cc7dbaeb9098,train
849,54de2b085e8f315e3e29ef1c6e4eabaffff90fc186de6bf12e1607ee25103b1e,selection
850,b0e30ea6d7a2e079b65ed38cbc50bc61f2cdb8f3bed381658477da3d174c54e8,selection
851,b0e30ea6d7a2e079b65ed38cbc50bc61f2cdb8f3bed381658477da3d174c54e8,selection
852,12d35e94c0e13f238d7342cb9ff6446270fe29962cf3157292bc01f87bdb55aa,train
853,29c2ea2e89bf60160ec71f954b7c9de5aa0d72cfd7344de3200d5ab2b1ba7b91,selection
854,29c2ea2e89bf60160ec71f954b7c9de5aa0d72cfd7344de3200d5ab2b1ba7b91,selection
855,4fbc43a9111281cc36028adce4c36a4f1b1c8f7bcf68a30e37433986b2a3b71e,selection
856,29c2ea2e89bf60160ec71f954b7c9de5aa0d72cfd7344de3200d5ab2b1ba7b91,selection
857,42f56863b167a06d03160d5d701edada3117f8e51a2e7f49dbbd41a678188021,train
858,953d9eee28f2c841533616da675285ab78913287bcfc2665f5c1b65e2b439e88,selection
859,0c6cd7d00ac3804607472f0c902a8c221159b16aa52a2acc4f2630ce49733849,final
860,c5e0bc9f0f90168421437a8533b0e715c7dac3525cc8e1fdfcc5cbc7f0ace404,train
861,407dc3a5567973e154de74389b2bb5fec8c4a69cb187c4d11dd649f0269b473e,train
862,75580f6354dfd35ec1b5c059bd9ba27f82fa2720f0042c9b559fa8d8224d174a,train
863,dd6fa1845131668b4cc19c9ca7fcadd11aebf7bcf1aad76e3f38bec8bb6b42ba,selection
864,c5e0bc9f0f90168421437a8533b0e715c7dac3525cc8e1fdfcc5cbc7f0ace404,train
865,4a7795956b8a1b5369b25830e16a10e9678205ea8dfa668e67c9c5b08d6022c8,selection
866,7dfe327b6b22605f667a8c27abc139bf02073466e5def9224b12dc4e3c7846b9,train
867,84c857ad8081a3a80ee32b134f2bdd0538754b25bcb696b4052931b74a6fd7e5,selection
868,0c6cd7d00ac3804607472f0c902a8c221159b16aa52a2acc4f2630ce49733849,final
869,bf96335a578a95afae785c4010306ae1d62d90d93cd9ef9b5bbd0af08a166c2f,train
870,5f3f0f32d12bab230785d6539fe96de5b45efaef12f0c91b9287779cd4507473,train
871,c240dca322cad60a8ec149c0052836d84987b0f63d03dc0fd1a8b381662e5be6,selection
872,235b3c8fbd118fae8395eef24a37e283798eb8bf68c6235c2f14d937dd77e8e0,final
873,0c8eb055d6f2a5d047ff59e52b2e311e4a3a3e143e5e0037531e63968431957e,selection
874,75893d1c5064a8ecc344c57c1d0c56f71498d99a266aa3b6c5ae0108493dcc5c,train
875,53414ba2bb3018d177302fc769956d9759e8e8c0b5a8745834e1e85cf2c5004c,final
876,b75b06e17fe52da54077e3d8dc1ff1cbf4dcc0eeb5413e5b5cb75ee0aed01eb3,train
877,5f3f0f32d12bab230785d6539fe96de5b45efaef12f0c91b9287779cd4507473,train
878,b978a701d66a14a414932b021c9eb1e993431cf2f95e595ab7f6277df7ac664f,final
879,1a69a93173836987ddbfcf69763cc970d2a95318f7f94ba9015dd39289691639,train
880,2b0ad6881249eb20cd449dcba718d1fd685b58203a4ea93f27cb348e89e9ec42,final
881,4349f5731ffea37031d400240e2f5df0a72c50d2fcb8944bb7df4cbcbe3ba12a,selection
882,5788ac8e491eeedcf1d2d057857d91fab1d96643b1cbc17883c9551ddb5a4d9d,final
883,1a69a93173836987ddbfcf69763cc970d2a95318f7f94ba9015dd39289691639,train
884,b978a701d66a14a414932b021c9eb1e993431cf2f95e595ab7f6277df7ac664f,final
885,325f13417ebb368785640465d7fc334ed84577b7b585b9433d6ce9476a4669a9,final
886,d3a9119185848920436faf9080e5bf298d87ba26637daef428f0e3890c8ce1f4,train
887,058e4801d0006776301e0b2749a66f2763bd09143b0ececf0fe6f56ae80bc7d5,selection
888,dd3d707b43f0e9792bed39a13f15f4a9ad841358457b0b93e9fe23f223d14e67,train
889,d1e664b68ba260988a803ebdd49447df7dec7a2f721afaac8309dab41137b2aa,train
890,1bf1cf6c47517b100b185758575588272cb7bb6a37862f1b05e678bc22971327,train
891,aedc75b1009e6b9d8b2947e8b5d07d8116e855b4b7841775ecf7aa67186b0448,selection
892,cae078ef60b2cef3f1068083794dcaaf3b2e60681fa28b17cb49cd26a469bf22,train
893,aedc75b1009e6b9d8b2947e8b5d07d8116e855b4b7841775ecf7aa67186b0448,selection
894,d4453b8edc543f44cc4f04931ebad91ada16da94048b05f915239ecc48896ceb,train
895,35b40a1d7d550982348dd1bdb8ad75acabc0591cb8e2926d6192fe6a6a344684,selection
896,c1c6269d27a311f2464efe010a785ffadb3059c470e3315ef21312797cea7c20,train
897,35b40a1d7d550982348dd1bdb8ad75acabc0591cb8e2926d6192fe6a6a344684,selection
898,c1c6269d27a311f2464efe010a785ffadb3059c470e3315ef21312797cea7c20,train
899,d576fb140325cbc143e1526ce028a4fa0051e9217b8ada5d8e25491321c20ff5,final
900,21a7aafb83f840197d9c1e49b7150fea79bc4879fbb0ceb08300404abd0eb6ff,train
901,a37e2d1d0049f80bef83fc27ef618adf3d383c691e35807b210238497c708e66,train
902,a37e2d1d0049f80bef83fc27ef618adf3d383c691e35807b210238497c708e66,train
903,2fdd82a90d11736c17e949dde73fc95c149f0353fd823c2e68440426ccd96c05,selection
904,2fdd82a90d11736c17e949dde73fc95c149f0353fd823c2e68440426ccd96c05,selection
905,a78e79a87994d2405cc479d843525e1b385bd77ac256d0e7d96b0f503a39ee81,train
906,81d1fdd1f3e912b65a401cc7e6b93ec27de589ab93a04195cf028e8f66b61e8a,selection
907,96942f9d7e19afb99a396c97c14328195d69db1f4280b74e3d8b33386372f7ab,train
908,9c7a95b8b332d53c1cddaf927eb37a7904e460316e7e27df929a02ceb0785580,train
909,2dddac74f981e38f732bbc3fd6537ca08bc9b6dd2da554909ad4fecfa28c1ce6,selection
910,092bc84abba76e60a1008252e032de102e68683b38e06613cda5c4195c825d6f,train
911,6d492835ee46d89195c88ea2f15437b0410c643fe2a048e803931d15ac37e48d,selection
912,f2eb3f1c6fea821455ed824d1901247c126f6763a75eb6ea7f7355abaa1f7cd2,selection
913,69b7672f592da0f4ffc654a6e09bbbf0687c7be5a8a6009de0cd5fe1cc50b654,final
914,2dddac74f981e38f732bbc3fd6537ca08bc9b6dd2da554909ad4fecfa28c1ce6,selection
915,3cdb36a4c288ad943d65fb45e2b390d89f4429297bc0ad81c72e7bcb924b2787,selection
916,af1aa53a501e8cc10cdf50732c5e559f0e9b41bfd71bd9544213ee65c8cbaf54,selection
917,8496a919759302572a8cef7606ac26fcceecdb30db4b653199e448d000f4c2f1,train
918,f604ba37bf4ef01b98f9ade816fde583dd26a75294f5b49935b3f8a8e5c386ae,train
919,a3071a008661929be786b8a308a294a57896a2a94eda5f9f561fc9c0c28a4091,train
920,e5d07ad24066ed6f080da3a17a31785374dce83e4fac8aea5a0c80cda2a4043d,train
921,f604ba37bf4ef01b98f9ade816fde583dd26a75294f5b49935b3f8a8e5c386ae,train
922,a3071a008661929be786b8a308a294a57896a2a94eda5f9f561fc9c0c28a4091,train
923,8496a919759302572a8cef7606ac26fcceecdb30db4b653199e448d000f4c2f1,train
924,111a840273ced083a4d6fd55cb514a368a676dff94d562230a0431a6d6f93cca,train
925,26fb8ba5b74c2254ab837f6b77a1cdf76f400f7c8449f417ca5158a97e2c2637,final
926,1004edeb292a92aea5ff0323abd5ec7c59a0b7aa8dd34d61978f79e61031417d,train
927,b9fba3b536ad9df55416b575bbc46222e224549039d57eaf8910ad9fb8224348,train
928,111a840273ced083a4d6fd55cb514a368a676dff94d562230a0431a6d6f93cca,train
929,f27c69cc16793dbe194e7435341a16cbbb1c7ff87b4452d4f3c2afdde4c3cdc6,final
930,007c070cd6a011d49004615cc708048ac3b15d7abc80561a386b2eeb51882031,train
931,40951eb2b627055349ab420129b40bda0a2ba4822f6ed3cc050541a191166b95,train
932,048d78e021b39e61e877faf4f53f3bdaa7c09d8a112f02073b620ee8338538aa,final
933,40951eb2b627055349ab420129b40bda0a2ba4822f6ed3cc050541a191166b95,train
934,007c070cd6a011d49004615cc708048ac3b15d7abc80561a386b2eeb51882031,train
935,3dc88297480c728c1b4116d7437060624501e859b54f2ac4d0c2548bdfdee211,final
936,3dc88297480c728c1b4116d7437060624501e859b54f2ac4d0c2548bdfdee211,final
937,3757e707cda4ec5a70954419f3075d278a7f0b2074c0b4aae42272e0fb0238ba,train
938,fff6538178d83dd44cd86187aa2be3edc39ce70f7a910f8e7f3187b031d0462c,train
939,6d15b2c824155064525104a1dfb93c452468ec0166566f6b9a6f3327b6990338,final
940,9efbb9b27ce3348c55d35cd8584694be176afbede70afb422f44c51799c88702,train
941,23c03ed9464fad984d343a49ee3d8f6382a208c3cfaa2470f487c021362b7351,train
942,936c6c21ccb3decff97f0cf570ba839f8732192128d5a26b80442469ce254d1f,train
943,ecb92bfc6d419d6c171019a5209b3c353411be0141a6194d5e4fd7bc883c04b6,train
944,bb203f9cebac7e96c4f01de12de912abab27db01544e6218bce9d180a02d22d6,final
945,5d65680eb43933dc7b5b78f49e6ba5d0b98867b210eeaecf76b544c6672e6c4d,selection
946,c820a2a9eeadbd6737f9805533e0593357719f4818d6811abc9e813b3923b77e,final
947,152af8d7c1800405d2333313ec6fbd340686f30e1d3c01282f529b9052a09e4d,train
948,91f11e9d5353260d2edf8831a869a42504288e0a16abe0ad73c8a8be6ddacf70,train
949,91f11e9d5353260d2edf8831a869a42504288e0a16abe0ad73c8a8be6ddacf70,train
950,91f11e9d5353260d2edf8831a869a42504288e0a16abe0ad73c8a8be6ddacf70,train
951,152af8d7c1800405d2333313ec6fbd340686f30e1d3c01282f529b9052a09e4d,train
952,56fbe0d6b89ae46d3134a7098129fc97069c57edb1ce11d905520e9d00cf6f9e,selection
953,ec589a55609880fb3f95ade2cab83dc7d8d455cc3643b24cc8f559ebd11452b6,train
954,e2920cd963b8b65e17af68c30e5051431cf39166b5dba644aa66c6d42587cc85,final
955,d31ef31c732ae192b867fe86da89583b9ea243def44ee0dfae70242ff602ab92,final
956,5d168f02eea21c35a70a605c300fdda449de92ee987102e2aa6ec38717a63521,train
957,e1b5f0d2ee60463803d72ada6ef6f09f2ec369cfe95e52191228019cf637992e,final
958,7573c4a8564fcad42ba30bb715d198e82413b9c39482d5e91555e7b4b0bcc336,final
959,375bb56b998e56f888aaaba362dad08d5e9b4ab0bd8e56579d56f5dfcc02ee7a,selection
960,7fd0672c2265f1fc9329b89abd04409f9d1b119e99c64dcdbad6c13aa5cd6d05,final
961,e82b440afec7331f8fc170719f90fa06d6578033326cf86db4234547ed7d7d29,train
962,7e38e1e8f8fae16d00b417063605b5937a57668c2f49b0805802f6afda1bb1c9,train
963,e29364d2598bc29e34a9f11ee72b8291c595629b58079231987d89e7c5c7d05f,train
964,7fd0672c2265f1fc9329b89abd04409f9d1b119e99c64dcdbad6c13aa5cd6d05,final
965,1e91aca64e2546c0b1cdf730af0efc5282080fe8e4a71f6cb1beb64cb6152557,selection
966,50150a0cc73f40cf100fec6ff63b0bc08d4c9dfc9d0af5a30765116b66691efd,train
967,5deb4b14494f2701de0f783596c32c17c86784a3d0a099c46134082c4bbc17c7,train
968,d9fb74092423f1ffcaafc56b3b65232104ccba720d52090e826defe1ff69e581,train
969,6685700631a4a7fd039f24bcd08ecc0d37db0453e44c349d9abc58133f2a90a4,final
970,9e21769b75b02f92e469e8b3641b17017c571f4355083735da9f7cfdf65d5b57,train
971,9e21769b75b02f92e469e8b3641b17017c571f4355083735da9f7cfdf65d5b57,train
972,bd44565b13180f96a1dd59fe4591ff4bfa815282e3f9170a839c6a40aff59274,train
973,ed400dcc6ecbb537b29d909c39531e81ddce0e40edb1e05b15e944234a0ea3f4,final
974,8a4a3b5c28adadfc3d4e3869367c6f617d8b62ba261be7520519a4b5d48753a3,train
975,a47f5df641f52e3b1f4344362d1fe029acca61b6d01bac58ad3ff956507fe88c,train
976,a47f5df641f52e3b1f4344362d1fe029acca61b6d01bac58ad3ff956507fe88c,train
977,b9b4a2e532bb5a8269a327e0e7a9607e758bc12b8768e3d372198cebf81b01a8,train
978,8ceb077d1c1ec3d0d43df8fe8d840b427dab839eb0351ebdc730d2c20f6de70b,train
979,bddd8017fb6cec3693880b5cd270ea14d62214663523a779cb7f3d21465ff73f,final
980,115fb3977514c8c288f458ba89c2e52312e1817204aab116ee2207956e95d3b1,train
981,ddf96f8c46d929721b6cbc65577b7744f20947abdb909c9434049e9e21494e5b,train
982,51d6a2e82a0b0aa2c5741a7862e42b632672d90b5ad6b3b676f10dbf3dae4524,train
983,115fb3977514c8c288f458ba89c2e52312e1817204aab116ee2207956e95d3b1,train
984,bddd8017fb6cec3693880b5cd270ea14d62214663523a779cb7f3d21465ff73f,final
985,b0066add238418d32dc1567682da77823dd36e148e586cd47f4a65dfce377beb,train
986,4f95bf3a421a00714db04784fa7e19f74a571ccd7e51cc2dc11ebad062e3367d,train
987,2024f6e29959a4129272b66df8f91642abc533a1a674bb0880a895dc02556f60,final
988,77f000877ebc006d473a8070f76a2157b5c09fa65638b4f2f24eaf426c122ff9,train
989,f5d37af2d12d13bd7c47b9a6dd421c7f6d107812a37d2f2106c63e68c3b0e4f3,train
990,77f000877ebc006d473a8070f76a2157b5c09fa65638b4f2f24eaf426c122ff9,train
991,493c3b86768769f6e0ff6fba9272162f6582747a158984404a2163c69c8936cd,train
992,bc3042a7a3c02efb9fec31dc2ff1843bacf7194a71171e07213e7c97e0e94df5,selection
993,493c3b86768769f6e0ff6fba9272162f6582747a158984404a2163c69c8936cd,train
994,b5726d28cdc9ee52fc53463f4da1d2b4c1f51eef3fcf057cf09eabe0162afb43,selection
995,1d16346e61a50b9a0164ac5c9b3d0cfa4e916ca2a4e6e264e21b447b980f13b1,selection
996,bad42ca4da169431c0e847484f30f5ca04a881bfb8dc4c60e223299315783c85,train
997,bad42ca4da169431c0e847484f30f5ca04a881bfb8dc4c60e223299315783c85,train
998,9ecae0c9eadd06a31274a1955c641be06bcdd8fb39b7c3d1f723440062f51439,final
999,f505f6dca339cefa7ba3d112085ae589115c76000d9fad8374ac29595ed9b3d1,final
1000,a4cf8931630c61c55358c8a6219c25e0081a97618dabc76b7d108eee4da8be5a,final
1001,a4d7f248a32c8ce36947be1cf6a25f2c773a3b6e260410c672890f5cf9a114bd,train
1002,321a8678b9b2d3f5671185ad790ca2c4a703fa1945b73e91ba923197679e2192,train
1003,550f8f146d3aa9b6454ac9e1577d533785f97df252a991b75f0682aa32c061b1,train
1004,47f13d848c9b6af537224478a621ab4eaf14365d7ef3e676305401253dcbdd8d,final
1005,550f8f146d3aa9b6454ac9e1577d533785f97df252a991b75f0682aa32c061b1,train
1006,321a8678b9b2d3f5671185ad790ca2c4a703fa1945b73e91ba923197679e2192,train
1007,01608cc863a651f14871403d8d289e21baa3fb917e71ba415ef658b5c300b9d5,final
1008,838cec015089bce877c46ed771b8b5f1314e3ff8d43e6269777d40363d6b9909,train
1009,800bed67c753d9ebf5460d4255ea92c1702e0b064c2d4dfd2009a7756e67cc5e,train
1010,df8c2f51e3b82d182d499706d4ce80629a74e88f2b1b1b7f1ccecd50bc9232b0,selection
1011,2ef7c16ca62444a70b833ab082967c313e7c967be0fada5d00da4ceb96087cc0,final
1012,3f1e79d2eeeddda8cf13092346ca8252a97cf791d3115e8b343538138aad1e6a,selection
1013,8fc029f29402d5653bd3a1805aeac566944c65db1f2cf48e374063a711f01d8b,selection
1014,1cd367df179ba88490373730d4b7931620c3977695a8efecab1031ffc3353b42,train
1015,570bac2a1195ee3ad700ee3c30d30d3472abe364ce174d037cc19e7d39cf8cfc,train
1016,12af044ba04d86685465b1d96ca97b6abc474c936dc05fd9f9552661ccf8e316,train
1017,4ca3f2d1e2c415c21ff9301751460781a408759c039629386697b428443aa79c,selection
1018,4ca3f2d1e2c415c21ff9301751460781a408759c039629386697b428443aa79c,selection
1019,8fb1d314a80717ecf7a6182310308b65c093324a74e3dda7bfc5062189e0cc74,train
1020,dd8fb9836c25640a111f86beead33c04376646ab6785f9163114bebd69ac4ffc,train
1021,dd8fb9836c25640a111f86beead33c04376646ab6785f9163114bebd69ac4ffc,train
1022,2dc0d46d4efa2d62cc28a90dc62eccee6bf08abf235049eabcf3cb67d82f4f64,selection
1023,0d72a982b10a0e42b84051034c8cbd05a2a72479bf3746d395d85a6eb05731ed,selection
1024,512855873b42cb7ab0f7ed9ae7fee8179610b627216f942cfc1252cac639171d,final
1025,b05d3434f6ffd15fa8182728ec0de26fcaee3934d3c3ef353aa0784b2615bf17,train
1026,611b74cfbb7379d1387be074b1d527535c5d28fac1307dad8a94e02940f3c29a,final
1027,33040dc3665b6a1e650f33d2df9565fa66cf5a8252158f6fa4bef84ff4bfa60e,train
1028,c7b338aada180ebfe4503603e691878ddbd0f08011fa7f932f3821ac3370af70,selection
1029,512855873b42cb7ab0f7ed9ae7fee8179610b627216f942cfc1252cac639171d,final
1030,07b05ae60f840ae4a2c6f5a5cadc57d75826fbf387b302a7d4a24f4937f3e0db,train
1031,22553cd5783c8de82d0e130c099c987a493b56bec58c809c1640ce30935f55bd,selection
1032,8f8249218542735461e12f16e7693ec1c63e8916dab2bd1bca9f62009b75f46b,train
1033,cada61782a92c4a1fb480546e696b6eda4ab4a301622410b36c093451339fa98,train
1034,a91b17255af64d10f7a82533aee6779e88e1d18bee1eb6f129eee2cb4945ab8e,train
1035,5edac05e5c5d0fb3431a4f66225d9e99a10db21c934776539aa64ae25d44130c,train
1036,117ec57692643df52d786fb28f789b64949c998222b37b3e71a5854a0a9a1275,train
1037,1215b95ab0732a6a92dbf46efcf70cc26c01e15b002532a704b47ec75f9393b3,selection
1038,a4d8bf5e4c69f38930d55c0cfb7e7e222324d661abf33fb9c27dadd5e6c5c2d3,final
1039,0cc70c3d7b4c0ab662cef0a986976db584675a61805a1c6b0fe2569ae434d18b,selection
1040,5777c50a67f4bd30892744989756740a11cc6162af5ec6f31a0f65069eb33948,train
1041,ceedd0d1be2a442fc9b5f1891422c414314f7be5ef87124f9fefc043d862f713,train
1042,0cc70c3d7b4c0ab662cef0a986976db584675a61805a1c6b0fe2569ae434d18b,selection
1043,331be137e6494bec7f83b7446f5384df4d14f1fa12ba424f1afad565fa9d1a23,final
1044,d78d7cef51037516883153e0c43f630b6a83ff98fac7c7789ba919b4e3da6530,train
1045,eadce8d813596074610d11188ea75d7c491b0b7d2e8396e5f871c5ac92274778,train
1046,fce035fc0e157c29a94450877e0cfd0efa9d42ab77be55d85f0c06c1b6ca66c1,selection
1047,1f79c50647cf6ed5f4c51708c569d898e4da5fc7c623037104c49ffaeceb976d,selection
1048,918700199374b0652ac9a7b45393803ff07c1542a30f4d30d0855964f5d66184,train
1049,a316a96570db19b3d99737fdd11a334c3519d26c8e634de0c336b03fc0fbec47,final
1050,1f79c50647cf6ed5f4c51708c569d898e4da5fc7c623037104c49ffaeceb976d,selection
1051,3b0cd6143e32b20eab6ce39e6e9cd85204c8cb130cd31e77098d309ef736cd8b,train
1052,484ba9924f17b60f9393664fd804c522c1f5b6b99fdca7dea54f68a088255015,selection
1053,abceef38fe09b041a9b0cdcb142efe516426354769b3233a758673721e61e071,train
1054,2942a6ee55b759139c5b1c65c23967f16607f1d5e55ee2a0d624031974414838,train
1055,2942a6ee55b759139c5b1c65c23967f16607f1d5e55ee2a0d624031974414838,train
1056,4625050a4ee4a03bf6e339767a808b2354c75bca31532a1ffb97b2e3e1963656,final
1057,4c2c0fdc6dc4820093877338b35ae9d6ee3500577d3e13b63b3ca245b976342c,selection
1058,b543616af038865bd3573c3ab3842166458918694388d865732ed10fbbe5ca96,final
1059,4625050a4ee4a03bf6e339767a808b2354c75bca31532a1ffb97b2e3e1963656,final
1060,fdfa4776ba8edc7ab0e4e66042c9d1f08a3ff0e9dda1817fedaf8bb8232283d0,final
1061,46db1d526dbe4d4bbba316a86ede12f59018412dadddc30fbc5715bade03217b,train
1062,89faac80211f377e1b57b3390a25c37e6ea6b4985e905fe0f9e149717ad41069,train
1063,e44600b535dfeae9664dd1039fba2ad9ca4d76663c5e8f21756e76d4ac56605c,train
1064,94838606e0f28eef414689c65910592862def7913330334da3565ae5eefd8879,selection
1065,8dc6920ee4aeaa71768cef90729e4d9221945653c2b1d10859b6cb6319f3e69f,train
1066,8c8140b19c0a912444e5149a6af320971a04a39696411a6fd9ce5f534a46886e,selection
1067,f0349764c21fe8e19291f8b384568514e9f17f3d775da3cb69350645ce068822,train
1068,f0349764c21fe8e19291f8b384568514e9f17f3d775da3cb69350645ce068822,train
1069,cacb500944da274b81425f244f3dac5adb0eb466b561b2cbc8ad2ed59e6acae6,final
1070,3e8d82bd0314a8294b8da46fdeabdb618f059f1e3a6a26fec7bfe3759f2cc13c,train
1071,6ee29a43f3154cd9e45f2eb5b58c2ce457089bc564ffc6219381e9c5657a87e6,selection
1072,8582695891fcbdc904531b36205c80234c165cb2b26b43fc7b8792cbec039f54,final
1073,61ab38dc3badb4263da730487a6a90e67c6c67cc6a2df30b3648338cfb25b4c7,train
1074,6ee29a43f3154cd9e45f2eb5b58c2ce457089bc564ffc6219381e9c5657a87e6,selection
1075,7a0880cfcdb0bf619f3051176313a34555b9e4e1d9a2d81992ec8a1354f62d90,selection
1076,61bebb87c00d8d71b0f2be2bec4edc78028f56942defe65d43138fab04471b1c,train
1077,975805ba2ea7c36fe6483533de67fe9517d6ad66f6445ee9e1d3dd9b388dcf65,train
1078,975805ba2ea7c36fe6483533de67fe9517d6ad66f6445ee9e1d3dd9b388dcf65,train
1079,e4b6ef5d44454c4cb29e7e088746d75c4cedecfdfc7547e5b969a68bbad8fb2a,final
1080,6575fa12dcba9e2e6e0720cd5520309b0dbbdb8d202b749c6a8f7d17b8767ac6,final
1081,67e094b6ecf03c3ffb6bc13194cd2279fccf47ca98a204d002990a812f72a98d,train
1082,1d8acb5fe321a6acc43f155b86a0237d392e623c5c91f361edd473f52749d5e6,selection
1083,9d7d610fcd1318a76c23896f092d5bac79949f9d402556aa62f8d4ecb0e5ca77,selection
1084,1d8acb5fe321a6acc43f155b86a0237d392e623c5c91f361edd473f52749d5e6,selection
1085,42ee5f9bfc174a589cb2e09ac3eeb23bf9c536cfa3b12e14528ce6b978c90d4d,final
1086,e9e6e7e12d58c58bf50d6e0d8d8b916eeed545bf892dce536c253526dc85d6e9,train
1087,81d39067a144b91a6cd7be638249d324a479647fd65cc29245e398a53079d911,train
1088,644f08a2d08fea9cddb3d3025112a8621417a03f6e6a7fdb4a3ed0ba3cdaaacc,train
1089,644f08a2d08fea9cddb3d3025112a8621417a03f6e6a7fdb4a3ed0ba3cdaaacc,train
1090,f8c6847ee0c7bf2d298e49dbff799a657c2569c051e07531995b8b40a771b813,train
1091,12cf994a2fe2eda8c6b9c61aab1c39429afce4c652e0b93353e8598bcc63ece9,train
1092,e9263619a606c451d765bec6a10a14ade02719089ebacae81d36babb0e80c009,train
1093,c3acd7f64634b296fb44c175e8364a2a47e59eb71a7fc5e9865f179b207c5417,train
1094,e95f14486b65ed11f98b139e26a956872601a5d32c8a235fd445ee1b1f0ff752,train
1095,138302a97f1856a39a526c4caa03b34f4e29b9318741634a97e2f0c9ec047651,train
1096,e95f14486b65ed11f98b139e26a956872601a5d32c8a235fd445ee1b1f0ff752,train
1097,2df9b45d85da9d0ac11f5b12c2fb8f1aef69b0d6312f2975de3dd1805f44285b,train
1098,0aa943b51a2ec6249f628ad16446fc19d37d4dcee09184f3218a7c4abcbfd332,final
1099,2df9b45d85da9d0ac11f5b12c2fb8f1aef69b0d6312f2975de3dd1805f44285b,train
1100,a82af64fb1dea60ea7334e555236b2ffc6f70499ecd87b5d8318c961a1b47a17,train
1101,8659392fa2ea4968dcf3bc925bf92f90e460d6baa3d0706994ff680d8fd674fa,selection
1102,4793793b2c8fef60146c64d9625d8d5dfe24a019bc1aa9d10c18d36c0ee5846e,selection
1103,8659392fa2ea4968dcf3bc925bf92f90e460d6baa3d0706994ff680d8fd674fa,selection
1104,610b3993e30cf10991cf5d373b05f29ad3b85741e4927a4cbe84574bee7c5f95,selection
1105,96e531a2eeeb4debbfab1b14b56dfc0ed06e4d31b2bf378c581a495800dea876,train
1106,3ede8e747c2771200a76ae991c5f6036616e4b34182b9eb3ae6b8862e4b3f686,train
1107,caade2f5ff42531d0c42a449e2be1d5b8b05e23c7f46e1aee5b1a73d589afd70,train
1108,62697498bc85eb3b3f2e29d1ed94c91e19cceed917f0e86ab86daec94e3f8363,selection
1109,4d04ce8a46b630c14bfd3566cc614ea1ed9db3f7b25b096072e2fd562b81e4fa,train
1110,f62475f129ce5a5f04c43246b5f7c4e9b4a4175e404276cf5cd01dbd35fa97e5,final
1111,fce440d06a7b5d32db580ab2b0705b13cb8c02193ee86bf391c1b6bc5f323191,train
1112,130b21540eca16a157d64ff25ab3ee7c95e20c3dc50b6577c8046d8f4b0e5251,train
1113,1dd8cc2f8c025855f541f425ac7a663761d0f268b92c8de08ba91495b344d5ca,train
1114,7c89373130d3ff9d3524bf75bc3c5fb3d90d8902644138bf1f156d2890beefb1,selection
1115,e72cc2812aa45e76f5158d37b2bc06cefe211149671a18a6fbac3dca21133d64,train
1116,e72cc2812aa45e76f5158d37b2bc06cefe211149671a18a6fbac3dca21133d64,train
1117,e72cc2812aa45e76f5158d37b2bc06cefe211149671a18a6fbac3dca21133d64,train
1118,f602db786552eefb78c8bb61b98b8fb79f533ffd49e4eb0a22679e85490045be,selection
1119,fc971a726a29bff968ff79b125fb8e71e8b938600a2af4ee3d9e363d67ff0420,train
1120,cbb5f0bff753109e346cc553f56780bb467bd5d71c3161f98f6c884549e5ad47,train
1121,d358391f90d26a665874db838d69497ff0474499016a7a412f2e9931bc509bc4,final
1122,6062f82a7ca37af44fc7483ab365cc4eb6df3d5408f9e4b1f0bfeba5db2bf07e,train
1123,ed2f890ed21f891755900778eb8f9c7fac1c7ffc742d11758a21e94bd4681e25,train
1124,7d34af06750426994e9a34b3441e3cd8b7110babcdc6a9d8c15a2b40249a2733,train
1125,dd6fb29d70fa1f2ed696ed8a86e34229da34905317e7a263d4435b9f4ee1dd9d,selection
1126,c667fcdb5e05212180d609ce0233973206d120586f65168ddbe57b86e600bf48,train
1127,35ecc210a7fd05c9b638898cd70db255a400e9ec63519a10d8df3f40092698a3,train
1128,d8bd2ef5371431761cf807793816aa8b11ebbba3df625482e30953a4439cf15a,train
1129,b913d00d0694b19bc1c2c56562f9e4d66158ae7f56cd70d8ceffd50235676597,final
1130,a3d3a74e22f3c0fcec42be093e89e12dd2df4c70dad5c007fcfc913e7277b192,train
1131,ab11988d1a3c80d1006e12960e4be623cb33a18c603e34e61b8f81ef84f0c3e0,train
1132,ade4044903f6149bcee255edfb51fe80cdebd03c21dba4bd73bd6f5961821f3f,final
1133,e54cb0e7226bbb43fbf303770992639f726f1b3cb5f562550f913c38cabed2f2,train
1134,d173f855fda56c5a369be552504b181b587af02380e771067b0b152ada05ddc8,train
1135,06e57af489f49337244c004b7dbef47fc19292980df751cde20f2caab756d955,train
1136,01f38e4eb718303e3d9faf512deb87cb071dc8c37975aa324dd6cdc619e06657,train
1137,01f38e4eb718303e3d9faf512deb87cb071dc8c37975aa324dd6cdc619e06657,train
1138,455c85dacb2e85531c9b8dc541fe20a39b92d5bac8cc989457a2997b4c94ed2d,train
1139,83a825e083b1fa8aaaf8b7b39e1d6182cd776cb047c6c62a867ecd58d8aa385b,final
1140,71dc739e0d2a7068574980e10dbf45bd39c3b8ecf96155703eb9716242ff5bbc,selection
1141,418a265504eeaa8b5597ab546c452c6473aaef4692e8ab5231bd990064c82bec,selection
1142,8fa6feccac2c35713a76aa1290672a94e0a42ea9695a27dfd2b519ed8e1827cc,train
1143,ca674832bf4bb5ba1a35efc4ea90182e90d0d1e0b14e6e3dcef39a790a2b8353,final
1144,5e529d4d1635cb13816cd0994af24c2540cc9c03b884d259ea1a0ebd1f6712ab,selection
1145,a2b563ee281fb6d468204201871802ae5afb1ddc140db576f99448dc530b1d7a,train
1146,034f6765082ded1b7ea01e2b0ef131c5ea78c6fd6c17c74fa4a10f2b575674b3,final
1147,f88a90b297902232525c0006c7e8a2aa6b1e25e3900ef6b2de0ff0a746b3ebe0,final
1148,ab47c5b88a683a7ed08349a620858f04582a97e3a0b992788ff7cf3650e31305,train
1149,c1616d64d607bd7073ec128ee51db125af21a27bc502cc8435116ecb31bf75a9,selection
1150,c18293fc70291470c6573524e6625be398c5aaa76c15fe9710b26cf301203839,train
1151,eb1ba718092be6d0474af1cb5e047372912f2aa2b5a483c66360f0ac676d140f,selection
1152,304273aa1cda490dbb9997409c07dde2aa72660a479d7accb4339c0313927504,train
1153,a6fb163450811509b889169fe8fc4ec9ed4f4ff107bdbca6d59cd87925c26b6b,selection
1154,932dbdb6f25ace72aca66dc46d81196925a1fed67c17e36ca6d39fef42ae3ed9,final
1155,304273aa1cda490dbb9997409c07dde2aa72660a479d7accb4339c0313927504,train
1156,2bb2c06968fd8e3b296cdc52dc4290a6ebe8ed64815f26c5639d739e990e90c7,selection
1157,41d9cfd7c44337c8399292b9f640b8d7fd5be404ebf3b4f809aa0e39f9d4f3ff,train
1158,d9e146fab64a0836cd889c4a923860fc8539a333d32c34c62e5ef082555cb92e,final
1159,858d282dd2cfe0ae213083c9d770ae9948374f16ee30dd0af9cbdb2ec35d2cbf,train
1160,eb01184d841fbd4cb6c0289145ad964d47c727be83ca18cbcef9541d079087e6,train
1161,bec0847d02bf0977fabeecaddf798e8d95f292f9817a349fcea601e48903fc62,train
1162,f271bccb5071354c1127df3d04b7397aa76f83ada2195e6c9d3d5d9c7eaab540,selection
1163,d75101a40b1c356e75c463b757c36e61ecdb58fc7ccfcaf9a616ce313b3854bb,train
1164,d75101a40b1c356e75c463b757c36e61ecdb58fc7ccfcaf9a616ce313b3854bb,train
1165,5494e4fbf7937ca49ad12bd4cee9c227f175faf76ad241c2dee70c3bf598c92f,train
1166,474a1de87af30e41baf07ccd68aa8beffe5898b1d367a7eccdf7749d7ac120c4,train
1167,06873f2706f347ebc7f583375b0cd9bbe9cbc1d4cb114a0af67216a3e0f72c74,train
1168,7abd325a384d2f2079aa1a922fcb6295974a2804a5f764b54b83f922e70503d6,train
1169,3aa74783ffa24ec755b97e336b95e87cc88f3dd4e4c7dbf1a5f36d85fe3d7f18,selection
1170,41cdbcb0d048d678854a65ffff09ad8a511a82e3a545007f07e3a5b75947be53,train
1171,e8acce348ad91f54d88d795961654bcd9f15f52626888834839f3bba2a409913,train
1172,77c8cf9653cf821549d7b6cbfc72ddb8446432c4421dcefdba635a99e7849654,train
1173,8309364d04acf9d9fb43f2b57040fa6821371bc700083a24a373475002d80792,selection
1174,8309364d04acf9d9fb43f2b57040fa6821371bc700083a24a373475002d80792,selection
1175,3064ec099d38ca58187e9bbf3dd8b9a9c1ef4645de14373662fe4534374dbca3,final
1176,a5d9c5930ed68a3f14840b81226ecccbed1be4d38a32f55ccb0b0384685be589,train
1177,ceedbf1122bd982fbb30a53fd56130f8854ddcc105e9559ab8759d3eac587c54,selection
1178,f479438a123422095f35c0a8c1bd3d75e52bd15f8ce816c0a6d857e2ceb06c19,train
1179,3a53cddf5c5e0e6061fecd6774ad96336c16cf1876f3c71760d114ab4c3ad0f1,train
1180,3a53cddf5c5e0e6061fecd6774ad96336c16cf1876f3c71760d114ab4c3ad0f1,train
1181,9c309b2cc8d0774af838d979e5bdf26cf2a47f92211430eebdcf0e8ceba4400c,final
1182,68879e82269a5e34fbf65a9ec5c3f6152f3612a634b2b8b606a84478863a0a18,train
1183,ff5c1c010bafa4d4edf64cac5ac9d1be4e3c855f5ba08f6eef48afe25e4345dc,final
1184,b722d3d51afd96c496cace81268ab5e08fdd5ab47422ec65b4ccbf1b73842940,train
1185,f107cb8980fcca36a2bc04648efb3d1c04effcc797b2201e90dfd81cc33065a3,train
1186,39ae16a2c10f6df945a97168c7626e72729381b120639a80e08bfe9cab0b7a4c,final
1187,f107cb8980fcca36a2bc04648efb3d1c04effcc797b2201e90dfd81cc33065a3,train
1188,b722d3d51afd96c496cace81268ab5e08fdd5ab47422ec65b4ccbf1b73842940,train
1189,089fd19fb8a2b29440d18d55674c7e2ae82fb5e6cc25fadc74c20872350d461c,train
1190,35c07c9fbb87bf6a0f24ee8f5fb7dfd6c0b2812e918e9d55b8406d28dda777e6,train
1191,332c6b5c0a17f648ceaa80bbf9d64a0e3d3713430a8e694bfb59c7ac2de34432,train
1192,eaafae050adfe4d4214ec4932ad6fbe1f74a795f552b0a82b8e88a8b2df33d91,final
1193,b4f942df54db32b8b4d52f973c49097cf8d21c5a2daaaebab94f672f0501cc2a,train
1194,5c74fd7706835c9a770be3530aa1d7140d4361ca63169b12713d41f4f84a7799,train
1195,7bf29d2ceb1e0f02f99b6f49405ed2b9915934e46fe76567197950dc5985865b,train
1196,f852f7d0eca67be5fe6c9eaaeb314c47ab9052eebc793556b2f84fa46ea610d6,selection
1197,7d54a052f2375b1745a949ddfd358702f9c2ee4a075114706f810341821a5ba1,train
1198,4d81e5d649769949e0afa60d7635881a4310f83f4848b76fa7aad5b50b938480,train
1199,f852f7d0eca67be5fe6c9eaaeb314c47ab9052eebc793556b2f84fa46ea610d6,selection
1200,7d54a052f2375b1745a949ddfd358702f9c2ee4a075114706f810341821a5ba1,train
1201,fde8d53b5c40c5d426a51cfcd47d68d3a75db6bfae1c2455764309a4c5b9d5a6,final
1202,6bdbc8e977d26ca0551c78f445ff871a71f124020f93ac68399534bb2ba4af72,train
1203,948e215b50d36ebc59ee418f44454223b75bed5c6a06d0f08439488164e6ed84,selection
1204,1f93d1ab882dcf0e1a533e9a7c40965c04064704b84ca628a90b050ca5caf9c4,train
1205,1f93d1ab882dcf0e1a533e9a7c40965c04064704b84ca628a90b050ca5caf9c4,train
1206,1f93d1ab882dcf0e1a533e9a7c40965c04064704b84ca628a90b050ca5caf9c4,train
1207,31f7c5932757ff60d5289bf5b61ed7abc92ee9d12888f594dc80f35f9856c2eb,selection
1208,1f93d1ab882dcf0e1a533e9a7c40965c04064704b84ca628a90b050ca5caf9c4,train
1209,cef008636b4d826078e15f017c09a4858474c41d25dd007e94305171bf68e0b9,final
1210,03d92638ef4d25e21047bda05334309bfffe33b5560fb852fa2ae51f17500df0,final
1211,613773c2da052484a4d012b0b78edb96710ddde85c25adf877e9b41c278626d6,final
1212,03d92638ef4d25e21047bda05334309bfffe33b5560fb852fa2ae51f17500df0,final
1213,ccc88de649996572b337d20ccbfe1db407d656a1f1e4b17befa52d2049be3cd5,train
1214,c59928b76b737cbd27180b91a31221234b23d08b4f63b89341675197f68c9b89,final
1215,f48ef57cd3255205298ef7c3e393686df369d870e74f8b2265f548bc0ca417de,final
1216,9ecec6b80c4f18d655f4cb1802b4330bc99408882cd7625912b1dc41520d0489,selection
1217,486a1da83800ef2cf98d0d3ad6fbf3c0dd3762625dad0c77b9c682f128af5f13,train
1218,a8c4fbd6ec3e8a4b653a08e9600d771952905b735b81799c707be2679ea29a50,selection
1219,10cdff93b6b13aac29450774fbd1eb4322507d97b505d5dfd84df263c81e7993,train
1220,8d48a01bd5291b3b96a3757567f6e5283ed5aaaea10f8d0738f4b760e83bad8d,train
1221,8d48a01bd5291b3b96a3757567f6e5283ed5aaaea10f8d0738f4b760e83bad8d,train
1222,8bf50be5d98595a4cd9ac29ec56f35f9f7f9ba65e66e332cbda69c02ccd11cc3,final
1223,423124b8658adc322f4c790a01949af97cc715a041be863824ad639634197135,train
1224,29882f232c9732c38060d69a7bd14fde0343b274189799a3e58b75b0852dcd06,train
1225,118a7cd18711c677a64519f374ff9b8affbb1425a1f9ced0893125ce73a26b99,train
1226,0db52f424ff0dec96c80b0f39e497f3146afefc346ca6edd84e6304b93f73233,final
1227,f6fc95b059c9092faa5cd59c139ad3b9e9bc9f2df8344e8e8321a0f3e75b2fdc,final
1228,56d5d4c4342cf556055d0e26b93a21888d4fc6972ee29eac8d47baa1b60b960b,final
1229,7fafc7bcf5df5e897cd55bc54cc4212289eaae87c4f0727bb37541b8e164dab8,train
1230,7fe2f2c10a58ef962fbcf14c637250a67469f17ae747ae136b640da985efd5a6,final
1231,c91279d36003803b4b6c0475665f0d170c7f04c74833d49250736314c0f2776c,final
1232,7fafc7bcf5df5e897cd55bc54cc4212289eaae87c4f0727bb37541b8e164dab8,train
1233,5809845881412526d7425238327ad3a938a2d29525f33a18d669d0a7e776a475,train
1234,ab0ca4b18f3628f7748ce085ea8bd2a2bb296035d4d6dd0537fe88cf1e66c11b,final
1235,ebecc2ed071e8c9556561c53eeb054f0aa82512de3fe073436a5da9af51744c9,train
1236,fd344c2b4dd7b9058f7bef5ad13ca053460a1f7fb4a22ac3e25ed6bd5ca6020e,train
1237,ab0ca4b18f3628f7748ce085ea8bd2a2bb296035d4d6dd0537fe88cf1e66c11b,final
1238,17f1019286d4b2ba55cbc838640acd3c79d123e184dd75488006dd24704bd9c4,selection
1239,1c016daa5577bf4d2433025a51f5f307c63acfaf1b26b6a7c10c3fac6f3cd7d7,train
1240,5841c95d21f2a3362b8e05586c6db1dddbc5e3c9c64fd058790ea5a04176c4d9,train
1241,183d3aaaf4677cfbaa321e6830bf3214d6bb4501b49a4afd3e68c58ad4e9a7ef,final
1242,d2145075df800e8e9fabdc6cd850148c9d23ef50da34605f280840c7abfab844,train
1243,94e6784ac0e1417ff1849a7ca296c678b4b443afb42af4f549b9492075077bc7,train
1244,1ac5326e8b7b6437ca5eadea8c80bd5d2eec6f03ef4a9fd55573bc23ffdce3dc,train
1245,d8048d199e4d819eb8c7a0a1dd1eb7a4153a722fb7f0313aca819105c244d3c7,selection
1246,2eb8b0136ac72313ceb03156828eaa542079101666d9d23a77f682400c348d6e,train
1247,d8048d199e4d819eb8c7a0a1dd1eb7a4153a722fb7f0313aca819105c244d3c7,selection
1248,153f1ec9138a9bafd2d33b679bb5660312e9f0206aedcd3bc472fa6565fcb20e,final
1249,9c6ed5bf89f8cc4105ea0fa43f5cca56af3971dd363f9f41c085039ba3291340,train
1250,9c6ed5bf89f8cc4105ea0fa43f5cca56af3971dd363f9f41c085039ba3291340,train
1251,01d277402434139fab9a356a9e6c2c3d4a12deb726e601faafad564f58147999,train
1252,fd160356afc9340dc6312284594e052372cc5df683ac027f6f02da1d5fd75b4f,selection
1253,68b47a3c50a4115573ad95893b22738fdec99ad98b581674f92401a1daf6e352,train
1254,a0104f5cd08364f6d8b8d3fc893d9028fe36dafb26533256de88128c9325cb39,final
1255,979b86c69161badf8532eb228c8bd1c0dd7273346a3f232ef76ce53a62f46835,train
1256,b13a113d10209fdf1b500fd71bec8fbd503d875c56433080e6b7cbb100664ac9,train
1257,1ef536fddc54fc42cd9d7575a083ddccdaf1eff4a9a7b108f5fca0ae556a3878,train
1258,bd43199380b201a5391c4a947337e184d3ad5befa6e08f38b791cbd87df1385d,final
1259,bd43199380b201a5391c4a947337e184d3ad5befa6e08f38b791cbd87df1385d,final
1260,17f621710212edc5bd0465c2680318f0c019d8f1b903c129bf7dddea86ebd121,final
1261,b89082cb2f0509b9e80d9073983e9c3da207dca2d516d73b573129345842ee90,final
1262,3d46b393d9f99333f06aa96d9fda62e0060dbd3f573b31640a02ddf95374d929,train
1263,62ba9de11dec5e87bbf4f59f24bdcabdb8bf7e30f484b998bfdaa16e38ca014e,train
1264,574c2077158088b8b0b40495ce94c48ba04dfd351e8bf7cd827627fc0eaebe50,train
1265,0bef325b6d85681aea02aa3e0593183d6a3dc489eed2c5e961be0e7e3cd550b3,train
1266,0bef325b6d85681aea02aa3e0593183d6a3dc489eed2c5e961be0e7e3cd550b3,train
1267,241a48c4519344acad593ee9a722b7e53ab3ec5abfaedaa603ccf2ff7d026a27,train
1268,ccbc1b3408af072951f885c1f9eea679a85095da07a43ff1ecb1ae0eb24a217a,selection
1269,cb1e8078b172686ab2b1a5154e502f7dd3aa2e0e9160d579ea0fc2740be4dd77,selection
1270,841ef85c77ad96b488b7dcad70d8c7c582863083bd792cad1f5d256882cc84bb,selection
1271,9d9695a361e56ff7bb235e25eac804c9a742a54c2abf6c70e65d9fb4a4b3eeae,final
1272,088c17dc446e000fbcc17bb3a9341f757800e93269d6c27e06fe45e05800a5b8,train
1273,bbda07cb4f6457ae4f350eb1d276fceae3f03982081f8282dfb82a30ec9af423,train
1274,b4ea95ded1aac169938e1b7b470f242b174f19e183fed1aa9f2660055bafdbae,train
1275,0e042f29a7dab39bdcff2ea6030e8ae218c730aa376218a614063ae16cdd49df,train
1276,6949fedb9eed59800f4ce2bf1ff324516c3b746a4deb2492cead1fcbc2d1214b,train
1277,fe0ea2136c9ce8adf1c1841f5f357b45fde56f45479653a1c40ad45e65134e05,train
1278,0e042f29a7dab39bdcff2ea6030e8ae218c730aa376218a614063ae16cdd49df,train
1279,ee43e4b61fa63987223d5a07aa5ef006e19f41cca7a604c885246073ef0708da,train
1280,2681b4c18d6e07f50df14cbcee6c319c76a49e8cbedcaf92292063b12012fca6,selection
1281,2681b4c18d6e07f50df14cbcee6c319c76a49e8cbedcaf92292063b12012fca6,selection
1282,ae423ae02e4473646146f6afb283c613446f68022a0a461e670377360ef062cf,final
1283,dae7d885a090b48cc8ce9621edd30d3378c0af59e96be6453ee8383d727fcc01,final
1284,b739b00953c223eb17af02f1701887969eebbc1419d286b5b48f5db60768e7f1,train
1285,2f91dd350bddc15dea4dce698a49f9bd63e88c6b9e1dedfcbebbb14073fcf175,selection
1286,a9b051aa9987f02a79daa0292a9c57d3c060fa3306f20d28419233f124975267,train
1287,5848d20b44d5d5e92476ae65262dc5186c2d3ee2e740c2a9944f3765064d074f,train
1288,af2b1be2d319b1f482cabfefaacb39d47f457736cee1243ca88dd2dcf04e5638,selection
1289,af2b1be2d319b1f482cabfefaacb39d47f457736cee1243ca88dd2dcf04e5638,selection
1290,b2397f6d78996353157079824540bd4e111f7342e343881b2b7ea6b48313a32f,train
1291,e752a2e2a6cf0d5593cb406f75261181563191fe960fa0ef0ad6c8133b865d4a,train
1292,9f80d214893833467c5e1394a65d19a478b7c7b5bed203a26b5ec480b5dc9a15,train
1293,3c4b172cc2040fba6cdcbf31c53b40995295c4f8c5e927e32a1933ac914d1f55,final
1294,e752a2e2a6cf0d5593cb406f75261181563191fe960fa0ef0ad6c8133b865d4a,train
1295,f176044731a6334719bba7b64d921eb0d52d2f4439a3d0ca38b02218c06281b2,train
1296,f176044731a6334719bba7b64d921eb0d52d2f4439a3d0ca38b02218c06281b2,train
1297,c4af62830ee3a62d03e37b242af18306cb80173f8fb88d41753c37ebe57fd2d1,train
1298,a3c44f79c8461cf377830398dbd063d812fcf29218bd3583b38d3594c5bdf910,train
1299,becd5b8a0866f14914a2220b3e94dfd4d11d8a7f4bb6d9a7e1a9901699be6257,train
1300,9d6e233c4bf53edcb08399abcfbaad3980f0f372d26712dfe1e7690955ca0584,train
1301,a754a134743f4d1c8269eb5569a801e71a3fc01e3738a76d2cdde074236a2945,train
1302,6e054c7d656c986215ec914ace6b93c3208bb68e9445f3117c7daf0701044a81,selection
1303,9ca71a31b87e5e88b708e4e7c1053a338133ee8075b8301c1bb4e855dff5efcc,final
1304,aa66c82d60d39fb8f82a0a97b5b09d7324edac81a09e1828f9a437b4843f4d72,train
1305,928e689c68fc78bed8456eb4c29505e5ef050d3daaaccfba767b26725c404f1c,train
1306,237ff7d8fedb0002b09a3e840f1db4c1e51d8800284b3f853d735d00aa374150,train
1307,71a10ae1f59686999942412515ee75f434511fa3557792241a614dd316a839a6,train
1308,237ff7d8fedb0002b09a3e840f1db4c1e51d8800284b3f853d735d00aa374150,train
1309,478ef99b892b557016e4bcafc9e0ccefb4f926ec4a6239ee8687bd612fd4e59f,train
1310,928e689c68fc78bed8456eb4c29505e5ef050d3daaaccfba767b26725c404f1c,train
1311,27f0e9aaeaf479fbf2fa71d13ea62488d652dd9bae38bd21a0e24c366285b6a1,train
1312,a60c7aff04bafa510d19d3e246945fa172f1c6ae66e89025f1e5bca4864a403d,selection
1313,d42840e4af5393d75c132aae8cadb9ff39d290824b74e4531f4fbf880064fb90,train
1314,c1bc84193c473e72e06c9ce6a9358a7d8fd5cdb1f1edada8a5b90f2bf382954c,selection
1315,1f959745c71b528712d16b6cfe9041048d557ab98cb87b83287f6f5d2fef317d,selection
1316,b8f17a01962380cf3fa368e4c37cc134c01b13d804ed1db5c00203adb59c211d,train
1317,f6afcb364e7be04232ba5a00ef3543536e1f0318becf21c1391a9e7fac6998fb,train
1318,1f959745c71b528712d16b6cfe9041048d557ab98cb87b83287f6f5d2fef317d,selection
1319,c960d5e226789770fa3046bd234d5edcc9aaa945792cc374870195730794a937,selection
1320,39edfa1632f9081ffedc218c918cdd6d289ee26f082b0c3b1555a5c3cad582f2,train
1321,69b0f0eb8a6959b037090e52e896f5735289d97a2b19e82e0d2362351b5d84e9,selection
1322,fd46af4823a8434430a000869063d5d8bc0d6467a45ebf9a4f97588a22e2ba33,final
1323,e241454f5c437c55450c4c0f5112b41a12df4f26f341806f5a6b01ac86d28632,train
1324,efde61d66454dae8f755de369130f92f1316fa68fff5e29244670035e0caecf5,train
1325,efde61d66454dae8f755de369130f92f1316fa68fff5e29244670035e0caecf5,train
1326,efde61d66454dae8f755de369130f92f1316fa68fff5e29244670035e0caecf5,train
1327,efde61d66454dae8f755de369130f92f1316fa68fff5e29244670035e0caecf5,train
1328,65278ba99d30d49e7c79bc2cf6e692a015abb67fd9ea90a8d7f251d31b0dd515,train
1329,0444259445002c534b6d207a6a40a9de945c19fba8901ccb22c726b562bef16a,final
1330,0444259445002c534b6d207a6a40a9de945c19fba8901ccb22c726b562bef16a,final
1331,264a935f0b46f8f68ac61174149a79e4575a9fedf78f636433a822c774278e73,train
1332,133dbb9948f73ac05070c2f0abf9b21379fc8e9269e0294e6daa49194384f2e6,train
1333,fdaafdb6b50a7316e3e4203f9469c97be4d502a4be9888bf48ac04a748e18443,train
1334,912a73243a190dc576c92eadc2dacf8b590b7a2d48c5ebbdc8cb1e013058250e,selection
1335,1a3284a00b72b583d723828261711c3b136359546b2578694ae10538e559d26a,train
1336,249e36437439df0976155fd04daf1caf813029bd9a104d59e779a192a12a74a9,train
1337,249e36437439df0976155fd04daf1caf813029bd9a104d59e779a192a12a74a9,train
1338,249e36437439df0976155fd04daf1caf813029bd9a104d59e779a192a12a74a9,train
1339,28b165630d7deb4f698bd4e2df38ae4b269d1d3f4f98bba263f16befd719b3d7,final
1340,28b165630d7deb4f698bd4e2df38ae4b269d1d3f4f98bba263f16befd719b3d7,final
1341,28b165630d7deb4f698bd4e2df38ae4b269d1d3f4f98bba263f16befd719b3d7,final
1342,01c938bc29714e231d72f38eb8adbbdb7d3d3e430087e06c611a018b8eec0137,train
1343,28b165630d7deb4f698bd4e2df38ae4b269d1d3f4f98bba263f16befd719b3d7,final
1344,26e3b34690befffa454c09e9725bf65e8bac9710f6bb1ef82c211de5a0c981e2,final
1345,f7a0aff32b6980a68e2aad57008f59c7d913459aaefa173ad282b8c68ec1a757,train
1346,e2250df24318e137517129fcdaf9de4361c4ee844a07ff5836b026c185a4d7ef,final
1347,6670808e68fe820b8e2ecab07973c4c6ac8cdebf70cca1d4536a3808dd49a85d,selection
1348,6670808e68fe820b8e2ecab07973c4c6ac8cdebf70cca1d4536a3808dd49a85d,selection
1349,a18f572d8e2f3d56122bd3f2f03a2e92acad16210ed1aefd46e8c5429a3f7b65,selection
1350,49c08c3d656a0e9587313669e9d2c8da79895c2b34734922f1702998882a7326,train
1351,df318c17146e563f76718735822a8298671a968bbc16dfdafecdd9aa37f3174f,train
1352,bb06229fdb7c2181e4ef67f91fd7d0b4d40b5a69b4410e121f0091050653a9ee,train
1353,bb06229fdb7c2181e4ef67f91fd7d0b4d40b5a69b4410e121f0091050653a9ee,train
1354,ce8b9ec755c8904974ac2ddb206bddeb1e0e245cd9680e7583a03b4758de5cab,selection
1355,96de8ebbcf82710ef63047ca29416b4b0381e25a8573245a0afd93bec5bd24d5,train
1356,169e4a12badfbe2bca66a85a609ed1ab0514136ec25fe1f5b2570f5c1ef7d807,train
1357,fe6b20b0054a65407ba6a8be846251a650e0abb52cbbd0c9c88e1027feac1db5,selection
1358,e8593d2fa13a688419833489d063f7797f46dcde947ff61484e355982a3e4ec2,train
1359,b38750dce7f95cb2a12b4fe8cfa88b45ee7e969a9d9c26b95198e5c630e4c19b,selection
1360,3b36df9665d3e364245741f8dc2ce6655cbbc9af75b25db316bb2d43e6d6b606,train
1361,21dcda8ee826dc75baa967883e010390d8d55527a2c490ce2fa49302051651f4,train
1362,b38750dce7f95cb2a12b4fe8cfa88b45ee7e969a9d9c26b95198e5c630e4c19b,selection
1363,9a0d89756d52f5aee9b0db50a65bb9636baaf676efa59d0081d28bb21b655c4b,train
1364,3a6757d033d467c7580266d5c25e819bd2b2d7069f06617da82ba4ae31423d33,selection
1365,1f909284f4c666a4754ffcc1a024dbc963498abe85e86971132c7709354af1c0,train
1366,6993c9f684a3613703b8d2309e373047074dd8137756050c8f90de142eb21ad7,train
1367,0a0f3c7fcd2591dfc724c44bb802802dd1ae9d67ce6548cd14aac76795e8366e,train
1368,760fe4d00d7eaabfec95e7347cb620c25dadaaf19184a1a03fb8a22509cefe45,final
1369,0e18ba5e5b616abe4a6be077a23f79a434c39b002354290c610b63b2fb35dba0,selection
1370,52ca48e641b76aa06b2ea225b428acdf5396fd155dc2489bd9331804aa8165c0,train
1371,3a99bcb1f6abd2d4e35c5992235f84789a74d03bdde35bf9f1242e26246ef816,selection
1372,52ca48e641b76aa06b2ea225b428acdf5396fd155dc2489bd9331804aa8165c0,train
1373,19bbffbeac8edcf2fceb9855e9faf865236a453a5c14f51815c69110b2cbb390,selection
1374,214be6dea28ff0ac4f82c00b1eb2279d9ae1dcb3a030d22a8fcd54973a3c6722,final
1375,e73078179172faeaad1cce43e20cce8003c307b02a286a656b42f2058348c54c,train
1376,afd46d71b58dfa456df35f338ccff25eefefa2a4137f3ca17f389af22dd693ab,train
1377,3e3a81c589dbf6502e1d0a3c33c3e943775d5bc6f31e3fbaa6fe1c6723024043,train
1378,2beed459676b43c0497e3d5290ab22d168f2f86cd80bef327c2b01e9a501fc3d,selection
1379,5fec19399c62174895ec79b5773bc6f230cba6c491b46a93baebddcf94af9aed,train
1380,5fec19399c62174895ec79b5773bc6f230cba6c491b46a93baebddcf94af9aed,train
1381,29196574957fb0fadbf5c4d6502f28e96bf0109a9a143b7828ac5cb9b208fe86,train
1382,81d4e09175fce710eddd76d640c1a1df76fa7e31295183038f11cc09ed79edce,train
1383,81d4e09175fce710eddd76d640c1a1df76fa7e31295183038f11cc09ed79edce,train
1384,3fed9c62feae3be84e15cb0177893af44249e5a939f48659b66f6ef429f41dc7,final
1385,e82a8e52bcc2d22085b39eb2d7090b7b6ef8c0c27cb6475abccf3509db702409,train
1386,127a0ac9b0c93519d5f56d56dce85ec939ab70595b37a33cc14b0e8a723131b9,train
1387,127a0ac9b0c93519d5f56d56dce85ec939ab70595b37a33cc14b0e8a723131b9,train
1388,0d97232855fc4208f46c29efad49154c394e6535d1494d6adfceedd227f2a3be,train
1389,4e2e26ff1203e5b1446e4891dc8e6df60ec2e8bdf5986a1ff55b544d3b115a34,train
1390,ba0cb9726f220e0a1d380af1a55c3af2bf582496e80e2f7fee44315aba2e9bc2,train
1391,f425a0ee95d8a02c36022e5db9161d2b1307433a1433e91179621bda85825534,train
1392,020e509eac93bde12cfa141f8a8e9b970b4edb1a6a357c527acefe1d31a28a9c,train
1393,1ee52629deddb9c8a59d254f4449aaedc8242ce0c7703d3eaabd24a6651515f5,train
1394,9f221fa2713a237695e81d29acecc12fc15d74e79568ba85271fe623ae2486af,train
1395,28690d7c149e84bde0ac69cbf4b97a3d849a6e9e83735242cdd64bb45063ff17,final
1396,1be8e34d2a1771c5e7c85840179930684d762bd0d98b194d31f410d8c9fb30bd,train
1397,d1644d7e5f341c28effaf6bef4c1af881c585a417bcff37d9db84c52861a13ad,train
1398,582f479abc5f22ba69bdd2286f5f52b53d98050313f0f051c30576f185c9d3d9,train
1399,ebc0d05643b73a4955fe851fd7d17dc41f9f85326c6997678a0f2020b525a852,train
1400,ecbc78cffea0a297016bd761561cb1820968135699e320755aacd3636580257d,final
1401,ecbc78cffea0a297016bd761561cb1820968135699e320755aacd3636580257d,final
1402,c2930c5051b5ba5f0f6b4e5d6760cb414e25cc55c86af47a807f6cb11ac7d2dc,selection
1403,af593bafb600e911e9f307f4a09adeaba2ba64152192e8f962c0c33097589a26,final
1404,3c16a0d7d57e1c3bea56e3307dcc044381c5c15ab35da54ed1737f034e88b924,train
1405,362a10fc27ddd8c2fa3a57017ad75d8de7c303a58c68e1bf84669d70fe9c0b78,selection
1406,0ee273db81c55cb4aeb96407e598a09336066db18f2ee7465ee8bd6d542c5f20,train
1407,7f4eceeb9075b667caff5144133af82c06f68704cc85a8393bb291a2bbf0a800,selection
1408,93fbdf11d836e5a7c5b87d1d3c36bfe36f8fa07f2fda3dbb6b22c18433d0e19e,train
1409,7f4eceeb9075b667caff5144133af82c06f68704cc85a8393bb291a2bbf0a800,selection
1410,ad37417a55af34b6154dc446952a376a0dc57d4ed7a8586d8e98281e67c0ad2b,train
1411,7ae9c909927939ec646c2e5e4b8b164c008d63f5c1727607a323cb41971abe90,final
1412,0ee273db81c55cb4aeb96407e598a09336066db18f2ee7465ee8bd6d542c5f20,train
1413,6f476c41ff47ae454da8915efac307d36de88c97b333110b6013e86a89f35bb7,selection
1414,478a34e2aadf0cc498313b3e475c68648d65118a351d183d2abea580c0b3a7b0,selection
1415,9076b2c6b623552633b05f9b0d8352880e353c52fa3cfd6203c3644b39942f93,train
1416,478a34e2aadf0cc498313b3e475c68648d65118a351d183d2abea580c0b3a7b0,selection
1417,5fd64a3e8101addc3ee201f3734a5e6c98d97b0ecda6ab040d6d017e463b02eb,selection
1418,144baab6c06699088bd1060eeeb0eee7cb27df5eb26c194da836d51915838f3a,final
1419,d3167fc0c546bde74d3f52d04c3d304c7e04191d6a7551fc237bfb942b306e5e,train
1420,144baab6c06699088bd1060eeeb0eee7cb27df5eb26c194da836d51915838f3a,final
1421,f622d88a4c60bf3da5fa878e8f0590ce4ea210b6dd7446e44470bbb2b3b3ade0,final
1422,4d14b07f6bee46524ee5b5249119c005f4515a50a7fc638e954728c345ed92a4,selection
1423,f0533884a952a4abdee32fabc6000b463b688af912b8443d11cf581927861c1e,train
1424,a06a390730b5595a79bd2eca724fb11cb748b7daf4b46a3dc04e35755624e105,final
1425,a06a390730b5595a79bd2eca724fb11cb748b7daf4b46a3dc04e35755624e105,final
1426,68368b6f214d43b3c7bb04a3177e9b8850c086fc457f8ce1bc91f1b6ca32e0f9,train
1427,c5bb56b66aeda348ca2df8f3710a9af7b2bbc00eb9d10658dda5c6284c92ac2d,train
1428,63cac2d78c915c13369e8891e9e01bd229f9b761689f4cffa563004c474925da,final
1429,43c57462cf22b8a00293d06189ebf26dfe33d4aa0af68af280a2a9792875a563,selection
1430,892b71cdda3a5f8fcf0111837672b35e2f8862fa06669b8598ba3185c8dd3849,train
1431,e7c64f92ae10f46ebbed5391469c9e2707cd939e903c43be4db769f7cb417659,train
1432,001a0b52e2c53db3373137731ec0024e770f6060a442134c9a538ea93cac125f,final
1433,e663f3b0a17add2bef31bd29129b4b080b9f0b1703e167669cf0bd18fb4b66a8,train
1434,028097c0424ee0a94a967335da5cf3d47a95604a3ce6de99e82d7a9770504c9f,train
1435,028097c0424ee0a94a967335da5cf3d47a95604a3ce6de99e82d7a9770504c9f,train
1436,a52707a4f6ba6555a39153ff2d473003ea8a928962db8f9e2f5099d5baa9b972,final
1437,c42505c345f615ce0c638d55efdac8183638669bbadbaf69169c1cf08ac39d61,train
1438,f3235981ccc400c3958cdbd5b0b264b5c6a9eda3ce2051d1cae388211154b43c,train
1439,0546ac35d6ae806d5da29594fa3104e9229eaaff7f1dc3ed5a1bca1063891eb4,train
1440,c6d6bfcb98c4961a5d724b506d6d2ec769caab722651ae6efba3f238ae27a855,train
1441,4e1ceaf33879e09e156dd0fc0674740bd6bfee52fe544d7ab4c1910e65c43a14,final
1442,883dc76761253989ee9d1b1cfe8c789f0d7e6f90b8705cd7b57b3917967bee08,train
1443,174b06420e1d2629920426ca5e866ca837dbc692c64fd0a20143e477a5cd6fc2,train
1444,4de0289d378d695e2ff03d5d10b6e3c4ba1f2895929f03495c4432c4bbbcecf4,train
1445,637a756c67cae3f20094d298eae84a45d460000fbf584f2b26089c2aa521fcd6,selection
1446,883dc76761253989ee9d1b1cfe8c789f0d7e6f90b8705cd7b57b3917967bee08,train
1447,ae09c30257974fab922d684ce35be53e42891dcecd78f6983032aba2b0a9c4ae,final
1448,d5d6eb9068b51f5fbd99591dff98e86ecc0a4adfc1d4f1c73c8f81391af582ec,train
1449,894785645f52ea72395a1236fdaa86d9d5e66365338af1316f24eab6efee53d6,train
1450,c6d6bfcb98c4961a5d724b506d6d2ec769caab722651ae6efba3f238ae27a855,train
1451,2e19cc175feebfdd614e0bdfb408e09f10bb9d752eca67b2048b9f563c2d8bb9,train
1452,75bb33a15a1aa7af964782efe3ffa95f112ce3b17f1d8bdc58ebcc1183eb02f4,train
1453,97d05bf583cf698298655ed2a6b56a7c95fa7424b55f105261af70c72f812848,train
1454,bd1bec9525a16a726d637ed7e7a958b71fade88f58ffa2c7b96eae57244c7ba9,selection
1455,e4f172cbf0b3ea79075dd34f77ba3465edcc0dab4daee721d35733dc606b2724,train
1456,2448dc6d1524c3bfc3393914ca487020f72bba7d51ab5b289582df0c7878831a,final
1457,97d05bf583cf698298655ed2a6b56a7c95fa7424b55f105261af70c72f812848,train
1458,89283ad0a5956b1a39f09a83e0a292a9f6793d36482ff1dc0396cc86d3ce65ba,train
1459,70453a4700e73ed370426699c5fdf57653f0870469a33b20b3196bb850dddf11,selection
1460,0c1d46859e719359ab6f9910c5367aac47518319de5ae36d66c0c2973b75d66c,selection
1461,cd07bc9fe5149c818a10755a37a28b33be38661dac148c26e509c9f621a37ce6,train
1462,4dc0fc25d92e4a8b0d27ee99763bef93a2214dbabc8027b6262a4e91eb121ab5,train
1463,575d5b765372a596876e318329cdff2f9a157f02dc4a706bee71555d668953fe,train
1464,39b8f522bfa490c9e075bc440a54aa90dea2632a7791a5662490d9cf85678115,train
1465,39b8f522bfa490c9e075bc440a54aa90dea2632a7791a5662490d9cf85678115,train
1466,c6f7e721f920e6e2306cd5a2eb9ced77c3012a8390fe728b2318a306c8f4e40e,train
1467,e71d5f7cb1e688a09ff28d70d873d79829da8c91b988853fc1b65203dd2b8d8b,train
1468,c6f7e721f920e6e2306cd5a2eb9ced77c3012a8390fe728b2318a306c8f4e40e,train
1469,e19e0d6aae820cff0b66dfb2328043e579cfbac802c36e2703f3af562d6a4178,train
1470,d3e42e1a3ed31d25eaef906a2a64f2dcc40644c2218f589f91c3089c6253dc31,final
1471,3d1bad1c35887bd74d3c525a4ab1bc8e28427681e2d108c687b02bba47c91aa8,train
1472,bfaaef484385d9c1af8e9ee96af6499d4ba11681c05045cb9bf32282da6dab83,final
1473,d82913377b18d2f6ab2522e23a71d3e41d4b00071a07bff8f1c3a61d1dcb71cb,train
1474,9bbee1de836f2e93449d1d63ced738247268caf088ee600bd10fbfcbd07e4dc2,final
1475,b7be1d479c72ecea4298ee37859232801b37ea3d0d3af3563f6b57fd03613ddc,selection
1476,9bbee1de836f2e93449d1d63ced738247268caf088ee600bd10fbfcbd07e4dc2,final
1477,ca9ac3be6e7b082fb20fc481e50774deb16f5a342686f04418aa106cf3bdf8f0,final
1478,aadf0de1a7552db089269e76afb2fbba99f4dd3fb9c34c9d31262a9a446e0a0c,selection
1479,aad56fd00c21580102f0666fc6ecb0c0370eaa63d7fa1ff29b550bac55c8bf27,final
1480,e5f16ec6adbabd551a6ea3b3b0bd3cac0c08185a78993bf3dbe09e79102d7efa,train
1481,aad56fd00c21580102f0666fc6ecb0c0370eaa63d7fa1ff29b550bac55c8bf27,final
1482,272c62f42a968e2c848787ac6b0fe2a37f72b4552fd4d6487e6403398def7b0b,train
1483,518f6cde8f8bd13037d49a454b31feb7961e02ef3decba4249aa7d5ce6b084c9,train
1484,4871fad0e09aba1f62ca680eb3704fce5805fb0287ce5a34c62d8158b2162cbc,train
1485,29129c076eed43996ab599e8b3ee6090d1d0541d730d47bf1f8efc93a254e9cd,final
1486,bb03da9f07c4bccf06cd2657ea863b3b5542a04a034cd51a7a71e7d0dc3c3523,train
1487,6d0f586c045300a83b3da9fd4ca13608e98a6344c8cd502ec98667858d3f1db8,train
1488,ffadd5b68de5d4a7f56d6931eb9d9036a6af581f5546e31bbe7866a9dea846be,train
1489,a2c72fcefd7be14cfa92e3edc612c99c20255eb1f43847eb6b8f3ee0facf5f2c,train
1490,bf6d115582d1b5fcab13c9d22005adc7a88fd613646747df0473408079301538,selection
1491,ffadd5b68de5d4a7f56d6931eb9d9036a6af581f5546e31bbe7866a9dea846be,train
1492,ddea3da923b4daa54405f9f7c4aa7a4f56266497912bcdfd2ad8ed2a3d589fd6,selection
1493,0c25a228204f1e6623f75128e088d8aa7789c651690e25e7fa393314861fe933,train
1494,0833b46c564ca728f2fe1c3b87945cf4ea4aaaf7c6c75140cedf94e676e82d1b,train
1495,ed069f1e5188e4f9d829ad44e35fde2c792f5226f4d67edd6247341a9ccf414e,selection
1496,0c25a228204f1e6623f75128e088d8aa7789c651690e25e7fa393314861fe933,train
1497,68fc65e18ceca5add138d8dc7e88a373ad1d9c331d9e8b0ae3f879ff342868c3,final
1498,708287a6be0ed082ba0f97b95c71e7e79deb053a33254b70b365d91057c58bf9,train
1499,68fc65e18ceca5add138d8dc7e88a373ad1d9c331d9e8b0ae3f879ff342868c3,final
1500,b948d6c5db12a19da2fc3c24085dbbbdf9c6d06aac7452cdad403a79c3759576,final
1501,f09a668e9f56dc14981083b03d929adc87f4e44dcd62532d9fc7efecbbc577fc,train
1502,e8c491b8845f465443f3cc7de94ede716f5ecd82a2d3b877b8a67aafe6a623da,train
1503,c53c6ca850e9ea215fd93c8718940352cdb1fd0070a02b800a03cfefd1231889,train
1504,e18f32bd4e688bcd6d6e4561ed471722a0e7a8dd62b114871814aeed57b7c645,selection
1505,81c6ebb78b91b022c0fb06ea69e098b2b39c278090f15d8cbd814c54c0a0b1df,train
1506,bef43b1cf9e054e23459255f4600aa05f37afd1f6069ef644a60fb47337f6c39,train
1507,e18f32bd4e688bcd6d6e4561ed471722a0e7a8dd62b114871814aeed57b7c645,selection
1508,db2e3d9b16eb8e3cd75bbc7e26de3de6aca09b22d4fdb807719fa96948870546,selection
1509,df5b3cf2d490584f933361ef83ac1b27c2c5f69e817878b047b51239b3a806b0,train
1510,01247336794ac6bdb3148ed74e7bf479f29ac2c8070e8b3a27a628f13b361ff6,train
1511,ee534a9a59ee53900919b1c521b1335b22a1da705253ebe286cf14797778d1c0,train
1512,236572be8aa8724f93461c38df21265733387f4da87d894c7c0409065ba4c89b,final
1513,e1dda7242b4199675fccc6523c472722f306fbb25c70d9ba295b2d84a3f74846,train
1514,470e46e6a3fdb889b6dd8ee393554c7f776e7c80a96347b043edc22fd846855f,train
1515,35e58fd3af832fc8b8b74a5bb9e31a09b5d34f92d74a0d199851fd512da7b7df,final
1516,be578e4c59ffcbd9b92a8f379e5e25934b4a1b4c783aabf9408ff6a76f81741a,final
1517,a9b30866d0a26afd196d1d11e2aa8b1f0c74318f9264bb799ae523469af7b8b2,train
1518,d1888e7546de67afd924d58fa36eedaa4433a5221d2531d6cc72cb9fa5d0493a,final
1519,f30de3170d074a8d695076971ac4dd5fb0eb64a5d0040c4b3b814c93296ed058,train
1520,a9b30866d0a26afd196d1d11e2aa8b1f0c74318f9264bb799ae523469af7b8b2,train
1521,49066c31f66c2d0b8bff1e8ef844e6933161cc83b7e8a9432c803df4f87eb008,train
1522,be578e4c59ffcbd9b92a8f379e5e25934b4a1b4c783aabf9408ff6a76f81741a,final
1523,066c096208c8a1647f0cecd9aafdcf4aa73f66fa0c7c4aba0ac9986c1b47bc68,selection
1524,07739416df4119a72b1c9c57e6176dccd81ad2cd32ebf3cc67ed50540570dba7,final
1525,03a21dd6363eeb3edd5f35fb7f7148d422817c5e48c68873f9fa6fa9c33bc08c,train
1526,af83ae7a99769be8b19b44fd9fcad30d86ee8cb19080cf9d9b0c4d8296c60b14,train
1527,a1096b99ae451e2c6c42f16f02ffcd67ca25535aec8bf9cac71781615d3e806c,train
1528,bf078c7092e643e5231d8768c6281e2e7cd745d6e016a657a013503f37848fe4,final
1529,cc4979abeab02e2e1bb33b0bf8146276baa481350f07a8cff231df80620f2b7e,train
1530,d0e69f5b6fa0e170a6447bf4029dedc38bc1fba80e932016b07e3574825026b2,selection
1531,cd4ea42bd2270a21f9f17d9da15539b454ef60e93d68381d90037309d9a5b150,selection
1532,ea7325028119733e0b161dbe79032958ddb10abea6a3a75bc7d76766f07021ff,train
1533,476d03824f42947737f9cfbc0925b863e770f7bce6b14a72f013f98dc1f9aec1,train
1534,377fbb8d748398acb96b79a85a5cdc40112c2a7631a3ef485f863e484169980b,selection
1535,d07779b68e1d136d2e894c33fc558546a34e7b21c78873cdc68726c9bfc0384f,train
1536,015f9217c49ebff395a449417da76319d70192bd4216dd07d882fc7e164c9fa2,train
1537,7f1fbf03af55b6dcadd76796e620f052992b73ea9d344d698f690a0c71053180,final
1538,a25edbed85d5ca0e2475c8c96b56855813716f894b297a44743fd86fe323b7a4,final
1539,03dd04469fe84a5371bab984259855dad80fd81e7fa64fd84c01fcb96ccacf78,train
1540,6a69bec6e3e3e516b5a20e13e3034f5905e91f5debc6129f6a6dc1811f401841,train
1541,31fce107c0e2446d8701598594c7b0f4ca39065a3d678dc4ec8079a29d53e381,train
1542,71182cef9c9ba5b2e00815d832b1444fbc26aebbeb376a9d21604e4b044e8f8b,selection
1543,6e2ab8e50ea12a503c5be8d7ecbb550de549922d9a61aeb09d4d317b6f168a1a,train
1544,b9be6ddf6f4561d19493a6440f70bef61217d7bf355c42d236049923daa734da,train
1545,334ad019f1316047dca017e55f742f7839c7db89fd68debd8e21d886ca45d5ae,final
1546,72e8503dd50d00c3899b67d014d494f252002a3b6932d19421b8fa309a26b5e6,train
1547,09baed8c822d7805f2d230fc3ab304fe5d85d7903d0c234b1b47eb9afa4f5692,train
1548,464ef63edceb44a8d45eb855a3661e3bffb941e373703d3a62b747516c0a3555,selection
1549,c9ed6deef16d908fe4046ec1daaf4480f80b15c127ef0664d056562512a0f9d0,selection
1550,cc734778b1477e575285ab8bc45c0c0cf0663a57aacdcfd63f035e5b36f06aa5,final
1551,6b63b88361751845b920315705b23a2cd51fdb35e47ba59a87d9fbcc04438e12,train
1552,ca28e248a5f47ad0e1bd491fa2557d134d0428f35db87307792ff5af0830c500,train
1553,da27316ecaae761f52792b84839d3bf7acc4d896a9fba7376bfb0dfac2e45da9,train
1554,aeb9f2ea96e62f106a8cad82dadc413aabe651bbf4e4c763b82a8e04103b874b,train
1555,bb0a79826df91eeb35717206938c508d788896d89db8150b84d66c92279e4e4f,final
1556,88f7b68e8350cb04ba752d72a36196363cd69a95be502dcd0e1f72b3333bf1fc,train
1557,aeb9f2ea96e62f106a8cad82dadc413aabe651bbf4e4c763b82a8e04103b874b,train
1558,e8186bc667c472e703d7566a7873acbe676fa4439b0130f75505e91f48d80def,train
1559,738e9c7454f3123fcaf85e3498b6a9979b4371c2493c98fcae9242e052d54ba3,selection
1560,738e9c7454f3123fcaf85e3498b6a9979b4371c2493c98fcae9242e052d54ba3,selection
1561,738e9c7454f3123fcaf85e3498b6a9979b4371c2493c98fcae9242e052d54ba3,selection
1562,3b2a1ed9faa396dc70aa51e4be4c632601ae1f98b14319eac69e2f08ce572ca1,train
1563,3b2a1ed9faa396dc70aa51e4be4c632601ae1f98b14319eac69e2f08ce572ca1,train
1564,3b2a1ed9faa396dc70aa51e4be4c632601ae1f98b14319eac69e2f08ce572ca1,train
1565,e01a4c1ddb4a13277ad004dd42e6581eb76f1d4bda2161f0a6062ca6054e00be,train
1566,cc29c7bc47253a82fb68ba2047ac34785eb0443e90c5b51f294892dfbf10ae87,train
1567,3b2a1ed9faa396dc70aa51e4be4c632601ae1f98b14319eac69e2f08ce572ca1,train
1568,b796a3297440fa532256eb4b6139769917895a04f77de9827e9ed61cdc17d489,train
1569,00454733f471259628b368f400307bfb2fc7365950f753e4f4c5cfd59b094ba9,train
1570,b51a71feca004ccba7388fda45bab9aca11b5260b6802fd7212cc050a657c726,selection
1571,512779c5bd5bf9f4bef9ce97f0ba644ccc34b7cdd0a643d8fc17496aa6f0d1e3,train
1572,77f36428d6834b38feeab0c398ef5d209a7e5821bd0b16f72eedc6712c5b6bf7,selection
1573,ca71eb6a8e35c880746202ec9015a9edc7b6a7f48542dc939379cbb7b1e4d09a,train
1574,4cbaa46f247d36de981ce560736180366e84042943a70a1536bf037a74d67d44,selection
1575,0487db14523bee52f88bc8ffb992c03865ce19f133b68e006529a45ae515c7ef,selection
1576,97bcfc2d8a4770c78aaa512c5dd44a25ec1f506c99d4d516d7ea503c2fe38617,final
1577,182d43ef80deb3a5238788823d96f7b7b5fde5741e3ac7c59118ba16880a89c3,final
1578,1c9f615c49678b0f78a8cf633d9f1c861a423204804a6eea0b7a49fb7e43cc48,train
1579,bcbf09b816f08824abda3c479433f0e8165e05b277f13b36b0a824fea2e3aa28,selection
1580,44380bc1db14d4a990d3982f85bd7ef06625ac860a0328ee2f3f44190b427e91,train
1581,bcbf09b816f08824abda3c479433f0e8165e05b277f13b36b0a824fea2e3aa28,selection
1582,c1c14bc16550131b5d7f6692e7355c972632f77ab17d072943d40f62ab6fac3c,train
1583,e46a652fd69af68ac87a48dc0b7f61a64effcab740a2b8acfa98c48b93507c33,train
1584,4c7b538107bf4499c784d56321450d7decf8e44012e2d2e43e7baa37c0871ac5,selection
1585,c09edd7e8e3ad6f60a7431280af71f87160216eb887bff2a17f3f3f64fd482a0,final
1586,8daef706dcb7ec21fb3af2e15fbabd13a0723deea204d237a7e0d1c767197d1f,train
1587,08084aeb9c3dd2030248255c69e616d0def1b27d601c0372dc013b6dec9ed890,train
1588,bad5e9df786a1d65a0f4fa7cba5548a86ed6e0ff74fb0312c2164e4a58e9b3f1,train
1589,d44adac4d6d970a628d1c306ae78b1940e47e1e991d898979205d9bdcf9ffefe,train
1590,b84348b5da1dd98c35e8681a3464f6537b5fafb258d2ceed9d764cd9d1a3303c,train
1591,277ca7e6d93deded2e5bb48ee34987e3f6bed539d5091b814fbba2e4e6e49414,selection
1592,8dc28614a94fc0035be0ec8c4fb9216ef03b4d1ef7472c7578a0a218d066b045,train
1593,5d189249575a57eeee076cb119ae9b04f72c24519356428b8f6de6d2fd51c3f9,train
1594,0c1c4c650fb94ebf454ed0ec38b56c9ada8be4d303ed0de53e4fe7fc310f96fa,train
1595,773c64d3b09c9d33fba3148282950808fdb458213120639dd06b0ec05e081fc3,train
1596,8dc28614a94fc0035be0ec8c4fb9216ef03b4d1ef7472c7578a0a218d066b045,train
1597,bb69f73709239a4c919e0f3248acb9ff58c7f064f56d8666c7612365aafafc76,selection
1598,d69bc502cc608b5429ce588ba88d9d511e77cb43fbf58f0480558ced7710f861,train
