row_id,LATITUDE,LONGITUDE,SALE_PRC,LND_SQFOOT,TOT_LVG_AREA,SPEC_FEAT_VAL,RAIL_DIST,OCEAN_DIST,WATER_DIST,CNTR_DIST,SUBCNTR_DI,HWY_DIST,age,avno60plus,month_sold,structure_quality
1,25.891324233,-80.1539675238,349000.0,9375.0,1715.0,0.0,4359.1,10648.4,337.8,43504.9,37340.5,18125.0,63.0,0.0,9.0,4.0
7,25.8930187999,-80.1574258802,850000.0,10272.0,1663.0,34933.0,3112.4,11718.1,10.5,43780.8,38198.3,16989.9,21.0,0.0,9.0,4.0
54,25.9488947784,-80.1229069885,715000.0,7500.0,4098.0,0.0,7890.7,1284.8,386.9,62834.1,57524.4,14978.8,61.0,0.0,2.0,4.0
57,25.9514535589,-80.1213818659,1650000.0,4402.0,3089.0,35539.0,8377.7,808.5,667.3,61988.4,58505.6,15164.8,1.0,0.0,5.0,5.0
60,25.956810508,-80.1230802948,1200000.0,5564.0,2978.0,31117.0,7847.3,1377.8,257.0,59988.7,59988.7,14132.4,9.0,0.0,12.0,5.0
64,25.960574499,-80.1294208202,1250000.0,6286.0,3015.0,34153.0,5823.5,3483.3,305.3,58415.6,58415.6,11865.8,18.0,0.0,12.0,5.0
104,25.8957279461,-80.1716107595,200000.0,8960.0,1617.0,70.0,963.9,16331.4,1686.0,43753.5,40455.9,12402.5,67.0,0.0,3.0,4.0
122,25.9016786372,-80.170371522,289000.0,10560.0,1596.0,33845.0,2020.4,15839.2,2289.5,45954.8,42373.0,12904.6,39.0,0.0,2.0,2.0
133,25.9029578161,-80.1630673721,230000.0,8775.0,1969.0,27216.0,564.6,13444.3,1067.6,46847.8,42144.4,15341.4,63.0,0.0,8.0,2.0
139,25.9041478964,-80.1761807456,120000.0,8636.0,1023.0,0.0,4049.4,17770.1,4323.2,46585.1,43849.1,11073.8,69.0,0.0,3.0,1.0
153,25.9067065237,-80.1800895217,289900.0,8100.0,2785.0,10388.0,5628.4,19112.2,5121.7,47378.9,45171.4,9779.3,26.0,0.0,12.0,4.0
162,25.9079000828,-80.1866303254,179000.0,13900.0,1030.0,0.0,7532.0,21271.7,3222.8,47668.0,46377.9,7606.9,31.0,0.0,4.0,2.0
168,25.9088680135,-80.1844718855,210000.0,7740.0,1700.0,0.0,7225.9,20624.6,4045.2,48060.4,46434.9,8336.5,41.0,0.0,6.0,4.0
174,25.9101134278,-80.1845277435,220000.0,7320.0,1602.0,1564.0,7544.6,20697.9,4223.5,48514.0,46865.0,8316.8,31.0,0.0,7.0,4.0
182,25.9109240694,-80.1761511512,150000.0,8473.0,1302.0,27824.0,5021.9,17999.5,5005.3,49042.1,46173.3,11042.3,63.0,0.0,12.0,1.0
194,25.9123749452,-80.172711819,155000.0,9042.0,1912.0,24920.0,3780.8,16858.9,3768.1,49688.7,46310.1,11601.8,64.0,0.0,9.0,2.0
195,25.9123749452,-80.172711819,170000.0,9042.0,1912.0,24920.0,3780.8,16858.9,3768.1,49688.7,46310.1,11601.8,64.0,0.0,9.0,2.0
264,25.9231770291,-80.1877666919,202000.0,7875.0,1560.0,17106.0,6014.7,21900.9,5829.0,53227.8,51681.1,5667.7,41.0,0.0,4.0,4.0
268,25.9235347484,-80.1777944738,175000.0,8056.0,1024.0,1873.0,5998.0,18632.4,3821.5,53547.7,50695.2,7356.2,31.0,0.0,9.0,2.0
274,25.9240448109,-80.1842317321,327000.0,8441.0,1646.0,21687.0,6558.4,20751.1,5388.5,53586.9,51561.4,6020.5,16.0,0.0,7.0,4.0
293,25.9303044975,-80.1945799476,140000.0,6649.0,1377.0,2011.0,2583.9,24272.8,6212.8,55795.2,54920.8,2397.1,36.0,0.0,5.0,2.0
305,25.931353579,-80.1979639432,140000.0,6180.0,1495.0,2850.0,1546.3,25403.5,6020.7,56200.4,55705.1,1355.8,36.0,0.0,6.0,2.0
313,25.9318242404,-80.168838316,195000.0,5000.0,1201.0,0.0,5140.3,15878.1,98.4,56885.6,52798.3,7374.6,41.0,0.0,3.0,2.0
329,25.9332837779,-80.1889305611,315000.0,7125.0,1706.0,44369.0,3055.5,22492.9,4542.8,56892.2,55251.4,2345.4,26.0,0.0,7.0,2.0
335,25.9337724193,-80.1686157801,160000.0,7241.0,1110.0,1320.0,5249.2,15865.8,571.5,57586.4,53457.8,7043.0,36.0,0.0,6.0,2.0
350,25.9355581229,-80.1607856015,215000.0,5900.0,1083.0,0.0,2959.3,13341.9,2450.7,58634.1,53552.6,8538.5,26.0,0.0,9.0,2.0
359,25.9361349149,-80.1565230655,280000.0,8860.0,1309.0,0.0,1669.2,11945.4,1850.3,59107.1,53517.7,9206.8,21.0,0.0,8.0,2.0
392,25.9390370615,-80.1732615036,201000.0,5700.0,1769.0,1056.0,5025.9,17502.2,543.6,59305.8,55693.2,4820.5,63.0,0.0,3.0,2.0
409,25.9402154098,-80.1630121319,155500.0,7500.0,1157.0,990.0,4104.1,14160.3,2858.9,60199.2,55377.7,6768.5,62.0,0.0,3.0,2.0
411,25.9409320878,-80.1842566642,285000.0,7500.0,1610.0,22152.0,2060.8,21149.4,1546.7,59720.6,57372.5,1321.9,36.0,0.0,9.0,4.0
449,25.9444452005,-80.1770185077,300000.0,7860.0,1589.0,3275.0,2738.0,18908.1,521.0,61149.1,57914.8,2542.1,11.0,0.0,3.0,4.0
455,25.9454375393,-80.1850974783,749000.0,8669.0,2818.0,23648.0,675.3,21579.0,384.4,61324.1,58987.7,308.4,6.0,0.0,6.0,5.0
456,25.9455536528,-80.1855465255,215000.0,6640.0,1798.0,882.0,541.7,21723.8,495.8,61377.7,59095.6,163.6,47.0,0.0,1.0,4.0
465,25.8863900247,-80.1978918398,226800.0,7301.0,1982.0,1045.0,7578.3,25188.4,1835.2,39884.4,39884.4,3602.2,40.0,0.0,10.0,2.0
520,25.8953995762,-80.1903748517,397000.0,11250.0,1864.0,4903.0,6550.0,22463.0,1323.8,43122.4,42820.1,6191.8,16.0,0.0,2.0,4.0
525,25.8958566856,-80.1890110004,193000.0,5000.0,1167.0,1040.0,6241.1,22058.7,1824.6,43289.0,42772.6,6697.8,70.0,0.0,10.0,2.0
555,25.9007589809,-80.2035637055,85000.0,7150.0,1007.0,2147.0,8450.8,26743.5,2677.2,45214.2,45214.2,1995.0,66.0,0.0,6.0,1.0
563,25.9019044751,-80.2069186495,273000.0,6500.0,1820.0,202.0,7390.7,27857.9,3427.6,45709.4,45709.4,941.9,26.0,0.0,7.0,4.0
573,25.9035948207,-80.1998423787,455000.0,33708.0,2593.0,64499.0,8449.7,25425.0,1021.7,46142.8,46142.8,3180.1,33.0,0.0,7.0,4.0
594,25.9099538486,-80.1923518155,230000.0,9900.0,1924.0,2688.0,8507.3,23224.3,1996.8,48393.3,47847.0,5716.6,31.0,0.0,2.0,4.0
627,25.9187776657,-80.1940787212,425000.0,40260.0,5306.0,64010.0,5669.7,23841.2,3132.3,51503.5,50902.8,4531.5,39.0,0.0,5.0,2.0
640,25.9228274832,-80.1911150446,255000.0,6300.0,1664.0,439.0,5349.5,22996.2,4886.7,53073.8,51970.8,4663.3,26.0,0.0,10.0,4.0
644,25.9249723984,-80.1923255276,265000.0,7828.0,2291.0,5898.0,4506.3,23428.8,5122.8,53853.7,52844.7,4046.7,21.0,0.0,8.0,4.0
658,25.8627845859,-80.2400679364,150000.0,9768.0,1447.0,3104.0,5462.3,39698.2,4970.5,34900.4,34900.4,10446.1,71.0,0.0,12.0,4.0
696,25.8708490026,-80.2348260521,220000.0,5464.0,1420.0,2780.0,5578.5,37713.0,1731.5,36879.3,36879.3,8612.3,1.0,0.0,6.0,4.0
698,25.8715930056,-80.2124902127,90000.0,10662.0,1828.0,7958.0,9930.4,30356.1,5308.1,35039.1,35039.1,1264.8,67.0,0.0,11.0,4.0
704,25.8727724769,-80.2179193544,168000.0,8279.0,1467.0,2018.0,10942.5,32109.9,5494.7,35846.8,35846.8,3005.7,56.0,0.0,1.0,4.0
731,25.8784526068,-80.2131284271,80000.0,7000.0,1336.0,1632.0,11100.9,30453.5,7052.3,37534.7,37534.7,1367.0,53.0,0.0,12.0,4.0
753,25.884056654,-80.2185045673,185000.0,6425.0,1423.0,26120.0,9160.5,32036.8,5801.6,39876.9,39876.9,3128.4,58.0,0.0,12.0,2.0
755,25.8844068484,-80.2236257117,226000.0,8910.0,1556.0,0.0,7479.0,33690.8,4182.7,40388.1,40388.1,4796.2,36.0,0.0,11.0,2.0
766,25.885274711,-80.2129794054,135000.0,11155.0,858.0,4714.0,10827.6,30143.0,6421.2,39993.9,39993.9,1245.1,67.0,0.0,6.0,2.0
770,25.8861222997,-80.2257499097,116000.0,6750.0,1231.0,1092.0,6671.0,34328.5,3508.2,41176.9,41176.9,5475.1,36.0,0.0,6.0,2.0
771,25.8861222997,-80.2257499097,190000.0,6750.0,1231.0,1092.0,6671.0,34328.5,3508.2,41176.9,41176.9,5475.1,36.0,0.0,11.0,2.0
829,25.8939915371,-80.2418455948,244000.0,11250.0,2312.0,5081.0,1965.4,39425.6,209.9,45522.6,45522.6,10618.0,52.0,0.0,3.0,4.0
830,25.8940780149,-80.2315122729,220000.0,6054.0,1295.0,5440.0,4905.9,36016.1,2069.8,44501.2,44501.2,7212.3,6.0,0.0,9.0,4.0
853,25.896536624,-80.2261995773,135000.0,9472.0,1382.0,2450.0,5214.0,34247.4,3220.7,44872.6,44872.6,5443.1,64.0,0.0,7.0,2.0
863,25.897860826,-80.214858908,155000.0,8426.0,1317.0,1534.0,6718.3,30504.9,5183.6,44582.2,44582.2,1699.2,57.0,0.0,11.0,2.0
873,25.901841528,-80.2192666024,129900.0,8168.0,1655.0,1650.0,4699.4,31920.2,3225.3,46275.8,46275.8,3037.3,67.0,0.0,1.0,2.0
887,25.9058901986,-80.2109826945,135000.0,10500.0,1196.0,3675.0,5406.0,29225.2,3781.5,47280.6,47280.6,298.7,66.0,0.0,8.0,1.0
917,25.9121067442,-80.2202063133,170000.0,10925.0,1242.0,20167.0,1687.2,32398.7,672.1,49995.7,49995.7,3311.9,36.0,0.0,8.0,2.0
932,25.9144693931,-80.241836482,195000.0,6000.0,1625.0,1422.0,2841.2,39566.3,463.5,52577.9,52577.9,4291.4,36.0,0.0,8.0,4.0
953,25.9179739782,-80.2416032078,199900.0,7500.0,1115.0,2076.0,3921.1,39490.1,640.6,53768.3,53768.3,3020.7,35.0,0.0,5.0,4.0
965,25.9205015405,-80.2429258895,152000.0,7500.0,1268.0,1769.0,4935.4,39949.2,1575.8,54775.1,54775.1,2088.3,66.0,0.0,8.0,4.0
982,25.9258915856,-80.235980797,191000.0,7500.0,1367.0,1925.0,4867.2,37775.5,2171.0,56021.5,56021.5,211.7,46.0,0.0,12.0,4.0
1020,25.919482017,-80.2678494105,260000.0,8560.0,1581.0,4770.0,8528.9,48109.0,1572.8,57439.5,57439.5,2129.3,12.0,0.0,12.0,4.0
1024,25.9200592109,-80.2522182247,150000.0,7875.0,1410.0,3982.0,6256.0,42995.8,1540.8,55615.0,55615.0,2109.0,58.0,0.0,5.0,5.0
1056,25.8473499371,-80.266826761,230000.0,5520.0,1013.0,1152.0,718.1,41556.3,9709.1,35363.2,35363.2,13762.5,53.0,0.0,6.0,4.0
1076,25.8527152758,-80.2724497543,300000.0,12339.0,1677.0,5885.0,3053.0,44153.0,10031.0,38046.5,37697.9,16176.2,67.0,0.0,4.0,4.0
1086,25.855741175,-80.2763311944,317000.0,9200.0,1570.0,13026.0,4601.1,45731.9,10068.0,39722.4,38959.2,15147.7,64.0,0.0,6.0,4.0
1156,25.8702974227,-80.2646810035,303000.0,7490.0,1332.0,2380.0,1437.6,47517.5,6834.7,41381.3,41381.3,18413.3,17.0,0.0,12.0,4.0
1157,25.8706183141,-80.2720008069,306000.0,5820.0,1923.0,5047.0,3843.7,49874.2,6666.4,42919.4,42919.4,16710.6,21.0,0.0,9.0,4.0
1162,25.8708670071,-80.2822153988,290000.0,7981.0,1863.0,0.0,7182.4,51494.1,7167.7,45103.6,44709.4,13355.0,30.0,0.0,7.0,4.0
1171,25.8724639502,-80.2678752954,305000.0,8400.0,2068.0,19886.0,2446.2,48530.6,6020.2,42638.2,42638.2,18091.3,60.0,0.0,7.0,4.0
1224,25.8495413035,-80.3026699544,270000.0,8100.0,1627.0,2070.0,3122.0,48474.7,2819.6,44780.7,39042.7,6434.7,58.0,0.0,5.0,4.0
1232,25.8504517902,-80.3042192183,309900.0,5160.0,1388.0,8187.0,3522.4,49021.7,2765.6,45400.5,39552.8,5943.6,18.0,0.0,11.0,4.0
1289,25.8699623535,-80.2943161616,316500.0,9000.0,1802.0,10178.0,8324.0,53198.5,9712.8,47553.1,45237.4,9359.8,60.0,0.0,11.0,5.0
1318,25.8366796881,-80.2678094117,265000.0,6104.0,2092.0,6162.0,1835.0,38341.4,6516.5,32908.8,31753.8,10193.3,67.0,0.0,2.0,4.0
1325,25.8382517582,-80.2629712458,188500.0,8100.0,1067.0,2274.0,1124.0,38041.2,7956.1,32114.3,32114.3,10241.4,69.0,0.0,4.0,4.0
1326,25.8385009002,-80.2776883267,292000.0,13486.0,2149.0,2183.0,897.3,40619.2,4937.9,35800.2,32852.8,11917.6,70.0,0.0,6.0,4.0
1342,25.8399529291,-80.2661733297,265000.0,9640.0,1790.0,3801.0,643.3,39098.7,7757.0,33312.2,32874.2,11127.6,70.0,0.0,5.0,4.0
1345,25.8409909284,-80.2630372299,230000.0,6150.0,1152.0,2350.0,314.4,38933.9,8718.8,32837.4,32837.4,11224.8,70.0,0.0,4.0,4.0
1347,25.8423879547,-80.2692698484,230000.0,6750.0,1011.0,1743.0,122.0,40364.0,7804.2,34655.2,33848.4,12288.0,67.0,0.0,11.0,4.0
1351,25.8328388126,-80.2439303623,215000.0,8175.0,1884.0,33388.0,848.3,33565.2,10471.9,26414.5,26414.5,7411.6,46.0,0.0,7.0,2.0
1360,25.8358574275,-80.247954959,90000.0,6800.0,1506.0,2190.0,1149.2,35101.4,10437.3,28109.5,28109.5,8551.6,71.0,0.0,8.0,2.0
1364,25.844759591,-80.2466858704,174000.0,10500.0,1333.0,0.0,324.4,37891.5,10971.8,30388.8,30388.8,11747.3,15.0,0.0,9.0,4.0
1372,25.8489135213,-80.2511899123,205000.0,8175.0,1569.0,2967.0,1096.0,39873.2,11103.1,32491.3,32491.3,13341.5,24.0,0.0,3.0,4.0
1411,25.8645003842,-80.2459585822,111000.0,7000.0,1080.0,0.0,3666.6,41566.5,5467.3,36348.8,36348.8,12382.4,66.0,0.0,9.0,4.0
1412,25.8647054621,-80.2541506829,260000.0,7000.0,2371.0,12420.0,1351.8,44235.9,7091.5,37781.9,37781.9,15071.2,50.0,0.0,4.0,4.0
1434,25.8404253272,-80.2183521291,179900.0,5000.0,1816.0,1729.0,183.8,32613.2,5762.2,24610.6,24610.6,4047.8,11.0,0.0,8.0,2.0
1438,25.8415140423,-80.226033,115000.0,6625.0,1058.0,0.0,201.3,34736.0,6422.2,25950.7,25950.7,6305.9,70.0,0.0,8.0,2.0
1454,25.844153663,-80.2138624764,135000.0,5500.0,1611.0,276.0,963.9,31178.3,4104.3,25443.8,25443.8,2209.6,69.0,0.0,2.0,2.0
1462,25.8457425852,-80.2129901422,137000.0,5500.0,1238.0,1880.0,1567.1,30879.6,3485.8,25944.5,25944.5,1793.6,17.0,0.0,1.0,2.0
1491,25.8512376886,-80.2290779522,120000.0,4828.0,1136.0,0.0,3731.3,36222.9,4744.3,29560.0,29560.0,6983.8,78.0,0.0,3.0,2.0
1503,25.8527297689,-80.230509918,175000.0,4350.0,1400.0,4328.0,4316.9,36691.7,4985.3,30269.5,30269.5,7429.8,0.0,0.0,4.0,2.0
1511,25.853201881,-80.211777135,78000.0,6000.0,1164.0,0.0,4268.7,30519.2,756.2,28462.1,28462.1,1257.4,62.0,0.0,7.0,2.0
1519,25.8538687162,-80.2193331777,210000.0,7431.0,1867.0,11958.0,4594.1,32996.3,1526.5,29340.1,29340.1,3732.4,65.0,0.0,7.0,2.0
1536,25.8557791964,-80.2048967525,287500.0,7500.0,1480.0,2515.0,5127.7,28238.4,522.7,28982.1,28982.1,963.9,36.0,0.0,12.0,4.0
1545,25.8575291674,-80.213645461,127000.0,9010.0,1199.0,1155.0,5834.7,31109.7,425.3,30144.0,30144.0,1808.3,63.0,0.0,8.0,4.0
1548,25.8577724199,-80.1982489981,400000.0,12497.0,1585.0,0.0,3635.6,25998.3,1728.9,29502.9,29502.9,3108.2,36.0,0.0,12.0,4.0
1565,25.8602133267,-80.2266779203,130000.0,4200.0,1200.0,0.0,6982.3,35408.1,3659.0,32305.0,32305.0,6090.9,8.0,0.0,2.0,4.0
1590,25.8566648535,-80.1887881746,680000.0,13600.0,3037.0,1369.0,639.4,22927.1,1261.2,29034.7,29034.7,6253.6,69.0,0.0,2.0,4.0
1595,25.8583136855,-80.187318957,399000.0,6000.0,1584.0,1509.0,439.7,22452.4,1926.6,29692.8,29692.8,6758.0,50.0,0.0,8.0,4.0
1597,25.8585044579,-80.1893403719,405000.0,10125.0,1670.0,0.0,1077.0,23126.8,1936.1,29698.3,29698.3,6108.8,61.0,0.0,2.0,4.0
1632,25.8627678006,-80.2012655089,305000.0,8475.0,2029.0,680.0,5279.9,26984.1,3281.9,31381.1,31381.1,2205.3,61.0,0.0,1.0,4.0
1714,25.8734195122,-80.200890928,475000.0,9150.0,1731.0,3374.0,6669.5,26505.7,5066.0,35209.3,35209.3,2509.9,22.0,0.0,8.0,5.0
1758,25.8767389124,-80.1957213011,520000.0,9225.0,1836.0,1962.0,5565.9,24754.3,2984.5,36324.8,36324.8,4266.1,31.0,0.0,7.0,4.0
1759,25.8767872636,-80.1867042838,199000.0,6279.0,945.0,1575.0,2849.2,21797.4,461.9,36392.8,36320.6,7235.4,40.0,0.0,6.0,2.0
1773,25.8784885155,-80.1889927798,409000.0,12600.0,2237.0,0.0,3765.0,22525.6,754.4,36938.9,36938.9,6503.9,21.0,0.0,6.0,4.0
1789,25.8826746544,-80.1906942662,265000.0,8375.0,1550.0,2948.0,4878.1,22963.1,457.7,38471.1,38471.1,5946.0,38.0,0.0,5.0,4.0
1791,25.8830410153,-80.1994518625,329000.0,6850.0,2109.0,22356.0,7589.9,25820.8,2896.5,38662.3,38662.3,3069.6,16.0,0.0,12.0,4.0
1793,25.8835649498,-80.2000915967,160000.0,6650.0,1363.0,4850.0,7860.1,26016.1,2986.7,38864.0,38864.0,2866.4,66.0,0.0,8.0,2.0
1843,25.866949709,-80.17487556,785000.0,8925.0,1857.0,2734.0,1995.5,18215.5,1271.8,33271.8,31291.5,10942.6,16.0,0.0,6.0,4.0
1870,25.8771040342,-80.1756245465,262000.0,7128.0,2412.0,2016.0,350.4,18151.0,1903.4,36875.2,34707.2,10880.5,18.0,0.0,1.0,4.0
1871,25.8771040342,-80.1756245465,350000.0,7128.0,2412.0,2016.0,350.4,18151.0,1903.4,36875.2,34707.2,10880.5,18.0,0.0,10.0,4.0
1875,25.8773436975,-80.1796170422,482000.0,11278.0,2283.0,1540.0,751.2,19431.2,1285.3,36794.7,35365.5,9540.3,38.0,0.0,7.0,4.0
1928,25.8876730861,-80.1538005711,670000.0,8250.0,2276.0,476.0,5291.7,10708.2,474.4,42260.3,36038.8,18118.1,46.0,0.0,9.0,4.0
1944,25.8401713238,-80.1797268631,455000.0,6250.0,1404.0,0.0,2806.3,19909.5,662.6,23401.3,23401.3,8592.9,69.0,0.0,5.0,4.0
1947,25.8407044374,-80.1779742486,550000.0,7500.0,2231.0,3912.0,3379.9,19328.0,433.5,23715.8,23715.8,9159.2,61.0,0.0,5.0,4.0
1997,25.8492251712,-80.1833219038,428500.0,5720.0,1425.0,418.0,1779.7,21167.2,727.5,26496.5,26496.5,7799.9,26.0,0.0,7.0,4.0
2033,25.8372478254,-80.1990012547,165000.0,4050.0,1054.0,793.0,1568.0,26205.1,5157.6,22074.8,22074.8,2255.8,5.0,0.0,2.0,2.0
2051,25.85182208,-80.1905409684,310000.0,12600.0,3456.0,4144.0,521.5,23502.4,305.9,27272.3,27272.3,5605.9,82.0,0.0,6.0,1.0
2058,25.8334020984,-80.2245274761,120000.0,3862.0,1027.0,270.0,2672.6,31747.4,8844.2,23083.4,23083.4,6136.2,42.0,0.0,10.0,1.0
2063,25.8344454872,-80.2294373311,175000.0,5200.0,1393.0,1694.0,2226.4,32505.3,9210.7,24175.7,24175.7,7732.6,67.0,0.0,10.0,4.0
2083,25.838301342,-80.2247386991,129000.0,3640.0,1072.0,358.0,889.5,33499.5,7243.7,24714.0,24714.0,6160.5,31.0,0.0,8.0,2.0
2093,25.8135044713,-80.2670860466,285000.0,5000.0,1647.0,1120.0,2222.0,31261.4,188.3,27873.8,23349.5,2314.2,22.0,1.0,5.0,4.0
2096,25.8166678306,-80.2676737622,250000.0,5450.0,1638.0,3239.0,2686.2,32268.0,933.2,28589.7,24511.2,3363.8,40.0,1.0,9.0,4.0
2101,25.8184904108,-80.2741272885,275000.0,10333.0,1443.0,5545.0,4885.4,34087.1,109.6,30746.0,25497.5,5142.0,70.0,1.0,6.0,4.0
2115,25.8248493516,-80.2668886709,285000.0,6360.0,1709.0,3545.0,2528.1,34538.7,3389.0,29991.0,27440.4,6029.6,69.0,1.0,11.0,4.0
2163,25.8263536224,-80.242516992,76000.0,5160.0,947.0,1859.0,502.4,31214.0,8810.1,24332.6,24332.6,5038.7,70.0,0.0,9.0,2.0
2185,25.8179252154,-80.2278633034,132000.0,4796.0,1206.0,148.0,1902.9,26608.1,8886.5,18887.4,18887.4,2045.1,90.0,0.0,9.0,2.0
2212,25.8254080637,-80.2256827064,95000.0,5250.0,1008.0,1500.0,4621.3,29010.7,11445.5,20721.3,20721.3,4742.8,71.0,0.0,8.0,1.0
2229,25.8290900369,-80.2301607383,205000.0,6345.0,1482.0,570.0,3543.3,30689.2,11011.8,22625.2,22625.2,6107.9,7.0,0.0,12.0,2.0
2234,25.8297346089,-80.2383623571,191000.0,5640.0,1472.0,2040.0,857.9,31812.5,10621.0,24389.6,24389.6,6315.7,0.0,0.0,9.0,2.0
2244,25.8234337647,-80.2107040153,84000.0,4500.0,1210.0,1257.0,4484.8,27448.1,8564.7,17970.4,17970.4,1397.2,65.0,0.0,8.0,1.0
2272,25.829929941,-80.2191274409,118000.0,5300.0,863.0,460.0,3987.6,30143.6,9506.2,21169.9,21169.9,4243.8,31.0,0.0,1.0,2.0
2278,25.8327889041,-80.2107099605,129000.0,6962.0,1296.0,1430.0,3032.5,29968.4,7789.7,21178.4,21178.4,1596.4,68.0,0.0,12.0,1.0
2312,25.8183204071,-80.1855562094,2061300.0,17114.0,3853.0,21725.0,1124.9,20963.1,406.0,15215.9,15215.9,2378.2,46.0,0.0,4.0,5.0
2313,25.8195832275,-80.1827646687,1725000.0,15290.0,3112.0,22297.0,1941.5,20258.5,235.8,15853.1,15853.1,2997.3,64.0,0.0,8.0,4.0
2355,25.8167149878,-80.1949370616,320100.0,5250.0,1247.0,1657.0,1646.6,23822.8,3223.7,14522.1,14522.1,1874.7,78.0,0.0,12.0,4.0
2419,25.8004275023,-80.228572985,150000.0,7150.0,978.0,0.0,865.3,20737.1,3217.0,14568.4,14568.4,4180.6,71.0,0.0,9.0,2.0
2424,25.8016435557,-80.2304853146,185000.0,6650.0,1227.0,0.0,1362.8,21402.7,3903.5,15342.8,15342.8,3729.3,78.0,0.0,4.0,1.0
2430,25.8062556731,-80.2343507303,176000.0,6175.0,1119.0,0.0,2164.4,23448.1,4909.5,17371.5,17371.5,2037.9,70.0,0.0,12.0,2.0
2482,25.8736342787,-80.1245629214,667000.0,5600.0,1725.0,418.0,15866.1,1503.0,412.4,41713.0,30198.6,22363.8,76.0,0.0,6.0,4.0
2490,25.8754999987,-80.1246686352,714500.0,5600.0,1902.0,0.0,15398.1,1472.9,1090.9,42267.8,30872.9,23026.7,54.0,0.0,7.0,5.0
2503,25.8792553535,-80.1248841551,640000.0,5600.0,1762.0,765.0,14493.6,1443.9,1202.3,43394.8,32230.9,24364.0,76.0,0.0,4.0,4.0
2516,25.8846285247,-80.1245528445,608000.0,5600.0,1599.0,0.0,13504.9,1215.1,886.6,45141.2,34191.5,26317.1,75.0,0.0,3.0,2.0
2549,25.8391023103,-80.1243337899,1750000.0,7412.0,3943.0,35446.0,20944.4,1654.4,293.2,31880.9,17687.7,10214.6,36.0,0.0,8.0,5.0
2575,25.8511935022,-80.1377806632,475000.0,7750.0,1588.0,2453.0,15456.9,6173.7,691.3,32491.2,22075.2,13871.2,63.0,0.0,5.0,4.0
2621,25.8654375869,-80.127119651,399500.0,5650.0,1388.0,81.0,16709.1,2634.8,261.9,38750.2,27152.9,19265.2,65.0,0.0,5.0,2.0
2649,25.8187747126,-80.1313211628,2300000.0,9853.0,3882.0,32025.0,18604.1,3479.0,0.0,25264.3,10180.9,2573.5,31.0,0.0,7.0,5.0
2663,25.824196243,-80.1347411083,710000.0,6000.0,2027.0,2491.0,17345.7,4768.1,363.9,25697.0,12224.4,4079.5,71.0,0.0,4.0,4.0
2682,25.8072569523,-80.130642123,1010000.0,7900.0,1958.0,26311.0,18363.9,2653.2,1288.5,23184.1,5962.3,2605.5,66.0,0.0,6.0,5.0
2692,25.6899294813,-80.1711872817,2550000.0,7500.0,3557.0,36285.0,25323.1,1180.7,645.4,32253.4,32253.4,25097.3,8.0,0.0,9.0,5.0
2698,25.6940796993,-80.1691283562,1770000.0,7500.0,1892.0,2243.0,24384.3,1107.3,1107.9,30946.4,30946.4,24154.6,62.0,0.0,5.0,4.0
2704,25.8083996563,-80.2976548297,285000.0,6200.0,1239.0,27783.0,3287.0,34995.8,3786.8,36373.4,24881.6,7702.6,61.0,1.0,4.0,5.0
2718,25.8101294351,-80.2978024273,300000.0,6000.0,1448.0,4206.0,3327.0,35528.9,3719.7,36607.9,25452.6,7646.1,65.0,1.0,11.0,5.0
2735,25.8132413175,-80.2700676639,310000.0,9300.0,1600.0,0.0,3186.8,31773.2,299.8,28672.4,23367.3,2846.4,64.0,1.0,3.0,4.0
2739,25.813985102,-80.3040588974,392300.0,10680.0,2556.0,33885.0,885.5,37883.7,1702.0,39032.5,27703.2,5649.6,61.0,1.0,3.0,5.0
2749,25.8159828976,-80.3024793141,297000.0,7800.0,918.0,3017.0,1026.1,38169.9,2199.1,38799.3,28074.2,6149.0,71.0,1.0,7.0,5.0
2801,25.8246477213,-80.3009784565,570000.0,9525.0,2014.0,32850.0,1971.0,40429.2,2770.2,39611.6,30566.5,6754.0,20.0,1.0,8.0,5.0
2805,25.8250336652,-80.3018687446,380000.0,9525.0,1737.0,3148.0,1679.7,40705.7,2478.6,39933.0,30822.1,6462.5,65.0,1.0,10.0,5.0
2833,25.8337297983,-80.305329011,420000.0,12566.0,2137.0,21664.0,606.0,43966.6,0.0,42397.4,34152.2,5391.6,57.0,1.0,2.0,4.0
2838,25.7729864243,-80.2608717048,270000.0,7000.0,1188.0,1666.0,5991.7,17506.6,4505.1,22447.4,8493.9,4396.6,61.0,0.0,6.0,4.0
2860,25.7812102664,-80.2528216348,265000.0,6240.0,1060.0,4018.0,5322.1,19043.7,2708.6,19796.4,11624.5,1582.4,32.0,0.0,3.0,4.0
2866,25.782341426,-80.2449944208,301000.0,6360.0,1669.0,1980.0,5577.8,17878.2,565.3,17282.8,12685.1,671.1,70.0,0.0,6.0,4.0
2881,25.7883007866,-80.2534186203,250000.0,5900.0,1689.0,4639.0,2896.9,21348.2,2164.5,20368.0,14150.8,890.7,66.0,0.0,2.0,2.0
2893,25.7906158937,-80.2472221987,200000.0,5400.0,1409.0,2867.0,2654.7,20659.5,1300.0,18609.2,15328.0,2122.7,67.0,0.0,12.0,2.0
2898,25.7913538703,-80.2474060733,201600.0,5500.0,1897.0,5546.0,2404.9,20908.8,1034.6,18742.0,15574.1,2358.4,56.0,0.0,4.0,2.0
2922,25.7854810395,-80.2294390176,200000.0,6600.0,1365.0,0.0,4395.0,15946.8,284.3,12464.1,12464.1,1128.8,31.0,0.0,3.0,2.0
2967,25.7680361426,-80.2452863964,290000.0,1471.0,1452.0,0.0,10253.2,13653.5,5712.0,17554.6,7970.1,5842.0,21.0,0.0,8.0,4.0
2973,25.770426321,-80.2515865216,299000.0,4914.0,1825.0,2025.0,8854.7,15261.5,5372.4,19460.1,7892.4,5213.7,22.0,0.0,4.0,4.0
2976,25.7713427981,-80.2492008388,300000.0,6750.0,1459.0,0.0,9074.5,15242.5,4758.1,18672.3,8435.0,4698.9,56.0,0.0,3.0,4.0
2981,25.7732665114,-80.2432904659,250000.0,5160.0,1399.0,2462.0,8848.8,15123.1,3720.6,16669.9,9922.4,3985.0,63.0,0.0,3.0,4.0
2984,25.7735782485,-80.2478775013,300000.0,5000.0,1854.0,2392.0,8504.7,15856.4,3887.2,18153.8,9379.1,3872.7,70.0,0.0,12.0,4.0
3018,25.7689162227,-80.2592059132,374500.0,6600.0,2262.0,5644.0,7477.7,15961.6,5847.1,22001.8,7008.0,5974.4,36.0,0.0,5.0,4.0
3023,25.7696857129,-80.2565866941,331500.0,8515.0,1334.0,0.0,7835.4,15752.5,6345.9,21123.0,7302.7,5847.9,63.0,0.0,1.0,4.0
3051,25.7738967865,-80.2906543425,280000.0,4880.0,1204.0,2602.0,4085.7,24140.1,2023.7,32200.3,13693.2,3675.9,21.0,0.0,5.0,4.0
3055,25.7741741778,-80.2756944751,300500.0,7200.0,1743.0,3970.0,3898.8,20792.9,2055.9,27263.6,10499.9,3370.2,68.0,0.0,9.0,4.0
3106,25.7656382637,-80.2976771369,343200.0,6750.0,2288.0,2257.0,3348.9,23953.2,3634.3,34717.7,14035.8,6780.6,69.0,0.0,7.0,2.0
3109,25.7656910611,-80.2839949079,310000.0,6375.0,1596.0,2319.0,7185.2,20491.7,4778.9,30283.6,10137.3,6783.3,26.0,0.0,3.0,4.0
3202,25.7506906457,-80.2931822486,228000.0,5720.0,1154.0,2201.0,4714.8,19571.7,4342.3,34325.8,11298.6,8712.6,47.0,0.0,12.0,4.0
3220,25.7531112144,-80.3182134925,303000.0,10262.0,1638.0,22212.0,2108.9,26820.8,288.4,42135.0,19578.8,492.5,61.0,0.0,6.0,4.0
3283,25.7605608046,-80.3002014394,254500.0,7192.0,1783.0,5008.0,2509.6,23615.6,4909.9,35832.6,14201.5,6713.0,67.0,0.0,3.0,4.0
3294,25.7620899478,-80.3020941937,415000.0,2749.0,1653.0,5666.0,1887.2,24459.1,4168.0,36345.1,14950.7,6002.5,1.0,0.0,7.0,5.0
3342,25.737044044,-80.3066744332,270000.0,6000.0,1040.0,2106.0,215.4,20730.3,653.6,40145.4,16406.5,3985.5,56.0,0.0,10.0,4.0
3361,25.7391454775,-80.3021178534,485000.0,7500.0,1830.0,1875.0,1736.6,19703.4,738.0,38471.0,14759.7,5613.3,60.0,0.0,10.0,4.0
3392,25.7420187099,-80.2973646067,290000.0,7500.0,1276.0,0.0,3270.9,18857.8,1761.3,36608.8,12956.7,7236.2,60.0,0.0,5.0,4.0
3400,25.7429750484,-80.3030084033,290000.0,6100.0,1651.0,2755.0,1431.6,20630.2,1475.5,38255.4,14728.1,5403.2,59.0,0.0,7.0,4.0
3412,25.7445771465,-80.3036222325,390000.0,7622.0,2067.0,4345.0,1267.5,21119.4,1822.1,38284.2,14869.8,5261.7,63.0,0.0,5.0,4.0
3467,25.7422709552,-80.269629114,1230000.0,15000.0,2958.0,0.0,5716.0,11543.4,2891.5,28156.4,4390.0,14776.0,16.0,0.0,1.0,5.0
3477,25.7434410388,-80.2842848871,2150000.0,15000.0,3918.0,38897.0,7585.0,15638.1,1715.2,32394.3,8641.9,11556.5,11.0,0.0,2.0,5.0
3487,25.7457229079,-80.2682347798,1185000.0,6350.0,2747.0,9327.0,6359.1,11875.0,4170.1,27245.9,3400.7,13527.8,1.0,0.0,9.0,5.0
3514,25.7532184125,-80.2807820522,1880000.0,15000.0,3505.0,44675.0,8830.7,16789.3,5192.2,30150.8,7333.3,11122.0,27.0,0.0,8.0,5.0
3550,25.7574670716,-80.2707485117,300000.0,5000.0,1621.0,1003.0,10011.0,15290.0,7442.3,26591.3,4859.0,9247.0,86.0,0.0,7.0,4.0
3577,25.7595522151,-80.2699162126,530000.0,6675.0,1407.0,29549.0,9302.1,15656.0,7386.2,26123.5,5130.6,8502.4,6.0,0.0,8.0,4.0
3615,25.7621675719,-80.2759806525,570000.0,6790.0,2084.0,2829.0,8257.3,17712.2,6345.8,27865.0,7256.4,7680.2,46.0,0.0,5.0,5.0
3666,25.7602058673,-80.263365647,425000.0,5814.0,1057.0,2120.0,9627.0,14335.5,7715.9,23966.6,4131.9,8547.6,39.0,0.0,1.0,5.0
3674,25.7508106269,-80.2436773318,555000.0,3500.0,2263.0,40110.0,4231.3,7697.8,7378.7,19198.3,4931.3,10551.4,0.0,0.0,6.0,4.0
3676,25.7517167177,-80.2483108023,420000.0,6000.0,1394.0,2148.0,5121.3,8778.5,8725.4,20397.1,3460.6,11780.9,41.0,0.0,9.0,4.0
3699,25.7546176953,-80.2415523376,525000.0,7200.0,2270.0,7692.0,5250.0,8660.4,7964.5,17918.9,5878.9,9999.1,6.0,0.0,7.0,4.0
3756,25.7514738794,-80.2345778532,310500.0,6100.0,1434.0,137.0,3349.1,6728.4,5848.4,16500.5,7923.5,7565.5,71.0,0.0,7.0,2.0
3759,25.7516930989,-80.2275088944,306300.0,6500.0,2452.0,1992.0,2555.8,6160.6,4878.8,14567.1,10246.9,5261.6,74.0,0.0,6.0,2.0
3762,25.7523997157,-80.2277303652,450000.0,7020.0,1556.0,11296.0,2814.9,6410.7,5135.2,14467.1,10200.4,5377.4,71.0,0.0,6.0,2.0
3768,25.7534730414,-80.2147598801,425000.0,5928.0,1207.0,0.0,1564.8,3447.0,3434.0,11071.9,11071.9,1744.0,80.0,0.0,6.0,4.0
3775,25.7550040218,-80.2246836746,400000.0,5450.0,1240.0,480.0,3321.8,6130.5,5688.9,13100.7,11324.3,4715.5,11.0,0.0,5.0,2.0
3782,25.7555639523,-80.2346074927,420000.0,7117.0,1582.0,786.0,4744.5,8107.5,7238.5,15723.9,8141.3,7833.3,16.0,0.0,10.0,4.0
3798,25.7528664067,-80.2136337708,575000.0,5750.0,1766.0,0.0,1240.4,3082.8,3070.2,11004.1,11004.1,1386.4,30.0,0.0,4.0,4.0
3831,25.7548076104,-80.2053061071,882500.0,9075.0,2192.0,825.0,372.8,2505.1,2343.9,8898.6,8898.6,573.7,16.0,0.0,7.0,5.0
3838,25.7582965657,-80.2009649914,567500.0,6450.0,1878.0,3214.0,516.1,3644.4,2266.9,7144.7,7144.7,327.6,48.0,0.0,3.0,4.0
3851,25.7363307946,-80.2331048067,625000.0,6515.0,1115.0,8260.0,1792.4,1524.4,1346.6,19767.4,9619.7,8500.5,36.0,0.0,7.0,4.0
3929,25.7485768919,-80.2257902421,470000.0,7020.0,1419.0,0.0,1282.5,4981.7,3602.3,14874.2,10791.6,4653.4,29.0,0.0,3.0,4.0
3936,25.7493484522,-80.235224202,630000.0,5600.0,1638.0,27296.0,2709.9,6095.5,5245.0,17113.6,7685.1,7750.3,12.0,0.0,11.0,5.0
3986,25.7257901654,-80.2504598864,166000.0,5000.0,1169.0,0.0,2784.2,2993.3,2634.9,26477.1,8999.7,15365.0,96.0,0.0,7.0,1.0
3987,25.7260272989,-80.2525089259,710000.0,5000.0,2843.0,7220.0,2265.5,3542.9,3254.4,26901.5,8735.7,15879.3,0.0,0.0,5.0,5.0
4014,25.7106761695,-80.2526043722,2550000.0,13950.0,5300.0,41978.0,6376.2,1232.2,215.4,30967.1,14194.9,19423.3,13.0,0.0,5.0,5.0
4018,25.7114848073,-80.2583302483,1950000.0,6480.0,3770.0,32800.0,4918.1,3017.6,1964.6,32009.6,13788.7,19534.8,0.0,0.0,11.0,5.0
4096,25.7180186762,-80.2685248684,1440000.0,12000.0,3237.0,28238.0,918.1,6530.8,227.2,32766.3,11840.0,16270.1,37.0,0.0,6.0,5.0
4122,25.7278449083,-80.2624901203,410000.0,6250.0,1114.0,0.0,288.6,6570.3,849.4,28980.2,7939.8,18275.2,70.0,0.0,10.0,4.0
4133,25.7330554783,-80.2659240654,1255000.0,10079.0,2977.0,26693.0,2436.1,8544.3,1040.5,28784.6,6393.8,17205.6,21.0,0.0,6.0,5.0
4156,25.737342195,-80.2625110584,430000.0,7102.0,1679.0,550.0,2848.7,8632.5,2652.0,27000.5,4573.5,16781.8,40.0,0.0,9.0,4.0
4170,25.7399681994,-80.2742097058,1400000.0,14007.0,3115.0,20448.0,6119.9,12223.4,1298.0,29885.5,6110.6,14668.6,69.0,0.0,8.0,5.0
4174,25.7406762556,-80.2597782349,639000.0,5000.0,1837.0,5234.0,3152.2,8549.3,4062.0,25623.7,3199.4,15719.2,19.0,0.0,5.0,5.0
4210,25.7223792938,-80.2814354959,1250000.0,12600.0,3351.0,31949.0,2940.1,11050.1,1263.7,35176.4,12325.7,12019.5,41.0,0.0,1.0,5.0
4226,25.7279163301,-80.2797528995,925000.0,10000.0,2711.0,29577.0,4091.9,11277.8,2298.5,33628.1,10423.9,12582.5,57.0,0.0,6.0,4.0
4230,25.7296489674,-80.2844882776,1150000.0,8500.0,3261.0,44021.0,5608.3,12963.7,2917.0,34653.3,11098.2,11086.2,21.0,0.0,7.0,5.0
4238,25.7331145325,-80.2791350649,1725000.0,13200.0,3410.0,53464.0,5354.1,12063.4,1397.4,32486.1,8929.8,12853.4,15.0,0.0,7.0,5.0
4239,25.7334305515,-80.2852153535,940000.0,5500.0,2312.0,1623.0,6793.8,13836.4,1645.6,34226.6,10475.0,10890.8,1.0,0.0,12.0,5.0
4276,25.6983989609,-80.2907220436,2150000.0,14000.0,4596.0,47760.0,1330.2,12953.3,5127.2,42941.5,8229.6,8678.0,0.0,0.0,10.0,5.0
4289,25.7039423876,-80.3050023455,535000.0,16770.0,1944.0,32908.0,492.7,17915.4,8365.7,45364.1,6183.1,4037.3,26.0,0.0,10.0,4.0
4295,25.7069581784,-80.3003784498,730000.0,9686.0,2578.0,3202.0,2044.2,16943.5,6676.7,43512.0,7917.2,5612.7,1.0,0.0,8.0,4.0
4299,25.7084537291,-80.2973611175,335000.0,10270.0,1054.0,0.0,2671.1,15873.4,5608.5,42372.0,8919.7,6601.9,66.0,0.0,3.0,4.0
4303,25.7099571658,-80.2869201451,229000.0,5762.0,935.0,0.0,802.0,12426.7,2185.9,39317.9,11667.5,10083.6,46.0,0.0,2.0,4.0
4304,25.7101775121,-80.289198018,299500.0,6000.0,1550.0,2108.0,1359.0,13169.7,2938.8,39859.4,11165.5,9339.9,68.0,0.0,6.0,4.0
4333,25.7142391332,-80.2927533145,445000.0,9196.0,1910.0,3074.0,3224.6,14317.5,3842.4,39931.3,11511.5,8247.7,30.0,0.0,8.0,4.0
4336,25.7153689581,-80.2894259619,250000.0,7800.0,1187.0,0.0,2807.5,13249.6,2748.6,38808.8,12514.4,9377.9,70.0,0.0,9.0,4.0
4342,25.7169073731,-80.2997922275,432333.0,10573.0,2479.0,0.0,2311.5,16680.0,6158.5,41347.9,11214.9,6004.4,40.0,0.0,4.0,4.0
4354,25.7186383855,-80.3009803671,480000.0,6605.0,2446.0,1161.0,1934.6,17131.2,6555.5,41363.2,11666.3,5667.2,14.0,0.0,8.0,4.0
4368,25.7226519081,-80.3042994297,470000.0,9600.0,1426.0,6672.0,880.1,18426.5,5064.4,41597.3,12723.2,4532.5,6.0,0.0,6.0,4.0
4375,25.7238245977,-80.3060867974,520000.0,8085.0,2090.0,825.0,302.2,19087.4,4584.3,41925.5,13026.8,3908.5,6.0,0.0,6.0,4.0
4379,25.7245662074,-80.304758245,350000.0,8941.0,1483.0,1100.0,740.9,18715.4,4402.0,41409.6,13378.1,4328.8,63.0,0.0,4.0,4.0
4395,25.7260405596,-80.3055707818,565000.0,7950.0,2009.0,24278.0,488.3,19095.9,3917.8,41410.9,13848.8,4072.7,6.0,0.0,4.0,4.0
4404,25.7266034879,-80.2896176939,378000.0,7500.0,1310.0,0.0,5746.0,14107.5,4051.9,36680.2,13117.1,9330.0,68.0,0.0,3.0,4.0
4409,25.7281684466,-80.2914709328,403000.0,7500.0,1390.0,3108.0,5145.9,14870.8,3312.6,36934.2,13252.1,8758.1,25.0,0.0,6.0,4.0
4410,25.728181001,-80.2869620121,412000.0,9000.0,1339.0,392.0,5737.3,13486.5,3639.3,35630.3,12070.5,10234.4,39.0,0.0,4.0,4.0
4417,25.7300106456,-80.2886752055,653000.0,16520.0,3147.0,40303.0,6046.7,14237.4,3063.7,35771.6,12080.3,9682.3,60.0,0.0,8.0,4.0
4432,25.7324087635,-80.2975117144,369500.0,5800.0,1096.0,657.0,3196.9,17294.8,1587.5,38027.2,14184.0,6829.2,6.0,0.0,12.0,4.0
4447,25.697725083,-80.3301269766,950000.0,19122.0,4886.0,39925.0,3155.2,24140.3,14871.6,53475.7,6359.7,2907.8,27.0,0.0,5.0,5.0
4454,25.7005615713,-80.3320769237,779000.0,15000.0,3421.0,25951.0,2007.6,25192.5,14120.5,53498.5,7481.1,1747.8,29.0,0.0,6.0,4.0
4475,25.7146353914,-80.3312881532,757500.0,33106.0,4176.0,1200.0,1060.8,26994.0,9341.4,50791.5,11042.1,904.9,50.0,0.0,6.0,4.0
4482,25.717747999,-80.3097368503,415000.0,16335.0,1562.0,2846.0,840.1,19948.1,6472.7,43996.3,10647.4,2748.1,62.0,0.0,6.0,4.0
4498,25.7282018591,-80.3279776676,297000.0,5796.0,1264.0,1620.0,3723.6,26475.6,4896.9,47849.5,15179.6,3162.7,16.0,0.0,11.0,4.0
4510,25.7344151087,-80.3304838221,330000.0,10500.0,1591.0,13378.0,5846.9,27798.4,4434.4,47831.4,17557.2,3786.4,59.0,0.0,5.0,4.0
4514,25.7351792553,-80.3240303813,275000.0,9075.0,1503.0,2695.0,4220.9,25838.2,2372.1,45734.7,17279.2,1653.8,40.0,0.0,3.0,4.0
4521,25.737769937,-80.332215876,355000.0,17540.0,1384.0,2656.0,6868.1,28670.7,4748.2,47970.6,18905.3,4143.8,31.0,0.0,9.0,4.0
4539,25.7419405669,-80.3252580926,289900.0,14300.0,2344.0,3558.0,4540.5,27021.1,2596.6,45344.6,19773.3,1793.7,66.0,0.0,3.0,4.0
4554,25.7441017877,-80.3213761217,425000.0,7500.0,1914.0,22627.0,3279.1,26188.9,1429.3,43931.4,20349.9,501.7,56.0,0.0,4.0,4.0
4574,25.6658879467,-80.3000950491,1065000.0,32060.0,3372.0,3191.0,7650.5,10945.0,5388.0,53462.1,9186.5,6853.2,51.0,0.0,6.0,2.0
4617,25.6777930178,-80.3301454992,640000.0,38333.0,3223.0,38956.0,4117.8,21676.2,15452.2,57647.6,6597.5,3996.7,38.0,0.0,9.0,2.0
4619,25.6780854875,-80.2879143829,726000.0,16248.0,2342.0,230.0,7426.1,8537.4,3294.3,47522.7,9109.2,8780.4,60.0,0.0,8.0,4.0
4622,25.6785290822,-80.310177969,875000.0,17746.0,3320.0,40656.0,2393.1,15589.0,9187.8,52509.3,3660.9,1511.4,21.0,0.0,2.0,4.0
4635,25.6795272189,-80.3066058556,865000.0,18360.0,2925.0,52416.0,2948.8,14547.7,8258.5,51425.9,3858.4,2616.7,52.0,0.0,10.0,4.0
4673,25.6859669896,-80.2934691518,1920000.0,50311.0,4784.0,46728.0,4017.2,11420.3,6612.1,46608.6,6463.5,6991.0,22.0,0.0,4.0,4.0
4687,25.689713117,-80.3333276268,530000.0,10000.0,3007.0,21356.0,4189.4,24058.2,17812.4,55992.6,6522.5,3806.5,47.0,0.0,8.0,4.0
4693,25.6967609596,-80.2837062676,688000.0,16200.0,1409.0,1602.0,3307.5,10726.3,4177.6,41640.8,10172.3,10971.0,63.0,0.0,4.0,4.0
4719,25.7043393884,-80.2829280762,300000.0,9225.0,1547.0,5055.0,1450.4,11447.3,1794.2,39598.1,11506.1,11297.1,38.0,0.0,8.0,4.0
4754,25.7099514313,-80.2618805491,995900.0,10000.0,2120.0,726.0,4541.8,4241.4,657.1,33200.2,14381.5,18322.9,65.0,0.0,12.0,5.0
4766,25.7122269922,-80.2656118849,1650000.0,11450.0,3219.0,24224.0,3090.0,5346.1,368.4,33476.9,13707.6,17106.0,19.0,0.0,8.0,5.0
4768,25.650652586,-80.2816404446,1650000.0,12810.0,4627.0,37501.0,15685.3,3695.1,0.0,54288.7,17183.4,15113.2,9.0,0.0,1.0,5.0
4772,25.653994153,-80.2810695812,1450000.0,11445.0,3316.0,27585.0,15277.9,4039.5,180.9,53171.6,16359.2,14453.1,5.0,0.0,12.0,5.0
4779,25.6735518558,-80.2718265211,2100000.0,24029.0,4294.0,39991.0,12147.4,3029.4,0.0,45555.8,14616.7,14247.7,21.0,0.0,11.0,5.0
4810,25.6476615713,-80.3071443242,950000.0,14985.0,3126.0,27221.0,7655.6,9790.7,5668.4,60076.0,14890.5,11473.2,19.0,0.0,4.0,4.0
4820,25.6484035695,-80.2940417357,1650000.0,38768.0,6287.0,43750.0,11714.6,7081.8,3002.9,57210.2,15758.3,13091.0,16.0,0.0,3.0,4.0
4834,25.6498448432,-80.3258244681,525000.0,16663.0,1684.0,20015.0,1639.7,13607.7,10991.7,63524.3,14531.9,10469.5,58.0,0.0,10.0,4.0
4853,25.6534482123,-80.3158127147,1200000.0,18731.0,4138.0,45506.0,4373.8,12826.2,9165.9,60318.9,12665.6,8854.5,26.0,0.0,5.0,5.0
4862,25.6554445876,-80.3093287206,1225000.0,22651.0,3502.0,69292.0,6480.7,12683.3,8321.2,58358.7,11980.6,8545.2,16.0,0.0,1.0,4.0
4891,25.6611367959,-80.305823833,1425000.0,35980.0,4950.0,49716.0,7802.3,12443.9,7740.9,55999.6,10107.2,7132.3,21.0,0.0,9.0,4.0
4941,25.6035080375,-80.3410776772,374500.0,10981.0,1755.0,27712.0,9193.2,10527.1,4018.4,79614.8,32129.1,10145.6,21.0,0.0,7.0,4.0
4959,25.607169121,-80.3174857788,670800.0,18034.0,4665.0,34663.0,11071.0,2860.9,2736.4,73963.9,29488.5,17895.8,27.0,0.0,8.0,4.0
4977,25.6089761928,-80.3436772675,455000.0,9720.0,2831.0,4280.0,7221.9,11507.1,5456.2,78592.2,30486.3,10315.1,0.0,0.0,10.0,4.0
5022,25.6121540817,-80.3166195679,490000.0,16200.0,3106.0,28003.0,10103.9,3074.6,2741.6,72311.7,27682.3,18791.0,43.0,0.0,5.0,2.0
5032,25.6136813698,-80.3232841792,520000.0,17160.0,3604.0,32989.0,8055.3,5276.0,4994.5,73117.2,27294.1,17001.5,39.0,0.0,12.0,2.0
5037,25.6147128555,-80.3307170692,640000.0,15000.0,3270.0,39944.0,6161.6,7690.8,7478.4,74281.3,27313.9,15023.8,15.0,0.0,8.0,5.0
5052,25.6167295074,-80.3239292648,675000.0,16560.0,4471.0,29595.0,7179.5,5774.3,5526.4,72353.3,26221.8,17334.7,22.0,0.0,6.0,4.0
5083,25.6208314492,-80.3187600649,580000.0,15375.0,2431.0,29964.0,7895.4,4626.9,4606.8,70138.7,24561.6,19550.1,21.0,0.0,4.0,4.0
5089,25.6218332379,-80.338181372,453000.0,7802.0,2737.0,38896.0,2727.2,10813.0,10468.8,73851.1,25488.0,13301.2,21.0,0.0,3.0,4.0
5145,25.6305648592,-80.3165793814,770000.0,16500.0,3280.0,28198.0,7152.9,6209.8,5739.2,66872.9,20988.3,17157.2,17.0,0.0,9.0,4.0
5154,25.6318994296,-80.309416277,850000.0,43124.0,3230.0,27575.0,9146.3,5051.3,3373.5,64947.7,20366.1,16745.1,37.0,0.0,4.0,4.0
5168,25.6338176187,-80.3171048232,755000.0,15525.0,3335.0,31182.0,6558.1,7262.7,5963.9,66056.5,19826.5,15980.8,26.0,0.0,2.0,4.0
5184,25.6360390435,-80.3008166187,1210000.0,34412.0,3947.0,33103.0,11191.2,5136.7,1647.2,62162.1,19381.5,16108.1,23.0,0.0,6.0,5.0
5188,25.6366838731,-80.3327348921,590000.0,17250.0,3334.0,29541.0,1397.5,11565.6,11217.4,68582.1,19773.8,15647.2,46.0,0.0,1.0,4.0
5262,25.6027695753,-80.372683302,250000.0,8132.0,1624.0,35169.0,10391.7,20954.0,6400.1,86591.2,36692.7,1512.3,44.0,0.0,4.0,2.0
5265,25.6028990957,-80.3750531109,192000.0,7600.0,2065.0,3317.0,9685.7,21739.8,7069.0,87095.9,37075.9,791.9,55.0,0.0,8.0,2.0
5267,25.6031482839,-80.3740097089,221000.0,7600.0,1797.0,22630.0,9947.1,21397.0,6839.7,86795.7,36814.6,1150.2,35.0,0.0,11.0,2.0
5310,25.6091124612,-80.3687663098,295000.0,10425.0,2716.0,26004.0,10810.3,19734.5,7244.4,84016.1,34038.5,2993.6,42.0,0.0,10.0,2.0
5325,25.6145363642,-80.3615461113,280000.0,8625.0,2366.0,16188.0,8370.4,17583.9,8076.5,80957.9,31128.0,5468.9,39.0,0.0,4.0,2.0
5331,25.6150181224,-80.3603147909,233000.0,7800.0,1816.0,2906.0,7947.2,17212.8,8130.8,80555.3,30775.1,5886.3,23.0,0.0,4.0,2.0
5347,25.6163695261,-80.3504601272,290000.0,9350.0,2225.0,20134.0,5372.5,14129.2,7925.9,77996.7,28828.5,9167.9,37.0,0.0,7.0,2.0
5356,25.6172361207,-80.3684269057,195000.0,8424.0,1839.0,5727.0,9811.9,19983.4,9839.7,81848.2,31535.5,3256.2,36.0,0.0,6.0,2.0
5358,25.6174065198,-80.3773415544,300000.0,7986.0,2799.0,2310.0,7733.3,22900.2,11327.9,83894.9,33255.0,335.1,30.0,0.0,3.0,2.0
5372,25.6188944109,-80.3514468486,210000.0,9900.0,1447.0,3346.0,4842.8,14672.3,8876.6,77531.5,28145.7,8871.0,23.0,0.0,4.0,2.0
5404,25.6226999609,-80.3533540717,301000.0,10450.0,2530.0,22798.0,4460.1,15708.5,10320.0,76942.8,27207.9,8304.0,44.0,0.0,2.0,2.0
5412,25.6239966276,-80.3527843336,290000.0,10890.0,2449.0,3732.0,4074.6,15662.9,10753.6,76468.2,26700.1,8512.4,35.0,0.0,2.0,2.0
5428,25.6259965773,-80.3650206149,229000.0,7500.0,1501.0,1560.0,7791.1,19737.0,12395.9,78803.4,28295.8,4517.7,24.0,0.0,2.0,2.0
5465,25.6315220376,-80.3668720255,268000.0,7875.0,2604.0,2544.0,8392.4,20874.3,14485.8,77870.9,27105.8,4347.7,37.0,0.0,6.0,2.0
5476,25.6326414658,-80.3675878053,150000.0,7875.0,944.0,0.0,8505.9,21223.3,14940.3,77766.2,26948.4,4290.4,37.0,0.0,8.0,2.0
5479,25.6330407594,-80.3700006915,235000.0,7400.0,1672.0,398.0,7803.6,22010.8,15359.8,78258.2,27373.0,3659.8,23.0,0.0,12.0,2.0
5517,25.6363080562,-80.3498258722,433000.0,10000.0,2305.0,30237.0,3575.1,16285.8,15164.1,72598.2,22358.1,10218.3,35.0,0.0,10.0,2.0
5525,25.6366423553,-80.3741975484,235000.0,10434.0,1519.0,1016.0,5886.2,23740.8,17053.4,78436.6,27417.1,3455.4,25.0,0.0,12.0,2.0
5527,25.6366954962,-80.3514869567,649000.0,18621.0,3717.0,26011.0,4104.6,16810.4,15322.2,72863.7,22515.6,9715.3,50.0,0.0,8.0,4.0
5530,25.6373468749,-80.3424284847,985000.0,23560.0,3680.0,34958.0,1427.0,14291.0,14284.7,70562.3,20773.3,12583.9,35.0,0.0,11.0,5.0
5531,25.6373722681,-80.3769333814,180000.0,7400.0,1086.0,850.0,5036.9,24689.5,17688.9,78961.2,27910.1,2653.0,16.0,0.0,4.0,2.0
5586,25.6441531812,-80.3783356276,260000.0,4895.0,1641.0,0.0,3132.5,26030.9,20126.2,77772.7,26713.5,2259.6,29.0,0.0,10.0,4.0
5612,25.6480184962,-80.3428617751,379000.0,2720.0,1734.0,0.0,3092.3,16838.8,15622.8,68018.7,17567.1,11097.7,36.0,0.0,10.0,4.0
5644,25.6518761966,-80.3448246401,895000.0,17360.0,4439.0,50127.0,4141.6,18216.5,16737.0,67485.1,16749.5,9653.6,6.0,0.0,2.0,5.0
5661,25.6532660667,-80.3722050435,445000.0,16456.0,2041.0,26086.0,2589.1,25717.3,22536.6,74115.0,23117.2,2352.2,44.0,0.0,3.0,4.0
5679,25.6557914291,-80.3757287161,535000.0,15600.0,2495.0,8147.0,1094.1,27167.6,23756.4,74494.2,23622.1,856.6,27.0,0.0,2.0,4.0
5680,25.6563793387,-80.3686556774,460000.0,16100.0,2223.0,23525.0,2770.9,25333.4,23353.6,72502.4,21524.9,2530.6,43.0,0.0,10.0,4.0
5689,25.6572817371,-80.3335968248,745000.0,21344.0,2850.0,31227.0,1539.0,17310.8,14661.2,63421.3,13022.6,9022.7,16.0,0.0,12.0,4.0
5708,25.6594228471,-80.3635935209,385000.0,15004.0,2069.0,30542.0,3368.3,24662.8,23500.1,70497.2,19517.3,3125.5,37.0,0.0,2.0,2.0
5715,25.6602816716,-80.3663348458,401000.0,15000.0,2300.0,2860.0,2477.5,25570.2,24457.9,71040.7,20133.7,2234.5,47.0,0.0,5.0,2.0
5725,25.6612710749,-80.3573367954,438000.0,17424.0,1802.0,1328.0,4541.0,23552.2,21973.4,68447.7,17421.3,4299.5,35.0,0.0,3.0,4.0
5731,25.6621494072,-80.3682514834,430000.0,18900.0,2717.0,1155.0,1546.3,26473.6,25307.4,71136.6,20341.8,1303.2,46.0,0.0,10.0,2.0
5735,25.6629074654,-80.3627641294,665000.0,14883.0,3344.0,24892.0,2788.7,25280.9,23837.8,69526.5,18636.9,2546.6,16.0,0.0,10.0,2.0
5773,25.6711757013,-80.3615066897,455000.0,9350.0,2215.0,21347.0,1242.0,27113.8,25087.2,67473.4,16977.4,997.5,26.0,0.0,5.0,2.0
5785,25.6730991321,-80.3372141342,875000.0,20250.0,5065.0,72644.0,6843.1,22581.8,17547.9,60573.9,9520.1,6536.6,22.0,0.0,12.0,4.0
5786,25.6731050205,-80.3864285655,270000.0,3126.0,1666.0,1728.0,5477.1,33701.1,30892.5,74036.4,24663.5,651.8,19.0,0.0,2.0,4.0
5790,25.6736673954,-80.3866203843,280000.0,3011.0,1666.0,0.0,5656.9,33877.7,31113.3,73982.5,24673.3,575.1,19.0,0.0,12.0,4.0
5794,25.6740815211,-80.3855086277,280000.0,3126.0,1817.0,1620.0,5464.0,33678.8,31123.8,73593.0,24289.5,964.3,18.0,0.0,8.0,4.0
5803,25.6757253239,-80.3808716322,470000.0,12000.0,2470.0,29087.0,4616.7,32843.6,30692.1,71933.1,22629.3,2460.5,36.0,0.0,9.0,4.0
5806,25.6760773727,-80.3663283725,493500.0,9406.0,2143.0,34330.0,984.3,29485.7,27209.8,67798.5,17944.2,1225.1,19.0,0.0,1.0,2.0
5853,25.6822108674,-80.3646472843,450000.0,15090.0,2661.0,29934.0,1960.6,30794.2,25399.5,66124.9,16949.8,2202.0,51.0,0.0,5.0,2.0
5872,25.6845209266,-80.3772958297,312000.0,3060.0,1894.0,0.0,5756.8,34228.0,27618.8,69360.9,21067.5,3809.6,35.0,0.0,4.0,4.0
5879,25.6856244639,-80.3610299452,525000.0,31064.0,2818.0,32733.0,1741.0,30930.2,23622.2,64429.0,15653.5,1986.9,49.0,0.0,9.0,2.0
5912,25.6915932495,-80.3500710241,353000.0,8920.0,2013.0,2603.0,383.5,29534.3,19825.1,60285.7,12081.6,582.1,48.0,0.0,1.0,4.0
5948,25.6979323095,-80.3750056382,330000.0,4380.0,1689.0,0.0,8228.6,37394.2,23866.6,66453.7,20535.7,2928.6,27.0,0.0,5.0,4.0
5978,25.706088307,-80.3417679017,462000.0,9702.0,2149.0,2729.0,1579.7,28965.3,13936.3,55311.6,11262.7,1820.2,30.0,0.0,9.0,4.0
5980,25.706385028,-80.3409844994,393000.0,9701.0,2130.0,1379.0,1445.6,28786.3,13694.5,55031.7,11111.4,1695.9,50.0,0.0,11.0,4.0
5998,25.7126597419,-80.3461374567,445000.0,7950.0,2007.0,20475.0,3636.0,31285.8,13106.9,55549.2,13851.6,4388.5,36.0,0.0,6.0,4.0
6020,25.7186627379,-80.3411633219,250000.0,8025.0,1448.0,3880.0,3958.9,30305.9,10430.2,53164.7,14231.3,4334.5,62.0,0.0,4.0,4.0
6025,25.7197971766,-80.3396949677,433000.0,7500.0,2109.0,0.0,4159.0,29857.0,9795.7,52560.8,14253.1,4279.7,6.0,0.0,6.0,4.0
6029,25.7211168298,-80.3390281698,385000.0,7500.0,2007.0,660.0,4555.5,29692.1,9325.0,52182.3,14509.3,4457.0,56.0,0.0,8.0,4.0
6074,25.703621369,-80.3591163217,1400000.0,33323.0,6005.0,99616.0,5377.9,33731.2,18409.6,60774.7,15925.8,5568.9,0.0,0.0,1.0,5.0
6088,25.7080408893,-80.3668067042,330000.0,8500.0,1821.0,9582.0,8428.5,36730.2,19525.2,62454.0,18908.7,5356.9,44.0,0.0,3.0,4.0
6102,25.7098254952,-80.3662858051,450000.0,15589.0,3580.0,3006.0,8684.8,36811.2,19005.7,62016.3,18986.2,5518.5,36.0,0.0,2.0,4.0
6136,25.7147881135,-80.3766074003,305000.0,9375.0,880.0,10038.0,12476.1,40672.2,21190.7,64532.0,22848.4,2214.9,6.0,0.0,10.0,4.0
6143,25.717500513,-80.3512390787,310000.0,9563.0,1225.0,2118.0,5937.1,33566.5,13342.7,56382.6,16265.2,6702.6,58.0,0.0,9.0,4.0
6171,25.7163520772,-80.3716903094,225000.0,7500.0,1280.0,0.0,11589.5,39452.5,19484.9,62819.4,21653.3,3849.8,59.0,0.0,8.0,2.0
6191,25.7193350867,-80.3763813465,280000.0,8000.0,1202.0,1120.0,13468.3,41311.2,20505.5,63900.4,23521.2,2398.8,59.0,0.0,6.0,2.0
6226,25.724741373,-80.3759164173,279900.0,7500.0,1320.0,568.0,14382.2,41895.0,19018.1,63139.4,24387.9,2471.8,61.0,0.0,7.0,2.0
6267,25.7330917915,-80.3583561052,320000.0,7500.0,1989.0,2114.0,11496.0,36625.0,12986.2,56737.4,21906.7,8446.8,62.0,0.0,9.0,4.0
6308,25.737949551,-80.3708692459,490000.0,10275.0,3306.0,518.0,15617.5,41014.7,14557.6,60263.1,26040.0,4395.9,38.0,0.0,3.0,4.0
6311,25.7382459822,-80.3392353432,305000.0,5250.0,1287.0,3697.0,8922.5,30965.9,7082.0,50179.8,19945.9,6477.5,19.0,0.0,4.0,4.0
6358,25.7421975686,-80.3639283125,385000.0,11200.0,1832.0,38986.0,14585.2,39141.1,11802.2,57666.0,25589.5,6695.1,59.0,0.0,9.0,4.0
6376,25.7435774909,-80.3447218455,235000.0,9064.0,1485.0,1952.0,10955.6,33255.5,7451.9,51414.0,22476.6,8176.6,56.0,0.0,4.0,4.0
6394,25.7452004496,-80.3790311475,225000.0,4069.0,1355.0,0.0,13465.8,44241.9,15560.5,62345.0,29816.9,1805.2,31.0,0.0,1.0,4.0
6401,25.7456367883,-80.3637585408,320000.0,4000.0,1261.0,0.0,13324.6,39476.7,11054.1,57399.7,26541.4,6845.9,3.0,0.0,12.0,4.0
6416,25.7486132483,-80.3396614783,382000.0,7500.0,2224.0,8283.0,9185.1,32353.7,5179.5,49384.5,23468.0,6468.5,58.0,0.0,12.0,4.0
6425,25.7495845151,-80.3287211502,237000.0,8075.0,1647.0,2366.0,5576.6,29220.9,3004.4,45784.6,22741.6,2861.0,47.0,0.0,11.0,4.0
6428,25.7498089775,-80.3659944758,278600.0,3000.0,1420.0,0.0,11834.2,40637.4,10959.2,57836.8,28204.2,6149.6,16.0,0.0,8.0,5.0
6496,25.7563645499,-80.3280733006,335000.0,7500.0,1674.0,493.0,5507.2,30213.8,2277.7,45113.2,22927.0,2436.5,58.0,0.0,2.0,4.0
6507,25.7581145935,-80.3445767343,360000.0,7854.0,1757.0,4943.0,8795.5,35283.7,3281.7,50401.3,27265.3,7739.2,57.0,0.0,8.0,4.0
6513,25.758573724,-80.3508050203,435000.0,7875.0,1800.0,58497.0,8635.3,37189.3,5123.7,52402.6,28258.3,8185.2,48.0,0.0,1.0,4.0
6522,25.7600505782,-80.349916842,405000.0,11004.0,2380.0,165.0,8077.6,37153.8,4709.3,52040.3,28608.0,7626.1,43.0,0.0,11.0,4.0
6525,25.7604098917,-80.3600687947,354900.0,8080.0,1503.0,4237.0,7971.1,40226.0,8007.1,55350.2,30275.9,7471.9,53.0,0.0,12.0,4.0
6545,25.7629813666,-80.3631300315,345000.0,8890.0,1255.0,34043.0,7007.6,41538.9,8993.1,56282.6,31583.4,6418.6,43.0,0.0,12.0,4.0
6550,25.763325757,-80.327839197,299000.0,9400.0,1605.0,2674.0,6017.2,31508.6,103.6,44694.9,23256.1,2329.1,57.0,0.0,9.0,4.0
6551,25.7633598008,-80.3375431382,329000.0,3720.0,1796.0,0.0,6978.6,34214.0,619.7,47887.2,26406.4,5499.1,29.0,0.0,5.0,5.0
6559,25.7638913011,-80.359560702,300000.0,7950.0,2206.0,0.0,6709.7,40626.3,7817.9,55067.8,31296.8,6215.2,34.0,0.0,8.0,4.0
6565,25.7640446177,-80.3824068912,193000.0,4390.0,1336.0,1745.0,6624.2,47520.9,15365.0,62588.0,35606.1,936.5,35.0,0.0,6.0,5.0
6593,25.7686616204,-80.3279182651,355000.0,9000.0,1891.0,4203.0,5645.0,32665.1,2051.9,44541.0,23760.2,2409.4,59.0,0.0,7.0,4.0
6613,25.7798396208,-80.3647647734,567500.0,5273.0,3093.0,3584.0,886.9,44976.7,11370.9,56612.6,36571.1,292.2,3.0,0.0,8.0,5.0
6646,25.8052390705,-80.3295115617,1125000.0,4730.0,3560.0,39265.0,3265.2,41254.7,3200.8,46148.8,30818.1,2717.1,0.0,0.0,2.0,5.0
6658,25.8060225455,-80.3304236024,1750000.0,8600.0,4201.0,34140.0,3610.5,41656.7,3579.1,46511.0,31221.0,3021.3,0.0,0.0,9.0,5.0
6696,25.8179080264,-80.3515316799,1050000.0,10269.0,3031.0,2482.0,11596.9,49698.4,11497.5,54310.3,39319.0,9838.9,36.0,0.0,3.0,5.0
6742,25.8336627937,-80.3814648588,1000000.0,9900.0,3285.0,25446.0,12020.6,60891.0,17855.7,65410.3,50589.1,1694.9,19.0,0.0,5.0,5.0
6747,25.8344465972,-80.368356094,1298000.0,5000.0,4082.0,1200.0,11764.2,57844.7,14911.5,61456.3,47432.0,6032.5,0.0,0.0,8.0,5.0
6772,25.838088039,-80.3836968349,380000.0,2848.0,2274.0,677.0,12180.0,62522.2,17110.7,66662.5,52188.9,1038.4,13.0,0.0,9.0,5.0
6781,25.8397839616,-80.3816987831,420000.0,2748.0,2166.0,4979.0,11446.3,62422.6,16221.6,66239.2,52055.6,1685.4,15.0,0.0,3.0,5.0
6799,25.8410675744,-80.3632212801,1200000.0,5625.0,4526.0,30105.0,8846.5,58288.4,11981.3,60746.6,47798.6,7777.8,0.0,0.0,3.0,5.0
6801,25.841074545,-80.3625905427,1150000.0,6194.0,4612.0,7690.0,8744.7,58145.5,11843.7,60559.0,47652.8,7965.3,0.0,0.0,6.0,5.0
6861,25.8426766426,-80.3610257248,890000.0,4800.0,3630.0,31545.0,8001.6,58204.9,11074.1,60316.0,47697.9,8528.8,0.0,0.0,9.0,5.0
6897,25.8514689469,-80.3637335281,535000.0,4156.0,2580.0,15420.0,5904.4,61130.6,9173.6,62457.2,50615.0,7748.6,0.0,0.0,9.0,5.0
6904,25.8514889914,-80.3628573339,625000.0,4493.0,2985.0,2490.0,5692.0,60932.3,8984.7,62199.3,50422.9,8035.1,0.0,0.0,9.0,5.0
6913,25.8519747499,-80.3576801467,629000.0,5000.0,3119.0,2396.0,4491.8,59878.7,7761.8,60749.1,49412.7,9737.3,3.0,0.0,3.0,5.0
6917,25.8522931949,-80.3629635324,623000.0,4000.0,2985.0,5434.0,5512.9,61168.9,8784.9,62348.1,50665.8,7976.7,1.0,0.0,3.0,5.0
6937,25.8541755156,-80.3612639841,550000.0,4826.0,2514.0,320.0,4636.5,61266.7,7891.6,62161.7,50789.4,8572.1,3.0,0.0,12.0,5.0
6963,25.8758262951,-80.2939176744,335000.0,8268.0,1780.0,2377.0,10416.7,54952.4,8234.2,49004.5,47274.0,9571.6,62.0,0.0,3.0,5.0
6967,25.8765538371,-80.2915840312,349000.0,8774.0,2001.0,23163.0,10162.1,54802.0,7460.0,48694.7,47353.6,10350.8,62.0,0.0,4.0,5.0
6996,25.8802584931,-80.310848992,440000.0,7725.0,2000.0,31037.0,10590.5,59321.1,9735.1,54054.4,50448.8,4080.6,16.0,0.0,9.0,4.0
7000,25.8808710485,-80.3196733837,325000.0,8000.0,2008.0,3759.0,9305.8,61171.2,8059.4,56333.0,51718.9,1186.5,52.0,0.0,10.0,4.0
7018,25.8860351258,-80.302041912,272500.0,7680.0,1999.0,23881.0,13566.4,59329.2,9447.1,53549.0,51557.0,7055.3,59.0,0.0,6.0,4.0
7022,25.8867083577,-80.3038157346,283000.0,9074.0,1786.0,2655.0,13771.1,59882.8,9776.9,54118.1,51958.2,6468.6,53.0,0.0,11.0,4.0
7035,25.8911142817,-80.3124463656,300000.0,7500.0,2224.0,12341.0,13489.8,62648.5,9050.6,57230.6,54354.6,3714.2,55.0,0.0,7.0,4.0
7043,25.893535147,-80.3096044912,355000.0,8025.0,1861.0,18022.0,14770.9,61688.4,7850.2,57237.6,54884.3,4696.6,24.0,0.0,3.0,4.0
7066,25.9080263556,-80.3128261786,411700.0,8400.0,2195.0,29904.0,17997.1,62685.4,4497.8,61920.6,60225.3,3817.8,45.0,0.0,5.0,5.0
7071,25.9139542393,-80.3036443182,620000.0,9703.0,2791.0,30659.0,15946.3,59783.8,939.3,61756.7,61496.9,3851.4,26.0,0.0,9.0,4.0
7084,25.9236853163,-80.3169274448,425000.0,8625.0,2297.0,37690.0,21456.9,64296.0,73.6,67204.5,66062.4,295.0,34.0,0.0,4.0,5.0
7094,25.9267339537,-80.3223488447,291000.0,5136.0,1399.0,6415.0,21403.9,66133.3,404.6,69183.5,67665.0,892.6,13.0,0.0,11.0,5.0
7119,25.9324834607,-80.2526672664,188000.0,8295.0,1379.0,1660.0,10291.5,43354.4,2943.7,59920.2,59920.2,2311.1,42.0,0.0,12.0,5.0
7129,25.9338665182,-80.2525502588,183000.0,7500.0,1375.0,2100.0,10709.3,43356.6,2873.5,60374.5,60374.5,2798.7,62.0,0.0,8.0,5.0
7134,25.9344023815,-80.2582381127,215000.0,8250.0,1336.0,855.0,11775.3,45236.5,2085.3,61188.3,61188.3,3103.6,30.0,0.0,11.0,5.0
7143,25.9364205042,-80.2559448903,217500.0,7500.0,1467.0,1320.0,12056.5,44538.1,2582.4,61625.4,61625.4,3811.2,39.0,0.0,12.0,5.0
7167,25.9310039101,-80.2371510135,129000.0,15723.0,1157.0,0.0,5551.1,38221.0,448.9,57906.5,57906.5,1551.3,62.0,0.0,3.0,4.0
7197,25.9379791347,-80.2141941719,208000.0,8056.0,1525.0,0.0,3594.3,30901.2,3989.3,59004.4,59004.4,1038.0,38.0,0.0,9.0,5.0
7206,25.9390264289,-80.2066851589,142200.0,8500.0,910.0,2099.0,1281.9,28448.7,6400.6,59143.3,59143.3,2524.5,45.0,0.0,12.0,5.0
7299,25.9587889781,-80.1590297952,520000.0,11160.0,2788.0,25328.0,3002.6,13216.8,972.6,59188.3,59188.3,2622.3,47.0,0.0,11.0,4.0
7309,25.9605073448,-80.1560987391,610000.0,12420.0,3610.0,968.0,2790.3,12239.3,569.3,58490.7,58490.7,3270.6,50.0,0.0,7.0,4.0
7318,25.9634564858,-80.1588351165,355000.0,11250.0,2158.0,32864.0,2493.9,13169.2,1972.5,57498.6,57498.6,2168.3,46.0,0.0,5.0,2.0
7321,25.9647608393,-80.1570852296,725000.0,11470.0,3178.0,28964.0,2990.6,12594.5,2046.2,56968.2,56968.2,2674.0,41.0,0.0,12.0,5.0
7331,25.9673035011,-80.1500015278,325000.0,8640.0,1710.0,385.0,739.3,10323.3,1385.4,55899.9,55899.9,4960.0,58.0,0.0,9.0,4.0
7352,25.9737915603,-80.1503927245,290000.0,7967.0,1528.0,2455.0,796.9,10545.2,3739.9,53549.9,53549.9,4979.4,58.0,0.0,5.0,2.0
7374,25.9562070256,-80.1787474566,228000.0,7500.0,1647.0,950.0,681.8,19671.6,1969.4,61081.4,61081.4,875.6,31.0,0.0,9.0,2.0
7381,25.957906808,-80.1814746491,265000.0,7650.0,1900.0,24626.0,1725.9,20572.5,2634.8,60664.6,60664.6,1923.9,21.0,0.0,4.0,2.0
7394,25.961710485,-80.1823784342,310000.0,4841.0,2079.0,16750.0,2993.6,20892.2,4037.7,59381.7,59381.7,3188.7,36.0,0.0,4.0,5.0
7418,25.9653594362,-80.1720422155,269000.0,7500.0,1931.0,1576.0,1762.8,17520.0,5286.2,57399.8,57399.8,2124.7,60.0,0.0,8.0,5.0
7429,25.9686562098,-80.1762874588,240000.0,8100.0,1512.0,385.0,3231.0,18965.4,6465.1,56480.6,56480.6,3565.4,36.0,0.0,11.0,5.0
7444,25.971634806,-80.181985244,180000.0,7500.0,1063.0,0.0,5077.4,20899.4,5955.9,55838.0,55838.0,5349.0,59.0,0.0,11.0,5.0
7456,25.9439041902,-80.2371020716,232000.0,7500.0,2044.0,488.0,8396.7,38535.1,3831.9,62472.9,62472.9,3547.9,40.0,0.0,7.0,4.0
7468,25.9451462854,-80.2364226142,229000.0,9030.0,1617.0,1100.0,8613.7,38356.3,4278.6,62846.5,62846.5,3162.9,57.0,0.0,7.0,4.0
7498,25.9486554763,-80.2083258873,194000.0,8475.0,1319.0,376.0,3903.4,29285.8,4068.2,62671.9,62671.9,5087.8,42.0,0.0,12.0,4.0
7512,25.9500795174,-80.2302126544,330000.0,12863.0,3330.0,3402.0,9270.7,36490.0,3865.2,64153.2,64153.2,638.3,35.0,0.0,12.0,4.0
7529,25.9526241613,-80.2112666899,153000.0,8250.0,1007.0,2908.0,5336.4,30327.3,2678.7,64193.4,64193.4,5339.9,42.0,0.0,7.0,4.0
7547,25.95475399,-80.2157826888,218000.0,7500.0,2193.0,460.0,7015.8,31817.9,1989.6,65090.2,65090.2,4252.0,60.0,0.0,5.0,4.0
7559,25.9563419143,-80.2177308044,218000.0,7750.0,1839.0,1269.0,7853.4,32472.1,1445.9,64797.2,64797.2,3667.9,39.0,0.0,8.0,4.0
7592,25.9623190795,-80.2345543434,210000.0,5000.0,1682.0,455.0,13625.6,38037.4,91.2,65198.6,65198.6,1699.8,11.0,0.0,6.0,2.0
7629,25.9644833359,-80.2094738464,225000.0,7500.0,1781.0,528.0,7951.3,29816.5,398.6,61038.7,61038.7,6467.1,54.0,0.0,8.0,4.0
7666,25.9298829132,-80.2625064553,228000.0,8250.0,1686.0,33384.0,11009.4,46555.0,2711.3,60175.3,60175.3,1486.0,61.0,0.0,6.0,5.0
7668,25.9302479988,-80.2711740716,220000.0,8340.0,1544.0,3184.0,12497.5,49393.8,1783.2,61450.1,61450.1,1748.8,38.0,0.0,3.0,5.0
7678,25.9312445917,-80.264684969,215000.0,9581.0,1582.0,0.0,11788.0,47281.8,2106.3,60909.3,60909.3,2013.5,61.0,0.0,9.0,5.0
7681,25.932017388,-80.2807148134,220000.0,7500.0,2055.0,5582.0,14602.1,52558.2,967.1,63399.4,63399.4,2392.6,58.0,0.0,3.0,4.0
7707,25.9370944837,-80.2778634087,215000.0,7500.0,1205.0,7647.0,15723.8,51732.8,714.8,64636.2,64636.2,4292.2,36.0,0.0,2.0,4.0
7713,25.937448667,-80.2868917381,210000.0,7500.0,1347.0,1493.0,17367.6,54708.0,140.3,66084.2,66084.2,4401.7,57.0,0.0,12.0,4.0
7730,25.9414731296,-80.2905011461,280000.0,4232.0,1837.0,0.0,19257.5,56017.6,1694.8,67943.3,67943.3,5897.9,19.0,0.0,7.0,4.0
7731,25.9414748017,-80.2705805525,217500.0,7500.0,1392.0,1265.0,15988.3,49457.8,1672.7,65097.9,65097.9,5814.9,38.0,0.0,8.0,5.0
7759,25.9434633628,-80.2631241222,127000.0,8229.0,1361.0,644.0,15207.8,47064.6,614.3,64848.4,64848.4,6429.3,52.0,0.0,3.0,5.0
7764,25.9437227227,-80.286239273,210000.0,5050.0,1694.0,0.0,19184.7,54634.8,2437.2,68023.7,68023.7,6697.0,24.0,0.0,5.0,4.0
7766,25.9439370118,-80.2676220147,238500.0,8162.0,1681.0,1704.0,16297.6,48548.1,710.3,65540.2,65540.2,6654.5,37.0,0.0,12.0,5.0
7809,25.9474052064,-80.2913958705,235000.0,3508.0,1606.0,1152.0,21226.5,56440.5,3872.6,70000.9,70000.9,8070.5,21.0,0.0,1.0,4.0
7857,25.9515567215,-80.2822796946,249000.0,9375.0,1962.0,5089.0,21031.6,53584.2,4704.1,69992.8,69992.8,7057.4,43.0,0.0,9.0,4.0
7866,25.9523120592,-80.272878392,215000.0,7500.0,2131.0,5206.0,19514.4,50527.5,2201.4,69011.2,69011.2,6897.3,45.0,0.0,1.0,5.0
7872,25.9528247431,-80.270300689,238000.0,10994.0,1273.0,9600.0,18886.6,49697.6,1337.7,68874.2,68874.2,6746.0,25.0,0.0,12.0,5.0
7919,25.9588635377,-80.2722698677,197000.0,8100.0,1045.0,2706.0,20645.4,50403.6,1265.4,71160.1,71160.1,4535.1,44.0,0.0,4.0,5.0
7974,25.9668799554,-80.2631468056,193000.0,7840.0,1157.0,4233.0,20313.1,47451.3,1621.0,68703.5,68703.5,1728.0,34.0,0.0,6.0,5.0
7975,25.9671166709,-80.2627293205,190000.0,8635.0,1157.0,6959.0,20284.9,47316.7,1710.7,68553.4,68553.4,1646.9,34.0,0.0,5.0,5.0
8029,25.6374648478,-80.4425871983,439000.0,8500.0,2599.0,32034.0,289.7,45438.4,32608.2,96537.6,46352.1,18867.7,19.0,0.0,10.0,4.0
8034,25.6554535004,-80.4398444461,373000.0,4750.0,2117.0,3374.0,6121.8,46441.1,35667.8,92497.6,43301.5,17737.1,1.0,0.0,7.0,4.0
8050,25.6570833658,-80.4446053743,345000.0,5000.0,2178.0,0.0,6755.4,48116.1,37251.5,93602.4,44656.9,19112.2,4.0,0.0,2.0,4.0
8055,25.6577804897,-80.4476158805,382000.0,5000.0,2623.0,0.0,7037.0,49136.3,38181.9,94365.0,45553.8,20020.1,5.0,0.0,11.0,4.0
8056,25.6577866342,-80.4439784349,410000.0,6660.0,3116.0,0.0,6999.1,47997.0,37247.0,93292.9,44385.4,18844.7,14.0,0.0,11.0,4.0
8066,25.6588338921,-80.4458502114,450000.0,8525.0,2924.0,32319.0,7393.9,48695.5,37955.9,93654.5,44879.7,19354.3,19.0,0.0,7.0,4.0
8079,25.6615904611,-80.4445579144,315000.0,7500.0,2650.0,23503.0,8404.7,48636.2,38287.9,92820.0,44229.6,18748.2,23.0,0.0,5.0,4.0
8082,25.6621789404,-80.4454773857,450000.0,9238.0,3627.0,28637.0,8603.0,48996.4,38648.6,92998.2,44487.5,19025.0,18.0,0.0,3.0,4.0
8100,25.5690801647,-80.4059852874,375000.0,16505.0,3182.0,3485.0,9046.1,28404.4,10205.6,103006.7,52941.8,13905.9,3.0,0.0,2.0,2.0
8108,25.5703573229,-80.3938531014,253000.0,8676.0,1655.0,10536.0,5038.9,25278.3,6194.6,100016.9,50391.3,9896.1,19.0,0.0,12.0,2.0
8114,25.5705717068,-80.385730876,119000.0,4500.0,2352.0,948.0,2414.6,23196.8,3565.0,98205.5,48966.4,7297.2,26.0,0.0,9.0,2.0
8134,25.5714216709,-80.4031857185,447000.0,16309.0,3199.0,2240.0,8127.4,28039.0,9279.6,101755.6,51718.2,12763.2,0.0,0.0,8.0,2.0
8144,25.5718828644,-80.404140869,436017.0,15365.0,3073.0,2240.0,8472.1,28399.3,9622.3,101846.6,51756.6,13017.0,0.0,0.0,8.0,2.0
8146,25.57191503,-80.4044401048,447000.0,13303.0,3199.0,2240.0,8570.9,28492.2,9720.9,101913.6,51813.3,13109.1,0.0,0.0,10.0,2.0
8161,25.5726044752,-80.3869426997,205000.0,3984.0,1290.0,0.0,2968.3,23974.3,4056.2,97906.6,48523.6,7540.4,4.0,0.0,12.0,2.0
8175,25.5732468089,-80.3875366061,189500.0,3750.0,1217.0,0.0,3236.5,24277.6,4302.2,97861.3,48423.2,7692.6,10.0,0.0,4.0,2.0
8206,25.5758532225,-80.3783863002,186000.0,9719.0,1238.0,4545.0,1545.4,22598.8,2316.9,95163.0,46118.0,4527.7,54.0,0.0,1.0,2.0
8215,25.577224549,-80.377178372,250000.0,8625.0,1534.0,3308.0,1933.4,22644.4,2623.8,94523.9,45493.7,3998.9,15.0,0.0,8.0,2.0
8221,25.5777141135,-80.4028800063,315000.0,7500.0,2468.0,0.0,8516.6,29256.0,9583.1,100049.5,49825.3,11705.4,9.0,0.0,4.0,2.0
8231,25.5782806277,-80.3716160698,181000.0,8250.0,1609.0,1708.0,2793.3,21178.7,2944.6,93086.4,44341.3,2145.3,27.0,0.0,4.0,2.0
8234,25.578605226,-80.37561894,200000.0,10000.0,1074.0,3833.0,2420.3,22475.7,3018.1,93800.6,44799.9,3343.2,25.0,0.0,6.0,2.0
8242,25.5794977718,-80.3930640005,150500.0,4800.0,1153.0,0.0,5937.1,27124.2,6843.3,97372.3,47452.9,8721.1,31.0,0.0,8.0,2.0
8255,25.5807307211,-80.3725349513,120000.0,10370.0,2048.0,2887.0,3422.0,21371.7,3351.9,92559.7,43659.0,2120.7,39.0,0.0,5.0,2.0
8317,25.5886814872,-80.4014261923,315000.0,15561.0,1979.0,28508.0,9859.1,30582.4,10975.2,96841.9,46341.9,9085.4,22.0,0.0,5.0,2.0
8336,25.5908696306,-80.404986302,551000.0,18010.0,4158.0,32327.0,8471.2,31692.6,12370.4,97113.9,46464.5,9830.4,9.0,0.0,5.0,2.0
8358,25.5943620386,-80.4070001441,465000.0,14990.0,2870.0,39784.0,7162.6,32292.4,13685.4,96725.8,45955.8,10046.5,11.0,0.0,9.0,2.0
8364,25.5947196181,-80.3875853991,270000.0,7575.0,2665.0,9466.0,8820.0,25921.0,9381.7,92099.9,41859.8,4051.4,43.0,0.0,12.0,2.0
8378,25.5956197045,-80.4055753166,515000.0,16008.0,3780.0,27862.0,7238.0,31799.1,13645.1,96061.1,45293.4,9458.1,11.0,0.0,11.0,2.0
8381,25.5961448303,-80.3966149373,220000.0,7575.0,1472.0,32651.0,7285.0,28888.8,11798.0,93830.4,43256.2,6609.6,18.0,0.0,5.0,2.0
8392,25.5968886758,-80.386502967,210000.0,7676.0,1499.0,6304.0,8341.7,25555.3,9476.7,91288.4,41014.3,3396.7,30.0,0.0,12.0,2.0
8397,25.5149373393,-80.4999187863,370000.0,48787.0,2578.0,32361.0,3180.4,52911.0,20226.2,138743.1,87896.1,22570.1,24.0,0.0,3.0,4.0
8430,25.5531561486,-80.4421915738,500000.0,21000.0,3847.0,10329.0,8148.0,37497.0,22936.6,115459.6,64846.5,17572.9,11.0,0.0,12.0,4.0
8438,25.5670764575,-80.5008968846,277200.0,34848.0,2781.0,4498.0,8977.3,57481.6,30641.1,126790.1,75776.8,35371.3,29.0,0.0,7.0,4.0
8447,25.557035996,-80.3993018912,436700.0,15000.0,3689.0,4040.0,8232.1,24493.4,9248.1,104834.3,55437.0,10548.9,0.0,0.0,6.0,2.0
8526,25.5392354634,-80.3755989625,245000.0,6000.0,1641.0,1788.0,11088.5,15011.0,7990.1,105194.7,57913.4,2710.5,13.0,0.0,9.0,2.0
8593,25.5472072939,-80.3831604872,331000.0,5135.0,2552.0,330.0,8319.4,18265.2,8358.8,104331.5,56215.6,6043.2,0.0,0.0,10.0,2.0
8594,25.5473362546,-80.3830966956,325000.0,5135.0,2605.0,110.0,8267.1,18259.9,8322.4,104283.8,56161.6,6083.6,0.0,0.0,8.0,2.0
8625,25.550581993,-80.3826487615,370000.0,5000.0,3293.0,2110.0,7065.8,18560.0,7445.7,103232.7,54998.2,6551.1,0.0,0.0,6.0,2.0
8635,25.5508548608,-80.3828023929,374200.0,5000.0,3293.0,2110.0,6978.7,18645.4,7370.2,103184.4,54929.0,6605.0,0.0,0.0,8.0,2.0
8688,25.5540566575,-80.3806729134,259000.0,6000.0,1735.0,198.0,5712.6,18501.1,6037.5,101830.5,53577.0,5908.1,0.0,0.0,7.0,4.0
8707,25.5597860727,-80.3830756652,85000.0,9130.0,939.0,2028.0,3894.3,20205.7,4532.1,100677.3,52033.6,6662.6,56.0,0.0,9.0,2.0
8720,25.5399319885,-80.3651892338,245000.0,5300.0,2050.0,0.0,11629.9,11801.2,5915.8,103058.7,56549.1,309.2,11.0,0.0,6.0,2.0
8733,25.5436985781,-80.3697769623,255000.0,5750.0,1859.0,3053.0,9855.4,13670.4,5510.0,102772.6,55745.2,2196.6,11.0,0.0,6.0,2.0
8739,25.5446120036,-80.3669657268,290000.0,5800.0,2311.0,4233.0,9847.4,12944.3,4690.4,101976.7,55128.6,1357.7,10.0,0.0,3.0,2.0
8761,25.554079647,-80.3622345946,310000.0,7107.0,2600.0,3600.0,7747.1,13403.7,1061.9,98246.3,51363.1,93.9,4.0,0.0,9.0,2.0
8762,25.5541095156,-80.3668162837,230000.0,5000.0,1871.0,0.0,6790.5,14602.0,2436.1,99101.7,51831.8,1344.6,10.0,0.0,6.0,2.0
8796,25.5567580761,-80.3429285537,259000.0,5050.0,1913.0,0.0,12278.2,9557.3,3036.0,93967.5,48808.8,6465.3,10.0,0.0,4.0,2.0
8810,25.5573252145,-80.3714890326,321000.0,6000.0,2415.0,760.0,5007.1,16536.6,3833.3,99062.0,51294.6,2863.2,0.0,0.0,8.0,4.0
8834,25.5578766179,-80.3686638695,268400.0,7200.0,1779.0,9030.0,5323.8,15903.0,2868.8,98348.0,50775.5,1898.7,0.0,0.0,3.0,4.0
8837,25.5580329701,-80.3699530324,264000.0,6157.0,1734.0,2781.0,5041.3,16280.4,3258.6,98558.0,50878.8,2333.5,1.0,0.0,1.0,4.0
8863,25.560253997,-80.3533598262,203800.0,3600.0,1699.0,0.0,8646.8,12765.2,1873.2,94762.0,48376.6,3050.4,27.0,0.0,2.0,4.0
8873,25.5607328687,-80.3519965678,231500.0,3385.0,1395.0,0.0,8967.4,12606.1,2265.7,94373.1,48091.8,3507.2,5.0,0.0,9.0,4.0
8876,25.560787843,-80.3342436043,270000.0,5046.0,1917.0,388.0,14441.2,8383.2,5826.1,91218.9,46845.3,9369.6,7.0,0.0,10.0,2.0
8893,25.5618485356,-80.3552551594,210000.0,2906.0,1354.0,0.0,7851.6,13626.9,1481.8,94637.1,47986.4,2445.3,8.0,0.0,8.0,4.0
8911,25.5635001727,-80.3339949655,225000.0,5112.0,1917.0,0.0,14284.3,8624.4,6814.9,90329.2,45857.6,9459.2,12.0,0.0,3.0,2.0
8930,25.5648547665,-80.3554671467,277500.0,7635.0,1686.0,0.0,7309.5,14478.0,1716.8,93756.1,46951.7,2366.2,4.0,0.0,10.0,4.0
8932,25.5649935889,-80.3345103247,250000.0,4891.0,1260.0,20750.0,13981.5,8830.2,6999.6,89957.9,45370.7,9257.7,5.0,0.0,6.0,4.0
8937,25.5653069511,-80.3515978702,195000.0,3200.0,1425.0,0.0,8485.9,13787.9,3015.3,92919.7,46452.6,3649.9,16.0,0.0,2.0,4.0
8941,25.5654726451,-80.3383702481,255000.0,3383.0,2252.0,0.0,12734.7,10151.9,6174.6,90486.9,45404.9,8028.7,16.0,0.0,3.0,4.0
8946,25.5658896175,-80.3371409943,250000.0,4699.0,1461.0,0.0,13082.1,9748.5,6558.8,90138.0,45189.7,8407.2,2.0,0.0,11.0,4.0
8976,25.5684691266,-80.3347439151,372000.0,9618.0,2597.0,0.0,13723.3,9179.5,7757.7,88878.7,44079.6,9168.2,14.0,0.0,12.0,4.0
8983,25.5695443802,-80.344984464,290000.0,7994.0,1863.0,21931.0,10361.1,12554.2,5329.3,90403.0,44388.5,5837.4,15.0,0.0,2.0,4.0
9016,25.5714347653,-80.3400859206,280000.0,5000.0,2056.0,0.0,11938.7,11157.0,6455.1,88955.3,43388.3,7464.3,8.0,0.0,10.0,4.0
9049,25.5739441063,-80.3579731704,220000.0,7802.0,1137.0,0.0,6081.7,17071.7,754.4,91553.0,44075.3,1749.3,7.0,0.0,3.0,2.0
9059,25.5743179637,-80.3631347193,174000.0,4192.0,1193.0,0.0,4429.7,18700.4,575.7,92473.9,44550.2,168.0,22.0,0.0,5.0,4.0
9070,25.5748728935,-80.3391407625,320000.0,5000.0,2354.0,0.0,12297.7,10991.9,5652.1,87739.3,42102.4,7897.6,12.0,0.0,6.0,2.0
9074,25.5750499822,-80.3338269175,380000.0,6300.0,3096.0,0.0,14066.1,9278.9,6915.6,86722.6,41698.7,9656.9,11.0,0.0,9.0,2.0
9101,25.5768464247,-80.3266213292,362000.0,8925.0,2238.0,29208.0,16458.2,6794.6,4975.6,84903.6,40722.3,12070.6,13.0,0.0,3.0,2.0
9112,25.5775390895,-80.346798896,287000.0,8250.0,1505.0,24506.0,9943.5,13193.9,3437.0,88348.4,41717.1,5665.9,16.0,0.0,9.0,2.0
9121,25.5781904614,-80.3400861369,230000.0,10318.0,1418.0,0.0,12143.8,10975.4,4567.2,86888.2,40966.4,7839.4,22.0,0.0,11.0,2.0
9124,25.5783321807,-80.3230289793,358000.0,8925.0,2341.0,24103.0,17722.9,5546.7,3696.0,83839.0,40087.5,13350.3,18.0,0.0,10.0,2.0
9141,25.5792111583,-80.3306723431,295000.0,6055.0,2461.0,0.0,15275.1,7901.8,5813.4,84893.4,40041.5,10950.6,23.0,0.0,12.0,4.0
9159,25.5812096174,-80.3337134573,294000.0,8250.0,1359.0,18957.0,14448.0,8697.8,5906.2,84813.5,39479.7,10176.6,10.0,0.0,8.0,4.0
9180,25.5825952048,-80.3259426514,335000.0,8925.0,2010.0,43967.0,17039.5,6068.3,3981.4,83033.6,38627.2,12762.5,23.0,0.0,4.0,2.0
9187,25.5828841381,-80.3521081005,270000.0,9723.0,1549.0,16402.0,8913.5,14582.4,1228.7,87805.0,40366.9,4379.8,16.0,0.0,11.0,2.0
9196,25.5834011119,-80.3329414391,315000.0,8798.0,2474.0,32709.0,14888.9,8303.0,5718.2,84014.5,38667.3,10589.7,44.0,0.0,6.0,4.0
9209,25.5841596716,-80.3315729489,275000.0,10400.0,2090.0,5722.0,15384.8,7809.4,5781.4,83527.1,38318.3,11067.9,43.0,0.0,6.0,4.0
9212,25.5843631666,-80.3254513691,325000.0,7740.0,2228.0,158.0,16955.9,5797.6,3759.8,82401.6,37968.6,13070.3,11.0,0.0,10.0,2.0
9270,25.5872401756,-80.3462990765,225000.0,11744.0,1083.0,2765.0,11333.9,12569.3,1435.1,85357.9,38264.7,6665.5,18.0,0.0,7.0,2.0
9278,25.5878904542,-80.3184963202,425000.0,6594.0,2905.0,0.0,16652.6,3411.9,1925.9,80092.4,36526.1,15587.2,11.0,0.0,4.0,2.0
9296,25.5898388773,-80.3441691239,302500.0,8250.0,1985.0,26366.0,12434.8,11821.0,1401.1,84198.3,37177.1,7671.5,32.0,0.0,8.0,4.0
9297,25.5898662518,-80.3416234588,250000.0,8525.0,1593.0,18820.0,13163.1,10978.3,2220.3,83707.8,36957.5,8464.5,54.0,0.0,2.0,4.0
9300,25.5899445151,-80.3346473551,299500.0,7800.0,1850.0,1362.0,14277.1,8682.2,4501.8,82348.8,36414.3,10638.8,17.0,0.0,8.0,4.0
9302,25.5901130325,-80.3143609812,450000.0,7082.0,2905.0,50689.0,16621.7,2040.3,1975.5,78699.7,35679.3,17094.8,11.0,0.0,12.0,2.0
9320,25.5914689805,-80.3382320691,293000.0,8250.0,1694.0,29108.0,13585.3,9788.0,3285.0,82582.5,36116.0,9697.1,28.0,0.0,6.0,4.0
9325,25.5918422707,-80.3367032805,333000.0,10625.0,2433.0,6041.0,13487.1,9273.1,3810.1,82177.2,35864.2,10236.2,36.0,0.0,6.0,4.0
9358,25.5947886694,-80.3537223925,295000.0,8250.0,1795.0,1659.0,11167.4,14742.6,502.7,84705.6,36499.8,5176.5,13.0,0.0,8.0,4.0
9368,25.5956648376,-80.32416081,439000.0,15625.0,2457.0,23556.0,13272.4,4994.3,4890.6,78682.2,33836.1,14566.1,10.0,0.0,5.0,4.0
9383,25.5966908848,-80.3410091876,375000.0,11495.0,2932.0,29439.0,11650.5,10528.6,2476.2,81573.8,34495.3,9391.8,45.0,0.0,9.0,4.0
9386,25.597209279,-80.3373995253,310000.0,7800.0,1573.0,33002.0,11535.7,9352.6,3670.9,80742.5,34029.1,10594.3,19.0,0.0,6.0,4.0
9393,25.5975673753,-80.3205695462,645000.0,17519.0,3947.0,55583.0,13215.9,3801.1,3627.3,77444.0,33043.2,15906.4,11.0,0.0,2.0,4.0
9425,25.5036151653,-80.4059549677,270000.0,6905.0,2581.0,2587.0,25654.0,21737.0,14838.1,121541.6,73716.4,3212.1,9.0,0.0,9.0,2.0
9445,25.5059418186,-80.4001029376,295000.0,6000.0,2115.0,1200.0,24240.8,19873.9,13395.4,119747.8,72173.1,3928.1,0.0,0.0,11.0,4.0
9481,25.5068637349,-80.3995923796,274000.0,6606.0,1932.0,7345.0,23854.4,19760.8,13404.2,119367.7,71784.7,3836.1,0.0,0.0,9.0,4.0
9482,25.5068694333,-80.4005527903,292100.0,8383.0,2115.0,3070.0,23948.2,20063.5,13673.5,119544.8,71908.7,3580.6,0.0,0.0,8.0,4.0
9521,25.5154562857,-80.3876462358,152000.0,4033.0,1612.0,1818.0,19948.3,16644.5,12302.9,114583.7,67424.2,4867.6,28.0,0.0,2.0,2.0
9532,25.5169486437,-80.3850130176,152000.0,5000.0,1917.0,3160.0,19275.5,16033.7,12192.9,113636.8,66590.1,4523.4,27.0,0.0,11.0,2.0
9546,25.5197509245,-80.3902623676,205000.0,9144.0,1685.0,45761.0,18521.8,18006.4,14021.6,113745.6,66252.2,3165.1,40.0,0.0,7.0,2.0
9588,25.5229974537,-80.3973823817,208000.0,7500.0,1481.0,1037.0,18071.1,20634.8,16466.1,114171.2,66138.0,631.7,41.0,0.0,8.0,2.0
9597,25.5234374857,-80.4123450234,125000.0,3000.0,1418.0,460.0,20187.8,25284.7,20233.7,117038.6,68222.4,3150.2,10.0,0.0,2.0,2.0
9605,25.5235691465,-80.400598978,185000.0,7500.0,1507.0,7300.0,18269.2,21685.4,17346.5,114646.5,66400.0,198.1,22.0,0.0,8.0,2.0
9612,25.5241621202,-80.397612089,190000.0,10014.0,1516.0,30532.0,17689.9,20827.7,16816.2,113864.4,65774.5,293.6,41.0,0.0,4.0,2.0
9645,25.5275860693,-80.4058740871,170000.0,7501.0,1800.0,285.0,17754.4,23788.8,18386.2,114518.4,65864.9,2464.8,31.0,0.0,11.0,2.0
9648,25.527817763,-80.3978971541,245300.0,5721.0,2017.0,2480.0,16510.0,21257.6,16213.4,112868.3,64630.5,586.1,0.0,0.0,12.0,2.0
9661,25.5290255937,-80.3990990426,198000.0,4500.0,1380.0,0.0,16262.1,21771.6,16270.1,112757.0,64402.4,1179.3,11.0,0.0,7.0,2.0
9664,25.5294110478,-80.4059314991,205800.0,8135.0,1871.0,3648.0,17196.0,23976.9,17889.6,114005.7,65285.7,2903.3,30.0,0.0,5.0,2.0
9671,25.5304348516,-80.3960627466,178500.0,9724.0,1461.0,11592.0,15384.1,20916.8,15138.1,111729.4,63496.0,1050.8,41.0,0.0,4.0,2.0
9698,25.531543791,-80.4112582111,210000.0,5470.0,1970.0,0.0,17573.1,25859.1,18359.6,114498.9,65460.0,4752.4,10.0,0.0,8.0,2.0
9706,25.5317111406,-80.3900581748,304000.0,9075.0,2304.0,47731.0,14310.5,19177.9,13307.7,110181.1,62251.9,961.1,12.0,0.0,5.0,2.0
9719,25.5319536812,-80.3822370083,315000.0,5000.0,2172.0,2160.0,13778.6,16724.2,11427.3,108626.8,61188.2,560.3,0.0,0.0,10.0,4.0
9738,25.5322515706,-80.381937367,320000.0,5000.0,2120.0,6720.0,13662.1,16634.8,11280.7,108481.4,61051.0,647.6,0.0,0.0,11.0,4.0
9771,25.532925635,-80.3840037807,295000.0,5954.0,2065.0,2480.0,13486.2,17335.7,11562.3,108669.5,61073.6,1015.8,1.0,0.0,3.0,4.0
9773,25.5331401432,-80.4073024068,225000.0,8083.0,1809.0,4401.0,16317.3,24744.6,17070.0,113218.9,64308.8,4117.2,11.0,0.0,5.0,2.0
9775,25.5331977921,-80.3947218572,184500.0,3825.0,1597.0,3296.0,14300.9,20841.6,14216.1,110681.7,62414.5,1830.7,12.0,0.0,1.0,2.0
9802,25.5339796418,-80.3864037911,255000.0,5500.0,2259.0,2174.0,13224.9,18181.3,11875.7,108816.3,61017.6,1529.5,16.0,0.0,12.0,2.0
9824,25.5347367913,-80.3992605408,150000.0,4500.0,1292.0,640.0,14437.6,22411.8,15079.8,111144.0,62576.8,2947.9,22.0,0.0,2.0,2.0
9829,25.5350191291,-80.3916991911,239000.0,5290.0,2293.0,885.0,13335.6,19938.7,13005.7,109549.9,61394.3,2260.4,25.0,0.0,6.0,2.0
9866,25.5005282698,-80.4208163736,160000.0,8059.0,1610.0,4930.0,22353.5,26587.8,18553.8,125332.0,76869.6,1141.2,26.0,0.0,2.0,2.0
9871,25.5015117476,-80.425937722,160000.0,7500.0,2279.0,3650.0,21048.3,28292.0,20149.8,126063.7,77341.0,2859.2,41.0,0.0,1.0,2.0
9872,25.5015540203,-80.4232145084,167000.0,8268.0,1489.0,784.0,21885.9,27394.2,19414.9,125504.1,76898.7,1963.6,29.0,0.0,6.0,2.0
9879,25.5020386058,-80.4134207253,198000.0,7500.0,1822.0,3046.0,24736.4,24166.6,16990.9,123441.5,75282.2,1164.4,25.0,0.0,4.0,2.0
9880,25.5022745612,-80.4234638542,140000.0,8268.0,1186.0,1280.0,21866.3,27484.1,19635.1,125347.3,76708.5,2063.3,51.0,0.0,9.0,2.0
9884,25.5027222915,-80.4133972136,190000.0,7500.0,1955.0,2718.0,24874.8,24179.8,17078.0,123237.7,75054.8,1164.6,25.0,0.0,2.0,2.0
9901,25.5090563342,-80.4201578843,269000.0,6250.0,3642.0,0.0,22995.2,26595.7,19925.7,122725.5,74016.5,1557.0,10.0,0.0,3.0,2.0
9913,25.5119485797,-80.4201123641,251000.0,5477.0,2658.0,0.0,23018.4,26735.0,20314.9,121893.4,73096.6,2121.6,10.0,0.0,7.0,2.0
9921,25.5129462343,-80.4184273979,215000.0,4167.0,2676.0,0.0,23552.0,26227.3,19949.9,121295.6,72544.6,1944.7,10.0,0.0,1.0,2.0
9926,25.5158959831,-80.4272723687,200000.0,13200.0,1853.0,4954.0,20641.4,29281.9,23023.6,122216.2,73002.3,4843.9,39.0,0.0,8.0,2.0
9933,25.5177271919,-80.423270923,166500.0,11200.0,1459.0,5697.0,21642.8,28141.2,22136.4,120873.3,71762.3,4283.4,41.0,0.0,3.0,2.0
9959,25.4976957004,-80.4413187323,120000.0,7500.0,1308.0,2607.0,15957.2,33366.4,23938.2,130286.3,81071.3,6374.7,48.0,0.0,3.0,2.0
9964,25.4630687148,-80.4348191915,213000.0,6323.0,1918.0,2247.0,14576.3,31219.8,19729.1,139072.9,91104.2,5115.0,16.0,0.0,2.0,2.0
9965,25.4630746733,-80.4331127599,235000.0,6254.0,2388.0,3397.0,15134.7,30658.4,19166.0,138750.3,90857.8,5428.4,14.0,0.0,6.0,2.0
9969,25.4632288028,-80.4589461354,212000.0,8222.0,2028.0,2893.0,6720.9,39134.5,27668.2,143730.8,94815.1,337.5,11.0,0.0,5.0,2.0
10073,25.464959395,-80.4508149308,210000.0,8988.0,1730.0,691.0,9227.9,36403.7,24988.3,141602.4,92933.8,1452.8,18.0,0.0,4.0,2.0
10087,25.4651327074,-80.4446999964,120000.0,3604.0,1342.0,0.0,11262.4,34423.4,23009.8,140373.5,91931.7,2645.4,26.0,0.0,4.0,2.0
10109,25.4654831964,-80.426315149,345900.0,4000.0,2944.0,550.0,17272.2,28338.8,16922.3,136773.4,89131.7,5979.2,0.0,0.0,11.0,2.0
10121,25.4656627894,-80.4529109111,294900.0,8902.0,1856.0,4708.0,8521.2,37088.8,25695.4,141824.2,93056.8,831.4,0.0,0.0,11.0,2.0
10132,25.4658753983,-80.4243139956,323800.0,8004.0,2578.0,6030.0,17906.8,27651.4,16253.2,136267.7,88712.7,6214.8,0.0,0.0,6.0,2.0
10168,25.4665434414,-80.4545249416,270000.0,10930.0,2264.0,0.0,7945.7,37577.6,26212.3,141893.1,93037.6,254.6,9.0,0.0,12.0,2.0
10196,25.469163156,-80.4446437043,260000.0,8291.0,2671.0,763.0,11170.2,34280.8,22946.5,139144.0,90597.9,1475.5,9.0,0.0,3.0,2.0
10224,25.4709252061,-80.4251499142,203000.0,5000.0,1924.0,0.0,17676.5,27877.9,16550.3,134913.7,87158.9,4549.6,4.0,0.0,12.0,2.0
10227,25.4710047625,-80.4322107856,327000.0,8280.0,3045.0,4020.0,15313.4,30180.1,18853.5,136212.5,88130.7,3222.1,9.0,0.0,12.0,2.0
10231,25.4711784624,-80.4278504982,250000.0,5000.0,2396.0,2352.0,16768.3,28742.5,17417.3,135350.6,87466.4,3979.6,4.0,0.0,9.0,2.0
10268,25.4727715367,-80.4303602906,215000.0,5793.0,1852.0,0.0,15994.4,29571.0,18260.2,135358.7,87304.7,3029.9,6.0,0.0,9.0,2.0
10289,25.4735852945,-80.4353667947,202500.0,8010.0,1957.0,288.0,14381.8,31223.4,19920.9,136060.9,87769.1,1848.8,10.0,0.0,2.0,2.0
10295,25.4737218215,-80.4418712584,249000.0,4000.0,2061.0,0.0,12294.4,33398.6,22095.2,137301.8,88733.4,609.8,3.0,0.0,10.0,2.0
10301,25.473827791,-80.432271151,250000.0,6000.0,2301.0,0.0,15406.4,30204.0,18906.4,135401.4,87238.1,2357.8,10.0,0.0,9.0,2.0
10336,25.4797989325,-80.4236029718,240000.0,6011.0,2237.0,2744.0,18606.1,27384.7,16344.1,131974.8,84029.7,2231.8,12.0,0.0,11.0,2.0
10344,25.4802330489,-80.4231330202,232000.0,6000.0,2237.0,6582.0,18794.2,27236.8,16222.8,131757.1,83820.7,2215.5,12.0,0.0,2.0,2.0
10345,25.4802407684,-80.4228287123,230000.0,6000.0,2190.0,1456.0,18893.1,27137.3,16125.8,131697.4,83775.2,2280.7,11.0,0.0,6.0,2.0
10349,25.4802708567,-80.4207085064,195000.0,3600.0,1465.0,0.0,19605.0,26469.5,15471.1,131290.7,83463.8,2756.1,11.0,0.0,11.0,2.0
10355,25.4809937586,-80.4223991197,225000.0,6000.0,2190.0,0.0,19095.9,27003.6,16048.4,131392.4,83467.5,2176.7,11.0,0.0,5.0,2.0
10368,25.4822167361,-80.4491797316,255900.0,6183.0,1856.0,0.0,10937.2,35863.2,24815.5,136310.9,87237.1,3186.2,7.0,0.0,8.0,4.0
10378,25.4826945331,-80.4493836479,265000.0,7249.0,1875.0,0.0,10956.6,35934.4,24909.3,136207.8,87113.1,3355.5,7.0,0.0,7.0,4.0
10442,25.4869589703,-80.4143192128,323000.0,5050.0,2477.0,370.0,22269.0,24376.5,14230.5,128087.1,80370.7,2448.7,0.0,0.0,12.0,4.0
10467,25.4879875758,-80.4405562905,175000.0,7875.0,1222.0,395.0,14424.7,32996.3,22482.9,132902.4,83990.0,3322.5,14.0,0.0,11.0,2.0
10498,25.4903535777,-80.4195012972,184000.0,3649.0,1494.0,0.0,21086.4,26063.5,16292.4,128093.2,80003.4,359.4,12.0,0.0,4.0,2.0
10521,25.4915322529,-80.4421184841,157000.0,8480.0,1314.0,3428.0,14679.3,33538.6,23367.7,132203.1,83130.7,4673.0,29.0,0.0,4.0,2.0
10531,25.4919946105,-80.4230907063,205000.0,8793.0,1245.0,3425.0,20219.8,27272.2,17610.3,128270.8,79968.0,769.0,13.0,0.0,12.0,2.0
10534,25.4921836124,-80.4173484332,196500.0,3600.0,1626.0,1999.0,22001.3,25408.2,15985.8,127119.0,79082.4,531.0,12.0,0.0,10.0,2.0
10545,25.4941677981,-80.4276364164,255000.0,7950.0,2617.0,8423.0,19247.6,28819.3,19309.7,128526.4,79954.2,2376.6,44.0,0.0,9.0,2.0
10553,25.4955740818,-80.4146479173,220000.0,5103.0,2624.0,499.0,23315.6,24603.9,15864.7,125588.8,77576.9,947.3,12.0,0.0,2.0,2.0
10572,25.4969831594,-80.4151481821,230000.0,5091.0,2624.0,1286.0,23383.0,24761.6,16292.9,125269.9,77187.4,731.2,13.0,0.0,11.0,2.0
10635,25.4700161458,-80.4959899623,200000.0,6000.0,1836.0,2376.0,1542.4,51246.9,21874.4,149645.2,99561.7,9247.2,9.0,0.0,2.0,2.0
10639,25.470285602,-80.4969015368,237000.0,6000.0,2212.0,0.0,1757.6,51546.2,21573.8,149773.1,99665.6,9544.1,9.0,0.0,5.0,2.0
10643,25.4706879255,-80.4985614249,250000.0,6000.0,2198.0,164.0,2221.1,52092.0,21026.4,150031.1,99882.5,10068.5,9.0,0.0,7.0,2.0
10647,25.4707011763,-80.4965450163,226000.0,6000.0,1734.0,2319.0,1589.2,51426.8,21691.7,149582.0,99474.1,9545.9,1.0,0.0,10.0,2.0
10676,25.4657110616,-80.4869869198,89500.0,4850.0,980.0,1343.0,743.4,48310.1,24437.0,148872.9,99080.8,5978.1,28.0,0.0,6.0,2.0
10703,25.4402124398,-80.4887809449,133000.0,5000.0,1687.0,0.0,8409.1,50110.9,23288.6,156393.2,107096.7,6235.0,22.0,0.0,2.0,2.0
10707,25.4414581925,-80.4488744013,405000.0,11700.0,2996.0,38817.0,13780.7,37209.1,24475.0,148149.9,100181.4,8631.8,14.0,0.0,4.0,2.0
10721,25.4449721593,-80.4855366916,180000.0,7500.0,1431.0,0.0,6795.8,48694.3,24338.2,154367.3,105059.0,4294.8,9.0,0.0,12.0,2.0
10749,25.4527710451,-80.4482649814,235000.0,6822.0,2289.0,0.0,11474.1,36092.5,24225.1,144686.4,96440.2,5497.0,12.0,0.0,7.0,2.0
10786,25.4564072018,-80.4488658647,265000.0,6419.0,1995.0,45511.0,10728.3,36089.4,24475.5,143723.2,95353.5,4330.6,11.0,0.0,7.0,2.0
10789,25.4566612838,-80.4443206431,195000.0,4259.0,1877.0,0.0,12060.9,34572.4,22952.2,142786.8,94595.4,5188.1,11.0,0.0,5.0,2.0
10814,25.4582189839,-80.4488760498,149000.0,4400.0,1543.0,0.0,10460.1,36018.1,24428.9,143211.2,94790.6,3804.6,12.0,0.0,10.0,2.0
10825,25.4586133455,-80.4552960941,220000.0,7500.0,2109.0,0.0,8438.2,38074.3,26503.6,144361.2,95685.9,2411.0,19.0,0.0,10.0,2.0
10836,25.4597224898,-80.4604938719,155000.0,3000.0,1200.0,0.0,6727.0,39754.4,28212.5,145074.9,96195.8,1067.3,16.0,0.0,10.0,2.0
10848,25.4618814334,-80.4595789291,145000.0,5229.0,1551.0,0.0,6682.2,39368.3,27867.6,144276.3,95366.4,611.4,33.0,0.0,5.0,2.0
10860,25.4691880068,-80.5253693024,339000.0,19443.0,3436.0,6052.0,11004.4,60905.3,12142.6,156457.5,105889.5,17662.0,9.0,0.0,2.0,2.0
10873,25.5412765874,-80.5291723808,450000.0,54450.0,6074.0,5215.0,12739.6,64032.0,17496.9,139855.2,88806.6,36016.8,20.0,0.0,4.0,4.0
10875,25.5447473459,-80.5421721039,475000.0,54450.0,4221.0,65405.0,17035.9,68432.7,16680.0,142499.7,91519.9,39633.5,33.0,0.0,3.0,4.0
10888,25.9322534288,-80.3051931894,240000.0,5017.0,1449.0,790.0,20057.7,60597.7,1383.0,67550.4,67550.4,2668.5,29.0,0.0,11.0,4.0
10894,25.9342107872,-80.3024008724,300000.0,5356.0,2924.0,18985.0,19835.0,59722.5,2125.3,67645.8,67645.8,3411.4,34.0,0.0,5.0,4.0
10930,25.9539134213,-80.3085540743,355000.0,7667.0,2252.0,6262.0,26443.2,62243.8,1233.8,74799.7,74799.7,6012.4,34.0,0.0,9.0,4.0
10962,25.9516183001,-80.3133758307,540000.0,11000.0,3124.0,29690.0,26838.1,63748.9,1870.0,74885.8,74885.8,6838.5,19.0,0.0,8.0,4.0
10971,25.9563736451,-80.3138957305,360000.0,20570.0,2507.0,19959.0,28226.3,64005.7,142.8,76436.7,76436.7,5111.2,44.0,0.0,2.0,4.0
11007,25.9372679519,-80.331778607,434000.0,10484.0,2198.0,10286.0,22948.2,69394.9,82.3,74093.6,72275.1,5706.9,40.0,0.0,9.0,4.0
11008,25.9373494395,-80.3307271302,390000.0,10279.0,2376.0,8148.0,23148.7,69055.6,237.1,73899.2,72190.0,5549.3,50.0,0.0,5.0,4.0
11049,25.9520888811,-80.3293944933,358600.0,4700.0,2199.0,3376.0,27775.1,69028.4,946.0,77963.6,77146.6,3845.5,15.0,0.0,4.0,4.0
11056,25.9527954521,-80.329964614,387000.0,5684.0,2372.0,0.0,27867.3,69234.5,1120.5,78275.8,77442.5,3523.8,11.0,0.0,8.0,4.0
11077,25.9554240606,-80.326997517,305000.0,5023.0,1646.0,0.0,29217.4,68336.7,83.7,78515.5,78088.2,3478.4,10.0,0.0,4.0,4.0
11084,25.9564111636,-80.3334659617,321500.0,4750.0,1869.0,1541.0,28315.0,70504.1,2222.3,80018.3,79051.2,1782.4,26.0,0.0,5.0,4.0
11091,25.9315987695,-80.3423705011,385000.0,7530.0,2408.0,34214.0,19261.0,72801.3,408.9,74735.4,71602.6,2544.9,18.0,0.0,7.0,4.0
11112,25.9384605658,-80.3451866975,395000.0,5004.0,2194.0,7831.0,20742.1,73862.7,1668.1,77235.5,74265.8,1734.8,10.0,0.0,3.0,4.0
11127,25.9449434508,-80.3351361158,260000.0,6031.0,1403.0,7311.0,24545.5,70712.7,1375.3,76981.7,75261.9,4478.9,27.0,0.0,4.0,4.0
11190,25.8921477611,-80.3604169506,650000.0,16929.0,3958.0,16129.0,4225.4,71711.8,6477.7,69235.2,61604.2,5038.1,14.0,0.0,11.0,4.0
11205,25.8940976268,-80.3523196717,260000.0,3385.0,1463.0,4967.0,6000.9,70828.9,6613.6,67623.3,60862.5,2632.2,20.0,0.0,12.0,5.0
11214,25.9181164719,-80.3304330801,695000.0,8250.0,3529.0,43497.0,17275.5,68680.7,1651.6,68459.8,65588.9,1707.5,16.0,0.0,8.0,4.0
11234,25.9219881279,-80.3283000818,395000.0,8772.0,2017.0,4915.0,18817.4,68011.0,1348.0,69065.4,66657.2,1130.0,17.0,0.0,6.0,4.0
11292,25.9040706771,-80.3423871513,349000.0,5009.0,1863.0,1779.0,10851.3,72175.8,7646.4,67541.0,62503.3,2040.3,17.0,0.0,9.0,4.0
11304,25.9068761809,-80.3470507503,365000.0,5205.0,2437.0,3632.0,10853.0,73820.0,7974.1,69356.5,64088.7,655.0,24.0,0.0,9.0,4.0
11314,25.9106001094,-80.3395840132,485000.0,13165.0,4284.0,27533.0,13275.1,71528.2,5443.7,68481.5,64182.5,3144.3,33.0,0.0,11.0,4.0
11356,25.8901439438,-80.338787074,285000.0,3200.0,1284.0,2442.0,8362.8,67217.2,6686.5,63288.8,57446.9,2959.6,16.0,0.0,11.0,5.0
11358,25.8901496597,-80.337617388,270000.0,3200.0,1284.0,2695.0,8552.7,67020.9,6933.5,63000.1,57274.1,2959.8,27.0,0.0,11.0,5.0
11364,25.8850215087,-80.3439593876,270000.0,3831.0,1747.0,2285.0,5855.7,66557.2,4167.7,63412.5,56627.5,4840.7,26.0,0.0,1.0,5.0
11367,25.886260998,-80.3472966529,284000.0,3402.0,1274.0,4784.0,5511.9,67536.7,4016.5,64560.1,57561.3,4504.1,15.0,0.0,10.0,5.0
11369,25.886268108,-80.3460993202,240000.0,3400.0,1403.0,786.0,5761.9,67318.6,4177.6,64250.5,57364.1,4433.6,24.0,0.0,5.0,5.0
11370,25.886508225,-80.3462383287,265000.0,3402.0,1419.0,2544.0,5799.3,67415.8,4235.8,64338.7,57461.9,4353.8,24.0,0.0,11.0,5.0
11389,25.8898153244,-80.3409872426,255000.0,2700.0,1283.0,260.0,7828.5,67496.3,6155.1,63764.5,57678.8,3076.0,18.0,0.0,11.0,5.0
11420,25.8728952935,-80.3369690758,249000.0,3300.0,1280.0,6799.0,3118.0,61619.5,2226.6,58928.3,51663.0,4553.8,29.0,0.0,2.0,5.0
11448,25.8778058896,-80.3463564326,260000.0,3011.0,1267.0,1955.0,3236.3,64831.1,1642.4,62465.9,54772.4,7499.7,22.0,0.0,10.0,5.0
11468,25.7748872936,-80.4099677097,345000.0,5726.0,2067.0,5456.0,2798.7,57385.9,24790.8,71455.4,44640.7,2445.5,28.0,0.0,10.0,4.0
11512,25.7801712931,-80.4016713811,310000.0,4200.0,1772.0,3574.0,874.6,55700.8,22593.1,68758.3,44186.1,1189.2,26.0,0.0,7.0,4.0
11514,25.7807024865,-80.4038229009,350000.0,4800.0,1904.0,730.0,681.6,56417.3,23320.7,69463.3,44795.2,996.2,26.0,0.0,6.0,4.0
11516,25.7811436375,-80.4066160924,300000.0,4500.0,1653.0,2202.0,522.9,57309.4,24240.2,70375.4,45524.6,838.4,19.0,0.0,2.0,4.0
11525,25.7738233232,-80.3992999213,272000.0,3550.0,1627.0,1850.0,3087.9,54028.9,21289.1,67970.5,41950.8,3498.7,22.0,0.0,5.0,5.0
11566,25.7650386087,-80.3894515676,250000.0,6250.0,1993.0,2987.0,6243.4,49792.2,17688.0,64869.4,37380.0,1324.7,43.0,0.0,1.0,4.0
11582,25.767207861,-80.4074745544,770000.0,41406.0,4762.0,31776.0,5538.0,55494.2,23532.4,70621.9,42021.5,4490.8,43.0,0.0,8.0,4.0
11594,25.7499156065,-80.3925927586,606500.0,14921.0,3889.0,40887.0,11728.1,48968.1,19192.7,66418.2,34257.4,2470.4,18.0,0.0,7.0,4.0
11604,25.7478875434,-80.4030099123,250000.0,7500.0,1950.0,1092.0,12545.3,52143.7,22743.8,69968.5,36512.8,5979.1,46.0,0.0,12.0,4.0
11611,25.7464106983,-80.40891529,365000.0,7500.0,2338.0,33456.0,13133.9,53903.2,24752.2,71963.3,37794.5,7931.7,36.0,0.0,4.0,4.0
11614,25.7482966618,-80.4143017936,350000.0,8500.0,2361.0,39854.0,12454.1,55787.0,26339.4,73620.7,39647.3,9685.3,38.0,0.0,1.0,4.0
11668,25.7473123092,-80.4311143536,408600.0,7001.0,2934.0,2200.0,12867.6,61129.7,31859.7,79166.4,44214.3,11372.1,0.0,0.0,5.0,2.0
11669,25.7473123092,-80.4311143536,499000.0,7001.0,2934.0,2200.0,12867.6,61129.7,31859.7,79166.4,44214.3,11372.1,0.0,0.0,9.0,2.0
11710,25.7515063725,-80.4263501343,510000.0,8993.0,2981.0,32977.0,11315.2,59908.4,30058.2,77397.8,43615.2,9397.6,23.0,0.0,11.0,4.0
11720,25.7521782382,-80.4169097215,265000.0,4500.0,1389.0,3898.0,11059.4,56961.6,26949.7,74286.2,41165.4,8733.5,34.0,0.0,10.0,4.0
11736,25.7546925991,-80.4240974701,353000.0,5090.0,2455.0,6367.0,10174.4,59453.0,29169.7,76512.6,43613.5,8105.4,19.0,0.0,4.0,4.0
11755,25.7579433555,-80.4245325079,355000.0,5842.0,2184.0,1540.0,8988.2,59909.7,29239.5,76558.0,44401.3,7010.3,25.0,0.0,11.0,4.0
11759,25.7591325607,-80.4242359718,309000.0,5300.0,2244.0,1020.0,8524.7,59948.9,29139.8,76440.8,44577.0,6548.6,17.0,0.0,11.0,4.0
11762,25.7432227604,-80.4473122281,381500.0,5850.0,2735.0,6617.0,15164.8,65591.8,37373.5,84654.7,48330.4,15441.9,12.0,0.0,5.0,4.0
11788,25.7473575662,-80.4415601967,475000.0,6786.0,3114.0,5700.0,13231.6,64475.2,35214.4,82536.2,47248.0,13104.6,12.0,0.0,5.0,4.0
11828,25.7541762319,-80.4411259233,415000.0,7980.0,2198.0,6143.0,10767.2,64873.8,34796.7,82135.2,48305.9,11089.1,11.0,0.0,9.0,4.0
11854,25.7312189826,-80.4354176796,420000.0,6500.0,2457.0,2262.0,18004.1,59743.3,34699.4,81545.6,43030.2,16855.0,2.0,0.0,3.0,4.0
11857,25.7318436751,-80.4354816843,539900.0,10000.0,2653.0,3630.0,18041.7,59895.3,34577.3,81447.2,43077.5,16788.1,0.0,0.0,7.0,4.0
11883,25.7381567307,-80.4471344651,391000.0,5000.0,2291.0,836.0,15925.5,64279.5,37686.5,84861.5,47542.5,16901.7,11.0,0.0,10.0,4.0
11896,25.7416256403,-80.4448065206,415000.0,5229.0,2454.0,6729.0,15507.9,64611.8,36657.7,83901.8,47338.4,15426.4,9.0,0.0,6.0,4.0
11923,25.7360558062,-80.435045807,427000.0,7998.0,3050.0,55760.0,17016.8,60854.1,33968.7,81004.9,43513.6,15642.9,0.0,0.0,2.0,4.0
11925,25.7365444805,-80.4362219352,361000.0,6000.0,2149.0,2205.0,16871.6,61295.9,34359.4,81422.7,44000.1,15657.3,13.0,0.0,3.0,4.0
11931,25.7371251262,-80.4398428268,405000.0,8684.0,2642.0,10333.0,16749.7,62272.1,35461.3,82571.9,45179.2,15948.2,13.0,0.0,7.0,4.0
11937,25.737759162,-80.4269379692,670000.0,9940.0,3225.0,41903.0,16331.3,59136.5,31284.4,78319.8,41383.0,13954.0,13.0,0.0,12.0,4.0
11967,25.7416420312,-80.4243984404,400000.0,6895.0,2555.0,34402.0,14893.7,58568.7,30125.3,77279.8,41297.8,12734.9,11.0,0.0,2.0,4.0
11970,25.7424694078,-80.4210739011,380000.0,8590.0,2116.0,42593.0,14583.5,57541.8,28983.6,76143.6,40480.6,11984.8,27.0,0.0,2.0,4.0
12002,25.74013927,-80.413311301,341000.0,6041.0,1837.0,8464.0,15436.5,54874.3,26762.9,73771.4,37836.3,9460.3,29.0,0.0,1.0,4.0
12011,25.7420055645,-80.409747213,265000.0,8864.0,1440.0,0.0,14741.6,53842.2,25449.0,72499.0,37171.0,8259.7,33.0,0.0,5.0,4.0
12030,25.7336659672,-80.3965138986,405000.0,10000.0,2439.0,39432.0,17642.8,49004.9,22537.4,68815.3,31852.4,3979.1,52.0,0.0,6.0,4.0
12034,25.734385866,-80.3987484176,334000.0,9000.0,2185.0,285.0,17404.5,49791.0,23079.8,69488.7,32623.0,4728.6,50.0,0.0,9.0,4.0
12036,25.7352064635,-80.3953723803,425000.0,10000.0,2285.0,9357.0,17075.0,48726.1,21939.8,68318.2,31841.1,3579.7,50.0,0.0,8.0,4.0
12040,25.7367453198,-80.3928391562,305000.0,9500.0,1673.0,32588.0,16541.4,48016.0,20964.1,67410.1,31435.9,2758.4,54.0,0.0,2.0,4.0
12043,25.7397905755,-80.3909218787,380000.0,11700.0,2194.0,27360.0,15405.1,47605.0,19923.3,66557.8,31534.4,2090.3,27.0,0.0,8.0,4.0
12076,25.69861833,-80.3950590193,891100.0,13904.0,3727.0,23910.0,13477.7,41933.4,29246.2,72329.5,27065.9,3013.7,0.0,0.0,4.0,4.0
12083,25.727986644,-80.3859161445,565000.0,41382.0,2273.0,4398.0,17774.7,45266.4,20603.2,65922.7,27713.3,596.4,32.0,0.0,9.0,2.0
12087,25.7202940606,-80.4011501092,338000.0,7500.0,1679.0,0.0,20029.8,48899.2,26407.7,71573.0,31079.9,5638.6,45.0,0.0,9.0,5.0
12114,25.7281039052,-80.4139330273,230000.0,7500.0,1376.0,3569.0,19801.6,53867.8,28574.4,74878.8,36042.7,9815.1,36.0,0.0,7.0,5.0
12122,25.7243462188,-80.4214557445,315000.0,8191.0,1492.0,1648.0,21164.1,54713.0,31397.5,77611.2,37841.3,12366.7,37.0,0.0,4.0,4.0
12127,25.7269047139,-80.4182636488,280000.0,3200.0,1206.0,0.0,20231.4,54695.9,30068.6,76386.3,37227.4,11273.3,17.0,0.0,5.0,4.0
12128,25.7269708638,-80.4172551736,227000.0,3472.0,1206.0,0.0,20212.9,54476.4,29758.3,76051.0,36910.7,10927.7,38.0,0.0,1.0,4.0
12141,25.7156468185,-80.4269339728,330000.0,5000.0,2059.0,1309.0,19155.9,53844.3,34483.4,80184.9,38618.1,14196.1,25.0,0.0,12.0,4.0
12170,25.7239096625,-80.4323436368,247000.0,4400.0,1645.0,0.0,18011.9,57188.3,34737.2,81150.7,41192.9,15944.0,31.0,0.0,5.0,4.0
12197,25.7151130327,-80.4407240012,358000.0,7500.0,2507.0,33370.0,14608.7,57182.3,38576.6,84595.7,42968.6,18719.3,34.0,0.0,5.0,4.0
12205,25.7169177493,-80.4438337969,365000.0,4200.0,2193.0,0.0,13732.7,58394.1,39247.5,85445.1,44133.9,19723.3,24.0,0.0,12.0,4.0
12223,25.7199599847,-80.433541881,310000.0,5715.0,2001.0,809.0,17261.8,56508.2,35691.3,81878.8,41140.8,16302.4,34.0,0.0,7.0,4.0
12225,25.7210694452,-80.44645587,340000.0,7500.0,2440.0,1942.0,13255.8,59999.0,39401.9,85895.2,45337.8,20545.2,27.0,0.0,8.0,4.0
12248,25.7168774944,-80.4594519896,415000.0,6000.0,3238.0,0.0,8723.2,62479.7,43947.6,90423.2,49149.4,24868.6,13.0,0.0,7.0,4.0
12250,25.718343181,-80.4595980668,388000.0,5000.0,2424.0,30605.0,8851.0,62834.4,43799.1,90348.1,49315.2,24900.5,13.0,0.0,6.0,4.0
12272,25.7246842811,-80.4538820426,420000.0,6226.0,3184.0,6033.0,11496.7,62737.5,41206.3,87968.6,48046.6,22202.2,15.0,0.0,11.0,4.0
12300,25.7027601042,-80.4549971968,398000.0,6116.0,2818.0,2650.0,9862.7,58376.1,44831.0,90380.6,46863.4,22133.1,10.0,0.0,10.0,4.0
12310,25.7043677584,-80.459530542,390000.0,5500.0,2407.0,3596.0,8309.4,59960.0,45866.3,91631.2,48409.5,23712.4,13.0,0.0,4.0,4.0
12325,25.7069114145,-80.4570628565,341100.0,6039.0,2407.0,2534.0,9085.4,59776.7,44723.5,90592.8,47726.8,23136.2,14.0,0.0,2.0,4.0
12330,25.7075513349,-80.4524381136,449000.0,6019.0,3314.0,26896.0,10632.8,58645.1,43272.6,89081.0,46270.0,21739.9,13.0,0.0,2.0,4.0
12354,25.711320721,-80.4612399397,360000.0,9053.0,2496.0,1319.0,7739.8,61791.7,45269.9,91482.2,49326.9,24885.6,10.0,0.0,9.0,4.0
12357,25.7121469821,-80.4607088076,310000.0,7409.0,1581.0,5512.0,7945.6,61850.3,44975.1,91220.1,49205.3,24820.6,13.0,0.0,1.0,4.0
12364,25.7027265623,-80.4454539823,295000.0,7500.0,2240.0,30624.0,12985.2,55747.2,42109.6,87385.3,43740.0,19060.6,30.0,0.0,4.0,4.0
12404,25.7086776761,-80.4392491009,330000.0,5000.0,2062.0,31016.0,14967.5,55386.7,39257.4,84790.5,42047.0,17753.3,27.0,0.0,6.0,4.0
12410,25.7000768024,-80.4197055935,379000.0,9405.0,2229.0,3097.0,20129.4,48342.0,35712.8,79692.0,35209.8,10618.6,23.0,0.0,10.0,4.0
12412,25.7001422698,-80.417642067,372000.0,9350.0,2036.0,1465.0,19618.0,47831.2,35177.1,79049.7,34539.3,9982.2,16.0,0.0,9.0,4.0
12457,25.6959780807,-80.4102056909,325000.0,7753.0,1600.0,6102.0,16773.5,44990.3,34119.2,77321.1,31936.5,7203.9,41.0,0.0,2.0,4.0
12480,25.6998811976,-80.4078400964,253000.0,7500.0,1343.0,2392.0,17062.5,45329.3,32802.1,76078.0,31329.5,6945.4,41.0,0.0,1.0,4.0
12489,25.6921933281,-80.4095695788,375000.0,7500.0,2015.0,17000.0,15745.5,43958.6,34582.0,77666.8,31644.8,6745.4,38.0,0.0,7.0,4.0
12499,25.6936814254,-80.422753109,345000.0,9350.0,1705.0,35227.0,19019.8,47735.4,37993.0,81479.8,36006.4,11119.2,45.0,0.0,8.0,4.0
12514,25.6980364926,-80.4265604552,380000.0,11900.0,2507.0,6432.0,18139.8,49669.6,37930.5,82061.5,37376.3,12615.3,44.0,0.0,8.0,4.0
12522,25.6996404044,-80.4149756301,345000.0,15094.0,1620.0,1812.0,18824.5,47042.9,34608.2,78258.6,33608.5,9071.2,46.0,0.0,8.0,4.0
12541,25.6854698005,-80.4533299601,256000.0,1522.0,1814.0,0.0,8662.7,54814.0,46446.8,91957.4,46065.6,21156.5,19.0,0.0,2.0,4.0
12564,25.688124118,-80.4478118758,310000.0,4080.0,1656.0,465.0,10550.3,53642.3,45714.5,89898.9,44221.3,19297.8,19.0,0.0,11.0,4.0
12595,25.6915710485,-80.4596087585,330000.0,5985.0,2360.0,0.0,7055.2,57637.9,48205.4,93095.4,48102.8,23173.8,10.0,0.0,5.0,4.0
12624,25.697076662,-80.4578423527,569900.0,6635.0,3561.0,3680.0,8461.9,58110.9,46666.9,91901.8,47615.6,22741.6,1.0,0.0,10.0,4.0
12636,25.6976480462,-80.4567828945,580600.0,6634.0,3705.0,3110.0,8868.5,57915.2,46260.9,91505.3,47281.4,22419.6,0.0,0.0,9.0,4.0
12648,25.6983339468,-80.457888792,547700.0,7007.0,3451.0,1600.0,8691.1,58355.3,46448.2,91773.2,47663.2,22813.1,0.0,0.0,3.0,4.0
12651,25.6984685776,-80.4515915943,350000.0,6300.0,2423.0,0.0,10513.1,56613.7,44650.4,89803.3,45618.2,20783.8,23.0,0.0,12.0,4.0
12663,25.6714585044,-80.4645644642,281500.0,5000.0,2117.0,0.0,4796.7,56094.9,45647.8,97297.8,50136.3,25042.1,19.0,0.0,1.0,4.0
12676,25.6733198215,-80.4652479539,323000.0,5157.0,1800.0,28700.0,4570.4,56545.5,46254.3,97222.0,50253.9,25211.8,18.0,0.0,6.0,4.0
12735,25.6722731344,-80.4331346491,275000.0,4175.0,1470.0,0.0,12188.8,46706.3,38413.5,87759.1,39840.6,14685.1,17.0,0.0,5.0,4.0
12739,25.6757608972,-80.4347072157,278000.0,4200.0,1638.0,0.0,13454.0,47717.9,39704.4,87672.8,40162.2,15126.8,20.0,0.0,9.0,4.0
12760,25.6828403516,-80.4387256109,331500.0,8164.0,2149.0,1615.0,13433.6,50079.0,42506.6,87848.9,41293.4,16380.3,36.0,0.0,12.0,4.0
12795,25.6732897561,-80.4483935842,275000.0,3990.0,1650.0,0.0,10143.1,51428.1,42120.6,92156.4,44772.3,19697.5,22.0,0.0,12.0,4.0
12810,25.6808571738,-80.4445070864,320000.0,5253.0,2097.0,0.0,11510.3,51440.9,43217.2,89882.0,43238.7,18313.1,9.0,0.0,3.0,4.0
12820,25.682428659,-80.4467364588,375000.0,6522.0,2576.0,3226.0,10764.5,52345.4,44128.6,90331.8,43925.8,19011.9,18.0,0.0,12.0,4.0
12834,25.665923189,-80.4483014831,390000.0,6030.0,2637.0,0.0,9996.5,50382.9,40269.0,93238.3,45129.9,19781.1,25.0,0.0,5.0,4.0
12854,25.6658344974,-80.4402998029,362000.0,4586.0,2354.0,0.0,9871.1,47896.7,38297.3,90900.6,42560.2,17164.6,27.0,0.0,2.0,4.0
12859,25.6677737216,-80.4334622383,287500.0,4200.0,1567.0,0.0,10538.7,46118.0,37255.0,88566.7,40221.2,14876.8,17.0,0.0,3.0,4.0
12873,25.6741694209,-80.4252621135,297500.0,5000.0,1542.0,0.0,13128.5,44709.3,37318.9,85106.1,37164.9,12060.2,13.0,0.0,3.0,4.0
12878,25.6761531265,-80.4274658155,320000.0,4869.0,1770.0,0.0,13716.8,45673.5,38329.0,85470.7,37796.9,12756.2,29.0,0.0,7.0,4.0
12880,25.6764037929,-80.4279198652,295000.0,4682.0,1770.0,0.0,13792.4,45838.4,38487.3,85560.3,37920.5,12888.3,29.0,0.0,3.0,4.0
12885,25.6788137682,-80.4304124158,332000.0,6371.0,2625.0,3192.0,14596.8,46959.7,39664.4,85878.2,38602.7,13635.5,29.0,0.0,9.0,4.0
12906,25.6815034161,-80.4243547309,305000.0,5001.0,2060.0,1669.0,15799.2,45742.7,39308.6,83719.3,36582.9,11651.5,23.0,0.0,12.0,4.0
12911,25.6820331768,-80.4282141527,305000.0,4870.0,2282.0,1704.0,15824.6,46937.5,40204.5,84771.3,37832.8,12911.0,22.0,0.0,1.0,4.0
12958,25.6684280117,-80.4288202038,296500.0,6406.0,2000.0,0.0,10857.3,44833.8,36419.8,87061.1,38637.6,13296.2,30.0,0.0,6.0,4.0
12975,25.6685116881,-80.422714134,340000.0,7875.0,2058.0,26066.0,11323.6,43004.1,35163.0,85272.2,36674.1,11305.1,38.0,0.0,4.0,4.0
12979,25.6699559891,-80.4208433797,363000.0,7875.0,2135.0,28634.0,12019.2,42682.5,35210.6,84479.3,35960.3,10645.4,23.0,0.0,5.0,4.0
13009,25.6600063855,-80.400286678,345000.0,7500.0,2588.0,28964.0,5667.9,35013.4,28456.6,80379.9,30372.0,4807.8,37.0,0.0,3.0,4.0
13023,25.66435885,-80.4040949453,405000.0,7898.0,2765.0,23878.0,7680.8,36846.1,30457.0,80626.8,31061.9,5502.1,23.0,0.0,2.0,4.0
13037,25.666995974,-80.4092811542,293000.0,4635.0,1699.0,0.0,9569.2,38822.5,32177.8,81668.3,32485.1,6975.9,18.0,0.0,12.0,4.0
13055,25.6703603799,-80.4019790252,353000.0,7500.0,2081.0,35032.0,8801.5,37334.1,32029.4,78940.9,29847.3,4436.7,39.0,0.0,9.0,4.0
13101,25.6805073663,-80.4008217702,340000.0,8200.0,2095.0,1896.0,10830.7,39083.1,34447.9,76863.4,28881.9,3914.2,38.0,0.0,8.0,4.0
13105,25.682899102,-80.4018411408,375000.0,9600.0,2219.0,24042.0,11627.6,39861.9,34202.6,76770.9,29146.9,4222.1,29.0,0.0,2.0,4.0
13110,25.67784794,-80.3961624192,470000.0,7678.0,2463.0,32776.0,9032.0,37277.2,33690.1,75956.0,27479.9,2424.6,31.0,0.0,11.0,4.0
13162,25.6311758512,-80.3988681452,278000.0,4700.0,1647.0,24570.0,851.3,30939.7,19760.6,86008.7,34958.4,4670.5,28.0,0.0,10.0,4.0
13167,25.6319517022,-80.3995228546,278000.0,3800.0,1495.0,0.0,537.5,31240.4,20135.4,86005.2,34964.9,4825.9,28.0,0.0,7.0,4.0
13179,25.6365260859,-80.3960602849,325000.0,8493.0,2238.0,972.0,312.2,30577.7,20588.5,84055.9,33039.6,3517.9,21.0,0.0,3.0,4.0
13185,25.6387399518,-80.3950852804,320000.0,5968.0,2689.0,1131.0,79.5,30515.3,21037.4,83357.4,32362.6,3190.9,15.0,0.0,7.0,4.0
13193,25.6408726498,-80.392536808,276000.0,9072.0,1902.0,1379.0,212.2,29926.6,21163.1,82214.3,31225.8,2302.2,14.0,0.0,2.0,4.0
13209,25.6442985615,-80.3872679423,315000.0,6000.0,2218.0,0.0,804.0,28767.3,21399.5,80061.8,29078.3,567.8,14.0,0.0,8.0,4.0
13212,25.6446705497,-80.3874337067,345000.0,5504.0,2528.0,4596.0,682.2,28887.7,21532.1,80036.9,29065.3,637.0,14.0,0.0,11.0,4.0
13234,25.6341511277,-80.4065396319,275000.0,5073.0,1844.0,0.0,77.9,33679.5,22316.5,87371.2,36428.0,7061.6,15.0,0.0,1.0,4.0
13245,25.6349595976,-80.4119558204,260000.0,3200.0,2151.0,0.0,439.2,35481.8,23852.0,88653.1,37799.2,8837.6,15.0,0.0,5.0,4.0
13259,25.640693307,-80.4076993864,322500.0,7004.0,1651.0,4554.0,2447.0,34723.9,24251.6,86284.0,35522.9,7354.8,16.0,0.0,3.0,4.0
13273,25.6263608484,-80.4220931798,287000.0,4855.0,1576.0,0.0,2481.5,37988.3,24755.6,93190.9,42283.6,12523.9,36.0,0.0,8.0,4.0
13286,25.6279401991,-80.4220425611,298000.0,4400.0,2162.0,3692.0,1918.0,38081.5,25041.0,92834.8,41958.1,12390.9,36.0,0.0,5.0,4.0
13288,25.62818277,-80.4184781645,295000.0,4400.0,2132.0,3411.0,1883.4,36950.1,24087.6,91827.0,40909.4,11222.2,27.0,0.0,4.0,4.0
13295,25.6289381838,-80.4216234598,285000.0,4400.0,1653.0,0.0,1558.4,38019.7,25117.8,92511.3,41651.2,12188.0,35.0,0.0,12.0,4.0
13305,25.6302856093,-80.425429051,210000.0,4400.0,1211.0,0.0,1024.3,39348.9,26433.0,93267.6,42497.3,13370.8,33.0,0.0,10.0,4.0
13311,25.6312264391,-80.4222822793,277000.0,4855.0,2044.0,0.0,720.2,38413.8,25741.7,92207.0,41412.2,12306.7,30.0,0.0,8.0,4.0
13317,25.6319403305,-80.4180491129,255000.0,4500.0,1453.0,0.0,525.8,37111.7,24739.3,90910.7,40069.0,10880.3,23.0,0.0,11.0,4.0
13322,25.6322667238,-80.4167087665,307000.0,4500.0,2248.0,0.0,419.1,36715.7,24454.8,90484.1,39631.5,10433.7,23.0,0.0,7.0,4.0
13346,25.6337895456,-80.4380270137,255000.0,3317.0,1481.0,152.0,1675.8,43698.2,30667.7,95999.7,45565.1,17432.2,19.0,0.0,7.0,4.0
13396,25.6285271661,-80.4551309451,379000.0,5949.0,2488.0,0.0,3421.2,48860.2,33857.4,101773.5,51467.3,23177.5,15.0,0.0,3.0,4.0
13428,25.6366011089,-80.4489402023,337500.0,5000.0,2316.0,0.0,546.1,47420.0,34287.9,98503.2,48415.9,20988.2,13.0,0.0,3.0,4.0
13443,25.6383705594,-80.4548015171,505000.0,5281.0,3079.0,165.0,49.0,49445.4,36123.1,99834.1,49962.5,22894.8,0.0,0.0,11.0,4.0
13444,25.6383744395,-80.4546488755,465800.0,5281.0,2982.0,3525.0,49.3,49396.7,36087.4,99789.9,49915.2,22844.5,0.0,0.0,5.0,4.0
13458,25.6384456152,-80.4519018589,432600.0,5281.0,2159.0,0.0,49.9,48521.9,35452.0,98996.4,49063.8,21939.1,0.0,0.0,11.0,4.0
13473,25.6389365132,-80.4539891585,487900.0,6000.0,2982.0,0.0,270.6,49209.2,36065.6,99484.0,49618.0,22590.2,0.0,0.0,10.0,4.0
13507,25.6194907821,-80.4372770349,427000.0,12850.0,3461.0,38142.0,5938.4,42563.9,27221.3,98667.9,47804.6,17956.1,21.0,0.0,5.0,2.0
13513,25.6205147516,-80.4389197843,310000.0,12500.0,1766.0,2465.0,5940.3,43147.9,27866.6,98900.8,48080.6,18384.7,32.0,0.0,8.0,2.0
13553,25.5983151539,-80.4321988403,245000.0,6200.0,2155.0,3018.0,54.5,40598.9,21441.1,102058.7,50993.0,17963.8,16.0,0.0,5.0,2.0
13556,25.5986889779,-80.4360425651,350000.0,7830.0,2742.0,34606.0,1109.7,41874.3,22616.9,102936.3,51866.6,19214.4,16.0,0.0,7.0,2.0
13565,25.5999768665,-80.432272859,310000.0,7609.0,1883.0,33644.0,440.7,40637.2,21753.0,101673.9,50604.8,17952.4,18.0,0.0,7.0,4.0
13566,25.6002598687,-80.4396136712,290000.0,6393.0,2020.0,6458.0,2398.7,43052.1,23943.1,103503.4,52440.9,20359.6,19.0,0.0,4.0,4.0
13625,25.6050138861,-80.4440489162,401000.0,5199.0,2514.0,3200.0,4631.3,44473.4,26045.2,103610.0,52597.7,21722.0,0.0,0.0,6.0,4.0
13709,25.6008994733,-80.4247253038,228000.0,3966.0,1335.0,1655.0,1168.0,38127.0,19826.2,99557.7,48503.2,15437.0,19.0,0.0,2.0,4.0
13715,25.6014672258,-80.4275577294,260000.0,3964.0,1238.0,29370.0,315.4,39052.7,20719.1,100161.7,49096.9,16353.7,19.0,0.0,11.0,4.0
13727,25.6030030683,-80.4230353618,275000.0,3956.0,1950.0,3882.0,1122.2,37582.3,19824.2,98643.8,47585.0,14868.7,20.0,0.0,12.0,4.0
13762,25.6071249582,-80.4243125707,277000.0,6248.0,1894.0,37960.0,54.8,37995.6,21077.8,98007.8,46938.0,15202.9,17.0,0.0,4.0,4.0
13763,25.6072827737,-80.4270165828,250500.0,5099.0,1841.0,34084.0,780.8,38899.7,21806.4,98671.4,47603.7,16103.1,21.0,0.0,2.0,4.0
13843,25.6227070025,-80.4169437647,226000.0,4600.0,1790.0,1762.0,1730.5,36105.8,22625.1,92606.5,41592.2,11258.7,25.0,0.0,1.0,4.0
13844,25.6227070025,-80.4169437647,270000.0,4600.0,1790.0,1762.0,1730.5,36105.8,22625.1,92606.5,41592.2,11258.7,25.0,0.0,6.0,4.0
13845,25.6228790878,-80.4238730083,305000.0,9145.0,1619.0,960.0,3527.7,38356.6,24652.3,94388.5,43437.4,13396.7,32.0,0.0,10.0,4.0
13918,25.6098009937,-80.3812489488,255000.0,15000.0,2315.0,3573.0,6765.9,23829.9,10176.5,86742.0,36214.5,947.2,33.0,0.0,8.0,2.0
13923,25.6119270234,-80.3811091746,265000.0,8000.0,1346.0,7944.0,6629.0,23890.1,10669.9,86168.4,35582.8,908.8,13.0,0.0,9.0,2.0
