row_id,group,split,included
0,104aa77b44243c13c09208c30db51485d8a6c5e5a0997e6f0908a627c68561ee,selection,True
1,af3d0aaedb844f0b51c85bba5600024754b36dc8187584bab21b032560934ab6,train,True
2,90cc6567bddbc45c20d76c218cb24091d9731b07f1a8bd4bef4fe57334c399b0,final,True
3,6f1537683347e255f590b95a5e79dcb18d7d157dd310324570b4aaeebe03d6b7,selection,True
4,7d78c7a341918b28909cf44c616e2a8238843b038de9afe5a7434d039f7af747,selection,True
5,890230498266efecb0fb99105e5662a2582641aafa161c9410d3186169361f4c,final,True
6,6ab4456fd89f4c2d38440df7995c945751dbbdadfae3dcceb44ad44508ff364f,train,True
7,d101d0f9aa2da8b0e20d3d9708d1c06284d49d47dacaf66a5368b16722fbc2a9,train,True
8,5657a0b0fed415b1cad62bd95e2a4f8235ee1c97312172d160f56e3223dd2fbf,final,True
9,60314146f2dd7e3271252fea13588cf42f5b84b6a9a339958d78a01833eca70e,train,True
10,c4b34adb0e0e0cd8645a8aef7934de5810cdf50e8240cb50f5395c60409556d8,selection,True
11,82c1d08c142be77fd45c3814e175bd846995cb9fc6a44b4ad267cef8c613a810,train,True
12,94ff607ae5648e905dc5f3addc105a43687e6cb0a7bf7bfe6c5e4367670cd38d,selection,True
13,accbc85307756f08576b47be8a73a586bed6ce8322c6c361b92d21196933a2f3,selection,True
14,e6e8f232fb664f5943b818f395f678e5e273c5c7337c12941404d92c9d822c8f,train,True
15,8f3e4122728016787ef9b69975d2e3c97784e5cf619eb2e235cc40864b27e53e,train,True
16,56835f6420aa1728479902db1772d10a316261bafda4af2e65b2879a4529fbfd,train,True
17,bf9be890704a958d3a8f230392ab49a0266cb09e6d687628ce60569d0486403c,final,True
18,73cd5d3b7bce05431eeee8361323aec13a5cd4b9f62fff20859978540b0635f3,train,True
19,d6ff1b43494f198df73e1674c00130e55db9126c12a6c5661795279f042f8ae1,final,True
20,19df1d7fdd9620900bd345771ff0373a76319147164c565d4da9c44ebea2f66f,train,True
21,aebfca33575fa7c084e8d694fd13783e8341880b68318890383bc30e5b326b3a,train,True
22,c73b48e8c1f79cbc49fe7ddd432226ce246fd08217e6c5f034ae7999824b8051,train,True
23,d7631a77b8b445b141f0f4a9ed83aceda795eacb3fe366a3791ca010525249ff,train,True
24,00e63e3b98183bddde4ced2656b82602992812ac20f1225894e024c036aaa53e,train,True
25,9dcda64b643bc9af4c809f6d52f5ed20285f8d441421973d2d45400070305971,train,True
26,49a1228bd52756de53c14cceca7f02039f608c4904c98e57c46ce2a351408739,train,True
27,96ba6f6543341f6a26d59eb5894b3973cea2074dbdfa535cdbcd915e82e815f6,train,True
28,ab33ec52270eb67777332b7ff9f4a596e798afa26a5d2965b7e821a967937b0b,train,True
29,aec323dbdeb97c37260d2b41ecac040616a05768205e7611c10001e42ca0a1af,train,True
30,4937ada5f54e2e2ebc29f1295b9a4795500cd77f67c1ba811089fd0554a25ab7,selection,True
31,51a8b3cb2bc34c30a5c577c79eadea1bf3bd00a9a7e7838d357f0b339fddd380,selection,True
32,43c29a210e9bcd0ecc87a7f20de20695c86d2e31b2240ea88f1eba5f1d45a0d7,final,True
33,80bca17e1b8ec059fbd74735e9273073a573f2570ec4f6e31d34bccd192a7707,train,True
34,bf72dd2d2eaf020df25df666e4372bc0f819efb6f8b8587dc2edd91212d5e0ce,final,True
35,b9f0a3932132469d19314324fb99b2683fd770390a2c8367fade514099b2dd00,selection,True
36,e5c647962c7c2ee9e52be431668bc378b98f9d20ddffb1968501f5382292cf6c,final,True
37,44c445ea7baed5e090ed9bda4df74f4d27cedc1ee1b546893a518f46c2bf7370,train,True
38,1cc4dbc295d5ff96fd40fe07fe4b2f075109659b07534085a9f72885c7bc3823,train,True
39,d7ad84cce5c30e51cd5d109c598e42f80a75781807284e033bd90255b5fc62ae,final,True
40,3b9c54143f498c730c98b1ebef283729f1bb68a4312d8bb2f1ae922ae3533f60,train,True
41,0421a01fc4c7426684f0810f982a218da803395a7204513a44054aea12fb952e,train,True
42,686bede5404922d19886251bef1e0bb8f93c877ae888fc985bf6a89c5576d565,train,True
43,fc5e835c8a6724c951d1b589f3b9f568e7cae663b9b3c82f4f8d5fdd3f7d45cc,selection,True
44,27d019ad9c46ce03215619c5b090243e9534b9b106c997eda21de2acde36d1dc,final,True
45,f8fd6d7325c314dee05c73abca502d0bfd0eb1c18e59038b3601fa7b81c4f247,final,True
46,c7589206ef53531b507e2bab255909a484acb2273c0ff24cb0d043d2115dcf44,final,True
47,8b6ef8d09f9eeffb882177ee47410ba5239288b5840e3aba9a3b21882d6adcec,train,True
48,278192388db9f3d6e01816e0d3fac929b70550606d05dbdef2555dca626a0a08,train,True
49,3a6ae0600942bef79a784e19007f3a62c670369c6bce0469ed5fa54713b52173,train,True
50,47c87dae626777793b4489a2f6863ab3168c599f0851e1e50108b0542fd81bd2,train,True
51,0f945c6ae3619979acaacb2299f6e65a847c76ac49bf19a626a5577cfc55fa31,train,True
52,31d3d6913ce47d0d11718c90ffeec14ff3be8b6eee61e7691d6c66564598ea82,train,True
53,2632fb2b923a3584faf97f6e819b28a99def8237c52257c4e81ffc76adda7386,train,True
54,c137bdeae959fbcdf0d9c8b1313fe10e729eb6ab87aa22fdcf923d00099b3846,selection,True
55,436e5d95f5dc966f799f21d97d32899a593262fb940446bd7c2dee94504e8070,train,True
56,b0de419b894a02d2f4414ed95307afcea0580c75ae142a0f44b00188ab034135,final,True
57,decd762c45fac6712b8b074497b3fbfbbdcc1a2177146b36ab614fb996219d40,selection,True
58,23fb1ac8b5f9434ae83cef30c1860a86167f8fa24019a42595c5941879ef5d7e,train,True
59,f377d7b874bcbea9b823c5f9c12ea7201c145b228fae78faaad070053c4f9d98,train,True
60,897f5e2545b8a0218d3a3e5012bebab6c2d80589df195bc3d81ce4747716eb0a,train,True
61,402227b7afb5f3fb1333b58e04fb3ffedc3bc327548ba7e8dd61745e039286b6,train,True
62,1831a12dc909165c8942a980ef9a2959f23c9c65d275aa35b9e97522fac2bbd4,selection,True
63,b8dacbce02579d75728c2ff302771b00961e6051e287ab39d8cc7fe936c67449,final,True
64,ceaba6e9bc171ab35e4fce5dd8167e221ffd2d2a2d00ff50647f3283ade50384,train,True
65,f28c977c4b73c739a9476f9cb13a9a79d213dcd934e995e36118f6a9892e6a29,final,True
66,3f44c28d4ee17577dc01771e2de0e40d0815bd4baa6605b407986c423109ea74,selection,True
67,77d0b4c20dd8f6cf4fe05972314c0a7f2826a08114f174a915a5d1b9f48e4845,train,True
68,914efff8e1cbaf891faeb5f1df920b4256df898d47c6607b442dd752c61eefef,train,True
69,3873cbf0c9d268ee88a6f6c79d1bf21103ae3f989a29228b5f56262a0d9506b6,final,True
70,2fd1467acea6a95e26a485d886c9f6e3113a1f96eb9347aa2b1c8b3efdfb0350,train,True
71,7f1d866d47a5d23c1ad0684bc4a86cb71ea6051b0cea8743e94925cbea042e0c,selection,True
72,20f9693c193f40c9b184d5c5a33570377f846336bab3deed044eb84fa3ca3a54,train,True
73,6c1feb5d7319d1b1d26933eebb7066da09846dc4cc3c6f02826ffeb5858e3932,final,True
74,7449a41fd5aff763c39df4c44162a2f8e942000735e29b0cc46510a183e8b4e1,final,True
75,773cfa1780fd35f1bea9a1c1fd3b0cc80bcecf4b680cb07c02c616187f6beefc,train,True
76,b86a8187aac6952da0ccc4ff91044443fbb3f63c486175e1d8a09953ce263ad5,train,True
77,2adbcc56bb8643fb309052ff2fbc9340931bd65b16c6a37d0d233e5360935300,final,True
78,26755b50a86d9fa2155e4c6efb5fb721633dd98102607907d1b730111b9ac18b,train,True
79,5eacbe5aa9a93abe32c649b89d8740e21655574e96d00662827a35bd9bead934,final,True
80,d5d2693db71a816a0e6fba61bf3cf735392d05a75bc01abd068d010d6aeb3a57,final,True
81,54075b4acd8bbc7f6173465378d6d77c31a20d966461b3467d5a38d6c42b8b1d,train,True
82,0ddf97041e23a76f80af2c0799b897b673598a67080c1d4e5857a875c4839080,train,True
83,bfa282b7fbb68461c03c3ff291710393923b121694b764abfea5917438b22f4e,final,True
84,a864e0b70117fdaea98dc5807b31a4cdb16061135aeb7712dd6f374901139557,train,True
85,fce49bacd05c1f51a955cc45c41d97a7ea51696b1c787cb8e341e9576f82e2a7,selection,True
86,fea6a9c25297e0e6765346da4c32385f8f9005cb2992334df7d45853b85248f9,train,True
87,afa519a1def6bd03bbbf65756bc15feab6c6cdce3203bbb01debf3169353c8d8,train,True
88,abe591ed4c1c95e4c6069c83b921ff7dd5aa6aab1a36160e035813f0e97b5fa7,train,True
89,cd839327254c8e9db30b45251c48061c2037eca6d60fb3b4f31c374a6bba3951,train,True
90,d31e64eb7c22c26b9779dfa3778152da3d4c9a615ea15dfe7f57ad9519afe087,train,True
91,f243bc9e10bfc44cb6c57714665bd6843ba71f8c40e6e512ae3a3bafc340310a,final,True
92,6071446c88562d82a34c29cbfa009b15f5637d3f3a40a3fa8cbeaa9daebfb54a,train,True
93,fd223884b003db3a0d4f5f6d9ceb9ed6ceea3b2eb73c837fa354a685effd03c2,train,True
94,e5f91f225d303298e3bb7255548cb73adce774b38aa2c97338df12a29aade2e5,final,True
95,37c431c0410b1cb88b2cff2c3fc9a8b699d00ffdf27a02ae5eb17752889985cd,train,True
96,0e919551e4742c100b7d90777c53befb196cc3021d5b503c5f1a08d6b0745d72,train,True
97,f292c86955739905569a65c49c825b31de1e9a12ad9324616414b1368a229cf3,train,True
98,997222826fd4034c1d09166ec90022ffa827a778e47a399e6e1f9a1fc8aff8c4,train,True
99,d455400b579ed135d1928b55bda8ca22c83ae88485071b43d2be153d4ca6e3d8,final,True
100,6a43d09a8d5ea0d5c53f3685603e1df97fbc1f0a713ad579d5c290c2d4273f61,final,True
101,f2ac88109d3d1e25fadcf2905336721524c9ff18518df37da0de35887bb79590,train,True
102,d990184b477ff603240ab49aa7cf722673f29c7e5f314593b19dac937f390425,train,True
103,2d844544972d27f00517aa13157a2d24a370def3529f60becfd7cd1b8721f833,final,True
104,47bee42bccd0e92672f1802036bf593a50c8537c6739a6e967af3905279c83dd,selection,True
105,660eb0b56ff53d0bb15e61e7048a7175bca0ec8d6e135f4651397344f59b8221,final,True
106,4217083d45f78e0d2db83fe8414fa6acb639d2b38deb3175897e863747bab3b9,final,True
107,a9615a06953d9980f049fd2fe655d4ced06cbdd9e9b127b48c5f2644099d63f2,selection,True
108,d5d3b1debbc57bbb009f113a83ba447c762f4be98f638d7cf312d13893343de8,train,True
109,fc995664d35d78ce01d8bbbeef268192435f7967354322eb6eeddbd3587c18b1,selection,True
110,632f6fcf6f583f611e52223795996b40e7cc18137371fa7c088aa9e5a62b073c,selection,True
111,9b0054d606ffd8781b21257a053137b55d1723fa47c228612d49c72ac1d89cc2,final,True
112,acbb1b26ec8c1795cf46df0c6e4e7f309a851ea3354b1ab312317c1f26f68174,train,True
113,59670565d98c0ea11679ab5765418f0ae8ce2886977fa21e3c569d95d96eb4bc,train,True
114,e0d6ffe25efea80d2f8beb394eb35abdc17ec92016e109733a577087f2826fd0,final,True
115,cec857267b4680b74cb3f9f504fcea536b38b67c00b1bead76074434f0c1f9f5,final,True
116,0950dee2b2117dff577e37cc2f6577611dcfc6466cc1295ee49fe88d58d57799,train,True
117,ae01f2901ae12584253cc2b648c186448e3ae03a4aef92e7566f14667775fcff,selection,True
118,44c6eae32af796a11d77a49939a44c5e0aae9d52d20269e7fbc85cf61cfcd4af,train,True
119,5f880245cfa8c09b84cd2904f053a1760b889de15d876a8d985369d599343c60,train,True
120,43f80a6d2d964b4d97e0a11be97b99b5e3e7c7c116191d6f1e3cf3d255630e6d,train,True
121,b80886333421f181f712948b47865dbe70618c6d754500c2025237cfcc2b4be0,selection,True
122,31e42293ef049bdd755e7712ffcfc8115384bb65b74e7e4e252544840b97fa5b,train,True
123,f4c851e7793e24ecf4253a0f6a9896c01617abed224f753d6fdc815efefe0ee5,selection,True
124,e57477a9c91021399c95b0df13d461d306c85b7807f8341c8e0ea79f3006c030,train,True
125,44d27a29aa4b1eed658fbb83607b9554aed9550e4774ab29ae2a898816595c18,train,True
126,4d553c2d51e472dea455c530d4b9d79676926d8602e13c47438932adadbc7979,train,True
127,ff93d243d59ba2bce76f1e84083e4dd55213df6935db68386f4174f076dcd572,selection,True
128,e11a7719c917584548898cf24988392769851a9de6204d47622e52f5e9702c42,train,True
129,d59f950d4645f7d4eecca1e0de2b7b480a6a3637f6c108feab733d8d9bfea78c,train,True
130,1c0ad06518105f0bce3544d907c9baeddac69b7ac9fd6f1f48ce14c35f99da5d,final,True
131,4807ffb02118fcd3890dc46d6352a0d600368cb2f7d798a01bf05ec8478bbb8b,final,True
132,88071409f24ca42a5bc3ec23f6384dd3d2d6b3d683bbf3095073305f2139e534,train,True
133,7096568eeaa9d2b6ad7eeb7d40629a49616daa5791a52287c2ef49130523370b,train,True
134,91becb99e1d9db94e5cfa7b8497cabf8840f65621be8291d5cc1e41a5d75a682,train,True
135,91c794ab3e0e1b50309375db7459059ecff198340e9120f075aca5e1ffe8becc,train,True
136,a60dbe47a3567c68af36fba069f8a69fbbf65f701d6e0f7f9df876c40177369d,selection,True
137,f05f4a284897521b5d86cf0658da9b9ef64b853c39a59d6c8239814cd051f6e1,selection,True
138,76ae11f859c8de53648fce300eb035b6a871cce6f4747e5c3b339b83a217ffc7,final,True
139,6050fc7bb83ceb9c3bc4285e42d3f889a3b3424d94a2711e5a164bc22397a1ef,train,True
140,e03e9a6424cc40ed42bc1dfe0814399222d83ac1b6bb3eb3187171450e2d758e,selection,True
141,e9dfd4a09ac5f69ebcf2449c465883864fc1df2c39217ac6c2078e254107d02c,final,True
142,7926d4fdfb69ccf5b4466bbee04f94348c49b5d5487219b89b953a90c7c63b8f,train,True
143,4b9c75914449acb968c98d2a802c5f6991cb68c9df576cc3bf0a596168d5ecf2,train,True
144,3a77e9f3ec7f9e887fd4e3f9b2313b35c1e961e24c5cb1195752787441ed2e11,train,True
145,c899f97d90183f54955be6ea67e824a602bf77f1b1f3a86ad2a0278b5b513671,selection,True
146,8e5771d1db9c0439e0f7d0037e429f0d3bb08b3688c471e66634a6b90d2bdad3,final,True
147,153b0efc966a78f0addfc549a3493b9dc05c9cfaadb25e1f22f37cc20f35949b,train,True
148,5d69f25a3e31af6bf62a1e037459f7884d703af805f89dc7bdcb04b02bc38748,final,True
149,e410b69f2e772328b3e14d4e4d01553ba6b34a5979f62187353eab9721e927b7,selection,True
150,5aee4b8b2686bc398d7e54fa79eb21116719c2f99206e4b20f0d4bbce9e6532c,selection,True
151,70e28e35e3d109a77180c8ab563d7938ce00976cedaa95731bf1bda4f4307507,train,True
152,66754b285c96986c73f5bf20c7da5f352e0e8610b5f9ec86bf725d39f3d7aaff,selection,True
153,f9f9d47c35ba4a345d53d0a68323039470b518c2b50a32bbfff9c000ae4c89ab,final,True
154,c05803d2103393e137842b3697bce034d55a8a7857694c67190fc197a21ac701,train,True
155,d3bf45aa0cad3c674afe207cca32e80ed72787ffb09af592281d5642d265e2a6,selection,True
156,40e9518b9176d15e1ace4283a0784bfdd796456cdff787d611a3830994dd225b,selection,True
157,ab1ed2539d48259dce4c8758dc3ca25c67441aec7cc148cfe8be7ccd52c6c136,train,True
158,dd4456c55a7386aec74619f65a9ca6a9d9bedac3c26b197387cea8eca8e1e318,final,True
159,ff4289129f4baebb9ac293d2d3257307847f09d62d0bda3ca66347d9b62eaee0,selection,True
160,c8c11e02286d4246469c8660085fa2c087f3e80d94d57ebcdf215603c49a03eb,train,True
161,104294d246704a9d6a0148ede53c2ccb344ab19f2e1b387ba1b104f6a5c9d106,train,True
162,5537f042838046f8a1b062dae2011fc20d73c8ab8037b4a35dace45e8b962e8b,train,True
163,1d29ca3b4c74a446485d56cadd536cf7128fc6f6de3330b269c26486316acdc8,final,True
164,726a27e56d36d1d3a813bba8b0f31a59d98541ac7524a608eac97480ab3fb2d2,selection,True
165,f9840a3199342e47f750aabbbfcccc97a35317dede3c0216de967fdde24e65c3,train,True
166,c119663185156fcc3500e5e0961ad8104260e0aabc7ff414968d1ee2138c40e9,train,True
167,badc2e8fe753d1e42e282773bd17175aa95457e09cf341356da158878ab89d24,train,True
168,611192445eceedea72e99d446094a7eca77a6daa76e009b9660a9c87ffb72f68,final,True
169,e99aa66e35b44ef78f3d065d16e19df3d42ee00e07036db69700b58ba3905d48,train,True
170,90685a69c8fd5c8ac3d5ce945c359d261061755abe0d25f72a6540a8eab052f9,final,True
171,d49cccdb2535f26b278d0f8259723c054ac819eeb21a0db14c74fdd07f75096b,train,True
172,f47a0797535a8fcb7664dc1ef064c33335bf0e18f074cc34b4de53b1003fd3d1,train,True
173,d3963b57abc2baa710048131e03abf155b4c92c7d1b5c62f55916c3014fef4b2,train,True
174,be64b46a1bf131e415ad8cd7a5f063eb5da6651899c99f80104db72fbc471767,selection,True
175,f599ce5d265050292ba42ae98e83c60f298d1a8290cd5209decb6fa8e39d45b7,train,True
176,0e9b6a26b9d2914f9bd22984962aab1f1bca681dd60088f5daca09d847e36caf,train,True
177,a8efcfb1d7d0498a8228d7b87784037561d46b9abf42e254737ba617063b1762,final,True
178,31854e9093c76c4796888b2aa3de95a18be32ea202c96456de8b55835a956fd1,train,True
179,377f570da0ff0c3d933d378845a2012f194aed3de11ca56d02728c3ebbfcbb07,final,True
180,a2fdb62709a76fca3f79a98057c9cc5953855404ba51aadf83472f636bbc0ed0,train,True
181,c9a988b93ec18179ac36c76d04918a9696fb994d042ada75c4c90891048beb7f,selection,True
182,fb0e5f5e3e638df4341047a25ef15f7024a3c9149fa38091645179d3b618869e,train,True
183,96ebd3e80dbee63511bd447847800e521a6e1fc91df149087ea8b3316914ee53,train,True
184,c08d89bd405825b8ada97c60fdd3cc3d8d2abf89b49d47f77747b2640336d042,train,True
185,d3489e5d03965b87d7aacafe0e9210e2df37f3be2534a8d109f5c8c09fb4cb9d,train,True
186,cfb861c7ceb954cf69a04e6656339ba3143e3c92d7071a8b471a57dc8099889d,train,True
187,adfced14c455a4cb60a80ddfd3ae1797b0b7fbc50f0c126687fde8c6ebbb5e45,selection,True
188,c87d50c46e10408f2bef4bcb7b66199adf6e7b1c741bd74c6c4b554da9f70820,train,True
189,13a3e7d31556b0096a35f5fc5854fc83fd07349c427946f0ed1d2a65d98b21ee,train,True
190,f9595c8dc3817fee51995bbea2ba3ebd43c86e02a26632ee7260b740895716b0,train,True
191,5a470ee8d030640c68b99cd9ea487b0da2c3683cdc6079980d633f40422e398b,train,True
192,9744ec96afdf6f28dab72898c8c5ba87e1034d6661b682493ac1eefc910c976a,selection,True
193,89a56f094727e4e269d3257bc4a3ac6c0b7ba103c044dd3951192d7ff60cedc8,train,True
194,68f8d36a00cd995d3d67e7364e6566db1a1bdcaccfd20d6dc0d4d6fbb664201e,train,True
195,cbc1d251f5043d45214aac36c4da24ad90bcc231e6fb3c3642705f394ca08acb,final,True
196,25d81475151bd826d93a1b24cd9316a5ce424b2397b1a6a9dd4d96649eacbd30,selection,True
197,fae2e8c0383d296470f5138ac66ba9a0201963d6440a8af6897035f7bab6b76e,final,True
198,1ecf91e51a703fb0f600faed134076c404d7bde3343409c91d1217e115013fec,train,True
199,bd1175d55183e4727dab9e9d7c1f6a985a4c05ae921f3f020d004bdeb212517d,final,True
200,82e03e583c9a7979816649094c9ae486e9cdb4f364c1ade7a95b524c7a0ce521,train,True
201,97ce7c07b2f0b058a0dd70d6dda99f2765f988e7867ef3e6efc38181eb133d61,final,True
202,232cfcef46395c5d689fe446242ae92d7f483bd68d78ef303329837f0d9f144d,train,True
203,85d59724feb199e9089fc9a6bfef37c99f76a4d415ff28f636cfe1c358acaa73,selection,True
204,c2dc1b7cdf804596d0db3b86721e3ac1ee33e0e716aa5d0bcf125bf52167eb16,train,True
205,be50e326c6762c82b8fc089faa9463fca7608962f80add36f55c68e95bfaf5ff,final,True
206,4ce6a112280e350b1b4e8a757bd1f0763a46305d340861be0b355acdafb31907,train,True
207,06730560d3ae694b938cd53daaf801fc34b9e790212174b08c31c5b83d4f37da,train,True
208,2795516d4faf25c4ef96ef87c370f1a29060928b0ecf3633344c80495b3e95ff,final,True
209,944d7d629dd236c45d350cc171b291ebc85f6742bf78f7693725287186492d45,selection,True
210,c9623d6a1f9d53adb0a682800e543edfebaab7a29999a3d33ce8ab2b44d881f2,final,True
211,1ddd3fd5dacaf7ed991f25a3c9cee500049d73edf3c016846976da4e500c1bcd,train,True
212,167de56e29366e85f935b6e7f02741e5a3a41fce72ac7baf47ac46beb41b4225,train,True
213,c23402cdaa3b9779bf78abb9732862e7f116adc0459d4518ca27969dee32b517,final,True
214,67d08c8dc2d1911bbdf1f8e6ef936bb3ed2ac47ad5fdc9aaa5588ab7332df1f3,final,True
215,8b601cb2fcb54ca14a81632098a6dc9f2498b2d34043cfe0eccbf5febfadf2c0,train,True
216,0d1c808e5bdb78303e3aefa03910672098f0833110ad0cc4511be00e650dbb98,train,True
217,8cc8d18bae946a7660b3ee271d7199aa763c0df52c63b6b3bcd173d14c163c3b,train,True
218,3b9af0d36ccf1dc9071dd60781bbe8be1dbf7ea8fd0b862b91d6558a5558c613,train,True
219,6495155e1bb6a167165d1bf1e1f28c6ab905ec0e71657cb9cc17582e19f1045b,train,True
220,6a655a76654daf061be08978c9b7121e707923faad9def4bf6c5c38e21cc8a57,train,True
221,860af625de042c878dfb25d2bf41192342243283304d47b02db4dad119b43f09,train,True
222,f45c9f727ed1a47b50539671ff8c9a6513184788ccfab98aeb55c56622ed61ee,final,True
223,958061a6e318e9f299a79704447582a2915b914344cfd0beae7b5edee0f569d6,train,True
224,189c00e2f78e75878019c708a196c811f8dec6219ce002e22e97c093396d46a0,train,True
225,ab3e3a71e003cab6b9c716e9b4af682e884d04b3464049cc516add6042680eed,train,True
226,dec029998b0ed7d2262a0fa79ccf349553cafa442c5a66460d4cebb78987d78f,train,True
227,791d36e9d5c5ab10891f0b8df13ed639ca7f716d7838e48d9235f3b184fad559,final,True
228,f36a3c02aa7b5537a23fcda7c1587ad7eca168624b4a5c3936206ea26d82c720,selection,True
229,86c6cdff8811eda6e4c861a0db1f34cda54b4d7323992f2dacca4c76e555da6f,train,True
230,bb25e6b9b3503488c59dc39065ed8c75ee60796b734cafbeaee136cb24986127,selection,True
231,62cd4ed89c2c9e85f19817b7f5272035cb6738655d040c36381c78829340471b,final,True
232,e6f9b75a4161d8d5103a597d1c98e5c88cd587bc0522aa8fee0193056d03b0ed,train,True
233,681841504642862561fdf64a499cd91a2c82f292775e511d591dbef0d9fa5e84,final,True
234,ab7c1fc2d8fa9d10d3c34e9499b16abeb214af4328b0d8d1fac27cada0811039,train,True
235,90d71c568390551bb789a9446f5daa7eb40b76256ec7398a83fdb9ceba675607,train,True
236,36c7b6df9ef43331beb597b3d75074b6b5fbed5bb5270dae23a6903a3c6d269e,train,True
237,7dd0aa7dffcef79806dfae1ee291256b173e62535fd8d05ea2cea60c4f68a10b,selection,True
238,37157c3215014f5fc55772d98bcb29de6a2196abc59a0da1ea2d0165e373ceec,train,True
239,768ada0e79783a2eddcb33a8af36eb705f51396dc29c1e10ff4c08899524fab5,train,True
240,0463e5b941ad7db5ad6031537888139f5174d5cefa8ea2e84d0f7eda8fcaffba,selection,True
241,e368677740439d1a687f884e9d5f7478800dd3c6b5e124c88b3f968b4b7e2d42,selection,True
242,a1b2f93db99d28c0b5645e81db2763c8e491fa1f4cfc2f30eb143a6d0ab1af62,final,True
243,0ba617e2477973de23dab1e84fba674d6e067da8a6faf313420c45ba165dff64,train,True
244,1dcac6d407e87eb912b9dfda6db62b602a4250d6d1a773e3eb2d773899bc831c,train,True
245,574f3c9b45d877b26ce673cb67f5923aca9614a078c6c2fad1090598cf064e34,final,True
246,8fd8be534b8ab8fac4c88984c102204546a3293f1145ea92907dcb8971859450,selection,True
247,8a4e9f4c09ed73511396f685ebdcbefe368bbc1744d31e3a9c40d0af1d577e04,train,True
248,407abc8114f4d43987492bb15c6de6e6923cde1da2b87974f23845dd2efa2281,train,True
249,d5cbc458112e8761dfce8485da21746081b6ae1adaa98157cbd1dbac60239e21,final,True
250,c964467217e2ed16c3a00d9fbbcacadead656ef451077178d04d14efd83c0dbb,selection,True
251,bcd92440f4ad8bbb72d7b3de34fa1df3521bcf7e87ac8a2a798af232111e53ec,final,True
252,ef851772198d66c33706acc095dfa2eca83cc795cdbff229078ee939bbdbfa46,train,True
253,98cb0fa1091558e224a79723fc43f208b525d926ec8448140ec5cb75686e04da,train,True
254,57efcc5b39eb582187b66abf9fbe2e17bda5f55b66912d36172a7e09d99a0551,final,True
255,149fe77ea604275839bcc1465f8edb6c18f30003041b18e66dd2153d496f7479,final,True
256,53785e28926f3848d25cad764fa57319cea557a3d8bcc2222807b766904fed2f,final,True
257,4e7f9d547f53e874884f0b761ba8133482a63845f856377092a4a0c72b106929,train,True
258,605fea0e109c6ddabb3703c3b26d56f6155f133259a0b05e477d469b9ef37ac5,final,True
259,86076f1236f81c6c750d2813612ee5d2739160990ad88d623782f89d65058bda,train,True
260,e2135f0e729e931a084c6b1676f785708f04743cad3c4782fd8790d169616573,train,True
261,5fb026b434aa402809071c52a3ce3c58460153d6c42cb7f885622722dcaa6993,train,True
262,e7815c6eaa351fc2b4d335b32700860f8543ab281cc458405e743682a5912e00,final,True
263,e5faf7a5d29b6a682d2483faf8a6a904711cd3f1a5d20c2884149e4f4dc11384,train,True
264,663bdbc01576472f9213f00a2c933b3ae8be8f61103d35791f610debd86004dd,train,True
265,b408caf75c03c245e045f458a22ea77387ee8f21b7eda7f5e532990acbb5dd92,selection,True
266,b648165df2ca0280c6859d8ccc95992d739763062a9327ba87ffc289afebd223,final,True
267,3d8595ab4a5c0e6fab45b662e44b96891a098bcfcc3cbd3dfc32255efe379224,train,True
268,57fe054db1a5990f756c2a9bb198cb37bd9a593f55194b83b0b5ff01ea103924,train,True
269,7f02870d91665f669f05d0d5c9708a437baff02d1e2de3d3f080b298f07c7ebe,train,True
270,bb0bb2f756c01707d20d5ca6b2cebd1ae2abc32f7b4f899546501bcd7d0b5a09,train,True
271,064cef827bbf215d50c229be32ba7813845fca1d8056376828fb0dd6c1bf58bb,train,True
272,3778cbeff0b4b081234b5a8321eae56b32902cbb467017f8a32195bd1d60edc7,train,True
273,16a165a8be368054573ce7a4e7b00463f23efa34622f471c88fd10ca29057f73,final,True
274,7e65886284bb21b0dd4c9b31c1786f21405d411b20a372f8ac8abee9d0deeadf,final,True
275,764cbbff01b4365f3dec8608bdc1f2e90b737dfc86c5871e6e8b8e018e4d30aa,train,True
276,b305c3cb08b0301f193468268bc568a20bcb5e2824edb0269f23db94b7fc6501,train,True
277,e4c8e64cfea2c64e0c18a5ba3462ef07554895766359508997d7bcd5e9cf4b18,train,True
278,40ed0efd8d7c1e33c66faf7e5bba7d0e5f9f060dab843a504da980ea03d106dc,train,True
279,230ed643d504c43e8ca321787deef80aa1c26cae13b655cdb9924610a7d7dede,selection,True
280,a6de45a0450672d88674656aeb24b1da17a847bbb04f8000e97705a8e1179f1b,train,True
281,15362c855937d57f54ab20dc23ca30c421689c0c2a60af833d20393b373d255c,train,True
282,2851724c302f5b535a38ccc4c4ac0d70242287e482864f3344f493185c96a410,train,True
283,0012b542981d6a74ff5371551a4217d05fc9d7866196b4829109aefac7a0d737,train,True
284,52ba58bbeed6a86c507a3f46af0863ac84cc395f753138b2fbe9c97b8e7ddbfc,train,True
285,fc06881c30f9a899198e697811bb23d605d6ee35935a51eb088ac6a89aecad79,train,True
286,fae54db14b9fa7a0bc0671512dbc84d1a5a47ceaaf44d2c73648daa3c7683eeb,train,True
287,92df6c0ec8f9d79e0ffc77a7819e95d3268f61add77780fc7b1ae983ba5905e4,selection,True
288,c6b1b1ebcf56c648dc63fa1a8de119de0dea92a012ff498a8c9c0e0fa9b5ddec,final,True
289,7076fbbde163a8599130689280f0d8c2da2e6305a73139c0d20a127e445437e4,final,True
290,2de3d8e41be1dc2ee6fd250eaf7e98f11ba19d8c384e9ce51d8655c128dd8ee6,train,True
291,b66af8c0d79929cf799ee1850e744a9357eb8597ed08fa0f2cd90aa067944257,train,True
292,086551409e11088aa1dc054790a9f6024075831d9404854f4be67e72c5d60e03,train,True
293,164d6f7953d6b09b44324bb4b6065a94c891ff6561096bac9b2fac5a849aeac6,selection,True
294,e3213a33858158ed97c4a28a9d3618f045692e1368bfa32b09354b5c832d0bc1,train,True
295,af34cd930ecba896f9f198a841be874e4199626872e6f6be2e53f1d0ab5869a0,train,True
296,0027776e8c751b42286a8cbee54691b34d5146fd99e180b9b2f8684a5a477673,train,True
297,e9881fe739e2fa0a7340e4b376c442518e5cc960d1735bad9ad52550a78dd86a,train,True
298,885d9add47199e6940b0966c63a558cba12c5599013bc14d748db40f27c578b7,train,True
299,12248d5d1dcd9e96518a558a1df064be1bbc18087afc20874f239886008aa95c,train,True
300,a9ce454d4051423d86e76c4d2e7a90666eef02d0352b285609dfe68728c30bc6,train,True
301,c3f1f68d03fb1c56ef31444ef3f9155d71379d5ad126d6f7525e3d6ef6d6bc31,final,True
302,b35940e8b82247866c528ab3f8c1a5e3bb63582c98e57aacb0f06b1f324ca1b5,train,True
303,287c6c82b1cdd30c33cba594749a54a3e39f7616a0d53a237fd8c3eacc783485,train,True
304,a27eb544c7edc173f93f0ef66b68f4d64be7005ddd144ac5cc11adc5a6e5f176,selection,True
305,ba5c08d0c5867584832882f2ba94b9bafadd193d29b8baf6a46815171baac2fc,selection,True
306,c3aa98ac9c70542f6b9a82d49fe3bebca75e265373c4d711cab5d9951b10c065,train,True
307,99e2a38aaf09527bfdddb0d2320e13e03521080cd589bfe33685e44b93e9ed0e,final,True
308,fc4fee6862d02d202e869b5b2977298054aae3e01f617c295b0c07eda39d01f5,train,True
309,145c09cb69250ce2624e063bd2ecad1cf13e9a220678514e314b160d2ec9a0c2,selection,True
310,5cf544b87d66407fea5fd783e059ca8dec3e6af0ef90efe0942574687ef39aed,train,True
311,7f93ff91794abd344ceb4491e27ecd7eab7f491bc7c0262f8e74ee208ec504f9,selection,True
312,a8dac267aeabd12dddce8fe12bca7b69c3810d7ebbd73a7986b4d9c4a72dd54a,train,True
313,b7c5a86682767cca81424e69759414d87236618eb7a6e532604384bc8e35634a,train,True
314,d1950ac90b9746ebdcf4676488dd5436e7a065891405f4fb246b50700872a6c6,train,True
315,9e14f161dec7b8c0d0b4dbb42422e2fe44b695a99571faedb2e87be645570b7f,final,True
316,eafde2775943e28dd449b66c4319180c3844994a4b7d43fdbaf7bba81e2d0604,final,True
317,1a641c594cb01a0d183b31649290c59a535cca0e91763384e360248536903516,selection,True
318,d9665d8e9520801103bdd5af94813f69962d182b557ee3defeb5755d5b82eb03,train,True
319,b2c5dfa8f40583465dd300e640401e0c7a8e9e400f6a56f6e86f1aa26dc92d01,train,True
320,ae52a79a67a1663e63c7b9f6a30a841394f23fab217603634e1ebb8c00894b34,selection,True
321,ba8545ca6d195d934d456992166c6654536c268b4de448f8dbc942d8944d480c,final,True
322,9fc62622f66ac43d7e789b7c03ca2e29f36400b9e5c291d5c4dcb9bc3f5080f9,selection,True
323,5e5b1838c955d1819d4b12f8ab74c5bb96a96351171146e5b05fcf42ab79cd7c,train,True
324,6ab5d9f1a324abf492509d1b297b9be8cad6c22b08dfd35426971076a16128d2,selection,True
325,d704c4652eae8589f5fd57baff58832ab475089e37da8c407802f89876a7f1d6,train,True
326,0f4228669ff79856fe1fb3f9ddc1ed613f7d6396a4fcfa91284640883a2fddaa,selection,True
327,88d90a90d0dbbb6a36f0705331aafee05199c317f065d2ec782eea5a6c51441c,selection,True
328,1500ebf29cd05507f1f6bfcf0aedd761d7a26b64c2a8f24ec48f11dfee31c697,train,True
329,0e59300b9a6fe56d41797c3278d1ffbeae8c360bb9557fdb2ff42cb67a43d522,final,True
330,45fc379b378b521fc56bbdff60934d0422cbfc69ab5b544356720f20678f5d8c,train,True
331,148768e140abd53da64e330887937d1986c984138c6cbc692a5f1d550bd6be44,final,True
332,77aacb11e7b5a506adc7252d4204acf9466cb42d03fdb3764be4acecc04091c9,selection,True
333,9c7e8361c9c47f22a8a76facd5b2d18bb05bf5e43599651f020afd6bbcc75384,final,True
334,88e95e7ea24e05a62931e046fec530ad5b2eaa55d72ad41e0c0c7cd95a793f5c,train,True
335,f2f09d47a69b4fa5943f4c565c9e7712176604169c9b5b540549d0f0b2429b3f,selection,True
336,bd2244487d8e19b3e78fc04df0db1e0b2283d565b213a10f05a631db856a1194,train,True
337,d970966f13b53c13bb97f5789092ba47c2eeedf499b1469b9d532ddfcedda3df,selection,True
338,6e357f175794c207d869d149c9e04ec26139bf68d23d12157ffecc48f06772ed,train,True
339,abd36e14ae7af7b229ad021d2832d943cf65595d94008c731dab73584f90242d,train,True
340,7e69038f5e0b7575cc4865654162acfec6ddc75901c03a076ca9d9c86231e0e9,train,True
341,dd00429d58154b260fc9ca0f9e50b1472120f28dc9c7d3e053d0251b49657bf5,train,True
342,9482d991f0f69c59a48e50a31790a513e6eca92a51eb8d6b2dcf0da185b3663a,train,True
343,44b8b26a8784ab9cd32cc903883db73acdad1794964c0713e64ce9672dbf52e1,selection,True
344,7f81646b56162480c0effffe82774bc32b5982c882728dbe12a6c10e41a00dca,final,True
345,0b122cbbde1d213d6911df7533a80093360bf775472e1ef857c99342ec13a162,selection,True
346,5838ac1b2a043581fa4544902e5b71de920abd4830cd382cedd15d395d9d15c8,selection,True
347,4bb74ca66095c3d08d8675447e4c16042202ec0fffea1f0c933dac5a3acbf803,final,True
348,b61de99682be399c4ccfe7c46f2f4bab5d3150d501fb64d29e6ee4698b3b3fd5,train,True
349,39b42acb316176d8dd2f40daed6605bc780d6ce232d08eda7a90e152db757fcd,train,True
350,919142cfc2b395cbe9790a444cac4015df982e914eb6e80d82e2ff5671657661,final,True
351,7e7ce498715129b6db664afbbed504342990e0b89d3aead7b9a68f838be8c230,train,True
352,31192540b8ecdb11432ce1738326ebff2f3ffc3918a1eacea3d551f522ef50c3,train,True
353,a36d5824503b3bcec30a1c9b0ecaee252cca91b50044d8f2290c5c2b85469fcf,final,True
354,f40a1df8d9bd3095bc2790a933819777106c15fd02894b422a09c920e093fe4d,selection,True
355,dd27fbb4c7147c79644078a16f8a7e6bb2856785839f35f21e14edb19087fbb7,selection,True
356,09de7540f86f8921624ec4ed49ce56a10ca56a54fd22ed52f94ca8e4a4f45c4e,selection,True
357,e3d47c9874533d1aff3ba45457459540a6b60791ed9180a0311d3246ae4a7cd3,train,True
358,c210014451defaaf054c9179936b35eb6e871583fe4a0b10d581e8099a16b5ce,train,True
359,5fb8d5d8849046c6d5c3b23aac00d48c77450c017d772ff20e6f3391daed151a,selection,True
360,c3ebd9b421a2a32e58b5c580e085f7bdc532e7fd27fc558d3e07a46f91268dd7,train,True
361,ae024b5aac4ed155c73afc7f20954e8eb660b771fedcde5957ebbd2bf9696754,train,True
362,afd8e06384a2316433cf774bf5cc0d2a3df6a2c793da2c330a1ba53919f6811f,train,True
363,2745feed7e9add5cfbc2929b0bfc73b178364bedb97543644b38554c471ce444,train,True
364,a2625b6085a1f5b8cd9e3a0ebcb19c56b05b40271b8223301df4332e95588bba,selection,True
365,ace4ad0a4fe18cacb3eb7e0f24917d3eb1cc31d8a9ad3c121f4077dbcf2da76e,selection,True
366,3e4f991006fc13be18978baa17ed4d46e5266462c11d8621c822417793048cee,final,True
367,0c826771461ecc32be602dfb954e88359987ab8b7c1db97b54c681cb6c2ac0c1,final,True
368,0abf206f273f12ede9917ce978054b3867c1a7a1cb18091557493862e31d4950,final,True
369,a0e83b597bb9fd6207b566067e78bff207a044fb5e31962b929d274ff0cc22ac,train,True
370,dca996ab6f52cfa10cd3232d6e73afa63fce4a729e6823ff39063da2c4b41d38,train,True
371,7ebf238abc8ef9cfa0e6ac7da8a6ca9d327b39513b2188edbf69b436c3630712,train,True
372,64ee9456bc488f1802baf3dcb5b3f7d058177a8e63376c286d49891ababaa193,selection,True
373,43f1d0f4d1658a007bc1c703e4620ca6925c543fd2c65bf356201aec734e2930,train,True
374,f474608db09878246e912aa0dc4f3d7deb28d1cfa8363b0d33040bc89527e848,train,True
375,5eacdcebbe1f107594f205879a2520f2a999319b40220cb31cb46e2d04ce8862,train,True
376,ee421b2181119ae20e25d24fc7e930a4501d9ede08c615d81e22a55e0730d3ee,train,True
377,cf1cd29615f7026523f723f79086eb8e2cc430b0dfce3f420ca68d768074c810,selection,True
378,f4abaa68908d1d7fdaa3b65f813b6ea472041b68bfb96eb0940adc34a1351cd5,train,True
379,fb89003eca4457afb26e0f37ddfd16aa311ffa739c9dd852424bec41f532fa89,final,True
380,f0479e421f233e4d08021da3945ba2ea139670319dc52ed4bf6fbb7df64991ac,train,True
381,e55c11c08cf2a1fa3aa5d4ed1ac4992e651ae689e51abcdfb28721834f0afd30,final,True
382,ff21aad7b8b3dccc57e8a027c8e6e6c773a374170d66608043abfc17822bf7f6,final,True
383,fc6cc260c9c06d1586dda15c764710bd6429aec4739ce9ac25a68524f359d71b,train,True
384,0c502fcb9aa9c79ce0f6c8aa195f7996199e42dca08523041e1665010da8853c,train,True
385,1e1ab009b9c6379df5fbecc17dbeedc6c48fa5f4e9c27792bf3c8b0780a75a03,train,True
386,037bb00de458a46eb1af9277ad13339efa7695a6791e7ea50300752f34995e78,final,True
387,8e25a4ef58378427b8d434c5de8a1a10e6fc9ba11b3de2d709d9ee67e3dcd744,train,True
388,bfa6fe92261082a3ca5e5563db040543e9a587e66207a5ad6fa13d6e2adf82ac,train,True
389,ec6b2e67b4814879a63d137f8cded2f9d9cf39490db4d9a9902af1215ac90958,train,True
390,13818fa43edf088798021446020eefee53afc8bac5e559cb7f99f23d82c6b054,final,True
391,15a8a7adaa9ed49522bb4a27e7d513232cc0e7d8aa3ccb1351efcb8e4feb4e77,train,True
392,6937ad3a9cca63062dacb1e2f2425670fb9fa688eb26e0cdc3c7d634b642a5dc,final,True
393,146b1c86a094e042032d0851393cbe67d639c89d4b2d175909354085f8255e21,selection,True
394,ba31cbe52e2f8a744da17cfc449e35f6f11d42c9e2574f912751373f0868e4a7,final,True
395,462616293a11c8968fbab602d1f82dcdc20091be34fb1ea2b3947a9801781731,selection,True
396,a05365c8b74f34838bf2ebf37d4fa8fc4ef4900fb559857a8d68375f6e39f7eb,train,True
397,a22f39368f7ab1894b034d09b48e29a554cfb03a069778307938a6327757ceef,selection,True
398,2792b05753f80b5498b9da33006ab0b67936fa941100b66e10e5e81e5f5da80e,final,True
399,aa61c8412e7f1c20a3af8c9ae83f6bd595a289e2c03421057fee70cb93fbc1ab,final,True
400,5108d50c9914eba2ddc346af4c3bb0d6184e8831acb2d03f727a78facafeed6c,train,True
401,ea3335081ca98abb722def59b0f96cf23509af185c852d91c5373e605c0a439a,train,True
402,1756a23f97fa164d5eb402dcc6c2549d165eddaad566c5744a4f920da9b87f75,train,True
403,1d82e4d0007532fa74ec725635478e8f2c23ece7ba0bf55501e4ca04aa80503a,train,True
404,3626eceef219f3dcb962340a075e2abf38a7bc5bb8d8662cccff58d8d2b8a1bc,train,True
405,6d732dd03e7af5f3104a1595191da177fd63a03963ea3cfaa08cb693cbe9af5c,train,True
406,ea5913a3241d8fff796dc553358cd88b65df065d7d87f84b48cf33e491bb9be7,train,True
407,26e347cc7e992ed374e725d2b6ce375f01fac39eba3fbdd447c7a5462fe23ead,selection,True
408,d16e20bf170f9a601ab2c24b7d4908367dae4bb5037ce3f99331ad68ca58a665,train,True
409,41cc1ca933088cced42a14ca5e639a2462f3e6d90619861e5933a747f75eee33,train,True
410,5d3bbdeff709b35090f4d1afcd3112e6729c7b6604cc4104382d5b3040b5d246,train,True
411,829b5a76ff8a01ecc896817cea7d648e9b89061909115e5b65fb9ba7b0877923,selection,True
412,b8f24f3b54a4de341055490b35858fd1f6ec5366748462d92ed7fff684786b9e,selection,True
413,694b1c35401f76d4441c53b744a285d90851929eb17d9e17804776274146e849,train,True
414,35a7a559a257822cd514c5fc745babd468fbdbae5b2f08e2294cb6c788a9d481,train,True
415,4fff9f9fe8f458f4ba5e6d08d9cd7537713071adae164b89b777ef2182e08055,selection,True
416,09e8d487b47c47c311e22603c3d6813387b3d6177f8d748fa0ca06410bc7ffe0,train,True
417,dcd4a8c526855e1c6c665a14acc42d237add8ec47022dca8ac094d81e82b7d9f,train,True
418,f50eae4200e81d497cf4430abdfc55d1e72c8be0bd2566affeefb8800b7d1228,train,True
419,f45beaf7ce458832e0dbab3ab010b20fb98f5e6c898ea01585c261902c836ead,final,True
420,44b0bd633617e9be64da2f6799a2d68945018e6f5f7c90e2eb83855335f2a886,selection,True
421,030e4a41e9ccb855a225c10aabd1d5e40b30d02217dec2f716120826c7067db2,train,True
422,4b95d0ac87549dd47d10ae893133becc4a2846cc6c37f3fdf2889df7b0e8e950,train,True
423,ff1229af73eb139b7018136d4a5d3df83c560c1937375e5bfcd5d869fd6d1adc,selection,True
424,236bda58b9fc565ab98d5ed2ffd71d22d63dfa4dfeaaddd4ac5b1ae1290892b3,train,True
425,70f65ff70b9f7d5a5cb68e0e603bb8d0dbb2d24077edd6ac5a50c25b70a2ed3c,final,True
426,c3cf6d84676d6dc823140ff8a3fad2c7f496245eda6c6d2fd1fe7910d0bda61e,train,True
427,69b6635678edddc9e899385e572b7477ee9e25d3e9e31bf28745d3b4af4bd096,selection,True
428,7105a05abee8b40a6b347bbc072d54188817b05e438159e5d9f7a55b5306fd6b,train,True
429,88ffebccd131e9fe3ebd34327b7d5fbb3537b5d1e777df7cc2265d35a28d8848,selection,True
430,98b8c1b3c21419936b804dbed0dadfdb2821f6546b2a0bd824bce81d0e270c5f,selection,True
431,2cced5a82eccaaebde6783bf8ac753e3bf2f196f18d17ce11e72763429af5357,train,True
432,52a6f67a63f811add5799e74edeaf77b83c512cb7f29619e88e1112bf7135c4b,train,True
433,b8a063a74d7aeead88a3e18b5a93004bc4582f6edfe455c57784971c48a71fa3,train,True
434,2175912bbcdd4d8c18fe2e9955210cc0589e85c1e0468827a060777c2cbae217,selection,True
435,04e6ab18f8048752d9cc929b780d97f09c7f7e4e8c95ef9d90f91843d206d993,train,True
436,94856d5db5976cb0650b6697845a36373998f0c42b860f2500c1a0da883d9cd8,selection,True
437,d2c26ccc854a61f927d4ac3ee4a68f9e6aa363c7343879a06e0c95f265255a0a,selection,True
438,5142b1d2189cb4e3a04f3e87e681b69ffc75f7a8d7ba0aa0add43d216f7b541c,train,True
439,cea9ae4ba4dd306cfb17cb3083acc81566aef4eaf4b6f8df0071332a67757f91,train,True
440,79854169b7ccabff780d825f282876bf27ed4690faa75b62df5ab3bf3986e01b,final,True
441,be13b98ff11320711b555bcef2ec04212f6d76caf31677e6ee41587f0d5dc179,train,True
442,371b0eb7dcfec51cc8d3958308caf480c1ba053f7508249a910b6e644e7befb7,train,True
443,363add9439f105882aa74eb6a377673c28e8e06c9167df8a04da27059c037cb3,selection,True
444,84307b72135799d225af3ace2e90dd5a7f57cce1482abb008c344d890d0513eb,train,True
445,78a318f07ea1ee09a299998311d29c1bb8abbb4db92e7cd9b0e61faeb09dae01,train,True
446,bd0c9b2c2a296dbdb99874fbab700c436202cc862faf825468d85a29f1770899,train,True
447,a324be12fb66648027b5b4a6d2f1b0a96816dfadf93e26a2e27be21a3d00f6ed,selection,True
448,d464e2ccd954caeda1f89af8389b415673879b587d153ab64027e611135fb713,train,True
449,a43a54c0d2f2ff1d112cc34e0ef7626ce5ae3d66bb26d24fbe376952087e5556,final,True
450,d9117d0be981cbf1cf8adceafffc0f91ec94a843703660d7e2b42cf21e500b83,final,True
451,b7fc30db2fe933f1aedcde1e2992c9898823fe3e3b88f56013c3b9e2b68282b9,selection,True
452,a41dd8032ca5dba62a86e4cddc504226b50ba00715a4f4907c43eef9f23bc26f,final,True
453,c85f24d57dd801894c4c4c69654e192232edb7846d811e28f40e586f81fc1077,train,True
454,373ab6dcff96fcf5228bedabed5ed29abf2ccbd750b3fc7ce0ef8c649231e311,train,True
455,8f5a830b6e4d993b230154f5a234f9682014c78a46622b1c52d8315fad6abc02,train,True
456,1f833af1726da1a1a550b26b1d27e45457159b976c85dfec020680483a0d3fd3,selection,True
457,973e67402c8495b580c1c1d3da89a95f48060479a4c5246f9e98404f3d9e4c58,train,True
458,c4e575b6ef00a3d145789640625ff8c49a1855b759c70d96e55f55c0783eb654,train,True
459,aaf7355d818fd722f64ecd19d1c1f95e428db1f9d4adb5532c4111a4356a9494,train,True
460,ccdfca2ca7ea9ec683460240d4b8e2feedeb2ea53d839d12a36db057f6f29da5,train,True
461,ed55ca2228f34b6ab8638e29628a9aee5af4e645498e07d6192a68c94976fd8e,train,True
462,1506d540abbe5cd4ad3ff8fa9872b5976851e4311ac076478593910e3329a2de,train,True
463,99d981ab09e48c908e6446efdfe92ee8272425fe0460e3eacf55c3793f02c5ad,selection,True
464,030f7ecadd0084fe30bcc8f814d685bfddaf9683bf88404207f3bcca1c9ce596,final,True
465,fdf3358dc5d246e4e722cc2df7539b829be0fdf7eb64f2b68947b1e7435843c8,selection,True
466,42749fb7bc5820d1f8d61338bb4833c80ca89d18008d7576e0f3043642e009c0,train,True
467,673ddb9de93dd772fe7d8915b0b825dc64862fd3326a575507241431f1d96478,train,True
468,84715f0fbc61bd3c7dfe709186e5ea29d20812a8e36e64bb2c042b382cd94744,train,True
469,1462f0aa07b8b51acd2462473f13144946040d2631211e2dfaf1bcb18e87ebe6,selection,True
470,5ddeb427629d215ce5650df83ef3cb4991220d710281d155c84d2e1945fa8e6d,final,True
471,6cbd1e444cea11598f03dcc8c19f35715c28bec398f819407e4c49529cd03023,train,True
472,5b0f3a6fc3d9425efe8ef90b3087908591bb8d18b0d4a08d62dbc658fe42a33a,train,True
473,e64af3c374bbdea0360406671eff1a6ed0c4ae3b33db5d651f5cd6835a34cf43,train,True
474,97dc385d1af4711cc016369e9eb97245e1b41f9926f6fa418d33de27a6a06e40,train,True
475,55a8df350f2f3881e05a047305e6c669c1d1d842855d8bb17915b3ab813397fa,final,True
476,a506a945fbba46f18a279c0011b33212f0ca47b68bdc2159e64e212ecc9c6642,selection,True
477,8f53d189b1768a8f5510c55bbc572257ea8128df7ba4a75e608228d622cd419a,train,True
478,0b211f9b82e1e154ebde7f8f5fe7c999210044a9ad870e5d3b9d83f2324f5ad7,final,True
479,158a03439f1e400c5245cf766f51e5cd5888cdce260eeda8b38c22851e42b43d,train,True
480,6602e4499aef36046bc0073e0e21727e53dd482fd1ef51ff4f860164ee1331b3,final,True
481,fb602aa6b4d914c0a2df38a2273665a7fbc5884269a6448b4c4e96cadd78dc4f,final,True
482,57e1380f376973d82ba5d386778045fb75b0caa8d13d4ddc61645e812eea431b,train,True
483,cf64227caa934319326f5aa90457e765a490588b36c4df81b304aa6099071903,train,True
484,588181ee66f034f7c9200bb231c4e973339e054e3e9511ebc156083e1802d0f9,train,True
485,4c443435f8e091e968df7f934607e90cc910765fe348a2ec63218917c93243d9,selection,True
486,f4f8e0621c3ed09689c0535c5b122e2b80dd433baf4a106ba0943e3cce09ee2c,final,True
487,8434d6cb10bea68a5a1c5316c0ab222edeca120c250285443ffe230d5aec1dc0,final,True
488,54ac509ac5aba116e0e24e43062bb9b1704f1b2cc9242741b29518d91152cb9f,train,True
489,3333d9931b21fe1c95e6f6ba787e7c8be24bc35bd62039f713353dc4979969ae,final,True
490,25e679fe37c4f14fd5d47a9d1ab5d32f438dcabfe9835267de75540d95aa0444,selection,True
491,4a07ef489855f22425027b8b9e4bd8b82d2eeb15331151173bf09003cb957e26,selection,True
492,094e9732ecc6b6b0a216934cb64ea414527c63e06be1a279cc9bf6ce85352e8b,train,True
493,eabace115391cc9a489e58290d162e6a22a72ccec42cd03e310d989da5add2f4,final,True
494,ceed73b93e854caba3840409ab4fd2d8d9a6831daa3335c2b757313943c9e608,train,True
495,72d46e65e8c7c2b99375c525668c426136889f81b9fc2cced1e3f51b9c4c6a73,selection,True
496,356a7fb01cc64970f9c155e59cb11c7da540ca088d6cb881f24fd397ff361512,train,True
497,e1f3a28e815dc55cc3fee38255471f6f03aaa72648e7e69470d4e2acb6035cab,train,True
498,2c3647aa5d34b33a6585dbccfd0dc973910b1fa60b58ba01b9dead457a8e6c2f,train,True
499,94278fc830bf4ac52e4281df103e9154783bb421351879d6bd55c1730b73dc90,selection,True
500,cb475e9081a57fc58ff88237375963b0fc873838f028d223b5dbf44c000852e3,train,True
501,555b860c2737227cf3adb918724eede669cc155498f72adf8826ae1e717d3d4f,train,True
502,4d26c5b84274d9648e5154412e67cb04a4b9faf98e05cab833efd687e737ffa1,train,True
503,2e218a5e04cb92e0876a41c8645a1df472eb528644b78e73ef96c484904443ec,train,True
504,eb44bea27314f97f8e309e97e64f8e4607fe386f9e1e48bd7cd5eaeb1aad0f17,train,True
505,55c84824a62d0a4556151298309fbf5e5e81ec60b22b746fadcee46de4442e98,final,True
506,aec8bd31591da4842335c14b669d52a61a38c4d2bee57500abe5ed14a4a1a369,selection,True
507,daa326ec523e1109a0c062fe0c32b7f8e26dc92c30afeed1cb05e92e07b666d1,selection,True
508,4b7819d25fbb5d9ecf4ab83b971c08f3390ae49f1063c201521e24c4d7d2342c,final,True
509,08b41f9d4180870eb3d81f7c1b028aa3ed8571e460f819291dd30d18a7c3da38,train,True
510,35547af8f5107cf2f0f81110c2eaefb38e0a0c7ff7ce7a74fe43c06703263fbd,train,True
511,065f47c7889a5a74fd3089761f8ca6c0c3cb6f97162364e47e4a0a7bd42a6253,final,True
512,b0b5e497ad7b6dbfc59707e06dd6ebbdb761143db91e82d9b68af1893a5103b5,selection,True
513,2305f4e09522b5b3498e2a28866724a88ec5aa97920a7e830c598b5efe2647cf,final,True
514,c2845729100b3a94df7ec19adf7e2714161c927ba0f0db3c3506964f10bffba7,train,True
515,88995c709eeae822b4682bfc377e71a6d95038ef5b2e1fb64a59586936abbcba,train,True
516,e03bcdc978075d489fbe37b737c18fc865d603e22349e9c156ebb77ac017a646,selection,True
517,e1d38e9608090c2f25ca0161f43494948b57f4c7d683a67ede6942ba072a570e,train,True
518,8206793ddf3af1aacd75907a419fa2d77a59f6c054e49bfbbe6ff000655f1af9,train,True
519,b5b138871a5efcb69aeff6c89a0f5731c31cf1b234f7103e4371fde955e4f637,train,True
520,0a68fc26725cc864ed178667a7c643994b325357193a3f49db98c7cd777f9557,train,True
521,8fa0d635d6960caaa7d56f256705646df3b04d751ac9af0198687520d1ba7c36,train,True
522,25b8eb75a75c95354ad5a25ea3594ffdc8723764252da8526c863c978cec9987,final,True
523,c57171cde1dc950c474e9e1b03b20c84cc23ce2e97f41c4bd58dfc97f1035d61,selection,True
524,ca1fc2f7f222bcae0b2cd58240c6b14dffd61841870e820993ec1aae684e1239,train,True
525,1491f63ede331f42bc053e8950a59d159042fbbd42a2477cb4c477951d8e7fa8,train,True
526,241fedb6390356417e1c3d07ba58493c72f5188346e78a69395441624af343d0,train,True
527,036f41a01e945146610b3058fd9c7a5572345b4f6eee1338047b7fc129f416ac,train,True
528,8dba0fc1c88edfb31713fd6c9d4a46fc33897a63d2c7e224ff41bcc137ceff7b,final,True
529,518c5c09007a0fc45f3308a20a68adc0fbc62cbd44bff7cbb33205c2ee8d22d9,train,True
530,1ee6c3ac8c4789ce5adc598762de05e6862be4fd4dddaed94c37922d055247b7,train,True
531,d8ad13e6e39bcac5ed7b5a8aae32c189e321de7167ba1255eae97966883f1427,train,True
532,7af23c9bac31649a0ca74ed0c4adad36a73f6b1403b6cfe45e4adfd32ef6f8df,final,True
533,4fd2fa8428b540532283b26de51d3b118b30bb7928a13931344f3461edd560bd,train,True
534,baf71a0d67c79ed26e6321159110e1684f9b798f6b9aef69d98af31494ec83c4,train,True
535,092ebcc94883a475c3ef07c061188f42064c860985ccf1f34eba85db8f7f59a4,train,True
536,a510be0b5226794d75e1d0ffaf42198b2dbfb3a7805c98f3e539918ac8a1d51c,train,True
537,785f517b3f5cdb0aa454d7559041aab6ca605a8beeba9f7488ae4911165183df,train,True
538,6e5f22d44c85804e646082683829a828a8b595fc6a9843e343e9d82153aa206c,train,True
539,a6ac939cca7c627a26094e8c6e57117ed50ece251b42d226b6a9fb9595d2c526,train,True
540,5d9489e779d1fa7ded7ac37daa0071af8796e7f69c37142c86600da39bb8a8e6,selection,True
541,8e5d23274b6703e5e6deab3ad55c91660bd7061a09fcc5db71de4b29049d00e2,train,True
542,349b02e00b9e2b7fafc9e25d45f2ccc0f1a0a3e615badb6a3d3a998ba4e943b6,final,True
543,077352e842851dfa388313fda1145fe3be12a7719ebc5041deeef9be376e565d,train,True
544,807db486f60e52755d57f881640c7faef79e97d216a47fd2fad92292b7fdfe21,train,True
545,880e69673407936dc538b2e02aab30bcc6765333a80eb01923eb0d79e7715067,train,True
546,dd9cfdefb8867a6aa65883a31986348427b144313af5ff059bfff21bfde071b1,selection,True
547,b0fc4af04ef4c452c0aecd861ab1f2e83d5c6efd619065dd2488264b64a85821,final,True
548,5e2983c0ac6f5bdaeddf1ddd109dd4057c57c806011b0c4cbb930df078cb2f7d,selection,True
549,72c148c4bf39dfb5630c0dcd218c8b80c1cd360ef37f7db2be22e78daf7fbc9a,train,True
550,803a7219e1b81066ebf2b5ec4fcf841d9abc76446b084dfd62d8939f3f3dedc5,selection,True
551,3aba1e30669d3d21452f4b9d440bbe88f96dbcf45bfca3e474fcc9e4c43b21c1,train,True
552,c7f07506c9d1280d217a4ef222e2078eb002db2328f7b629a2f8ba8457fd8385,final,True
553,304e83af1c2458bef2851fec5e699ae9e6d519b294575bd16f743392b746cff8,final,True
554,07a8b98bb6660f9855eae342746ced477db1aa047ce94f312ee2f02a04222323,final,True
555,c8c3add3e542a98228457b167c190238242b9f7cc52c46eebf0e84ebdc8f073d,train,True
556,70585ec8ee54d41d5a0ccfeb933ceac7c4d3a7ea24374d53c6beb91966d98b46,train,True
557,27f0649f7530080291090437662c24272b2f2aca24c6ff3b60967a7a8b51f962,final,True
558,c7b535dba5b1677ef30f6f48368c284338329e0fa64adfced6ac0db9e180ee34,train,True
559,cbe69c59da3b20a699b5ac9285501e63b55c18778cfcd0e35bfe842612d4bcbb,train,True
560,e64bd86b603e523cb282de03d7fd9b794f726895e89ff237531b2a90d898f205,train,True
561,b4ab15b4651d2e9b43de403638e927017fa67aa786755289a87d1ad8af12b4ed,selection,True
562,2f0a14d2f4b4ed8e98148916c51a2ce50973e6c1890b19e6abb73091658b3e3c,train,True
563,2ecae32138f32ff15114e0966c2d00282103b3829a5fbfe95a0e1053c251496c,selection,True
564,c532694ae934d1c44d4a2cc205be9a58efa794dc782b416c55ae2f0501b38cfa,train,True
565,8da36091a3b9db9bacf0c25728fc070608466fc30ed2a78fabf56f879831a4a9,selection,True
566,dc9f3aa225c2dd2ec08d26dfaacd9cf4d4d138369b14ef6ca19c367785c64e78,train,True
567,625cc2ccb6552cbe351cee7a294c7fd72bd71a5bd4158b6687f107c828a87654,train,True
568,dbc9b97419e0cd6174f43de13c2fd827da2b2cc54b60d7420d3eb28b015e150a,train,True
569,e4098a17ef51dfd8dc81b31e8dcd788051123c6315b5267e93450cbff22e45fe,train,True
570,cebb5ce485e20ecebacf49b448613a9b096bdb9ad8537fc548a51af53c4ee1f1,train,True
571,c19bba65f48530208271d71a53e8db52460f18538c8f77bd360529790d399e28,train,True
572,5f50f027e1241002fc92bf293959c5b6482715e79e41d7d4fcd2a7cbad12004b,train,True
573,567e4fbfb91876258044ca2daf5e368c9675c5bffe967baaf29fd2a05ad99d3d,train,True
574,607649b953c34972f120aac07c834b074facd141b140828af30caebeaefbe91e,final,True
575,d535ca9809c5e0c3b25a2793c6c30c1b6031617db3250984ddc70f57088e252d,train,True
576,1185783b54a9f1878efe543a0a3a365ec9df6f334d22d133310f5a34476d33c2,train,True
577,8d7e7e7374bb0649cbe1d2f7c0146c86954dfd01df4f2edc152ac76a45fb7940,train,True
578,fd72d305e2401f55a7177673a3c16ee29cdaa6a7f236899564ae884ee67ce736,train,True
579,fbc4200a8d56326994684db41e243e22b9083c00e512bfef2679e8954bb52df5,train,True
580,0a27e95efbf6f4c87c4302cdd24acf527d4bc26a8704d85ed03a7c88c9e8a704,selection,True
581,4ffc3de3463b3d8dc2c9ae41c6f9c2ffca3b7ef86d4fd8be3d03999dfab5514b,selection,True
582,eb33e3a92921eccd2dcd02f6c73e404239002eb884061b6bd639bc2679b62c00,train,True
583,9103fb9090d174fca8079dffb4dd042303cc2256b4885b57de3c15f3c62988bc,train,True
584,550b6c70f7418de54b6c78d317ce67101019e5b352f348f48e7a7eac5dd14190,final,True
585,8bcd7e7944cd64e0433fa1e5299c9b535c299ba91e8abf2e799bf2b4e2476ab9,final,True
586,f2bf961811edf91fe4a296ef202e75ecc5bd5fa57a9640bca747064d10fb363c,selection,True
587,1508bcf2e300df25db7bf6a2094fa5459ea96d6663bba1ecfdac52bc00a57e2c,train,True
588,0d203034c97f340406f77f57d578a66f7a362d1aa2578113f8b52b5d62e96864,train,True
589,5f3d131686969870966c1293d296d221f81be68347b4f6403a5a1903153a7ea2,train,True
590,553dde8bc045dd8e4d3ab7bc775ab50c9c52ff467a248dc9ad541c3315ac700c,train,True
591,a97a11bb1b0a403bf3dea0ca442ecb424b451292464ff7c194b8a868a6f2ae05,selection,True
592,4f322284d70e0f7243870df4ff86005c9383a5d782aa1b395436df98102a67ba,train,True
593,933940b7bce86ff774eec81555fad9bbd8fbbb363992deed68c4c3083820e607,train,True
594,e972361088f16d0cde4070ab1f11bb6cd6b9fc71fb7eea3172fd80027da3a990,selection,True
595,98e86f21db5309431e52a19a986f31893f265404da18d0750c31fbc0ea6a0431,train,True
596,2735e81a433de6ecfdacbb5583ffafde331ef21616f076b033dfec4545499250,selection,True
597,5f3cb5b30dccc305c484474caaf97a947f69f75fbc767b9db864babc14e7eed1,train,True
598,880ef8d89fde348e7b8ff869edf415453e507c72b6af5a4ccfbc29de08ca7156,selection,True
599,8f8e6e2a407837193df4b01d569d9b9f435578e0923197809eab696c6bfbb770,final,True
600,253c61f7404caac1f2560a744daccbe05d982197399767f72ca23d30b6c6ba01,train,True
601,a4b8583e1429ae8d4aac3ded7f6040c048bbf98c9cc622c6bcc1a9e1621c8644,train,True
602,f75ab67d7714f33d8f495e98b89431c1583a53b7a6a936fb3075fda05be8e084,final,True
603,7c179aed6897ef01e5e965e5c93a988e61501dd6d01a1a40dd200749d6bf2013,train,True
604,1995da1cc64bc87e88f5c18797fa9c67574022097987edf4e4b860982b1eafd4,train,True
605,451ba4fe80c593fb9d3f71d3934d6a2888ac096b0d5cf14c7ec7fe3cc744f438,final,True
606,dd3c6bbe65025d2ff92c7ded27bf8101df4470c29e0f9351eb53851e29081cc9,selection,True
607,9c66b97817d9a0a09fe980b3de6c8b834e342423d53407a62de8e10f2486f17a,final,True
608,adc5b1e0249129eb8598029d4beb17c5e0f5d5ba10eb90722d8d51d8f30f9d98,train,True
609,69b8e261aec1188c96df5b01d3f812732ac7d40f9aa6641349ce1f186ae67662,train,True
610,9d55a2d2862647fda4622ef86c7703a85d1d804296169771f4279bab50a383db,selection,True
611,0eb6e29210b8096a6741e20e5c92fd576273a1a74fd58c1993fefb92cd56e3f3,train,True
612,2eaea0ee377ae52c7583138c4e6eb12894d4904efaed9a84a67da609f3c96fa6,train,True
613,2262d986328828e71964c15d4ae670e191d99f1767f1a4bf6cc3d994cd331f6d,selection,True
614,61ff9e34764e85608a4bcb357a943c6a46ffe9c027f665533e7a7cb3c0e7aa0b,final,True
615,f561853c05059bfbd7e79d5b1639cf158e20c7c52d1a704c0e46f52b819c923b,train,True
616,47c97e05ef9bfd70b38a8d1c4994beb45e63e848d196b40d718f95a801d8f81f,selection,True
617,86fdaa8e5972c29fa043bc494f4af8c82807a56abb35caa9078aa83900424abf,train,True
618,2b37f6d90a260906dbfbc1b07d98a21b1aa19ad9ebaf682160027ab4f7c2cd5e,train,True
619,d07b9e326ac9677ac0009cf89123224e1139055cebefe69b52149f7dcd3dea6b,selection,True
620,3eafc2995cd820975ba7ff9e0646f700900bd3a3b690c63c7820229fe4f36d38,train,True
621,5dbd926da1c45d924952e0f510decac46bde57125514d705d7f9aeaa509cbdb6,final,True
622,2f9520ad2ab55b8dc464a59771c7aae9da83912cd6651741f11647dc025f4407,train,True
623,a0075d55380bf42199795798ca943d8e05cf3b07f3d6c95eeaf37d8f475a619c,train,True
624,b260728faeb5609e8b60341d253af8c4b480abbc471b4e50f9fca7599e2f9d0a,selection,True
625,a3be4c23e25955a581101b850f92a2220d58adc0842b0280bb3991e31c93acd9,final,True
626,dc9c226360792869cdfc4d40d5f80942959bb843aba9ecf7dc9d4b036e8472db,selection,True
627,9b2295ecdd9d2506eb9568b6a0672ef44c8871852e938a9e11d2a03a526cd267,final,True
628,64d288cb3c980cfb79c3350d6726313a92d2edbdba83331b1dbf2d2c0195d9a5,train,True
629,117a7889fc8c52908d61826035254345c64588486ae7a23af6937cb3a9ce638f,selection,True
630,8f20bb289322760256205d4470852ff4962e826c86701d0c763dd28d665db6cb,train,True
631,31a8d9489d3257610227f2a27ee23145a5fbc5a4131302ebbc91c94e9d3c9f56,train,True
632,b23de55dc4ba8e6a983877988809081d883b4db7d9ff85f1bef6460ac1934fec,train,True
633,768b9c02bcff31654748779b17c67a4bed0bbd830d288097d90de075e1c71c27,train,True
634,acba890c1a47bc35d7cd5c866ce9d4a6fc0d1c95f7e2b4297ac7e10fa285469f,final,True
635,55cdb8e4356b652b4a62f0e00eb3197c2ec629e1ac2cc453a5013b3c1caa6672,train,True
636,4fbec43a713d1d5e9bc057f7321acc2e7cec149a886a9580d6bb9c5db09bccab,train,True
637,48ac28ba440c9ce2d97f883a7a748ebf41c0d27dc643b01e886d7a7bafda27b1,final,True
638,e70f6cfa40af0835e103ed402fc20184b0d8cce61715d0060746c34c5adf3ea4,selection,True
639,f69980651a6ac175c37097695f53ab4b8970b071237d213a7e413d43abddf20f,train,True
640,55af19642a6c4b0c837b9bc3070e07dab322bbf4358b8c44c4e55abad700e1e6,selection,True
641,2d3e52209aab56cd6631ae14459181e93f2a2b72496f19c17da0e3f984e96744,train,True
642,8404203773a43576b0c92559e71529cef35798965e12dc4c88a7831a2763f20c,train,True
643,223fa72771d692a689d5a0833d7913a383023fb1dfc0d2a1d6489ad9608d113a,train,True
644,26192146f0c32aea660670f143e502a679d1260ea62403154bcc452bd0ac20ba,train,True
645,97b5f706f267a3c946f1b51c89e3636c1b26bb4b6d2d6ce882962d0916d0079e,final,True
646,44d5a3c59398d64c92a7fc1d9461d370caf044856599224000bf13e97012babf,train,True
647,1cbeca7e81e4918735966bd0326a0f38498f477bcf3507316266690f2569fa40,selection,True
648,676ef5032246391b9bf82053127e400c59c456a58dc7e6d944b9595ed5153541,train,True
649,eb8ec482828eae8b0ed52c4b0f48b20d0d7e985a9a6e4d397a11fa7813819e21,final,True
650,9645bb95a8b50c844761c05072d782e22105c0a25b1524d30614bfb41497802f,final,True
651,30d77cd2aa99729aed16ee40f822a15d80cf170280bc24da420cb4cd33748bd5,train,True
652,557a6ef47313bde8a4066c74af27b188a4354ab06d81d118a59c027ede0e6f44,train,True
653,58a98861138742d82edb419864bf1adfce0a370e76d56b0961c915a75e30fde2,final,True
654,7900bbb75e6ae05cef3d95ec71725b28bf39a10e32b30a547f9430dae5c1bff9,selection,True
655,63652efcdbadc51e36b3f175775ecb736fc8de37f8581eb8e70ce030c346c8dc,train,True
656,1ef5ab2fec4373feb482f928d997ad03c92713bd52bd324edff306817ace6733,train,True
657,db2b938d6850799f5aed2012104f64dfde19f064028319f4becb03b02d69d0bd,selection,True
658,6597a25b4a6771d65eda86f7e59c3391aec678e7907f9a6c534983ab44abf6bb,selection,True
659,acd0b950059cf4fa3f687e71b49fcb37f37b371a29da360c9e85474581c8f3dd,final,True
660,970dcfd435dc87128ae59f9a26747f773d469f46c3d9dc79f66acdbd5bdc8456,final,True
661,28913364323c0bec46d2ef2ad83680cdf5de8ed3b2c060ead93fa782ee1eedbe,selection,True
662,8bcb78386f245c6e1c7cd0764227a663d340166078cee1e48acd11066ef70d76,selection,True
663,c3f23e14976efb896638b4c433c8b7014afbd851db457338c8ac3aed33038972,train,True
664,ad96647e1e3aba27cd2dfbff4109a1e4f5eee49a2f218135602c237ddf55d763,train,True
665,31c8c8791219903d2fe0506073f8cc663f354104876ff9a5426fcaed35766961,train,True
666,7198efbb3d9c9f09da707dcdd63585e370579f68e0a3f102ba85acbc3ceaa539,train,True
667,07420ffc6422fb1e1edf79ef90d855212ed61563aa62576dfe5ec7baf2deaacc,final,True
668,440f9043383dbbbbe8b2ff0d1d1656b0871e8d0b256367ddf8e8a6b25dd47113,train,True
669,4e0b03b9766df6917186dd482cc7a6c18c9ae9ee487bb7ab6c6916ec88e2f9da,train,True
670,fccc6ef176a0e6b27f3147caf0d77162201620f9dc96cfda251384b10568034a,final,True
671,346d64cc922f945df9fede257c7e9213e75df87b479a00440d1c5cb0bd8bdb69,selection,True
672,08a96037071673e2a3477e173a977abf27ad1a1d4f83663e08ceefffae7395e9,train,True
673,fdce7ccc697db62cf9825c5470a90e1ca0fc5c54b44d1ed0414d79489d928244,train,True
674,c000f5395390512e0760c88b4aedd63bf271e9d3f51555959e54f7a32088d0f6,final,True
675,bbf849a19b368a17133f2258edb92f020b5400d11fce59ab9f8e98939cc9d002,train,True
676,6323556adc18ad97de44b18fa82fc924fde5ca38a72d8101e872cf6b55b7d770,selection,True
677,dda9b692905df41f2309e0395f6a3a9e9da7a4819c63c63aad4a418cee67a77e,train,True
678,7f249bfec36c276adc8a272de43b408f92ea3a8d503693056ff8ecfcc43b418d,train,True
679,dd6dbf989fe2cb2fb9b1b6024537156a431595a56a0525b48b4549ea97764d99,final,True
680,d6e1723d0dacb6f56bc68a303bdbb7944de57730ce9f5dc38e27a3131186b800,final,True
681,627e0e6e68d13d6a8a97454dc054adf4a647e7b09b6eecab17934a42ea7d2b35,train,True
682,ecc2450f8e447aaf37044d2e2988b0b12eba0454acc5dfd42e43cb37425e9dc2,train,True
683,0cad8e300728c7b284d25c56d352a92969bb3838e22f51b958a4f91086bc4928,train,True
684,1dce962a75570e9c9809a6b180b47795d14308f09793480e7fdd8c37e90ee3e1,train,True
685,f646b62fc10ebe8ed4035861e549d8e655e334d08de04428bcd47f9169d20403,final,True
686,cb3683bdde8c7db376c5913a087d48650068d7042a3f5111dbc911a6d1f01b92,selection,True
687,c57a6f172702badef7c572b138ec426511fb74ae4802564b2e5e5d6d4e05a60f,selection,True
688,3f3c677df6bd7c33d723ec80ec928c9fe8728261e02b1c5f43d3985d9d1c8bd7,final,True
689,5caf36493172aaf30a508bfdb682bc381e4730715a3c4772d19ef12277fe85de,train,True
690,41386f37059331e8b08bcbac0537b4b34ca755e7b8927299e94cae7ea63ee76d,final,True
691,8bd7d07d4aa832555a93d9d16747ef88488a6346f0033e7a0b7ceb8044b18592,train,True
692,14e597852264e083ca410867f7883d128bd07203dff50960634fd651a4985dd2,train,True
693,f3ab1dd689e9aefa37db20ad9b32a9e121b1b7edef50d8ab5c971c17b5728c63,train,True
694,67eba3873301192b797d0e05b7ddbadac7b603622da8e360a6affb7d1a9477cb,train,True
695,fc6c8ac2c99798c992eafd2c8f21f3340cb59e7cc36e352347a88565f2c9ac84,train,True
696,a40addcb46b18b4ddc8c442bb2054f83ad60526e68bd0e39b93ec307e6a6bfd0,selection,True
697,61a8c7fbb178ae78bccd70177112a5bf0326fe4c1bdd5aaa002ac1f6a3e1956d,train,True
698,8ff8983ac86856f0567b86c52597d74de4a540c09cabf9a1cfd1f97ffba4acd3,train,True
699,bddcf5752911f1cb8c15727dff69b90a78f48efed8dc8896ac3641ff83388f1a,train,True
700,5d416c2606a9c992328b6444c57fdcb1c2be9b9b08554e032d9ca31de4c1bf93,train,True
701,95b89de0e5a543d9ede0ad38c737e919d32ce497839a187fedbaad0673766527,train,True
702,db6199d3766bf04c61484a7cb306ad7877f0eea62360411f1d21e89ecf25ab07,train,True
703,5c97f5a72e1511f00a4554efd9c01ef455a3f5996f548d724743501d9b0ce1ff,train,True
704,9c4a2d9772d1ae5105f23e97222fd6ccdd6f7d573bbd7d36dbf2609a51e60bb3,selection,True
705,73dffa2293e8a9413f0766d61eb3618867b7991614ca20f5e853e46d0b7baad9,train,True
706,6e7f59f8f5717befcf6bdb67000cbad68636e4f8c9ce739c364b98c574c2ddc1,train,True
707,d593120ea01fd0ab1fabba0dce579ec37073c86d4db91659d62c44d909cbea68,train,True
708,2b9f0c8bdf00865a92a199aad89c33cc9acd1f3ef4faba4fc68fe7980a545a7d,selection,True
709,3b344dbb34496d38db684916b0b26e7bbe6e2e2d0fe5f6f4499199dab7194e05,final,True
710,6931f5f8a581fc4f5ea0fc95b94d856d18de03f342b3cba9f98170c79a20021d,train,True
711,42e164a8b62e138f93997bcd4ac3b4f681c63292d169eca4b390c816fc603a27,train,True
712,55786e9c067fbf9fd1c1cb94eb581b290c3d931a1ebaf9d52c076fa5733ed88e,selection,True
713,8cf34765df4099ffa8cf208e7a84ad4233b3f99cf4b9f3c2b3a9ad144147366f,train,True
714,68b1850a5c0b21c80b705c3e7469e10c6747e1890cdcf5e317a1f68193734d26,selection,True
715,030a870f6ec53de2b6f54acdf72d040835898e6c6ab4d14b92e86cb5171e362e,selection,True
716,f8b2160540e1d4200d9c4838a537689b9110dc7573c26fab9f915589c85a4c35,final,True
717,a1e0d62efa88c725bc8dbb3742160cece5dac8786b6895bf26c8c1c389246886,final,True
718,72ce39f96f2b596d630709165de106ea0c43acc5c66c5769d2debd40aac24437,train,True
719,a17f0ceaba74a8d4c8b7d7701c35ce802e009bc2d89b208e6831159406091945,train,True
720,ac5e4ee349bb893933e848a75e6a534dc7b781dd75c553843a68546d1eb03002,train,True
721,5f513bed5f395753ee6de698576a2cef06b268960079a2bc3cff5edf8826e8a6,final,True
722,94392a33076f36e38291e59b7fac2201c6a8de33dd62c8ccc6e7d8f81d015e8d,final,True
723,269466e8ae32e98574ae1d4e8f904d54d57ce1d29090934738cfa6c8a4d2303e,final,True
724,0009552b8c83c5d16226eb2b78510c8d421b3e1dbedd5984c4d51c979a8b7ccf,train,True
725,bf9d41449b461952cafd6ce7d1d0f1fa9bbb1e643a2418d55b86656d7d6b6b16,selection,True
726,90ae809ba6013b80a617bf8437eea9eb2e36b27a094d36d089f909c4ffaf700a,final,True
727,7539e5619e8dbf5d211187c0696be01bfa7ef9f41454837af42435ef56823c57,train,True
728,05b5e0a015cc690af45c72c86045344ba428c66d4a0081e79a9065e6d3c44ab6,train,True
729,e0a0cfd0ed2948ad19ff0600a5b416cff245b2b848d0bcd2f7c5ec11283ca4e6,train,True
730,cefb504d93a4070e7ed5da742c20bab931fbf2fe8502668867300959e1e4d14b,train,True
731,0612f7909ff3052fb4f4155c53601778ad96b826dfeb1d2475aefb6bebfeef2c,train,True
732,e0927f7333a41062ea014b718ede71f154caf7ffe4cf6e183cb1da7b27680a6c,train,True
733,a03520b017a995d86fd2ebcaac6f9f7b2840b000821e789c0798b19544b44a94,train,True
734,8f379dc7ce0037bd4249fcbeb13414e1269414f7427ea2105725a714e7d9436a,train,True
735,a14ba1360544fc376b79c9d9c61ad98ad9e1bc2e84bef5bbaa483d559e962e5b,train,True
736,e68ccaa796adab47437eb85d8fe7dd6d5e9ee76416c22058297e2404fe02f64e,train,True
737,2460a113997576e679e61fe8dce1a9940858de38742f1e72e50de326cc02bd47,selection,True
738,31e80860516214b698df4726c3d5bb1c1dcf2c523c45644ab1c359720ed86433,train,True
739,61e271203c794b5052e84cc9ecc20aca5843f5295f77adb6cb40ab582505e1a9,train,True
740,6f7b7139db21b1254ecc022f80245d34b55e4c2facfa913d8fe4d6487c61f0fb,train,True
741,3e3bbccdca80bae4bfb0f7bceb96d740e1c5b844493fd4b3046794285785bfde,train,True
742,5d6a14f724e52c48abae30fea8ffa3390e8a17c86280af430ef969aec829e4b8,final,True
743,77f00cfe4232332df625ff0a3348f279049b523bddaec92d4861fa3eb58652ce,train,True
744,6ae48f2881c0d824cbbeca2e781c9cae97f3002847ca0527ee03af6095aea255,train,True
745,62ef506c92470378ff2fb0d3c4e2e181553060a65b7a433a638efa78df5853f7,train,True
746,3d99efa36f82a82678982740c3e248d7585cfb49496173678d2aed359bf52286,final,True
747,92dab88a688a6bd7564a852d606cd28dd8a3a3214f05a8fc72e2b60f25b0b457,train,True
748,3cd0e2c62ce1ea737a790409c17eb998bc5105e5c67fe3f42f5d2ba0fcf6ed71,train,True
749,956a0746cb2d94c20f8ca752f00eed3eb666810a7693f8807bb30f4f311353fd,train,True
750,6b81043e3531806114b1b15af366a3f7f2b39595ef2745a108722f7f574ebfc1,train,True
751,835a8764428c88ed045702e05c30038225ebb44fbea35d79c5fac94358e10f10,train,True
752,46c97b5a85b9511c9430aeb5b808242c3a30e40736bf98c1e51a266ddc408f40,selection,True
753,0336515b37f31c4e91962f5b9f1cdc2a1ee4dd0edcbf057030988b61ed9073ef,train,True
754,112ae80ae3738498e2b9353e45238ffaa36c3ced2b9e5b8b613b489d35dbbe5f,selection,True
755,9790016b1070d34f4417f829dc13486aeb372e3b227b3ffc00bc0ac7be2d8dc3,train,True
756,cbeaf51d3f5ad9a6cb352f573a316b884bb725d1212909a2d27a9a224f9d79f8,train,True
757,c1a41effddd96ec079346ce94d64ba612c0021fbeabec0b5764ed66176d9c8eb,selection,True
758,04564073bafdea369a0158c6a370d5bca5613a7899948fd33e9b47e505639de6,selection,True
759,9b13d4c61ae2a0d24916ad591dbe0981bd21cfe4e66508f93ca714a67e87db0b,train,True
760,bb753e963cf66c92f9aa76f9935d80384c2dd50f4e21d0a1781d8ad1c2f9ff15,train,True
761,242a8bf8f0d5ac2bf0f403a0256f0f0022619a08771498823886336756a2fc96,final,True
762,1493b3c5dc32cf4b4989ef5ae3c3f4d3944bc23260d8ea8425c68428dc0f7c74,train,True
763,0679c253031c16b655891a6d9f8f18f9172d14f65d17d87c47660da4e318a155,train,True
764,af03eb5ab1bd4d4fb8164d67890792e81e3e2ad1c72b3c676de0edbf817b0c6e,final,True
765,cf537d09ba6cc4687fd9629a639703db4fc3ccc5b63f9f804c197e1da909f9d7,final,True
766,5db01061c03350f798538bece5080c6c67f3ece01708c95540af2325975c6f87,train,True
767,287bdb663675ac1355d42dff639ed49bb60dfe5a4525d2323fe4048d81441af4,train,True
768,44783e4c78d03ace857418349806b800fd6aefb4c452e1a24208cbd79a06c21c,final,True
769,720b192aa8a5e955e64135c84030fd63385afacabc3a0bcaf9fbc47caeafe064,train,True
770,461b31fcc17c849bd38881f3df061f51cce675ef955ceddd90df6280720b6d78,train,True
771,51ca644167006d5b920c119c1e6788fb4b7d77bdbd7e1518fcbc04dfaee5c0ed,selection,True
772,16ee1810c9cc778f0cd0a3d456f6561ced482a95e4af38904973d2c9a11f616d,train,True
773,cf2c89b17aab21aaed2fe3e3541979b4c720d0176b715e0c3064cdbc8ba09afa,selection,True
774,451ba4fe80c593fb9d3f71d3934d6a2888ac096b0d5cf14c7ec7fe3cc744f438,final,True
775,aed4d65a15b03e9249453ad1143d21edd2801ebfd5887a75fb70fc7652ef71a9,train,True
776,c0f2f52f6073e25ec1606abb90ce6f2048895bd3995d1f06967c60f6d4c32f58,final,True
777,06e172615337550d7a699716529330119b1f17635f2b1e5316892038187ad1b4,train,True
778,eb91f03fd2f74f252d18c0712e450be7f5f15c83402886d49907cefee57a33b7,train,True
779,a18a04928be362a378e6d9128ff39f10e8e3895760b4c731a8fd432d5abf1a3c,selection,True
780,2aef9cb5508245946dabdcc86eee1ed7b2a3f4145bb1f96bd72824f54bf0b1b8,train,True
781,49e0b7a0391964475bb5f82d8a2145d3b1781ef26640c6959f979a3ee0c523c8,train,True
782,537fdd72747116a21cfb40c0b778bdaca25e4155eec63a8d0b543a3ec00acbe9,train,True
783,71f0cf48c08272136f9f9e63174f2e41861a9b3c3add9951e6d84723f204d66b,final,True
784,4ae6835e28395f49e1533b7c32a4eefaea2645a2261218645d2b1c311b0e601d,final,True
785,1838ca5552ae2cb3f3cd6902bcf928f740cb4fe1bd0cfce97a5792fa95494a6c,final,True
786,7b1368fc6ae423865ea204048a37b6f7e664488855e3d11ad4d34e36e59a8d19,final,True
787,b4bc5e746d20c9f4c682a2ca2dc11bb6a5658126dc662fe34740d0f60969445f,train,True
788,14c053322ab17b30f9647696d1b1c98e6d249ce4ee1fc53ecbc245de10cfb878,selection,True
789,c33f058bf90181f2ceb1b2de61b82995f9351632f1bec7ef1d4be4760a3216dd,selection,True
790,d1852b2397f1e7139e280afe7f186c5e0d50a658706612daa07ad764a543e215,train,True
791,f0fc81fc1d6c43981cd6c9fefebc4045a21e6cea11aefb2b1e6577741b989b9a,final,True
792,b8026e02a2475c5c93032b19e6f84f51f391c1db2076b7e7b0f2a744fa8c8389,train,True
793,cc91c6b0d1a2dfe770b4d4a9cc657598517217903cb5fb1c47d37d3ed0195a71,train,True
794,188e0af7d95dab486a73093f2751630c8397a936a8827f4d357d5a0c924300c4,final,True
795,78739def6b263f0885bb735f14979d8679d623cb6cf549c45a3e92b9a1184d50,train,True
796,750d851b0c075c0d5d4e17f3f16fe0384efe51a5650edd6176b5ba1dc3e24e9a,train,True
797,1cb3dfed4c6d20b31f765f48f187f712eb494d8f59a0704f5c7153e35c0ec20b,final,True
798,ca7e5a727ffe57af6cc19d5fa76ebcb43bdd85ab8f08045f707ced216c47788e,final,True
799,48d1ad561e2073aef9ed787805abacb16fbc958bdeaec8f63869a7ad844265fc,selection,True
800,f037990bebb016e41c0f837503bfb3ef3cf7daa810f4c266f91e1eef688b1b84,train,True
801,30c60b62dad0117eb92c726a5c24cf6fc844644867bab9d98584b295a93d7e29,train,True
802,e79262ab3154dfae60067d9889fad0b756984fdd22e8ae1fe4d81b735dc82ae8,selection,True
803,03a6fdf01e59c2199ad324acc23c8ac759c342991ce7391b0628112fdc134c63,train,True
804,64f7fe5cdf458f76ed9e222679668b76a2531ccfbeabc2681c639f6ea3daef4f,train,True
805,f0713fc9e0e934edfd35fdaff27b7cba48108c604a68d1cb8c1b30ea2ff37364,train,True
806,8bede053ffe7f8b4693111693258f5a523c9c9f563ffd40a6850e0e725c92dfd,final,True
807,d984451f72b2736be5b3c9b82a3e6a070bb175df522fb32137ad0200a4e5a3b9,train,True
808,b2d99878fb4e084c21ccffecf45a1828cb444689c985108c02d14e38124e3f19,selection,True
809,b3a637bc77d1b09a588dfd71acd69b80f76ecb636b2733be8aa364cba218fe60,selection,True
810,25d96ea7ada8c12a82ce0889a9c9581a8ec8db1ffe464bbd1180556626d836be,train,True
811,c9979ece8c349561b5a2feaa5ae15942735b686b8b268726cfc28505556b0cb8,train,True
812,2714670dedf1fb011a5c88663a3231d33c78fac30a12e05dfd58e0447682f73a,final,True
813,8864ddd244e64f67658c3dbeb3a8ce2fcb3e6d27ac61986c73f096cabfd221d8,final,True
814,7cd0858f47c9bcda044d4e33fc0f6b7b6843977fb923c357ed263a236193aa1b,final,True
815,e980b837257f5be79ba3007f706cd5983f417ff98a6238372f6640e964fa9702,train,True
816,0d5caaf8a864cf0c92db597ed523b883141689518e2ebde6dcfaa26c3c856910,train,True
817,25f38d4207142a6e044bee1d9db97cba9bf02fad070baaa3a5c3cbdc86ae8c37,final,True
818,7932263ec5fc4377d8ef95704985ee3be01f53df98b338b246c3dc257117b58a,selection,True
819,0c7b466c9bdf745ddb608fa33100712ab3a0c304013275fdfc3a6e014be515ed,train,True
820,d3046f499c53902d500c0ba0d352afd4f379d52c7a1837b78d1ba969a42a6530,selection,True
821,2047a836cec10345f1fc995447ada813e6f585291bfe136adf51889c978ab537,train,True
822,8307c47a5b9752b05e97844a00ec338d8730a10e9f751045b41a34481dacc149,selection,True
823,49e4598d56ad711455f3b0a26777fd5ba770aea6a5ca746d2f8ba6633a73670a,train,True
824,52e38d5da1a2855a2b421531c075605f67ee7485b566ee74f439859d19ad88ba,train,True
825,3e297949029c761c9516669ac3ab1310acd5803e7e7b8d620c9a9557e9e31397,train,True
826,cf7ec92e3aa1e5ba62ca06e0f40a613bfa1c43d44f0f36ea1aa275d817c3dd14,train,True
827,7c4e53173645bf0b385c6be836f6a7228196473ea0479930883809f808a76429,train,True
828,f56f60844fa88de922b8d226670574391c3ff476d2c2e55d5bb868898cc881f9,train,True
829,685a581c23e3d4aa3ed065b7e5b3f858fb6b32933a0931f4e1e692aa78162182,final,True
830,f4ae83c55b27fbbc3bfdb329edd16a3e3bffcf4edbbe2da4278e79a961e76b21,final,True
831,ba8b8e9b9a03306d77c91378dbdd9431cee911da0126d85ac2bbfdaef51375a1,train,True
832,48b2ff9f2f56dda847b37a82b213aedd550f5db2c7dc74126a31379fb6bf8d69,final,True
833,024bfa6b47a6c9a38eebc2d15fb4ab03aa214e8e760bbd683966464e2ca2c5dd,final,True
834,8b8bb03607ffb645f2d13ac5711ff09930ca04ab59a2c008f84464849c54d065,train,True
835,a932056660542b6677a783d7e137e640a94dc80560b4352ec573c843a2c4d5a0,train,True
836,c4e18e54480cbbc37fb3f725c6bf1a81ce83d48f474ff5b46dc4924bf4665505,selection,True
837,10f55add52746057a7d26f0a6896d0489dd5d7af91eb3b8357d4f7185f7aed3b,train,True
838,77a2b4dfa72b24ce8ed64ee6e40fd67cb60fb6d3789aa67e126a53270adcebbf,train,True
839,cdc1562df1c6e83057838a758ed6ea08cdb647d4a5849b61788e2590fde79728,selection,True
840,aec10fdf08aa852d8f7892d233d2d3ee0e837dfbae0a7908ccbc4a65218d2b84,train,True
841,46f02de90fd3912ab0437d58410868b00ae4ebd13bb05b455be7626e970d60c2,train,True
842,0251a3c23e57554049e34cdabbe6dee46b119e4d74e1860eaa4cd17cc1c55229,train,True
843,b77d6d664ccc27ef225bcf75390fd6c9a24859657ca006a51d542495ad636b53,final,True
844,252333b80920cb6345215a08804707f7607ab505930a0a9bfcdb714243f0b4e4,train,True
845,f52950a53fe92cceb7cfdb80becaf8377d9ed5b966f1659572b25542f39c9bde,train,True
846,da3ccd91d93976b705e2b797764e6f2c605e17712ea08955a27d5830e8ae02ff,train,True
847,7713ddeebfcb4b87755e9027e197f74e9b242f117a94a43fc696f10469e7da55,train,True
848,678fa8582d58e5894e70ac4dbb4ed1640712550db9014caa3b0d0613a84833a8,train,True
849,429634832060d0efbea649b8a8b6c6dd931c4ff63e8e5f849cddc7cccfb33690,selection,True
850,46c3cc846879becea061a365fb9a928a051e3e644152ac62952c884b53181322,final,True
851,d62f870e953c89b6a91cf26529c50a4e62c79c41cea7ac5fe800ce00008f5686,train,True
852,66a2bba8bf89d85ee9776c9625a4156ec60e141b23a92aa9d4fa13ab91a49aec,train,True
853,2e91b9395592c885d955147ab50c72d499fb148454c98654857d00495392d16f,train,True
854,1cca742ea3cb053ea8f2fe8edd77abc4ff08d9d0e154800c0e9c904ae7f442e8,final,True
855,b8e983899c6175b869341cdd6e23c696b95040847706ba756b833c6c56fdf5ce,final,True
856,a70322c60d8365ca6d0357942537ea037a604d7d33eb590235aa8dbb3d75f5bc,final,True
857,8298aebab97960928525ff417f9a56a4f1d6ed267204958b1ec25a375643274b,train,True
858,aeadeff5a7174444ed0759969faa9f9a0fb0e35050d6a054e67d2ecca87cf0e8,train,True
859,4f74775ba674c870cb798f383aadd3499135b4d978c1dde1f5563edf6c6e8e1c,final,True
860,9cc75403f71466965a3dd29d03785700c311c536d45fa177c4d824964c682c72,selection,True
861,70318832e30626024f81d22abcc0212144b3d8b5800e126681cef2d1a09abc2b,final,True
862,be84bae63aa9c84b072e12b4e9db88cc69167723630a65b2f717e812d4785789,final,True
863,4d55c4a45d7b894ff6b208a807977a5ce3f02c01bb4652667b420b63d864e9d8,train,True
864,b9fb2583c9f95fbfb998b975045d5de3bdb09bf96ce1d2ecaa321cf8c59b067a,train,True
865,e5f41ba6692b4a98e4b0aa10d87861f0f26bb3a1eb2c344ddc7e4ca9beb2bddc,train,True
866,e0646a26187587c235325c20ac06f1c4c1e88b466d2f76d998881886291ebf56,train,True
867,4b1b47b2b1c7cc8304c73cebb223a3bcf43a728c43968afccb3dd8a991f6be69,final,True
868,327923efe410bb3aad8abc7b376f8e318e748192288121bb527fbd89e1d927c2,train,True
869,a0c1ce8e12f803d4291e4d1a5933c34d228a208779e1fef289839beb0109070d,train,True
870,5931aa691e53ef3b75f704e667800820e668049e5e4cfe91a03e951de2b811be,final,True
871,aa40ba183e2af1327bc3f53aebe8eb4defb81ed6ee4e7c044a61380488c798f0,train,True
872,e6d099922815ed6974fc59a7deb07c69299630c0a71a3fbefe1602e696bd6cc5,train,True
873,1ce3f52f53fa3d7e21c53fb58daff844c06b68f8b572c1d52d6033e5d739478f,selection,True
874,1a6eeceb9da7c7aa0481993d030aa8360d00d0e586d152c22cb4d68e15727531,train,True
875,aeaca8f2b073ce73e1d511235deb7cc47fd240960e5b050f6ab3f256f6cd448a,train,True
876,08849b70bba3d7674e6537b532ae0ef7685af3d9a103727a3016276b61d6d0ec,train,True
877,ee858684ae3f9ec988551421c2694b9b60f4d3e4c65ce38709432a0cffbb6f18,train,True
878,263921330ec9461236a9b21df1d84f905aca9e3e76c978e1bd7eb4431ac64c6f,final,True
879,603883f6415f58038e99a19015f91dac45dad71d7d521ad5a48573cf4825576c,train,True
880,72f237634295aaf336c3a621b0e2539fb70befe73bcdda552ef22294687c0bf8,final,True
881,d513ab595ba89f7ff88bb53eb0dfc186410ec08a19bdec62c2a280b48666d669,train,True
882,931ae298df4b1611549bbd83c58f46b8d2a84e05671a3c9847b66fd16dc7dbbc,final,True
883,2aab6418998381f2e5403a82d2a8ce86ca982ca0190bda4d4836fd91fe963bf4,train,True
884,d7f9bc7adb1c6e5ad749b9e9f21d6915d423b853911e740518f6ab663d16523e,selection,True
885,3f9834645d7c43fbc42fcc140cca4cdee21f42a8149bc4ed10b46b8dbaeb3b58,train,True
886,753281a229c0eb4f9e17f1f60f2add19d4d7e19a0338bbf6739734ef9f3b39b5,train,True
887,3d050cc50ed6db8d4b7c4e5f2125b3b37dd80ae726819ba0234adfda898954e2,train,True
888,636b6d4014ab05112ba396e51fe9cb9fc59b40a561eac404beedcc5151db6cc1,train,True
889,3e261582280d62926543ce69629117b5e6ef99fe6e8be76f88a6fe20cb1109e1,train,True
890,7fa6f4d447209740874ab10788180b5bec06515cbbd7d1c4fa612385ee75f759,final,True
891,25c8bf762e43d574f53432319e47ac31ceed1bfdfe763ae759f8275c67ad541f,train,True
892,b24318a864aea1346d78e9246bc3018313c2d2e7547146b2480ce83abbb16994,selection,True
893,1e9f81a8f42e7245c88e7336038d93b6f733a2170372f0db9f4023147ddf755e,selection,True
894,94370c3191d830beef2ded2b9954aa1f03b547fcff2679aea7bb5275dd18fa00,train,True
895,bd1143fb63517ec2c8ec26fbb14ee1d1a97bacb2bbaed62d78f8893108df32b6,selection,True
896,3474abc20e77ec2fdf5c3c97680a381703cf57be62861145d49693509e4a563a,selection,True
897,febffa68027b48e8d8a58f70ddedb1ba4382019b95298351756d61ee559da2ae,final,True
898,f2ea34f66ac28d0093e6c116eb5a14a1cfd3d8ff37b6dfa9aede7b50124fee79,train,True
899,edfb689efcec069f15ed3702126eb7090dce474745ec7f01ecdbd019380ad416,final,True
900,113b9730ceed791c5bc963d0f0c9d6aae19f0c5117ba8f71fd04ab4ca59b3772,train,True
901,76444fdf658eb46c05d8dca87a8ecf5799cf1b448e85de890ee8d150e7831652,train,True
902,bab948bbc0dd230a48b55006b0ee27e55bb53ba42b98c7af54402b7f3425ec6b,train,True
903,9b551f465b0e7dd4aa71beadb3b9e22deff422567f4184aa4729156634cd9936,train,True
904,72411281764dc825963d2c5d1924c0f1c9069d60ccdd32cc88a1528f5cda746c,train,True
905,24d08646ba7bed1c3aa0bd4062aa1accfa3dae96a416d4fb836c13dd9a5601fe,train,True
906,87197d4e3fcf46a7a49edde9f74d076157f5370fc99cd63f3b2fb6cf349127d8,train,True
907,432183ea80926e666cbb2162759f5a1efa9da1498627d6449cc3565db607da65,train,True
908,e6938c16ec08a907cc90cabb5eeab901ffc219b7d94c085ef1aba7147a4c74cd,final,True
909,bc8c6794d77718af54c3f4153529b5fba64a4a4775f095d16028be3c2998e3c9,selection,True
910,25c981b6559c9758167d3c6cc2bec22d53ef39c5f8e4db288bb7b19abac3a082,train,True
911,db98499c70ba975084c6b2fbdbe5bac422aa2c39ca63b326cb1016437677a335,final,True
912,c7903179fecf991bafc1e4452b7ea59f328509649f6013c7ab82cd38c5035290,selection,True
913,952e976208880c38e616165c112ab02b6e22a907766966260ef5b311ab5ce9eb,selection,True
914,3ea8cac85f03ffd12049d51461065896c18039982868a3400393d6c6a5914b39,train,True
915,a3924d9fb94d0eb4f16948a7bffa7967fbd95509f7a8471ba26ac2e951339336,final,True
916,e9e84c5dd53705732273a94383e2577fc22fab0ae6e4b16302482c4965142579,train,True
917,e2d29ae1309a92210c9157f3c5e0abaac9f3d786ff6e5e49068679afa90cf8f7,selection,True
918,d08e5688f89837f268df5098b65aec7723d218cb4f9065d207799f567c116583,train,True
919,1eb6f97c093786e3ffffb92574719512262610c2c37faa734a61d23a6b7f4d0a,train,True
920,60d4863817d177579201d2e7d267b6c7880358a1c0b0ac834e6529ef59a33cff,final,True
921,44ff6667f1ae452c28b402098eaf32fa7360d86ab2c1aafc094889f98faefc01,final,True
922,9cad41edcfcf8b48136c64bee5c0210a059a1fd0dcd6cf4b2e4701f44eb2ec0c,final,True
923,9136b11ec7a5fb19b7da5e74fba952b05827da095815b083a62ebdc2be8759ac,selection,True
924,480e76b7dc8c9b31dcc96a6ca4175cc8234386c8ba054ae39f8a7bba94cbba4d,final,True
925,d00ee8ba38be1aed58fe3a9f151b2fbc3a47aca6c4062057986d6c9d7f035158,train,True
926,2a51adef068bb26c358b24d844c12d7c85bebbdc7e2991e00367126f96622fc3,selection,True
927,ce5bcb8252046cd5146a3e2d4f26b6e7f7b9158b88a8244310532f2a1aa52743,selection,True
928,b7883350b1f4dc9f64c6287767f041244eeef7493260e9daa41fef50100222c8,selection,True
929,f4a2e55fa9cf52f7d6d9e21a46c36f02b1970128df30d41924d8f6c2036917ca,final,True
930,f4cd3f9bfe59ed6e56a911d23a97f8a2e7351cdfadb2f3664a80ff1096ea5d27,final,True
931,476835df4fe04469863d83849e45f8f901c254afae586cc8f44d5f963aa7e62c,train,True
932,dc99f557ea92cd9df5c116d42d1bd1055b3f55ac1e13dff415e6f957be447fb9,train,True
933,dd212d8e8076a8e936da092d6ef3201871e531ea34ddf8319ccdf048987fa57b,final,True
934,ca00f91f62229139a9e578d4c5667627baa96d1d29d2a5edc198daa93719c715,train,True
935,92247d51cdf4223bb9d96808b42f1fa214cd65b279f0b1dc91ad4cb219ed5dd7,selection,True
936,26999b5c320fa606c3616f12773dc58ce769b246521b5be89c00f6225f7f99e2,train,True
937,fc385d3db297a788c593bf6a0bdd13a2c746c27c97575bedfbdd9d2b397bbac1,train,True
938,5b1ad417194b92dc15d6096ea214d34c2e69706ec77b93bdbf0294a699d4f612,final,True
939,156d7b2e99ff219349aac9e8bab6bad15d1804eda81583c5b6598be8b6d05e91,train,True
940,820b004fb142cffa5385190f190d225f19d1ac578f197cad4c5bf18c73bdf211,train,True
941,8d8041fd6efb37eebe19404d730afb5b5962caaf078549c2a3d769bab25edb40,selection,True
942,867491efea5f3e89e85b5c78556e83829d6beced1c726aec7d69166cc5840797,selection,True
943,c0587222d1dd862bcb962acc5b0d89fe4833abfecc519e4db29dbad916ab13f4,selection,True
944,c4a59516721ed5c1fc0b3b2e3271ead313a783ad406eae4634f7f30c8e9c100b,train,True
945,8bdc1126eb6aa43b4050fd56b8129c8aac494b5140a1d9c9fe133f3b278a1321,final,True
946,32f76e99ab333b66250b2f3934574a62a9c19b7a5a043c5159b1052057efe6d5,final,True
947,4254182218417c8309bcea90e853b3828b62fea2a99a260273532e822cac64ea,selection,True
948,8746baa6d4e65ad0e93096a82a2bba9907bb8d84a6e0fb86c8fd23176d0f580d,selection,True
949,1963218be825ff131659df8a207f5051af89c0d4480b410576b8152f7f331ebd,train,True
950,72d533ca33af40aae3d9117adfdab5f4f9d8a4202ccd5514435335bc84db738c,final,True
951,e761331b946602b7c22385dce940087da6c6116cd78129692a52a76060dab04b,selection,True
952,e79f39b7a8f765738f808d72a36de09a65cd44a71ba79287042df74279d4624c,train,True
953,a4368e8e9f573302acfada29907f4c20d9d3c04dc3962bd220ff1d75148db4ef,train,True
954,ce46d4d9727992bcf06a67d50ab36b591cac5e4c5ed5a08f87662dc37dbd65a2,train,True
955,87c04069f8010b6303fe4b1cad97b72a8088880183730fcc8e826408a8f41dd0,train,True
956,88607aa8a93689fe1ef65ca16ba7edb55de48c338e5f56d7394525f03be1e4f4,selection,True
957,e56d95e582834282c5e7548f9b76402554059195472c6ba4b79877eac6f4b0d5,train,True
958,c622e532d586a81c23acad39c882db85a2f490b62b6ee72bc317f58c9fb622b1,final,True
959,d90830de5922a8a32251551e0827cc5d72c64f8b8c746d0901f02ae359a24539,train,True
960,0cb52257e81ecdd89a9e8a5962aa091b2e09e9a9e5bf410b6afe4320cda4bebb,train,True
961,7c75a660bd24e8c27c133e32e3982f0d040280b6d27663595dfd9504ae71105f,train,True
962,858706e3e6c40499d288bd137cfc2bcbeeb693c1de0414280491c31c5c518ddf,selection,True
963,451357bd66c16e2e56a38b465f8282efabd2d2ef1c15900f42aa99c7e7e72375,final,True
964,042b8a8a19428e15dc1fddff0c309c587d0581b468f44bc2d44c626946d39678,final,True
965,3f81e73aaef6c25ee31ae1ce0c431d9ad7d127f997fd6d4f681433ebef03369a,train,True
966,ba9f65eb0f63f7dac036e1b3bd89aa214b3e07f4b8d65d306b366aa516d3f038,train,True
967,4f5614233e8fcb439867524b76b1afa9994b4b4c740ab95853971bbb0cc476b3,selection,True
968,4d21937aec5e2c7a8c8a185be78526e4703e6f89e6998d6c5d7e8e50db7c4eb5,train,True
969,1732d6af275a9a842adb3f70ef7f181c0ebce87f3ba7577f7d5fd4f0b027c75e,train,True
970,588138ae7b39fb9a204aa038b5be8485257f1a41479a105ed80099f9a1552089,train,True
971,a5afa4c27c86da87235a9977faa24beedd1259dc57ef7c9f56ce4dc1260dceac,train,True
972,9146b2047572735e69163aab6a73eb00b23962d3c1099aab283453405b2f3844,final,True
973,05236f0d546edddda031cb83b1dc24f1f56acd3cd530144441bf12368557306e,selection,True
974,c515ed3787328107d5af7ce1d04687919667d628f39e12c7bb38444b5025d2b0,train,True
975,414cba4b0a33f4e58b02068b2a270d4b7fbe9996c0d53d2a5721b1f0375b3de9,train,True
976,b15b3f7d6a1e16c537a9c7231a4a0a91d6d7e92460dbfae32d86aa62c05ebd91,train,True
977,1a2580fe6c75eded53618a513ea18f96a9e67b37d1e06d7f5ee829825fd77ea3,train,True
978,ad55e215586e8a117a6fe4741626ddb5abe70d96b0bec9568a524923febc56f5,train,True
979,d659930b3d2d77aa233008e994565f67e5e5139ced66697867cb786aac60479e,selection,True
980,98daaf7f59a17c5c6f4ec4e02c5b9aa260d38350a6ceb451c632b6cb8a0ba27e,train,True
981,97f89f79cc3c4354fb1e3c2670231efb3b57dab997f6a2ac0b3d3a1e64182711,train,True
982,4d42462742b61b628cf414b8c19123f3dcd5f630f4ddc40a48a9ca00cae9cf76,final,True
983,826ef89d0ad8cdce4b87cb383df6e87e636387f4281d6adff10fff32219e405f,selection,True
984,eedcbc47195c9e1c4bb8fd6c22ff41bbbd6eb5fcd2182dc866d33a3536663e6c,train,True
985,b21831a8d73952c00fc1525e7e83a19ecd9dea836b0ba979caee9ac55ab0ec77,final,True
986,25717c649ac35ef7db4ead2f99a150f60107f9cf1658350a2dbc99bf65e53d6a,train,True
987,cf78c529ba560df5f32c2a3b031321a9ff1024b24d0b5066099f9bae45917f8c,train,True
988,e6454fc7d77aa0cc2f0598a4ef19b8b5e2cc73391a2a64b78fcc8f2679ff5b81,train,True
989,de71d988b27f7172369bae458c4d353e6e40177f38a10c53dd232f20cf35ef3f,train,True
990,ebceca935c1d2a5dc702f38f43b51c793c58ce80ff1b59da685afdacddf94507,train,True
991,2d9819e602c2312e94f1545845d0f35b18a1c1c117f67c81708201c598432ef2,train,True
992,5d1ac77a3ef9216ac5cacf55e99ce1299fa2959081b35651ce9632fb66df7437,final,True
993,01356f5ecf9a8e5494f21bcb1d1f50a82a2a972b7df4e65bb8bd11ff9ac5e942,train,True
994,427ff82c0087bf066807339befe23cd93e8b6dbae190560eb06ae0914cb744f4,final,True
995,98f7582ad091100fb3a6590c13e6bf160284c67fc5376cbfdb8f0f26a7eb6d38,selection,True
996,cd29650d1c9e148753be9dbb7e7e060528c7049e13c5581bae8c5666fcc949df,selection,True
997,13e01c358cec14c51a1d607dc40bee91a169762b6714a2754f5398690414c214,train,True
998,b0639fb6a55984ec3693ca9562f37d39bf8cd97f672c215362f852f79832f404,final,True
999,493ed6fdf7a1d02423e3c79545e089a21a5af9c9c352bf11073c8629df912e48,train,True
1000,52953746c42a374844e78b49482016b53e98b4723a0141285efbc83937a4b3f7,train,True
1001,2c2d49fcda6322555f52d5538202365bb64b473f1b3f8708ad08bdf38db83f61,train,True
1002,f8e3b44cd820c92b24439b614f66fb44417bd93f7c0aa1f5b85d3887d7f8acfa,train,True
1003,2ce85967a750d02f95707963885b111e87cc88f5473fb293a94b2ac4ed13287e,train,True
1004,64e0e3cdd96af0469218cd7d2c5e053f09a6a38c45382e3d0c65032a47d14713,train,True
1005,0a00fba749dd592557914529ae19802cfef3d9e997cf3a94806b95e82454bda0,final,True
1006,b100e271b923f938a326cca4b603812542bb160e7ffabd4d1477f357db03f87f,selection,True
1007,78f9c7822b562886a663cb2247ad534b96e6f8e8a33677955ffa9498ec2cfe61,train,True
1008,c8733ef4ab5ef4f29e9ded555d0d49ae945e8c0e4c22ec7e945de57b04febe7f,train,True
1009,1a4939e12bc35813a22c9022ee6f4ea233af026113e4f8a193364931cf31f3d2,selection,True
1010,d3bdace427d5986fe53243fbf9dda7553aff4f80646fd3dc0ccd1748b1553fdf,selection,True
1011,b0b4db13cd2cebcfdca775f65d75c9f2b93c04ccd84added693c14a541d01125,selection,True
1012,312c887edf7439e03acafe32ae5c32047d4bcdad3336e0cc2b7768750d816480,selection,True
1013,17df64a8e77cfffbb9bd1ac9ef7aa95f85fafb97d8e7e2ef06bc8242a7dbf06e,final,True
1014,8a1863dcf57fed7e77bd67b165f5a68cc0d6e098b3d54ebb0650a8515cd92e01,train,True
1015,ab9469f963d80ca67cfeace3cf4c4f08bed67bb089c46c662d6eebe24019c284,train,True
1016,cd56b6b4664e727c4c49513a025cec28216c0ce6a25b6277e70253a1f42b6635,final,True
1017,715298693a6d856602fcde5c54c8704d0b5568e6dea305cafc51bcdaf120efa9,train,True
1018,eeed0738d5f812f307a4fca6f13ef0ba1094e1e74c40bb2f67d4f44e85bbfe9b,train,True
1019,8547c793758f2b5781bcbccbb4cb11fc95c6d6fdda08a63cd2a129e5d11720f1,selection,True
1020,ed38360a1e7d1ef9fec81dd024c970130c8af10a9a341541167e16b8efaaa12d,final,True
1021,317dcf413faed76a9d87ac531217f3900d394a458486ad1eacad2ddf4f7ff595,train,True
1022,d558b935922efe9e92614ca0bf5007c9174e1a227ad77d4ffd06417ecdc4f32d,train,True
1023,a695537cbca9b773f05f02585732f04cd331678f5892fc5466be05d045d15710,train,True
1024,9975ab363285d881fea79881289b3cbd9af2ae845bddd4a13c8ccc6b70e31421,train,True
1025,b5b1aee06f45e9e3d42665586d5383a4bee0aa13b2a9767947507aa835249acd,train,True
1026,ae240c4463021f3eb8168d0f4e3a9d0aac56f16340a458283b8e75ddf3a8084b,train,True
1027,42762b224197889d853f368cd27b1ca9659e95639ac32d0d1e3cb14c84f8b01b,train,True
1028,6204fb18884aff4c253abfe56b8a5964c6c0e6cadc27601baca06742f1b6bdf6,train,True
1029,287f5fbcfcff295905e3bc9324b7189f68a6ee69be986cd09826dcabf6300fd0,final,True
1030,f4fb9c791a6f9a0816cf61cbaa602a30f94a5a9eb35da14159a4139e168fde27,train,True
1031,55c2e444c64fd536de98ef654bd8950f94bdf07e5995dc2cc0ddff51cb0354c4,final,True
1032,7710914c565d5a3516de8011207ef88bdb19bc7d1e6bf9af0cd12029032f6f6c,train,True
1033,74069379e1033fb7dde7cc70cf4f3aa0ab3f1df4b68cb7106de85372f6d0561b,train,True
1034,59320812673ca0a97ae51b95fa7e85c7349655e229470ce90536b4b27eb80b95,train,True
1035,63ff3358a5da838c5ffd80e7b3c4803a44c7ec993a8ac06cdd7df9373346b3cc,train,True
1036,8e41cf14100e841ef2cbd7a378e864a2c772d87370f93e74cda4c89c4bcd11d7,train,True
1037,0376b447e98bfee3f9bf572fc981452dba454eb057d3672882b4d74732b76539,train,True
1038,af5b4d0b6fccf44fc60e024be52838618000b41905dd6d711bd4a907c3b49257,train,True
1039,0e3ed6a2d58226c1e9f597ca95fa9222240d1a1057ec7eff30f6314ba24e9818,train,True
1040,e5d23f69e4d7d2cf6b7e37f915e7837a56c176cb37298a3a1e188b48035ddae7,final,True
1041,69bbd172a7fc182c10d465ddc94eaf9f6d5b410ce2f2aa71480d312fa8112675,selection,True
1042,e258b502f09d5cd650e3e3dfb1d7ace1824c9c79d5b7bc02b86e8085ce42d8cf,train,True
1043,3f8ea59ad54694c134dc735dd309ecbbb6b21b3950a3eb909030666d4c5db23e,train,True
1044,34b7b463e5bce3e99f640a2e7bdbd1d30ffb237514920c724e49b67c0f08e33b,selection,True
1045,fce1e790dad97a51a27b857d77ceeb4644aee7c2b81336aaa8729e56c66e1d86,train,True
1046,799679ce22b2c0beeb627c0e5cf43cf553401b615bd323492f13a6bbda11370f,final,True
1047,51e1c590dfcef008b8d8709df93cce17485c744ebd39f03a754576cba6046323,final,True
1048,bbbf25caa09dbd239d14ea94f1a5730789a5754b63b613faee7f8d6835f2247d,train,True
1049,3b18297012ae427c65e9b04a924bb36fbecd601ad3285b4a07e7026df202d096,train,True
1050,0697745186f2b238219b0e4e1db2e8ac95d26e73e2719c2dac847a5eec2ce6b2,final,True
1051,8e695a1b25da56e3d7bfaed4ae10d969d4d67ffb532d81f1e94b35c1281cf7f2,train,True
1052,88270ef7f004ec7c68fcde4c1896dd41693766669764472f45d8ba0b25121856,train,True
1053,3e6be31b16046ed3662d6758da34073f94a0c9979905e3395a034786df5867b7,final,True
1054,d68951aa3292c7839b67f0ae354f07739fc49c186764f7e3437789d79dbbf823,train,True
1055,7714ab4e9e18647d516ae5db238d139b8ad528a8535588ec48b23b2fdc834100,train,True
1056,213671aafec5bbd92928070b2c1a5d00c11dfbca152864132c09e87de52e0bf9,train,True
1057,fc3544072d3205da873bbf1ec65c30a80d2aad4e8848b7f7f1f3b252596bcce7,final,True
1058,f56983b4d31a5a4c1bcd31b64b3ab0d8a44a9c2f705766d0ea9daf1573acdd7d,train,True
1059,d8f8f7526c76d2ef32b0067a079fedc24f532f182b27da9515beed7c2eb5063a,selection,True
1060,74365477ce0a0f3c70d9877adbaf3964c842e5322be14ff41cce30ee316403a9,final,True
1061,170873e483ec0e9d013ce309dc08a62132ff6ccdbdc8a5e028ee8cfb53fde6c2,selection,True
1062,c0ed7445ae99c2c517f38b111d3e3b902f6e14e305ecf843e0030905e81ceea8,train,True
1063,608ca5603366748fbff076836040ccad8eb28d3c9e12408e770ff34d999522d7,train,True
1064,fa19688d7a8675666fd8c9ebfd42ca26401ab8174cb16c0a06ee2c6e13b25a83,train,True
1065,aa78762b1ba5ba93850307027321fdbf2eb40019d827aaf5d6cb00f3b8b82ba2,train,True
1066,9742483958458df31f0285215f08661227637b1fe82cd68940cf4438001d453b,selection,True
1067,51a92c9c522456a451e83030aff24d3eeceba62a6c238770d66bd933be60085c,selection,True
1068,767895c9c75e59a6a1d606dfed4a572065240ef7a40d2a3c8bbd9507e58bd4c5,train,True
1069,18e731673ec7ecc9c90b6e0d8aac22e48ade62bb1fd58d33154daa336e860bc5,train,True
1070,362caee9d0563cb4f50b27155144c32a39c92215607ba9c0a40a7d704b7ab0cb,selection,True
1071,d618e6f6247a792a87fbb36f16adb8d4ffbdf3637b5251d1ca15f9e1d4df8756,train,True
1072,ac9b8703bdc289e582f7121b40d93320f314f970d4074c9529a998ed87bf7550,selection,True
1073,3c57fb014e6b8f2741036a60cf5eb90d1e2c941d29ddc1c0d2c5b9de9f6d59fe,train,True
1074,32401cf0aa039f8a77db48d55edbbe3d8f3efb6c629249aa171e76ac8ad3c78a,train,True
1075,6425eb2ef6e4f3c17ced26abf3257796a2d1234a78a25a0864601078c6e900af,selection,True
1076,6f446b6973c6606e51d0f87926b332a3d7279376404d87921061244836c22997,selection,True
1077,b3ce410a98b38c70b1c77aadf61d317bd7798fd1300961e58af1f31f50e3ce7d,final,True
1078,487a3ab56c69cec2ce7769f11445e9e95b98cc53f6af46084c700e0c91ba4099,train,True
1079,2bd30a9baeea883345330c67e150b8cb3a9e1705c35d2c62488d2581ac3d2330,train,True
1080,98dea2433377c53ce286ed6f4e2dc5e82dabc4f25cd149dc19a3754e6a479d28,final,True
1081,29bda2a8684142b98273b9e024aee8b5b069da20490100cf2cf2817c7939b768,train,True
1082,92ec65178a035a843e7d8eb894c69af8106f6e57682426ce2b80e1e498476224,selection,True
1083,b385de67580c9933bcd52cbc4f5f43933359465cb52b0a4d5af7a1f2616c529f,selection,True
1084,49f5adf5ff1b885f3b1ece675906aea3a9b281086e6f97b54ebc1248a79d5d62,train,True
1085,4d31834b57f4014fcfccf4962f4940f275fe04d6e27edaf07a007e16ed7d2161,selection,True
1086,e04c66eeb79d0de4cd78b3f879f6f2b09c9236340c0b48cd888aeeda68493c56,train,True
1087,34b7946be77a01a1ec12bdba42bb3b5625aace5e1c50efb22f1d6b1eacef1448,train,True
1088,c8b11b5bcf5a5ce6fe8fa0b8858b510317318df742686576924460c5fe47271a,final,True
1089,d5822a1aa81dba7f84999530c379b2edc51677b7c7bbe322f1bdf06f9eea07b5,train,True
1090,b138681c3168d2f00db27437d5bffd97e7bb9cd17316ab9335f16eca2fad01a7,train,True
1091,d0e511de0c497f3591386fdbdf13cf205f229eb87be37367cd388de4b799d95d,train,True
1092,d921f086b0e872f304aceb441b6bf4528d9563defd6dfd8b189c9c31e4cbee9a,train,True
1093,cd752904e1c024c05db75ee54c06f3d392a10f2791b560f31d7cd4f86ba2aa55,train,True
1094,7abd5d1a81d9e8ff3ab6bf22f1fd60f4e43b1a5c1b80c22a2a34aa4bd1b35cf7,train,True
1095,f6a9e6a49529472133f88cc67660f4b46e80722353476b8fa6ee8ed2666f131f,train,True
1096,3ad1cb88e10cef7b5fff9bf3f96a8aefc44cd9c729df9a64efc7bbccf38cd81b,final,True
1097,bd64e80ee3c15254c3db4c4ca2329341835180928a4d8c3a76310691951584ff,train,True
1098,00f15f672ab71a968aa9db42ae4ddd5f94178a4b5e88040ffc7135f013568cbf,final,True
1099,6a461683ecdb4ff2dc11962e17b2e69494d9b2ac0bfb30552d85cb707d809749,selection,True
1100,c8daefb62e29392d7ce42bd68edb2b630ebc19bb42bc7afa769dea52f12d9e01,train,True
1101,27f7089142d0a041ed80aaef3e0bad7fde13f1d8a160f370a708b661d2c594ca,train,True
1102,d4171999701e91ea28123aea0c021a326432c30c3bbbb2f62ee61c9968ffe000,train,True
1103,2ac18bb8d170b9aaae58f60c91aa84d656650f375b81712e5722907e3146e48e,train,True
1104,b0015123bdd8423ae55099c48545a07648b5e05c219a873a6094aba838f9a9d2,train,True
1105,bf69f4368bd75528fe62673506a6926fbb3ddb3340eb6e2a82ca35876063d9a2,train,True
1106,4943d0f6d41da2f81b97477dd6b60d4626c56b0953225fe1d0be774f68710a08,train,True
1107,eaa80153b5322419e6f629fcc55d4d566801c593a9d72613b06972653798e645,train,True
1108,d4e1c1bf925baf2f0c0f13e3e33da4a507fb169b66bc240f19c231ba727c4e32,train,True
1109,b1792e7ba836bd7a8344a17f54645957e232d8123c35903e1dae722a3c6f34bd,final,True
1110,039735b57aa1edd1eefe49fcfccb6165237189c7708c88a4bcc74e632fc0e16e,final,True
1111,0889f5ef6dc25a28f3e6da984d211190f1db4a62a6c6b56f5a326a3bc4906cc2,final,True
1112,99d1daab4b009500ba1c302a219761899ca42985e7292e94962fb7204aacf8eb,train,True
1113,ad2a115810775ec049fd57f41cd453a4c06bee2019c8f3c4fa4ee4cb6af0972e,final,True
1114,5316fbd3d6a850805f60c04ba63ff3fd324ef211a75c2e4baae393afcf193fd7,train,True
1115,c397ac5b27845af0bf2d09a800d8f0e8271568e43af1763dcaca3e0f971ed5a3,train,True
1116,e23f883d6001508d534d4d9c15fcdd3c8d2f8e05e1fd63956608ccd12eeb9976,final,True
1117,93e8b1ac63bb86434983ee22a84070dbb934cc0862b73c6c6f98c7bacaf1a624,train,True
1118,30abd105ba6f78b88c7292515aa0a60700e7fc0f265ecc867eade55c8846497f,train,True
1119,e19a3fa9b1283d1a764f8215abd009068bde6d14ad65229f7f4dff8842ad2c8f,train,True
1120,2bbd16c529213161628704933d2538fcba8bce7c8787237f292827cce9e37c8d,train,True
1121,2782ac27f0fd3ebd934d31fa18d02bce2b7d695e436278acd94fdb9ac3a2c9c9,final,True
1122,0388766b0b4a5043dd1619779c099c4dda0393a21711e4b5fb212106a59aee3e,final,True
1123,859dc02be626bab228ebdea1d1672886a75569eeb69a4ae72a125c2612f6e0d5,train,True
1124,5746f5288a90e4dfbebd92454fb9d9bc5484fbe1e1ab38564e5290ff0ed30793,train,True
1125,2938933b1069c453d269157fc5b9dfc279b5b16dcd367d04584c2ce06ee0a497,train,True
1126,06a2b6f526c134d84fd00d55871f69c12a71f0182b41ccb663e457c415b1dbc9,train,True
1127,46702a4ed434268d750cc4cae6bb1e9c75723667318f2be6e74dc1f718cca859,train,True
1128,0f1bb8597869fe21d44a23dd65102a46cdd8d9db9f871d887a80f6b852e4d314,train,True
1129,66180b7ae47d03289bf78d3b70c09f31448caf3afca7da8d026089c8b23e1128,train,True
1130,7fef2cfdde6913b5cef69cb21dca3bdc4467a00aa9ace6504ec96d12bb12b1a7,train,True
1131,8d73966a692e6c9d49e8ad2709292ace8bf6b8d4c9dda3d937c148a78a4213f8,train,True
1132,44bf08661f7fc55f73d7c017713d1cf9b0a4f92a7a98bd19811798d160691d6e,selection,True
1133,294cc5415919a97f4d9b06eafb9598be81fbc8124eeeaf736adb88d4c67f2943,train,True
1134,59c312d78488af15a7cb52ff5b411048a488c22b9516a771e1ad09df34ad082f,train,True
1135,da15f83f613f3925d11e61ed85eb13adfec9e3e5caf480d1531712aaa230d1ba,final,True
1136,6706682427a992cd92f0216b56adcba987d0bfd085f9879cd850964e803e48d4,final,True
1137,bb4a37c1812059a4cef3e00048325c3c2487babbaa8d6149b05fd7a09f92c409,final,True
1138,43ddab316acad5c8a340f86423e749f543cad2fbca2661d5a6cc024324125acb,final,True
1139,b10c3e5726dc771d46b30ef82780835863a20b0c830057a22849ccc68c639856,train,True
1140,a00720e7d6fd91feb28ea9ec77ae9356ba0045902b4df3eee8bac6c8097b3e59,train,True
1141,ddd1ab167c5851828be560f26a368ccdd4cb0e1125a0dff0514359e3d69a8fdc,selection,True
1142,5e811b434243ba5cd20c541d90e05affdbf885526a33f55be924ecf564d448fd,selection,True
1143,fe99965115620db696b158e3ae0a7bc54fdafa4a13957060f300cc69946a601b,final,True
1144,0b9ad345537e0b589f851cbb572f223afff0513e13e00d601a0ca373f5b83422,train,True
1145,07189103749bbbb4dbd5fcbf7ad714cf597b7a5f06424f45b455d38143e4e824,train,True
1146,13efebedca7e85a64e5ce8b34aac8aa3aeba7d4f6455f643f8332e2525b77ab9,train,True
1147,dc381b2dc22b44c8d44ac7af33e7ebe8f2c79f438705ad29f88cd1e92f2a8db9,final,True
1148,83d9a1758440da4d4c73cf401890a0f781b82f4a76442860a8318f14ca498b08,selection,True
1149,6006939dff7b9ef2fd650628fd4f99c5134b6a839e6c11dd344a4f75343b0903,train,True
1150,786faaaf9fc502f14e10afae71979e29d3f4c3cfa68639de86ed07adc2c3adcb,train,True
1151,60c39ae92f12a8d9184a7201af25094e3da825ebcc9b6758ee9b254a3b38d7ca,final,True
1152,6d01f73f50a8f347d33175bfd70a8f3246c45346ab89a6efeb953c8ab21a4ec5,train,True
1153,5681926475a3d69c16fcd646b51ac8a6fac5d65d611f81733c95108683643ae8,train,True
1154,c1bb948dadc97e2188c6928f51e331854a714fafabdf47b0fc147811ef1f13d8,train,True
1155,9c76d2c3ee14759cccdb1e7b0ad2d9aa6ed45ecc33bd217830119354b55d9d13,train,True
1156,5d08a247ec263ff1f4d094cbf2beb5371ec69b9d0c805f4f3c975972236a9ef7,train,True
1157,a54daea42cbf29a8c029f7d822a5deb93865d15c2f28d636df7654364ce1a019,train,True
1158,8c2bf70458d71a353384a34a0644f46f07ce3687e03afede6668ca353464c661,selection,True
1159,13eabf8a514ca1c9e0604c9fa28a81362c0d1d9d842ed39b7238a81c38f2d790,selection,True
1160,834f61a814f4ef7ceb220b2052957f66c1511530f7bd8f47216c0c4ce4f5bd31,train,True
1161,5a82bdb8c16711d0cb21cd76656149d8e13435656cb70e0c978645d7c29c197a,train,True
1162,7714e2552a03622de0f29a5fb80bbb476fc321910a8a30e23f23a132198222a6,train,True
1163,e6267a37c1e513a6ccb3fea31ed1caf193416b3600207085c80ef3a2d03fcfd1,train,True
1164,01097046b5e66da3545a9197eb7e61d542fca3e9c881e818c100076ace0cfad4,train,True
1165,6d0fea226e0cbc5ab76fc04d925cdcb7b502625c43db250b99cf90b9884fcf70,selection,True
1166,143e98d8948498b9d5ef283617dcd79d4b15c17c3b2ca709510e841b4c71de78,selection,True
1167,167ac1e9b51961157b70d1e8b5bb9769c852bb8efc7349b5f68f71a9a74a9d7a,train,True
1168,5c3b4f2f29d9e5f0c5370f6841449ece795045dbcf993ccf4e8cda70ba83b746,selection,True
1169,d3d6fe835639d1f2dc161ae4eaceb2027c2bdfae038199040eda8dc490b68b69,final,True
1170,b439f9ef372134800f143498043be43942243c077b74a62509184d7c70fa5b4b,train,True
1171,16d812ea1ccb35abdf81daddee5b481bccd79a7f1eea2d76b9ad07f68a5152e0,final,True
1172,83d9a1758440da4d4c73cf401890a0f781b82f4a76442860a8318f14ca498b08,selection,True
1173,5f1593fc1517cb6502eca13173e6ad23155274eea35181f27f604123689dd760,train,True
1174,adad76c8c7cb1de0b14db284334c8b70b8e489f186f64bd9462d064f1bb3261f,train,True
1175,8ecc834f87f0efdf3ebb9e98ef1d72dbbff6144b14619cc649aff841c3a87f6c,final,True
1176,33e8e9fb1e3cbe9e1ae1d8e22532bea5c28759381cd140e54a2bcb06e9a04a26,train,True
1177,fabd5277a3392483e4da279ecfca945479d339a07ff3ba5858671742c3030c4e,train,True
1178,eed460b253671c1e7f6f8475f48929ed9daade62a5b4ec4bda396950a8208316,train,True
1179,6bd52cd504b5ef0068cd5f3a0957b8613143db85bbfc67a68d0ba92f8e95f990,train,True
1180,cac5b2de2c2763e0b9ae8b832757ea3b66bb12cce208e44efbcc1e0bbd5c8dc0,train,True
1181,ab4b2af0894db6cf37350f91ab850190087e0306d566f8bcb6a1bcb3bcc6ae68,selection,True
1182,e813eba0b01380b15260a8dc0e612d14916a69043f45ee72dd32966f30778da4,train,True
1183,3d48f7f7ee59ed395be34803ba786e6b194d3624803c982d1e99ecdcf0a9e7c0,selection,True
1184,35e7a50081cb2788057194654dc0d5e09dad0b5c489549cb394f9b16fe564d2f,train,True
1185,cc1e87bee204ebb7d5312cf31817599f3dbea391056e78037d7450071d00be4d,train,True
1186,b23111b7e2e4125eb3781fa0e2f0bf52960ad64a5836e8be8da8650bede6e63e,train,True
1187,4a7a4742f543dff4d5f43813a5d42ce1443abae97c02819f58dc878b47ea7bd4,final,True
1188,a1c23aef885cbbcbd1a27401c10608c4e5ecec07bbf60d0d5949a33e2a4261b6,selection,True
1189,4af39092f2222bd8b33bac853a754feef3620499954d00541d47f6db6b1a1275,train,True
1190,1386931e4769fe13bfbd62ae02693df66fe26d1d2bfa4a58adf777dcc0738237,selection,True
1191,60a7f6f4799315a3d50ff73647562f41849d70fb85375559e39adb82c7eafe5b,train,True
1192,d85225c8fa528ad0a8388733e35eda9e2728ddbe6de6d67e3985b00b4768702b,train,True
1193,b85f3ac74b8aab8aa846de4d2795f4d8f2a7e3e45c8ca2d1d46fd522804ec522,selection,True
1194,ea4d9bab3bbd2a512a21c5c889d5c9d255b0c0b3d71796422411def415a1d6ec,train,True
1195,0e6427955e7fcdc3c0b9bd7d09e9103ed20e8ff42a972efa931f88e69c6b8ba8,train,True
1196,c8f26cf45ed8a94a5c9c9453397d5c9bd8387a1a74edb08b00341d3a38507912,final,True
1197,322116e502a5728cafac90fad87b964d2823dc5f26c852c33da6d7f49ffd1353,selection,True
1198,8894b336817504a00141c1d2e2bd814a9269c45853c3d4f2257f2c659aee4a06,train,True
1199,6f644f32123dd5ce23225d446d54074b6d4564c6aff0ba4c62552ce5857fdde2,train,True
1200,9d0f74d26f8d06ac8ac349d521eb034b254cdc974ebb09380fc4cbfb80540d9e,final,True
1201,bcfdbab4939de7ddc72efef53e28458f90a6fb719049209532ab8216dfbe4f17,train,True
1202,982e7ee34b3ecddceb674691d1aaedcafc8c0f734dba558032f995bfd5551ac0,selection,True
1203,559afd46623bc368cea4c4c461df41bfd8734d7184781286fe4db07f529424b9,train,True
1204,db05c34eedf92cbf494d74adb38345f164d3f8b928e241e0469d0ed446bb6c15,final,True
1205,4e1332e9064d0a3e379f2b249e2f124daaab3e1197659125f5c32cf800de648d,selection,True
1206,c983f67e0c793d8d43dbe7db7ce70d0eae0c009371c63bb7d613babbfac0ee8d,selection,True
1207,a6b8b187216dfd2992e956c327031ccd8787ef9c479dd45d75e75578eb9b5e82,final,True
1208,efc0d81b73b08cee272503f8ccac1b186347c746450beb60d945690fe0692728,selection,True
1209,b78c64eac7035adcd394c056cba764b981d22a43a519281caf77b69ec7c25ed3,train,True
1210,6676d0128603a7ca13f3d954a1fe051f3374c1717844cdeb391e28bda3b98899,final,True
1211,5255fdb86ba5515e27343d1c8b29eb62fd021eb7fa105b0e1ce967c75bb73ffd,train,True
1212,8f1681bcc0ee2b9c40c7ae8ade1c848abb356dca60ff0038ce447065da34262a,train,True
1213,51b027475cb7e88346d3d9ee4877b855d2e58334d13d2ff8c7be429fe37f2112,train,True
1214,71977ceb8eea5e2e7331965057b8e9cd985b702e8785435d72f43aca1e8cbbfe,train,True
1215,f6d12fc0a760b29671277f44c5ca3703a245fb53f8a56dd40eaff99efb135368,train,True
1216,9debb20b71c1540b4083cbb98e73c10d173842eee925b5ff1eceab71e1a78d07,train,True
1217,035725c179be802660cd006ee1977d517843240fd6cb60a39264a13c9295c836,selection,True
1218,d049de47847295dd6e71dcf0b48c539330910df7b1aece3431adb0ced3a73c4f,train,True
1219,7fd1b30425a42fe0470ed91c309c69dfb179540067f510b8914c4bc84d8d0d15,final,True
1220,61b12a3b873bd599f0fcc345cf82b87dd1b4e0ab3fc6c1a5588cd411d6a72a5f,selection,True
1221,34b2fe7c7d11d6919a73145a08dd9a73eca7868960571d7516c19fdf547e1df5,train,True
1222,282de3ace185a3cc508435fb95b577ff3c13dd3776a285a50bb7d9c1cf7ea138,selection,True
1223,78f502dc1543a256485bf46ca068c5f2d24287cdf5d5197eee6c660538a11a3a,final,True
1224,e96ebfa418a9eb243b483e994b73e14023b331e32c747ac4207d8649c2f32f87,train,True
1225,bce0e3ff9bd809bb4ecb4b5f14749e3a228ccdbf36dc5301da04bfa6cab16821,final,True
1226,7af41d465abc1b56b89af78d52c2506f6b10da8b8616750c14dbfc478689a6e3,train,True
1227,827a1d64b4c490ab24974f2d4325bd91be56978b382d9351a671e9e80129e2da,final,True
1228,ebbe885b7568e65db0d5bc835bb00d9687d41b5e55b740b969e527d547bf8b85,final,True
1229,f12ce99f7e40d1d40aa333f7fb0f0c5e4db775e796bad12941bde6ee84a557ef,final,True
1230,bc254b16c87e411e51d34a4782c0a4dada03db78b25aece043c204d42483f636,train,True
1231,daee0e5ea8089106ed7bee67e360f02962596a9b20f2cac48cf4da9c06ee25d4,final,True
1232,68f74e113a27eb0cf9c2081ed64c7e8241003c5b272cc81be23d3f8c0c1045cd,final,True
1233,1817c8872fe98a91994468cf9c8d123402d6cf3d8674bf723cf4316a575bab22,train,True
1234,b860a32201044ecd32b2f07fe558091095a89515040a3a07ae4be0862a989574,train,True
1235,b097b718eb825f331a805b71fe3a236685991e06a21f92c3d3522d7fb9d98754,train,True
1236,deb6b0f6bd9e065e27d852538704f15630c36e2a9d373f9e2320301ddb84da31,train,True
1237,8fb4732b351b2e590f37bf67ef75b61effb8a4280d0fb25bd1d82e57b0d79e46,final,True
1238,326a7d11ebd9f0a2fb3adad374b0c29f5c687d5de4af76a64b0731735f0c9c66,train,True
1239,deed52fd0d0a976efcfd511cd62cf1cd0648643eac24e7a376d3a4b2e7475662,selection,True
1240,26679aed0abd9b727a9656d0c37669176246522c4967fa6a7306b7d4990558e4,train,True
1241,bc40925c1412ace6282805fcd38cdb9f6633567c579fa1c83ff5971e3215ef2f,train,True
1242,f25a4699f31f1f262ff67012c07a50858d685787e69f0a46deefdb651e8dab78,train,True
1243,f52453827f94ce9946a0f311781b9f8f4f2d6ded368cd3cbaeb241ddcab42c8d,train,True
1244,e2c95342b4afb9d28b94b144c41c3623ce9e495f54a55164e13a9acae425505d,final,True
1245,fffe58f197c3962974067dad1391f6a5cf629c2ceda748b8742dc4f6cd7f8684,final,True
1246,83cb7cff57c7c16029e44d8cbd6135532953b56eb009950850f8e0458944e192,selection,True
1247,024a96a9cbb3651fb0ad716e234e184bd2d01fc7c66090755c79ee0863188598,train,True
1248,93f353680249c36a0547033a7955e3812b3f87ee54cc46b065fd809b7dc63a41,selection,True
1249,dc846fb0e84cad733bf3a0b205b1ae474bb02caf8b30eb881b018ecf20c69d1c,final,True
1250,613cfa4aa176c8cb9e34bffde3b394adf6c52adb76e66820c8c22afb89a106c1,train,True
1251,01b44a9d6be46dfc5b0bf1bc85b8d2459fa87a99661c59d9c0b6d5751de07785,train,True
1252,569a4471978aad3d90309f5767d96f5f8316a8f8014375e9666981d2c13c9e91,train,True
1253,bde6bdabc1246bd27e4ad7d76586958eb764061f4b0fb9891f4adb3fc1b63c79,train,True
1254,49ec0252431099c464921d55154381cc5c4067c9c854c5634499912006dd3fa5,final,True
1255,8cac7bf748a84322ca69c96d3568d29a62a0dc55a08170666884b086bd28a60f,selection,True
1256,7a7e342039f1addb755ca1d5619e3994ab0ce82ee07b8d2a53ee7947943c2cac,final,True
1257,8ea3e0553080c672e923253a4c0798712024fa9b9b5d25fa34710b3d9a77c0b4,train,True
1258,872b32c93445570db8c84033e62d67970feb4ca488e2e9e8dbfe8b135f6d5244,train,True
1259,dabee2af001d42d18859cf7e98231f4ca443d0644e68a740db00ab39ad13e528,train,True
1260,83276841caecd72259840e581956a9e8dcb17ea7e4b88e551c54d24120795655,final,True
1261,5f3926121f888a0ad3c6b504563d8fa33480a6441f44c30a76831a08553280c9,selection,True
1262,e745a12a6b5833a2b6996d477b61d1d825ddd84e8aa4534a7dad947de851f535,final,True
1263,751679217b1761a524300b73cc2514995db3c108d4f7e7843ad3dea1b3e4a0ab,train,True
1264,22e4165a4ac789c27e65f444acb559ad03d42e9d7f78618789c619b5bc98debc,train,True
1265,f769b3dd98f4770cc475d59c41fbd4c0024f476c535c7db7f5c5e89dcf6f094f,final,True
1266,ebc0faa42942bb821048726d98cc2d438775d7d45f29b4dc1f762e5086e17e8d,final,True
1267,ca7ea94e27f4151b122c016f50b913b5fc940d5b79239972ccaededc0bcaa6b0,selection,True
1268,0a5ba3be322acfe75db40996987fc1457207a56c394d486a11435026bf03919a,selection,True
1269,423238150995bc4d168bcd01f9dce89bf99eb47ae63b987b5d0e04294795e313,final,True
1270,bf8ccb0643032e52b11725c3efd56962444443802f29c2edc105733b244af639,train,True
1271,8fb4732b351b2e590f37bf67ef75b61effb8a4280d0fb25bd1d82e57b0d79e46,final,True
1272,f769b3dd98f4770cc475d59c41fbd4c0024f476c535c7db7f5c5e89dcf6f094f,final,True
1273,10776dddaa594e6dd51847cf9d1933cff6cacf436f10235fe91b8c6431bcac16,train,True
1274,4d7a43ef695948813560ee3cd79f2260b248fbb4ffbac995af12f9dd76d6fefe,train,True
1275,b61b8912993b56264cb934023dd8c0810fc6f5b77402746c05b2d1e5014ad782,train,True
1276,ee892f8a10f16b32364c8e73a7aea7561774a21e05991d118c1d84c5cf0ef1d2,final,True
1277,5b45ebfe7532ab120821c305df778233d0c84fae423abd9dc3542acbe387661c,final,True
1278,fda884550a90ac9e94041ed8e8f7b41dbd48399fb7107241d37e4d5fde886662,final,True
1279,96be749fa7afd5a2fff49a130d7a0c9ff97d0f11fbf47343a1c93761d453b440,train,True
1280,b19206b039c0545c21ff13ff4e51d5fad003e81ea5e7f966825938fbd96f68f6,train,True
1281,51b97ccd9a2ebf1790a61d1bb0b77e279060b3fbf68a7e1963c7eb3ffa892c5e,selection,True
1282,29d75af1b0c0ca2b65ea5bd6536bbd4244cb8be8dc733dc38a712510705b7d15,selection,True
1283,ae99cbf91aaedd828d2a1c7ae6d7831746d087e678ec9f18fe63a7529b506cc8,train,True
1284,73f43d03948f6260eb7691fc87ff23d566109e314c9ce2803495b48113a86fe1,train,True
1285,57e0bba219cbd57ea223f2ae532d7112352d079b1c8563730dd1795cc0d506cd,selection,True
1286,5ce96854232c3a702ec8ef79e76227de2762ddf2ae70fc65d345023e1ef50aeb,train,True
1287,536d55f455ed769edf6ddc3dcca1b1fdfda9a761813b0de6b1a4511782af798b,selection,True
1288,c63c5f263d47f935055e759ae8bdd5256123d6107fd53ea6d42bcd54a6e0bfc0,train,True
1289,da595bd9afdf1e21a059c7a152791dfedcdc0f98eaf0ebf96eca2bbf50d09041,train,True
1290,5d7c2700d200cf2b8a4b0e3f56a2063d41beacad89ad28867622c75890b4bbb1,train,True
1291,58bb63d7e44b00470d98834c218c889d11a4aaf59dbaba1ee7232cd99fcf2837,selection,True
1292,5259bcc8da2fcb532ac3093a66478a816d2ac83d921e4bcde991fdcbefe42b24,selection,True
1293,620455513d177df19923ce3db7a190cf5a0ea45e37de6e3871b69b19c98d8b9e,selection,True
1294,1d498710a4a50551a8163e069c09c0e75adcb90f77d0d302dbefc25f62a898d2,train,True
1295,f90516f439d5111602c69c5eb6d2355c27a01d57fffde31b6365135e801cc566,train,True
1296,10313969cdf5ff31e6c5ed0030b70bd3980e96f27f941e5e341cb6a7901b50ef,final,True
1297,d342470f900a846643ef22adc4f3cdecd61e40e0ca21b6e461a2c51d2088a6a8,train,True
1298,41efd1d19e3eb49a0664dd94d74d35a61161f8b27ccd9375cc672e6397b7a193,train,True
1299,6764119a0258a9a71894b6f02bf8fefa8f466d92573fdea8cb749139ad200835,train,True
1300,96aa8fdf88b44faf834c1e36dcdbbed7d78d4cf8d5ede84d2a1825470990f7a7,train,True
1301,44d878afa6ad2874df1aa5e2e9d64da2cadbb81a0d322080e9561a2b8f473337,selection,True
1302,067b816aa3a9b4225ad86dfabea659d36fa103b48d4c8a860d5db1951cf95c8f,selection,True
1303,9c0e20ab631b03b710871e123dd07c32e1730291019cf416b20334d5f55c6369,train,True
1304,d35fe5ac0a2a5c064ccd4510b18cb0230e4ba4640599e9fd3b06a42a1e24d16c,train,True
1305,bbce0b557d11dcac338303cbbbcb555b65cdf0629cfa31ce4fd46456a9ac0b86,train,True
1306,68238570e33455600a8a153668dc926c70df2e88345ea7feaa4145cd61116165,train,True
1307,c326e0337bf4692aec15b11f4d72226d4f46f4af77c1481eee54d394eaa4a8a0,final,True
1308,5e361a0daa63186180dc94dda8840a702aeabf5363dfb2ed2613f0f6760ccabc,selection,True
1309,095763c26c227b400bd9a57a3c115e2124767a08e6a97b53cae4cb59f4d14ffe,train,True
1310,cf4e53eacf401665934b44f4e9bcc9c79d10b50cebe1abb3bd754f44191804f2,final,True
1311,127fbc60edf953f09afe9401d6cebaa1cbdf754a40c82f3a96100e9a3789ec61,final,True
1312,fa1b4c1a746f92bb97760639b49270134d4646e00d3c6330b2c7b685054c1321,train,True
1313,641d8a3615a8e091f91fa25d69a4d79ba67d8d152954d435b17e22f0422830e9,final,True
1314,0492288792ee4468b279c74693891f17b58073e9e925c9e96df2a5c091aa3282,train,True
1315,c0400da048e72cba27829ee488397362f1d1d8c2495ac4a5a41fc7612036a391,train,True
1316,2281ce21f51503455521d01ffd66c8649f5a1b664a2b60e5aaf1331c4703c29c,train,True
1317,349aa0cf032414bf05de3ca46b411327c723472b12ba291851093f4424982afb,train,True
1318,6dd9a8968a78080a833ce6f4431692f183bc8125e3ffc9297e99e6e09251ac78,selection,True
1319,80f45465c92ce27720c315759c08a75bd68c6096718b931561c364bc8aba9d0c,train,True
1320,c0ad0b27597a6d4b73ab181ec5b270103b157558afe3f5a14d891a5ce9a03154,selection,True
1321,fcd57a691f1d58d276e95b5ec7a31d8f286a3c807fc504262ed9b0d04bd10ecb,final,True
1322,18c5a36fba33836c383cdb0e750911f5ebb67e581f8d98405aef54e5baa441c0,train,True
1323,ca4e64d622d853211a33e128ee19c2f6bb87af69b15d7b0fbd1accee0c6bd89f,train,True
1324,9c926176de055ef23770575179d4e7b5d9660c6087d519216a62b24a2aa6a981,selection,True
1325,bb3ab35ffd28688834c2a5b6dea1f828a8b16cccfdc25c4286f3a6d28185c743,train,True
1326,c82d8fc5804baae90b808b12890af3eb611d17f83bc5da2c2b4b3caa3c9a75e9,final,True
1327,ed78187316a7ec55f37e39966f79c4ee58813dbddcf92505d8402a5ed9e2be67,train,True
1328,8051eb770ad4def93132b26e7fcb94f64b3401701efb6878ef4a7a2f383c9e38,train,True
1329,af9f62af39d0c580c7f4f048502b93d0102da9a7cf0e67c3b8e1c3011f6a75e1,selection,True
1330,6a2444b8ce081829b1aea533d15de0fa83fb33792ae4464ddb2fe10b04dbd838,selection,True
1331,a129010b7477a8e4a5660bf883b4f37c5af0114038e01f57aec7bb77b65bf487,train,True
1332,7d0204a075a978ac0dc0b29982db74f7430b629e2ed3524f2e7075a5a52c1c22,train,True
1333,d8c629907d120715e3622509c515c6193347b12068d2a06d2f06f94560c2ed99,train,True
1334,025db54f92864ed4da0cbc8e12851b0ff3b08cdd90be7cd1ff5d1c2eeba23c52,train,True
1335,9384785b757648a493ac09590559df74d3be599a83a75d1fa6acbf3df3ce8ebb,selection,True
1336,930173c6c3f2499d9a3a178d01e6e26b93b928aae12421ad5f11026232f2d926,final,True
1337,2d33ec6a5e5e5bdaba7c59ad956137dba26468962ac53d718b41dc6a8fa276bd,train,True
1338,70ed3f1b0d4367a4fe41ef4a8539df4e34c95cd3aa2ee0f65d87c79800ec2755,train,True
1339,f20f612415104c1765228e4141b93ad254f61dd108f3b8c6ab5ff08fc2e8f3bb,selection,True
1340,4d9008735045d6e5efa7023dda92ab14fb2f411c574463168c5d42466275e065,final,True
1341,59f01fa502c957350d7bac6bd69011c1ccc02da5002344950c761e17de26eee3,selection,True
1342,7305fd5d12f7174752446f6fe38574d65c90abb9c2c5b35ed16b9bea7fceb1d2,selection,True
1343,741aa75cd5c3fe14022675c180d4e5dd8a6fbdcda870ad2cd2c96a4a2b27672f,train,True
1344,bd47854f4668e7b728fed26c03c0d9e93ac62cb31b10c809606aba0174f69fa7,train,True
1345,4967e3ce10a43c153cfda55c23c1d5192cd0c36920c23460262c626eb37192de,train,True
1346,457313cf5e876d87654d2f64528383ebe13fd2a98e0930b9c8ff21da59b5f3a9,selection,True
1347,e38bf9f55c60d71a5104b23a49bd220166680109dbb5b71581bf2e569cfa33cb,train,True
1348,731476dfdc074460894ab1ecb582588dc207a98322c0d5809f7abc820cad7274,train,True
1349,0b20af090d1abff6af5dc28d802c396160592f7d355470b015bfdc26852b0b9e,train,True
1350,f26c468cce8faf663d549cc3096ad32c7ad819d89dff6de31bef978b722f42c1,final,True
1351,f5ddc85197e3f4287d00e9698b3c9a258150562ce51009b00f8d0a61326a007f,train,True
1352,1b2690e41ea99558f0174c40f2ab9200732dbdc23da1a37a8cd795f43e10f924,train,True
1353,8b2d506c780fef56eb632846048aa8977e64ae12f428c0c0e57a5d21bb967d24,train,True
1354,087c8eafb6d96c3368d80ec82fbda47b334bf96c01032cefcaab9d7da62f2b9d,train,True
1355,cb9a7f9931e6e82c9b01b26048c37d2c5b46e788e2cf5aae0a0795ce62e2e10a,train,True
1356,a4312d8a9a6c75336a574bb99e09f54f438b5dfe730ef94b6b4df49ea8c13630,train,True
1357,7a90102753ffa0d1823de1abbceaccd3034a41ccd367c8869fc576e62f9d57f3,train,True
1358,eb2ecf7ca28ac37a5b7269aa7b3fbc703e3736c7156ee4a9c79b0fae74d2ab00,train,True
1359,a6969753d13b27ef209f9ded12dd3c5448254c11c44aeaeb5116bccab2d2a4e1,train,True
1360,7d812adf977721939f5f9100a96fdaa231f06ea24e04bd5a509f3e8089a58098,train,True
1361,7b25395c18997df4a33f01cad986dad66a46f40504ce9666dd5e0ae35f14ecdd,train,True
1362,7ee9f1793523cec4f8dfa1fa86bba777d00be3595bd3ebdca4aaa4a018c507cf,final,True
1363,ae70bebf6ef93d84fa20f574291b91dc8dfbceee01aaae0e4fe586a0ce8a1934,train,True
1364,ef64f9b28760ff3cf6705a678f3938462d8f2aae6614b409a2344135aca70c92,train,True
1365,b829e19774bca782658083e0d22edf56c8bc96663b7bb6b21a31b2474c361313,train,True
1366,c054d3fe8ef2ce14d9535abe8beb5ceac07981bef30b48425d49d9d4cb56e7d9,train,True
1367,b806ae7d3d1dfc96345bfb9814f53054143592651e295130c7f29510ea7a10b8,train,True
1368,6a169578723f5baaccc80e079716e9fd840d41d4aa7ebac6464231cb8769019e,selection,True
1369,a1bfa1590dbb92716d9917c5c02fa8a30ae68be0933aacb174489420e74cddc8,final,True
1370,f5961174812acf2a55f98741c8cf38de2339fb60313b881b38a252bd0f9c6cba,train,True
1371,2955492a5fcaba2339fa2901e6700e5c8d34666593f3841626684cc439238442,train,True
1372,25a9637d2f5523f6ed1c59bd4eda9ee6aa31734686e679d0880b229bfe975a54,train,True
1373,f9cd36b5b07f51e8b59a8caae9526a8ee596a2efdd860acc8bf5c9d05806f435,selection,True
1374,d0b056e7d047ae2716ac484175d1f7bd598a2d0fb51b9bfd592a5edf3626926d,train,True
1375,8c993905b1844a6dba1916f1ef0dbe1a767c6c06663b3c3b1ecd78fff16f0ad8,train,True
1376,e6138718ef78d4cdbee2d6d7b042dd7e2b5660089b5f4203ad98137d187d15bf,selection,True
1377,bf285d9fc58cc79c8b88e618d034b665aaed010a3acafd2c5a213ef6ad2084ef,selection,True
1378,944ff18a7b76bb13b229274d9e9d5861c94240258cd75c888bae50036b16b8bf,train,True
1379,5d463665e451cd82d8a095675163881465bf4cba32b4e024a06c9192662245ea,final,True
1380,f3d166b7291d5997d23f73fda737e32020cab87fbc94f9c3b45b0018bb4dd4e5,train,True
1381,24eb3d46bd7e314c50b195fa2411eed5308f23b1ee5c7c9e1bbe0ff607d747cd,train,True
1382,2dc7de8d6640c37ecb679b147f6e8852448bfaa27e1c8ed9ef422d04d32b14bc,train,True
1383,b946688c399c5c3483e8a330d1774eca69bb8295d332c4946b33d700cfdec1d2,train,True
1384,c8df14a790e75b789adad016e35f6d7662f36fbf9e6286fa2bda2b261fae30a4,train,True
1385,1090f74b7ad8cb794be9fe038110cf5b676950f4e5394d1de5dc39a6b22a57aa,train,True
1386,82229b8a0bc0656913fc53ef95a9d342bd2d18745c72cd198fad4297520f8452,final,True
1387,4e30e7df46fe017cc77ddd8273b94aea586b5c60f62be9b6886410575a3c8cd6,train,True
1388,101ca5c7e7f915b20eba5e9c2011d14ff1c1933ff9407e7a4620b396f8cbfa9e,train,True
1389,ce54cf7a23e182ee4c46c675928dad9b770f7586361cc2dedbe97c80e2258f2f,selection,True
1390,c443092b2a64d767429eb6ceb8ef79fcea08e3ff680d520743106197b664ca40,train,True
1391,523e0a9bc2e37addfb4e053fe2cbbfb370382c11db8ce25c2188890eda177127,train,True
1392,f231be9bfeac60506c6722c7f9bdaf769353fbc3f9d7ed0bf66aa7810babdb3f,selection,True
1393,6fa1e040bccf8390e8399bb6e3c086a162d5fd62a32a97eb371e1996779fb77c,final,True
1394,ab9ee0a4917c440575f8d75477cbf4086615bc3b504e3aafa12acb1d573a01d5,selection,True
1395,f9e2d975921a6e19617a65e66ac60abec4c8b8289a4d3c177f5ccb36b3ab0231,train,True
1396,9b5c2b88248044487e6b2b91996a332a7ee06a6dc9ff7ebbf6e76ed0f3eb6eeb,train,True
1397,81e26764db89461fd5192ba0e8742ddb99c64f5f85a04389cb302dc101cd5bbe,selection,True
1398,53707b4b0652f76dcc2d1b90d371d091503cea4df609aaf8e0a7f64354c8a56b,final,True
1399,18065e98c15b4c7dc7a8d82a2a777ae0d12b67586978c1907105d545ed021603,train,True
1400,47f2e2c63c2f194c361120c4c6868ce3e9296f1430a21b6d34fb944b83b3c8d0,final,True
1401,2f7f3b90f37dce8de7f1b530f1bb19136c13727c44ae58830205e97c876dfb5b,train,True
1402,aa69f5d63dd5dea4141111c6e23030e8bfb89ccaea6ed1715a203428db7745cb,train,True
1403,c6e2d8cf1c4844f61ea08eb020235ed305395b28debb8c39d2f58a419202e0fd,train,True
1404,7d99a7cc9a7e6a1c05a8a4429258e099596f9e19cf64af281e5adc79f3f044d7,final,True
1405,dff38ec250c09cd6dc1c15af5199e5d2d478a2dfb61db6f6b64c87a7ff4ffd5b,train,True
1406,fd8f79076cf8c3fd0847db7774841d3642484a683e7b1bc77de60b40b95c721b,final,True
1407,2dda3007fd2572b97a624e78292a6380f0705e6c0b74b518ffa30cf679bd3369,final,True
1408,f0c2718e6e6cfa5aa3d72907befba5c653e2f3d69e062d0080191a5c80e3f631,train,True
1409,1ba7095f83943d0b88630a2e35c79181cad274bf9bdf622a4839687498729848,train,True
1410,b59e46b1add1f74d0a51a61eea69943fcd48e1b4b5bba45a4fb1fdb195d5e928,train,True
1411,b9e24377965bb9d1089ebc5fb7a718f8f9b5f58aa8452f48ab85099e0ccf6859,selection,True
1412,8be05af8ae25b81528de78f2010341e552fcb9df37c7ab793e14271ca736188a,train,True
1413,bb73a28975ac3aa6692cffd5f5cb0bfe7990321752f2e37cb0ac3e3a4c795861,selection,True
1414,a09861bac352deb9ea7e6f44eba466d212d18abb94cebffa0f4ccdec882d689e,selection,True
1415,74a4f6bb388d680b67e5e299969e00ae5c2ac066d0096f1edd5c164ce94366de,final,True
1416,67c0d7e96621f260f54b07af8aa7c7ddbc7e0295ca6514a1b40a29f369a7af7e,selection,True
1417,16d7bfb2edca2e6432497ec6f6450bfbcc9e3efe2b7817fe75e9da2eb97c0d7e,selection,True
1418,410b9bca4acb08b3a0e1733c80824057b4f662305e289df1c7e67b03b6c5ca4b,final,True
1419,47d79aab8c7d1584ecc614c55d12415f40821cf81c6e3836f1255b9aa0f71b9e,train,True
1420,582ff9c36f84b58318aa6d04e21b632faad4fbf0b0fb9c42c6c8f4704828579b,train,True
1421,3a2c28d3d7e2360b41b8aa38241f87a745aeae6e465af18280a6e040cdf0bcd1,train,True
1422,ba142e5ab7f4b23adfd2d3c418aa64736472b177ac4a92475e9108926291d268,train,True
1423,c1a80784bb1ec72e752e045d958873c81eb80e88eb0c46a41afd7de66e8d8735,train,True
1424,9f9c67e2b9329b424732a25cfe08d64ddf1f3d58c7f553543e29c0b9030ea227,selection,True
1425,53b8bfceb8e4d4ccc1f10f7862f8696d64a1749be316567dfbd2eb04de040fff,train,True
1426,5751fc7a5b7e1c583dcab2be6972050e9f27e73e0fe4a9896c7ef89c3abf8ec6,train,True
1427,aa5626e7804c09abb246b28faa920cf2f6d72837e4a9a2bab8434b040892387d,final,True
1428,446531dcefe9ba25d28427c25cff063aa03fd05d4a2aceba24155db7f1664ba5,train,True
1429,6cd535b62252966798b73a4e110755872ebadd6aff9b07628a5c1701c9cce6fc,final,True
1430,050fe007b7ce70f21f0ad8821d44dc5dec05779f1659b2abae37875ed89e203e,train,True
1431,f6b4326a164bfb7e4b40e18706b6977f5266325f4e5e08754d686a44c6b51cc9,selection,True
1432,a25208ea3adf683b2ad7988996b7a380751388bade418d044e76161e4052a33d,train,True
1433,6a647e2d98b7dff837d8656607dd5699ae59ed6c97a07997e4554af80a7bc394,train,True
1434,4bd711af6ecdafe1f7ebf6e7fdf981cf113a278baf22da7fbd590fb5249b08af,final,True
1435,a78daa130fd200c4fcbe2a9ed571e5ab6fde66547f19343c1b57eefa04f945b5,final,True
1436,a4d0dded27a0f315dccbf7452bd1b0f591910e288fd68760ffa83213f4ab3775,train,True
1437,def04c8d0e4a1513186b9c166b0f79bf20eed2ad549b20bcfa409a7ab8ea44c5,train,True
1438,60649857d981f1a641357ef82555e437a665b73845bfba4ed55879afa521ebce,train,True
1439,ccecc8000b1a60285a5054f59ea71dba737a593d80b16c3395c472e32097d89f,train,True
1440,59bec076701b6605ed20380f697e0f5b3a3a041efa5dadcf07f5af7d195ac9f3,selection,True
1441,ef149571e7878abb177e65c7acead2031d585302979b0d523527766ad9c3e44c,train,True
1442,79c0ed7432a466c55e42d18e28f0c6f555d156bfe8c37e68824e0ebf94944dc0,final,True
1443,a8d0595782e51a5785783accba8455691759e72ad6c302c9143d5640a544022d,train,True
1444,81e45e366340d39a2830600e33626e2047d3e0a3d8a7b194c3a66528f1c41197,selection,True
1445,e2b2839696e7f229c8038c1f5eb9299485e0e0aa617b9fa98883314286c866e0,train,True
1446,27bae39920ad969b1abbde82a3665ee5f1103020233408edf7a0250f0f6480e5,selection,True
1447,f42b8667a7ba77d5e90e31bee2fc68999510c5c8aac06fc4658a426b84d80159,selection,True
1448,d9554f167bf5573e15b601612f1a4c07ccc626efc1c913b51962ae56f6aa87e7,final,True
1449,e526ea927d2b19634b2f6bae0d62946c1c0258d2abe82660291b1b4528009283,selection,True
1450,7674f6427e3b20843a1ed35ec3bff84f3497eb57feaddaeb4cf9b528e5e91d14,train,True
1451,c97fd59d8181eee29d2b1f980fb239c9821107f4de7ffdedf36931f10912e643,train,True
1452,408ca821206d18cdaba1152f858fd739c26c73459bfd4bae21e2ded6782f435e,final,True
1453,2092b6721742b59527411ca97a518b605b7c7126fe76d483bca9d5f68c02943d,train,True
1454,62f90f0365b62a3bd6810ea539ec82567248a7ef64529c2c1b95c984f952cc3b,selection,True
1455,57dd8081caea58472cd207a9c2a11f9a14ee6e1e7488da455b68023d6e1ad65f,train,True
1456,2558dccfb7f4d9ac844699580dcfc956f159ed3ab1affa060e69c8a7a6f7ef98,train,True
1457,63208732afd8644da5bfbf2765a73ed0e9e18268c9a5e721481fdd0660856d06,train,True
1458,9c0b4f2776cba38542e94e7d394499c6ea0c34f4ede54f68d476bf672f9c4a53,train,True
1459,ef3afaa72a47959940820b7c2bb3c5006654562ed518bb712783e197d18b3fbf,train,True
1460,fe83fba0dc959eb3dcfa56ab5672d36a8604f63c546eec0ede6cbee901b65dda,train,True
1461,37a75578573b4bbbe025886f0ba0431d32d888a73e250613d9d826554e8587aa,train,True
1462,ec92b82709c17b6be669ac07ea8948e6e8312c92c5f306251f1bfa43163702cb,final,True
1463,a284a648c6a72047832a83c4dc662ba98681393ab72275802591efa2695a06c2,final,True
1464,f30183ee38612b7863e1cef4e9096ddb18327fd1b95de0df09177a9684db44c7,train,True
1465,79ed83c3447e64671a817d2e5fc2133eed6bfbc6db776b38a0bf3f1b84e3f646,train,True
1466,efd2863b7e5151759bbe2e52dd38805239884070a79157a704206c2fd7547968,final,True
1467,27ac68345737db27f7cc5767162e30174daed887494b7acf2a9570bd249f099f,train,True
1468,c3df6100fac954df09da85108e521b22104c243098f4658d97b881b25b9eb280,selection,True
1469,b3cb2e23c5d4eb2f61e2dfb2d8a852d273f572fb9e2bc0445b45a74772c21577,selection,True
1470,62a96e3b62fdae503b301ebc9270757df53df25af64bb89d956145eabdb0e1af,train,True
1471,e1f0e5588fb21788927e6a82f5d8a3e6ffcd873fc25725c6b1818f93e397027f,train,True
1472,fd51e82ce738c0668887cd0c8c954b142b112f551a96e0d0249598b7a366a2f7,train,True
1473,e0572199bda3f4c12686b5a442c40567d1bbe01521271dea51d23804a8ea7ced,train,True
1474,fcb821815282fc5fc23837108316f1aa5c53891b3009f89f2ad6d38413498c08,train,True
1475,940d046259b01ed4818c4242164fc9ed6dc7afd7544257ff8aac09f055f7f163,final,True
1476,3da118a73240c8573f9dfadd47314fd06081eded8689ffb0512df66229bf4136,train,True
1477,5dcd3bcd3bc1b20d7e97d2f5774ada7f76301cb5a0c8420f069e7f3fe68600ec,train,True
1478,d9f42318f7c3086c6ec921f1ec2834903a7a1b37cc3a1d7999f9a5b36851052f,train,True
1479,6eec99f10a7d0ae782ce9b85c585ef3850a5056f89a74c72d7756ff2bbaffdc9,final,True
1480,e2a4ce233f59a68db75b2bf5cb21b273f8bafa1a3b0e8411cc7a9e29bd75d864,train,True
1481,4e7e8d8a1d515eb1e0ff38ba958d83b1ea97d0d7c6fb74b81263ee9389be003e,train,True
1482,2ef8a579886cd56b0510a77b1d0a2e10d5cb6981f47041fab4d32f84111b311b,final,True
1483,46c071684ffb278d742f60813d852156096cad8f0d88015164ee54f2da66539e,train,True
1484,e57856de5848deae442a1184851d6b68d898fc8729ed8360dbba4b47b847e21b,train,True
1485,4143bd3e10791ce2f1415a7645affa9b41405a8c978e5ff465b110563e4a166d,train,True
1486,81f57b2a44d17fdc12e4581fb5fa8be3aae8b7294bf45bd1e1e699e9c75b98c0,train,True
1487,4dde0230f60eafea19b3b20b55357b628b8d00e2408d9624d468f10db3eb8569,train,True
1488,3471438d8aec3eb602d4438ab154623e731a02fb56176f693c883e9dfb6fe2b8,train,True
1489,a0ab6765050e1b433b7060c0e67070c97667e764c375923cc00405867a98c694,final,True
1490,da28bf03d257397c25dabcc964b3713fbeaaacbecdd92fb88fab6b51109e0273,train,True
1491,4cbc355d4f6ada80a85edf44423de2c8a570b653a00a3c785b6fe0a3580b8735,train,True
1492,8b7c31c352efe47a575e3a408a045958a449ccdb4a40a32bad34811e63e4920e,train,True
1493,8d2daa3bda0bc99f486b6eab9b52fe586edc29ab89069e685437ff1cfa28d631,train,True
1494,545f944bffe1c65666fb0918dd6aaec2e9e858ec48ac4bedb01870d8b3404e23,final,True
1495,d8ff56327a2b574a73670b4f1ef761c4c4c7896dc9c9d8a0baf7b64e23b1dca5,final,True
1496,eced548b98de44dca7a8905a15fb3d84d103a8cb7aaa6129f66dcbf4a657b32c,train,True
1497,cf6a9d7a45476f734fcabba8a57db58276cbe44cc977c24becd61f0cdbc8661a,train,True
1498,a0e97b11226e60086e9e65db78f2a2319c4eb1769fe67d564f7942a52ed43cec,selection,True
1499,1b0d738dff6411c95789836c64e4920f4cb0f4f673d3649ced1555165d793132,train,True
1500,2e078df0f80eaf3884c248ce0b740d0f60a8caa7175aeed3274d544c02fc543f,train,True
1501,5ea46789a528355f74a5471a0c3228b39f2a4c10490656161e2af46c5036c5c8,selection,True
1502,a999dbeb8ae86e22fb56d400a34869bb128c4c82195f923d5ef75b79771a7c14,selection,True
1503,abfa4eb7d9951c99ea6769c645c1b2c81456c35068230224c613e92a463a7b78,selection,True
1504,a7822cced573aa930811831bd02810b8224677fa3a079c2f9382983a70ba942d,final,True
1505,c381381133e9dc855706b24ddd356f61e10e2737539e3a3f85cfceea5ab04fc6,train,True
1506,68d7d644c19a363c2e09a2c5317727658fdafff196613ffb2bc82ab96734cb98,train,True
1507,03dc8fdb0978981896eb011d7b03286b699453a3a5df5428c88e7af1645e2199,final,True
1508,09f05325b0fe6561bfd402cf155680c836642f7369d9b1565aa1741b316f7f5e,train,True
1509,8e97706e8cedaf8746be43c7d90f265cdf5fe11f76161a1b0507a5aebf55021f,train,True
1510,15ce5d7c9edecc041c98af9c72f78e026ce1e9000dcf7513ea56fd3501e252d8,train,True
1511,68984ca454e4664c699cf2a292f991487b82668edebe6f3195c98d4fb495573c,train,True
1512,b4cdeb243fa53d11d380359971061b1f86a65cc916e92fec6b95befee757f510,train,True
1513,2066678dfcd4404355af9f9b7b8204a09d67c10bb99ce36e3ff1550af842928b,final,True
1514,6972ef4d06d3b5a26a1765f442d15253998c985dfd672c1b6622ffdddacda549,train,True
1515,58d59422162dfa4798c639b44cee9047742e69efffa6032550b36f0e0caae986,train,True
1516,7b98e356ada6e768578d7e837be36c543723bc9bba4c27684a64c0e29af22986,train,True
1517,25dac5830a1f0e6a7d02aa7f3c1d434d45643047066e869630ff84f656c22ac5,final,True
1518,d64686300daffe0cceedc61f00dd31acdfbbd2b975a0515e847542c741352bbc,final,True
1519,186c9438db7edd820b815e14702dcfab4079057fd9b32909f613916f93511ce7,train,True
1520,2ba6808b223686efd257a231663aacbba3b1f32fdb0f8c1fa47c32e6fb76c5af,selection,True
1521,d9554f167bf5573e15b601612f1a4c07ccc626efc1c913b51962ae56f6aa87e7,final,True
1522,f7cf5674d2615facf8dcfc86e759c0e511f351440b2b770c77ce20de89ec0ad3,train,True
1523,79b937725985c489fa52218377ada3376ea7e93f0353365635f6d3b01a04a76c,selection,True
1524,39c5d929487096a6a89615ded430124ae766e9f99d811e2f81a2e5e8d05f6939,final,True
1525,1fc17cfe734b44c2422ae614f96f7a95bf61e925ee4fa11f85216cdb4524512a,train,True
1526,181a541f1ec128b401ead1330b103dcf9b765adbb462b827cfd85c834b02274a,train,True
1527,1dc2f938c0ea9c979839520799f67d325f1e185d3f0a9890b0cc1c2b612100e0,train,True
1528,78c253dac975f592499b3780c21fd3b3afb53dd195f2454e5b402504969ea40f,selection,True
1529,50a2003ecab16f577de46b77f7aaba170da0f4d2d7b8d9ab573dd5945ce70415,train,True
1530,45fb62a207cdfe8f99c50e38014cff03810c034b18ae24303863f2ef5ff4b46b,train,True
1531,de779d522a235831de837d9e06edb0e15518d565cedb0eea90db2c7d460aaf48,train,True
1532,7286ba13e094ee2a321433b1bbd3e60678e0d3b6bd54607985ca74d21863fb09,train,True
1533,c8d65726a8bd8825e3c8589356f41ea5b639ef88b80af6c5df744cb5289f421a,train,True
1534,73c9b0150469fa63c6ab04c4a29d62e6dd016a0177ffb26133e0a3d087061b20,train,True
1535,48b6036ee92189e38c058f0a9e1a40aa235f5736154518858c7bcb372add4dc3,train,True
1536,572655860a5436b676d256002f25ec8c21a22d43b5619042dd4b31c153496a2c,train,True
1537,632759ffcf89c1ad241dbc77e42d632f95c8290dc0f6f585c4480135e86d007f,selection,True
1538,1846092f9730c571021d79a45568cac962bae6e18901f73ac5e4c283d062716d,train,True
1539,c2fecc797329b3374d0fb8cbe1006ab1031344c9b07d1ac37613dc32e59597c6,train,True
1540,33b793657372cd252b96df6b15e7687aff4042db65e402e86f16484148e50cc1,selection,True
1541,d00f13e101b41c2953d338b411a5485a4bf87e1486edc0d77f3a79ec8c38b3f1,train,True
1542,8520766f3ca28dc8388e141529dac1e56e7908a9b718f82dfd70870d7f487ebc,train,True
1543,92e3f8dc4b00cfceb45716e94ff56a473c0278aeb4ab29689e527813d52e0987,selection,True
1544,34c8eb8b3422b6a17079503d18d27df61b62aa8036a8cad7ccef447a53f0ccc3,final,True
1545,2346668d06a2dc2cb7bd58f6d25b865e2c94df061cef2e56264fda3301c85b43,train,True
1546,7317f7f4659af5ff8a195916e3032430f583e5a775cae3f95e29d7d63034d435,selection,True
1547,efcfcfd5f788e33a7ccf9f47ecc12999286767904fae4bad78e76b8cbbc77e65,train,True
1548,eb150c44f676a6686de5e358080328e80d929bbc66803030c0c8e860834acb44,train,True
1549,da2e06b968e7d8c873bd12929270fd5f132c36e69da77e82404ea3760888ada5,train,True
1550,d50cf6374351337a91a405c7f81814de94153aff0ada35fd66c5d5cae162cd04,final,True
1551,f4df008bf5662220913b1cfc36f6770fe0d712c055693344f931655b6da9a669,final,True
1552,3484dd914ce737efe1811ee5295bf47fd6ed4e0476ac30a95362547a5867b509,train,True
1553,1e95394bf8081ee4bd7d795b1570abb6192762a32b0c021819170e39db4c239b,train,True
1554,d38d817c880b8bc8f39d894022f3e5bcd372c624e469b5a8c3fe7469812b492f,selection,True
1555,4817def14f1b9f18ccafd31659a0317203ad0596944cec8c054229f8e87211ac,final,True
1556,3df436caa614d0703532f741426e72594f0f272084d7544641e412cee31b21e0,final,True
1557,5abaa3eb447555e2d87ceb48bfac69eceefc9d574e785a762ac60255c1345a8e,train,True
1558,19d09a5084d0b9ba33bca9ccc09195dd4eadd8bc50e520c571216eb20e0cd2c8,selection,True
1559,a65c48e9c563b7e68b4c362bdbf63b90362ca5d89d51157b692b2aa87fc553b6,final,True
1560,9537b9b43fe258a1a55eb293e15b7fc3c934ef4cdb521ad1e4e8ad68cf24b98d,train,True
1561,534c47c66362d3d808b4a11955ce489c8ee01fcce23c5649622ff516860864f7,selection,True
1562,34c2dc254eaeda5e5375923adf9d6c1c80d4defefa495c552ff8dfce222f4caf,selection,True
1563,43ebf8b0d5dfea6d0b879d38646f8031b3d879715c9df4b9c5a238dd19f96d76,train,True
1564,ea26296cdb7e748d484a4e4cd5aea656903af2130300dc6e7fa65a0afb1abe6f,train,True
1565,4b4915b9754fdfd744fee9099cbb40cebbe02958c2260e81ebb4443411fef56e,final,True
1566,053503edc5522e408225bd2a04b1db7a5e7f49160279c349b3382ff30529ac9a,final,True
1567,7372e1403799e867aff6fff0f789909bf8cadde9fcdbd9333a7367d4436a5fe7,final,True
1568,ec1379a16677f6051023d84d6c721b8fa653fa6c2371cf01e0c5e4f9ba4c7caf,final,True
1569,068057e7074386e4aeed90f9c50281518df27dcdad096070fa579727b27d2472,train,True
1570,6feb871ecbeeac96bfe27410565678e0e85b43bf5d1e3f2d861ce7d2baed81ab,selection,True
1571,6f2a1fae5439afd5733dc301bc14bb9ec8f245d6d65433b8cb1ee2e9a5961014,selection,True
1572,6ebc03e5bca304f4f973668d54ee24431f593d29281bdc4e3250df60f868057a,selection,True
1573,d0c02328ae0d98981f3ef9ec80bb60489fbdeeeb1ab9329be23658ff522439c2,train,True
1574,6e8a74b0a9d4809007eae70953aea8b0f60bf438b4a99cb3dacd1851975744bf,selection,True
1575,6f458469d9ff49d138ba2c17753cfe9557cda588d714a39bcddaa3d22717fb44,train,True
1576,5268dbefd7126d5dab9a22bea18565c5f95fc499f8dc90492d0b97cae4144e2b,train,True
1577,8f2ee4622c81dbb502153a14db13147b3306686bf760d1b991b4119ecab4fd6b,final,True
1578,7aaa8af4696d1fa4992d7f2d0d2779d8f666f13320eeffa3f31147ef0489a986,final,True
1579,4c228f43f6b7bce36f43a4c8dc1ec43b37005b7e93c311ecf5db9322ad019224,final,True
1580,f463687d3919ed5637b2b93a50f5a68508c09e3f22462aa633d6589f80b211c4,final,True
1581,9e8a9cadf9c73b455ff242710c2b990ca1eb02c845c74f7080992c87e98d32b3,final,True
1582,b40d4b2c6ead2590f3a4e7d633aff8505f5ef166ba5d55c128a838ebdb84f007,final,True
1583,03dc3936f5f110da29b14f00f50f553df17cd313e5c1e6fe7440d222028dfbda,final,True
1584,615d64a25662c3852cb97b00e0e16942dd97a54a257e1f5534112241be57c731,train,True
1585,98afbd4dd786dee1bf6c2a1091459291867117c86036009d8a8ba3962a09229b,train,True
1586,50ff0b0ac689e9a2073cedb19432ff5dd2c672d796b2d80145beabe7e216abe7,selection,True
1587,0482cb7617ed3dbecf0539385d6857cd2637e6711b431f5fa65c93a3788f1761,train,True
1588,a7381514ab3db4082e95e463cbabf09a2d9545b021c375e446cec9736676b748,train,True
1589,f6b83440a7b2704dadbd4da73bb68ff525e7431d94b57202177292f854b86970,final,True
1590,1276852eaec31e6fb1094a67769dfb3a8bb6054ff8b8a1d92d7e78cd0f653b8b,selection,True
1591,c0e4dea104f77709c6f8b6c0ddd63c7bd7d4fa693cd5f4a2e75bf61153152c92,selection,True
1592,f41e707f2b90ecb132741777be4ef3727750b0eab78800e797571c38f7b2a46f,train,True
1593,c854c61beaa01ef2a170ec09c52032c15f853d7d9855da6bb576a63d48ff6bac,selection,True
1594,b9cd5573b4200161683ab01384a796c07ecfc9f8de8b2b7b5e715c900fc4f537,train,True
1595,1aefb12f8a0594ebddda0d8a3db4da6ff7ab40a47328602fd6e4026bc1e7609b,selection,True
1596,74ae83d1c358198aea4685f51e961e7c54d4b050bcbd421cdbc8cb73ebdc238c,final,True
1597,e656669a45cf2320ae8b45927670f73cfb271bfca9427d75c040ac6683faae9c,selection,True
1598,7d0550f9d794004ca664b68a5794452a161e88153528a9bb4162ea4c2997a391,train,True
1599,678fb4e3f4267c6c56caf56aff635e7c4b666deca829fb21798d1ee991ca1494,selection,True
1600,4839a8e0c77e84bd83c8c474798a7fa6a1918cc1c76ec922d404d411c554b6b7,train,True
1601,bd8366527a3060e19c232584359c1d2358bf38688232592250b6886fd4fecb5e,train,True
1602,eb751653e2ec7a4c32db8763aa0a6c0564afc80d05b0c504e5997e99d28ba376,train,True
1603,9ce63c0adc9f36ca595d34d536997ca942cffd169112c998774a47cb45e29020,final,True
1604,7db9bcdd80f6177820b1171ee3959fb44f3c85de3b4e165303cdacf6c59b0814,train,True
1605,1d5706635f821f204f840e8885eb79b101f184414fde04690ddc03770c3221a2,selection,True
1606,a07d195f7900ed815a345cc41b8f283ebe7f09c6ce3975fab5e5b1bc19614bd0,train,True
1607,ee445a18697a571a8f21397e1ffed22dc4291bc84ec6195283a106ce718bf854,train,True
1608,5799caf89a75deff352204cff40876eeb0dcc71c17c578b285ad0a8d7c4ccad2,train,True
1609,659d1d695ae509502572868b57f3a091c8f12f62fed5274a7ff6f7ab711d1d3d,train,True
1610,b723c53cc982a3723f491af94737a147ad8d7305fcd34f3c5360da110d1063ba,train,True
1611,ea288c98cb80c4cac478af0f1de4df512bc029ba54eaf0093d92845ae9c53742,selection,True
1612,16abc5d24b98edef8b3401f491b4c4da27a69dcccea509f6812eef6ca0deea97,train,True
1613,f9f6eb147852364b6a07ca6cd842761cd5b3fe0812ac14c7d49f88fe539641ef,train,True
1614,ab72e7e124ea4c2afa4256a951d97b45b7ddbd95dae5d38d536dcbdc14b9ddc9,train,True
1615,f203bd9604bb0c8a7a3bd89fcce80d0f3e00d1f64c3786033ab5e3b34a846e53,train,True
1616,6556e6748361710f11b3583956c7348c0d905cd333e30909c1d4a9b4a824f717,train,True
1617,917173afc4ff5782dd41b7171e1137be9cdaa7d1ff4d55b2b0aa5f30aedb5199,train,True
1618,08f22aa605a2e1fcae715e6be535a73df675c5b34a3b85fcc839e312ff36f452,train,True
1619,c3bb79caf31e68ca4ff8f0336f603bd068f1d081338d4ec7a08c218c5c04c065,train,True
1620,71a90f754325ebac24881e3856bf2f1ffd95a4b70be0fee75650376d2d21f80b,train,True
1621,84f0727b475ee46f81e22e9574a75c99498145dcf6ddfe8e2d912a996fb300d8,final,True
1622,f60ab0eae4fc4b1c290be23155ca1716b9a6349f5a72c4ce80ed0a4372db424c,final,True
1623,389299723c23f88468ec1c0ac92dd06da84a67683ae80720da59c3a48188823d,final,True
1624,2ba408c2467b6566b8a3a6567ae4b40ecb4c8a5dd175d3e9619fd90e81852dab,train,True
1625,e386038aeb82033dfb2741c9544d52b8eabd5f72769ad9e4ce9eb0c0f6675fa2,train,True
1626,a3757b32bf58b38c3d757ff894425382b3e1e9cec3dd54d0a8f8dee6015b3c69,final,True
1627,4a58d1abc95f5e93048da6a76aee0d471a4b10fb2e7d0697c00c381fc0fdeabc,selection,True
1628,adfeca918e7b954a52a4044c1cf613ee57eb15714cbb4f23a476574877d5cb07,train,True
1629,a5b49e5d06e541dde4b3d614b890a658ce2e3f71755ce95bd2c77497920f70aa,train,True
1630,a90c6ffb5d8740358e401f78fe917dd415e10fdc20b82e13a10f7c434911fd0f,selection,True
1631,6da81261a278430ae3ad0c4b84ebc6848b56405b0d7de219d00283ca070a10f6,train,True
1632,bcef576f2f61b0061638ce17e7190e00014253a57cbd142fee4066d4d63e05c8,train,True
1633,e77e6049bcbea94c3a073dbe93f9beb0df7f6b4f2e646e3f5acd93f91848ff69,selection,True
1634,4a743acedbd326e641542321d5fdf762c436e3c58c617b744d12ed16c1321e61,train,True
1635,9a430a36e217afa248c0388a7ff1875281a5a6c3b7a46258eaed1d2ce5c58427,final,True
1636,20d53c791a1113f3011e7b82f8eb801a1de05d9aed7d23cc741fb899a5cb7cb9,final,True
1637,fac1897b9941ae084103fc419cb27fab1b009071495036a4344dcf169a4f44c7,train,True
1638,32244a8739d3f305c3404dbd9434af6f60cfaf7c48a1e28bce609af0cca98cdd,final,True
1639,f4e66d4700af7fe154d5ab40f04cfcc2c6fe5ffef5c9904c0e9e971f13357c45,train,True
1640,93e565fed7250a5f33bf04bbb7692fc8a0078f7adede16fbc065f533993c4c0a,train,True
1641,00a5501b6197ce358c50ee4a8611c9799811af2058118c754a40c1a09a22c3eb,train,True
1642,19e2e60bd1573f9935116e452a98a3742fbc68486db583956fd265846bb853fb,selection,True
1643,9c4a353e5c6aba902d451add1b8c03ec6b22b62d30d38b92a710804cf8f8558c,train,True
1644,9ff1f65dab5c8da0a44621acacb94aa8d2c75d76dc37bae9c7070a98ca246c97,train,True
1645,b8464f983db2f1c13e68473ed424fa3b2988555131a1c4315b1ed7859a9928f8,final,True
1646,feee0bfd56c4380f4c1531fc5979929c06a131ee475858f8d5c6ea2c4d6f4640,train,True
1647,74694a704ac70775cf43eb7de2605c8cb18e4964ad9c8896385c3d2c16fb8eac,selection,True
1648,477e20bf1f02101d1141732cd5af49c55b30998cb181e7c414f13b503710773a,train,True
1649,d1493baf8c226d84193dc18507876f9e30c85a899f0cf372807da4fc9271646f,selection,True
1650,28062e1668c3de46a77c23c8263364432467d0b1b6dd16817304ab63a861bd9f,train,True
1651,0b3cafaf54f0c439ed78fb272e00819040c5af7f40e389116d95b75ea2232de1,train,True
1652,fb4430f3d2904d67354ebff8d7db9dbde04380f5afb7eec4e53b105d02d21a51,train,True
1653,e483bacbee6eec5b4ead1504c942521bc05d826fe241000b696a2e1667e7346a,train,True
1654,ad1902f9cfa71f44068cfeda582c62920a511e9e75c4318c8b939e0d1cddf065,train,True
1655,ca626969e117ed41f9cb6221c29834f1cd08d9446eeb4812e9d3ec58532b97fc,train,True
1656,8f26c0d5bb3e6f9b90855fc777154a5e0738dbb406c1fd23fc2711f53fe38597,final,True
1657,cf7f2c176d836feef0e2db503cf8ea4e2461d059115aaa961efa17d817babad3,selection,True
1658,498017cf8b7a818b52a1d0ee1adb0997d0ede6a5142c5c241083960881f29b1f,train,True
1659,9135daefdf016c59019525555758aa1322ef258304d77aa05fa03980be269f4b,final,True
1660,a23b5a2c6832f6c5ff1380ad4e28f65112cda988a21107c6947b99c3a1743ec8,train,True
1661,37e46bb063d24413e72a8c810bda5eaf786f1c85c1e6a9931b67c090e7cb100c,selection,True
1662,4199eda7e908280d46dedb6ce0977c565d664a7835862b18f27d7d51088a5152,selection,True
1663,c199f51d29117f90a05c101a0303961c608bfcf631b4d673dc5e30945c42b9fa,train,True
1664,c5736b2b561c5e41d33c49e4d07bbe959d48a2a8c898f1dff770360d3df8b731,train,True
1665,d3057889974bdc2ab7e4f3b42ea57bc1d182a290a173a08ac47b5ac45cc2589a,selection,True
1666,f92c218c02db3df1ac624a034b96834477d3d417ef3259cbd8ef5907f9f0b1a0,final,True
1667,5588d1c607d6f74650a36c17771560ee547674c9fd2d8edab017b7d6104fc5f0,train,True
1668,7333280ecd9a040016e4c1c5491d2810f6106f306e67bbff8223ab3700d522c9,train,True
1669,55b79aa2eabc651461607f4fb552fe30bef79192d3aae7926ab3abb7fc35b6bb,train,True
1670,4a3a62e748c0912388ca74d2d12bae301a5442a26a8a0e5b47e807592693848b,selection,True
1671,4f9d1ca212a4dbe403cf68676342d35280b033a5ed8632154ebcd706e261e3cf,selection,True
1672,8a8f952f39706d2c082d26c46536f254c3f09e40fc23fb6a06f62e8c5950904f,train,True
1673,fa0e07b0404a18a46d51fc6c36ecb445ac0f72a480837f54957ccb5197048813,final,True
1674,caeb7f1e34c93d8d106647b28ef8e38d856030bb128e5c9dbc12d865d5b090ba,final,True
1675,c5590611c3c6c87556ca985bc2d8a08729d1bbe16b83c41139a87d6eca21d311,train,True
1676,45755eca925c16169663991eaa2fd8f47a5c5e98378ad4646f5d86474595426b,final,True
1677,3c3b442575b7dbbd9ecdbe9ab57a500be133a163f7a9591ab3760de5e203bff3,final,True
1678,78d7d2af2f3b6da6a541528e8e272b3a53503885aa1691aa69a2360c3ab97587,train,True
1679,6d63ef98e81f1e973cfc20bc5423b7964becc05e23adcbbec6f3481cf14349fa,train,True
1680,f705e7714e028c170548baa0398b8f8546421dab8826a8d760516bb1f24581e7,train,True
1681,4ab0119c373b1e874f693d961c66cce9aa792ac2b2899ac51320c347d4b72ad8,train,True
1682,b9d46bf8dd610ef4f5548c24afcd0f5e23a86b4a3e033005c0eb59994c7ba739,selection,True
1683,b6a41421bc2a9f38d5b31cd624ebabfc54dedf77d13387004905ef40909c13bd,selection,True
1684,d15a6c96aa770b88b34903deb79d21e214b9560a9eb9ace3e6eb91de65e8763f,train,True
1685,3f5e80a48412a325be0e799025b5dd371c88384d78864db23d249172d7f4cb50,selection,True
1686,6f6e6575dd69970c65c5ae2a74a5e770e063681ee006c6ff74f04969e6779c77,selection,True
1687,38cadce671633d224e357714d8c6b19106a614ef8b6c60b7b1809f270326358a,selection,True
1688,516d4fbf19509f70c82d124797d1ea567ff3be269482f0c12f0af72ce4c5a4d8,selection,True
1689,4685bdc517c9bcdf1cd2413c4384c909f683202d37d3954fe1a0441253429a3a,train,True
1690,fa227dd136734cf347f479c5b9ef46ace5dd28779dc94a105eea21c1104b10ab,final,True
1691,a1f64c6c86192d5b4e59e7ad6643b33c278b581ac9b60a1df744d2c793454236,selection,True
1692,294bc2026d6707f89cfab630576e8d43a5e8c1ca1d966a6b310967669c3ceaf1,train,True
1693,4e4107f3cbf28d1c472e44f0cec2f05cbbbe9d5495e3d7cf873d48814f569642,final,True
1694,db656765b1da018d0a191f8d0b6373f16f6c532769c884033ecdd84b67740706,selection,True
1695,c7813662c66a3e9f72b0f31b3d0fecaeeada2c0f36c88524ca02ad58508b1bf2,final,True
1696,587caf0adb6212b14dc8abfefe651dec80180053c3d3ba2ac0c4e9620d1da0c6,train,True
1697,6b0f26b5eb6d3ae782da4ba1fb71e0468411e58f0ac07998d8ae03f6872ca426,train,True
1698,c65dff2be8742d6187bf7d73d834be5bad91f8fdafd5bd4c096a51804a11df31,selection,True
1699,9aa5997b434970cd13e70684db11dcf12b15c7418dbee97380b18838a80f38e4,final,True
1700,275887231106e116c5a5f70d0eccbcaa67106d1d64b7f3bc2e3dc13e88bcbbf0,final,True
1701,b543f26b157184112663c1db696e0a98cf6da0cd9bedfb8e35556133f758a301,train,True
1702,0774b07dc5a8ff2a2645e23e4de91583432ec916df95d61f6fb517fa4420ec86,train,True
1703,8fffee287de3e1af034e6242c92bcca243ed5e6cbbc77470f9f6b05d02060d81,train,True
1704,e4e2e6f3f82e84b0a7a6e808f446478edeb0f5a6e4a24d33ceb986d567ee167a,train,True
1705,0a1a4e1d154ee3628245cbc2382295f42f78b7c1ce27b4dbfb817fd3f8836fd7,train,True
1706,d76bcb73e42b6548c278b4362bc18e8b84ff1d1b10f3e5a5a4488e2580dfadb1,train,True
1707,a55b87b65c5fb0576541817b9e2492b95ab9718fe64843e31292ea679c6e8b29,train,True
1708,f50f2e45116dd9ab23ee8c75f8e0733a6e2e7ec44dfd3d379aa83d43c7fd310c,selection,True
1709,bb1af8493dbea81556d4e74cdd153c4a99776f9329c56e7e23c200b6908ee16a,train,True
1710,38d44f89e78731634653dee4723996f015a988d19882ca2870846469d5c76c9e,train,True
1711,d495509449f29462840c534d08ac4566aca3002e7202ebe074c7101fb45c77fe,final,True
1712,2d2a992494114c1f2bc26aa3defb3a0434e9cf6843393cc83566c2a6a2806633,final,True
1713,f913f1c374d7fbf50af4be8443cc6e90498fec654608288c422edf75f9879b00,train,True
1714,805f62860349987fcaa0b9bd7dc5792c3aaed71b286175afba284815938c85c2,train,True
1715,624ca0e2c14964bd32bddf3e9421370406ada031cc639d5417c6d5addbc6bcda,train,True
1716,6b4d88d7c1addf0cbf1c7bbc1398a1d1ca0462a58af709bb19397b81e3af5f0d,final,True
1717,676f26ca52cab2fcf09b01008bf8974a1d1f9863f1ffcc63a12a7f377e1401bf,selection,True
1718,364bc34b451aa2d5ca3a0111f1400a179148baccdd5724cd5e04566b4106ec1a,train,True
1719,801f68af1c97af64e938f2d8da1c6b803393388467b98d7a3c4402c23e2cf1c1,selection,True
1720,97509acf2bc702992ca408a3f80acb1a8ac64577ee8b63f4cfe912c7bea88071,train,True
1721,2a1d1b95b31a55b92586e46f081ee77161d16ec63a822fbc88d050076e279476,final,True
1722,dae6655c071eaa9b1c28b76c163cbe9150693a3b88d7fb29424f73b7bc413967,train,True
1723,970a514b096c5d40829b2416fccc5e2063ad2449810fce491c1f6079ab7ca33f,final,True
1724,86dea254518a272fca2bc2317039e52de7b8128911de2adbf7c06320e944a184,train,True
1725,b7eb5e94d248efaec956608339ab5ccae567a94337d5af465442bbd2650851c8,train,True
1726,c78e5149f22a339a186426182c7b8903db04e7dfad3e34759a968c9f0c84470e,train,True
1727,bec7f6a0eece020bd07b76ff4087a710a1dad907d719b61c821f973db674191a,train,True
1728,6ba8c240a24deac0cec3fb00f61d544646380769004f132b6fc3f01b93782bb0,train,True
1729,e8075942a35fc3024bc2964056b4a8f198fccd663267781c30fab3411ac18771,selection,True
1730,085fdccea2227be14f18891ce220393690b0ee412c41acf771c327b811ebc122,train,True
1731,7e80a352417138fc3a1ae97cec7071289ff7d7bddf3f00473b0dc977d37ab307,selection,True
1732,7cd77ea33e14324a5e657494259b94323889d8238edcb9541e2a76534457959f,train,True
1733,acebb4178e134f0830376ea5c5be25905ab876342655186c443e6b11dcb0836b,final,True
1734,3dfcff50840227d353cad69defbd734a0571b4c91e87b7192a58fd124c479873,selection,True
1735,f985dfbec0a6d370d6415feda622c5ca9c33180e2939962d104e05b64adfaafc,final,True
1736,b123446bedbdf544c2ab2a4bbfa59a2c90b0fe8a1e7fb22bc30387e5dccba32c,train,True
1737,71688baa21059cd9f0817e46fad16491118c5e37d3804fc0b14c7d63c1db2ae9,train,True
1738,ce2daf5979c4ded96b58e65e4c4eff70692ff6c7ff1456d5d1ad226e3e38f6f6,train,True
1739,9bd360f1c73cbf6acfbd1d097f4871c3904da54c6becf5470ff8a23b65089b8c,train,True
1740,451a2e2d38339b8f6acab7572d7d6695796d6fe74fde1f5d6920d0cf4b6907b1,final,True
1741,d7f8330b498ec308ebf8c5ed7559eb27423809420acb146e531afc5224774f79,train,True
1742,210904da20227517dfd892f33f6b759ba6fae9b1d121b935ef2b9d33c2119021,train,True
1743,206a953cc9a33a11770138af83cfa64650f450a04ac357234bddfaf33ab7ce5a,train,True
1744,d34db93e62e46962a82feabb6af0ce84e007126232ab1c21a88fcd04ea0f8875,train,True
1745,d179f0374478ee057e033768cd6a037323ec40d261448deba97da8b130880558,train,True
1746,a75af82da548bcdfc8489dbfa92c9c63105f3e169cb2c6dc944c4a2bdcdc3a09,train,True
1747,d3c4abb38cf0c4cfa6faeb66e7f502e8e7a8cd754d350816a2d748cced74ca96,train,True
1748,dd09a038e676c645b8f39608148c41b079e49e3e950044d81acb8f30e14c84cf,final,True
1749,ef73aa857425c0a02204f511a4fb23a46128053c5b297272d59cdead6cf0a627,train,True
1750,7a6e52930b5cf99926cd67edcdfbf829ea65a7c0e24482c597be2025784da793,train,True
1751,e015e79f0779ccbc22f4bd14c580ef3be85444eee05008b3a5ac23cbb7238b9d,final,True
1752,01cadc0e8ce29357271fe9889add0d68335af36b6aeccd62099540be9dcb3fd6,selection,True
1753,65b235d303c5af94cb3edbb8d5c0fce20198493d10b98bc1238806cf45769c53,train,True
1754,b7a728cdaffc565de9909b61c04499782a4a66a2863646eecaa1e060e420b507,train,True
1755,0d873cf5f528e124fc8388558aabc8f76ceeca5379c73bda6210e32e7d67baa5,final,True
1756,b23a20955d8fb740e5177566c4a11b04ab9378f18247c6f346046fba38ce4713,selection,True
1757,91579ff2fa87238f2142132db098ccd76c6f5aa8e0b8a7acba8151c5e1794597,train,True
1758,af770c743dba9c518d03d0821f9571e9ecf4ddd60f2b16dcbe263191209db9c2,train,True
1759,17f9aab8fcc495da7e95a45224be9d22e9a301f149d2a90b14a7fe09bafffe60,train,True
1760,777e234eecd6b0aebd11df2e8918266155cd995eb1390cf02e1fc8581afc99c1,selection,True
1761,18ee22c6cf6c050c42947ed8412cbfcb7e5e715bcd24d012e164ac97da24ad1f,selection,True
1762,b85a711b3ea7eee3e2ab8be261dc60c372c381da997e559ac7e413855bd3b8c7,train,True
1763,531d6d04906fa2cc7de825b0f3cac4714e58e0e911090e29c2539b5066f950c2,train,True
1764,061ad3676ef8971b3e28c82418802b5b5c786dec715dfafb1e757bb89396eb9d,train,True
1765,4acf7e28f591ce2b0f1936c2a53d654e6bf57c15123ffa709301c54072b97d0d,selection,True
1766,4453ce9e528cba8352cba38415c2199f45266d61663c55c804828eed11d46bbe,train,True
1767,8c461ab3f8b563a5a3b218ac4ce16e7e4343305ab9ec12696fd75d2ac54e73b2,train,True
1768,3ecaeb799bf5123fcb65a6d803d8bc66f3ee6285c2f417163b51c1b8d73cc48d,train,True
1769,7be64eedbae6f4d5319d6b6e18acf7069539849bbc7c368d1eb39d9115e1c0f6,train,True
1770,7a6a4dd4f54f92d06bff738e44527f2341972c84e229fd23f117e7b2390f9a12,selection,True
1771,d4e3022fc31e7e75d9f5d1daa85b366fca476106dd245e4e850bffb5e838780b,train,True
1772,f0af9bc47d822e5bac53b7692ac163d2f4b344b8418e591f327eb3b1e845562b,train,True
1773,3cb7edf02695b6929026a216c200f1efc09fb3d93b9d3f90f40981817b763615,train,True
1774,fb6b446b51306056729febb05bfe607642b829b79ac0cc4f68f38977e4f7bb64,train,True
1775,2d252c199743d44c4a2e47f2cdfa96129db85c5047ea3cb2650e556bc9779657,train,True
1776,4d0b863138ec799b863cef049c6a1b891edc0755b89303a7e4c12f3f5781c10a,train,True
1777,998e235676c4a38a2ee45c7ed25cfb84b1765d1de8b81c9656945750b47ad6b2,selection,True
1778,26703a48a1f88746d76e43f93cebb95fb349690c559658a419cf492923401095,train,True
1779,e8dfce7ac6e01817241b46eec7126377c03eb0d54a2a99edd57ef1f3509881f3,selection,True
1780,9df02935bcfb7348f08b93b04680868ebd8b326e5c32001de2842e48331b5628,train,True
1781,3e23a5cb7ffddfa1fcabffd12a508ed86cc218b4a73948195bcac189a5090f71,train,True
1782,d20c0b8d03fbaeb5874e31f0f14542c649b423ce10333e8680eb333ba4a9971e,train,True
1783,46fbe51d7c446183c8629e447c3495260518df4353ed9c543cb8522f2f791898,selection,True
1784,75d0ea195354ba3c4ac520d977e5fda3c73afc63ccf513be4bf49a62b31f96dd,train,True
1785,7c8843bbecbc4442cd757455c1eaa76ce60d0e0d4ac1057ccddbfd77caae68fb,final,True
1786,ca35913ab9fe8047f5e660b1f818a2ea8286db60669a886930111e82cafe675e,train,True
1787,9b4c3bd949add1d93d18a2417329ad071bdc2598a18f1757c565bd877f682c97,final,True
1788,83aeb7ee3ca7f52cc1b37c5c8c00efa8bff7120a23175fb7c00a00c084a0822b,train,True
1789,c7c261cc3edca48792ca9a92ce7ed1bb07fad0d36ad2d28eb18030ed572562bc,final,True
1790,17d1c6e186077f63ade2c1f610c1b23f72c739c474cffeb645497d66bedbb6fd,train,True
1791,20fb6860354538fdbfcee3bc9005ce113ccdb1d14a5bec49aa4db62692cb71a0,train,True
1792,5bd6923c152e5791ac6e7752216d2faa5a633d7ccce22ba2e316bff7d95ce12e,final,True
1793,5372d64d0b720c622e1418aa68f67aa556890d1e194efcc1ea0dfad2705f4b3e,train,True
1794,d91db5528567cda25815d707f018b43d828588f47711ab44acecf5afc5f52103,train,True
1795,da32912ff5e5c48ee8a2de3b497cbdf929cacb663d5ad97a9efd6d66d8e6789f,train,True
1796,e3debce743a8ad343c41c44eaf5ede1014c07253a850e59a0a76151de64c82f3,final,True
1797,da14c3c598f869f2d1edc7e6a41dad33acd2d50bf8a1442b37f09f77f9fc198a,train,True
1798,516b31d0dc9ab4bb8b527f0c68d50c9da442a866a5279ef40ae173bb70870bc2,train,True
1799,90eb72412b3f1cd9fb6bd843eb50d14cc029ee86caca13775b66ca925c19929c,selection,True
1800,913477f527920dd2978da3f911eed519a5b4ff4a77fe042c28284edf441a0421,train,True
1801,602e152fd943b9889683eb572d0d17380fddfbe6af98395eac6c44496d2e4895,train,True
1802,b1aa2a1b0e96279afc370ad744084858c7fd98f66e3376160988f4a5aef92545,final,True
1803,55ffd41cb4811cdd70caeb7189d75353d4b5f457f6cbc42b65dba669fa3bdddb,train,True
1804,1dea136887a5ea6c736b580c9180b6269f7b8d6d01826e8a0af86cf8ac6d2ca1,selection,True
1805,2107519bd32b61dce10ab8ddf33a69a0ed091ece8dbac741bb1a7a75fefd5eb2,selection,True
1806,82fea2fa76a4516969d5549e6dccecc49ab4055389ae948259832b62e078f4b7,selection,True
1807,4d533d76826d03fdf7a8e7db39b4b053e9671da30c50bf1b15f73f19a7d5285a,train,True
1808,1b85e24cdc9afa5ea7c475ddf69ffa008d43bfd83c579271d747bcf609552135,train,True
1809,44ebe6f9efcc681c611befab75714d5ce05f735e20d2a92a8fa7a4814e126f3f,train,True
1810,717d61b6b1e6e70847a80e54bd7a1c7808e83b2c31a211580acd126cbb38c363,train,True
1811,0d6ce05daf330530ec1ac96170f53767055068f1a9d068ed83f038d6213f0835,train,True
1812,e7a56a8413bf0d541ff1de9bf790588d3befc8ff91002072885be6df877ebdac,train,True
1813,bfa7805c3b3cda9228ffad87ac89dab067ab0856f10a691c94a507afdd8d6917,train,True
1814,1580890ee6681db99287f151733700bdb8d6c4c825b411db0841c718d33bfd97,train,True
1815,626578f2cf081786fb6b8b2c9cc9cba6bf9e3704c109b054a86da32ae7e938ba,train,True
1816,f734aac42edcf78530170c97f30cdfa1b77a667041701dca0b49b3b58468a46e,train,True
1817,95a278b28786e648d11f929c5774a154032fa80d70c17e8cfb48833076edee86,train,True
1818,4c010da1f5829804d1230f97c8086471897f040e6a66630010cea55011a631d2,train,True
1819,21058d365f0d35c937fdb6b32a7da8fdf1bf94026197bfe94b1afcb95b1da1bf,train,True
1820,5127f8a5a5fa993fb9e122e3dcc69aacdfd2144e2f0d526ff25010a4b202d2a2,selection,True
1821,9d844c2ee3eb126c55d728d16e901a8e839f047d48208017eb4e5f18ccbc4096,train,True
1822,628d56cd381a978d58d719c16898bf9823ebb443a788a7eb04c049c509fc47a0,selection,True
1823,8b16ffab296d2c87e5f922ce1dfa08a23e84362e7022777f9d505a0298f4dc44,train,True
1824,b027515addfe015fc16a8be1b8c24b8c591ab67e7ad687a4f6d384fde8ac035a,selection,True
1825,c379d82e377f55cf3cf702c119de665790c44d96923fd7a0f543cf48c61293fb,train,True
1826,ccefff6a281c97b15044d3023d1f32a64bc59418906d7faf213ecc76f4a5d232,train,True
1827,e017d6667001cc8223e10584492356096e2afc05f3aeaa695dd1f1143b9edb08,train,True
1828,5369c19e99734bb7d80410cf3a43900326cca44fd543e5cb06978487555a4398,selection,True
1829,4998b069b2c12f843143a857930d3c7439d37628a1dea0a6c076afb822ae468e,train,True
1830,77acc5d2ff2375dec639e0a648ba14cd2e0ddac0fcc30dcc679c1fb3c134899c,final,True
1831,010c6003c939d22b4a2da78461781c91d83e60ef0176e1b872b3a398677e6558,selection,True
1832,be884e7838df95f4128ac70d9d1a782dab590a612c2eafa25c36cd1cb7091e45,train,True
1833,96dbc11aacf2661ab137535760770ba837cb0f6732aece59bd95a0106b12f85b,final,True
1834,cc6753fbe2b3d11678cf4f77e4c624250598378bd904682681f5044ac8f89ad3,train,True
1835,183bbb1db37263d8e869b1788b77aa4bbd1bcdbbbd8d14036cd33615a9bac6be,train,True
1836,f96590eb49073bd175c874cbc964fce266d6d1046ef72dc60f7a4a1079905ec4,train,True
1837,f069ee3d18bbae7fea37ab4bc2e0696ebb9440112a09d28a4c2f00ef1ef9c376,final,True
1838,bc8095a65ef9b0c6b85cf0858dcbbec6d6016ac3fc5ebd2afb535ee0c85dd4f5,train,True
1839,4b1fdfb74155bfb2f1c71f573df222b7b7c3711b96a9ce70c6025d2d992b151c,selection,True
1840,01bb1930ca5d41be4a141086bdb70d6939fbc56c8b8e82d8408b5c9e3b631c17,final,True
1841,94fdd5bd7d35a4837ba6f20c6a6d20bc243e33e132c615ee92747ebf24f31224,train,True
1842,c4a9e3f11d6c2fe04f070e3b842717356b0b1101069d4fc04bd843c2969814f4,selection,True
1843,3a42c50a77dd2f0461e3ffd4192d690b61ecdcb7df6b461fae2dc9f4dfdb5ef2,train,True
1844,fd5de42973151148a715f25b3667d78635e44424ecc673c462cd12075a264d20,final,True
1845,4c1d6e204826d904d30c0762c5a769ad0c68e273c99fa5eac2e8da120b954994,train,True
1846,2f14d205da3ef7971ea9004ef23c8797bd828eed5dbaf851d82d3375a74d0276,selection,True
1847,87ccacae54a44a2c4a4183e25bdc3b38de831f9c66a6b7d2cf381a0c864d4811,train,True
1848,7e30237b901d774e72b96bb413436fca3a5f76ce6e94104e7af3269012830bc8,train,True
1849,4431ce5273b6b875714aeeb3dc4a267b8d54bbafe14c9c37379ff7a1d5b1b9ac,train,True
1850,801acf167c0959fe24c2f38ca61dc397d97d9ccbcf9bfd72ce6bdaa5382aca01,final,True
1851,75a56487a1d6f1b7a4d73ea7ac7cba76557a31b2c51ba25706898c752537a170,selection,True
1852,bdafe9154cf048c7bcdd18d2ab20c5ff50a428a495b12924a53b372eddba7c15,train,True
1853,e221ed318a05973ce2caf5f0aeb1483c3014526470595340b12acf05d9ac8b83,train,True
1854,e0a82d1a5c82cbfe164e66de6efa0f64fecc8918c2d16c64f6f9a49f82221382,train,True
1855,50e038e9a906a887b524394c76a6f34bd876ac8dbe027dc2b689d530c078c39f,train,True
1856,0cf803028178b2d3c19392f6d755534b16d517aea4a8ccf7b5916b9f0ef335d6,train,True
1857,31d960660ea3266eb051ecb5d93ea3a86a10020d6464bffa593be28ca867907c,final,True
1858,a71c766542605e377ced78e76efb3a2da65fa5bc9e03ea03339cd6d0663fbe6e,train,True
1859,f8d16956fdca010b9c40e6f950af0a51610c2f4336a6c16550a73041ae89c17b,selection,True
1860,b2a3fe79c64da5d600f94487b25d799ffc2543ea67aa088221d3e538f37bcd28,train,True
1861,67f4f2740d0cc47a24e9730e71203f0dc4ccf2e5a08920ed8693e7c03f12d8a4,train,True
1862,cbde9e5babc7a31d57b69a0663f9067b0ca3c0b2da40ded4923daaaa313d9927,selection,True
1863,896981ee005913c872619e48e6d1578448ff62f925813df5487d440a94a8b43e,train,True
1864,274d570b6509507040ca62a9fa3b55b76ac001ad0d8c4359195e8a7f4b96b74d,train,True
1865,3b24d5381372cd1e31c2a3b9cf509b977ec3a8d46ffaf62e7c998b3c6352f52b,final,True
1866,c5a85b256ff53f64eeb2efed384cbd3e9945d51ed4efe8daf01649709070ca26,selection,True
1867,d57510221fb1481789dae5a02bffc085ddb235d55905fba63eed8f3da9a48057,train,True
1868,3d25cf43aa961ae1ccb695257a513c5e31e47005ffaae3576caa6b67a89123b2,train,True
1869,a902b7fff409b78876da6349465dc2bb27f90f101016804c4a956c2aa510d9e6,selection,True
1870,030c95f9c5b04f236ca4c9630e0dc7eb5dd089e9c64ca26348afb4232a3081c1,train,True
1871,c3aee686a88abcf183bfcec9b96f099cbaf1122a90b33d8339f3ccc8b8c15891,selection,True
1872,cc319423907d82b268d8726bff223c53663b47f111ec1775bab5cfddf87b1436,train,True
1873,8e365bc2508130b1c94d42b1e2d04fa1bbe682303420bc2faf99b3cadebbd950,selection,True
1874,b701693a442c60664fd7a96eb1c66090a8cbc56d592c871cd2c11a360dda74ab,final,True
1875,4283245cb69e6bd77f9d1a55973bc805b552d26ba3ccf9f2bb1a91961f860717,train,True
1876,78f45b95e2c68208711d2070553fdb8da66baa6cb03323fba8d22e9298dbf767,final,True
1877,655fba1b64e1a44cbb7eef0d3852ae2dd3f1b2a052e00b4f03ecbb05d9b98e43,train,True
1878,7af1a3d2672e8f455c15793b9f81e1fb93e94c556819958f7b3b0254a75afcab,train,True
1879,3478c649631980b907626eacbb626b3df820b5ac5144d2d435d98f9bc2841924,train,True
1880,a1642bcba1f513984640a1f4f28a4a8ae1ab722e42536f50c7651c23e23aee9c,train,True
1881,edafeee2669af10b04272bcdadfda6ef925445174917da2c4b8bc6ec33c807a2,train,True
1882,9914a9890f45c7bdd054711e7039ba44180b1df76de08e2a00cdb892a76b0521,selection,True
1883,0f828d537fc0d8f25ff3876c960655b579d9c55647e09a9f8f027be2b4e5c987,final,True
1884,b8756fc8e922f80d5e3841b93a2393f05b7bb92e60e2ceda1def4bee94714c1b,selection,True
1885,7e0abe2e55e9778e29b420f0ff627ca63c865876083601a64530c2a1f21e317f,train,True
1886,aba711888531ccc10d6e46d5779aabc9c15003fb1972f05a37ab31c84e6e4ac0,final,True
1887,dd2ea224cb1bd0108fc996f546595a191a3341248b38c38020e99d68fc865297,selection,True
1888,42c6016b9919b5de16b4526af8af15df7cfb8e1fe6efced3c693aa8cd427a5a1,train,True
1889,0a501ed2ac2b4d4184500768c52f90c6743006217931bcc287de2a24d5ec162f,final,True
1890,9b4886ee2d5fb596854a384a23b005f89c5b3df3b33c9fbb0f6263be5a49c706,train,True
1891,039c1d972a706762497ce4494eb756d5a132fd6c1150c6e0e667c044f299490c,selection,True
1892,546d30b1a7ca592454eb70fe054a70434ed47f0c6ec935bc56ee52d6f3af098d,train,True
1893,581ecb0aeeb270d4ac18ba770b216de140fc1a6c034ccd773cf681af7e4afc2a,final,True
1894,47d0ac73cadd37fa477866b6813c25857adabee9e3a765b7c914e90ce7caf8a7,selection,True
1895,102a3f4f0942067f3c285d565d5710bb91001e39dfbdc3a03f6f66a459e96595,train,True
1896,65107355c642b1408fc22a0d30fe5fb586f8288f90c61eae2985973a3fcc6454,train,True
1897,91ed716ffbfbddd825bd7287d748e4f701b4e954f585b70d8024a0d6abc72f59,final,True
1898,6f9725c61cd694c7a91d8d9eff82c264985b996a5a26fa12d95686f7b5dcb5b0,final,True
1899,299259baae736289bb5cb18979cb7e0b499b9080867e39cb53d0e1048345c5e3,train,True
1900,1b6f61210443271474b1e3e7cec68e52d4b47957bee6ed1cbc4ca42ceead3a6b,train,True
1901,d5482b84faf60f1ffd9d79f9cd7b22101a6bc39923a74af4f514ca6697352479,train,True
1902,bc5a714a8aa403da26560eebc1779d91f813d87cae2bd28d6849129bcff121fb,train,True
1903,c7c21a6e704fc51ed01d77bdc2b3af040d29433a5e401522f00746d60e8aeaac,train,True
1904,7a57f741b279722ca94793f5507c72cd863f4acfb987beadf95205964ca0b15e,final,True
1905,72e64d4b7df368c2eb36ef469facb8b0fd4ed4207f94d588ad741f882ac043ea,selection,True
1906,da047aa8d914b3a3e8a3d060bd63864e1cc4fba877ac182c6e36dcbcfa47d812,train,True
1907,e2d83ec0c339539e3dfeaf33eb25dd5566838584afbea512184938d7dcab759b,train,True
1908,779862298553cd2374aa00cc81c8b8e528734a523d646137b6734d54059ebbdc,selection,True
1909,bfd8c9bba8fe1ff5b359214ad77ba67c82a820ebbff71739276a87d94a29742c,final,True
1910,93f551a5c63afccfcd67f089163f25b0c0f4bd07496dda9010bb5bbc136a760c,train,True
1911,a01d8369fe04a3fc01b445794a32677a139c915a5634aa3f80e3d0b0b961a363,train,True
1912,b9dded4700df5c1bbedbcbb7412c71eec2dd7c580ebc8e7ec64784fcb66556d4,train,True
1913,51c7d955e0dff630a6488b8273035cd1b08dcb5b03ecfaeac440e0c3a6dcb36d,train,True
1914,a0adb36dbd3d5b79eff5793824520ed62835755fdf52c2910cdf78e35a7edef5,train,True
1915,80b129925fc936e2cfa45eaf3540b72390fe313064542e9a0102b201bc7eab09,selection,True
1916,1c0165c6cd99f64c7222af1a80e7c0d45dacc29969e4c2378fb6e65fbacc140c,train,True
1917,7ae571767d5661c965f3047d6fb648e33da97378a1727976c94de6b58386f216,selection,True
1918,509636fdba46d701c5eecaf730002b2c1c402c99f710503eb66cb659424cfc02,train,True
1919,5aeb122755f5b278804ef30fd5342e6f8733a3cdec660899b88a26705712db6a,train,True
1920,a087cc3bcea75fe2c81a48db85d48ea812030b172034f96032ff9b7ac613d780,final,True
1921,4ee62edc897e14d4fcd71351a493c449c5f46806b527f014f27a7911c6f80e74,selection,True
1922,850ea4cebd08e043ed5000cca5a7d91825e64488022d24079efa90036b6dcc48,final,True
1923,bf2fb3742ff30aa3bd293a19694abf56c16adf385c441234df1e7bac822322b9,train,True
1924,2cd9b1f4d75a1544b287ea19ec0693cb57487adb2331419d36cba537d52333d6,final,True
1925,1165bc346d06a92026cb03ceb1e7475ff93c612c2e0a6ae4cbbeafe4011e1401,train,True
1926,4bb84e983ecef910ed1569e6d0d875ae9b1b46e85f85bb4a6279b8557fe6d35b,selection,True
1927,a404aa43d585865a16f8319b9258c1246048e9267cdff8348c63f6f93add4d07,final,True
1928,da89b1308ccac31a67202544a18e488ddc9e0822668a13ea39174ed9ccfbeeff,selection,True
1929,8586d1994e653676f1e669953033f926a000e85e26b520f02dd54e9a380beba5,train,True
1930,1089b30d4ee25bde43bfd0acbc1f24cb56c8c2d25f6c6c6ad946f3454c460ae7,train,True
1931,2322942b4ef498903bdc05215836140e417c0cec7da80b4e57c03b0077072240,selection,True
1932,a4c4c97681872432551ce74be640e18787d860ab00b5b753996fabac844f4835,train,True
1933,f66029820c5a2ddd8f594aa220e6c871200342630b4b090378b4e5d6d8c8ae82,train,True
1934,d44e2766c03e76fa20018306bedb4339453bdeec96864861571d9f117514740a,train,True
1935,77aa167713681552161ab2f71ac4bb1d0619ab564b820acefaddb47d493a493c,train,True
1936,caa33338d4f5e364b6861406ae3c6d998a8b921c0dfe6592c7b33b4f7b65bf2f,train,True
1937,fbf99b4027d06ea96116ee5cbf95781188fb0ee60519ae0a2daf4ce92f0ce711,train,True
1938,e0b1d88d81a1b91cea1e12d17683b9139ed701483ecff78e6f2edd110f6a1c1a,train,True
1939,6d2e861746efd3a3b71c12cba2db47bfeaf081c88eb248b7f2ff8f5de3bc84ab,final,True
1940,3e7de9a758173b6e4ac261db9bca37a713e9b1221b9c66679358d3b915a6e6dd,train,True
1941,1755ea7e7fec2f364251c1a9bc33ae2ba24aa65f579e35694c21202c00884ef5,final,True
1942,21fd1f8697ee250d9d815bdf286c968a5ba885283a49e36cab3f0e29906c97a1,final,True
1943,63e9e04eacda79d505aaffdba6767491c3e05383be134ab882c84e459c50a2fd,selection,True
1944,bea3032dc0f2786aff4fd3c0f474cb81c7c9537e5346f443a12bc215e32a3a10,train,True
1945,e7cf2d1d69016fdd885287ac69e5b4bfd97d7ab1f6642c3ebea01fc695706178,train,True
1946,157caf90f16fb75d4158ce6b5633dec57a75a438bffbd0d938caf2c65b8380f9,train,True
1947,db651e49cabe2e34c2f7d1c9bfb4ece1b6215cd88629dc661eda0463f0fa76bb,final,True
1948,d74549819640a5e3cf1b2e34369da37ace155e1cd5a56d1999e134045b702a2c,final,True
1949,e49a5945e313d6c7eb9a3dc20ba1e172630a4c43456c07b17acdcaff0e9a6e93,selection,True
1950,f33c836b9e1f832a4721d1d751123a26f434e3b80c269386d5b5ada0d85fdd6b,train,True
1951,39b0c98b45ab1e45c17dad96c2188339aab1fd5973896be65fa76f5cce7f7570,train,True
1952,f226dd623491951b7d3c6c7c38713854d19587bc9b3d2c6ffbeb454b7867e2d0,final,True
1953,c55cef59a4aef526c0a46a9ccbddb3e5eb3fa34ecdfc606061efa072e6f83952,train,True
1954,445fd7773150303ffc6a044330e9129e5f4008b6fc73e184111ef5c107aa17d0,train,True
1955,fad22fb207b271091bb42e94be9fd7f240da6af65137efa7380bf52a153b977d,train,True
1956,7b8e8726d8f28f7160e6fa9deb07eeaf952f293c056b9dc6015d728584608c1f,selection,True
1957,de2e6f5590130f8a695db8f9c276fb96192467d4c437e3c03045e4b5e9304b8b,train,True
1958,308c123ea8d09bb71b8fcbddf00245aef90364bc18baa3e907cd763aea585ecd,train,True
1959,2bbaa23cb9385db4813c6d9b800365ddf327873cb1511836e7c37911b0debcc9,train,True
1960,9fe848ea8e70bd9d231f9a15c011cbfb9c7ac61c3787be82af39d85c3127adf0,train,True
1961,368015388c933b1e219e1115c68c6589f3a6d51e068832419896451f9f15f92c,final,True
1962,0d4c04d1142d7213b7ca356ce955c1afbdde5723c3c43c81a32f6a75f8ddfa8b,selection,True
1963,a68e923fca72cb5b40a81a284c79d5fc0285b86accdec86a04ade71b0f687b90,final,True
1964,dbb2e02c9abbc284db6f9437b4d75a6473280537db63cf36d0974d32513f90fd,selection,True
1965,38139492b760d1498a0acf8571479e5d0f75f0c99c5f23c2130c2123d14e8c6f,train,True
1966,8c686ebae44a740db8213fb8712fda39b90cae03b818f4476e5b1f53480a9f9f,final,True
1967,a83c4039d3fd8f0202cd7ea18a015eb9352fea474f30a315f28eabbc88c5413d,train,True
1968,3d0a75b83e016239c31668b355cc45d827fd0f43c8808d8a0a8cedf2aaff984f,train,True
1969,7dc1e0308894d13bdcffc9d088d7d8fad6bc812bd90ad651813a847696840506,train,True
1970,d0a1ed44b88aa2a0f2542e047c34a6611e0e46f71a8ba2943255059da05c95c8,selection,True
1971,efad13e172e777a5dcdc285d0cc480fab8dad71db74f00cc5b43ff0b338dfb3a,selection,True
1972,8f6d48773a30d2930bebc34d7c4fb18ed8cfde426920f5ed7a75c959a701c5be,train,True
1973,13924dfa7716d9f6b3d5b7919a2e19da6a202f2ee6f56365053759178cf9fa9d,final,True
1974,04872def76d3698c71924189b9cfeba1a40a64dd62b6936353b14aa1ca4053df,train,True
1975,6159e56749c834a754f1b7b733431f2ded01c7dd8d50cf4a248dc8f9aceeacfc,train,True
1976,8727b527435b354f43cfb69014d68b8dbaae20acbf14849b2bc49b28879f9565,selection,True
1977,0808edf972e2b6b044445d7e761548a842bf47927e2643841ad2712187bf35e7,train,True
1978,f2c4a8c5f585d57764db50d2d8b98910a79e48360a0c1d6f82fe694a3fd0e3b9,selection,True
1979,4f575550b27cbd312ea045af727c57a0bac326f4e3a8647943ec576813471352,selection,True
1980,c4d16b64757cdb1742187b8a40f80d8af07ec7480dd74f9da72e587f16f0005e,final,True
1981,47ed2bb36e95062cec34b5962d82250be4e1c5b50ee661e42a0fa03b12b628df,final,True
1982,3bacdd4a9d68fe916a057a4c12778001311d42a518b1fc8548e9ae48a1f401a9,train,True
1983,a9334a226e941bbef88d4e9ea39b8fca56950b62072736940af684502eb01a7b,selection,True
1984,f3d0d08effd31ffa6707143a6f10d29b2618daadb60733a172d14af2b06c8b87,train,True
1985,9a6d6b53057bd46c0321bacc9f310a8257caec5eb769f52ff10449088370fe26,train,True
1986,c794a4f4026b9d0523ef8d362a1bd9a05fde3d122e1add721e87c6702ff24b5d,train,True
1987,648a60de6d395a2ac11128641d2b972ca5c28a796149a46b2a57f7049f85ae31,train,True
1988,e4089b325a2dac72957776ce297368bdf73a8ce06bdece00cb1bc0521f5b1e62,final,True
1989,003f141adc5fded59f29fd286862cedaa0d19fb5cbb2463b350be5b1b1faddbc,selection,True
1990,4701b076d66f66a9162ed615fa91b662669367554b9fb00476681163acb32cc9,train,True
1991,cc589afea90ee2c5a2482adc193c0ac487e8c9bf93c8f1b92176e7d08946d60b,train,True
1992,f636defd7b082dcb41b6703599daa66267c1799a467fd67b9f7f6a9a08efd98c,train,True
1993,87713847008f36e30ab832f0cb07d365cc990ddcfe8163016ace946fe8d34053,train,True
1994,6659b20c6238de990ef359df02e3f4a91dd400e295edb2931f5bd83200e516bd,train,True
1995,4c94ec324274ee2198319742f559c204d2b765dc3b0adb2b4594a032a524b86c,final,True
1996,512f23fecc834c9324ab522d1361386ebafd64f53be2a0062f0774c7299a481c,final,True
1997,1e85e4be05db63d9345a098d371cdee3e6616ac7f5dc0fa0f1430d674630df40,train,True
1998,0ea2d74c6b6d0e52ce41024421e87a25c86b365c6c865e4ff84f095716abc0d5,train,True
1999,546d30b1a7ca592454eb70fe054a70434ed47f0c6ec935bc56ee52d6f3af098d,train,True
