source_row,actual,predicted,hour
8645,48,0.0,0
8646,93,0.0,1
8647,75,0.0,2
8648,52,0.0,3
8649,8,0.0,4
8650,5,0.0,5
8651,2,0.0,6
8652,7,64.84613459080185,7
8653,14,168.16248847820134,8
8654,40,71.69868150769192,9
8655,70,39.59412386694123,10
8656,138,63.956054161847405,11
8657,201,97.47132568872806,12
8658,223,97.84833103632164,13
8659,267,90.20929360316654,14
8660,265,95.8456572395302,15
8661,215,141.01244619910193,16
8662,111,253.0391128657681,17
8663,106,226.20117610867578,18
8664,105,142.60063991564644,19
8665,83,80.98133696658448,20
8666,71,43.600639915646184,21
8667,66,13.57919219446643,22
8668,29,0.0,23
8669,39,0.0,0
8670,12,0.0,1
8671,7,0.0,2
8672,4,0.0,4
8673,4,0.0,5
8674,14,0.0,6
8675,16,56.642166058830696,7
8676,53,159.95851994623018,8
8677,68,63.49471297572076,9
8678,109,31.390155334970075,10
8679,175,55.75208562987625,11
8680,202,89.2673571567569,12
8681,176,89.64436250435048,13
8682,151,82.00532507119539,14
8683,168,87.64168870755904,15
8684,154,132.80847766713077,16
8685,153,244.83514433379696,17
8686,126,217.99720757670462,18
8687,93,134.39667138367528,19
8688,88,72.77736843461332,20
8689,66,35.39667138367503,21
8690,39,5.375223662495273,22
8691,34,0.0,23
8692,13,0.0,0
8693,6,0.0,1
8694,3,0.0,2
8695,2,0.0,3
8696,5,0.0,4
8697,12,0.0,5
8698,85,0.0,6
8699,170,66.17852937559275,7
8700,354,169.49488326299223,8
8701,153,73.03107629248281,9
8702,60,40.926518651732124,10
8703,75,65.2884489466383,11
8704,74,98.80372047351895,12
8705,73,99.18072582111253,13
8706,79,91.54168838795744,14
8707,77,97.17805202432109,15
8708,136,142.34484098389282,16
8709,245,254.37150765055898,17
8710,224,227.53357089346667,18
8711,156,143.93303470043733,19
8712,115,82.31373175137537,20
8713,68,44.93303470043708,21
8714,33,14.911586979257322,22
8715,18,0.0,23
8716,9,0.0,0
8717,3,0.0,1
8718,1,0.0,2
8719,1,0.0,3
8720,2,0.0,4
8721,14,0.0,5
8722,59,0.0,6
8723,152,58.23584132590794,7
8724,315,161.55219521330744,8
8725,180,65.088388242798,9
8726,64,32.98383060204732,10
8727,46,57.34576089695349,11
8728,84,90.86103242383415,12
8729,91,91.23803777142773,13
8730,75,83.59900033827262,14
8731,90,89.23536397463627,15
8732,131,134.402152934208,16
8733,281,246.4288196008742,17
8734,289,219.59088284378188,18
8735,184,135.99034665075254,19
8736,123,74.37104370169055,20
8737,90,36.99034665075226,21
8738,52,6.968898929572532,22
8739,32,0.0,23
8740,14,0.0,0
8741,5,0.0,1
8742,4,0.0,2
8743,4,0.0,3
8744,5,0.0,4
8745,26,0.0,5
8746,78,0.0,6
8747,215,63.45461751190432,7
8748,388,166.77097139930382,8
8749,227,70.30716442879438,9
8750,86,38.20260678804371,10
8751,84,62.56453708294987,11
8752,120,96.07980860983052,12
8753,118,96.4568139574241,13
8754,117,88.81777652426901,14
8755,119,94.45414016063265,15
8756,197,139.62092912020438,16
8757,412,251.64759578687057,17
8758,383,224.80965902977826,18
8759,265,141.20912283674892,19
8760,177,79.58981988768694,20
8761,97,42.20912283674865,21
8762,71,12.187675115568908,22
8763,60,0.0,23
8764,25,0.0,0
8765,8,0.0,1
8766,5,0.0,2
8767,4,0.0,3
8768,3,0.0,4
8769,13,0.0,5
8770,70,0.0,6
8771,205,68.65083893226337,7
8772,447,171.96719281966287,8
8773,241,75.50338584915343,9
8774,116,43.39882820840275,10
8775,138,67.76075850330892,11
8776,191,101.27603003018957,12
8777,204,101.65303537778316,13
8778,178,94.01399794462804,14
8779,222,99.6503615809917,15
8780,294,144.81715054056343,16
8781,476,256.8438172072296,17
8782,419,230.0058804501373,18
8783,272,146.40534425710794,19
8784,177,84.78604130804598,20
8785,154,47.4053442571077,21
8786,135,17.38389653592796,22
8787,101,0.0,23
8788,79,0.0,0
8789,62,0.0,1
8790,38,0.0,2
8791,20,0.0,3
8792,10,0.0,4
8793,9,0.0,5
8794,7,0.0,6
8795,20,67.14740755477618,7
8796,64,170.46376144217567,8
8797,130,73.99995447166624,9
8798,203,41.89539683091556,10
8799,324,66.25732712582173,11
8800,376,99.77259865270238,12
8801,445,100.14960400029597,13
8802,512,92.51056656714087,14
8803,449,98.14693020350452,15
8804,401,143.31371916307626,16
8805,322,255.34038582974242,17
8806,297,228.5024490726501,18
8807,215,144.90191287962077,19
8808,170,83.2826099305588,20
8809,140,45.90191287962051,21
8810,109,15.880465158440757,22
8811,119,0.0,23
8812,91,0.0,0
8813,72,0.0,1
8814,67,0.0,2
8815,32,0.0,3
8816,6,0.0,4
8817,2,0.0,5
8818,2,0.0,6
8819,24,64.84613459080185,7
8820,57,168.16248847820134,8
8821,125,71.69868150769192,9
8822,208,39.59412386694123,10
8823,256,63.956054161847405,11
8824,351,97.47132568872806,12
8825,343,97.84833103632164,13
8826,328,90.20929360316654,14
8827,330,95.8456572395302,15
8828,314,141.01244619910193,16
8829,219,253.0391128657681,17
8830,181,226.20117610867578,18
8831,112,142.60063991564644,19
8832,126,80.98133696658448,20
8833,91,43.600639915646184,21
8834,58,13.57919219446643,22
8835,30,0.0,23
8836,15,0.0,0
8837,5,0.0,1
8838,5,0.0,2
8839,3,0.0,3
8840,4,0.0,4
8841,21,0.0,5
8842,88,0.0,6
8843,240,68.40702845083831,7
8844,420,171.7233823382378,8
8845,197,75.25957536772837,9
8846,108,43.15501772697769,10
8847,88,67.51694802188386,11
8848,103,101.03221954876452,12
8849,80,101.4092248963581,13
8850,50,93.770187463203,14
8851,69,99.40655109956666,15
8852,49,144.5733400591384,16
8853,152,256.6000067258045,17
8854,164,229.76206996871224,18
8855,190,146.1615337756829,19
8856,132,84.54223082662094,20
8857,79,47.16153377568264,21
8858,62,17.140086054502902,22
8859,52,0.0,23
8860,14,0.0,0
8861,5,0.0,1
8862,4,0.0,2
8863,4,0.0,4
8864,23,0.0,5
8865,79,0.0,6
8866,222,66.17852937559275,7
8867,471,169.49488326299223,8
8868,195,73.03107629248281,9
8869,83,40.926518651732124,10
8870,101,65.2884489466383,11
8871,140,98.80372047351895,12
8872,178,99.18072582111253,13
8873,106,91.54168838795744,14
8874,136,97.17805202432109,15
8875,240,142.34484098389282,16
8876,460,254.37150765055898,17
8877,385,227.53357089346667,18
8878,281,143.93303470043733,19
8879,200,82.31373175137537,20
8880,116,44.93303470043708,21
8881,114,14.911586979257322,22
8882,41,0.0,23
8883,28,0.0,0
8884,7,0.0,1
8885,5,0.0,2
8886,4,0.0,3
8887,2,0.0,4
8888,22,0.0,5
8889,74,0.0,6
8890,256,58.23584132590794,7
8891,499,161.55219521330744,8
8892,225,65.088388242798,9
8893,97,32.98383060204732,10
8894,99,57.34576089695349,11
8895,55,90.86103242383415,12
8896,65,91.23803777142773,13
8897,73,83.59900033827262,14
8898,79,89.23536397463627,15
8899,118,134.402152934208,16
8900,134,246.4288196008742,17
8901,98,219.59088284378188,18
8902,93,135.99034665075254,19
8903,57,74.37104370169055,20
8904,29,36.99034665075226,21
8905,49,6.968898929572532,22
8906,9,0.0,23
8907,3,0.0,0
8908,3,0.0,1
8909,2,0.0,2
8910,3,0.0,3
8911,2,0.0,4
8912,16,0.0,5
8913,89,0.0,6
8914,220,63.45461751190432,7
8915,508,166.77097139930382,8
8916,230,70.30716442879438,9
8917,90,38.20260678804371,10
8918,119,62.56453708294987,11
8919,144,96.07980860983052,12
8920,183,96.4568139574241,13
8921,156,88.81777652426901,14
8922,188,94.45414016063265,15
8923,281,139.62092912020438,16
8924,495,251.64759578687057,17
8925,421,224.80965902977826,18
8926,330,141.20912283674892,19
8927,240,79.58981988768694,20
8928,174,42.20912283674865,21
8929,133,12.187675115568908,22
8930,67,0.0,23
8931,42,0.0,0
8932,12,0.0,1
8933,14,0.0,2
8934,7,0.0,3
8935,3,0.0,4
8936,21,0.0,5
8937,73,0.0,6
8938,177,68.65083893226337,7
8939,419,171.96719281966287,8
8940,214,75.50338584915343,9
8941,103,43.39882820840275,10
8942,114,67.76075850330892,11
8943,154,101.27603003018957,12
8944,154,101.65303537778316,13
8945,129,94.01399794462804,14
8946,138,99.6503615809917,15
8947,233,144.81715054056343,16
8948,332,256.8438172072296,17
8949,301,230.0058804501373,18
8950,206,146.40534425710794,19
8951,136,84.78604130804598,20
8952,102,47.4053442571077,21
8953,65,17.38389653592796,22
8954,65,0.0,23
8955,44,0.0,0
8956,50,0.0,1
8957,38,0.0,2
8958,20,0.0,3
8959,3,0.0,4
8960,4,0.0,5
8961,5,0.0,6
8962,24,67.14740755477618,7
8963,92,170.46376144217567,8
8964,81,73.99995447166624,9
8965,149,41.89539683091556,10
8966,178,66.25732712582173,11
8967,219,99.77259865270238,12
8968,220,100.14960400029597,13
8969,231,92.51056656714087,14
8970,226,98.14693020350452,15
8971,206,143.31371916307626,16
8972,144,255.34038582974242,17
8973,143,228.5024490726501,18
8974,102,144.90191287962077,19
8975,103,83.2826099305588,20
8976,69,45.90191287962051,21
8977,66,15.880465158440757,22
8978,76,0.0,23
8979,59,0.0,0
8980,42,0.0,1
8981,43,0.0,2
8982,25,0.0,3
8983,6,0.0,4
8984,5,0.0,5
8985,8,0.0,6
8986,17,64.84613459080185,7
8987,36,168.16248847820134,8
8988,90,71.69868150769192,9
8989,126,39.59412386694123,10
8990,165,63.956054161847405,11
8991,234,97.47132568872806,12
8992,224,97.84833103632164,13
8993,188,90.20929360316654,14
8994,206,95.8456572395302,15
8995,205,141.01244619910193,16
8996,146,253.0391128657681,17
8997,120,226.20117610867578,18
8998,110,142.60063991564644,19
8999,95,80.98133696658448,20
9000,72,43.600639915646184,21
9001,60,13.57919219446643,22
9002,29,0.0,23
9003,25,0.0,0
9004,20,0.0,1
9005,17,0.0,2
9006,3,0.0,3
9007,8,0.0,4
9008,6,0.0,5
9009,13,0.0,6
9010,33,56.642166058830696,7
9011,78,159.95851994623018,8
9012,96,63.49471297572076,9
9013,126,31.390155334970075,10
9014,179,55.75208562987625,11
9015,185,89.2673571567569,12
9016,228,89.64436250435048,13
9017,181,82.00532507119539,14
9018,192,87.64168870755904,15
9019,180,132.80847766713077,16
9020,193,244.83514433379696,17
9021,181,217.99720757670462,18
9022,144,134.39667138367528,19
9023,90,72.77736843461332,20
9024,49,35.39667138367503,21
9025,43,5.375223662495273,22
9026,28,0.0,23
9027,12,0.0,0
9028,2,0.0,1
9029,12,0.0,2
9030,2,0.0,4
9031,13,0.0,5
9032,57,0.0,6
9033,126,66.17852937559275,7
9034,93,169.49488326299223,8
9035,68,73.03107629248281,9
9036,62,40.926518651732124,10
9037,75,65.2884489466383,11
9038,86,98.80372047351895,12
9039,103,99.18072582111253,13
9040,132,91.54168838795744,14
9041,129,97.17805202432109,15
9042,219,142.34484098389282,16
9043,462,254.37150765055898,17
9044,463,227.53357089346667,18
9045,308,143.93303470043733,19
9046,180,82.31373175137537,20
9047,180,44.93303470043708,21
9048,90,14.911586979257322,22
9049,61,0.0,23
9050,17,0.0,0
9051,10,0.0,1
9052,2,0.0,2
9053,4,0.0,3
9054,1,0.0,4
9055,29,0.0,5
9056,88,0.0,6
9057,263,58.23584132590794,7
9058,489,161.55219521330744,8
9059,202,65.088388242798,9
9060,93,32.98383060204732,10
9061,114,57.34576089695349,11
9062,161,90.86103242383415,12
9063,130,91.23803777142773,13
9064,105,83.59900033827262,14
9065,130,89.23536397463627,15
9066,176,134.402152934208,16
9067,346,246.4288196008742,17
9068,355,219.59088284378188,18
9069,256,135.99034665075254,19
9070,165,74.37104370169055,20
9071,124,36.99034665075226,21
9072,78,6.968898929572532,22
9073,38,0.0,23
9074,16,0.0,0
9075,5,0.0,1
9076,3,0.0,2
9077,4,0.0,3
9078,1,0.0,4
9079,19,0.0,5
9080,86,0.0,6
9081,206,63.45461751190432,7
9082,423,166.77097139930382,8
9083,210,70.30716442879438,9
9084,108,38.20260678804371,10
9085,99,62.56453708294987,11
9086,111,96.07980860983052,12
9087,124,96.4568139574241,13
9088,119,88.81777652426901,14
9089,127,94.45414016063265,15
9090,193,139.62092912020438,16
9091,385,251.64759578687057,17
9092,361,224.80965902977826,18
9093,234,141.20912283674892,19
9094,191,79.58981988768694,20
9095,121,42.20912283674865,21
9096,90,12.187675115568908,22
9097,56,0.0,23
9098,27,0.0,0
9099,15,0.0,1
9100,11,0.0,2
9101,4,0.0,3
9102,3,0.0,4
9103,19,0.0,5
9104,68,0.0,6
9105,185,68.65083893226337,7
9106,425,171.96719281966287,8
9107,263,75.50338584915343,9
9108,97,43.39882820840275,10
9109,123,67.76075850330892,11
9110,124,101.27603003018957,12
9111,156,101.65303537778316,13
9112,115,94.01399794462804,14
9113,156,99.6503615809917,15
9114,174,144.81715054056343,16
9115,349,256.8438172072296,17
9116,301,230.0058804501373,18
9117,192,146.40534425710794,19
9118,142,84.78604130804598,20
9119,104,47.4053442571077,21
9120,72,17.38389653592796,22
9121,38,0.0,23
9122,24,0.0,0
9123,23,0.0,1
9124,26,0.0,2
9125,13,0.0,3
9126,1,0.0,4
9127,2,0.0,5
9128,1,0.0,6
9129,13,67.14740755477618,7
9130,25,170.46376144217567,8
9131,42,73.99995447166624,9
9132,45,41.89539683091556,10
9133,63,66.25732712582173,11
9134,67,99.77259865270238,12
9135,76,100.14960400029597,13
9136,95,92.51056656714087,14
9137,119,98.14693020350452,15
9138,118,143.31371916307626,16
9139,106,255.34038582974242,17
9140,110,228.5024490726501,18
9141,85,144.90191287962077,19
9142,67,83.2826099305588,20
9143,69,45.90191287962051,21
9144,59,15.880465158440757,22
9145,52,0.0,23
9146,52,0.0,0
9147,50,0.0,1
9148,47,0.0,2
9149,21,0.0,3
9150,2,0.0,4
9151,3,0.0,5
9152,4,0.0,6
9153,13,64.84613459080185,7
9154,32,168.16248847820134,8
9155,63,71.69868150769192,9
9156,129,39.59412386694123,10
9157,133,63.956054161847405,11
9158,185,97.47132568872806,12
9159,199,97.84833103632164,13
9160,182,90.20929360316654,14
9161,176,95.8456572395302,15
9162,155,141.01244619910193,16
9163,108,253.0391128657681,17
9164,121,226.20117610867578,18
9165,89,142.60063991564644,19
9166,74,80.98133696658448,20
9167,44,43.600639915646184,21
9168,58,13.57919219446643,22
9169,37,0.0,23
9170,19,0.0,0
9171,4,0.0,1
9172,2,0.0,2
9173,1,0.0,3
9174,1,0.0,4
9175,19,0.0,5
9176,42,0.0,6
9177,122,68.40702845083831,7
9178,272,171.7233823382378,8
9179,211,75.25957536772837,9
9180,149,43.15501772697769,10
9181,62,67.51694802188386,11
9182,62,101.03221954876452,12
9183,37,101.4092248963581,13
9184,61,93.770187463203,14
9185,74,99.40655109956666,15
9186,122,144.5733400591384,16
9187,276,256.6000067258045,17
9188,282,229.76206996871224,18
9189,220,146.1615337756829,19
9190,169,84.54223082662094,20
9191,120,47.16153377568264,21
9192,68,17.140086054502902,22
9193,37,0.0,23
9194,25,0.0,0
9195,9,0.0,1
9196,8,0.0,2
9197,3,0.0,3
9198,2,0.0,4
9199,26,0.0,5
9200,89,0.0,6
9201,232,66.17852937559275,7
9202,490,169.49488326299223,8
9203,255,73.03107629248281,9
9204,116,40.926518651732124,10
9205,153,65.2884489466383,11
9206,175,98.80372047351895,12
9207,203,99.18072582111253,13
9208,173,91.54168838795744,14
9209,208,97.17805202432109,15
9210,278,142.34484098389282,16
9211,515,254.37150765055898,17
9212,423,227.53357089346667,18
9213,331,143.93303470043733,19
9214,229,82.31373175137537,20
9215,172,44.93303470043708,21
9216,125,14.911586979257322,22
9217,99,0.0,23
9218,31,0.0,0
9219,13,0.0,1
9220,6,0.0,2
9221,1,0.0,3
9222,4,0.0,4
9223,33,0.0,5
9224,88,0.0,6
9225,257,58.23584132590794,7
9226,513,161.55219521330744,8
9227,236,65.088388242798,9
9228,141,32.98383060204732,10
9229,157,57.34576089695349,11
9230,193,90.86103242383415,12
9231,212,91.23803777142773,13
9232,160,83.59900033827262,14
9233,155,89.23536397463627,15
9234,246,134.402152934208,16
9235,470,246.4288196008742,17
9236,439,219.59088284378188,18
9237,316,135.99034665075254,19
9238,235,74.37104370169055,20
9239,185,36.99034665075226,21
9240,113,6.968898929572532,22
9241,66,0.0,23
9242,25,0.0,0
9243,21,0.0,1
9244,7,0.0,2
9245,6,0.0,3
9246,3,0.0,4
9247,28,0.0,5
9248,88,0.0,6
9249,239,63.45461751190432,7
9250,530,166.77097139930382,8
9251,274,70.30716442879438,9
9252,108,38.20260678804371,10
9253,111,62.56453708294987,11
9254,165,96.07980860983052,12
9255,173,96.4568139574241,13
9256,128,88.81777652426901,14
9257,164,94.45414016063265,15
9258,224,139.62092912020438,16
9259,413,251.64759578687057,17
9260,406,224.80965902977826,18
9261,313,141.20912283674892,19
9262,224,79.58981988768694,20
9263,192,42.20912283674865,21
9264,142,12.187675115568908,22
9265,91,0.0,23
9266,38,0.0,0
9267,29,0.0,1
9268,13,0.0,2
9269,8,0.0,3
9270,4,0.0,4
9271,24,0.0,5
9272,72,0.0,6
9273,134,68.65083893226337,7
9274,220,171.96719281966287,8
9275,107,75.50338584915343,9
9276,126,43.39882820840275,10
9277,105,67.76075850330892,11
9278,180,101.27603003018957,12
9279,201,101.65303537778316,13
9280,176,94.01399794462804,14
9281,197,99.6503615809917,15
9282,267,144.81715054056343,16
9283,422,256.8438172072296,17
9284,383,230.0058804501373,18
9285,251,146.40534425710794,19
9286,159,84.78604130804598,20
9287,135,47.4053442571077,21
9288,119,17.38389653592796,22
9289,86,0.0,23
9290,69,0.0,0
9291,58,0.0,1
9292,41,0.0,2
9293,17,0.0,3
9294,8,0.0,4
9295,10,0.0,5
9296,15,0.0,6
9297,31,67.14740755477618,7
9298,91,170.46376144217567,8
9299,158,73.99995447166624,9
9300,191,41.89539683091556,10
9301,296,66.25732712582173,11
9302,314,99.77259865270238,12
9303,373,100.14960400029597,13
9304,362,92.51056656714087,14
9305,410,98.14693020350452,15
9306,407,143.31371916307626,16
9307,290,255.34038582974242,17
9308,241,228.5024490726501,18
9309,206,144.90191287962077,19
9310,120,83.2826099305588,20
9311,127,45.90191287962051,21
9312,103,15.880465158440757,22
9313,85,0.0,23
9314,96,0.0,0
9315,73,0.0,1
9316,51,0.0,2
9317,21,0.0,3
9318,5,0.0,4
9319,7,0.0,5
9320,5,0.0,6
9321,12,64.84613459080185,7
9322,70,168.16248847820134,8
9323,111,71.69868150769192,9
9324,191,39.59412386694123,10
9325,255,63.956054161847405,11
9326,288,97.47132568872806,12
9327,316,97.84833103632164,13
9328,280,90.20929360316654,14
9329,310,95.8456572395302,15
9330,322,141.01244619910193,16
9331,234,253.0391128657681,17
9332,168,226.20117610867578,18
9333,159,142.60063991564644,19
9334,111,80.98133696658448,20
9335,69,43.600639915646184,21
9336,64,13.57919219446643,22
9337,25,0.0,23
9338,10,0.0,0
9339,9,0.0,1
9340,7,0.0,2
9341,4,0.0,3
9342,5,0.0,4
9343,26,0.0,5
9344,80,0.0,6
9345,225,68.40702845083831,7
9346,493,171.7233823382378,8
9347,198,75.25957536772837,9
9348,85,43.15501772697769,10
9349,99,67.51694802188386,11
9350,134,101.03221954876452,12
9351,132,101.4092248963581,13
9352,115,93.770187463203,14
9353,138,99.40655109956666,15
9354,221,144.5733400591384,16
9355,438,256.6000067258045,17
9356,410,229.76206996871224,18
9357,306,146.1615337756829,19
9358,181,84.54223082662094,20
9359,162,47.16153377568264,21
9360,94,17.140086054502902,22
9361,52,0.0,23
9362,15,0.0,0
9363,8,0.0,1
9364,2,0.0,2
9365,2,0.0,3
9366,1,0.0,4
9367,22,0.0,5
9368,104,0.0,6
9369,279,66.17852937559275,7
9370,512,169.49488326299223,8
9371,261,73.03107629248281,9
9372,144,40.926518651732124,10
9373,139,65.2884489466383,11
9374,194,98.80372047351895,12
9375,198,99.18072582111253,13
9376,160,91.54168838795744,14
9377,177,97.17805202432109,15
9378,307,142.34484098389282,16
9379,559,254.37150765055898,17
9380,502,227.53357089346667,18
9381,328,143.93303470043733,19
9382,238,82.31373175137537,20
9383,165,44.93303470043708,21
9384,129,14.911586979257322,22
9385,63,0.0,23
9386,31,0.0,0
9387,4,0.0,1
9388,7,0.0,2
9389,3,0.0,3
9390,1,0.0,4
9391,18,0.0,5
9392,67,0.0,6
9393,208,77.99544780882385,7
9394,520,181.31180169622337,8
9395,276,84.84799472571393,9
9396,133,52.74343708496325,10
9397,143,77.10536737986942,11
9398,179,110.62063890675007,12
9399,186,110.99764425434365,13
9400,192,103.35860682118854,14
9401,194,108.9949704575522,15
9402,283,154.16175941712393,16
9403,539,266.1884260837901,17
9404,526,239.3504893266978,18
9405,335,155.74995313366844,19
9406,264,94.13065018460648,20
9407,233,56.749953133668186,21
9408,140,26.728505412488445,22
9409,97,0.0,23
9410,31,0.0,0
9411,17,0.0,1
9412,9,0.0,2
9413,2,0.0,3
9414,1,0.0,4
9415,19,0.0,5
9416,74,0.0,6
9417,205,83.21422399482024,7
9418,445,186.53057788221975,8
9419,228,90.06677091171031,9
9420,78,57.96221327095962,10
9421,105,82.3241435658658,11
9422,148,115.83941509274645,12
9423,137,116.21642044034003,13
9424,141,108.57738300718492,14
9425,174,114.21374664354859,15
9426,229,159.3805356031203,16
9427,450,271.40720226978647,17
9428,410,244.5692655126942,18
9429,327,160.96872931966485,19
9430,213,99.34942637060286,20
9431,148,61.968729319664575,21
9432,109,31.947281598484835,22
9433,61,0.0,23
9434,38,0.0,0
9435,22,0.0,1
9436,6,0.0,2
9437,4,0.0,3
9438,2,0.0,4
9439,17,0.0,5
9440,88,0.0,6
9441,226,88.4104454151793,7
9442,441,191.7267993025788,8
9443,270,95.26299233206936,9
9444,129,63.158434691318675,10
9445,164,87.52036498622485,11
9446,216,121.0356365131055,12
9447,198,121.41264186069908,13
9448,170,113.77360442754397,14
9449,216,119.40996806390763,15
9450,311,164.57675702347936,16
9451,488,276.6034236901455,17
9452,385,249.76548693305324,18
9453,267,166.16495074002387,19
9454,163,104.54564779096191,20
9455,134,67.16495074002361,21
9456,119,37.14350301884387,22
9457,77,3.46789980168586,23
9458,86,0.0,0
9459,43,0.0,1
9460,44,0.0,2
9461,18,0.0,3
9462,6,0.0,4
9463,4,0.0,5
9464,5,0.0,6
9465,28,86.90701403769211,7
9466,90,190.2233679250916,8
9467,157,93.75956095458217,9
9468,224,61.65500331383147,10
9469,270,86.01693360873766,11
9470,300,119.53220513561831,12
9471,302,119.9092104832119,13
9472,276,112.27017305005678,14
9473,305,117.90653668642044,15
9474,143,163.07332564599216,16
9475,67,275.09999231265834,17
9476,64,248.26205555556604,18
9477,80,164.6615193625367,19
9478,77,103.04221641347472,20
9479,78,65.66151936253644,21
9480,95,35.640071641356684,22
9481,70,1.9644684241986567,23
9482,61,0.0,0
9483,51,0.0,1
9484,63,0.0,2
9485,17,0.0,3
9486,9,0.0,4
9487,4,0.0,5
9488,4,0.0,6
9489,16,84.60574107371778,7
9490,62,187.92209496111727,8
9491,92,91.45828799060784,9
9492,148,59.35373034985716,10
9493,182,83.71566064476333,11
9494,248,117.23093217164399,12
9495,274,117.60793751923757,13
9496,243,109.96890008608246,14
9497,272,115.60526372244613,15
9498,296,160.77205268201783,16
9499,306,272.798719348684,17
9500,181,245.9607825915917,18
9501,69,162.36024639856237,19
9502,50,100.74094344950039,20
9503,66,63.36024639856211,21
9504,191,33.33879867738236,22
9505,42,0.0,23
9506,21,0.0,0
9507,6,0.0,1
9508,3,0.0,2
9509,2,0.0,4
9510,17,0.0,5
9511,72,0.0,6
9512,234,88.16663493375424,7
9513,444,191.48298882115373,8
9514,277,95.0191818506443,9
9515,116,62.91462420989362,10
9516,116,87.27655450479979,11
9517,150,120.79182603168044,12
9518,141,121.16883137927402,13
9519,140,113.52979394611893,14
9520,171,119.16615758248257,15
9521,228,164.3329465420543,16
9522,430,276.3596132087205,17
9523,437,249.5216764516282,18
9524,291,165.92114025859883,19
9525,201,104.30183730953686,20
9526,154,66.92114025859856,21
9527,87,36.899692537418815,22
9528,46,3.224089320260788,23
9529,23,0.0,0
9530,14,0.0,1
9531,4,0.0,2
9532,2,0.0,3
9533,3,0.0,4
9534,15,0.0,5
9535,100,0.0,6
9536,299,85.93813585850867,7
9537,529,189.25448974590813,8
9538,289,92.79068277539872,9
9539,116,60.68612513464804,10
9540,129,85.04805542955421,11
9541,172,118.56332695643488,12
9542,184,118.94033230402846,13
9543,138,111.30129487087333,14
9544,146,116.937658507237,15
9545,276,162.10444746680872,16
9546,509,274.1311141334749,17
9547,518,247.2931773763826,18
9548,338,163.69264118335326,19
9549,212,102.07333823429128,20
9550,190,64.692641183353,21
9551,118,34.67119346217325,22
9552,51,0.9955902450152223,23
9553,23,0.0,0
9554,10,0.0,1
9555,1,0.0,2
9556,1,0.0,3
9557,1,0.0,4
9558,20,0.0,5
9559,98,0.0,6
9560,281,77.99544780882385,7
9561,508,181.31180169622337,8
9562,253,84.84799472571393,9
9563,108,52.74343708496325,10
9564,102,77.10536737986942,11
9565,138,110.62063890675007,12
9566,126,110.99764425434365,13
9567,108,103.35860682118854,14
9568,54,108.9949704575522,15
9569,75,154.16175941712393,16
9570,155,266.1884260837901,17
9571,167,239.3504893266978,18
9572,161,155.74995313366844,19
9573,125,94.13065018460648,20
9574,129,56.749953133668186,21
9575,98,26.728505412488445,22
9576,60,0.0,23
9577,26,0.0,0
9578,12,0.0,1
9579,2,0.0,2
9580,4,0.0,3
9581,1,0.0,4
9582,18,0.0,5
9583,76,0.0,6
9584,267,83.21422399482024,7
9585,484,186.53057788221975,8
9586,238,90.06677091171031,9
9587,97,57.96221327095962,10
9588,99,82.3241435658658,11
9589,158,115.83941509274645,12
9590,154,116.21642044034003,13
9591,144,108.57738300718492,14
9592,134,114.21374664354859,15
9593,238,159.3805356031203,16
9594,399,271.40720226978647,17
9595,417,244.5692655126942,18
9596,295,160.96872931966485,19
9597,199,99.34942637060286,20
9598,177,61.968729319664575,21
9599,107,31.947281598484835,22
9600,84,0.0,23
9601,43,0.0,0
9602,13,0.0,1
9603,16,0.0,2
9604,5,0.0,3
9605,2,0.0,4
9606,17,0.0,5
9607,64,0.0,6
9608,230,88.4104454151793,7
9609,448,191.7267993025788,8
9610,275,95.26299233206936,9
9611,124,63.158434691318675,10
9612,153,87.52036498622485,11
9613,176,121.0356365131055,12
9614,192,121.41264186069908,13
9615,146,113.77360442754397,14
9616,191,119.40996806390763,15
9617,268,164.57675702347936,16
9618,396,276.6034236901455,17
9619,359,249.76548693305324,18
9620,262,166.16495074002387,19
9621,151,104.54564779096191,20
9622,122,67.16495074002361,21
9623,113,37.14350301884387,22
9624,65,3.46789980168586,23
9625,53,0.0,0
9626,45,0.0,1
9627,26,0.0,2
9628,9,0.0,3
9629,4,0.0,4
9630,2,0.0,5
9631,9,0.0,6
9632,19,86.90701403769211,7
9633,78,190.2233679250916,8
9634,90,93.75956095458217,9
9635,166,61.65500331383147,10
9636,183,86.01693360873766,11
9637,221,119.53220513561831,12
9638,235,119.9092104832119,13
9639,243,112.27017305005678,14
9640,124,117.90653668642044,15
9641,146,163.07332564599216,16
9642,144,275.09999231265834,17
9643,108,248.26205555556604,18
9644,87,164.6615193625367,19
9645,63,103.04221641347472,20
9646,48,65.66151936253644,21
9647,46,35.640071641356684,22
9648,20,1.9644684241986567,23
9649,21,0.0,0
9650,24,0.0,1
9651,27,0.0,2
9652,14,0.0,3
9653,1,0.0,4
9654,3,0.0,5
9655,2,0.0,6
9656,18,84.60574107371778,7
9657,26,187.92209496111727,8
9658,63,91.45828799060784,9
9659,91,59.35373034985716,10
9660,124,83.71566064476333,11
9661,140,117.23093217164399,12
9662,138,117.60793751923757,13
9663,111,109.96890008608246,14
9664,155,115.60526372244613,15
9665,164,160.77205268201783,16
9666,87,272.798719348684,17
9667,96,245.9607825915917,18
9668,80,162.36024639856237,19
9669,57,100.74094344950039,20
9670,36,63.36024639856211,21
9671,28,33.33879867738236,22
9672,23,0.0,23
9673,9,0.0,0
9674,6,0.0,1
9675,4,0.0,2
9676,1,0.0,3
9677,2,0.0,4
9678,17,0.0,5
9679,72,0.0,6
9680,195,88.16663493375424,7
9681,417,191.48298882115373,8
9682,205,95.0191818506443,9
9683,71,62.91462420989362,10
9684,90,87.27655450479979,11
9685,118,120.79182603168044,12
9686,140,121.16883137927402,13
9687,135,113.52979394611893,14
9688,155,119.16615758248257,15
9689,211,164.3329465420543,16
9690,407,276.3596132087205,17
9691,405,249.5216764516282,18
9692,263,165.92114025859883,19
9693,214,104.30183730953686,20
9694,147,66.92114025859856,21
9695,102,36.899692537418815,22
9696,36,3.224089320260788,23
9697,14,0.0,0
9698,6,0.0,1
9699,3,0.0,2
9700,3,0.0,3
9701,2,0.0,4
9702,22,0.0,5
9703,90,0.0,6
9704,280,85.93813585850867,7
9705,513,189.25448974590813,8
9706,262,92.79068277539872,9
9707,98,60.68612513464804,10
9708,112,85.04805542955421,11
9709,172,118.56332695643488,12
9710,173,118.94033230402846,13
9711,124,111.30129487087333,14
9712,145,116.937658507237,15
9713,266,162.10444746680872,16
9714,523,274.1311141334749,17
9715,406,247.2931773763826,18
9716,281,163.69264118335326,19
9717,184,102.07333823429128,20
9718,109,64.692641183353,21
9719,77,34.67119346217325,22
9720,57,0.9955902450152223,23
9721,22,0.0,0
9722,5,0.0,1
9723,4,0.0,2
9724,3,0.0,3
9725,1,0.0,4
9726,25,0.0,5
9727,95,0.0,6
9728,321,77.99544780882385,7
9729,515,181.31180169622337,8
9730,231,84.84799472571393,9
9731,120,52.74343708496325,10
9732,138,77.10536737986942,11
9733,163,110.62063890675007,12
9734,170,110.99764425434365,13
9735,134,103.35860682118854,14
9736,171,108.9949704575522,15
9737,231,154.16175941712393,16
9738,487,266.1884260837901,17
9739,468,239.3504893266978,18
9740,311,155.74995313366844,19
9741,211,94.13065018460648,20
9742,178,56.749953133668186,21
9743,107,26.728505412488445,22
9744,58,0.0,23
9745,23,0.0,0
9746,5,0.0,1
9747,7,0.0,2
9748,1,0.0,3
9749,3,0.0,4
9750,20,0.0,5
9751,87,0.0,6
9752,288,83.21422399482024,7
9753,498,186.53057788221975,8
9754,202,90.06677091171031,9
9755,44,57.96221327095962,10
9756,71,82.3241435658658,11
9757,45,115.83941509274645,12
9758,64,116.21642044034003,13
9759,31,108.57738300718492,14
9760,53,114.21374664354859,15
9761,118,159.3805356031203,16
9762,289,271.40720226978647,17
9763,353,244.5692655126942,18
9764,258,160.96872931966485,19
9765,216,99.34942637060286,20
9766,145,61.968729319664575,21
9767,111,31.947281598484835,22
9768,73,0.0,23
9769,34,0.0,0
9770,18,0.0,1
9771,12,0.0,2
9772,1,0.0,3
9773,1,0.0,4
9774,16,0.0,5
9775,71,0.0,6
9776,226,88.4104454151793,7
9777,520,191.7267993025788,8
9778,283,95.26299233206936,9
9779,116,63.158434691318675,10
9780,142,87.52036498622485,11
9781,198,121.0356365131055,12
9782,205,121.41264186069908,13
9783,170,113.77360442754397,14
9784,221,119.40996806390763,15
9785,307,164.57675702347936,16
9786,465,276.6034236901455,17
9787,377,249.76548693305324,18
9788,282,166.16495074002387,19
9789,171,104.54564779096191,20
9790,129,67.16495074002361,21
9791,107,37.14350301884387,22
9792,82,3.46789980168586,23
9793,86,0.0,0
9794,45,0.0,1
9795,45,0.0,2
9796,18,0.0,3
9797,7,0.0,4
9798,1,0.0,5
9799,9,0.0,6
9800,41,86.90701403769211,7
9801,102,190.2233679250916,8
9802,138,93.75956095458217,9
9803,205,61.65500331383147,10
9804,286,86.01693360873766,11
9805,369,119.53220513561831,12
9806,384,119.9092104832119,13
9807,427,112.27017305005678,14
9808,499,117.90653668642044,15
9809,404,163.07332564599216,16
9810,364,275.09999231265834,17
9811,246,248.26205555556604,18
9812,188,164.6615193625367,19
9813,148,103.04221641347472,20
9814,114,65.66151936253644,21
9815,118,35.640071641356684,22
9816,74,1.9644684241986567,23
9817,74,0.0,0
9818,72,0.0,1
9819,48,0.0,2
9820,15,0.0,3
9821,3,0.0,4
9822,2,0.0,5
9823,5,0.0,6
9824,14,84.60574107371778,7
9825,56,187.92209496111727,8
9826,93,91.45828799060784,9
9827,191,59.35373034985716,10
9828,226,83.71566064476333,11
9829,255,117.23093217164399,12
9830,261,117.60793751923757,13
9831,237,109.96890008608246,14
9832,253,115.60526372244613,15
9833,212,160.77205268201783,16
9834,157,272.798719348684,17
9835,167,245.9607825915917,18
9836,119,162.36024639856237,19
9837,103,100.74094344950039,20
9838,36,63.36024639856211,21
9839,55,33.33879867738236,22
9840,35,0.0,23
9841,41,0.0,0
9842,15,0.0,1
9843,20,0.0,2
9844,8,0.0,3
9845,6,0.0,5
9846,10,0.0,6
9847,44,76.40177254174662,7
9848,120,179.7181264291461,8
9849,110,83.25431945863669,9
9850,143,51.149761817886,10
9851,208,75.51169211279218,11
9852,281,109.02696363967283,12
9853,312,109.40396898726641,13
9854,263,101.7649315541113,14
9855,289,107.40129519047497,15
9856,280,152.56808415004667,16
9857,253,264.5947508167129,17
9858,242,237.75681405962055,18
9859,172,154.1562778665912,19
9860,126,92.53697491752924,20
9861,98,55.156277866590955,21
9862,62,25.1348301454112,22
9863,26,0.0,23
9864,12,0.0,0
9865,7,0.0,1
9866,3,0.0,2
9867,2,0.0,4
9868,15,0.0,5
9869,86,0.0,6
9870,279,85.93813585850867,7
9871,464,189.25448974590813,8
9872,217,92.79068277539872,9
9873,85,60.68612513464804,10
9874,86,85.04805542955421,11
9875,163,118.56332695643488,12
9876,131,118.94033230402846,13
9877,124,111.30129487087333,14
9878,160,116.937658507237,15
9879,254,162.10444746680872,16
9880,432,274.1311141334749,17
9881,425,247.2931773763826,18
9882,304,163.69264118335326,19
9883,227,102.07333823429128,20
9884,154,64.692641183353,21
9885,100,34.67119346217325,22
9886,47,0.9955902450152223,23
9887,24,0.0,0
9888,7,0.0,1
9889,6,0.0,2
9890,4,0.0,3
9891,2,0.0,4
9892,30,0.0,5
9893,90,0.0,6
9894,302,77.99544780882385,7
9895,576,181.31180169622337,8
9896,252,84.84799472571393,9
9897,139,52.74343708496325,10
9898,171,77.10536737986942,11
9899,207,110.62063890675007,12
9900,190,110.99764425434365,13
9901,177,103.35860682118854,14
9902,195,108.9949704575522,15
9903,298,154.16175941712393,16
9904,529,266.1884260837901,17
9905,525,239.3504893266978,18
9906,327,155.74995313366844,19
9907,274,94.13065018460648,20
9908,239,56.749953133668186,21
9909,147,26.728505412488445,22
9910,62,0.0,23
9911,42,0.0,0
9912,15,0.0,1
9913,9,0.0,2
9914,6,0.0,3
9915,1,0.0,4
9916,32,0.0,5
9917,91,0.0,6
9918,326,83.21422399482024,7
9919,560,186.53057788221975,8
9920,242,90.06677091171031,9
9921,148,57.96221327095962,10
9922,182,82.3241435658658,11
9923,224,115.83941509274645,12
9924,218,116.21642044034003,13
9925,192,108.57738300718492,14
9926,217,114.21374664354859,15
9927,343,159.3805356031203,16
9928,610,271.40720226978647,17
9929,522,244.5692655126942,18
9930,369,160.96872931966485,19
9931,269,99.34942637060286,20
9932,222,61.968729319664575,21
9933,137,31.947281598484835,22
9934,85,0.0,23
9935,46,0.0,0
9936,18,0.0,1
9937,5,0.0,2
9938,5,0.0,3
9939,2,0.0,4
9940,26,0.0,5
9941,82,0.0,6
9942,272,88.4104454151793,7
9943,469,191.7267993025788,8
9944,244,95.26299233206936,9
9945,141,63.158434691318675,10
9946,163,87.52036498622485,11
9947,228,121.0356365131055,12
9948,183,121.41264186069908,13
9949,31,113.77360442754397,14
9950,94,119.40996806390763,15
9951,178,164.57675702347936,16
9952,256,276.6034236901455,17
9953,300,249.76548693305324,18
9954,233,166.16495074002387,19
9955,167,104.54564779096191,20
9956,152,67.16495074002361,21
9957,106,37.14350301884387,22
9958,86,3.46789980168586,23
9959,61,0.0,0
9960,46,0.0,1
9961,38,0.0,2
9962,7,0.0,3
9963,2,0.0,4
9964,3,0.0,5
9965,13,0.0,6
9966,23,86.90701403769211,7
9967,93,190.2233679250916,8
9968,122,93.75956095458217,9
9969,183,61.65500331383147,10
9970,210,86.01693360873766,11
9971,258,119.53220513561831,12
9972,226,119.9092104832119,13
9973,216,112.27017305005678,14
9974,232,117.90653668642044,15
9975,195,163.07332564599216,16
9976,159,275.09999231265834,17
9977,133,248.26205555556604,18
9978,149,164.6615193625367,19
9979,105,103.04221641347472,20
9980,85,65.66151936253644,21
9981,82,35.640071641356684,22
9982,91,1.9644684241986567,23
9983,70,0.0,0
9984,55,0.0,1
9985,42,0.0,2
9986,21,0.0,3
9987,6,0.0,4
9988,5,0.0,5
9989,2,0.0,6
9990,22,84.60574107371778,7
9991,59,187.92209496111727,8
9992,87,91.45828799060784,9
9993,188,59.35373034985716,10
9994,227,83.71566064476333,11
9995,305,117.23093217164399,12
9996,325,117.60793751923757,13
9997,331,109.96890008608246,14
9998,353,115.60526372244613,15
9999,339,160.77205268201783,16
10000,287,272.798719348684,17
10001,216,245.9607825915917,18
10002,143,162.36024639856237,19
10003,88,100.74094344950039,20
10004,83,63.36024639856211,21
10005,71,33.33879867738236,22
10006,64,0.0,23
10007,29,0.0,0
10008,6,0.0,1
10009,4,0.0,2
10010,2,0.0,3
10011,1,0.0,4
10012,16,0.0,5
10013,90,0.0,6
10014,280,88.16663493375424,7
10015,528,191.48298882115373,8
10016,230,95.0191818506443,9
10017,104,62.91462420989362,10
10018,103,87.27655450479979,11
10019,177,120.79182603168044,12
10020,182,121.16883137927402,13
10021,158,113.52979394611893,14
10022,174,119.16615758248257,15
10023,286,164.3329465420543,16
10024,529,276.3596132087205,17
10025,527,249.5216764516282,18
10026,334,165.92114025859883,19
10027,219,104.30183730953686,20
10028,195,66.92114025859856,21
10029,92,36.899692537418815,22
10030,56,3.224089320260788,23
10031,10,0.0,0
10032,6,0.0,1
10033,3,0.0,2
10034,6,0.0,3
10035,2,0.0,4
10036,21,0.0,5
10037,101,0.0,6
10038,325,85.93813585850867,7
10039,559,189.25448974590813,8
10040,232,92.79068277539872,9
10041,132,60.68612513464804,10
10042,163,85.04805542955421,11
10043,183,118.56332695643488,12
10044,190,118.94033230402846,13
10045,134,111.30129487087333,14
10046,166,116.937658507237,15
10047,287,162.10444746680872,16
10048,530,274.1311141334749,17
10049,449,247.2931773763826,18
10050,306,163.69264118335326,19
10051,204,102.07333823429128,20
10052,188,64.692641183353,21
10053,101,34.67119346217325,22
10054,65,0.9955902450152223,23
10055,32,0.0,0
10056,6,0.0,1
10057,4,0.0,2
10058,2,0.0,3
10059,29,0.0,5
10060,104,0.0,6
10061,253,77.99544780882385,7
10062,116,181.31180169622337,8
10063,38,84.84799472571393,9
10064,10,52.74343708496325,10
10065,10,77.10536737986942,11
10066,70,110.62063890675007,12
10067,76,110.99764425434365,13
10068,56,103.35860682118854,14
10069,90,108.9949704575522,15
10070,167,154.16175941712393,16
10071,253,266.1884260837901,17
10072,192,239.3504893266978,18
10073,102,155.74995313366844,19
10074,97,94.13065018460648,20
10075,39,56.749953133668186,21
10076,55,26.728505412488445,22
10077,33,0.0,23
10078,11,0.0,0
10079,12,0.0,1
10080,6,0.0,2
10081,3,0.0,3
10082,5,0.0,4
10083,18,0.0,5
10084,109,0.0,6
10085,304,93.5584045339161,7
10086,594,196.8747584213156,8
10087,286,100.41095145080615,9
10088,133,68.30639381005548,10
10089,168,92.66832410496166,11
10090,220,126.18359563184231,12
10091,211,126.56060097943589,13
10092,211,118.92156354628078,14
10093,223,124.55792718264443,15
10094,361,169.72471614221615,16
10095,600,281.75138280888234,17
10096,525,254.91344605179003,18
10097,328,171.3129098587607,19
10098,254,109.69360690969872,20
10099,197,72.31290985876042,21
10100,126,42.29146213758068,22
10101,85,8.615858920422653,23
10102,46,0.0,0
10103,20,0.0,1
10104,6,0.0,2
10105,3,0.0,3
10106,2,0.0,4
10107,24,0.0,5
10108,92,2.0844713811091253,6
10109,262,98.75462595427513,7
10110,549,202.07097984167464,8
10111,314,105.6071728711652,9
10112,132,73.50261523041452,10
10113,194,97.8645455253207,11
10114,234,131.37981705220136,12
10115,222,131.7568223997949,13
10116,205,124.11778496663982,14
10117,78,129.75414860300347,15
10118,50,174.9209375625752,16
10119,128,286.9476042292414,17
10120,160,260.1096674721491,18
10121,174,176.5091312791197,19
10122,100,114.88982833005775,20
10123,101,77.50913127911946,21
10124,75,47.48768355793972,22
10125,23,13.812080340781677,23
10126,22,0.0,0
10127,44,0.0,1
10128,38,0.0,2
10129,21,0.0,3
10130,2,0.0,4
10131,2,0.0,5
10132,7,0.5810400036219505,6
10133,16,97.25119457678795,7
10134,48,200.56754846418744,8
10135,94,104.10374149367802,9
10136,168,71.99918385292733,10
10137,214,96.3611141478335,11
10138,299,129.87638567471416,12
10139,339,130.25339102230774,13
10140,430,122.61435358915263,14
10141,399,128.2507172255163,15
10142,467,173.41750618508803,16
10143,385,285.44417285175416,17
10144,303,258.6062360946619,18
10145,225,175.00569990163254,19
10146,149,113.38639695257058,20
10147,154,76.00569990163228,21
10148,134,45.98425218045253,22
10149,106,12.308648963294502,23
10150,72,0.0,0
10151,76,0.0,1
10152,80,0.0,2
10153,26,0.0,3
10154,14,0.0,4
10155,5,0.0,5
10156,5,0.0,6
10157,23,94.94992161281363,7
10158,66,198.2662755002131,8
10159,118,101.80246852970369,9
10160,192,69.697910888953,10
10161,256,94.05984118385918,11
10162,327,127.57511271073983,12
10163,364,127.95211805833341,13
10164,332,120.31308062517832,14
10165,334,125.94944426154196,15
10166,299,171.1162332211137,16
10167,263,283.1428998877799,17
10168,184,256.30496313068755,18
10169,132,172.7044269376582,19
10170,88,111.08512398859625,20
10171,79,73.70442693765796,21
10172,62,43.6829792164782,22
10173,26,10.007375999320175,23
10174,17,0.0,0
10175,6,0.0,1
10176,4,0.0,2
10177,1,0.0,3
10178,1,0.0,4
10179,18,0.0,5
10180,91,1.8406608996840816,6
10181,260,98.51081547285008,7
10182,428,201.82716936024957,8
10183,197,105.36336238974015,9
10184,86,73.25880474898946,10
10185,103,97.62073504389564,11
10186,137,131.1360065707763,12
10187,120,131.51301191836987,13
10188,128,123.87397448521476,14
10189,130,129.51033812157843,15
10190,210,174.67712708115016,16
10191,387,286.70379374781635,17
10192,375,259.865856990724,18
10193,226,176.26532079769464,19
10194,179,114.64601784863271,20
10195,120,77.26532079769441,21
10196,78,47.24387307651466,22
10197,31,13.568269859356619,23
10198,8,0.0,0
10199,6,0.0,1
10200,4,0.0,2
10201,1,0.0,3
10202,3,0.0,4
10203,25,0.0,5
10204,102,0.0,6
10205,275,96.28231639760452,7
10206,501,199.598670285004,8
10207,233,103.13486331449458,9
10208,129,71.0303056737439,10
10209,130,95.39223596865007,11
10210,138,128.90750749553072,12
10211,164,129.2845128431243,13
10212,136,121.6454754099692,14
10213,166,127.28183904633285,15
10214,250,172.4486280059046,16
10215,446,284.4752946725707,17
10216,457,257.63735791547845,18
10217,287,174.0368217224491,19
10218,187,112.41751877338714,20
10219,148,75.03682172244885,21
10220,106,45.015374001269095,22
10221,54,11.339770784111067,23
10222,15,0.0,0
10223,5,0.0,1
10224,4,0.0,2
10225,3,0.0,3
10226,3,0.0,4
10227,18,0.0,5
10228,108,0.0,6
10229,344,88.33962834791971,7
10230,566,191.65598223531921,8
10231,264,95.19217526480978,9
10232,147,63.08761762405909,10
10233,161,87.44954791896527,11
10234,215,120.96481944584592,12
10235,205,121.3418247934395,13
10236,175,113.70278736028439,14
10237,209,119.33915099664804,15
10238,288,164.50593995621978,16
10239,612,276.53260662288596,17
10240,544,249.69466986579366,18
10241,361,166.0941336727643,19
10242,260,104.47483072370233,20
10243,188,67.09413367276403,21
10244,159,37.07268595158429,22
10245,62,3.3970827344262773,23
10246,46,0.0,0
10247,21,0.0,1
10248,11,0.0,2
10249,3,0.0,3
10250,2,0.0,4
10251,29,0.0,5
10252,109,0.0,6
10253,334,93.5584045339161,7
10254,585,196.8747584213156,8
10255,301,100.41095145080615,9
10256,138,68.30639381005548,10
10257,204,92.66832410496166,11
10258,251,126.18359563184231,12
10259,233,126.56060097943589,13
10260,203,118.92156354628078,14
10261,185,124.55792718264443,15
10262,342,169.72471614221615,16
10263,597,281.75138280888234,17
10264,590,254.91344605179003,18
10265,416,171.3129098587607,19
10266,302,109.69360690969872,20
10267,233,72.31290985876042,21
10268,153,42.29146213758068,22
10269,94,8.615858920422653,23
10270,54,0.0,0
10271,26,0.0,1
10272,11,0.0,2
10273,7,0.0,3
10274,1,0.0,4
10275,29,0.0,5
10276,85,2.0844713811091253,6
10277,268,98.75462595427513,7
10278,501,202.07097984167464,8
10279,284,105.6071728711652,9
10280,159,73.50261523041452,10
10281,187,97.8645455253207,11
10282,201,131.37981705220136,12
10283,224,131.7568223997949,13
10284,178,124.11778496663982,14
10285,238,129.75414860300347,15
10286,343,174.9209375625752,16
10287,566,286.9476042292414,17
10288,470,260.1096674721491,18
10289,244,176.5091312791197,19
10290,159,114.88982833005775,20
10291,141,77.50913127911946,21
10292,107,47.48768355793972,22
10293,86,13.812080340781677,23
10294,77,0.0,0
10295,51,0.0,1
10296,42,0.0,2
10297,16,0.0,3
10298,4,0.0,4
10299,10,0.0,5
10300,12,0.5810400036219505,6
10301,40,97.25119457678795,7
10302,111,200.56754846418744,8
10303,148,104.10374149367802,9
10304,223,71.99918385292733,10
10305,274,96.3611141478335,11
10306,329,129.87638567471416,12
10307,357,130.25339102230774,13
10308,379,122.61435358915263,14
10309,406,128.2507172255163,15
10310,390,173.41750618508803,16
10311,354,285.44417285175416,17
10312,297,258.6062360946619,18
10313,184,175.00569990163254,19
10314,121,113.38639695257058,20
10315,110,76.00569990163228,21
10316,100,45.98425218045253,22
10317,83,12.308648963294502,23
10318,69,0.0,0
10319,61,0.0,1
10320,66,0.0,3
10321,22,0.0,4
10322,7,0.0,5
10323,10,0.0,6
10324,17,94.94992161281363,7
10325,72,198.2662755002131,8
10326,90,101.80246852970369,9
10327,218,69.697910888953,10
10328,299,94.05984118385918,11
10329,410,127.57511271073983,12
10330,464,127.95211805833341,13
10331,501,120.31308062517832,14
10332,487,125.94944426154196,15
10333,509,171.1162332211137,16
10334,498,283.1428998877799,17
10335,389,256.30496313068755,18
10336,258,172.7044269376582,19
10337,171,111.08512398859625,20
10338,147,73.70442693765796,21
10339,94,43.6829792164782,22
10340,52,10.007375999320175,23
10341,24,0.0,0
10342,10,0.0,1
10343,9,0.0,2
10344,2,0.0,3
10345,3,0.0,4
10346,16,0.0,5
10347,88,1.8406608996840816,6
10348,268,98.51081547285008,7
10349,564,201.82716936024957,8
10350,281,105.36336238974015,9
10351,137,73.25880474898946,10
10352,150,97.62073504389564,11
10353,221,131.1360065707763,12
10354,250,131.51301191836987,13
10355,221,123.87397448521476,14
10356,233,129.51033812157843,15
10357,332,174.67712708115016,16
10358,644,286.70379374781635,17
10359,712,259.865856990724,18
10360,446,176.26532079769464,19
10361,286,114.64601784863271,20
10362,205,77.26532079769441,21
10363,133,47.24387307651466,22
10364,63,13.568269859356619,23
10365,26,0.0,0
10366,16,0.0,1
10367,1,0.0,2
10368,2,0.0,3
10369,1,0.0,4
10370,24,0.0,5
10371,113,0.0,6
10372,308,96.28231639760452,7
10373,593,199.598670285004,8
10374,342,103.13486331449458,9
10375,143,71.0303056737439,10
10376,219,95.39223596865007,11
10377,244,128.90750749553072,12
10378,233,129.2845128431243,13
10379,212,121.6454754099692,14
10380,264,127.28183904633285,15
10381,365,172.4486280059046,16
10382,676,284.4752946725707,17
10383,734,257.63735791547845,18
10384,479,174.0368217224491,19
10385,351,112.41751877338714,20
10386,244,75.03682172244885,21
10387,170,45.015374001269095,22
10388,87,11.339770784111067,23
10389,39,0.0,0
10390,27,0.0,1
10391,2,0.0,2
10392,4,0.0,3
10393,5,0.0,4
10394,27,0.0,5
10395,121,0.0,6
10396,368,88.33962834791971,7
10397,662,191.65598223531921,8
10398,351,95.19217526480978,9
10399,188,63.08761762405909,10
10400,220,87.44954791896527,11
10401,267,120.96481944584592,12
10402,254,121.3418247934395,13
10403,224,113.70278736028439,14
10404,283,119.33915099664804,15
10405,356,164.50593995621978,16
10406,782,276.53260662288596,17
10407,749,249.69466986579366,18
10408,472,166.0941336727643,19
10409,330,104.47483072370233,20
10410,288,67.09413367276403,21
10411,202,37.07268595158429,22
10412,91,3.3970827344262773,23
10413,60,0.0,0
10414,23,0.0,1
10415,19,0.0,2
10416,7,0.0,3
10417,14,0.0,4
10418,26,0.0,5
10419,117,0.0,6
10420,381,93.5584045339161,7
10421,623,196.8747584213156,8
10422,315,100.41095145080615,9
10423,164,68.30639381005548,10
10424,211,92.66832410496166,11
10425,265,126.18359563184231,12
10426,273,126.56060097943589,13
10427,258,118.92156354628078,14
10428,287,124.55792718264443,15
10429,426,169.72471614221615,16
10430,713,281.75138280888234,17
10431,746,254.91344605179003,18
10432,425,171.3129098587607,19
10433,330,109.69360690969872,20
10434,243,72.31290985876042,21
10435,169,42.29146213758068,22
10436,97,8.615858920422653,23
10437,57,0.0,0
10438,26,0.0,1
10439,4,0.0,2
10440,3,0.0,3
10441,3,0.0,4
10442,32,0.0,5
10443,99,2.0844713811091253,6
10444,278,98.75462595427513,7
10445,562,202.07097984167464,8
10446,312,105.6071728711652,9
10447,180,73.50261523041452,10
10448,207,97.8645455253207,11
10449,294,131.37981705220136,12
10450,260,131.7568223997949,13
10451,202,124.11778496663982,14
10452,107,129.75414860300347,15
10453,129,174.9209375625752,16
10454,258,286.9476042292414,17
10455,408,260.1096674721491,18
10456,296,176.5091312791197,19
10457,235,114.88982833005775,20
10458,152,77.50913127911946,21
10459,148,47.48768355793972,22
10460,126,13.812080340781677,23
10461,100,0.0,0
10462,69,0.0,1
10463,42,0.0,2
10464,26,0.0,3
10465,2,0.0,4
10466,8,0.0,5
10467,30,0.5810400036219505,6
10468,86,97.25119457678795,7
10469,218,200.56754846418744,8
10470,321,104.10374149367802,9
10471,443,71.99918385292733,10
10472,585,96.3611141478335,11
10473,651,129.87638567471416,12
10474,686,130.25339102230774,13
10475,690,122.61435358915263,14
10476,679,128.2507172255163,15
10477,685,173.41750618508803,16
10478,648,285.44417285175416,17
10479,560,258.6062360946619,18
10480,417,175.00569990163254,19
10481,271,113.38639695257058,20
10482,223,76.00569990163228,21
10483,211,45.98425218045253,22
10484,185,12.308648963294502,23
10485,107,0.0,0
10486,113,0.0,1
10487,56,0.0,2
10488,18,0.0,3
10489,14,0.0,4
10490,6,0.0,5
10491,11,0.0,6
10492,42,94.94992161281363,7
10493,96,198.2662755002131,8
10494,178,101.80246852970369,9
10495,351,69.697910888953,10
10496,368,94.05984118385918,11
10497,503,127.57511271073983,12
10498,544,127.95211805833341,13
10499,521,120.31308062517832,14
10500,554,125.94944426154196,15
10501,541,171.1162332211137,16
10502,541,283.1428998877799,17
10503,459,256.30496313068755,18
10504,352,172.7044269376582,19
10505,198,111.08512398859625,20
10506,173,73.70442693765796,21
10507,100,43.6829792164782,22
10508,46,10.007375999320175,23
10509,23,0.0,0
10510,15,0.0,1
10511,8,0.0,2
10512,2,0.0,3
10513,3,0.0,4
10514,31,0.0,5
10515,120,1.8406608996840816,6
10516,354,98.51081547285008,7
10517,579,201.82716936024957,8
10518,331,105.36336238974015,9
10519,184,73.25880474898946,10
10520,201,97.62073504389564,11
10521,282,131.1360065707763,12
10522,263,131.51301191836987,13
10523,260,123.87397448521476,14
10524,286,129.51033812157843,15
10525,385,174.67712708115016,16
10526,721,286.70379374781635,17
10527,801,259.865856990724,18
10528,549,176.26532079769464,19
10529,330,114.64601784863271,20
10530,223,77.26532079769441,21
10531,148,47.24387307651466,22
10532,54,13.568269859356619,23
10533,29,0.0,0
10534,15,0.0,1
10535,10,0.0,2
10536,3,0.0,3
10537,6,0.0,4
10538,20,0.0,5
10539,100,0.0,6
10540,170,96.28231639760452,7
10541,516,199.598670285004,8
10542,325,103.13486331449458,9
10543,163,71.0303056737439,10
10544,230,95.39223596865007,11
10545,261,128.90750749553072,12
10546,284,129.2845128431243,13
10547,248,121.6454754099692,14
10548,244,127.28183904633285,15
10549,431,172.4486280059046,16
10550,750,284.4752946725707,17
10551,801,257.63735791547845,18
10552,555,174.0368217224491,19
10553,377,112.41751877338714,20
10554,277,75.03682172244885,21
10555,188,45.015374001269095,22
10556,90,11.339770784111067,23
10557,33,0.0,0
10558,26,0.0,1
10559,10,0.0,2
10560,8,0.0,3
10561,4,0.0,4
10562,39,0.0,5
10563,149,5.0719292335190005,6
10564,372,101.742083806685,7
10565,535,205.05843769408452,8
10566,293,108.59463072357508,9
10567,154,76.49007308282438,10
10568,192,100.85200337773057,11
10569,229,134.3672749046112,12
10570,303,134.7442802522048,13
10571,225,127.10524281904969,14
10572,243,132.74160645541335,15
10573,378,177.90839541498508,16
10574,729,289.93506208165127,17
10575,779,263.097125324559,18
10576,582,179.4965891315296,19
10577,374,117.87728618246763,20
10578,251,80.49658913152933,21
10579,197,50.47514141034959,22
10580,125,16.79953819319158,23
10581,41,0.0,0
10582,30,0.0,1
10583,6,0.0,2
10584,7,0.0,3
10585,6,0.0,4
10586,34,0.0,5
10587,136,10.290705419515376,6
10588,361,106.96085999268139,7
10589,649,210.2772138800809,8
10590,318,113.81340690957146,9
10591,142,81.70884926882077,10
10592,219,106.07077956372694,11
10593,272,139.5860510906076,12
10594,298,139.9630564382012,13
10595,257,132.32401900504607,14
10596,304,137.96038264140972,15
10597,425,183.12717160098146,16
10598,810,295.15383826764764,17
10599,801,268.31590151055536,18
10600,586,184.71536531752596,19
10601,424,123.096062368464,20
10602,374,85.71536531752571,21
10603,220,55.69391759634597,22
10604,151,22.018314379187956,23
10605,95,1.363185603399728,0
10606,50,0.0,1
10607,32,0.0,2
10608,10,0.0,3
10609,3,0.0,4
10610,34,0.0,5
10611,116,15.486926839874414,6
10612,346,112.15708141304043,7
10613,662,215.47343530043992,8
10614,380,119.00962832993051,9
10615,275,86.90507068917981,10
10616,318,111.267000984086,11
10617,471,144.78227251096664,12
10618,428,145.15927785856022,13
10619,432,137.52024042540512,14
10620,472,143.15660406176877,15
10621,589,188.3233930213405,16
10622,957,300.3500596880067,17
10623,830,273.5121229309144,18
10624,686,189.91158673788502,19
10625,445,128.29228378882306,20
10626,284,90.91158673788476,21
10627,271,60.89013901670501,22
10628,176,27.21453579954698,23
10629,156,0.0,0
10630,128,0.0,1
10631,69,0.0,2
10632,32,0.0,3
10633,7,0.0,4
10634,4,0.0,5
10635,28,13.98349546238724,6
10636,70,110.65365003555326,7
10637,154,213.97000392295274,8
10638,249,117.5061969524433,9
10639,345,85.40163931169263,10
10640,273,109.76356960659881,11
10641,183,143.27884113347946,12
10642,196,143.65584648107304,13
10643,223,136.01680904791792,14
10644,290,141.65317268428157,15
10645,177,186.81996164385333,16
10646,115,298.84662831051946,17
10647,137,272.0086915534272,18
10648,133,188.4081553603978,19
10649,111,126.78885241133587,20
10650,104,89.40815536039757,21
10651,83,59.38670763921783,22
10652,105,25.711104422059805,23
10653,80,0.0,0
10654,89,0.0,1
10655,35,0.0,2
10656,18,0.0,3
10657,8,0.0,4
10658,6,0.0,5
10659,18,11.682222498412912,6
10660,39,108.35237707157893,7
10661,89,211.66873095897841,8
10662,118,115.20492398846898,9
10663,250,83.1003663477183,10
10664,323,107.46229664262448,11
10665,360,140.97756816950513,12
10666,367,141.35457351709871,13
10667,414,133.71553608394362,14
10668,421,139.35189972030724,15
10669,492,184.518688679879,16
10670,419,296.5453553465452,17
10671,491,269.70741858945286,18
10672,375,186.1068823964235,19
10673,259,124.48757944736154,20
10674,149,87.10688239642325,21
10675,111,57.085434675243505,22
10676,65,23.409831458085478,23
10677,33,1.119375121974656,0
10678,28,0.0,1
10679,20,0.0,2
10680,1,0.0,3
10681,4,0.0,4
10682,36,0.0,5
10683,117,15.243116358449356,6
10684,370,111.91327093161537,7
10685,657,215.22962481901487,8
10686,282,118.76581784850543,9
10687,153,86.66126020775476,10
10688,178,111.02319050266092,11
10689,279,144.5384620295416,12
10690,301,144.91546737713517,13
10691,217,137.27642994398005,14
10692,223,142.9127935803437,15
10693,305,188.07958253991546,16
10694,664,300.10624920658165,17
10695,684,273.2683124494893,18
10696,458,189.66777625645994,19
10697,221,128.04847330739798,20
10698,186,90.6677762564597,21
10699,93,60.64632853527995,22
10700,48,26.970725318121936,23
10701,10,0.0,0
10702,5,0.0,1
10703,7,0.0,2
10704,4,0.0,3
10705,3,0.0,4
10706,17,0.0,5
10707,101,13.01461728320379,6
10708,286,109.6847718563698,7
10709,581,213.0011257437693,8
10710,267,116.53731877325987,9
10711,138,84.43276113250919,10
10712,175,108.79469142741536,11
10713,220,142.30996295429603,12
10714,211,142.68696830188958,13
10715,184,135.04793086873448,14
10716,200,140.68429450509814,15
10717,305,185.85108346466987,16
10718,614,297.87775013133603,17
10719,644,271.03981337424375,18
10720,417,187.43927718121438,19
10721,294,125.81997423215243,20
10722,221,88.43927718121412,21
10723,134,58.41782946003438,22
10724,64,24.74222624287637,23
10725,30,0.0,0
10726,8,0.0,1
10727,3,0.0,2
10728,5,0.0,3
10729,1,0.0,4
10730,40,0.0,5
10731,115,5.0719292335190005,6
10732,358,101.742083806685,7
10733,658,205.05843769408452,8
10734,314,108.59463072357508,9
10735,173,76.49007308282438,10
10736,222,100.85200337773057,11
10737,268,134.3672749046112,12
10738,273,134.7442802522048,13
10739,221,127.10524281904969,14
10740,199,132.74160645541335,15
10741,221,177.90839541498508,16
10742,604,289.93506208165127,17
10743,641,263.097125324559,18
10744,456,179.4965891315296,19
10745,362,117.87728618246763,20
10746,261,80.49658913152933,21
10747,172,50.47514141034959,22
10748,93,16.79953819319158,23
10749,48,0.0,0
10750,33,0.0,1
10751,6,0.0,2
10752,5,0.0,3
10753,9,0.0,4
10754,32,0.0,5
10755,117,10.290705419515376,6
10756,367,106.96085999268139,7
10757,654,210.2772138800809,8
10758,321,113.81340690957146,9
10759,166,81.70884926882077,10
10760,220,106.07077956372694,11
10761,292,139.5860510906076,12
10762,273,139.9630564382012,13
10763,238,132.32401900504607,14
10764,307,137.96038264140972,15
10765,388,183.12717160098146,16
10766,703,295.15383826764764,17
10767,681,268.31590151055536,18
10768,468,184.71536531752596,19
10769,335,123.096062368464,20
10770,224,85.71536531752571,21
10771,152,55.69391759634597,22
10772,94,22.018314379187956,23
10773,59,1.363185603399728,0
10774,27,0.0,1
10775,7,0.0,2
10776,7,0.0,3
10777,2,0.0,4
10778,26,0.0,5
10779,86,15.486926839874414,6
10780,289,112.15708141304043,7
10781,593,215.47343530043992,8
10782,321,119.00962832993051,9
10783,187,86.90507068917981,10
10784,201,111.267000984086,11
10785,270,144.78227251096664,12
10786,242,145.15927785856022,13
10787,229,137.52024042540512,14
10788,280,143.15660406176877,15
10789,367,188.3233930213405,16
10790,606,300.3500596880067,17
10791,560,273.5121229309144,18
10792,395,189.91158673788502,19
10793,209,128.29228378882306,20
10794,220,90.91158673788476,21
10795,153,60.89013901670501,22
10796,123,27.21453579954698,23
10797,92,0.0,0
10798,82,0.0,1
10799,69,0.0,2
10800,31,0.0,3
10801,8,0.0,4
10802,5,0.0,5
10803,23,13.98349546238724,6
10804,44,110.65365003555326,7
10805,145,213.97000392295274,8
10806,223,117.5061969524433,9
10807,313,85.40163931169263,10
10808,463,109.76356960659881,11
10809,621,143.27884113347946,12
10810,638,143.65584648107304,13
10811,551,136.01680904791792,14
10812,605,141.65317268428157,15
10813,535,186.81996164385333,16
10814,543,298.84662831051946,17
10815,341,272.0086915534272,18
10816,284,188.4081553603978,19
10817,208,126.78885241133587,20
10818,143,89.40815536039757,21
10819,156,59.38670763921783,22
10820,112,25.711104422059805,23
10821,67,34.93466126519358,0
10822,62,18.979203418512128,1
10823,81,10.226618468546363,2
10824,25,0.0,3
10825,12,0.0,4
10826,18,5.6974968165117446,5
10827,97,49.0584025016683,6
10828,84,145.7285570748343,7
10829,125,249.0449109622338,8
10830,275,152.58110399172438,9
10831,360,120.47654635097369,10
10832,451,144.83847664587987,11
10833,445,178.3537481727605,12
10834,464,178.73075352035409,13
10835,561,171.091716087199,14
10836,573,176.72807972356264,15
10837,511,221.89486868313438,16
10838,555,333.9215353498006,17
10839,432,307.08359859270826,18
10840,346,223.4830623996789,19
10841,232,161.86375945061693,20
10842,134,124.48306239967864,21
10843,68,94.4616146784989,22
10844,63,60.78601146134086,23
10845,17,38.49555512523004,0
10846,5,22.540097278548586,1
10847,5,13.787512328582821,2
10848,4,0.0,4
10849,24,9.258390676548217,5
10850,110,52.619296361704755,6
10851,306,149.28945093487076,7
10852,589,252.60580482227027,8
10853,317,156.14199785176083,9
10854,204,124.03744021101014,10
10855,209,148.39937050591632,11
10856,281,181.91464203279696,12
10857,281,182.29164738039054,13
10858,268,174.65260994723545,14
10859,324,180.2889735835991,15
10860,395,225.45576254317083,16
10861,729,337.48242920983705,17
10862,618,310.6444924527447,18
10863,494,227.04395625971534,19
10864,329,165.42465331065338,20
10865,238,128.0439562597151,21
10866,123,98.02250853853535,22
10867,66,64.3469053213773,23
10868,33,36.26705604998446,0
10869,11,20.31159820330302,1
10870,5,11.559013253337241,2
10871,3,0.7100912175149574,3
10872,1,0.0,4
10873,27,7.029891601302637,5
10874,100,50.390797286459176,6
10875,341,147.0609518596252,7
10876,604,250.37730574702468,8
10877,408,153.91349877651527,9
10878,219,121.80894113576458,10
10879,258,146.17087143067076,11
10880,331,179.6861429575514,12
10881,345,180.06314830514498,13
10882,311,172.42411087198988,14
10883,316,178.06047450835354,15
10884,485,223.22726346792524,16
10885,757,335.2539301345914,17
10886,800,308.41599337749915,18
10887,558,224.81545718446978,19
10888,379,163.19615423540782,20
10889,243,125.81545718446952,21
10890,158,95.79400946328978,22
10891,79,62.118406246131755,23
10892,41,28.32436800029967,0
10893,11,12.368910153618216,1
10894,5,3.616325203652451,2
10895,3,0.0,3
10896,1,0.0,4
10897,27,0.0,5
10898,126,42.448109236774386,6
10899,366,139.1182638099404,7
10900,684,242.4346176973399,8
10901,363,145.97081072683045,9
10902,167,113.86625308607978,10
10903,213,138.22818338098597,11
10904,283,171.7434549078666,12
10905,251,172.1204602554602,13
10906,258,164.4814228223051,14
10907,268,170.11778645866875,15
10908,390,215.28457541824048,16
10909,744,327.31124208490667,17
10910,759,300.4733053278144,18
10911,494,216.87276913478496,19
10912,372,155.25346618572303,20
10913,298,117.87276913478473,21
10914,181,87.85132141360498,22
10915,131,54.17571819644695,23
10916,45,33.54314418629605,0
10917,13,17.587686339614592,1
10918,18,8.835101389648827,2
10919,5,0.0,3
10920,1,0.0,4
10921,29,4.305979737614223,5
10922,126,47.66688542277076,6
10923,354,144.33703999593678,7
10924,638,247.65339388333626,8
10925,351,151.18958691282683,9
10926,246,119.08502927207616,10
10927,268,143.44695956698234,11
10928,276,176.96223109386298,12
10929,291,177.33923644145656,13
10930,287,169.70019900830147,14
10931,269,175.33656264466512,15
10932,402,220.50335160423685,16
10933,822,332.53001827090304,17
10934,698,305.69208151381076,18
10935,487,222.09154532078134,19
10936,312,160.4722423717194,20
10937,234,123.09154532078111,21
10938,149,93.07009759960137,22
10939,136,59.39449438244333,23
10940,61,38.7393656066551,0
10941,38,22.783907759973644,1
10942,11,14.031322810007879,2
10943,8,3.182400774185595,3
10944,5,0.0,4
10945,23,9.502201157973275,5
10946,80,52.86310684312981,6
10947,246,149.53326141629583,7
10948,508,252.84961530369532,8
10949,376,156.38580833318588,9
10950,238,124.28125069243521,10
10951,291,148.64318098734137,11
10952,337,182.15845251422203,12
10953,411,182.53545786181562,13
10954,490,174.89642042866052,14
10955,537,180.53278406502417,15
10956,536,225.6995730245959,16
10957,655,337.7262396912621,17
10958,484,310.88830293416976,18
10959,412,227.2877667411404,19
10960,252,165.66846379207846,20
10961,190,128.28776674114016,21
10962,158,98.2663190199604,22
10963,113,64.59071580280236,23
10964,94,37.23593422916791,0
10965,69,21.280476382486455,1
10966,36,12.52789143252069,2
10967,28,1.6789693966983918,3
10968,7,0.0,4
10969,2,7.998769780486072,5
10970,19,51.359675465642624,6
10971,54,148.02983003880863,7
10972,123,251.34618392620814,8
10973,276,154.8823769556987,9
10974,363,122.77781931494802,10
10975,495,147.1397496098542,11
10976,590,180.65502113673483,12
10977,643,181.0320264843284,13
10978,578,173.39298905117332,14
10979,626,179.02935268753697,15
10980,615,224.1961416471087,16
10981,567,336.22280831377486,17
10982,517,309.3848715566826,18
10983,413,225.7843353636532,19
10984,208,164.16503241459125,20
10985,234,126.78433536365296,21
10986,182,96.76288764247323,22
10987,118,63.08728442531519,23
10988,85,34.93466126519358,0
10989,64,18.979203418512128,1
10990,32,10.226618468546363,2
10991,26,0.0,3
10992,7,0.0,4
10993,12,5.6974968165117446,5
10994,28,49.0584025016683,6
10995,37,145.7285570748343,7
10996,84,249.0449109622338,8
10997,179,152.58110399172438,9
10998,299,120.47654635097369,10
10999,404,144.83847664587987,11
11000,457,178.3537481727605,12
11001,483,178.73075352035409,13
11002,503,171.091716087199,14
11003,486,176.72807972356264,15
11004,476,221.89486868313438,16
11005,411,333.9215353498006,17
11006,310,307.08359859270826,18
11007,276,223.4830623996789,19
11008,211,161.86375945061693,20
11009,130,124.48306239967864,21
11010,118,94.4616146784989,22
11011,51,60.78601146134086,23
11012,37,38.49555512523004,0
11013,16,22.540097278548586,1
11014,6,13.787512328582821,2
11015,3,2.938590292760523,3
11016,5,0.0,4
11017,32,9.258390676548217,5
11018,111,52.619296361704755,6
11019,331,149.28945093487076,7
11020,617,252.60580482227027,8
11021,286,156.14199785176083,9
11022,178,124.03744021101014,10
11023,223,148.39937050591632,11
11024,280,181.91464203279696,12
11025,281,182.29164738039054,13
11026,218,174.65260994723545,14
11027,255,180.2889735835991,15
11028,391,225.45576254317083,16
11029,632,337.48242920983705,17
11030,646,310.6444924527447,18
11031,421,227.04395625971534,19
11032,276,165.42465331065338,20
11033,165,128.0439562597151,21
11034,108,98.02250853853535,22
11035,67,64.3469053213773,23
11036,26,36.26705604998446,0
11037,9,20.31159820330302,1
11038,2,11.559013253337241,2
11039,2,0.7100912175149574,3
11040,2,0.0,4
11041,24,7.029891601302637,5
11042,103,50.390797286459176,6
11043,384,147.0609518596252,7
11044,692,250.37730574702468,8
11045,319,153.91349877651527,9
11046,181,121.80894113576458,10
11047,239,146.17087143067076,11
11048,259,179.6861429575514,12
11049,283,180.06314830514498,13
11050,224,172.42411087198988,14
11051,203,178.06047450835354,15
11052,362,223.22726346792524,16
11053,744,335.2539301345914,17
11054,704,308.41599337749915,18
11055,479,224.81545718446978,19
11056,282,163.19615423540782,20
11057,206,125.81545718446952,21
11058,127,95.79400946328978,22
11059,62,62.118406246131755,23
11060,30,28.32436800029967,0
11061,12,12.368910153618216,1
11062,2,3.616325203652451,2
11063,2,0.0,3
11064,27,0.0,5
11065,106,42.448109236774386,6
11066,321,139.1182638099404,7
11067,595,242.4346176973399,8
11068,302,145.97081072683045,9
11069,153,113.86625308607978,10
11070,180,138.22818338098597,11
11071,182,171.7434549078666,12
11072,163,172.1204602554602,13
11073,135,164.4814228223051,14
11074,202,170.11778645866875,15
11075,307,215.28457541824048,16
11076,579,327.31124208490667,17
11077,585,300.4733053278144,18
11078,384,216.87276913478496,19
11079,235,155.25346618572303,20
11080,165,117.87276913478473,21
11081,134,87.85132141360498,22
11082,61,54.17571819644695,23
11083,23,33.54314418629605,0
11084,9,17.587686339614592,1
11085,4,8.835101389648827,2
11086,5,0.0,3
11087,1,0.0,4
11088,21,4.305979737614223,5
11089,96,47.66688542277076,6
11090,306,144.33703999593678,7
11091,624,247.65339388333626,8
11092,287,151.18958691282683,9
11093,141,119.08502927207616,10
11094,224,143.44695956698234,11
11095,259,176.96223109386298,12
11096,203,177.33923644145656,13
11097,224,169.70019900830147,14
11098,211,175.33656264466512,15
11099,353,220.50335160423685,16
11100,656,332.53001827090304,17
11101,610,305.69208151381076,18
11102,433,222.09154532078134,19
11103,280,160.4722423717194,20
11104,187,123.09154532078111,21
11105,158,93.07009759960137,22
11106,94,59.39449438244333,23
11107,55,38.7393656066551,0
11108,30,22.783907759973644,1
11109,11,14.031322810007879,2
11110,11,3.182400774185595,3
11111,5,0.0,4
11112,21,9.502201157973275,5
11113,84,52.86310684312981,6
11114,296,149.53326141629583,7
11115,563,252.84961530369532,8
11116,330,156.38580833318588,9
11117,192,124.28125069243521,10
11118,233,148.64318098734137,11
11119,322,182.15845251422203,12
11120,358,182.53545786181562,13
11121,348,174.89642042866052,14
11122,352,180.53278406502417,15
11123,463,225.6995730245959,16
11124,738,337.7262396912621,17
11125,671,310.88830293416976,18
11126,427,227.2877667411404,19
11127,286,165.66846379207846,20
11128,189,128.28776674114016,21
11129,215,98.2663190199604,22
11130,198,64.59071580280236,23
11131,96,37.23593422916791,0
11132,70,21.280476382486455,1
11133,56,12.52789143252069,2
11134,32,1.6789693966983918,3
11135,14,0.0,4
11136,7,7.998769780486072,5
11137,21,51.359675465642624,6
11138,64,148.02983003880863,7
11139,160,251.34618392620814,8
11140,265,154.8823769556987,9
11141,406,122.77781931494802,10
11142,564,147.1397496098542,11
11143,678,180.65502113673483,12
11144,678,181.0320264843284,13
11145,660,173.39298905117332,14
11146,658,179.02935268753697,15
11147,582,224.1961416471087,16
11148,560,336.22280831377486,17
11149,481,309.3848715566826,18
11150,459,225.7843353636532,19
11151,321,164.16503241459125,20
11152,220,126.78433536365296,21
11153,212,96.76288764247323,22
11154,196,63.08728442531519,23
11155,124,34.93466126519358,0
11156,106,18.979203418512128,1
11157,74,10.226618468546363,2
11158,45,0.0,3
11159,12,0.0,4
11160,10,5.6974968165117446,5
11161,16,49.0584025016683,6
11162,46,145.7285570748343,7
11163,97,249.0449109622338,8
11164,251,152.58110399172438,9
11165,421,120.47654635097369,10
11166,528,144.83847664587987,11
11167,635,178.3537481727605,12
11168,681,178.73075352035409,13
11169,628,171.091716087199,14
11170,617,176.72807972356264,15
11171,616,221.89486868313438,16
11172,623,333.9215353498006,17
11173,479,307.08359859270826,18
11174,379,223.4830623996789,19
11175,291,161.86375945061693,20
11176,229,124.48306239967864,21
11177,134,94.4616146784989,22
11178,90,60.78601146134086,23
11179,41,26.730692733222426,0
11180,28,10.775234886540972,1
11181,14,2.0226499365752204,2
11182,8,0.0,3
11183,6,0.0,4
11184,38,0.0,5
11185,133,40.85443396969714,6
11186,387,137.52458854286314,7
11187,597,240.84094243026266,8
11188,297,144.37713545975322,9
11189,224,112.27257781900254,10
11190,251,136.6345081139087,11
11191,271,170.14977964078935,12
11192,263,170.52678498838293,13
11193,288,162.88774755522783,14
11194,275,168.5241111915915,15
11195,358,213.69090015116322,16
11196,712,325.7175668178294,17
11197,676,298.8796300607371,18
11198,522,215.27909386770773,19
11199,375,153.65979091864577,20
11200,271,116.27909386770747,21
11201,214,86.25764614652773,22
11202,121,52.58204292936969,23
11203,43,36.26705604998446,0
11204,11,20.31159820330302,1
11205,4,11.559013253337241,2
11206,6,0.7100912175149574,3
11207,9,0.0,4
11208,30,7.029891601302637,5
11209,144,50.390797286459176,6
11210,461,147.0609518596252,7
11211,673,250.37730574702468,8
11212,400,153.91349877651527,9
11213,217,121.80894113576458,10
11214,239,146.17087143067076,11
11215,244,179.6861429575514,12
11216,239,180.06314830514498,13
11217,257,172.42411087198988,14
11218,308,178.06047450835354,15
11219,370,223.22726346792524,16
11220,781,335.2539301345914,17
11221,775,308.41599337749915,18
11222,537,224.81545718446978,19
11223,402,163.19615423540782,20
11224,297,125.81545718446952,21
11225,162,95.79400946328978,22
11226,82,62.118406246131755,23
11227,38,28.32436800029967,0
11228,14,12.368910153618216,1
11229,9,3.616325203652451,2
11230,6,0.0,3
11231,7,0.0,4
11232,34,0.0,5
11233,134,42.448109236774386,6
11234,418,139.1182638099404,7
11235,576,242.4346176973399,8
11236,265,145.97081072683045,9
11237,147,113.86625308607978,10
11238,119,138.22818338098597,11
11239,110,171.7434549078666,12
11240,64,172.1204602554602,13
11241,51,164.4814228223051,14
11242,98,170.11778645866875,15
11243,235,215.28457541824048,16
11244,488,327.31124208490667,17
11245,505,300.4733053278144,18
11246,368,216.87276913478496,19
11247,260,155.25346618572303,20
11248,189,117.87276913478473,21
11249,162,87.85132141360498,22
11250,70,54.17571819644695,23
11251,25,33.54314418629605,0
11252,13,17.587686339614592,1
11253,6,8.835101389648827,2
11254,4,0.0,3
11255,4,0.0,4
11256,30,4.305979737614223,5
11257,120,47.66688542277076,6
11258,406,144.33703999593678,7
11259,677,247.65339388333626,8
11260,301,151.18958691282683,9
11261,189,119.08502927207616,10
11262,229,143.44695956698234,11
11263,264,176.96223109386298,12
11264,238,177.33923644145656,13
11265,237,169.70019900830147,14
11266,262,175.33656264466512,15
11267,387,220.50335160423685,16
11268,748,332.53001827090304,17
11269,776,305.69208151381076,18
11270,586,222.09154532078134,19
11271,404,160.4722423717194,20
11272,267,123.09154532078111,21
11273,248,93.07009759960137,22
11274,144,59.39449438244333,23
11275,64,38.7393656066551,0
11276,25,22.783907759973644,1
11277,21,14.031322810007879,2
11278,10,3.182400774185595,3
11279,3,0.0,4
11280,25,9.502201157973275,5
11281,113,52.86310684312981,6
11282,359,149.53326141629583,7
11283,700,252.84961530369532,8
11284,359,156.38580833318588,9
11285,237,124.28125069243521,10
11286,254,148.64318098734137,11
11287,362,182.15845251422203,12
11288,381,182.53545786181562,13
11289,394,174.89642042866052,14
11290,407,180.53278406502417,15
11291,580,225.6995730245959,16
11292,819,337.7262396912621,17
11293,668,310.88830293416976,18
11294,492,227.2877667411404,19
11295,341,165.66846379207846,20
11296,287,128.28776674114016,21
11297,202,98.2663190199604,22
11298,187,64.59071580280236,23
11299,142,37.23593422916791,0
11300,88,21.280476382486455,1
11301,81,12.52789143252069,2
11302,29,1.6789693966983918,3
11303,9,0.0,4
11304,1,7.998769780486072,5
11305,31,51.359675465642624,6
11306,76,148.02983003880863,7
11307,201,251.34618392620814,8
11308,331,154.8823769556987,9
11309,482,122.77781931494802,10
11310,608,147.1397496098542,11
11311,640,180.65502113673483,12
11312,649,181.0320264843284,13
11313,609,173.39298905117332,14
11314,628,179.02935268753697,15
11315,639,224.1961416471087,16
11316,568,336.22280831377486,17
11317,416,309.3848715566826,18
11318,54,225.7843353636532,19
11319,39,164.16503241459125,20
11320,102,126.78433536365296,21
11321,110,96.76288764247323,22
11322,91,63.08728442531519,23
11323,117,34.93466126519358,0
11324,73,18.979203418512128,1
11325,56,10.226618468546363,2
11326,40,0.0,3
11327,7,0.0,4
11328,6,5.6974968165117446,5
11329,12,49.0584025016683,6
11330,24,145.7285570748343,7
11331,51,249.0449109622338,8
11332,79,152.58110399172438,9
11333,68,120.47654635097369,10
11334,77,144.83847664587987,11
11335,61,178.3537481727605,12
11336,52,178.73075352035409,13
11337,53,171.091716087199,14
11338,38,176.72807972356264,15
11339,36,221.89486868313438,16
11340,27,333.9215353498006,17
11341,39,307.08359859270826,18
11342,35,223.4830623996789,19
11343,35,161.86375945061693,20
11344,11,124.48306239967864,21
11345,13,94.4616146784989,22
11346,17,60.78601146134086,23
11347,6,38.49555512523004,0
11348,2,22.540097278548586,1
11349,4,13.787512328582821,2
11350,1,2.938590292760523,3
11351,3,0.0,4
11352,14,9.258390676548217,5
11353,45,52.619296361704755,6
11354,207,149.28945093487076,7
11355,482,252.60580482227027,8
11356,272,156.14199785176083,9
11357,100,124.03744021101014,10
11358,101,148.39937050591632,11
11359,129,181.91464203279696,12
11360,107,182.29164738039054,13
11361,114,174.65260994723545,14
11362,112,180.2889735835991,15
11363,103,225.45576254317083,16
11364,232,337.48242920983705,17
11365,379,310.6444924527447,18
11366,298,227.04395625971534,19
11367,203,165.42465331065338,20
11368,152,128.0439562597151,21
11369,89,98.02250853853535,22
11370,59,64.3469053213773,23
11371,13,36.26705604998446,0
11372,7,20.31159820330302,1
11373,3,11.559013253337241,2
11374,2,0.7100912175149574,3
11375,3,0.0,4
11376,22,7.029891601302637,5
11377,120,50.390797286459176,6
11378,390,147.0609518596252,7
11379,611,250.37730574702468,8
11380,308,153.91349877651527,9
11381,162,121.80894113576458,10
11382,184,146.17087143067076,11
11383,224,179.6861429575514,12
11384,224,180.06314830514498,13
11385,216,172.42411087198988,14
11386,236,178.06047450835354,15
11387,362,223.22726346792524,16
11388,691,335.2539301345914,17
11389,632,308.41599337749915,18
11390,482,224.81545718446978,19
11391,285,163.19615423540782,20
11392,226,125.81545718446952,21
11393,157,95.79400946328978,22
11394,73,62.118406246131755,23
11395,36,28.32436800029967,0
11396,25,12.368910153618216,1
11397,7,3.616325203652451,2
11398,3,0.0,3
11399,6,0.0,4
11400,24,0.0,5
11401,106,42.448109236774386,6
11402,389,139.1182638099404,7
11403,654,242.4346176973399,8
11404,321,145.97081072683045,9
11405,182,113.86625308607978,10
11406,219,138.22818338098597,11
11407,269,171.7434549078666,12
11408,228,172.1204602554602,13
11409,223,164.4814228223051,14
11410,229,170.11778645866875,15
11411,376,215.28457541824048,16
11412,732,327.31124208490667,17
11413,709,300.4733053278144,18
11414,543,216.87276913478496,19
11415,380,155.25346618572303,20
11416,239,117.87276913478473,21
11417,192,87.85132141360498,22
11418,104,54.17571819644695,23
11419,43,33.54314418629605,0
11420,23,17.587686339614592,1
11421,13,8.835101389648827,2
11422,6,0.0,3
11423,3,0.0,4
11424,17,4.305979737614223,5
11425,127,47.66688542277076,6
11426,225,144.33703999593678,7
11427,362,247.65339388333626,8
11428,201,151.18958691282683,9
11429,139,119.08502927207616,10
11430,151,143.44695956698234,11
11431,204,176.96223109386298,12
11432,197,177.33923644145656,13
11433,169,169.70019900830147,14
11434,204,175.33656264466512,15
11435,318,220.50335160423685,16
11436,614,332.53001827090304,17
11437,664,305.69208151381076,18
11438,464,222.09154532078134,19
11439,337,160.4722423717194,20
11440,250,123.09154532078111,21
11441,183,93.07009759960137,22
11442,112,59.39449438244333,23
11443,73,38.7393656066551,0
11444,35,22.783907759973644,1
11445,22,14.031322810007879,2
11446,3,3.182400774185595,3
11447,6,0.0,4
11448,19,9.502201157973275,5
11449,120,52.86310684312981,6
11450,315,149.53326141629583,7
11451,592,252.84961530369532,8
11452,334,156.38580833318588,9
11453,236,124.28125069243521,10
11454,233,148.64318098734137,11
11455,307,182.15845251422203,12
11456,306,182.53545786181562,13
11457,300,174.89642042866052,14
11458,324,180.53278406502417,15
11459,440,225.6995730245959,16
11460,702,337.7262396912621,17
11461,654,310.88830293416976,18
11462,441,227.2877667411404,19
11463,289,165.66846379207846,20
11464,208,128.28776674114016,21
11465,158,98.2663190199604,22
11466,116,64.59071580280236,23
11467,103,37.23593422916791,0
11468,67,21.280476382486455,1
11469,57,12.52789143252069,2
11470,26,1.6789693966983918,3
11471,2,0.0,4
11472,5,7.998769780486072,5
11473,28,51.359675465642624,6
11474,55,148.02983003880863,7
11475,158,251.34618392620814,8
11476,214,154.8823769556987,9
11477,291,122.77781931494802,10
11478,358,147.1397496098542,11
11479,381,180.65502113673483,12
11480,389,181.0320264843284,13
11481,440,173.39298905117332,14
11482,408,179.02935268753697,15
11483,376,224.1961416471087,16
11484,322,336.22280831377486,17
11485,90,309.3848715566826,18
11486,139,225.7843353636532,19
11487,102,164.16503241459125,20
11488,84,126.78433536365296,21
11489,83,96.76288764247323,22
11490,42,63.08728442531519,23
11491,36,34.93466126519358,0
11492,42,18.979203418512128,1
11493,40,10.226618468546363,2
11494,16,0.0,3
11495,4,0.0,4
11496,6,5.6974968165117446,5
11497,7,49.0584025016683,6
11498,27,145.7285570748343,7
11499,107,249.0449109622338,8
11500,185,152.58110399172438,9
11501,380,120.47654635097369,10
11502,411,144.83847664587987,11
11503,584,178.3537481727605,12
11504,595,178.73075352035409,13
11505,653,171.091716087199,14
11506,603,176.72807972356264,15
11507,587,221.89486868313438,16
11508,522,333.9215353498006,17
11509,487,307.08359859270826,18
11510,375,223.4830623996789,19
11511,243,161.86375945061693,20
11512,204,124.48306239967864,21
11513,108,94.4616146784989,22
11514,82,60.78601146134086,23
11515,48,38.49555512523004,0
11516,24,22.540097278548586,1
11517,8,13.787512328582821,2
11518,4,2.938590292760523,3
11519,2,0.0,4
11520,20,9.258390676548217,5
11521,123,52.619296361704755,6
11522,349,149.28945093487076,7
11523,596,252.60580482227027,8
11524,268,156.14199785176083,9
11525,157,124.03744021101014,10
11526,163,148.39937050591632,11
11527,225,181.91464203279696,12
11528,247,182.29164738039054,13
11529,218,174.65260994723545,14
11530,231,180.2889735835991,15
11531,347,225.45576254317083,16
11532,683,337.48242920983705,17
11533,664,310.6444924527447,18
11534,471,227.04395625971534,19
11535,309,165.42465331065338,20
11536,221,128.0439562597151,21
11537,134,98.02250853853535,22
11538,60,64.3469053213773,23
11539,35,86.42578077222869,0
11540,21,70.47032292554724,1
11541,8,61.71773797558146,2
11542,3,50.86881593975916,3
11543,8,45.15313204860047,4
11544,17,57.18861632354687,5
11545,26,100.5495220087034,6
11546,169,197.2196765818694,7
11547,557,300.5360304692689,8
11548,349,204.07222349875948,9
11549,174,171.9676658580088,10
11550,229,196.32959615291497,11
11551,269,229.84486767979558,12
11552,249,230.2218730273892,13
11553,204,222.5828355942341,14
11554,234,228.21919923059775,15
11555,354,273.3859881901695,16
11556,681,385.4126548568356,17
11557,743,358.57471809974334,18
11558,487,274.97418190671397,19
11559,335,213.35487895765203,20
11560,282,175.97418190671374,21
11561,211,145.95273418553398,22
11562,95,112.27713096837597,23
11563,47,78.48309272254389,0
11564,15,62.52763487586245,1
11565,16,53.77504992589667,2
11566,6,42.926127890074355,3
11567,4,37.21044399891568,4
11568,33,49.24592827386206,5
11569,120,92.60683395901859,6
11570,358,189.27698853218462,7
11571,666,292.59334241958413,8
11572,315,196.12953544907467,9
11573,175,164.024977808324,10
11574,184,188.38690810323016,11
11575,245,221.90217963011082,12
11576,228,222.2791849777044,13
11577,240,214.6401475445493,14
11578,256,220.27651118091296,15
11579,367,265.44330014048467,16
11580,729,377.46996680715085,17
11581,813,350.6320300500586,18
11582,504,267.0314938570292,19
11583,338,205.41219090796722,20
11584,239,168.03149385702895,21
11585,173,138.0100461358492,22
11586,98,104.33444291869117,23
11587,90,83.70186890854026,0
11588,24,67.74641106185882,1
11589,17,58.99382611189304,2
11590,6,48.14490407607073,3
11591,2,42.429220184912054,4
11592,21,54.46470445985844,5
11593,136,97.82561014501498,6
11594,384,194.495764718181,7
11595,627,297.8121186055805,8
11596,304,201.34831163507107,9
11597,168,169.24375399432037,10
11598,201,193.60568428922653,11
11599,301,227.1209558161072,12
11600,265,227.49796116370078,13
11601,204,219.85892373054568,14
11602,283,225.49528736690934,15
11603,370,270.66207632648104,16
11604,704,382.68874299314723,17
11605,706,355.85080623605495,18
11606,522,272.2502700430256,19
11607,420,210.6309670939636,20
11608,299,173.25027004302532,21
11609,246,143.22882232184557,22
11610,121,109.55321910468754,23
11611,89,88.89809032889931,0
11612,48,72.94263248221785,1
11613,11,64.19004753225208,2
11614,14,53.34112549642978,3
11615,4,47.62544160527109,4
11616,24,59.66092588021749,5
11617,135,103.02183156537401,6
11618,356,199.69198613854002,7
11619,618,303.00834002593956,8
11620,294,206.5445330554301,9
11621,199,174.43997541467942,10
11622,258,198.80190570958558,11
11623,171,232.31717723646622,12
11624,278,232.69418258405983,13
11625,242,225.0551451509047,14
11626,343,230.6915087872684,15
11627,440,275.8582977468401,16
11628,643,387.8849644135063,17
11629,641,361.047027656414,18
11630,452,277.44649146338463,19
11631,313,215.82718851432264,20
11632,235,178.44649146338435,21
11633,232,148.42504374220462,22
11634,256,114.7494405250466,23
11635,153,87.39465895141213,0
11636,107,71.43920110473067,1
11637,75,62.686616154764906,2
11638,32,51.83769411894259,3
11639,9,46.12201022778392,4
11640,22,58.1574945027303,5
11641,42,101.51840018788684,6
11642,87,198.18855476105284,7
11643,197,301.50490864845233,8
11644,284,205.04110167794292,9
11645,432,172.93654403719222,10
11646,575,197.2984743320984,11
11647,550,230.81374585897905,12
11648,524,231.19075120657263,13
11649,428,223.55171377341753,14
11650,541,229.1880774097812,15
11651,540,274.3548663693529,16
11652,502,386.38153303601905,17
11653,434,359.54359627892677,18
11654,405,275.9430600858974,19
11655,309,214.32375713683547,20
11656,269,176.94306008589717,21
11657,217,146.92161236471742,22
11658,149,113.2460091475594,23
11659,134,85.0933859874378,0
11660,121,69.13792814075634,1
11661,93,60.38534319079058,2
11662,28,49.53642115496827,3
11663,16,43.82073726380959,4
11664,11,55.856221538755975,5
11665,17,99.21712722391251,6
11666,36,195.88728179707851,7
11667,114,299.203635684478,8
11668,191,202.7398287139686,9
11669,333,170.6352710732179,10
11670,414,194.99720136812408,11
11671,558,228.51247289500472,12
11672,565,228.8894782425983,13
11673,518,221.2504408094432,14
11674,571,226.88680444580686,15
11675,544,272.0535934053786,16
11676,511,384.0802600720448,17
11677,463,357.24232331495244,18
11678,383,273.64178712192313,19
11679,276,212.02248417286114,20
11680,203,174.64178712192285,21
11681,157,144.6203394007431,22
11682,102,110.94473618358508,23
11683,34,88.65427984747426,0
11684,9,72.6988220007928,1
11685,6,63.94623705082702,2
11686,5,53.09731501500471,3
11687,2,47.381631123846034,4
11688,23,59.41711539879242,5
11689,142,102.77802108394897,6
11690,385,199.44817565711497,7
11691,639,302.76452954451446,8
11692,350,206.30072257400505,9
11693,190,174.19616493325435,10
11694,213,198.55809522816054,11
11695,263,232.07336675504115,12
11696,272,232.45037210263476,13
11697,239,224.81133466947966,14
11698,262,230.44769830584332,15
11699,388,275.61448726541505,16
11700,769,387.64115393208124,17
11701,680,360.80321717498896,18
11702,546,277.2026809819596,19
11703,323,215.5833780328976,20
11704,247,178.2026809819593,21
11705,173,148.18123326077955,22
11706,113,114.50563004362152,23
11707,38,86.42578077222869,0
11708,9,70.47032292554724,1
11709,16,61.71773797558146,2
11710,6,50.86881593975916,3
11711,5,45.15313204860047,4
11712,20,57.18861632354687,5
11713,165,100.5495220087034,6
11714,463,197.2196765818694,7
11715,641,300.5360304692689,8
11716,295,204.07222349875948,9
11717,157,171.9676658580088,10
11718,217,196.32959615291497,11
11719,263,229.84486767979558,12
11720,219,230.2218730273892,13
11721,71,222.5828355942341,14
11722,134,228.21919923059775,15
11723,389,273.3859881901695,16
11724,717,385.4126548568356,17
11725,710,358.57471809974334,18
11726,458,274.97418190671397,19
11727,302,213.35487895765203,20
11728,223,175.97418190671374,21
11729,147,145.95273418553398,22
11730,63,112.27713096837597,23
11731,35,78.48309272254389,0
11732,14,62.52763487586245,1
11733,1,53.77504992589667,2
11734,2,42.926127890074355,3
11735,5,37.21044399891568,4
11736,28,49.24592827386206,5
11737,126,92.60683395901859,6
11738,418,189.27698853218462,7
11739,622,292.59334241958413,8
11740,325,196.12953544907467,9
11741,153,164.024977808324,10
11742,201,188.38690810323016,11
11743,280,221.90217963011082,12
11744,266,222.2791849777044,13
11745,243,214.6401475445493,14
11746,259,220.27651118091296,15
11747,357,265.44330014048467,16
11748,705,377.46996680715085,17
11749,372,350.6320300500586,18
11750,98,267.0314938570292,19
11751,51,205.41219090796722,20
11752,34,168.03149385702895,21
11753,67,138.0100461358492,22
11754,55,104.33444291869117,23
11755,33,83.70186890854026,0
11756,11,67.74641106185882,1
11757,3,58.99382611189304,2
11758,3,48.14490407607073,3
11759,2,42.429220184912054,4
11760,24,54.46470445985844,5
11761,139,97.82561014501498,6
11762,401,194.495764718181,7
11763,630,297.8121186055805,8
11764,361,201.34831163507107,9
11765,154,169.24375399432037,10
11766,256,193.60568428922653,11
11767,272,227.1209558161072,12
11768,318,227.49796116370078,13
11769,247,219.85892373054568,14
11770,271,225.49528736690934,15
11771,421,270.66207632648104,16
11772,732,382.68874299314723,17
11773,770,355.85080623605495,18
11774,553,272.2502700430256,19
11775,374,210.6309670939636,20
11776,230,173.25027004302532,21
11777,232,143.22882232184557,22
11778,135,109.55321910468754,23
11779,64,88.89809032889931,0
11780,46,72.94263248221785,1
11781,31,64.19004753225208,2
11782,13,53.34112549642978,3
11783,9,47.62544160527109,4
11784,26,59.66092588021749,5
11785,135,103.02183156537401,6
11786,351,199.69198613854002,7
11787,620,303.00834002593956,8
11788,322,206.5445330554301,9
11789,210,174.43997541467942,10
11790,291,198.80190570958558,11
11791,348,232.31717723646622,12
11792,363,232.69418258405983,13
11793,334,225.0551451509047,14
11794,439,230.6915087872684,15
11795,525,275.8582977468401,16
11796,779,387.8849644135063,17
11797,596,361.047027656414,18
11798,503,277.44649146338463,19
11799,341,215.82718851432264,20
11800,270,178.44649146338435,21
11801,234,148.42504374220462,22
11802,180,114.7494405250466,23
11803,136,87.39465895141213,0
11804,93,71.43920110473067,1
11805,56,62.686616154764906,2
11806,34,51.83769411894259,3
11807,9,46.12201022778392,4
11808,13,58.1574945027303,5
11809,33,101.51840018788684,6
11810,67,198.18855476105284,7
11811,178,301.50490864845233,8
11812,335,205.04110167794292,9
11813,411,172.93654403719222,10
11814,522,197.2984743320984,11
11815,559,230.81374585897905,12
11816,659,231.19075120657263,13
11817,615,223.55171377341753,14
11818,590,229.1880774097812,15
11819,591,274.3548663693529,16
11820,576,386.38153303601905,17
11821,546,359.54359627892677,18
11822,439,275.9430600858974,19
11823,287,214.32375713683547,20
11824,230,176.94306008589717,21
11825,274,146.92161236471742,22
11826,176,113.2460091475594,23
11827,98,85.0933859874378,0
11828,94,69.13792814075634,1
11829,82,60.38534319079058,2
11830,28,49.53642115496827,3
11831,9,43.82073726380959,4
11832,12,55.856221538755975,5
11833,21,99.21712722391251,6
11834,60,195.88728179707851,7
11835,156,299.203635684478,8
11836,222,202.7398287139686,9
11837,350,170.6352710732179,10
11838,428,194.99720136812408,11
11839,531,228.51247289500472,12
11840,602,228.8894782425983,13
11841,552,221.2504408094432,14
11842,499,226.88680444580686,15
11843,564,272.0535934053786,16
11844,478,384.0802600720448,17
11845,389,357.24232331495244,18
11846,339,273.64178712192313,19
11847,230,212.02248417286114,20
11848,169,174.64178712192285,21
11849,131,144.6203394007431,22
11850,74,110.94473618358508,23
11851,35,88.65427984747426,0
11852,11,72.6988220007928,1
11853,2,63.94623705082702,2
11854,2,53.09731501500471,3
11855,6,47.381631123846034,4
11856,26,59.41711539879242,5
11857,65,102.77802108394897,6
11858,75,199.44817565711497,7
11859,156,302.76452954451446,8
11860,110,206.30072257400505,9
11861,59,174.19616493325435,10
11862,79,198.55809522816054,11
11863,185,232.07336675504115,12
11864,176,232.45037210263476,13
11865,171,224.81133466947966,14
11866,196,230.44769830584332,15
11867,111,275.61448726541505,16
11868,229,387.64115393208124,17
11869,300,360.80321717498896,18
11870,304,277.2026809819596,19
11871,189,215.5833780328976,20
11872,152,178.2026809819593,21
11873,129,148.18123326077955,22
11874,75,114.50563004362152,23
11875,32,86.42578077222869,0
11876,19,70.47032292554724,1
11877,4,61.71773797558146,2
11878,6,50.86881593975916,3
11879,5,45.15313204860047,4
11880,8,57.18861632354687,5
11881,24,100.5495220087034,6
11882,92,197.2196765818694,7
11883,409,300.5360304692689,8
11884,355,204.07222349875948,9
11885,171,171.9676658580088,10
11886,224,196.32959615291497,11
11887,264,229.84486767979558,12
11888,239,230.2218730273892,13
11889,184,222.5828355942341,14
11890,256,228.21919923059775,15
11891,374,273.3859881901695,16
11892,678,385.4126548568356,17
11893,733,358.57471809974334,18
11894,512,274.97418190671397,19
11895,263,213.35487895765203,20
11896,109,175.97418190671374,21
11897,83,145.95273418553398,22
11898,71,112.27713096837597,23
11899,39,78.48309272254389,0
11900,21,62.52763487586245,1
11901,19,53.77504992589667,2
11902,6,42.926127890074355,3
11903,4,37.21044399891568,4
11904,38,49.24592827386206,5
11905,158,92.60683395901859,6
11906,440,189.27698853218462,7
11907,650,292.59334241958413,8
11908,347,196.12953544907467,9
11909,192,164.024977808324,10
11910,267,188.38690810323016,11
11911,330,221.90217963011082,12
11912,350,222.2791849777044,13
11913,263,214.6401475445493,14
11914,274,220.27651118091296,15
11915,446,265.44330014048467,16
11916,873,377.46996680715085,17
11917,846,350.6320300500586,18
11918,590,267.0314938570292,19
11919,459,205.41219090796722,20
11920,393,168.03149385702895,21
11921,286,138.0100461358492,22
11922,133,104.33444291869117,23
11923,79,83.70186890854026,0
11924,28,67.74641106185882,1
11925,16,58.99382611189304,2
11926,3,48.14490407607073,3
11927,16,42.429220184912054,4
11928,35,54.46470445985844,5
11929,159,97.82561014501498,6
11930,474,194.495764718181,7
11931,634,297.8121186055805,8
11932,346,201.34831163507107,9
11933,205,169.24375399432037,10
11934,279,193.60568428922653,11
11935,348,227.1209558161072,12
11936,327,227.49796116370078,13
11937,270,219.85892373054568,14
11938,316,225.49528736690934,15
11939,430,270.66207632648104,16
11940,852,382.68874299314723,17
11941,868,355.85080623605495,18
11942,537,272.2502700430256,19
11943,446,210.6309670939636,20
11944,299,173.25027004302532,21
11945,251,143.22882232184557,22
11946,166,109.55321910468754,23
11947,70,88.89809032889931,0
11948,49,72.94263248221785,1
11949,21,64.19004753225208,2
11950,14,53.34112549642978,3
11951,11,47.62544160527109,4
11952,34,59.66092588021749,5
11953,182,103.02183156537401,6
11954,515,199.69198613854002,7
11955,745,303.00834002593956,8
11956,361,206.5445330554301,9
11957,255,174.43997541467942,10
11958,334,198.80190570958558,11
11959,360,232.31717723646622,12
11960,395,232.69418258405983,13
11961,350,225.0551451509047,14
11962,391,230.6915087872684,15
11963,568,275.8582977468401,16
11964,812,387.8849644135063,17
11965,669,361.047027656414,18
11966,483,277.44649146338463,19
11967,337,215.82718851432264,20
11968,258,178.44649146338435,21
11969,251,148.42504374220462,22
11970,174,114.7494405250466,23
11971,148,87.39465895141213,0
11972,104,71.43920110473067,1
11973,69,62.686616154764906,2
11974,33,51.83769411894259,3
11975,14,46.12201022778392,4
11976,12,58.1574945027303,5
11977,50,101.51840018788684,6
11978,95,198.18855476105284,7
11979,195,301.50490864845233,8
11980,292,205.04110167794292,9
11981,452,172.93654403719222,10
11982,586,197.2984743320984,11
11983,642,230.81374585897905,12
11984,704,231.19075120657263,13
11985,730,223.55171377341753,14
11986,672,229.1880774097812,15
11987,642,274.3548663693529,16
11988,626,386.38153303601905,17
11989,645,359.54359627892677,18
11990,432,275.9430600858974,19
11991,315,214.32375713683547,20
11992,259,176.94306008589717,21
11993,338,146.92161236471742,22
11994,239,113.2460091475594,23
11995,170,85.0933859874378,0
11996,130,69.13792814075634,1
11997,98,60.38534319079058,2
11998,66,49.53642115496827,3
11999,16,43.82073726380959,4
12000,8,55.856221538755975,5
12001,25,99.21712722391251,6
12002,90,195.88728179707851,7
12003,171,299.203635684478,8
12004,313,202.7398287139686,9
12005,432,170.6352710732179,10
12006,581,194.99720136812408,11
12007,637,228.51247289500472,12
12008,607,228.8894782425983,13
12009,543,221.2504408094432,14
12010,502,226.88680444580686,15
12011,577,272.0535934053786,16
12012,549,384.0802600720448,17
12013,474,357.24232331495244,18
12014,402,273.64178712192313,19
12015,274,212.02248417286114,20
12016,233,174.64178712192285,21
12017,145,144.6203394007431,22
12018,86,110.94473618358508,23
12019,40,88.65427984747426,0
12020,15,72.6988220007928,1
12021,11,63.94623705082702,2
12022,2,53.09731501500471,3
12023,7,47.381631123846034,4
12024,15,59.41711539879242,5
12025,79,102.77802108394897,6
12026,153,199.44817565711497,7
12027,270,302.76452954451446,8
12028,186,206.30072257400505,9
12029,99,174.19616493325435,10
12030,106,198.55809522816054,11
12031,170,232.07336675504115,12
12032,184,232.45037210263476,13
12033,180,224.81133466947966,14
12034,225,230.44769830584332,15
12035,315,275.61448726541505,16
12036,508,387.64115393208124,17
12037,530,360.80321717498896,18
12038,448,277.2026809819596,19
12039,336,215.5833780328976,20
12040,241,178.2026809819593,21
12041,142,148.18123326077955,22
12042,97,114.50563004362152,23
12043,36,86.42578077222869,0
12044,27,70.47032292554724,1
12045,11,61.71773797558146,2
12046,5,50.86881593975916,3
12047,7,45.15313204860047,4
12048,17,57.18861632354687,5
12049,137,100.5495220087034,6
12050,324,197.2196765818694,7
12051,590,300.5360304692689,8
12052,333,204.07222349875948,9
12053,200,171.9676658580088,10
12054,189,196.32959615291497,11
12055,254,229.84486767979558,12
12056,243,230.2218730273892,13
12057,222,222.5828355942341,14
12058,245,228.21919923059775,15
12059,386,273.3859881901695,16
12060,785,385.4126548568356,17
12061,785,358.57471809974334,18
12062,364,274.97418190671397,19
12063,373,213.35487895765203,20
12064,261,175.97418190671374,21
12065,174,145.95273418553398,22
12066,105,112.27713096837597,23
12067,47,78.48309272254389,0
12068,32,62.52763487586245,1
12069,12,53.77504992589667,2
12070,5,42.926127890074355,3
12071,3,37.21044399891568,4
12072,35,49.24592827386206,5
12073,160,92.60683395901859,6
12074,468,189.27698853218462,7
12075,719,292.59334241958413,8
12076,297,196.12953544907467,9
12077,191,164.024977808324,10
12078,197,188.38690810323016,11
12079,248,221.90217963011082,12
12080,270,222.2791849777044,13
12081,248,214.6401475445493,14
12082,257,220.27651118091296,15
12083,278,265.44330014048467,16
12084,285,377.46996680715085,17
12085,327,350.6320300500586,18
12086,376,267.0314938570292,19
12087,295,205.41219090796722,20
12088,245,168.03149385702895,21
12089,159,138.0100461358492,22
12090,106,104.33444291869117,23
12091,56,83.70186890854026,0
12092,30,67.74641106185882,1
12093,16,58.99382611189304,2
12094,4,48.14490407607073,3
12095,5,42.429220184912054,4
12096,30,54.46470445985844,5
12097,156,97.82561014501498,6
12098,415,194.495764718181,7
12099,692,297.8121186055805,8
12100,301,201.34831163507107,9
12101,185,169.24375399432037,10
12102,221,193.60568428922653,11
12103,289,227.1209558161072,12
12104,302,227.49796116370078,13
12105,252,219.85892373054568,14
12106,291,225.49528736690934,15
12107,390,270.66207632648104,16
12108,798,382.68874299314723,17
12109,752,355.85080623605495,18
12110,492,272.2502700430256,19
12111,398,210.6309670939636,20
12112,285,173.25027004302532,21
12113,243,143.22882232184557,22
12114,167,109.55321910468754,23
12115,73,88.89809032889931,0
12116,42,72.94263248221785,1
12117,23,64.19004753225208,2
12118,14,53.34112549642978,3
12119,9,47.62544160527109,4
12120,30,59.66092588021749,5
12121,113,103.02183156537401,6
12122,359,199.69198613854002,7
12123,583,303.00834002593956,8
12124,340,206.5445330554301,9
12125,232,174.43997541467942,10
12126,283,198.80190570958558,11
12127,321,232.31717723646622,12
12128,333,232.69418258405983,13
12129,367,225.0551451509047,14
12130,466,230.6915087872684,15
12131,584,275.8582977468401,16
12132,653,387.8849644135063,17
12133,522,361.047027656414,18
12134,404,277.44649146338463,19
12135,350,215.82718851432264,20
12136,255,178.44649146338435,21
12137,212,148.42504374220462,22
12138,166,114.7494405250466,23
12139,116,87.39465895141213,0
12140,82,71.43920110473067,1
12141,64,62.686616154764906,2
12142,31,51.83769411894259,3
12143,2,46.12201022778392,4
12144,10,58.1574945027303,5
12145,31,101.51840018788684,6
12146,54,198.18855476105284,7
12147,141,301.50490864845233,8
12148,289,205.04110167794292,9
12149,437,172.93654403719222,10
12150,520,197.2984743320984,11
12151,529,230.81374585897905,12
12152,539,231.19075120657263,13
12153,564,223.55171377341753,14
12154,513,229.1880774097812,15
12155,504,274.3548663693529,16
12156,462,386.38153303601905,17
12157,415,359.54359627892677,18
12158,373,275.9430600858974,19
12159,255,214.32375713683547,20
12160,251,176.94306008589717,21
12161,204,146.92161236471742,22
12162,150,113.2460091475594,23
12163,137,85.0933859874378,0
12164,78,69.13792814075634,1
12165,61,60.38534319079058,2
12166,36,49.53642115496827,3
12167,11,43.82073726380959,4
12168,7,55.856221538755975,5
12169,22,99.21712722391251,6
12170,52,195.88728179707851,7
12171,151,299.203635684478,8
12172,270,202.7398287139686,9
12173,424,170.6352710732179,10
12174,519,194.99720136812408,11
12175,570,228.51247289500472,12
12176,498,228.8894782425983,13
12177,547,221.2504408094432,14
12178,535,226.88680444580686,15
12179,501,272.0535934053786,16
12180,522,384.0802600720448,17
12181,518,357.24232331495244,18
12182,442,273.64178712192313,19
12183,392,212.02248417286114,20
12184,143,174.64178712192285,21
12185,59,144.6203394007431,22
12186,96,110.94473618358508,23
12187,65,76.88941745546664,0
12188,59,60.93395960878517,1
12189,48,52.18137465881942,2
12190,18,41.33245262299711,3
12191,6,35.616768731838434,4
12192,9,47.65225300678482,5
12193,20,91.01315869194136,6
12194,67,187.68331326510736,7
12195,155,290.99966715250685,8
12196,263,194.53586018199744,9
12197,364,162.43130254124674,10
12198,476,186.79323283615292,11
12199,525,220.30850436303356,12
12200,556,220.68550971062714,13
12201,465,213.04647227747205,14
12202,460,218.6828359138357,15
12203,501,263.84962487340744,16
12204,405,375.87629154007357,17
12205,383,349.0383547829813,18
12206,395,265.4378185899519,19
12207,317,203.81851564088998,20
12208,247,166.4378185899517,21
12209,157,136.41637086877193,22
12210,82,102.74076765161392,23
12211,45,86.42578077222869,0
12212,14,70.47032292554724,1
12213,8,61.71773797558146,2
12214,3,50.86881593975916,3
12215,5,45.15313204860047,4
12216,33,57.18861632354687,5
12217,154,100.5495220087034,6
12218,450,197.2196765818694,7
12219,634,300.5360304692689,8
12220,257,204.07222349875948,9
12221,183,171.9676658580088,10
12222,197,196.32959615291497,11
12223,237,229.84486767979558,12
12224,239,230.2218730273892,13
12225,238,222.5828355942341,14
12226,256,228.21919923059775,15
12227,393,273.3859881901695,16
12228,781,385.4126548568356,17
12229,710,358.57471809974334,18
12230,526,274.97418190671397,19
12231,204,213.35487895765203,20
12232,71,175.97418190671374,21
12233,55,145.95273418553398,22
12234,50,112.27713096837597,23
12235,36,78.48309272254389,0
12236,4,62.52763487586245,1
12237,5,53.77504992589667,2
12238,5,42.926127890074355,3
12239,6,37.21044399891568,4
12240,41,49.24592827386206,5
12241,144,92.60683395901859,6
12242,483,189.27698853218462,7
12243,671,292.59334241958413,8
12244,305,196.12953544907467,9
12245,177,164.024977808324,10
12246,208,188.38690810323016,11
12247,253,221.90217963011082,12
12248,289,222.2791849777044,13
12249,252,214.6401475445493,14
12250,275,220.27651118091296,15
12251,398,265.44330014048467,16
12252,839,377.46996680715085,17
12253,796,350.6320300500586,18
12254,556,267.0314938570292,19
12255,431,205.41219090796722,20
12256,304,168.03149385702895,21
12257,217,138.0100461358492,22
12258,160,104.33444291869117,23
12259,61,83.70186890854026,0
12260,26,67.74641106185882,1
12261,14,58.99382611189304,2
12262,8,48.14490407607073,3
12263,8,42.429220184912054,4
12264,33,54.46470445985844,5
12265,178,97.82561014501498,6
12266,507,194.495764718181,7
12267,693,297.8121186055805,8
12268,311,201.34831163507107,9
12269,220,169.24375399432037,10
12270,218,193.60568428922653,11
12271,292,227.1209558161072,12
12272,293,227.49796116370078,13
12273,254,219.85892373054568,14
12274,290,225.49528736690934,15
12275,487,270.66207632648104,16
12276,827,382.68874299314723,17
12277,785,355.85080623605495,18
12278,591,272.2502700430256,19
12279,479,210.6309670939636,20
12280,359,173.25027004302532,21
12281,264,143.22882232184557,22
12282,140,109.55321910468754,23
12283,86,98.85622560600744,0
12284,34,82.90076775932599,1
12285,16,74.14818280936022,2
12286,4,63.29926077353791,3
12287,6,57.58357688237925,4
12288,45,69.61906115732562,5
12289,141,112.97996684248216,6
12290,402,209.65012141564816,7
12291,694,312.9664753030477,8
12292,298,216.50266833253824,9
12293,204,184.39811069178756,10
12294,235,208.76004098669372,11
12295,310,242.27531251357436,12
12296,316,242.65231786116794,13
12297,254,235.01328042801285,14
12298,258,240.6496440643765,15
12299,222,285.8164330239482,16
12300,227,397.8430996906144,17
12301,110,371.0051629335221,18
12302,45,287.40462674049274,19
12303,39,225.78532379143078,20
12304,85,188.4046267404925,21
12305,23,158.38317901931276,22
12306,73,124.70757580215472,23
12307,86,97.35279422852025,0
12308,76,81.39733638183881,1
12309,41,72.64475143187303,2
12310,26,61.79582939605072,3
12311,13,56.080145504892045,4
12312,12,68.11562977983843,5
12313,36,111.47653546499498,6
12314,86,208.14669003816098,7
12315,210,311.46304392556044,8
12316,332,214.99923695505106,9
12317,493,182.89467931430036,10
12318,536,207.25660960920652,11
12319,668,240.7718811360872,12
12320,679,241.14888648368077,13
12321,647,233.50984905052567,14
12322,702,239.14621268688933,15
12323,644,284.3130016464611,16
12324,586,396.3396683131273,17
12325,512,369.5017315560349,18
12326,554,285.90119536300557,19
12327,399,224.2818924139436,20
12328,316,186.90119536300531,21
12329,228,156.87974764182556,22
12330,238,123.20414442466753,23
12331,169,95.05152126454593,0
12332,121,79.09606341786449,1
12333,89,70.3434784678987,2
12334,50,59.49455643207639,3
12335,13,53.77887254091772,4
12336,12,65.8143568158641,5
12337,22,109.17526250102065,6
12338,35,205.84541707418666,7
12339,140,309.16177096158617,8
12340,300,212.69796399107673,9
12341,404,180.59340635032603,10
12342,511,204.9553366452322,11
12343,684,238.47060817211286,12
12344,686,238.84761351970644,13
12345,678,231.20857608655135,14
12346,644,236.844939722915,15
12347,662,282.0117286824867,16
12348,578,394.038395349153,17
12349,496,367.2004585920606,18
12350,453,283.59992239903124,19
12351,314,221.98061944996928,20
12352,246,184.599922399031,21
12353,226,154.57847467785123,22
12354,108,120.9028714606932,23
12355,49,98.61241512458238,0
12356,14,82.65695727790094,1
12357,11,73.90437232793516,2
12358,5,63.05545029211284,3
12359,8,57.33976640095419,4
12360,35,69.37525067590056,5
12361,139,112.7361563610571,6
12362,517,209.4063109342231,7
12363,665,312.72266482162263,8
12364,282,216.25885785111316,9
12365,187,184.1543002103625,10
12366,239,208.51623050526865,11
12367,282,242.03150203214932,12
12368,274,242.4085073797429,13
12369,270,234.7694699465878,14
12370,292,240.40583358295146,15
12371,448,285.57262254252316,16
12372,834,397.59928920918935,17
12373,822,370.76135245209707,18
12374,645,287.1608162590677,19
12375,461,225.54151331000574,20
12376,265,188.16081625906745,21
12377,168,158.1393685378877,22
12378,86,124.46376532072966,23
12379,34,96.38391604933682,0
12380,20,80.42845820265536,1
12381,8,71.6758732526896,2
12382,5,60.826951216867286,3
12383,5,55.11126732570861,4
12384,36,67.146751600655,5
12385,184,110.50765728581152,6
12386,569,207.17781185897755,7
12387,710,310.494165746377,8
12388,335,214.03035877586763,9
12389,176,181.92580113511693,10
12390,227,206.2877314300231,11
12391,247,239.80300295690375,12
12392,267,240.18000830449733,13
12393,276,232.5409708713422,14
12394,272,238.1773345077059,15
12395,473,283.3441234672776,16
12396,850,395.37079013394384,17
12397,790,368.53285337685145,18
12398,513,284.93231718382214,19
12399,415,223.31301423476015,20
12400,283,185.93231718382185,21
12401,193,155.91086946264213,22
12402,113,122.2352662454841,23
12403,49,88.44122799965201,0
12404,27,72.48577015297056,1
12405,11,63.733185203004794,2
12406,8,52.88426316718248,3
12407,10,47.16857927602382,4
12408,38,59.20406355097019,5
12409,172,102.56496923612673,6
12410,547,199.23512380929273,7
12411,668,302.55147769669225,8
12412,303,206.0876707261828,9
12413,203,173.98311308543214,10
12414,226,198.3450433803383,11
12415,315,231.86031490721894,12
12416,303,232.23732025481252,13
12417,302,224.59828282165742,14
12418,300,230.23464645802107,15
12419,452,275.4014354175928,16
12420,724,387.428102084259,17
12421,782,360.5901653271667,18
12422,538,276.9896291341373,19
12423,408,215.37032618507536,20
12424,298,177.98962913413706,21
12425,248,147.96818141295734,22
12426,123,114.2925781957993,23
12427,59,93.6600041856484,0
12428,22,77.70454633896694,1
12429,12,68.95196138900118,2
12430,5,58.10303935317886,3
12431,6,52.387355462020196,4
12432,34,64.42283973696657,5
12433,170,107.7837454221231,6
12434,526,204.45389999528913,7
12435,681,307.7702538826886,8
12436,337,211.30644691217918,9
12437,210,179.2018892714285,10
12438,237,203.56381956633467,11
12439,336,237.07909109321534,12
12440,315,237.4560964408089,13
12441,265,229.81705900765382,14
12442,333,235.45342264401745,15
12443,466,280.62021160358915,16
12444,869,392.64687827025534,17
12445,813,365.80894151316306,18
12446,602,282.2084053201337,19
12447,478,220.58910237107176,20
12448,313,183.20840532013344,21
12449,228,153.1869575989537,22
12450,177,119.51135438179568,23
12451,77,98.85622560600744,0
12452,29,82.90076775932599,1
12453,19,74.14818280936022,2
12454,8,63.29926077353791,3
12455,10,57.58357688237925,4
12456,29,69.61906115732562,5
12457,139,112.97996684248216,6
12458,428,209.65012141564816,7
12459,700,312.9664753030477,8
12460,382,216.50266833253824,9
12461,249,184.39811069178756,10
12462,264,208.76004098669372,11
12463,369,242.27531251357436,12
12464,416,242.65231786116794,13
12465,373,235.01328042801285,14
12466,397,240.6496440643765,15
12467,523,285.8164330239482,16
12468,793,397.8430996906144,17
12469,723,371.0051629335221,18
12470,555,287.40462674049274,19
12471,408,225.78532379143078,20
12472,339,188.4046267404925,21
12473,291,158.38317901931276,22
12474,215,124.70757580215472,23
12475,206,97.35279422852025,0
12476,123,81.39733638183881,1
12477,89,72.64475143187303,2
12478,40,61.79582939605072,3
12479,8,56.080145504892045,4
12480,19,68.11562977983843,5
12481,80,111.47653546499498,6
12482,87,208.14669003816098,7
12483,244,311.46304392556044,8
12484,340,214.99923695505106,9
12485,466,182.89467931430036,10
12486,569,207.25660960920652,11
12487,531,240.7718811360872,12
12488,585,241.14888648368077,13
12489,593,233.50984905052567,14
12490,555,239.14621268688933,15
12491,534,284.3130016464611,16
12492,495,396.3396683131273,17
12493,451,369.5017315560349,18
12494,360,285.90119536300557,19
12495,363,224.2818924139436,20
12496,316,186.90119536300531,21
12497,214,156.87974764182556,22
12498,230,123.20414442466753,23
12499,158,95.05152126454593,0
12500,116,79.09606341786449,1
12501,73,70.3434784678987,2
12502,29,59.49455643207639,3
12503,10,53.77887254091772,4
12504,13,65.8143568158641,5
12505,30,109.17526250102065,6
12506,62,205.84541707418666,7
12507,181,309.16177096158617,8
12508,266,212.69796399107673,9
12509,413,180.59340635032603,10
12510,499,204.9553366452322,11
12511,502,238.47060817211286,12
12512,492,238.84761351970644,13
12513,500,231.20857608655135,14
12514,475,236.844939722915,15
12515,508,282.0117286824867,16
12516,521,394.038395349153,17
12517,490,367.2004585920606,18
12518,375,283.59992239903124,19
12519,363,221.98061944996928,20
12520,253,184.599922399031,21
12521,159,154.57847467785123,22
12522,110,120.9028714606932,23
12523,41,98.61241512458238,0
12524,24,82.65695727790094,1
12525,17,73.90437232793516,2
12526,6,63.05545029211284,3
12527,7,57.33976640095419,4
12528,37,69.37525067590056,5
12529,144,112.7361563610571,6
12530,503,209.4063109342231,7
12531,651,312.72266482162263,8
12532,316,216.25885785111316,9
12533,147,184.1543002103625,10
12534,202,208.51623050526865,11
12535,261,242.03150203214932,12
12536,248,242.4085073797429,13
12537,259,234.7694699465878,14
12538,259,240.40583358295146,15
12539,427,285.57262254252316,16
12540,800,397.59928920918935,17
12541,831,370.76135245209707,18
12542,596,287.1608162590677,19
12543,394,225.54151331000574,20
12544,250,188.16081625906745,21
12545,164,158.1393685378877,22
12546,80,124.46376532072966,23
12547,28,96.38391604933682,0
12548,16,80.42845820265536,1
12549,6,71.6758732526896,2
12550,12,60.826951216867286,3
12551,4,55.11126732570861,4
12552,29,67.146751600655,5
12553,136,110.50765728581152,6
12554,303,207.17781185897755,7
12555,613,310.494165746377,8
12556,285,214.03035877586763,9
12557,125,181.92580113511693,10
12558,65,206.2877314300231,11
12559,95,239.80300295690375,12
12560,59,240.18000830449733,13
12561,60,232.5409708713422,14
12562,116,238.1773345077059,15
12563,239,283.3441234672776,16
12564,681,395.37079013394384,17
12565,653,368.53285337685145,18
12566,491,284.93231718382214,19
12567,386,223.31301423476015,20
12568,274,185.93231718382185,21
12569,207,155.91086946264213,22
12570,89,122.2352662454841,23
12571,34,88.44122799965201,0
12572,28,72.48577015297056,1
12573,4,63.733185203004794,2
12574,8,52.88426316718248,3
12575,10,47.16857927602382,4
12576,40,59.20406355097019,5
12577,194,102.56496923612673,6
12578,505,199.23512380929273,7
12579,713,302.55147769669225,8
12580,352,206.0876707261828,9
12581,198,173.98311308543214,10
12582,246,198.3450433803383,11
12583,334,231.86031490721894,12
12584,255,232.23732025481252,13
12585,320,224.59828282165742,14
12586,281,230.23464645802107,15
12587,392,275.4014354175928,16
12588,857,387.428102084259,17
12589,744,360.5901653271667,18
12590,671,276.9896291341373,19
12591,448,215.37032618507536,20
12592,396,177.98962913413706,21
12593,238,147.96818141295734,22
12594,153,114.2925781957993,23
12595,48,93.6600041856484,0
12596,21,77.70454633896694,1
12597,9,68.95196138900118,2
12598,5,58.10303935317886,3
12599,6,52.387355462020196,4
12600,40,64.42283973696657,5
12601,181,107.7837454221231,6
12602,506,204.45389999528913,7
12603,719,307.7702538826886,8
12604,357,211.30644691217918,9
12605,179,179.2018892714285,10
12606,228,203.56381956633467,11
12607,265,237.07909109321534,12
12608,284,237.4560964408089,13
12609,298,229.81705900765382,14
12610,324,235.45342264401745,15
12611,438,280.62021160358915,16
12612,867,392.64687827025534,17
12613,823,365.80894151316306,18
12614,579,282.2084053201337,19
12615,435,220.58910237107176,20
12616,337,183.20840532013344,21
12617,242,153.1869575989537,22
12618,172,119.51135438179568,23
12619,94,98.85622560600744,0
12620,51,82.90076775932599,1
12621,15,74.14818280936022,2
12622,5,63.29926077353791,3
12623,14,57.58357688237925,4
12624,33,69.61906115732562,5
12625,151,112.97996684248216,6
12626,430,209.65012141564816,7
12627,653,312.9664753030477,8
12628,366,216.50266833253824,9
12629,216,184.39811069178756,10
12630,286,208.76004098669372,11
12631,403,242.27531251357436,12
12632,393,242.65231786116794,13
12633,376,235.01328042801285,14
12634,377,240.6496440643765,15
12635,558,285.8164330239482,16
12636,823,397.8430996906144,17
12637,693,371.0051629335221,18
12638,467,287.40462674049274,19
12639,385,225.78532379143078,20
12640,333,188.4046267404925,21
12641,321,158.38317901931276,22
12642,222,124.70757580215472,23
12643,137,97.35279422852025,0
12644,95,81.39733638183881,1
12645,67,72.64475143187303,2
12646,27,61.79582939605072,3
12647,8,56.080145504892045,4
12648,23,68.11562977983843,5
12649,47,111.47653546499498,6
12650,78,208.14669003816098,7
12651,204,311.46304392556044,8
12652,367,214.99923695505106,9
12653,435,182.89467931430036,10
12654,566,207.25660960920652,11
12655,603,240.7718811360872,12
12656,617,241.14888648368077,13
12657,573,233.50984905052567,14
12658,583,239.14621268688933,15
12659,542,284.3130016464611,16
12660,593,396.3396683131273,17
12661,571,369.5017315560349,18
12662,461,285.90119536300557,19
12663,352,224.2818924139436,20
12664,290,186.90119536300531,21
12665,280,156.87974764182556,22
12666,183,123.20414442466753,23
12667,148,95.05152126454593,0
12668,88,79.09606341786449,1
12669,74,70.3434784678987,2
12670,28,59.49455643207639,3
12671,18,53.77887254091772,4
12672,17,65.8143568158641,5
12673,23,109.17526250102065,6
12674,48,205.84541707418666,7
12675,119,309.16177096158617,8
12676,274,212.69796399107673,9
12677,436,180.59340635032603,10
12678,546,204.9553366452322,11
12679,615,238.47060817211286,12
12680,614,238.84761351970644,13
12681,582,231.20857608655135,14
12682,463,236.844939722915,15
12683,580,282.0117286824867,16
12684,593,394.038395349153,17
12685,513,367.2004585920606,18
12686,390,283.59992239903124,19
12687,302,221.98061944996928,20
12688,246,184.599922399031,21
12689,153,154.57847467785123,22
12690,108,120.9028714606932,23
12691,40,98.61241512458238,0
12692,14,82.65695727790094,1
12693,9,73.90437232793516,2
12694,4,63.05545029211284,3
12695,9,57.33976640095419,4
12696,23,69.37525067590056,5
12697,37,112.7361563610571,6
12698,145,209.4063109342231,7
12699,474,312.72266482162263,8
12700,250,216.25885785111316,9
12701,91,184.1543002103625,10
12702,121,208.51623050526865,11
12703,168,242.03150203214932,12
12704,225,242.4085073797429,13
12705,219,234.7694699465878,14
12706,237,240.40583358295146,15
12707,332,285.57262254252316,16
12708,723,397.59928920918935,17
12709,642,370.76135245209707,18
12710,463,287.1608162590677,19
12711,362,225.54151331000574,20
12712,273,188.16081625906745,21
12713,164,158.1393685378877,22
12714,74,124.46376532072966,23
12715,35,96.38391604933682,0
12716,14,80.42845820265536,1
12717,15,71.6758732526896,2
12718,8,60.826951216867286,3
12719,10,55.11126732570861,4
12720,37,67.146751600655,5
12721,161,110.50765728581152,6
12722,480,207.17781185897755,7
12723,673,310.494165746377,8
12724,328,214.03035877586763,9
12725,180,181.92580113511693,10
12726,230,206.2877314300231,11
12727,292,239.80300295690375,12
12728,272,240.18000830449733,13
12729,227,232.5409708713422,14
12730,259,238.1773345077059,15
12731,334,283.3441234672776,16
12732,811,395.37079013394384,17
12733,795,368.53285337685145,18
12734,514,284.93231718382214,19
12735,458,223.31301423476015,20
12736,276,185.93231718382185,21
12737,291,155.91086946264213,22
12738,125,122.2352662454841,23
12739,53,88.44122799965201,0
12740,27,72.48577015297056,1
12741,6,63.733185203004794,2
12742,8,52.88426316718248,3
12743,7,47.16857927602382,4
12744,39,59.20406355097019,5
12745,165,102.56496923612673,6
12746,464,199.23512380929273,7
12747,643,302.55147769669225,8
12748,316,206.0876707261828,9
12749,167,173.98311308543214,10
12750,188,198.3450433803383,11
12751,180,231.86031490721894,12
12752,211,232.23732025481252,13
12753,190,224.59828282165742,14
12754,179,230.23464645802107,15
12755,335,275.4014354175928,16
12756,691,387.428102084259,17
12757,672,360.5901653271667,18
12758,539,276.9896291341373,19
12759,407,215.37032618507536,20
12760,344,177.98962913413706,21
12761,257,147.96818141295734,22
12762,123,114.2925781957993,23
12763,69,113.70160342045452,0
12764,18,97.74614557377306,1
12765,18,88.9935606238073,2
12766,11,78.14463858798499,3
12767,12,72.42895469682632,4
12768,40,84.4644389717727,5
12769,150,127.82534465692923,6
12770,463,224.49549923009522,7
12771,590,327.8118531174947,8
12772,256,231.34804614698533,9
12773,150,199.24348850623463,10
12774,161,223.6054188011408,11
12775,215,257.12069032802145,12
12776,172,257.49769567561503,13
12777,176,249.85865824245994,14
12778,194,255.4950218788236,15
12779,320,300.66181083839535,16
12780,615,412.68847750506154,17
12781,640,385.85054074796915,18
12782,499,302.25000455493984,19
12783,436,240.63070160587787,20
12784,311,203.25000455493955,21
12785,243,173.22855683375982,22
12786,146,139.5529536166018,23
12787,93,118.89782484081356,0
12788,31,102.94236699413212,1
12789,12,94.18978204416634,2
12790,7,83.34086000834404,3
12791,10,77.62517611718536,4
12792,38,89.66066039213175,5
12793,122,133.02156607728827,6
12794,359,229.69172065045427,7
12795,613,333.00807453785376,8
12796,333,236.54426756734435,9
12797,185,204.43970992659365,10
12798,236,228.80164022149984,11
12799,254,262.3169117483805,12
12800,300,262.69391709597403,13
12801,263,255.05487966281896,14
12802,284,260.69124329918264,15
12803,380,305.85803225875435,16
12804,646,417.8846989254205,17
12805,505,391.0467621683282,18
12806,362,307.4462259752989,19
12807,202,245.8269230262369,20
12808,217,208.4462259752986,21
12809,197,178.42477825411885,22
12810,174,144.74917503696085,23
12811,116,117.39439346332638,0
12812,123,101.43893561664493,1
12813,93,92.68635066667916,2
12814,42,81.83742863085685,3
12815,19,76.12174473969817,4
12816,12,88.15722901464456,5
12817,47,131.5181346998011,6
12818,78,228.1882892729671,7
12819,167,331.50464316036664,8
12820,332,235.04083618985717,9
12821,494,202.93627854910648,10
12822,516,227.29820884401266,11
12823,602,260.81348037089333,12
12824,564,261.1904857184869,13
12825,609,253.5514482853318,14
12826,483,259.18781192169547,15
12827,513,304.3546008812672,16
12828,530,416.38126754793336,17
12829,481,389.5433307908411,18
12830,425,305.9427945978117,19
12831,386,244.32349164874972,20
12832,322,206.94279459781143,21
12833,279,176.92134687663167,22
12834,225,143.24574365947365,23
12835,163,115.09312049935205,0
12836,127,99.1376626526706,1
12837,114,90.38507770270483,2
12838,60,79.53615566688252,3
12839,13,73.82047177572385,4
12840,8,85.85595605067023,5
12841,25,129.21686173582677,6
12842,71,225.88701630899277,7
12843,141,329.20337019639226,8
12844,232,232.73956322588285,9
12845,452,200.63500558513215,10
12846,506,224.99693588003834,11
12847,556,258.51220740691895,12
12848,585,258.8892127545125,13
12849,551,251.25017532135746,14
12850,487,256.8865389577211,15
12851,461,302.05332791729285,16
12852,532,414.0799945839591,17
12853,534,387.2420578268667,18
12854,423,303.6415216338373,19
12855,332,242.0222186847754,20
12856,253,204.6415216338371,21
12857,178,174.62007391265735,22
12858,87,140.94447069549932,23
12859,68,118.6540143593885,0
12860,31,102.69855651270706,1
12861,14,93.94597156274128,2
12862,5,83.09704952691897,3
12863,4,77.3813656357603,4
12864,43,89.41684991070669,5
12865,158,132.7777555958632,6
12866,485,229.44791016902923,7
12867,608,332.7642640564287,8
12868,268,236.30045708591928,9
12869,184,204.1958994451686,10
12870,181,228.5578297400748,11
12871,270,262.0731012669554,12
12872,260,262.450106614549,13
12873,251,254.81106918139392,14
12874,233,260.44743281775754,15
12875,414,305.61422177732925,16
12876,833,417.64088844399544,17
12877,791,390.80295168690316,18
12878,582,307.2024154938738,19
12879,475,245.58311254481185,20
12880,331,208.20241549387356,21
12881,187,178.1809677726938,22
12882,103,144.50536455553578,23
12883,37,116.42551528414293,0
12884,30,100.47005743746149,1
12885,9,91.71747248749571,2
12886,9,80.8685504516734,3
12887,10,75.15286656051474,4
12888,39,87.18835083546111,5
12889,188,130.54925652061763,6
12890,552,227.21941109378366,7
12891,656,330.53576498118315,8
12892,328,234.07195801067374,9
12893,190,201.96740036992304,10
12894,235,226.32933066482923,11
12895,308,259.8446021917099,12
12896,306,260.2216075393035,13
12897,267,252.58257010614835,14
12898,317,258.21893374251204,15
12899,416,303.38572270208374,16
12900,900,415.4123893687499,17
12901,824,388.57445261165765,18
12902,612,304.9739164186283,19
12903,505,243.3546134695663,20
12904,328,205.973916418628,21
12905,245,175.95246869744824,22
12906,131,142.2768654802902,23
12907,54,108.48282723445814,0
12908,23,92.52736938777669,1
12909,14,83.77478443781092,2
12910,8,72.92586240198861,3
12911,11,67.21017851082993,4
12912,36,79.24566278577632,5
12913,200,122.60656847093284,6
12914,527,219.27672304409884,7
12915,687,322.59307693149833,8
12916,282,226.12926996098895,9
12917,172,194.02471232023825,10
12918,209,218.3866426151444,11
12919,322,251.90191414202508,12
12920,321,252.27891948961866,13
12921,270,244.63988205646353,14
12922,249,250.27624569282722,15
12923,392,295.4430346523989,16
12924,843,407.46970131906505,17
12925,804,380.6317645619728,18
12926,643,297.03122836894346,19
12927,445,235.41192541988147,20
12928,367,198.03122836894318,21
12929,297,168.00978064776345,22
12930,159,134.33417743060542,23
12931,54,113.70160342045452,0
12932,25,97.74614557377306,1
12933,13,88.9935606238073,2
12934,7,78.14463858798499,3
12935,11,72.42895469682632,4
12936,47,84.4644389717727,5
12937,193,127.82534465692923,6
12938,508,224.49549923009522,7
12939,617,327.8118531174947,8
12940,351,231.34804614698533,9
12941,184,199.24348850623463,10
12942,211,223.6054188011408,11
12943,276,257.12069032802145,12
12944,236,257.49769567561503,13
12945,254,249.85865824245994,14
12946,219,255.4950218788236,15
12947,387,300.66181083839535,16
12948,705,412.68847750506154,17
12949,697,385.85054074796915,18
12950,571,302.25000455493984,19
12951,470,240.63070160587787,20
12952,398,203.25000455493955,21
12953,274,173.22855683375982,22
12954,171,139.5529536166018,23
12955,114,118.89782484081356,0
12956,42,102.94236699413212,1
12957,18,94.18978204416634,2
12958,8,83.34086000834404,3
12959,10,77.62517611718536,4
12960,45,89.66066039213175,5
12961,163,133.02156607728827,6
12962,380,229.69172065045427,7
12963,624,333.00807453785376,8
12964,300,236.54426756734435,9
12965,171,204.43970992659365,10
12966,188,228.80164022149984,11
12967,226,262.3169117483805,12
12968,239,262.69391709597403,13
12969,233,255.05487966281896,14
12970,230,260.69124329918264,15
12971,351,305.85803225875435,16
12972,539,417.8846989254205,17
12973,464,391.0467621683282,18
12974,363,307.4462259752989,19
12975,308,245.8269230262369,20
12976,236,208.4462259752986,21
12977,163,178.42477825411885,22
12978,48,144.74917503696085,23
12979,69,117.39439346332638,0
12980,58,101.43893561664493,1
12981,61,92.68635066667916,2
12982,23,81.83742863085685,3
12983,18,76.12174473969817,4
12984,10,88.15722901464456,5
12985,42,131.5181346998011,6
12986,92,228.1882892729671,7
12987,194,331.50464316036664,8
12988,275,235.04083618985717,9
12989,404,202.93627854910648,10
12990,452,227.29820884401266,11
12991,471,260.81348037089333,12
12992,428,261.1904857184869,13
12993,409,253.5514482853318,14
12994,404,259.18781192169547,15
12995,373,304.3546008812672,16
12996,362,416.38126754793336,17
12997,339,389.5433307908411,18
12998,374,305.9427945978117,19
12999,292,244.32349164874972,20
13000,213,206.94279459781143,21
13001,172,176.92134687663167,22
13002,152,143.24574365947365,23
