row_id,LATITUDE,LONGITUDE,SALE_PRC,LND_SQFOOT,TOT_LVG_AREA,SPEC_FEAT_VAL,RAIL_DIST,OCEAN_DIST,WATER_DIST,CNTR_DIST,SUBCNTR_DI,HWY_DIST,age,avno60plus,month_sold,structure_quality
38,25.901797204,-80.157754953,73000.0,2654.0,916.0,1342.0,967.4,11708.3,803.5,46884.0,41370.9,17059.2,66.0,0.0,9.0,1.0
73,25.9688195691,-80.1375010799,747000.0,3063.0,2486.0,0.0,3292.2,6293.8,1421.5,55307.9,55307.9,9079.9,16.0,0.0,9.0,5.0
81,25.9724851077,-80.1381998368,842000.0,3036.0,2365.0,0.0,3116.2,6557.0,1559.1,53972.6,53972.6,8946.2,14.0,0.0,6.0,5.0
85,25.8881396567,-80.178057756,252500.0,10772.0,1101.0,1110.0,1803.7,18650.5,3921.7,40728.5,38669.8,10157.7,26.0,0.0,1.0,2.0
98,25.8951199577,-80.1734168625,260000.0,10725.0,1877.0,1731.0,1391.0,16928.1,2283.7,43443.7,40449.0,11795.4,21.0,0.0,4.0,2.0
99,25.8951199577,-80.1734168625,285000.0,10725.0,1877.0,1731.0,1391.0,16928.1,2283.7,43443.7,40449.0,11795.4,21.0,0.0,8.0,2.0
132,25.9029284577,-80.1838590358,218400.0,9525.0,1461.0,0.0,5764.1,20279.4,3644.1,45917.8,44368.5,8529.1,21.0,0.0,4.0,4.0
152,25.9066887152,-80.1708558625,120000.0,7946.0,1223.0,23935.0,3362.2,16085.2,3604.8,47735.5,44158.6,12810.8,67.0,0.0,11.0,1.0
170,25.909284319,-80.1739219533,140000.0,9042.0,1427.0,16795.0,4589.1,17196.4,4796.3,48524.2,45363.9,11797.9,62.0,0.0,1.0,1.0
171,25.909284319,-80.1739219533,165000.0,9042.0,1427.0,16795.0,4589.1,17196.4,4796.3,48524.2,45363.9,11797.9,62.0,0.0,6.0,1.0
225,25.9174023966,-80.174141974,247000.0,6741.0,1663.0,3102.0,4132.1,17315.5,3553.9,51460.0,48209.9,9850.5,21.0,0.0,11.0,2.0
263,25.922925027,-80.1752925066,230000.0,7440.0,1400.0,1361.0,5172.5,17807.5,3310.5,53400.0,50229.3,8043.0,36.0,0.0,9.0,2.0
280,25.9268171425,-80.1863652616,235000.0,7983.0,1563.0,1159.0,5343.3,21511.9,5322.6,54562.1,52749.0,4800.1,31.0,0.0,5.0,2.0
308,25.9314460646,-80.1951593709,198000.0,6480.0,1151.0,2072.0,2145.9,24488.5,6461.5,56207.0,55371.2,1960.0,26.0,0.0,8.0,2.0
310,25.9315143014,-80.1901640681,135000.0,6200.0,1338.0,3261.0,3252.2,22839.5,5254.1,56256.1,54803.4,2734.8,36.0,0.0,1.0,2.0
317,25.9322084166,-80.1781375698,290000.0,7768.0,1946.0,824.0,5743.7,18919.6,1974.1,56683.9,53738.7,4940.8,36.0,0.0,1.0,2.0
338,25.9344329351,-80.1655505761,235000.0,5500.0,1245.0,554.0,4356.6,14896.8,1526.5,57972.9,53468.6,7776.8,26.0,0.0,11.0,2.0
345,25.9351751524,-80.1570035848,260000.0,5850.0,1394.0,1337.0,1728.5,12096.5,2143.1,58735.2,53200.9,9403.4,16.0,0.0,7.0,2.0
374,25.9373857043,-80.1910780064,240000.0,10500.0,1923.0,32046.0,1463.8,23300.9,3934.3,58348.5,56872.1,687.8,31.0,0.0,2.0,2.0
436,25.9433620789,-80.1691744283,190000.0,5750.0,1107.0,0.0,4785.8,16327.6,1047.7,61023.5,56900.1,4589.9,62.0,0.0,5.0,2.0
452,25.9450546831,-80.159999624,231000.0,6045.0,1135.0,0.0,3650.3,13351.0,1708.9,62101.8,56927.9,5909.9,26.0,0.0,3.0,2.0
469,25.886869912,-80.1939251562,405000.0,9075.0,1979.0,18319.0,6443.9,23883.2,619.9,39993.1,39993.1,4925.5,26.0,0.0,10.0,4.0
510,25.8934499938,-80.1962177059,310000.0,7300.0,1885.0,1530.0,8062.7,24441.3,395.5,42411.2,42411.2,4276.8,21.0,0.0,11.0,4.0
515,25.894801712,-80.2012507312,400000.0,20550.0,3126.0,16416.0,9739.9,26039.2,1990.1,42963.5,42963.5,2611.0,17.0,0.0,8.0,2.0
553,25.9004635473,-80.2079081016,235000.0,8414.0,1185.0,26548.0,7545.8,28161.9,3967.2,45206.3,45206.3,540.2,67.0,0.0,10.0,2.0
558,25.9013900754,-80.1997584589,235000.0,33631.0,2214.0,35946.0,9051.6,25392.4,1308.7,45337.8,45337.8,3160.7,41.0,0.0,5.0,2.0
585,25.9071258583,-80.2039301191,163000.0,10800.0,1432.0,1580.0,6655.4,26934.4,1600.2,47493.1,47493.1,1936.2,26.0,0.0,6.0,2.0
597,25.9101607243,-80.1921496437,245000.0,11629.0,2555.0,19497.0,8498.0,23137.8,2073.5,48460.6,47907.4,5764.0,36.0,0.0,9.0,2.0
608,25.9138240827,-80.1993696073,350000.0,10648.0,2455.0,12630.0,5888.4,25596.3,771.5,49834.4,49834.4,3442.6,11.0,0.0,8.0,4.0
649,25.9263273489,-80.1951260412,290000.0,6300.0,2500.0,7412.0,3519.9,24381.0,4917.0,54349.0,53655.8,3054.8,16.0,0.0,7.0,4.0
656,25.8625758854,-80.2366465083,265000.0,7020.0,2095.0,0.0,6528.7,38599.5,4773.7,34349.5,34349.5,9329.1,8.0,0.0,4.0,4.0
665,25.8645301037,-80.2315249564,219000.0,7000.0,1693.0,0.0,7494.4,36847.3,4120.8,34327.5,34327.5,7638.4,9.0,0.0,5.0,4.0
675,25.8665531302,-80.2239044331,230000.0,9997.0,1981.0,1200.0,9236.4,34263.1,4248.4,34171.4,34171.4,5102.9,36.0,0.0,4.0,4.0
697,25.8712366949,-80.2327922752,151800.0,5806.0,1374.0,0.0,6176.4,37027.6,1653.8,36743.0,36743.0,7924.9,65.0,0.0,9.0,4.0
701,25.8721527396,-80.2122723031,95000.0,11200.0,1406.0,2088.0,9952.6,30271.2,5522.6,35230.1,35230.1,1173.2,62.0,0.0,8.0,4.0
706,25.8738280157,-80.2166233408,162000.0,7791.0,1452.0,1121.0,11119.9,31667.6,5862.3,36129.6,36129.6,2567.1,58.0,0.0,6.0,4.0
729,25.8777834522,-80.227133218,120000.0,5300.0,1036.0,18611.0,7438.8,35062.3,2480.8,38402.1,38402.1,5977.6,56.0,0.0,10.0,4.0
762,25.8849471752,-80.2337464007,170000.0,8250.0,1141.0,1375.0,4244.1,36958.4,837.9,41561.3,41561.3,8090.5,16.0,0.0,5.0,4.0
777,25.8867892357,-80.2185848834,91000.0,9435.0,1116.0,0.0,8960.5,31950.0,5862.2,40852.2,40852.2,3100.1,63.0,0.0,10.0,2.0
778,25.8875503766,-80.2134981277,176500.0,8645.0,1295.0,1434.0,10088.2,30262.6,6357.1,40811.6,40811.6,1419.3,66.0,0.0,8.0,2.0
783,25.8880095438,-80.2130377592,125000.0,7350.0,863.0,1020.0,10036.6,30080.5,6160.4,40978.0,40978.0,1241.0,31.0,0.0,6.0,2.0
792,25.889355601,-80.2135188556,101100.0,7714.0,903.0,1033.0,9521.0,30222.4,6224.4,41460.0,41460.0,1400.8,66.0,0.0,9.0,2.0
800,25.8905992779,-80.2141050886,145000.0,7600.0,1684.0,20097.0,9035.4,30383.1,6345.7,41938.9,41938.9,1575.1,66.0,0.0,7.0,2.0
804,25.8908159124,-80.2412838813,75000.0,7500.0,899.0,1710.0,1484.1,39272.7,104.2,44404.8,44404.8,10472.5,63.0,0.0,5.0,4.0
820,25.8926859278,-80.2182710715,172000.0,6930.0,1585.0,1328.0,7708.8,31706.1,5664.0,42945.6,42945.6,2907.6,63.0,0.0,3.0,2.0
844,25.8953028883,-80.2134084363,171000.0,6511.0,1327.0,682.0,7763.6,30054.9,6007.0,43621.7,43621.7,1245.9,36.0,0.0,7.0,2.0
848,25.8956695342,-80.2144364391,165000.0,7920.0,2557.0,1435.0,7439.8,30414.0,5756.5,43775.7,43775.7,1601.0,63.0,0.0,10.0,2.0
850,25.8959073332,-80.2276395291,168000.0,8700.0,1254.0,825.0,5202.9,34718.8,2809.6,44791.1,44791.1,5911.2,38.0,0.0,2.0,4.0
883,25.9052228539,-80.2138063462,178000.0,9360.0,1394.0,1775.0,4963.2,30141.6,3941.5,47182.4,47182.4,1221.9,31.0,0.0,1.0,2.0
886,25.9056763567,-80.226971578,175000.0,7500.0,1502.0,0.0,2197.7,34464.5,399.0,48183.0,48183.0,5542.7,41.0,0.0,8.0,4.0
920,25.9125108388,-80.2377428694,135000.0,6000.0,980.0,1680.0,1567.1,38177.3,1221.6,51494.8,51494.8,5049.5,26.0,0.0,5.0,4.0
940,25.915252572,-80.2285636016,125000.0,5000.0,1267.0,5455.0,889.3,35205.3,321.0,51684.7,51684.7,4165.5,57.0,0.0,9.0,4.0
956,25.9185758967,-80.2305088299,250000.0,7800.0,1743.0,0.0,2203.0,35832.7,735.8,53013.1,53013.1,2945.2,0.0,0.0,12.0,2.0
1008,25.9132443778,-80.254960038,199000.0,7920.0,1299.0,4049.0,4519.8,43820.3,736.6,53646.7,53646.7,4529.7,37.0,0.0,10.0,5.0
1017,25.9189403372,-80.2670027617,165000.0,6420.0,955.0,3680.0,8229.6,47824.1,1295.9,57151.0,57151.0,2347.5,59.0,0.0,11.0,4.0
1018,25.9191346071,-80.2502059592,205000.0,8108.0,1444.0,1456.0,5642.8,42320.3,1163.9,55070.2,55070.2,2484.2,38.0,0.0,4.0,5.0
1064,25.8492399815,-80.2894941428,195000.0,5738.0,1769.0,4608.0,643.9,46053.4,5496.2,41296.0,37550.1,10774.3,54.0,0.0,4.0,4.0
1080,25.8539907135,-80.2658683906,250000.0,8625.0,1632.0,0.0,1860.3,43558.6,11770.4,36942.9,36942.9,16052.7,67.0,0.0,1.0,4.0
1107,25.8592425999,-80.2695742612,296000.0,8220.0,2377.0,5099.0,3113.2,45796.9,10804.8,39180.8,39180.8,17403.9,56.0,0.0,11.0,4.0
1151,25.8692224267,-80.2754116816,290000.0,5360.0,1962.0,7036.0,4984.8,49911.7,7180.3,43211.3,43211.3,15585.2,57.0,0.0,7.0,4.0
1159,25.8707008708,-80.2687030974,305000.0,10248.0,2660.0,2558.0,2740.3,48814.4,6662.6,42281.8,42281.8,17774.7,58.0,0.0,2.0,4.0
1172,25.8728095323,-80.2764628082,295000.0,8040.0,1893.0,2755.0,5209.3,51221.8,5924.8,44435.5,44435.5,15277.0,62.0,0.0,9.0,4.0
1186,25.8761094101,-80.285413643,190000.0,7938.0,976.0,4173.0,8130.0,53662.8,6087.6,47228.8,46764.9,12376.3,62.0,0.0,8.0,4.0
1187,25.876364006,-80.2751714982,250000.0,8024.0,1622.0,7726.0,4774.9,50810.9,4615.8,45224.9,45224.9,15727.9,52.0,0.0,12.0,4.0
1190,25.8767518181,-80.2780126327,290000.0,7620.0,1956.0,23046.0,5735.8,51746.6,4659.4,45881.5,45881.5,14819.4,53.0,0.0,5.0,4.0
1219,25.8473065041,-80.3020387105,175000.0,8294.0,1029.0,5067.0,2317.1,47673.0,2343.5,44141.6,38224.2,6615.2,57.0,0.0,5.0,4.0
1237,25.8521438621,-80.2936742712,200000.0,7575.0,1069.0,4368.0,2155.8,47717.9,5438.7,43025.9,38964.9,9404.8,61.0,0.0,11.0,4.0
1246,25.8532151138,-80.2957473333,210000.0,6800.0,924.0,1185.0,2900.4,48439.3,5311.5,43808.2,39540.9,8748.4,60.0,0.0,7.0,4.0
1303,25.8339959609,-80.2766408754,220000.0,6750.0,2193.0,6066.0,2548.2,39088.1,3908.2,34540.1,31185.3,10302.4,80.0,1.0,12.0,4.0
1306,25.8341189596,-80.2714778361,337000.0,5400.0,1796.0,500.0,2638.9,38180.0,5028.6,33232.9,30954.8,9688.0,1.0,1.0,2.0,4.0
1340,25.83986148,-80.2794336576,260000.0,3720.0,1904.0,4204.0,433.2,41401.5,4989.9,36600.4,33501.0,12661.8,39.0,0.0,2.0,4.0
1371,25.8485388329,-80.2493027394,125000.0,8175.0,1225.0,1888.0,936.8,39505.0,10939.1,32019.7,32019.7,13163.2,62.0,0.0,7.0,4.0
1391,25.858036867,-80.2463895076,145000.0,7000.0,973.0,1530.0,3598.5,41898.9,7440.9,34381.9,34381.9,12590.2,67.0,0.0,8.0,4.0
1400,25.8609087725,-80.244556736,85000.0,7000.0,1011.0,1539.0,3970.6,41230.1,6252.7,35004.0,35004.0,11935.2,63.0,0.0,1.0,4.0
1448,25.843301841,-80.226551454,85000.0,5500.0,1172.0,1625.0,835.4,35344.2,5989.5,26600.2,26600.2,6357.7,53.0,0.0,11.0,2.0
1471,25.8490711851,-80.2225489013,155000.0,7231.0,2045.0,0.0,2901.9,34056.0,3528.2,28042.2,28042.2,4850.2,36.0,0.0,6.0,2.0
1475,25.8496277614,-80.2065194735,107000.0,6900.0,1300.0,0.0,2937.0,28757.9,1536.6,26874.1,26874.1,313.6,64.0,0.0,4.0,1.0
1492,25.8513073721,-80.1984231949,132000.0,8550.0,1275.0,0.0,3099.6,26124.1,407.4,27138.9,27138.9,3037.9,63.0,0.0,9.0,1.0
1523,25.8542253564,-80.2048357141,395000.0,13050.0,1788.0,22999.0,4518.9,28222.7,0.0,28376.2,28376.2,962.3,19.0,0.0,4.0,2.0
1544,25.8572774721,-80.1994285782,475000.0,9800.0,1487.0,0.0,3965.1,26443.9,1469.5,29309.6,29309.6,2779.1,15.0,0.0,12.0,4.0
1546,25.8575862953,-80.2121020843,237000.0,7500.0,1499.0,922.0,5870.5,30602.6,574.5,30053.4,30053.4,1300.6,26.0,0.0,12.0,4.0
1549,25.8579070483,-80.2221724113,170000.0,10875.0,1425.0,3295.0,6082.7,33881.7,1973.2,31034.1,31034.1,4574.0,67.0,0.0,6.0,4.0
1557,25.85859378,-80.2332955509,100000.0,7875.0,1064.0,1044.0,5759.4,37574.8,5671.3,32578.2,32578.2,8265.2,61.0,0.0,3.0,4.0
1570,25.8544269862,-80.1947875181,299900.0,7500.0,2125.0,0.0,2143.3,24883.2,372.8,28246.1,28246.1,4234.4,67.0,0.0,12.0,4.0
1577,25.8551481836,-80.1963567816,479000.0,6750.0,1654.0,3926.0,2745.7,25441.7,722.7,28480.0,28480.0,3774.7,21.0,0.0,4.0,4.0
1579,25.8553192177,-80.1908628295,450000.0,7673.0,1819.0,568.0,1102.3,23634.2,705.7,28526.2,28526.2,5581.3,26.0,0.0,5.0,4.0
1596,25.8584237924,-80.1919341295,890000.0,6750.0,2540.0,2860.0,1855.8,23983.5,1769.9,29650.0,29650.0,5257.4,11.0,0.0,9.0,5.0
1599,25.8586418448,-80.2023030616,298000.0,9375.0,994.0,982.0,5032.4,27385.5,1732.8,29902.4,29902.4,1848.0,56.0,0.0,5.0,4.0
1600,25.8586418448,-80.2023030616,315300.0,9375.0,994.0,982.0,5032.4,27385.5,1732.8,29902.4,29902.4,1848.0,56.0,0.0,12.0,4.0
1601,25.8588806327,-80.1949962865,485000.0,13880.0,2389.0,806.0,2828.0,24962.0,1938.8,29824.7,29824.7,4232.3,68.0,0.0,12.0,4.0
1628,25.8622306843,-80.1922757514,548500.0,16125.0,2499.0,31060.0,2466.3,24047.6,3146.9,31029.4,31029.4,5157.1,26.0,0.0,6.0,2.0
1635,25.8630049452,-80.1865186606,635000.0,10725.0,1956.0,3717.0,848.4,22169.2,3613.7,31371.3,31371.3,7080.7,26.0,0.0,10.0,4.0
1638,25.8633919787,-80.1880640437,1215000.0,14300.0,3711.0,57851.0,1360.3,22657.5,3702.1,31485.1,31485.1,6563.9,11.0,0.0,6.0,5.0
1640,25.8636152208,-80.1982010338,540000.0,8625.0,1396.0,31274.0,4480.7,25967.1,3820.5,31598.1,31598.1,3241.9,16.0,0.0,6.0,4.0
1658,25.8660250287,-80.1900379718,735000.0,11500.0,2459.0,45370.0,2330.4,23197.3,3769.7,32428.2,32428.2,5937.1,37.0,0.0,5.0,4.0
1670,25.8683013202,-80.1906227388,756000.0,10350.0,2690.0,0.0,2837.9,23309.6,3357.1,33258.0,33258.0,5775.2,16.0,0.0,7.0,4.0
1683,25.8693232039,-80.1861960435,380000.0,9300.0,2414.0,0.0,1643.0,21829.3,2040.3,33681.2,33681.2,7252.8,74.0,0.0,9.0,4.0
1692,25.8706775494,-80.2010465095,370000.0,9150.0,1265.0,1898.0,6336.4,26636.9,5633.9,34221.2,34221.2,2380.3,41.0,0.0,4.0,4.0
1697,25.871100821,-80.1989395126,525000.0,9225.0,1943.0,17590.0,5756.6,25934.8,4962.3,34325.4,34325.4,3079.1,19.0,0.0,5.0,4.0
1746,25.8756013343,-80.2037493509,195000.0,6000.0,1282.0,4639.0,7857.0,27415.7,5472.6,36093.2,36093.2,1622.2,32.0,0.0,3.0,2.0
1772,25.8781395453,-80.2079031594,205000.0,8178.0,1132.0,1475.0,9463.0,28738.7,6186.8,37147.1,37147.1,289.9,29.0,0.0,12.0,2.0
1776,25.8801736113,-80.1914856822,380000.0,8550.0,1746.0,0.0,4769.5,23297.7,1152.4,37569.3,37569.3,5706.6,23.0,0.0,9.0,4.0
1819,25.8607753331,-80.1777810571,400000.0,7000.0,1669.0,1672.0,1988.2,19319.7,944.1,30892.1,29809.1,9942.7,39.0,0.0,7.0,4.0
1823,25.8624425949,-80.1808292373,530000.0,13123.0,2484.0,26480.0,790.3,20235.5,2095.5,31374.6,30866.3,8897.1,37.0,0.0,10.0,4.0
1833,25.8645312053,-80.1838319382,929000.0,15197.0,2650.0,48452.0,255.9,21202.0,2813.8,31992.6,31992.6,7957.9,18.0,0.0,7.0,4.0
1890,25.8814040984,-80.1600733046,1650000.0,9375.0,2968.0,31115.0,4471.3,12932.8,15.3,39480.9,34336.2,15992.9,41.0,0.0,11.0,5.0
1900,25.8834542984,-80.1693265138,190000.0,5000.0,1152.0,20415.0,1377.6,15944.1,1625.4,39508.2,36024.6,12979.1,40.0,0.0,5.0,2.0
1926,25.8867402353,-80.1766504702,299000.0,10200.0,1163.0,0.0,1181.3,18225.6,4054.1,40281.2,38021.8,10597.6,41.0,0.0,2.0,4.0
1948,25.8407108113,-80.1777461506,475000.0,7500.0,1680.0,1914.0,3453.6,19251.7,385.6,23733.1,23733.1,9232.9,36.0,0.0,7.0,4.0
1972,25.8431663641,-80.1802582837,700000.0,5900.0,1974.0,32020.0,2683.6,20124.5,784.4,24453.3,24453.3,8447.8,36.0,0.0,6.0,5.0
1992,25.8462248432,-80.180840459,692000.0,7800.0,2148.0,8607.0,2493.7,20317.2,181.5,25536.4,25536.4,8331.2,27.0,0.0,10.0,4.0
1998,25.8492951298,-80.1802600137,390000.0,5720.0,1387.0,0.0,2788.9,20163.5,624.1,26657.3,26657.3,8781.7,30.0,0.0,10.0,4.0
2013,25.8521441971,-80.1770499249,680000.0,16080.0,2682.0,17074.0,3394.4,19092.5,115.8,27808.2,27012.3,10058.4,56.0,0.0,10.0,4.0
2036,25.8381793591,-80.2027026343,95000.0,12500.0,1770.0,0.0,1178.8,27399.8,5287.2,22544.3,22544.3,1000.0,67.0,0.0,5.0,1.0
2085,25.8385558542,-80.2285686319,90000.0,3800.0,858.0,0.0,743.9,33874.9,7791.8,25350.1,25350.1,7422.3,32.0,0.0,9.0,2.0
2105,25.820241188,-80.2616348528,182500.0,6000.0,1171.0,4468.0,836.7,32196.7,3199.3,27617.7,25657.8,3904.4,57.0,1.0,2.0,4.0
2106,25.820241188,-80.2616348528,235000.0,6000.0,1171.0,4468.0,836.7,32196.7,3199.3,27617.7,25657.8,3904.4,57.0,1.0,5.0,4.0
2120,25.8276872772,-80.2669509035,175000.0,7500.0,1367.0,580.0,2518.0,35411.0,4170.2,30616.0,28472.9,7034.2,70.0,1.0,10.0,4.0
2153,25.8215057516,-80.2450999197,146500.0,4600.0,1146.0,2091.0,1415.1,29960.8,6915.3,23681.1,23681.1,3313.0,29.0,0.0,3.0,4.0
2160,25.8253553477,-80.2456755267,186000.0,5160.0,1176.0,0.0,1557.8,31297.2,7916.4,24787.0,24787.0,4699.4,13.0,0.0,12.0,4.0
2173,25.8132208876,-80.234959249,120000.0,5371.0,922.0,1095.0,222.0,25852.0,6795.1,19180.3,19180.3,380.5,26.0,0.0,3.0,2.0
2179,25.8141354913,-80.2382319558,195000.0,5118.0,1490.0,0.0,437.7,26588.2,6354.7,20204.1,20204.1,676.9,0.0,0.0,11.0,2.0
2181,25.8158427098,-80.2316856229,110000.0,5550.0,1208.0,1276.0,1171.9,26318.1,8215.7,19112.7,19112.7,1323.9,44.0,0.0,4.0,1.0
2191,25.8192970223,-80.2302291017,98000.0,9696.0,1459.0,2255.0,2416.5,27324.5,9493.3,19748.5,19748.5,2566.8,65.0,0.0,6.0,1.0
2200,25.8217021633,-80.233583293,90000.0,4360.0,1018.0,0.0,2311.8,28532.8,9444.9,21137.3,21137.3,3471.5,60.0,0.0,11.0,1.0
2216,25.8262868132,-80.2298662579,180000.0,10500.0,2091.0,0.0,3564.7,29698.2,11448.9,21724.0,21724.0,5105.3,62.0,0.0,7.0,4.0
2232,25.829284674,-80.2361116235,195000.0,5640.0,1490.0,540.0,1592.3,31387.7,10929.6,23804.4,23804.4,6192.9,0.0,0.0,11.0,2.0
2258,25.8275633723,-80.2125448911,125000.0,6960.0,1307.0,6308.0,4932.3,28985.9,9464.0,19568.8,19568.8,1966.7,63.0,0.0,4.0,1.0
2261,25.8281579354,-80.2156103035,140000.0,6120.0,1217.0,0.0,4667.3,29315.3,9832.1,20118.2,20118.2,3006.6,71.0,0.0,1.0,2.0
2289,25.8270826404,-80.1906418612,135000.0,4750.0,1105.0,0.0,958.9,23201.0,2990.1,18294.4,18294.4,5076.0,26.0,0.0,2.0,2.0
2290,25.8270826404,-80.1906418612,163000.0,4750.0,1105.0,0.0,958.9,23201.0,2990.1,18294.4,18294.4,5076.0,26.0,0.0,7.0,2.0
2292,25.8281133365,-80.1897833046,130000.0,5000.0,1189.0,2787.0,660.6,22954.5,3092.6,18675.5,18675.5,5295.1,31.0,0.0,1.0,1.0
2306,25.8143528329,-80.1869773137,2000000.0,17605.0,3583.0,37087.0,987.4,21035.5,479.0,13736.3,13736.3,959.3,35.0,0.0,11.0,4.0
2307,25.8159675538,-80.1851337083,2250000.0,13136.0,3067.0,41400.0,1443.5,20589.5,289.0,14419.7,14419.7,1565.2,21.0,0.0,1.0,5.0
2358,25.8173872829,-80.2035966233,330000.0,5800.0,1292.0,1008.0,4482.5,25085.2,6062.3,15165.8,15165.8,773.6,26.0,0.0,7.0,4.0
2374,25.8193304834,-80.2006545937,255000.0,10725.0,1370.0,2604.0,3664.8,25788.0,5188.0,15653.1,15653.1,1752.2,67.0,0.0,8.0,2.0
2384,25.8211169894,-80.1949862979,350000.0,5350.0,1642.0,3525.0,1987.7,24279.7,3343.1,16116.1,16116.1,3471.8,26.0,0.0,3.0,4.0
2385,25.8213366766,-80.1968702529,130000.0,5500.0,1216.0,2746.0,2613.1,24897.3,3969.4,16242.3,16242.3,3037.3,88.0,0.0,8.0,1.0
2398,25.8137658501,-80.214247545,140000.0,7787.0,1248.0,0.0,909.3,24095.8,7537.5,15183.5,15183.5,449.3,77.0,0.0,3.0,2.0
2399,25.8139231319,-80.2142559609,130000.0,7308.0,1285.0,0.0,939.7,24153.4,7584.8,15235.7,15235.7,506.7,77.0,0.0,9.0,2.0
2403,25.8148951878,-80.2133009983,140000.0,6780.0,1375.0,3726.0,1418.4,24434.0,8007.8,15400.8,15400.8,818.7,76.0,0.0,9.0,2.0
2436,25.8077043303,-80.2178040863,187800.0,4933.0,1038.0,2520.0,717.5,22160.8,5099.7,13939.7,13939.7,1658.4,36.0,0.0,9.0,2.0
2442,25.8063716663,-80.1983460948,380000.0,7200.0,1705.0,0.0,1889.3,21114.1,3885.8,10881.9,10881.9,1785.1,34.0,0.0,1.0,2.0
2515,25.8838898083,-80.1253244149,555000.0,5600.0,1669.0,0.0,13430.5,1487.3,606.4,44782.8,33908.7,26015.3,68.0,0.0,8.0,4.0
2532,25.8276421593,-80.1258325836,1360000.0,7050.0,2740.0,27064.0,20293.9,2043.6,350.7,28697.8,13475.0,6249.3,31.0,0.0,9.0,5.0
2544,25.8368660406,-80.1240939275,1110000.0,7722.0,1867.0,53966.0,20986.2,1566.7,226.4,31364.5,16892.5,9496.8,27.0,0.0,12.0,4.0
2547,25.8382407336,-80.1245743274,1600000.0,8375.0,2969.0,29570.0,20852.3,1723.5,379.5,31611.5,17369.7,9900.8,30.0,0.0,4.0,5.0
2573,25.8502859156,-80.1398765815,525000.0,6875.0,1640.0,0.0,14977.1,6872.4,395.7,31839.7,21841.3,13598.0,52.0,0.0,2.0,4.0
2596,25.8586738922,-80.1435032679,703300.0,7560.0,2361.0,1711.0,12665.3,8038.8,229.1,33872.7,25036.1,16766.4,54.0,0.0,11.0,5.0
2609,25.8636595283,-80.1393444543,1076000.0,9000.0,2026.0,1693.0,13238.2,6665.8,0.0,36081.0,26626.7,18416.9,68.0,0.0,7.0,4.0
2658,25.8222246596,-80.1361723753,650000.0,6000.0,2339.0,929.0,16911.4,5171.2,288.2,24850.1,11583.7,3350.4,59.0,0.0,2.0,4.0
2693,25.6903569185,-80.1712735235,1875000.0,7500.0,1593.0,771.0,25176.9,1055.2,564.9,32098.7,32098.7,24950.9,55.0,0.0,6.0,5.0
2695,25.6926735387,-80.1681675065,1800000.0,7638.0,2707.0,30304.0,24987.5,1605.4,1590.9,31521.8,31521.8,24757.8,30.0,0.0,10.0,4.0
2715,25.8098271725,-80.3049611799,245000.0,6160.0,1070.0,4283.0,997.0,36904.1,1390.2,38823.0,26627.0,5316.3,58.0,0.0,6.0,5.0
2729,25.8123320777,-80.300176676,330000.0,6350.0,1505.0,5815.0,2270.2,36628.7,2932.7,37627.3,26525.7,6913.0,30.0,1.0,2.0,5.0
2741,25.8148573886,-80.2721714464,340000.0,12075.0,1672.0,2474.0,3911.7,32651.3,288.0,29533.5,24083.2,3729.4,65.0,1.0,12.0,4.0
2743,25.8156241138,-80.3047158356,320000.0,7600.0,1315.0,1692.0,369.9,38475.4,1504.4,39440.3,28316.0,5453.8,71.0,1.0,2.0,5.0
2770,25.8183562236,-80.2957913824,395000.0,11736.0,1669.0,0.0,3204.5,37601.3,4213.0,37077.9,27772.7,8342.1,69.0,1.0,8.0,5.0
2795,25.8232397064,-80.3011727749,395000.0,9525.0,1837.0,0.0,1894.7,40041.4,2694.9,39448.0,30141.9,6676.5,35.0,1.0,7.0,5.0
2816,25.8265050388,-80.2927780797,372500.0,10050.0,1785.0,1572.0,2797.0,39574.6,1307.9,37522.5,30059.7,9465.5,35.0,1.0,3.0,4.0
2836,25.8366143134,-80.3005602252,335000.0,8716.0,1615.0,524.0,1084.2,44059.3,249.2,41590.7,34457.7,6969.8,53.0,0.0,5.0,4.0
2842,25.7745645655,-80.2627106962,260000.0,5250.0,1408.0,4136.0,5169.9,18327.0,3687.5,23008.1,9155.0,3638.9,70.0,0.0,1.0,4.0
2858,25.7806311377,-80.2534614661,225000.0,6350.0,1374.0,6947.0,5464.4,18927.6,2992.0,19998.4,11383.4,1817.0,67.0,0.0,2.0,4.0
2890,25.7901140518,-80.2483483563,290000.0,5400.0,1289.0,3054.0,2918.3,20746.0,1507.1,18920.8,15062.5,1831.6,67.0,0.0,9.0,4.0
2910,25.7934903272,-80.2508386695,170000.0,5500.0,1063.0,2372.0,2158.4,22220.9,321.7,20051.2,16117.1,2839.2,66.0,0.0,12.0,2.0
2911,25.7943319606,-80.2493307735,288000.0,8280.0,1886.0,26279.0,1612.4,22144.9,0.0,19670.9,16488.4,3207.3,58.0,0.0,3.0,2.0
2933,25.7679026685,-80.2285956829,277500.0,6900.0,1402.0,704.0,8138.0,10372.2,4603.0,12202.1,11872.8,5133.2,81.0,0.0,8.0,2.0
2948,25.7741064773,-80.2247498201,110000.0,3400.0,1026.0,595.0,5660.7,11587.3,2183.7,10560.1,10560.1,2987.0,84.0,0.0,3.0,2.0
2949,25.7741064773,-80.2247498201,189000.0,3400.0,1026.0,595.0,5660.7,11587.3,2183.7,10560.1,10560.1,2987.0,84.0,0.0,5.0,2.0
2953,25.7745959358,-80.2289087495,160000.0,3892.0,1308.0,5722.0,6475.8,12426.5,2473.6,11925.0,11925.0,2725.4,39.0,0.0,2.0,2.0
2985,25.7738600611,-80.2475870567,241000.0,5000.0,1269.0,6862.0,8447.5,15908.3,3763.2,18046.4,9507.9,3762.0,66.0,0.0,10.0,4.0
3014,25.7675033001,-80.2656623595,350000.0,7399.0,1529.0,1523.0,6858.7,16806.6,4966.2,24210.1,6857.9,5771.1,11.0,0.0,6.0,4.0
3033,25.7718703418,-80.2910927614,285000.0,4840.0,1973.0,4542.0,4805.0,23732.4,2609.2,32373.0,13343.8,4418.2,45.0,0.0,3.0,4.0
3038,25.7726244118,-80.2951079475,315000.0,6400.0,1442.0,13599.0,4273.5,24894.4,1735.5,33702.6,14578.2,4257.4,67.0,0.0,7.0,2.0
3040,25.7726620839,-80.3047641256,250000.0,6480.0,903.0,1712.0,1107.7,27361.1,303.2,36887.7,17290.1,3431.0,46.0,0.0,11.0,4.0
3066,25.7754256844,-80.2985079372,259000.0,7927.0,1047.0,3007.0,3176.9,26407.3,332.9,34805.3,16081.9,3193.4,67.0,0.0,3.0,2.0
3077,25.7770802259,-80.2889822151,255000.0,6100.0,1129.0,7816.0,2991.3,24588.2,956.9,31632.1,14069.5,2512.7,73.0,0.0,8.0,2.0
3088,25.7642125581,-80.302249644,340000.0,7425.0,1923.0,2065.0,1834.0,24903.3,3428.2,36273.3,15229.2,5868.9,67.0,0.0,10.0,4.0
3094,25.7647330144,-80.2830593682,220000.0,5200.0,924.0,3427.0,7549.7,20036.0,5143.9,30032.0,9693.3,7190.0,70.0,0.0,6.0,4.0
3124,25.7662549784,-80.280929142,210000.0,6032.0,906.0,1891.0,7003.3,19919.7,4690.0,29259.8,9467.6,6613.2,72.0,0.0,2.0,2.0
3132,25.7669179586,-80.3069417595,215000.0,6000.0,1298.0,4493.0,347.1,26752.3,1869.5,37736.6,17049.0,4371.5,66.0,0.0,6.0,4.0
3136,25.767113806,-80.3043145516,245000.0,6199.0,1308.0,2380.0,1193.7,26062.9,2187.6,36851.1,16264.9,5219.9,65.0,0.0,12.0,2.0
3142,25.7675819836,-80.2844035776,340000.0,7000.0,1212.0,41201.0,6478.7,21052.7,4074.4,30335.1,10644.4,6069.3,66.0,0.0,4.0,4.0
3143,25.7675944738,-80.2828132433,207000.0,6060.0,1444.0,1650.0,6514.0,20694.5,4113.5,29814.8,10247.5,6189.1,69.0,0.0,4.0,4.0
3152,25.7685324798,-80.2949002893,348000.0,6960.0,1397.0,0.0,4300.2,23877.0,3105.0,33716.9,13716.5,5753.2,16.0,0.0,3.0,4.0
3186,25.7489875565,-80.3118633017,380000.0,16790.0,2324.0,744.0,29.6,24239.0,1644.6,40428.6,17459.7,2576.4,58.0,0.0,9.0,4.0
3196,25.7500529745,-80.2932659513,225000.0,5840.0,1141.0,0.0,4716.8,19474.8,4093.7,34445.9,11355.4,8718.6,73.0,0.0,3.0,4.0
3209,25.7521640653,-80.302008382,387500.0,6231.0,1644.0,3143.0,1856.0,22262.9,4577.3,37022.2,14259.9,5845.6,45.0,0.0,6.0,4.0
3219,25.75307068,-80.3026060917,310000.0,6696.0,1000.0,2124.0,1667.6,22633.4,4853.9,37142.2,14484.4,5653.1,68.0,0.0,11.0,4.0
3248,25.756797284,-80.291502988,320000.0,6300.0,1842.0,0.0,5353.1,20485.5,6499.7,33276.9,11079.5,9374.1,62.0,0.0,6.0,4.0
3250,25.7570902724,-80.3001003105,471300.0,8441.0,2153.0,45143.0,2526.9,22788.4,6046.0,36021.2,13866.6,6572.3,46.0,0.0,10.0,4.0
3276,25.7598586731,-80.3103811238,275000.0,6105.0,1739.0,1657.0,297.7,26124.0,2764.0,39157.9,17370.5,3406.7,46.0,0.0,4.0,4.0
3316,25.7353752383,-80.2963373618,382500.0,5250.0,1166.0,0.0,3594.1,17394.6,523.4,37232.2,13391.5,7279.1,20.0,0.0,10.0,4.0
3341,25.7370203014,-80.2929612735,500000.0,7001.0,1677.0,16405.0,4706.1,16685.8,205.8,35955.9,12117.6,8426.8,63.0,0.0,11.0,4.0
3347,25.7373180817,-80.3137638571,272500.0,5000.0,987.0,316.0,838.2,22924.9,150.1,42303.6,17717.6,1730.0,31.0,0.0,1.0,4.0
3359,25.7388268977,-80.3127009807,309900.0,4850.0,1120.0,20697.0,451.3,22806.8,161.3,41782.6,18163.0,2162.2,57.0,0.0,12.0,4.0
3360,25.738900774,-80.2962556265,587500.0,9000.0,2572.0,0.0,3656.9,17964.8,564.6,36699.8,12922.1,7478.8,41.0,0.0,6.0,4.0
3365,25.7394002132,-80.3172096954,285000.0,7325.0,1321.0,2153.0,1912.0,24235.3,0.0,43105.9,18497.9,680.1,61.0,0.0,9.0,4.0
3376,25.740457581,-80.288581199,390000.0,9218.0,1621.0,2434.0,6155.4,16152.3,563.1,34123.8,10316.2,10034.7,64.0,0.0,6.0,4.0
3378,25.7406607818,-80.3015859932,527000.0,7500.0,1915.0,14807.0,1874.2,19797.2,1288.8,38085.3,14422.0,5837.6,36.0,0.0,4.0,4.0
3393,25.7420928254,-80.3148424842,289000.0,7150.0,941.0,2264.0,1126.1,23950.4,456.6,42064.4,18632.6,1503.6,64.0,0.0,8.0,4.0
3423,25.745034211,-80.2982736846,507500.0,7500.0,1599.0,4266.0,3045.0,19726.9,2820.7,36566.1,13115.4,7043.2,10.0,0.0,5.0,4.0
3436,25.7462629843,-80.2890467975,545000.0,7680.0,1755.0,510.0,6077.6,17531.2,2645.1,33536.2,10035.2,10090.3,16.0,0.0,9.0,4.0
3439,25.746383408,-80.3022216926,517000.0,5650.0,1546.0,2420.0,1753.0,21085.9,2622.6,37659.0,14358.7,5767.5,8.0,0.0,6.0,4.0
3454,25.7343761752,-80.2828533055,520000.0,6000.0,2332.0,1457.0,6529.9,13357.7,1158.8,33378.1,9638.4,11682.3,36.0,0.0,11.0,5.0
3465,25.7403692312,-80.2866237051,590000.0,8250.0,1903.0,0.0,6828.6,15627.4,532.2,33564.8,9742.0,10690.5,50.0,0.0,8.0,5.0
3468,25.742621155,-80.2860292729,740000.0,5500.0,2609.0,879.0,7054.2,15987.6,1374.7,33083.0,9320.4,11021.0,42.0,0.0,1.0,5.0
3503,25.7505214415,-80.2683089787,2188000.0,16800.0,3488.0,40292.0,7689.0,12972.3,5554.1,26548.8,3107.6,11753.6,6.0,0.0,1.0,5.0
3526,25.7548614797,-80.2763826714,650000.0,7500.0,1471.0,24102.0,10320.5,16006.6,5952.0,28624.9,6095.5,10289.8,76.0,0.0,11.0,5.0
3528,25.7551979529,-80.2842982634,1285000.0,7500.0,3271.0,31805.0,7717.4,18174.4,5943.9,31106.4,8639.8,10520.4,14.0,0.0,4.0,5.0
3533,25.7555949181,-80.2847642771,836000.0,7500.0,2334.0,14236.0,7566.6,18384.1,6067.3,31220.0,8823.2,10362.6,35.0,0.0,6.0,5.0
3584,25.7601062134,-80.2739764027,640000.0,5000.0,1804.0,0.0,8981.9,16717.6,7135.0,27391.0,6281.8,8329.0,16.0,0.0,7.0,5.0
3592,25.7608599326,-80.2723048346,605000.0,5900.0,1791.0,0.0,8733.9,16533.1,6851.2,26789.3,6027.7,8020.7,29.0,0.0,7.0,5.0
3595,25.760931737,-80.2778449689,775000.0,5350.0,2486.0,0.0,8758.2,17834.5,6731.1,28549.5,7487.7,8229.6,14.0,0.0,4.0,5.0
3599,25.76115406,-80.282830266,1200000.0,6437.0,2686.0,34576.0,8234.0,19100.0,6428.3,30166.2,8944.2,8461.7,0.0,0.0,11.0,5.0
3600,25.7612183013,-80.2680981353,515000.0,5350.0,2567.0,4126.0,8806.8,15690.8,6875.6,25415.0,5194.1,7921.4,33.0,0.0,4.0,4.0
3603,25.7617278274,-80.2737733326,592000.0,7038.0,1540.0,29556.0,8407.0,17090.4,6553.7,27178.1,6593.2,7745.5,26.0,0.0,3.0,5.0
3610,25.7619658732,-80.2767157027,532500.0,5000.0,1533.0,0.0,8350.5,17835.0,6393.5,28116.3,7406.0,7795.7,21.0,0.0,11.0,5.0
3627,25.7634941813,-80.271244876,391700.0,5100.0,1597.0,3576.0,7835.5,17020.2,5929.9,26254.1,6494.3,7074.9,63.0,0.0,11.0,5.0
3657,25.7575755668,-80.2654592948,560000.0,6120.0,1341.0,33490.0,9281.4,14158.9,8234.2,24897.7,3615.3,9346.5,6.0,0.0,8.0,4.0
3668,25.7615761439,-80.2639463137,370000.0,7480.0,890.0,0.0,9076.6,14807.9,7166.0,24036.6,4642.6,8002.2,75.0,0.0,8.0,4.0
3696,25.754243783,-80.2447810375,215000.0,7000.0,1161.0,4762.0,5526.5,8973.6,8526.3,18926.1,4814.9,10868.5,65.0,0.0,7.0,2.0
3716,25.7583947056,-80.2219788425,489000.0,5450.0,1539.0,0.0,4127.1,6338.5,6132.2,11656.3,11656.3,4664.8,11.0,0.0,2.0,5.0
3726,25.7600790687,-80.2266839943,414900.0,6598.0,1336.0,1215.0,5288.0,7869.8,7310.2,12649.1,11134.0,6234.4,36.0,0.0,10.0,2.0
3735,25.7611800697,-80.2187228809,400000.0,6920.0,1699.0,936.0,4631.9,6482.2,6470.5,10198.6,10198.6,4796.1,66.0,0.0,5.0,4.0
3780,25.7554472712,-80.2319676911,575000.0,7500.0,2113.0,33537.0,4346.7,7755.1,6747.9,14998.1,9001.9,7004.6,38.0,0.0,7.0,4.0
3785,25.7564746426,-80.2255079723,460000.0,5650.0,1245.0,4349.0,3916.2,6686.0,6260.9,13010.3,11160.3,5196.5,11.0,0.0,4.0,4.0
3815,25.7585767547,-80.2058747769,955000.0,6750.0,3353.0,39018.0,1567.2,3867.6,3337.0,7806.4,7806.4,1798.4,16.0,0.0,9.0,5.0
3817,25.759380793,-80.2044500878,445000.0,6750.0,1405.0,655.0,1519.6,4051.4,3234.8,7310.2,7310.2,1485.6,90.0,0.0,12.0,4.0
3858,25.7379431189,-80.2317736907,710000.0,8063.0,1803.0,3164.0,1430.7,1975.0,1404.1,18991.1,9747.0,7765.8,43.0,0.0,6.0,4.0
3880,25.7409286271,-80.2193487731,780000.0,6120.0,2429.0,2960.0,1874.3,1758.3,503.5,15628.3,13251.2,3962.2,38.0,0.0,5.0,4.0
3899,25.745835289,-80.2139965819,1180000.0,10440.0,2632.0,13936.0,966.2,1305.2,880.4,13157.5,13157.5,1461.3,62.0,0.0,2.0,4.0
3920,25.7466134653,-80.2355718342,365000.0,6250.0,985.0,1386.0,1828.1,5254.0,4465.2,17798.4,7644.6,7932.6,48.0,0.0,3.0,4.0
3997,25.7288690445,-80.258021731,290000.0,6139.0,1322.0,0.0,301.7,5574.1,2007.4,27611.7,7469.6,16974.4,31.0,0.0,4.0,4.0
3998,25.7292546479,-80.2550229051,276000.0,4400.0,1273.0,0.0,847.9,4957.0,2995.1,26752.8,7436.2,16026.8,6.0,0.0,10.0,2.0
4022,25.7122051835,-80.2500012944,1915000.0,15074.0,4863.0,35595.0,6532.1,236.1,177.7,30000.9,13807.3,18434.5,33.0,0.0,11.0,5.0
4025,25.7132933798,-80.250298675,650000.0,11589.0,2951.0,29232.0,6156.4,308.8,307.9,29787.3,13377.4,18242.7,51.0,0.0,5.0,4.0
4058,25.7205905077,-80.2517497725,837000.0,7000.0,1943.0,26654.0,3890.7,2243.9,1787.3,28104.5,10705.2,16809.5,30.0,0.0,10.0,4.0
4068,25.7220983371,-80.2594128575,1115000.0,11250.0,3279.0,21660.0,1780.8,4464.1,2038.5,29513.2,9908.2,18536.9,36.0,0.0,3.0,5.0
4070,25.7223460188,-80.2586052045,1400000.0,8100.0,3811.0,37257.0,1912.3,4346.5,2280.8,29269.7,9862.0,18269.3,11.0,0.0,11.0,5.0
4091,25.7157915303,-80.2637964152,875000.0,12500.0,1968.0,27716.0,2532.3,4852.6,1036.8,32134.2,12323.2,17795.1,55.0,0.0,2.0,4.0
4099,25.7195135952,-80.2659528554,1125000.0,9038.0,2715.0,2753.0,1063.2,5888.9,373.1,31772.4,11131.5,17183.8,23.0,0.0,4.0,5.0
4187,25.7123529025,-80.2760368822,860000.0,9625.0,2578.0,1978.0,784.1,8813.6,965.8,35978.1,14619.4,13708.0,51.0,0.0,4.0,4.0
4203,25.7176574826,-80.2708112769,500000.0,7000.0,1797.0,524.0,514.3,7248.3,1003.1,33452.3,12214.8,15531.6,59.0,0.0,2.0,4.0
4220,25.726854549,-80.2823384857,710000.0,11000.0,1997.0,407.0,4380.6,11896.9,2910.1,34564.3,11290.4,11722.9,41.0,0.0,6.0,4.0
4222,25.7270050508,-80.2768343137,980000.0,7000.0,3344.0,3925.0,3214.2,10283.4,1406.6,33012.8,10101.4,13540.4,26.0,0.0,6.0,5.0
4246,25.6913641982,-80.2879507052,908400.0,10800.0,2328.0,30502.0,3855.1,10732.0,6120.2,44032.9,8410.3,9369.8,6.0,0.0,5.0,4.0
4258,25.6949459046,-80.2981382323,535000.0,10650.0,1723.0,0.0,644.6,14283.0,7820.1,45620.4,5498.7,6212.7,56.0,0.0,3.0,4.0
4270,25.6972980801,-80.3038269966,650000.0,19602.0,3654.0,1400.0,552.9,16238.3,8807.4,46435.4,4360.8,4230.5,47.0,0.0,12.0,4.0
4291,25.7042846029,-80.2992269231,620000.0,16588.0,1682.0,0.0,1919.2,16457.5,6495.6,43755.9,7320.9,5949.7,32.0,0.0,8.0,5.0
4370,25.7227883727,-80.3019136458,510000.0,12750.0,1555.0,17974.0,1664.8,17658.1,4991.8,40872.3,12961.6,5302.3,29.0,0.0,3.0,4.0
4381,25.7251155656,-80.2912933384,852000.0,8000.0,2656.0,29082.0,5177.7,14463.6,4275.9,37423.1,13882.0,8758.9,13.0,0.0,2.0,5.0
4414,25.7286000711,-80.2914882055,356000.0,7500.0,1198.0,0.0,5142.7,14930.6,3160.6,36864.2,13165.3,8769.4,68.0,0.0,1.0,4.0
4428,25.731958726,-80.2982003471,382300.0,5700.0,1533.0,2945.0,2966.8,17440.3,1738.7,38299.7,14457.3,6598.5,69.0,0.0,7.0,4.0
4462,25.7046919902,-80.3265245969,1000000.0,37897.0,3961.0,38638.0,2273.5,24138.2,12070.9,51102.3,7190.8,2453.2,52.0,0.0,9.0,4.0
4464,25.7049137131,-80.3164006989,1300000.0,40337.0,5790.0,59000.0,3045.1,21206.6,11215.0,48201.1,5991.5,207.8,26.0,0.0,10.0,5.0
4469,25.7133885351,-80.3311853911,660000.0,37897.0,3639.0,32863.0,716.7,26857.1,9728.4,50899.3,10665.4,558.3,64.0,0.0,12.0,4.0
4474,25.714025725,-80.3321664682,755000.0,37026.0,2542.0,2187.0,1114.4,27184.1,9697.4,51088.5,11038.3,955.3,44.0,0.0,5.0,4.0
4523,25.7379550508,-80.3280162295,270000.0,8625.0,1484.0,1065.0,5511.9,27397.7,3393.5,46663.0,18565.9,2789.6,61.0,0.0,8.0,4.0
4532,25.7399912363,-80.3314001825,400000.0,10021.0,1790.0,12311.0,6604.1,28689.2,4482.6,47510.5,19594.0,3864.5,61.0,0.0,11.0,4.0
4545,25.7427613184,-80.3289088808,315000.0,7888.0,1760.0,12664.0,5749.7,28266.7,3642.1,46453.2,20340.4,2993.3,62.0,0.0,6.0,4.0
4546,25.7428489634,-80.3248464501,359900.0,12780.0,1360.0,3855.0,4398.1,27022.2,2500.4,45124.5,20075.7,1639.6,65.0,0.0,10.0,4.0
4551,25.7436098045,-80.3341751703,240000.0,8000.0,1368.0,1388.0,7491.2,29999.6,5091.7,48044.7,21128.6,4716.0,51.0,0.0,7.0,4.0
4556,25.7442710344,-80.3349569944,330000.0,8000.0,1504.0,960.0,7745.9,30328.4,5275.2,48236.6,21440.8,4963.0,37.0,0.0,6.0,4.0
4583,25.6682356188,-80.314983214,1130000.0,22651.0,3078.0,31692.0,4360.4,15920.3,10156.0,56232.7,7305.5,3572.1,11.0,0.0,11.0,5.0
4596,25.671907282,-80.3328040992,625000.0,15755.0,2553.0,0.0,5739.6,21434.8,16082.3,59730.1,8681.2,5318.1,10.0,0.0,9.0,2.0
4627,25.6788682395,-80.3031804904,1780000.0,32060.0,6026.0,45830.0,3835.1,13358.9,7108.1,50736.7,4715.0,3722.3,20.0,0.0,7.0,5.0
4631,25.6792978277,-80.2922856027,1450000.0,40075.0,4698.0,57549.0,6078.8,9966.1,4364.9,48099.5,7547.9,7243.1,36.0,0.0,4.0,2.0
4651,25.6815184486,-80.3218191115,376000.0,16875.0,1900.0,2179.0,1373.6,19573.6,13167.4,54711.9,3647.1,1757.7,61.0,0.0,1.0,2.0
4665,25.6844537269,-80.3256513254,655000.0,15238.0,2904.0,23783.0,2935.7,21073.2,14731.2,55064.1,4220.1,2969.3,21.0,0.0,5.0,2.0
4669,25.6857467422,-80.3060920501,1650000.0,43560.0,3536.0,35008.0,1317.8,15100.9,9258.9,49711.7,2476.5,2998.2,21.0,0.0,12.0,5.0
4728,25.7053396583,-80.2750556692,730000.0,7500.0,2353.0,1128.0,2921.1,8850.0,564.6,37454.3,13982.9,13914.7,58.0,0.0,10.0,5.0
4783,25.6966808002,-80.2658263209,1620000.0,17797.0,4224.0,32763.0,7285.6,5508.8,1196.1,37656.6,15843.1,16799.0,18.0,0.0,1.0,4.0
4796,25.6450110874,-80.3093406652,915000.0,19200.0,3311.0,4192.0,7345.5,9129.9,5616.3,61209.4,15717.1,12182.4,16.0,0.0,6.0,4.0
4808,25.6474992058,-80.3053289443,1610000.0,40554.0,5125.0,93967.0,8189.2,9523.7,5175.8,59696.9,15008.2,11683.5,12.0,0.0,8.0,4.0
4830,25.6495215052,-80.2929272069,1050000.0,37461.0,2729.0,45507.0,11990.0,7061.9,3005.4,56687.3,15542.7,12967.3,55.0,0.0,3.0,2.0
4839,25.6502629089,-80.3142335319,680000.0,17555.0,2321.0,41780.0,5131.3,11569.8,8021.5,60839.6,13810.7,10060.9,53.0,0.0,5.0,4.0
4846,25.6514445998,-80.3191026879,1720000.0,16874.0,5899.0,58329.0,3478.9,12728.2,9549.2,61584.4,13493.5,9563.0,8.0,0.0,5.0,5.0
4849,25.6528744596,-80.2965308686,1494000.0,36154.0,4880.0,42150.0,10695.0,8587.9,4356.0,56391.7,13910.0,11252.1,16.0,0.0,7.0,4.0
4867,25.6560999584,-80.3218338362,1975000.0,43229.0,5761.0,75202.0,2328.3,14603.7,11242.9,60923.1,11970.0,7948.5,17.0,0.0,10.0,5.0
4870,25.656880554,-80.2986896926,1147500.0,40946.0,3472.0,40105.0,9989.6,9693.3,5245.6,55652.0,12298.6,9651.5,26.0,0.0,6.0,2.0
4871,25.657061486,-80.3191847122,710000.0,38027.0,3098.0,293.0,3253.5,14470.3,10828.7,60067.3,11457.3,7509.2,47.0,0.0,12.0,2.0
4886,25.6596912791,-80.3124604131,890000.0,18606.0,3402.0,25382.0,5687.9,14348.9,9922.1,57899.1,10386.1,6783.4,53.0,0.0,4.0,4.0
4910,25.5999712482,-80.3335497798,520000.0,15000.0,2385.0,44932.0,10755.4,8113.3,5181.1,79138.7,32752.3,12075.2,21.0,0.0,4.0,2.0
4980,25.6089983176,-80.3428739158,427500.0,10002.0,2831.0,4280.0,7194.8,11243.8,5546.0,78427.3,30399.4,10543.5,0.0,0.0,5.0,4.0
4985,25.6093940746,-80.3445052418,465000.0,9871.0,2831.0,4280.0,7103.6,11796.5,5536.7,78647.7,30433.7,10177.3,0.0,0.0,9.0,4.0
4986,25.6094002939,-80.3442368242,440000.0,9663.0,2642.0,8020.0,7089.2,11709.7,5555.6,78589.7,30401.6,10244.8,0.0,0.0,4.0,4.0
4996,25.6097488132,-80.3431808498,335000.0,8264.0,2133.0,64.0,6903.9,11393.8,5770.3,78260.8,30148.5,10608.5,21.0,0.0,5.0,2.0
5003,25.6101493644,-80.3445633181,290000.0,8327.0,1859.0,4350.0,6834.2,11851.6,5799.7,78450.3,30182.4,10320.3,21.0,0.0,6.0,2.0
5007,25.6109469233,-80.3298241378,400000.0,17280.0,2143.0,25519.0,7478.5,7033.9,6895.0,75201.7,28607.8,14624.2,44.0,0.0,7.0,2.0
5029,25.6131994101,-80.318118394,532000.0,15960.0,3126.0,25822.0,9479.4,3662.7,3305.1,72273.2,27309.2,18486.6,30.0,0.0,11.0,2.0
5040,25.6149655398,-80.3214700993,632500.0,19538.0,3777.0,979.0,8202.1,4825.3,4527.3,72384.5,26760.5,17738.5,13.0,0.0,4.0,4.0
5100,25.6234681681,-80.3278398114,528000.0,17220.0,2392.0,23008.0,4780.7,7760.2,7733.5,71192.7,24009.3,16698.8,31.0,0.0,12.0,4.0
5115,25.6261205569,-80.3337392109,417000.0,15000.0,1758.0,17800.0,2614.2,9934.6,9914.1,71685.8,23531.3,14812.8,58.0,0.0,12.0,4.0
5185,25.6360412379,-80.3025214794,707000.0,17466.0,3045.0,27805.0,10693.1,5294.5,1931.4,62518.3,19300.1,15955.1,16.0,0.0,7.0,4.0
5195,25.6369656552,-80.3239241554,609000.0,14877.0,2927.0,37318.0,4042.7,9570.2,8386.8,66587.9,18950.1,14955.2,28.0,0.0,12.0,4.0
5220,25.6412995429,-80.316277063,490000.0,15720.0,2443.0,20207.0,5792.6,9198.7,6637.3,63762.4,17085.0,13258.6,38.0,0.0,9.0,4.0
5231,25.6430712898,-80.3317714007,790000.0,12281.0,3729.0,32290.0,828.5,12954.2,11528.6,66666.5,17492.5,13411.1,16.0,0.0,7.0,5.0
5259,25.6020546169,-80.3691479842,280000.0,8175.0,2220.0,27423.0,11187.1,19813.0,5336.5,85991.7,36307.0,2355.2,19.0,0.0,4.0,2.0
5269,25.6032975669,-80.3596441962,115000.0,5000.0,1309.0,1538.0,11020.8,16685.2,4049.6,83579.0,34434.6,4875.2,9.0,0.0,7.0,2.0
5313,25.6097012512,-80.3636363432,190000.0,8358.0,1512.0,0.0,10050.0,18080.1,6714.2,82716.1,32992.0,4729.8,29.0,0.0,12.0,2.0
5318,25.6117639603,-80.358361641,130000.0,8400.0,1246.0,0.0,8300.3,16436.9,6818.3,80988.9,31492.6,6502.7,33.0,0.0,3.0,2.0
5321,25.6126240149,-80.3722117141,300000.0,8527.0,2249.0,1415.0,9468.8,20999.9,8937.7,83905.0,33620.2,1939.8,21.0,0.0,8.0,2.0
5376,25.6191308541,-80.3668583225,168000.0,8720.0,1761.0,663.0,9039.0,19615.7,10267.4,80983.0,30671.8,3803.7,29.0,0.0,3.0,2.0
5377,25.6191308541,-80.3668583225,242000.0,8720.0,1761.0,663.0,9039.0,19615.7,10267.4,80983.0,30671.8,3803.7,29.0,0.0,8.0,2.0
5386,25.6200090521,-80.3652209614,254900.0,7875.0,1673.0,591.0,8417.6,19162.9,10355.6,80375.6,30102.3,4356.3,16.0,0.0,10.0,2.0
5401,25.6223608739,-80.3513785936,265000.0,9790.0,2116.0,168.0,3978.4,15067.0,10113.6,76587.4,27009.8,8947.3,44.0,0.0,8.0,2.0
5409,25.6234679552,-80.3640457178,273000.0,7875.0,2083.0,1896.0,7653.0,19130.6,11407.1,79235.0,28859.5,4788.4,31.0,0.0,5.0,2.0
5464,25.6314507484,-80.3702880633,135900.0,8600.0,1059.0,1553.0,8077.0,21925.2,14829.4,78720.6,27869.6,3296.5,46.0,0.0,11.0,2.0
5489,25.6339260746,-80.3506928947,565000.0,17089.0,2608.0,27361.0,3468.8,16165.1,14291.3,73389.3,23221.6,9661.9,13.0,0.0,11.0,4.0
5505,25.6352261175,-80.3647460752,180000.0,7722.0,1238.0,2765.0,7961.0,20658.1,15610.6,76443.1,25630.0,5552.5,24.0,0.0,12.0,2.0
5523,25.6365254697,-80.3658601876,180000.0,11775.0,1233.0,1544.0,8051.5,21159.0,16140.5,76399.0,25523.6,5482.6,44.0,0.0,3.0,2.0
5526,25.6366581695,-80.364846662,167000.0,9900.0,1233.0,2212.0,8158.3,20890.6,16109.5,76136.2,25280.3,5807.7,24.0,0.0,6.0,2.0
5610,25.6473626509,-80.3827297179,450000.0,22500.0,2364.0,21566.0,1217.3,27769.7,21717.1,78151.1,27172.9,491.7,19.0,0.0,5.0,4.0
5642,25.6517613264,-80.3675502985,460000.0,15000.0,2000.0,29947.0,4114.1,24110.7,21635.5,73243.3,22185.0,3878.1,44.0,0.0,12.0,4.0
5643,25.6518198615,-80.3733239873,510000.0,29240.0,2350.0,58473.0,2597.5,25719.4,22144.5,74721.8,23711.2,2354.8,27.0,0.0,8.0,4.0
5654,25.6529003514,-80.3482565178,1000000.0,15000.0,4253.0,30212.0,5339.9,19295.1,17928.7,68086.1,17189.0,8547.7,16.0,0.0,5.0,5.0
5666,25.6539947672,-80.3330074615,272000.0,7875.0,1243.0,0.0,975.5,16290.9,13817.3,64144.7,14017.9,9971.8,36.0,0.0,4.0,2.0
5671,25.6548278342,-80.3725730704,510000.0,16920.0,2512.0,24780.0,2118.1,26103.2,23124.8,73870.5,22914.2,1883.0,34.0,0.0,4.0,4.0
5721,25.6609125661,-80.3579134373,495000.0,17424.0,3051.0,1981.0,4477.6,23602.7,22077.0,68679.3,17653.1,4236.1,35.0,0.0,11.0,4.0
5762,25.6693621544,-80.3527848324,975000.0,39204.0,3567.0,40378.0,3803.2,24629.9,22304.8,65436.5,14577.8,3562.1,18.0,0.0,10.0,4.0
5769,25.6707498723,-80.3613032691,480000.0,9350.0,2198.0,514.0,1391.4,26954.6,24944.0,67508.1,16974.8,1148.0,18.0,0.0,3.0,2.0
5805,25.6759609914,-80.3470225616,975000.0,22274.0,3591.0,28909.0,3801.2,25346.6,20834.5,62495.1,11835.9,3555.9,7.0,0.0,7.0,4.0
5837,25.680832325,-80.375578379,560000.0,38551.0,2992.0,5751.0,4363.0,32759.1,28069.3,69438.7,20586.5,4283.3,32.0,0.0,8.0,2.0
5843,25.6813547227,-80.3841505138,340000.0,7510.0,1796.0,6788.0,6759.9,35023.8,30028.0,71872.1,23399.0,1494.2,32.0,0.0,11.0,2.0
5849,25.6819222915,-80.3851090921,325000.0,4625.0,1864.0,0.0,7149.7,35410.5,30134.6,72063.2,23704.8,1199.2,31.0,0.0,2.0,4.0
5871,25.6844973523,-80.3778311168,315000.0,3060.0,1629.0,0.0,5886.6,34342.6,27750.6,69518.5,21243.2,3631.7,35.0,0.0,6.0,4.0
5926,25.6941235756,-80.3474131221,565000.0,10316.0,3306.0,672.0,294.1,28968.2,18551.7,59041.3,11324.0,485.1,47.0,0.0,3.0,4.0
5929,25.6945743669,-80.3565398867,365000.0,12600.0,1520.0,3435.0,2715.1,31882.5,20229.2,61566.3,14318.4,2933.3,35.0,0.0,3.0,4.0
5941,25.6971514703,-80.3413160962,850000.0,26736.0,3895.0,22672.0,412.1,27398.8,16528.1,56697.4,9594.7,110.6,16.0,0.0,11.0,4.0
5951,25.6985982821,-80.3756867545,285800.0,3773.0,1536.0,0.0,8567.9,37731.7,23901.0,66552.6,20814.1,2673.9,27.0,0.0,9.0,4.0
5956,25.6992656171,-80.3782348117,296000.0,3645.0,1466.0,0.0,9366.8,38445.9,24451.4,67220.5,21675.9,1795.6,16.0,0.0,7.0,4.0
5961,25.6999903068,-80.3715510523,290000.0,3614.0,1964.0,0.0,7822.2,37209.3,22504.7,65104.8,19566.7,3939.9,27.0,0.0,12.0,4.0
5965,25.7006202868,-80.373804237,279000.0,4956.0,1633.0,0.0,8528.6,37914.6,22944.4,65653.0,20322.4,3132.4,27.0,0.0,5.0,4.0
5972,25.7042552358,-80.3494760749,896700.0,13515.0,4954.0,4880.0,3112.4,30931.4,16054.1,57856.7,13111.4,3317.1,0.0,0.0,3.0,4.0
6016,25.7180042323,-80.3367827775,473000.0,12360.0,2504.0,29924.0,3286.9,28849.9,9550.8,51936.0,13149.2,3127.1,40.0,0.0,11.0,4.0
6041,25.7243966236,-80.3398406877,400000.0,12115.0,2057.0,1999.0,5610.6,30079.4,8833.0,51968.0,15632.5,5468.4,47.0,0.0,3.0,4.0
6042,25.7245676796,-80.3364294512,639000.0,14530.0,4011.0,25180.0,4809.9,28954.7,7877.5,50922.6,15072.3,4693.5,26.0,0.0,9.0,5.0
6099,25.7092432722,-80.3670641551,345000.0,8250.0,1562.0,944.0,8773.0,36987.7,19360.3,62361.7,19163.0,5284.5,44.0,0.0,6.0,4.0
6116,25.7120102161,-80.3807048885,355000.0,8250.0,1487.0,420.0,12892.3,41510.1,22829.4,66141.2,23694.8,811.6,15.0,0.0,8.0,4.0
6127,25.7137922797,-80.3689247558,350000.0,7650.0,1958.0,4415.0,10294.9,38229.8,19076.3,62303.3,20418.0,4728.9,54.0,0.0,6.0,4.0
6160,25.7302494624,-80.3573840137,311000.0,8925.0,1774.0,1373.0,10500.3,36118.6,13385.6,56725.8,20925.1,8711.8,64.0,0.0,6.0,4.0
6172,25.7165910494,-80.380443612,326000.0,7500.0,1710.0,6836.0,13878.5,42093.1,22105.3,65490.8,24270.2,966.4,54.0,0.0,3.0,2.0
6178,25.7176028345,-80.3721719823,265000.0,8500.0,1170.0,2447.0,12015.4,39807.3,19440.7,62801.4,22022.5,3705.7,59.0,0.0,4.0,2.0
6198,25.7197834359,-80.3601049481,375000.0,7500.0,1605.0,1231.0,8900.9,36556.7,15493.8,58801.8,19076.0,7734.5,6.0,0.0,6.0,4.0
6205,25.7205375988,-80.3756316259,285000.0,7500.0,1756.0,9174.0,13556.3,41295.1,20087.2,63536.0,23524.6,2694.8,59.0,0.0,7.0,2.0
6245,25.7281056422,-80.3745349741,330000.0,7500.0,2135.0,1120.0,14520.9,41594.5,17833.1,62359.7,24701.4,3017.3,55.0,0.0,1.0,2.0
6259,25.7311740958,-80.3735702856,342500.0,8800.0,1764.0,1472.0,14812.6,41422.8,16836.5,61739.4,25108.3,3405.6,40.0,0.0,7.0,2.0
6273,25.73395592,-80.3424479671,293000.0,6900.0,1195.0,4566.0,8620.4,31552.8,8274.0,51613.4,19058.8,7662.5,56.0,0.0,9.0,4.0
6274,25.7341374905,-80.3619414328,385000.0,7742.0,2429.0,3037.0,12573.8,37858.1,13401.3,57765.8,23000.6,7280.8,49.0,0.0,12.0,4.0
6288,25.7361811811,-80.3472298152,210000.0,7000.0,2617.0,3455.0,10321.2,33304.1,9761.4,52915.0,20550.5,9159.5,66.0,0.0,3.0,4.0
6298,25.736991807,-80.3713307114,500000.0,7608.0,2569.0,3101.0,15510.7,41093.3,14901.3,60496.0,25925.2,4236.7,16.0,0.0,4.0,4.0
6299,25.7370185749,-80.3592785941,250000.0,7875.0,1373.0,5406.0,12797.8,37222.8,12032.8,56648.4,23174.0,8202.6,63.0,0.0,1.0,4.0
6314,25.7383803664,-80.365560222,315000.0,8625.0,2270.0,3598.0,14499.4,39333.2,13113.7,58514.5,24922.9,6127.0,60.0,0.0,5.0,5.0
6341,25.7405097078,-80.3824040989,371000.0,16140.0,2403.0,26008.0,15190.4,44835.7,17203.4,63676.7,29448.3,530.5,48.0,0.0,10.0,4.0
6363,25.7423053182,-80.3521561131,343000.0,7500.0,1678.0,4181.0,13027.3,35451.2,9070.5,53904.7,23306.7,10597.9,43.0,0.0,1.0,4.0
6366,25.742843507,-80.3566548819,390000.0,8924.0,2612.0,27060.0,14071.9,36924.2,9873.2,55308.8,24276.6,9133.7,20.0,0.0,4.0,4.0
6379,25.743655874,-80.3571491717,357500.0,7665.0,2197.0,750.0,14068.3,37167.2,9790.4,55400.4,24644.8,8972.9,26.0,0.0,4.0,4.0
6385,25.7442095533,-80.34504255,544000.0,8536.0,3565.0,24687.0,11047.7,33424.5,7283.1,51452.5,22733.1,8261.3,49.0,0.0,6.0,4.0
6388,25.7446136042,-80.3730729219,590000.0,17831.0,2991.0,4100.0,13675.8,42265.8,13832.8,60422.6,28245.4,3711.6,20.0,0.0,8.0,4.0
6397,25.745362212,-80.3761344117,295000.0,3751.0,1909.0,1120.0,13438.9,43349.6,14657.9,61399.3,29189.5,2743.3,33.0,0.0,6.0,4.0
6405,25.7461859607,-80.3797608817,267800.0,4659.0,1355.0,28392.0,13132.8,44573.1,15644.6,62521.6,30243.7,1550.7,30.0,0.0,4.0,4.0
6429,25.7498419801,-80.367529295,241000.0,3000.0,1140.0,0.0,11817.6,41116.2,11411.0,58329.2,28521.9,5642.0,21.0,0.0,9.0,5.0
6468,25.7534175241,-80.3628310319,370500.0,9479.0,2497.0,31761.0,10503.3,40075.7,9466.9,56578.2,28615.5,7217.0,41.0,0.0,2.0,4.0
6469,25.7534964476,-80.3546557582,510000.0,9000.0,2539.0,1506.0,10549.1,37590.6,6993.3,53918.0,27209.0,9910.7,6.0,0.0,5.0,4.0
6485,25.7546320287,-80.3575982138,355000.0,8000.0,2040.0,2096.0,10072.4,38651.0,7712.6,54823.7,28056.8,8969.7,55.0,0.0,8.0,4.0
6506,25.7578949002,-80.343768593,310000.0,7890.0,1327.0,1716.0,8890.4,35008.4,3091.2,50141.1,27101.5,7471.0,57.0,0.0,8.0,4.0
6515,25.7589755062,-80.3396332821,455000.0,7875.0,2171.0,27806.0,8497.4,33991.6,1772.4,48748.4,26825.6,6098.6,38.0,0.0,5.0,4.0
6558,25.7638593008,-80.3375545404,237500.0,3586.0,1052.0,0.0,6800.5,34314.5,707.5,47873.9,26446.2,5533.6,29.0,0.0,8.0,5.0
6562,25.763964272,-80.3392152169,351000.0,3780.0,2031.0,0.0,6713.5,34799.0,1212.7,48413.4,26988.8,6077.9,29.0,0.0,7.0,5.0
6577,25.7655913735,-80.330919948,1070000.0,24000.0,4790.0,55579.0,6682.4,32769.3,888.2,45618.2,24410.1,3450.1,9.0,0.0,6.0,5.0
6598,25.7702241609,-80.334420132,265000.0,2803.0,1228.0,0.0,4788.8,34753.1,2692.5,46679.5,26008.4,3975.6,29.0,0.0,10.0,5.0
6604,25.7778427872,-80.3577507877,460000.0,6336.0,2068.0,2822.0,1664.8,42618.3,9043.6,54255.2,34119.8,1174.2,4.0,0.0,10.0,5.0
6612,25.7797700203,-80.3659792179,315000.0,3890.0,1624.0,0.0,927.1,45311.8,11704.3,56996.2,36945.5,274.6,36.0,0.0,12.0,5.0
6618,25.7980967298,-80.3588285211,650000.0,10104.0,3492.0,40312.0,5583.2,47188.9,11199.7,55157.6,37313.4,5969.6,12.0,0.0,8.0,4.0
6622,25.8012616829,-80.354284969,485000.0,5100.0,2545.0,855.0,6693.5,46659.0,9832.6,53891.1,36605.9,7241.9,21.0,0.0,3.0,5.0
6624,25.8015421482,-80.3541618477,433000.0,5100.0,2545.0,152.0,6790.5,46681.8,9806.2,53867.2,36620.7,7338.7,21.0,0.0,5.0,5.0
6632,25.8029823486,-80.3549926037,527000.0,5100.0,2527.0,37715.0,7313.7,47208.8,10164.7,54225.9,37125.9,7855.3,21.0,0.0,12.0,5.0
6655,25.8057736103,-80.3335672978,1215000.0,4515.0,4145.0,40005.0,4614.0,42361.9,4160.9,47495.6,31960.3,4045.3,0.0,0.0,5.0,5.0
6717,25.8214979813,-80.3727493028,400000.0,2902.0,2371.0,22497.0,10936.7,55932.4,18055.3,61415.2,45712.4,4496.8,16.0,0.0,3.0,5.0
6739,25.8286246507,-80.3813534781,600000.0,3779.0,2581.0,0.0,10567.7,59760.8,19272.3,64854.5,49521.3,1733.6,19.0,0.0,6.0,5.0
6761,25.836261157,-80.3687919379,735000.0,4030.0,2945.0,33284.0,11274.0,58399.8,14496.2,61822.7,47974.5,5914.5,2.0,0.0,3.0,5.0
6765,25.8372810495,-80.3824386251,740000.0,7260.0,3586.0,33899.0,12375.6,61994.8,17066.3,66149.2,51659.7,1397.4,15.0,0.0,11.0,5.0
6767,25.8374351877,-80.3835294049,415000.0,2813.0,2274.0,1545.0,12424.6,62322.5,17271.3,66518.4,51993.9,1056.6,13.0,0.0,10.0,5.0
6790,25.8410417272,-80.3571067902,782000.0,4050.0,3079.0,29990.0,8111.3,56886.7,10718.4,58902.0,46371.5,9802.6,0.0,0.0,3.0,5.0
6824,25.8416080763,-80.3551639227,792900.0,4095.0,3079.0,29245.0,7764.6,56600.0,10154.0,58398.1,46076.2,10448.1,0.0,0.0,4.0,5.0
6839,25.8423254419,-80.3606340241,970000.0,5054.0,3671.0,8185.0,8069.5,58021.6,11098.8,60144.1,47514.5,8651.3,0.0,0.0,4.0,5.0
6854,25.8425554751,-80.3555870756,800000.0,4050.0,3079.0,10490.0,7456.7,56947.1,9976.1,58665.0,46422.2,10322.0,0.0,0.0,6.0,5.0
6864,25.8432455703,-80.3617787071,880000.0,5167.0,3671.0,31740.0,7926.2,58523.2,11070.8,60622.8,48016.8,8286.7,0.0,0.0,3.0,5.0
6878,25.8468227275,-80.3770909383,434900.0,7679.0,2471.0,3486.0,8628.1,62989.1,13260.9,65743.9,52536.3,3290.0,10.0,0.0,3.0,4.0
6879,25.8468450056,-80.3756796037,470000.0,5500.0,2471.0,736.0,8586.8,62679.2,12963.1,65342.0,52218.9,3772.1,10.0,0.0,10.0,4.0
6888,25.8504440954,-80.3767738041,444000.0,5938.0,2288.0,8466.0,7345.4,63844.4,12186.5,66175.5,53368.1,3418.1,11.0,0.0,1.0,4.0
6921,25.8526355385,-80.3634294129,513000.0,4500.0,2514.0,327.0,5541.9,61363.1,8784.5,62539.3,50859.2,7824.9,1.0,0.0,8.0,5.0
6922,25.8527412448,-80.3646197988,640000.0,4710.0,2580.0,48264.0,5813.6,61660.2,8999.9,62900.9,51149.1,7424.9,1.0,0.0,2.0,5.0
6930,25.8531834349,-80.3830456015,440500.0,4530.0,2432.0,2352.0,6936.2,66024.0,13001.5,68467.5,55562.4,1374.5,4.0,0.0,10.0,4.0
6936,25.8537361974,-80.3622122344,509000.0,5864.0,2580.0,13423.0,4970.9,61370.9,8208.8,62365.6,50883.4,8220.8,3.0,0.0,4.0,5.0
6976,25.8704167824,-80.304156361,318000.0,7500.0,1447.0,1711.0,9173.1,55128.9,8373.5,49997.8,46345.9,6134.4,59.0,0.0,3.0,5.0
6995,25.8799920285,-80.3130489583,315000.0,9375.0,2827.0,3468.0,10177.0,59646.5,9191.1,54502.0,50597.7,3352.6,57.0,0.0,2.0,4.0
7002,25.8813118069,-80.3068723599,302500.0,7575.0,1656.0,2204.0,11574.5,58915.8,10858.2,53398.0,50396.4,5388.1,59.0,0.0,7.0,5.0
7008,25.8821122689,-80.307212052,279900.0,7575.0,1227.0,1925.0,11761.7,59219.9,11010.0,53682.5,50708.2,5285.7,29.0,0.0,1.0,5.0
7019,25.8860419845,-80.300829859,300000.0,7680.0,1182.0,7697.0,13170.5,58934.0,9053.7,53286.2,51451.9,7456.2,19.0,0.0,12.0,4.0
7031,25.8902197958,-80.3132482959,385000.0,8400.0,1871.0,56462.0,13070.7,62766.0,9455.4,57172.6,54131.3,3428.7,43.0,0.0,7.0,4.0
7038,25.8925230497,-80.3089656999,275000.0,8941.0,1747.0,2998.0,14675.8,61484.1,8110.1,56826.1,54473.5,4877.5,55.0,0.0,3.0,4.0
7050,25.8949333647,-80.3146762361,300000.0,7875.0,1490.0,22653.0,13953.1,63318.4,8218.1,58739.7,55902.3,3026.9,48.0,0.0,9.0,4.0
7074,25.9171157974,-80.3146645216,960000.0,19305.0,4100.0,37128.0,19714.5,63441.4,1610.5,64848.0,63528.4,2657.3,18.0,0.0,10.0,5.0
7082,25.9224366443,-80.3222626421,710000.0,15407.0,3115.0,37761.0,20165.9,66000.8,0.0,67903.5,66141.4,371.8,18.0,0.0,11.0,5.0
7118,25.9324083902,-80.2460947382,195000.0,9065.0,1393.0,2158.0,8536.4,41212.7,852.9,59217.7,59217.7,2176.9,59.0,0.0,2.0,5.0
7135,25.9344105655,-80.2580098363,182500.0,8250.0,1361.0,0.0,11741.8,45161.8,2149.3,61164.7,61164.7,3103.8,35.0,0.0,3.0,5.0
7157,25.9277964487,-80.2410351325,155000.0,8000.0,1131.0,9749.0,6556.1,39456.6,1656.5,57137.0,57137.0,449.8,62.0,0.0,2.0,4.0
7161,25.9295431382,-80.2431874033,195000.0,7500.0,1326.0,20451.0,7355.3,40206.8,1326.6,57930.2,57930.2,1092.6,60.0,0.0,9.0,4.0
7171,25.9321105308,-80.2148241856,215000.0,7500.0,1442.0,20127.0,2164.0,30948.8,3333.0,56915.7,56915.7,437.9,59.0,0.0,11.0,5.0
7180,25.9342773394,-80.2217676081,225000.0,7500.0,1507.0,5465.0,3065.8,33279.0,1162.2,58026.7,58026.7,1582.5,34.0,0.0,11.0,5.0
7181,25.9347217778,-80.2427948577,155000.0,8480.0,1472.0,4201.0,7802.5,40183.1,276.2,59709.1,59709.1,2977.3,45.0,0.0,9.0,4.0
7182,25.934740295,-80.2423339599,194000.0,7950.0,1550.0,5221.0,7666.2,40030.8,295.4,59674.2,59674.2,2979.0,30.0,0.0,7.0,4.0
7208,25.9392385328,-80.2430154699,150500.0,8000.0,1234.0,0.0,8678.4,40369.0,1835.0,61314.2,61314.2,4624.3,59.0,0.0,12.0,4.0
7246,25.953853537,-80.2044791306,220000.0,8475.0,1292.0,963.0,3844.7,28079.3,2031.0,64113.3,64078.4,6450.7,32.0,0.0,7.0,4.0
7255,25.9464833894,-80.1594394192,445000.0,9059.0,2202.0,22234.0,3606.7,13208.4,1383.9,62620.8,57384.6,5565.9,59.0,0.0,7.0,4.0
7264,25.9500937613,-80.1596781809,550000.0,9360.0,2097.0,21274.0,4021.5,13348.6,1153.0,62376.6,58709.9,4487.4,31.0,0.0,12.0,5.0
7269,25.9525366459,-80.1540989078,565000.0,8000.0,2003.0,23252.0,2127.1,11545.2,10.7,61338.7,59311.7,5215.4,26.0,0.0,1.0,5.0
7323,25.9657467138,-80.1583638456,420000.0,9500.0,2446.0,2178.0,2549.4,13024.4,2575.7,56664.3,56664.3,2230.5,49.0,0.0,7.0,4.0
7340,25.9713506055,-80.1557688388,613000.0,9600.0,2904.0,24944.0,2561.9,12255.4,3332.8,54563.6,54563.6,3116.2,41.0,0.0,1.0,5.0
7357,25.9510170089,-80.1834178872,396000.0,3850.0,1983.0,3679.0,322.1,21157.7,682.6,63267.1,60792.9,518.2,2.0,0.0,9.0,5.0
7377,25.9571265324,-80.1797920507,232000.0,8346.0,1716.0,1920.0,1155.9,20007.9,2328.1,60826.7,60826.7,1350.3,31.0,0.0,6.0,2.0
7414,25.9642355608,-80.1857787149,345000.0,8633.0,1903.0,34557.0,4407.0,22000.7,4029.3,58734.4,58734.4,4599.9,38.0,0.0,6.0,5.0
7416,25.9644471227,-80.1798830243,327500.0,7875.0,2380.0,21975.0,3243.0,20093.9,4974.2,58225.5,58225.5,3500.2,36.0,0.0,11.0,5.0
7425,25.9664319844,-80.1781451534,220000.0,8546.0,1340.0,0.0,3437.8,19531.1,5675.2,57396.1,57396.1,3751.1,21.0,0.0,5.0,5.0
7472,25.9458597214,-80.2077490527,185000.0,7854.0,1186.0,2891.0,3026.6,29022.0,4980.9,61643.2,61643.2,4535.8,31.0,0.0,4.0,4.0
7474,25.9463516766,-80.2153028746,220000.0,7500.0,1691.0,6931.0,5154.0,31493.4,5017.8,62060.7,62060.7,2850.0,41.0,0.0,7.0,4.0
7501,25.9487416168,-80.206515445,186000.0,8475.0,1194.0,1779.0,3345.0,28697.6,3906.4,62656.4,62618.5,5152.8,12.0,0.0,7.0,4.0
7536,25.9534618255,-80.2260540057,275000.0,9540.0,2417.0,0.0,9499.3,35185.2,2606.7,65137.1,65137.1,841.6,54.0,0.0,11.0,4.0
7540,25.953883679,-80.2085917366,230000.0,9000.0,1492.0,825.0,4840.5,29445.2,2180.5,64545.0,64545.0,6316.0,31.0,0.0,11.0,4.0
7558,25.9562959231,-80.2188889481,175000.0,7500.0,1554.0,3421.0,8172.7,32843.6,1482.0,64956.0,64956.0,3278.8,59.0,0.0,3.0,4.0
7565,25.9571965757,-80.2268473069,128000.0,7500.0,1349.0,5076.0,10475.2,35463.4,1272.6,65728.5,65728.5,674.8,55.0,0.0,11.0,4.0
7570,25.9585287092,-80.2164335937,280000.0,7500.0,2215.0,6226.0,7916.8,32075.0,625.7,63895.2,63895.2,4121.3,33.0,0.0,10.0,4.0
7588,25.9617191119,-80.2399218451,190000.0,7500.0,1247.0,2213.0,14421.5,39812.2,0.0,66220.5,66220.5,3477.9,31.0,0.0,3.0,4.0
7606,25.9631912615,-80.2232736074,340000.0,6000.0,3410.0,570.0,10734.4,34333.5,775.9,63263.6,63263.6,1909.9,9.0,0.0,1.0,2.0
7619,25.9639034084,-80.2171623616,310000.0,6000.0,2649.0,0.0,9369.4,32348.8,689.1,62195.7,62195.7,3943.0,10.0,0.0,10.0,2.0
7621,25.9640466176,-80.2346708851,230000.0,4864.0,1487.0,1638.0,14045.0,38108.3,86.7,64654.6,64654.6,1750.2,11.0,0.0,9.0,2.0
7634,25.9648429007,-80.2187859073,232000.0,8500.0,2742.0,900.0,9981.5,32872.8,325.8,62090.6,62090.6,3408.9,47.0,0.0,6.0,4.0
7636,25.9648689838,-80.2180187059,230000.0,8500.0,2152.0,25713.0,9806.8,32619.3,325.9,61979.2,61979.2,3659.6,45.0,0.0,3.0,4.0
7650,25.9276811414,-80.2745184063,175000.0,5300.0,1525.0,3407.0,12203.3,50467.2,2615.9,61080.1,61080.1,847.9,45.0,0.0,3.0,5.0
7665,25.9298253224,-80.2843964348,260000.0,7500.0,2055.0,125.0,14653.3,53730.9,1321.1,63268.6,63268.6,1629.0,58.0,0.0,9.0,4.0
7688,25.9328379153,-80.281047181,255000.0,7500.0,1522.0,31265.0,14914.7,52681.3,669.9,63717.4,63717.4,2692.2,53.0,0.0,4.0,4.0
7689,25.9338962852,-80.268035628,185000.0,7500.0,1315.0,10583.0,13172.4,48427.5,1015.3,62239.6,62239.6,3031.5,62.0,0.0,11.0,5.0
7692,25.9339900446,-80.2898600424,222000.0,7950.0,1467.0,9366.0,16951.2,55587.0,287.0,65456.5,65456.5,3158.3,36.0,0.0,3.0,4.0
7696,25.9351605228,-80.268852746,175000.0,9375.0,1602.0,3058.0,13689.6,48728.6,514.1,62752.0,62752.0,3482.6,62.0,0.0,12.0,5.0
7700,25.9355282162,-80.2755087873,226000.0,7875.0,1387.0,6993.0,14845.3,50925.2,111.4,63781.5,63781.5,3706.6,39.0,0.0,3.0,5.0
7710,25.9373416057,-80.2722661805,256000.0,7875.0,1582.0,7250.0,14935.0,49899.6,513.8,63943.2,63943.2,4336.0,38.0,0.0,11.0,5.0
7717,25.9376721468,-80.2805381482,225000.0,8950.0,1205.0,1432.0,16330.9,52607.3,954.7,65206.9,65206.9,4453.1,26.0,0.0,2.0,4.0
7726,25.9412887236,-80.2531393956,205000.0,7752.0,1941.0,3816.0,11908.3,43739.6,3739.1,62995.2,62995.2,5505.9,61.0,0.0,6.0,4.0
7760,25.9435046126,-80.2497474107,199000.0,7500.0,1627.0,550.0,11371.3,42676.4,3918.6,63420.8,63420.8,6259.5,36.0,0.0,2.0,4.0
7777,25.9446413361,-80.2867336276,255000.0,4977.0,1694.0,0.0,19545.6,54827.7,2759.8,68384.6,68384.6,7020.0,24.0,0.0,6.0,4.0
7780,25.9450644997,-80.2802358742,220000.0,7500.0,1806.0,12240.0,18646.4,52700.2,3381.1,67589.1,67589.1,7139.3,45.0,0.0,5.0,4.0
7786,25.9456381157,-80.2933482743,265000.0,4462.0,1974.0,0.0,21040.2,57018.5,3457.6,69729.5,69729.5,7459.5,24.0,0.0,5.0,4.0
7788,25.9456770896,-80.2509227571,180000.0,7950.0,1842.0,1358.0,12140.4,43111.6,3784.5,64297.4,64297.4,7076.4,56.0,0.0,1.0,4.0
7805,25.9470668046,-80.2689284864,200000.0,8085.0,1228.0,11386.0,17485.8,49062.4,1100.0,66760.7,66760.7,7813.8,37.0,0.0,3.0,5.0
7815,25.9477099966,-80.2517717641,180000.0,9500.0,1038.0,3679.0,12807.6,43470.8,3142.5,65068.3,65068.3,7751.2,34.0,0.0,6.0,4.0
7828,25.9484099454,-80.2806977132,237500.0,7500.0,1844.0,9364.0,19793.4,52947.3,4412.4,68752.5,68752.5,8238.5,44.0,0.0,8.0,4.0
7912,25.9579115022,-80.2660946103,230000.0,5020.0,1534.0,920.0,18812.4,48361.1,0.0,70122.7,70122.7,4966.8,17.0,0.0,11.0,5.0
7913,25.9580217253,-80.2667434342,205000.0,9875.0,1193.0,2110.0,18989.0,48566.4,76.5,70217.1,70217.1,4904.9,44.0,0.0,6.0,5.0
7926,25.9596331275,-80.2607827265,158000.0,4500.0,1133.0,2066.0,17903.2,46646.1,815.7,70133.2,70133.2,4399.2,26.0,0.0,6.0,4.0
7936,25.961284486,-80.2615098074,187500.0,4500.0,1325.0,4931.0,18487.4,46916.3,204.4,70073.5,70073.5,3767.9,25.0,0.0,6.0,4.0
7958,25.9649381998,-80.2524997793,180000.0,7793.0,1572.0,2191.0,17538.8,43930.3,1040.2,67328.9,67328.9,2557.1,23.0,0.0,6.0,4.0
7978,25.9686159571,-80.2489582308,184000.0,8000.0,1181.0,3038.0,18023.2,42814.6,1687.0,65574.4,65574.4,1241.5,23.0,0.0,4.0,4.0
8023,25.6360525211,-80.4447410531,330000.0,5032.0,2265.0,28120.0,783.0,46026.5,32987.6,97426.8,47224.8,19613.3,17.0,0.0,5.0,4.0
8030,25.6381060527,-80.4441417801,265200.0,5065.0,1893.0,0.0,42.5,46010.0,33184.4,96867.8,46746.8,19388.8,16.0,0.0,3.0,4.0
8047,25.6568081284,-80.4445912992,337500.0,5003.0,2105.0,0.0,6655.2,48079.5,37184.6,93644.7,44677.8,19131.0,8.0,0.0,12.0,4.0
8052,25.6571423001,-80.4429381249,360000.0,5400.0,2619.0,0.0,6759.9,47604.1,36841.5,93103.2,44116.6,18569.4,4.0,0.0,2.0,4.0
8072,25.6594208093,-80.439487418,425500.0,6791.0,2504.0,495.0,7549.2,46813.6,36537.6,91682.2,42774.7,17239.5,0.0,0.0,9.0,4.0
8080,25.6616007986,-80.4442545558,415000.0,7500.0,2650.0,25863.0,8405.6,48544.0,38215.3,92729.2,44131.3,18648.9,22.0,0.0,8.0,4.0
8085,25.6624861004,-80.4469627193,265000.0,4065.0,2065.0,0.0,8743.6,49517.5,39115.8,93400.9,44955.7,19505.2,20.0,0.0,4.0,4.0
8093,25.5679700061,-80.4023905763,341000.0,15017.0,2435.0,0.0,7877.2,27176.2,9037.3,102505.0,52609.2,12819.5,13.0,0.0,5.0,2.0
8098,25.5686189348,-80.3924195399,212000.0,4800.0,1910.0,3456.0,4606.6,24547.4,5766.5,100182.4,50690.0,9592.7,12.0,0.0,6.0,2.0
8110,25.5703787412,-80.3941130145,140000.0,6021.0,1574.0,0.0,5159.7,25369.3,6315.8,100073.7,50436.5,10006.1,16.0,0.0,10.0,2.0
8117,25.5707022561,-80.4047065332,497000.0,13917.0,3199.0,35240.0,8623.9,28340.3,9779.8,102293.9,52224.3,13330.5,0.0,0.0,7.0,2.0
8124,25.5710752436,-80.4019087652,330000.0,12886.0,2396.0,4224.0,7705.3,27637.9,8858.2,101581.7,51602.1,12423.8,14.0,0.0,5.0,2.0
8128,25.5711629935,-80.3936897582,263000.0,4800.0,1527.0,0.0,5025.0,25434.0,6173.0,99770.2,50118.4,9802.0,3.0,0.0,7.0,2.0
8135,25.571445067,-80.3994655469,320000.0,12997.0,2126.0,36586.0,6910.4,27038.2,8058.7,100917.4,51020.7,11600.8,15.0,0.0,6.0,2.0
8157,25.5723528321,-80.3906664399,232000.0,6088.0,1571.0,23738.0,4113.2,24861.9,5237.3,98778.8,49224.3,8746.4,32.0,0.0,12.0,2.0
8174,25.5732244849,-80.3879022179,155000.0,4166.0,1167.0,0.0,3339.6,24361.2,4410.6,97946.1,48488.8,7819.2,25.0,0.0,2.0,2.0
8200,25.5749042785,-80.4038017502,244200.0,14765.0,1796.0,2040.0,8509.3,28906.9,9625.9,100973.4,50805.6,12557.9,17.0,0.0,5.0,2.0
8230,25.5781282743,-80.3891606325,160000.0,2380.0,1302.0,0.0,4625.5,25847.6,5498.7,96893.3,47193.6,7644.2,5.0,0.0,12.0,2.0
8237,25.5788737807,-80.3756261137,260000.0,8000.0,2258.0,10625.0,2528.3,22467.1,3128.8,93736.7,44725.3,3317.3,45.0,0.0,10.0,2.0
8251,25.5801931108,-80.4047850162,265000.0,10053.0,1796.0,34010.0,9405.0,30271.3,10435.7,99840.0,49481.9,11660.2,15.0,0.0,2.0,2.0
8274,25.5842054949,-80.3898305721,245000.0,6287.0,1705.0,3097.0,6243.9,26959.4,7045.3,95382.9,45424.8,6924.7,16.0,0.0,11.0,4.0
8296,25.5868871229,-80.3987598732,260000.0,19625.0,2448.0,28554.0,9024.9,29764.3,9853.2,96674.6,46306.3,8622.3,37.0,0.0,4.0,2.0
8352,25.5932622413,-80.3961659806,245000.0,7575.0,1831.0,4560.0,8343.4,28766.6,10886.7,94463.1,43982.9,6842.7,37.0,0.0,5.0,2.0
8451,25.5572621184,-80.3995745535,463800.0,15000.0,3318.0,4040.0,8260.5,24609.5,9284.1,104832.5,55414.8,10650.6,0.0,0.0,9.0,2.0
8467,25.5584449216,-80.398988748,370000.0,14867.0,2573.0,4800.0,7879.3,24610.0,8923.1,104374.4,54949.6,11044.3,0.0,0.0,2.0,2.0
8471,25.5584604418,-80.3976144018,409700.0,12500.0,2981.0,4000.0,7484.6,24201.7,8514.9,104067.8,54706.4,10959.1,0.0,0.0,9.0,2.0
8476,25.559262195,-80.4019335746,425000.0,15001.0,3067.0,2640.0,8578.5,25615.5,9657.0,104789.6,55198.7,11557.1,1.0,0.0,1.0,2.0
8498,25.5637507848,-80.4002453168,305000.0,12876.0,1743.0,37508.0,7463.0,25823.4,8596.6,103180.8,53515.4,12293.1,5.0,0.0,8.0,2.0
8516,25.5384877315,-80.3796270972,308400.0,4448.0,2713.0,1200.0,11335.1,16248.5,9125.4,106188.1,58653.7,2708.4,0.0,0.0,10.0,2.0
8546,25.541499056,-80.3755309922,317000.0,5000.0,2974.0,0.0,10294.4,15201.9,7387.8,104516.3,57152.1,3445.4,10.0,0.0,7.0,2.0
8555,25.5433269879,-80.3728887175,323000.0,5000.0,3339.0,701.0,9749.8,14596.8,6301.2,103473.1,56224.1,3121.9,9.0,0.0,4.0,2.0
8556,25.543610683,-80.3724393353,299000.0,5000.0,2616.0,0.0,9675.9,14495.7,6124.7,103304.5,56076.3,3028.1,9.0,0.0,5.0,2.0
8559,25.5436920664,-80.3763047456,255000.0,5000.0,1950.0,2878.0,9478.3,15698.0,7052.5,104013.7,56501.4,4168.7,4.0,0.0,8.0,2.0
8581,25.5454029975,-80.3832477498,320000.0,5135.0,2605.0,110.0,8960.1,18064.1,8656.8,104854.0,56799.9,5421.6,0.0,0.0,9.0,2.0
8590,25.5468040101,-80.3833045546,299200.0,5135.0,2176.0,5522.0,8479.8,18257.9,8457.5,104470.7,56361.1,5914.0,0.0,0.0,8.0,2.0
8598,25.5484412227,-80.3769195926,306500.0,5000.0,2667.0,0.0,7744.2,16504.2,6295.5,102732.7,54975.3,4634.5,10.0,0.0,2.0,2.0
8615,25.5502760209,-80.3805455441,372600.0,6374.0,3293.0,3695.0,7089.4,17863.3,7157.1,102903.0,54823.0,5830.9,0.0,0.0,2.0,2.0
8619,25.5504808134,-80.381567424,367000.0,5000.0,3131.0,110.0,7062.0,18204.7,7383.1,103051.2,54897.5,6169.7,0.0,0.0,4.0,2.0
8642,25.5511891149,-80.380560077,389000.0,11171.0,3131.0,2270.0,6712.8,17993.6,6998.0,102622.0,54489.6,5843.9,0.0,0.0,8.0,2.0
8651,25.5512767864,-80.3819008058,332400.0,5165.0,2552.0,2590.0,6772.4,18433.2,7125.3,102881.9,54666.0,6312.3,0.0,0.0,4.0,2.0
8663,25.5530359378,-80.3791022063,349900.0,5134.0,2287.0,1722.0,6060.5,17867.8,6274.4,101820.4,53717.5,5381.1,1.0,0.0,12.0,4.0
8676,25.5534844623,-80.3909907695,225000.0,18750.0,1220.0,2430.0,7138.8,21468.6,7913.7,104051.8,55212.2,8735.1,13.0,0.0,12.0,2.0
8732,25.543562376,-80.3636113394,250000.0,5046.0,2076.0,0.0,10651.0,11772.9,4520.8,101684.9,55160.1,210.2,11.0,0.0,8.0,2.0
8749,25.547945505,-80.3654473781,250000.0,5800.0,2311.0,1536.0,8960.4,13017.8,3424.1,100702.4,53826.4,853.1,11.0,0.0,2.0,2.0
8768,25.554833852,-80.3655076085,230000.0,5000.0,1815.0,1536.0,6838.8,14417.8,1950.4,98645.7,51448.1,909.4,11.0,0.0,8.0,2.0
8781,25.5558703,-80.3574391609,255000.0,5000.0,1874.0,0.0,8485.3,12638.7,169.3,96825.1,50263.9,1705.8,11.0,0.0,6.0,4.0
8793,25.5565212103,-80.3454626091,365000.0,9975.0,2789.0,2944.0,11548.3,10010.3,2284.0,94459.0,49036.2,5613.1,10.0,0.0,5.0,2.0
8807,25.5573072974,-80.3428489698,320000.0,5154.0,2493.0,2208.0,12214.2,9699.4,3154.1,93782.6,48606.4,6493.9,10.0,0.0,10.0,2.0
8866,25.5603220978,-80.3495332321,225000.0,3604.0,1369.0,2232.0,9764.8,11966.5,2458.6,94041.6,48020.6,4323.2,7.0,0.0,11.0,4.0
8867,25.5603286349,-80.3502060191,240000.0,3942.0,1606.0,0.0,9559.3,12107.8,2381.5,94164.8,48076.7,4093.4,7.0,0.0,3.0,4.0
8912,25.5635397941,-80.3496985232,313000.0,9279.0,2363.0,0.0,9244.9,12862.0,3368.1,93090.2,46899.2,4240.2,27.0,0.0,9.0,4.0
8922,25.5644098233,-80.3690438937,175000.0,7500.0,1594.0,1786.0,3557.5,17557.1,1705.9,96511.8,48602.5,2028.8,9.0,0.0,2.0,2.0
8925,25.5646231401,-80.3554156728,299000.0,11779.0,2619.0,34984.0,7341.4,14400.9,1703.1,93804.4,47010.1,2366.1,6.0,0.0,3.0,4.0
8938,25.5653962051,-80.352047105,250000.0,4125.0,1397.0,0.0,8314.7,13902.1,2852.9,92966.1,46453.7,3478.4,6.0,0.0,10.0,4.0
8972,25.5679033567,-80.3333073319,215000.0,4579.0,1570.0,0.0,14266.4,8691.2,7912.7,88843.9,44242.0,9698.0,16.0,0.0,8.0,4.0
8973,25.5681845591,-80.3330551102,243000.0,4080.0,1570.0,0.0,14342.2,8641.4,7853.1,88714.6,44129.0,9784.5,6.0,0.0,5.0,4.0
9004,25.570898542,-80.3548949081,255000.0,12470.0,1355.0,1100.0,7058.8,15828.6,2137.1,91831.4,44766.8,2581.2,7.0,0.0,11.0,2.0
9026,25.5718254279,-80.3617253526,222000.0,4500.0,1388.0,0.0,4832.4,17747.5,77.5,92916.9,45219.8,394.1,9.0,0.0,8.0,4.0
9035,25.5726461295,-80.3411776669,340000.0,5000.0,1888.0,0.0,11606.7,11626.6,5882.2,88777.0,43012.9,7157.6,0.0,0.0,8.0,4.0
9079,25.5756155949,-80.3270497278,210000.0,4060.0,1438.0,0.0,16311.1,7067.6,5368.3,85388.8,41213.5,11902.8,10.0,0.0,4.0,4.0
9085,25.5761268148,-80.3229153057,289000.0,8276.0,2229.0,27719.0,17672.8,5690.6,4184.4,84508.5,40882.5,13264.4,42.0,0.0,4.0,2.0
9098,25.5766688854,-80.3335636197,385000.0,7658.0,2927.0,0.0,14181.6,9051.7,6640.4,86181.6,41122.0,9808.7,11.0,0.0,2.0,2.0
9105,25.5770274417,-80.3441259969,260000.0,10855.0,2572.0,6380.0,10752.8,12363.7,4018.6,87967.3,41659.5,6443.3,59.0,0.0,5.0,2.0
9126,25.5784437754,-80.353888137,230000.0,8800.0,1409.0,8635.0,7764.5,15409.3,1447.3,89440.9,42077.5,3473.0,27.0,0.0,4.0,2.0
9129,25.5785594601,-80.3302555517,299000.0,6005.0,2148.0,0.0,15368.7,7828.7,5769.6,85043.3,40269.4,11030.4,13.0,0.0,6.0,4.0
9138,25.5789985584,-80.3512959001,253000.0,8250.0,1582.0,1185.0,8645.6,14535.5,2274.4,88776.8,41625.8,4356.0,14.0,0.0,7.0,2.0
9154,25.5807897312,-80.3410877313,280000.0,8250.0,1472.0,3890.0,12053.7,11112.9,3752.3,86293.8,40112.7,7788.4,10.0,0.0,5.0,2.0
9161,25.5813695671,-80.3453562098,305000.0,8250.0,2060.0,1067.0,10766.9,12457.6,2529.2,86948.7,40267.3,6430.8,16.0,0.0,6.0,2.0
9195,25.5833839734,-80.3425097786,224000.0,9130.0,1826.0,2655.0,11882.5,11424.9,2908.1,85801.5,39317.3,7483.4,58.0,0.0,3.0,2.0
9202,25.5837943829,-80.3284191213,486000.0,15413.0,2734.0,3700.0,16340.4,6793.3,4738.5,83065.2,38286.6,12061.5,0.0,0.0,10.0,4.0
9256,25.5861459114,-80.3341467439,360000.0,15120.0,2022.0,20912.0,14800.7,8575.6,4921.6,83381.0,37736.3,10381.7,27.0,0.0,8.0,4.0
9269,25.5871620963,-80.3178936616,620000.0,12572.0,4967.0,62600.0,16960.9,3232.2,1591.7,80195.5,36743.3,15720.2,10.0,0.0,2.0,2.0
9342,25.5936300201,-80.3457152856,355000.0,10500.0,2185.0,29424.0,12808.4,12133.4,767.8,83402.4,36016.3,7569.4,28.0,0.0,10.0,4.0
9348,25.5940261488,-80.3366451318,325000.0,15050.0,1720.0,23732.0,12699.9,9154.7,3769.8,81490.4,35077.0,10488.1,35.0,0.0,5.0,4.0
9352,25.5940768436,-80.3143500297,518000.0,8308.0,5077.0,0.0,15420.2,1892.8,1842.2,77455.8,34237.4,17470.6,10.0,0.0,1.0,2.0
9357,25.5947095374,-80.3295513469,400000.0,14273.0,1718.0,25017.0,12949.6,6771.6,6083.1,79953.2,34404.4,12771.9,8.0,0.0,10.0,4.0
9363,25.5950081898,-80.3503213796,230000.0,8250.0,1399.0,1659.0,11977.8,13622.4,292.1,83925.8,36010.6,6268.5,28.0,0.0,3.0,4.0
9388,25.597399289,-80.3235591479,350000.0,15875.0,2661.0,26770.0,12801.7,4791.5,4625.4,78037.5,33184.7,14964.1,55.0,0.0,8.0,4.0
9405,25.5016364208,-80.4103622587,188000.0,3575.0,1507.0,0.0,25563.5,23159.2,16018.0,122991.8,75003.3,2187.5,12.0,0.0,10.0,2.0
9410,25.5020829529,-80.401254344,255000.0,5367.0,2171.0,5833.0,25679.6,20170.3,13201.5,121113.7,73601.6,4658.0,4.0,0.0,8.0,2.0
9454,25.5062210352,-80.4102806079,210000.0,6396.0,1456.0,6999.0,25336.0,23221.6,16501.9,121608.9,73471.5,1561.3,12.0,0.0,12.0,2.0
9477,25.5068088697,-80.4023936881,310000.0,7800.0,2115.0,6300.0,24148.4,20676.0,14214.5,119905.0,72162.8,3147.4,0.0,0.0,10.0,4.0
9491,25.5080000348,-80.410851008,219900.0,5000.0,1659.0,158.0,24825.8,23484.3,16939.7,121201.4,72969.2,982.2,13.0,0.0,10.0,2.0
9499,25.5135450024,-80.3820708222,190000.0,5000.0,1592.0,923.0,20427.1,14685.9,10626.3,114136.4,67419.4,5928.2,18.0,0.0,11.0,2.0
9515,25.5144954319,-80.3814792765,229000.0,5000.0,1956.0,19000.0,20072.1,14622.0,10804.0,113740.3,67028.7,5627.4,24.0,0.0,12.0,2.0
9517,25.5150260247,-80.3864342136,210000.0,8411.0,2355.0,5303.0,20023.6,16212.1,11916.6,114471.8,67405.1,5119.5,29.0,0.0,10.0,2.0
9528,25.516734261,-80.4095303745,188000.0,4500.0,1210.0,1408.0,21803.1,23670.5,18060.3,118398.6,69942.5,870.3,14.0,0.0,10.0,2.0
9544,25.5195280722,-80.3914223818,165000.0,8183.0,1325.0,3192.0,18706.1,18337.1,14220.9,114049.3,66494.3,2957.3,30.0,0.0,11.0,2.0
9574,25.5224841387,-80.4091250016,145000.0,3847.0,1506.0,460.0,19905.9,24190.3,19194.5,116652.3,68013.8,2122.1,10.0,0.0,1.0,2.0
9575,25.5225691962,-80.3969149559,197000.0,9929.0,1353.0,22743.0,18153.2,20421.0,16227.5,114196.2,66203.9,838.6,41.0,0.0,11.0,2.0
9596,25.5233947988,-80.3929493452,185000.0,7500.0,1599.0,5663.0,17481.7,19272.2,15303.0,113196.5,65407.7,1566.4,41.0,0.0,4.0,2.0
9618,25.5252349166,-80.4017055757,155000.0,7500.0,1667.0,14.0,17864.1,22244.9,17778.0,114362.9,66007.4,861.3,33.0,0.0,12.0,2.0
9677,25.5309544814,-80.404321636,227900.0,6120.0,1601.0,2240.0,16450.0,23595.3,17134.8,113243.8,64553.2,2868.2,1.0,0.0,1.0,2.0
9703,25.5316654237,-80.3811923583,347000.0,5000.0,3034.0,0.0,13830.5,16387.4,11283.7,108512.0,61145.4,374.7,0.0,0.0,3.0,4.0
9721,25.5319678957,-80.3829520933,316000.0,5054.0,2172.0,2460.0,13773.7,16982.2,11578.7,108751.8,61256.8,591.3,0.0,0.0,12.0,4.0
9723,25.5319764406,-80.3819345646,382200.0,5000.0,3295.0,4735.0,13761.7,16625.7,11355.5,108562.8,61143.6,549.4,0.0,0.0,12.0,4.0
9739,25.5323015573,-80.3847547101,390600.0,5000.0,2844.0,2460.0,13751.7,17561.8,11901.3,109002.2,61383.0,845.9,0.0,0.0,12.0,4.0
9761,25.5326642649,-80.3819415708,320700.0,5000.0,2120.0,3920.0,13512.7,16649.6,11169.4,108359.4,60912.1,795.0,0.0,0.0,11.0,4.0
9777,25.53334915,-80.3840809597,369000.0,5570.0,2908.0,2800.0,13320.8,17395.7,11473.6,108555.8,60931.4,1152.9,0.0,0.0,12.0,4.0
9788,25.5336398543,-80.4010125511,221000.0,5736.0,1952.0,874.0,15066.4,22852.7,15729.7,111818.7,63193.1,2900.6,24.0,0.0,10.0,2.0
9903,25.5095788741,-80.4175793623,265000.0,6691.0,3642.0,1280.0,23847.6,25776.3,19202.4,122054.1,73444.6,927.9,10.0,0.0,10.0,2.0
9912,25.5119350589,-80.4199693341,244000.0,4000.0,2676.0,0.0,23069.2,26695.1,20277.1,121871.4,73080.2,2087.8,10.0,0.0,8.0,2.0
9950,25.495273996,-80.4345168475,140000.0,8250.0,1643.0,13506.0,17519.3,31110.6,21533.2,129585.3,80695.1,4222.3,63.0,0.0,10.0,2.0
9957,25.4973665502,-80.4293800716,165000.0,7875.0,1105.0,2094.0,19346.0,29420.3,20341.6,127948.2,79208.3,3613.8,13.0,0.0,7.0,2.0
9972,25.4632473707,-80.4254284141,386000.0,6000.0,3676.0,440.0,17645.9,28125.1,16628.7,137269.1,89731.2,6801.8,0.0,0.0,6.0,2.0
9976,25.4633270198,-80.4236324616,291000.0,6479.0,2193.0,9810.0,18209.2,27507.4,16010.2,136910.1,89457.6,7136.0,0.0,0.0,10.0,2.0
9983,25.4634746289,-80.4237267388,291000.0,6254.0,2193.0,9780.0,18181.9,27529.4,16034.6,136890.1,89433.6,7055.2,0.0,0.0,9.0,2.0
10064,25.4648427352,-80.4230827111,311200.0,5000.0,2415.0,440.0,18348.9,27290.8,15844.2,136378.7,88900.8,6761.9,0.0,0.0,11.0,2.0
10086,25.4651248646,-80.4227498507,328700.0,5000.0,3358.0,3640.0,18451.9,27174.1,15738.8,136232.5,88762.6,6738.9,0.0,0.0,10.0,2.0
10104,25.4654012836,-80.4255633322,254000.0,4000.0,1870.0,550.0,17521.6,28093.9,16673.1,136658.9,89055.8,6143.2,0.0,0.0,5.0,2.0
10128,25.4657556584,-80.4230350506,256900.0,9973.0,2752.0,14488.0,18352.3,27267.2,15862.0,136058.0,88557.6,6474.3,9.0,0.0,8.0,2.0
10144,25.466055893,-80.445913976,130000.0,3604.0,1430.0,0.0,10812.1,34777.4,23397.5,140341.5,91830.8,2141.8,22.0,0.0,6.0,2.0
10155,25.4662952763,-80.4342381893,235000.0,7807.0,2388.0,4232.0,14665.1,30940.5,19567.0,137987.6,89950.4,4235.2,15.0,0.0,3.0,2.0
10193,25.468876824,-80.4247706297,390000.0,6060.0,3676.0,6600.0,17753.5,27749.3,16412.9,135458.5,87788.9,5236.9,0.0,0.0,12.0,2.0
10212,25.4700903684,-80.4253612372,403000.0,11980.0,3676.0,11020.0,17516.1,27912.9,16579.2,135188.8,87453.2,4717.1,0.0,0.0,11.0,2.0
10214,25.4700920856,-80.4247057141,367800.0,7164.0,3112.0,4400.0,17798.9,27714.4,16382.0,135068.4,87363.6,4877.2,0.0,0.0,9.0,2.0
10215,25.470161004,-80.4308850283,285000.0,8352.0,3065.0,2970.0,15733.2,29738.9,18407.3,136205.4,88206.6,3731.9,10.0,0.0,5.0,2.0
10228,25.4711106804,-80.4234850316,175000.0,4000.0,1835.0,0.0,18205.1,27302.9,15976.6,134557.7,86883.7,4812.5,9.0,0.0,1.0,2.0
10255,25.4722300176,-80.4390120298,265000.0,5000.0,2393.0,3509.0,13130.5,32422.8,21105.2,137179.5,88774.8,1593.1,3.0,0.0,6.0,2.0
10292,25.4736570982,-80.4337888576,186700.0,6000.0,1957.0,360.0,14901.6,30703.2,19402.6,135743.6,87518.9,2127.4,10.0,0.0,1.0,2.0
10300,25.4738113369,-80.4296498827,212500.0,4936.0,2259.0,216.0,16290.5,29367.6,18069.9,134896.2,86843.8,2839.5,10.0,0.0,12.0,2.0
10306,25.473937639,-80.4442195035,200000.0,4219.0,1841.0,2352.0,11530.9,34150.2,22849.1,137718.1,89047.8,112.3,4.0,0.0,3.0,2.0
10354,25.4806587509,-80.4176362447,185000.0,3600.0,1245.0,356.0,20601.4,25428.4,14496.2,130623.3,82945.4,3343.9,11.0,0.0,8.0,2.0
10421,25.4857255148,-80.4230001295,255000.0,5009.0,1865.0,35390.0,19394.5,27227.8,16716.7,130109.0,82009.6,790.7,10.0,0.0,8.0,2.0
10453,25.4873425249,-80.451910112,131300.0,4000.0,1643.0,1990.0,11194.0,36772.7,26075.5,135428.1,86125.8,5246.0,18.0,0.0,3.0,2.0
10454,25.4873425249,-80.451910112,165000.0,4000.0,1643.0,1990.0,11194.0,36772.7,26075.5,135428.1,86125.8,5246.0,18.0,0.0,7.0,2.0
10461,25.4876381761,-80.4152655741,296800.0,5111.0,1954.0,3530.0,22048.5,24684.4,14616.7,128062.2,80275.5,2051.5,0.0,0.0,6.0,4.0
10490,25.4895301142,-80.4204548278,182000.0,3600.0,1643.0,1976.0,20684.4,26374.3,16450.6,128517.5,80408.3,362.0,12.0,0.0,7.0,2.0
10504,25.49058111,-80.4203030331,227000.0,3613.0,2232.0,0.0,20876.2,26331.4,16566.9,128178.5,80043.5,118.5,12.0,0.0,7.0,2.0
10512,25.4912194159,-80.429181882,149000.0,10089.0,1313.0,7090.0,18276.0,29265.8,19326.2,129662.3,81111.4,1938.8,44.0,0.0,6.0,2.0
10514,25.4912480263,-80.426915612,150300.0,7500.0,1131.0,2048.0,18967.4,28526.7,18649.3,129234.0,80782.8,1440.2,23.0,0.0,11.0,2.0
10528,25.4918263206,-80.4185240822,184900.0,4495.0,1643.0,0.0,21580.7,25755.6,16249.9,127470.8,79385.2,257.9,12.0,0.0,8.0,2.0
10556,25.4957044731,-80.4169699291,217000.0,5061.0,2004.0,815.0,22631.0,25350.2,16521.9,126015.9,77893.1,169.3,13.0,0.0,8.0,2.0
10573,25.4970384309,-80.4277321289,160000.0,8873.0,993.0,0.0,19737.8,28884.8,19806.1,127705.3,79043.4,3149.5,10.0,0.0,11.0,2.0
10575,25.4971182377,-80.4207741875,285000.0,10766.0,2935.0,2117.0,21732.8,26583.6,17846.5,126304.8,77952.0,1036.6,12.0,0.0,12.0,2.0
10578,25.4976109862,-80.4248707803,235000.0,7875.0,1994.0,0.0,20655.6,27931.3,19089.6,126978.2,78424.8,2397.6,0.0,0.0,6.0,4.0
10589,25.5080038,-80.4637049444,419000.0,38632.0,3732.0,29470.0,8556.0,40782.9,31659.6,132180.7,82047.5,13555.8,27.0,0.0,8.0,2.0
10614,25.5135385277,-80.4434255787,531000.0,50491.0,3578.0,20374.0,15279.7,34346.7,27279.9,126215.7,76498.0,9214.1,10.0,0.0,6.0,2.0
10625,25.4672806308,-80.4957124697,156500.0,4026.0,1606.0,1019.0,2033.8,51168.0,21784.9,150337.6,100314.2,8590.0,11.0,0.0,2.0,2.0
10637,25.4702707536,-80.499281006,248900.0,6000.0,1792.0,80.0,2492.4,52331.5,20788.5,150303.1,100147.8,10172.0,0.0,0.0,12.0,2.0
10648,25.4707039452,-80.4961813089,227500.0,6000.0,1712.0,0.0,1478.2,51306.8,21811.7,149501.1,99400.5,9453.6,0.0,0.0,5.0,2.0
10712,25.442955396,-80.4825884356,140000.0,10500.0,1600.0,0.0,7703.0,47890.1,25323.2,154317.3,105134.9,4087.2,30.0,0.0,6.0,2.0
10722,25.4454110292,-80.4821120306,135000.0,7500.0,1409.0,0.0,6910.0,47571.0,25491.0,153527.3,104302.7,3323.1,11.0,0.0,3.0,2.0
10727,25.4489377454,-80.4477754249,292000.0,9921.0,3202.0,34605.0,12336.5,36169.6,23968.2,145726.2,97609.1,6699.0,10.0,0.0,4.0,2.0
10731,25.4500998906,-80.4478811472,289000.0,8120.0,3190.0,0.0,12080.5,36143.6,24044.4,145401.8,97243.7,6344.7,10.0,0.0,8.0,2.0
10748,25.4526320902,-80.4489233373,246000.0,6617.0,2067.0,26320.0,11296.7,36300.4,24413.8,144862.2,96597.6,5409.0,12.0,0.0,1.0,2.0
10759,25.4539273549,-80.4461841386,283000.0,6270.0,2827.0,0.0,11876.5,35330.6,23549.5,143953.3,95763.4,5582.8,11.0,0.0,10.0,2.0
10762,25.4541113257,-80.4516425851,253000.0,6565.0,2492.0,0.0,10254.8,37101.6,25353.8,144949.1,96537.6,4440.9,12.0,0.0,11.0,2.0
10763,25.4542691961,-80.4527136794,255000.0,5744.0,2761.0,0.0,9930.1,37460.8,25730.9,145109.3,96648.9,4180.2,13.0,0.0,5.0,2.0
10791,25.4568502178,-80.4491807153,206000.0,3838.0,1701.0,0.0,10546.5,36155.2,24545.6,143671.0,95281.0,4159.0,11.0,0.0,11.0,2.0
10793,25.4568678952,-80.4486796247,205000.0,3838.0,1701.0,0.0,10700.4,36016.5,24404.7,143574.6,95197.5,4235.2,11.0,0.0,10.0,2.0
10799,25.4572849715,-80.4454938265,203000.0,3838.0,1995.0,2350.0,11619.7,34942.8,23332.9,142846.7,94583.4,4752.0,11.0,0.0,7.0,2.0
10807,25.4578586301,-80.4468078274,185000.0,3962.0,1543.0,1410.0,11144.8,35352.5,23753.9,142922.8,94592.3,4321.0,11.0,0.0,9.0,2.0
10828,25.458929953,-80.4522255859,224900.0,12490.0,2148.0,0.0,9252.0,36998.6,25430.9,143615.8,95061.9,2885.3,13.0,0.0,1.0,2.0
10853,25.4647234004,-80.5182001452,300000.0,19413.0,2808.0,6674.0,9011.6,58588.3,14386.1,155988.8,105591.5,14908.2,12.0,0.0,1.0,2.0
10874,25.5415308437,-80.5421581492,275000.0,54886.0,1758.0,8944.0,16941.7,68160.6,15585.6,143189.6,92186.3,38701.1,23.0,0.0,6.0,4.0
10887,25.9322366399,-80.3039476336,225000.0,4067.0,1328.0,720.0,19723.1,60186.3,1408.3,67303.2,67303.2,2694.3,29.0,0.0,8.0,4.0
10911,25.9488313902,-80.2979330109,225000.0,7500.0,1397.0,7592.0,22840.0,58614.5,5040.7,71449.5,71449.5,7884.7,31.0,0.0,3.0,4.0
10921,25.9449434131,-80.3042172981,260000.0,4886.0,1530.0,3059.0,23036.0,60584.5,4779.8,71259.3,71259.3,7286.6,30.0,0.0,9.0,4.0
10924,25.9496669183,-80.3066349399,255000.0,4436.0,1796.0,3217.0,24857.9,61470.6,2907.2,73154.0,73154.0,7572.2,30.0,0.0,10.0,4.0
10958,25.9501541051,-80.3099883322,233000.0,3292.0,1408.0,1860.0,25736.1,62612.9,2434.1,73889.0,73889.0,7401.2,30.0,0.0,5.0,4.0
10961,25.950813045,-80.3096093035,240000.0,3427.0,1523.0,670.0,25820.4,62512.2,2208.9,74017.4,74017.4,7163.5,29.0,0.0,10.0,4.0
10995,25.9342031441,-80.335160076,335000.0,7658.0,1499.0,19977.0,21477.7,70460.5,233.1,73934.1,71630.1,4932.0,16.0,0.0,4.0,4.0
10996,25.9345602751,-80.3411902271,270000.0,8372.0,1165.0,26528.0,20344.2,72460.4,649.7,75295.4,72452.6,2971.6,46.0,0.0,5.0,4.0
11016,25.9399851177,-80.3411548264,265000.0,7500.0,1416.0,3306.0,21939.6,72552.0,293.5,76803.3,74287.5,3058.2,47.0,0.0,11.0,4.0
11024,25.9420981447,-80.330538659,275100.0,11000.0,1800.0,7921.0,24658.9,69105.3,321.3,75240.4,73798.3,6237.4,49.0,0.0,2.0,4.0
11025,25.9420981447,-80.330538659,325000.0,11000.0,1800.0,7921.0,24658.9,69105.3,321.3,75240.4,73798.3,6237.4,49.0,0.0,7.0,4.0
11036,25.9485805008,-80.3301008515,296000.0,4895.0,1924.0,134.0,26622.2,69163.1,1229.2,77068.0,76009.9,4638.7,23.0,0.0,7.0,4.0
11042,25.9504019885,-80.3321690752,335000.0,3760.0,2311.0,3203.0,26750.8,69867.5,1858.2,78007.5,76865.1,3692.3,20.0,0.0,2.0,4.0
11043,25.9506379982,-80.3354432027,315000.0,5250.0,2539.0,822.0,26195.4,70965.8,2950.7,78697.2,77263.4,2892.5,23.0,0.0,1.0,4.0
11048,25.9520649048,-80.3360710537,280000.0,4750.0,1949.0,1248.0,26527.8,71191.1,2936.2,79247.4,77843.1,2376.3,24.0,0.0,5.0,4.0
11089,25.9290364283,-80.3461727558,390000.0,7500.0,2279.0,2503.0,17754.2,73990.7,1578.4,74874.5,71239.8,1258.3,16.0,0.0,4.0,4.0
11126,25.9448037529,-80.3373173233,285000.0,4140.0,1808.0,4004.0,24114.0,71431.4,1366.7,77394.9,75492.0,4062.0,26.0,0.0,2.0,4.0
11146,25.9480164964,-80.3466464614,300000.0,4800.0,1918.0,998.0,23508.8,74565.6,3289.6,80220.8,77678.7,1140.1,24.0,0.0,2.0,5.0
11152,25.9489386705,-80.3490234426,305000.0,4500.0,1585.0,3343.0,23448.6,75367.8,2935.2,80968.1,78274.2,361.5,21.0,0.0,12.0,5.0
11160,25.9535312856,-80.3431407205,295000.0,4500.0,1583.0,2182.0,25820.3,73552.7,1304.1,81077.3,79137.1,426.6,26.0,0.0,9.0,5.0
11174,25.8892946159,-80.3601136414,260000.0,3929.0,1565.0,3920.0,3286.6,70859.3,5556.5,68572.3,60727.5,5672.2,20.0,0.0,2.0,4.0
11185,25.8909069727,-80.3630060508,270000.0,4050.0,1608.0,1767.0,3502.1,71893.3,6549.7,69693.2,61738.5,6030.6,27.0,0.0,7.0,4.0
11188,25.8921350017,-80.3581573387,600000.0,18243.0,4552.0,1500.0,4416.7,71272.9,6191.0,68635.3,61196.9,4448.3,0.0,0.0,11.0,2.0
11191,25.8939435316,-80.3647803675,850000.0,39663.0,5207.0,83621.0,3921.1,73031.6,7701.8,70702.6,62888.5,5864.2,0.0,0.0,11.0,2.0
11203,25.8908535803,-80.3522632557,265000.0,4281.0,1432.0,6086.0,5087.2,69829.7,5407.1,66870.5,59825.5,3556.6,21.0,0.0,6.0,5.0
11222,25.9195009132,-80.3362573174,527500.0,7875.0,2890.0,25517.0,16581.7,70576.2,3465.9,70095.4,66756.6,3587.7,25.0,0.0,6.0,4.0
11278,25.9274682226,-80.3409748063,700000.0,11442.0,3752.0,46738.0,18387.1,72246.3,260.6,73293.9,70028.1,2920.0,19.0,0.0,12.0,4.0
11281,25.9011172125,-80.3442153653,399900.0,5819.0,2324.0,3779.0,9634.8,71550.2,8824.5,67251.2,61808.1,885.2,19.0,0.0,9.0,4.0
11313,25.9102521659,-80.3404813864,505000.0,12375.0,2479.0,6294.0,13003.6,71777.7,5740.9,68623.4,64241.1,2805.5,16.0,0.0,5.0,4.0
11333,25.8849737209,-80.3370228955,270000.0,4200.0,1473.0,2878.0,7016.6,65303.2,5596.2,61627.7,55503.1,4389.6,20.0,0.0,6.0,5.0
11339,25.8862771339,-80.3328054006,250000.0,3388.0,1417.0,1997.0,7973.1,64998.6,6848.9,60877.5,55304.2,2983.4,27.0,0.0,7.0,5.0
11355,25.8895342233,-80.3328796326,255000.0,3643.0,1387.0,298.0,9045.6,66034.0,7746.4,61675.0,56379.9,2949.6,26.0,0.0,12.0,5.0
11382,25.8889825448,-80.3407004572,285000.0,3405.0,1480.0,2518.0,7650.7,67187.5,5963.6,63495.5,57365.3,3378.5,24.0,0.0,8.0,5.0
11391,25.8901294413,-80.3410038987,250000.0,2700.0,1195.0,4513.0,7912.9,67596.9,6245.1,63843.8,57782.8,2961.3,28.0,0.0,3.0,5.0
11394,25.8911717105,-80.3425168528,260000.0,2729.0,1303.0,3283.0,7698.5,68188.7,6314.7,64463.1,58361.0,2606.8,17.0,0.0,6.0,5.0
11399,25.8799535094,-80.3351350291,229000.0,2950.0,1303.0,1883.0,5590.2,63445.3,4593.5,59997.4,53622.0,3815.5,28.0,0.0,1.0,5.0
11412,25.8720298333,-80.3255694339,249000.0,2730.0,1286.0,3418.0,5743.6,59344.4,4370.8,55743.6,49623.0,794.0,19.0,0.0,12.0,5.0
11437,25.8767821002,-80.3436763136,270000.0,3444.0,1475.0,4483.0,3378.2,64022.1,1916.0,61532.9,53995.2,6698.6,25.0,0.0,8.0,5.0
11466,25.7746299106,-80.4108288865,315000.0,5542.0,1547.0,2676.0,2897.3,57614.7,25056.3,71741.8,44780.5,2195.4,28.0,0.0,6.0,4.0
11498,25.7735330455,-80.4079326415,480000.0,6683.0,3080.0,31244.0,3263.4,56596.7,24068.8,70813.3,43825.8,3231.1,19.0,0.0,8.0,4.0
11505,25.7770399201,-80.406416424,336000.0,4500.0,2301.0,766.0,1995.0,56639.4,23822.1,70311.9,44387.4,2310.4,18.0,0.0,5.0,4.0
11529,25.7748395631,-80.3943358913,284000.0,3800.0,1429.0,2036.0,2720.4,52684.9,19760.9,66328.7,41141.0,2786.0,28.0,0.0,10.0,5.0
11530,25.7758046726,-80.4002171392,245000.0,3092.0,1200.0,1101.0,2382.1,54599.7,21730.9,68259.5,42690.0,2784.3,27.0,0.0,1.0,5.0
11534,25.7778709507,-80.4000339832,260000.0,2875.0,1175.0,5024.0,1624.6,54856.3,21849.9,68202.3,43206.4,2024.9,26.0,0.0,4.0,5.0
11543,25.7614664324,-80.4086329873,435000.0,18789.0,2661.0,770.0,7659.5,55278.5,23973.2,71245.6,41022.4,6053.7,11.0,0.0,1.0,4.0
11625,25.7591040192,-80.4102361563,307500.0,3345.0,1758.0,21125.0,8529.3,55544.6,24528.3,71843.3,40909.8,6631.0,15.0,0.0,1.0,4.0
11688,25.749634823,-80.4316665897,414900.0,7000.0,2566.0,6800.0,12026.9,61481.6,31905.4,79237.4,44785.3,10679.6,0.0,0.0,3.0,2.0
11728,25.7534682116,-80.4311475484,360000.0,5333.0,2714.0,1748.0,10670.4,61616.3,31543.1,78886.9,45349.0,9386.3,10.0,0.0,3.0,4.0
11729,25.7534820953,-80.4308578216,358000.0,5331.0,2313.0,2018.0,10663.3,61524.8,31447.7,78791.6,45270.4,9336.6,10.0,0.0,8.0,4.0
11740,25.7554231414,-80.4202252354,300000.0,4000.0,1428.0,1373.0,9898.5,58309.9,27899.1,75240.6,42723.8,7600.5,30.0,0.0,4.0,4.0
11774,25.7458142533,-80.4442099076,493000.0,6905.0,2830.0,45055.0,13962.7,65255.4,36195.9,83505.9,47797.2,14075.6,12.0,0.0,1.0,4.0
11803,25.7504150222,-80.4453154019,507900.0,5700.0,2730.0,43245.0,12483.0,65938.4,36322.2,83665.3,48876.1,13035.3,12.0,0.0,11.0,4.0
11805,25.7505540787,-80.4443020789,415100.0,7047.0,2481.0,1116.0,12346.7,65594.8,35954.4,83297.2,48586.8,12775.9,11.0,0.0,6.0,4.0
11851,25.7308307174,-80.4441487289,380000.0,6003.0,3110.0,54152.0,15385.0,61760.4,37450.3,84368.2,45685.9,18645.8,15.0,0.0,5.0,4.0
11867,25.7341564768,-80.4409327999,350000.0,5005.0,2165.0,0.0,16899.3,61796.6,36110.6,83128.2,45117.0,17092.7,14.0,0.0,12.0,4.0
11914,25.7338396222,-80.4263776597,350000.0,10977.0,1852.0,931.0,17723.4,58312.4,31554.9,78420.0,40620.2,13824.7,29.0,0.0,7.0,4.0
11928,25.7369816522,-80.429544944,450000.0,7000.0,3013.0,0.0,16611.5,59872.4,32219.3,79251.1,42061.4,14748.9,1.0,0.0,1.0,4.0
11949,25.7390963771,-80.4354799895,470000.0,7348.0,2484.0,87918.0,15928.8,61781.9,33876.0,81014.9,44145.2,14710.8,11.0,0.0,7.0,4.0
11953,25.7397112027,-80.4343013823,487000.0,6112.0,3317.0,0.0,15679.0,61669.1,33465.0,80616.6,43902.8,14353.3,0.0,0.0,8.0,4.0
11984,25.7322791941,-80.4106437937,315000.0,3442.0,1539.0,800.0,18294.3,53527.2,26967.1,73489.1,35716.5,8681.7,6.0,0.0,11.0,4.0
12014,25.7427501875,-80.4102440233,268000.0,5625.0,1593.0,7480.0,14448.8,54067.2,25535.2,72629.5,37441.3,8439.5,33.0,0.0,2.0,4.0
12017,25.7300838786,-80.3945708831,357000.0,7500.0,2157.0,1600.0,18963.1,48229.5,22637.0,68532.2,30662.1,3433.2,23.0,0.0,4.0,4.0
12042,25.7379903692,-80.3981659044,368000.0,8000.0,2143.0,2367.0,16088.2,49827.7,22362.1,69031.0,33155.5,4508.0,50.0,0.0,5.0,4.0
12052,25.7413990784,-80.3901780545,348000.0,7751.0,1465.0,8594.0,14845.0,47491.2,19454.0,66197.6,31720.1,1823.9,15.0,0.0,3.0,4.0
12054,25.7418485696,-80.3994797136,309000.0,7500.0,1640.0,12912.0,14694.5,50513.3,22245.7,69178.1,34289.7,4885.5,49.0,0.0,6.0,4.0
12058,25.7421319657,-80.3968648729,375000.0,9000.0,1895.0,20638.0,14590.8,49697.7,21412.1,68321.3,33646.8,4027.1,49.0,0.0,10.0,4.0
12064,25.7436983337,-80.3958825859,340000.0,7500.0,1738.0,6253.0,14024.2,49498.1,20904.8,67891.2,33714.1,3677.0,49.0,0.0,2.0,4.0
12068,25.6943925709,-80.3964495635,655000.0,13920.0,3524.0,49816.0,12876.5,41198.0,30411.9,73370.5,27377.8,2700.5,21.0,0.0,12.0,4.0
12091,25.724285858,-80.4011721326,370000.0,8000.0,1695.0,555.0,20941.7,49466.0,25590.7,71163.8,31641.4,5719.3,26.0,0.0,9.0,5.0
12131,25.7281162422,-80.4212808289,365000.0,7600.0,2122.0,24438.0,19797.9,55670.7,30775.3,77240.2,38284.1,12243.0,39.0,0.0,1.0,4.0
12137,25.7151211841,-80.4269106724,289000.0,5000.0,1801.0,1580.0,19143.8,53712.4,34572.6,80231.2,38562.8,14204.1,23.0,0.0,4.0,4.0
12151,25.7209634538,-80.4310327631,335000.0,10387.0,1980.0,2250.0,18130.1,56109.6,34783.4,80964.0,40412.5,15430.4,26.0,0.0,3.0,4.0
12166,25.7214882139,-80.4432558757,430000.0,4816.0,2093.0,25935.0,14319.9,59307.0,38387.3,84851.2,44372.7,19494.2,22.0,0.0,12.0,4.0
12174,25.7255696058,-80.4327519203,275000.0,5007.0,2033.0,334.0,18057.4,57704.9,34614.3,81129.7,41523.2,16053.6,32.0,0.0,5.0,4.0
12182,25.7278650735,-80.435579557,366500.0,4950.0,2197.0,2374.0,17467.4,58954.5,35168.1,81851.4,42676.6,16948.2,26.0,0.0,10.0,4.0
12224,25.7202785429,-80.4326017785,360000.0,7650.0,2386.0,0.0,17575.7,56349.5,35351.5,81531.4,40866.6,15966.1,34.0,0.0,9.0,4.0
12229,25.7233194935,-80.4441496765,300000.0,4200.0,1754.0,0.0,14239.1,59962.2,38398.1,84966.6,44832.2,19794.8,23.0,0.0,6.0,4.0
12254,25.7211153921,-80.4612102798,290000.0,5000.0,1493.0,912.0,8760.6,63854.0,43922.8,90614.1,50043.8,24632.3,10.0,0.0,6.0,4.0
12255,25.7211496892,-80.4601479052,330000.0,5000.0,1865.0,0.0,9077.2,63580.5,43590.0,90270.4,49707.0,24422.3,10.0,0.0,3.0,4.0
12257,25.722244645,-80.448920445,444000.0,10000.0,2763.0,1126.0,12617.1,60893.1,39985.0,86575.0,46225.5,21352.8,14.0,0.0,10.0,4.0
12268,25.7236191154,-80.4609209649,305000.0,5251.0,1440.0,45328.0,9281.8,64321.3,43526.9,90319.6,50172.2,23836.0,8.0,0.0,7.0,4.0
12275,25.7254561559,-80.4493667946,460000.0,7500.0,2737.0,31680.0,12947.2,61753.2,39715.2,86461.1,46688.9,21189.9,16.0,0.0,2.0,4.0
12297,25.7022720941,-80.4591830062,426000.0,5900.0,2741.0,24592.0,8548.4,59468.3,46133.1,91761.6,48233.1,23472.1,13.0,0.0,3.0,4.0
12316,25.704981156,-80.4490450437,385000.0,5846.0,2906.0,1101.0,11765.0,57198.3,42732.3,88282.8,45036.5,20422.2,16.0,0.0,4.0,4.0
12340,25.7080802924,-80.4507872921,370000.0,5050.0,2415.0,23471.0,11161.7,58303.9,42693.3,88491.5,45746.4,21260.5,14.0,0.0,6.0,4.0
12377,25.7123382652,-80.4432100448,261500.0,5744.0,2005.0,18701.0,13713.7,57213.3,39760.7,85658.1,43567.7,19445.7,29.0,0.0,2.0,4.0
12379,25.7129306413,-80.4465042675,235000.0,5160.0,1521.0,1581.0,12642.9,58192.3,40645.2,86650.6,44662.4,20513.5,29.0,0.0,1.0,4.0
12433,25.7106140938,-80.4096586728,320000.0,3858.0,1670.0,947.0,19996.5,48451.3,30763.8,75316.5,32670.3,8652.3,28.0,0.0,12.0,4.0
12437,25.7088722843,-80.400004848,330000.0,4329.0,1867.0,0.0,17128.4,45785.7,28736.5,72517.3,29431.4,5491.0,16.0,0.0,5.0,4.0
12468,25.6978717662,-80.4037691509,325000.0,7500.0,2068.0,1960.0,15559.4,43844.6,31921.7,75105.0,29894.2,5415.1,22.0,0.0,3.0,4.0
12496,25.6926762763,-80.4291420557,320000.0,9790.0,1803.0,1658.0,16866.6,49244.4,39821.9,83547.3,38084.9,13172.8,44.0,0.0,10.0,4.0
12501,25.6938007752,-80.4203400907,399000.0,10595.0,1953.0,28982.0,18851.2,47109.4,37355.8,80706.9,35213.5,10333.3,40.0,0.0,8.0,4.0
12505,25.6952133585,-80.42568609,500000.0,19533.0,2331.0,1455.0,18094.6,48816.4,38321.3,82126.2,36982.8,12129.9,14.0,0.0,11.0,4.0
12517,25.6988049823,-80.4275521595,315000.0,9350.0,2160.0,1482.0,17908.8,50108.4,38027.9,82276.5,37728.9,12997.6,44.0,0.0,7.0,4.0
12548,25.6863866278,-80.4476110316,250000.0,4080.0,1933.0,1027.0,10566.4,53287.2,45409.5,90077.0,44180.1,19268.7,20.0,0.0,6.0,4.0
12569,25.6888341285,-80.4503279252,347000.0,6300.0,2106.0,3380.0,9764.3,54481.0,46250.6,90584.2,45036.5,20108.4,21.0,0.0,5.0,4.0
12578,25.689522809,-80.4576598329,300000.0,4500.0,1770.0,1296.0,7457.2,56734.2,48083.4,92756.6,47463.5,22532.9,21.0,0.0,12.0,4.0
12580,25.6897098916,-80.4556438092,300000.0,4500.0,1770.0,664.0,8118.2,56179.5,47493.0,92109.4,46799.9,21869.0,19.0,0.0,5.0,4.0
12602,25.6926312705,-80.4540032753,349500.0,6300.0,2498.0,632.0,8926.2,56209.4,46446.8,91231.3,46272.4,21350.7,23.0,0.0,2.0,4.0
12603,25.6926435426,-80.4569544176,310000.0,5492.0,1740.0,1296.0,8043.9,57066.9,47285.0,92174.4,47254.3,22331.8,21.0,0.0,2.0,4.0
12631,25.6974343382,-80.4578562992,573600.0,6635.0,3561.0,1600.0,8525.5,58180.5,46604.7,91865.3,47628.7,22761.1,0.0,0.0,3.0,4.0
12637,25.6976945193,-80.4523479426,349000.0,6766.0,2498.0,2168.0,10159.5,56679.1,45005.9,90126.6,45845.2,20991.2,23.0,0.0,9.0,4.0
12638,25.6977221602,-80.4521672359,320000.0,6587.0,2146.0,1580.0,10217.3,56634.4,44950.6,90067.4,45786.7,20933.8,23.0,0.0,6.0,4.0
12642,25.6979957788,-80.4571067888,596900.0,6634.0,3757.0,2070.0,8843.0,58071.3,46288.4,91566.8,47396.6,22541.1,0.0,0.0,11.0,4.0
12655,25.670635884,-80.4645446926,320000.0,5250.0,2148.0,9296.0,4793.2,55978.1,45453.4,97409.5,50167.5,25047.0,19.0,0.0,5.0,4.0
12681,25.6736000214,-80.4642936503,285000.0,5250.0,1800.0,1443.0,4908.6,56303.7,46075.4,96908.5,49955.1,24920.5,20.0,0.0,4.0,4.0
12682,25.673718471,-80.456725519,350000.0,6005.0,2040.0,29365.0,7377.9,53995.3,44218.3,94584.4,47451.3,22404.7,13.0,0.0,7.0,4.0
12692,25.6749161257,-80.4496747079,430000.0,7504.0,2841.0,0.0,9712.8,52032.8,42823.3,92278.2,45094.3,20067.4,15.0,0.0,10.0,4.0
12696,25.6758120235,-80.4536090509,319000.0,6007.0,1767.0,0.0,8428.5,53352.2,43984.8,93340.9,46350.1,21350.2,14.0,0.0,7.0,4.0
12706,25.6785555248,-80.4620844628,310000.0,5000.0,2193.0,1682.0,5669.9,56310.2,46711.4,95552.5,49046.7,24101.2,20.0,0.0,2.0,4.0
12725,25.6821802145,-80.4602131149,340000.0,5400.0,2365.0,3226.0,6350.2,56299.9,47157.6,94489.9,48369.9,23457.5,18.0,0.0,11.0,4.0
12729,25.6825420867,-80.4702169176,389000.0,5400.0,2530.0,0.0,3035.7,59355.8,49693.8,97505.8,51630.9,26720.5,4.0,0.0,3.0,2.0
12736,25.672933729,-80.4329975648,293000.0,4200.0,1721.0,0.0,12446.6,46758.7,38566.0,87593.3,39739.1,14609.0,19.0,0.0,6.0,4.0
12742,25.6763868973,-80.4347366769,260000.0,4700.0,1638.0,0.0,13672.0,47855.2,39902.6,87576.5,40149.4,15134.1,35.0,0.0,12.0,4.0
12765,25.6840052933,-80.4374402975,349500.0,8317.0,2701.0,0.0,13827.0,49908.6,42582.1,87273.2,40824.4,15914.3,36.0,0.0,11.0,4.0
12822,25.6628077008,-80.4418045456,243000.0,1248.0,1474.0,1086.0,8836.1,47983.3,37940.5,91848.7,43284.1,17818.4,23.0,0.0,8.0,4.0
12838,25.6629095979,-80.4330282334,299000.0,6525.0,1740.0,0.0,8772.4,45287.4,35862.6,89244.2,40446.2,14943.5,29.0,0.0,4.0,4.0
12841,25.663326771,-80.4330728322,312000.0,5500.0,1844.0,576.0,8923.1,45368.1,35988.5,89183.4,40423.4,14936.7,29.0,0.0,12.0,4.0
12860,25.6688937264,-80.4328747737,288000.0,4200.0,1639.0,2070.0,10975.8,46094.1,37430.8,88197.1,39931.6,14625.8,17.0,0.0,5.0,4.0
12867,25.672811394,-80.4314585796,242000.0,3800.0,1500.0,1440.0,12391.2,46299.0,38204.2,87172.7,39271.4,14134.8,18.0,0.0,12.0,4.0
12886,25.6789804958,-80.4258232358,253000.0,6416.0,1373.0,0.0,14814.3,45705.0,38837.3,84520.4,37138.1,12169.3,31.0,0.0,3.0,4.0
12889,25.6792563393,-80.431712321,333000.0,5684.0,2625.0,0.0,14727.1,47434.0,40067.8,86237.6,39043.9,14084.8,28.0,0.0,6.0,4.0
12924,25.6588393543,-80.4284442609,399000.0,6874.0,2491.0,29815.0,7462.8,43326.3,33749.7,88593.3,39328.8,13769.0,22.0,0.0,8.0,4.0
12931,25.660164197,-80.4271457254,395000.0,8177.0,2791.0,26966.0,8024.1,43089.7,33792.5,87968.5,38766.3,13212.6,25.0,0.0,8.0,4.0
12946,25.665597488,-80.4316289369,235000.0,3800.0,1180.0,1080.0,9791.9,45234.8,36267.7,88371.3,39760.5,14324.5,13.0,0.0,4.0,4.0
12956,25.6681690206,-80.4282657967,315000.0,6520.0,1880.0,3132.0,10822.1,44595.5,36223.8,86955.9,38479.1,13119.2,22.0,0.0,5.0,4.0
13019,25.6627194113,-80.4045601805,395000.0,8000.0,2247.0,1115.0,7351.4,36707.2,30023.2,81063.6,31382.5,5839.3,31.0,0.0,7.0,4.0
13022,25.66381751,-80.4004284033,335000.0,7700.0,2203.0,2956.0,6782.0,35699.0,29687.6,79696.5,29974.0,4431.8,23.0,0.0,10.0,4.0
13027,25.665290064,-80.4056791053,470000.0,13024.0,3261.0,27239.0,8277.9,37452.5,31013.4,80851.5,31412.8,5860.2,23.0,0.0,6.0,4.0
13046,25.6690401757,-80.4103893244,275000.0,4556.0,1699.0,0.0,10360.8,39502.1,33013.7,81610.0,32665.3,7241.5,38.0,0.0,8.0,4.0
13057,25.6708667117,-80.4019987242,372500.0,14756.0,2167.0,3450.0,8897.6,37415.1,32162.3,78867.7,29802.6,4408.9,23.0,0.0,4.0,4.0
13060,25.6714995565,-80.4146926263,310000.0,4600.0,1683.0,0.0,11986.4,41171.5,34523.7,82436.0,33876.2,8608.8,16.0,0.0,8.0,4.0
13092,25.6772512201,-80.4153155916,340000.0,8175.0,1967.0,23246.0,13638.7,42385.7,36370.1,81662.0,33766.0,8737.8,38.0,0.0,4.0,4.0
13097,25.6779728622,-80.4088699022,490000.0,18560.0,2631.0,27656.0,12287.1,40707.1,35525.2,79619.0,31571.9,6547.6,22.0,0.0,9.0,4.0
13150,25.6274293142,-80.4009920307,260000.0,3600.0,1325.0,3297.0,1169.5,31269.4,19325.3,87403.4,36340.0,5724.9,26.0,0.0,10.0,4.0
13151,25.6277622406,-80.3991834838,280000.0,4050.0,1328.0,1422.0,1553.0,30713.1,18964.1,86858.4,35791.7,5117.7,26.0,0.0,12.0,4.0
13163,25.631228868,-80.3984360163,236000.0,4000.0,1495.0,0.0,951.7,30807.0,19678.0,85889.2,34836.8,4525.9,28.0,0.0,5.0,4.0
13187,25.639149988,-80.3940466868,324900.0,8683.0,2252.0,6428.0,221.0,30208.5,20931.7,82989.6,31989.4,2824.7,14.0,0.0,6.0,4.0
13196,25.6415847683,-80.3911841113,285000.0,8003.0,1699.0,0.0,416.9,29632.5,21152.5,81679.1,30696.1,1907.5,14.0,0.0,4.0,4.0
13213,25.6447079569,-80.3865375841,315000.0,5517.0,2218.0,2112.0,902.6,28619.6,21406.9,79792.1,28810.3,355.3,14.0,0.0,7.0,4.0
13220,25.6304331668,-80.4047812921,323000.0,6946.0,2471.0,0.0,380.3,32741.0,20969.4,87721.0,36704.7,6646.4,19.0,0.0,3.0,4.0
13237,25.6342705585,-80.4025072997,290000.0,6087.0,2111.0,1126.0,78.6,32417.5,21393.6,86275.0,35289.2,5728.0,14.0,0.0,3.0,4.0
13279,25.6267631554,-80.4260698163,215000.0,4624.0,1576.0,875.0,2310.2,39306.0,25969.3,94157.3,43306.9,13779.0,35.0,0.0,2.0,4.0
13280,25.626993962,-80.4236374414,334100.0,4400.0,2496.0,0.0,2260.7,38534.4,25312.3,93456.0,42578.1,12971.0,35.0,0.0,11.0,4.0
13298,25.6289692716,-80.4180697246,290000.0,4399.0,2204.0,0.0,1602.4,36882.0,24135.6,91554.8,40647.7,11040.4,27.0,0.0,1.0,4.0
13306,25.6307704147,-80.4225737908,235000.0,4829.0,1161.0,0.0,872.2,38455.2,25724.5,92386.8,41578.8,12399.5,30.0,0.0,5.0,4.0
13327,25.6324906784,-80.4160741021,260000.0,5429.0,2248.0,37588.0,325.1,36539.5,24333.5,90266.0,39411.6,10229.8,23.0,0.0,2.0,4.0
13347,25.6339591018,-80.4315882952,290000.0,4500.0,2067.0,1270.0,829.2,41617.3,28855.9,94175.6,43621.1,15285.3,20.0,0.0,10.0,4.0
13363,25.6360608854,-80.4338234866,265000.0,4880.0,1410.0,3709.0,876.6,42525.6,29884.7,94380.0,43952.9,16014.0,16.0,0.0,2.0,4.0
13375,25.6377909937,-80.4406665859,402500.0,7351.0,2562.0,37074.0,187.3,44860.2,32130.0,95943.0,45731.5,18238.6,16.0,0.0,7.0,4.0
13402,25.6295298717,-80.4539788129,346000.0,6000.0,2208.0,29870.0,3066.7,48542.9,33792.0,101257.1,50968.0,22764.8,15.0,0.0,11.0,4.0
13421,25.634625899,-80.4535337578,365000.0,6000.0,2598.0,0.0,1239.4,48725.9,34891.8,100158.3,50073.8,22502.0,15.0,0.0,5.0,4.0
13432,25.6374958842,-80.4514500812,355000.0,5202.0,2693.0,21750.0,196.2,48297.2,35106.0,99043.6,49053.7,21801.3,13.0,0.0,3.0,4.0
13442,25.6383669625,-80.4549540665,422600.0,5281.0,2159.0,1560.0,49.0,49494.0,36158.8,99878.2,50009.9,22945.1,0.0,0.0,2.0,4.0
13454,25.6384218443,-80.4528175346,463400.0,5281.0,2648.0,20572.0,50.0,48813.4,35662.5,99260.7,49347.4,22240.9,0.0,0.0,12.0,4.0
13494,25.6146331138,-80.4429676314,328000.0,12061.0,1664.0,38190.0,6518.0,44271.4,27587.8,101227.1,50338.1,20297.4,21.0,0.0,4.0,2.0
13501,25.6177390667,-80.440394245,365000.0,15000.0,2663.0,950.0,6561.9,43527.6,27585.1,99872.9,49014.2,19133.4,10.0,0.0,6.0,2.0
13546,25.597321471,-80.4406400925,317000.0,6100.0,2043.0,1732.0,1980.9,43389.0,23771.7,104431.7,53363.7,20776.8,18.0,0.0,11.0,4.0
13573,25.6010316212,-80.4329375724,310000.0,6780.0,2023.0,28240.0,859.7,40847.3,22141.8,101608.2,50538.5,18148.9,18.0,0.0,2.0,4.0
13589,25.6029276982,-80.4371751909,342300.0,5504.0,2259.0,218.0,2394.8,42218.6,23714.7,102269.8,51210.6,19500.4,1.0,0.0,1.0,4.0
13590,25.6029361979,-80.4345672984,398000.0,6607.0,2984.0,2800.0,1708.5,41375.5,22953.5,101593.5,50528.3,18658.9,0.0,0.0,5.0,4.0
13603,25.6036114456,-80.4425439356,380000.0,5000.0,2514.0,550.0,3913.3,44005.3,25364.4,103524.2,52491.4,21278.5,0.0,0.0,6.0,4.0
13620,25.6047691575,-80.4438796742,395000.0,5342.0,2573.0,3200.0,4526.4,44416.5,25948.9,103616.7,52601.1,21670.0,0.0,0.0,6.0,4.0
13642,25.6059220922,-80.4441271309,391000.0,8000.0,2571.0,275.0,4836.5,44517.0,26215.4,103420.4,52417.8,21749.2,0.0,0.0,4.0,4.0
13644,25.6059284338,-80.4438844773,394000.0,8000.0,2571.0,4275.0,4775.8,44437.1,26147.0,103355.1,52350.8,21669.3,0.0,0.0,5.0,4.0
13657,25.6070867217,-80.4409985753,388000.0,7500.0,2703.0,34710.0,4302.1,43485.7,25541.3,102341.2,51328.9,20691.2,20.0,0.0,10.0,4.0
13685,25.597357797,-80.4258065417,295000.0,5500.0,1815.0,29076.0,1696.5,38497.8,19433.7,100652.5,49614.0,15925.1,15.0,0.0,4.0,4.0
13710,25.6011231972,-80.4269382979,279300.0,4020.0,1700.0,5052.0,550.4,38850.6,20478.4,100083.8,49021.7,16156.0,18.0,0.0,9.0,4.0
13749,25.6106518245,-80.418898736,275000.0,7228.0,1568.0,5392.0,411.5,36260.0,20621.7,95806.2,44736.6,13355.4,22.0,0.0,12.0,4.0
13767,25.6091979413,-80.4268382355,300000.0,6567.0,1912.0,6866.0,1158.9,38843.5,22182.7,98201.1,47137.5,15988.6,23.0,0.0,12.0,4.0
13770,25.6095596363,-80.4238670192,290000.0,5002.0,1554.0,35777.0,488.0,37874.3,21532.0,97334.1,46266.2,15006.9,19.0,0.0,7.0,4.0
13797,25.6173822122,-80.4293120737,300000.0,7500.0,1843.0,28092.0,3669.7,39898.8,24773.5,97019.3,46038.4,15739.3,27.0,0.0,10.0,4.0
13799,25.6177004403,-80.4265828167,274500.0,7500.0,1798.0,2126.0,3034.0,39000.6,24205.4,96220.3,45220.3,14844.8,26.0,0.0,4.0,4.0
13804,25.6200507332,-80.4259827798,265000.0,4675.0,1471.0,2458.0,3441.3,38925.9,24705.5,95575.1,44601.6,14393.0,25.0,0.0,2.0,4.0
13808,25.6217598241,-80.4245623502,280000.0,4675.0,1664.0,0.0,3474.7,38522.6,24690.6,94825.7,43864.1,13739.1,27.0,0.0,5.0,4.0
13864,25.6253378781,-80.4203790091,380000.0,5000.0,3065.0,2202.0,2875.7,37382.0,24085.6,92944.6,41998.5,12065.3,16.0,0.0,11.0,2.0
13874,25.6043128949,-80.3864245046,185000.0,8025.0,1225.0,3530.0,6310.6,25496.6,10607.1,89353.7,38838.3,2776.8,41.0,0.0,4.0,2.0
13879,25.6078632994,-80.3868882861,250000.0,7500.0,1629.0,11787.0,5411.2,25686.0,11337.1,88565.2,37931.2,2874.2,25.0,0.0,4.0,2.0
13893,25.5987402157,-80.3848164937,195000.0,8050.0,1093.0,3207.0,8141.6,25007.3,9412.2,90412.9,40136.2,2624.2,25.0,0.0,5.0,2.0
13898,25.6000689037,-80.3805702111,170000.0,7875.0,1072.0,2700.0,8780.5,23611.4,8235.2,89093.2,38936.3,1147.5,45.0,0.0,4.0,2.0
