row_id,feature_group,group,split,included
0,66e20e4b23631a62b328621b984a6dcb0acbd32af9ae5caeee590195322b48e7,e6fc24d1450de5b3497f54d9d116f1bbdadf8b3a148f51ddf41cfbb93d393f8b,train,True
1,d983b8010de1e515bf8278c47f4ba306273119177b9f3824e1fe5cc6553e9017,213c9a024d0dd2e35b7cc807209db5a4d931c26ddf935aa58be2c263d88d19f6,final,True
2,2a3b84233c04ad5fd5d1cc610e9eae039a56503f900b87881780010493389d8b,d48fca65de9de1bfdb06beb7eeb25230b1c74c838d15b0e5eda4022a319b368e,train,True
3,6736cc7e30fbdcbf95150cfd1c6ae664fa0a4be76aee385b7ef039d140770767,83914af0034ce65c721427b713f363742086e7971bf36ed9429d80130b2d31b6,final,True
4,105434188e00928efecd000d09eaa32bfff32c8c41e235037332d1e9a4e3edf5,1b48474c5bb9550896b0fae25cc7d69c9af3246bb5a04146b22e86e97b47f618,final,True
5,ac4b09832a9ddca05b098eeaf08d23216d8ca0e7562cfdff5d8549edf1b2a1cb,0d6511c146c249a949b243bc321b4bf407ee7342444fb7dd32ca9c8872a18e38,train,True
6,1e489e0d284b8ae6b27a5d97e64922e783c42a4c767dd5a2830fcab4bfba41a2,e5e58c2da5c63d7a5b095cc0196cc1d460e02e2b4ce8c5b6b9e7b8c00f0d457c,train,True
7,db192a9f23b9cc5fb2a4b285f65fb72fb438c39ebea07852781179313bbfd755,49c6cd99cabfb4982fd2796c4fba48c65a9e40dd14ca58d95fbce34505670eb0,final,True
8,ef456acb1fec0908edff13250223673af2404bb5184af01bdc976931cf8b98b1,2146aaa4eaf17d1e85d04a779c62411fd1494b4d5bb90b884d24109e1736c2af,train,True
9,139f0268e2601e80be38be55c808c97dadd1a3df7677eeb9d2f79532be023dd6,54357dd2c70a50559b4fb33afb5db96a281b1b5be371defa72fbf0b7470faefc,train,True
10,44bc94cbab5caec8226f51af72d441770b4a51da5ee605cff41b1c6b739dda56,491e56fcdd68cccf4d5e4af7f4d23cdc2fb07907dcf1541207e20113c4ea07cb,final,True
11,15c7907061423a470c3c0aa4f5b4c06f4f574608699bd539f569a500c9c01187,313458e328af44f84154b6072fc9f2c93e4035c7b0e416d9664ce26247720b79,selection,True
12,ea93bb95ba4d0ea6489a1c3d5163ee8e60e2f77589fb43d118d40afa1da2fbe2,53c0c572a8eea2e897b7fa80552c39cf1355eee327fc2c70e3a4124ef5aef510,train,True
13,0cefaa1b3117948b840ddb2ca903090c6754de12c6a28b04deef771a65f7cafa,535f1fccce0eb2c6be2c9b7541512c990f7dad840d7a7c961ce54a83e5d0a743,train,True
14,14dfef317c63f2593549339496b328031829f07f64e73438c63ef75632d19548,137852a3a805235c60b9275bb0fb8e301484b16e1ca73708e73b45a69c7eb01e,train,True
15,0cefaa1b3117948b840ddb2ca903090c6754de12c6a28b04deef771a65f7cafa,535f1fccce0eb2c6be2c9b7541512c990f7dad840d7a7c961ce54a83e5d0a743,train,True
16,40e08ff3c2a0551549cc314813b7c888d6d72d3d58b93ced1a6aa71e6e56f6dd,5a91aca41482913ec354735d1427ceb50c53dff1588edd5a3adc287faaa89923,train,True
17,035c84df7ae330f6631aa8e68f72c7f4e571ce88abf50d2dfda5f5977e6321e4,f0ca44f40a33a8ce7ff715c2c561973c7e339e810474647ca771b7dc63a64391,final,True
18,2815e064b3ec9a057011dd2c618d7146e3505d3636313f18ab255a7580650af3,0d0976a6d44d2d9eb05f62e3e0f670038cc09cec06579a60dd482717455c06f3,train,True
19,ade084bc9ce07b8d2a20d20e5d5a7afc295041fe8d5dcc94b8603786df6572e3,d5d55e70430d656718d4773c18532ddbf72df50b4bdfdc787e7a792ad9d008fd,selection,True
20,fe3bdea2ee13d62d9e88ef0b50f25043ea48c2f7e4bf3d5ef80d9085aec62ab9,5ae6eb1c5f73112e7a770ca36b16f57913efdca660b00c741924674276e800e1,selection,True
21,80c3b88520861a93e0b7926b299aaeda9241881792260745091994bb317b025c,f2c74cc9e73be95ea25a42223fce171153aa657db59987d5ff526dfbbbb51c83,selection,True
22,26842be9f32069a20d29e3a282b684c0a0db70f6c3c34a192b6be2445a194e29,7713eb1abde30a722418c1c189ec85efdf93b4debaa636e64e65c185c4b1c586,selection,True
23,329d72babf5f88617fc0ec4b4ffd8c1076014a5341239765580b24f5c427c13d,8f30c3b914a288b575f00fab944584741916549994f9d4215c44cfeed933dcd9,train,True
24,a1f2005b3ae6f1bd957dcbc384263dd7c6b5cf92e0dccd79a811d163badad8d7,61ceded1a242d13dd1797e0818e41f0878440b5ecdc74a0d816c02634ee272e4,train,True
25,4ba811f7d4bafe11ae80499bc3cbac6ca846260f7409a4752462bf01363e58df,104c1c4f9708de3746c8eb541b7a81fb71c6d0beff1d4819bb0c9a862f7c749f,train,True
26,3e01d0a2130ca72399731e35c4ea3f4c4be6c4f240da25354c69f6a1ce3234f3,0eab5ccfe64642eee2fb62b74e2a610590a244fbcfb3105e08b5677f1cf46727,train,True
27,dc5af5d05ce0631f2e365742b5edfeeeeec680e2c29ce1784d027135f2c516ea,cec25d93351f9425aa4311b4a7ab876faf4528a1fddba1ce3873a4fa36685112,train,True
28,8fe5a1923efeba787561e16d2fa1b2b8dc38a0b3d0c058372607ab1a0066c7cf,81a35876e3cfd1102aa4f9ba95fb3f61799ae6a0f695d450f2d0fdba353df623,final,True
29,589604903a3f44fbd317da00a52e47c03403d327c6370799a14198c462a7949e,1113649ec78cc3276932c346b9f316d26dcfdfad085374b33644526cde702ada,selection,True
30,4ba811f7d4bafe11ae80499bc3cbac6ca846260f7409a4752462bf01363e58df,104c1c4f9708de3746c8eb541b7a81fb71c6d0beff1d4819bb0c9a862f7c749f,train,True
31,3e01d0a2130ca72399731e35c4ea3f4c4be6c4f240da25354c69f6a1ce3234f3,0eab5ccfe64642eee2fb62b74e2a610590a244fbcfb3105e08b5677f1cf46727,train,True
32,dc5af5d05ce0631f2e365742b5edfeeeeec680e2c29ce1784d027135f2c516ea,cec25d93351f9425aa4311b4a7ab876faf4528a1fddba1ce3873a4fa36685112,train,True
33,8fe5a1923efeba787561e16d2fa1b2b8dc38a0b3d0c058372607ab1a0066c7cf,81a35876e3cfd1102aa4f9ba95fb3f61799ae6a0f695d450f2d0fdba353df623,final,True
34,589604903a3f44fbd317da00a52e47c03403d327c6370799a14198c462a7949e,1113649ec78cc3276932c346b9f316d26dcfdfad085374b33644526cde702ada,selection,True
35,d857748b8bfbee60f952772a3bbf897cd4599b0d2b3ba2dd044e3acc46cbbae7,fa180cd303bc5780b5b4ac5ef3bef9412ee101c48e7392a50e6e3eac18688c28,final,True
36,db54c6ced154bb306368109736223a081335e44f147233985396f228b56996bc,23a8c3ec50100e26e9bfb548e4489e87b02a99165250216074416359b6a97671,train,True
37,cc5079926df4532d3b1b58fa23981c43c262657f98a6748caa039e0456b95e49,01c5bb486d1d4d2ac9d037531c498836b7110272a91d8f65767813f11ea2b0ac,train,True
38,189911c3383aaffb64ce31014bc3ec9dab6b2e28923f3776a4bff16c3286e010,0461363668051fd4f6c9f30bbc1719b174b67d9d280fd876bcf336b1a1c50760,selection,True
39,1b8a4cd280d6231e466bd1bbce868ff6392fe95d15655c72ca3411ace66a10a2,cd010941363d7acfbf516c7712a1267903e32a08db34b3d3bc7eb6ba06d66145,final,True
40,1536ad03430085fe92c44082ab7519b0f88bc44564c35e2433eb0ea345d67f1d,2582404df0cf5d579bcdf61f91fe08cc5130703cea00234d22ceee984e628190,selection,True
41,0a77f2004ad87a922f712032a9ce9c376f7f05bedf16812bb459080ce62223d6,3f49bc607d98c9a21ac69ecb90c03fc6502f41d837aaa77c52e7a4962b420240,train,True
42,4e7f3a9d161b2604d069c557110bdd7ec873bcdfa64ae98c4cabd05aae4585ef,8d51ba0459f6cd712b0cdedc625da8422fe85801654b5bbbbfe47c86377b2309,train,True
43,ffa55ec0ff73ec4839099ceb65a6325e565ab2660d5c563af615d85f91816e5f,1f447c56edcaaed900fa18c20a718a7c7ff289cc1efe6f4009aba73c198502d6,train,True
44,de1c22efb17335b6f59b511df35936541a66100028166c98723067299aeea0a8,27d10958b9aa0d61e5aa1332a4902c2ed6e84a69d340830e5a72d9bc5e0a3a71,final,True
45,64798442fabd9e77e68b8b7778c47dfae84eb9af5ebf76894452d7fc53247854,167584e380d776dd0771355d122d6e734cb3f1e7da1e9545a90e31a020b3584c,train,True
46,78d40e8e9c11535ffa632e91acee65600d0e229e7d5ceba3a976daaca3b80e08,a10afc0861a26915f64e4723944abd8ea2b35129b4dda515220fe3209d55cfd2,train,True
47,46fddef5284c258100864c1ac9afdf01ff9546cb77a9f25a1ab20357f486ac0a,3db1a215acc7fffc6d1d6cca2d112eb6713caa34aeb6b784895b447fdc8833bc,train,True
48,82d78ff98ab79a800745172c90a5839870780537e77087d137975e82c3d013aa,7df0de8312802dca52d6c89e173fa97761840b0f8e30c977547e437f4cc9d4c8,selection,True
49,44f4956780475e188e02c4dc12454bfdaefa80535bb68abfdeb7b39d231ad13c,b5b0a68bcda85330c4ed173194c5188af54d0909203a940b6d4657759a7badc5,train,True
50,08c4efe7f7d524db794c0af1d520c51b7c11aa0b73b907554cce39045403c19e,5aaff5fdb55bce75238f394fb3a8b80eaf364def5841a97631a34fa2c97cc683,train,True
51,78d40e8e9c11535ffa632e91acee65600d0e229e7d5ceba3a976daaca3b80e08,a10afc0861a26915f64e4723944abd8ea2b35129b4dda515220fe3209d55cfd2,train,True
52,863bf6118fa24e7e051ef0e0ac1aa88930f4c157c83cad2d83ddcb864f2fd1f2,4964d3332abd3ecf65dc04402b58d8f6dab96236373bed3ff44dc1e2efc3373f,train,True
53,85ae2fe2addb54848c15f65b980246aa7a96d3fc4b386ac10729ebd77f0c1d6f,0002987aaf91d1a2292d136b802218e20c28c5a91067d95e70a3b2ec28f29e78,selection,True
54,a97995ba0443c9208bf9f58587a034770a8ba4b56f97e2e81698129edb63fba0,9e562a1a6d575bd2640f72989899dda95d50559c1f725e66908530195bac2678,selection,True
55,d1ac8e0701c6d7720940a77bfed3ce350681387f542f14df7e932f896bc9b621,79f5c363fc88647776a36af8c1d4fda36c43f9b206981bac0086ca685a803228,train,True
56,c5fa7d1c6164788be88e3ada333030b6e0a9b1e4ff79ab75c5c5fc0b492b59be,4f8bbafd1a79539fa3e5ee9dbf95305f8267e151a04b35e6f8b111d20f6afb32,train,True
57,7e9c32cd639e42e3159833b7062b4615988f37eb0543e3936e8767f7df842d81,a2127b2ff0ec2b5f4e31414e7ba2b84e8596e5b067eedf7306b5b70e63747485,selection,True
58,80aff6a2df36ae626366882b71c44f53bebc613d641ae955eb401195e5cdb1a7,d5438cfb5761e9d2f809bc3b6085fda0d156f3213832f687498649107a1fa0cc,train,True
59,5d4a7276141817010e6792b9b7cdfb2f2a86c8934417cdda3f8cfd8eb66bb5fd,45dd976cf24567b3841fc5eab72971aec9514be4166746c45ea4c397c28e7ad0,final,True
60,b63139dd9337c2ded3dccf3acf519dc857c696e34a569a7429b7f6b08d22e1d1,d0641ee802aefb699b91ad489e57ed51a89559df7be88b3826674801866c1349,final,True
61,a1f0e0b9bc8021da8bcf91f8d974ea60754953e553d88349d216e86098f2d5a2,c4b574fb41a087118a2f2a108aaa1c6b74fed8ea2d63bf69a2cad1892afa9435,train,True
62,62ff999264a0b89415fdf78b874567609e6836b7dfe7f0e4aacff282a0f87529,b38ef69e77e942d3b14ae2e108b8b1ba65c4f58884d8657fb2b13d5f652e1b69,train,True
63,3d6c9fb8379d87c50263aa22b7dc49543e4c3d00e86a6d65c0955b97634abc3c,9b2c522b7da7017d8c37c6673ce947ce7fae3296dc249c9edee91f6645b47dcf,train,True
64,a0f3109ee54da6b699a54a2812322c8a2d82603f92e1c4c683a67150cc8735c4,93bd34b5c8aa6e63d587f3f5dd88d58d6473e3297ae828548c443d42b5a0d0b2,train,True
65,91e973f3dd59bb10e1201db1bcb3500927325d33e69849e14f15a6fe046776b4,a2b2a0ba2f7e4c337c47f561e365f1bb1fbac06dd763246de674a832f9d85dca,train,True
66,4f9c434d1bafe3702538dc3be18800ab6c892eefa33b85b511266e4321bf6a8c,1ad147db847d51af8e7e60820087bc179a42a19a7c3ef97dc11ae13493637b24,train,True
67,024c98f842c4c1a342075f3bf551c80ecb6e2653743a13bf9c99c027b5ec7f5d,94acc1f6ed85bc604dce6c4b848188cc50e2862690b7dde211d94f9892be4722,final,True
68,20c865341aaa0b7e6a7c5cdf1b95799b50ebc170cd4c6c459d775d903365b9f9,f3380ac534fa67cbbefd0728b6f8891812528d30b8c0a04375a4d7fe3042327f,selection,True
69,dce262bb1a7b90de541073a6cb302be887a910ef6e4edaea5ec40568964ef0a5,9efc0c59f01046225b84f4655eab58411050af369f9fc1a5beeaba8b69c106be,train,True
70,647fbca4a24ad31797cfd29e87175ff78152257a6c52029787461ae9145a173d,a1e9126105607d626a98c320681f928d1c07f95a7fb3488a516e5d0a5551ef67,train,True
71,eae2707af638d25fc9d78452a8ffead2ec1275ed4cc3423168611eb40dbfe154,ba25d9e36fa4f18c89fb5890110b9097fc46c9584b5d7d5ff42eb1083994c1f7,selection,True
72,10acb49d281e7c229d93577fa619d08654635e759adb6934cd13da6055d2fa17,70b177768b36271054ad371786a1efa19675d97d68775e519c973463f24d8ce7,final,True
73,234002dac9a74acab7e84e37fd9a14114e80acf940b78d61d4070693372f973b,e431308fde0acdab1ee26e34647336d8c6b84c29bc411bc35258f3cd2d58c8c5,train,True
74,ff3109a4b235462351cf49c2c1f431f1b9736a6d7df03a4a6813f1660824efbf,c44507c5b74a1d6d3df55368dcf7b664ace30366a2dc4b61da18e7cac050bad6,train,True
75,cdf4586300ff8bddda3f99b697cddeab62b966e90c12b9be33804a52cb7589b0,04f31eadf8e072a0a537903d802c2fd6efdeaa71c41796811edb1d635f67c658,train,True
76,0b4fa9a7f371df3c809dfaad97b1d372380667f89a444d4582c348d30be6fc71,713f2a0e02de2d961221ef7958d499d5834f1183154304ea612feb6fde929344,train,True
77,06de2299e3440b6b03fb86fcdf098a09538a9aefa4c341c6383e8affaab0f816,9cb63bf3dc76cde8b88f1f3fe43df300530729e722e256666425294a4a9b5fe8,selection,True
78,c5b6418f77fb22dd8c635288c74010508cf7ff75ade5385f36056963d2237440,bda67e2d69ba32667f94047adb8077eecdc7937b4d8ec9d9555d2bd7104d83c2,train,True
79,5624f4820ab62e44aeb74477ab8e4c400bc95696592f0066d9ae1e0ae7e3a4e2,652961a19a53c2b9a9718ab7532103a060092a5be3a0922d8740300194918402,final,True
80,5af02ef653ae07bef06fb99fac56bebd5276860a7a29b0f50169d95a256fe0fa,02f940d4af29b7e813a849e6ad4f382c9422efde93256d2080aeb68f595672c1,final,True
81,6106760d8df7d60eb963057bf8ec03afb0247933eb66d8b1b1ca4eeb2de94f88,7b460c6725ff369133cf0715d5936530fa52c483123cb4d5f9f27149cf4f0716,train,True
82,bf0e68767ed57585b5554368e66fa2cd8c1dcc707b3f0a61275423824f9b478e,babc14772493e827045066a697699c644edd321167ac3cc168fb7738fe0f4e30,final,True
83,f9e214355de31aac129eca0fe2a8d559d88122f29cf9f70b96c2df6fc902cead,034c6f8c64e589ad68fa122cb508f58f6b6b013c6677de74971728da0ecf69c2,train,True
84,3dfd4fc3387cd3d2ca14a60392b06338742421f9ab3b47acc4d08fc5f87d8ab0,85bd7ebbc4100193afa5a2bb5ec95e2ce90ab73d1426a6372e6d242141566ae9,train,True
85,c6b31853df26c1d0a5a86e4848235d817b3b4f902973c3039ff564302765dd5b,b1d916619bca2a6563e6c30776fce6c6cc0d065a466023d15e4e6e96959d3141,selection,True
86,3dfd4fc3387cd3d2ca14a60392b06338742421f9ab3b47acc4d08fc5f87d8ab0,85bd7ebbc4100193afa5a2bb5ec95e2ce90ab73d1426a6372e6d242141566ae9,train,True
87,b3fcde1ee527df0b3232f176d2df73038a83e36dd0edbac60ba480fcd7ae812b,65567877921ae2272d51b4b6c81590d0a9c66f42708bce6a351e2d8dae6f613f,selection,True
88,105de6ae7ad731cffb7c9b0a1ef9cc412083da44927a9c6d028292c2847010bb,d73af1b0747e036920db498ed4f461a62f7549dfc47fb2807cc70aa46ac40cb2,train,True
89,eae7bb46569735e330aa3ec18e91d5fdcc5dc1c277cb6d87721704c681ee8c95,3fe0e7ddf6d62e8c804254cd78967e91361042a6493a345475cbe4ec13f3e4a8,train,True
90,ac52f9d6d63449d66635d70e5ec97a944bd1b08a52ea291abd4de2b11ccf292d,a25e343b14cadb615251c68841a0f83ea76c0373b90d2500c4e32b764e385bd8,final,True
91,19eba7c98987fc7e47fcafbc5a198082779b761d7c20e0a10ce046ea25215a7a,15ea3edcf22bf77abe27ddde1938e03f5a2dc73cbc36974a95e8f7814001c625,train,True
92,91a99adc1b4eaa23a2c30fd4e577c2a949ab01fcf3865c77e198f2e861204c45,c75272444bc5328a4678f9d117edce22aece01989162bed8fd22718d3158b37a,train,True
93,4c56d91d48dcd57fafef63de76849ebe4479d9dbd72a172d62b2993eae5ee09f,585efb8a6eee10749b0043e7d878d42b886c475d12b71025ddd6c72c4c456c03,selection,True
94,c2255fdcfaf98d86ade8ee64dce9151771fc731d8a51cc9975e01f7322436a96,2a63f50bcc24e6f76972bfabd54787f3e0259a2cbbebc6d3ee273748939c0a6a,train,True
95,f6ff90399ed5ec4bca2d2bf2b3c665d29cd47539f719b2339905192b6c1ee39d,199d141120b7fa52f844965d41a1f7a55e664d620659eb1198fcf2d9f9a0e9d8,train,True
96,aa6bb32a5a37f19c820b970e592baabde376cd3291d2ac1e1718d4fa91be8a51,99cfa385c06739f9d5c2acb481c16acf6aa56e3541eef3458b273c6779d9ea2a,train,True
97,9a86f2257ec02b7e719c276db9320ab26157c514ae82705380080b5544996d90,648b58a8de9abfbec7b15d080ff62490fde76759c572dfa3637832e931224d63,train,True
98,de2d152c42d6d41e723fa647c493c0a0a9944b272a2445fe6fdbc62235a4ac6a,04448a0f2ce611a6618183dd71edf23b7b5a3dc732febc56fe5a6723f19a713f,final,True
99,fde6b1b9de2dfcf093321644394fcdedea13d055bf89cb7be167547494496827,3cde7b17f8708b4be1b2119c2497a8ffe2e834ef0caf1d93dc42163d0e11c23d,selection,True
100,3188f99ca4dedfd81f66f91c6ad3795079a80eb2f8c2fd275cc9076906d205c1,829cbe5821e89a2ef9f43d4da0dba179b623061f959e3f688d0cc37360977693,final,True
101,be7fbd0557d0d2c0d90bc4148f14a70df267735aabb99458d0d907bbd1980b07,98ea26fa22e90413594e6a0773eae681e77424df930af49e2658a8dcb69dcc64,train,True
102,4cec74c2b91f828a7f66351f3751e0cf0455900e52d6ca0078742c247c4bbccb,9655e8855826a58487c6a819864eff28537e79dc270bd660d7312cafd47a2e96,train,True
103,b4faeb9711b76f19756cc40a0c000f7cd3ef1353a743ec000aef88014df54efe,721b1d17057c3cd2bd9a33767ddd74423685c4ccbbb8e66aa391e2d676232f1a,selection,True
104,2446e1110168c03d106aeb7ab8075ec17537771dd25a8e29d5b1f9727bb8f4ba,073e58e816b35c4d73219289eb4ac57c4203feb6589cb9b7cabfd0732643bd2c,selection,True
105,5b9614d254b49c31fbaa862063a1d7d2b9eb1de50735e0c08df3ef277f9f1653,097ffa5b114c97b85d03f57a91360f98d01111746caa61bbbe2c03e408776207,final,True
106,38e59492e2e8f42118b1f408178edb5b675eaa0d5b7ac0e43362d0e0409feab2,7483bde1aa899d8f5e1556b9e5f6c6597cddd4198c3e6cd27bbb18f4f3977a35,train,True
107,c15b3bbe0f997f41308046bff29393f47157044de4e839672d8018a7b66ce3b0,432aba2617038fc5057c54514e8b1934ef19e208c032565158273ca328eb46f6,train,True
108,151bc41d4bccc37c4b9263286428478efd41ddf1f8f6444221a4bacf15ea1d92,710ce2ff4b62558bc13e1de6b51428436e7d456df60e9f85c9850f49e010723f,train,True
109,3d92e8afda47ad657a1c10d43af61b5fec23b55e45c89f27e96d67aa00815f33,aacf54eb7d5f1f9562c2b3bf96310ec651d5795c2566d68202dd91ced083155e,final,True
110,802359e30ee7adfb7f10701e86e00bc2f3d3596a8f64cfd0d6e2857ed5350a86,8e9fc524684b58e93a4d23cf933750622835da43be00faa339a2b89afbea1e8f,train,True
111,db70b206f75593e01a9303c78a855bc802eca4e68f6bfd0b221bce0a41708989,ee2fcb94a54d95153de7a1a8a8fb9524057151e40694e96aa96bd78f2539e42b,selection,True
112,2175b3eb6801a3d572f444d09d3cf37ca560e96c317daf7403932831c26f93e1,9d18cedce41dfb5062c4a202e2c56b41c6344fe31821031e787a27492745b7ed,selection,True
113,6c854ee4df1c81cfcd6a2363e573be3016c9c01480bcc88c1bee2cc178a462d4,ccec8e9cc3ddf678f387e039f821cb02120ec8ca59af933df68e11c65702c130,final,True
114,8ba9f8109e390a4d42a990d18fdaf360145a961ab2eb47ace2a821098d544860,2ebb80caf52d537c1f5e7d5ad2fdfcf55e0a5f4ee0683ed50969e33783482846,selection,True
115,404503e72cbf78ee236a37a73f7de6459b3fc818c4a514b8f1df0064822decb1,3f4cecbe7ca34d344730a7facc97618722254e64e287ae8ab5d76134d0b6de03,train,True
116,295dc4f115060d73986553c173115722f22e09975a0d47119b4e4485ecdfc8dc,0ab93da9aa600e645e47cef00762d330b3678c00647327d80b44e3bc5fec1358,selection,True
117,f838d7915aa463cbcc3d2a10fde304bb08f322578c3baccae98dba727e7851d6,87d15a429589977a0917e8a97bf302f841266dae64b057cf1dbbd3bd1e07dd23,final,True
118,119dd01fe8d56a21a3116d7ccac2e301b7e6c605f190ec0ef82885899dedca6d,0d171b5c6699b44f56822d93ea52757d7d7a19256be721725693c614fe24e503,train,True
119,3d80fb88da292c4577ce97c017814f08e3298351d735db63bec51f57b8ba02ef,7089f61a2a7a87e52e65cdc6bd09bb81331c1e3de02040909fc0e1247744e1ad,selection,True
120,ec31cd11c6528bb33dfdb47695b3a068841f6c752cb1dda9af4a711f943bea5a,2164d939c50978646ff0c495c62496ccab3aebc7d6f600a646da5de9fee6afc6,selection,True
121,412358576c427a9794e08636b9c01f0f5aa3d40782104d9eff4dfbdf6de95aea,bce9bf8837660b80db21e3b88a369bcd4335c3393ce338f610a0e7d897d3cb1d,train,True
122,9ea576bdc899593aff55adf959553a69ccc20907deb9c800d37f2795f6e611d6,63fce5243d9b3e7711e0a186b10e72dbc9d795a3e20ad44eceee8417c4538bdd,train,True
123,9f7150ccc25a84045012cc1c0face03a9d5d06369c491c9565ee451720e5a414,97f9ec0e8b0f0814dc4dd5866202ca7c3feeebcf173378a1c4625e18c0416be8,train,True
124,5a00dbc77bd787058439bd600e80f35bbf7e66f475b0281af6e01409e18392e9,5b38848471b0841e8e537adbb8e7c219f1050b2fd88b0542277106cd31fae1ba,selection,True
125,5a326499c8092e48f20fd131251a413ef0327c62e4bd8ffdfb20b4aad466a31b,79aae3b7dfb78298be43aa6eb9fce6e6fb153981d7b8d38fb1d38f7c685793f4,final,True
126,a9a16a5c5fe96b51a0195bfd2ab4c66a191e06792cae1f9db03faa321ab69aef,ed38ed3d530dc403b413ce38899821f095ff400a33cfc629c3b6eb078a61c5a4,selection,True
127,99837546a24a740b885b259a221c8b29f37deb4c06dbe56533d3f88e1656d76b,be9ac54de8e4259cbf45c047b23bc7a1b5f2f8270a15d275dae73488f88c0644,train,True
128,2e589a5b22c95ffb9d9d0f00ae203c1fd71f83cbcd28b75ed3dbfd1e73e4bf4f,920d63b8cfca822eac4ea5a017453babc90f03c2f870fa286f0fa6d04010036e,selection,True
129,9ca39c5e90ad18db7bed7487a4e5347a75c72e089ad3c60be8b08db82e8963f5,67eb5f98f09850ce9c73f574c6370bbcb9c7c7a8aa96e65958363448f2454247,train,True
130,99837546a24a740b885b259a221c8b29f37deb4c06dbe56533d3f88e1656d76b,be9ac54de8e4259cbf45c047b23bc7a1b5f2f8270a15d275dae73488f88c0644,train,True
131,16b1464e87d49c69698c9f81b784c7341067ce20d15ce13e1dede2d15c0f9d82,a128a709da209fdb118a697fc4f0d7b522500912e541a2118155adb78bfc7e86,final,True
132,c7d12e018d852bf3244d4365c0e95f77008edb0cab9225adeb590c80ab1cc9f7,7b8e196654574e92cef5a71aa71642fbddfa9a376e1982db8833b369f5b2f2df,train,True
133,6eea71a2ae22bd754bf7f66e45360ef314e43fe04dbe405b9937529e986b6d2c,5b4d92c862da517ea51cb5e26f3d8a2f6c66652ae6f2be8691aa328fce210726,train,True
134,16b1464e87d49c69698c9f81b784c7341067ce20d15ce13e1dede2d15c0f9d82,a128a709da209fdb118a697fc4f0d7b522500912e541a2118155adb78bfc7e86,final,True
135,c7d12e018d852bf3244d4365c0e95f77008edb0cab9225adeb590c80ab1cc9f7,7b8e196654574e92cef5a71aa71642fbddfa9a376e1982db8833b369f5b2f2df,train,True
136,6eea71a2ae22bd754bf7f66e45360ef314e43fe04dbe405b9937529e986b6d2c,5b4d92c862da517ea51cb5e26f3d8a2f6c66652ae6f2be8691aa328fce210726,train,True
137,9b9765ec0faa64bee51b3be24d4a429a7ab44456b229eac1035dd96db51ae50c,8e6f46d1576aa2a0c8b1cb39d2196562084dd1a5ce9e36dde47f11dcc1b4e491,final,True
138,9423f4c4f4e3511ad5bccdd9caf46dac4d29423687a757e763319d4dd11af382,4c32a307a5ed5ca13bab464cdfef1602d17b3d3d94e05192e1dbc4c6f22bf200,train,True
139,c389d30e8615ee166c1d89c7c38715a4f14335decba76e2aeb3b2131bf62d06e,b7e399fe18410bf0f86ed89ae72b3f238e32205116f88de1235e4657d023ffe0,train,True
140,16b1464e87d49c69698c9f81b784c7341067ce20d15ce13e1dede2d15c0f9d82,a128a709da209fdb118a697fc4f0d7b522500912e541a2118155adb78bfc7e86,final,True
141,c7d12e018d852bf3244d4365c0e95f77008edb0cab9225adeb590c80ab1cc9f7,7b8e196654574e92cef5a71aa71642fbddfa9a376e1982db8833b369f5b2f2df,train,True
142,6eea71a2ae22bd754bf7f66e45360ef314e43fe04dbe405b9937529e986b6d2c,5b4d92c862da517ea51cb5e26f3d8a2f6c66652ae6f2be8691aa328fce210726,train,True
143,2a3b84233c04ad5fd5d1cc610e9eae039a56503f900b87881780010493389d8b,d48fca65de9de1bfdb06beb7eeb25230b1c74c838d15b0e5eda4022a319b368e,train,True
144,5fce45c3830e6f5798a9f1f717527b3f895d675922adb89339394445318b5df2,e30ccf2b42e11915c2997b2f14cab3c88286bd8c74329596298eefd1182bbbe3,final,True
145,9cf222f747381c30cf025ebc97f4b84b8352c3417d746e5f1a1503bc46adee70,85466b607b847bb6d367085d7a39b93959b25cea63e3b106c3fdd31fc44619ae,train,True
146,20374f9133732aea972fc77265efd70fb5b4cb28dc957771b0ee8f8ec3565156,2f6f38fb7dac28a369f159d97f6b5be58bf2f9a30b01d5639f3642587d2dbc43,train,True
147,695c72b63a5d5cc5a4c2134f340863501aaee38d6a81aa88b883fcbe782c8b70,08ca1689a35e29dae9c55ee380ae1bb3cbb6cba4e2b18c27c2fb67071b6d2d05,selection,True
148,44c7ae2ff9e8fcba6223cff04c05c7aa0c69fe78c4438d929e26d2e82c39242c,13c8b6cbbdbcb804f4d784d216a2a81b70e84613d11ab7f7edba7e74983f8733,train,True
149,69a418cb4f1af5b0692375bd3caeb2b60437b52963b8c72953b1d1fba5347c52,fe6eeffbeb985f093516095075718fb9facca0db63265c145f31deae7be940a3,selection,True
150,12107b9c1c0288ca347cd577129017384c6d73a9acb1c3d7325b54e4cb14ccca,40a436d7676bf23e17688cdc7149a19c85661498167cd516591fd73e854e982d,selection,True
151,70be0a56b19a7f435ca11d6683e01753b8680166fde31aec469b3ee0f79e1f45,253723a964fde5fcf144612517b9c2575f692deaf6ab72f813105484d96b6762,train,True
152,2ceff8123d0b342e36b9343eccf7d50635d8ab85f972bf646cf7140b34ffab7a,09b614e42d8fba57f87ffb5ce28b2a5267f32db979995b6f42078896b2ed4952,train,True
153,bba009cbdb0b13a84917e662dc996bf3110cc65da1211e9237824b02602b3d0d,1c99dad34c4fed9995513a70b4a68de44ec1571ffe2720629a44d45e16cdbcd4,selection,True
154,702081733fd0ee45c6cde8bc81f22ef47114132e5ae47f05012bd291894e9c8c,f29ce17fecac78afeefad760af03d0a9d49987c4f4fba8baef9bb21575b6bae1,final,True
155,5b88c8ba73496bd84372cda8f8d41484fc54381398e5f22cd2da6569a945381f,578e36a53f9ea54e29d03a31d0a8582a56afccd00d73491bdcda24d8dc8ae88e,final,True
156,b09f1933380773b90abfd75f51ee892ccf6fad190f7f16e46801f3089b7de902,ff8479e6505ed1c9cae4b437e3d899a7df7695eb72846629c983e76435cfdf6c,final,True
157,76540737ffa2ab0028cb44d331dc8d02c4e8a924896fa5aa80fc933a4abb231b,98c588de2e0bc57aa0ff5a327620f4e32a4e2c783f820bcd2d86b72907783946,selection,True
158,2ce1ac0360a510df974df328e07ca4df9b75a476dbc90aaa793f3ef84494dbca,cae424d8765b7dbb0e1cb68d9c4cf7e75470bc08e3a6bd42f8a7ac3006168214,final,True
159,b7023c1815f611f6f442087f5873d8df1ceab06b6d0bd3786203ec8f1c860105,8933a0eb33a0937360c420934d5274199cf40b80e044d8956fa24750e8c296bd,train,True
160,6ea5ca92fe267932f988058754a3fbdf4c26dce7b3b19046928c336e69a2cd97,ee6fb57906ef7257f83c3c2e4ea52f0d56c3bc201ec3f565e20a7d0a86ea6ca1,train,True
161,b9f9a3ffbe1a4d05be172b73873883e1d69bd32bbcc53b7436ca003d783c147c,15dac68f69e370d5fc23e7f2b2451f1c1d5504826a897f4ca123c456f7583eba,selection,True
162,e1a19ede3615e822a17b5aa9ea2406becd9af02eaaf52266483f1594dd34f0bf,a8ac74e23e6cff92605616cf10f034e73a0cd0e6c3987c50f0c1bfe088a20dbf,train,True
163,b135c523dfaa873cae6d283685494d560a098549944fcc0c817f33a83ae6f4c1,270cd2f76fff48dd3c37185d9b18eb5080c784a73387890f41a2e0d26797729f,train,True
164,a61d3f3ef0050d39ba263f9c0bf9046388f5b5c172c007b2d0fbc395f744b03b,1debf13d9f8a91f6ce6d3f095f76bd0e48cbdfdf4cbd3f617ffa5cbe31b3afd3,final,True
165,c392637bfb487dfbc151d7417fe4ae3de7920e108ea2a9c295b5a68399f2a652,9db69701dc2c7f928da14136c607ee3a30cca2adbd1ff45f7141de4c6de512ef,train,True
166,922a83560830094f7682e03f52708ab78162eb85d7d6e160bb05006af2b3f69a,2a98f922362be4df51f9d29e3ec3e65685d3f8f0cc80d8eeffd6f523ac8a67ef,final,True
167,c4b089929bc9cf35fc116c6ce666a9e68dffd8330e9e32eebba9895e124bd731,356738ed31b3b6c08330529072099e8d7f1c0cf6ccd4e29dbdba6f213eeb6d7e,final,True
168,1f3e72176d289b7455dfec8fefb4e63f191092860d9476f923f6a43183ff6c08,0b079c72ba4c530618abcf8bf05c568df1938f6a5de42becefd7e25bd0ca57bb,train,True
169,d518c73c0419357fc0ce267eef0a8b9d5983bc13850fcb24cb9e301910361105,67deab83473cf2cd0e20d1150a6e112dbf5c4d76ca6bd7d05294f24a7ef58554,selection,True
170,c4cde74a1abd27d00434f0a23c2741599aec070b2ea8155f9aa00d8fc9b9ce9f,4f0657c5015639a77f29a06598bd6eea4eb673b7928b2cfcbc1b826c5ad16add,train,True
171,c6c914b14f7ae3f00fe1fa94861ee44827225cd7efcb0bfc0f1e2b57137097f7,ff9d291f24fb4a367dea0a622b6637e389896eabf3b676a974b935ae819a4639,train,True
172,f275157f591d4c1da8587d0ae78d7ad51c4a4a053e0d3c99065117984d6dc102,9bb5449b6ec6ec4dbbc80c55b90aa6e378545b68b821edd27c780781cf3c9216,final,True
173,aefff3091c7a95676fc5c9eed0db90b026ba109a8b851e865eec75e30d43e92d,213ff9a14f0318b8e216427709a7074d3ef4fc3337f39e9ba65de3e67247d23f,train,True
174,f71f457205078737157ed236d50e8cd6266d825e08237ad738f8c0aa9652df65,756839b120e2d403e879d8a62151abc3151f2edd8b6b3b0fb99388604ddd67bc,final,True
175,993596fe01abcff26956909eeb327bd6751f0a8d877afb5bc6e8084a0d5248d6,80006d17f81da25588c0598f76a6175586d1a57c523298c9905cf4aaa3278638,train,True
176,9789c4b4618ba0dcc025b642b57a1869c66d3c931c647c51c6b36df521129a88,d2b5519fbc60b5c216d70d271b7aa8cc6a0acfd3d0ed9e8a01292f2476bf1a23,train,True
177,0f3ce7739c405991dd0436efeede4dc120827c5d60cbb43c0dd383543e1585ac,8594c94627bdd2ec34207ed7770bfde3ae70aef4a573c6499069ad6c842fd085,selection,True
178,e81d61f48ba06eb6f53c4bf3b934ce804c3b8c76fc8007550928802ca91482cd,42275698be15a7a197b517d183614ae0d58c1001206378a245fa4e0d941daedd,train,True
179,b42742efb28ba6b04e240d905dc6e20d45dbd2efa730f40cf0ab7b26e29c4977,940c5ea2f40a73fe0e61f5c7a002888481ab46fb5c9eeb44c5923ee091911729,selection,True
180,b9055e3f5e89720173ea6bb9a5e2cf643e06fad1f7efa0c3f61d35bf70cc05ee,a2f42fee0633aa02c3efd74ba815a2dbc8f66e644604ccd87920fea90ea6ce5d,selection,True
181,8f43c304af1cd48dced7b084bd9f1b947f90b9bb8487e50ea6492add6acfe008,18d744778c46bc494bcdb68909599590f6cec1d898a7329fca33a7473e1b96b8,final,True
182,5834b2aa3ab5c4dd9e4603882da1bc9baf8083b759bcf69cb943cd99b79e6ab7,206f681c8e6a4d09671f283aa8131d15ac441c875c0c9dc1c08cd9dc7cee05fb,train,True
183,95e47f0fd171f2db59a9d70837b3b5bb2fe3f194145417e6f37ff4d94daa0fe7,ee9bfa88a6ebe3eeb957f7dc4b4500bea91cf23be055487cd0aa2c95d5e47ae1,final,True
184,6c0f30d0ba1bf48cf4d741108a9b71a17d09281a750a3a5e2b3476835f2cbedd,5229dcd610cc408d27bb89b6979dc3c230a855bbe3f27b96cbc90e3e5cd3c01e,final,True
185,314271e125611e6bf5d00c11dc014cad750d7c193097999f29cb1156faa5f187,d02a5de2c290de84474bfa2549c41fe24bc6601abd0253c35fa78335c792a7e2,train,True
186,3c2a2934362e3d71aadf0df613ff3aa7f9f35a5b0b840ad40080a2436df5109b,1bc598c76984510203979e973b04cb891ac50c1d4b11a5f786ff4753ee3e5fa5,selection,True
187,ea574cbd5c9ae432bddf8bc65f777f772e61ae7b2b06103d0087f1c3bca2bfe3,652ea24cbabe42bd52ca69e08179f76d994acc87128e262abba3ec239dac6f45,selection,True
188,dbbc7ecb1e2110da02f8783f04eb7b13b903106842367c750a191c919ac087a1,994b60a31edd9114cd93d20f7a26d2b9d0c8d99daa0de752ba26d18d7924bf61,selection,True
189,8bdfcc9b8b037d4bfff291b73cc8a4bcbd06ddcd9963895d7f961dd02f111fb4,5203cfea2fdc9c94adc106f547b0090edb500f7b7e502d387e14752ad3d3e02e,selection,True
190,8ac13d37363307081744f429978896a459cd28354e3ceebc73d561ea270f058f,1a62d02b21ab628a0626886293d566f1c5bffcbb4d9c2f85ec6317cdd7c92c48,train,True
191,238037661bf1720471f05c85f4d65925850824a2a10ff7950d2e58d74d4d4ec6,28d6987597a9ec94c04b52ccc4e5490730f2730b2f912ebe81438fa57ccea06e,train,True
192,02fbe2e53d10481b3ec0be0d87d9256fb1b9c439f3515f1e767031ad99ed18f8,c5008a823ee7aaa006cda4804b67d5ddaa4bee19ec17d1b54fef03cba95cac6b,selection,True
193,84b8ec02b7b5cc3382c45d5ff72b5f31256de2718712fd86609125d3d528911f,0d173db21200aeba28efa0022adadeee09269d85014f37a18feae3c5ebae79f2,final,True
194,2c136c69e170dfc2d8b18e190ed92cb50f14db625197eedcb2930dcd0490c739,222f9d998722352f5703a19aa96d1ad3a5fc57b63f9fb723e747976752a1f636,train,True
195,aead7394ba51ac895a6d379fa9912a2b2bd4550609ae451502f81c71a0a27099,a589918f1de1001937e9d34445dedd6ac7887284fd17955d1653dcebcd0045e8,train,True
196,bea68ad67ca7f855a95a0179532ea589e94f128938447c8bbc9cccc473442fa7,7ac26c5501ccf6e9b590d990ffc6e12cf23ad32aaec375d43440770e4868d89e,selection,True
197,ed7444a1813ed9b47317cca08489b56f54a05ce03840587c57578bc24f989366,9a5224ae7ed2ebdca7e2564c08980da2125d91d27a077798ec9c4a06cbdcd6c5,selection,True
198,2839f907ff21d7a3b0b69ae68ca6ad0573cabce03a0070676eda66705e05537e,655733dc021fa5540c362aef8187c5746be2cdffc4eb0881a4e6c60b1df1a86b,train,True
199,ff4f39b5830ff99a7eec7fd6b891560b4b65f2dc3bbdeb97c120f3286876ce66,384451aff251234ce721fb8e6eeeb7e499b341dbc776718fb6d25e058e2e67fb,train,True
200,cb3acbed7b814bd7bdbb7cfa6bbdb78b8803ddabc599636c8919630608d511bd,3c850cdc56b5f76e97664b19ed243abaf26b5c4e611db99dfac3d5d2a65070e6,selection,True
201,efff79e5d90266c12222978e048a9e84f4f2eee36826dca9572368a116037eea,36fef4173c09f3a1772b5988ec0ccbfccb15a9853e48d00c2e5384496987197c,final,True
202,4363eb4cdb4f975e1ead7c6f44906cfa3f23bed20623d7bb72f877c863905b52,300821c858c542aa4e5f9a2ef77e9219c9b16d9b3feb71f380dfb4f8c0e5576d,train,True
203,16a66ca71249a393397a284da5711ce7fb9e156865e8fca8a963514ba5c56e48,c1bc7d82dbea0521dcd8720f3e25e211620a1fde8f93e75fea5a0a6d4a2a081f,train,True
204,95e1ed1ec32466fa88c59331abe2e759d5a907892a008f506e74f30774f9f272,e0576011266ea997825f28cc7533ae8f30def7101ff71fff6c0559278f721ad8,final,True
205,68e77a70b62192505522f1b006e4dae3cf9462da3f16bf4e44c03421fa0dca1e,62cb91728f25f2de41ede5abba0df77a1078aa0cde40b44da5141d302d724617,train,True
206,1957431bfd0356740dc0d51980c64e309484eb6c0150745232428351931f5b45,35bc1e5e48734c39bfbe1418c06b0b8701b32f5dc01dd7fb876a44ee13caefcd,train,True
207,f2e3f84267dee191b5b3ee2296bbb05df9c223b094ba9bd3fab475f916bf66e3,9c8bddd734b3953a1e822ae8626a01929ceae786207f5d38328119fa28b356ad,train,True
208,05642fba30474c474cfceb37e78f223af57a7a0748454de8e523371793645b4e,5bfda0484a52b78cc753e7b8980c6a4f97037b59c825d434b462656bdc7918a6,train,True
209,1fa430a4f1bc843be6d7dcbd7db68b5adaf5776442e8872a2a933e46affc1294,d240e7b618d445f7ee6881f7749ba1b893612eddbfc9474d115eeabf2f56a0a1,train,True
210,767763caf7d70c89f841a3d8af67b5a2ab589309afc9a35679cf9bb2bef1d9c7,6f77fb77596cc881013af1563867ad005729578ad32de91dd7ff1f897ef7bea5,selection,True
211,3374fc9bcf9963b8a78fe1df0ed9cb5aae4f9814b1c68bb96844b2f0f0132f5b,dc72363b86488329e7b93c95f0afb7f12f60a06419d56ab29722a9434d2be9ee,train,True
212,0e4383fca6bb548a4cfd4c972a5b49505b0a61106e83f8ab21d0d68b6cf6b9a9,e5452a60dafdf69a04f25b14789515c99c6a60765e012d0bfc151a4c3e64c0f0,selection,True
213,ce20610c1ae7bfa68fdb07a006689db271004c21af061d79f71006b9be94ecad,ccf65112d76d22e1ac472c68d47959a608cde3b29a906378828f900195ff88e2,train,True
214,01e7e012e04752e26cdfcd33b8dd8cffec2d39a1962ce70c945b766e11cbf42a,5e85bfd046acc5705dcfec1d58cea43a29a9bbdac1e5b7b5bec7e54cf44b55f7,selection,True
215,1957431bfd0356740dc0d51980c64e309484eb6c0150745232428351931f5b45,35bc1e5e48734c39bfbe1418c06b0b8701b32f5dc01dd7fb876a44ee13caefcd,train,True
216,f2e3f84267dee191b5b3ee2296bbb05df9c223b094ba9bd3fab475f916bf66e3,9c8bddd734b3953a1e822ae8626a01929ceae786207f5d38328119fa28b356ad,train,True
217,05642fba30474c474cfceb37e78f223af57a7a0748454de8e523371793645b4e,5bfda0484a52b78cc753e7b8980c6a4f97037b59c825d434b462656bdc7918a6,train,True
218,1fa430a4f1bc843be6d7dcbd7db68b5adaf5776442e8872a2a933e46affc1294,d240e7b618d445f7ee6881f7749ba1b893612eddbfc9474d115eeabf2f56a0a1,train,True
219,767763caf7d70c89f841a3d8af67b5a2ab589309afc9a35679cf9bb2bef1d9c7,6f77fb77596cc881013af1563867ad005729578ad32de91dd7ff1f897ef7bea5,selection,True
220,c911c4307336861af0effb82fe1b2d3201268e3de77fe85d4110428eeed3db06,a67254b060c78f62a9f4f9f9ccd3f8a8988dc533091afd2026487b82d29417c8,final,True
221,0e4383fca6bb548a4cfd4c972a5b49505b0a61106e83f8ab21d0d68b6cf6b9a9,e5452a60dafdf69a04f25b14789515c99c6a60765e012d0bfc151a4c3e64c0f0,selection,True
222,8738561ef2c3a60d91ab5eafbf96beaa03851ec4fdd543af77023db481592c31,4577d3d7eec6a263f68c510130484431779a6b2da6f4e4bb7752a6fd86fb3648,train,True
223,01e7e012e04752e26cdfcd33b8dd8cffec2d39a1962ce70c945b766e11cbf42a,5e85bfd046acc5705dcfec1d58cea43a29a9bbdac1e5b7b5bec7e54cf44b55f7,selection,True
224,a51f63bd67ba07544936fad8ed41ec6d908020ca6d5ecfb7372e8e06e172419b,beb2385d49a9ff22aacfa29b81dd810f9b30d9f5b95eb4c366d63e7ff5ebc84c,selection,True
225,a51f63bd67ba07544936fad8ed41ec6d908020ca6d5ecfb7372e8e06e172419b,beb2385d49a9ff22aacfa29b81dd810f9b30d9f5b95eb4c366d63e7ff5ebc84c,selection,True
226,e78575b0db209dea743bc7657d54a5e099132efb884aad0a9efa077158b48f39,229736301b2bf232a8d72f8a797597d26213ede6160bead77ccff17a018cb2ef,selection,True
227,7f33333d72a0c31ecfbb7e75635a84a6964b50d2a1f3131bb9e5c5aceae1e238,315b91930a7fd411f9416a26d3f4386b38fcfa624e36556bb8945b0d1d403d50,train,True
228,21b70d2181a68583586fb80d95716f93400f8b57cd55c0d4126491f0e00a34ba,25a31fb766e8b47272f654a0140dc79c16e04fbecb80ea26bc19c81e6b77f072,train,True
229,e12df86bea7fa252231912129de4ef8ec7f722e83fc962d9bc39717c00e8e6e3,72d7bba1581c7bc14853c142e237159addb89d809166ea06d2fcb5ebcb742891,train,True
230,5f5814f7493d94a617bd3588df3161368eeeb0eed8dd15c5b28605b946ae2991,7f623e6d8b0afe955c0cb3c1cb2754d2faa419408a7ad4a496560f13d3327814,final,True
231,0f92ada635b4f73e8b92188dec32f905a0013f0aaf23e06404723ea1bc5c4523,a9e1ed215387f03efb259cba28891c87a8e644488ef68d30867a515e22e5b5c1,final,True
232,e82ecf45c2f1641fac2811d70fd90ab7ed296f40e8f6456dee0bbe1ebc07572f,a8b7f9b95679a9cfa9eb36ee0a32781818c82a072b82e77e3a67acaa081ac775,train,True
233,2a3dd7e531e9fefcdf1a2d398391e287b894f7e758882a671ff9dbdba33fe5a8,bd77fd4080569d3f68872e53fa812bc40166d35e326de668ae7b506ec5e74216,train,True
234,4cd652f1efb1adb02ca8f8037023b69c51bddca62ad94f271fbd0c166412bbe3,a0fe55d9db7020e661d024564e98ed39818e5a551998f9f6e34eb045da8c77d1,train,True
235,7b5ac2f8d8f7f47faa18a95479a9e49a370cd42bac161c48b54e72430dff5955,2b5ca561a3c1dabfdb69b6bdc785974fa4e069cd5f9e52512339f33f50e85ca6,train,True
236,4303c3b532ac80c166562cf6f2a3f87fd6e8c9e0f76cffc5ff6eb9a129c16fec,e20fce7a112fd55881f50e78666ac4db9ea961ecc61347bd5c2e59fcf9633a10,final,True
237,f607fe0621c60f1dfeb9b64f824eb9b47e6738837aec8e1f517edc7fdcf1b349,71d940000fce2e13438ef62d417b00c07c728cd27c7326a85ee864e0d0ea44cd,final,True
238,39cadcebd4b79a4b79b0214d4653d0ea52aa25ada013128113c9630fc84b2cfe,c2217b87876969f5eae665e7fc29aaf0e981077d30da3495ca22c9f96ac95033,final,True
239,e4ba965b38afc56c458adfd7a1e0027ead4d1b2a95be1650cce5ed77d9b07059,d07ca89933b88ac2c7eeb580a67ee1e160eede55cd79d422954a01f9889a6516,selection,True
240,ce53ba76d99e4579265268ef1651dcc3c2cf453fda991d3354673efde8026725,bd367a253f3d042eecd87b37c72bc71de6c8f329d7786183202f04bd5d04be6b,train,True
241,e07f78845ad81f6533a4b1c691f1629a61e429a471920c4e3d037f04ae183ff6,5b84861562513500cda7a4da505b79620beb06d873097ade9d08a92662dc56a8,train,True
242,6ed7bcc84993c373220333f82839937e528fd89667d47abcde27b8a3d37aa91d,bdbf815cd360f0dc7da21413b8a67c03f7a47c4fff48766e6b85e560643cbbe2,train,True
243,3ca18ba83c437ac51d25de873a1e445c5710b045db9998f8b77931325b806ddf,0660a4704db5824243c351136a8d1ccf0a74faf25a1eba9588eacc3eca18d112,train,True
244,d4c77a0cf0fdbd1889e549eb0270aea5ee4a3098611fa27c78d8986a5df1d362,9a27a672e8f9a70066f8c547e3d64e766022d3b2af780443a269707e5a6017c4,train,True
245,bb37cff096861cc636c4672f148c36868f6ab1bf29a3b929110d6c086f78477b,5542476786bdb76b43fe7a6e3580434aa929ca19b09206544f336ba80aeb438e,train,True
246,53d0a27b01d56f0c8aee68354e6b7b222399b4783be58d771e171ff5096e1a3a,5f866ff0ff56cbcb2bc63e2434c6e34fa82c06cce75b8df3ca2210062074c4be,train,True
247,73caac7ba4253915a3d5866c56771875f039c654c97e38c20b3787e1af772eea,1250ed4f162c6c3d0ef55c0c0bbf9fb25ea91f864a2a80c874237f527f809c04,selection,True
248,1f99ce81fd581b4c5499eca958f17e6bd43d1fdd5724363f640ce77eeeebf408,98fc7493b6b78db2d0f1122d4b130f90ed0658af0999144f23836062ca82dc55,train,True
249,ea1d6f1e8ca71d0c23f9e23779a0bb272c1dbaf5ca648cd75997e6cf93027ea1,eac345df16b8e31c7c6bc3bdf3f26fd9bccb1567cf07efbc50c6dda1f98a501a,final,True
250,595dfe3fcaa506ddc05eaeebdb891dc81820f37fb783b80a2d30896bc98b0a43,b7530bc4463711ffcec711e276b487bf501463db02e4e157337c904c0069267f,train,True
251,121fec8a61e912968309c30357ff43237d6366d4bce3c860b22568ebf7fd5425,3d5673f5435954f86b322e6b86062f477bda9ac7a2d8666e3292f1129b6f856a,train,True
252,e8f67320ad1496b46926f8027e066d932af6554d3dc56c9387ff47f40b56da1c,a300c5f619e26146de4e2ada7ed951bf71c780be776debfe9f6ca8cc9f41ef58,selection,True
253,1ce4388c5b1b09bfd4d4c81acf11b78d42795010a0407c593e273ccfddf61bdf,6ff5b81000918c9743a210e5246caa62bddbda2a8123725253a4d80e5d8869ca,train,True
254,d9ee0c346231b6a97cff49863e93f130c848397af2ff6e195ab38e4df77597c1,4c18fd132c3f5ab9e197a1bc64d6c36111812f8b9ba9b468ae7d8279e4d0f32e,final,True
255,d6ed25693dd4a11c4be2501fd02eacfddb38c4901714d4a58dec79e838e94c66,cc5b7b65fbffce6ee03eb151138c51155aabc1544d15eaf53f525304770c4162,train,True
256,99cbb7e7a85de0d5a1dfa25d1745b64149b96421462ab29a30cfdbd6c2b68f05,6af4d9e9a96023b45efe17519f9300dd5b63e03a80342bd39fdf66b3cf115a4d,final,True
257,593ba701baa3fc276efe217655aa47c889d84641027eb543e05e4fe0c105e458,18318aba18027b5ee261fd1fba5940037b37c41d89ca6cdcd55ccafb04a5a759,selection,True
258,de1e8847a8fec79a5324c47c8c9b8b4c2a50f578ea1f415c68d6c3d5163e5b78,f7c3a486a543d09476f9aa0f634a0c944a382de2ccdcc390a8b464ffebe21c31,final,True
259,900e954ba16459162ba35f2272ab1a7183f65fa60a7c0df52eea95255c1d3b8e,789fa5a8eb34a0d2f02b6d0def6aef040b25561e75913e5a1c411f66defaec1e,train,True
260,db1abc71e029c726ddcaaa1637eb91009b72614302616975bfcfd83b0aead815,722c91c125b56f9179914c11befc52a60fc18c1de33439c8c44400112a080088,final,True
261,e1dcc6f63aea2665819a127ddbed4232fc6762c535b140f6b59449f05ae9d92a,2e8d5ae2a65452e40aff4242c2f419614ce3b56f89d0951f16b270b9e7eaff39,train,True
262,9e4bee40090d76d49965af83befabbfa3104a0f93039659258c0d942b554e1e2,5cfeee87663efd914735b84c83c1f1b1a53dbd059c1af32e98df1d15bfa5be57,train,True
263,9c65c4878faadc1c16e77ff5fd7c6fd96a6ab8ed3ce050ce1bff176615c44e41,93cf34315ebc1a3b28aba9f9fc5193a1cfb09e391b0de915609c2b26360c71ff,train,True
264,9379d33a71db7a3fe5787928fe3f8682560eea573f265b62b81e85596b45abd6,45152c045fbd4bccb6714f00d165c317ce350349327588452a7b36b4d20a2527,train,True
265,f5354506683f3e6b9fb2dc6086efa95d1d284875d571ae26aa84f61b5d17245a,38c13ad5b4dd12164e43aa7c13e5bb156a9050323c7d330b66029096f61d72af,train,True
266,ce70d54df51894a557323432a2132d2e98e2c4e449d3cba3335f2e0fca76f82a,194442654935c78f7d1cb2ad7da02fa1c77d5a8cbaf628ddbc5f81918286269d,selection,True
267,348f3d7b1ffd58c9e99744613c0d70c0a97a6b39b82d4787e6cd03c60865a12b,6ccc2422bb70c7243c54a525899af79636c2c2c0d29843d1351fd8d389ab49ca,train,True
268,98ae43d0c7dae9f793a0cba724ad12227048e9876c6a60de832efbec511e1481,c3512e07d5868098095d357a4a5dd661900b7efcf94de0f1083479b26e86ad52,selection,True
269,44a3e2d390cb8c965762958a968df1151dce55f38e1f98c250767cbf80c0472d,937be7d448a0d26400f1761d8c969c63335c7658c0cc2624abd15e6aede93fb1,selection,True
270,bd7c320c1365c80d7dbfdad9db60708641fa0e1af2ff4e2c4fb0ee709ea4d846,ed3ac93fe02b1acdcdb337c8a8c606c096c0daa791200b0ab539d5891d146a47,train,True
271,7dc9f1252893c081ec7658ee757e5f82293b6580fec82eb82207e828826a69aa,77983cee1248fe905cc36f295b9ec104acb59e88fa2f8a775d0e39cc9f644c52,selection,True
272,b7d6b273902248a96afed05e2fb76af9b1eba12b016516c7e8d7db78236b83f7,bcaa9830776b6801632087e83053c1640ebf8b81c605a5893857481336cd7fa6,train,True
273,d4754e5292c5f7bf247ac59e9471fa64c771c2bf130a7d2ddefaaa41ad432883,757d4ed1bb932553dd9f0f92f2b06a6ce817048296fb7bc0dded5cc2b0918d2c,selection,True
274,9fa17ccff75fe085eb7f638f95e97dc79b8c6a4b6eeafd3b060d7710aff489a9,ac20683571acdfc61be4084c3d81638d87526785b2811c3c6adec6b290b3a7c2,selection,True
275,0c032693c3ad1fbab89a5bdcd942331336687291b7f9364a42c1ae45588a6a81,1d9ece7904657981dabab6b67964cc27000a9d44b6769d06fd1a58043a0d1e2f,selection,True
276,5aa0a5770adb48bd7372941cb30683f20c0edfb6de298c33100d413771379928,18227787aee9337f7dc768d91738cc0a86670c724d8bb22353519e6e08d41a13,train,True
277,4a75ee4baf51e8bb7dfbd7c75a554861ba9af7ce95b278c421fb7f62159042a6,d9d64701dc700ab3f739b0de9c02588c5bca698ac34997e49ba7bff4ca75e424,train,True
278,76660f92cab46b76c1ffdc9629087f89c91d524e26efeeffb59d8faded4944c7,f0c58351d9fd2a163af3f3ef129a47efa6a936d859d8ffb8443c5522274e71c7,selection,True
279,565e746406bd190fac252eea8f8f76097ea210398cb5a88327bbfba364be9add,8b304cc04e90eca77097ad5196476b7f6e0cfcdd8fe7baf61b568a26015e5615,train,True
280,94c7c8899da21332b73753d5722328bd279f97c29a28f384a341724c490bc6ee,7ec9f36cdeb15782cec28e59464ee94209dcd4fbc0be95da698300c30cd477bd,selection,True
281,5f9e2f3d64e66afb541603ebb4a2fb847604ab3a572c107e905b2c26d71580da,309af1f6bc8ab599d8d7a42ee1233ff065755dd6552a99edace98e3db592a0cc,train,True
282,76660f92cab46b76c1ffdc9629087f89c91d524e26efeeffb59d8faded4944c7,f0c58351d9fd2a163af3f3ef129a47efa6a936d859d8ffb8443c5522274e71c7,selection,True
283,565e746406bd190fac252eea8f8f76097ea210398cb5a88327bbfba364be9add,8b304cc04e90eca77097ad5196476b7f6e0cfcdd8fe7baf61b568a26015e5615,train,True
284,94c7c8899da21332b73753d5722328bd279f97c29a28f384a341724c490bc6ee,7ec9f36cdeb15782cec28e59464ee94209dcd4fbc0be95da698300c30cd477bd,selection,True
285,5f9e2f3d64e66afb541603ebb4a2fb847604ab3a572c107e905b2c26d71580da,309af1f6bc8ab599d8d7a42ee1233ff065755dd6552a99edace98e3db592a0cc,train,True
286,1aedc5f0be3d4ebcc030b278680ac3ae1aae2ab2a1199e059b01ed70677e307f,a843add0f07499d8e94bfdc60c04239273510289be05b7ee617206f79b9b5bd2,train,True
287,51a813eeaa9db68cec171af57805276038d5a99e6253a0a48e9d828aa0aad4ae,1a4418f0184de43bfc389023f053e1ca6889997889b6f80884a6026745aea530,selection,True
288,a3bced37bd3322b29ad461576524ba24db9b196fa04d2b74b3a665621020148a,455379162f945a10f8780b52f858fed5107aec6b757fac241177f41690f309bd,selection,True
289,5ea300417f20b25d4d545ca8f13c2b49eebaa390f7ebcf3f0be12186bf7df312,8b3a52308e81ce1348f03e427a326ed0b1a72b0b98c973f99d45f4a471e4af45,train,True
290,2053cc32f81891770b8692877d695be5ce59087288cb83aa5054ca72f51dfb9d,3ee5501a0975873a3240f97e49fcee3e333942d02bf0ab14ce84c7f8cc927332,selection,True
291,2b5d5bba19b7903c18a800d34f863596363fa1474b0547be1f76d0118d0976ef,d38db2121a75c509b119d3b36e7e6de5aec3fd39a2cf4e297378beca70f4f280,selection,True
292,f8999d21e75da678cb44e529e21036987a2a7f23291ff0295d5dccbdbbf67b17,502211be033f55d8d40beec20f77df8f6eb8d43f94b9c8cbe886cfc8be9426a9,train,True
293,e32bd6fc8da57c86d9edede73d1720cc744cdb0bea472e66d591c7462857ee40,c6dbc0a3c43e19bf11f61bd5d096ba9245f1a69283981114a4b2cfc6d66db597,train,True
294,13e193d0e6f0638e11623e95f377f3567389a1e529e175c73ada562bb6fc65ab,b19efde0cc0adf53f32c3daacfeb17caee166354c142dd94b1a889924ac9a69c,train,True
295,9307d337ce1309b460d810f427b66af782066242181b27e3e84671e65551f991,f3bf4e52eb3d2a17915a772136514657a70f24da9e15304801f0335202409dbf,train,True
296,ab13248d3692789eaa4c776ab19ec29d37e71d8515d80f577ac2e84e068c0c52,089ac6e2d293f11d59a377fd120f4f1c17b3e84bf2eef85cbd194c2d50c378e1,train,True
297,7104b04a0520137f6f92b122bd17b21f62934f27fc7da9bfa2e49661479a4a9b,8267cea9618670570a58444d7e0805ee32d6bc09254c1712a803f3a0cb248f00,final,True
298,788fc7e808aad3c00963d575108e427ddf08dea221c3160d67929908df8ee42a,fa348d0f22573980e5fbe25798252339d4ac95b4cce66140ef15ec759e3d5936,selection,True
299,b721045de268da189e4fe9ed983b3a2686446269879e1bed3cb4373077062a7d,21c53bfee0a43ed9d3f29933ae089111abec86d8b89322575b9efd38465d8541,train,True
300,15f5d32f578c9d1c724ba5067f073d2920709a79b46b601126c3395abad6f8e5,6f334d27d27bbbec216c313ac17e41b8833edb2cdb2d271137e17c8577ec6ff3,train,True
301,8fbf393006590768dfc31f6f7c7627eefd212495c43f419423048d377b126d35,7ac0fd0b7d406ee5f0f37c07bb83a4230d1c34ca65a28139fb1fe02b504303dd,train,True
302,53ddb34eb023272fd6e4805b89637e20ed1c75fff4c464ab3451a2c8fb5c748a,33d33e88823b6c55438a8f1e63b866dc666ee879c7e2979b8fc949f548152298,train,True
303,2e8dc417a56b74951b3e43f3c8473c0916c4249d19331b96d9f5be84780c956c,194360c0ed362afb3c1a440dac3f21aab1a71b3caf8a56139e4503d9447d3546,train,True
304,aded1d81bbef2d6ca55db9548a1da358211d7b6625bc55e8e47cb3ce2b040353,2b5b85ae753f87f7ca34edc0f5112b4d64b4e5444a520b52bf83ee4cac59c5ca,final,True
305,e93eca217f6bd0f4ffc84f4a6536c36d295d39195fd53b969c85854e40cbd736,3cceec635111210fcf0a7810ca986da1742c04aad97cc17f3f1bbe3e1e5eae54,selection,True
306,f3c1a8815a04abb28524fac846840a9b9aa505bb6d6965a9ea59e8c4b97b510d,e5083d4a3d9726c0d9dad1b9964d73200980e5de1380243b54bbedf51b602462,selection,True
307,e93eca217f6bd0f4ffc84f4a6536c36d295d39195fd53b969c85854e40cbd736,3cceec635111210fcf0a7810ca986da1742c04aad97cc17f3f1bbe3e1e5eae54,selection,True
308,022b6baeac485c1e7becca130804401a00a1af1ce0cb19adfa835c93cb5d5b99,8a5a318edd437b99e9fc31de81ec07745f16e1334c885620f7bfdf44be7efaa3,train,True
309,9d1c87fcbe5ba82314b02ad4761f6dc44eff69298c1f36fa5fe44742380663a7,11b04437eb9d33e5e89bea1d8b199633e0661891798ce6acaee745b6bf61055e,train,True
310,39b63e9e2df38a32daa9498458c282a1523ed4dab3fba32d56875a20c3deec00,c26afd2074501f49b9331a2a46267627fcb2bdf2f46df2eb6849dae0d63f9dda,selection,True
311,94748c9651ed1d891c72aed62c1d7d6b3db3a7ee7400d2517bb4aed73fe81adf,72015f492a4253ec4a8910a3b0d50ebb0fa2fd3925c63d0b19cd925b33bf0067,train,True
312,fb58364598c35af1aa688a88548c46981d948078359e8e3173356379280538f4,a7bcfdb451a444503f9ee86e6bff695fcf040f632b940dd71ac17588a98e7370,train,True
313,452099b79bb9d1d18c5a1058baece1d4086d89f2521e54d376107899b864e9d9,8209ef8003066d84c6a1a18a1b9bfc64221fed2b513d0db1c21a8844104eec4c,train,True
314,d2f85c8d1f562e173e731af93059d350f2acbb23bfda6b6057684a9c321b0f28,7d78d29a4422d7c68f99b4972a716a4bd38a37819019042e9b172aeaf553104f,final,True
315,91af8ed68e9f158ecf9a2f4fa0bb6df97b6138a80bfb8bc2c0a539c01d457786,ca974ab3ffa2c6845b16e155ac30c1ef9346b8e2b0f8408e454bba9ead8bad86,train,True
316,9c0c50e6104c676fc159fff299b00896fb3270a1efcbd59137af66bcfba1e044,5fdb065feae2d9f52e28dec6ae50b29f5ddf5419d3f93dbd4c9f411d28531878,train,True
317,98741d59ce426e2b50611c86dad4a340e28f74b7349b53d230da92999718e7d2,6a0093a87714c55d0a289b8e8c2a06ecf2b85fca886d70f7541e0ac011572d0f,final,True
318,6fa0e2ae6b3be937730ccb6f28efded9214feca05ca09148fa7988f7d0ee033f,07c457c861e9259479fed01c43eafb5f97ed32d718fcd90945b0e8d7db136615,selection,True
319,035d604c61b115f7158b9c567d77be2f09d092f54637579641466556bca7da73,795afe2a70175311e1f15f3b6829e7d982685b7a053449250339861cf537829e,train,True
320,751c389918228aa9a43c0050b1a7cf0fbc045df43a7b6b9b6964ae7778fe809f,63b35b24e7de34bea09915c2b6acecb07296dc0d9376e2d0f409a8e8cf21b9c6,train,True
321,d810df4e038624f6e8080d0a17b7213fff9e2c1cb9b8cbe0b8991445aa42e7a8,52f6743329ca91d0f25735b6bd61a14b37bb43a47f0fe2448fc31156001f460d,selection,True
322,79cf5a9b00bba93e28f1dfad2847fd29cc77b78f6577abee89c0ba4d7936f7e9,8080ae6ccf9e224c398593c00be327ab95994bafc5b68659db6232c18dbc5ef6,train,True
323,09fb37015c83369ddf058702267c9f42ddf75d4639934dc49dfcb16069653d64,fa6099d5e0daef8108d2b196cacc5d0b8bbe9350e7e2ecbb503df39fe2ba85f5,train,True
324,8f8d19fc4927128d7dc8dc2063ea0e0b49f17d6dd1ac7680bf96f5f4282a2bf2,4c280586be777a407632a9d28944d21cd0581e7a3c197926731bfbc5c6840743,final,True
325,d5648f5904e46779481b8e028db776e08d55b18b1b3db9ce23a907dd45021d5b,994af87fb053370806b2f0ad4a9d7885c3ef6c8b29d900121c817c215519912d,final,True
326,1020e3fc366ea1dd24fa23962fab20c92357d2d7aea700d072982af7c7c992f0,3c25807fbe3067881df3c34cafb144138796b584be5b1d881cb2d95fdd07eeac,train,True
327,8ce222c31417dbdccced0569559f5d185a05a5dd9bf735cbbba8d33bb3868219,52aca5b10f484cf1c8047bcc3e5584220268f5452895ee1a359a386711193e8b,selection,True
328,2f8dea7dd74ff64da8e27bb7ae05560039f0a5760b5b34759f9bcc1ddaff6e2a,49d0d83cba975705e4b6af909a39ebc7512aaba3a2f46874f1202f2481fbec36,selection,True
329,e8d1afea23bfc8cfeb25ae5925ad369a04ed2ca2b06dc067c6cb115551f3590d,82b7c8c60b3c51669440970077123c4613472725159fb381a1d7e98bba9cd5ac,train,True
330,1020e3fc366ea1dd24fa23962fab20c92357d2d7aea700d072982af7c7c992f0,3c25807fbe3067881df3c34cafb144138796b584be5b1d881cb2d95fdd07eeac,train,True
331,5b34f8f684e2a7f0b80daade24cd909f10b113a3163c8813819e5cae6b4b2cc9,3b6569a5ff8bb85c4c8243d09322a607a1f220e2405a742ad4ddcfd2fe5165bf,final,True
332,c0988e4f74a1e0bb8117dca73fd8c27f0d53ef91557566067864789673205fb0,441d24d0bc3403723c037331c7ddbea1057ab7a30c40c1ea330ba70d8b4e5d93,final,True
333,bbe7e0baa945fa8a985f5e6213701e2fab5e1cb5c02c9a115e7aec10ebcb23bf,27e0f3eb214a38d8565169166c8a997bc5716e6755720b681b5db0ac82981d01,train,True
334,626f3b88869d340f48da1c405175a8c29793e44176e9c3fd689e3bbb4ce64df2,13394bbc59967d0297da6ddef89ab35836bc1d4e92b1f5121ad0ae1b0408ae3d,train,True
335,46c387877e775fbabb50a610f0de8eeea2690fa9c0adcdd7af39ed09310583e9,35adaff875e9545235e56aa68b82c5ee09e0b3ff07ca46a7d5b1ed0609aeab8b,train,True
336,ae57f716ac39a0eea99e48f11f6a52aa55043256eb4be2d3322ae390604527ae,700ef5b274d24be55555b8093b18c30ea549f469a047f24b542c8591441128c9,train,True
337,5f5814f7493d94a617bd3588df3161368eeeb0eed8dd15c5b28605b946ae2991,7f623e6d8b0afe955c0cb3c1cb2754d2faa419408a7ad4a496560f13d3327814,final,True
338,0f92ada635b4f73e8b92188dec32f905a0013f0aaf23e06404723ea1bc5c4523,a9e1ed215387f03efb259cba28891c87a8e644488ef68d30867a515e22e5b5c1,final,True
339,44f0244471fec7d1773c99ece20ee200c349fb91e589e0c85f2e61cdb1e5b5c6,b1d33809f409d8ed8dca1a506e22c389806d532f92dae42ae0013329ad17a1b6,train,True
340,af19aac10861f8cbbe32fdad333c5aeae39c99f87cb87cfa31eb3455051bc21a,92f7cfc77ce38772fbb942ffb3ea8bcabf258375143c335d7ab5bae3a90af29c,selection,True
341,bbe7e0baa945fa8a985f5e6213701e2fab5e1cb5c02c9a115e7aec10ebcb23bf,27e0f3eb214a38d8565169166c8a997bc5716e6755720b681b5db0ac82981d01,train,True
342,fada780b3869b7919aeac71834acded011b47c1b1f483275288cbe335099a1ab,56007ea9ea938b1d8cc7096b96cd4b7f93fa6989fd3ada5f66a3946627acc753,train,True
343,baa03ce3ffc096d7aaf623e52ed7b928a1741e5c80c5862197ab409ece72244f,6b1ce0c0a2b9606f9393086f35b0bfdf79f6e085fd56eef72afa9dae03e60130,train,True
344,633a1de3ce8c1c19dbe15402c651ee930d2af67a5ca14b95cf17e322d367ba18,68d5b80734e37f733371d7717034d75797f03b0db9cdaa9ccd9fff4c1a42319b,final,True
345,b550a527dd469395187d584ce99afab3bf611eca48733062069332330a64e73b,1b5e852ba9dde62ee7f82c04d3628130c29d87f31bb44969626dfae1c2689c32,selection,True
346,0f92ada635b4f73e8b92188dec32f905a0013f0aaf23e06404723ea1bc5c4523,a9e1ed215387f03efb259cba28891c87a8e644488ef68d30867a515e22e5b5c1,final,True
347,e82ecf45c2f1641fac2811d70fd90ab7ed296f40e8f6456dee0bbe1ebc07572f,a8b7f9b95679a9cfa9eb36ee0a32781818c82a072b82e77e3a67acaa081ac775,train,True
348,d1cc9849ce213b01fd2cf429876c56f143642070107b3f633c95a39a64433d33,6b5674eeb7c0422339875776d165d4ec3279e5df6c9d501694b8bbb624674d67,train,True
349,abc5b5598300a7fe37030fdabe23e8cf48cb9cb2033c069b0ed26111ee9b236c,d68b4622a9de41e6ba1677c38a8a6ea1f3057db2dd4e916814d640cca8d1e4d2,train,True
350,1020e3fc366ea1dd24fa23962fab20c92357d2d7aea700d072982af7c7c992f0,3c25807fbe3067881df3c34cafb144138796b584be5b1d881cb2d95fdd07eeac,train,True
351,5b34f8f684e2a7f0b80daade24cd909f10b113a3163c8813819e5cae6b4b2cc9,3b6569a5ff8bb85c4c8243d09322a607a1f220e2405a742ad4ddcfd2fe5165bf,final,True
352,c0988e4f74a1e0bb8117dca73fd8c27f0d53ef91557566067864789673205fb0,441d24d0bc3403723c037331c7ddbea1057ab7a30c40c1ea330ba70d8b4e5d93,final,True
353,3ec41d65ea552cfc1e761ec68982808d1c5db417b0559ec717d0f955aa9fbaf3,1f8d4a796071d557a243836a40ffa0099654267879fa608b2a5ea005d01c5cbb,final,True
354,59a722a0f05ce6bc0cf86e2f596f7696caeceebd3a41a7305deab11eb7cd1791,5d230734dd82346b6e6139aa8ac67365ff7936d0a73b4cb2f83f54bd75b23de0,selection,True
355,d7e4d740cbcc12c5d50625b90f8c208a7f01f3b1ef9d8b4c0e67d9511a840980,a6f6e28e0119d3aa7dbaf46cb658ed64847eff5656790142ec787c1a5a0c150c,final,True
356,328b0794519885c20d196dfa506c14db9f05289f04b6aa29929b0736424aeac1,7b652916234417581cc396a0baf8faa39bda82466992606e5c3e88e8407a7527,final,True
357,d589e33f849735acae69cad4581702c94c97ab3a2805bec8b961b14082626643,4d617678f88ddcccec5ce1e006f48016e8f75c3c67e8464ecacb001752a6c8d5,train,True
358,6d30bfa3c235a76a7c886e19f73311e14c0a57d0eecee48c07c47678de4a6e25,20c7385a23256fe7b7e31e1c3b3647367b85411ec9ee8bfd02c56ceb1ccb0017,train,True
359,ea1d9346a8619ecd402a353c96bfdfffc89eb7ac74bcb321f373c798202dc32b,cc820b334329458b648bbaf5685a742d55f4811c3e0331a849303291fec6d3f7,train,True
360,dd31decebca728fe47de4d40ec74e172779f0d1b751f78458663fbbcd9a8bdc2,89c221c75982defd1f2ecd4e682bffe62da4fb02bdc2db9cacde7277230a796a,final,True
361,254ff0d1d4876e0476ebc0509abff3a6a547e9b349c48df741e7c1a7e2bbcd1e,9cdd8e5ec4b9787d256a2b2a91769ee325717aae7e05678bdb7a23b043db9b61,selection,True
362,74f84c356abe7d585feb7c3e6b4b5de60853a2a9311224cf5e4614e3bdf1f208,e7f7c34169c607734654935c4a2422f4d28d5bdf2b02394502e440829958cadf,train,True
363,827b1d4df8fe6382ddce8923bd8211ceba12399b2329b6d2086ecb8a83512614,aca7efb3a45bb1de31ca205265758daf6d152cc3f55c9c844e9e84a20f7dc3c7,final,True
364,a102b296c7eb5ef098f3d5fcd532b1a85e39d51c06ad99faf382f8ba4f07efe9,83ea8801cbc8f5bd1f31f94ab6f90ec3b330a905be347ab92ba8c32d6ec1279a,train,True
365,1cae80ecec9062de1ecce20f78831fc43accc94a93f7279310338e6cac9327cf,9b2a32908abb4b4c7354e2d93e6ecfc899c15b85509b05940caae9cdefc48e4e,train,True
366,0750e4fb5ce4c59b69593c34c5d14211e29e323b9d39a1f06c9dd258997be655,0dab1c16d86df55848790f7b7154b43c563fa8c614a7c0b204a7b03c8dbe7234,final,True
367,489fb8d83ab0badc3655859be51f4b992719f05401e6d695a2ce1ae29aa3ed62,72a5fa2075cfacd2768cf6809fe4a3168c8ef36c87342248597708bea38ee0f4,selection,True
368,db7e2ca7abd3cb576cc6f0de5c733369e460b1f8375ffa11eae08a04d53a951d,8712262de53454ef9fea92efef4e1b4429c3d9473cd5a593a37ff42cce09c56a,train,True
369,489fb8d83ab0badc3655859be51f4b992719f05401e6d695a2ce1ae29aa3ed62,72a5fa2075cfacd2768cf6809fe4a3168c8ef36c87342248597708bea38ee0f4,selection,True
370,db7e2ca7abd3cb576cc6f0de5c733369e460b1f8375ffa11eae08a04d53a951d,8712262de53454ef9fea92efef4e1b4429c3d9473cd5a593a37ff42cce09c56a,train,True
371,ea93bb95ba4d0ea6489a1c3d5163ee8e60e2f77589fb43d118d40afa1da2fbe2,53c0c572a8eea2e897b7fa80552c39cf1355eee327fc2c70e3a4124ef5aef510,train,True
372,d01f88ce3200f5384a9642b8623af01945e014edb4f14b21dba703025050139a,1cb5439b93656ecc9532bb858d91672a4d6b29342f4eec3530df72bd03c51064,train,True
373,ea93bb95ba4d0ea6489a1c3d5163ee8e60e2f77589fb43d118d40afa1da2fbe2,53c0c572a8eea2e897b7fa80552c39cf1355eee327fc2c70e3a4124ef5aef510,train,True
374,4380d83cc284262a59305b3ff93574bf3dd06aac257f8798ff28760bcdb70354,bd7eb42c89dda73984f6af13f9944c7b13e56bb26650d16020929a780cb4ddad,train,True
375,cc811c48a31e0a3b5b249facd999280ac46dd29ebc5d48990f5e8f52741561d4,de43ea9d0761cea1979744428928ecf1e1720263e8cf89de7e98fc6f60a643b4,train,True
376,57b9c73f3e2d329ca1593be7c6482a8b9622d7a4f09747b05664c2b42004bd13,f671939096aa9b701c7afede1e3b072f86755d1cbb06c110a333057d89678d4f,selection,True
377,2e2cb685093d46f37e04e0da6d3513db03d8098fbdfe89972eb2f2e837999fc5,cfced7ced731b29736ee4c7dbfd156af9a176f89e6c2eca9cb9dc5e357a43bed,final,True
378,37b8f9e6df407ba4545a3b4081f6f433b633f0ef0ece5bc64f3c59f06ee7eebe,a1d21ea45238e29c0508613ce11104ddb6d2b1f1120f1a352f39bfbf1a0b41e1,train,True
379,90c88b82a18c5fc20e4dbe2faef5a696ff50e8573664d0fed3ed521b9b9dc3eb,a2379e5d61c60dcb4e921b33617bb2a4fe944339b7bc2f6b9ccd18db2811d5b6,train,True
380,30346ef122a92f00955e7310696840fc559cbedbc659e99c46cacb875b0d79f9,9cd10b41ca288ed90b19a16f34d62202320b91c9e06eab3f83700442bc94767c,train,True
381,421885919875c9210ef1d6a4dd4bc1d8035e9ad6aa2add02b3bde1c7d527662c,59b02f13d1119cf48eb05e3b93bf65d0d9e911373b4a84f3a3deda70f4f3ba7f,selection,True
382,190e58f552ceaa0a631edad7a660cb93b72b03650a3938ca421512128facf1d9,28262e9c103b2a4a3d205423f426aeebcd9c8bcebd2a0f121d8f3cabd67ac962,selection,True
383,8f13318240226836000a9df1751febc8082948f1a30727f54e82890700dfbb71,fe2281d48bc73c2aa49152e01cac600460ceb0dc684c017eab1474d4909eb671,train,True
384,625ba26aba80564428fb6ceaa927d1d8125fe30527cdc628fc3594aa681478d3,1f1a73956fff26add575e083712c14812eb4ed1bf265cb1885f3ec37f60457f2,train,True
385,8f13318240226836000a9df1751febc8082948f1a30727f54e82890700dfbb71,fe2281d48bc73c2aa49152e01cac600460ceb0dc684c017eab1474d4909eb671,train,True
386,2e4f1e6197a5833a0b94a52dcc211dc7c748b34d1a96f2c6c4a34d907f1906e6,ee92e22bbd1c1cd86bbffe97a06aadf44f3f10ff7e4b1e770c860769d44ca449,train,True
387,86601972aebdd11fda550a5d7409115123d7c542f4dc71cbabaebe092543347c,d6a764191ee1ec6ca3f9baf4ef095774a5ea60eab991a681014630e4c859d3bc,selection,True
388,425b9b15e431576d9755ed9e5b872c35119e91a1efaa6268ac463d801deabaa7,10d7721dee1c43ea7e9c8cf32f8aded0e3ebb2ec1f75e139bf6ee7fd06eb04de,train,True
389,27983699ea3e6872cd31093a74713910ebdf2e4355b2d301304d1744062e8346,c3870e2d5571213a5bb831350be5a6778f6b8a8c8cb92f9fec246556d1827e28,final,True
390,551eec4e210fd698f7505c7a9290902081c9cbf64486c378a6c439b98654796c,8d5dd687be1e3fa874ec26d66afad2dc3563fddf5cbe8803cc4ddc9659c448c7,final,True
391,56907cb5d2a40f51f385e98c29ed7d90095ad3d4b4645564e958257e3b3b59fb,cf1ab6ded0d73dc381bf7aaa9f3c8c39666590f45bdc9dccbb0f080cce385fc8,train,True
392,560b17ce70d659cd151f8b65661ddbbfb1bd26296293f70a64d51504e171125f,bdb8cdff23db8299f59e4262a2ce154ee0a93b028004e5366b7dc6fd7001264d,train,True
393,4b6a7bff52f6068cacc94680eff32263a3f87647accb1456fd75315222d94b6c,25e75808c81222a7bc53edcd338af015e5b951ba90b41ffe914b34ac1f08394d,train,True
394,31563179954bc8ac1ca6cb0040720ba29b4820586d229467b1176a8419e0e537,8a59363c420f15b4519c3e83750ceb609b51f244852b2c768e458f0fb0beeec0,train,True
395,26cc15b7d980d16d0c03f748b250bc274f3e2643952dee892ea78b34877ce40f,00da0421ffeaab8ea0e8636b37ef46dba85a4c70d742ef901c5423ebce07360f,train,True
396,66fd4adf7f64f49c638941ce43b80f1813d198a05578f38f56a8db5667755ee3,2112be487f8103a5eb6e0fc9dfb0dd012427f708c7ab15d3c5b77ce14f8f3709,train,True
397,f695959bf7b2a0835c1020954b8c1f06f1750f6272b152d454625e51e97d200d,03a4dd944c833fee064fe962c594f6093d2622b977b3e7fe492665dbdd934dd0,train,True
398,7f017e74e451119656ba2da2f963e021a6cda81e45d7a700004cb252435e233f,314f1ebaf1566b8ef792daeef735736ffc7c33e1e3f5055f314487e716f348f5,train,True
399,31402ac58ec265ff3c63153a11e1ca9c65e0d1e8f90cac218daa4321fccb9ac9,6e506e11d6b72aa57bec93e72296871a5d5a652155bfc6a6b4d452871fc45c8d,train,True
400,1772cf5e2676fc46215d27a4e507d72bffe6b309337de99e50e5cb3fb15151d9,a9d13402298d619823bfb88f22aa12a09f75bbd4fbfdd403ee5f383fc48612af,train,True
401,8740f23ed4baadcb4aadd6bbbe3b4abe9e65217c36cbb15942d272d8101e9a20,182c84b96180049c75aef3d4ecb108dc60bf8b5da3a1ddd0249d1eb5e733d78a,selection,True
402,2a82bbc56cf41c08afc2eefd24fad12d79805ef5b8d29826f320ff76158c7b53,82c0e556717af1c170013897a5d5e781478010ec092c82057490388f56b014cd,final,True
403,50f8d8d18e09783f92716dd2b9062f023f1ac5b8e88ef0df1fc853b8bbd847d4,ca2f2a1be809850199ea960300307fe640b3a4f1a02d77cd21cdcf804125baf3,train,True
404,c6e3e108fe705256df4e471452336f4c2b784a3c77da80bb26c17e70e3ca23e0,7a5dd0babeebf213e4dd4c48c763be5ce69d56e11740dcb5b9f22f56fcabf9ec,train,True
405,35ff6d0ddd78bdc0d507b8f6333cc1078b5018fa470a3ad5d30ec4d4c50f59a2,ec6f8009be17c96a9a04a89941ddc230478e4980d5e2608683e4b837473d2217,selection,True
406,cc5add118c721b025a890477b64b492dce02b9b140a11abf54804e6d2ed8dd43,14f93da750ab72ddfc507004826d167b54f8606e2876ea3f2d69c430b17cc5d6,train,True
407,7b66693a68380830d91b3566babf8687e52158e1c309e904226f1a155129b5e7,a38f529c2a984a3227e24a73cd86b751ba2bae79831418ff9d8eacda3f5075b2,train,True
408,aa3e7c2a6bb63c12ee39c5ccfb9e034117c9e9375578255ac747b94c3718927d,a914181007a5cd4a9b26274b7e88cdf5ea8c8941c16ea1982edb933661c63f6f,train,True
409,1f509e4899b08553b93ee64f257ba4c9338b3f123cf4e65afcc38476bfa5046d,482922b64e9cb8dc9b02052defaea575c7f4c4807a6045d8b16c0d94800684cb,train,True
410,177df11d73f665b1325df1b253bc95e0c552735a922c015bd6087f19daf597f9,ec97be3c6b3caf9184da9104022d3b79047c407069398e56322000a4b3e2e66d,train,True
411,31e83875b85b14b83df3f13896e9b9a3e9039ea6df56f897fbf16a0a5c3b5b86,624cf9baa861bbaef7d7be4dfc54e386a6e1123d56165c7a3ddb0d9cb8822112,train,True
412,0f4f32158499bae728455a96b43d15b5c766dbdf22fdaa3ffbaa63979dbbc847,e052f41f40d42cdddcf1db45cfef8877437df568e504fb064e3a09d076a79f94,train,True
413,57dd0c65aa43f033b5488ffc44c3ca6f493f97260cf2d7bd71e00dd26f17bc4a,fe9c2012aa28c4d5cca2f902c375e6a556d1aa670c843caa8489287ddbd16ea9,selection,True
414,0f198b8ec89d7019b45cf26c5fabe7517dd155d2df7235b7a25614bd6a04aa40,42ec0be873d4b7195e197c4a036a003c595ce2ffd59fc695316031ac3e960dc4,final,True
415,b1eaa286a2ca564a1c1de263818cfce5ede7bb6d5ee14f7cb3162a66004a6604,54080d09d7d67379d481bd6777f0ae9f40f181855d5b89c2717395a9e5c80515,train,True
416,ad8262edeee28387673dd3e760cfea12876fff64a360c6396e7137702f65ffd0,923d9168b2df5631660b759c63404fc3d76635abfa83fbc056f1bab795ef2f8f,selection,True
417,2181d2f6f64eb4dffd72d2f8aaf84f000dc1fe95479aa67a7e60a7a0327dd153,6336a65f2d5ec34a1db05600f4c8d97536c5577152ce84737d20dac0bee87121,train,True
418,0d6443a16b9e6f6f9a28aafeb4698ec1a82aec0d8e2287e1f166ea414cf8b9a9,11a04c50a0fac9f591b3352cef420a8f1b25648287c5be61cdad02dfa3a099a0,final,True
419,f931923ee8f4120b6cc0800b9eb6345ee2622054f50d0587ca52429a006bcda0,d7fe9069af1f411983c83c3d968f89b63d8b0fb41654be7c9139b0f28a167847,selection,True
420,2181d2f6f64eb4dffd72d2f8aaf84f000dc1fe95479aa67a7e60a7a0327dd153,6336a65f2d5ec34a1db05600f4c8d97536c5577152ce84737d20dac0bee87121,train,True
421,0d6443a16b9e6f6f9a28aafeb4698ec1a82aec0d8e2287e1f166ea414cf8b9a9,11a04c50a0fac9f591b3352cef420a8f1b25648287c5be61cdad02dfa3a099a0,final,True
422,f931923ee8f4120b6cc0800b9eb6345ee2622054f50d0587ca52429a006bcda0,d7fe9069af1f411983c83c3d968f89b63d8b0fb41654be7c9139b0f28a167847,selection,True
423,2181d2f6f64eb4dffd72d2f8aaf84f000dc1fe95479aa67a7e60a7a0327dd153,6336a65f2d5ec34a1db05600f4c8d97536c5577152ce84737d20dac0bee87121,train,True
424,0d6443a16b9e6f6f9a28aafeb4698ec1a82aec0d8e2287e1f166ea414cf8b9a9,11a04c50a0fac9f591b3352cef420a8f1b25648287c5be61cdad02dfa3a099a0,final,True
425,f931923ee8f4120b6cc0800b9eb6345ee2622054f50d0587ca52429a006bcda0,d7fe9069af1f411983c83c3d968f89b63d8b0fb41654be7c9139b0f28a167847,selection,True
426,406b698687e57f054d8ee8e703f5cc3dccccfff55e39ad96c4e803045082fc27,bc4cbac2f1c7746368ae06dee7868dee9615237ae2ca4f56d708c8b8819d9c6d,train,True
427,76364e89113308ca66c8a609de17b505e57a266f5e0f0ed742f7aec75f9ed3c1,329f24fdf8a0156ace840e95b8fe405f97c52cca2d5ea40bd9e63231b1afb59a,train,True
428,88cdbe1a9e120c685ff1103273a52ca42b8281fd09995ae0521f0508d5e07284,30fafedd06d1ea6dccbed25039e4dba278b4e852ae3f9ed09f857c9fd5e2079a,train,True
429,406b698687e57f054d8ee8e703f5cc3dccccfff55e39ad96c4e803045082fc27,bc4cbac2f1c7746368ae06dee7868dee9615237ae2ca4f56d708c8b8819d9c6d,train,True
430,76364e89113308ca66c8a609de17b505e57a266f5e0f0ed742f7aec75f9ed3c1,329f24fdf8a0156ace840e95b8fe405f97c52cca2d5ea40bd9e63231b1afb59a,train,True
431,88cdbe1a9e120c685ff1103273a52ca42b8281fd09995ae0521f0508d5e07284,30fafedd06d1ea6dccbed25039e4dba278b4e852ae3f9ed09f857c9fd5e2079a,train,True
432,9dc526cc7d76be79b4a0bbe1437b8b488b157d8e46a2c385ca3e35b7717ce646,dca6436ae1e719cac0fdbd174804f7e722547e0b6427c9500345a4f60d661780,train,True
433,250db97ea704b98699b92cc941e64ca44d1eb97ad5c9d80d7b34fafd85f7bd8d,bff670d93901af5b79e38897516847e1508dc84169344f0fc56aae4671916893,train,True
434,d65c4c4006f25d955ee5cb9c86697e797b999bb683278f3e8591830552898b78,01f3996a56dd03a0e36967bcfe1abf32ae56174a11423c0ace2ad672cc5a7d50,final,True
435,688a0c07859638390f71b59aa22e49c8966494b1aaf3ca76e1395fda0121c866,8c1cc694e597a883399748229aa4c7c9cf36045d31db4db39140e404d3677758,selection,True
436,c3de78ae9be7477a7407e0dd45d623ce4a682addbfaadec3a4b4c1d81c46b48a,6de26ea401fb6d424d0d5a7e31896ee6cf0c8415d890bf6048d99f632e68ea59,train,True
437,7de9d0cadc6d1c05111f638e3fb3e46716865939cc1cbe5dec88bc66a7b673fa,d974c01d5f061e4f01c480f9757c8b3c966270a93579c8104774bf6b911a9c58,train,True
438,118ce2e2cc84e9d297ac4354305a5088bc30c8774e98aa91c0a16e870332e8c6,bc3380f7c4e14b66bcee97cf05113d851d80691b60d15d6973b869fb9581a915,train,True
439,d596e52ea7131bebd1a46dbab64a72ff88de57e9abf6168ad1095c4c9f02395a,9bc38371b0b4b571dca75818c42b8308a82b2d3b4568c4accb14eaa94e3f427a,train,True
440,e68dfdf034af7f23242c63c29b8519ed3eaf7de396255089ad77a20b3018abb8,3063c544331f90461b08f0285072a87a74e44e52512c013aac6360e339df6398,selection,True
441,8a66874a8f294ec529193f70f1822bf45a0318b91d726a158c182ae29075d3ca,af9e32524766428a5ffb8140502ce3099998044173e9303076ccb02ebf0258e8,train,True
442,89b53de414af9da01141aa8f8cb81e7eee6ad59bb151e01fc0123361adfa9238,685c90195a5d1b5185ae73ee36a34b69fe13fdc326580dc5cdc388ee420637fd,train,True
443,43db91eacef24bac0a612dcfa7d11d117ff74e977718ce10b0fa775c1d6af5a3,225742886d4c5108ef28a826918fb1e26b9d581fc9ba3aa64ddf2fd46e46cfc1,train,True
444,eaa3b3e3c6477a57858ddf478a58a4b71feb06102f5c9b72d9a2d8cf4ed73a15,3ca7ebd5917261c05fe4655923b65c91d263bebe83e24c34f42ad9ae5cad6b73,train,True
445,edcdbc0b12322a17bd57d061611bf40b81d2f66a0b8d121f5433c9fe7fb391ee,842c2a46448e0672193470d178b79dfe3c1f4fe2350ce714efbd53b6693c21cc,train,True
446,0237ddad062967d91f44a7dc5c787fcad04e19ef1064ccbfee82b99661e793f9,21b312dca718bd90887adb0429ea116ddd682a6a1eed5a20c1691085fe4995c8,train,True
447,3b6064e003d074aea2ce29656d3c7ed0ffb4091d642a6ea7942c145f4634d660,de85968271446bcb350c97077c8ccb4372d7004426350d33b91d1e14a27d57bd,train,True
448,1f2bd5348f666072f70a211246617c57b682659f3d3bcc5fe9ca2d253dcc795f,59369bcee456f0bffd788d5848fe58ca0940c8e90b04a6e14465cf91096624f4,train,True
449,71798bfc8f5a31a5ad5eb3ace2e3208cd04ff7c230be6bf522fd6872a630994f,e77f400b97008ba48bc31f37111dab1f690059b73238f6439e18cc39f5138529,train,True
450,30bc1c5e3bab5d2e5be79f4be9323360ed3e58b0613eca36a9dd80532b14f83a,f3f2f9f95d4899c9c807a18b6c4f8650f5c0f10ae2a091e86a9872d3a54526b2,train,True
451,23b5acdf17ad765d88ddc6d96b33bc058f11ad5b39bf5eddf49d87cbe48c0173,5fb5e7fea7b4235420a36eadf98d8d86d4944109946a28e6b931c78de2c7f703,train,True
452,93498348ce59d04b9aef2da751981a888d0695a12277da9b9f561898bbfd42b6,63023509ec6c68370145f8f7df68806a52f7c3ff80f4f90dc197b26c8451cf57,train,True
453,389ca6def6b998c48f12cdb280f2414a650304b454c4fda35d47f26bca1fb311,6bd110e6ea7956eb0b7a840aa46ca805f1ebcc86d9b5528615a9b919e901ceb1,final,True
454,0e1045abb56bc6a607364f0830907d0cc40abcec3db4235b1ed89beff6393368,0f49d01df457be41a98ace2660752fe5343471f53c868bbf54066782f2a39480,final,True
455,a0c7742f97be5319a3d5ba818e0555331de0c806f49dddba1fa423bbe07e2b98,9cee6270b507852fe0e05eee61661f9658e350d3b8c6c37003bdca8c859d4510,selection,True
456,15e44c188a87d7b82c9950838b25a5378670bd6cc20a96602e353274c723f2b5,49a8524ca8fdbe950ea80ee09e624f0a04347f2b0cd1ece7e5ce65e4f9fb19fc,selection,True
457,83a5ddb92b42bedf69d664c849fb09c01b6fe6162f950b1ba0d5b9b336b2f0ec,423f252617ec2d1ff3520fa37d6218fab00285e93a03d2e0138d1b508e10db1a,selection,True
458,94040473beb84c38957812f4fafd73c545285d002edf14a86f4bcd3c5c1bf5a7,d66331d456adac8daa641cb6c648ab803d5cc77c014be95059acad4aec0c6e24,train,True
459,036b1f588bd87d79d4f9be389813c5e27f57035865d9e7adcb11ab4ac33ff69b,5ce4121b5094688d7e4819a5096b28629de0f44f1e4547421e3489380dd0d625,final,True
460,a6758c4cce2d5d487e7d7cb4451dc1640ed060e0ccbf65ffca1bf8cd739bf66c,12cad7e75523e5f57cdfe37d0a2e701895d914c1929ea1a71ccb2749a0b251da,train,True
461,ba5a3445968c4ad6f19aaeb474c98c5d7a355ebf4d9e9ead1c9ec443253eb10a,0a5f702e6db726fccc32db97116107bf9db817a81f438a6330b741e3f17357b9,train,True
462,55c4d2c05677c9a7a65175f162c03e975ff26b26e9bd4269fb56678e6e85f84f,51a86117a6bb4f64124bf25af6a6d111ae02863b3fde2286dde67c29e886df81,final,True
463,d6354134538121c829a6634a123bb875a85f1de8e6af0a393eb77543201ecc11,864b036ee92b6c580e7b48ee37c7f99039709b5f1a262a05205122c3b57790f7,selection,True
464,6f2b43d27d1bc6384993703c4f6cc9025d46c351c6cef68aa972893bddd189c1,4cc80b4c4d852b7bf31a72df9b4372a2bb000397faa2c6fa95f7f7b6eec2586f,train,True
465,e675e7434b2646102fc079c8d7e19865bb59c5946a42303694142d78d5b962ea,d0a87a9d8eb146500d455f442f7fd5aec9631fc0a4cb3175a3bf7244cb8224d7,train,True
466,b28e0da44c4640780d82debbbda0d87681d1558970ae4f72b23f0f86ac0e87ea,1d3189a1b152b01c4a0374c36adf22a0b27662371f55259687b82be6da53851e,train,True
467,ef94d419807b8ebc5986b9923dab8e75fc459108e33f4408bbdb4f94f2961fa0,85ca5ba056c4abf29be96c2513ea54128a2589acf0c109295f952efd41677c69,train,True
468,890b5c0824c664f0f770309c80a0dfdefe953bda465364d92290b6e4634dc5d7,0030c90c4a59bee4af0258e80526547d521a0828fa3fe26cf209960983d6d272,train,True
469,89a22a0b47a757647b9515adbcf76aca0145d76fde533ee3d46c3541b3b5df6b,f9d25791607dda8c70e8b26a9462bd4fcbd75b64bb05c634941a7a9b35baf762,train,True
470,a65dcdcc3b3a5f4433848d2fcbee84e791f6b0304c445ee792c07cdb1023671a,71b66753b0446b27fdb9a6d932cb4ee1ae93fc494d86e5a99115c2cf937c51cc,train,True
471,56f5c78b1aee3ab9dbb4d75b79bebaea7f990020a2fe550b102880c72f19f588,d369b2ac306cbdda4912d85658897996f2ae41621a780193366382e7c7e30261,selection,True
472,c5cccb9abb6989989360df724d7de5312452188b93f1ebe3b49ba349c8251a08,f5676554ae54cf9641b444dcc65afd93b66c7202fae60617caf37245065ec6fd,train,True
473,70201a0d79dde00ad5466c38d276c5341537d298ace71aed22c1d8760773e160,efc352224f09ac67a399a6d18a67ee81163caf9e11a5ec4e54b07011afc0b483,selection,True
474,0c3138d94fd92df4b7572416d71ec00935e88e16544456594ce8402163a47e1c,8cf6efa3cb6c77c4b79692ba3de026a18e83d5c3ad5db9d924b884af2440e7b7,selection,True
475,a935801259df6c81429ab951c1ee3b072c210e9b8553b4683477899fc70d3026,332b6c6ff85d8cb6d94261bf0413647415c78a3f4751ee6b19be031816fd72a4,train,True
476,59fb658a5f95ade24b2b288188cec18b342d6d3ca6a7f27e40a2499b282af126,6bdc4f91599fed9d2fecb681016c84aa19bcf1435f0d78ceb66e1f458514d6a6,final,True
477,1e8dada04b451ca1ea4e24678a3489e534513883123b49077f363692ec5e2b98,e221f1481a21645ecdd111a1b61f3ba8a2fe22dff274773f6f647f44d2df659f,train,True
478,eaab8e057bb642a17de3e471b0ad1d73f120c3d08b247266ea21bcaf6f8a385f,43fb61b2a504f485c44dc41bfae9a87cb9d9e57a7b1020c9eac2e2c79b201711,selection,True
479,ccf33e161b89ecb2d936da708ab882e8b67bc6935298d34b0f1b6fc48f6785f5,a247c01a8366795b71f5b716f70a616d5352b00dc64d632a285d53bf9927498c,selection,True
480,28f294c3ffb702ac891c6faf75e98e679dfe5b143780660ae2da84142d156018,0f56d9797148d1e4779083104c9bfa42cb693b4429a70fa146aae15f856bd4d6,train,True
481,a3f4e27057e26d6dd9be8292c44ee138e5ec3266604fa1fbd2559561e47ae988,db09a2667824050aa992e84f5bbce4170e5f577822b37b73feb6ae836197f11d,selection,True
482,ba39ebb3d4684cfd1e11f64deb274b644049a813cf6404e10b224b4b10e67054,443e0b6f11f50f518b9eae20256140463a7ca71581cd7938239f1f3d95e062cc,final,True
483,749515fb41788ee97c8bd7b6b1ad73607766e447be9523d3e86ea5a2a9e1493b,da3285ea207204fb7b3ba49599de03b84fdc22dae8be2045f334ca4f2dd717c4,final,True
484,92ffdd4a891e30cdd6b73456df31d3f4b34fa2e5ae3a971a9fe3110ac718daa1,4f8e19c622253f08f2972ad01e8aaf04ca425688612bea7521274fb1b204a1f7,train,True
485,89017095d181a01fa44776d60caee9ca1e0697953d0547206717480b05cb78d1,12a9ec0fa73df671d5819a21c8b057f62506773eb9f2b1f3b1364cfcc857ed64,train,True
486,1756a04fc82299c3612d1921ada1d881eba1d4594494089554c03fd3e30bd4a6,9ead02569491e5d8a1dba4e0a6e9d49be54e61bf438225f0791a931a2f24aeb4,train,True
487,0790bc6495f318baeb03fb684ac9472d9a314f6fb08e71810e226a55584c7806,eddfc74595e0cc395f43214091860e30a20a4aa7a75a50f574c4279e72cc20fa,train,True
488,542715b3b36ba96244162b05cbede7faea6f383c308354f674f0efe2b22236f7,998e872b12c1c35de1d6e152748e3cd0bb1f2d64437ed35a7cdac7fc31fd11a3,train,True
489,1957431bfd0356740dc0d51980c64e309484eb6c0150745232428351931f5b45,35bc1e5e48734c39bfbe1418c06b0b8701b32f5dc01dd7fb876a44ee13caefcd,train,True
490,f2e3f84267dee191b5b3ee2296bbb05df9c223b094ba9bd3fab475f916bf66e3,9c8bddd734b3953a1e822ae8626a01929ceae786207f5d38328119fa28b356ad,train,True
491,05642fba30474c474cfceb37e78f223af57a7a0748454de8e523371793645b4e,5bfda0484a52b78cc753e7b8980c6a4f97037b59c825d434b462656bdc7918a6,train,True
492,1fa430a4f1bc843be6d7dcbd7db68b5adaf5776442e8872a2a933e46affc1294,d240e7b618d445f7ee6881f7749ba1b893612eddbfc9474d115eeabf2f56a0a1,train,True
493,767763caf7d70c89f841a3d8af67b5a2ab589309afc9a35679cf9bb2bef1d9c7,6f77fb77596cc881013af1563867ad005729578ad32de91dd7ff1f897ef7bea5,selection,True
494,3374fc9bcf9963b8a78fe1df0ed9cb5aae4f9814b1c68bb96844b2f0f0132f5b,dc72363b86488329e7b93c95f0afb7f12f60a06419d56ab29722a9434d2be9ee,train,True
495,0e4383fca6bb548a4cfd4c972a5b49505b0a61106e83f8ab21d0d68b6cf6b9a9,e5452a60dafdf69a04f25b14789515c99c6a60765e012d0bfc151a4c3e64c0f0,selection,True
496,ce20610c1ae7bfa68fdb07a006689db271004c21af061d79f71006b9be94ecad,ccf65112d76d22e1ac472c68d47959a608cde3b29a906378828f900195ff88e2,train,True
497,7a09000387604d691fd54385b8b0598cadfb3b5f69cc767a8c6c5f3588b517a5,0e87068c10d73837baac4cffc4201ac2a7ddda7db1ac57df497ce570fbf5d0e4,train,True
498,1957431bfd0356740dc0d51980c64e309484eb6c0150745232428351931f5b45,35bc1e5e48734c39bfbe1418c06b0b8701b32f5dc01dd7fb876a44ee13caefcd,train,True
499,f2e3f84267dee191b5b3ee2296bbb05df9c223b094ba9bd3fab475f916bf66e3,9c8bddd734b3953a1e822ae8626a01929ceae786207f5d38328119fa28b356ad,train,True
500,05642fba30474c474cfceb37e78f223af57a7a0748454de8e523371793645b4e,5bfda0484a52b78cc753e7b8980c6a4f97037b59c825d434b462656bdc7918a6,train,True
501,1fa430a4f1bc843be6d7dcbd7db68b5adaf5776442e8872a2a933e46affc1294,d240e7b618d445f7ee6881f7749ba1b893612eddbfc9474d115eeabf2f56a0a1,train,True
502,767763caf7d70c89f841a3d8af67b5a2ab589309afc9a35679cf9bb2bef1d9c7,6f77fb77596cc881013af1563867ad005729578ad32de91dd7ff1f897ef7bea5,selection,True
503,d44ce4273c1c7b05701ed06793bcde02a679a1333ec0c30dd7cd362073d7758a,eccdc09e280050d577a5a0fb56bb56caf76b4266122c4a1767e5cfabb0c09062,selection,True
504,0e4383fca6bb548a4cfd4c972a5b49505b0a61106e83f8ab21d0d68b6cf6b9a9,e5452a60dafdf69a04f25b14789515c99c6a60765e012d0bfc151a4c3e64c0f0,selection,True
505,ce20610c1ae7bfa68fdb07a006689db271004c21af061d79f71006b9be94ecad,ccf65112d76d22e1ac472c68d47959a608cde3b29a906378828f900195ff88e2,train,True
506,01e7e012e04752e26cdfcd33b8dd8cffec2d39a1962ce70c945b766e11cbf42a,5e85bfd046acc5705dcfec1d58cea43a29a9bbdac1e5b7b5bec7e54cf44b55f7,selection,True
507,c772e93b5d4123a435fea7805e7554596ef19052f2f2b000dda0fe290a53a898,1799d77965dc85e812dd24c5a5113fa240c1a1c0847282e61b7892f4bd5e6eed,train,True
508,b25d44c5da9b12862d4f1d559c3f406854a24fe73e7b0e27786fb88d1105745f,86914508c61ceffc4ad62aab76bbe202d0234b266aa346e2e5e5e513595a92a9,selection,True
509,c931722e83a194166b689fbac7f226a71c7277e6aa84aeed5e3e7df114b061fa,8a379b01fc7666b702c74b14d98b99153adafeec9a057c8d434037b8d4a72d1f,train,True
510,1072b9f0e4a40d3a4a6bffa8d51d4960adad7185f947284abd9e28a0ddd7ff2e,8f0981d4c86048521eced9453d1df9f4f64a0e9c0a38a50cd5d52a884114a94f,selection,True
511,d5c336bbde67924661d60f4493fc733d60079dda2285a47f2200bf04a7a8adad,a1e05668d81540e97f6d90e03b54a0c2d2e8f6582009af214f2386a94e9f9e78,final,True
512,af637d0ce9b37c9230daff176e7b7a3bc7ae48da5d059401cdaa961cea20d9d2,ad4a9fb8e514dbd2d740ed06cabc6132d573d9703f1ff81c729e0970acce687d,train,True
513,fc8f3cdce0a7df681c8757f9b6e990fda2a6c19e65f10cc1499d7c8dadec7581,31e27c6e61ea949460756bd9b85afde7fcf4df4df43c9d177d4361b19da258f0,train,True
514,c772e93b5d4123a435fea7805e7554596ef19052f2f2b000dda0fe290a53a898,1799d77965dc85e812dd24c5a5113fa240c1a1c0847282e61b7892f4bd5e6eed,train,True
515,ff217d7473acb7a535b4c4db89c293401d2ef506566e5a3ac111f889af1d7715,28736ffc8baf153d346253326a208211ba8df5d1ef3802098dadd23577216226,train,True
516,28e1d3ef75b993f146544d5fff91aab1d74bef53b784c2328ce4565cbb47b790,73e552567157d29534605852de843d3116d6bcd5eeb98fb92282615cc5ea2674,train,True
517,2779ce4f4dfc6aeb3db8c76ea60b266e25af5b3b10cce42928d6751fdcca7456,c81a571699a245c4481708c50865bbc66b6b0a9b8b12b0a7cef2e30adf9d8bc8,train,True
518,d5c336bbde67924661d60f4493fc733d60079dda2285a47f2200bf04a7a8adad,a1e05668d81540e97f6d90e03b54a0c2d2e8f6582009af214f2386a94e9f9e78,final,True
519,2c29b9be1c4625ffd6f900ae1ab33b1497a76dd8d65b38dcfac0d916f00f27dd,1fe31a42c384325ff2705a0301e72edf965334700e087cb327e2c37705061b1b,final,True
520,a5829fafe60a6704219a2e474643bab0614d356d671bae0ac2fd0e4622b41d31,a6e93c525a1139d657fdf5fce19842d9b83b277e34405874bb479e7398eef37f,final,True
521,3cd5c76da3c73b83d439c7e3f773a61cf451eaa0245c9a7e321a178693f1d45c,4f43a4833cb1c3daaa953542fb3b414684026164a95206ec7de8d707d9b06a7b,train,True
522,5984d4978d66965ada59f46d53acb545cc5d6ce00eb1e886c9905f87a355b772,a83adde3300e31cf69bbd911db8e8810f7b4984487f0dd74ebffbfef10363312,selection,True
523,5f75102fb9830319307d06c028e0c93c0fd46f0a873dfd73c48a89108a6aa992,548062674b8a426e39524999a9a372f8cd017b8a09ec5138e7a5708c471af983,selection,True
524,f0fc934b995d97946d28bddeacb221516f3da2c46c07d3d2e3336fe111f615ca,7e6a224109e11e4e74c3f3af3f3981e5f59da552d52fb83c1eb897cf89556446,final,True
525,aa6c5e27812bfc2a1dabc4866ee22db448d9dc8d0e28cfdf652be9d3c0f4c36d,2ca7f56551e13dd8ba52c0740a719d0adf9ab939530a1b5089ab9c4fa132fa70,train,True
526,386ed35c7c8653401d0b9d2745f3e66bb7fe835b0b9ad4039d93b0e18700f45d,86f7776adfd8a045424225bcae1661b19c6b14ca513a2034ed5bb7612755723b,final,True
527,fed7baed91573299f698afad72b5f271160e53b88ba856d027c5f2802a035e9c,8fdf2722af15b72826c94c83d663ac9e8b410f2ce8228dc0e3b0139350b76655,train,True
528,c960c94f4ff346de3112702f20698ddc26738b5ef60dc25e7f9426d362afdae3,14cf66b2ef68bca1830aea552989472d8ab8f290cf9247de9a827bbf63159a9c,selection,True
529,8a6e53d56582bec495c2a4ced5102edcca9af0e4920cdd75d1a3c1ce2775b638,0c94fe8e6609580245104c62a85bbd60f36dc6e7d0f4385d61572426bdeaf6c6,train,True
530,a1444dc4a1065649b5af3245ddc2bac55966f1ad487a3a4c23c939ab1b44df45,80b09e3dff98344ba353a73860b113fb34121b809bf1bfc041b6db383c4482d0,final,True
531,33bbf08b238b239cfcb9f3cec46952da2a411ac14ddfb86125a7f1fc67201426,6b410fce9e1f276006dd2c3059da0ef105bbe688f817fe49fb08f97fd8a33531,selection,True
532,f84ccba607ae854480e6d74e44c4bb08dd16c08c73f00debdfab090ce550f22d,758383bb7d67d6c4f8878bf71d8eb7160a609790eada6090d024f729737e85c3,selection,True
533,b1eb0192270c2b7b471c5af6d41fbf129dd6d5cd815c085eb12afcc1469f0100,ea17ef0ab70ab744aa7122cbafa9e5ee812b71c153cba304228d797b0a1ca15c,selection,True
534,b0828b81582ee304d3cb51dbe04ad7bbecacbf581a87b7dbbf386ad2f9b6cfce,a288a8fb5f189b34c8d3af45e55ccf8e2dc6d2d60be33b87b3d50a8f079fa860,final,True
535,03441974a18256cdb23746f55584a071a75f2af4c950a169873451a096962413,0199d3122796d55b5e19a4f615b36c905b69126da23affbca48ac70769ef36b4,train,True
536,37dfaaa8b88f063566fde69e251995bd6a3c42f17094ee729798a6950a3f4bac,60d752f5f7df7a6305f13131edb51a744b4719efc3e7875201b80eedd076318a,selection,True
537,8ef2ec79e824bc03c46ad45fcfe3a0fa848fccc823010226aba4b30373a052a8,ce19744635d844ef6e2b7ce5f0cfd8426e8e68c6d45863ad0746f57eddfa6d01,train,True
538,0d7cfbb5bc08bfe809639a1bc4c54b7c9bad712d9fd0027674c9f53686554ee2,1255d226dcd1524f2558978f995156645634c888d2aed0c1df1d9118847d20a2,selection,True
539,61d016103b465c8f4c9a3fd3f5a3b46fe4a63187d192e4b2e24cdd55bb798a8a,5ad2e0eee792d56e92fca1f0ecb8b6103c974450fe98929f249f4f9a433b41d3,train,True
540,ab4bd417c060be69008833c6809d6f026cac59c4425ad2bb757a4d534be7c4bf,df2c6a5f781fa4e9804190f076818e59eca41ab4a65c936e059c753e9d93cecb,train,True
541,984a0e34dc6c59695a206f23cfc4ba0249b93771a122b9920ef8cab32c2bdd0f,2e6972e8dba93d72b726d44d6028a7065d09f360ee1962084ac2c288cac7e7c2,final,True
542,c8c123c05040354cfdad0702b1e8804ade13656661ecb48a2a76799aedac7c8a,d2a94f7281669c3d38298d0f21cfba2264e4493dd83a317bb71b0341bc710907,final,True
543,2ba43cd22e6a9be4dcc75352f346b4fc9027b7794ba293e34aa4db5503b23a4e,6e95de5175cf91c87811857e8733eea2428ed15ee0a154d60c258ce572c7b414,selection,True
544,8a29ec75edac9bcdbdf70e9e17c09ede0dfcf96bcd8f4716fbbdf1ba7d188104,5fb4936f9c5afa762985ca39fc1f6a86811d04cf825f7fb75d94919b73cf18f6,train,True
545,a4f0475cbb1741bb7464c65c5850fb62870fd300bb77fe57a2a1fb23acb64622,c261c0ab52567c5b78502b9a2d60005f14f5cee15ca89ed418859af6759da5a5,train,True
546,fd92f95fbe5450d703a6e9be4e5269c7d322118a4da6430ad6d10ea94f707700,4a743fc50a0e51ff6232902e2bcd78ece261c03a3fff58fa32d3e4f788db36d2,final,True
547,38278c8562341b2a6aed3769028d5c0cb428c2f3af24893e133de5cadccd8754,e991297a1345b59dc1372f3282642b6638ec60cdb9650ed2bcd66fdae0a5cc8d,train,True
548,37ba41c113b33adf754e506254ceef5b944cee30d2b4748243be4ecf7dafd1b8,dcd6538fdbcef71e78c58a620473baac2535765451c77bf086f6b7f9f4c73311,train,True
549,29b5dd8d841784d680c123dd4d4dd6a201a8175b6105d83d384d559298776d21,843aae55b10fee62d308a494b38330b9c48b1e7061d80591665a1195ce6a43ad,train,True
550,82b6bec3d2fcf4141523e461e70abbdebd6fc678782ab48adb3f597eea943fc8,1436890423b619ffb716e2915343cdffc4decb42b0fe807777b5a0eccfb86854,train,True
551,a3a63052e34731372fad7891786524afce078790a9cd639233bbd6d07820c473,7232a21896f7942a8440e1ee0f6ae4f6bdd91dedd9eba5b6ef659eda663b946b,train,True
552,2f8c8a21fa7a3d14e365f7a9d0b341b55d89faa299e2cd1bd74ce6a00d427e29,6aafee2b0d3c6aa1b3aa6e36c98f8b9ce1735af4314f547af3ce65d26e1495ab,train,True
553,909502e0e035552b04c7a6aa5752e2fbe52b64624ae7c112ef093a8e7e2624e0,09f01ff678cf6acc8eb15277b8f7d94e3fa4105c6c31f83730b816fc568119c1,train,True
554,e612707355bfad7cf5b37a89dc8e36784baff76b8b05d4c40ce3b8f4d71f7c48,420e65a193ce6dbe01b4f3bb92f8f8abb543f081c75094c2e4b8914aa526cc06,selection,True
555,e5bba139029fee68ebbc8f257cfbfc2d084c3a912584ce5ed8a85391840253af,7255b2b7e01a1650f0f7b13436eae99a0d922681c72315467bb190c23069c553,train,True
556,e497a0c643c51e80fe78ccfc659eb66065ef0f8cfd22fc0113935e90dbc06133,21b8defcccfe802795a3986f8dc57f081290bc1325e2f5f4bb8ae36c445f1819,train,True
557,d57d05925316d0dea1fd0bd3d97379ca55762b9b149ed02d4e7df75a9998d01c,1dafe951453c661de1f0312bc0b754b3b44d42ea5716eeaed7dc4197413707a4,train,True
558,d31f331d7d71e0a05a19bd6b8862799a89f25e5795d197e121092ec1ac0ce67d,cbe325407772e42ab829a764667b2b9af56239e85274bcc21259859c842f9823,train,True
559,e612707355bfad7cf5b37a89dc8e36784baff76b8b05d4c40ce3b8f4d71f7c48,420e65a193ce6dbe01b4f3bb92f8f8abb543f081c75094c2e4b8914aa526cc06,selection,True
560,e5bba139029fee68ebbc8f257cfbfc2d084c3a912584ce5ed8a85391840253af,7255b2b7e01a1650f0f7b13436eae99a0d922681c72315467bb190c23069c553,train,True
561,e497a0c643c51e80fe78ccfc659eb66065ef0f8cfd22fc0113935e90dbc06133,21b8defcccfe802795a3986f8dc57f081290bc1325e2f5f4bb8ae36c445f1819,train,True
562,d57d05925316d0dea1fd0bd3d97379ca55762b9b149ed02d4e7df75a9998d01c,1dafe951453c661de1f0312bc0b754b3b44d42ea5716eeaed7dc4197413707a4,train,True
563,d31f331d7d71e0a05a19bd6b8862799a89f25e5795d197e121092ec1ac0ce67d,cbe325407772e42ab829a764667b2b9af56239e85274bcc21259859c842f9823,train,True
564,de6be32811407e5dcf9f5d1c278a4ae28b593b970443a50d0bdaae6bbee83a96,45a52aee3fb54ace07fb7b252dd403b18fd2f67e45dcd01aa4ac59990d13d75a,train,True
565,61dcfdea4fe2742b43c81d59c6a9281cd2c584093b5fbaa57af42fe791b1ade8,c83b97c6228787b13c41ab2fa5b2e4470353f327c5fe27f34d90ea3e392428c8,train,True
566,0e3d0e59f941674678ff249857bcf361a85c6d00caceeda27b74962c5c14bec5,b21c4495aacfa9a2acb071144cc5adaceccfd6583047f9ccef661ae614a427c4,selection,True
567,d2eefaff746da96dcbf97ce1544f84b07c25b7700d8f7ff3a0b904c884b9661d,38d502025efdbd6627a626ddd9dcfa2210ca7f1659a07f31cb64e898d72ec900,train,True
568,e6246b547d00337dc1f47a422c678e14242b4a074dbd0b29739037c579ed2918,ec5fa2ea257ef99bea107acd4ef48335319a4a1782a5cdd7a595230e441405b4,final,True
569,8a80fda016a630841446c0171b218b6684186d4323e08648cffd56322381e477,5e7c2debe32382b3b021a195cd60c6118fdfaff85b3b6d6f1e6497ac3b038356,train,True
570,b066d94942b6aaefeb23f202e8be333a08a038bcca7e3130bc6e27dec3070645,9dab08883bd399c16745326b3a2ff033eef2f88e02fa834ae202829d1d254465,train,True
571,0a4fcebca0f50ce05f4f9925e66dd772d8f7473174aadb1846ca8a83913db4b4,dcb53e0fbfd9a47f2fa4cc7bcda65ddf1aa98fa080290e6faa4aad8f6c34c99a,selection,True
572,3bc9e50023e74ccd2fc54224ff0c3dae8717916fa3f2c48d7f69f084523a8611,721747c850e5928ea6152c5c0b9694db16a23d9a241959940b86fc9872b1368c,train,True
573,bec6f4b2fbe49c311cd88112c8c8b517377ddbd4b9b920334de354318b101b74,21b588753fb3d85f4b2aa39d27e14bb0c5fdc70f1be40e0dcd14e9d2795ddab3,train,True
574,ef3cf190d091754d038d525bcd039d5c90fb1dd103ea67eb5f4c9a5ce4c7bc66,6c85e8e31826542ae33315242602b5d15221c173a27d6261f8d42320913eb3aa,final,True
575,8be184a6e3cb5194cfe99326759531d483fa484f1d28ea334b05e468975c5a8a,44e4d0d1d3a95f3636a9e978bcc4db5bee613cd5a72d02ed968173e8e870763c,final,True
576,2c9680d64fbf38c40118b602a3af7a9cba69486d17db29a768a5eda05e7e9bcc,02730900570f95cb39de7831445bba32d83214874798fb59d1ca554fc2069afb,train,True
577,8fd4040946f6cb9d972c59980a55e154a1943bf0a44c8612eb59c73ebf63cc79,52ef2869020e5c47b62f57fd0311ea1d8b970500b2f853a39229d8b05a12f980,final,True
578,0c76f01d8f33578175d1841ee9d1f794b02985af6ae920517989075294c00953,ee17996d372dc99c724c51374a2996703d07df00df49bb54653f431b77ddb1c9,train,True
579,b3c8d1d50d3705fae85b774354266d39eb885d5b8fc58742eddfa9febe698fa9,dc5806482fb8103a46445fffdbe5e3b90477666be063daf5d2a34f6f897ada57,train,True
580,5e4c35767213baa16fe5995c087be1330fd08bad4e7ea5c5692fb0af8eece21b,56f645a5d0e99ac87964ddbe35ddc0417bf7d16fcbb4eb5efea32dae29a65ee5,train,True
581,f0d731e7c57195e75b95421f9e509400f0e92d6b7ac2f2bd67101d5624fb4033,5a788b452afc89edad71a8c16e45a386be9f11efa878e9b5815eaf0823fc634f,train,True
582,ddb254b7eedf316f9f324e521310432e817d1a306a8b0b968877e1180dc83d71,3bd08ef68eb2ac4185463018dfd9814520fd452971fecdd2edad9ea7738b10de,selection,True
583,79dc6db3308739df490de5f548716c53d2d55ef0db70b4864b70f70fc9df7d3c,6e103897188fbde49ae4f2bbde2a4d129618ebf6ab3aaf9184ca7d1d04efcb72,train,True
584,3aa24838b358d550ec06db1030c3a5e86326251fa8403e1e5b71132bd1f7f1ef,5da66fa1f9eacf8e563760ab0455570943ed1716a697a6e2e3cc7aaa1703ec29,train,True
585,64b631f48f5c23ce826aefeca11e3d237f1bfa25b3a0fed31b084670f37bd502,d0c99ecee33acea2b7cae590f1ab49f857956c207cd174717071146d921a8a2b,train,True
586,d58f97a056da19f90a0e7dd27b2e20ee265f5b0c9dabe9839cb070c39f534712,19221b882f456bd67ea059e1e9a92c6ab172f9115b763f3cdd249060a269014f,train,True
587,b4469c737f08ce87ddded500d94740f174126aa411ba8ea66bb93acb40a22720,fa88bb085043db2954d06e152ecb965e7d3df9b14c97911a0f218296ec0ea574,final,True
588,06bfaffb9ac606b430a599ae48c771d9e496f03a128ad5548641bc39e58f76c7,84230db5ea519d7c137e9d201eee42ba5101011a1a391454d8c7e6b2cd492205,train,True
589,3b0e79e112dd66aede280d2971c273a72952e258414d0d0456493a3b79756aab,462c7aa7e1e5f4e3b64879bc1131225a8481843ced49e0e590cbfbda46164092,final,True
590,b6285a6e98adfb345f855479d482a1c6b4220ea2f026fdc116a2b659951aad0a,73a56af7595fc202bd2ad305f006538f7619a2df23f2547bd753d5a3c46a8a67,train,True
591,85a56aff8a82b972250723a759301e85c74f842a4b282363d4bde1b5d69645a4,7b57eb17cf381b5eae3d94127e287608102ddc90b66434c1a29f6ccafa6195b4,train,True
592,eae7bb46569735e330aa3ec18e91d5fdcc5dc1c277cb6d87721704c681ee8c95,3fe0e7ddf6d62e8c804254cd78967e91361042a6493a345475cbe4ec13f3e4a8,train,True
593,9ef6369b5e406f4a1ab35967b125f5f87c7c1eeb912bd514f075dd35aaa38c2e,5f7eee3e53d831b9c3433039be598c0c027a0ecc510161e6e17c6a5619399f99,selection,True
594,90892d731e55f1401eb4009c6b675daa1ee29b7defd9af2e05a945a84c2f8075,f564f1152fe9aac657aa21a73cc04ecbf0825a827f636d78874f20558af89c5b,train,True
595,b073752895a977716dc48ceeed60aa6819b4968df6cec1be38317b278a888e75,d61f40174692744481947023f18a41a3674ce36620d7b6179087f0c77dfe249a,train,True
596,f8857099b6ab920ee753bb6cbdb8cf7af2fb3823f24658a7b799a8c754b05212,79efe05085376428037a5315604d3cd4ec59efe9bc353a45d0d390fc05dba7a6,train,True
597,759f21e35ea3b1a9c1aa3cfbe6ca061c4f2fffd1981a742a551dd48562b55aa7,4c7d8bd4ca2f45d8a3d1588f8a9c5110095af669f9a84b336838217b13693293,train,True
598,3f0c5f9a7ebae2b825381f13b283f78c388d71eb9f4711dce122a37f332dec78,fbcb9f1e2a8a3b47af75ab677e61458b4f47545bde4ee0675abaf93de1df4951,selection,True
599,8f939cbfeabde514f3b06d425f43c8b488d3a2681eaee9dce6d334a287478ce6,e97f9446c337a993a0e04affd8454ae67feadd572a6c8431318568ea75a1223f,selection,True
600,fbd6ed36b24396b0aeb77bd76c77cb2aa9211e23a2c69cfb83ad3d8372519a8c,48da977c8e77725605f675501944a8ef48ef3c7944abe3429dc8f976e97b8d97,selection,True
601,ad25f73d095a51177be478f0d2cbd3ddf1592435676b7871cc25159c364fc192,8a63bf7790e994fde51d34dd96afba04b85e7e52337637e1a1b93a49edfbe2ef,train,True
602,5a89f7132fdf799f009b9998b7b51e0edbd9844affd9c8dc69550ee66f4e0773,82a1425b44bd0f639073f7c7d2ebbf3c8bb07ed1dc493c235594abccd5d4d47d,train,True
603,f02619e3dfde06c1f5d231ab5b1c4ac206620ddcb8dc1a14096d7c7663c8f341,fc1b498cb734f0720e7af13ee9dc629fc0c2116fd98d2a714273fa0414ee3886,selection,True
604,34c74cca54793d314a39e5793c29056fc0258c18ab4d7b6b83e3233e987cb73c,a7ee57544f99d58d7aa68e034b9e2248e0f618a6ded4713c223386d462c883fb,train,True
605,51ff17e3f712320a9e4ed9ebfa2833e56fc6cf89aaa06d41270e6c74c8e2d3d5,004ed3e9fcda82ccb7dfedacaed73f9fbc93964a0639819961d509d1bf431ce2,final,True
606,bf9933ba1ee819b226cf29e6c576035f3c8f029e3ad0303287c664e53fe21847,b5086a492f61e49887c8ffda01584f418d614b84a29144abdef21d02d3c62934,train,True
607,3b56cc09acebcea211ff039abbe192ff71652650f3de12c331796afaf64d96bf,99e30f878e0e6d667dae4fb6a84a624160c98bbe5dac9c52d15f8a2686d0ecf8,final,True
608,186a94da57917a6fb11051cbd5c9585bf0d2f97f21dd77446b59e2316cb15370,1065c2e3208cf40b508eb57a7984dec3139fdbcf59e132a6a2bc428c00d71db7,train,True
609,26ae37a8b5fba6b5374a024f33d1a81b8804dc54f0d55a87f2fb3d2d8f7abb70,fa65aea93205c652d4e17fde7fa83c85e1d7df1c3df8f95c96620d1e597c2485,final,True
610,a4eb2d0e8d86dd93fdafbd00842110d811be55e2058449bb3e208f309bf628d7,be6277899b353277135949acd6e57a23ce83de2e29eb76cdbb3e4b422ffd4810,train,True
611,66072569d9c1ac1680e973eb1d0083d8882e342f85852d3fbd7c5fc7afb712ad,8ae338ad24f53f01e6d5ed852f8f981235f3bd1b2f2ba2d9e6e6d3031f4b875b,selection,True
612,557dfed203677e934ff76106c91a54b5eecdb58f39fb07a24b95bde764a0761c,b7515a97771dfa0d40376d84859ddeb00ad8fc78001a76ef3384913db4a5a046,train,True
613,1e366669a619113e7c09944dda26c9f880e3335657ca47c8a61607a5629f0e75,ad22aaddad1828d626f06cc6597f6de843f5e08cbafd7d094e4196b912ede745,train,True
614,78b93ea8be4c1cffc7ad292cf2e96eb5f5992e3de09f331258522c9693cd36a1,86e8c2d7255fb7378a92add680a526b11365476e39af77ef8a7ffd73ebbd8ed4,final,True
615,908f98d3e11f5440734401a17f17f0aa06d0e2230f5a68cc355de0d0f26d5d19,d40decc9d3b1f29ee748eafc6bfed88e9cb5c12406e14f81ad34a685e55bd257,final,True
616,537d7da30039b9e3b934850fc2f2d9e7241942319d1b0867c594a66ecdf928ed,4b6c379f07f33df70a830586fd3cd3e940bad18d55771a64431e1374385e1b8e,selection,True
617,631774457165560a89a12ac3a02bc1ea100712f3387e968220baf1e9545201a8,4c964d93d34344d42cafe5a22f27befd0119cbcb58155e9f0932cbaa23e9dc8d,train,True
618,106639b9380991ab4d6055365263aad7e230a1432f5950230edab75a2d3bdce7,380df428067331583412db7bbd51cd71dd258f464e0d12ee0f355f5c9d747316,selection,True
619,6ce5ccc48225b42540f06a6b9e59e76467a4146ae998305167ce381b3f311f38,95ea0bdf47ded9069ab92573bfecd3298ac9fab12a036ac94b9f88665a15dcdd,train,True
620,7a04683fc7137c32b0476c875c498c8b8d32f85980de3d890f3d72b58323855f,91f0e17726758c390843de835a42ab65c1c768bbafe063ea1135a59342d95efe,final,True
621,b02de1c3c64672eda6b49964ee77a0bb0e3a69cd89804f0d1b6bfe640fc12397,111881167c16f99291e009ca5cf5b79d2a8bd46ccd21aa68dd9553ca0129df27,final,True
622,ed1935999171ad1f3ce02808e13c8ea9dd3d379499633a70bf1e5fb6dab93b8c,1988a90ca0fe8bb6b4ec065611d5af96d045b7bb85ce1698526a40ec016eeca9,train,True
623,82142bbf9c55223e1b67b040c515871451d13edfaa4521d817d849ac41cf7054,dbb377139089512d6dd5fa2eecdda7e6fed75b09efb96f9bf8c04f0224467d78,selection,True
624,87bf21b3bb438152ee9dde7f3e319a980bc5327ebceeb3d0947bcf23d52208f2,ed95164497db263db5491ef5ef5fddfcd01c1986cc13610900e261069263d80d,train,True
625,6d4968af8970ff887c8f65f13627d90be17694f82a06c3dbbb43c72ff4f7c7ed,94cac8d1fa659a9e306fc831087376f48ad3d065dea755f6539828fe907e79e7,train,True
626,e84c5153a56b3adca16e15ede0706ac584669b3785e538300b211effef91aaec,879b69b99ddaa0a1b5bc155c268222951c459d474763fa0b22e007038ec1157b,final,True
627,d522c80346726b4b05471021eb65b932a6ff6b4540cdd836a8ef919eeaf14416,a49aaa9d47496cb67d7dda6f6da6cb64c9a01f934119d31e79575d5e457fe988,train,True
628,c8f136767d7f969b90ffea7253226c4bf467dc2ab37f9c8d43401c3639c79a1f,fcdab60f07f6d9e5b1f7040cbba02f91b64b497709b78f01ae857d7379556522,selection,True
629,c2fc287f6960047a0c25efcbe6eb505c1c91da07d83d15d87e910c6ae78f0232,afa8bca6f2e777bf7262be80e9305a32d1186dadccc685c51482f6ea84cd0c4b,train,True
630,926b2821307cf797a57ec1a9dd0cf2e172b5f0fd0312d4f8d43acc163a054b04,ba10371fc6dda7cd64d0b811b3caa5be8db47216d81bb94f88b794486789801d,train,True
631,b6b0cc7c07bfc8eb29fa9e21ad89d3b86c4c682dfeb78f049a36ba513d46733d,463fe152259d8adea7ed896be166780bb8e02ee99203d2ad8587fb600e010c36,train,True
632,0319b7036ae4208ef744dd0dae6ec328a33130707bf33298681e7c1e070b945b,dcdb41bf2d49e8825788c9171ea96a3769ffbf7c4ce67379f477b838a74ed7b4,train,True
633,4eee45d3dbd152fec17dbf6d9b23a856a02a8a9635124e1144fed8e99417a3d9,f6e7185702cbdc22dcee32fbc4e613259989ff58b247cfc349f6f0ad9d6ad745,train,True
634,8a1aadd8b8dbf335976e84cad1c376215319d65ef4a804bbf9fceadb38513aeb,a4d02c3efc9b7ea2c4cd9fac6ac73e163be6686c4555e0ee14eee430c08d03ab,train,True
635,0436480eafc69f8f9eff19bd1a3213d6f57932810e1eca003ddd4ef115ee32b2,1cc543393d75f61c5e23e88c7285dd4392220e1e61acd72eda1656eb6c78dfb4,train,True
636,59e651f2aab9c1787c06db7440ebdb647de41e60c130453299477391f9ad2a9c,610cd14021c424bbdd46877922df2d728d2c7720e54f76bc8d9e0b1c6eb891ea,train,True
637,5afeafa7695c736a4e9b06d4191f51dc2f310c5fdd8f19d972e0a9c0503d86a5,819ff31b76549afb5bd61d42c8eef3fd513024d338e87106ccafae61768ca2d5,train,True
638,8f8a5474461158e3ef104134b88e4f6a195051e499c872b6077f4bdf545d2b9a,ee5034149098ec72dca97be5a7e22c5c0e688ee5042300ad9c3fa604b8253908,train,True
639,26935158714eb2855d7062d6a16f480feb3e1b015eb1015d63eda10f4a506952,d04e275bde7d3edb5b65496df932f2ca2e1c27cba22e3d9c53d47b552975c934,final,True
640,a2cfa66d0d41503965df5c21ddc80bc67d171bf84957479e4cb4f10c063e9a08,48d71b657acb38946eb8f5eec1eea7f8dc92ab2e0ce854bd106a2177a5094fdd,train,True
641,b8988c519d4b7f277e6a21cb8ac26c0ba70767bb68ea065c616c347180e8e3a0,102920aaf81e06e2161d12694f51e02cae58b922a8557cc581a90a44b4367adc,final,True
642,5e1aaf70abda1641f97d77df74e2c9509f732a6e952c5461d01e4253f0a73471,603a258be82854b1c2c5090019b4ef2809ff8eba2e6d4f38b44d8d9d595f9e23,train,True
643,0efb3066031d8875d6aedb1e2c890431dfcafaffcff03696dceb0eba04eaa656,6368bd2c6772aae4f70dccd6bdbb2f2d2530d822e58d35f7a0aafe4ca268774e,train,True
644,b0c08dcff887bdd91b74f55b25fee923b3f992b0158d47c1473f7cddc31cc40d,f102d258488ad8c02f708f110955106f3b98a59d12376c7fd3d001f4e70bc230,final,True
645,47a1ec738b19df4909384fbec3f2d42dccd5467dfdacd2a352d7e4391ba5746f,67ec61b6f78a6f7f64e1e19c38e7dad832af0ecee08098b422519164848f781b,train,True
646,6e4d7a22adbdf20e2d9ea965437456d04dbc8e183b90aa8242294c7242adcfd7,a11889d59b8829bc083f6a27fb4ee8119e994962e41cbf062aef572a8e29261f,final,True
647,4cffe1388850e43ad7efc8ea8513bd6666636e97358c50b2e2e59d39211d2488,bcc2a0b26633f1d3c35e5dc93b98f0ade9da8fcc9613b57b950914d1012dadca,final,True
648,7b20945f65ce435c1fbfdead3872e044b34162a3acf26647bb1d4e4b187c6d44,35df507d9271da66cfc8ce735c0042e4500df9044d1f11a3d0d1f17ad2284bce,train,True
649,4e1c1b6bf9fe37e4ce670932affa1161c8a0ba927c82efc2c13221930d0336d6,a80b84fca560345c73680dd0c7183d9af12a6c5ac835288e83395b67a3107844,selection,True
650,de1779a58896dc52f9ffa679686f117c35ea3084f68b4b2258f08faa7149aa5f,02d448f4eda3dfb4a5c580dd0d3d882289e05a7d4bf4c03ea39473a6aec02bb3,selection,True
651,6300161b59e1d91349f162ebe7b53afd17c3e2e18b5993caed22307b7bd8d0a4,740a10d6fbde35442e3ab0d9f858d994efe0dbe0b82ae1dd157b849c5c4a14ae,train,True
652,1851c40bb06594e0fece299dfed2ec61e148a32f597f63771c624914c33df3a7,b84676b0b61e3ea45cb5c377c4c6a0afd4819f9e9ab098b9e39ba3beeb8beff5,selection,True
653,357f49942e89979a0d20cce778e369b8ed5d7acbc5c2e51edccf4ab54ded58f4,167b9fe27c8392c89d69c8ae69854070ff9e2acd6963345383fe364c29d9e1b5,train,True
654,9482a93d4d3d29d5613aff8ddfa6c6a130fe8de696ca77d53557e319b5a2aaf1,258bf89a9ce9f3544eeab7dfe31cd398984ed05f47a7939003cbd5ab58b30c68,train,True
655,a455f091190477494f4eeb8d9d223601811e4b9cd7cc7bf6ab7e7cba59891b20,e51e7bd3f5d2de190f2bb794ec96ea8ed7cda53dee1bafa573c09a487a7a2785,train,True
656,dcfc612c285a72b1b6b7aa7f9ccbc0681010759e2097181e52dfbcba07039ed2,5e2459d2bcdc0370367900a2c085c3a711d0f44c12452812e6fd29191e615037,selection,True
657,fba1adb3fc26eb396a5ce7bd337355dad472ef29cb861bdac11695eb96f4fe48,cc224bf744ff55c3ce6ee12c8ae9784f76822735f1feb2c7b559c6d9e260181d,train,True
658,09e54451e053fa510109dc1724be706e0d14148a8cde7c1217ddd3b62cb471f1,adaeb8e35ae60e0f43c1d35f246889b6d3a48019a9affdb9936ceee8533e0555,train,True
659,59adf2540dbab09b789d141a7c9cdd02177e405064bd93b6282c402a697f2b01,49ff91824253c45c957d5654af7a7cb7a55589ced842e3f68e830f636e65c1e5,final,True
660,68497183d2f874c2b43f1a6db5f2f94cd1cf18de6aa0f7b92c09b30c07243bd5,1c05e962ea8efad19088d1e3a17dedbdbf5a99679de042e3f3f58d6e5e461433,train,True
661,a9bdbbdab7cc098b7e2e71076460ec6b47dc3e1313c2a6a2922ce70422f9486c,59614400d7dbe765d9ad4c027472ecd57fee250eab6171c59010e44f47baf992,train,True
662,805d3d94091a52c94732c8d4fa4b2621eac324ce6a762c7410a77c7069e207d9,299595d66c3e6d93a3137b921207d434837ae0657f5594630a03ccf7afcdbeb6,train,True
663,da658434dab35b23e78bd62aed5f2770922c3f53c24433c98cee82e9c48b2050,7ad48a13853267f92df98a4249a8ff3f470d7ef9d09e1112a6bd67af8666bf04,train,True
664,2373ab1a8bab733239b069bdc611441dab1d28ae239636c1263ce878e5a865b5,9f0a0dcf602e5bb3d5ea3d22eb1d7e04515ccf1135a2805f3efdc863a97584da,final,True
665,abbd4ab6b440739194e15318e415417a8faea05c0c44cc03b4a4ee493fb58c5b,044ef0bf807628b0506bd4bd998d2ac551d49aa7c7cdbebab49f3ca07adb0473,final,True
666,b25995af87948ecc0aeda00026e44d03e786b23b473e57f945eb14698767bebd,221aa85970d50cd380f0717c3d51959c3210baa8f2c8fe97065f6aec21abe7fa,selection,True
667,2fbae24ff13a2590bea435e6e826b2d9564bacfd8190829a7e5b0c4f2bb1e96c,8a76419a3bffb5174d32cbcca8fcd2a1ee79b95b3b0c9b9096bc48e262d12a9e,train,True
668,5e051cb050189eeb2f7e618ae2f0979924f383189d0e9160c58a20143e062bab,50c11acc034648355ed31a3a341b853e9f6179aec097dad798b6e06d2595d27c,selection,True
669,cade53c5c8c88e44bb3f031b62c986dc09918622c2ab858145112933d7fc63d8,12ab272f4a7c4c8146179b746d967e2b65d1821d90cc134bf0ffc2e2bb3f1d91,train,True
670,3a65dd510b428903fa3ead943217926af74456aeef815164a2bf2d1210510a63,c6e4eade4f5d9c16469bec45ae0ec35a882223ff25c5158386bd043f943a2aba,train,True
671,59bce33bca0858d9b9c6973c1993ae18708177998f415bf2e4943a8f9a847c83,7db111e815bfd0188c7ed1dc52587e69e776d24733352134fa1a7deecd6cd958,train,True
672,d72d562d450eb1e24e46b73b653ce22ac71aaf5ce56e9befd0feb98c2500773d,473620df36b250f0b3cfb4fb72be747aa42dabeecc98b532ba76a88ffd3a417d,selection,True
673,8a24616621a9d0c20655954b0b93ac33b3fdce40c0ac5f84f447cae5138ec48c,a0cbc2bac0f84717a4a54390062f0e086e1c3c8d656a09f1240e53fcfbddc461,train,True
674,b3b5d864001efee395e97c88c93b2411f28b8e5746ee0448ac9968aa74899e02,f953f7055ef17b4b782f4600fededf5573c2490f437b8b82b3cad11291464afc,final,True
675,8900f638e131ca77ddeb5769cc25a4b7e68af68e9d93f1d73cec2489357ed92c,6977acb0b44f7f323728aff1634c6290911634d694f4696009633b3f016693bb,train,True
676,eb2e45fe30535b4e826c820a08eb67738ed2ca66b1759ca5a867de38a39f8429,e3abd37cc284d6f16674228ffc9904354805d8439a886bbcd61bb7d9bab5528a,train,True
677,3d25d023805e899ab2fc02ce5a28f5be2c19d66d6e4ceb2e9c0a5fc0a7cce117,3bc3d25e1a91241d883b5bd60ac227a790b8613b288227b256d72132fac825ca,train,True
678,7387a03a4d079d07f1b3880adba6b6c331979b06f145698802e6fd8d0400b538,41257e9df77857279594634dee9311c1eac2d2831f6be94b48e9af94d86d5599,final,True
679,f75056f7bd1de18779ab3b5ad2a3c6cfd749536397d12215440438db19a0df29,4d80984626f6d115e01a03923c273f5a04da8269dc9a56dec219eea36f49a359,train,True
680,e2c82c43c12d6d760dbd9cba7e4e696a0cc426da9b9f4e7fab8e82cf3ef63a20,6417cf0d50be74de8faacd2910d56f7281d09e7c1a88c6b5a81352f4e99117af,train,True
681,1290914db3ca55217baa48a62478bdfed6aa82cb75b043f4fe047345a2a3605c,3e0105db9d1dac5db3c346d96b47211e7d31bea45410fdafe8c84a76593bfdc3,final,True
682,b24173c2d685bac1245a1eea705363f5b8b095bde7d5cf6ad18b87f1db2b07b2,1db4580eda76681735f2bb1ef037083128ab5fa188d8d3091cfe9af96b791851,train,True
683,2394f72bf5c07b1d7c6965f4823cacf3d4188420a3ece32e52ed1afaed035db4,0e08ea15c01ceba252bdaf667ee1bb377e35e1174df25ef0d070e8a46988fc90,train,True
684,6ac697128eebf16996a890f470af01fa1f5951a9e79791d757d4c6fa517992e3,315f58fe36ceeff95f0f0d04a600b7b6842568f35bd16fe38b75ce613aa1ac2f,train,True
685,b1ae60eaef67d99e5c167ddfd660a84de6ec57c8dfc3bf130934be2213103b55,db87e7d02bc339799d5d3f49dda7df08b5b3eb50fee6a23a45c4ce23e52d3726,train,True
686,a03989e23c725d2341adc6341e52611e8a649099b03b3c7c426d0351052d7c8c,eeb743ba8f21278c001afc14aad14ce859701dd72bf0140a25b4ea9e3bcb1df1,train,True
687,8082e09d17c8d2d36fd4daed76f7db4eff327c8d5e54fdf0da2e36f938606fe7,9e7b1e09b08ea8a35a47187e1c32cd41f321e44b9857657d5f6dfff23133d850,train,True
688,27966300205c37528b8eb3baf9c2174e4b634ed58f0bc58e5da54c59cf80a88f,8f5896b5105e9b9e388f67f5b8ce6ad99f60b083b77fa456f0fcac4ba069d8c8,final,True
689,d1832acdb2f2adaa7afff87a2eda1508622ecb55a44894df3787662ea2fc971f,4ebea4e9369aa1565fe31f87d07db26d2afd1c3d6e670b23709eaf7ff5f4f890,selection,True
690,56280db3320d4497270aee4536f43e5ef23afae1c03c8ea2e7aa2994152d5304,98e8d05f9ea2eb47e28368c51371ba86bb4292b8b9dd1d6924e8e0c20d2b8d75,final,True
691,69563c9dd4b5aa7f13621777126de1af9da8b32c42eb6bd229ec5d1110307911,24745fa7b27b07da57ae78a6f7bca5e1e6fe7aec485a61c1c1d80327d09c6aab,selection,True
692,a1ac9ceaf06d11fb39682f0f6fb9c60d36bd05f676673d938098fd14d40fa2da,57e8ee390cbf79d698377c63294e1e7d1333c56b7a1e54f04ef376487ec52ddf,train,True
693,e21e421097b130b6472fc00a1f1b5bb11b61916250c631204343d9a908e0cf64,fd88c2f84c8f071c42632bc56cb12635b0c8546d9aa5a1964142204dbc3a6538,selection,True
694,638d90ced35d286875bfb14d7f16bb737db923272a297b7cbde4699ad23c759d,0208625429eac5d0257128ef233eb30fd2a0b5ca87268ee3c16cd634435ea8ab,final,True
695,834f2bc8bd08a4090c4949541632da82a186a89e3902cf76aebe17db1a2dc298,9d40568717c2a3db5119f55232ef0b92cad7ee19915bc4b8e77aca674dde9e5d,final,True
696,539891d55b1178db2c96b9ee0717a94c1c7ccad5545e1152ea72b7b2e7eefe69,dedcd965c0d8ab7ea765028a77d7071bdddbaefab6efb2f79297f86c1bd64cca,train,True
697,4bd10f5ad1a26df3387e96c3db62c16f8d3a818a99a5993ae237c7f1a719e7e3,d5daa10286d5a7cd02f353d66b95294fea7935911a19a88f919c4bf83430832b,final,True
698,9021fdd6ac62e8e32f62f4cb1e8512e17be5362d6f8f411518cb411853df6966,85c590a15c61d6fcdb9a4e456d5d6f21c215a5fcab03e6fbb0329e806fa863d9,final,True
699,fe8fd03dc56aaf40037de19c037a3725ffd500ced4a906f4cfc217c7498f414f,34209946a5322bc7b0b21e723318c925f28ad3bf0b6c03995ccc3c686df6e895,train,True
700,85cc8c725b6c2e5d104ec3179cfebff44ca12df3cb94c7e76074e86635a02b27,85b6da2a8092c1523008ba580c178eb30cdd62eaf4164587d37fe636c91ff15a,train,True
701,271f901171b6c0ed15a01f3cfa4819542c9733ca193da39d7b2d052bb73d6834,cb100ce86af03891282c69702d8a2e3d918cfa006c8c2ba95f6e2955ee2af3d7,train,True
702,d946f07505ad99488d92b113985cb9f359a2d114ca4bd418bc9bf9aaa4ff433a,e85160cdc960bb8c6d2d61cb1377318c5de4c1946aa97c8aadb4ca2c3a2e58b4,final,True
703,4fdf55796fff4ca495220a2342a39ec0696d16abddac64aa7f274aa2265f3684,0d8de8ae2d3298979ea1bd1ea6534abf2c3007e0d6f4b426e070ab17e093d852,final,True
704,ce283348f01e8fd4341ad01ede1efa7a2172b2cac0c08ae64899c5ae1285b770,21fce4f983f91022fc05b9ff33da5fea8f3251d6b042f0175b34e6336f8dfd98,selection,True
705,49ae7a4de26a16fddd86611739d9d3a8654aa25c7d01af8fdbf9a061efd69494,e6681c44b297ad200d784d54483bf6bea95eacae3540a1a28d38c26043f389ed,train,True
706,ded560056c22bf9e3e5b3280748418d75f8a16a9022eaf7d840bccefa5ec5006,260001b23adb9c4af60f02980fb016692e5a1c4f169b213bac870e03dbbebc0d,final,True
707,0ddb54875aa94d07f5f0c0d54c8ec0ea2ddc004f41c7ac9e15994faf3c702f41,80746f84fc7df16cbbcbe7cbc6d04d84dedbe515bd7cb4db424d914e201ac221,train,True
708,d946f07505ad99488d92b113985cb9f359a2d114ca4bd418bc9bf9aaa4ff433a,e85160cdc960bb8c6d2d61cb1377318c5de4c1946aa97c8aadb4ca2c3a2e58b4,final,True
709,4fdf55796fff4ca495220a2342a39ec0696d16abddac64aa7f274aa2265f3684,0d8de8ae2d3298979ea1bd1ea6534abf2c3007e0d6f4b426e070ab17e093d852,final,True
710,ce283348f01e8fd4341ad01ede1efa7a2172b2cac0c08ae64899c5ae1285b770,21fce4f983f91022fc05b9ff33da5fea8f3251d6b042f0175b34e6336f8dfd98,selection,True
711,d946f07505ad99488d92b113985cb9f359a2d114ca4bd418bc9bf9aaa4ff433a,e85160cdc960bb8c6d2d61cb1377318c5de4c1946aa97c8aadb4ca2c3a2e58b4,final,True
712,4fdf55796fff4ca495220a2342a39ec0696d16abddac64aa7f274aa2265f3684,0d8de8ae2d3298979ea1bd1ea6534abf2c3007e0d6f4b426e070ab17e093d852,final,True
713,ce283348f01e8fd4341ad01ede1efa7a2172b2cac0c08ae64899c5ae1285b770,21fce4f983f91022fc05b9ff33da5fea8f3251d6b042f0175b34e6336f8dfd98,selection,True
714,e342aba85e1b1a4edc5502aaaccfca6621a400ba3d257d392e55489e08558d9a,2a799705f5704f9b64b0864bba5e6c391faf1d84e65ff835b13f271ce90998f4,final,True
715,d0bec0efe29a1a6945b054d6b56ba00e21d6b932ecb2d625fa9dfa4fb2a2292c,4130826255ddc99711688a58139307c079ac0a68b06b5c71308d8b10aab16093,train,True
716,ee3dcec4ce91eb16eb1155b89c880061fc9b9e272e053ce0bffe7e9ec9931e62,18d3210259195f70733aa132735702b798332a3c824ef6cf0eeefe4a59252d3e,selection,True
717,c0fe55836f0c2019d085c31f91891fe3b46a6d0718b6e5ef30a31ca290112d6d,9a5dca2b4f8f25cab98dc1d5a9191cbc33ad7063c04daae2c421567c1b21ee2c,selection,True
718,b2458dd4a6eec4c049d66d18593009dd98086ab7f112b83d7360719bc7d9dc44,cc24b693a3bd4927f7cf344416b6db4538615a59858a04b0e6f1da7914c14b89,train,True
719,22de009152cb5ffa52a621b821b67388c09ce0269970aa1b9946723c1841f575,c8b47c7baa0bda6449e5cc50f4abb64667a0ec9ddecddcee028e1c9e86598b12,train,True
720,837d45fb38a73c5e661a07ac66f8868c5410c6792f886c61d96746f705250552,5ae9dfd165dc4a8a7029e859f4af6820a13cccaa9afed873a7d208e687acbad8,selection,True
721,ae5458e911c2d8c1cb604f4267fedcbf5d9fdf2940a93f44219d628257b56e72,3ab881377b858256647682ef7ba335833a4827e39a6858a0f206aaf81c0ec25a,train,True
722,ca9d0513322ec1e2cd5892507898b063a4dee0000b76b351c40f546b631fc2e9,7471306c822e97693292d7266831632d467922ce17ff0f71739754377893367a,train,True
723,306c6541138b7fdbc92799d8c218ed129ba6eca70c6394f239ebd763d8cd18ee,eb25cbf5cf4de2740b5794749bcb92659b9d114196d9dc8001c226d75f3c7359,selection,True
724,d7439ec8e4e7403ce215a477b1aa87e462bdda7f05680cb938600575278a2ff4,60fab405dd85f5630190ff52bbe6c1eac66f6cdc60baa35e9bb12ce07e8d3b89,final,True
725,4cd6ac00116c8d0217f94f01c1546a91f0719f288c785320aeb6fe69321ad7bb,58d7f9d2946b7e22b737210963122b63deb45324af3d279a99cff6b7f0925c52,selection,True
726,48e81ba35257c0dadb8b42fb31ff639703493bf5da99e00e4339273015c78db0,866ceac5dd6657a3f109340ee13ae316641551ff22a74c9a9500ac155c11a28d,selection,True
727,f96432bb9b2351e9a332ab53e8298516a8096471b102a164ce4c22208e233b34,bcd7c1fac45134fc3cc64b231616db236f5a0ebaa3968274818141fb71a9b47d,train,True
728,dcc5e4b6c6479d319e5bebba4eb6df7e3dcd14779bd0f364cf84ce8e6561520c,f71def21eddbe92b7f66fa643b43f6171c89e04ced2a965f51c9260f75233ca5,train,True
729,f864ebbc9fc91cd6b646c0520f28e69becb7d740e05abcc84c2a7432151e46d1,c4189402333816bc243fee341412c00fcb04387f68078b49e3694a313f276fb6,selection,True
730,3041dc5a285b54ad94961a6ba13b794738ea12a8787151467e125d3fb8d97737,07fb12814804033f091086f22fa6b406c244397e1ef118e687a10df523084d10,final,True
731,3a77e971d0e2d6f57b1fb37a9476b79dccc68efec09acb3aef436dfca00ba818,5e9ec3157a585a318d8d35a0cdbbc76acefa668293963e88d72eb343a57d39f5,train,True
732,216b8e3e21fcdd9189e02afa8f006ad984c6815b4873228beab9da6f47da7ec0,e4518f3ead0cab04c2b903390518803f5e074b1acd307c5b65003b9ac95f56b8,final,True
733,48ad789c564e9fad7f8b7685699d87246c0066b8f08ed442ea21896b032983f3,f95b548b7ec152670f673c0692bc086e0558757f5c3c899ca36e4e9ddd156a9d,train,True
734,216a212def33f50eabf154829772f82bf450a907736918d23deed63fbe99c495,db0f8580a34b17b2fdf74fb8703a4f3d1be603bb5e10b03b85a7b9bd8e056e77,train,True
735,806397ae2b53b46ea08daf3483fb6aabda1c98b534d73f30d5b7a57931c808a5,447a89386164ada2180c2f66b9ff4233289720b9868745031ee3ce46873756c5,train,True
736,60c277683205bcee7acce13db9bd5edfd8e6ff173ea332916de330dd9d6427a6,c89a4564d9959d307f81580a0f0b4ff3f87a81475b32c91dd778fba4173a2db7,train,True
737,7d5c4c5d288bc8f7191084c0d97a465dd1a23d613e6cb0a74ec4d5aedcb8a0b1,bb5614989df421bb215c382402a2f4baf70a4b3798e24a2ec9744c0c48aca3fe,final,True
738,08836db89406c3b90afdf323981121ef1a7fee8b755367e556857aebb8a85d88,727c4ff0ac80b5208b8b04874f60288e34ea973aa2cf7c8a7f50b4f0f3841dba,train,True
739,dee29bb12950cb7bb4c8f6818728d7ca23ea9c6f93378b3584c6e6b5dc09db9c,459f86ae58089769caca5b4a58fedce39d2d89a7e948ba3bcde04aab6564a440,train,True
740,d66bf72135529b1bd4bffbc358857d6abb705d29bfbd9c9fb85fbc4f1eaa472b,077cbde065928366b2ab4e7e2b72a61ba374c23847d8b6464683599faf34749b,final,True
741,c3ccbb260cccbd060c43104ed46796b6adcd69a939be41da672da2bacc3a651a,2f58bb4191b29f933b4d99c5bfbb53c81c2921194c24824f42f532550bcbb381,train,True
742,25ea178189faadd6020f75673a0c10216ca63cad621e89361bef2affa9c97b14,9e2e382368fdd100b2e716cfbfa2589b5535dce3ba8a6e540b6b74931c11fb89,train,True
743,6a086921927034697b502eebc63394e3a617b9c97b17ce80b088504804cbf5d4,e30d9a6c7db456d49b8ecfd61dbf1604a6699f4310d78aeba492039e8b4d309d,train,True
744,e8dbf85906d870f6722ef6ff603ccc17c7c71582a45a4ce3fab2850b0ec34974,0069d95cae0aee4e86d4f1d697a63cecf9ab50439a2a82832263d4831470ae6e,train,True
745,a10ab24280e1a8c3e1c3d7d20b5ecdacbd08513549354a56da09c9ac87614868,3d149047cbbade80fc118814de0184aaf946cf1ae54769c7c17bc4fc2c050ade,train,True
746,489fb8d83ab0badc3655859be51f4b992719f05401e6d695a2ce1ae29aa3ed62,72a5fa2075cfacd2768cf6809fe4a3168c8ef36c87342248597708bea38ee0f4,selection,True
747,6d6b7bf2c2b17572375d2995bcc8a2afb5a979e1b72545d6c0ec392de8a2f76b,02b2540ff3104d0b4dd75776adfcefe774af00dbf58bfe4b9e3f5a874594a92c,train,True
748,febdd241fc03385b6314a39605a318c3095ef498b495574fa86d32218171303f,14aa5d4f23ee7abdabc1e25512525d4073f1d12ab8d9ba7c872917cb26d55c59,final,True
749,1dcadc76b939ece37f5bd95e584bafa3abf1142a39aaaacbc49921052d8a1c7b,b06a6c98f21009860866b196341beed77f26fcb80c44635ff67f4e7a7e51a035,train,True
750,febdd241fc03385b6314a39605a318c3095ef498b495574fa86d32218171303f,14aa5d4f23ee7abdabc1e25512525d4073f1d12ab8d9ba7c872917cb26d55c59,final,True
751,1dcadc76b939ece37f5bd95e584bafa3abf1142a39aaaacbc49921052d8a1c7b,b06a6c98f21009860866b196341beed77f26fcb80c44635ff67f4e7a7e51a035,train,True
752,79c3223043942c1335fa09870427b361b7f8b7d44348e1d622b6a3daff946540,b41fed71b677c936ad8763a41124b4ce79230dc6f848c6f6510e5123bfefa384,selection,True
753,69bf861f80ce03eb9deb41826a9fafbe1f74a43ab21dc075515282504a021363,92af726ea79b5f6487b99d796b9c9ce4050a9610d7e4543509341484099b815a,train,True
754,cfe431d9f8126b265d1bf64dd85960db36185bd2f5270b39d5370ad4bcd7f4d0,e379a5b289888fe165a4d4f91825236e32bda5df6e9a6ecbcad0a8d2c17e906c,train,True
755,58e7ee5c63a5a65c4aafbb2c4c77b693c7a4e908cdf8ad2d519cb1c7c5e0a050,8ebc237459cddbfbb87d5682117e8b72ef7243f8c0ce220c195310069590fb99,train,True
756,0f77e921e8c5ecd6954a1d2c621e60dec954eb1190191490f8fee669d2218fed,c49d5dc149ffa77cd50b438c16ad4faf22394ae91ae41eeea86da6adde01b525,final,True
757,db4aa82b031b92f1f5cddc79d9da95ff12fcc7878753b38baef690ae881d6aac,74de2dfdad7eba7d80a12b2c41afe74d24a4b055ec3fe49ab84e8e6059ed277e,train,True
758,ea93bb95ba4d0ea6489a1c3d5163ee8e60e2f77589fb43d118d40afa1da2fbe2,53c0c572a8eea2e897b7fa80552c39cf1355eee327fc2c70e3a4124ef5aef510,train,True
759,1fa4cee13914948f7811fad1e68ad59c7efff6b7b758fad2d2d84920e6227183,ab750f818e464c7f958f212900741568a1d13de7bf86a1159301e386988aad75,train,True
760,22a166926042a3d15fec33bbb26edb6b89259f0149538172e6132191f938c9fd,815d852e8d419da647e7b63c7e98e89980868af4ddf3999b0c32fc937a233bf5,train,True
761,1e489e0d284b8ae6b27a5d97e64922e783c42a4c767dd5a2830fcab4bfba41a2,e5e58c2da5c63d7a5b095cc0196cc1d460e02e2b4ce8c5b6b9e7b8c00f0d457c,train,True
762,0d366c92f9118d4cc796cb620bc5d3136ed2dac3823bd39bc32f40fc964d1925,592f559c577843edf262dfa19651099183c25cc05bbe1dfa9d142c7b9b5c5e5f,train,True
763,fac99612b4a739333a4ac4a413ca447abdea038a0a902795ea8602e9c36b7a3b,d1918a88c93318b3d7c2f44fb41f56e3ced5f0e16e295401ac7578c2051e7eb2,train,True
764,7c9be80396c31569cabf4874e6c4c759d529ba5712c31cfe1cd1732790f794d1,7a30916371015aa21fd77478d22459ff06cbd4cbba0031bbeeda337e902c1ff6,final,True
765,fac99612b4a739333a4ac4a413ca447abdea038a0a902795ea8602e9c36b7a3b,d1918a88c93318b3d7c2f44fb41f56e3ced5f0e16e295401ac7578c2051e7eb2,train,True
766,f04cef94fc4dc4caeaae310fb77ddea5f5734221889d492b5c698820a7b53b26,d86820d24b9c011f99ec26331109aaeaa86d00f46590cc4a8edcc9a516c30de3,train,True
767,6d7ba3f569f396a261f163a859227e835124cdc934c071301956a6dc32b19102,7f7da676b4d982290e960250f0e2d1c4fbf2649e6fa1b2ff134b4c54dabfc471,selection,True
768,0a87c0330dbfc2fced1cd3f4825ccc558a0d0ef3ae810faca3a1197de4d91775,19c2be35fde89680af543ef9ffdce502150eaeae693a91fc38acd5fa102750d5,final,True
769,4f08aec02159b2eabae898aa6db9e7bcde1ed3bf3aa519bad982fe37207cc17d,c811e54201f52acb2739336f8503123f49d085b4a42acceb1046f0915e48fa09,final,True
770,359b1acc5c5469b2e6606def5192c24b519bf8e3461ff1c5b999cf9558bf3ab1,97b53f871eb909310eee943e309d346686ee84a41b89e92687bfc8447c14fb67,final,True
771,12748d217ac12009ba39b1f3304e682db8a51d62349a65fb8a9f68bda074bd34,2b22f6b289f6eee453f8f38384e06c7bf1fa001406081127d8497dda7883cf6a,train,True
772,bec27ec170936693599e108b2341995b270fe3a70ae6790e9f97906d18f926ac,f1bdefe4c0a6a1f2b110ee1625633d48ba953a2c2b796967fe4ebb971734b696,final,True
773,21a650f7e1c9c1f665dde1b27df159b87af3c184e9a65f4e1e3b41b6f13a23ef,fbefd37e354d03791cd88582f1154a52f843191a8b478d2ff898a298d486c0ba,train,True
774,6bdc78b0061c3740a84fb104983a453b9c8abd5f4bfd8f16eda8f115abf61323,894b06a07400500d4e64cfffdbcba948799ad92e1da4186d92e14cedf4956df5,train,True
775,efddb779d8754da568166ce023702124e992916214f53475501dd23fc0099209,a018a9b50ac8d2987405afbc9c1a8e9731489763e96e76b0c8b47bc140b8431d,train,True
776,712b7ee61e21574c94c07d2699d234d5af683dfbca96c4d6b11c26e5cfb8eec0,17a87ac88c578416f3325555c9b3ba62865adfb69c9d4a967f80cee43262cc3d,train,True
777,1b3e0b320060a044373e96bd96e573793d8a4815f78e7e0e37b5e260db75c27b,a56189f883ae8578d366c88a318f610b35791cc3c0a0fb4cd9a16d05619b0016,train,True
778,c0e6d053d5733d92d483b2ced77ba3518f726a7936a3da5cb5b6f32d3b0fd290,4f3268937b56fda29aca43e0e3edf3eb15785056da4f1f44e3ef74fa539429d8,train,True
779,0ddea37bd73288df3263979b75de1012b17b503852af6a4bdfd2ab7ad4d9c8e8,47a3c9510df1f06ec9a881d2eef94f09f82c3d54a5c03b5559543c133b246a8e,final,True
780,2c85b28225a5e382fe566c40aae61672fe1d3328cbc5ff956cd6cfb40db2272a,c03aadfbe9006373604388aabd03f3b48b349c347caed04587c9c0caad68509f,selection,True
781,0ddea37bd73288df3263979b75de1012b17b503852af6a4bdfd2ab7ad4d9c8e8,47a3c9510df1f06ec9a881d2eef94f09f82c3d54a5c03b5559543c133b246a8e,final,True
782,c0ef5c1bbfd50d2385ba1dcd6c3311ccd2cce5ba2550b51431a5ea4a655a03e4,94a98083e023290709975e8ac16f1a7bb60f5cc6db9fc42f43bd1f239e50b546,selection,True
783,e9144869202495b8126f10c3f04325fa6edc4c16b61430ae5514b0ce06568f89,915a3357de469d6dbf8c78d6446419e460f392873ee8d87bea85f6dc72a25173,train,True
784,be37b169fbc63fde7031d19e6caeeeeec292674a8fe0ce8b6990a39ba3ef2092,ccc490f7c7dd2dd0a195f13cb441a9fcbc340521a4a993965599f5ff32e150a4,train,True
785,eecee43f68cd4d028bfe969f6a4a2a00d323be07e31dc03432ac38edb2815f66,ea6b4a3aa569c81a6399458c7669e3d5bc94644605216e2e78af65143fffe95c,train,True
786,b121af3981000e8abf37ed7735566108e3f16f9eac56e444b8074d34ad2cb393,09a61abf4e63cf3d35a1ef049a72559e26f8393b5bcbe00508b82ff6d1d21c38,train,True
787,19fe650ccc609c96b0a4efb29e0729585698d5ca970db9e258792edf63e72451,9f408b47c3188bf99cae4d577cf5145f7d877138f25ec8e300ca3984a80712b1,final,True
788,de10c214802308a10082b6d897c5644bb6c6f213b840a77d987c5bf60c2cdfdd,e9881fef4487660635b7e6feb307a35c1291c93b3bf7e5cb08548b23d9073326,final,True
789,4707c596ddc2e64e0805c209f8859a87910cd2ee35f3f7433f75dfe4136b33d7,52f7ee52dc523c1fe2709500759f34902cd4bf76b1bef3769431579a77084222,train,True
790,8e53c66e0fd5c5975e641d6d1ce1d1d393d6a8868849278d4749684a0e64bbc2,640088b8620d48364f74393d90133505a10545b824117cd1da493f4bf2116c59,final,True
791,38fd07b2067b4ef16a49cf0daebce21b6b04ebb9aca880f3a81e1bbe5449702b,885aa21ccd4137add564ffc07994560a1ebb2ab568f4ca05cff168b9c7d95cc3,train,True
792,08c8a9bd9929b3c8fcebc5fd9ca3012893a752f1955a2baace2361b3537956f7,dd639850bee6601a38758c1bc473eb9d448b2ef5d5c26b3690196caba066c8f9,train,True
793,151e18141816c43bcaa78a8bee7119c11ca3a275a7133d8e9ed1851a6e792dae,34f0108a0fb67bf7fe1c4c1da687640cf213bb3c45ee65a2a2a53b3d7167951b,selection,True
794,cf3d450b051acc3db6b6469b2b6a44af1c7fa57082814705542918b0df68e4ac,7a06f804b3037098ee43e88e409d977cda50cb87d723b1efb34bfc5b3ecf19a7,train,True
795,087fe29bd282d7f5cc9c44180c80da538d5804e01f12c6e8cc3649f692fc23ee,0d2ede27e9b06b30017616deeffa9829529fb32d79a171e2725642dbf6c8a9a4,selection,True
796,424ade6cee712f444ccb49525cf91a8760293b688bcce77e4c4aa903dd1e5e31,7d4442516a7484036bff3aae6b1c2d655ab5f5f90c4e52c6df5188bae39854a2,train,True
797,08c8a9bd9929b3c8fcebc5fd9ca3012893a752f1955a2baace2361b3537956f7,dd639850bee6601a38758c1bc473eb9d448b2ef5d5c26b3690196caba066c8f9,train,True
798,151e18141816c43bcaa78a8bee7119c11ca3a275a7133d8e9ed1851a6e792dae,34f0108a0fb67bf7fe1c4c1da687640cf213bb3c45ee65a2a2a53b3d7167951b,selection,True
799,cf3d450b051acc3db6b6469b2b6a44af1c7fa57082814705542918b0df68e4ac,7a06f804b3037098ee43e88e409d977cda50cb87d723b1efb34bfc5b3ecf19a7,train,True
800,087fe29bd282d7f5cc9c44180c80da538d5804e01f12c6e8cc3649f692fc23ee,0d2ede27e9b06b30017616deeffa9829529fb32d79a171e2725642dbf6c8a9a4,selection,True
801,424ade6cee712f444ccb49525cf91a8760293b688bcce77e4c4aa903dd1e5e31,7d4442516a7484036bff3aae6b1c2d655ab5f5f90c4e52c6df5188bae39854a2,train,True
802,bd3bcdff1ad554cf15c0eaec7c5c17963de2b36dc07435b18a3d9afcf6714fca,74e07a741d01d6b913e26e8e07a73248d73daf64e8718b4d388fc5fe4e2a0d9a,train,True
803,5011c4f9b21ba0d25e258e26672c5b81fc317e21a118b3ddda71529c0610ae7e,2bfbb7e9eb5f897b43337c4a2b2e8428f589de415c335dc3bc5a7e75295e53e1,train,True
804,5ee9918b21c8b3c48d2ef209671c851feda64eb550a409c3ade73ca676a0ba9b,28e9f8deadb3bee3949894bd6bf541fe7f13650931543597257fe7d79b599631,train,True
805,609d8e5b50e09e246c485757e0639638d8201b5e83adc82c1de193c025ac561d,66d1d3ab81b6bebcab55b06a2606e78e159a41ebcc69dc596d3217e1e6885935,train,True
806,4be0839984e3e4af08c09ccff41970d8a274e983a8aaa646ec2d3bfc9eef47f9,1a050227be4a10273a48bd6f092927024841d04771d07d75d8bfcdf08efb391f,train,True
807,491a99c0e8de102508228b9c5ef82461536d900df619657c9e37118a2d239ec4,b28cb0398f92e1419e1e3ccc09ffa1bd6a7fbad67e75ec9d926d026e6c81720d,final,True
808,cc000bdb562eda31cf1af6587c7147b484d2b36706a621ae89444af02bb3dbd8,43f38c1aec2bdc0ce9078799eddbcd6ac66eb78e7d6cc787a0cd3f111ab6211a,train,True
809,bfe0084dbe28049262258fd58ccc8aec7e28e403234c087c52ecd3725c04199f,9f457abbdc2ad828233ca806aeea8d0c6d4140187bfcaa1c7ca7eaee86b839b2,train,True
810,f0ef97bfa6891bd3cd32a8cc647ca16016ec54929c89a80f26181bd862121370,bcd63c1b12964d2e1eccf976d4f1655e6e1b1a21e5c2e7bba6bf65289522b283,train,True
811,e07d19ac6999ccdeee29b89be8f43bceea52840f57450beac985795d5b8702e5,f34da4944b99c9832c8d3cc7da815d4b04dd63ec6877d1d1d7f83c01450aaaf8,train,True
812,a4d244bbc1f436021428dbe2c149e292e3280675915168f4a3aa88d915a81c73,67896a0262897685c9f7b54abd483edae499c20866cceab217cfec9309c5b570,selection,True
813,d748fdd5e2b459a03a4e4cb95c6b30e2e09f41f3e2fd712b520a6419da92a66c,9322021a028de50754291dc6de504762b9180580560b110bce73b0e27a4fc43f,train,True
814,cbc940a341b75b05bec176f9983f961c115bb9136a5bf6d10130a79066c5c77a,08ebbded2d1f91f007283e6b30f6978b0f17db9757b32ec5b5c7b178c180f034,train,True
815,36f6f13d6f37ee0baa5fb024574d2f569a975832cb86ea6c0f35333285defb41,23225bdad29890d4f7e5f5dfbc37ba3744e8bbb46e5205f0fc20374046367770,train,True
816,2c71d8097fa7e074275365ac8f4f147fa987336f24c358d87c7b4a872b8f481f,6dd73b399c6506f636b4b5af86b7f3e34c76db59003fb8987ddeef2bdc06d57a,final,True
817,e27c1e6061e7bb22755b7a262af1308f2ea2b51067f5629170bf653b09761985,1dbbb4e909489726cc52d1b07c547669610cfc2a8ef6cc427cf609d9a9109675,train,True
818,d748fdd5e2b459a03a4e4cb95c6b30e2e09f41f3e2fd712b520a6419da92a66c,9322021a028de50754291dc6de504762b9180580560b110bce73b0e27a4fc43f,train,True
819,da81b87a2dc9e8a146ad7e44d0f19f957240f4a52fa1f1c1daa21168ecd484e2,605174c6b200385776eb40f73a718d09f76409c9740721924aa3d91f83f04544,train,True
820,7fc97097bfd9779d09e28607e5fbefb8874ffc856e3645623106e995652af5cd,ba60d74bed8b209992032af27aa5a8f5e91b81e7ab689a6213bbc2ea1da52f2d,train,True
821,b5618d107356cf7dad6d397f04a71aed9ca75d6cefe4c8ceb991770ad7f6778d,b60b6cd145ed5e31e3f04ebecfb1c1873a5ccce67952c5a3f6f8a6ec2ab43a69,train,True
822,32815cd18bd6d14792c6ed55ae574eadd178da518b39372e35e9b8d6f27fed0d,5a84ca2b8e701dafae17231664a00b100442b2387a0438bcf04152bb19e45bf4,selection,True
823,4288a26c7b4131f8033249834954aeefbdb3ac87b3f364f924eb3c1c2eb9af17,ff837176804c0bfe0f33ab729d132d64a1af81423c413979260ffa39d469e576,selection,True
824,cfd43ddd44e785e1c458f30f1270cef1ad131953e6c9e741f6c94a00b7bee734,8caa6c7f64e94fb8fc6d50fe1920f00cb84daee84708c0fd470ff17cc6890e81,selection,True
825,8c77eb01e48e1d411ca6d5aa6fd901f417968b8fb7e2a9be5abde222a3a51859,3c7d2f04e5a13d1f9b1175c222fa92e2f00d15e3d45b5cee333ef86c94af3c1c,selection,True
826,96ca8e09e75913eec395bca84f285cd39937f0405efe5a5e19324aa9e7e192f9,85812101b494002237cc737faa8ba0c8fc5acb876a5b4a3af3d2ab9cb3c7895e,train,True
827,e4fb7ec0c945c398914b46b1864bcdaa8ee066f3f24f7356f4a29365d1f37393,352d136fbb91b74cb4663c3d795b329c8ec3c6fcb32b968148432de042bb8506,train,True
828,becda02ee507aec73c47f28b1f67e8c2e336123847534ba849fe7e0b4de2af93,847d9296c07cdb467b840a923b794e12f3a6f73455aca0faa00966a6c776bf40,train,True
829,0227a556f01ca7fb941f890209b4594392ac00523d624509166b8a59dd09f895,b92297564d8a802b5ea515c034da121e62fab3fbd0bdaf795cca65df1c5c6b16,train,True
830,582258826008f8e70b8fd4e126acc44f69756b89f5740a89e5de16fb0b285b08,ddf5670486b851f24fe71000cf327a083b88250936656cffdeed18f4ed833acd,final,True
831,647897c4aba72d78dec284da6921578fdd1a85201d0c34d81b19778122950620,46fee601c76678a582127091f3c1b799eeb57dfbb6b214c3fa70fe2158d08bc2,final,True
832,35ffabdbe4bcb24d92be16e77bfcf0f4448900f878e36ec3d8e8c11ada87f7c6,69ea5cc17691cf5b72a366b1ed17f5249bbdea1e7dec13ea41fb61ab77cdf682,selection,True
833,4174c60c358b1ad69097137ece5d6f6ccc8ae3fd12141e6bbe7ba83910959b3e,0c4a40d7dc89fe07428dccb78549a3318d337cf6c224f07dc45679aed12f0e27,train,True
834,a96f6af59cc8826e2c178109e0ce5a4d559865ea445040f1c0b4e59f23a82c8f,af95055c808561561e109ad6113ace2e29b2893d6c6e1db894ad5faf99ea9d96,train,True
835,9a50cdeae490c0ee7c5ce3226e7be5f725d12d35a0fe02363d1459346c9b66e8,fda57b2ddd1c5f7a29c1882ce1a473890cf2d8a54c3ee6278a747a5a82e2ed92,final,True
836,8bb8e143cc791f4ed3705a7443955484f1f310de4210379fe9abbfff435a955d,6b8fe8fad4042aca823ae383a9f9d410a56a43730d7c5327c8d836412fd58124,train,True
837,e2fc45fa645cbc7f338f00ce6976e9d6622bb2661dea86cc33ba59a0c49a382c,1f73fe5d80926672dae5e5b1d334d75bf3325d33db523d4bab1d17c08f022167,selection,True
838,9384f995f0708aba9b4b4422304cb9222e1cd7afa34bd153ac9fe178a93628e3,fbffdc402b1913e51e53b20fab6d5a1dae36bd54ece641b467a5380760842a1d,train,True
839,17b22a4a6d245aec18f9f896767ebcd6bb6602c0a64b01d27c09b50092a50bc1,cd11c6d3597dc91ec6041d42fdeb7dbd50bd98a698d49dbacf7efd3a30bf6ba7,train,True
840,5ae13bfcbfa0c2413d784faedb3595eb8b75a6d26f8a1503bf5a63dccff497be,2f7fa96a1bdfdc1e4a0d28bb8b7ee9ab9e27f58122cd385201319fb8ee409b77,train,True
841,3891571821fe061408d48c1e58e98997f92f26f2564f08cea21a009499564239,adc1c8661f6fffd1f453e1d6eb4f0402ac44e4c0d2d64908453e1cf21832cbf8,train,True
842,fb62852d1bd1a1ea975cdc846731632c800a53ef45921e481697345c4ac5bdca,6c164be2554fe0b7a249f785648831215575e110f4d2e8bba8f68050e0575a35,selection,True
843,943b83892696ba62355cb78f33176e40ca0c8371fcf9a09dc8cd36e738536090,54b0a751666e6bf9a953f977e0a9cebf26680ac0e3f61f15e9093f486151f37e,selection,True
844,5bb8a021e9b9d643d97cd79445626a969395bdcf8daf1bed99028924e64011c9,1a52fe7f05cea36af99feb054657b30e4ad84868c0e90ffe5f95866712727f25,train,True
845,e95facd585fb6b07e8916d1c91846ef3212e1d5db658b6701718cdf12b568599,c37ef5d8a1cb8edabae2940ad522be781048ca7c4a66ffa55aa6c26d4de0b1d5,train,True
846,10a3a8b5ef1a71fc47e9582bad758a53f0cc87102104c13ea9f3791505ea23da,3ac793f8ffad8d7b9088db6e92083487cb1893b8b81a45b05d052421a0e4c546,train,True
847,0e815cf560de535589ca6f44a423baf6ae9b426b22973d59668c447780f8ad24,5e30123432a7a32bd3778254b6f4ef434e744dfbc71aec9e4eff18b82e7d3b3d,final,True
848,1dfbd1473bb288917516dc91c0fdf027f55c8a7fddd820924a6f6e7e443e4183,a125e3218cb4cbc57ca2df4ff1afb15ac1942bfd41200a6ec72d44893bb96d63,selection,True
849,e83669b9cdaccdf26e0289b81fb57254b66f6a90fc13f4e862d5f7d12498e7ec,cf3805a1cc6309207887d680d658b7d221d467408c2b98494e73349ef4811a84,train,True
850,2599ea597461f9e7665a10fa4cb062c1932bd3e3d7f74a20e77a76fe6715cda7,b1350962af4ddb5ccd71b0816855229d197c42ecaef7909532c10d1e02e47418,train,True
851,d8ba2f8ea242ba52b04fada4d25015e456fb4f25d7a61cbe8419aa145cfcec5c,cf6cd18d902bd634d097ade56bf39e77ed707ee139d84c67f7e0de46c51c0d0e,final,True
852,9d5e7123b06dc3a46efd041be2aef75c04d80fe9b88db5439dcdb8a72bb80a88,85cf64bcdeff605e0cc9e43ee5f4f47688ee7ca2a6c7c9a58acf0d8d55a571a6,train,True
853,9d5e7123b06dc3a46efd041be2aef75c04d80fe9b88db5439dcdb8a72bb80a88,85cf64bcdeff605e0cc9e43ee5f4f47688ee7ca2a6c7c9a58acf0d8d55a571a6,train,True
854,a772504f18ecfa0144d03ddc9b928d0a1fb9af15c287782c626c8a2ce7f49f60,574b897d84444d2f9edcba63286d7bdac88103b85e2bb3bd8ae73a00433c1fad,selection,True
855,9a1c4e90884a1cfaf0c5515b355089dba9f96ec9fe8b1d329cd77cf16199c64b,7d494585b3fc61790398b1e8b09644e057544a5bde11dcb1aae6bb1a3917b6ce,selection,True
856,dc0ec1a98288b7029e7f74f32c9cbf63ec4fa1d36321d409d9184f7529994783,a2f2f1dd491cc50b04269082e879d1e3a16f84c3b1c43afd3155bdc88b75078d,final,True
857,5ad226eeb21dcfc80988d32380120b5b6ae9c663791a72648f429feb667e34cf,1fdcf1359b75ac4e9af5df419d9a2c3ecf2a22d382ee85470454903248728056,train,True
858,d804c1452bf57c959a84d3b8a88cf9e906e5401a87d03b0853a067a80bdbe4cc,7396b3415be4f0cf73331da8bb5d4f2144313901152b5ead06ae47e299da2d8b,train,True
859,98fd471f015e8366291bd34937e0329fbf4272d67ff48341b3eb99c348d5834d,a7f347b46ea8e22ec364f2306b5b9d0d7472fa7c21dae6c8a38fdfefd4493a09,train,True
860,1d40082a1ade81b8f1da39c697a949d54846af1f3fb326cd3bbfdd93d793c419,f3cfcb97cbdd4035bcb3ef240c6ea744899645c1f409d03e4ba36a4b96146622,train,True
861,281a377059ec6b03fd5925ad038fa46846f58fde6cc5b5a998d6ec4676c5c58a,587e9eec8b10fd9624c1a2d66fbe49b501fdc25d742cabcaa475795b256ee606,train,True
862,af6dc727b0f31b2a4e72820cbb48faad1ea515e6c0cbe6c75d79a5e06006e7a7,6ca731b01aa09460acb46aac64eb36b77cfc062be3f6e12873a832cf78cf52cd,final,True
863,f6d1d216f1b28529956f8cfbbf9de2eca9a34e569fdb5bf2f84ec5fddf144ba3,cd23f3e2b7031de080e55a68f9305f5fce27af123174295141fefdcd0e80bded,train,True
864,75a4abe7f2ee143a0d2a816941c4e85deff3467565adbb30e2df9d3e35529020,568dd2f44a3974c49b150b8494eae6c50fa5397d27d23f58a038f8c061970622,final,True
865,7d8da351d6540c92d6833c6e5d88561b8b9a67b39a3842ac9cd8724364e3314e,2f1bc392ee59fae6b4b24f41f4053b83cafae0844c1f3c58d484dabd966e37d3,train,True
866,f510ef0a5c109c0ea8f9b80c3a37294933da390fe96b17e3c3d12142f5018ae8,f8dc4ed1297b27b92fec560bd20e68edf93cc516b561c25cab59386f9cc2cbaa,train,True
867,185567649421b11860cdeb82ed4f7f4f1a6b9eb26994cefb231f85cbfba06559,0fc837bbfcafc22549d8a92ea45e2d49421d4684761515302287d25165aa4163,train,True
868,f51f833ea4260c0849e6a6b596fc554b3c95486d2bf870eced9a8b23e95a25f7,3de8be9c447c7aac79155d05089a44297643ce75a642deca015052eb597e4b50,train,True
869,5abb6d42b630b992b62a56d1b0997f3d5de5a7a96d94957e22b4dadaf15064a4,fa5e84a7d3004b57ebbff4a36df35126f484988c081342d27d5adddf5b245ddc,selection,True
870,fd3c1687f792e58bc05d7b6cb3f41e37434d9162eb8e0680fd3405aed71123d3,a5b1f610eaf1b88ca550a694e4a558b8ddffaf8ce26e386bfe74476022df94f2,train,True
871,148bc442dee2b59826450020a99fc068a7a3dd26374959f5ba35a8a45c424a82,adeaa6d082a295c6b7baec41920c05dc50734a682f07b83152a1e4b034d0524c,final,True
872,2e0e29c17473fcc3d637a5e3ddfcee0e05b442ed19a8b18636eefc1ad41bfc93,728d5a12181020e42fb2e6da8551252c320b97a9e56661cecc4222488969f5b6,train,True
873,4f484da4275cd7a9e6241b3a1c01eeef73a430d46bf0f2052ca5b74a1af48fa1,cfb1c776a7d120f90edc6906f86b05df663928af920a04e96b4259f90353051a,train,True
874,5dc3d735aeb3e91c0bc28ee81ed38d000eaadcbfb15de9b5412a33f02c999ae5,601de9ab447f7c2dcde87dbb1e141c6ff55dc5716c4aae84cf18d4f35d4afd22,selection,True
875,a772504f18ecfa0144d03ddc9b928d0a1fb9af15c287782c626c8a2ce7f49f60,574b897d84444d2f9edcba63286d7bdac88103b85e2bb3bd8ae73a00433c1fad,selection,True
876,fc6db61150bd6ddd1ca1dca29dda853a32f23e459c5456d801937cb1aeb89385,f0f7a69f8d1e8bc9fb06f0550f78159a4fa674688e8edf5d6fa47a9162ebab2f,train,True
877,f59e60a36b43f0870f5208600c394c8a625719e04df07d0b8dca8b99f916d79d,16afd5f31006092250ef3f4537d34abfcbfe1379adc355f00dfa283cfdd68e8b,selection,True
878,cb6e55f993622feb80fb081f6be5f7fe970e8c2036cfe0c4c5e3d2ed6b840ee8,4f90d2b2b3fc5b227eba2754459fa738ea59beb1a7f414237b371b220cfb3367,train,True
879,bc67cdac2b41fb0c9f80c0e532c193813cb066d1bdfb60ae2fdfab7591115c07,2d2c56e8458d23a2cc7fb4c9ea1ef79c0fa71a6f36f98e1a30faf1bcc1ab1369,train,True
880,a4e6ec0a611e8db7fb3cc526536c547d0eb7c0ebd742f9a20805f9c47d7d71e5,36d5332b23f2d6af3224e05c80903647fe8d043c1aee9bc6d45037c0bbdae82c,train,True
881,1d40082a1ade81b8f1da39c697a949d54846af1f3fb326cd3bbfdd93d793c419,f3cfcb97cbdd4035bcb3ef240c6ea744899645c1f409d03e4ba36a4b96146622,train,True
882,281a377059ec6b03fd5925ad038fa46846f58fde6cc5b5a998d6ec4676c5c58a,587e9eec8b10fd9624c1a2d66fbe49b501fdc25d742cabcaa475795b256ee606,train,True
883,af6dc727b0f31b2a4e72820cbb48faad1ea515e6c0cbe6c75d79a5e06006e7a7,6ca731b01aa09460acb46aac64eb36b77cfc062be3f6e12873a832cf78cf52cd,final,True
884,abb84c3355a77c3e7972ae141be5d064ddf58416eb03cd9b6feb2a2c27b753b3,03541c9c3c5dd0cceb5e42c0eeb12e53c2405dfbc7d638d81e9e23e7623bc9b1,train,True
885,7e0224f05e06a2c3259cde4abd21c2df63e204ba9be3835ffba28e2f988f6e03,524942ee5cfeb0cbef9caae9e67194524b7399f5662ba128b1ddaaccd1d5081c,train,True
886,03aa40d81998c1b7f01ad0005ba1ee950f4a4444da2a4a753f64284e42c382c4,3183ce6602ac1cf90a23de5ba1cd5dd54fc674712d18dc110073f8d9bf0219ab,final,True
887,0c300e0890ef74f0a2ebf85a11aec02a7c348b80fefb7115f4a42e4861176266,fe3ce93579f399a117a09ba6562074be074cd6f444875b9016bf671983162e41,train,True
888,aa35e65825f16b9ad77b4a7ba1af17be30d8d426ee5b6f3a405c84f064ef9969,dbf970483b45aa2be5dafd80b47c8d0e385f428dfc7a8134cced79816f13e82e,train,True
889,60024a40218348955f3aaad15ec8f1d0598ebfb0785e57c3fc97c6c44646bc69,5e72f480e2e44a281590309a8847dc97f48f89b932f80b90061732a8ae9f112e,train,True
890,1774fcebffbb418c3e4d024ae733beb6f96257d069a0f86e24c5119621012bc9,2457cdef75ac83305284d5a8701b9ee28e29e9e4e8850a0c7910f073f795642c,train,True
891,0ec8250fce438a47dda9e25aa0221f2ce4bec82ecc622eb584d41610296ae4cc,75e5ca899bbd0af250f86c6d3fbd9dcda5748eb0c32382b61ddb2bba4824bfbc,train,True
892,3d33e223f558f51eaf2663487b545e6b7fce1d70a9d97611eff5cbf4f830698b,43f17988d6c2083cccc6489e9d27406a93e3243bcf924c463529905e6bbbe709,train,True
893,b8ad5472f1a0a8c062c92bf029414434010ffb1630392961cd637361832465f5,42cc2605ec10e61f9084550acc5896e4d1146e60e275a0414dffe8bf1cc3f58c,final,True
894,4319dd88b14fe31b30620bb2bf7732c13156d6de7b0e8b8eb0883888017c801b,7b9dd6b9daeed6550bbd19b01a84a5e6b7456e95e44d348272d493317d128079,final,True
895,3d33e223f558f51eaf2663487b545e6b7fce1d70a9d97611eff5cbf4f830698b,43f17988d6c2083cccc6489e9d27406a93e3243bcf924c463529905e6bbbe709,train,True
896,b8ad5472f1a0a8c062c92bf029414434010ffb1630392961cd637361832465f5,42cc2605ec10e61f9084550acc5896e4d1146e60e275a0414dffe8bf1cc3f58c,final,True
897,4319dd88b14fe31b30620bb2bf7732c13156d6de7b0e8b8eb0883888017c801b,7b9dd6b9daeed6550bbd19b01a84a5e6b7456e95e44d348272d493317d128079,final,True
898,5df660874eaea7bc2bca0594bfbb2389836197ce0b95dfe1d944fca1c28a7969,6b715cf77ec3603d550ad4195239430c332c28907fc1fd96c6653b4c8ef92de9,train,True
899,0b5af4b3b633adf5955a050e31e45745a2bfc47a32162e557ce60f4f35418708,3ab86a57d265321023fa4315f61025c531cc634142060f3fa939678eee738c4c,train,True
900,7620ac4eb23291d0fb7d2de5cf35837110f031891970de71f0f5e2b339ef3086,034c91e2b32f4a9f50b951013164c18e34d9ec66b63a847c3d2c2781315144ef,train,True
901,5df660874eaea7bc2bca0594bfbb2389836197ce0b95dfe1d944fca1c28a7969,6b715cf77ec3603d550ad4195239430c332c28907fc1fd96c6653b4c8ef92de9,train,True
902,0b5af4b3b633adf5955a050e31e45745a2bfc47a32162e557ce60f4f35418708,3ab86a57d265321023fa4315f61025c531cc634142060f3fa939678eee738c4c,train,True
903,7620ac4eb23291d0fb7d2de5cf35837110f031891970de71f0f5e2b339ef3086,034c91e2b32f4a9f50b951013164c18e34d9ec66b63a847c3d2c2781315144ef,train,True
904,efcd8d12a1af20e7144a5468c047c7206d48f287b6e21e6286d7f92924098d4d,eb958ad4f0686cb4d6d54f538815d412da553de8f13b83e688dc386b05064a81,final,True
905,3863c9f03cf4565d0462e0c6e2a9b9b5c8744fc2b8048d352ff2ecb909df31c1,1d690e5bd50f88565e448a2a8a9a575ff37b824d3fc7dc04c0d8920ae8d9c869,train,True
906,39ba1bcc3c0df72e883bd90512051b2c9ded910c8d18c8493a61a338e3308133,d945ac461424a328638c330abca2f09a163d44b7170f0d6796648bbb01d5fc31,train,True
907,5df660874eaea7bc2bca0594bfbb2389836197ce0b95dfe1d944fca1c28a7969,6b715cf77ec3603d550ad4195239430c332c28907fc1fd96c6653b4c8ef92de9,train,True
908,05a23d056bfeb95b2a18ebb842f2a9f4f0ff1e11b7a8e5a9336fa04b2f8cd32d,6323965e837b463ccaafa4e059467366f75afdef60d7abc580d97159d27c114a,final,True
909,667614a97395594335fd34fb9ad25c1cc07ebc8150ca7fec19ff3cb4ad16640c,3ae0d45714ba22a28da6cd95842a16368723c80732ba2be4612648582d3d389e,selection,True
910,4f08aec02159b2eabae898aa6db9e7bcde1ed3bf3aa519bad982fe37207cc17d,c811e54201f52acb2739336f8503123f49d085b4a42acceb1046f0915e48fa09,final,True
911,d05721e807b4099fbe035083086ed3b3536f18b542294a91dcf76669fd9b3ff1,70fb27f0adb77bbd7f4578da9114a612012214689668fc778aca1cd2e7283c5c,train,True
912,744323d25a3f43a6476285d12141dfd3a7359c8eb055889f1ff23b32b2c038c3,fe9152b4128c245d08201557d7d9941e283d15e2f7fb3ba93ae2a9cc7f34aea0,train,True
913,a146c4d0cb3a64dbbb8fd4e88c8a4ee41d8335ef1df017d676f111993d2303ce,b535396ce87b2df3aa878d111c943277aa5be1d89ba79a1251a06ccae9669179,train,True
914,dcecfc8de01c65c5832bfd64a95ca50c7905328b71e9e9b8df712a966085e1c8,77b4cf1683c0363b446a2712ca77360804584a97c9ab238d0b58d0fff7c4a93c,final,True
915,3794a373b6d7fbd32ec189e1c16e2b714a9345879d8915322453456c8f52d4ba,35e37131056af03d6aaff0cae94c54122783900b64cb2f543045b73d212073b7,train,True
916,dd5d7bce76256be1f50be2ef1e2eb4fb203f9f6c56d8d8e75099f47d5e44a654,94ff21bb22c68688bd84e4ad03c4a5c54e86ed74bb3bb23f06065115c4d40fa9,selection,True
917,ed3a8aa7fd75e8eefd17af0a9150bfecbaab669667235c843cf4b77d3b79694c,a815abae775b891e951c0cbba0ec49b2c7561055a9ad0f5cf46e5a6806ed6b19,train,True
918,45faa7f144571fef4df13760b9a78cc0bbcf9b33a68df928c566e6a65939a83c,f7793858ab8644a1c8958ea1a3f099218f6d2ccb4dff15c569740ad55341faa8,train,True
919,e2616162f10c2cf1c4d9831e34fea741aa524b71cbe802967acbd96aeea31bef,0d6947dc51d778cb788239f9837dd2d6ba442d25ee347b08774392f37a065d38,final,True
920,a4f8066899e4234a9d163824e16efa6e069a0426c1e950471bc9104386be9026,069dca9767e35a4faba363e1e164725cdb258695a81364ee888a8820cc9b0b9a,final,True
921,08df8c0d5b75374dc558ddfd56df68e782b744cb357a785e3b1631742af85c7c,7f343e9c648a63caa5c79995bb413a0ff7334d695d04655b576db68640fe353c,final,True
922,1ac90c631b26f86a635be96e0a37830a41873a22728a0dec507173221c70d72a,a8d87bf9f6262e49413ae6c01e4e6fd06dfec0912f85e1bdd918e06692152e60,train,True
923,e310294c6341cdfc76929cc67455a71a4bca887cb2ebe3fc1c9465a7fcab1612,c8269ac618909e595d6d93f58c3be9f9413237f2e30521a737f7952be37fb481,train,True
924,df14d37566ad5121147997074febced9bd81200d5d2cea1fab9763a1d885ce18,d65f3bf0b88dfa5cf3ce0fd772eb7260c985f0f732223ab83de9342609998ec7,selection,True
925,b052fee322d08bf19dcb7bfbeb33579ba6b1365ce139e898c885e4ac6b4c4bef,994b29d4e6ce9030f52c8e8c3a305e265fdf51c03000c9e96e83b6469b8ce290,train,True
926,621f589610cf9bc4435b0f0bc3f82632b7eeb3293318990a3b331bcc253958eb,e1903e4eed427a05f59af38d74ab3ee6ee9ba6c9aa17bf4ddf7111e055af5f6e,train,True
927,1fc5a0579efbf7bc27a6bcd58714cf59ea5b459640d8ef3461081cba0c6c7d0b,9da2550e44bba49513b5a8036900dfb5d06a4c102fa31f5e74204da21adf710e,train,True
928,e69526aee27a588ecbcb3106e4c3d7eb820af67bb9c8bf284afacc7525283394,7fa17baea1b229787f6de09b0ddf38157c0d7b4066923b1c3be6150708719631,train,True
929,25fb9a8992769a9493126d0130ee962a590dfb2457db7dcfe4210fc643f0aa9e,24c994b32087be8ecfcb3ab746f6e47c6eafcacb6e32a795e11c9a68d262f358,train,True
930,ccc462411c9ac38eff9d9d394810b365159838aa5b1481824eb4063b6c951aeb,e52b5a7ea2a5f9976ac559344a32d2fda17fa6d05aa91f4c3e165ddb254b9b4e,train,True
931,4757b0003db6c8e28d7c22e088a3b417d75f61e8571201885d66627517c00054,b7db33789750eb1222f63b5bad31120d3cae1344809584433de9067947f8319d,train,True
932,bfccccf2a2caafb0bdc75446831d4b6ab3aef32c0dcfb238d69b19cadfa786ce,c34565ee0f858836edd46a7a0e5e46882e66222bf5cc5f46bc64daa957d14fd5,train,True
933,fa2ad82a36ee74830a5aee40d224afcd0b60cb0a191ba736ba6f46c6093dc216,f2bced862a6fd67fb3c7e1639bd2a30cc805b00d6978523589dc964d39be541a,selection,True
934,75d262b792fdc91e769088101ed0976624d7c81575950df34c54d4c39402a0f3,8c17c8ce51d521259404ee8e8075e2755ac215f23dba20b17c65cc4370d92a1b,train,True
935,0c54ba584632cbc55e1e58ed28cae3a0491e3cbc3fca670e861aa1c385815d57,d761b8ed137bb2f38d19a6146cd832f8738213b914d4e219e3b4794d3b1a57ff,train,True
936,abc23095508b9bca0b08f8f030cb8c0c11055a49812dbf8eb0bf864d1ce87a09,ac84e066171975879437af1d69408f8aa83d8178d4888bcbde70aec31df5a569,final,True
937,b380f84e571a5368dfa3d0d555845d8499bdfc8407afd01c1fccdb94f1f85890,b936a611010671407074db012df1f2c36300cc3c4f152ec9cee70ca14fe4c88c,final,True
938,39de0d00692e57fe533b473a5d1163b14f2f47019cba278da567adf649af9d09,6abcc4ed816e9ca9353dc72adb9a2ea2a09fc5dc6b17f6c4608cd22c8ee1a9b7,train,True
939,a7ae5f80c06b78c1402034cb1595980b9b78b7b8e00e4bf2bb0848581aa725fc,8ccd0b2a6fd08d77a4b27259cf4736198b02468a40f3faf931d705d8ff810956,train,True
940,3488823dbddc0df905aebbe1a31cffb6a4d8b4b0e38500096b697d20178cbce9,53913ad23d801b98b08875c6a33d9168b9baa7ce76bcbd470b16b169fadf9ae7,selection,True
941,13566821d372f4aad30790f854929898a647b2f836ff1d1bfa063570e8ae5420,915c0dc59eaa6cdd92a7470bad4f7d87b1b01e998ea04eee24c1e309c99e395f,train,True
942,607d54cc6d14756c9d662c06666dd9eee7af33990eb1cfdab913c657e6dbee4f,29d65fae237a3d764c92f5238cb9943655d0ac0f9313bcb7f4a522c0c482013b,train,True
943,f7ba1d4a05008d104cbff38d6a70a2069bf34d508a023f065fae7a662458fc74,24ee9d8d38968252c3e017eccff50b751c781c5abd08ff179bfb240aafc908ec,final,True
944,8f59baa29ff14183f2ced1e5e45d3cded360bc868accde6432bea06afd88a778,e86bebc8c589dbfc434f995096af6f2ccbd79bb422cc2271cee05bf286952c93,train,True
945,381cc47c5bd01af96a8705c5d347f556cf745b897c14b8340987128adb02971d,5c6ffd7d8e1a4e63d23d4f51f856bc482c9664517cc5c530160833212d3f044c,train,True
946,2e6d06108d3055a9a33f430bf1dd067b72db97edcb3dc873a4df13d74eb03b49,483569b14d20ec2d5b1c33f0785881bdf68cdfa6eae41981dfe5814bc8540ff6,final,True
947,a6416a9fd470d79f6404adec6a6570c6955642c077fdaf74785b0090ffdc63f9,e3f3a8544ed3384324a736554c5ca16ca0277f8808976ebb479793ba1f7a1c9a,train,True
948,85b6d5e1120bf8dbe757666698522a36526a48cad0e2a980fd63b97afe30e5e1,540e300982627526ce0e9a4710046e3bee8d4e5862fe1beb82af63ce9cb4fc8d,train,True
949,bc1ecaa8f87b234716f275ff4e916a5edf70b729de096810f354f20fbb21363a,caf8007c6abb095d0b6c83c9f012009d7a7eb39079aceeda91a5159d799d6e14,selection,True
950,324a9fbb9e19f5bf1b1a31cdc28c2c95108e2789ae27f1369e54103303d1b713,eb0dfdc0139aaf56ac7828fda17d6ebb8adeb6f02a2be6346eab3fd49263c8c1,final,True
951,ceda36507e3327aa876205a211d535a3406fbba40b7f41cbe620f4d491b2fd98,5e79ba36bbd574946b2a19a953f39f47ddd9b0560c23110d383f0fdf75558e24,train,True
952,01bf45353156fb65b7f913e4ba425c41fbdfaf68cac586580843762d38f4340c,1216767e409713b40fdc8d364e5f8f4ac5f96e7558a36cd00c1db6fbc9654382,train,True
953,45693da6270188102113aa6ccd2e9c03d13478f6f3c15d15b48e68c2bd8c6679,f2f2dcc5f65a6d73994cfd2f07ee3cd5f5176aee8ad47b6b7bcdb23514553494,final,True
954,d5a441a8b2fb23ce2c1bf481c913004431d22c2bb41cec3c9d6af8d50009c827,6d9735c8883383ac77f830daf7857c5cf22a075351ef3ea9bb9e1849c1ddaf8a,train,True
955,b8cbe82304a227277528ce6e09412538f4766e783b7f262f48f3de3ce40ad23c,fd3c6b98f7fda7b4c1a80123604f6db15cab5a9b218cea2133fd722af3d74b1a,train,True
956,9c2dd622a1f4af91d13d8fd87fe918c7af8a4bedf12f09cac45e77880b64a78e,24b0addd92f734a2502d8a60ad9531574a4e19ef70d9c7d51d4d2d78c90ee3bb,final,True
957,cfa9dd78a1fdab1b159b4523c65c5ee36261af884f1ab16f1ca736146b88e6f7,a6377fc3f8f3ffed0da845f1e6b4c5e0b3235e69a6b51900f9c0aa06e674d570,train,True
958,685d8412b9c5d9bb8918ec3d09e74c1e6cfbe18c8a15517b6406277e487cc772,ebf18b4b9c0c465682d71906b8c4e7a46d9267b72551852dc40bff5b24e9b7c9,train,True
959,7f2efef9dcae4dabcaeec9a655550b85fd7c4aca2c3cfb65da49ec2fe0c6708d,817b8b9d89b89efff14230228c2361a85fb2ffd6755718b90a965142d68c3578,train,True
960,249f6cb5dac6a2e55a474bb759883bcb38677797317bcb8e0033aee3cf1993bd,b8ce93a8fdb84d8d137cb83bfb411ebb942df115e44e5add4ebb17877d7ba82d,train,True
961,c5ad4f9803e41120a844d6c87ae557d4ee0a26d4cc52edb96aa1dec8f26dea50,85fb7af7466eaff5ace154b8049e4eab820c15ec3c076f4fe2adac5b9031ca36,train,True
962,5582fe14819a3d24901b6c07b6b27a1cdd68ad7811e68509b967ff49b21da668,630c9a01e7b15b8a2c36b3d84ad31967f784c64d63f1acfb5c671a5cbeef35e9,train,True
963,e0061cd74f5bbbe38016082175fdb6b8d6b35663154e0d50da9d4d26edf3bc89,1ecb16e068b250bb56a94073ebebffec0bc26789dc2b34a46cb1ea0589c3c76b,selection,True
964,2bb2cc58df3ccda953ec3741286c268f65d1238ce4e02bec78eee44e141c0553,14b05bc37552b683422047a4ed782b547fceaf1d0f329dd67def2227e0436b94,train,True
965,3cddd97bb0d23a3933fafe66ee347d6721241476b24263ac50fdbea20e9e01a2,5f401f1efaed560754c19bd2fedd99be10040f8a5864f3000bcc11025e859c52,train,True
966,c04668b48104b0ae642b482dce46a7e3feb82fe3bacb1df835d941d7608d889f,becb9a9118b688335681505632c7e57d46db18787671152b4d8620b63bdfe32a,train,True
967,3fc38fb1ad7babab3e2fbaed15a5603b26e9475fc3c26bd62577f3a4f89211c0,1ba022624907b5960a11c2be32cd92322d5e55a91e86bb1ce2d568e632851f67,train,True
968,4c05033ba24bc207570c2487380f5521876d09543327e45c3a20da13dabeaf7b,9a848cb7455bf9026e9e3424fb8a7e964bd4ab91ef3fbd848a47b5a3d63ae717,train,True
969,083245f92adcf81e12c0d80b9c22b21b69941c1713135aa24b04f6088470518a,347ec753532752be6b487da597c74d86413f0690f745ae3ba93b4d87eecea5c3,train,True
970,b7fb5f97d0ab3d3b120efe411e129279cae22e9fbdfd86305c95d0e411fd98dc,6081c49283498a7cb7d96e4e187e975125ba94c1b9ddf3eb4223da89427df580,train,True
971,b864062008f1c4abcc282dee482eaf53aa229f0aaa1645fa2d2b88ca22e3425b,57ca5b31f36a90e91c74f68eacbf0ff7fcc3df1968619a2019e70f28fe55db03,selection,True
972,793f4b15ff4c94e58a10fec2631fe13f78f33e98d9517643d57738d44b142c08,80f73dd37658be7e2f00ac1423fadeb722033baef1e0e3ce9509dacf5ffd7290,train,True
973,15fc1152566097770b8ba07f4e734160c325441f54255ccde7cea960424c8b74,1b481ca271b0f98153545de263e9e26a4894e76fff8ecaf0d0de4123eebdf46d,train,True
974,c2748b49691c4b31b8ccd1b9811434d186cf69a90759d54edd9080afbf365146,2a6f58b25e39fafd744ebd8cca848851e2c8fd32fdcacb1aba0d424b0fc868ac,final,True
975,e9965e0232a4bf25b44204857534db561a2da06081397e53cf5006c2d3e2e624,798e97a92185eb0b6c851234942761ff54b64f6c735d4a78bc5e3411fe49cf7a,train,True
976,68c1d58dbc32b6ca89dd6568ab9c930dff3a278b9dbd5fbe8f4c9c60b438b6f2,7c930f9999b2d27e0ca94a06af5aecffe11eb204b0f8cc4f13e3e60040fbc7be,selection,True
977,4cbf9cbb111b0cd5db5de1004595ad87474c2c24e51fca05335b694b8a13f0c2,1cd0b6e9957d899636ddf2d8c31aa797d9320c8982770f5c7c4bf53c8dee0130,train,True
978,f8b59c66160f0bcc1cfb6ff705e0e1010f854b8d6a00290167fd49d6a22da713,edadb3ffbeabc11782a48f7c1870ba9752de5f0af8496303d901787b52457365,train,True
979,5d0dcdbbadffc67aac0e96661904e7ca7310064412a8833d95c957b3462c959c,de33f1d65442d726fffc3335cee320bcc2abfa7c80adee40b268fc9e44ebedf0,selection,True
980,71731b98090929ad5a0ee8771da4c8f8d7915d3025748d7849c6ab3a61295c70,19a51d1c6b502d109ff81f4c505209a45acbbfe37b230559634e3990262089d5,train,True
981,72f3744978b68e70fa2f5801cb3e80323cbbd4d9eb964f70d78943ad46bad585,4a4ea939d49c496398e346c1edb9b6321ea943d7f848ed0723b6c23e6ff1bb78,selection,True
982,15fc1152566097770b8ba07f4e734160c325441f54255ccde7cea960424c8b74,1b481ca271b0f98153545de263e9e26a4894e76fff8ecaf0d0de4123eebdf46d,train,True
983,705fb73d609f8d22e2143af82fa7557b089048cacccb16c15e035e6028a01d02,96c3ed04eed9634943d6c6b264ce6b7354558bf32c89088f901fd146c86a61b3,train,True
984,e9965e0232a4bf25b44204857534db561a2da06081397e53cf5006c2d3e2e624,798e97a92185eb0b6c851234942761ff54b64f6c735d4a78bc5e3411fe49cf7a,train,True
985,68c1d58dbc32b6ca89dd6568ab9c930dff3a278b9dbd5fbe8f4c9c60b438b6f2,7c930f9999b2d27e0ca94a06af5aecffe11eb204b0f8cc4f13e3e60040fbc7be,selection,True
986,4cbf9cbb111b0cd5db5de1004595ad87474c2c24e51fca05335b694b8a13f0c2,1cd0b6e9957d899636ddf2d8c31aa797d9320c8982770f5c7c4bf53c8dee0130,train,True
987,f8b59c66160f0bcc1cfb6ff705e0e1010f854b8d6a00290167fd49d6a22da713,edadb3ffbeabc11782a48f7c1870ba9752de5f0af8496303d901787b52457365,train,True
988,5d0dcdbbadffc67aac0e96661904e7ca7310064412a8833d95c957b3462c959c,de33f1d65442d726fffc3335cee320bcc2abfa7c80adee40b268fc9e44ebedf0,selection,True
989,71731b98090929ad5a0ee8771da4c8f8d7915d3025748d7849c6ab3a61295c70,19a51d1c6b502d109ff81f4c505209a45acbbfe37b230559634e3990262089d5,train,True
990,72f3744978b68e70fa2f5801cb3e80323cbbd4d9eb964f70d78943ad46bad585,4a4ea939d49c496398e346c1edb9b6321ea943d7f848ed0723b6c23e6ff1bb78,selection,True
991,cc6c1fa8318dc58dba209d098db8260188f6c5dce112b963aeb1327e600e84dc,76696ee4e5812d0aa49fa3755a294336008cd23f47767192045ef3b1f8ad7473,train,True
992,cc6c1fa8318dc58dba209d098db8260188f6c5dce112b963aeb1327e600e84dc,76696ee4e5812d0aa49fa3755a294336008cd23f47767192045ef3b1f8ad7473,train,True
993,23b97093640dc902185a0c44551b3d8df6473036a3f02c1df03aa291f48c2f6d,fec0a25e04e35679ecf31d7707f7d45e70c84241c42f9117a4c90e8ac8ec4cb3,train,True
994,b21a17745728f58176c7663798c82ae5ed678336b2428b29fd6767d346d1480d,c6fc6f31b03c65c73e18450bbe3d0cdfd12abdc54140bb5997a514adf6c4663f,train,True
995,5e8cb65ed5b5e103a74a9a0aa0c0370de3073ba8fbb337d53a1443cfb2b1ef07,e2565002104c4b8aea2f74b0076d4e7cd8b5e87bc45b2e64636bacf7ff625cc9,train,True
996,c4d9bfe7efd3451f5b3d29bfe79d438d86c11581662e4209228a4354d8f11831,4421e4d296f0a3da254d577ffc6a268772ee067bb7be15f4dba7bab0010d14eb,selection,True
997,f403972c550762fae322acd956da85a979d0f9e3319300e81445270e5149140e,74cd89db4fe0156726393da4c5e4eb476a484e7921ea55d114e9e9c07fea9ff0,final,True
998,e504e53282280777e91d022ebcd67f67d866996ea0a9b62796f4d9a78488489c,4b600316e1338f71b2ebaa153add8e386749c08d882dd40c9f09029b9251abe6,selection,True
999,b01b216c9002676764d010b9900a6019bee5b40cc48fd8a3127fde8d5fdd8586,31120e74831f831dc0700d075e55ff9026786fd23ef49d9afa484a2c4adef2f7,final,True
1000,b0995886e114777002d2d1f477cc7a360564e2a656f31c4c34efd0b735b3cba4,e998bbe61ba53c5d009031f79adb083f544c2caa1641b6c48532381e0c356df5,train,True
1001,ed2cafccc5118df6e1acbdda0d9557ed1aa2a595a4594477cb5648da5cdb5b93,8a847ac444dab11ae2f902520dbaa733cbd3c262c02b5ee9b789dedf4226d56e,final,True
1002,8e80ffee3d746d44fd2b41f019eb3473adcf0f62329ef030ea9f15451733bc1c,50e85453b04c0be8684d0242b7bb5cdf5a6fb32db5d7a7069ebf2d83dd333d61,final,True
1003,480788c875e80d1315ba9f01b65fc47ef7fbacd6bfed65bfe61234c5c7926903,9afa40826c98b1bf3414940c78b84697bbe30f144e08d51ede5374a98b5772cc,train,True
1004,33104382b5a55030893efad584ebeec43d4e19d3f2ac3bb26fdb62f54f439fab,48a9c783a5ba763f64eb4ab16d03cae634f4073726016329aa62988bdc01ad0b,train,True
1005,a4f6ccd69e3ca1c9d36fefa0bb86ed065c8080221de2f3086eac60b120a140f2,79d6812e83afe433203feac40acc333ce3976c023188b2072871a982901d0945,train,True
1006,3790072cdb85811aabe35e38bc705f1856e6594f6e5cfd1bcc74e0acab5fae2d,3ad8cab9df5c7f95803c54e49eb69b18e79e771147bbcdc987f18d6be724d891,train,True
1007,f58d2e3cb733e00f3d64de9a0bc5d7884855c6fd3735f0dd62f7593f362834d2,9df076a4950a0913b000f502b148b370c6ab7268f5c65d15481f644712df0b90,train,True
1008,c5671911161e8fa0448077344552abdcdb4eaa09c8f7c8431999c3bdfe2e598b,5c25a20e6a5af10865046b9b078152ac46628356177d389f999193a5d106ef99,selection,True
1009,9d9c8dd803158c34f0611bc2f97f7036caa822f278b993715b83d5687be75eac,be22a56b866a07528a30aa81bd1036eb2d039b8823072eba1b2c329e2817c1c9,selection,True
1010,431014ade2842d7bd9c223418a4c7a9dda8e9977c567727ae553171e5d3f7f15,26f64d9bf7d986d2b13719dbb773c4c18f0c51d993d632aa5d8dd6d78e352b7d,train,True
1011,3b64317e86bc93537923d8eb9f758060922ef061be87db956a0966fc0eab5672,a9d4dbec5c276f2a501c3e60915fb864206ab496b8539d50d2d89150ee37d3dc,train,True
1012,adbbea311f21b6c1ee089ca04a4bcb3d7dfd0f08555f8c7fb03b8535330beae0,f54582a34793d2be4b237519116414923ddb408770f0eacbcf3db4784d275fc5,train,True
1013,51d0a1274b329e935a6b156ef0e0f876833977c3afac63fd63bbd10703af9018,67dc9f0d1c43120c4cd5a306b1d3a48efd497331ec9e8a7953d4ac7ec5556fd1,selection,True
1014,c518dcd20125016b57a396d81f835d214b93b736d7047f8c41a709c41341bd61,ef3e99afc9026b9000a98b311529ffc93434f9ef87edb8554f3336fb4cb3bdb0,final,True
1015,6b47827e67a8ffa550ab41faf902c5c6e51643f35179abd03c0f4b85e76a6ebd,538c7b899197633aa6e5816b55bffe7ff6cb4feb4778e986bb1ecb8304138255,final,True
1016,f541980a0b91f2c4c6893dbc0365980d11f55e65cdd3fb872b108b68a17099f7,56ae88c54043fab98983a9c5b195b67e389e571a2375d8770ba503e38c4fa587,train,True
1017,e699d6cac4ad697ee2e7e4208b3eb455d89ee1b6233a9155d8778d26a6e33042,c7ad09390ab878894d698331e2b350cb63428bc14f835fe302fd6b3be78b3461,train,True
1018,fddde44e92ce24e7e95a4ff87c0584d3584b9a9a75a6ba57c4a97884f1e676c5,d3076f08443646fc1e9c1d57a43ad793610b04460087825064a27ff8b53c7bfe,final,True
1019,0b4d6c297c8a56af58cbf31383605c9604397525aaf8b5d2f828f662e1ce2969,08d782ec9d81b38c7417749fcf5f721ee807cc4887667d62b7aa5aa9a8541836,train,True
1020,b687f8e71675e2fe32975d5d1dc16b7a71b593404c5e73b5223aac31ed791719,e7d25ea564a9850249559bd39fc7c2309f106166e90449d021747bfddf045366,final,True
1021,89b22fa6b635f5503576928c76d8148ac5e506c42a866eaa86f609510bb41a91,b9e3886a9a923b08c79d0c33d286d60ad27b0ab4615ebf9215c2dee6e9e40488,selection,True
1022,d47b520c53ef3269bcd7e0e885da174ec39ec4e4f17e675944682604fb0a873e,02a3db363bd0cafd64e67da5f7a8181e4b3c442110c8b892dc1c741946879760,selection,True
1023,b2bc8b79c861a2f6ddaf64ec21f35229f1de15dc3a7cee1b72e1f97f6cb0ce61,81383ecbb7565d10eb9c90b109a22d18a3b370f7482662e46694363b054623b5,train,True
1024,fbfcf6d94fa4d783dcbe31ed1099b5f6169e5444a0feb526117d5ce5a42a1f22,32aba98913f78533c737ec7cd92939574b7fc97f8bb73094000fdbebec8ce0e0,train,True
1025,d215c3fa62d0feeeab4b776f8e1af158117cf282e9f13ffd34609658d1307366,11d05291d9e73abe21a5a38d752c0ade32f83a8f15a8a87d85f8765cd4ac7c47,train,True
1026,ea0f7f4b8a08d287b6824e5ad9fd3168361941be404a68d5531db845fd5bbbcf,de4f34c8f32edc12f54c040f5ad6b8f66557ad2d2ec72e3e1a0164de7f6cbd19,final,True
1027,fcb1a243ec344de965289de179a5abcfa17410663ca3a77a26acd9ad4af5ad0f,ae4741aceed4d41dd707eddbb869f107a452da1fb1e54b03def219e1f9d51816,selection,True
1028,46be5fbc11644424ce0ee4f20cf5a1404bf79e961cb387eb6eb6c3772a0d019b,c31ddaff92a5c6b53286a430fca357f4b5eb56039d25c685d4c69b0808c0fdab,selection,True
1029,88f5502ebdb71e91e96e75d4bd373479c3e89cdc284d966af730e859558f94b4,723404d7791992a082694c39bb2f175dfff88894808e638a261dc1cc95a9622a,train,True
1030,59c63e70ed8bf9b9f9a4c64291f44d3eea53f636e8200a92109a1c8a9f4e136a,792004bade100116cb8a5888eeaa5dfb1363d36a82a8a1464bf690097e530697,train,True
1031,d945e2568d6fc05306facac41c4da675722207e6f49736b7164b336217a1cc0a,e7bf3b9ced3b54ed6dd841d7489395a38b1b1a46720a32d923da8630684f8a69,train,True
1032,167dfa8330266c9d321d78f80cbf2db7f6089a124699599608072c435cf6c803,ed444b3e7554cfe14537597a24114febf7c934c79023807ba09f1341443fbf26,train,True
1033,208969bfe12f0599da9b575e9fa6adff23b1e6834f855be73d1ddc9f85040d2e,cede38a62ebbe2472bc77e83396440dcb04a8639c14c4d73bc18179f113d70a5,train,True
1034,f1f5ac6577ffdc2dad8eca060fa4ed046b7e4f537c53e258d2fdc52e3404e209,c98a9c473fe753c1da3f485f2da6de11fad44cca836bc30ceecff176f24899aa,final,True
1035,acedafb0cd41fc873576673f2d1d052282c28435b46a2140c6e157887e4c3028,28d704bdedb3501f0014872334827972e07f9be96595b3a587e9dd8e0e83eb3b,train,True
1036,5fcd89c46bcc80eec9a8951cc61eae4cbad8907ca1e058ede1809ecd09d6e7b3,1138fa16fd837e684ae4844b4b1df3872336e22f8614cac005b85edfa4d9422a,final,True
1037,020bdc288a622ae55c08f17e7995bc386869a866ed465895222ad4160d6bc072,c94f38c018c072c2a5a9b235c1791fea58ba8db90992c30d3a5caab0a27f520b,train,True
1038,338a9ea985e82550184c6608d5ced83fbf9691802d922aa40efe10dbdb255564,11117acaaea239b679f3568c0aff5c0bc81ec1ca5f550ceca390c81f4ad2303f,train,True
1039,b935bdf02f8ef6fcfff876a2c7b51f4751714e636faa01851c4808bfde727989,de4fd8d5fc045f0f096fa37405e8183f52ee5ef6057cf72136afdafc6295b6c2,selection,True
1040,1430315cd245f919ca542a25348b1b067896bba0226c5231edc4a169c432d6f2,aae313b7f9f54016741488b99afc55f47e629669399c9e890772fe64efe571b2,train,True
1041,10654a1ec6a03eba270838bb88d47aa10debb34382b85e6ee69858991d97c8b5,3ab21124c76bdc9152da34b31128e4f360196b4255b12b13b3d672511c019146,train,True
1042,c4dd309c400d13014267cdedafcd592fd56011068ced6aab5dc2570181e6491f,9e63ede7f04365b67d5ddb03d71bc128dce00fa913a56c7aae08fd5e2e8769df,train,True
1043,a15ec83a19ee8b580f34c8e75f85968fa5fdfc602d3c8de2589ed89f4b5efc1f,17e46abf0f815f5eb38188bd5046ddcc82443a4912396fa71920ecc2fb49fbe3,train,True
1044,66e133389a5349ff54a0742a5e795e6c5d0690751dfe228653e98506f44763d6,05a75a134e4de5543500616d498dda6b60d4d104adc4cdb3037ee40030b143c7,selection,True
1045,6aa34d52982315d46bdafe304e8836d68de0064d3018fd0d107731e52bf1d317,d21b10a9c7dea50e20e424f2824af04e18508e87e75529453c70c6c033cdca4f,train,True
1046,e48cf3559eb687e0a2c183974c47d84aa3d93ee34d376c188a4a386e052990b6,754b2745c83eaa4d8588d50f2d590024030df54e8d05e3ed2e02d62c3c224710,train,True
1047,1fc21cdf056104c8d56d344e4f147990bdd54f28db7c4d7c7c1db6ea666222d4,827f6e60d278cee429754b744c889f32a738149d67b1f8168511e0e9e802d07f,final,True
1048,07fb11a9e95e663afc079abea7474fde91b3440f7124a606b6c639053f0c4114,3debe5cf0af10b07b044d32af13ca41aaa6304de4a1b2ddb86587b7831403a70,final,True
1049,6aa34d52982315d46bdafe304e8836d68de0064d3018fd0d107731e52bf1d317,d21b10a9c7dea50e20e424f2824af04e18508e87e75529453c70c6c033cdca4f,train,True
1050,e48cf3559eb687e0a2c183974c47d84aa3d93ee34d376c188a4a386e052990b6,754b2745c83eaa4d8588d50f2d590024030df54e8d05e3ed2e02d62c3c224710,train,True
1051,1fc21cdf056104c8d56d344e4f147990bdd54f28db7c4d7c7c1db6ea666222d4,827f6e60d278cee429754b744c889f32a738149d67b1f8168511e0e9e802d07f,final,True
1052,07fb11a9e95e663afc079abea7474fde91b3440f7124a606b6c639053f0c4114,3debe5cf0af10b07b044d32af13ca41aaa6304de4a1b2ddb86587b7831403a70,final,True
1053,85fc26ac9a9dd75c2ccc83dcfe3e605ecbf7c02eb74a404f9faa4e7fcb8d645a,d5727890878ab4b5f0fe1c8b33309fbafdea7083faa73b1fcfd95aa60f6d05d9,selection,True
1054,6bd93896533be13d7acc82b950234500ed0924ee61bb83333f7244a391eb15f9,3ea8ecc7cc6ccdf18b40df029d01bc8129c6c4d5dd43f6399bab662d2866e621,train,True
1055,843d251706f02da5ed98aa790e54d3b3811d05acc6e7bed9ed38eb8414f00750,f60a327edd28cf9a5b83f2fb926e74bef182211b4de54869c077a887167b29b9,train,True
1056,242412569ae2d2a3a3b66b2bd8ace8ff41f53e4a102948db8cdf1df804e0837a,5157445aa91e7232deaf990d44fefc6b82692568bea193a5a2e68203e0413fc5,train,True
1057,ca61a26ec5da93fca3e3e80e60179bd44e3b671098cd73e529b67091286f01cd,d9e65eceaf05f40c354d0bb6336e8a19cc87a4c40200dc48ba2f14240cc5ae5a,selection,True
1058,e1d018db94eab34ebe91e299411eaf75b4318431ceea7eeef9e94966f221d24e,9f68aec14feb88c01eb0248dbe52328c58bff3c75d9bf836787a13a62a072b01,train,True
1059,39ed2f396e0e71cbc348611082ff1017573b57d15727a3dbbd3db62a6d914284,49e9e2e29622dfe98dcb991493f38b14932d2672762af789a764bf58baa840f1,train,True
1060,a5cc87bd11b36368782e2ab29abe9b2c810a84cf5a4380e553b0f722e9ff7b98,9ad890aa7bf69a35d621dd6fbf236e3dc5c505197346f3f8e95119584d06ef1f,final,True
1061,4043417e991429908707b49396e17e7faa550708ce1cf9b2b33406072eb19a0e,0e6b331f9f11cd050f1951262ce814468736d3b6e9f13466a879fd05b6f941b4,selection,True
1062,03e35830085bf62c78f48cb7d6343e3262e37bb788394df5e83405bb3c701db2,96338c3cfdf15c8429711b262be2024fa680285c81d238e23b56f839d110fb6d,train,True
1063,42e8c06c129c03eabf576eb307e06a0aa658344e30eac6ce026deaef609fdf28,e1de1d34b6ae6d5d8a4f0265adc54ec04f1263f4f7c6ea57cd9a399d26e615ff,selection,True
1064,74aea30e181846a0dae17fb3a4ce56449fa0b2550ce28a4cf827563305c5db4a,aec233194ba63d9ddb8ef6b58db262c5383bdc791e9992e4cfd6ce446c1414cf,selection,True
1065,db33818325a9b27dd7889566c99674b7fd4a46e5199fc0011a4d36e6dd1d041d,133ed554bb46968f9687c021f41cf1edc9c8d0ffbe902101734a882daad64311,selection,True
1066,0d6f670fdace12ff438c865d392ac49a595bdfa51d8c878856560a9b8e903cb2,97ca07f83f2e0cf9a1fc65a7172e20d6857640b4dea2b986d97564993d39fb77,train,True
1067,91adedba068cee132cbc6524ceeedc2652aac52f6569ee919c5789cb4332298e,0a4489ced14221bfdb3a15adb54d39f5f91d14ad261d1a3a8ac2446fd7f8093c,final,True
1068,7f6c6f3907b6f3c9d027242db6372e81470458a1dd5653e50aed871393f505f8,ad5ef10a342de1c5f82a33ba29115b085010869bf553365a85f70345670b23d0,train,True
1069,2bf0d25e8da2c761735dbc8cd32dbfbfae69b2c8fe088be3e0363fb303586b02,64c2f488c3c7ea4515a28830289f91cde96def00e412f3ed086e2da722d3d6e7,selection,True
1070,1c58917691f6cf0f0390b94805554a8a06333ef6f89b6546b34dc68141431d41,8ca98ab99774eb52d6877be53bcc260a8114714569538bfe39415e66bd31dfed,train,True
1071,ed92e1a1693ecc04496a7c04c477ef89953d31d7f8c2fff5631cb70c812adcd3,b4e90b20491293392c39ee85cdd3daa25c597366cc6426509ac9cf53266cf3f0,selection,True
1072,d73ce559b6910d4a7f373befcbacd5ba679048cdd690c9ebf3fe6fa16c36a276,1821ae10b569eca980eaaa4ea6accedbb8397d5b7990eb6cec14cdc63fceb6a9,train,True
1073,55fe7187fa871195a5a1d1e1cfceda8d866f7c4c9d98fda1df98016e75ed8378,b6f02a64d3b5f3c5e86dc21c1b10e106696792bc063dc711e123741e8b98151a,train,True
1074,bd1c8a90695e149d95f3dbf8c6368eb77031f0fbf76902ac2edad6f87d5e0061,b361ee039ed82cd06ac59a50db52b6b9559b2ca37d03fe4980b119fa648cb94a,train,True
1075,b01eb682f4a4e5b6030ee4a4762dcbb1f74cad281a3c632754b20a6860b71688,bd664e8162959a258044c4456d3fbd12b63a3fa7dbec483b0eaab0c15dcc1158,final,True
1076,a6699df950c404adcea4b4a260065ff166f99885043fc81f05d2f5f4941bfe65,0b0a4c28316e135094aedd82a22d3760a14640fa9d9614c2a9aa05b671019734,final,True
1077,2c47ddbc26c210660b7dc92419ce06abec713b078dffec252107ec19886cf8f6,b5cf5fed6e3b093384a90916b98ca942fe07f42acfa47c6b6e786837c67f1615,train,True
1078,21be74c94479531501a305deebe9683eaf0b49c463dd46258a9cf5b982c9ccd5,730b0cb7460aed44e08661a3c705fee541bc0b7295c78202a3e1c138531306d5,train,True
1079,2517a8e607d5514a7fc2674146159e7c3552954be0184e9761e7b629d1b81252,7c91cd5d2a719859401248747b9ab81ccd71d4e6ea60c89d2188c46b1194c420,selection,True
1080,4e44da49536eaee69de95b94aaca7609c378bf5a111919d1eb957ee92dabbb3e,0edd8fc62e40fe8c0160a521436e434b5d14f5fb0b5bd9d1fe31718ccd4e1bbc,train,True
1081,1ae12397c87b72df3a93527e29e2f39813c4938ee4a502429bbbe1397ea6dd60,47c883de45cd525aaccd39f643d96abe4c598a8dfea5c249065a625f30029431,final,True
1082,6389e4812e1ce161384dc73217d9392964dbfb771e87a4f2b05be4dce5ec5503,f95d7697d98832d16a290ce84fa240758966980827e050837c9df4ccd7986559,train,True
1083,7fcded0ae6f40c5ed4a4d95887dcfad048750e181deeac65fdf86dc1b218b908,53d0eded1f34c7902f78f7ad4c1e7a55d758550c5aee22df13237fe6b62e6b9e,final,True
1084,eea1815827836e1a95dbeab2fbf10f2fd025bb193f31d0a8b46bbc93e249a470,1acdca6aa72466ddd9f61fd0c99eb31b7d116bcf15630ba361bfd98bf18d34ab,train,True
1085,de5bb86c1e2514879cc4aa73d034dcd1bfc4c81127eb9f9eaabc71005d68609c,4dccd5bc3f016d0ded9e040f68ad429eeb19e67959afe46ae677d4500a8daf23,train,True
1086,e87c9a734f86136213c9eb99cd43f0f3d87a05d8f16206df8c011daf1c41ee1d,576b1a1ad0941dddca2665dd8873f836e6480d3af8effd0dcfb42d644295edfd,train,True
1087,5ce3aefbd30efa2fe04fb29df3ae64e052cdd1cc95dcc6b4126f0d256cbfc7a8,68e8b50579b4e00bce6a3174601982934f04828a513a1776cc9bd112576cd49b,train,True
1088,a1a6f6f1e2c75326e48239db8eef08af22d29cd798c752583ae371a7db3a60fc,4df4a3e030560cfb4d4695c95d55b1b9bf7aba3e37341d1afefaba51e6829276,train,True
1089,8d9fe9e1058fd6c44c251d5104c7942b5779e7ea2ea2bcd0f14b76cf8bfeefb9,b22f45ed0690bcc5acab870cb30e51ab722e6c56bc73cb162e9f51ef8793768c,train,True
1090,bc63825d8693e6de73d005b31deea54bc156ff11ae69b573d845ba428a68e1b1,46b7fdd8bb886f15bdb3c9822d0f93f8f82939aec6d27dea966ecc88a9b5c521,train,True
1091,ca462dc6232b72316e53c802c1ff76936c29fe4f6196ca7356379d3180783981,b48da3decbc32c056f11d34ef7794f5691aa5d95c3137a89eeab9535789c537b,selection,True
1092,7892653e0fdf19462d53eecfd40ff57d71687c8d7b563d3cba2a8639d30b6a9d,c68979cb01d1e3e817cc8c499f008ba6bb75c1d0749a7d10199346e559e34a4f,selection,True
1093,04f64c571ee67a0451ad3b73f8e81e697f6006f66470a06f9bc89ca44f2ad449,838ea9dc9388d8ba9d2a58f136e49522279fd78522673c7b25f4abe18d77c043,selection,True
1094,555b1aaa763757ddc2b29dde136b8d6d0fbecc40e2899edb38056c7d051788ce,ee72263da9f70097a0f0514b13be824281fc2f278164fe404bd1520509536cc9,final,True
1095,606bbaa943dd606c02f0a8a068d4cad109fb6df76e86fee00a5a2e703246e5b5,24c5c063f414a4eaf2e830e0237c0cd7c3e3cdd3f29163bef9e27189330c9ff0,train,True
1096,6c0b04c6ff608738248f3c761b89719676b76866f1d2eb9a165fe45c5ad10e72,ab335eba4003d060845cf632c44bfce4dad3d7ee83baadf1858c2c90434dce8d,selection,True
1097,7892653e0fdf19462d53eecfd40ff57d71687c8d7b563d3cba2a8639d30b6a9d,c68979cb01d1e3e817cc8c499f008ba6bb75c1d0749a7d10199346e559e34a4f,selection,True
1098,04f64c571ee67a0451ad3b73f8e81e697f6006f66470a06f9bc89ca44f2ad449,838ea9dc9388d8ba9d2a58f136e49522279fd78522673c7b25f4abe18d77c043,selection,True
1099,b0a70efd82ec3d8f990918148702f8d5e712c4877729f222b420695e6e34aa24,7b4e203d1bcd1bdcd9530e485cf2de7fb915a94051f34a8216d25a97a05b2e98,selection,True
1100,6c0b04c6ff608738248f3c761b89719676b76866f1d2eb9a165fe45c5ad10e72,ab335eba4003d060845cf632c44bfce4dad3d7ee83baadf1858c2c90434dce8d,selection,True
1101,c19d3eae174494ee4d9d629538edfb9a01ed9c470223b66d58f6e509754e1e94,ebca76708fc901399659d84a92a1b283e8c252e9e35a466ef5025d2f35720186,train,True
1102,ef7f6b295ae4d255315a77eb08f4757575164da2bc5fb8e0dba4f86271a53d25,8dcd005eb8b0a67b0d882c63d3f19c8c87758fed0a9d9692f363196d0cc783bf,selection,True
1103,921f2ea8da1c0a43018979584587cda50bc637d5ed84c0f7c160be45fb4959ac,730243983368e12c0f28c0fa784faf40f4c92f9ec0bd03f73995f9e4f0ce0c37,selection,True
1104,9c9d119a3f4b7b9fe933999c07757429faed453b61e87fc18265ad87d54d1c90,0f8318e5c90615227a86792210fa4bba8a5eaee167937d0eb1723c5388bd80fa,final,True
1105,f403972c550762fae322acd956da85a979d0f9e3319300e81445270e5149140e,74cd89db4fe0156726393da4c5e4eb476a484e7921ea55d114e9e9c07fea9ff0,final,True
1106,e504e53282280777e91d022ebcd67f67d866996ea0a9b62796f4d9a78488489c,4b600316e1338f71b2ebaa153add8e386749c08d882dd40c9f09029b9251abe6,selection,True
1107,b01b216c9002676764d010b9900a6019bee5b40cc48fd8a3127fde8d5fdd8586,31120e74831f831dc0700d075e55ff9026786fd23ef49d9afa484a2c4adef2f7,final,True
1108,8f42aca752d886fc50d6ff9750c4273ff64dabc1cafd33763a8dd1d741df356f,0288559b168737371f9fd2bf83a3d86fdfc7c101a0b44b5118b15f4212ac25e3,train,True
1109,737538f1b145d5fdfa6e4368bd413313bf8865078b9dd883c1b821288430e033,fc27abf30c0d24882b8f19a365578653a3e3fae8e9db8eb373d8033378da3056,train,True
1110,1151b0f40ea8f7c608c5b9531174643231ec301295cc493bd628d79eeec39d5d,571995d8246cf6464a7f92c6299acc46429c7d597e6d72dc08a6bbe125edca3e,train,True
1111,c1801b89d9df9a5130cfa238ac977ecc2d19bf2a12ff147fb68eed63f0c7697d,2a0f02104815a9d71d403836567ffd634442426dc872e39010639f764a1d73b7,final,True
1112,6c0b04c6ff608738248f3c761b89719676b76866f1d2eb9a165fe45c5ad10e72,ab335eba4003d060845cf632c44bfce4dad3d7ee83baadf1858c2c90434dce8d,selection,True
1113,f403972c550762fae322acd956da85a979d0f9e3319300e81445270e5149140e,74cd89db4fe0156726393da4c5e4eb476a484e7921ea55d114e9e9c07fea9ff0,final,True
1114,e504e53282280777e91d022ebcd67f67d866996ea0a9b62796f4d9a78488489c,4b600316e1338f71b2ebaa153add8e386749c08d882dd40c9f09029b9251abe6,selection,True
1115,b01b216c9002676764d010b9900a6019bee5b40cc48fd8a3127fde8d5fdd8586,31120e74831f831dc0700d075e55ff9026786fd23ef49d9afa484a2c4adef2f7,final,True
1116,b0995886e114777002d2d1f477cc7a360564e2a656f31c4c34efd0b735b3cba4,e998bbe61ba53c5d009031f79adb083f544c2caa1641b6c48532381e0c356df5,train,True
1117,7892653e0fdf19462d53eecfd40ff57d71687c8d7b563d3cba2a8639d30b6a9d,c68979cb01d1e3e817cc8c499f008ba6bb75c1d0749a7d10199346e559e34a4f,selection,True
1118,2a826c10d83c40ebd0ec04e75b2758dc4dddc1d2f340f57d2c604f9be4e77fd5,1f4a217c307e85c3d3be38a7915347f068d419150d47e190a9a8443bec33fe75,selection,True
1119,f912732c635f661174b83dd0a839e6820643054e2e52f0ad602b4090a8e80f1a,d6e879487500ca96869cee015a719e789fbd4c6257c522765b42ccf036223b03,train,True
1120,6c0b04c6ff608738248f3c761b89719676b76866f1d2eb9a165fe45c5ad10e72,ab335eba4003d060845cf632c44bfce4dad3d7ee83baadf1858c2c90434dce8d,selection,True
1121,6c0b04c6ff608738248f3c761b89719676b76866f1d2eb9a165fe45c5ad10e72,ab335eba4003d060845cf632c44bfce4dad3d7ee83baadf1858c2c90434dce8d,selection,True
1122,3d0b3cb2c47fccb134f218b77e08044172097cfc86039b6661853a02097708b3,4a2eb9533f6a03daafc1a79432777c362636afa91d455bef97396cdf4f709da7,final,True
1123,0fec019a758808ab30908c948967363fb66a4546087851ca9cbc11ff147eb8b6,19a1925157ec0f4e4629f96490c8bbf9090c8f2b09e6e33eea16b4a09daf76ac,selection,True
1124,1fdf2e5aaf2b48741c7b500ff27a8f81e45034abf2956d7d5df3b6ed21e5bc4e,0bed653b308b0987b27ed8aaf0e4f421ea5414ebeb52aa1289377d4cf02d4b2d,selection,True
1125,67a7060c8cc0c33c691724f76dcf84b44d5930863f93c7ca96d34a822dff3532,190088206f0468d573f0d43b41f3e6d5b8235b494e7211dd6d800d594b3d12b7,selection,True
1126,2642cf249d973b806b26cacdb3d9a6a400662d30d248d256bd417a00faa7bfec,cbfdbc00cb8c855ef1c54a71b5094b408be00ad95cbc3119f16cf12c77a7ad73,train,True
1127,39b8f76c26d38659be744a907c94b4a177ffe4d7a525edbc7ff79708d3705dfa,2c3bc5af26db6559b6fcefab35d036e3ee7cd184fc1cf7f1770b6e9388a61c18,final,True
1128,849b5117e318fbf66e0493760130c1ce4a8b6da29d1cc21a30f9a4139084f267,2001442a2981618ddb7654ace66914aee7613fa2d1b0506e3f964757593f62dd,train,True
1129,e10ffe5377828f6833d4f579e198e69571a7cb31c2410e101afb6ddcaf9635d6,ba80056581d3e417a8c2fe1558f255edc1a5c4af6bfbb58b59bbb1bd71bf8a3b,selection,True
1130,2007a1a020665a01657de4c45c81aefd74f4a2d3cc2e8702f9a7b227453cb94f,e4a2f06a62057d71e70d729ec4d5f6866486398bed31a99b16679d54174be800,train,True
1131,043496b4f5d52da6576e96818ca0434fefb870bc6956deea7db42ae5e0a520ba,5c8ee53d22445999743511d6717877d6050838ab35f5b357fe87f7ade81d15e4,train,True
1132,59649e8f359db46d00c2467edf885d54859ffd771f8951db920ae145e7e65f02,2b404f9d4eeafa0b2a6395c05f9a0adb02f87510976b6cbc4cc46bf7bc4782c1,train,True
1133,a665ef20accb1f812d7de07c86e64de66d05d173b8452190457b7fde6db4e491,43f2882c2fbd629987182d8f94a711586c1014fdfcafcfc48441fcec715fb183,train,True
1134,f2b7de914a9d64fd03c3e77185dfb44300be577c854562b5990507183ce4e995,a6d38d2d88822b33f697b1338911bc98725453c78692b443dd2814d08ca85979,train,True
1135,351300ed6d0a79cfb8f4146cf8d2adc58c150a4e7462d1d0911cf8cb7d1ec3d3,c1a5702b6ef04a58de29f11794208e8ed085fc6e2ea55d9fa767a91e55137e21,train,True
1136,c53ad69ed86a61394fcff682cfb0941532ee5d0d56a2f48c17cbf703b103f984,13cc813826bae2810f8b127fad9e1f1d5b9221bbcb9a6be73e3ea573173d87b2,train,True
1137,351300ed6d0a79cfb8f4146cf8d2adc58c150a4e7462d1d0911cf8cb7d1ec3d3,c1a5702b6ef04a58de29f11794208e8ed085fc6e2ea55d9fa767a91e55137e21,train,True
1138,52845a1fd0ddef0e5dc8db037297ad7bdc451fd3529869e87efd413f5bbace23,c34463e5089e6d0a36b97ed4decd8defd2e62488d6352edbede686057c420e0b,final,True
1139,e176e1c367a095be077f8d75c72cedae74352bfae0f8983aa5a6060473911c82,7c4b2ea261afdbd9eaea9b6e2b51361d638bbbf36a81521d78d7e456b8f12a43,selection,True
1140,9293d8ca3998fe2874934c24b5a5ffd67030ef67fe9d6a31b04a74def9c855d3,8c20ab29da40839c45e97e3dd224012f7ba1dd9f814172f30136db92a3461aec,final,True
1141,e176e1c367a095be077f8d75c72cedae74352bfae0f8983aa5a6060473911c82,7c4b2ea261afdbd9eaea9b6e2b51361d638bbbf36a81521d78d7e456b8f12a43,selection,True
1142,375686d87a45fa300f5aaf808bef53c6c217e4fb9418184241391d9e95e81ef0,803f38d61147705b71a8bf6cd31a72183c8b3868b2e3140f98b7164ade6cb946,train,True
1143,be35ba6d59be5ffffffe4fe70c88afed475b4e48a953123bc109102dfe9f9292,0138bc5d7a94ba3be86ae70c4f1190beb29876b76b83db8736e505136628bdee,train,True
1144,6085e02f6e19734f3c4a69b6175cea054b9e2e66b69784e2ce2414c529cc22d1,4db64631179d46d18c4d7f43690e11500638d76d91eb02e22f9c4b605ba54aaa,train,True
1145,8824b1306b3ca6ed6bbbb01a82aeba42647d5836acaefa40a6550dde44b6f8ac,6d6796155576dcfbe6ce80e18592d650b1f21a205f4526daa8d315aad0445a4a,selection,True
1146,cb7776b96fa87774fe5cbecf9d7e623b132a3cadbe64c0a850f6d9d10795eb73,ff801c5f922878af038a663cb64c27acb234e6f8d0578d1278c060bb51385e72,selection,True
1147,9c304b77e498f4056ef0f58b040f7f00df9f4616a7e34ab521cc5195461da90b,cc8368c653ea48aa0b7f758f94b5351933e9d1bdde4226e7ac95afc08565dacb,selection,True
1148,741b5f93d61b4b6917025137f6051a4c103e3db2171b8dfb4a5f44b40d2ceb44,84adaf97da989c8b376e63c1cab9018c83c0179fab4abdb3a3a8ffbd9f45b5cd,train,True
1149,438a15c4d672ed33036121049ab7cd6c7bfb8b2dd39ee8c9eb160b6f41e353f2,2f3a58956c369b0696a9821df1d1baef240032be2d18d87b9025e7f5d7b32bb2,train,True
1150,48b2ccad0a9771c212d6a949c3fb630f5094555162084025b158249808645ec1,a8a31609fc719ce7b00e45dee9b2459480bd4d7442e6e7bab22a47ea50c128d7,train,True
1151,c267377ce80b1569c9f5b43ff8f6899bb0dfcaacf4f3dec54657294049b4aefd,c7f4865f0feb885b98f43c0658ab8803da160fd594775281fd67be9560219a40,train,True
1152,48b2ccad0a9771c212d6a949c3fb630f5094555162084025b158249808645ec1,a8a31609fc719ce7b00e45dee9b2459480bd4d7442e6e7bab22a47ea50c128d7,train,True
1153,9242da64fcb03bdf3fdc33b6bc7d8a55770dc01a0aa03a50f4e3d1c143898a59,213b58c137a7afb6c97c09aea708f0a6c9cfaf32d293f4ba7be08433937759ce,train,True
1154,cc964dde68a4f998344b99a2b9ccd9a94accb248a3943527d560048faa888ffc,f2134a6fcddf338face0e48e50b586072d275677a930ba8c69e401c3a7d54817,train,True
1155,bfa1ef99140dc89e62dba22e90bc12699f38f6763d3667a9a8398752b9545756,03393340dfbff0940b14c2afcd901693b27921b0dc5033cc7a24a163b63fc03f,train,True
1156,0d971b34e76ea75de78fab260cae315137e4af17671fd4761b8cafd0d018be1c,7644805399e64191f2dc71de4ed8f1e8bd2f8b025b19cb3f3c9fa91641716006,train,True
1157,030fea0661f5109a06af0b82742e5602209cad3dee56cb5483045cde9a318c00,51beb7aff580809eac587c0c8aff38d31608d46c911f7cfe78bc82bc118f96e7,selection,True
1158,0e4aa37a222eb3378b7b9cf9a0cec899254aab51d4bce13634017a04a0a3b851,476b037083023088a95a04acf1ed8995d21fe0bb6a5f1886e801f6a062c3df45,train,True
1159,3b9fcd3deffbe3dd7fdd9c097a86dda01cce58eb6694a83e173fde5d9b394f3b,3e5176731d4aaf94cba6360271402e6c2546a37bba6a9060871f3965709c77a1,train,True
1160,f57395c2aa53480b6b1a5f8455113301111603ca05f564f8d3a02e943da6f0a0,637b3c49d437fd339a944f2d91bce448b495a6ecf5189390022e0e1ec21cbecc,final,True
1161,454c82940e649c2da03bc68d298ec681daad98f63d76ce11c014e837f02b63ca,edb4aed06be55d165af6cb3d650edcc0013684bc905fc531ab31df1a0fa40e29,train,True
1162,4a8b4d51013fd277dc470928ad96d2c8c54117822e935e6d79c1ca5714fd7dd1,b391c0bcc9e036d869598fab748d67bb5267f2096fe87bd4bfd31b43d9926442,train,True
1163,79e4c94cf5f307c547226be015dab217a50245f1e285b3558dbbfba05c245b5e,9759cbd27ff721ef5f0c71be34c2b5e5f640ed4237c22eea4b283b847a2bfe38,final,True
1164,48a2a8a1ff281dbabb841301c1785cd20171d86181f371fe64e5a6f56419ad6f,98073ee898f9618fff7c5fa58f0bd164e73d388308df421021d4a543f7f4e16c,train,True
1165,c88a6374a685acfa12f1c683ec05b8e8a490af5deb842cc39cffcca2f089741b,42441c994871e712351c49bbbe30ec4d8a7f2b40e13e686791c90e609906a25e,train,True
1166,b1791a823ba45faf193dae7474b416e14039cbdcc3f22e5b1cfee2be10641ce0,941cc50a5828bd3e99618b8122a5c7ecdafdb444b986dcaf0aa5669e6e8f26b1,selection,True
1167,d7f64f3a994134cc9761c3983239d3fb9f001f9bcea9d0a0adb549b41cb5f69e,7220dcf876c18558f93a03f501fc0d08b4862e1c9aba7f0ef6ad6abfff4197eb,final,True
1168,6df879f1527e9a820b06cd36c1be1e8c78c67f13f7ff977a15863f88821209d0,2d65e847bb5f5d9074e98eddc904f068222fb9ba354403c6213bd9721a934444,train,True
1169,68290b66ea4b8fa1c1cb93dfc405357d9014332f251dfaca801f0313097e9467,b66d7674cbed442695d9b806403e26914d6d2b5c6de90a1583794683fc5a639d,final,True
1170,2d1bb490f567742744c4194c23474a88b98b41325c73ca4efee7889627fea7f1,b60bac10dbc1a8f6656b1ce7dfc6aca35c625cb18a1d6aca0f6f4ea2073bf342,train,True
1171,a5057dcf8ee3c0458aaa4afc09409e28d069502984c0924ddd9bb5d77c64604d,8a74bc4947e3847eb2228ecb8d70e3d537712083f471c575221b2daff2994291,selection,True
1172,76f3c3f1054eaf1cbfd352030daf0debb7ae2995f20fd7971e0dc8a58b7dd839,913532cd60ea6dad2080386ad0004fc568dcfd4372d613671c3d524ce77fec7d,train,True
1173,7a5f4be7392a63ee603b648e50d0dc2a6ba15322e121b1d4ca45167099eca9f5,6df01a7926cd51dfd36c200a076f09229b1d0af7614f408d05aebc4ba4da28dd,final,True
1174,43845bcf6152c5af1eee365cd1234c69164721560b4e8359c81f993defff267e,42d7c9ef4f86c2b9705620de25d0a4fc28b34f6638c225827b65818d31fd4996,selection,True
1175,a3847eef9ca1929c8edb037dc4698d8b49dfda1219b801ec5265e93cc07ec13c,17ffde4613dc363d106a4a2ae0c233b0f18bc28a157565722da4646a85433e40,train,True
1176,5fa27c50fd6bd43c77d16a5bbb8470995167373d70340f24b4608a71b5093ec9,fc153cb00017ec0de8e40b670a5ea46f15538d8e420949f63f5b8d9483fe4a0b,final,True
1177,4b286ec9e65b30b56d9663c0ce11b12b46ad033c3d8d1a3d010d1cce3f4aa8d8,ed6353be46b3b33b3f36971a57e31727d1e480e96ef769542c4452965af0bc7e,final,True
1178,abb199b1e09a345a12e8a3cb2923bb0c442f4ce027b2938e6885f802ac940383,91a7101018e8f28cef84b33e2bd6d577680d73c79a85125a358adcec421f3066,train,True
1179,22cb3861555600db1d7e1dbbdf0663b452df8492de95568d5b97c9c1eae9dc5d,a391517ec8c99add29152b3e7123d8a6d33336fda18a0b1fb2a39776d6d161e1,train,True
1180,ebfc846a3477f5b20b708800d1ab863c4693b4250f723309d903644789eba130,ebbffab4e16532e0f54cbb00536203fdc7838f3b517ba7ffc19175232006d24c,train,True
1181,6b4e9b02e99fb4c9239fd20b590c3168aca1cde941ded620bf40e903a8190c12,9b039105a809f7eaaac89e60ecda12c90ba174dae639ed39ef0335416b726342,train,True
1182,eb41c8f44ebe7c755044cd878d0894c00d1d4fdf13729ea84badad33819d9db0,c66873ae25427e78e63be57d415132b878db11e1fab3ce1e729ef49a3bba5b8b,train,True
1183,753fcd282995ac329b6ebaa3cadc9cf0620083c5a6b3dad64af37f9e259504cf,ca563f389271e575e71fd754fcc932c65c13487fd0dfc64eb0cf6fedbfdec34f,train,True
1184,d1e5e3944b560c6ec9081a463ac2cbb84441102a09770af59b6efb73a808f644,bfeaedd372f7cb74dd9916fa66bddc66c802890b13a361304fcdbffb36577dcc,train,True
1185,4ebdc5694bf597d262b0644e0b13fe828cd35612d9a90190d84809a13b21981f,a2ce8ba6861f4b3f5079c404c33d1d86b3be6cada89cdd5454525358ed4f4bc7,selection,True
1186,a767da4e60cdb3e9035cea80859954a20b8d271d7c02ed389415574e3b2a1c8d,b6687b34c77ab32cfff4bcddea907df5d56cfe0ca274aab4fffdcfa7d0eb8eba,selection,True
1187,6bbbafa6612f6476142363d08598c3b59ebb538cea95b7cbdcdc7c40e8ef9cc2,aa9c328942dc3d5d99cbbb0a86dccbcb581353027381013565580e9478bd33df,train,True
1188,4ebdc5694bf597d262b0644e0b13fe828cd35612d9a90190d84809a13b21981f,a2ce8ba6861f4b3f5079c404c33d1d86b3be6cada89cdd5454525358ed4f4bc7,selection,True
1189,a767da4e60cdb3e9035cea80859954a20b8d271d7c02ed389415574e3b2a1c8d,b6687b34c77ab32cfff4bcddea907df5d56cfe0ca274aab4fffdcfa7d0eb8eba,selection,True
1190,6bbbafa6612f6476142363d08598c3b59ebb538cea95b7cbdcdc7c40e8ef9cc2,aa9c328942dc3d5d99cbbb0a86dccbcb581353027381013565580e9478bd33df,train,True
1191,4ebdc5694bf597d262b0644e0b13fe828cd35612d9a90190d84809a13b21981f,a2ce8ba6861f4b3f5079c404c33d1d86b3be6cada89cdd5454525358ed4f4bc7,selection,True
1192,a767da4e60cdb3e9035cea80859954a20b8d271d7c02ed389415574e3b2a1c8d,b6687b34c77ab32cfff4bcddea907df5d56cfe0ca274aab4fffdcfa7d0eb8eba,selection,True
1193,6bbbafa6612f6476142363d08598c3b59ebb538cea95b7cbdcdc7c40e8ef9cc2,aa9c328942dc3d5d99cbbb0a86dccbcb581353027381013565580e9478bd33df,train,True
1194,f1abd5859a539c74fdd544880d2effacc1999a4bb820146ca40829f3590a891a,dd5527afb0898fd56483f5920c012949492538088c8229c5221048acad9f5c04,selection,True
1195,4d7fb228c1d16a865ff1abd62650c8df2986f908ebf44c574d1298b0f4bef0ef,bc1c0f08e4638ff52beb45ab324d6945b1e815a1812fb6423f38d570f7e9b889,train,True
1196,03da1205dc68973c5320a2c9ca519cbb755372aeec8337c53fb24d584bc8fb18,18fe52154f6435d0b01c2560aacba7e44c0a8b1940190f4e9c863300f8fee39e,train,True
1197,f1abd5859a539c74fdd544880d2effacc1999a4bb820146ca40829f3590a891a,dd5527afb0898fd56483f5920c012949492538088c8229c5221048acad9f5c04,selection,True
1198,4d7fb228c1d16a865ff1abd62650c8df2986f908ebf44c574d1298b0f4bef0ef,bc1c0f08e4638ff52beb45ab324d6945b1e815a1812fb6423f38d570f7e9b889,train,True
1199,03da1205dc68973c5320a2c9ca519cbb755372aeec8337c53fb24d584bc8fb18,18fe52154f6435d0b01c2560aacba7e44c0a8b1940190f4e9c863300f8fee39e,train,True
1200,740ab3eacc5a4d787472c4cf60f2fb95e80041b31d99bd6776cb96e6872130f0,f7c780231e2861646658d93f7c6cc6b07cd8da9f97a89cd9828581b5d2401e76,train,True
1201,c58b38183c544bd96adb013bfedc7736392a78cde48573f8efbd970f21062a59,a1f2c9328d76e7853611aa9f673e66b389dbdb85ca51d764cdf398b106a7d16c,train,True
1202,4e954d6ac4cf48d3e299310f014b305f51847518376710604d1d87c2b75d6c1e,0a25c752327d139d113a3408029219a7a5d3e0b9963b64e80296a9a35eff665d,train,True
1203,f233c92f651a5884226c0cf1fda2f162fd8120350b92ced680e3a08dca1eb9c6,75839f0b1c964361e556af712698e50646aa8aa14c91e0e7a24d1589f697bae3,train,True
1204,47e3afc45c17d5e984f2d03c1c4fb5af804505a11a867309c76cae49dcc0325d,eeaa8f1ee48ed19f4b6d0d71ee8643d600623422783268fd812f30661ac3d361,train,True
1205,cf4e00f7bedfbd134b232d8c484cc3a498524466b58b4396a25375c1e7a6f050,4e401d2957a32bfa441d8167783318064f60fce6fe4bd73ebd78291fed744f67,final,True
1206,729b6604938928ac729063e783c359d81eda516da7fc8dea51591f9bdd83a504,b23a656acfc9c4d340be15e0210581e040416ca0ed889dcb287be4e7384d2605,final,True
1207,195ed769371fb6f48c70fb73187b116b2ac5e57c8aed46e855c2d62d405b0f98,60b840e83aa95ed7acbfa2b275d3c10455db4a9159699f50e33e6c5e6ed06792,train,True
1208,5d68d41bcac72d7cd9ccb9e16b45c2103250ddc3010747fc9fac0b7edffbae2f,2916a8ed9fb6799ea98922a87f5bd6b94dd6b5a57b51794c03a57f9714eeb654,train,True
1209,776576226f0ef38af6d251e3f2c091fc1d5f8b72312cb72296d759ca8ed52713,fa138ae185f9d87c325bb378e3b144b160dfffd4635333f1b47c3689f28fead0,train,True
1210,d14a6dd8b64aa1ff7e7094453fc8d686e3618e5dcf44cceedf949b6c0415794f,8ef727bd6ccc8318aaad6538294d00705ddc6d5830de6cb8e086681ac7d8ff8d,train,True
1211,5794b187c1013f0a43840b08de93b038db6317853b7dd63ff40bd952209eb364,2f68d757c3ffe9f94ffb4327d3c72acf77b597311518645b0bf9e1a6d84751ce,train,True
1212,a23728bb0fc8d79731952eb7d8364d952f65af0bc586a34f392173e2db3cf277,2bb4672357f854e90ca37663e1e41dd8ffe68b651ce2e56126b7c271049adb73,selection,True
1213,013e524d9ea8a232c287f963e15b7d25f5a57584373fea3e53abdd37c9084122,a39b5337dedc02de7237202319d95fb0bd27c517bcf116406b90024785938ef2,train,True
1214,1392ce9da26fe741c8b778f53bd29eeba9e83cb5b793515baa8264621d12d743,44f47562aecf145b0f504c43ee4b9b7b78daaaa9fbb69c2afe0691dcd2749bf4,train,True
1215,50ff06f16c9f60856f7d700fe999338f4325fdffddd66e5ddc60b8410ff06abd,6519fe8150907c4cf6a15755431d98501f90d4084fab857053e216192a73a5b9,selection,True
1216,89bc5e97469f74cdfd3deb14421f4bb54deef6d4c80760323ec373f8075c6988,15605b58f02a1882ec2ba5514245b50272e51887783fe13a3f1d5a59e79d3453,selection,True
1217,2e37c040f177334e0776137bec371ca9e229a4e6f2330716b023e3cc0d8b87a9,822d266df96fe61791069c97836e6dcc297b7ebecb6c3f5f1cc67eb4668a7f7b,train,True
1218,c16fe3c5ca4335baa558ff4d936284d56d96cdaf30cef17e0568bc13b7baf26e,e3e3a92f2cf11bdfa77e71863258f3b4153c74fdebf32155536dc30d6da06f38,train,True
1219,e1331bb1eab3c40e640289402a5f7861f213e248cb3c5a0d0166d36570bc8866,139bfb692f5397107e6d7f4420d5b13b9098406e3651002ef0b369fadcb46564,selection,True
1220,ab55021f3beab626d217d78986b8cf347a932eb212ef2e5b91e1edd748345a6b,d700295d686cedf7c5306b6538f53492ca2f4fd0e6ec8fb66d0746ea15acb567,train,True
1221,8bfff364ea4995179ce4d696c9d21d45144958cf51394221c0d45c5c6de14ea5,470f5a91d6d983efd0be7c0b05a8900cc02937834762f7dbd555aebfc160855b,train,True
1222,9b56c05c20b1f9c72c16e23dd9973674f7fb7eaab5fe1abfd4773fb95c1dd487,f93c97921225720082a74bbc49925d50a91492c3e8b6b5e2b5273788f8445570,train,True
1223,65e80b22e888a28114da0ea9f5d42def8836058e8da14f149bfb7c09ae236b47,94e4e939bc40d9af200443c8466862d441a0976f94fa24ce613368162bfd2e02,train,True
1224,ee81565bab56f51d294b3308e8edc118560aa9b30e59a2c12ef9d991a7a20654,b547ac020c90bc38515ae7cf733b9779db243e7d0a1adbf180789328f7d47cc2,train,True
1225,b765e2f448ace0dabaa6a7a392c487f0ca8f4da7be4e5f9960e6b809b1a4a1f5,263682d10272e076213ac8d6d588980ad42d5d541407b85a47630f6362736d22,final,True
1226,f1a0e4c501cc84d1a3a79f9eb18856d5a798f07d53301bfdb838fce70065b636,e9e3d0d1907471b451a004f5f19267f4b144bb21f5f1697507e8ad6dbe354a25,final,True
1227,066f2fc4cf9eadce46d7cb388440cafa090d76154dbab9dc9c0cc8cd74e85df1,a3b86fb7631270bf1f6be02ac1b6311d038891d561df91cfbd86972a1489cf7f,train,True
1228,c521c7bc0568a40b7a69c45c6f9ac1aaa8b9bb4159902f92aee9464bb47d833f,ec67ee88a1969cfb21eadc71d61d9785ab53850fff88dcb3412940a27d5d7657,train,True
1229,669fc698a49ffa85701a1addd3fc9f087c70b1d135017b2a3c6961a869b61744,1c157d0803ae01d0a651925a681621ad073ad54182ec5ac6d995a22f16516439,train,True
1230,b62bdd275903fe60a6e4da631e40fa20eee54bcee3069f601468f7efca47987d,1fba7a890991d92623c746c140f8789bc22c445a219af4b6e90acbf16710868b,final,True
1231,26dc6580ae91791b8c5678b72c73269544a769d1f6d14e9a44f6c2ff0db3d9de,06a273e5fcdde3ff224f1653245947326dc13ae24ddd1a1133b9779f407f247e,final,True
1232,5b3faddcc7efe266acd0ffff130c96a996d2fc8d81fc50ba960a2bfd8bc1dd8c,e810345cb1a6e7c28fc632fc09caa365bb77bab526e5f53c99e3ea13819cc93f,final,True
1233,ebba470275b61180553f010802a3a78455d9674eab4476e5ae81953e1ae6c9c0,6f2bb84159e31c9221feee88a75b47c13baf1796ace6152b0a07871f31b30c83,train,True
1234,bad1bd006ef470fb0b5c92d8060239de9967738558cfca9b00423304a75c64db,7d73d8eaef26831e1b46bbcdd579e4a34ffe169e05b39a7d5bb31b308e857d7a,train,True
1235,9cf916cd2d03362229ecbddf4ad5af451fc5491d68672c0a43f5a056216b5a0a,9cae2a9351af3cbaabe13de8ca764a98623388cf678819e7373c4a75edeb564a,final,True
1236,31c6a756503cb5e4321b10b1c1a68350cfbca5b25c6e4c320adecc9f91b90186,7a9c87c9dd278ff8cddd064451253842f26122e94045f07b33b727700dc8687f,selection,True
1237,56ae3daf79887be13006ace15893ea408bb69d1b701594a0019a3bb2a23edb96,df992712dce9581963c5d83bdcb4ed858821b6316a2a24b432fb66975688d0d5,final,True
1238,eae8e185c21cffe7e5f2c8f57d9b6e53fe50a7084e79387128d2dfff575cff8b,8513e8c7b2f52d1cfce2f50fee8cdfc204c9aa45212fa0e925617860dbe33e23,selection,True
1239,7f0ca2fab597ec1a584e5f4d588566c677a419db2058fcc7729cafc0fbab7328,8c6aec02e53c3196fd57ff056d1a6fdb136d236ed7e954da0cccafbe512b3163,selection,True
1240,847605a18077702f74d5621c54b511d71a2b0d73406ffb731727184e6622272a,ecb932d379c7b303700e9b156b701fded6af98fd1d414bbf3733204bd607507b,train,True
1241,064253907c450269590187efa96a0ed66f75f0b45a44dfdf17476d5ebfaee0a3,1bcd7766b3ffaac0772076c54925f93d8441bc1945485701429b1071bd3c0ce5,selection,True
1242,748530569e77dc7950e8b8e36e2bada909cf54628c71a6e0ef5b9db98442e343,ccb5edd0242ac5a22fee673699e407520d658ed0f36f097353435ca1e03a0d28,train,True
1243,d6760c7df66b3c795f61f865c2519fc1d2646c5ac9cb19a35722a9c37a6bb822,d94c10e64fea77f84089f8dde64dfb9ab416955ed38e1749704385ed23587d88,train,True
1244,1f9d3cbade709dc71a80dca21ad0f8ef8a5f05cd85419fa6a13cfc29fca10245,2ad3ed82dc2584e44be96a47618dd14ee305495a82f48c19be0843b273a47649,train,True
1245,939861756a019856aec0215fff25ef86eaf656ac30a62ead39c219710bb10825,35922adba52d7eb8418d4468a1ae6abe409d720b6ab1f9c54e2842ddb5e46545,train,True
1246,ea78176d2ec4fcda1d361a0d1ba172cbfb8f7ab8565f6b1fd65ffee2df2962d6,f918bcc1df41a117b422582ac1518e0b2637b72d32cdc67c8bc6f014e24fcc2b,train,True
1247,51fb42f63b20773f6d842627b2a2cade9a2d41f467686e9a05a20508bd8b47d5,45098fad7014b9023c34bef6b5907545d7ffdd4704b9f3ed57a9a52ecec512ec,final,True
1248,eb7806169bad9a36b93ba765193ac7e38b2fdbcde3497b5389d9976e4c333f85,2f85500196ce62818335b6ba1eba90c77b2882723d9aa840bcf690d864a431f2,train,True
1249,ce7be2f97263f1c8751b18d27b9b4d4712020cd17e320dfbfaa8bccd54997c12,fa69b381825d6a7dcb2bc7c60c5ef83540d1714b8320d938df8b8393e513a7e5,train,True
1250,a7b95b182e20ba591e5a63f4a871da8f73b98123aed8488b47b14babb1bb2c41,d005fc855bc0083f45a7496a9be3fef37c00e29f1d605b08debe7cd7671a991f,train,True
1251,235eeb6c433986958a3831cc426a2094781405b37c606092251be9b18b45713c,5eaeb790cf5284edabcf23aa77b526e261d0d044f25470423005aaf85f67652b,selection,True
1252,98232bd032e42c01611f09e09425e3230f15a2f27da898aeb647ab1b479eb47f,c8d4ca2c3ce5096e2ec403b479d1af1c3abb74b31bb7999ec8d5e5d37c7a3ceb,selection,True
1253,965caa1c069a4ccf15b268c8f8cd3223f2d25183b84c184d09bda2e7f169c771,373e2f52860e4605c699a1898be2893aa5d44ba0c1c1b0dbed1cc5c447f91b54,selection,True
1254,86d21e4663906b8587a1c094c64b2432638a0821f01fab114b349dd9eab2d1a0,e251d0612badad669ec4b754feb3603730f1f6855963a063eb09fec92c2ea27b,train,True
1255,cdaf41f107353e89f0b8d1f612f881b5107c6d745dd0f7d31dfd8e094609a4b5,5ed0d882f6a6a5ba2684437ae3fd938b3d429e702c5f874fe5c9ae041ab861df,train,True
1256,aaca32cf20459d253199dfee3cea9f81a5d549165d0ec53205bdb3ceed2e0b92,463c0e55950b7e94fca9351a5872bf0125f852cfe1ec1a7801b8b7e6270892cd,train,True
1257,15fc1152566097770b8ba07f4e734160c325441f54255ccde7cea960424c8b74,1b481ca271b0f98153545de263e9e26a4894e76fff8ecaf0d0de4123eebdf46d,train,True
1258,71cd8113bd1825912cb4a850f12944f25ff4f6e382f59134f3c23c1cc6e311bf,47eb5a0b7dc9a210b32fad1534a6945b3d3eea277f7545abac3a8cf690d8ac21,train,True
1259,e9965e0232a4bf25b44204857534db561a2da06081397e53cf5006c2d3e2e624,798e97a92185eb0b6c851234942761ff54b64f6c735d4a78bc5e3411fe49cf7a,train,True
1260,68c1d58dbc32b6ca89dd6568ab9c930dff3a278b9dbd5fbe8f4c9c60b438b6f2,7c930f9999b2d27e0ca94a06af5aecffe11eb204b0f8cc4f13e3e60040fbc7be,selection,True
1261,4cbf9cbb111b0cd5db5de1004595ad87474c2c24e51fca05335b694b8a13f0c2,1cd0b6e9957d899636ddf2d8c31aa797d9320c8982770f5c7c4bf53c8dee0130,train,True
1262,f8b59c66160f0bcc1cfb6ff705e0e1010f854b8d6a00290167fd49d6a22da713,edadb3ffbeabc11782a48f7c1870ba9752de5f0af8496303d901787b52457365,train,True
1263,5d0dcdbbadffc67aac0e96661904e7ca7310064412a8833d95c957b3462c959c,de33f1d65442d726fffc3335cee320bcc2abfa7c80adee40b268fc9e44ebedf0,selection,True
1264,71731b98090929ad5a0ee8771da4c8f8d7915d3025748d7849c6ab3a61295c70,19a51d1c6b502d109ff81f4c505209a45acbbfe37b230559634e3990262089d5,train,True
1265,72f3744978b68e70fa2f5801cb3e80323cbbd4d9eb964f70d78943ad46bad585,4a4ea939d49c496398e346c1edb9b6321ea943d7f848ed0723b6c23e6ff1bb78,selection,True
1266,15fc1152566097770b8ba07f4e734160c325441f54255ccde7cea960424c8b74,1b481ca271b0f98153545de263e9e26a4894e76fff8ecaf0d0de4123eebdf46d,train,True
1267,fa20cd3a77a3e338b502ccda8281b36d45c6f62961f12160e4179592afc61118,dffd3c073242ac278e12860566a661be29b8f3a5160d89876c1a98411de15f6b,selection,True
1268,67581ce2869022f4a08e2813a0102e4423312cb34393d0936239dc9737b00552,1115f1b734bfa07f33013585ed50774f56ee0686a92ceccfe69121efe654fcfc,final,True
1269,68c1d58dbc32b6ca89dd6568ab9c930dff3a278b9dbd5fbe8f4c9c60b438b6f2,7c930f9999b2d27e0ca94a06af5aecffe11eb204b0f8cc4f13e3e60040fbc7be,selection,True
1270,4cbf9cbb111b0cd5db5de1004595ad87474c2c24e51fca05335b694b8a13f0c2,1cd0b6e9957d899636ddf2d8c31aa797d9320c8982770f5c7c4bf53c8dee0130,train,True
1271,f8b59c66160f0bcc1cfb6ff705e0e1010f854b8d6a00290167fd49d6a22da713,edadb3ffbeabc11782a48f7c1870ba9752de5f0af8496303d901787b52457365,train,True
1272,5d0dcdbbadffc67aac0e96661904e7ca7310064412a8833d95c957b3462c959c,de33f1d65442d726fffc3335cee320bcc2abfa7c80adee40b268fc9e44ebedf0,selection,True
1273,db1489dde7df197cb37c0373303b1ef082807fdf6582b854487d7c7d6a7ad883,c15142461db26b4deb2b4d7719b80e83c51a78440ecf6f26e0a03678d6b4e44f,train,True
1274,72f3744978b68e70fa2f5801cb3e80323cbbd4d9eb964f70d78943ad46bad585,4a4ea939d49c496398e346c1edb9b6321ea943d7f848ed0723b6c23e6ff1bb78,selection,True
1275,f59a9ce546e2740b875eb3be5a1ad47949bb74baa9eb86984cad53142e9d9237,0b67cec48d419526a07bfdb45eca0e19e5902314701d19189d6dd2324283c9bb,train,True
1276,d85ad4abc8a227e69c912ac97d7e61a84564ebf73241a07505bfc0e80e970fc1,e1bb64a57617b40f4b95532e2796acc71fd39324dd1a9c5754351b9a668ddf07,train,True
1277,62f181bc63325e54f2ad56dafcf29fde369cb615dbdf9dc8ae18d328dab09da0,a4cdb5d1b5432084d9296ca2ad8b99e0c5df31eddd17e2a44cfa80c7c24e7025,train,True
1278,8b5b8611faaaab5c5107ba16e141dc995d28e71bfb9ea183642bcb6975544804,7fddaa6d2a60a21705e4cbb768a23d9b33465190e4997bb45d1ff756658041ce,selection,True
1279,e9285f7d0ad878163b7f21c0998ce9452c49ee1fafae0de57f656f4f2e7473af,4cc953a577bf7b408ef0619f39923aa747b85acffe7b8390851e85ad37fc40b7,train,True
1280,a8ffabaf20081dfe9e024852b10c0e4b46b48833919e8c89af0fd9e4235773d0,2a6b031c657946acada2d29dedcce623e64cb7544a6e0a1934e09751224d4181,train,True
1281,b7bfa1107b295533dd22d269e7c4d7e096323712ce4d43c9c040a556c3c8ed72,142a6d8dfc006461e88e385eed5bbd6b746d19cd08c07fbb08b1f475160390f3,final,True
1282,45eb6894c2227d3b8715aaaba25f6c38c03c1a0117c82e6032ff2b20fe1501f4,6c0fb882e0d656ff287993aec898ab8e68603041b8ce560c31d9e5c025a66e11,train,True
1283,fdbab0e6fa22367e471509c93d4613433f2c42ebdbbb1e5321eda7c03a15b23f,234a08943b1b5a2527641b71d01fe846418872697ccb1b347ef51158cfbccec9,train,True
1284,18e71bd988c063fea564ad78f8df8e2fc6bf5686d9449c18c6ea67da20a1751f,91ed5768df87767082888dcc53375d0627f1def3dcf705d098bed5e70e0c3ced,selection,True
1285,54955e10486ae017ef136f7620159d92eb739236ceff9e903a65cbfe4cbb3c4a,f43d5920b883796000c27faeb72f44c94e66ec66a7344c33a599b0628beef7c3,final,True
1286,e9285f7d0ad878163b7f21c0998ce9452c49ee1fafae0de57f656f4f2e7473af,4cc953a577bf7b408ef0619f39923aa747b85acffe7b8390851e85ad37fc40b7,train,True
1287,a8ffabaf20081dfe9e024852b10c0e4b46b48833919e8c89af0fd9e4235773d0,2a6b031c657946acada2d29dedcce623e64cb7544a6e0a1934e09751224d4181,train,True
1288,b7bfa1107b295533dd22d269e7c4d7e096323712ce4d43c9c040a556c3c8ed72,142a6d8dfc006461e88e385eed5bbd6b746d19cd08c07fbb08b1f475160390f3,final,True
1289,a9d5145607d2d376f5348b35bcd86ecca49e09f6ad6d060f981e0922115408df,2079e5c77393ff6951e5640eddd7375de7773f939fcd24b2948b19087fbe7102,selection,True
1290,6f4ec16729234cfd358b512a6da363aa547c544f98dbf4b139614eebe25db138,5ff793fb2c97b7833bd907e8b4ea88b11155ec916fd30b5936fdb6345fb9f569,train,True
1291,6f46ba741f88c78a7425ce4d0281d2bd9296e65e13ad4f2a39c7657eb324faa7,1e4b31bd083e10d616ddc08e7607899fdcbd80031fdcc9baf9f66c5f6ded9b12,train,True
1292,b93206fe14b7879394a722a0a42bdf8778a12786e9277628f1dcff8d88a49193,d5d0fc633734c8de41cbf89664bba9d4a0f5d91427d78e1e35c800647e2030cd,train,True
1293,8ef3e950246d1d5e817a5459567f907854af32b7062604fe57710a47e0b49c2a,3b771b61aeea9bcb871d6b46519d4f11d45eb220f85b835190c1e37671667ea0,final,True
1294,bb3dca41310735592e89173dca71df66fb9a09430eb8447fa8ed45cf9e290e83,2447fe657e4aaabbbc5e3e0cf98db9dcd525f40bf5c04df8600f8950f7782ce5,selection,True
1295,a1e17abd69b63daf656d50e0988859efcf969da3264dc11d6bf0c41f3cb230b2,8db92513bf27e7ee6f9d52834f6baa14658face293f63d95b9c22e93a76a03aa,final,True
1296,6c63715bde51e7e8db12b578973b8153559779d006d0541ad53cb4ad34be6a40,b8fabd713c9fd7b2c191e8d84c90c23d64844113be85c54cd32aaf9e27282571,train,True
1297,c5269f70a872a14ab8c85aef3d961e2be1343ab5516b3fb8e2754bdeb64fc7f8,e839001d4cff5dc8d4b74ef2f22809fb625750c438331232b25bd341dcb322f9,train,True
1298,2d9e2389165f5d71ce79f9d61025a153c3506b543fd1a4cd88bbddf9a9e7c5dc,39c43774e05ca9f88c0e3e0ed83150229d7097106420b7234ce109180999bab4,final,True
1299,65cd201f59786db795d932421478ca20442a23ec58d714cf806cbf680378d023,cb366cd5f2e5df4670507d04014d97a226beaa15f712deff983841eddd2a118b,selection,True
1300,f62a08d8233dae964dc95d7b03167d8509918ac5d0795128c8210f62d9d99495,50c008f2c17f41758885fcea7224ad9360f3d5f17cf8c195c7c8a1efdc3eb688,final,True
1301,322b79a1bad1c1b897f7ff13d9d7846e827311b6719c75eeaeb4cad07552d1cf,ac15c5a7e85dcd7e6d2340b072fb04cdf69cb90045b937f3bad630782af9c5d2,train,True
1302,4f2dcc71b8a91abb942224ff3ff0b6282e71880a194d29e279acf452a553f4fd,28a02fab6b6cdc89174f486d6bf8ad7168972a0076a40005c23e32a1a410fc24,final,True
1303,8ba87e52c79fc5fdefa14add683526a23b3c13fba7741fdd2f0ab326bf02a29b,fc5ae69270d43b8aa7df06ea1a040e841ef19aa42bdc0d04e2ffd9bb69eeaf8a,train,True
1304,2aea24ae712422381b7bb8f93916f980a48dd73f53dedf6ecf036a0332dc2cb4,90551b03b111976891a0d8e7fd3a3050498b5385acdc2275a6b59e279c6b2307,train,True
1305,369c4e22e10cfdbc8cb0da148e9685b22f0e1f22bc7133f8d648f1de754a5734,f88d07a2d26bf859fcbd26226758cccf79d50750ac6549563509c05ddba9007c,final,True
1306,f7896f7575efebb5338c9b86c0faad8da2f59055a2b30be0d32ccaf1f9febcd3,679c5398f3d67a397f363a251725cccc8699c9e25ed1eee4a8f024ba2292d8e1,selection,True
1307,0a35df8e8948b5f918bac9620c7eaf9b6f44e424d321953d465b641710a7d22a,c4f41c0ab138e47020a1d3cc95eec1e9a10c165d2bec85820ecfa437eb5c5a2d,final,True
1308,3f536238c8ea2a5966dfd31a5a47b90bb5c8f10775ce05de52a41f8fcc95a490,49b3211a19aa137f55374bf88e7db15d0335405e7212ebc3e39be928e5bd34c5,train,True
1309,5d21de3ba4c5e68c990137b336e6c0ba4da0866722701a2897055855616cd1ab,296273f020bc0fd8796ba9e9002fd1734fb95cce50bf2a47cc7339b607eead21,train,True
1310,544d84573cdc921302f03f0219a184b9260baf028d7ec9e1a93e00dfebb840f8,8cb6e3bff8b6f059d88a75ed4047de7598418fbb77c417d3b5be33b902f4a365,final,True
1311,ca57f675598fc76dd3cf8c74f4dcc656f4841eb40a3808d8cfb54c2806769277,55acfb7f45a5b86cff59925b688bdefb76a3e52ea4cae2e4d5aacdfd0dac6033,selection,True
1312,35c3713fb5d15d250eedfabf59495d466a777384d971a610f7e12240564dd81d,1de22d0ca54ffed836192b8a9513e441db2eafba43503a685b1f085a999cdb9e,final,True
1313,dadd27e929a470e5c3091322e196b0ead2a0c855b1820810836b9fd5437b0dfb,c6100f163ce250c06a817dd2443cb7e51b1e5a84e9e5e0ed74eb19fa772c8f27,train,True
1314,af44c5ce7e849d151bee80f1dc34a3445f89ebd71aef3d96bfe4a2a30a224d58,961931fb1007d70f8ac1a2e461cfd40d3a01dcc0a5e709d655f466e021c99b54,train,True
1315,d8770e648ec21b8c6e48aace19279141c475dc28c3f9588ac5989168eed00605,eb351b44016cb1578b83c58e6c8e529d53cb2b112fb6b7d84970f2fa95204114,selection,True
1316,3f80bbcec8ad6b0dad2cd6e4730def41532a0a621e8183bc96ad34d625bbbb53,503fe47643136c4029a88de23b4a09ea781c4093c54fdd43687cc89df15286e3,train,True
1317,3f80bbcec8ad6b0dad2cd6e4730def41532a0a621e8183bc96ad34d625bbbb53,503fe47643136c4029a88de23b4a09ea781c4093c54fdd43687cc89df15286e3,train,True
1318,89c6fe4c4d9323ecde4187bf229a2940ba75061f28043c7c1e19e2e475621c52,0386954905ef50cbe9c9e89b75677ac4bcd465bb0782bb13cb8f3cb0ba6cff44,final,True
1319,38a45864b1e8aa4df57ba8b648acc841e71f7e51417e115d326ff8668eb268e6,351de9a96d966facf3fe006b25240848cb4c7dfb987f6c9590b55c02f7417eb5,train,True
1320,96eafefb2a7dab07a4acb4efc22cc55d36cd27f207fca315f1eadc584e617396,81abe212c2738647371fac024b5affec054ceef683eecf13f4c34c17075dd3fb,train,True
1321,38a45864b1e8aa4df57ba8b648acc841e71f7e51417e115d326ff8668eb268e6,351de9a96d966facf3fe006b25240848cb4c7dfb987f6c9590b55c02f7417eb5,train,True
1322,fae116f7bff2bb7d0609d07e34d721eca3830eb2eab9e78e3da7217e6441a533,99bfc9fb4fed5b788eee5ee074c6eb5a2c45f65be10f3ac5390f7b883d429155,train,True
1323,104bafda7a3c80e926ad91b6ee13f0c05171f0d6e5740599c2ff99b27dbb3068,9a3ca3be08122e870b1c6823aff9a7bffc549e1a7a874888433c413a293d9549,final,True
1324,4b06a6e938e8fc4f3d0674eb90b37291eec9b034bf73765351a34b3fae9075d2,4e7753bca0f48177027c4959ab7e806890eb07afc1e18fe2adae38acf913d77a,selection,True
1325,c0c9b287629f1de21551bf6127feb18c71bb36b758ca80fc995595749e745c44,d22efb815898f2b7deaaeb17faddd81368772f7e64713e69af2dedb12c058cb1,final,True
1326,e2a9ca0c0791879182b4cef087525b16d877da93fe7c10dc92bb6e32a2681928,b0415d82dfc2ce19b52dd53e3fb19b8a81997d9d67d9ce777b24f9f0911d0e94,final,True
1327,fae116f7bff2bb7d0609d07e34d721eca3830eb2eab9e78e3da7217e6441a533,99bfc9fb4fed5b788eee5ee074c6eb5a2c45f65be10f3ac5390f7b883d429155,train,True
1328,104bafda7a3c80e926ad91b6ee13f0c05171f0d6e5740599c2ff99b27dbb3068,9a3ca3be08122e870b1c6823aff9a7bffc549e1a7a874888433c413a293d9549,final,True
1329,4b06a6e938e8fc4f3d0674eb90b37291eec9b034bf73765351a34b3fae9075d2,4e7753bca0f48177027c4959ab7e806890eb07afc1e18fe2adae38acf913d77a,selection,True
1330,c0c9b287629f1de21551bf6127feb18c71bb36b758ca80fc995595749e745c44,d22efb815898f2b7deaaeb17faddd81368772f7e64713e69af2dedb12c058cb1,final,True
1331,caddbaab13fe695f40d950de348408c680d1c7139b4f48ecce87e487d6568a2c,adfac8dfc713409c422e6cf2cb2f113e9a93b8eb84292d00fbb10906786a5265,final,True
1332,664a1361fd4fd21c43c073e00744392d3383833117b2a0db3f5abb80d7e9dae0,d09c9f003031e25e7b127a4d2d0707761803b75cb27e14e2562544f61bd0d70a,train,True
1333,d232c3541e16bc19076d552a9971c8d2acaecdfd5d6919c98c7ef721606d4c86,8d48d3e4b606dceb21bc4726956408d87b86e1be0f8b2e802a12b931e2cb6c93,train,True
1334,9cbbc389e6db17176b41378bdfad74cec72f41dd7404ec5a206c802d8c261cfb,a2e3e3188ac01cf58336765f6a7a554df3b738f9bacb2142008fa476c4296f1a,train,True
1335,356a0f4ec5eb2801e8e20316e2de8743b1f2ca5e14e51af103987f1783e1e03c,137f6afd26d1f4f038438ccbfcb376eeba36825824da619879278f846cd9d114,selection,True
1336,a11d103765bcc5f877c4f6c4d6b9ad37f2aa5b99dbc9d1c14b8f1a5cc9c64f07,edb13460f8a95f59102eade070a7e842a0c8c23b6fc8a21fce4546f868e8f98a,selection,True
1337,db031741c3716ceeb70624d2b6969af990fe070df1ea89edea6eb6d026ba677b,f936360df1f0af1261015aebe4d7a8320911706fd25913c573f8a6a2322a3b9c,final,True
1338,0ada5c2f0bb222faac3fa83ce4697f0a048e16e523e5691dec8a6373b94dbddf,6aa27ff8e95833fdd155bbd25f62e61403b7068b54e47b59a82cf4aa5d3e140c,train,True
1339,5b2e92a971b61dd36b1b8f0d005e86df18c5b837cad827a1d1d1b173926d11b4,446f61a499b808731460bfa2e0fd6b1ccb5a0693c26e520e9d5b9a66eb8c9c9c,selection,True
1340,73f4f8c8333587fac04ce9911f9bc4864c0985109527badb2c25ef7b7bf0082a,5fc7eb473e5286d20f6c1b8d3c7b54608eacbfbc5a06e3820f979b52769f46d6,final,True
1341,ea00f0bdba96abb0098deb7023170167cec275f8b87846ee8cd4efb1eb969976,6e547c7c1558e13a3ef50e1305d52e9a027e8e7abf2b245445bef1d8b174dce8,final,True
1342,abe813e9fd4f65d7e607796c9395585b7697608e4354419bd07594cfd15473d4,992ddf6e1813bbe957386796c1a8e9f4efac757a892078ed86ced2169bc18b33,train,True
1343,6b8cdee6fbdcad973eef2bb8883eed89af7f8debbc8ffd844111c195ac554805,5d4b3029715fb7450c44dbe89e2065ed2c83404b27df62f3ecdc1789e00ca633,train,True
1344,e40b9a87671c4ce399b219003fc36f3cee4ede0317910fdf73ba6499d03ab6f8,3ecb3009bc6f2486e4f703ff0567a23781bf29d1627cd5a9ab1ca80339b36e3a,train,True
1345,d67a6908b7d5ac149644e3a88fb84d1736784e86858ba89cd2ba46c4b7352c79,c2ea75ed32ba6a5a033e0c6b00dbcdbcef3715af807b89455f2e4df4b5efc1df,train,True
1346,17ac168c92794f9fe1ed9e2bb6f5107a8ff66bc14c9789c455914ab441e2ef49,b2a559ab0eebff21ee301c16d35c2d56331a7491ef2e6af1f95c4a82c5e6f0c3,train,True
1347,3c054b0da870b5fb5dd1ace0c419bf7b59e05b6dab27b5932c3d37497a84287a,911cea9f9b34d2dc4d565749eca7493c44c7d9e103eec194d537a1ce96d2effc,train,True
1348,0486acea140661b269c02e58c59b73bfdc3598914ec2ba0781e0ce07971492c5,6adbb2ff6b92814331e2f6433d13814d24a151f54ff8c914b376338a9ea6b1be,train,True
1349,990d047bbe882f25b320826587e4759d841a14d684e22781e577a892c49a5745,c62ad7dbc2c881aafd705b5253c109a63d775dff34a5619b32c11d48b8569001,train,True
1350,e2c8e9a335e984ce4500188b5482e2fe29fd7dff2c42c3af80a6ea4c8fae0fd1,096e3ec6e476f8d8def8e043293e4790927dc1aac9ade5ad2f9fb7299c51985a,train,True
1351,73c103b4257bb57ec682bea8438aa7b2a32a9ed955b269cec013889764d2a902,8d5e83a4df8f1dca6af275e6f0531b3eb33709189fa7adfac73bdf3578dcdb8d,final,True
1352,8c20050d1935547fb1a19eb7e15f18349ada1bc864324cd8831559f6f3cbd14e,93e883be8dc05b093082180c033560db840c46ba1845ff33eb14cfab39d3dda6,final,True
1353,a0d40f931c7946a03464f5b69549cb0ff8933630d636fe40ee2cc1c4be6f706a,0ceb3e5e2dd37c984509e26b16a8e0f508391a3dafca0c2b2ac301a8adfb769a,final,True
1354,68eecb0940d8ade44ee6ecc2d7fcbe30a1fcd76d2f988604ce8e6471d419e724,dac78a7176cc8dd37ba63bc517d9281ed9f01df58266d956c1261ba0b3345a02,train,True
1355,4d178cc52395eb67341551e2c784b87c99a784e2c5acb9f0fde120f12321cc0a,22023920f02ed01ca17745d653eeafa2500c959c8dde7ebe5653bf22bec9a9ef,train,True
1356,291326e761e88864aa73805891a760ecb8808197715c23944826ed204dd7d32d,afa4f493c4120a8e25810ce16dd92623daa5354d42a1771f6b18e41c3b0f3bba,final,True
1357,cfffd530f14108847ccc2f5ef2e574d4806cbfa38224aceba708468e6e67d686,ed70eb79566f13fd03b9ab387a4f988992f1943a13bd1b29e64eb6d9063ce07c,train,True
1358,a772504f18ecfa0144d03ddc9b928d0a1fb9af15c287782c626c8a2ce7f49f60,574b897d84444d2f9edcba63286d7bdac88103b85e2bb3bd8ae73a00433c1fad,selection,True
1359,9a1c4e90884a1cfaf0c5515b355089dba9f96ec9fe8b1d329cd77cf16199c64b,7d494585b3fc61790398b1e8b09644e057544a5bde11dcb1aae6bb1a3917b6ce,selection,True
1360,c8169c19636a0b27644fe49c9c0a3747d05016e5fb1aada8e616fc9ebe2743ee,ba54c3e3a010b9efa051035af7eb41beeec549b17f02418fa1983694d59be1b2,train,True
1361,ad1178019227ab44ec3276bb0403d73a2ce7553b527d6f3a9ef9ad793f49c0aa,ba64a23f30713866f1bf9779f2e0d75680380384c0a53fa1805b1abe62aa21af,train,True
1362,59a133c4abdfe1c4f274294cc793a9dec5bf32a629284e65f299f5ecdd58dba6,5811b8363dc9286d020db4a01c0898ce77be5697ea6434344a2705368da2e9a8,train,True
1363,7552f57a66a5b08c48f03de81f9fcf240bf9085335955b6a2644da76a7505c43,7d20f5e23aee1e42f9a8bd40bb31f31f41ea2440929c397bfbace74fc1b9930d,train,True
1364,d621fc1b215facc74fb14a99e4fdfed6bae6f141654dcbee5ee82496032178af,8458f9fc91a22de2a2f2a2cbf9ad4fdba8a7c1329c666a4f5c023cccce4d7f8e,train,True
1365,c15f52f8207238451afc2b5b01947ef4f557687bc4ff13eb2fabba0ad3cb9369,35f1f6cc48d475be267ebf425c119766e4ef41b8b068de158dfaf1c4855217da,train,True
1366,188fe48dbf7091ade1e9561857fd56108a621f6b586899f1935b74056bfafcaf,dd43173d28c778c64e891c67253ac8fbfaf529db9d934e0d26371897e83e119b,selection,True
1367,8bb6db733b615505a2a8f6ecbb40c01e17f19f5ce351890c53267ef53da8f082,bff2fb4ed48ea3ae01b6a4e31ee2241c20edb6435e42270f3487a8e14aafc634,train,True
1368,a3214b8c5fb4557c2fe5cba18031285863bbb0bc21f79bb1969a55777de31f40,a991fa80f2aa572661d48eab9366774aa4fb8591709bf3f4b4edd76607a4b554,train,True
1369,4974efbbfa84bb9db7b140c21a32b4caad72bc477aa74560093ec6af556f04f6,201edd7aa64bd3052f8dc06af11fa4dd2bce0fd61ed4786ca4cb70e05d8294ae,selection,True
1370,4147d8f2409f1064797c1cc1b646baa0e56dfa1ae56b3ecf8ab7abeb399b2ca8,600ca6845e29d7c19d1f648325b71beb29d85155b43690cb6aa3cabdd9499184,train,True
1371,2ea104ccc46437ed1527820fcff4fc740aaa93854cf90f80e0ccfd6f01f24302,87ed20f4a195eb4cfe1836fd80d952828494450b2635387ab81fa1c7a42c839a,train,True
1372,f61185725a7694f55ccd1d1cce921d3df522d039f57544600b6a21bb0be350bf,14e1aedf7bc42476454fe8e87b52e5e6daa2f6c4602e2ecaec3fbc7b3578e6e1,train,True
1373,a8b04ab23434296a527647660dc19f0fe0bef8ec343681247b035cc8df7974c8,04505ece49d15fb7a3784f077c894331f3ba4090d04ea3ae30848a1fced517a7,train,True
1374,4a9645dd664c83b71b8bc8e1338c18d76b281b39e7ff8e99f2538e4787a07c85,18c1def651860c720611f6d92a4bb3921f81da40859616ad589ed6dc9ace4912,final,True
1375,53263e6d900883f748b1621449db6b05cf4faef0fee927e03526876279cda119,1804cca950f06989636ef4fe60a923a3ad52ad13314b844fbb2cb010d8bc224e,train,True
1376,f864566f7299cd2328c5304a59c6378ac7f316ec70e6da93ac963c4079749970,11dcadf1381e3eb0733a8236ef70d3fe7a098b666b34edb86097bd58e4377d35,train,True
1377,004005e0715a2cc58e426afe6b89f96b8d32801dd50c51f9c5837a6bab64abc9,90b18a5d29a964bb0001260c2cb798aee74883f6fe0d631090199bf046ae4d7c,train,True
1378,8caad5bd6860ea949865fb23d55d704eb0c6a227957c1c1fbb3c68f921788104,768753a41691a0202a59bfc32b9aba6231865c0be2d6f9637e320a570e240945,selection,True
1379,21a0241abc82c1ea1d06813f6da0593c5ab029184191592c8b62baa776b3e359,0e9ba0b15f0efb1427c6c80166f2e5e1d5163320cb6abbe9e054958bb785fc27,train,True
1380,e23e35f95f875b0afc3fa7fe9c525311b5a08638a63a205215c008557536e396,fc0f50f1c82b50040e5eba299087f9b72571eb19985d8c3f5a5782374e9620e1,selection,True
1381,72f303c451cff2fc6f431f09a692ad25644c1a97ed3c30baa9daee56787c101b,36f8b223d3feb8032f9259c19e1d7a7216b04e05b0dd3c731322a2818877f7b4,train,True
1382,52da14b227e2809bd5082b1beee2595fc9c97f60a0f9240ab6860bc28e4de8f1,18b50d8519a14303729417d8aea8f0ff2ea451adf0f3cf5dd4e867bc06085d87,train,True
1383,a2dbd6c873d38b9515e00a127a93ff91c3adf1b8b2217548feb9b43e8314c364,66f096bd4d323e9fb68ae1283cdbc62ed3728778b81523cc8688040e1cedb16e,train,True
1384,a77f21260f688918de63e0c50f9c1b6a115ff84109c300a0d1f0ce90ac8586ae,268522e3d29c16cb4d622d41cb6d63be1bc64bd03d1ada800c08721ceecbae38,final,True
1385,52da14b227e2809bd5082b1beee2595fc9c97f60a0f9240ab6860bc28e4de8f1,18b50d8519a14303729417d8aea8f0ff2ea451adf0f3cf5dd4e867bc06085d87,train,True
1386,c4a00afd7ccaff1acc910d8313a7e8067ad3c3f752c023a7792c9dccf2d39bd0,d7c3f65376b7b67cce9966b2680b7ea728bf512d1c23dacb6ec41903705a01da,train,True
1387,fa380e949917436a881690fd7325001f07b631125cb378c1c76e323fa6062cfd,6d2be92d5bd6f7d61e69dc0693d7c93215b6e5ecbb0a81a8f9e2d95f5ab50a3c,train,True
1388,e183fb14bdd424f245d7765e6715b562b0477dafe8e53a267c3d50daf3e04ce3,98b780546c96e967ac7af8391dc450a8a02eeb48486d3880c530c2d3df9c954b,train,True
1389,7561f16ec7456e024eb39ab195dc3d0eb0d46ef66fe56b446d73c6ce61440e14,4bb26096f012dee5f2b0bb53b38f9288dbe9b03f793bd74106fd52d933b67332,final,True
1390,96e4a502c441bc0da9e96af5c5914dac805de9d2e6565f16b0a7cf40c1e6712f,ee3717a7d383f7977e8fcf4b2879329f7512606305c50d8b5c0053abc078eea5,final,True
1391,01fc0eb173b04369f66f9d0dfb37b2971a1843575d156f6172a48002606681e2,f2b939b16333f265e12dada3bf03393f429e4c4e0b4dc08ed6c0a49c553afc5c,final,True
1392,75243838d407ad9a8f8c17fbbccc7b5c4d777a5f25bacc0f2f03b09cf29f9998,71cbca24b03f9faacbf013b8bc3b8e971a2c10db34a57dee2d8df42cf7a681b5,train,True
1393,c4fe96ff37840a77824196df03d21c9405203e1802760733e79b8c64cec0fcb8,1352e4bfd94c6b16ba99950ae9f5406287f08275bea39bead951a4d2315badd3,train,True
1394,5554937ff8c5871830563fcd0cf23388d96f32137f18edbd3bc68bb5c06c9d47,1ff4a073a8539f02b938bfd7136cea37726f8bda898c01fbc01ac512be42946b,train,True
1395,27667f6840c48431a327a7c452caa955aee9ee1c621446047d017ae411c7ab88,c6ea5f464b193151ed591a1e3136e8fe6fbfb3cc4625bb4079aa6dfc4b47d2c5,train,True
1396,1bb44f3f7f427b0595f169b7e4b93ddd717636924eb1f02181c740ce09840dc9,e6de24523a348ded971c739da9a1baa82cf2f40abf805c7a08b664c3c532fdda,train,True
1397,a847f436bbae89d1ea21fb869b0e98804043c28bed17635432b1b23fe28e476b,bc0fe1f779cb05c7bad43c179a0f4cfe6f8bf3c455a175bb382390c0993b7f8a,selection,True
1398,078747e480465fd02f3548fcdf12f5dc72e0705939d179d0b9a66b38a981b183,bc60c27d83e78140e0f0053ab5ab776c8d00556c4ebf81d7778aa4e755a18a94,train,True
1399,38a746aa9505379eb3713865f7c237d35c4a00c6f4e5091cb30e89f52737287c,7d3d086cab76f4d86a9ade30f652f8aa0f89c8e4c1df61644f94f5782d189f97,train,True
1400,4fd238ea62102f90338647f0fac29ad86f1de40466a4286fec43dc23a7c34e21,18412a9aa74b8b839843dd5ee3653a77f18b430fa90268222889818c82667ac2,train,True
1401,350aac322e0e1005a641a09b22e803bd884a8d1ab8c2c0c3a97cc2a8fae004fe,d3eabfc6999e12af0da67f5797e18c51add9edc26499a082aa04624446ee7ba7,train,True
1402,a34e00d588c6b18368fe077d3cee279edae91e5142d595923db2caa5d09fd764,6b748876b514cf8b748591fc0439421d695af8798c7aecee92dfe61e6dc7e73d,train,True
1403,f4f7352aa47728379886dbde68e6bff00f3fe223587f6b5ba2a06483f994d248,d2e2a2724e5fc801eb3fd887b3b59ca443e2f23d08e8989f57c46fa8624bffed,train,True
1404,3e6309886cf7dcdaffa59458a303d7f3235f858491ecce259bb480173439bb0b,7d5decde2be63292b642cd12e919cb3f6d2ece4b9d66673e5378a155d56a631d,train,True
1405,c982a25de016621e21d50478dca3f209cb9ec79be0277792efb6124ae3e20af5,153c95aa14e632639495fdadf55fd5b42218673de12c0625c34cc604e37b81b9,selection,True
1406,c3c2c30638f562e46f364b91122f7fa9b0d298e4b1367e8c709bd8df26dde9b3,14e92030f7a439c344d2b64d1e197254c8331de0eca6137d8d5419275b986868,final,True
1407,92fa7fc951781f30b16b299d77c82e3ef1c52fcfa35e2ae4d17c0a6ee6dc2e4d,b3847759983a879cf16cb9d5178512a684e06fb6e7a35eedef6b3b6bdbfb69e6,selection,True
1408,5ea0368a174f562d14705cc79d600ffd8154f40f5fb4925bcc0ca2b74c5a70a3,0bdf9eff0924137c265929d4f6102cbf8a69ed1524608205377c0880d9ad8d61,train,True
1409,09c427d0b3c4ca3abbc15a89a060f891e002a058d20845cbab5f933b3b47334d,c140c091a943803deaa1b87fd8e894bf6fca9516a83526c97af125c778e4755e,train,True
1410,846da70200fe82bc81d86e68c6dcd4dd53a8ecf31c5aba44d34feb1864dc7ea4,5cc69daf6d85ad60bf7c553af0683493f88313c7b570013b69385bbc60791fcb,selection,True
1411,04e457fe74eb704aed0b003d3c5cbd148441e12337cdc6d665b328bfda39a494,7c1826d66b7d88fd084ff89023ef6467bffde84fb99969d63003f00652ab57b6,train,True
1412,677b6b0a4a93051cba49a3b2758889d8d72222fa6d833ce52e2c4e5d7076e3da,8153d04b8434546dfa853f25cec7630b48d41baf8d72bd2255d648260bf46fd8,train,True
1413,2a5d6b238358724fb8793ed16bb60aa78df50fd0e0fc8d66581677dfd3ec20d0,480059a862b2d2e4442b7e2486f0e15630fe87990501a95c6c5d8cc0e69d4281,train,True
1414,1eb588a78239769d0d37ea853143a6cbea3a1435134fab5ada73fdd95cc46ef4,e59ecb446e5d787c9b0ce89644fb0e4248400b5e24063caf84292721f17e5b7c,selection,True
1415,197b81ccea709a691d5826d8427181e1168de82f8b5990d63dfebd4d2bdcfb86,3cb83f6bcb413372ce4239e035607f7367b0bc61c9d9b4b2a63e593669971e95,train,True
1416,a5d25185865b5dbf1b1a9e0c49cf5c5ebf41c5bbd13151ef6b6ab21c6f409889,6403750a376806d02f6e08bb93e016da61ec44da4988d1bb53a1c3ebb9c222d7,selection,True
1417,c8b463821074b7b9e4917074890543a9d32120390025df244c8efbc49b41b58b,c03055acead0d50f7e7f992b63b415e36148ca0954fd9e3f525d1e2379e0e4bb,selection,True
1418,02227dd01652ef8cea8d3dd672f49ecc79d944860f479900f01eca95107ed765,f34ca5c572cf6d19fd80011dc36d779a85ed79281d9563f92a4c1d9ffae521f4,final,True
1419,ec0b84648c538f62631bc44f96eef02b6f42c45366fa62dcc12a9c272ff01fb4,95544811010dec5270cb5ee436f0986ea21cdb4fe0acb5990628c0b2b263211f,final,True
1420,78c968e64a56d2b906300a50ddb65253ff0f03c7f065fb535d58745e2085c2a5,e19b62f4f133d24dcf0e6525648f4448e4ae98a96c0aa7a23328c54c222b2ca9,train,True
1421,9acccf42cf1b605de444b68e98431bff52e003782295c6dd3d40dd86067639ce,54d0bb1331b0a233c4f5e3e678cecf6758d57570d86b181dca03f5117fe67bba,selection,True
1422,37f3c8f438f5271f26735e2ea726388ed55405af56daf2b54013a1d06909fbbe,f464b09e8002c9f85f27ce4539a758c6b5c34c7a11bfa9aa5d39966cdff8cb9d,train,True
1423,08cb4dfbd968ceec20459ebefe1d43696ba38f44e1430b3b2f3a8c6d08e8749e,2911af69f6c278506c3f5c4ef383ce89ed88e013519647d7e7ec029e4d44f019,train,True
1424,f2626f50c822c186ef55846bc7f150d27df7c1dfa522c44ff445d5f2e43fc879,669139706e0d0cc1fa33d621d0021599a7e7ab0e652984de88d805099004c3ab,train,True
1425,cc98b67623152948c191f206fa1eff037fe4de4cf33a2d253a6bcfd8c8b1bda5,f80c8ae43471976a0627615f05f128f505df04c2c61bfc40b76cd7d62329f026,train,True
1426,8cdf81089ba557b4a64de263ea283560e27dd81060b189384296d697c7dd8074,e3c06bb3e16621ddc54cccfadf79d2bb66435ecce8795fe4e4f7015997824f0c,selection,True
1427,972fb0b4aa270f877bf4839db15ec4a5d920447ed7915206f42cc7bb72f181d6,90420edbdab97070c6a412be9e67515072643bf5d95453436827df58a7cbaf28,train,True
1428,81bdffe6e8d16003b784c0a0b673980f787bef96188432b7b0f4d7c16c25f980,a4ce781fdb1d0242bb2ec6cd0b4651276f5bc7fbd2101aa2a21e0d2319bd578e,train,True
1429,56fb1480f6d3d879cd970f96721cd203bcfa4046dc807ac5e534177e48af2d58,3d24bcb62aefd56bcfe895852d15b90bcb542a861bc2d9aa1cded63e7a75fcc9,train,True
1430,b6d4edbaf4678ddd9d99425ac9df8e04d03c8bb2e1c300297ee6b6c23a292fb9,024bd6dd47d13ffb2aec2e5a307637093d7eb8c2429d1beddfe04d5dd00d56cb,train,True
1431,3b6600832bbefe603d973961218bce82ec69abda9c064fc96ebe734f958ab5bf,b370cbef8c0e6d7ea18e294825cd39d32d5e3006bb7fabf197af040c3e45966a,train,True
1432,34397b05afc63c0b0d962ed8884c1679616da2e67f92eeb7fb1019f46721c91f,e68a48ccfa26ab3c8fddc126eff8d81f068a6d1d8874ab70b66ed32ad94f3344,train,True
1433,67e233ce3f1d1aa3451d7d00879a668e1aecdbb5fb518004cfaf0f5c7dd6b6de,69eb0f38411e407e591ac9cb3a2f4aaf04f677ae37657b00abb246b88f5cf755,train,True
1434,ef4abdb9212fec4c98f956a257ec7ee6e7e5437831546058f9d965dd33cd84ee,893372ba6523d4f984144d444bb9819160c21dfb8a8c8f7ba8b10a8ec7751478,train,True
1435,5629c733ddcad79f4be0a1db306770aebb99b81bb9ab90406c33480399f1ad45,a4b2951f9f72a1b32d18b846a8637111744439804a2a6436b5fcbf58cf809eb1,train,True
1436,b85b38e2ce80f8ca3be09c865e1be641ed10a0adb364c7efd6e027a001512d5b,fa3c78225617c2323b1c409c727e6c6d8cac1f0a4aa9d0deb69f0750c0f2d634,selection,True
1437,f3ef71ae699853133dfcc3b7d13fe4d379f43a883f84b43ab66cd2d709bab6c4,91d59297e0ab39a39e8c08b67a9efc22c2f52d3237c0c20081f6f5d30a55205d,train,True
1438,d801705588ff01ac9be0188dfd353f7422eafd68ccba77b6b1a5854127277394,0ea1a4fd937a9a064c89d29ffb0a6373a74db8b8f66a551183ccb24f28b84e78,final,True
1439,0788992d4139f15bcc693edfd77eb1f9bca2db44357040a5945951ecf25bc51f,053f21291c6473025e4c55bc1e8ffe4fe6496120e2a0b0b0761bb3362aa69e02,train,True
1440,6b621c17ac05fde638e2417b5da81605384d254338c305aea764634e3b2f1298,3fbeea4ebcc2d2f182a6f757e3a317885ec057368ae585111e17daf45a25c52b,train,True
1441,c4db6cbc4cacc65cfa7cd1da439a2d167cb4a8322bb2ad42d9a2ddd06912561c,5328b0f2a5f7cb9a8024569f522d2b2a7942317994d5336658f0749c58fc66f2,train,True
1442,ce1a23b3137a39e0bcce4fee7f96555a608f5a0102a234eface594dfce1a6ccf,3a13d883a5423616e7958432350e5429313bab8a1656274c27cbcb9c0276a09e,selection,True
1443,db3dfdf461e401cdbb76dec60e02092c93677e77fc04fc57933abef3e035f0dd,c5890e0e3207bdba10225a585fef45030e187812f0c69cbd73835787d311c872,train,True
1444,07d793a536cce7cfcd58bd6566c3e9fcbdab1af13d3ca019d15d57b4e4e13853,f09de13c80104cabbec85f639bbaaa3b0bb8a6352688c6b46389d23acb00a5ab,selection,True
1445,cc8febc545aaadc687ade45bcbe668218a128130ba0ca6f846ad8f17d4848371,bd410eff05590a37ab5296a448cf4521a2ffdc47903b895a65783967fa1dfd30,selection,True
1446,bd764520f846bc1abdc99bdcae47cfe062d9e0a5f328bfc2c883abeb4792e970,c73aac0056f87bf3a677a53060e22e8c086bda14eb19a9c3a2b8e2ca776d5a2b,train,True
1447,36d50e23dca1bff9db7576c1d737cc98dbf4c10899aee3c8c6101cce2b86bc09,9ff89bd9909d8e7cd0f7e919d05446dd5ff5e10bc88671aade7c3392ccc5b200,train,True
1448,9770158c489a3645a28eb3e5673d7ce0a949696e87ad87bc4f35f45d15a29d05,28b6fcc2433c71c417757f07062fbc4071594206c0e16f11ba056ff88842d91b,final,True
1449,0f5fb60f9a311183160a4800e00e6446c4bf873fba49fbbee608381e211b5e63,9c245021538ed4af9f92a2ea71d17ef753fe3b505371c15853193ee2df88b7f0,final,True
1450,b31c69bc6b2667cc4a9d4a06ece07049c9651394f1e9b3e1dd8de76567e76856,eb2859d6d4f2a2acca2b615c43529c99f6a17a3b777717c09975f30c808abf66,train,True
1451,e984f8951d51007def7302c7156635dc496988b7791d95f41091d6ba6cb9ccd5,df6b1360e5f3d3624168e2acc87e9a8c643bc7a0ff481c068883b2dc98fd4c28,train,True
1452,0630603647fc1f8c82000708b1ed67da3c8d754fb7c63ea84a6d9b337a75516d,b8349527849d3ef21d54335e39f93ff2a5cdea1f188fe1128aea57678a2cd2b2,selection,True
1453,622d3f4af6cf6ca9f736dbcf57bb25853aee60df80293f149c3244fec5bc27ee,f775836573bc014a2f5a2d470786332f69043a0458e1a381c983e3eca7195820,train,True
1454,e2cbb68e4fed539d7601e6d5e03a92151cfd5f52a1b0605ec521609171f138e1,eceb6522a71db52d9f9643097b9bd59151b0cb2846a362b58afa34ecea1a7cd9,train,True
1455,67b39f4c42135ca484865db577f48ffb1bcb0ed0cef0faa18d033db29a37b1f9,5d332370a4a3133bcaab56eadc8a9898a4d2ddfe2a91827f54a096d47c87855d,selection,True
1456,13c9f53696511443997d5ebeb4b734a8f7d56fe5f1c7faf09dd1e6a0a00b869c,d50dee11fe7d13ee85571733a2c994f4da497532594012da74701291c52a5965,train,True
1457,714f1c2f9f3f05a45b91d0a1916812d01e25c2743e52e22eac7cefa2599a6dcb,42f562c8a6a18a944c4b4e9c018920222ba06113c1e8f6ede175c825f0ced5dc,train,True
1458,d6aa82f087e1c5ce985dc7eedf9d6d80ff266d558da5e826201b55b739646cca,398a0eb77529277a4d2b833059e77f4eca623fd65f0b5acf9dac63a4f5a74c4d,train,True
1459,2405563051a805007f5ae61daad85b594ef4b31a20ffec5092fc8d867cad7c02,d5eef074f8b515ba8df042ed582961518aab5e3c493738212324401800c4993c,train,True
1460,c116a10ec5b28372dc5035b1ef923a4323b5091f6ac69e38cc5e867913bcd674,72b3363120adb3f29a995b9a0bcc3b4fcda912e667c01e967ebdbb050fde05f4,final,True
1461,3a11cfd6b78ed3455d8d56ae7d0643c41ddd7f57a22dd841b5820cbe508326c7,6951c724684f0f964abeb60f71ce0624e47e1341c7289336759c9a26ec63cfd0,final,True
1462,28445ce27ca1bd6469e35a64ed0efb0ee7cb55ff6ffa0ea934121df7f72977b8,af3282bae9bd6fad5ab509722b9d6a27b4a17f706aa3085aaed32d3e2a9a2d73,train,True
1463,799166ed297def29d0774c912764004bae5831960cf62f7a8fcf8faa9a17404c,1b61234fa129b807729355dc1d907b758206eba935167023de82d1b7b99d3b41,selection,True
1464,adcb05b8081e15365c6c8c4fb2772be3756193719d6a775e301de69529fcd008,c3c56c056e5d0818603aff7e9127f3b6227f3d0e258daea275a60c940f305188,train,True
1465,285732ff542d4731d9cb37bdce288cf756795df54abf6ac073f705aeac291778,787f4788819df4cb65460dd855121611a70e5177a17679a0fe4aff0e3ed02d05,final,True
1466,7e51a6a8a1bb3b6976b9cb88ccd1727e781678e81c130bb03d9349122016f883,7a50fc7f4103c9b5f65935c0fa4100f514a4845cf155cd45c8fee3dee60b7df8,selection,True
1467,f228187b5f9a9b10c757ad519829ffc1e2e4704da33fd5f23334a71dccac8bc6,d4b6b14b6c70ceb04c57fc3ee70ccf64d26d845268d4f356fc83c8069be6008c,final,True
1468,e7eebe6acb12092ff9e5775e60b388cd6aaa32c384aacf24609ebfed9e42d645,bf58aaa35e4dbb4f4c0b44cbd9b1bce69bfe9cff6a9a4265712b612a8d3dc4fc,selection,True
1469,f89ef902c9536e8983b8899d5d04afe0c08a0dd8241b1721f698beb71983c2b2,e9eec8f0a1d995bf89e8d8863c224371b47703c1c53b8ff00aa1c6e18346ca7d,train,True
1470,a8d95390ba2d6abc78fbb9fcae62a0dbefe263c60cbbb69affd7c9952ec00816,3441afa11813262ba9abe2416c379d8a64e8046a90a0bbe2495f500a80c7b8fa,train,True
1471,d6406f1f35e6c8de0c1777190be5cf49b5b228cc915dca5335aafb94ed920c72,87b177c0472ff5930b0637d8d6e4c351ab3b2cb5b74dbd2fb3d5914f4fb69a7c,train,True
1472,ed58328c2263d6dc2822f9b9f2b6406f616e0f2b283b879be018416937ee1aea,3cee0eea9d08dfab15c380c45121f388319aad5aec21c7a9f6866fc6960d8909,train,True
1473,e6ed7155bc0e4752f4b101d77f5e5da9bffddc1c748a8d6dbdcd4fc935d35930,bba512af00145a583fbede1b0ae9935112d45367d274471dac8032939677b4cd,selection,True
1474,e93f0401b512a14cf31d0c8af20ea4f2b6c7f139d2f9bd80da4f77df1a28e851,5dd3c79a491e15fc207df4e2289b6e63e1cf8ddf3b17ed6d529839d74aa8d233,train,True
1475,ccb4d5d195de1e7cff2cf9fe924cedbbe79ae698e9fc706e5afa3a9ad1954abb,1e92a9c700847d4326b9416832fafd8eba790e06394136a039b19eac3ab67bc0,train,True
1476,a8d95390ba2d6abc78fbb9fcae62a0dbefe263c60cbbb69affd7c9952ec00816,3441afa11813262ba9abe2416c379d8a64e8046a90a0bbe2495f500a80c7b8fa,train,True
1477,d6406f1f35e6c8de0c1777190be5cf49b5b228cc915dca5335aafb94ed920c72,87b177c0472ff5930b0637d8d6e4c351ab3b2cb5b74dbd2fb3d5914f4fb69a7c,train,True
1478,ed58328c2263d6dc2822f9b9f2b6406f616e0f2b283b879be018416937ee1aea,3cee0eea9d08dfab15c380c45121f388319aad5aec21c7a9f6866fc6960d8909,train,True
1479,a8d95390ba2d6abc78fbb9fcae62a0dbefe263c60cbbb69affd7c9952ec00816,3441afa11813262ba9abe2416c379d8a64e8046a90a0bbe2495f500a80c7b8fa,train,True
1480,d6406f1f35e6c8de0c1777190be5cf49b5b228cc915dca5335aafb94ed920c72,87b177c0472ff5930b0637d8d6e4c351ab3b2cb5b74dbd2fb3d5914f4fb69a7c,train,True
1481,ed58328c2263d6dc2822f9b9f2b6406f616e0f2b283b879be018416937ee1aea,3cee0eea9d08dfab15c380c45121f388319aad5aec21c7a9f6866fc6960d8909,train,True
1482,501e14977cec8ff45eb24dfbb61108142d068b5b209d04281d9b2f9d23248f3a,7dbc3a796e8d8930908f68638daf7b348820dbef738030bf6bbdf3878d288815,train,True
1483,777805db2754d432e4555596e150ad90642e12d78b7438d1cc9564bf8fb4fd7e,b0320282e0732641497d2d14cfe959c638989957a1152968338e3bfb7accb0e5,train,True
1484,fed966763a84f256f2635d7371c75e13d818eb4d155b3fc8f7e69803605e9e54,af50e053204a3dcc46f5bd8fd98bd8fedd0cf39f02858d61de42a20213c9b41e,train,True
1485,e0fa316502971795461087f2d085134966c80d07eb9acf2d878b400492ad2d45,af7e4f52211efacf54d66261d1bf05f570a24a120b7020fb8377b3c2ce328711,final,True
1486,e59c7c887e18e4c9a234876fcde5e3a1fe924deb85f0d59895eefb63a174d756,bdda65717d1d40d01042df8b1ed39a3f5348fa67b4d14623dfe0d6240dbae6da,train,True
1487,5c649e4d53fc7f9a89c5d4816838a2bc626c9a16c4469f0b8eca64d47cf9e001,303482cd49ce2055a8948412ea3a25ecb10fee2c701bd76304952f13dab1773a,train,True
1488,62740cd79bb41b63479469fac7b1b94fbc804fe18b18199e7d4af0e07f631537,730656e6ff4012972eeda8e59c206477282788f412838b8a6a1935e6c22a8062,train,True
1489,8fee4a93340169dff7be4acac660772ab0dd99f0b4fa106074f0d606e68d64ab,ebfebd0c88a87b45ea18b72db4e407de2df980f82dbfc2cb471fd76798559990,selection,True
1490,346d1551b85a24c3705c69fc3c732f13b5cc93569bd311d9f543301d7ea4d9c8,ad571020668d8151a4b63437d5cd8ad36b8043e6b7b9986ebeaf8961246db97f,train,True
1491,c24644e87fb2f1c98a2976d41a28b312dd4009685df116aef1cd2e84f6339a3c,0ef798d34ef393a93a625f315c0da334a1416aa770aab3c68d88b55722aba4af,train,True
1492,54d7302727f4dbf77c7c23868cb8c3cfdbb8596e27858543b2c8f0882b4f907f,357c4d72d55315d952c873d274d762b3117030b8fb188df8b52642c8a930c05a,train,True
1493,a8aa90e38bbb6d56e443de4eeb0af1cb188799521bb04897c74d6c29c02dd587,2ab857a88d1640bc9b1937da6fc4ac3b03b0af533e3e8f11baf4fc995ac4feb5,train,True
1494,2a5e7cdffa5e2f77d1e056b8d5ecc0effc7819982465f5181690936f67df38e9,c6048c38668f77b971c8da858e65483c8fa01792478156b1ef974ccaf53f72f1,train,True
1495,71264cd0da2c6343653e54e04d2e63122ca3aae1fd8238fa23f8634f45782e25,e85bb7bf76c828a8169ac305433f898cfa17bfced242b1119a9349a31219d92f,train,True
1496,6947295d60be8e0e0c8cd059e77720ea01bbd20fe9f8d8cf046f29308bc8eb67,219b25ff725e77fb245a0ca4ca6e6ec22af376f2117ee300bb28db3b317ecd76,train,True
1497,0c0d569cabf6d5b2055a978976a04e8437ca9431554ef092d1df6a4a183ed648,385691e2f7141fa110c0e19b55ec541f36c53d42972980e70a4c16930fa01073,train,True
1498,e63688fc95b235cb6203a507614a6717601788884227f048fa2b89ce4c3ce2d8,a841c973d112a55ee63ac163e63c367f3c65f4b38e0c901766fd26eb33bc12e2,selection,True
1499,2c10165f203561deacb365ceb6f93347e4effd86ecddafddb603236f099406b5,f429655e683600b6afe8141427d222c271165a23ff67f7f474ea07c625120dfd,train,True
1500,8794b71981b7dccba11e8610150c1a3308ab8fd0e00b7ef2607cdb23fc74abbd,fe64bcf3e58ffdfe37dd24203c71a86b9d9d487d68a0b26d456af42b500bb8af,train,True
1501,f0e6502dfb263b70af2fe025bf66516af8446968eec6ed6f4a431c5026e75228,7d44b0770e34ebaba38cb820bde75861da49978ae3a1525476bfb3c3c0bd732e,final,True
1502,485c210d8d2c018883a546ba8b8fe48953b640609a1c4952efda81fa50e25b62,dda89100148049ff19e2c103fcd4266fd75894b6f327248b59c869ac5a2a5f6e,selection,True
1503,151e6a35619cda42379e3b73149cdcc045ddf7308633d45d11ff17edd64c904b,6ae21bb1e01c7a4367f8617d80655c99f1462eb812b64bb8a18c139952cd1a11,train,True
1504,6ad4de60fa7cafef8c6dcaeb9cf927dc73aeda96a53604207e876d3af0a983ba,b8aa201b695776334b5c4bd8316c246243f8425484d7cc9d789b35bcb19c4f4e,final,True
1505,9f6ce3a55c44738a0e3d8f852fd5dadb440c44687777cffd7766c41bf7440a4d,0b13339364a56cc637347040d11c44ac55fd8ac745d1ce36dd8c118ffe53a007,selection,True
1506,4788d6099e94fefc19a656351a68c6eb192cead00b84858d066de1b30ca54614,105c62f0b5e76cdce95155e95cb3e457e11f366a1cb5fa09c28331f0469c74d7,selection,True
1507,f6b66dc51e0ba44c0a5e39beaf65b5d65a25e8b3448178b8686123f63563c169,0a7081fc30ad6e2f233c9ee6d836a27d314fc8280f3e6bb73450f65feac292f2,train,True
1508,bf115156b78eb378d5d15315c713af83f97ddcadbffccf1983210a09f55a6373,eaf8b24f0ae28fed78ab978eab830519ca02ffe4105f9d970f7517e685befe28,train,True
1509,e0f9d79287fbb6d3669dfbcc6ffcaf95e5510d0c2ea07b5a24a9d370dc48e646,7a6c47a0c0e4cb571e903d1d2adffd7776871393ffc98fdc23285c98f47bc3a7,train,True
1510,f5ef60c29607145a9908435fe721245ab37187b43920563182168bf636180851,1ed5e124a10e5f6d350f3dcb371b000c4fdb9edb17825ceeba6bb2e50540ddd0,train,True
1511,141b6d1e17ce6ceeb27d97b1827a14bcf2a67ed890162317029ebe2d60ea65f1,f207f61b67e1c09c6bfc4c8b6c36af2493fe392d74e4757e8232c951c8f50b06,train,True
1512,278246f49fb9a0a108492f66686cff4c562aaf5cb8e527189553d1e1426d9828,69d79088d2d02a4483c9074dff471073dd239f0aff7e97ca829f2cb27d31c411,final,True
1513,4455c4274e8e10f3e36f3dec2e2fddeea7397a69200d37890419940c0d4268cc,a24871633a1f0c96c70add3cdd85521d11c9121d36236985c3e9544c1e86ce3f,selection,True
1514,351300ed6d0a79cfb8f4146cf8d2adc58c150a4e7462d1d0911cf8cb7d1ec3d3,c1a5702b6ef04a58de29f11794208e8ed085fc6e2ea55d9fa767a91e55137e21,train,True
1515,cde936570784c39bf1443e56abbaae97577c19f6fc5711efa300d167d9b52567,fdc026ac17ed6f8dbf7e982bb1691fd4a6355fc0f4e7a367888585550d15b478,train,True
1516,0ddea37bd73288df3263979b75de1012b17b503852af6a4bdfd2ab7ad4d9c8e8,47a3c9510df1f06ec9a881d2eef94f09f82c3d54a5c03b5559543c133b246a8e,final,True
1517,29b82663840ce04e42f6cec5a9d1ab63fdd64ceb83757c1f1b5963e61c8350f0,b1c183882624b7e88c8f1f57b4af2b1f3ee7a6ef8f3893d2dd9f2333f6b19b56,train,True
1518,0ddea37bd73288df3263979b75de1012b17b503852af6a4bdfd2ab7ad4d9c8e8,47a3c9510df1f06ec9a881d2eef94f09f82c3d54a5c03b5559543c133b246a8e,final,True
1519,29b82663840ce04e42f6cec5a9d1ab63fdd64ceb83757c1f1b5963e61c8350f0,b1c183882624b7e88c8f1f57b4af2b1f3ee7a6ef8f3893d2dd9f2333f6b19b56,train,True
1520,b4c9cbb2bd5b6090cad4f426115987ca61ef02cfe382fe2f0a7edb08440f81de,c004c48d3059d35367ac5779ea8bdfa8b5ffd69c67cdf2a3d8d0a4024ab40ec4,train,True
1521,217a6fae25762e7a18b25206c82b29ab26b09ff845f7b8008cd474cf6aa1736d,bc1d7a6a9c8e11e13eb6399d960789630830289a38092a5070d881153c766716,train,True
1522,49012353e6213d13b789fe2642ec58fec71ec7729b9b2c302ea286c6bb9389f2,6604de00dee71fb734d40842bf01beb7c3afc1b25b374242ad77ae956aa05eb5,train,True
1523,705f42460cc0f73efc98878c799368afaa438bd0553ab4a39d58f1a4cb1419e5,403afd7c7348468d917dfde0c2508f57ccad87ad135eb2a7350b99bc7c375018,final,True
1524,9c3219c45d4f2f03b0631fe8bfa3fe67ff5f5ebc2ae58002e869a6c20290cc0b,cdbee9b03c40c68c72fe219454cf138d732bdd5f9b4a5ae7d8d1b949d617a5b5,selection,True
1525,e8efdf062c916b26006d5efbf102c1badc92354cae75785ca06291458cfe13fb,f2e817b43f3bba1a9fb30df39b0b4615979c6debd7ec34cf6bc41abed3e6a292,train,True
1526,c2e90951d4ec734ba91b57328972240dec4b8365c0299cac1a1d4e4cb9caa221,60a52960c86382b58eadba17155a5e4ec1c40da6dd45b7e1ddcfcf05b89ff215,train,True
1527,0e1edab675615b477ce9c269d868f7c4d635a1499190b8659e3f71f35c06b46d,2a409ced007b894fceabba4c066b45c3dcc2fe8dc96bcb6ce3a0720a8d4461f9,selection,True
1528,ec452806e60a358eb63112d672f6f952c060649331988589611b4b722afe86a7,1d2cfcf67bfcac3c1c88e873bdc24302edb911b0e43b4b4452137df062f5760d,train,True
1529,4c1c0d9ab47a9fbb06dca3a1ebb08433ff7ecc58f4cd9fc0e9060765f72d38c5,49f94684ad12330c5dbf84d6d9b9e8cb482cc0f74acaa19a201bbd57aff4d96d,train,True
1530,45f1989d46f05d965d01f4ee8acef08538b026604da29a80f136c7c41e0be7d1,d922588d23c7aa63df2e73d5786687908a052fc173f8dec011455c2bbc3d2762,final,True
1531,80156e72bc6b28891fba545a74e77634101df03dca56f11ed0fd8ad5bcfb5043,d1e7685077f34ad79ec92c63809e561f8c4111836fe81accbd20cc63ee42c7e3,train,True
1532,839ca7b38b275f1bfbd70ba4365a3423f792960f4798b598afcf611e67fc3cf5,e78844a27e7ecd2e55a1c6a02555f33f1fbefc294844e228e4d2def198aa443a,train,True
1533,348fcf0ffcfcc41096deab08eea3290420ee41de60d7cd76e5da67213661c35a,6b8fefcfd071111b78ba778b9d0405a9b9cefed0770f9c4e61bee23479b08d07,selection,True
1534,4b464b1d8130673c417b30fc226670cd27f927e1d0aa5b62cb6326734aa44ac1,d44ab886c251a2a4023038354a5aa928274c90e03e418d79e187b7e1d2206167,train,True
1535,52f8b4e74111efe57543d8d217b6268dd88cb23494b831ec3f81a694a5d1509d,7e2dc8324b67068a31b710baa7b3e512e30736d0f3ae73daf331e63d4717a814,train,True
1536,a1adaa000f4bf262808691dbba8dd9b145229a0c559e98e668a1032dfdbab2b9,637b6d7d90796d5de5bd050f7caf317860a4d25cf850ae1989d10ef4dbbdc09b,selection,True
1537,9b229662388dae1809f8a447905d40d52c4017f6105ea1965f80ffe9a009a0ee,3a8cbe9620e3554ea0110a82965fbad669aa5cbd5d781978082fd4fddadbd4c0,train,True
1538,0f90de0cc4a7c2a8f622854e86f3c01901f4e9f64dbb711646553dcf20f7b62a,4c106fee8859e964cfa5c82d80abc1830cfe7caa34a8fa29bef530051f5d4037,train,True
1539,2262fc578f946f95610bafcbf3caf039e9bf35522fefd54bbf06d1fdfee5b5ff,0818ffeeceb81aa1a6ed5ad6d93e7dbb54fbd0bf15379222d31172c841468b9d,train,True
1540,82e2108bd2eb8ce0e024682daec38cee678e2112dab77f7db2977e6127e7746b,4ae609cab02a6cda0788d6fc617177155727387a2ef038fabfb485c1e5282861,train,True
1541,a63335e07a6d75f93981612c8099fa5caf4943b020ee8dd5a9cb037dfd8823ac,9c29c1602638d206b1f4063029d9ddc9fbc1b5695dbfbf4bb89d8617b3690cd9,train,True
1542,e4862baa832dba57544938ad53e31f336ec1c72debf1f96736c2797a1339789e,90dc1f8eafee4b071200fbfe35d079c9d2afdd702c932f1ea1a0993ffe43d9d6,selection,True
1543,741791a3a2560c91559886eea95722c8e2080726c7a00b0f1118f2771dc1cfe3,852a51bea5a599224353ff7e15151cb1698c7e3f29ac591a485632b6438a707b,train,True
1544,e981dfb0ed8f615a634fe2d09bb0f860e6a14c77912982b5e910cdcf16a29c71,61a6e0d6d5d628b38d37659c48692e035ce7ac54795212999f73fe34abf5a110,train,True
1545,d5f33a00a7c6094f4f8cd383772d21c00c0f25d9c732f937921561edc7162a37,66eeb630759017230e81499b4425c580f6cbe279c2329f05aba11f6f75a23f61,train,True
1546,0b3b179ae20f9a77c501136d61a314a15f3901277e3300d7e212b637820240e3,b6cbdbffee3f1c14cfd788a1ed3efa24c9ff3b2cba2a40c184ca93f07e3f24ff,final,True
1547,d3dfeba8b761753321612b9d8135336399b085c0cafbdda40f90ed0a56a74924,85f1e3b0aa8ce576e459868f2d1cc1b9dc8c01a290e753ef266f9d81a12112e5,final,True
1548,e4e800ffd36926c2c4c20ffd8aaaf5297478e12c6ffeb713cd2a9c6fce2ae773,49ccfbf60015734bb3daed30eee762ea03c742fa3820f1696d1a53bf9558f174,train,True
1549,4691eb7a15cf382d3f5af0264fbc6e3b5d66f4e9dc943f48171bcd7daba70f58,dda3ab34e82d65cfc8d9a57f1198bfee796a935cd704a71d6f5413617a35f835,final,True
1550,0771ecd43674154eac263c188e585fca9714a2b35ad3771b4bdaee9c6af0fa90,264f221c123293b47d5126295e1f262394c5612a143b77e7292aa01ff0a25c75,final,True
1551,9d4ca47e13fb5783766b76cbedcf88e94a88ca831ddffca403c985c5d122edb3,e4012d718ebe43bce02fcdaacc0dadeba5cf5bde957bfaff160b24b392a47c6e,selection,True
1552,23abc9268266467cbb51787739d147d415c14c740410c3353693ba595e7b25a9,91ef6b2a13e2a3b4b5bf7fc91852f3b579e7a6cfb413945b4655d77dac60f17a,train,True
1553,30b94f31a8e6778579f947e19b6f89241a77e30519cb3dfaa5f0e091b5aa1eee,72605d59b2b9186d8709c280f4c375f709ddcece480cc15a74acc0f9d2ce3935,selection,True
1554,4915c54b8c2628f5a7e620e02a50071219b0c6217ca831c0faec167f86375922,a73a5102cc811c5aa7b671e7a5d7af283366dba7a2b206550e409477af064d89,train,True
1555,6ab5b171778a6abb1155c5771a1751772bf0855445ea903149c3e7da7223d99d,289c172409ab58a5b02084e49f1cb52ac1346769836339726addccf1b0c2e3ec,train,True
1556,3be2f9acff36bcfd6339b054077e9cc50bd526c3547d34997b1af7ed0dba254d,84cdf95e8dbc4bd6aaeaac3c7e960d0469901516cff4ad118ec279bbecaf9f84,train,True
1557,e105acd52f494221b2456ba85b18184ed3015c97cddb2bb626fe7d831085e30f,ed7b3645e457664169899044ff7b90fe0f9d773b778db2e3ff3084b7d9e5a94f,selection,True
1558,7c24ccfa67a38c415ca1291abc86e828a7eb7419d0017e445dc81d21d1f610aa,200c056345b1da86cc0fc291132929c61a2de773848e3952beb2cf3da8757142,final,True
1559,10c9c8c62b86d65dd395328e6beef26eff9d99b513245582e059a3a3845be16b,fd55c41b9c6bee5ebaaedef49dbee158f765769b44dbcb94d0fec5db0bd748fe,selection,True
1560,3552b1fd035103f6de125a814ab50d3699d659df7b008e49fe36b1dcd1f66e65,093e600d80cea716194d5335ce643d43707862a9fd3b799ed9ca167c6b6f1cd1,train,True
1561,91d6bb4a32212937a36a3673a581a6c2ca160355d4b4478e83d3c8fe66a429fd,211438ab8dda6dfecabf5daebd2017df7a5ce1f2fd11d88b6de7069d0e03ddad,final,True
1562,67b995e9e5cc5f834ef15c3c0b7a46f95863692d3f71c848c82e130a3bbf9397,8c6f8ac9a8a271cff6d1b1f2071a34dd495f8b3918ababcb78892a0548aa7458,train,True
1563,20c4d70ce5e415a98f949773b9549516d4aeaa086b5fc7ab24f2bc86dc33ebb2,42ba74ca161f432aed1c06a7ffd9972d81cba24a8aa21e457306264c787aa863,train,True
1564,795f5f25f061617d8ef82d6f967191dedcc971870bd848cdadafc2cc5c5d6651,10c005d98f7adcb4a26ee0d2e38b8d1f4798875c54fc9b6846a58acddaab001b,final,True
1565,57f466b5e5e24709e977fbebc11dd9f69c391b3d76eaa9ce46f0841761eb5c28,1d2920e42f2e528f39b513c1586dee7a09caae6dc0336a7129e810bd18c2cf69,train,True
1566,6fff6b8eb8244809787ca1fb8d81f399fef1bf1c644946324316a5cf81a01ecf,7306ade7e304d75637ec373cfde87687ce80ba712fb3b1a8541b969573d628ee,selection,True
1567,839d09d8394c0a691a52b91e0056bae502c1bf340228919000279780eb31d009,77e29cbb5904cd84904e4e27d961ff2adbe420319b5241ab70f8f07b47fb3a0d,selection,True
1568,0cfaf37b623d43714128bcc46677f054fa768fd6d3e0e59cb6300e0c4fa96f2a,bd706c9865e576fb5db6436e69d22fcfeefb23e5610de4a77b9a799120548cea,train,True
1569,c6ea7b55a7fb036168c9e53125f747e717a6f8ed18e9a6901646542c45a4a1a9,2a26152a0ba8ecbce4e3ed3737a40af7707eeefcf411c981bb491e41739a9c13,train,True
1570,3a5d3845b3e4886ea5af68c070e5f041d3f802c817cf6bc4f9accac1cb5d57cd,276682b493ae6661298a02fee334dcc1673ce34c1f5132441550c2f96bc5a23a,train,True
1571,5caad4ceb6a6cf6dacaf8d82b617782e25dba5bd1150e135645437849f65f2a9,9aa3c4c6b375bad5e2d5e4959eedc79b8bcc80d8e738bc8f081cce1efc75d5eb,train,True
1572,49b3e20c300726105f85490c8e43fd7223100780ce993a954a75f38a6892195d,ba2f57cd19ed9cfbe25e47d5540e0778cf8bc96dad691e30dd19f16fbb28ee1e,selection,True
1573,bfe710561f42aaee6aa403dcb34c34eedd68b1d2a3b8d7beafd3c543a63af3d8,54c38182bede88f04be0103f72e79ab9e53129fbcaad9d0edb001e41dbb18b32,train,True
1574,b8ac075c625b08b946160068f4210ba2a39998be088975097c19a18de0e8f164,50a72a8f0ad4eb0908002306c5164d635db805c65a872c51971ec617b295e772,selection,True
1575,7d3e44f57b2ff5736b68250db5f29bd911bfa7ad5bd1bb6c59a9ce66a08ac894,8330ac634e57eccfc022f6ab5b74b8f6b3c42ef7cc1e146c663076116400d918,train,True
1576,29a80e559ab8f40e6ec7939105654d36512cd015444d16aab068fc0d1cf7b145,49e6d514c247326ba809ec3f2cf0817384d760f36c91f94a51a180006849003f,selection,True
1577,e3f3ed43cc606640341a472e5d1d55891143edd69ce57c066330be0e8bf4ece5,bf0cff15a321d0b2df8f2e88b781eacf29ba9bcd00f568301a9f19bacc2cb245,selection,True
1578,11452fe7efa9ef0d6763727b7e3676f44cb47fb26fa6548b36d8dacfc9598e84,6aee056424e2d87a83a1df2f8cef47b6ddbda284db69783a690b86057b0a6a2c,train,True
1579,5ab1c149a8c9fae58c5bc2a6332f3f9fdfc95006d3da88b15c3abaccdccef31d,687a27019e52f288867154ee44204aa073675107da732eaa49a074f009bffb15,train,True
1580,35194565ff35892876fcedc2886f191476c0cf5e81e9f2c9823ddda2ecc2af7a,a2c56c3fc437e02bdc9219f0e4f3aebd7de048a1560f8f4ea0068abbe34eb86f,train,True
1581,07793180c39aaafcf35582e8dff5451883a8b1d1afb7ecf29f724662c97f3c07,89665eebf82f4ec8b956cf03a6c9efeb5472d496a0552c2b115ac50596c7a0a8,train,True
1582,ee4d78b3c7dd7fa409f100eaf36d82001a853d52fb92695b6ff7a1c1430c4e08,4ab117fb476bb2dc15397279b0ce5c48885020e1513131b3015bbd70f2e709a3,final,True
1583,3dd62fd4ba4dc408e563cbbb43e807fe4236948495a0fce182bca1798c76ebc3,8e5f1adcbfa3d75b835896fabc86b8391742b935bb1822ac2857f1da88049bef,final,True
1584,cf855db070bb54791631391e854a279ef47ee6414c9caafc83832ae454676632,f6d1391a1888f22085bc16170b1d725834914b5f4bb7e233ef1a9c2fb91336bd,train,True
1585,342bc6105f58df6041f8b7fafc2c7220a9398778f8bfd4888fd173e933b67788,668f4ee1d23c5a2ae0e3e1a235327f62a9dbd9e2d4d2d0a46b99b199399c2319,selection,True
1586,341dd559839b0d7e7179cfa758efa257d3801cfca40bd270aefbae7716ac7928,d453a523da28a4303a87f2fc9143bc132cb36ecde4ca72f930e37518bdecf585,train,True
1587,4d14aee145d9e378f715f3d400ad52428adff43762874e420babb6e8fbf4b7b6,e8355ffb0dea3ae6476b3616985bf6869422e1617ef1795a80ea1e3081c1d6f7,final,True
1588,95f41a18161adde808399c3b4f6727993ab569c317471d90375214d043884414,6587e6b3186ff64ef5a806c182cc9626558c2cb0da1497b361f50ab786b2ad6d,selection,True
1589,0d9f0a5bad53656fc5d7f6b727be2256bb3bf103ba500a7b438b57f229e8c62c,829f5f243e864a2d3f02fc1decb6ca918afffc8c77e10b3fdd4847d41075e258,train,True
1590,5a20885d878a1b6d35f26008337dd42bce6dd7f0bb42c2f06c8904437c0de6f4,1d1902bad26c0c0ea8652110497e460950f481157965f0824ec68b116a0cf347,train,True
1591,be0a391e9228301f67b85afddccd7c805008ab99644fb8df5f0c14010bb00227,2df61b33fb95b4c7fa984e83415cd3dd24c399ce5684ec4d0ce173348734486a,final,True
1592,754fc7d3afbca615a72113cef9431f3b4236ce6c7bfd8239c84b02bd455ab603,e560b46dc873844eb2fa04eab4b2830cfd1d65c13ab09c782d3cf17cae1f8569,selection,True
1593,95c386cd858fb2abbd2635f19e8eb7666a8bff4832e4ad3df4e5ee58b1fb529b,67d93e142f962c355c68f101b1ef0d6d0e1dbe0f0bf37b14004f37f20b49c1e5,final,True
1594,86f2c674f27010a428bc4b0b5067104df3dbc797d72ae6dade78523a6193adcf,81cfed21387849f132ed7610426d925bcc51bc70e94132a264c4db84298cf511,train,True
1595,32b8e1b4bb7e7c829fbcb159b1504cf0d8609c87a38fe225eefa4ee6f5b7f9d0,1fe0023db66ae1134210bfcbbcccafa64980293ba1916749b29655c42e641936,train,True
1596,d6b1212ad74c7b29c3f91dfd5ad8992797999d6c6c06b9b506f09d83a28f8b7b,fb6d56f063e4dbe187a77b35868012cfb9b34f683618cf332a9037bd1c7decba,train,True
1597,24d69ea24e63cc7e6693042b9af779a4e8ef889fa11b8e8b922422e3e70aa0dd,e3d4a59db150ffb9b6e17237c4a535c07247a4a1b77c7ab1d87c95bf3c8becb0,train,True
1598,aff06f1fd7098ccd308bc05080f943d897088f18e7bb20c6f9d250f789e224b7,e8cee0eb4ea275c3aedaafa5baa110b7ebc18ee628a2041feaf963c24e654cb0,train,True
1599,41d752adc1c446822e17c8f9555b680b4fa4bc141bc815178aad8ebf8c9cf03f,a19937c0ceae855449a99a4c65a2f938cfdc347e9d30f2cae79258220c7ffb9b,final,True
1600,13bd73443b1faeb94de345c0cafbcab353b7571272fdb9697039df0a0f1f740d,d28c32ea6ed5315d643acb9638d512aa0f5ac4f4b54b75da0e03b4aaac7d13b1,train,True
1601,74f85ac246955d08a33261544bd99bfbb824a2b512911d749b612ca0f2ccd2b1,e16ff05d76833a71752c8b1a3aede6088d402d514cf242d6016ca7c580b8e1ed,train,True
1602,4b9763c8410080b786768747afefc2640b7e664b47645bcfd5bf5cee07a2f478,72fb7ae34ad7a949cad79a9fdf068217ec8091e336bcfaa83387f45671934349,selection,True
1603,91e26c9f84fcf2fc81d2f4d1cd59f0329f3bb57a2f873de6d5c86ae8b6357e10,cde117ce7943284d8831ac1728bc95db4126e98af5cbc24f50d189ba968952f9,train,True
1604,2a6785afb831e6bfc2f38314cac253a720c1bca50c4948970dd65f9a4b6c0f35,9ae1418d7ff9149cb61eff1c8fd32b0bb7edefeecc0f7179ddd28997bb7616d7,train,True
1605,0dca8c6a670e60dc1f2892c64a7f4bfab1ec56a53ac732b5d6611ed92569beca,952a36d96b10d3e9b7b458887e97424af5accabb9480c73e5f65f69e033346aa,train,True
1606,5eedc354f3d253dd6e4d7fd00a33f843671c4edb08fb0dd76b7bcd213744b15e,911a2aad724e23e3471509d5b664cf7c6efcfabe11b11ce62b88693ae7f068e1,train,True
1607,49b965635fae7311ca98cc90d3460fd9fbc4dbd1056ec00bd79b6ff0de10a62d,069002d1f77a1ff2bb090b246286175044d30889aba5e489341688770e8a9d56,train,True
1608,94000b1d86f7baf1b0d82771d5e96b2a12d083b19db7c07c3709ec8742ec1ce7,2b8bf8e47212b150987b9c0b401b612aa47bf30adafb9c91d3b1222c210c5a57,train,True
1609,37ca13e7bc93dc790e69fc3bd8ab073908263a43f7cb9f4b9a729d45a01c9c14,cbfdb706837acecb6ac7b2148843569bf297a7274ff35e0150fa257092853a9a,train,True
1610,37060395df4486bd3046679efc51ec36101eb2ff54952cb4dd15b1869a711161,693358302364087552d82e62d8d1cc55651ff5de1182853c6e7bde634035c587,selection,True
1611,f25cd3b3810972edd09228f5a9b2887c9eb4e3134af0e0baeedc7cb58dc97ebe,0e18e474893235bca37bfaea058fbd62677d87849d0d34915b9877c62615a657,selection,True
1612,4f3316fcb4904603fe4983db55ca63ceb805f572749f3633e73a21cf8901e625,30ee2080b207dfddd713254d35688e8b801eacd39799aa4651cdb78abdda0f18,final,True
1613,45354290d94449347881a00f101cf5a58a171700d22dbc7633e1dbda7bf255f9,6b0abbe5cb5e76a7ea7383e53939fa14acb70794d33f57afeedd6b53e1014f10,final,True
1614,6ee7745bed5105c0bd2e6f8e8206a6f8661e3f00e714d65e08287a0f6644fceb,e8e2aeb98834478cd186c19fad134fd2f4411674df19b0c96b1e9e08770f19ef,selection,True
1615,98f8f9ae39aa68e5c0d7d72f8785fd0dc2dd3cdf6f5b0a1521f1e8dc877ce43f,ad34a6d16aa07ae8bcd949899ab363c9363043513ab7b29769c3d86a9a127487,train,True
1616,b299f823f794622c22bcc6f51714a6029e95989e361bf7788f46e50ed1640f7c,567ea11507c58dd23ce4f09176795c2cda2891579b996e6647a328c782bc1f6b,final,True
1617,3da08bf080fbd1ac1453758e81beee2e39a728d1cb35968628bab73965b02d56,ed46caa528ce407ff1d4ad3ef94df12033747e7d8134e3707ddbb4c4d11fef2b,train,True
1618,d9a103e84fe637712ef703d26549625353eca2e8f768e1dd1a0ab92d69257581,66b4b2a9579f9aa3e6ba619f7abdbeb6c3403ae2a22856a9bbb10bead9e254bb,train,True
1619,c122f37e49b18ca98b0d11f92155c37061f985b6536ffb5fc6aa4ef0006c0f6f,4eea450c03744d3f5af835556bd153078783a374ed28158e0ca4534879e2c7b9,train,True
1620,45797ef20032e8e4f5886d2f78f80f470d6b8e2217c3fad06930ee9db091ba04,e5647d264cb6580b48aaddefc5a9dd6ecb89d3b57068a85eb04f3beaad38ffd8,train,True
1621,e3283ff66ed9413b0433b8c2f9e72b41e85c12b375e50efc673e15e7a6b75949,ff65435115f5aa30ff37a1ef3498adabad32f6842c5f4f1de9ffa0863fb23599,selection,True
1622,1e7d740b9be3d4a8ba7833e0712157c6e1cb4e2b2ed7429fc46c565247173f04,5a04e6740c80e04401ebfbe470c492b8f3e806080973743b20c61e7914ecc3a1,selection,True
1623,787e342089dc47b75d83f2a6f920018594d847749ab021b24ce13656652cbcec,817c89269ca97753c93b5922d6de42380bd8a0ed3f7e24377b8dd5a243386d82,train,True
1624,7397cd0cc5150c45c86366bf6e575da98a18c09d1f8168b69c70d0a111d7ab60,3d19a243e02754d5ed721c3114962f4201607b0363b0d89e01fe947731280707,final,True
1625,22c8af80c730e787bf9eb4b7ab50c1fc862918583d17cb613ff897ee19750a7b,11813b110c47193a5500b661ef3bd428e999ed3f142dd1ae299b450527218728,selection,True
1626,ffa23dcf582d358adafbaf5b67428a3e58db877e9b01cd57cfeb5e5c2a349fe8,45590077567c24aa575072e8c276a1284912de5899a349977ac003fedc6d387c,train,True
1627,6884d26d41d235ee2c39a2add17337f76642b9b18adfbafc10a72ed4ccf1088d,864f90446277bfef81affca63658cd22bef1487d90dbb73993fa60a8a2854a73,train,True
1628,62f3e136a2563f6120dba3c8b7bf013f71826cd6a47d91e902c93cbc9722addf,4ab30f092756e010b690f2c1e1c4fdbf1be79c6d4609108749d006eb37cce67d,train,True
1629,fe71d426de07cc13fa19a6a02e3d3126310af5c375c82b8454dca1df40ca6858,636a77ed967012e236aba9f1efc0df23e2c56a0d48a412d0cd007ff55206486d,train,True
1630,f43941f916881d1937981fed27871d484bfd2f9df291e5de2f33c893c51176b8,827c39e9ea55f057d8576f2a25628ea23a6b859ca34b8f2ae09a7e9a9b4b2b01,selection,True
1631,2ff0b122f64c355c2550a3fe2396725f21582bea75e943e28b5afa83efbefc53,e9a57364c60cd5cc12758249cb487969eff3b3dcce91327ea46be8a735b55e6e,selection,True
1632,bd49a8dfb63af11d6ed400ada4b961a5745b672448bead26902f86f229da1676,929122b5576f18937fdebc708e1d6494485a963f2ae9db61be691b2d164bc526,final,True
1633,2fd206aa02c1b18120e8ee187cf390a25b0036c1b7197043b2eb999c2b416c67,8a7ad47186329ea816180f1865d8ddefebdf83a82fba4cf0c83a67b93358eec4,final,True
1634,29fe2321a3570330c6adf21ee8277ae5f771b3c38485319de99125fd07e3d15a,baa29fc91be4831f7db8da9f841ef8111e54c3d9f13a278ba698bc7497ae3a54,final,True
1635,9017d305ad8a829ec9e880ba1ab396d700fc9409e9e7e1e231889b332a24f558,29da46c627e4408266148b6573432b0cf720b26f7929812b30ebc0b1d2455824,final,True
1636,068cfae01e596d00bad2be8cdd4e568fcf29f5088e74a13686cfef8eb2330aab,1ab3aa873a1308cd52b03102f6c3dc99693f62a3aa20f83e7e8c311f8d19965c,train,True
1637,c1b175548d3ef0db810960307102493164acddc4f84ed315c5899182bba19546,c79b49f5adb5b019b7e831c66233cf14ca7988313f8e71aa8b04de66330d9d63,final,True
1638,158bf8fb9d393f06c14a1c6af854fff7d81b05332f55d07c28b75bde5653f2e7,40aec11b0197f4e1405ad7b3bf9cc8ada634ef608201bfb93caaf6cd832cf558,train,True
1639,e64768ddf5bbf0c00b187f54931c42439d98401cf03daba993775dd3ef6fb8f5,d6a31404f7c1897fc0cb86f0ce9131b5f821d4705433595385d35bc780c2666b,final,True
1640,df5edf43558e735e3ac8abd4923fc84b86d3a757a496fe891ac5fe3cb14623b1,71eb515d14914d600d07f4754914a4e0ee9c5add4e308864ba11cb260c7b6d4f,train,True
1641,6fbb730d2ed9bb7f18651797cc58c36fd7c3720503a377d1f79bb81929237985,3e776d2e8e198602960ec333c19d5a330c8df62f018282e9701f045180bf7298,selection,True
1642,7d366d7ccb7e74b0690f22eba49bb63418891b2a6dded45fe71b3c85c1ce7366,5337cdd438479831d5aff42d3af01a5b20fcfb21ffabecd5865bc69972e79701,train,True
1643,7f69041539a8765116dc9d50dc5fe3e61f314ddb1f288c76bb7306c6325a639f,e3be6f69ebe9d302ebc7fa8b011a981477365a5b2f473ae6a4953fad039bda80,train,True
1644,4c8fca1d4d6b87836db46708b1e9d9ca551d708d5d49819d0db88cf8246c1b37,5f5fa1c8810567188b83b9ca0f3dfdc0bc7f664843712d6d783d9c98f27cd894,train,True
1645,bf61334dd4f328661fe8c1d5e4379260f63bdbfe11f53093ad4eaa771464dd9c,56ecabf146d23c0c98b8dfa15dbf241ebe3e20fb1cd02073fda42f8573630200,final,True
1646,756258e99a42aff9e9eed26f41dd87b3a46cfe7943869ae74f5fe14df3335e84,a4c14705b3d6dba1541367146d3e39a3371834c03ed96c290f3b3e6dd10406fa,train,True
1647,de87d38978fb58529747167ced0389aa347ace4ca9b92388f627ecfb90c1a219,c27fbd2fd20ba5a40a7a3cb397ab3f3f633275aa3c591f25f6db6d0e738b9b57,selection,True
1648,acfa1e0c0e1b1d25bdcd3143d86790d3fe2092618ccc61f2e4050f0bb431d7fa,427400d70a9ebf348bce37afa524ea91090b2d310a376521027196f3c2924102,train,True
1649,fa75297f572b1c8f7e1740c22032383c651c479dbad580064601001b403ef26c,fd4c58b6ff7070e4106833ed2f328fa44f78191873733f696a811e81c37daaaa,selection,True
1650,ca507396b947712889b5c054befb8c0b03c0a689f679a5b9c2acaaf1984e3bf4,2b62059439425407a68e75667d6f1750dcfe755e21f42de5b545b5141aa586a2,selection,True
1651,2356c5f0d72fa852bb08f7dfd5b11cbd4db984cb89b7f49b1eb4e0021cf755f8,ff01ce1848e1d2f759dc005dea68826ae5d120ec45f4f9b4d789ce0894a990da,selection,True
1652,cd88acfbc769795c496dbed0427928c141650095790ef94d9d7ea27e65c11c24,cf2224519e38826ff57e7e2745fe193c7af09d8eff8de17edc76648b92aaecad,train,True
1653,e0d94b1b71583a2b7d74f6aec21def3bbab662b76642d7b2777972d56a7955b9,550c9eb24d6e54b871187a8b61311cf5eafc5437591d03eed199dac49f000926,train,True
1654,fc30d8f41ec762d140c0de8440c344db44875222a5a6543cc49dc929ffd7497b,94a3ea05cfc72d4323711885527a21f2b070309e52ca91088857f8a8424fa229,train,True
1655,48eb28d43179470254dac387e2495828fd160f810333af786a8f41f4244a694e,f42b027f3d9a65a7ca52b683dff27d2db1107a4da9f96eb533fdc235027e4332,train,True
1656,4c2f2f33ed9faa0b24822ef5b6a4ba7ddf5f2efd58b48e6951bbe6e0a01ca995,bea40db248f111a142a2dba6f7e515b5e0f818ab3240e19b80949e09955c77b1,train,True
1657,b8192fcf1a22b2f2bfeedd8ffc70373bdef5c420f4cde1a5537c0dbba87193dd,e4722f5a026b751078284fa77f4be38c8443eeb857699bb0d60c115efa0411c0,final,True
1658,5171cb7dda5e98ac8cde10871364646b8ad0752741d3856eca079a8745d26fb2,1bc937a9f6a7d9c4441adf7bd1b4a06fecd01ea24d137ceeb021066e90d89283,final,True
1659,44c0917dd54b92f7ace95de74b57c30d83d44d60df9a7d7febfcf694c32e3887,adeb1657f5d8b0ec658dedc5693d6476b9019908c44bdafc747a0141a5dc511d,final,True
1660,9626dbec5bb71b3ffb82ec3fc6c80b5ca7630d3552f856b755a5d0e7e5771c9d,e33790593169cb20e1d9b7d0578becebf2403e4d448eeb349943e393d905a689,selection,True
1661,092e443ea9158b82eca44e79b2354cf2ab1f31f6e89d3eb17b7dca3f8a0c0258,28da028ab508f6abfba4ec01545e82941f3883dcb7bdb97cc9145b2ef911e1f4,selection,True
1662,838459dff95526184a36cc1efd81f6c17ec27475e85fc27c0f80f5e0728b5735,bbd93bfe0e38e0c90f0e88f69697b5cf0871a5bd799d7691e4456536a87016c3,final,True
1663,2ef8eefa852807c7ef66735cf4cb76abec09d7ee7128e6532957993656d9a77d,55e08ba40efb151893cf2c9060da90d16ca28194594fae9a0273c46dc6736510,train,True
1664,0079f862916cef19e3c2ce2e19d51abbcacb3caa6179614476c14edc951db705,a04e40df4c1a5475996379c8edcfe7d86f1d705d948817a728694018a68702b6,selection,True
1665,b5591ae4dc89d2d49b80de75b5fa7475cd17ce041294555313973771ddcf34e6,67a854e602011b2374d91702859ce55214cd0fe2356faeada0372e057f46b672,train,True
1666,56690094ef2ae079ee02652af60a198a0d4d5900a865284a9749e4c938e99760,8f1f5d24a521cb61d9b46ca9c0f70619317e5d83c3a3b5cf15078df2ee4e183c,train,True
1667,b74eff6e2be053ee01d327f8391ff24d2da33f47f31b655ad207a7b1be466d84,7eb2900915952fcad4e60faa320232903b596406ddf702fc239a80644b7188ef,selection,True
1668,7d4e6df0f011fbd3ab5f8ebcd2ed04cb0b5ae9f3c6298b5b83116152aac9a628,d0eff54f44229a9d979ec48c663a08219ad4e9e5d3d11e7af3ca478545737ce9,selection,True
1669,2c147661ce868656bc4d001e8c4adc4cf3a17f09245480c1e8d238e883dc871d,b31f6d50f8fd8e128e62c58fa3cfb287311820b54d3cfb9328a79b1ed9749933,selection,True
1670,b6ed4510abcecdcec3078405098d36fd57ba3cbc32911ad7a3ff50379a797316,a14b408d9dd2013c006fb66ec3edf12e22ce5d2c181cd720b2f496245bdff4da,final,True
1671,236e6c5376985c1e982d0a6f8a408cfee0b4051c6d558ae7eed1056bc29a58b2,19102a33233423d69fa579fd9e4cfc56e868592581562016e86c4e33400c0169,selection,True
1672,e681a9b9d74b27b3f88aa3b1dd88f00c54dd49554cecd304400538704f15a411,d802d0ee1754da7321a257c4fc02457962116c9268e12a4a40f955e9f89ca713,train,True
1673,b434684f36080ac60fb62c2b3e544f8d9b5108736508083a6eb1264269118549,61ee127472025e4cf8123b9b4feda24a50194488aea7cf0019c115284a0f7c6c,selection,True
1674,eeddce9b7185976413196c72cb8193698190639cbb8db124c7a7fdec0678adb8,2fc39680775b4589f5b8a59bce5b8f349f0fb45435e6b0c168c0d0603e8d266c,train,True
1675,c1b3c56c5a9d0cb0b66bdae2b6b2a26a56874e1782d8c7b083756173b30fa037,38f4b5028893195e7b58b7d9991138eb04f9517bfc89bee6801f081cfadcab88,selection,True
1676,303e7e7f64b60f8da7d2685dd0f17c8bb1b035920b6a9f996f97994aa17790fa,0878a7d0558a2b11d0e6bacd73e21a5481a3d679084e278d853a99bc6bacae03,train,True
1677,cd58520339dc3adb58d174a8f7dc085b0dde1e95c175d78bbce3c3033b6685d0,bb87f942b00b7693323476fc307cb88187a309f20416751b1e33398ffcff8086,final,True
1678,8fb3c0126e6ab252dc36a69de430b2b35266a6292b7dc66d916c3093a4295a37,798ecad46ed07171c3fb6eff87f260b0d054a76e99f4cf60b2a2f4937b7d20cd,train,True
1679,280074e01fc24fbcdb0893a7e2e360c193cf4f0be4e06b8d643eb7f9822677c9,6a4f5f11c24f7b98a7002e58fccb46dd285f0a717555fd4a2dee2d8be2e4df78,selection,True
1680,0b07273182bed3c6e76f65226490c2fa6155b779eb7266f9bfd091deec44634f,46cdb375fa8eb42cd3d9aa907f684c8c7b1cc699160275ddcd52a74682fc9a57,train,True
1681,99df445da6683a7d19e0d80c087c42f0cef87b98a17ce3c2772fd8e997cff912,7d3e3cc03e7101bbe8826962d168f94e73106b9f763a1f0e3e398f9783775f66,selection,True
1682,e98a0ac251cbbec2ae3ed2795e37f258c1018fb8630552851a002befbaa9f230,88ad5b6483cc215ad2460510f9da56f0dd384518a7d70d025c723454fd11df83,final,True
1683,3fb4c2b0c14319a72280f07a74315cae96e8424317fd826161de5925006b4534,632c651ffca18612214af7b4763ebc8ca2e051893d23458e8f245913b5995451,train,True
1684,9a91251a3874b255f1c1269f5ea4a0e758b125de6523ce8ba1f6910367b1e974,63c1ac8a1db052bfa1084e2a2992e5af02fbf44bc53cc897a7afbe5442952aeb,final,True
1685,80ef47e0d4d3618bfd2a2215e59a5bcb904c7ef49559fcfa606205d3112b59e9,2bd559bdd4a6f2ed3028ad77dda7acee3d1d46070c8546ceaefd51744b96de21,train,True
1686,19e2cefa2b2731d69633a0bac05311441a8d56306d9769f92af7264f1b28cb1c,8b7178f021303d24f8f276ec345b20e6e06e8acfdc1f518d74db2dac67798404,selection,True
1687,9dc67298065b7f5060294bce084ed478c0820b13d78f333211fc7f12cf1f2699,2f96dd759100727c480df82afb7285f5393bb725cd7f2f91fb8a595c13a2ba6e,train,True
1688,690290560d4452c15fa4d980fadbebdc34b926a47b366c43fb4456a017978e1a,2be69096a3ddaf84242df4d32afa14ab2b056d52d53779096be13a2663497d1b,train,True
1689,2901ca2779d062e6a0c3cfbd603a75937059fd9cf0dfc0b87f8cd8ff19da2b22,74e1e6d79f7f9faf6990b5e84bac2b6e6f4e04350ce3c49bc37a6ad2c437beb6,train,True
1690,bfcf77e1bcc1dbee0f7b7f9ed41fa7cd5d86fb89bd8c3320e3b0ffe68ec7d418,42b9e5a308aeabdc02471d0402d14ba96f0d3e4634ef1deb5297a96e328032b2,train,True
1691,e4c91988bfcac7a41f8755a87aeeb12b627144f764bbdcf3a233d2dcd72987b0,45c8054778f90dc04b3aa45435df9ad1fccee12d6881f38e2432efec8037f234,selection,True
1692,f740ab3146855e2785c5b29f83061fe5aeea0789558a064a34e5e0c3294d0b5d,96eaf0451bb48ecbcd283f78eadca44c20930a0009606fb7b6b799b3ec9d7de9,train,True
1693,48195c0bcfdad45cb99c30ca6e821394da934e7d4924a36de2e59551ffe4e257,65ee2742776fca422328ea78c4aa27e48ff5a7c19b32c4e40edc76fba4bdec1c,final,True
1694,690c6f03a5dfc8d854d1b4002b5605e1b0022d474c82e2109b51c4f874ca6c8e,8be0f93006d2000c1a7ba1d4658153a98116ff953584b09849af2884e6165895,train,True
1695,3220ad704ffe3d9c9ade0cfbf74682ce90409f29d6cf2cbe9e370724e89bf33d,b749e940f660351b25a8e6125ba05e1c1f04e1f31408583cde1d64aa1cf84262,train,True
1696,59368d63b202c61003223458c9bf50cc0c1a28c9fec3662fb17eee9b910fc658,0b0d0b6b3101a830d92585a4703886929bd4e95f9b8dfb3160a125a484f07528,train,True
1697,7533cd74ebaf7bd5e0480dea4aa949d6c364aee62669b1356440bfbb1f1a5baf,37c6b6b28382802a433676176dd68ed680833e56a054d1dfed16625e1b4aee5e,train,True
1698,8315447df80a2052ebc94b00489a2a4d0597d9368f904c809227c94723a7a915,53c9df86fdc3110d28f6e474d155dee9b5ac5745d3160529ff317fcb6309048e,train,True
1699,4010d36b82b40dea11b89bef7c948b0bae8d6fad2cd04e9a00a0145f6225362b,c6475fb7967c4a9911dab1844b8e663b20bf4cd428dc9b9e3128f2944cb13757,train,True
1700,c04751154e10e8576b34a069d8398a084ae7aae79d65acc8e07290650424f6f7,eefc5ac681d2e2d2a80e68f568f90f7666fc0f42ae2505965db99aeddb457f26,train,True
1701,f146a37017ef09c6faeefd63ecd202c540dec536f80a5476452199599111c1d8,59f03fc396673efbd2f18dbfcd7701075bae27d011cac7c994c54f26ed6a2c9f,train,True
1702,b90ede60e5196c647ab03fb1fff8387e5b054c4e36342c6f93cd7e1cfa569a3c,64469791f07e06d275c3416e1d8a974e4a363c44870a82b46acac17bd3edc5fc,selection,True
1703,f20f1c90e972d84b3403109018209d2760690c23e15f407fcc98151c376e89ab,abb95960ca2529dcf76ddd79bf14205522097643342454d6fa67ffea198fb913,train,True
1704,ca46bd40751e11d3ddaae401c5001e81db66b67a07a7b65b4a65dc5be9077f48,4549757635c56cab8f7bf54034d04bd133ecc95a03fe367fe6b2c139bfee00af,train,True
1705,db7ba089836c49f8b39e442627970af1e08374243142aa1ed3b5a6d30515797d,f258a9ea273b30bcd5f163497348495304a90f609e43a24ad8562194e9da6f0d,train,True
1706,fce2eea681cf60ff503c12785f12795396b945e0749f573f7a43348f2008a759,7540af6057b8b45533001b009abc8f6b4710b202933721efc49eb067ff4fccfa,selection,True
1707,027dd82c223f400f48ba4a53bb7dccadc1c8bed1ff78ca68dcdc3928efd75492,f5e4c982d617d4d80583266b2b6a2fcee791f915af82bf96489fb5f30c36f414,selection,True
1708,4ae662e1aac2a958705e0d5b802eec250b992fe35cfc78aa89523a0d2722f19e,6540691f3e1b52199eff2097ce7fd996769e6588f60cb420d6f1b184157191f0,selection,True
1709,3f90d52da0082c9c4b4069083f48980dc3718a0ab373bcc433dc63bd42e79840,0c3118528e4965095eeee9fdda2e246109d7274a43ecdaf8f14ae75c1f3d3f50,train,True
1710,6775f7abd3609b46f4dec8e74450fc61bbeff58bd30ad6adb01b2144ce4c454c,a3022a15b7b07e5b661d0a62e9899b7931ca96b995ccd2a7a6f4a7eb6c85a477,final,True
1711,901ec9a4fef22287970b7ac8a8358c86b90d97e73175a16a0117fba9fc6158cc,4d0a3c973f54ca956c0444f5e59de1ca04347ca535ca54e3cf7d699b7cc83b80,train,True
1712,f356411293e3acce5fb37dbdbb683289d515b7c3e7d6f0bca3073eae037ad799,6a5ab9840550ae6471f0f4e129e7c8f715717bf4ea4f78d985da02d005673efb,train,True
1713,52d3128bd62db3920fcad8875314d2add476f716d81e3a0b5798f0b7ea8c5b67,228866a1a3ceb32986cbcc0cae16a7eb842fa679cc41d794a460ea10675224b5,train,True
1714,cbac379a825fd3fa7fa069f3460b8191782e8be15dfd2e33722ac718915946e5,ea4ab95ee987e22fee837d299e65f1fa790bb33254184f21bf86fbca06ff1cde,train,True
1715,8b60aacbe19a3ab5d3d0b861797dc1143b803138311d6971369c0e8022756775,20fc7385354b057061791e5c4f5e2f6d647a5dcab1ba9a06e729c3a3f4a8741d,final,True
1716,622faedffbf9f9e3bfce5c2161f93e3f280192f5873728591fe00b80d0e14c32,8120ab97f60f388dd510c61bab60bfeaf00f69b32440c1a5e9405701690c3257,train,True
1717,32f286cd686f7f99859d2a888d82cd11527368ed2e8434fed9e43a5c096441ef,18390d3a1c747957a6f7856514f5ddf884b13d726ee79d3cf2d018a9ad44fa46,train,True
1718,dd5e566c00e4deaedf2106c9ab46ea67360dff44d16a6f230de09be20edbfc94,df23bcafcce54c2b1fd37a91267c795a81cd728495316b94ff01472134a0e5b0,train,True
1719,6ad999256604fc58f74e0e46b733e6d496e9d23a03b69bee2da6ebf1e187e881,d517e8461ce7218b7d6275ab012195412531b6d4fbf6862a276372fcfb6ca3b0,selection,True
1720,c3a7a1b7f0b146604caa606494826e7a45773a3bc1a5e46e8a6697c76c3a98ea,2f145d3a7dd26f41866cbaee2367227a6e123fe771049b51c0b956dad93deb4c,train,True
1721,6e8b2ac13463c06f44b7245865678edf4818b567b67d8fb2d421a17108f40910,a46cb3c60705f281cffd0a46d7edf2e8583a2e2ffbfaeeaa351f93278956dd5c,train,True
1722,601bd46559e237aa234788bdeaa9bfecb2ca184ca636ecb3c2a83e69f956cde2,a21c8099683e5bd4ee7910bda6e25cde2e3997520cdaee42bb247d4bff109b11,train,True
1723,87873b96d7c0b152452596b1064d77a169715611315cdcd084e03ddd80e78a6a,5278ad0ceb0b179bf1d00e281bb22259f7d1c066da1eb79b4d992c2f3fd0c6c7,selection,True
1724,1ff51908460621ec597350bd20b87c373124d6d7ed9f6626190a6973820de527,b8de98df7723818996f99fdec362de8bda33b664aa561d3586812b5682ffd6ee,final,True
1725,cbfeff9efeca424ec04db155c3f9017020ec809caf24a6e36e85ec6372378d21,b4915fdf36b19858883861a57f8205bb9679b12291c02d79552c423fc8b9dd4a,train,True
1726,6dc80f20e1a74c378280bd20a52da2336a4f16e20d98fe289adee2a8dfce7998,d94c23cf8a0484a3b1d8633d102388983eeb19352e2ff6aac9b19fa03e67b5d1,final,True
1727,e31828b388623bc440f6f75cf4f10436485f17803dbe4416c0e86a6a6f02c115,ebde48ccee2cf23b1a47ef109f80bb8975f17e13198dfa526ae7d14d425ff323,selection,True
1728,590fd8b47e051f341a30cc3db291dfb0f8f0b172c94632e56ce4058222fa165a,241b6d879a8673072281f0532abd0b6c930158e85b4a90b0f09894afb90be2a6,train,True
1729,c4ed4f8d8ea3a4d4d256961665338e98a39b8db93ea9f87695bb23fd20135b06,9d5d1de92cd96b45d0d35df254849a3ef3b3547c9a20e93e718c8a5034792ea5,train,True
1730,e758bf5cce714aa206f92ad0a90f128b7030c932de1f42fe0fa71fa9b4f285d4,31496a5b40d59767ed21852ded5fa87565cb1685c031c155c48488e1a1ceea5d,selection,True
1731,b658f82b4075037b44b8fc3b88aee9a19090a7c9d42a1abd389685a471458476,4e32c9a230ef5912deb1484e67fdd6ebb6d3bff8aa0a454a291f80d0875daf69,selection,True
1732,7cf34a5b92ffc7f6c82a68f962ef0454424f22930ed66ecc1e551cc3a05e0fe9,20f7d9a0c83a48aa9838285bd3b2106e7974ca7befe559f146d8129c4da7ade3,train,True
1733,ff21ff03f67ce9cbbe1fd5da17020fb74a1c04b6104f9382d67e540e5c35be31,715297e3e5eec97945016f4482a7985fb4c68d50c1fa0b40f63945049262c7a6,train,True
1734,8f70b6be9d2aeb69d2fded82770413f64854c481ce4b989f82e1b967207ed1b1,5d37acddb2b8cc7210d90034b6fddaef49fa2e0e69f4bdcefc3ac514bf4dd839,train,True
1735,ff3b89b2584ad73a9255d4c90c7355fa56ad16be88b4f8346eb24c443865a729,74fc178f29f7645aefa5a407c11affdc8c41630277c7f488986b478dfba1aa30,selection,True
1736,146b804940d846ddb9b1dea4ee4bf5d3fb4e3b23de56a3ad1aa950251e4fa8c3,b2d34e8bfa83347fdca97aa1e419e7cdcee2f7dd415bda0b95aa6d2f3217d4e0,selection,True
1737,c5a528ff69a9463eedf59c53d4466eabaf6152c8dbfe92cd6f99192afd643f51,9783735a3e7c781cda08b6758a39336f4a60a0ee6ea161c49c1da9d6bafdcb99,train,True
1738,170b48d12207abee474d41da07f834fe8fdd5c96269a40a3c5c3d497e5d5fb6e,912512fedb93b1d434a485cb3f46d69d4a9e9c6f0850c7ee9082485bd516796e,train,True
1739,ac6c8d7b4728c90668df6b85f3c5238f4914184571e0248f167e497c4cbcf88c,d6ef859916a73b20301376efe6dbc4c543367c7ef1a36522e6f9761212ffadb4,final,True
1740,01bc5cec362458d7a4a61bfb7ee106c1f4dd9893ac3126cf48ae71fd35470c4a,7c558cae4e005464ad977e613c1e3537c863e51024b3bcf39061b047832b004b,selection,True
1741,e2dc71a112696a6683467c194014d254ec20e46379279f72182f023e61e3bb2c,f9f8dcf0ef422c8ed1e57e423c5ac3ba3b5a23842be4464ba4a484312be47c03,train,True
1742,9205d89e9a4f4e639dc0134fc4c2f5054c42a9eade6e08bc0f8408d17c0f918e,bb095f1e39df0103efd8a3d93f80c9a3aa50ba91661506ec1c67d6919c815e3c,train,True
1743,78084645da7ffdb2d2038a9e613174535560121fd706622574ec73d37e56de6b,ecbe39970051b3f38746d3d2e2f3922de4b87e23ebb7ef65f877b9c7232dd102,selection,True
1744,2621291aa84ab790db4dab6077a7427474dd6229a666b88c24f3789e7d4c18cc,b0608a7a7a817f2d45ab5eec0748e0f942a59520c1ce8a319f3d58d543e93e52,train,True
1745,ec67efe28e167a4f281d3540e8f76d4a4be4be933c6f75724fe08fc281579fb4,9d0c87f9e6833b8adb768dfe07678da0627cc2ac98da6cb7fda6c9c5c8f5dc22,train,True
1746,7aa88802ff626b0c797ecef65414679b753632264c0e90c7a1da5b8ed389a831,8ee73d50b0a3ba09e86b549b37421b887eb5214eb1541ab4f797067266ca53de,selection,True
1747,9f804c665f58c8f5fccc1bb32761d0527d2162e700151539789abc885c4c707c,29ded71cf19fedf8ea0b0f2ab70a98994134c2119c841938d8caefc3c1885294,train,True
1748,ac717fe644d988bcff5bd917e1f2e87f36d6ab17f43f493d137722935009b136,a782c35e94b3c8a89ac124a932c334c22358d0108ea27b4cc5a530959bf32f85,train,True
1749,4c6bf6a50cce06cabb7368770091c33416d3fdd02fc61f8f330e3ef2c1d5bbf9,3a7f7be467e68842c31c1abfbf26801e8fc084660c0a8a5c58e48fc34f62bb07,train,True
1750,66b9cfd76e07fba46f298b4c17f14afe70761e272ef2456e189b733681fbdda1,2e2ef24d6430852d51e10568c33fa93975dd11e0cc6a8ca78313b32d0b5f1aee,train,True
1751,ca48c323be1c37bacaf2ef31ad821e5d6d9274f0fb2ad9b22f8b53034982d6fc,ca9c40f48328576e5dcf399bc4431fd9c3386e45a48681e6235a214e1f218b3d,train,True
1752,58984e0621fdedfb80449d6f9f78f423027fd2a1b429cf9cae5ac895f95dbba4,4ece132b3d6fcbe2a4e1cde63386aec3b885dd60d53c770b9344442315f8659e,train,True
1753,e686761fd669b60ff62e9b0e424da4d7c1eaf862854e54afae0becd098f9626c,ad52e7f3adbc46d08edd6f1df6fbdfd5a949a45baaa130756845240f214b13b1,final,True
1754,d3c4fded191a94aec5217e39afedea1d747aa2ff47e93b767f7a3abee6f96c87,5898c512e1d159fe589b0642b59d4ecd35d9888e65f737b56bacd128c822d37a,selection,True
1755,c9e92abb568b1e6b24eccf5b74ec872822b6ffb2b1bde9064c40f336417f35eb,c89c0d8f8113297a79b271e44992558dbc9702b2b8acb091211e680d8ce10ce8,selection,True
1756,2ed26b55bb738d2b894414fdb7021b77661829c2f60c3fec222183efaf6bc7d3,e35b86c5dac706b4e0e402b8317955c39d0af36dfa6be9324e375974b0c02b32,train,True
1757,3e890ae9966cc8c08db4683506a1ae075df63b94a79dd476bcc45011efc47020,36f21d77364433d6007edb4fb6d0e29238656254c327514c4e8ce10e91e80c6e,selection,True
1758,56d6d7aa70a501241a253549cd5cce8f88ad97d0b550121b331f4eb1a089376c,d4715a04182345fa28acff993464632efbeb301df87d5f5d32b54fab427bbeae,train,True
1759,dcf818989ca444a7319931eefb1b9d35642c0143cc7bddb9689b32973adacbdf,942c5cc04c08b94015ea3e4a417d92696e61717fae1159f8afe5625d7b0063b0,train,True
1760,cf6c72169711301379b33444cc8608cee1b41fa5a45163afc651a7f9cd976331,7e129e4d1c26305525a343ed83bd31fb124eeec1deb39cc6910c1d60a70a6eed,train,True
1761,38ec89c6610611c356745f510bb41a2ff9f446fb25ca95ef7bb16d501b434630,43a6aab032e80fe8d520e5d893954a242715173bed5f33d99ddfe1f7fc7f37ad,selection,True
1762,56d520486d4950a9cb0af0755b7fa1453a430fb00b01f5ba09dd8521ae0f4f6e,1c07bbf6fb5d040ffcb572aed1ecd537a28f95b639f1366d8a6671f1e0653316,train,True
1763,5818dbc612be723c9b6649a6d9978a8a92742f0fd1b08d9d7a979e7df7d0d977,cbae59562994dde0566422a54a03a4bd6b667e83bf17bf03717b4017d17d5039,train,True
1764,57de61b83fa0abe45a96e479f238d9e6f0d641e3edc403811fc6ca6f730c171f,15bb14844900f4098aa25abd47e4f62afa7f61ba729955e81c4ba0eeb69f1111,train,True
1765,ed2107d9759ab64695e4b0cfdb604455f704ac5b2dd973c400e8e5cf894ab5b0,20155ec813887a51812aec5debf53ce20d69d4f2177b62e8884ba0d6ac80b258,train,True
1766,f5c0a9986d372bef4b332498b465f20ca9726c9a7de4933fda4b456b9a163065,51eb29c09bfbc4b27c0a2769441cd068ffe3a944e44c64db7b048088bda31d9f,train,True
1767,4b6fb88639ca7e386d619fead9f53c377a5a90af934f75d9a0c383676b4d3cfb,d803b3c6f585fd23c6eedb73f2e80902a0136e5b4899fc4b9144e60ce365bbd3,selection,True
1768,e774ceb4f266b164169beb55f7ed11726327b2e147d2fe810dde3c1071206a01,75e2b79d6fd857120d39f95e5d517fdfa023d53c946c7c0f785cc5dfbc9c5b43,train,True
1769,20b1335690604f06a7358f83991f7b62642802936eedefd61e6bbfcdb88745d6,8e6533ee3ec3879765145db58ffe286d337bb75dd12fb4e2e2c2bc88b607549b,selection,True
1770,f1de907d25f309123705788e76dfdb3a8b61c8a7f3b452ba8ff8f4ec3af9d4cd,8f71f423cc22a054f0e3f85eb8c3153b4084d8f50c00b9af9e0ae4df9af598d7,selection,True
1771,57807dac1cbe39896f6c763aadb637cf9d45a08991fdcab305903fd54a09da39,44aec7118341eea375728e6608f1984874df65f93e0da39dbd447fdc0123d82f,train,True
1772,0a77a84a2d8ca70b0f693c0852e63fbc3935495a65baddc42e8a19f4958bb61b,a8caa5b24f939625bcb9a4d33a0f0dea49d04c7ef234d4d59f6d9515d355bad5,train,True
1773,a78b158d5851da6f881483b53af9376a61c07a8b34429f50656c28f9cd49065c,122aedfd862d4c907f1787d7196102a26b7bd264e3f42398aee4d4d55d436643,final,True
1774,856c8a9cb1c5f5538ddfec98f90ad057325db6334b54701416eaf8c4284659d5,207056ed6a9ab54976edba4a70503698577b199ac527a1e19af935abf7781594,final,True
1775,41e9700ec02c32d2979c061004af8e8879c557bec3b4835b8e8f29ce28b5e59a,3aa44d2b3dbcbc5dad1dbd5d76e86893e9ba63ef07d8aa07a1e2f0c0b607efc8,selection,True
1776,89b707eee032fad6e2e8c6abd27f8514f273f6535b10b98156fe54fc6de75412,6b688757d8a36354c3a42daf6ecf55e01a9779bb8ec8c8a3365cb481301853c6,train,True
1777,20893cf2172d0389c27a4f7c7a64acc0544a64f040d228d2b93f47c70448e92a,1de721602cd4cef5a3e8263fdba266fbc045d0308f665bf067e14f3c074328e0,final,True
1778,3a77964c204452c8f5f71f0fed91f131bb00a030c8ec02bf110d5c46b8267965,2e26b25af9b07b6296fbce3fb3634dcb403287a6bde7a72666bad50c8dac932e,selection,True
1779,7fbbe0d043f9bfa683d1f715deafbc604acb2b9f108c733fae9c7eb83b499253,bfd77b506876bf172f29f321b5a1e50445207e0245e70e52037a6c8bcf1d668f,final,True
1780,d06493d676810af4f8847a2236c3c0b44f21f9f701217830745d771a5d25c2bd,964b50a51c614419234c463653ad43d1e2df8b8db3ed8bf30cf295c03bba2b3c,train,True
1781,c2d46bb05e44aa99b1e2682a8ac3015c050f5514068843d5b7422f0bdec8ace0,dedc2f6e529926c4bc98e6fda623cbf5e8d36aa847dc8c0979bee44e0a451043,train,True
1782,c531336846e636770ffce5572b7f5b392b5b7e2b758d3039641167a0e1eda99e,7f5075254f187d6600eb2da2b9706a0de5e82ceceb6131644c29cad8f9ac7343,train,True
1783,7576d3c9b05ce199bb3f8ee572b40906d8a936d766c211f1c90bcdee15292f3d,b0104cb6595ae3ba306ef7e18ce25a61a3dd52ad799d5ae0a83d54952d24128f,final,True
1784,f9de4911da58b4eddcec8d542708cc10cd9612b7981025b4d9ea80a516b01d30,1c2ffa5af44bca51a621d6e2e42f4ce01cf5f1c3314dbd105f993ae54499c979,train,True
1785,bafef293ffad86d5163f9c98190b2f29ba9b143777909ca94b7e3bf16ed39de1,bbbaba1d9cf095a135732b15b3141cf1f34b4fd7f401c5c63f5b09e6022e980f,selection,True
1786,aa0bf65217b0bd1f2e14bd81a6f878c566d577255c12ea2ed6705e2b78bec611,8adf1baefd4785a8c52ee6524668f2961680bf2e2f6fc5b5d4b9ddada68d6909,selection,True
1787,72c18fe31e03c4052e131198f3949ac1c613b42b71445d79cf8599ffbeb259b6,2f8d785f4a068b502801e9fc4a486e8371ecbc42620d0678dd6695a52e866ab8,train,True
1788,31a441ec10c205723f1e7adba7ef70a6902e88b20b1995b69c6aa41b73acf8ba,75fd50e2d5064f69160612c86e65359bf0dcb675d2882b9a8cedd21383387428,train,True
1789,77bed37f134af0da0a14492c65fca0764d5400db9ef5589c8098224f3723f6a3,1f8e6065135fa4cb9a75b3ebe96a7ac8bd22fd66364dc50276408295b941fe1b,train,True
1790,d5e6804cf62332d945986987463e2cdcb3ec5d82cfb463f49aa7e3977deb3c71,45ea1a6b63518229d90cef0d7df070ded269f9ffee89dc24f2523b8eaef1cf84,train,True
1791,7c55388d9ec470b6d4f154be557a9d58555c5ee9ecdd67219d3be5e36be77aab,91233c34970c0f59c26f742d4d449d57b8298775229e669af69de79715ef3898,train,True
1792,1d3fd0cd7f84a5dc7de2073e428af1a0235920cc0a8abd34912fb60ebcb2d086,c72b0b24272e6b73f248672e265e48c3b2ce4f788546737d2863b6742eba548b,train,True
1793,ec1365b6cb919016b46aab30c2452f379c547e449b07ef46491fbc4ac01b4cfe,bd0782624e8736a1ff81a8be3cd28c04ec2ae96bacda0ad03befcc3d09bc0575,train,True
1794,28c711199fca41e7bf0e49027351d922237220143f15a7afc07082ef1bbdce18,c6d3492cd48ed86e9029329d7f12555b9d39ce6cbd10fd54bdb7a5b1360359de,selection,True
1795,1633380a01a198a6b08cef17f7cb1375c301ee97963eeda98a3e27dc234a737f,6faae2015f6b48978e479f4d3bfba3d73e8e3053a3e020826bb2750bdce93129,train,True
1796,238f73229c48de7d39e0defb4ffe5bfcccf4c3f0e5df942a3245955ae9fd7cba,38c58130ab34a916ccd27f5876e0c480f630d58c9b0ca8f9d1b9d6c98ea59537,train,True
1797,9fe825f6f16d9e7b7b8add5f653ccf09fb7b39a1827b21fb571a97f46b638472,9828121f2db880e20d82322c713f63942c261c060be1399fe85ef116b8911cff,train,True
1798,26678a18a1d125888542b44ade3502502aa047a47577aed8f1885075e2362345,b6eb8713f6b0213ac2fb02f43783a35dcbe213da094d7773206eb29f044de5b9,train,True
1799,95af97eef7b7c87918c23941fa33100cd063577ed5c0ad18a66991905ccffa23,6e8b3a42ef5e0cebf6de68ef2fa82840a166e5fefba32a5a8b96936dddde5436,train,True
1800,df80779367e9ecd2e7912a1ca39a399821dc1be9b3f4a31fbe8bb7fcc0e48079,a39fd1bdb58592cb1e25f3b0d1878b90c18c60fa4381dc3d25925436856c361f,selection,True
1801,ea57f01210ef21f007bfe64610747c2bb8570c7519825e68eb22f8bf13a2ff72,64e2e4d5f4d6f0f01dfdab4a5b365134814206c8450c206844d1b1174eae8cf2,train,True
1802,d0e684d44c630e77530d462edcbb4b0d7eca8e8a73cb2b2a641ff8423251f3c8,38abaf10d1da5f3a792016bb2c5d1114e7a28963facb462b3259781e1e185eec,train,True
1803,ca09746045fb09aac18b384fb032e0e7f38c1a745014466f5d0b003af03c4cb3,552c5d4c9ab5ae3b44e85a6e387ebdc4d3b3dd4784e544db10794222982da0a8,train,True
1804,4e5c6601e9118500d2d8afa4e83e965ebcb79fb56eb579658e32b63194b70b2a,4b4f14de0f6d76765205268d655a5b4e05631807abbfcda605edaf6b6185acdd,train,True
1805,9cfd0b2fa9cbf637db1f23a60df9f348aaf33dd8c6549b4e34a4604bf42c538a,13a0ee640e476ff9eec13a0e866b5cbc5feae9bb8481204e966f40eb5358941e,train,True
1806,15d4b8b664d02a7a4b4771c185780863227dbca33126353b9047b5fbb00cf9f0,671d970f1df108987c859f4022461d0977523a3141cc85413c305e411535f592,selection,True
1807,bce9208fac01364e140f3b9d6f5ca1836b6785b4d209ad88fb8de3f42e173942,e7ba913e3a23f5cfd8a72da22078f1c57d3b25ae3f57b5ba6602edb2db122165,train,True
1808,ae50ad3f3c26f5035bac1f228de9e8e53a7d49926a178b8ccd6bea0c4c717ddb,50db42a8f88a7d96a939b46c15cb690584811cad5fa85083f6ad02fa6cff40a9,train,True
1809,4407ae9e90b103dc6f0c0ae8086f3986d7028ccb15ef1060e4202519fb994406,6abe368a3944dc5defd923e007a32afc5076bacbd59ddc5b9dbeb6ae7b0d5fb4,final,True
1810,b3807e6e7581ee34e9e8f39644ece0f77f7a298ada24588f10ca10d5354f737f,2bf6530ff8363a1aa7caa205dcb130f6797a1e196dffbcbb6be349d3d902035e,final,True
1811,daef9d9ea5254ba8c99ac6df427673d88c09c6868b95d996bd0070f8ef3a2437,a0359dfcc28795af21a83d77c33f337fdfea62dbdf8b492f23c4e03fea35e89d,train,True
1812,9a17656b0ca63aed35462bac124952acba733e2873a7b95af200572a13dd9926,822cfd3fc1734a450fbc0e47ce6bb06371a42450eec360844fb95591f1e0f310,train,True
1813,6cffc87f098d30d71065ea7882cd28b4332d2709300a8a57548985d91ab85fa4,2ae993c3b08e18226890049d247f21d538d2dcf4202c40a6009ff358113d30fc,train,True
1814,c23a0f45af63e732b602d4e31a10ed865d5a13ceb3b4eb1fc33f633ee1e24be3,de457778d80034ab4eaac705e95ae41c81a3770d90c196c43558a929361ebfa5,selection,True
1815,30459695e5198d28a8b33bce4319dd65c1e6d7c4a69ae0047dcb363954988e9e,66466285275d99644d999de67c84a60b45836a14f54afae1140c60297f148344,train,True
1816,f48edc3753cafc2fa9583b27218103d46611c05f3e26745800bb025f3e1dc469,96e4025f0a3ea8f540d30e95e3ac2f4b3eabecbc853b90c948a092e844c005ed,train,True
1817,e6c8afb54d3388a8d0b91629522e91d54c3f446c0c17b696cbcc9768c11495d9,24927730a085aaba9e6494ef91a1b239eac27cb8dee43889833f4aa8450d9d38,train,True
1818,3db7d02236b21d551f940c8cf97cc3792347d0a930ddfb835e472ad0d5028d86,0832d1ebd78fc451349fbdc6a63031d5b5f03e15e2fa8753fc56abe9315fd46e,train,True
1819,33dbc0a6e6bcd2c445e8a841822921ba19759d73795e07c2e3180d920c489154,60873b341b98a99c3378c2751f2e94e8998eef9546aaedbab8317e026b2404f5,selection,True
1820,e98188d3a45bfeead8576aa4ebca641b764f6f43888e8a378ccf81bc039f84cf,8e523bf869c377b8563d04bde75dffc994e5c90d9c8cc79fa80df900c660d9c2,selection,True
1821,e4d3ffc681a54cd4def3b5c2c1654fdb0656c1f14d67660c982aa623b6b264fb,f6f5e6560295f3bfe5267db411aeb189590c153b07276fc1c7c58491e1af4d7f,train,True
1822,17378013a7f77a0d4d15689fd0bc7e56ef38a955f2b618c4db0b3b4080a7ce55,0c0cf31c51d8caa02a401596ff3d7922959c2710d0022ae1b04c3f325830744f,final,True
1823,69808f4b87d4b32b759d583d2ebc0a0e36fa4cbd2833b82629d615bb9e48d279,aeca6e4081f670dc2735bd5f10ae618b465370e50b5a7b44906e318240c782e0,train,True
1824,5ea367bbd1c3afeefb4f238f7ae1fc41cb1cdc2f654af7f06b0723e1209c871a,88654a6f1df6c111401a3c188a49e691ab8d3728836cee920893fa0de99e5867,selection,True
1825,5178041f77487ac31242c8ef3389b77ab0333f4cbddb02adef373506c1ec8490,31c5d26236698a9546ea919777f5369051ee19cd119a9a2f2f4694495f395eed,train,True
1826,7738609bc70500e1e3b43658f3a5eeaccbfab88915bafbdd6ba61a7f8e29dfe7,b3d1f1a2de9af2d457d88574181d73f3a3f3b3e6ffd4f4be61c6cb5eaf60c553,selection,True
1827,04de9ebcb27f34c1b2c1966145860238d4e8546db28dcb2ddf5ffd3f3a761184,f30f90bd3cbb1eb1763ab3ba139caf816bfaedc9c9e95dd693e7432d37a6466d,train,True
1828,4fae5f066e839910f24369d83eed0798ad1c40dc7f2b7039970c85f26c2d7bd7,5a7c0ac7e05385088456a1bdb71d6defd494f084bba0c5fb27170b1dee28921d,train,True
1829,e1bf8a324113aada4902cb365206819c7ed153b068901f625d6d3088566fc8e1,b365954f95b33ea4be8de2e53efb5ee7fc0ebce999cc0ac92ab3a551e99aa129,train,True
1830,e483593c0b2536b679a9559dcbe4089c88e743f6dcab379b5a5617234b9076b0,1f6b79f1b0e22bb51abe9862a494fe956425dbdfe4664554811470098c2be838,final,True
1831,95b9c79cfbf054adfabc7c621250493c3b9abc01505085f6f6b56ae34534941a,87a26c8985af5f11a393a285f084a73418d34bb3e44a07f9417cf3fc78a1c451,train,True
1832,d74f96dc30bb72945cbc61829b4fb5f6c56da90e2c1bc7baa29276f2a81a3e77,1a70400e2f473619223e755a637bddbbab8712b00ca9529d45cf38c2a19cadeb,train,True
1833,e9c29befa8275889b3d0ec46714f926ce232e56c1faf68e598934b21d1b9ecce,03d4e54a41a725f8a371af8a361b24efca4e7eaac953eb498f39dfc72bee9b0c,train,True
1834,6d07aafb9b4eb86f9ef752ed45b133dc7dac5f258247ae1b9ce9d68f140c6940,e4eebbfc7cc1f3b9129ed835c513da36f5282f2692eecf6bb046de0eddd63ec1,train,True
1835,a0ed1fb27a7393e10e2b0d5bf2e7b2ccb508882a6cb0bd9b5cdc8b1aea40db29,c16c250e95875ac2aefd67e4bf26f990c99e2b4c91002889e97e6116d09bbd6e,train,True
1836,a9495860ee035c78f5b952fed68c8715c22932fc3b0703b6b94aa96f4bca1e93,630c679ea006ca954f4a04e626baaf9925e71ab3b49fffc19ed124baa5aaa45b,train,True
1837,5745d489859c0ad8c35511112d7638d3c1ec614eb6e8093e8b71e073582d1930,a35e7499c3f504cc8fb83f31621886071a3a62c041ba219a5e2eedefaccd920e,train,True
1838,f691624923c3667c41adffaa33e9e75ec5eaeaf6c1f8bf82e061080bceeb1694,26643a47628da0bf51eda92ef1c247e13f3c20945e760c802dbefe8cee05abe7,train,True
1839,69c9f728aba0d6dea3619df9a8ef53f0dcf3e38bea6ffea25ef5838111db5718,a093053f67ccbaf7934092e082760c5ebebe16f5ab0137c6c25600a275169e94,train,True
1840,e349723ae7210309dc9244f538490440781cff0869f7d53c10d3308b95cb4467,1045463a8559bea9c8e3023abd0d7dce8b8b6f9f57d52954288de3e7811697e0,train,True
1841,2e018b75ee63abc5dd5a264bdda82795ceaa3739f3b53c253694397c0f33d9d2,706db29596d348cb0f04aca224ea3b9ffa3aaae33ed0cf2a046a614f3c4bc11d,train,True
1842,5580c6fef3ea346d14c1006ecb1c12d890d618b4e9b8e39ad6356d98b56fc75d,fe79f78c957afc8c79def0080ff134fc6e1852d3282ea98d436af96b6ac9070a,train,True
1843,cebc0da102da250b0ba8075a1501f3a3a6ca8f1d55ac33209bb31dfebfd2ea8f,5ba7fd4ca1fc2a9c7093854f1f632cb660e863ce9bd14dc2c2575e6d5f3aeeb9,selection,True
1844,b81d1a2700e60bb6ecfc02f6ae101bebae08c1b3734d126fa4926e730724d6c9,28a58b24c0e0c41242d1db8324d00e0fcf1774e5dc8be0bc5217c3ac881a3d31,final,True
1845,43cdfce9427b2b1994087342a5e00d7d1a820b625c1f82f3b15041b0a2cf0bd4,3d1d6f63fd310b9a8dec5d0d442f2b515fb820f2bf6e018b7c3c4777f4693717,train,True
1846,44eab15f4c15cd088cf531df9d90671ba1f62f4c7ed4324d3d5255781d1a1154,c2b038b4ee48ca4ad926ed4bd634e1b9072a6c5945af41268d01ee0777f2c22b,train,True
1847,eb416bfad42c6ce32587351725ba1f71d4bb39b6fba0971d4fb0d8ca3efc80c4,916d8df2c5c53ab90bb1d61bc9a79bfa70b5c1777622cd55805102d9120d93e9,train,True
1848,3d5d24f3b55a1275862a0c2708b89db9d24f37a92be2de046de3fd962c58bc9a,92a4fa0b0d34dd969c43521de254d1a6db56669d2615ba9b679f0b0a2172b0b1,train,True
1849,15d5d9fef60ddf3f93bce066cac5aa333bfda65a7089c0b3fdd3a3c641747693,0b51827c5025cf134f4363196f06c95a7b3494560a111821d1d79695caff1519,final,True
1850,79edd11dd4a80f0563a4c8df85b02c09ae4985d8c15a5f74acf7f71f5039e696,396ca928cde0a341d05eba925f85d5e7807c6285e030c277b67fd1ed6046d61b,train,True
1851,25168df9159c5b37e79f15fd3119aaf7bcbdd6fe10f9e056aa2ce8d5d489e738,9bd82f44bd067b3e776b8a98812779094c0580225c60eff66579b88ed5bf2d4c,final,True
1852,533cc098aa97aa91c13d8e7889df2edfba397eed3c04bf113e803a0debe892ba,787bc530dcea8e14662a44db17601935f8fd5f064ac7abc22efd825cad43137b,selection,True
1853,2d0ec23159fa3786db072998487b09bbabf2f53cf63835669d43ae46f6379f30,f5c0221ddf63a48e5c2d67b76a78b4f99cbc524b2b9bb4caf4e5b6fce4184380,final,True
1854,6215d143d0b30335f7c3316c5202c1f2daccbbd388203c73b4111bb3e5573d3a,a60ce3c6624bddea46f0e2e4668d5d58a717ce6db21166cd71f0572d54db6fa7,train,True
1855,fdd105fe743c4a63b9c62a7b89ed0bbe6848a12832c77c6b8af04df604288074,4f8fe4eb3c34dfea5892d82c9f2981c75804ce3832cc2ffda976200072c4ceb7,train,True
1856,90e2f18a2d79d7d63b198e0df1fc94b6282d9ab1716ca35fd8f38f583bcc4ee4,117f6e916f8f347dca5011c4f249120a4fc144e7048bdab3b05e96fee40d3bd8,final,True
1857,7ab02bb532daab49d0bb892fdebc794f37606748ee047b952c9297ea04958dcf,31258ce0dae72ff55b8503470da41932081c2b0b324a11cdcf69a78c7e8b8e0c,final,True
1858,bd211a9798f283abd3be7b5c869ad47ec60e1bcba3372ee699b3c6798845121a,cb496aa3b50db90ec120989368765118f6a482a0ebd703cf71280c345937e3a7,final,True
1859,815c56f40f60a3e1d08cf8bdfb98da76c71b392b502b06c21598b50727233598,a7a9323c89fccd7434227cda6cd40d86d76bb219c6c4e110cadaba77dcfc7b19,selection,True
1860,7d788ab49c2b66b6c9d93d7bc21204cfeb71f3d1902ff21b296483f6969aff5a,7dc12d70ce6fa4c927feb769b7c547c0206cf9c1756d196334d22a1fe376c439,train,True
1861,b6bc072d6382ef6bcc272022369c01d9d5096b457da713bcebcc79e88f36c6dd,0b332175400ac3096cf589d577de4815bd87180087719e09dfb67b81d607af13,selection,True
1862,1e770397677316df912b92a72e615af7bece7b8b5c0fdbc5ecf5c3a04d635359,7dadafe59ffe547db3a16546ff705f91e1ae9928855a97bbd03ff3041de8d6f4,final,True
1863,635503fbcc7aa08ac23effa1398ad4bd555a48680af1b8497e1da580852b3311,6b20e8299774722b364209daf16ae2dd788ec8494dd6177068adaa37fda2abcd,final,True
1864,0d605f7cbbb6eb062fc21a52ee457ac322206106438a2d67cea466f221692bb9,4cd140cfff699673266bf2830f2bab3ed915c67cb4c3824d4560ac06a4782421,train,True
1865,78045a7ea1551cca2f128bc81005a70fe5264686b695910a891ff33dce5860b7,9a37f348581afb8f9693484d86ee21c61bd227a11a30a7f1586d69aafa34e990,final,True
1866,a1088bc8d2249426159aa2327fdde8ec0845b5f6d594a8f1e7919f0140274fcd,ce3eb6a85720c5a9b66cbe44e9db9557c0c6fcaf3a05f5ade73d798503638ef3,train,True
1867,7413b9ddb118e764018cc85988271d47ebeceb2819d7a4d4f5bdcceafe099255,5c4222c248f938b70244e5762731f4af76a0d0dce0482f6342586047bbac2678,train,True
1868,9175d074d813549b662770fb2c22a55bb8d3610fd5e99c0e1a8f05ab30bc1e37,5daf2c4078e15ffda2cbaf65722fde2624f207519504ff0d77a83c83d31f4c76,train,True
1869,a564b15f22f6f61dd238ce2698e35e5be5df1d465086b58162e415515db79274,5747c07a1bc1b612930f268a925ad42d1b0419acf4f7c1c12f9461f279bc4769,train,True
1870,80e8ac636c900fa1721b0b1b40da10f963c22b25499e3cfb505e0a4b295687b3,0a56b798c9058061ac2bafaae2403a68b86ed2d435dfee1fd2632f9d60df871e,train,True
1871,f890172f9965fb4065d835af3562323b345bda080ce97b96d271c7e895947bdb,14c35fb7549c1ae9d71bb5c74644afdfc8b4fa7fad64908d3e207aa14269bc61,train,True
1872,0002bae1c7121047d59c464350509ef04851a56acac8a905f9d8ed810d41b9ca,559544aa4bfe07977280bd843185eaab36bee879475fb86f3c97cc7c06076b54,train,True
1873,12952cc348346cc992591b76f26227bab83558c0dc3d8a32238b7c1c000dbd5b,a90f8d8df453303f995cd17b35112fd3f847753d5a76ffc6103c6e1f0a5b6ff9,train,True
1874,375109ccfc02b493b82c6e8ff345a5786feef05e6231342fcf026102fd32ee24,4db672f0b30b16a4b7e8a547214dfd927c78d0f61ff2293c524ed713c639c466,final,True
1875,889cc01f2eec135e0fa750393035b76405d139d842ad5350d6ed7ba78a64b1f0,3618f0a5aef84319bd056cae9ec3756370d529e696988ce10479dc8c21f9b0fb,train,True
1876,c9130eaf1adb02f78f17d5f5c9f671aad8b81f75c7c2fe6232e393e49555b603,4eb43068805b656e18e390b0bc59ed9c0f94817ccb8755f3bac0c9871989dae2,train,True
1877,e9c4f099d96d8a9c5f9f065bb2489f632764a5e173757be3ea3686015c3ec8dc,6427d4e25418026e58d92de283b627ca7a5a26f7a4d3d7cd9ea7e8bb45a4a4d2,selection,True
1878,899f9dc7875863edc2fc15ca001fba006fa751cdb0fbd1cce66fd9de46875ea1,70c0849098de79059ba8e238c627d1874c79ba80ac47a5ab92ab093633f287bb,final,True
1879,9d3f2de4c17b2499fe2dd64d13509aa979d18d07fceb0b7cd1d32afe7414d6ec,e279780fe7ea54919426109354e9121b1ee31af451af31c96e1f59d207e4169e,train,True
1880,313b9da986dbbcd56c9aa6c6f5764668eaee8fd6a97aea3273ea6ae334e2ee3a,9947afffc4ba65717da66dfa881810bb33a887971d36ce345e8d068154661a4a,final,True
1881,62c262121e43ebce2be423d0191cdaa6c4dd095da85f0485efbf073317a6b6a7,0e7055d03b44954bce5417bc71b2acf3847751511727cf021956a23c1101d157,train,True
1882,a23363929c598c71b9d9e4ad88f0137e9212d0523f00cd2fe0b20ddae0bea86c,d3470fa9f15b4275dc2195997bc00f9e1c12c38ffccfb0df5f663b56e6a96545,train,True
1883,21d3afc64d6dfcaff4e37f8634bf96873d4c2bb30eb5bec72df39f1388c66daa,e9c3b9f03100b4b95549764c3f0fa4a9b02f285ac8260994cb30da6633edb3fd,selection,True
1884,fb4b52c6ccad7e29385d65c2f381289fd93ee76a7e2d0c9edf684961f9031459,6c3717f7f7d9fcc65b869fa4e2177f15a95e84ca2932d16162ee24b5b1b62ccd,final,True
1885,af00f37e9b4509c220a3d708ca6b74ed0636ab4715d0711db8248bf34e09f293,2cae9ad3d7f0948a5d808ef38c699a817ff50b00784eafdf744d4320d3587238,train,True
1886,266e8336b216e68f30bc528932c95d26a770bf59391361388bbbae083efb5eca,82edd59e5f24974fbd00003391e62f77a1f6ed464f6c5b46ee047987dec9c395,train,True
1887,81e077fe274d8133451c6bcdec8003295fdf297d26814344440a2eed490ffe3a,7f243d22b3d0c85f3cdc6fc1c32a387224e2822cca5f763dbda3139bb0e2b4d3,selection,True
1888,92f2271e3322c527603549dae4e453564a4374c2f8322113ceec4a312e82b2b7,acbb67b491d32553128d97c3d6247967a9fc09f255a13ea7fd0e521395796506,train,True
1889,6ebc5bc7b49221e32b8c925bf9b7a90083cc82d9723b4139f086647734abc945,86ada9cb3bf270a74c5e6c1b582ac26e476cd7db473133a5468f20f234c5389a,train,True
1890,657754115e3f5857db271f1692328d4f4b6942eeb697ac8fedb78343e6adfc47,575c844bc6ec938112ef3bd75754d1f1169518cd713e03d5b889db2796e5b72f,train,True
1891,1c8f011d08dae5c9e6de2fb226df4a28ad879be9dc05e1bc738fc3d3aa38c208,4b5e5554c366f06f2db01db554ee79ac37ca72c41b83410642dfb9c60dbc37a3,train,True
1892,a9b6a41d6e047033d7781631757e155459526df5ea31c42978c9d342b6bfff91,cb881277f65f975e2882b8bce4125d73d4f6e756d7bdf2af102ed3cac1b81343,selection,True
1893,e53822cbb88354c3c7b550bff50041e7480130f7c36d3f55958bb4a2c058d799,49cf0d4d879607173741745f7e3588a5cc452ad833669319a1eda3b2725f74f2,train,True
1894,807e10d985383d02ab8a23d115891d140b8ac02d6a4c65792a70d4d7e5266ded,851e2747f59ac3b25aac36f312434e2ad547cead35441db60a6da813cad76b36,final,True
1895,79172cabb267e896d088ab3f2ee464f7db95934b2284c4c25ca82b1c0d1b7b67,4041b837a8adb1954fdec103460af29182da9cffd80862663066b49af2e624b7,selection,True
1896,6dad56f3c935bf2cd589b6fdced4373f1b919b0ca6d4962d6925ae32a649deb7,38cceac308f3af12793127323f6f3d1e5a841a877c7faf3bf4c1b60b17338467,selection,True
1897,1cd4fa5bf02fef556cf27595953cb7e75b7de02ab7f2cefc55980bb5305a4c4e,e5ee510e920ceb12ef61db768fa5166d09cabc8bdb83a17878aa55805affe5f6,train,True
1898,dc7b114dd4b6de66b01f7f50e72cb8c445b7c2a7f831d5394d37a97f0718af67,c9dd80aea89d6718e9281d84db98008437b67b4359ac19bd68a53e63e1ae8d5e,train,True
1899,ea4a05a8260549f888d80a526efb4a0aebfce548d78a11c6890ab064765031bf,28b7d0ac5060ff349128d9047bac98a1f3443b81e226125647cfdb951ab781c9,final,True
1900,bcc1d3184e50c84e88c7a898711ce3ef8931b4f9bfece2a88a864a14fe8d6666,ec59da71d7fc04f6ef0ba5d02f50a8595f4634b1ad05db829e2a68f751eeefae,selection,True
1901,7964c6c2fc6c13e86432ffa313e98a37e9173c1795628ec3e8acd22c8b9caff4,40cbfa8ea18b43355fb38c7a6b564f2810b6971c690a42ac7f9b4c727dc4abfc,train,True
1902,b86ce66093d00ba30511c71ebcec84fdcfffa039d9070f1bc65c8d42d2530338,e77d96630c053463c5f76ea641661b997999ebcd1c1a26e5a4afd74ad7d2ed37,final,True
1903,f040f06ba2b5080c40a0070b330da860fe2c45f3af93a14b2a32b6db1b96ca55,c93db615aa5c0e066a617c522ce4507d170dff6da02922084a5465a1a6220975,final,True
1904,5c11f42370913d884a2cddcde41e840e5a846c707baabb5ae81b4c926b94d5c1,37b9831087bb56c61c2007dec672f55d4de86e2da419fe05abf61ba2dba168c4,selection,True
1905,5d352bb42d15e032a057b1bcfdf55178115869af9b7a997ca96bb6c2cebea3ed,33e344b84e4222c890b44345e898e9b0855b1c6c7338c9c615563960addf9a8d,train,True
1906,570ea0dd6f26d9e8abd0951818c5d876d3cec55d343364404a507e8a1fbe401f,dbe690a8fa24ab8372b8ca1d872060f05c6dfd183eb1cba7531c39d0f38bd996,train,True
1907,33d8f4b584e014db7f3acdcba25449d67e6230efa3d2991b25ce0a9beac54534,95841680135b31155aada002fec2b00ea53dc4d52158fc5c8c7143e4df555ed6,train,True
1908,457c6d8909c0e9b23cbb37d617a4facad78d921eaa780e5e81db672a802a5396,f41d39c5cb6af023c85a55f1c386bc450c175aa5fd34080e9e20d29e60d4e4f2,selection,True
1909,eddd56e3e2e9076b247ad79a966a9b00a2310d200ea132786d7cadec54499bb4,43ef46170f229b2ea61d710feddcd2099e809c58deb82ddb9d94be20f861711f,train,True
1910,0e0e421579b9a299ba1ee86cef17e90e3e7ec0690a494825358ca29f770ea4ae,91c40cdd3ad743de895994819c40eb94e0db8c4079eb54e925b2dc742b3f9bda,train,True
1911,9e9f1741ad680e47b99cc72d91f0ad1ba8aaba80f82edd51961acedea353ef9a,fd5fc52394f854d0159f26510da68be974268e2aafbb55c0e0c7a60b3dbd73c3,train,True
1912,8e98be61b5ca8fcd8141aa62148158e0cd7bc6993c21002bb8481c958837edf8,288ca8d9d8cbf1ebcf653bbeb3a8351dc581ecadc992a4a90c9a1d8224938b11,train,True
1913,8ca33637fd3603bfc754c3fbd968e7e0530add58c0c12621caa75b8acc7eb7df,5ca8b1bf73bec938b28e6202a502f03fbb3ab7598f53433f052ef3b54fb69333,final,True
1914,e910f7ea1355c3e84e76513248485cfd408c3a14524b313d9401b71379af2653,d686dcbec43c233ee3168ad35bc7c5870a6202cd017ddd2ba7654f111f04d35c,final,True
1915,ae1cb35aaf6da8fe49a653c3c20b4d0c792b1e9cc53a0189118c9a0c6a451796,9c25c26ab13fc78470926d9120dd80d7528a2b3eeb9120fd60b9daac40298440,selection,True
1916,45c507b84def1b1981d644387756b96054575321196f8e676f9aec360aa6ca16,ed9b3c959f6948ed912c69d3aba0e61a3b88426988d6ff4766928e7661d1189e,selection,True
1917,ca81ef1b40123fdda9a272631a150965bb458a3c16eaf0883a87ee64ea592b63,da1e3a406e1ef1833da3167c4040e2dbc7d3228c2711ad4a6f371aba6122e885,selection,True
1918,30b8d7b3ee13c9653b731fea49b501c3098049dbb0881ddb6e91387672016586,3b922ea00de067c5c6339b0aca276b5e51f8409d934e55b1f7942263d77cb34c,train,True
1919,dcb423d0c6b03e4583de691defd8aa2c23276ca506685afd99061b6893c3a9c5,e22892721b5713b90d4426bfe909e68bfaef6d21cd3bcc8c0b4fb69f00c978a7,final,True
1920,0e9bd0fbee57e388f8d015938c7a00e53479dab86b0c355509830c431c0b0700,7cbe0df091d973f34cf8b0d3798e708c189952e35248804e035767967ba3bebf,train,True
1921,63c17da23d951cf27149281a696b8f815e8f75f18520d925c52322b2e5dc33eb,39617e0054243ff2d43768ff934b01ad067669904ddf99747f3235c714394c3d,train,True
1922,a63e9c0943dc53f8d59f4ce531483705a441d0eaf05cceb9c1f320a780007f74,09042e016a31a9a94f154ee9f408c6107b1416eed043c6157132881894fb3811,train,True
1923,a3d0d1119a0221ccd99f7b0fcf0a6707b54b730c09f828dc10a49656259ed03d,0e1ac2687746faf78f46de9fa21e18326908d36d92c6bd1ec69d33952d55f3fc,train,True
1924,d2a27bd4a53036c673897d2145becc73f9fed49320425ea6448c98ba90cad5ce,9d86a4392eaa094a7c0138df133bb515bdd9f85e141ce81ddb6b88c479cf632c,final,True
1925,e7ac0031c13e22c9d97a4b184276a796780c16ddd903cc8f08332c4600066e48,391291568cbb15bf68706f999f905b79d9d2eb39a5762bae09d10e4c4cb56031,selection,True
1926,94e3c76ff3f0a1786d90057d8723749d8f79f02a389f073581610d0eee9d040a,5c69970281f9a3733fa166e3331922abc691b587f903c72f3d079050d60dc31c,train,True
1927,aab7e1fdc2f5e84bbb6e6e5f88a067bc1b393e996b1284ce2cda4d3143eb10cc,97b72ecf0d5352b41ee08e2aa6298ba3b0037a16db0540891bd122b59dfb48b3,final,True
1928,d79baa0d8f37a965f69a9852c3a11620933585712f7ac1590eaf56bc3200336c,29ee9bbff8624fd1104977503469da984431bec1e2d959e3bd230eeff2e890b5,train,True
1929,491c92d334a698c50daa70f1faf7a1d47f642f3956ce0f31e5bb73508e61d15f,d3d2ebc80f307e1eba42d3d3a7a29754b7688fe9070055f25c8f5cd3b9a2bb36,selection,True
1930,4d1074204a65041745b1e0809fa5a27ddfae91b324f5eacdca65ebaa4f34e0a8,047f54be18eb968d32934d5ef4a169a0a133e00b28000ebe83bbbb3c1606a82c,train,True
1931,b72f990a75246e4f13e0e28fdc159c40ed85f6f8e80665421684e9664f218251,cb426294b0a717b494b6050c211e3ca215dbe6f0bb94d75a459c3603cf850424,selection,True
1932,08441934fe03d74c5f1a3e663065a507d2ecde7bc3ba577865e99268c28012b6,e911ca65eca6f1ae0c253cc5946886028a9f30512427f078a2cda08feded8598,train,True
1933,c7e0de7e61c943b3f8aaf8d56df217b92bf53b2f2350eb87e0ec952295d5b612,8425762338c5a4bc2dfd4e1fd660d92a2e15a05b7781db63d0b04050347c5af0,selection,True
1934,1ccca75ace3914c1eeb2d63dd37f39d6fa4a7dcda288e694e535022bf211bcc5,64d0a0eece52f222d2f48e583dfa69a62d5cc8ba833f3236c53206da477e1b5a,final,True
1935,c8507a2198e966d45a1e5b58dfed88a5d992c049bc556d75b3a3261d492cb1b3,8ab9bb2e67f9a76ca0fee105f1b96768ec7baa125ffb1fc8d312e1e20b915c28,selection,True
1936,0200de9ee36d4a419f0f4e3f6948975186459620136b49f26a1838452c117180,d6b9247f55d272df38b90791e7abf2bd8b61240a3a022d169167a110f234f825,final,True
1937,75658f6624f527aa8e4845b10ac7cddc4b06ebed4065a4bb2a24aa2b46eefc42,19be6ff54727bce138fb5a618e12b5b546e953a8754add54084d1ecac92c223f,selection,True
1938,b2e62d9b848732d006ee40f384e5e421433784dfa8fa80fface814ba28fc88da,6b7643e222ae09b458eaae337132c60583f2d39fc8c6f82b06a1dbdaa800029f,train,True
1939,e7c107115a88366877033ac40ec7533a9e087ba06b7b636a988e02e73aea66b1,f5e6aacafd0a41a710485265dfb97410eb0ffcd35636f366a90ef0c629c7f58d,train,True
1940,92ca86b84c64fa3d22e308097d51a57ed1d64581f7eb3ba716ceb2d1daa1eb60,3e7ee676341ef040162ba54e9b331386ab6eeeffa957d12749ea934424cda447,selection,True
1941,50d358dcfec0869c90f76745e37a6c499ee52e1a810912a38f1b734b3748cc47,6ae73f469c12234526cedabfd1b2937d97a0829e49fade073f75ef09e22004e7,train,True
1942,5abe7b681a05f31fb75397a3164f009cda2db2d93643b8abb325c5c60a4128f0,79ed8fe15604a1627ef508b291a77b227a6e835d491f359867cc10c68ca28429,train,True
1943,32e37856a93e1beec56a64e9a5300a48e131f6a4dad38773e6e46591656daf9b,46cf1de1632e417d018405880e6b33f61f053cb3f9555c0bad8f5fd388db6ba0,final,True
1944,544e5417063644a0f5072f9389b9fa8cc8a8f2dbc7f95ba3a9d52091c6bf83ab,a71f75073123635e7781710894d8d8d719ef4aba21d9f2208a2021a8e0e1d12d,selection,True
1945,6763bb6198d03ae6f952959c4adc3090a9bbc3748eb5e32f168dd5489cf6d6fe,d8f79d63d7fff130e1336b923b094723217a23fc5b76daab33f5382061dcbdf3,selection,True
1946,5f96f7f70a804c79ccec73777a1826a6f43219e168976d1aa889c769ba3b3eaf,48ed29495cc944b360fb54946784f4c17f3943e1b532ebd3411eb8c4760f87cc,train,True
1947,5f86941f60460b2edba780c2b720211ce35e0c3f091e2bdc0570f88bf40b1255,ac7787d15a0646e40e25a3990109dfecd13a57c89b36ac469bc2335578c0ac53,train,True
1948,fa20ea971bd9c2ef147de70cb8a1fa87c4643b84183e7caa8185d17a0c5d0afd,992e089f175a47f7043ef33481bb45c9f3eb89e1c7bbba6f4a7dbd904477a0aa,train,True
1949,26b009a8ffd79a6acb0040f0c5638a1ae045eaf6b8b79abce064ba631ce47dbb,df3889e2f69ee40df681d192e6420ed3c783a587173760efe56cc13a817cc97b,train,True
1950,802292a0aa0edd6cddbc9cac7ac9171812cf12b7617f8a16ee37d8b4bd0f2839,0a23fba73c7281260afce8b1c4b4004d9f4815a1961e88e3bcd47b5658cae469,final,True
1951,de9a19b9f93f4814147f27fdc2996ede9bce1fb08c20dcd5b433659597ccef38,4bc9d9a96438bbeef6ec864093878abd67abd0952ec71b83b815c663b2eca556,train,True
1952,fd4ed5d326eaf1c0389314f46ffde49cd669eafcd6795f2cf9dff872ed355c90,0dd4d211fa87c4ee57a8b869cb951e5a682f7ba4281a3dfb5cc11d2307331575,final,True
1953,b6ca08f22eb79a9c2ff83ee6fc5173fe9a00d83f5b91623d4f34cc55231fcda5,3b2d9621e946c4a2a822bc3c3bb89f12c5123ac4d5078a34bcafaefc8e8d5b12,selection,True
1954,6f98ddb57fa54e8b0dd93c26dafad2833d7165e7843028ee33ab902798452440,6baa284a83da88c03157caaf2df49634bdecc828b746b63f37d87cbab0aa9db8,final,True
1955,eef4bbfd30e13643d1f11174905ea8a0693ce737aa49cf015b8117fb9733c04d,6f51f6cf569bb313f01f959909e3e543d6dae206f653b63003052011f3d982be,final,True
1956,ce427b5270ca0664b9c7f04ed738b569ea2d3e8f507250959be2b6fad53a7ad3,e862850613039cb2fdc66ce40ff79ad354aff149b8b0e664f4dce49d34bc3304,train,True
1957,9ffd78dfef71e915e1e2fee56a41b25d7211a41714ae509075bbf350196218f8,5dcb25c1d2066f7cba82be113601c81186df1dc9e5c628a2be129de6f1f6eac2,selection,True
1958,fab9683fcb1615a2568c46cba462ce44c78322ea5b76e77a32d8eda3f7fc4874,25355bea9440cd882e4698de66e9150f0343c108918bca6bdc65fdce05cd4d10,selection,True
1959,afc1aeb5374766775cdb1128398483e9a785bff88ebe29d812fe17ec36adcf52,b63e282149be928bd4594d60611ba29ed3bf281fd3af80cb0932406c9177b332,selection,True
1960,625cd6929dfc7c5eb709b02eac39353231943e424e39fe6c29f65899f11cbd0d,c31327bda85688b403e06eb8562d54506f88af9ea16d93ca252caf75d31c97f0,final,True
1961,1dcff27470d81965a5782e9c4f19415d6037c2890f6750f2ce461a9fc5221990,d8e409e7d58bf800c57966e389bb3a57b81430faf12e744e0f6152bb7cfbb09f,train,True
1962,598364e68643d997574a896bb6621bdbda0b2e79fa24e1aeb7d4109b995b0ff0,56d7ae062a4c03a225a84a980a09baf2dcfcd0c2144f5e7ec0b4404e76a2b6fb,selection,True
1963,625beec8d10216e1b7f304d3c4e8d246709aac667755a221ce4935045030912b,089a9a39c0046c05bce7295550aacc21697458e8fccc84ec914c73a18d0e67d0,train,True
1964,203ef628f63b79d373d3ba5a57ed646c3a346645d415a5de6f0e3f2469012327,5f2e5a41460f07d4b9c8280f422154c99571b7e860592396993985f11e98ccde,final,True
1965,f549ac9bdbbd6087ca71c84f2cc141ab7009295df8c193cd15a52a46a43c361f,364194778dc1ff3d5b477572a80460222ddb6287b7fa89af33970e05c1a7fad3,selection,True
1966,80bd5f26f0f5b57f89c92a9cb030092a5139d325ab41a22e3ae3c7311accc43a,5bdece2d231de2fdbffdf9c5cd076608b26b4c3e3564fc928d5c20f8801930c2,train,True
1967,5f88fc58fb43eb86beede14e3991d4016d867ddb19c0c1c823ccd23aad474f7c,753bc2f81bd734cb48ee7ddaf4a78adf1e6f839a2e666a09a4383c12114e1d5e,selection,True
1968,89b22fa6b635f5503576928c76d8148ac5e506c42a866eaa86f609510bb41a91,b9e3886a9a923b08c79d0c33d286d60ad27b0ab4615ebf9215c2dee6e9e40488,selection,True
1969,d672bc091990eb5d7df0ab35d67d453a9ed99784181aa3e1e42f2f553b55f0b6,a3b6cd8d57a11b0a4542773c82791170a5b8e61af93508165d1cd5053d42ab5f,selection,True
1970,e2333af0cfce03a859a166537366fa9811c7b1cabe33d525773893500957fe9f,8b2cc504fc44e1f72784b0a7b9d066df3a0c5ad48d247b669552b9cd03c0a2ed,final,True
1971,44e6d95c8cff4b69d14fab17efad8d0e69c8ea99b7ad607371e90e58e02634ae,c92d8205f32ef9ed6b0d8527042da09922f9791e409eda50281d545ab3ee03c4,final,True
1972,0cc4bdb64ff40fc3b2add53feb9322e259d8d332ac29231c987a033af2460346,5b7cc90b176029c1ebfd5a7c4374352bdcf2b72e1e678320fdf52cc3beb81e86,selection,True
1973,33bc271042beb40a20ccb88619369c4b20c77fa0e9fa1c30c1516e6817ab7a6e,e4955a0b1f967112e5949c87cd6308b077134ff910382659e67bea1000803a8f,train,True
1974,5f37e36c988ce9f380b89dc78b02883c026cc95240e6d4b415af25ae60144d7b,79fb3d0e777d71cce6581dd60356264119548d3eb170aad2c2a16029465a4d5e,selection,True
1975,06a475c31c105e3ba06655e8107a36afc651814d676de476aec4c8b99f12256a,9c73e7778c9a89883649be5eafa36c25521e6256700ee71eb6b5b88f7babb95f,train,True
1976,7adf5c9e530fc2ff175ddbc3c48c09cf915fc946f6978a235c14e16e8fc08c2f,08a5ec6e43da5bb4f61847f302d36e55adbae520bed957911096177d27b4bace,train,True
1977,14af83408f7abdba424e7c4a7a9e4152431cc2d4d5be16c7b00d355f379176d0,ba3d11cd90c61e629e4af25a548d1a2c159d9f1a4c308703bb2379eb77ae69a4,train,True
1978,6d30f5100339ea550e095e1f25ff46cf53bbc536b7635bea5ec067152bdf4555,8c67b7a8c5daabba69274dc91c554377f3e6457947c951b70a6fb085a0eedb1b,final,True
1979,11bd310753321ee100945ba8f62ca679cd0c51593deef87384668e1b518f54c7,32daf7fefac697c812b14501f25afaeea2258bb34dddd165a6737beff836f7b4,final,True
1980,c907025c18ca0ad1beb30e04fc12be20e85ae4f4d0035581883a294ca2739c46,031f225c8c1be13e6050bd3c9e181c96efd237ddc633d6bbdeab49b641bd6c50,train,True
1981,c7b31fed65ff1b8d54882bf4a09648e14afed874a1312a66dccb85eba0b9b444,8b96f4696a63527de1087b18a03ac8f4610914402fe00065e138bbe6e90f7c9a,train,True
1982,6f50a11179a2aa74222ca376d709d4074791b6e07f975aaac7ae1b888e1ba1e8,f0505f217e4c546dcaa56f0975c7f303393a5e421e2b05af12005a05d7915778,train,True
1983,f0f40213ef76bce7244f1cab47fe6546e7a02dcf19a7da595203974f2cad7315,bebe962c7671b17218235b0a3b375b491c80f1683c77187a4ed340a48366f620,train,True
1984,691e9784b18c9449b2e0e5d174bf3f6d2c89625cc44020741b492f875ed0d377,fcca7af848b4577410ed5e32fc7f97cb8068440aeced0c6f400b19bc5badc8b0,train,True
1985,ff02a714f80923962a1579e3141a8ab79352bdb3ce24d250cb14c15b00b9e73f,29f9729dc5eedc96b88495b45ca0ae0846d759ce5b560873ff242e1ddb4a77a5,train,True
1986,279a8ab1ebed30fc51a6819a629facb1f6c86aa14f20a10b67eaa651a2f9bc29,a053501ff28bff5c9691b87ee75e1e983221fcee411b72eee35b0e0db7aa7971,train,True
1987,0cda948bb17b6a4a0dc152a244791d5293c2277d0b51fdc2cece731b276f619e,ce9f34aa89a8155a6d60fe0e177d0bee94db0b4a265658901dcc61351ab6f9aa,selection,True
1988,29cb0e8d8203902c74be01af7bed90ecc38c1058433321e5eb7fae3dc86e72eb,ed8b70b4fe5b924ee63be356b6409df2849bcf6f500b7d192e6558a162a6861b,train,True
1989,109866cf6ced78f85a4c897950a03bf09b3dd074363ca4e59c3447169da46d6e,6be7d43be64def53f08b29f654acf0ffe85676e07091acb0b90f63be13be637e,train,True
1990,818a0729ed7e13c2f583333e386f2b186f86c390d55e150e3c7681e8fe551c8a,8e9d4244b0c20040efead0462eef6f22bc993879140f4b302c2ec49fa2d2ba0d,train,True
1991,90809024e02e950d0ab7d7797b4356ef391397b3630d99618c5f5fb0451cb527,2fe6976a127ca87601b5f78724ab26050c9788cec9bd82f18a13e1775624a8b4,train,True
1992,5878d17d32ec0df6cf80f3c67efa3ae987bde4a012ea10ade71249ea50d887de,cc7fa2d362f4a3006f3a348684283f81b0ed0599261432d424666f1d171b0d24,train,True
1993,cdb3aa5499b50c9c47a42d33cadcb10d233d718a6e93dad6f0fa48d852970eb5,fc87f90d36f08e294692a8a064014d47125fae0f0e0ff6b7d233c9dbde2c6b5e,train,True
1994,8a5fb8625237f895e6d877bbf6edb4c75c6c505be5bda87d23a7714ef2924d1c,34023dba84cb632f1713cdaa974cbb427d6e13f60dff7424c97c0046dd597cb6,train,True
1995,35f03afbfb3555236e0bbd109860cadbd3e4458b155cc07417e3dacfe0622f38,c08e4c953b4a0943a640e9c00435b9ab30070230b673d44a52b662d7a9a6cd85,train,True
1996,de17f2f934083f7d2294c9232fad7a2ea33170cd1b00001427cd6847983e29de,1dcf42b7998810b6806ab32eade6ec63cdc09ba7dfc8122eb27092e8b828af8a,train,True
1997,cc8ed5660df493026e6f2cbf5c91e175faf55a9d7ccda7d519d2e43fcb04eabc,7fc732a89aa4bc0264b7e8ee6b0517fe2b950440e626de6a151fe56c207e7b0f,selection,True
1998,2094897396c07db7c1d93ce3f5b1f6bd11a6c6b322b1e0451a08f9c513d6895e,9d8486978285c5ff807cd82151ee4f349154c3b59d717cc0b99783f3c6d7255b,final,True
1999,1d1fe52836f936dc8694730720188359bae25c19d0b75d6f93ee83fd64c255ac,6c312c11eb9064dcf8bcdf42062b99af24cd4cab89d4ce94fe9f06ce09465ead,train,True
2000,ce9e877e9ae378674e647671300f7e0e4dd67e1976998b14142b7087280a2b57,166b9df5f55ce62b951d67932a7f2406ddb333e9372ffe59b60e1d4441cb8cbe,selection,True
2001,37358d2f105e1ad000ae5e12a83a82a58ad101447646a784f8ae41de7e7b65ef,87a65268ae3754060794d848eac8975fe17e4a02548707cb380747b5342a3c0a,train,True
2002,abf330bd47e47e59e2ea3178a7631ac1632cb5fd97cc6d1c85ddb020d0bd61d3,3f57110e66aae2bf2f5cddc577d6b0e74c84fd29c8d8382f666056632991a7d7,final,True
2003,371fd477d83cf6873dd97ab19d409a8603f8629ea30281d6bbece94e2f19ac55,e34d7c840739d76967cf993f6c4326f016518cf63463657b90dcc5435ce7e084,train,True
2004,8d4da66a0d841f59d94cc99b2b0095f52a202db403a5bb35acc3c01e9dbec5e1,f91f0968063057f789778021253ba4b5d99646525a17ba6c254c3da1d913e4fb,selection,True
2005,b0cf168cc56a5ea92ffc8de89f49ff73841cf0137a26871798b859b7aad9698f,295026112fb1159cf5dd20993a54210f20dfc40c3896f7499407c7ab256f4a16,train,True
2006,38024e611ba3535b687ab4a9d563704b5df4ca34029494d882f0bdf76f71714d,8aaa175ba1f5aff36e18c77960533ac1332017bd32797c50609b02dc2a048c3e,train,True
2007,e5b4723883b14dc81931ce762fa4edef84746f91ac77b42e6a5ee53cd29ad67a,e71478084a505bd89bc9406be355e3c8284881daee60c253acd4b4db2f168877,train,True
2008,6245fed8b50f21b229a2420150b25272e997af9d7367a3d44f60028ada1313a5,6fae2d19d8bd139942a150590f3a369fdc9dadfb713c00fa5dd52aeca89c1149,train,True
2009,92ba9404a72ac2149c125a3561d133989a658ad60e90640f8aa149536f1ef811,4a5dcb684ba36a817a7e7fc4a7bd19577fa9b223c6d6fb719456e4062abaf840,train,True
2010,c7abd61912900bb9811d4f908a4a8cc1a52dcc0519fcf827fef1d6804b7893ac,8400e4f618d0ba656670a65009edcf768ff258687e0e94cf0b46469af4e538fc,final,True
2011,67c1f0bbb8bf67c527ad7cb488be5976085b0f426784b7804ebac624c54d700f,8215a806e3c51561600e318b007fc68b5ff99184334665e36a0bca7aefc482f4,selection,True
2012,8c364a03aaa9f13a61c57b1a9b83323f224cae03fc1b41688f460373d1eda972,8eebce6226728a97139540d9f04691dc1ec9fde1cfe5f3b94cc56e57c4540854,train,True
2013,64d3b42a790f9543388da769884ff07cb0cf393475cca6bfb9e054f7f9834bcf,bab4c692010b3593da97e9afedb1f0b7cbc56981a11ab34a06223ecb7b1df460,train,True
2014,422a0395be3cca6f43d98c40317cfb89719dd7b6f4886647c77e7af925a29958,7f0d9e0e86f68675fa40ceeb0d2bc957d5f207934b31fca7b357209b6d451ae0,selection,True
2015,6ca229e70edefdb7863e674e86a5a2b6efa521bfcedb831eebce9b23c720ff44,aa3ca2248b63380654a81e15e6b2e2f65e55ca983a82ccd570190b29a1898900,train,True
2016,e1c47ed7377725d97b79795b5caa568dc548a1eb567280c454a5b8fc09e24371,de3c11706a1811c0e5921e590009a34b86599fa0898475d34083f6560091ab27,train,True
2017,48386d906323023bb5c7acfb0e86a4e6a0c45dba91f57147a88c1d8100f87a0e,334ce28220e3195dd272d3ed4897a2f0ff01057d9647f95e6069390db45b4400,train,True
2018,e104f75cdca07302f8b120a35067442a6a518e71b8778d9a9a1388327f52e990,e85e35f0cda800a7119879ba8b772122dddcd88e666e5761489549862b02d590,train,True
2019,9b07505ca5d1534ad4a1c807da124c50476861bcba7d365990190003d767baea,842012e090d701bf40ab479a99f04e26c3338c00b4c5f6b0659706cd8639301d,final,True
2020,c83d183b6741e0faffab6b6879ea0151de0b8839b36dba0cc414a8f0a2f1ae5c,6f6ab167435d53bb4503a1487f2cbcae5958f9c459a38f00017b5669afba2fc5,selection,True
2021,fd18e67b27664e596bd9a6c091f82eaf6cb21de2d039d538073f02121f10a67a,309b8c43ad6fb6946eb0b97adc7b2b1d7c2f87ec25dd5e6d8f2cb06baf66425d,train,True
2022,d2573c87c22ec1f9c107068b6fde17b3d2a26cc5548bf1a27a45daf5c9633916,ead1578f17e55f9e6addfd0fcee1d38615402fa066f21ba6fc9dd0c82a9b4ca5,final,True
2023,c4fca0b59eb08a9e402f39794c1d96cec74b8ee7f07158ba477dfa479f32b1c6,892ddf0a4317ba988db68160f1aa00eaf26021a4ffbb15ae1611588a51dbb846,selection,True
2024,1eb8218747971e3796e62a2ce54394da56ff0bb7f73e86a965de59c5414251b8,454e016783ef104f9ddb319041dc1e97bdab5d6f206f41f09e7e547e9e8e6c63,train,True
2025,5cef4e9c5537724da398aa0110ae61d56c4aaab2b1196e68cb6a5b2ef2b1d56b,212e0874ef1460cbe87ce21a27c8bf32939919ba728b7883963a67668a9ba0b8,train,True
2026,67f56be7bd000662e40e706feb352b4b0c4c9628a8f8a438f32043bf8cc28a69,98332443a5aa145c7a91863a4dcd9323b8df13f01c19e7ed7fa7df8dada83e9c,train,True
2027,5bb6fcf1ca756489caad6404c6cbc98996ee21f80351c79ba9fb5528ce9a7606,b244611d9e1fbbb68cf8c69b00356326e3c9db9c48fcafdbccb3cec6f1426fe5,final,True
2028,dcc2746813e7f2274bf704f304cf7518ab18522e63a8a12759a204d6ca365e15,1668ac3f597ca1e9e7af57c98a5ca7a6a97521720c6fbaccbd5736f7d4923e8c,train,True
2029,1f73f4e23ea038300d64e4efe641e7ecb6a7cbf9d172eb3bd8f3af0bbb9e01d4,98e9b6c5c9546445e1acfa4a06bd7ea8a989b318544b64049e15d7a757637a09,train,True
2030,1d2c37112b32ae3e4a65f5a2501feabfd629ad6ee8b3245ea3067355a605a9af,653c9a713f3f8f29cec279c1ae4854813fffb7a1a4ed35c0b159f0ab233e259e,final,True
2031,0e766191816539d53a210cefffa99bb99c550331a4eebfcd378c72109fba200d,dd3fae73e184371137a7494ccc8b86dae11e814b973dd171b0692806ecf251d0,train,True
2032,112d3e18ff2cdd82bdd20e5cbe7c07959ada1c4bf82e58d7a647b3f100d2c5dd,fad48735d19cec78196755eab7d57c3522255f76a81170feaaa1b2993f956624,train,True
2033,23201e88fb0d08bdf2213dbb5f17085ae696050d2f2995371bef8639c92516e4,f41a3c22cd45b2ad4e38cb1e85427241c055479bfe8c6c4c33bfb46e3594c153,selection,True
2034,339b47e1885c1340acaf53c5dd524cf9b9f2d99f9989cfb7e7b2d65eb9fdb4d1,05269cd0fa5f1f7571c405950ee83d1d8b875a3467faf79120a8bb89556ed91e,train,True
2035,36e245daa4ce8b20bd2a2acfb51edd4b2089cc1c6f83c9e473f755f1617ce670,0d2222483980952126e6dcc912f5ed44552c0820481e795a96891718b41780a1,train,True
2036,38484234f5eb9f67ecb64f588f23b3603d0622b79d27c609dbf18cce236581b6,7e88faba5a6d2da4cc1ab0dfaa4803b18c56bf8df057625a1094bc07c6f965f2,selection,True
2037,df4a135b037d1a1bfd6b892a8945af73ebe9ab00652b64d132288be0bf695703,c201a6e72d4760f4f69f7b7b33f7c2d977473363a445071e8c8e32cb08387e33,final,True
2038,0627588c5f5ecb0d6bc4ee8c3c0c35f75b59fe79c5446a23ccec69b650b2b144,1ef15d700bbdc4bc75fac6de08dd2e55f61262513cc1d48b40d5afd60e818f62,final,True
2039,d5e145462a94edb6b228b735486f9d02d6137d2894f2ccb8893749f692375a04,f0eddc565ff471018807dd0a39178008100280fa4e33aa068e5b2edaa7db4042,selection,True
2040,c57cec48642e844034f14edf139df53e7158080d23bdc3b90e5311f98f959665,a1fc2a6554d93f7a95bddf593df404c2b0fd7cf8716c4d11af4c9a1a377409a8,train,True
2041,44ccfa3fc093fff7e956a11b52a9cf19454b4a7d9f1adfd1cb32a0cd21a2569f,c1d98200815210bb83ff979856b814c49657ff0f985de84215b8759c7257aa7d,selection,True
2042,601429264ca70448d0a3099b7ad2e4fb1422a82e6f2598f57b08eeb88fa50795,996369ea168d77806de258bf4919d68a2e5f01f8dd121630e52af1df080e6cc3,train,True
2043,2cf81c8ca5a88eb17c880b7c49e47407d6977590c85955109c1cfb4835bbd937,e9c60f964e3adc121f69ce6b6b0ffe1d14b8efe59175b0f3b2eab83059f82bdb,train,True
2044,d0347d69152c15bd3fd69b5862fc41c34e608cb24502f968fe0978684c9222c7,ec53ab5bfff8616f271c8e897321184e8cbb6ffceab36bd0b97a2a349a306e64,train,True
2045,3c2175f44cf839bc87076218575ec25fab46fe87171c947fd64922f9d520f0c0,4f4bff1df2fc52f92c9cc8963100bccd4175479a3a19c9ae55426996c59ebee1,train,True
2046,d19b3afce007d98d9cb0fe68f0ac29c9843b576695113b2872aedafb47f4ff10,610888f03bbf3b07e54733e797e862ac9a1c8f13480bfd5197b8bacebac2f40e,train,True
2047,a4bf1ebc5c6ad854fd8f1ac314b2aaf99d8378e198d6852402ebdbc5cfff1e70,9e9d9190dec9c528dd4ece8c118a40648c6d42e40684bcba9422af95d3f6befb,final,True
2048,f5ec5834d9ae941dc0158d1f260260286a9e18207c13e51e1eb44ff22935309d,e0f6bbfc9b55912f4ec0d8d8547091c6e31c2e2734f32762285f3c0412dc37ea,train,True
2049,45c49b16a3fd05563182eeac3f1eaf62ded6119ab89c37e58ed1b3c1e0581fa0,716b9d0ba92ab80eeaab39aeb0f254724144af8f7b41f982218e3bab3b337929,final,True
2050,6f7c3fea4d7a212335a047dccaaa5dcbb098b97f7dc0be74db5374f814a5a175,bcc2020d531b09b3eefea68535c7f76e17e2537f437788e7018e3434c8494600,train,True
2051,40cd1e6c648ae08a24ec4a63548f34237b4d02e2957bf06f720a34f198d4f8f6,8c41f1c01686f7cbf6156f961869885f2476710fe6cf8295fdaaba8795e5536b,train,True
2052,25f977b8b4f9e6c7aca6c7374cb856124e4c21a9198df831938076fb935577bf,dbfa65f0266be0d39024445bd0a5c6f92f219ea7d5593925c954bfe2ebe9e0c3,train,True
2053,6c8486fb636f81e8e228f423d6667b4c20d0d97e9dc3f39e8317f585322cc159,562eced8e1a43f58005f6f8f1adcf1a3c5c52c31c475eba8232ab4dc53fc0d2a,selection,True
2054,fc9f9fd8f8717b7d1208a0b9d960a4fb8ab0e15489dd82071defd0eef5e77201,e2b00607e00920cbb4bd6fae2f0513d4575d133e5ed81282615540abd5ac9672,selection,True
2055,c754a5f1dd5f9fba5b6710a0b83b08badac3581a67b935140b9e95132f6ab3c7,6eb1f690818d1dc144de0ff4c7cff696125619dc91f49502a1989ae3ba55f4e4,final,True
2056,ee8e5402db05de3635b5e05f94d71106560c5918a7cc9a447318fc55a0cee9ec,0bbc251826fd7692632f584f173bc7acaa6d8af8d3271e90e6fce570b5f6eda6,train,True
2057,955251f0f807c3da7549ecda9e7de1eb10e1cfb30adb5846326cba5b0f950890,2b7f4b2100bf843cf5a85881af6b55e9e64c7800b5886db1279bb090bd2da79a,selection,True
2058,5bf6d698ee4112ad7442f5095d845fb84bce1f97f6c7bd6153bdc20a52e1ad5d,0ee48aa9a695e4824e6265748ef8c4f819835d84c7c5d5e55519d0cf5063eeb1,train,True
2059,f9bc9237eba23be4a9b8889888f71c52de5c966a40da31a8f6c625123cd5f960,857a7c3851a2f78590b26dc69bdcc6ba8ecdb8abdf7b16a6becc4c885d095bf4,train,True
2060,faa7c01317c5f79fb9f2bbb5765e4b92fbc0b997314055803c62a85ea99e66ba,89b4c21a6e515d15361081fd4b7261ca44b7dcb1c4c281fcbe9fcb9c341007ac,train,True
2061,3f2e352107cb9e6b2f1fd5edb9d8fd070d0af74cc9b6ab7cbb5461a2f2549db5,63e20b7cdfec77de98b351848ddc0a4f1282a4397a3eb102594c410d41719416,selection,True
2062,7f4e3d9115690add8cd0e99a3245cacc7dbf07d704675519f65c33942a537da4,42e1cb814d6cf1c4b137e5ae9d1a350813be36335cf30bf1793b0f7f63c1a272,train,True
2063,08ebeffd6891180018e8d63d7ea84bbe37049701e58e81ebb34f7bcc4439c517,3a70024bab0b6b620b2c33005577094b0909eea0836cd6352672a4bd8eca2df6,train,True
2064,6908558abecb657963d163c02f1087b94855fd47061e299ff75125830be2dd9f,991176b6716894415141aeabe794926e434eb19c73d6fa4bb10afde53a762b9a,selection,True
2065,86b07325802ddfd71179179453b9e266e6be504a357ad01cb3ce527b1613cdca,d47a83efcdc2bd3e98802af140368520936a68789b66ca058ede013dbddc5161,train,True
2066,64966cd5c532c91af1a016d088a7624377e7735674cdf33d7414180c6e5f07b2,a3f48b369d1bedceae4439d5d0464c08941a24d129b2f4db25e9f79e2deabc99,train,True
2067,c4a21304a9ad43b54d01f7fe93e45aaadcd22ce79c41a9d3128396b3740443ea,04e8e1ad396302b07cf80abc19d3a757b2993ab1553be850b0133ce02d57c5cf,train,True
2068,8835f75f1fa3aaeeba969c8870eb9811623b55970c889761b64b059cbb22dfb5,75bcd83b2103d59b06b6477263f68ebde0577b5d54404333f87faef282ccb24d,final,True
2069,99d66b7728e325b234c3bb3093b4983327ac5fcadeeae1cd96ced08fd38361d7,b226e2669e92390f834d897fdaa88ccb265c059540f676831e62d8ae35ac67da,final,True
2070,40e06777c452c4ec4c68ae16c6c5d39d419e467dca14943bb4e639a91e0107cf,82e30da5dad8e43f0cc9cf83f491f4194e23258ae4639f4310894a066cb17fc4,selection,True
2071,a3ee3a351a14528dff4a429a82d3b2cfb11c47b8496987211e939797cee5c320,f2ffb5d7875a0b718579b609ad9b0a72d35e9617082546c8bd0ae34113aee2ac,train,True
2072,ee841f8b46e502f6afe88426a15d58e7e8ba7365107996709d9b5e01ec3b0dd2,679f51476fb657699307a35b8d23bf8410cb7c8ec46da7b89227a425f86ccb83,selection,True
2073,49e8b904d048ef7f3c032105741f479ba49723baca3e4a8566001ce618402a3a,6b19159f4132c3f648e0d89b855d0fbd184c3f24f5465a9f2efc5e3be136360e,train,True
2074,ab886844e0e844801f41d3a3ca2d78c633e2841959e0ad867136b9fcfdfb584d,2c134d0bc0f4a896c5f68157af3e7c5c9800aa27071b3d185ed5d14c7aa73199,selection,True
2075,e089ce7350cfa5f32acaa447feda8dfa78b9b645cd83a1cb2beaacd76bac2b30,4adabc32989d5d79fe6fd8864f020e7aa0cb3b307ec203356d5f1494a4fc5f7c,train,True
2076,9e7101f5cc0027f28254b7868a3a555073c6877573594b8b77b4ec5d41296ce6,1c7aaccd07609d12507f881e9be92616479a0f638f28917377d0b42df6befc0b,train,True
2077,c571545664767465de8c5a7f55273c4c07860950ea6851021aa25137050e5c64,85b6263b8b6bbe7345ea359fff587fbf7cb0b74d6be706d7018fa873104d77a4,train,True
2078,258bbc10d8e98eab7bb99900fb1be70171cf507b0a122456564fdb1276746b4c,b237b1cc7ef895566c51f4b691031a678f82acec56ddcaba9239825c4b9d0b7f,train,True
2079,8b4b892cc2698474e97588a425535f1d293717d28322f7321538fae9e3f4dfe2,f65a607a88ed7ac42586e1240355f1e9d69b48b815113de71040a51e7d2ea26f,train,True
2080,fddbfc12aff87661a017644aed730e20d6565fe2971fb71ea5698836b7e161da,1b0f81bf3dc55ae76ec58544dc2b8e595a79156d69b1f4b2ec6319ff23e6302b,train,True
2081,25ea3fd1190db35ba971ad80cbcd10e2324e30638028166684edd6525f6957ac,34d68bb09c70fd595e9d7dbbfd74e2cf83a37d98ba8fd7ac75997771c3d6de00,train,True
2082,1d880086917d9f6a038635bcc840c9b31b65986eae0d869235f74bcb793ff750,ac4b1dc720caca953f894cb219c70e43183a9775c88bff9513931ba7b6331a9e,train,True
2083,275b7dab1bc9802ab47a4614d58a40d21bd8c77a1fe9281c1006d73bff605b9a,a996c334930109a13acef1302b63f7da326cd69b99bebbaad7cd25d5f8650a74,train,True
2084,3cac2924ac74e7c20bb93f1d1fdda77c116bdb784bdc7161cabef157786df6d4,cacbda6946862eae39dc5f595901d4a93616579890469905fc72d29c9d8154e9,train,True
2085,ecba1acf24af4fce72a8069244fb8104efa62b85d3409cc54f118fe259190f09,160d944fa8176414e931801feb1e9e2c8e31cfcb017e6b79e455f83e2073b81e,train,True
2086,2132ff525aa6a017ddbf188d1ac1d1683da0174403b3ede3ef233b8245e10605,e34663115af5ea0ab1dd924786d1fb0fefa09eed5bb9c3c42bcb76b6d49f6660,final,True
2087,a7d75aebd71775d7ff53f95029f152fc5838fd16bd0e19409d691de49a293fbd,7f60756a745967c740e906b97111af4c93698961301144921b27307545001d93,selection,True
2088,479d91a0213c44bbc8486a66806a40717c9b73b4e4567fe86d671fd3269af62d,32c9fa953064d6e4da0441f6d946da05d29f6d0c383bd5fb949788e6a47195ab,train,True
2089,419d822acdda409a9847de051d831bf15df7161b7bf5d9dd37b564e81e69beae,19945aeca3a6a206246aef90cacaa33278ee198370a7417da4ee954fa341d02a,train,True
2090,0aff1e0f79964ee3d7a411e2872b3182227d54911216eb67b684d344a9ffa7ca,5b75ac424444e993af21049cc95804602890b02573ea3f654e4388b4039cea8c,final,True
2091,43b8704ad2ae3a396e1ac3d4d8e44190dff6a0cc1b9635b112106342e8e405d8,a7bca2ddfb67585260afb89296c785697949f479ba7c612fdca916f5ddc495fb,final,True
2092,0a1e52f089ac976f81c1456b7a34f9e4648eb4c5950e408839f5396595d5b49f,e88717797bfbe9513649d59f84de959dddc35fc651572900151ea433e3ea8a1f,train,True
2093,e2bb079a8c1d8e547e4c6a6bb4136f1d5d89c6d9f054904e8a3ac43b97903b5b,51b35fed22d721a78dc18c61263992641bee626c0c4fad3a5bd70245339bf11a,selection,True
2094,0e99f159e2216d0a6e23c4f5d12e4e4fe3d1bab4d774a2b03f98bf3bb4cd3f36,3d4cd48fd1b109c050e4e4ef5312c0f12661430d892848e299def17b3264d3b3,train,True
2095,ae4e2058527d8302ae4f7a78ac1f925e0ec31c2f9ba454b07e1a7f752bcac971,6b3eaa55c588e9bba9f2068571f487721dc65d9b70c6ad55986e9756ce1b35b7,train,True
2096,6da315886e0fbbd4164058bc9fbe5aa4deb0b1b9978e3218dfc08b8483f20105,516dbf06e38f0a7bb21c14767392e9eaa765a580e5e637e25a3dec0e6332d204,final,True
2097,bdf9681b70b51339d14633c9042a6671e81c6d3a9620dabe4ba29d1e36a0cd2a,7481c86a89ea0b18731dd400048746a4cdc425d4e431da7ea623a65f9d255ffb,train,True
2098,ce2167f435b9503227e047445a43d25aee7a29f76b6dcf03ce1bad0ed5e83af5,677e30272776c01d91b3c9764a104acce17dd9d5984c54f72038fca04ee1fa7e,final,True
2099,c724c65102ea4236a1d2ac959154c7c303ba7b2dfe32ae02c5e96dee159f785f,98a327517ff3658e0c8a184c5ba75e1af9be8c90c22ba4e842b0651ba8e0ffbf,train,True
2100,3312dda27984b895610574228589dbbe4eb7929f25c0434323a375c01e85d09a,7b6436b1ff5ae58285c4238f9e8a50b2a39d7467e0f381ae8dfca15028fd854c,selection,True
2101,2b652c0e2cfa820c0478088f1def798d63ebfac4ad5a5639119661cbc2005271,af05c20ca80bf261103eff39735a8320eb67436b35654f8eb90467c1bdb8e4d9,selection,True
2102,c1600a9e19f4816c182931a92371643be45131b5b73b537af15bcd07ff59bb15,87f1ca41ca82464a44710b8e2c97da3b139989a85dcd1298133efd61b0b736b3,train,True
2103,f88e862b0a5b7922abe7609fd454748ce75d4d00645c914ef4af1cc616a1e315,38c8102ac98fd4bc7da0943a19ce12b651eefaa8f5fafa1b78931fa646c5fad7,train,True
2104,35c1d0540e2f133667abf952d6c3ead3ae8e38aefece1eb25860e08d0037565e,17bfa5df42c9b506c0fd87a50de23d19cfc0a0a68685ac47179c9e4b189bb679,train,True
2105,0e0af06b956170d7eb1c022c387d7a4a9b2e8f9589be609fd01376708a0cdefe,ce408a993dcc9ff958257517cd193931fb15964cead553504a0249083f22e6aa,selection,True
2106,7681f2ff8a7c040a9c16049b709b93e652cafe70df1c96caa3a949579bbc8a00,a1ec7dcff1bb24115ec229113764a2388ff8f489903a574705b01d838bdb8286,train,True
2107,5042289435ff65f8f5021206de7c31cdda87cefa3b198a320d3cc8bba8a737f6,5ab7d9e781f00b71f4c6a1ac4b1afb57ed27ebae2a1e6a88039e64f7a8005991,final,True
2108,c0939910ccf7a000dbb983f2f219924496c8074b3448a8945eee4fc27754d9d8,a7e2db8e0be850a399dc72188d4317df74021c33a6776a3618c8228011017cfd,selection,True
2109,6b1a480a76b53d77bc70a63b22da9a36316987e7cc88b9c06d75c12f38640573,0bae6098fe47b022a0962d3ed5f394045b56d9de4ab91c541fd0080d8742e321,selection,True
2110,37a3754a7f2f86419498aa348ce6d258a27c6a84e5f6b99c948e0a59f58c1fe8,320cf41a077d5d5c8fdc8d5d92a97c165a3c18f78d0a767fdfd0ee51a2bdef50,train,True
2111,2d07b0a04727bd2cbc7694b53a6a057cb3d895846913a725ecdf2ca7aa08bbdf,c0aa696ddfdeb2f406fb329a49f3353886266e510bba7619363a8cd72999c044,train,True
2112,c4f4684677c37c2127a480284255a34ba2e8040ef6b2bd914ee188b284697381,80950f36f825c6c1507ebd738b1bd90bb5a66b1f73537517dc126be38eecd25c,final,True
2113,d7fe8820a59e60a8cc51f3cc5475c241eb11771116e81ff5203f4fd92630705e,acd9e72384a44adc179fde7afa0f2b7e8d1057812079f6655c425dd73ed2dc7d,train,True
2114,48a163ccdcbac54e67c6660d96098eb0de19e94796509d0c522cfca9be6e208a,f4ff9b82e3fb070760b6a03d35208d099e3dfa6d28c7e15dc0ba4a24ac9736c7,train,True
2115,3e265deb83336b1a9d947b18e728488dfabf868470ead2667acfde0cc85c3701,1380b1250e766c3a6774b9ff6f99cb462c0f140a244f3ad29ca802006ced528d,selection,True
2116,b881df23fc972553e7e7b728612fef6ce9477cd73c8d77f95e7c071a535575ee,b05e181dc69b5b7439c3cfdb918aab179fcd5c5979e7060656ff5e12a91a9525,train,True
2117,125807572c68a14668d21ab2d78eefa68def16d971ab2d09cc90485556d86d7f,ca810eb88aa26ccc88605f8b61915c0a88838f5350912a764f8db43f3896a585,final,True
2118,fc692f95a04843376296ba9e76c1f1129f92109701c8bb5f6a51f65d5e7ac4f1,0e8824b033843904ad81dbac59a726297873b03a8f51f6c7a33cf373b11560f5,selection,True
2119,128e1b01a6f93699d328bde0cec78f6592b73ee11cd98a8bef985dee2fca037a,dbf9eda8331e9c9d74882a290c10de3184e540b4e21e7a1eff3c3841a6d5208e,train,True
2120,4bcd95335c430351a21f82499eab98c6234836af8810421b1f897533114ce9e0,9e65e3ca9e64eaddc39a90fd0c9acab2c4a992e31a8c7b53ca502c96e4bbd8da,final,True
2121,e41add8e3c1e0bd75ecc6411c6971fc4d7dbff774bac593d72ec8b3912731f5b,bce63160a24a8352ed9eea13f25c68a00210f92a1f350d2bdab261de46e6da01,train,True
2122,668ec42c3c1da32be16f1fecc372c5cac68e14ac0ff0a5716b888f0bb1f3a26a,f4e91778949892efbba6534404add4290189766d7de09650fb2ec060a12c57ec,selection,True
2123,531d785c1490e5fc779a65d931f00f7ff802c1614d3e62f5bfe6307a85bfee30,2bab2704ecc1fb3960cb6355c571b47173bf5aa11b781d8323e0377cc6b1bdd4,final,True
2124,8f4dcbe646820d35c681af0ad9b48a65c483a8b80c12c65520b6878ccaaba994,05311cee2e5a88ad37c8af3ab39761639e3e0c1539e806ff0b40cd36c4f669b6,train,True
2125,12a0f476017c751e22bdc5098901434a8abbadb88799ff05dc5f187143e7baa7,7c308fb7a7703c6616da63583ebb5108086652bb54758ba3a2aa471f7af32123,selection,True
2126,b82dae71a8920893fa07cc417761f5d28e4de49127987a6c7f6b73a12596705b,5a4114131654e1451b157c7b9d931ebd019611ac1eafc178b5966aa795a0f2a0,selection,True
2127,2a5242176b9ffedfc0cf5e9ec3ecfa8d0a784ae99aec7f6a5c448a1c5d4c50f8,bad16a61048c6f1c17d9f18d92a56b117807f0c2cc8f66878356dc28e10a72d3,train,True
2128,adac902cc7a49393f26e4dc81cebd25863887187173081f9ec829b0716fc0ceb,e40073ba36671a4d50b87814c0bb93d5e71a554e584a3a4be5008b9b58688b80,final,True
2129,84c9d59864b5f3a4317f20f34311a02611b41595988def9c5066613000923f04,de3d8297b7034955f6d3f39aa17207e22233a395babb6134224fd5bbe3e7f206,train,True
2130,0df37f4e7a583ab27a8ae3a798e604c81a49dbf46890b1e716950e5989a0450a,b5fa4499828dd4fe1288e94b19778014da441f72313ea0123153551ca02e5784,final,True
2131,d7f194f0e4bbe94994beee25805828be69f05e09f147195d578880af3ae334cd,a2da9aa15e309cf2b35934c6284e1b731a2073f6b1f9d9bc33cfa693daca221e,train,True
2132,aeda07fefec73110e4529fe21edc4ada7e033a69132f1af21d057288b00c36b1,c330b87912f5771af28c5d66aca5fff0af3fe72e97bd002fd2d6b0d0dbae3286,train,True
2133,fb15991999ea5a5a4b5c59baeee059da8761f9a416235b3a0f584651f6b1f9ed,65c1107190d35e7e809db4a84451f3a380ad613327a82e2eb5f92d7378b4165d,train,True
2134,9a599d7d77a8ca8e5bb21ff71120664b02e8af75be2b12a9404212a026c0a7c7,4ecff3feb11b4d0f35145484a174a7c0789013c6cfd1ae50beccae566446598f,train,True
2135,f86f97df4b1a30d8f584a2da4c33c65d813328555c89e80e7a3d7cc5c8e4b36e,0a406d8bb387c9fde8af28a30ebb3e77fc820eb5aadab1af902ba0a20a27faa3,selection,True
2136,1ef451795880ed26cf7f6659bfd05fcdb915c449ee148d651c9b0a98111e5780,240801de1fc1720fe7da71562eff4e573f4c4019927302a406ec866264de1907,final,True
2137,b1031d1aa85d7ca1e11af1ad7b9e6057cb0ed9c4231404313a4198718dafefd4,f2e17782afbef61fb29e4bc32f1e722573a839b47b90b7e123ebd41c49d3c0bf,train,True
2138,46db90ae7f17c914f5621223600890f39580da53574bed66e44eea117c7060bb,d11a443413c2c798c03b21e722fbaa6cf7859d41827ed7dedcaca567460276ae,train,True
2139,8537e6f9f9e8d2960e459fb93b6faf9b823c91991c4a8b1880f06781fa36d9a2,433166c2a213e075af20860e7b2b1014f39765201c455ef3fd05eda28002d736,final,True
2140,089f5e8d21474506d17735ccd9a565978bd01759f556fed185092b8c17d610a5,2bdb6a7706feaa9df8e8ca9141ed2152fca744c7f99d956b22a678bf5ba50a79,final,True
2141,acd83a1d24a421e3e6b5ffd562d62fbc8526b39ff0f25e29bccbdff7170d9422,2e69ef2b83be83ab59c7a15f59c7595ebdbe08fcce387e082703910419310a9b,selection,True
2142,a95750889531ba66092efedf6259c34b7d8b8250baef6d53a26ed95fb4ca2f50,f99d9c53cbad4d61b78cd4058f2f04eb50a18b3cafa10b6eaceceaa37f00cc4a,train,True
2143,a66a72fc08d5df08fc6e53308038ff934729289bff30e6abfc07f206fa25d1f0,0fc2021ce88429df01e73a01b979b0d9d559a6f77653e19dd87699cb0b91d7e3,selection,True
2144,c02aa49acd3cdc7431ba312ce1138f2789c5212368c391817819cd8ac3b47bf2,7861076619393137af18bcef39a49048d2c3cf28f9acadf9d97a5ddb2aa87d83,train,True
2145,3b3fc0958ff4f99b3bdac692a11d27a12125878ddc7049cf73b0f6204216461a,e29fafbc9fc6c82c51ac826ec9a89d764b7d4b7416a32f511f93c7eb740313fa,train,True
2146,efb4037844e4d72c1a9f46ef42c393357e0bdc88bf0b3c21d4f52ac77e32fd97,9e7240b6180ecef4070184f9112750f9ec5d0ec7c3c8788738c975ea8e228be9,selection,True
2147,9e36277668255916c5101a04833b8e820749233c0ebc4bf936899da379446f96,e05221b579315e0de635fab7fb08e0eabe9a8810fa76376ffae7def02fca67c0,final,True
2148,582ea89f9d1fc645dcb8269d95b94fc0db42aade403e29848337579d499504c7,a2474abf9754cce1df9f384b24c36fb7fa97ca9c3fc3380da256dd3ac3217fbc,final,True
2149,4ed3e59b29df072c32d680c1a1fcbc0dd976672183e26092e5ceb97a94222eb7,deba449bfba3087d2c1cffc39895582a49319dd3cb536a49743730a0984b2217,selection,True
2150,307c8c8aeaf722cde9e6a78100ab6764ad755a18052fbd44299e37a88d6fb2fe,4f6eb36b0fd1947fde3a65be5cba471bdc745b616ff4add142583553333c8ded,train,True
2151,cb11a83a67fea373ad2cfd49cbfcbf29e0b88826f1e738faaee9317ad471c437,4b10b4c32e534a1e607c6b79681682ad7a6a22fc1c6ac61f597facae9c261f48,train,True
2152,2a06f2537205d37d3ce84617d5700de47c24dda12b90e4e3363119ad86937069,88305d1efc94cd070ca3b8b52782c52f4048083c0c23e646f2e29a59f24558fd,train,True
2153,de97630cc840a9dc3a355b06ec80e61f2bb1ed6eab29bf06c9a62e631c151bf0,6dfd2d98006497d954d07c741eb617961ab84099653aa521bb036f37af1d1811,final,True
2154,9b6d5fe34d559c3fc60d2ba9a91c9f221504cec860eaf9ab52a4b3a0c0b1741b,ca57c93198c8a2e841d2da7d96887929eec51a6c7f2ff7e7c618c67a35fd9498,final,True
2155,1e8baa3c9a40c60df6f23a0e149db5f55a81c934cad03223d23b9e3a8c15f432,46fd936cd271c97a8b73581530a6cce4492c2d2218e3788429b128174ec20285,final,True
2156,a635999cf8da7d924a48e5210c94e64b84b3c76b385a183e0ad51ad8831a884d,8fb678c8fd8fbaac69f69cdae3b9d6c9898fdce1da776f49525ccc9a3c6f6873,selection,True
2157,6ee5a039ae3c574a0fdf61f343a84b7ed4c82b9afdf4ae3d0e1e0c0661515ec3,4d2bd252e6c7de670ce33154c419bad6d8c49fbe75d43414fb6a4f5f03a6cec9,selection,True
2158,d5563d16ba788331044203e04ce6922f177b83f4818ca1de6f75fdafcc1ed68a,832fb2290c7a264de5b0e148812eb66a26bfd345c335f63e185fa08825567ec5,selection,True
2159,44b7ed96f38bfe0f9fc844b23107d13c6380f5f7129107df3ee7594f42fa644d,835cc82e8ed91243bf18d6cab0ebcbb2791f0e77f4495a8756a5f42751b2527e,train,True
2160,daaed660f6186371d728465c38c44814bd0926ef42aa485bd709ab7323b1758f,155e0a59e0c84b5d4879203852784748caac1dadb877a5a1aa12595a59ffb2ac,train,True
2161,461ab6c54c5a5d1813f2940e0ef325572b0135638b7449210a333a708e44eb77,3619aea84e025e76843c9a96fbab5fd7c97c9e66e0e28a090cbd383f1f2a6bd0,train,True
2162,ea9716a95d5ce4a92242d580cd6b01f2ae4dd5d3d843a31a6b39dc31520066d6,3128e32a51b8969b759f6555a4e0406915873950e3f2e5feffdea32069d3b8ea,train,True
2163,fdc67d02984c84ad002dea971030440c8645ba77faa732e7682d18f437094040,1a7fe72a6f7e4f9c835b5ec9e526885f57a0c94a2b2fa32bd1cd96115f5e50d2,train,True
2164,ee94d24cfb396b43f5fef405522a15fd889abbabf3c5f73906b3b9e6d537f6cf,1205e9bb5b995ee524a3c93ed022fb6ed78677654a960c9a62b4804b119e966a,selection,True
2165,a83f5a9e1bca42e4b7dff489a53b3479f03602ae827f2edb8b0cfaba530a3015,ead30c077aac51cb7d5f5cc203c02f5814a70e31e5d877110218392d4303690f,selection,True
2166,11fa4f1c1e935a0fcb90382cf7809ad39e92c10bcb9aa9e14a46980010051d56,53b1c9eead204bc172788c518010702d8e67f6af56f0343b670128346862ef77,selection,True
2167,9579cd0ba60bfd4cc64cf3cf33a1bec0aac574e2a8ffd0aad939ed41d44ac669,83e40b2fa0a0c8034346c886cdbcc2a36f4c35d50fc946b8a4ed2d492489b6c5,selection,True
2168,88f63503db35692f4663322cd8dbf1e4d2241223b93e68c827fee821c5e4c99d,379e31f74a66834aedf3a36bd111a31ecb5280656aef6097db1cd7b7f1c37680,selection,True
2169,b54753334065d93ec5788ac56277fe102e1a5fc01c7dabe74b26995321307e25,6cb02d505d81770c54843d865e106152bbb44b1383bf6124a964a138bf2f4d61,train,True
2170,1cb300dc92606a49536a06bef2991228cc33a73828e9276c03aed46d8bc88324,d05c11c71a59f993a3ddcd2088ce864b8001a6c23f47fd97924851467592a2e0,train,True
2171,722af04a4f95f6f40698722ddfba8de23c4d439e0c783a9a28a329bd7ee72fee,8f91562b6de7bd25c8fb407efb0eaaba22755fed4d9f0fabf86ccfc1588090d1,final,True
2172,2e8301ff9c8810b36424303c61ad6938be746dd7f8a757ccc8b737d551e537a5,fe5df59786b374bf3f1a223b00a73fa122b6a6077cf6a4b2e47e74e27dd3115c,selection,True
2173,0d04f9e900100c5b1ae2e223091d9ce4a6bc33ae929aff792cb23218864af0c4,6b4b2081a647fff2e18011936bbe5a5cc9a33ea6770f3e9629021487f40a75ad,train,True
2174,c577895f4efbc07ba3309c86ecaafbeb100d39d4af4f14dfe16a32ae794d33be,4e7886e3de00ef572dcb79de80ba9074a51b6179b2113d8b741096b1b303c638,train,True
2175,3e61ebc8d00f1a40f38f14b481ee29b74b9cdb0b0a2e6ba54ac908c88f961ef1,6564d118a48f198e2fb49b8044ef33d1b2e8f15e9a53ea6f8f4220d744dbd5e0,train,True
2176,8b9da6eb8728d2d400c35ebd844d16e16da0b9deebea29dfb2658e6ff3dc174c,0af8ff1fc1f65ee834b8710ce41ac0822b880b3ca7c2eccfd13f338bcbbc127b,train,True
2177,2b57248316b8f267b5c3d99c4f5a7d8b4211c563e1baf4f1e2fc2bb563cd78b8,ad9e2185ccbe0618923f4e0a8ab1d100257db22348f70bc1601107b3ee5b8ea4,train,True
2178,17d7732279775dbc4795922d798f2139c829f1e20f4f93c497a6af8d7fb4d880,c2fd4c034c1986e0c2c7a8c083637557b6c95e7532a163417b558ba26f0618fe,train,True
2179,b52aa8cc3db13e9417eb9010ff6b655b65788b6ea881dce369fe7b2b491d2ffc,472b0603b618bf7094afc23b995dfcc765d2baf8754d4d2928a2d99683e7923f,train,True
2180,176e173298e9d23141f16ebdce41f93da00044f1a35482c6197e8c4f2e957d7c,542f6ee229d6c74640f7c6115c99680e2105c42b6c4728af07c77cfcd6e74e7b,train,True
2181,5db2d2ecf5a6a6d6225cefad3f2609cb2e1fd0298cfd83e31ab11d46cd64e750,37972d666745511e1d8e59354cc1a46901477e34738c85c2270732bff6ed672c,train,True
2182,5a1070613dd558b7ba10d9ac768c4c8844c2a1b3437a06abd459899175ade0bb,04250e1c0570c1ffb72f0ee183bae479fd070c3be28e24648295427fc9a3e2f9,train,True
2183,9abb4c08c15343c8f41724d84d56ef7ee82d182b422aef03ce0000e0a6ee7789,05c096904d3f7fbb011883eca754ee2ac2410db8f6ab80f69f97b971cf917887,train,True
2184,0286c852bf69c1425b07c0c81d942489df384a50370a9721e543a48ba024349d,c6d133d02f5944708a413a8f365df463942b9a6cf2d66053485328347caa14e0,train,True
2185,b41818a3e1a1e2e9a3505188c8ebe40d79f2335105d83edd9e7684b3818c4c3a,969a23e90f0c75469ef9159b8ed2267877bef7efe7699290a5fc07fc25e4194d,train,True
2186,d286b717a4529b262c4202733bfc865b83a44a7390775c6907bde2d95b7eb9ff,e288cd903910a0a679a6836b8af15f2ad2102f0d8fa2a779819fe4b62d8e4619,final,True
2187,6689bb18d05e4dfbc66aadf899dd6008206e985ac2592093434f821d23281ebf,c003963c4013cb7ca0379f47110e022d7cf510d9b296e5b261c9bd05037bca86,train,True
2188,93846fa2fd311d796100c7d748e30f03d09e574a6a9c313d2b471d5410905e75,13c76e1118ac4220593b81a8bc62d6218c8085dfd22fe33db70d3b43d6a02f39,train,True
2189,51b435159438284140062a9cefbac40bac6a51bf10949577d300a73abda7c803,cfc34a1eeeeb5862615f79fea9008c00949ad56db8b003516801a23dbbb61660,final,True
2190,12988c7530f2433bed6ece369d3753ec5004d1af3a720cc620bd554da9000888,842ec7ebadd0275034eea5414cb080355ad65f12fbfa6a4a8a39ebad85e8a179,train,True
2191,4d17a357d136df9a700e5e7b402481238f0368499f9ad3ff6aaa7b57caf9f96b,a2ec6b35cf7b3572e79fd793aa9ec8d816c924863772e4bc798477911a80d355,final,True
2192,63c3ce202fcdb7a7bcc441b6b07b75186b13ec0987fd57e65352eed12b503fba,f6b6c5d2caadeba2f09daa8697fcae26f338de8bf84b431bff8cb3a606a1a6b6,train,True
2193,0ee77b47b0d207374eba43691f5b508f6a4b9f5cb560368213cbc70aba653181,fb9e30d375daba3557e11aaaa8148c86bb564b3bc46863353b53ee2cabf13f7b,train,True
2194,e37c778c69c6187908962dd3795023b1c16d52d19ca08c16226f15cf7f39109a,744bdba390e22b304e78905e86f490a9ac41a532a451a702c258adbc9becf84a,train,True
2195,8a2f9d238be8299ce7df1e07b4337e46af5a2beaad44187d75b105431444dc29,528a1ad53045db44f788c7d64a6ed8c408b6de6b367c6de090663132afb16f20,selection,True
2196,ca04c2829d422ca9fdbadc2edbb5a94e9b78ce809723f4b4aa835e523fb5a080,58ba3ab521491eeded91f4698be7f3fa47438ee5646645c18b40e1696af933b5,final,True
2197,c4833c55e271eceb7471ac43f1eb7d538d771581b0b2b43e5778bb4c5c8477fd,7ef55addca8eb459d579a30248761fc20cdc9d4dbcbbb6a039bedfaf9bdd4940,train,True
2198,c0e4a90695ee410612466d82a722c7f90e956b234efa4bece07311bd2f12c0df,7358c538a61aa255c3e3329a5506e68164df280e7012d46872470ed16189cd7c,train,True
2199,7fbfff0b1548267a337ade5303d51ec4a28539b6c84d7f0e1ed083c7f946d117,48d6a547913eb253c921a513428c4da54318ef4686b96027f2777553ba52881f,train,True
2200,b3c614b46ec0c07ba2a639176a813fe7f3532c1335b89c563d7e7ada6b8d145e,28f6ac8594f945320cd19bb74ef1822f2f22d46874ac6029ad3789ad04ced07e,train,True
2201,3401d677614ea1abefaf5c492e4c759a277cfc4e68ea3efb4d75f738f1e2b46d,5b107937dd40116b12a62c4aea1c93cf2a852c96429a3c6304f7f31fbd0b083f,final,True
2202,132170f083242fad794d248813bba23a2047a3d62a0f77920b40ca4fdcf2af84,00061252a4c5dcbf2958b48f11df676eb49dedb3d1fa9b72dd3c95cbe6ab0092,train,True
2203,129538956b4a8de1177148061b4b1e956a08e972ca9d75ce412495ac91ada25b,e183c3b5a74c64b90c0573bcb47c81d4e2b9266cdeb2b6e2b117c5647ba4a710,selection,True
2204,f3651f3fbb4a1605e76d863da0a26670a3505b4b186d5b3fb8e05d8425e5b5c6,fd10aea8d97ccb7158c390b389c97fed6f210a974493fdee093836932a1530ed,selection,True
2205,ae950e350870f3afb42bb46f68481898d923c8dff79434f96597e3d1dce9f0f4,4b0348e3c8185c3e05c5cf1c4dbb4fef4741d1cd8ca668ddaedc61b3e3b8806f,selection,True
2206,a7805c11632585ecbcf255e063ed585059a32eeca0ea79c7c54ce0d8692527d1,21c65e945e66c3a0880599cf97846a3f3052ca07b91f4e79f2559bf6d7743919,train,True
2207,c9765048274b546f1f2129f6bea92e9a08423baaa916479190b2abfc155666d8,13467e23e3bb0cfaa484a6ef444ada87fd5174e017c12d0d8cb97b9f5375cc05,train,True
2208,1dc4aa39a4c6772b4dfb2476fa0da90a4afaa49b526eb0486c741501433c45c9,1575aab1241ae568c686f8a57cea4de4afe0e218442286f05062374e8dd9cd76,train,True
2209,06f9e57f80df89e894e08f4fa6032a2e206841008bf5f6524e1e6575259f3132,c0ce0603e107f3d03fbfb675f52cea7013355949db8247ebb93ff6f2662b19e6,final,True
2210,a265edc01bbd3de87b2c2decf591f7ae6d79b85603c3e58a5949d98312868d36,4b14f08c10a78681e3b704b2ff6c4dd96708b4bdddc0c1af55e2a486a73faefe,train,True
2211,2500f31e48e816e3db503be3fd62efd2e3f9f98df18c2dbca2321f4d4c1cf5f1,f31d52c0371ac0e241e499749bc784cc1f4498879623fab9ad50205824dd5472,train,True
2212,1091c51721daf26464b1d3c420aae2650009e83dd2357ca07783b0e3408375fc,4ed6f264af711311b3afe6f8823a4188aa749f5d949ddaf7506c340c6d8ef02f,selection,True
2213,913e838fb7c0cee4b0cc4fe9e332d52e5351f9fa033290c09d0b2ce66b39a505,1755b23835fa4fcc070b49679c8755871e3fc063079cc7e97de8557e17ecf1c0,selection,True
2214,2801f3dca37155cd2c98e17db6fbb7e5ed9393e06e7f2a7c5b9a31650fc706eb,f3c58dbe7508d292e239786371ef1203fed49f1be8e4cb2be9ce52ad2413d172,train,True
2215,83ae3a103f675d2403dea09d5c0c4c88345256054cf618032aab199fcc21077c,b2a996eb480819dcec56135b998cdf56803bf81c9e43ea7d05f3da376dcd8479,train,True
2216,9a208ec82969d71c365040dc20132374cdcecea6bc2d55cac55c696a8e92c785,0c235f2b3797fc9be0606410af8cb71777625ef0f9d2eda3518c749591a6584c,train,True
2217,db6d461a9a808e4642dd6fda9fe0a1cf239a3dcdb8f3deef33637046cfe6a7be,3082faa90e074cd627fe05086b344132d154f0d4687732ba2992f2b1ffaa6068,train,True
2218,825a703c0d5c852dcf741e87cc24d8d0e945e88c456fb965b07fc1b2cddfb4b9,84712eafac84c29fcd911d031f55e92fd37c111338743c084ed29cac6fdff53e,train,True
2219,5e71dac5a899596d74bbb2ecf1def0e62b7371880712798f8c2336c0219b2921,16ed63c7eea5fdfc1d1b3d7e62b73892ee1e030009cc8a911fd3c2c1ce3981a5,selection,True
2220,76b2ee7c8dc6ecffcdcfd8fc63077c7dee564c6b296783622c24d458c93459af,2879d392fad90b2e1c7d5b259b91115c006acbef48744504036cdc5f4807314a,train,True
2221,d58011681d8357cd7d12ac6e5f8af004b964261cfceb8895e4e1b649bc1e47e1,9b7bfab29532b835ae9ac92df5318d0c2b136aac0f0efa12c96c62072bbad2d7,train,True
2222,38b685966d442f8e1c3894a3520bdcd1889bf6894efbfc5ad2d556a2e2441704,36efbee11bb51511f466ff34bd88963a08b426e6af31f05da7e05766206acbc0,train,True
2223,5aba7af8ce9258564394c0ab511c31251e75c03d3d70d091d5f2cd5156206e04,c2f5fcb28413a7d45647b7cc6ac15581098a87199cbb9ac69893a06e209237f0,train,True
2224,d5088d38f3faece0d95eeb3cf8fc4e9c4f592322520eb9e90df5b6bfeda8dd0e,614c9b0c3684afa5c35cc94c77af13afbd81b17e31a325a91f1e4510f42942f3,selection,True
2225,ed582d35a951f7365341c3c844d69e6b57bcb8203d5bc34f150cb95f5c538094,ef1d5349165e4e785e896660b164d27b7d2b26a42920ea36e584727453f07361,train,True
2226,2a12966e5019c53b55dd6a97177550a0b203bf2f7cf97c73baea0883840e572e,ba47dd8e5a3f327a2c4a2ea71c9b08c601b62978cd127039becf3bd92304ba98,train,True
2227,1b3e6e77437a6d0dc0894cde277929aba0bdfa87370cbfebb7e7b60ebf29d52a,c9f997bfc50aafebe0eebcb7716acec7ef7ebdf5d34eb21009c88e5a852832d6,final,True
2228,2d416b6af6a3062d23e84649cf3baed1728e80a4dfa9c7608bac7e7431608f93,efe2e7d75bc9603d689aca55fe6466225a3d073aed6735fff4281776de3dad4f,train,True
2229,28a6d217e9742e3bff76e5d45a11428856a78204b84a78e991d146ca031f91a5,54d168871222846bf9287f62c25c2a9b32092e1667fdb1e717c356aaa5a73b27,final,True
2230,22b2004b52d744ebe6480af94633699df369b6aa032a130c056eb428c7fc14fc,4b2aa72b087547d0ae00cfaf69c6cee0d996930da68fd31db9de1ac668509000,final,True
2231,f5fe32b6d35e0694bd504918cb3471c1edad94ea1b338bdb5e55c03db81ea267,ade44a372172277042f925bb9dd5581e15855f53560b770c2ddee36765797614,train,True
2232,cf790ea48c10128e257df8600c8a420d8f22ae7b3e5f8cf9a1217856a33db8b6,81b2e6f8b5cbaaf2cf71f8543511249ad6fe7cedc3634a321212853ce47e2995,train,True
2233,7d5a7125f8449ae9a5e1062d360c77537f81110b9b238ede4af250df6de17879,7d20cf612510f1df9f70b2fe8c0b1157829e25e683bfa80accd764afa08550e2,train,True
2234,e9128aa2d32c72f32eca4566e0a22ce65851b69c14d69f5ce4fae278abf89846,c9802c3a3cbfc301bce4eeccc11b81e6c1655d7a7df816fb5e3c010f62453f39,train,True
2235,455b3023de9aa27c92bc2a127094f4d7ce90c6b61724983d5518f82ebdba026d,5bc9d92804b75478409c1fb5bab8a29d1a9677406e14d50fea31a0adeaa8578b,train,True
2236,d93d3c8377401244ec3389f537249e7120be9d30e004ca0231dce6ae87e32e57,ce14e515ac0816fa95a625695b442400636a1b557165a8a48fe37f8564e982c9,final,True
2237,f9e34b04f28d787ffb5507af0f3a88fde7379ea5a3cba38366073bc2763233d1,bf177473cb7471776678812d0b2d368f91b431df5a3c21445dbba390ebdab340,final,True
2238,19bc9f08729f7aaeaa44707138a502a402573d657b24b06c3c2fc2a71a40b083,6a6d043909ab31084daeff2aca821d285cb316ac7cb4a34c1addc719a03605fd,train,True
2239,0b00cff8d3e0c88b882287b6e3f68f7422f63895342855670f32a1e5d056bc1c,34871210e888ef46f1d54fc84d24531c83e01ebdca09b368a67aaae33683bb92,train,True
2240,4fc45d31df0665e0e6435c23b8eba4e876532dbb8d43122c6e2ba8dc4e3aed2e,84ae1b59494db1d88d31aa824f91486f65becd951e65ef80a823450f4b1bfa87,train,True
2241,f7d317bed369c301587c85ffba9568559259be8419b04bdd4a6bbd75d14a55c0,64ea2410aa0c58100907a5cf3c80a52445b19af7193085e1cd9f908cc493b85e,selection,True
2242,c51262457432192793c159687d11059936d236688b5ab4c4851037af92e2f8ac,771bb7482b825583b6ed45392878c734a7f65cabb4da5788577dd50db35c8926,final,True
2243,c18c35151dee21f82642bc175ece12a94d124dd94c04ede41c3c372e75a49c34,224086b4bfc7b93444952c72e871fc328efa201e51bb47c1ea85d879909cf933,train,True
2244,0b14d5ca042b9e011f02a1284ac9c8f4157664d45f33bbfa76312cf62f825ce4,7586c13ee17bbdf6a5dd1144497b1a8e5e04505c69ebcfd759f390296b34eac0,train,True
2245,eb4d84773c9f603a9a64ef6663639ee541ca3706e17a2d991672072bbd04fe1d,a6fcafa3919027daea2302d866b41c0c7b2c0fcacb29e8e406c713ff81c95df2,train,True
2246,dd33b7c3b2fe6efca44e7ae360c4bee45741d513a9225000c9e750f8678bce5c,8657313b39ed4a80504d90e9f3d65806baa961c59877500cc55a533a78433b2a,train,True
2247,91d0164087c16288b7dea279ed1f00e8bf2e0591744718d8a245da9cf7359361,f70d88f0fd4db60d9204f361ba4783cbf176810f40b53827423edb748c0a40f5,train,True
2248,b45965afccb8c5cf816555f1e2c78f559fb0d7225947ef8c4956e9e80aa3db7b,dd8f33a6d0c0b86f45c1596da93c34c9beb814e457106b7972060d863a3f0b95,train,True
2249,8cb6fdadbe49fa97c9b29458051af11bdf50b66a7ccbb8882530c8bb7284092b,692e07a4d2c65f8cba33dd8c01a2f4fd2a04451343a46e34388f10c325bcd02e,train,True
2250,6d07905865811df17b423f917f7cd8c95ce68515a3c523e9a859d93efe94b378,85f070694d2d73a0cd53576f2da77b379fa1cb229f44cb77049ee96a9940cacf,final,True
2251,f9f3bf15db0f967bb4412ba1cb198a5bd9a41c4ddd8f376ac2fe167d886bbf2c,399f0fd856d670328c49d945747ea2561465a243b8743b4e1de851963ccc68d3,train,True
2252,fa97aa0626c9e92a9b0b20ab0162959fb059927fdf740f919be74fc0521e93da,71379de5382974e9355e69bc1fc580db5426197a4a741279604f79da5b6babba,train,True
2253,23d5f48872c44223992e54b1ec98e78f090aebc260baec19f6d19a4afa69b213,b1ed6fb65b15261655608264ce22faaf47053e9473483745c05e564d12c98484,selection,True
2254,ddaa741542d8e95ae4c8baa748aff3c506291c7c51365f5f7da6be3d13ece2cb,77316ea24513589205f26ce9255e354ed4aa646612f1d0ca34541dac675f67d5,train,True
2255,a37a7fda34f0aee4b530885a084f2b2990437475f86b0d8d911225b8ccf7c144,e4c3e15e73c9ff6ab61e35397c85800078eec5132e15a5618f0add9f003a42a8,train,True
2256,92495fd5c8d7d295eea56f52ed33b68fbdb023fbd3fe4ee5b465195a1548dadd,96844ee1780cfdff553c6bebb02d7099c20ffcdeda73244de0a99ecad5bac7a1,selection,True
2257,a2e1ddee068ef87cecdc6a596e792f9f5ab2f5a8f489f1e5548b2aca7fccf7c8,1121b18563f38e68784fb6f5f0f98da2e51363e1c66262a5dbc0ab9a4f5b8bad,train,True
2258,e435b3f07725a79c96fffbef976e73690ee07b69145ed1d14e1e68424b1a02f5,66ac8f3cce3113edafd7a5a34017fd2c688aa6b69c6ddda97068a37669e995bf,selection,True
2259,48c26fa0e0a3a9dca57d387768bcd936fdbfe45da705f24774d0739cdc5dc418,165f9fff6c599e7c438eff671daa625a4e6f0c4ac98e0795fb6e72ba9c3424d9,final,True
2260,254af58aaaf2000d184bd37771d9bf8ad6272fa793518a8f0db02f066d93ed61,4790a35d12102bc007d7a079d7d1378b5d80bfb3415224a98d88e7dd7cc0bdfa,selection,True
2261,687cf3e05c27119f20cff9a1161f2f91b8d400964364f8754476c9e20dc40ea8,c58b46032c36289b15c7da495e331c202bd4e25cdf1a02592fb5d7c1db7c56ce,train,True
2262,f5f0203f8bafce23f3c7380a23178291655eaf55e9bedcb431c494bedb837e7d,4a11a8978e8751e2b15c35d387696eb2292a705d727ca73fe76a8515b22032f9,train,True
2263,fd61f7cb3197c80c9a6f796209778ad833696c9c1df64fe6b6559495a92bb268,01ac0738444b5d22735403e9c2bc6a76d3bec08229c7e9695c89483f56953a9e,train,True
2264,72ddda0c199713e77a15f9a5e322a082c05225805900453d3aa745a5aa25b448,4bb46721b3f7b290a29adeb894eedd0ac3ae3185aa7ce58bb386396690294b6f,train,True
2265,2259e15cf22ce7d023206ca2d8cc6c54fd1d48b49e2fcc3e395bfc4126ed97c4,486b7ea9483a3811c97430ac1639209e7925cb5898a3710da35a328349ec4f7c,train,True
2266,fbf954b50b9d2b0a9721095edda7ba390672903fb81bd778894189231cb9a739,a08f69404cb1c672082905bc73583ff5ba28020a15bdfac7e4da25601a2a0f0b,train,True
2267,34535a2852812ea7078f489b3ca04cf46db63b27308a01cdda64b815f9b4d90c,109b84251411a4d0880113ee8fc34b7792d2990433afe53549f264820ff2e3b6,train,True
2268,c91c31bf0232eb6981be35b9c644fe0a7544d10e5082ccaf1809283ed3b3f3fd,3d8ae77033d2f39691ff79488fc8074b274862c8ef28773c411c3bc2a720345a,train,True
2269,4b28070860aa4478305f8327be56a29331ad0059a97890b5cf0151ba966daed9,4ac14e7f374c678cc3bac2356566e327d97dd27416f55c242bb313ee337b0bcb,selection,True
2270,396366b55233945c1c184926029cb0da604614af7e5807814ca2ce2d89d5304a,3c932ff01ae1ed59673e5ce4d9cfede6845531ddfa39d8444cf2c427ae222cd2,train,True
2271,3ec9deb7aa3b8290e1d39ba7e5a534a6458e4b468036996644febad6b4f3eb97,db1a89cf689bda8707f529e6b9065a8dff0dd94cf531eeaffa808a45c219554f,selection,True
2272,b94be070426645c325241ed8665e3eaf5550f5c623c16e94394a9b10cf87feab,f10748b029d88850ee167fb7f6b29ba22b22cc0474968720e1f6dfaa6e78bd52,final,True
2273,8bfadc000e21421124e61943bed1a69266dacda8d84b49d21dc31aa6e327b206,26ad54d0515caaca3d8fdac5609b4fc5f09b1893400868a7325ba54b2ee4805f,final,True
2274,d0796561cb11169ceec4e69e20152178fc9b4a98b462a068790d5f58b7a6cf8f,16e99ab08bafb7af388c63ad063d15f6f0c730f691cb4c6fd56232ca6fce807b,train,True
2275,e4a252019f65eb199647ca37ab7b430f836c107acfeb89847c0f6382948d1d45,5e030ae20b2aadd09379c3ebf8f530583336d8ca007814dd412c4a565696c1b4,train,True
2276,17e3d8db54a0627b1ebaf305796b587600bf2469bb51d2671ae64699d3a882a4,61e05d40368a7fd7ec5a49871cc1b3e0cac9b6da06610e688d8ef67c3b3b2e79,selection,True
2277,f2f7d2e3e9a45392144e832d8840307573b03179812d0ed7dc9dd91c2314c29d,9caf3d2a726542b12ee0b9785bf656794a07a4b913fc19e0123eb2324a84ee53,final,True
2278,18b4e207fd120072bce72e8f1aaa2a03b520a7878ba8094d1b538183a1a543b4,e54f300681740ec87e29d9bca736db33d52127991561e272f06433bcd9c059e2,train,True
2279,7b28f12be30333709111c9af95f73ee2994861bd5b6554984bf1c10937f21edf,0443f74ccc1e840590a29c89932c5cc9cd42683254e9f2a370c7fa1bc0193e49,train,True
2280,811462b706d35bee30451684a2898336e20a8dd82a22149120cd4fe0613d605f,92680bf5c424a4d263d562fe1e478a8e9c443322e3e5b1484e9bf28a454677d0,train,True
2281,f0a2c41aa4544a944c3fcede0ddd952976ca45321880095cc735d2379f0e0932,990d11dc3c751133c10eb445eaf29fdeeec9ac431c5fd92567501005d0c925bf,train,True
2282,13de948cc41255b9e348fa3fb3719ebc7daed81f59ccd1c22ed7fc24dfd1c4fc,aac48732e656c78526d7288c6df891a4de8c462b40d63fd473be6912f61065f9,selection,True
2283,83792f819cff565fbc482aa0e0ffb2b8555e32e06cd3de71a2669f71ae083723,cb17f7439a3eef9348fcf0c38119a4ef300ee948e9814327735b8c37e4b3b054,final,True
2284,87e0bbcbef771f6dbf0e1039563c3c0f729bd3c64eed8c8963ac5970b6115123,68fb5365c371289a1a759760748d6a443aae7ed80bf6cdbd8256972657aa86d2,train,True
2285,20bf6b2988009b7d73bfe3fe9358406023def8e441517125be14b05e45e1665f,bbf2f84347383f54ca5f5ac65978f3f844ba17a97b6f1efe0e78272044f646db,train,True
2286,39d38d9560c533f6665033851be9e5ef1818417dc9073f76d9d384f1977437d9,cf7e536657b0ed17a2156c9e246d5677edd4df91e25febdac9bb8d842d31472f,final,True
2287,7a4f80ac8ff48602ac2f955237e7c8bc6387dcef60ce8b5a93b65df78ba67c6d,cdff2b4ca63560501af15cf8fd70e0cfd93ee9c47605ce1a1aa1bed56663d9ed,train,True
2288,9cb8a2254ff11d281be00e9ac4557ed045decb0d179a7e7ee16a35b995dc2bd6,74598f5eecbe231f09f3a1a3d7106fe5e9eb4bdd5960e39e0982ae3b2c65caba,train,True
2289,ed5eeaf799e3d9a2cc9e98a8ad8b3729ca8e285870d7f8a8466887ec99e00e00,487872f93275af6398b9f3914be7a99c7eda5404f177834ada52a813452059ea,train,True
2290,2c8eaf49e3ce323ae14a85ccd6e6b0d4123539a9f6cd8e8b4fbd9d7cf81d05f3,a1e151b9d70041f8bb4586f1277df130e6b5756a26f259fbf78462ab2d1b5909,train,True
2291,ca98c704b8c5491ed15e1036486ac5481c3ce3af93ca731f9ef85020d6c55de2,e3fc3aa905f4ebe8bfc813fe6e6336a0cfadf04b920ae78f338cc3b32d0d9f9f,train,True
2292,f01c4d81d67e31f48141a41329c44c247b7f1fbf29e982e2ebb758b2b67483f8,f8b5da919d4b69f01d29c07fe69239dd4795ef85925873feeb9d8567ec986ddf,train,True
2293,ad6600fa538afe190f631e66341fe477657f2edfc4d41c0473db81c574098919,6fd32dd722cac7bb6b11e31da1b8830a4179ce22ed9c16dd74db3e2712068592,selection,True
2294,5af8ea84a37b4abd02efe2765f1c55203ecced217d2eccc42fdaf1177b940c4b,7beb033f13ab84824870e66ec2432e6a1048e60138fa978f58f1f78bab47559b,train,True
2295,01381e902ea07144cc60f763bdb50dc1bc50e1de499a2f30f0f0d336ed8638af,863d09acaee3013db45f6a75a1df5d7d70b4973cd5270f03623c5491cd88434b,train,True
2296,eb6e57052117c9d8807143d2f83f659c8f90c23c425904fe74d1a23a2e1995aa,992234817feb2922e6c3c58b0d75921e7b30913b15111cb103bfa54816d44e9b,final,True
2297,661f0ed8d0482be4d7dc6c9e6f8300ab67946790459ab20545a15e29a9718f70,2af3da37c836fa3f22cf28efc8f7b622ccf162c525046078b305107b24e07473,train,True
2298,1ea42b951ea96b843dea00f5fbd69c3a3aff7c6644a0ebdcf424841869be8150,cdb8dcbb376be56be6ff9eca022c4d0c1c317db44097b51fd271ad42b3f5e3fe,final,True
2299,f83c663c19899b4c003b0466abec2d7c3c7e17c2a30f90a611dc56919f2f1197,aadc7af6061593a5da8c7bb970d537c30124e501d705576e5b4744555a0a94d6,final,True
2300,3e1843710c9dd7455ba292d11e39a1b11846a673defd977370c7d9ae1acc8a68,1ec62372678b1cdf1d0c398e900ad9fd7ff9685a18f0be67f25b0a5669a3446e,selection,True
2301,b0ccaca13cbbbeef460fbfb5bb172f879c18b8596e0cabadd34d6e5782035fba,9ea3ddc3cfd50a02c8c3474d23a259e5a781db57c5e53057572568cc3b81d182,selection,True
2302,bb2530bd9272c0b4a45706f3ef7eb7d27fa34fdfa3ffd2304d3877b4b73e39ba,979c33fbcf5207af0005ab16958add45b33c0f1e67fae550fe9597beaade4a88,train,True
2303,fcc3ea3fb2cf07ba6652493e74b8cadcf947b444a4d2ce141efdad3b58aad27d,dea52fd8b961a63783e2a926f6428ca3dc258502f3db92445a97998d5dbd1eed,train,True
2304,3ff8a5e0c569f54a3437908aab9e0d9de7c1e480d04a9d023a3b112a68477129,493878adc1bcadd819d552142425712ed12c0e63db558e06b54670a7d11194a2,selection,True
2305,be6531e99002cc14ba2fcff51ee5d313e354d8a8aaac58dfa2b502481755194b,9fcfee4a7d77db25d1b8c16b337e3db66bb35619c8ecc35982ac048e5b256bf9,train,True
2306,b194552baa9e5784e28bb5f051784e4dcd364bf7f3da163ac234c5d6634d1edf,5366d3f0d94afb4b00e1894be1877ea87bab1f2d08d578e7e26e60f64d310f06,final,True
2307,ff7508d04c29d63ab3936053832a83722c9563d5263b5491e409d2a5975784ff,8c5f9fe853178a7d62e73944ae138dfa28817b137332df71a78618983d8de752,train,True
2308,fa6ddfcd59a89c01455c945651327f50a90801e74c81bda5f2eef75ef71705e4,01c326366dc1bf2e0ac9379ae3fec2cdfc40114b49d8ca873a422c4d630ebf6d,final,True
2309,9927eae302e9fa7e2db035635e9d23f1730e59c4edfa06d65fc13503e98a4a13,e15b4c828badc46f6615ff41f4e00b7b2d301c0c62109309fc210f0399438893,train,True
2310,25a50fd277688469259f9ee324b157bd1122b77d8f8049fd33f20075da0b5347,263a18586cc43bb47f2638d802cdaf3323830988a234ac72e71fb1429fcb3210,train,True
2311,805ea1c1c31cb490ad3038a479d7db28911a40c587be9f61cd2e1933b8f17cf7,9ff9e14fa79617605eb8c5ad6b85618366485b8dd3c68e41363397728061bb43,train,True
2312,64b7a3f638aa40a062554574df26b724c0a2be912880edbd0b0ab1de6e15312a,c88f028ae09f514202c08ab08c07863bef118802f9abb55cb48d996371fc4f70,train,True
2313,53663e779d6eb0cd45fd8b1724b278d16536f9a791382efa318ce54a7e1addaa,e6036e897c67beeaec97847700327ce0c1bf7f9352b7db57c44b24d10337f7de,train,True
2314,bf890b2c77545b934884ba4cb246c49144e73e86db6434120bb2defcfaa03473,a570a5f8d772c3b8ce77418e34a5a82f917c68c40f5bef6d5f1a7c7cae3684c7,train,True
2315,5eab8c70f8b4372f3b7a53ded998c7e969d322583700f579592cbfcfbe77fc74,e54f121f3f48279d7feeb54be3179e00641c8f753c02d740444f47b584c14fb0,selection,True
2316,30151e1bfc3b84abcd365af78493e4f06c2a11f0e1846be3dfd5205b27089959,a83a3377408e8389ec9ace19171cf62adf6e2e27309468c7674803de7fea41b1,train,True
2317,f751c948dcafaef6dcc38f5c5ed2aa217c1b9cc9cc89e5f3ecac6e3fe1cec596,16804e86372f926e96caa1374cafe9ce848984670e82bc8b96791abf0011040d,train,True
2318,79a6f2201746a0cfcccc56d3f718fc8cce466c915e84e3b1fdc0566db461dac1,617556820df362b8c169e097c6019fee8a30cd5a414d89c9c2264e0c94f30b0d,train,True
2319,984d769abedcc4bb8fbeceb55e00496e8185dae04a8a16e1b34bb7ee5d3123e8,ef87f373cf957e1daf1c1ad7c37019932304dd0195a9d7992d28cea246203bc0,train,True
2320,bfd7ef95213f7f35c6375578216a16f57810541c08b40ac76a72c815e8ad5b36,29642360b3ad37e0cb558681032e268c56e48632b6cfb5477946bac30a2496bd,final,True
2321,80c7bad5c66041759e3446b5f7435a22b4541f87b89bd9c6cc6f7312673695a2,bfc0cb4df1faf814d6e37af8eb6de5c3ddc349034aa2877557f7a203e9f5fb48,selection,True
2322,6bcbfa4199ba86c73faef6059cdd4d832498f1c97306b80f97e411001c51c9f7,67e2501484659579aecc91b7805124cd3af4fc1e8eda8902b66067071b3e60c0,train,True
2323,3d1022c33607af5ab2fbf433d2520252873a50d562e561fb36e6dd72e74688bd,9e7ca2c45d7d2f1141e9503e9873d7a45fa126a243b3ce7b507630a1bcfa812e,selection,True
2324,9d9cc7c9a561c10e988cdd51c7c37344bf86995536d5e44c1ebd21e06e8e26bf,c35d6f05af00335b4ebd90510df2e5d9295296f9c67af6562c200b9dec739e02,final,True
2325,1d92ff936cc179fb7eaa2d2ddd9b9641978f8c29ef2bf624463cd40595592552,9d3423531145fdddc3cc60e42c484e6f745176fef079a5c72db4b41e1f28898e,train,True
2326,68a09a11b9e372375a6c333836b14fbcc2310e961ba8b56042d9ba07adeee0ce,431eebfd770d946d4d168a5a6d08f4cc8db4f428965e7130480e22e4738cd62d,selection,True
2327,4c03f39e1110556b9a07b2eeef40f210982827c85dab754bce131ae64e9cfed4,2a8c5961cd030e4029cf7d262e665691c9932915a1e9b41058ba1b4b503edc3d,train,True
2328,5d6b9bbc9c35a17ae7ecb738d6283b6a1550b28a2ca1ffcb63ef0eef49e4b62b,4b50f906b490c977efa78178c173cc0689b01c7d486ed4bbabe162d96c86447e,train,True
2329,2d6fba5fa59647ac1f56ae07f40b4d7d793951c102bc2dc6308ef41dade03303,faa8c858e7ffdfef2eaa3f90b63f7d52a225a9be31fa61a0305e972e24292222,final,True
2330,e86553c92fc35af151c8a4b0868cf2628e1f69bac7003b4c844b4a34ffcc3493,3a4cbed3d846257a40c01246d1a0dcb001c92ef2c7b664168bd27e2ac980eec6,train,True
2331,4583e4dcaea90d080a55aa3262b9d4e0fd570b9953909554ab3397a1db64e0f3,158f57c196d815c5ff3cd557359c7b57f933452fe31a17e32f9bba661220a535,train,True
2332,348d8018332b81123ab7e8bd8a1c15683555bf226962dbb14c75d09c73feb0a8,d55916745d10506cbfa07f1e471e56e6f62b6bdd38e9475d9f079eca23a2ddfe,train,True
2333,e1bf2518bf723d00df74bea7c654db4b36fd0b6eee78f60555439c95ff1a2a04,e1b3722abae375e9591f65e00b5e5adada9b9750bd7cd8957bf11af057d3d14d,train,True
2334,09eb4ad665c962161760f40e110107b97679c54dfcdc0aa06c736901370bf226,212de36090a48915f9c693e5f728e071b4bbcb8c78c110d06a96f1ea9d38cc50,final,True
2335,3d77dfadebad1444ef3a7d86156795dfed3f21f88cd7c1a158df417e1c512c51,a4c501debcebada1d1c19d5e35df10889ab683b94e51146011112f7f42f78a30,train,True
2336,67024469e11b206a3e43cfec5bfa6592f1e1483ba359828e49f9820465483fce,2ca9295cb200566fca594e24135e74023fa28698d2668fefb13b304c97168be3,train,True
2337,70483054dec9611beb49c3ee6bd74e20d9698d6bb58068cb0c3c8f18e12d9170,449d1736968f20c8951f203d4423eeef1848f7a32635aade4b61f5b7574273b1,selection,True
2338,5d2bdf1d977a2ede2861548fa4eea12043e17f8533943c88ddec4e4d3b30b7d6,d7c2bd989aa1c7778d7652fdecaa855be2ac2c21aff7b15c324a5b36698491d2,selection,True
2339,ec3ad162e78275b2563627f2fde0d4eca120c8a8369ad5b2aaa0da0b82f7db62,d25f925defb33fe56b4f9930c6c90535b57220257dbc7cfcf3f50067b9ce508f,selection,True
2340,117ac1402eb1ea7660d9a90baa300010f4d69f586fc7711e04dccf0a64442715,66d9524749599e3ad9bae9a7f80e3fd2b7264b4547a001b7e717288f4b0bffe4,train,True
2341,9e42767c503008a2686d76195c2831ec24df3d7f934fed4ba23fe2feb376f8ad,3d9e770507d4e5fb33e90f32be90b48a05edf36bb4129c079ae2509f668bffe8,train,True
2342,4d8668e23c755f88a6c812b77a374fc5b545c7ce252d9483147e1bbd89285463,c9145118f81c274d0580d3ef550c4fce01ea8c6c2fd1736705d47fbf8bb2c4b9,train,True
2343,9ac99c2cb701e1fb27337702d17a06c9cd295ba713b7779c733d054496ff002d,11e65a553cbac1654af0a92f65b44faf5e91056cd7c58598a9a64f4a00bd99f3,train,True
2344,256f8d78a735f771f78219b8b9f1d8c8107b51104855ac35b9388bbdef53c6ae,377c0ae9c2cb1a5f57625750f74b2bf52e18d939c73b67905b3344bdc4c10f2e,train,True
2345,71d524f020a064143a19644339ba3054fa06481792080e64c8c83f5fab40448a,37c566dc38ce68b7a87a0b5bd7a204e994bdd0deffc537ff9f653a4922ce442d,train,True
2346,a928b873e4a73fb17d7a542784a42e372d130007bf408dacc54d0c5c30ed99b7,b7a0843e9dffb2159f5e3f52e73c308eed89f09fe7d00ec15c83288fba3d147a,selection,True
2347,bb5e2fd58d60b24d27f68712998bf1861e00090376da6ff52ea5e4a5337e4966,57595dd7c557f0490f688497c8877ca580219ecff32717634dc71bbc0b3d714d,selection,True
2348,250da7286d4d504cf5af2948e0f756b7545e8899ddbe5e52fb2f26a4e6515116,8448dc1a337daf9cea3806214f2e21fd52c2327e10df8ab442d4703b1e996621,final,True
2349,a32977b3e62da5b412e7990de790b843ebe2fa7df3a8733a9bbe83ce8c731cbc,ee07b0cf5f6058b5075e47ea69c572e0d77a1b261f85989694c5b01baaaa6ef2,final,True
2350,2e66f9e00db1d4dcc015bd04d7f0b0424105e2020f622b1acce5e661f489177d,a112a10235162d6ad8a74d60ed82bd205aaa8638591dd7f25a49b67203c605a6,train,True
2351,ad0756da698097603e224e787ce279c17e4abeae9b8bc925d427bdcbc536726a,368e2411adeb545972af25940fc8f3bf0dbdde5bb5d85a68e48572c3c073d1e7,final,True
2352,a39853fbcf8ceb9c7b91b46b9148ab6fef83ece5be0a3224dbe1ebcc9416fd89,852ab9a7e94a27ce24f810a00ca1e72720050df46778cc559a19d40e55e242ec,final,True
2353,482cf603f4518d00140010baec6ea675563ec733f9da492f958399e9824755da,3fd075c1011546273ce7b04372caf23e21b3d4c857b3176ab60e54dbbc653285,train,True
2354,fcb9d88316f79fa2f7f6d3cf56c9e89e282f8cbe8cfc00387b6ea52521e9d884,34e15d470033d294bf68139afeb30ed68f51ef96993ffb4b8493451d68a1a6f2,train,True
2355,19df6ab8f0627cb805a697414706d8c2b1699ad9569a0716e7b61370b4afde18,4c83a4e9dd297aaad6e4f0eb47657a3ef2c17cfd49461a128fae17a1746c0517,selection,True
2356,80be46e97feb872494ddee76ca2993e40abb569521120fa5308aea4145f97621,5b76ba2630e0a452d677a225c5b5079a96a1ebaad7eed02e21ca2880ea529583,train,True
2357,e45df7d4ddffef0ef78774caa74c9fa1472668856daa5944696b95df648e3e3a,c43f621eec3f17d875c6bf4775477f4545a80efb5876a1fcef98280166a2440b,train,True
2358,26453953bee89a58ce00b24ac014eceeacc1f642cd395d5c56d3f8ba49be9708,9437c13e5bf2c6d3e416a8f0df8ba16680bb4dcf3a9ca43e32e2bc0918b94b2d,selection,True
2359,8d9c1a30e312d3851f37ad3bbf062b3f964724d475d1c81cf7e56dc073a7033b,303c041cc38e94e7efa4d18f22445ee4bd3f94c77378b1ec4ff025a069133d9e,selection,True
2360,292dd6ab9a6b94bbbc532c119c995433f11166a08007ffefd4f9e2fd0323b45f,058d6906e58d5a1a99d7c108308e04d87abba6542d4093b8f4331526c6f241f4,final,True
2361,b024fb4c8c951430094a2de0460d514a83e2d31f68507925e1316a7277ea7682,125d9610bfc390f33df01c1f831c9a0499570964243c888acc9dd45d5f7f81e2,train,True
2362,622761053f66ac4937380ee1e93a6e98c565c4e7a87bb6bb8e42a05c178a31b7,926739f1e805a0eac801fc902d23c1ad4cfbd206ae31eecbef479dd79ed8067d,train,True
2363,3d9262ab42fc140514068ff98b97f7db59c683169c35df6c8d6a9679bedaf355,104ef60c20f5eb6f8c36baf9d807cb64f0a1e3d1da516503ed0ef7d17e8686c0,train,True
2364,88f4e5d84d9a8cbfa15a54930e5a95d157a0b533bfefe7bfcef153e9660965a1,872734e41db20270013039d8d2bc857010b9197f4d13bbfb3b393c4377f8748b,train,True
2365,a5abe8ce94cc467725e8ba14219b2e67ae66e323cca0af1dda0e09653dd4843e,21aff1c05a5fd6f26a3f5170908d9277ecaec7e7db3945b63cf282d7265a2de2,selection,True
2366,0c27fe3a8eb0492515ae7b7d26d05c4e58df93c95438411f2c33927aa24979cb,25fdea6dd464c9b4662aff4f233ca5dc51091743b7db59c38a34e0696e1e15ff,train,True
2367,05b7efdd447ace8896a6a8a8cd1c3dd85f3304d7b2a5fceb42ce543ae3f34249,5c3a331c435cd7fc2804cc725c1ba02e62eb32054691e8a30c7cc390432edcd4,train,True
2368,2ae139f117f3a37ee89820a91fb7ef8e131e1f09af1b31c3bf48b5c8e3f8c172,db6fe90c287eba8f4b304e988e6c58cba5a94e5816db8e64cb26e9ad3ea012d0,train,True
2369,b7d055837a869a02c34ce1c911009a189ce410302eb07eeb4b3f3d610a926546,81ac494cd7096f6788f5002a014620c5fd0fad5908db40630e2a59f423db17e1,train,True
2370,8daf855660ada6c0beafae6177577831332023f30eaa09e48083557bd09922b5,06f9091cc988742d8874a27e3e33167419079d9343a63ff70d5e02eb77db46b7,train,True
2371,de6a34bdee435b19fd5e4e7b497edbdea678ddca74a98b0b049f8d9ffd9d0e6b,f122485c84f488adaaef96faa8462b347bafe0286a95131e8ff3972f7094a5b8,final,True
2372,b10ba90215f7ae8e87546641bb8435771337e3d6660bce2e4ddf3c0a83e3ed24,b697f82e8ccd6ce978e06c56ec95327478ca383351b7aa57d98d9ab028557ab4,train,True
2373,df64ac0dcfb776ecb0338b490e239d5bbf022392eb758de5735f3f1b71fab011,c803f8a1f8ca28204ae9040c105f42a5768209ed230b8700013fc80a3300f00a,train,True
2374,7adb963c1474cd933c67971ef15f7e1735c6967fc974c23b539a606bd0378ff3,71d9f0148b426587d8d3da96622fb22f1c93f9fbe585805a5dbd1bd5435fe136,train,True
2375,402dbd9a5de6bec1a5e2da6f6fdfe0bac709a8e0621c70ce89cc9229000eb2a8,383a99a920c8ddb3052907b03ce401180d20845157e31f6ef5e4497ae2c84e3a,train,True
2376,a52e4c11a583615b7eaed49af5a8930ffbc0106f3e20763a3c7ec6c6faa0e47c,b9c6dfb0b2b58ff1d34fbc8cf2861a0ebe25720bf53c48ea1cf408f3557f69c2,train,True
2377,b6d81f1b3210616de91250c685795984570a25e787f4cef38160f9aa6c436641,e9f1fdf9aff8e1197a0d458a07ae8aca3785f1c53842205c0480fc0adb5da6f4,selection,True
2378,9d64bd95ad275a896d036ffae920de7513595ffa2c0cdc7ae5135268bdb51f43,6796e55c92d87246b6b71648b71cba7ca69e9e959a972b890eb004ca1094c289,train,True
2379,1dba7d6d29fad6269c05d5ee3401ecc0072a113338541f2e14be32f0a832245d,feeb739fbdfad40e835091d5180fb556137eed188050e9e210e32d44704e5318,selection,True
2380,81b0392928df4871bee2d0e6be1ca36b06e05a8e0d1fe42ce037e5aef9ed9b72,4f913017e2cc9091c22de1b508307f1253cf7a9e407a917b855427bc53f2ed30,train,True
2381,16f7fdea683fa5b0e2b9d952dc088955e498b5a8300f2615c8271bc00a5e25c7,5994fb833a0827331964dd30841a836acac94b387c1a237adb48354ed0eae136,train,True
2382,4b7e628b52b4e6d4d154e4fa1b7425a7a04e349a0752fbbf205afa5c7448dfd5,5128012382b11754356153b709734b404672fd78554f5777c1992a840fb0efc3,final,True
2383,c0d1bd040479f308181cdb1423597b0e7965ae4b317d9b8a74947d4adff2e4e8,c704208ad4e3cfeace1429a1a3955b864a4a134cefeff6148e545ae6a6cb9078,train,True
2384,e6db46ef0f415cc937a28db3c95e3f3113356b38372ee2f08782b63339d73bad,bcb7f680cd16330bf090e809e27cbc2b126d5b03a5ae6941989c04e31a75e30a,train,True
2385,b30705bb3d2c78865e7680ac794e80f0e23f87628311460463d2714b15f9adbb,06e460f9eb641f8b422388eabbe029846e5c38a70f44e461a83048e48369ccd0,train,True
2386,7efdbac1246548a0c823b1dbd73a7ae66b78549c568dcf66f96d74dbcee1714b,64a6746fe0ad8c68d8a768e4aac6fe5ff14fd7768151a03961ce119d3cc3116e,train,True
2387,0cb4284a22b29a537391342cf7f1273d25b4a05da5b23afb19f0ba93d34ec2c6,5e3850060b35e8a5b72194f4c7e1b7e22e10c96d68f18d9440e9986f1624e75c,selection,True
2388,5c068821e8d9f26e91762d367b1507006265db47771230c8005d6ccb7a007e65,456a0aa4de9b9cfc85953c7705ad04abb447430eaabf8450cbd14c1b28b343ff,selection,True
2389,af068fc40cf7a7f887a048af7048a15ff4c99153035b87764b4b0d4385781ce2,a8929721a87c687f6d54b95a941a0b82bcddc24faa6e8db43599e802121bcc9b,train,True
2390,eac11ea6270f43971153db9fb08bfdde7fd13016cbb0d5ab3711c1b4d96f9c93,e2ccfce2ba14776f1a9dcae214ac344d5210aa6cd43e3a616cd516ec94bbe21d,train,True
2391,cdc1b308c435d3755a408c9e133476e4ba738a71ccfeadf77bdf82621559d2a0,7d51da5971a27204207d82bb9e55fe9a192b5e5305cc4572c6e2cf1d7b7d1e52,train,True
2392,76693fd1ab0033671a5dfa6d220e4cf92b1e0fa4349d3051cde75ef4980e104d,80160a75a4e4f4ae0bef56824ff06ef1303ff617b274e8a61b6825d8659951bb,final,True
2393,2ddebe681dca13c97299261dffd19b017547d09a6413e33dada861dfd5cd2d2d,8af14f8722e36444d0a683fc45d50a898e61b5cd5c6a6939dc5d6476ab5ab979,train,True
2394,cab12b31b0262ce393cc014e5f18738ef8c03e5e43d3967fd7280f760e8f593e,3ab80848f113ff89f1eea654ead8b3a7fab2c3f08a338cda87efea96ad87eb47,train,True
2395,e49e1436b7fa5b1c34dad5cea5a721d5385381c357f11f7dc45c1b3d4f91e8cc,1a4219b885829d6946c84168e24befde73140dae5c06f894741b09107583b9a5,train,True
2396,5fa6220ff533da8e8f3b39ee896f8ad19053323fca11260a80472647d6fc27cc,6ddcaf60bdbe5d7dc3b15f3120954c2f8908356266859495f80da37f3691a76e,final,True
2397,c52f1bf39e85fb020a076fb31a2b7b0c44e1a039593b83bbeacff0a4a94ab74d,224e3f93a8b9222805a7a10cd9d7138648914558b733fefcafe48bc3b65d77ec,train,True
2398,d317e3194c492225a4504c4a7a7726ebd15f0f502ef1492667dbcedf58a89510,36b13e9d39fbfe0a9b9dbeb40b5c86834b4d6cbbc83bfc7cc565ed053ae0b02c,selection,True
2399,238facefcca13b7a97d92ea01993b6ca2717a8a2b6f50a93f428fb614c6670e2,125daa2320e25d7edc1cb02039e5459045a1f29b2416a14816ac600bb797de82,train,True
2400,c198c2552ad63405e15519bc101e8e2e2c8de34ec69e50dd897068c397343ec8,baac74a55d70eb9ec98d5e26cedcb413cc3a8c66f96af150e15e95cfa8317982,final,True
2401,0713b96f5af6e272b5078ef7b5a7829e547f7f3f73d6d71345d3ffc37e8a6b31,b84cc232e7aaf67c1e80d7eb5d741e04bf67da29423f7bb4683bf1e853fe7368,train,True
2402,5ce5534b4cfa923c1c69ad5922f1790d61e905e23be8d3534096a5fe07647b6b,4a8fdd122027eb0e619273a03f71d1912c0d9682cea297ea3657b8b3c477567c,selection,True
2403,eed824f4b9f2c193b24aa08650c224a211d166b83dccc8f673daf90656b70088,fc00b3c98955c4c0f70773326a908093b77de3c973c54d51aeda4f4124a6b065,train,True
2404,81b263f2f7dbd9da01539bdf0d689df7ebfa182a57ee8e47312a08b5aa9f1d9c,7e8a8419d2c1000def38007e72533f805d3355c7d928655cfb18270b439c8fdf,train,True
2405,04e9cc5eef175e161dd865cd94377ba6979596988f2a4c18c56a1422f9f788c7,1aaa915b05de7f211a03923613d833ea66ecf6b2e1b481aaa411881e1bfcab07,train,True
2406,e8511d8a1411552298b8c57e1822a345b6b4e71fc8ce530e7d192719d68ea668,01db68622591b888e382faee1157c48d9d0c9cca40e4d1abe07d3a8d8fa13626,train,True
2407,593bd54cf2b9e1417bf44240cefbd1a396ad923596f8e4f74030de8ea67eab9d,ba5a6afcaa52c4c58a34ea8d19df711822ce282e0bdea61ec8ff3bb2e6f9aad4,train,True
2408,052175cda82b858620f4bc123e5bf39245172ab6d3d30dd1558871a9baa996fd,e041a32c520b116c988891e39e6a9ba96fa2aac77587053ddaf07e780071de48,selection,True
2409,d2d1dde3f4f9809d6713cf0a13a5ea217f4ee61eae5ad45e1c06dda73296bab6,26e26f1add42bd46e266c6c805a3bf8c6f54893ba96525ad9a2217e0cc555cb9,final,True
2410,19b1dbae00260bcf1f2742bec478a89abec86023cb8e5b65cd16b5aa8567c1a1,2a618f4d6e28ceae57c072dba3f97b5215795d1b39caea10650d7e56e949ee34,train,True
2411,1e9fa3dbcd6801e952fb8895b7d1d41f3aeab8b69de246ceebf2833dbf1015e4,79d267613ed88d834f0daf83f6477320e359c954119b4e84ad96b1a2b0a8324b,selection,True
2412,f645fd9f20c1e66af7221a36b902e91b8a8616161c5ffb1b756f71a107270e87,ec21b57dfee3e07f737c613f4a0ff01b726f23dd8eb4421fa7fbd4445047bec9,train,True
2413,dec210fa8d73c8c28b4dd047130563d2d8fa2abe8551b37609e13365108ba356,ae054214f1fc3b507e6a77ed39adfc817f11d94a4934464bbd5d459be719c7ac,train,True
2414,0799b0d073bfb55854e0dbd67e6c6b41dfa8f6e740dcd0b096f12e6f3e34be79,767ba27ba0fe7e8cb5533e671edef9e19c7cb3575759d45945946e2c1c8e0fd6,final,True
2415,b64430c02d7d4aea550cf2513d954b519e40aa4fe1ba6101af0202f50bb90e81,6735ce7aea86186f92eb6f314d1b2b6b4a56638d1dd46f80cc9d63b716413aa7,selection,True
2416,6fb9c30f0f58e05c535aa23d0a51a4ae848e936056a56c009980e3d7d3a7089c,b2f8e9d4fbd30dff7b4f56e20a88d061ec98e4d79881c787908aeaa6c07e6543,train,True
2417,760f369db7df19651c3c72fcaabfa39da9f1f5059053cdabbac1be44c16cc027,08b500e0ddb16602f92a3783d331fe4421ab924bc0ca467afcc8ccfd9b1d9e7d,selection,True
2418,9e3ed9ee664e57c577f9dffb245e41c47f8a4413e69e94a5e17f832fa5ff8bb1,4888673bb5657da137ba14141eff339eab8b4d880014c75f7a8a41c50154817c,train,True
2419,1a6382fc5e468236320c5b05c1c81fae4b926b1c8a0322393fdae8ee1db5b043,93a9cffc24b818707699541693efbdfb98c108476006bd5c1c5317463977e803,train,True
2420,5d109a1a43766aaaa051a7315654d1006f8c55af824ab0930c693878562fd1a3,8b28af84f6e0b92e50d2c9e6045e4df33615175cff4eeaa1f2a5ce30e84e61a1,train,True
2421,e23374ccdaf2fd30456bd1dedb2c489f668ba721fa64cbb6d1c9258c6eb4a7cc,ef8a838880453c82ac3ba0cff277305773a90413c3a4e0da5c83d0581cda2583,selection,True
2422,1c5aaf529aef181c64b4c1d6f8dc8b9b25927fea911166cb3bb59f4a93fa1f2d,db8807219e700ecd2dfe39a67a1e7d9d1bdde157727ae22e665c9f52ce4de57b,selection,True
2423,bee0907cf44305b10ce5bed5b630ec8420b1d21485dc322e3d68c7a7f81673c6,0a6863ed680023a4dc175bba60b13d639d8143ee4e1f8b9b930f653cf1c8d853,train,True
2424,f809b2c8e4baa0be31fb33acc11e7b7ef8f208f0497cabf629c94538ea4f6d35,9c9104bcb42f54b88c66f940ced9efb52ae9119edbd4891e09369f3dc19288df,train,True
2425,9f74c254cfb4c90051d4302b8144f70641b95c8c823b63f159820958aa111da1,a9d86ef00e511366e95f37602546a9645329d83e1af96e5f40322320913f3804,train,True
2426,bfc87c6521faa5cbfcc90abbe1006352603d1d1a3f85a501c93c60c2e841a9e7,4f142e5d87a743b63b1949b93b916d34a2ca527fb3d4d59eb235c54b4d238ebf,train,True
2427,4038635d1d0c3dae1f4063e7fca4a66338867b35bc76acb0e8e3cc1d93be4c8c,94f5ec7ec3c3d1942356e0a4cba26de95eb0a0767ad6b8dd3ae9d1f7da9df90e,selection,True
2428,808cb9ac0a4b1b6548cf76efea9e940f0fdd4b90fca9f6fdbefa6e80f050545d,0a6a1591cf831d16c04981efbffd9f806ac1fd4e51f021c64d3d3d339a920685,final,True
2429,962afbb553c7dcde1c7bcc58c835edf435f544218af5e591b85139b8a29b4106,ecf6ba9c383568465b6b6f18f93439c76f095ea38f21d95902448f3ad90a8f48,train,True
2430,15ca9b0bdf6fd9704d4625da1735496c6f30f72c01022268f6dff6694ed4305e,4563c2cf479af36e5205c17961d59d66b5aa00a98fe6282102db41d439392cb1,train,True
2431,17dfe2596dce3fce2fe4a99d107e5ab2b7c60b8bc3fadba9050e32498de4063a,00203e5dfa2d08a71edb25ab58de7a8b7751c18b4397128e605aa2cd706deed3,train,True
2432,1ce67a6ee7aa88cc7a4ba2763febad7404feb12433aca2f30de8113d7e8738b3,abb105f371cb62bdc0dbd730fcf762dc3b72f185b178027a6da8cf63950f6ba4,train,True
2433,0412d0a50d3a53536df7422d5f40e052e8184f98432ec04b69cea07be5963774,8e3dabb3ed2bd00a61c4e07eca1c05b405dae67d5c1e0e008e1dcf027fa6f254,train,True
2434,923cf5e8d88679faba433c993f7d087cf678e31b5473e13d96ea8dc3b660ffab,b2123db4251c34c5c6966cb6adee7211fbfd0db5a93667bb8a30fcf73d4011d2,final,True
2435,2333a88c2ca444b4d866818729a335898f73300ed7f7d6fc2dfb8f422e363de2,2c11b80e06454c0985cc99081d2d29733499f6ee13bab77eae66e0957ba9350d,final,True
2436,e68ca0abe28d413eac86598245ddb784d38680c441de8cffc55b0c40bbff4943,e42729f4ac3467639204beb88fdf5bfd97eadcb581565cf9f5c940b61cbad187,selection,True
2437,4dc4f972524686bf501f738ee93237efdd5184cacb43ae714d51830996bcb2aa,494ad24cd82e79a3d96f3f0572032012b75689e7ef075148eaeacf7efbb828fd,train,True
2438,f608328cb64c3441ca69b80c151f9a00ed86914f7b0ac9cf7e407511f5e0e8ad,2dfd4855ba7cce9b66550a6aa5be615adcea554abcd2dc31e59828a4fea42b5a,final,True
2439,7a65782749b5ae5e0969072e636ed898d18633c3460386c5e16b6ab86180d9fa,cc8ad04ffb4cf7a6e0482d8c8ce0fe31330b15f94b3235cabdc5cbba78ad065c,train,True
2440,27e11b60678661f90dd94473b8176e17cc39cd96fb2200dd752549cc40661fe7,7006c444a401384d3d427fe29469dc6b1d25ecd406da10a3c1a1197a8030230c,selection,True
2441,32b7495f1a21c65eaaed2ba9077907983a35a76ee594e85051a4071ae6eea06e,84df939afca01b15077c2804475d7f2bbf6677d3eb08f39b4daf65d96c6313d9,final,True
2442,3ccb9b1a6dd22623060df74583c6d2f108263632cf2f838dd67e80eecd1482ef,413e2f270951dcee8053bcea0600208cd7671a558137ed66b7c47f9e5f921c61,selection,True
2443,86a30e4b3232ddca82719b79af87f65f1ae368014de27533c99c483aae05209a,ab15eef31b852da674d8f84413391b499b53a914ffcdef3d81e675d80ac8e041,train,True
2444,c0cf26f86874e7dfdd0a7b846b187e67b326c2db101548286be6dbfd8b23fc48,dcf798f01502115f8be471db164341d41bf968fcb98fb44c832b879efe839cb4,selection,True
2445,3f639a03280da068c1e65dfb5ee48c8eccd4a63634eac40a22085921f4bad8ca,16448196597adfb786bc8b67052cdc5e9286a452f87a113a479f9d8e0216ddb8,train,True
2446,30f6cea9912fefab0d96c10020fb3daad0286f63c77aa0d5713a5aaf1c421886,ee23c43f86c092377c22152522683738f08e58938dc7e0e44eed84332fd10c79,train,True
2447,2626ca2d23b25db9da3a9ba73a313e75eed6b2588f5de6ef9a0b4d1aaae1b9ff,52bf30828c5998b24bd9606e87b3453ce8d762a15067dd30ffe53009c467a993,selection,True
2448,efa0d76a403b333ec7c0ef9b24063e062ecf0b9015b072079dec67b25f6f495b,5e6d8da07a2db1409563ec08108860a1a1db3cf836eef6a3057b78ac2545ba4c,selection,True
2449,608ee0b5ade3b574fe1d1ccab222570312f1ea974ead5dc31dc2c4020c6c6a53,6576a00b096dc24f687358d3d2a2741e58e6209c6282426603a3744910789206,train,True
2450,1d041a446fde4193768b05c5c23dee481365b1e0c3519432c29129f59acdf98a,eb64b00ab5bc32d5b1d02e74a9778073b63548888e0ed317c80d0bbf8c836ef3,final,True
2451,82b8a698ec1c1c2388f1294dce91d8be5f6023cad5a7f78f9098d99a290d002d,95e1c12c74afc9c5873fb6579dc9e0e2f79b3e3bf1a73db5979ec35bcb3f303f,final,True
2452,0dbeb4a1bd9a17ac911550b6b8d25890ab24f44409d75b70fab258c0f3b2dc1f,faaeb0a2a1b0ba2736346e12707af1158e021c7ff8fa1fe9ab1f5cb8e75609dd,train,True
2453,6689c8c27637b762425a2271ccc8e8a9ff53f01126a8cf2117eeeba84a95b2b1,7478f9fb786f49c2c8e1ac596f9c2978db875ea084ba182be2ffd500e36729aa,selection,True
2454,051aad9736b7dca6be8f88fcc4579303cf5769211d50fbe004c4cc1ead372171,c20d1beba6450fa9823b0c3d4c01bc1dd368f6c80bad4b1859a9dfaae28d9f66,final,True
2455,ea4416f9147136366bf42568c29c397e3be5dc5bd0cdf8a268f8b6436a457d55,fad5ac5b4c0447972292ed4c0b9fa186f81dfde712018e20a4628310d854dccb,train,True
2456,8f1110cc60881d3a3bb48661ffc6661865957fb1991d7a78b94dee6f067849f7,35129601ada522b5a9b190f2de04c000e681c8c2145ca3bff72500558b396c61,train,True
2457,6d8b8adb1304217b184c2ed0e85cd016c26e6407af4cc603b3da3c03d485629d,b3732e7189dfefaa3fa40848e05f93813fbb2246e529f7aea94b8a2d4425e7dd,train,True
2458,6f37da3bcb2ea21de0cfc153490716659ee18c157ff8698e6e7a806d0a7bb20a,b254cdccebfedb1c3a99d56c9bde116c9ded8f0e4cf89bef6a0b4aa75d8f92c9,selection,True
2459,0c8bec3cf210bd65b26a5060cf3b9e0f490d283b6317ffccf82c6992829b607a,5460e98c166d7c0d8288a1fc1a339b3ee4f9b970b0e9febbff028e0d074d899b,train,True
2460,16cc6ca605ac03dd8249ec9dfd273a5fbfcf1170ebf3ef83131fbdf78e7471b2,e80e510972dae469bab92ec41f6256dd0b819a619391a0d545aa28711dbccbdb,selection,True
2461,d8cbd7108daf63983934a229d8b2f6ab712eda21493e02be89bc21e45d21eb7f,fbe39b310f7e376171bb495ff2505597312f1af3ddd3a31bac3d41d28002e9dd,train,True
2462,e308d3a9ca3102a859c22c6b188e1aef3fd42383ee9d37a7dbcd1e1f90308688,8b1f23fcd87f1592e65f1d67ebe1845484992c253f1bac05f6bb3eb34363b0a7,train,True
2463,8e862cec0130e3b40e23d062e34c2d5fca9d1ee9bdf064d5ac4a4b35b6b458a7,486352a57daeade83a38d88a546ea6c697c61768098058e04e033f00d289c4f7,train,True
2464,59fce89a16593828560b6271de2081f23ca3f3cf4313e09882690d1bb0e814d5,25258d8554ae8b63024b2c1b58ef8eb3932f8029bda5f68d5524771bbd43c11b,train,True
2465,d3dee16320548bba2e805e4ed9f7437f3697aad6b1d8f078707d840cf6cd55df,e57e551bd8a1cc8205b9b2eec89eb055aa390d8f3d6b8688b021855d00b01ff0,train,True
2466,6f28a1ac56d9a876fc59202ae9d46422e6486d38e84e2d56d888682ed7bfdb52,dacb2e3d5e9062e4f28361bf4deecbc07277b66bfe750a7adb4d7275df94bcbc,selection,True
2467,2bc850ecae53fe148a294ffad829af8a6ac9022b491c815911f63eb704105c02,20811d1f3e81e613a36d18de7f81517a65824b3e986780e10d0c4805501798a7,train,True
2468,d0c779f13c1bff3894aa66d258b88bacd1334d3a87097754c32565f9f9e4d9db,8f293ecbfa86590ffe1a6e12c942cabbab0c1604c46115964b921aa73c240330,train,True
2469,de9401b40ea83390026100824f2b933d8591b4d70e5fc97497fd90d8632e18d7,1205da56919fd799889e2edc0ee1479e83e0aa6c65eba765c09872d87bd83e45,final,True
2470,47d14d4de0594def9384ec1191a0bdfff2309824873c5e3fb2c0d922d15a2283,2f8324c18cdc8f9f1345d6f10e220fa4e77c77a8c7e8c1038003c1f07adf6ded,final,True
2471,43b85e0509313bc84fb49f9bea5fcd8458b5fa05d6e84712847ce3fe88ba9752,685a722ec2a64f520ceb0eb387c48cc6008734e0a80d7f480eb30e5b2d81897d,final,True
2472,ed9cd8e225c6bb3acd3ed711a162c5b1ab039bcc0e86b552ea2151d8649ff956,e28347ec8f22ad7bfc994c4c4a575246c0715505b52f4216e8659c38c0f2a9a3,final,True
2473,02af9fa36a8c1277714fcfb8c8f44e2e2833d490ac40306f1e2f1142b6149e82,372786cd64bad1593dac56b17896b8ef3a97e66c3126c4382df6215e11ab66a1,selection,True
2474,ccd32189acfa8d7d0b48cb7bfcc2afd62109e1625bdd886b652b7335eb5b7510,d2b9d8a031ff12801868d5367f62b31ec8db111ac2b9b4fba1f3804b48539e42,final,True
2475,fadfd2692786583a735c5a7109db3f4a80cdd069b0242ccc4b547e986a8716c4,504055de336c6a1a1235974b50be6c8119281406f3bd9beb2fcf248a9901d28e,train,True
2476,b468a55090035ff4e09c8a052ec11107d5a49196790e99b55ae8a3bb1530af03,f8bb96c2d3842d386d83c0f830d7860876168bd24e40ff2d36af5164b6667d14,train,True
2477,677506af7990543c1ae3929af60a4f9e4827f4ede4bee96481724c26e3157fcc,b24ecb1740d747a910a81064333fbf1814c6e62b516c447537b9b14cd441019d,final,True
2478,680a97d72a8531f7958019cf55ee1f4d9b32fc12618be1e0967a4d5afb557d6e,4740ea55098571c0c2748eba8b8e4ab15d9c0adbe89f406d91002a3bd3df4233,selection,True
2479,9115e9ce11478296696cad53496ef4f66e410ef63756420bfe87434102ae2953,f6841370f315f64d1f156e4dd8d7abe6fd669aeed824a6c9c3455b6c2e54bdb3,final,True
2480,e30d7ce8c1d0c709050d1fbd722dcd65f291635eccde0d8cf74d39b2941c5684,da8db2f210ec6fe9727bb189c68dae454c98d406d236488b151eefd2861f31a1,train,True
2481,e3e632e2249cd399aa87e698a433e6456cacea5a6145c063b516d40280709918,ca58d04918ddbc211bb5b86b89212bfba18d7c574e86ed1c6fddc149b4b3da93,train,True
2482,dd224012af9e5a61a66dced72b8d40b7267657a304264c53828ea09ec70a532e,53ad46ba39ba46f6a83a0c973a155a4fca7a2b9239941bb6d2d1fc0a186c5c2d,train,True
2483,fe45b18ac42901eabcb0b637eeeaf52537d157d4c70e33e848490ff932581628,84e7369392765f94dbc6b192b918d514471c3ccb8ab6af3deb1ae3c6822b94ea,final,True
2484,8d9836ad8a81b30b3fbbc2c203ea899935db15b75e28c946c9a063352e5b63f5,1ba62eee4551786f7103485a73c97dafc3db9bca26605f626a41ab0317419afe,train,True
2485,47411cdcdbe5f6d909fa03f974d8de30c3b087c01da9e97dfbe1671e9cfde5e8,fbc28bf5234926e4fbac37dd804562c74a7096129b51b4d6088d53f0d21343b4,selection,True
2486,edbad4baf40e1994384d5f3ce4294b69dbf167d351c698f33d2db21cd8ea934f,d3cc035544f32beecb8be146cb789957e3afdb3ccf41a84c49c6136c5951c9e9,final,True
2487,bbbe46e00a79a2d10862da2b0d72ff1fbd200136e3bd1705e89fe4b9e23a9805,2b1b8300131584bf36e466841abc22f8f89a85cdc2af4d4a7197b2b18475879c,final,True
2488,6851a3fde7e021148b776339fb685ec92523566ae05de7656384c094a390a5da,6c413eb35934a9aa5a4741a674b0484ffeebe1b43a80d6e5c13957ac8457f988,train,True
2489,df2488dc1d1efa347a99d08534c1ffde8765cd4288af82ef184240aac0f526e1,54abbf4cfb3bb1eefa3a6dcf253f16982aba0a6c04411a8906105b7d67403598,selection,True
2490,4bec00cee73640b3b745daadf3c66c98d863fe35226ff0780baef97974777be8,c8794ca456caca4b7c6bbd88929f604fc05d293f81f94d089e3440316c7890ef,selection,True
2491,32f5c5cd7b645565ab5917a12fcf5d4f2ab244e3c4f9c03a803d3f3f0ff08fbe,913ab0ad2c6d7b10ea6b01f215bd45da6586042724473cc188c3b9bcbd1ec899,selection,True
2492,7c3db9ca1dbc14d5ff8e31b09aa9e288179c970f1a56f35305aa7c91be1bddca,b92c2f66605081b987a2c67bb8ad8e285160d0790d30df54b05c77d69395d1b7,train,True
2493,f57b4b0917e24dd5423cd9c0f7979a271b616753329f635e8d1c8956b8fce6de,6e58efa0d262a49d943e49f1a6611a35ebb6e1f285c3c52f5c9f1c697d489090,final,True
2494,55b6af8da7ccab27d4bee0eb227752a85a962a45263f8154a0bbed8812886976,b3c751c3d2c7e523e00fdd090d4846cb3618b3874c3f70817208f41505429149,train,True
2495,23a8deb2b001fed46464eb89ad4905b2a9aae4fe36e42265e1e8f557f9b2000b,1c0cc90c9dfa7a3d8f8c8bc313e6254eabb29168319a4d9c4a694ab138a39656,final,True
2496,6192325f07e08b37225d0e791473a5455b3591b67b9980309470eb0fc6834b57,be8c1f04c943462062fb987eb9d6950413c3cf167cace29b5fb3326af8566451,train,True
2497,7f9d4067f9a666b29a4e27d5353e40d6e0d964f000c0e43a18c4d36f9273d9c9,2c45eedb474b38d3b65a99dfe0917e1538646e0a43febef75bd46c1b3b8df022,train,True
2498,83ed2700c1ea9ba1f70b56951b75544115395a5450250eb0be532829894b7d54,30d9618bff9cfe23844c5aa7b6109de5cb57f0225e36b3e0769d42bea1906596,selection,True
2499,4f44802fa8e38dbcc5a0436f2022e6b1a8aac7591ff3953a7a29eca01018b56e,37224a624710f8ebe3e991aa22da40c9dcfd98b13da644c03353da42198e4c55,selection,True
2500,1a460ffd43b37a574c42198de01e97db8e8b74c3a612bd606232f76546a39eeb,16758c0e5e8db6ae0bccd22d569c1c0b951a83efab86130a87c888d578feef2a,train,True
2501,2a13740b9b1b1bdee0218e40f88d55ef1411b5bf436466cc208682f4474b5597,64437bc533c4d05e46a0f3e56de3487d64ba843cda7a953829d1105c8bd6ef71,train,True
2502,7e471d1471b603a3d7e5e63560fee10a5e040ef9714e21cdc3cd7dae70a88ccb,f10af54bf7514deeb844de5576885f7e6840243f6ca74ac8a37ae14f2b306783,train,True
2503,190545680ccb6084fa740c9a9cae8dc3cf24bef9f3ca196a2eb9d952c7c84619,1fb78456a8a4634b15c45a34faaafa7875237238bdf875dde1132d29625adbc0,train,True
2504,4a0703257165c1a2fd312b139dba1a01197af93096968d63fa25f83c134531f9,09049abdd41b170b62b4e84bf04bd3533e32f77ed86076138f9e9d3d84210d85,final,True
2505,fe71c0e460adf879dc87a739a66adc988a72b3fde557c6b7e078c6579b8cd26d,e0d0dd33f67f5cf9d96846eb4cb54c1d5e08c6a454a9d51175719b1a820cde2d,selection,True
2506,1a39fc2b272de50db2bd9456dfcda97a0ec6136af67caf27d72afc5cae25882a,e80ea32e08e5ea7d025c2b4c4593230cd142243b7aa0293182ef510b5dbc619c,selection,True
2507,c5d29b07e3cd039ef8d5622d00c3c68952a37a4d3ee4d2c3631175044547c973,b488cc367b46dd58056333589394f7119e21a1696e6a47ee16c9d78ae724bac5,selection,True
2508,b8d1367652e69ff18bfa43a4f2d3ebf96da9d242aaf7337d2a20deb82580cd03,8e1e9ee678b900e4bc526b14d55555901f6bd6175bfa71d76dd52f401ab5fb90,train,True
2509,0efef43c7dfbf469736b3381c71050f387fd8b36cad44f1ceb119c28ca9df14c,8a3c5b8c9db3948c610d957447722fd9e4ba4504207451552d7265964547309d,train,True
2510,4e53f1b50f7ae01157ba477ca33d60d45e7b77e9bada52154f43a8d0f9d05bd5,0e789b90360fc3e94e45cdb47903a9db63f485eea0b73eb26e84d63972025a0c,selection,True
2511,b4ac18364ee1a5542f28b5a63c8e38a5983b15311cfc1bc0722e6673f57334af,5e998e87ea24f96ea5f59a4232e4c9b74210146a0deccd2df58a45383cc5933a,selection,True
2512,620253372a61de498f076c5ab6ebf8c3c43d968f0ce10b33d6d90e31c75afc61,b6f09bb6f92fccc902eb16cd71a34afb284bfea7d4271d78ee771bb7239d6de5,train,True
2513,37a59e7a2c7fdc57a09e0d6d1fc09b707e41ecf5cb68bfcd5e0339f92bcb915a,98cc0941fc54014fd08cd0d6ed4897bf87c0b6624c941f680b92255dcf774e42,train,True
2514,f47f7846287776d2e844f6945dcfbc1b52931eb8705c922b886c20afed90c2ec,af67cc5ec342e6e6424c31a2d6f0528766fa9beb9c9343f1d040e06aa1f24d71,train,True
2515,e34ea35d0c1e7a838d13c3397de48f8445b746a5b6991b11165c9bbee82d410e,b0d261be10f41072ecb460a8a07ab5f39e59d002b11bd2dab5e2a5c10cf1d788,train,True
2516,928ba0e1ae41167b68d18a36a90613e0758a36de5de2d9cbbebf7223062ff67b,81df72195fb76c0db7be1484d637f87c23f2ba25c990252f6f2e63f22c3ece70,train,True
2517,9a9c7a5c865027c73cda5b4d4b265207488cd3fbc670c4ea14deff5d35fe9f43,6f614069960ff338aa2d68b1a8c25b03f5ab0ff37b4c0241b5b4bc9cdfd4a939,train,True
2518,b9ff00e1db648d3f9783d6524db91bdaa6cd906503353480a103911c255f7119,e90dc6ed79a86fcd110901bf7d11bc43dcea1efd5c0426de87e04070bf028178,train,True
2519,02061af1fe92d3d1408f66a5ed21d29d647aa60b445d9fa342b07b05f8f6e487,5812c962ec56af29907e6887f3520606a76e9c91a00524e457737c6d1079c6db,final,True
2520,b096ce57835e926917f27d68488cebc0d8df283fe0b496e2c404a8ef86459039,f33704f593c75b8e9e142642b4e4d6f8da701cd33ac3601872e792d586418cf5,train,True
2521,c71bcdb9c5bb7c1054a2c333c4b6a84766b92448a77abf5576ce46c3edde91e9,2e80d5b8fd6ebe58505a67b50a7e1e888006a5b596916f6fdb1d767eb81068a5,selection,True
2522,79a2409eaa0f784a04c6255b22d677efdaab390258a8d87e9e1481d8ef8b07c7,4a4d00d40b4e50f66ef1a5883cc6339031b65e83317324b569b6438ae40d8c6f,train,True
2523,767f469ee3e4540e8f0d05f725b4f3a8009d3f70fa060a326b727539ce4d0a80,3998892ddeb64457145760a3d2e376b250e016902db3cfe2abd380892e2db244,train,True
2524,b8c9ea9bfc9a0ba860c153a5697670f3fc4b96da2b8ee2590d981a50ac3956cf,d91173065f20e51bd5fab5fc7c3d75a6250e415c8adb7f94e4f7590e9b98d0b5,selection,True
2525,b719fe5ceadf15da37aa4778f4a32c92b832e5a676b076c53fd7c0c30eb070e9,ea012aef9bfab509e9f1c6798941e1a00a30a3239140689e2aff7f67c628806f,selection,True
2526,a8a39d7c31fae4926e73e7e2ee5edb607e9452cd1524639726f9b6a946f44b38,357854846105f8b8f55486cbcc0ce43e4c3ae72ceea9a39837fe7e4730acd3a8,final,True
2527,2bfecc40f9fa145a9abc60c70fcd1148bd8b4d3760b1ab240379a6911b0d7b77,c6dd3e6f7a87abb84b5b4966f59303ab3181b6c0382d1992f2e333e7dd9a09fd,train,True
2528,39f2b9fd080d21df4705ac9edb71f2fe53f1510929e82d1485b9250daee32e5d,350ef140367ae1a3cbc3d31ea08ebc57af441bd751692d86ed2b8a06a2a14298,train,True
2529,a097db0741c21c6d1f9e16c3b7b3d491fee06e01bedfb2bb5f16de4cca0e8305,3f62138b1ef6e9e8c8b8bcf375f4e9d9405b6a7c926c2c148267dc43eb4dfe9a,train,True
2530,7611b4cd26618d6f734d69b2f094669ea8774e7435979ed74247ac42635f665b,c5e25de3cebfc914adb92ed49e8a97231d9866fbc22660404399f20c8c1753c8,train,True
2531,037a85e54c8015aab3cdc6024a203f38d885ed6025777d61ee201801e2056806,e16d55582344c6a4b7f64d3014e01d58cb041b914c36688b651dd0d420e55e18,final,True
2532,84fb0f50783a8662faddc53fd2900b9192abc9444f4a640942f4afb7d1a5de93,3dc357b34ecc40784be353aab8c7d858ef689c19911cd68ddf952757d6843837,train,True
2533,108dc660410abfb0bdd59af946580ed1ec764edcdf5e568b3d57bbe6dd12974a,82259c88685104adf4479dcf15e6cd47f5ffc19a5b684d5dd42dcb0812c6cbea,final,True
2534,e599464560d1d77783949cda29611d9d9f570a81ab73e8d65216126ef053547b,58cc45f62bde73a1411fd5f5a59ab3596dfff52611fcb639e4abf68e16294284,final,True
2535,247822a1747b34f2dbc3a1b0a08ccf2db85a16ea1266f8223ceebef19a1fc74b,b4564f2285994d3f81e18721c46c44ecd3ca399cd55a9fbcb0154815797a6dda,selection,True
2536,20527b3b590f4d9821607f865201b13b60bad6af0cc8e444f9bdfb288752e5d6,ed41fd2aa573a1a69d0680084d23cd5835a52b3347501ea378a50f31d64111e5,final,True
2537,4b49ccedd547db7fdf9b323ee2703e87178734589579b1e8bc5f85c4b1728061,4a4495c57b2632512c77cf3d7a5e31158ea2ad53ac6cb2ec387f8d162ca680cc,train,True
2538,00f296befc23deffc8a17f01458e9c8eda3398c84410b66087f3f72bfb4a23dd,4a107cd409ab017ffc7d3b82b682de97a512c2295e3cafe3d37a15e31669f8bf,train,True
2539,b9be291cdda495d177962548bb7fe61ec9ba00d44f75979decfb55eb0257b8ef,f60e52d2e2900877046c364f9247569eca4c77cb37f96c06f3561b164c7d5f3b,final,True
2540,b7b614e04a93683004af145051c93850f758632922d1a018472f6074f821021e,cb79b6d2b919061f9dac5a061036a7266031a95057bdc3b898953f507c80565d,final,True
2541,15ba095d178e615753a63758d3a9d5253bdd891949f26a4928d72532dc5e92fc,97d4536f419808b15abe65a6af3d16c20ed8ad86772470b133e4d8e6aa32b840,train,True
2542,c8a6c5254b23fa81993e6c8740098a5c153a6ba0d67ffbb02b179938f03d2c74,fbba097f2b72ac36245a39283afceaec68b83f91bf45bd33a4ced94c04a5a88a,train,True
2543,ae85387a86a41f6956cbfb587c5e4024a4bf0f0fa4979daa4badc76b32cc4b92,0a658671fc43b0503686ed4fd13e6602a5a76b6a04cc50f64ef2f06b89c5baed,train,True
2544,7cc78d2af03487e2bd46d769f6e56bb8a3655c9f2f122f8b39ed119036c75853,f9b6e6fb8b471f5447e621dbf34d421df4446a6f49407837ee6c11624bc48233,selection,True
2545,9cf23513da478e19206b45fa9fc5c5e8eece292e5f9816554b9f85065df0ace2,578f74f5026ef608c89b1435a1d837e942e69a583653f0d4d8485d6dbbcde59d,train,True
2546,a9166beac48b4eb753d9bb1d4306af79f5bd280e5e93fbda9afe302609c98466,8d5b0e45cbc1bd88944df2c461411f6d8dc237fa922eb338ee930f8cdbdef5d5,final,True
2547,ccdcdaf9fb4e22991ccac03e1875e2f00eabe245667e62fb23f591daaa657551,2319bdd0472214a2351ba3079299a9478247afe0b2947a2af0322ae2d3bbd900,selection,True
2548,dbb6edcef8a3a873b8c85c3f48de820de87bbb0e9e6452607f261a6a74c3c3f9,443f08d9538999c06dbb09432caee694c6305b37ea4a7cd1abe31a292d8224e5,train,True
2549,4fccdb142ded5f85c32ee009b964118043151eb05760b0c1fdb252fabb65edc2,e745d8aba84db948c4fd95f13c2f21a585ffc41379a250cf2ced232bcd67869c,train,True
2550,2f8c764c0aabfd767c09b449a9e9e5a5ef7b046e303ae35e956843a0f2e7c879,058585827f72d3092bccc6aac0b3d5c9679c1aca2d96cdf2d5ebfe42f2bbbb7a,train,True
2551,5babddaea7882a7c9cf5f62427817e937ef9e945a8f8a98e044a3b8f955e9961,eb9d32c385b818648b1266d045b417faabe68a5298411e1c8db94fc43b7b6dde,train,True
2552,ba3336d56635a16f53a0162df9da4fb0cb846deb07b7c9f6caa144c2cb38e2fe,0058f20c7c2c8b8382faa3f5081af6217314b09f33f1cdb46510d3eb24ef49f6,final,True
2553,890205538d7ff94073bb28d36a9035bd49310c19ebef424cab1c3ef1007a84a4,b51b978607ee1caae076b9ea6eec532969fb850941c75a9c0a6b747196c93c0f,train,True
2554,21236defc498adb48b9d22735364b548d717480ac64c3e0eff5389c4a0dc97f4,e8a783bb0cfe1fb108c21e6a55b68f5a0c2a9b268630415cacfe6924e3d38068,final,True
2555,dacac9f83bfc4a19b0db1b05c88baf70d4ad79f6e06a5c42d2441f8af9ba2222,4453a16fde629eabba9d13594819f18a4a86c290d8734f4ac6a9ad5f447f1e19,train,True
2556,80e99803f9c92e668ab4220167f1f208a069f9c1ce06018b9370e21958977fe9,e66b7d674e187880c67198684d51e51b7f48e41c54b859df576dbee885a058f5,selection,True
2557,ed3993f6cdbd2715abe18637343ec5c44f6a7e0bf8aef36c0c42363d4f1587bd,20afe2a94a74f02482ac44e17b06b332ffe7929ce0a136aff68581c26e002490,train,True
2558,a6b56d35ab240b61c62406e8ed51c272f05dfb5b58b8cbd9a1d7252ce28bbfcf,7418490056093dd8297b44a04898b7824ef6108d62e556ab95a7b909e4fd907f,final,True
2559,a6b349deeefbfd608e7603df643aada4da75084bce30f876af983dfd77b0ffc7,74afbff01dd392dd8fc1c10e27e9d8896404051e98b36d0bb156124c58e46e5b,train,True
2560,51f4c63f8db5ea7e7bf09e6837615af97a3e5723ac0cb6f0a030a1531a069a2e,3f978172257cdc061b9feb6cecba523b59827d37c422607fdf72843c88925fa0,train,True
2561,d83679e839dbfe190c2e6a9609d9f5c05a139abd052010ffac2ea3d76b6d3272,0398d7ed28c7bf96f2d36216777eefaf1e8676da24fda76a03b18feb500f118c,final,True
2562,b7acefb829c6e3a216c5d4a2f8e5c99a59936578b90f8bec4217a90eec249068,d8465e10eaf60e1ba03070bb2c3b8c9fb51237db3c25e11d54f6f35770dec637,final,True
2563,64e20850a29c0f73f4680f51572e5ba347fa3760084940889bacd32c35efe33c,6f194f6259fc59928a2731ec9bb5e30463afa4dac909899873d4e6023e0cba44,final,True
2564,294c41de9ace33454a97744c774d3abf4596ce5c9a7653039e89601eede4b351,1134ed10157488f0b3c380c04d5c95bc9e7e085e04a708e8d090e7a8bb002630,train,True
2565,267407195cf68ef93ddb2b518025dd01ae63f27e98046e84eb62bf2d92b77a3c,320b4f0d6882fe108abdf33dc8a89336c32a7f1c52418ee5b50170c5543bb0c0,train,True
2566,faf258ae2af4ea567d4a91605a2c701714952a4a227ea21b3825b1f280b10046,54d999779c666235f38a8e8a94bc2eaef3605504fa78277f3671219cc3306393,final,True
2567,b9b77cd8c0e6fe43effc812c8f58e00bd2bd1f175708304b9ac60fd3de65ceea,b0303da7869bd265fa4d8c03d732d406062103b089c3c44af30157d6d3bf996b,train,True
2568,9b5453fcb9f2f693be29fa6dec1b3dcbde35f9eb00b7447af18492cc5ea7e037,6727f0c8522ebe1e3d2d848f52d9e24b0951dfbd61a7316620c9742024f2ebd4,selection,True
2569,cc4c4058531fd231883fcc0e02c247330ccf12c4088f8358df6800bc19131441,8e595a96d7fc2728ecf88fdf25fa042dd5192c67938e296043c4442244cea2f2,train,True
2570,0c4e94d11cadf59f7fb406bc648fc6609ac5310a3d67627d9eda3067f8eb88d5,6006278459b7a647a4132e3fa36354436377be060c47a84afdf8d9348a2ebf54,final,True
2571,2d8f5e848ae16146bfa2f642ddd2ce4e5a31b59b205f6d162a73bd40f29d65ff,fb6aac9ec31b2ecc89b46ad92752e3542f4d222fac4a67b412897b9fe92782dc,train,True
2572,f6bcefca689a32ec0baf8fae5f968da8c64a77902075314db829c4b8916e8633,55041ba4a22693f3eab9e1fbb4c1e00025a31bb69a5c26527fdb08c94063ae21,selection,True
2573,bb235061a0a2835104a26ce2136041252d20debd172c64c48612b94e0f7e3b69,17f569d4b39ff15a4ec2c746b61a83e0ae7cf70d1143fabb0c75d0cd44595c0d,final,True
2574,7b10e4be539dd2a2df5da834024def372464bfbc352040edcb5a995dc0873513,70acab28176e45e301f94f8469a9976dfb237269d723d42e21e0cab0d12c79ae,train,True
2575,35290fd1a0bce32ed053f218a9e79e2a51691b94364d7ed987b76a48741669a4,b9bed4832805a9146b08164ecfafcc610ad55bef795cfcb0d2fcb376a16d39c3,train,True
2576,7fc124a9587ed5ca591235d00631b832a57db6dc4e35e7f0fb873bb877b987cf,ea321fce6fb47c3d5400e5c2e49d4ddeb81cfefb3bf7240e0f335f29786bdfda,selection,True
2577,64edeb3df48e0403604c16cd11d2f6c24447d2df4a27e571c9eff696af3c8f30,029faec5a2fcef16b670abe3d2887f1695e2293642a2c871d5a49448f7d8295c,train,True
2578,fe5b1de0ac475480d46b625eac528b4eda1367ed074c72b7cabd141af95db85f,80211340d13759c67e456526875b076f7502d22ff880ad0fda3a965f7a2dac09,train,True
2579,fab7becb6615cc22aea981f972f50087840ec2e9bb333137ce739a414b62993b,787e97d39b128b63a43a7ece013804a32b4e6db150e2a8478f9f10bea8d5a73f,final,True
2580,661e76fe4105ac137f10c8744ffc4ec13f822cb928ef62efd92c1f6205d18e9f,3bad7c74418f126c9f9d55abdeeb525288e2710b3af907d752dec163dae8699b,train,True
2581,aef5c54c0f8ad474a5d826513e95e2a5881c2f840a43c7db08a3a7b66d66a266,852b629f45986295e92e794b70d94cef99f0dc604ff1853e3b5e186a9c4cb355,train,True
2582,baf5f7626e42b247031d09c313e660efa155d21346ec408e7abc13b6953e4034,95fd61d0e77f646c856592a917f21684909ef5dea02547c408ccee995fe70bd5,selection,True
2583,3ca39a79cab015b5703888a55652f3f4e379643fd4caf2fe55fecd627c28fe3b,1a782a280a681bc593c03c4c142cf6c7ff5dcaee603f732ab8b2ed1cbab59269,selection,True
2584,931d0f4ba788db57ea369f1308276450e615757eefea4afe5107780983cde7bf,72ee8f50462fc26566850d2ddc7fc49d5a755aef9b23ea74e7c9a5f26c3ce9a5,train,True
2585,65b21168169d8b4b7cfc389dca9f82343b19b693f3b95034d81dbc8d957e955a,931b073a270be030d296c33d32a0599f1e9946e2b20e4e0dec78fbccea8ccc5a,final,True
2586,4a53e941086038cb8161f2e248cc187d34606f25dec9cbf97a3c9b1d3b3761ef,71701f383da814554a4908b93e50e8da6ff8a582db04bf13020e58933ba02eff,selection,True
2587,b3503f323d971ded558a71e051cd9df2dd3fd22b82c6b1e0a71e353e315a6bea,3828703b839c2f1193b13aac4634ce15293a344a777c5ff1bf1f6bb4c05fea8f,selection,True
2588,a255d1855e7b0630eafa8c56f7459113f144a01137cb5dc5f0e93ee08a9d8d03,88622e2c2b2d25be98da816db32d830268141a09d7745fcc0594ea1593b04ae3,selection,True
2589,2ed63263b413ed6742e5cd4dfeb1aeef297e65351ebdebaf7a385e17cfafabe4,738f7ac24525e7a070741d70a8d4317d8b30b1df26efa7648a7d9d64f71914c7,train,True
2590,2e57099e18a19c5efa3cd5bba305c29906018c0faa09ca22b9365230163ce89d,fca38c868575bad2c4b9bbf38f259ae752eafc06610a92737ca93880ab02842d,final,True
2591,af101979c9e225d70c66a4d58023491c74b74a702c3a7f88c655d7fdfe63433d,0ae28be0f218a28de6c09e63c42269e4e404cf646ad079846fec96b30089477b,train,True
2592,16baa88e31c914a63e382b1109bc2c742337ffb55ff68acbbd20da22f5adf84a,c92cdfd56afaee292676b375beb607c5b88a6684109a8b073762f9041d4ba913,final,True
2593,895c74a07b1b7c9ee408beb1554e5e30c9bfc70499372a44aa973a2b39b6f180,f280cb5fb840fa2bae9f5ba983601616f2b9bcb4ff1bd1a6e7d68b95fd637e29,train,True
2594,c3ec14fb4024386d19227573b3c3ca4bbeca432fb5cb90444d827a1560343911,97748da9b8339db755b850ea8fa81d1110703d45c51d73295122fa3d8fa8f858,final,True
2595,ed8a86ae32d5555b13aa26151a2f35b361afa34fdff41d999f569d6b1ff3d18d,80611dc3655622164d2d4a9bedf578eb0331dd0faa2f4dfa91da57a47008919e,selection,True
2596,6f0e657dcf43c1e28e5f1c58d18a7fa35b2eb167cd8cf16e1fcc335f3b195321,3039b33a15765d8455bcd2fe0d2e6d0f75638c196aadb3cb1eb7533dd7af9b25,train,True
2597,799510a8c930b2a1f82c30c7f499d2517149584bb3614ea77aaa6350c8919a30,672e3321bd67dca6d26903865a58de86e3d65602555179a07ce4e609687afe53,final,True
2598,c1713fd87e7e5956650b734ff570f1d67656fa77d252b6189ff72a0f3df2e3f0,0d3b967467d57eff141af82a8961664aae622e6e8fed6924f2bda583b8e6706b,final,True
2599,066e4d9a8db9771c5848cba00dfdc580a9276e22fdae12757edbcd39bf863f93,7c87c8e497108f560e4491e702254828459a45eecb86ba4c495913e8dd588e37,train,True
2600,aface36a9fd239f459b39bfafaedba190d923ee7f1c42e0c84bd11619776a5a5,8110e2ca8a10088a5839af06d3746ff3a3d17bae3d9c868ecdd3727afba155cb,train,True
2601,fb3e162257e77dd83045c0cfa094f859b7927928ec6a0bd596fed50b0c371515,55dbdee26bbd050a10b3ee1d1504790f70987702aa4362cc06ec4e0246cc40ba,train,True
2602,e25adf1b9c323b326a433edb23e4838de17ecdcfc61381d9b9f02eda2509958d,08ba39e0596136ceb9d958630e2c14e3eb7eae9c299f0de53586e7857f814839,selection,True
2603,be59fbf6bc7fcb09c4b4f7620b4459daf30415bcc94339921fb0baf588b817d5,6cf44035d1ec921420d3b1a4dc2e4cf94580b9065cdb86e5e4190e362f25696a,final,True
2604,888b9c80293dc8f05d298a40109b6807a8abf54305033143779c808d9d4e5e24,ec194c5c9fddc4f7cf6c6cc474687ae986df1166700189c32324ca456880e8d2,selection,True
2605,04fd3267184a694836a10c0d651fdced21e7abd92bfdcb2898f7d8c0ce5e48ab,543dc01d7dc3baed14dfbe818d78c8a9370e980ef7030dc00aad34583aa4145c,train,True
2606,d9dbe87a9037423a33b0d6562be520cecfa72cc8fb962ec1b7975e8cf5db0f05,03f3bd91841e5efb67bfe3f30c93ae9d51f906e0214414c7dc81311abf032a1b,train,True
2607,e041d9161e2fd933ccaff8a2e8749b0bcdef078f61a250c70b00e6b5c01de682,ee5fff74fe8b0c5ef2babc4786308e0eb5c22e009d0ae8a99a2987cc12dd9035,final,True
2608,29e81e3345b00cb2d31cd09ac49ae43831953f066efaaf23b5da72c569040a77,e9018b04065fbe303faf5f4dda9af885b3789dc0436d12c48076b8c158033a8d,train,True
2609,eabb6f8d91eff623aca01af3e7932bf65a82acfc0d39104d69d86c7612674f08,324672398f29d011cbdfb99f255662370c4eda97a089868c3f9f054efe5b2170,final,True
2610,21bffa55b00dbafbfd3e8d7b911504a5e75163cddff45f1ee098eb160724d74f,549cf2f728358b05327f1066b2b2a53f82790ca219363b041d875ed9ebd84314,train,True
2611,1f14d6d32b74ef3257c9d22fa4f8a5056fae109a2ec0568823354cb5d9f9c65f,8aa87e1367686be49245184a29128c458fec0484dec02c3dba72cd2975ceb2fd,selection,True
2612,745af3a4881d22a897f391bbc0880f4b7da43664cd635ad6c16ae3439442c01a,60effc09477cd9fb0b09406b40e52a4225d0466ac76bb927e42b01b33020ba3e,selection,True
2613,f901349c0ac53f1b2e2987d4a5085fbdb26f3eea7a8ec90836a91daa817a2807,f4dce381cb41f2ec5ed9532cc77e66678b4151484af7cf5189ce9af3b64e51a5,selection,True
2614,12ef250f823f86f9eaef3224eec8b13add1d5d5390c78ed467b845b8fe2c59a0,8c177181e002b36e03acc162182d21c7bbfcdee2b422709e0b09966aee2e649a,train,True
2615,4386ad598808b719eb69d1b25b5479347c87c07525d740fbd518b6775d8da1ca,5d1a95c894e6b91b9fd88dbddcf26b0d36f1edf467caac60f3d12e3b8198e48d,selection,True
2616,ffea763f00e6931caa05f00867f43ea15473fb045c02ac4b408941f419baffe6,27673be2365aa6eae5b3fcc05658d639e21d3c365ea20845f445131ce0c8f9fc,train,True
2617,8db9fb86b4af35001f42ecac6c6b3953c44ebc4c7c82172aa507ea76dedb89e9,71a22135f82e8e61a42884ea3e3ceac9576899dcd6fb92cd586cb176f7aa1c06,train,True
2618,7e2c2b9b6a19385ae0301c66da839f201e5e88436c17fdca26cf4fa0854928e6,3462721a8e3f5c507ec61e766ab7f4c9b49d796a0e854fef373b8503c17e383f,train,True
2619,80a2b7ab4ae34810a2ff90f1807216cf6ff4a91845c9e809db6458ac4d9c1638,c690425dfb96df8b32ba6a4d165ed2062d6b4b17af4ff2483b0271ed6f9117d6,final,True
2620,89d4d50d04f62275ae2db48ac19b0a15049e141f6816c28f7572ed078bfe7ce2,75dd0056eb45833ea89d815a088738a6f6aaf7ffad7a0c9b1edc94d24b793a9a,train,True
2621,6fe58d85a1285ff51b9d23260485146fa9db00ef517c4666acda5b9d2eb52a6a,431695a033a9ef2cabed62c919e89b639c01cadad584946f5bebd5fa3f1bb440,selection,True
2622,98203425e93e14ca35e4754cde20df7bf80e720a025644900283eb4ff7f915b8,599ee0bd376ed549754178eaa315bd3ed8a4f759e1bffa199818763a20f9caa2,selection,True
2623,04e912b4cc3c93864b46baa479db2bd0a3d9b2bec016dca27be10f904132d471,ce1f79275ab723599ee653b09744f4ca03a22152ec25ba590f3abc950b6a5dba,train,True
2624,4667271dfd1c41de092180e78625919d17f5e2a0a8d4ecef2ee0770d9d584f0a,cd833bfe64c297e47c5a11da013dabca5f88a1e91d392d3bb75c4920c883c1c4,train,True
2625,e2bae54b2e214dfd169e6b0bddad2285035137f42cf5775c51bfe01470eeffd8,8e7388a9db94c51a7dda8c61bdad067cfed8cef7f92cb1f7e4c13996667a6925,train,True
2626,243c8f59c682e979afaf1478a0439039da68e02bc95afb490d4b2ce187b6547a,c025b374f907b4ca60139e512a3f34795ad7978a285b69ef99c4ed418313dbe7,train,True
2627,acf11c0c56af63327d9eecf848977f385b334e93ea488955257e17129373de96,b1767f59d5f40dfbb6d863a0a6e7495ab98808e630c669548f37ef4ddf03a515,selection,True
2628,372df51db6a99a535f68083f1b24743738a1af1ae2418ec5479b0a36c2767f46,b35b14c8ee258a92e7de333389dc6fca998370e61f23a6a4f79bcb95a64dc029,final,True
2629,e2ab7fb1e5f20504b99c8243bf2bb246c1d5e90544262838d33e15ac2b571559,64da57405213f36c345fcd6ab4aef8ae2ab562ff9fe7e3287cb225baef9dbf9a,final,True
2630,b44667f411485137c09b28944f61c44d0ca11bda1b578f05c7e9dfc8e143d3eb,7b85d024b694fab1aca4321514d27d136a3abb2d57033606dcf9544a99c794a1,final,True
2631,058a9b0c107930690caf323c58139af43a0eae42984188a949feaf9f526ce5b0,5d31f818af6776b47a4f3ae6e7abdd145760dfb49407ef660ec61cf9d28a648e,final,True
2632,ae9dc3907133de84868562321a0006681078fc78837d5b80f4146d8738390501,2d14a8bb8b823a23806d8164e4b222573372561b85bece9e3fa326d5379e02a6,train,True
2633,c0c6eb9f8901a62fe00e218ef24134862179fc3170d78389dea5b5a4fcbe788e,3da2619933dca96788d3e5e489b1546a4c28c3b614a0735b991bb6b419d42dda,train,True
2634,f78f0e196c66a12a908da8d9c72331b4cacc1e359d3d4ab7bbcf091ab9d867bf,cb34272f750477a1ffeec251a764f55a2320a59d8a9daacaa8996163552b6001,train,True
2635,820fb7d368c2ab65cc957be475b01f9ed5693cb27f141ca8b163e77c911cfdfe,7d4018c5511d3d0b89514902e45e48225e429a9cc79c2683e2c0ff5d4b4827da,selection,True
2636,5a2b6f1231738052b71761412ba289c7bc3f70c2b17d5237a1ad386f15d01b70,e5f3835ec8786e8028307a5a26744295bcb6ead8d94c5483ad3f2d5ea9d42acb,train,True
2637,9165b98fa0a08acdf17875e30331f1c2b9d8e3289691586f99dd2da15536b16f,265ce4d58b2f862043a004218eaa2b34f7b14872c52c40ae35516b74e76b37ff,final,True
2638,6d8aeefd86b3107909a897ac75d6fffe9a50c2eab52102e1597dad58247119d7,017d4368210c051c405aa835890ad0539b63cd67a4d99fb3c2eb879027922a69,train,True
2639,50df63894449d286cab1776df86f3ddcce6e0d7256d83b39882dca592705c016,93d3ac320d8daf8c823f2a4395d403cdd59d6f357294a65cc1afe001e7c907fe,selection,True
2640,d4c810021574492f9cbe6352f599243b883c4ecd9e72e76a41230f98e74f7bf2,50915b62f3816958464c918fe2f9eee67959ec7a59f2d51305ed1d128c3c79a4,final,True
2641,7b044b2a0044e98d7d951e24f7710f3b7ffc2efedbb86057418fe6675e14802e,8ccf1ca257e0b3af92f88faf173359a6b81ca5f0a21b56efef4fb51739228e68,selection,True
2642,1a860c863407bd80565a943fa6489440111a8d846a2a862e8875e866484af9b3,99a8da8ad600493e4787908e097ab24b511f6f43a67261c7c34b8472db162e95,train,True
2643,ce04b5ad400a33a0c27358963ef090a96949e531c4bee8ee86620f3f1052c250,14c580a2e96daa5144f4b666a8fa92ac83fefda09d8d042e1061573a408429ae,selection,True
2644,43ddd7c99111e834f407476ca564c358a9a735f8639c771322f3449fc4783856,ad2ff0535074e9ef34ca4a4b5fbb810fc0282aaa805218f97fd8e99cac4a3a57,selection,True
2645,5b001289cf44f86be17410ea256a033289158c11cdbb9fda3a849632ea5df6f9,9a8f9307e0a296b35ffa7536cdba9193ebc3e38148b035ed25a87fd1d0130cc4,train,True
2646,79321a2e9ef0111e6353b2c85dcc3c3f4751ddbb580b4deef268c3ca23c5396b,b569673828a9ba52f8bf483343bfd90c9683a46422a14ab7cc64ef9afe93f93a,train,True
2647,798c7c2f81506f9fc519e94372e3037cbd46014129109cb8ed740f52fbad1933,c127019320c4dc1944b28506f326abd56f0215d177b69d6515ad116e373b87ef,train,True
2648,ecb3afafca6c8bfc652bc8cfa459dc022455ec6a63d5b21b85d029e6f40b537e,937ceffbdc521d6b2e8c651c9733f9c087ea6c30a98010829252cf53e18f3db1,selection,True
2649,0707b7c0bb5b529e936922033aeac71cd7b1bacdf2ae4e400fd77d03c52469e3,9cfccb440027cf8e2727a6439fa00a94201d373065fbc4f78b7a36e75984d211,train,True
2650,e7116562d7d3f6088504676095d86b9b50c3740986ff1bd942e9e97f31097d74,a16737dce402fd235c757b28f0c9f9687c02473caee5711fa77162f45c395b71,selection,True
2651,f0eaa7a4dae90ccfb892148c89b0a5c24c89377c94962f5efba5c6915c73bccf,e275147d99d2c5e4944f6483c2f902cfc128bd1ab578fd5496316d79e26a0142,final,True
2652,ab5edee3a2bbc8e9112ce4797999c63435e30202754b547eb413d4a1724dd6e0,b939f7149f7342cc7168ea07dc8e31316473a0f19b53f22667b7754d20d1f8e6,train,True
2653,7f8236eaa7e205c4423368c8d3735fb3b051b0feea518c4652d82f6368750c7d,d20fa1029f4ce31af82ae96405790ffc287dc650e92b06a03a936def18b68da4,train,True
2654,c5de59f2058e1f7102d0aefe94f583a91ec8176a52bf01ca5424d37ad3b47615,11e7ee3bf9a1b933fe3c90373016a3239e8a9f1a658917899821795dd8ddbfcc,train,True
2655,803d6f89621a49a67b0b452561392604ae8ba577aece6c9fcd8c1b04bd147fcc,0a70455789ddfd7f739dd2b417791199b43cab0e5fa6bfbf9494c7be971f5b57,train,True
2656,b41cb1b9f003ff6a3275b21d35fbd200a77a54c36f2ce7791c20789b48d2c977,893b90606ba6b68f4fd84c8dd256bd463638fbfe304cae4783bbd5f2b235765c,train,True
2657,3b672efd57adc30012860e380d6fe2d599eb7364b7030d7ea933ae7f19b051c5,49afd94e36520fb4d5502e7cf27abe0c6a2fab0a2e46ac593f6e69f1e3aa9fd0,final,True
2658,e04a5dc875a6a1e98f9f3dd0217aa0c4470d5fc9ad339b20a81925addf85578e,4eca79c5917ba87f06716eed5207045bbb167e85c9491d0f7c731c83665491fb,train,True
2659,79d655ac73599ce1657974441a335b4ea22b182ba0a37b7aa848ca2b8df3d783,395aa5b88804a339e3af4d9b742fd4a975449729a18f057e6d90459c0d65694a,train,True
2660,f720cd5d5c44cf18e31e04f5553d241d1ba1e5675b534b907c9320cac16c4cab,73c42df23ac636afaf58ee6ef8804835fdc776a1d40b86a98d32784ae1e2c0b1,final,True
2661,463052318c54c8c702cd41e5963e9675fb2f50305286d6d97b1277aa553ed8d9,ce6ccc49bf3c45f1807265c54527081ac0af1785aa325faf53ae7888ef9c3be8,train,True
2662,1d95ed6c5f558016794418a6ca563472c6cd324692e957ba8c104656f780c0d7,3926b99f2e0c57177ec5ed8d6b586d69b4968b8588a68e87e7078ada6f6fa50b,train,True
2663,9bcdab4964497efa7f49ce94c3672bdd70fa5c64cdff04e2e92c148a0905d072,325989230a082ed59c2f6343a78924581d6791ad23f6b83460ff90f13bf3a736,selection,True
2664,6930a044feb149382a3fa52b89137ed432a58c45187176438e53a8ebbaa5a9db,9147ea45e4e29a1bd0cb09280787b3fa431f7492ed2588029ccf2dd80fbe9e06,train,True
2665,909ffbcbe5b5cc7f35311d61f078bf9b3ae3d816500a29f0a43e7b095d0e7857,cd8d7274ade663231f62c73848863dde1479c0f535fb36d395de565f8867c0d4,selection,True
2666,432f65e2052e8809d552234e41425873d0560bc5c993b8f74d6b777caed1cb38,2b7bc20e0f8587cf2c62b93dcb977cb59e5bf3101f98bd07d6bee54470385059,train,True
2667,630be92e723c2c4de253f88c8fc7a3043c6fa8772e335c8fa6749b2656f58ce5,5578850de0dd1aaabee96d47534b49222c74dbf663f19c5e629f3c3b053e63e1,train,True
2668,c4717224819a91c56cc9670d6e893822da2eee0c443269a2192bca1bdc131340,ba868d6aa8acf03f2e71fa5f57495d04633350a1ae8121850200ff258bedc860,selection,True
2669,fbf6a2a3bc6423cbe6e8612beaad33bc37ad61d4ea0f0a0bf168cb3f17112b34,a3d1a69e5958e2016b922e2a21ae7af69ac2af766f1239c24c6dafb6ed0b5456,train,True
2670,56256d2e925b64dace59762befc4d9547038fea0af5773296ad8ad58f188c40a,8d19cb2b63551a1bee6b42c36070a7746ad48aaa4c98cad82f475159f2ef2f3a,train,True
2671,821c852116f7aab6513438dbb2395b40491be9b2e8d4a35490df6d2c0bf6efd3,770a20453d95714c86eafd7271cfc7b4969cb97c65ee031fa2c4a98675a53bba,train,True
2672,a45fb5e767480396e04bbf2849dfa911bc3f5db8b0cce0c9bd3b167e6fe00423,ffef143112cebd9c0918e3f2d5eb9c2b7f2e1c38974e106fdd3462cd7bf8502f,train,True
2673,e54d74b78c6e32666c19606961d59ae48268259553a6aa9324018046ceaad4df,651f42ae9cc09b3cb8b01edb379bcf6796faaa1a932036bfd0f035921cd31a68,final,True
2674,29c85cddb35df0d4a072033e7af051f4c3495324782d8365425781b117c5e728,f592196137467514080c996b09b998b6b5b371e217027d140a5d431bf3485bd0,final,True
2675,8df0179c71dc627239236b3b98b4024a0ed9c74648b30317815fe18a40d94ea7,3c25136535becf69bd15cd55802dcf1f6f3f27222bd84adb2aced5acf4064028,train,True
2676,fb78f8961a836959d6fe84a32438f291038eec0eba7e59023a313d5e55095b5f,1cf1f542f6e6ca495593c27db699e8d5c1bce1bd7100b393d9e7f0474aacba2b,train,True
2677,05071b48c3217827249ab6aab1dc19d0c5615a46a025edcfc786051dc56b9e11,6f021173c32acd04e45d8ab83ddec667544c2033c2ac4f9c9f586fb3ee3be022,train,True
2678,7299f8f55dd54a9731006b1df1a100333e084fb64d9c15483f619e815ea5b65d,adf05d809b52b18c424b77d6b9a698237c60da7d4eea8be78e7ce71939692783,final,True
2679,886b2f2a548a6621a1a28ee8b46826ff2e2e98c635e8acfd0a63d688ee7210a3,1e1238302dc4a0c33bbdae2f7f7d659548c72aa348482ea4c9b7f02a3cb22220,train,True
2680,f551c271092dd6558be7c29d5ecf1c41b4a4a323cdf72b49f494586fc5a768be,670570e051d8302ddc94de5c8c3f0cd9cf2d81bc1af6106872eb7d7f92430d2f,final,True
2681,e4cc114c7f7b37969f6892b69271f5aaed7a0cea9df58b23da66a6564d497916,600db8389548df41aabe6a2484702f7add856fba088d1fa337fae86d0a1eb8f5,final,True
2682,39ab020564d610883d5bad2c89e9b45234d95aab1689709e80c40f5651d422d0,223af9a226d29c10ffa47349af5b9aeee23909c4cdc459121422ce7e16da65a4,final,True
2683,1526bfeab4a6a62a8870c9f68c748b3ef0d02beb1b194b591056e0ac321a4cb6,456d5a9968b13fdc7452b233f2f186793bc6945b9f47666864a72da1a129eafa,selection,True
2684,19cb9655521cd6c8b581becc37680b7f5c06ada15c8f3f14bf79486dd7f40115,9d23803c19108e0ea0a3ef9d63c00272923dafa7521bd6a90ceeb62e2e5c4ba0,selection,True
2685,caa203a9e1f9c2ec17fbeb4ba897d21fa47be291b45114d431c657677aa5f614,077ea957d2ea283ab4e9389887bd930f5e9afc95f2e119951ba12db510cb6198,train,True
2686,d5d7f763259375a5069367a6cb17dccc17f53149a42f625a431bbc7437e48ad7,104bf94f171caa4fb446e8f6a671fcd54bf82c735b75961a94d806032c6b907e,train,True
2687,2aa9e14da132ed60d5f12da0a206a06b79f051e6d0b423342ea1ed575c53de94,e7beffafcefcaf27516da966fe5b2a6a450e357bca59707b52dd61a403ff0884,train,True
2688,c9573508a49d33e77a7692cf9c399a4ef6c46d81d72e3fac437c8d249e323e57,f1363adeecc6f460643acb1b81b62f4b4843b781e60b42ada4a8c70e31a8fb29,train,True
2689,a7cc85c5316b01f1a6aeb1e2556c59280401a6a9fee170b577bc805b59002abf,d0bc64b8b81ec1646a42cdf73c862a058ed05e5e5fadd824db6a4042e36f68b7,selection,True
2690,ee3dc9b182135f80af4ba29c8488a30ca7b3b8f56924bfd1f6d6ef7b5745894c,a6fe515846895f41f6b169b1bbe9003279d9e1f2b4e8ad0f891348831bc4cca3,train,True
2691,81fbddaa738af700c9236b0290c986cd5056b9cf804dc72151890748d58f3697,f267cde302a89a42af6d6f3aaad170a191e29141cb9ba6f731a4ebd77842ba39,selection,True
2692,f0edede6cc8be0a9b01ddfcb6bc4083086c754302581d6ed6230fba1c3c21f92,c632d0c9444bb31de9d31036a0db50b37369424a3029630741027678a2c9105a,train,True
2693,281dfb109f91c5cea29b42bd6ea618f18c23a6be9eb82d5c6ce276f9a1e9a0b8,a1eee5acc6fea13312ad12a3475d030ce1e98f081dfe1a021ad9b737f4fa3c82,selection,True
2694,c7169171076d38aae5ba69ffc52511759954793c4937db3f04417bb07a4bd566,f7a48f96003c015bbfeec50e63ed7b87d1022833af5e32268424be7f0e328343,selection,True
2695,e7876b6cfa5b19d6ad25f2beb8f8cbb148adfa69f8218a4408b5d0796dc9e35d,93f19ad0fd5f5914b6b5c32db49d77d9a3159c5195dcc00ebc6a352c5f8a9f27,train,True
2696,5339aced5d183367686796211b9659bb82807274f6af4881a6f5f90380192c6d,b36c7b28929d1dce0376c450b1f565c1fbf56ca74983ab04c98d1a589cd88ff0,selection,True
2697,804d6295e761181413965a9e6f4027fc5363da1d58a11124de0c7912e1fdaa16,d520140cf1f84f01299dfffed571cf46db03fcec91fa778a382e0503da0b4a18,selection,True
2698,f1ff82ebabfb58f6f8e5c8838360c76487c76925746cb1d7efd116322793281a,d419d4c03506407134420523d576d9bc7ad924be8a7df13ab302c7527fac31a8,selection,True
2699,eac3ca96919166865603456d43e63df7362057a1f7660f39ae3a5c159f6bf26f,09155dff785d11b68b630c630b91af609a3da92f1dd98ca0b930c694ef594bcd,train,True
2700,e33fde51c95e005e84937d7948ee2802f030bf1207635a2111c3f993914c4d81,69b6739ec2e909919e3aaad2109c6bde663611a008e5e2c8cf7a33c08918f72f,final,True
2701,d2e9a37a0fa6b26c1cf9d41e2c5ecad4e075e3ffc7e7a3fbeb6117b1419ddde9,bae8720e991d1d3e171a2b7b7de12427bc24e3a2011865734c34b92006c2b856,train,True
2702,6c70a1a6b103201b6f81fb65c611f93efcfe19bb14f533f543773497f1d8913c,295229f0be7170ac6642c01133a6769a7dd08cdd67543d489c0ae613a1a25018,train,True
2703,7664eebb4f4b040a3f9c78c5f83cf7c2b4389327468265658fc3ec5b909be497,ceb2100f10594bf31a7636071309458698d4c0ceaea112aad85c610ca7b7ebfd,train,True
2704,72e6f44c1ab7b0fdcce5e6259275264cbe20fa2a2d2a49770af8ebfb911b588a,af03aad39c76545fd9ad80f1f22192180f316332898810e4a33a6aaf5ecb4e6e,final,True
2705,6cc8368907272efa2bb8ed402cff407800a7c9654dcdb19590f71412897f79aa,3d51af01a9121e52f0324ad581bfc05b98919f39155b818bb530b1b466a2e461,train,True
2706,21bc174f7ac9d63fd701eec721c295b4c872cae4e5fce80f7b42f01455d477e5,5f54798f553fab68da81f99b92604433fdf5d4f5e295d6ce012223885bd78909,train,True
2707,0054453e43e9e2a5a871cc0cb9a35c0b30af978e7e45eb8d138a111d1ce4c1d5,fac0e5f7f7ccbf77c0b5e44e593b17a4efca84ad79d61640ff62f0c8f72f5fd8,selection,True
2708,d4856eab166662dd4fa3de0c6a88c0b9b1491af05c77b190a1b1c0ea1a37e445,b64c911f2e325400c0832723dd9992d905d89fb092855d784455f16d6cdc8f51,train,True
2709,4d42e90f7f3b1446ee2639591e0dab4ec5b6618a8844e289a188cbaf65e63fdd,deebcf529ecb4d3bf6c4cd72a93f515c311e228fce9af7868a9b29f341fd7799,selection,True
2710,a47b61a0ecf50247775d408160f2a1d970cc0848bd88b9ccf0bbd66454b5626b,264857e4f4f49e121c127f51b78b9df251c69f240a47806f12de77e4285c6bdd,final,True
2711,dbcc99a152a8f5414b4131683c9e6537ade898450f8890c85d910a03baf4a3cf,dd53ff1a8d7fdf946bd10547e425af74fe336dd07fb25bdf92abeb013fa5a158,train,True
2712,82fb1654035f8a164609cc8041b342179cf701d01fa9988151a385efdbdc89c6,28381b8bdcfd066476180fb362c43f273b4109f271bd4bf182a30d66226317af,train,True
2713,9a4038730da4b9879194813ab6a5c0a359f3a4ae42a53c44fa9164f057d51aaa,3be477da0822659e8a94cb3cde23d32c3b84dd77981e7ab7f4ded10eb310718f,final,True
2714,9ba823b83cb6270bdc11324171a0fb12f27567bdc84a935e059d718f341c113f,e913e7586f734c4b2fd80e1caf628ce6e78808fc9d23ab3a880b6121a78c0068,train,True
2715,b34ec7181970593f3ffdb47143dbbdce262715e3e61cb2c77fc203497de186b5,8bd630922d5efe4f9c4f601ee9548180c64a47180d425ba3bdb7af84a2984764,final,True
2716,a0f999bea2314e32bed1296e924a7cd781ec722560c36ecf3ce7667a16fc415b,39b2d1fa333749912183f6205db3c830669cea94a36ec48c55e98294ee5813e2,train,True
2717,fa4d894dad0c9768dabc75e0943acf33cfbad203a14acafc45cd44663c82b611,8d9fda5b759baf2fab6210eae4661b99d851ad0667effba048d8d0a921303d95,train,True
2718,249e4f101d5377af9db7f3f6fa7e8555c68b6b5bf6e269dcea4e133b26c72b09,c849bdc59df926508c2d6ecaf59f883e6700af2b1027d0c6aa3a38b8f9f693e1,final,True
2719,77fe88d2276a3a0c58022a5266adaff1c73b89d3ca9a58c5c2971af1b8c5c007,c55c9df145965c422799325ed2f2c555dd3cdb1c99465a13fc2396a282c31ba3,train,True
2720,6829c10d52458c1956de86d27fbda90af880dd88493415510de7239c8d07987f,ddd1ac43a16d28303035cbcd2739891f2340f4d12b5a2625084eaad9274f4127,train,True
2721,5cce388bcfbbfc4a05b8cb5ebecdceb434182f84c146fcf0f89ba043d57cd15f,782eb61268c2b2ae0ea79da0cd56a40ac36156392d30592390a9e45d506adc39,train,True
2722,d1bb33c61d85b35c2f1c4f3553c991660436c2640afea4b86abeb78107b7d8c2,33d8734d7c3f0049237a956440790290f9b786e6b4cb725e64c27a9a337a9f88,selection,True
2723,f4b33b59f6f1e557a175d4adb732eb776426b94af2959fec02b1df5dffc09ca4,c9848ade12c667b62f20272ebd4bf0e65d1c703706207324ac5e577ae0225cd8,train,True
2724,091f25ad16105b801dec17521aa255508e841fe0ad9170a70f70e4c6ba1c0021,86a5a1be2583fb6519848d80933447bcf52e82fe96641895141434f3b1105007,train,True
2725,341df096bf5de6767628440da55fa510df030d46b81a49046a490e60832bdc6b,a46594cf6315f9a7e836ec9ff2532d8e41c40d91c28509b8b53a3de50e40c7dc,selection,True
2726,f55d46e57cb44cf1cbb3e1ca2088ecf98810e8c5b69ccb4355f1dd448bbf5b07,b3e988bf68b970a8d7beadfca64e630d926dae4265eded3b62ba6e8eb9c26a3f,final,True
2727,898bc809390bd4362bd4adcdb4009f2698194940d4b9f4f28b105c0e6b8b6829,d810728671b1411f2d9a8030f96a532a295d878aa30d48cafd9b5eb4f6bc81e6,train,True
2728,c1f0e1389d0b49d9b3c60f0124669e9e446046c4dfe49a548fb35b55d31c4362,f25f5c006fb54e5d8654561a013e91124a22f52fe67163c057955daeef18156e,final,True
2729,1f65c4993b49d3fae311bc6980ccc2de522350d2c1a45ea78939b05d5cd19975,0d02b055c80e21f9ba76e638833059a16a89e7a91532804e2ef02eba6785b5ee,train,True
2730,f8db1a958fb4f8193a62a47105064daf75380134261ed8766faace1545a5c860,555d7d37f6624cca9c6e9888c1c3f723503a95dd24ca4629db0d8fc67835fe91,train,True
2731,a03adb893ea17cd0df1e453796e9a8a2a54a675fa2261a578a219df9f2bc9036,77b1b4438ac418fae49dd8659800eb194cc0b0b9a3ffd2bd009f69dad69f62d1,selection,True
2732,01a7ab197cec07fe39e1feb887e7976fb7541c80b9e89e1773e85c7a5b1615f7,9401b2ba8ba50fe76c1cceb7f89df0b8fce8faa9e561ea70d06733df6c64ae4b,selection,True
2733,cbdde078790667faa230ff5c752eb6e2bd2cba93f4324494801bb0321808d9f5,eb7bb30f61bfd4102435b5412f9b49088d0da4578a229b8433108f3df20e760a,train,True
2734,5c8c16fac915b9679c1c172188faeaf3e7f2fc7d5427bb7fae4c5aa2582f00dc,5fdc27167938b8b0c0c66016d7c8d8a48852c8f0268e1dd348227324f61d8d60,final,True
2735,de305e9d0f3044b88dd672dbe39f2d1fe74844c90161b59a7649a086acdb24ba,587afa68eebbe106cd6ab84a615bb1f0065d384ee1eb573a79634084201463d7,final,True
2736,452e8ecbb7d218332a01d1d5395a777ff1961875f2ffa686c431c449d841677b,53ad47478acb766b59b78bf36aa34706b211837a0edaacda24c0a5e1b25a4911,selection,True
2737,34452a97b361fe525dd3fc73c5d662da7e6ac6b325fbed3660dedafda95cceca,f79d4235cde9b063022751063bd49a9c423f3c6336a47df549d0a0e8ac9ddfc0,selection,True
2738,9c3c3cdc62191d2f0108710c9b5d41fe479f52f248bc0885dbbbf29815ae2f87,829ae09403ef2e0089625c06987288b31f57aa11329e878f953e98ae1a3ef9e5,selection,True
2739,0a1596017ab35e6b23d41ffac5dbacef45e5eea79c0876df5ce67c3a53f7f520,835c917e63be3b4cc02b409afb47106e6d0f5f484c7456b4d9de13a7b93d58f7,selection,True
2740,dddd221961a592a00fceabe5280efbf9df9d2aba52c286b4453ffe82c520ebf0,de8361b62e57f41ad52ed68ba7aacb40c9e34de4deff6b1e3153d9d73f765c65,selection,True
2741,50df6775803e4f6b146e8cdd5f553cddba335298ba34cc978a67845a2f0ab399,0f9300cd91ac116d40dd06171a604d0efcf136525544614fcdb7984adc2cc142,final,True
2742,a4c202db205bb1bddafcd4c88f8475243ff487c68064a5fdbc7555f1268e67e4,d13a4814a657bb9cdc30844ab1deab53097c307b880dd7055d36dd6080bdcf06,train,True
2743,3b67cbd64ec1cf7e677adea6b89467777b489a7f7cadc5013afad1c325c50dcf,04c6658a105f68cd2d6091c734252647448f964e002440fcb8ffd00f8728dc50,selection,True
2744,4be43fdc29a519bbab18f8916afaa371a890085c83a32e3d24dff9382ef0ebf4,481cec0ed46610bf4bc2ae761087340ed1b02a1115842679dc8ed9af4ee5336e,train,True
2745,6889f9fb4f79b6f4d72b935c18ab902938c2678892840e84bfd10c06443635d6,96206cd922c55401e4fa690dfdb7ac823c0fc155e24a3049bca097b4f1ae290a,final,True
2746,7571a834b602e36ec7b93577e12931b7d9c06cc56671e77628a282b7809f4e25,334027287a5ac96f0cb6a816902cbaf13c533be4ece3089b33508542e99e0b2a,train,True
2747,767566c607fab5c704cf9741f6ac71c0aa6f0a8cd77826614adf79f5b1047549,6cc0e4bc434125ecdfd1e2d82f28ea662e123f2ff61d25dab0885ab4f62151b8,train,True
2748,7311bb63a3d270b792a787104db7386cfaf7cb2f63b0d05667e92fbe33847526,a97a2892361a4386e3bf539336f19364b3c394e0a12245e1aca2550772806f31,final,True
2749,f499feb086d7af1cd42f81c47fa0f86df94c1bec73495f502cc67ff91bf72eb6,80c1880df5d2ffdb2535777ddbb429a190f3abdab81c327b90863b2559616d03,train,True
2750,cdb7d579836a4d2d8b2f0b5e837fbb93d9b310638f63fd718bc22989c5f10048,ea244582a78cfcc384500ac932fe9b7c437550995a62adc32003076ee93b475e,train,True
2751,13033b36d66561c48cc9e4e43cb21669d031baa436dacbf4d82c91f2ba01e1a0,4fd8559920c23885f8ffd571e59838108d39386cef51056f9a61b7deaa8fd2bb,train,True
2752,34e8ce3e33f59f534f698d338d9afe6d4b06a510369567a7343eb91b74192d3b,061f955f2fa2cd8adcc0def5f9c493c9ac7a4fd8a114d87e3e8dd06164e36819,train,True
2753,95e7bd7c3f429b5c86f7539e48f459b9b293c50556d2e77fe8185d269d697de3,83f48005a3bb915f5a560dc1548f785097a0d2805a9043f92c4c481e2460c853,train,True
2754,df3823f72e1410712747e240ea98d8f4aa7ca9961df3e29f0dfbccbe3d707f9d,896001ebea66d188b868d8ea6daae8fbda1bda5068f7304e00c709288714168e,selection,True
2755,59f85313d314ef66d6e1a7c7ce06f4765225e01c7c0d5dd2ff650633f55b46b8,8245a55f912bba83398314dc4ad0515742e88cf3eaa9d27878f4cb40bedf3862,selection,True
2756,edd1418cdc7d129d9a1fa2270a3f9440afd1e12d3bd297774e2c302016128fb1,b09e959e418f174c54ea6f980b78da50c547c5f7875bfc7290983e17aa8635c8,train,True
2757,8d5be51aff7c33676acb8fb2756cd65439bd600f384039e0c8cc7c3181363962,4977c7baf359a0bb08c37a7de51c63f2adad102bb421a2f9c6fc607d9c11258c,train,True
2758,cfefcdd2b70b67e78d793d0316f14257ed03f3cc0dee224dec2f7911aafcc0f0,be8670fc25654d72feb0ed76ff6efc7fb0da01c05081e7e0d834d00cba964bf8,train,True
2759,87c304097c5c3ae4705f06b5a53fa90191f98aca534f339e6ffbbce52f01adcc,b76bd0b4741cd81f5187cb16830e6a9bb5d86d3dbf5ba11af8f83d344cfb339e,train,True
2760,87799159c456e1440d194819a70b3cf3060c7d17d8e5cfa26c3fcc525ca8d963,61d38bdd6f518f179ba23c6b6df121c623361a7c352e0834add0cf7d46357b11,train,True
2761,e49adbf0597c1b1ca5b15c2a97e1823d1c92ae27c3297a8f0dd5db2384c0d34c,2874c18801eade2ec9ff85364b6c8c9a29216e82852de530e6ff056a7734fcaa,final,True
2762,843351e53f7d12f46ca394e900f1f99837872170536bd67e6198c4b637016057,568ddca0b40f8e19e8a32df6d59f1648092f07c197c9c14ddba04794e164a02b,final,True
2763,3a0a17b0da5fd6bbb458cd1ada462fbfd36c09788a3f0719e039be6a04eb99f9,b4c772e441b7d91a398738efeb42c1b48d36dff104b542a375b4c3d2f6eaaeff,train,True
2764,caf22ebf65008b82e16e39cc86811dad404bc0d58a7823cc33d216b4bd11e336,34036e79acc55d7718414e553f6a998fe301789491252152226854f1c645f10e,train,True
2765,0b39078202e4ff81158183013a55423459f344636595e8b65d2ac5bc7071abcf,d357bb973ba4ed2294e7ba890ff6c23161e2e5a5ffc982a66c5370e254ef2c4c,train,True
2766,af1cc416072c4cdc89c5069c2677144e525ffc16a08eb97e1e0462039a01ff07,666c2104d62097ae1187d910fe6e7084b748255332ca58c468e2e72995734e00,train,True
2767,a485c2c4676ebe0a6a57bdc5aab7811a3d4e134c7b8e2ff278777fce3cb83159,63be64d096ec2c18412bb5511f762a4b94f1402359241a92d8e89d0a885cd28b,train,True
2768,ba90bf2c76392f2a5788bbd98b634beffdc58165c3d56551234e70aec23357ff,8158f40e8bf0e1cf6c6eda36039cb38e9f283e31c273e3508d50b0fdbbbd2743,train,True
2769,39a40aabb44183203827ef28a8302022715a9e42503cbbe900f04d8912d7152d,b6f7d52735373a2f5bf7e41199761bbbee35e986034a11eee300eec6f21b7bd9,final,True
2770,f69b42cfe5ab46ed87bb1480845fd131fb4560daa1ba50288abb898e4ff1bd3b,d8d9fb469f04fe2a897d3e6fc554d3e32497267f2c5fb2a5c2fa19d4a4fea7ac,final,True
2771,9b8c931155d54adfbcdb7e8371f9c61f80bc9b03758549568fdcfe3016a69ae9,5f31ac4ed9863cf3f677f7faf43720128550b3b9e6352bb8cd6a31bf030ab27e,train,True
2772,c882e797aa6c0f41d0745e475c7032fa2ad9d9d24f95eb891d060046002a9ac5,7c93e13a7e11e79802cfe3e2a250fd6bc7978a177fe2f6cb805035625c98ca79,final,True
2773,48d38aecbed115acbd3ae90cbd99ea99aae0d9b02b6b7824fdcd7f356ca54f01,e0a5a93ada4f6fb35b652b2f56f37e80229c446f1730f00b77c0e65a6ce168d1,final,True
2774,8a851e102345e34492cd83b1a8b007e7e069f4a152fccb809ea26024f34580b1,b6fef342e80e4f9bfbb2c0a80aafb0664c74c551afab8f259259c4ad1011c8f4,selection,True
2775,9d96f004fcd361badba2e68b28936f2fe13cc4518854ee03fc687fb7943c854e,23c6b7d60110ad92e362af92d28d4e7b20e4382aa895a2bd753e83061ad620f7,train,True
2776,fbcdd0d722206686ccd397084a5c98304da820cbb66e4ee197215782c89c1d39,c5a0a00e8299ff5caf7024099e0efdcb7aa944fe07b1ef2ccdadc4860b2de60a,train,True
2777,1c49ef3e2c6c307ef131c9c7de063c313bbb0c8ade2fdabb574939233f8363a3,667bce914871077426d3ca11b57d782a016e1b7b5a23ad797f8cacc5014a41c2,train,True
2778,b685803e32a04d12da8b818c8c3f0a89d99f323a76e4b33c3c718756e51728ba,885226116630295df58d65563651fb6a0bd3286161e34df2e430e08c22ec6a14,train,True
2779,cf68599babaf309a1b658c455285819519af26a27cb76ee0ed86dccb4b333f4a,a5ca5ddedbf56b1ab1908617f0d4477bc1695c97aacf2874c4b519ffe922d44b,train,True
2780,12bff0cee96fe1036d47124c8fd86004ce0867141c3857252d459cfe49ea8de4,81075e3e26fe1f7c431ebb5583329d71a6d6db410b291f92f5f17d4e2363fff5,train,True
2781,67fcf4276b357f870cc4606938a6a1eaf7dbc3d9f73efd11ff05b04ffdcfeec2,3b76c7df5522935f684dcca92975c0af5db04a867a3a3263b286241c97213cb6,train,True
2782,18814a65247a486c40eb4ed09419896ea15beab740f71f7c898e9b86b260a5a8,0ce4c82b7e449badb875e0f9593949b00e68848a674f677fdf22a8023aeef280,train,True
2783,2fbcd147b0de817ed2bdaae90c09bb25089ee3e5743d42e7648d18fc2e35df07,c6ad8c03c210143590e382706af7ba0cd80696108502981fd385de8c650ffc02,final,True
2784,d8228ec5d090e07c8de267337ecc557ea56488364688dbc8648c3f5f78a49e20,35892181543235b80fdcff91b323043994038c304212065c348f391724ba8087,train,True
2785,091045a4c5ef8ed14a0cc22853cd906e82c3c20e455f23fb293bcada20165495,62b002113d76b8ad4228cf36888b7782fb630b505c55b69f95775f7b99769fb4,train,True
2786,d21294a49dd70c6d633208f4536afbe61cf155718cb62cb346e2aa7b41545f37,bf704940a597d8f2c1f00111d5871e2c117b7ad86a37ef6d4a1f9b60c5a27034,train,True
2787,cbb0fa6aec5ebea1165bb872eb3928ee061767e7997c33dba3283ab81b5ef664,b4f2d870a55ef0376000900adf37aeb8e3d65a4ca372c688e2375d60053eb5a4,final,True
2788,ea290ac080f454ff7ed920716701925f3594cb9149d4ffad37ae563c43f8ca39,3b4129cd50f368be724c282a8b56a6bbb61381b8b881d869ad3dc0c34f1ab14c,train,True
2789,dab441685a5418e5eaa1890d81659c65407b527fdb9c4c38c2d571062bb0601c,4d63af1fc4b55325ed87b535081f398370d24bc6d9a046f8356f7e7af99e4d18,train,True
2790,40cb152794c04077d03f8f9527d91c317fd1a88f20dd5e6085188c0b84103bb0,e2b725d4a06536dd95c346cacb8b2a6bd8a7aa09e9633304c0a962a896422e5a,selection,True
2791,ff8a68bd0c44aefdd35aebec0bd9c054b8f6989cef8dd534b2cdf5928dab9e11,e09506022c239da14f7c0d86331c045f3ace0d90f5f7129c9abfbe575a8f457f,selection,True
2792,2b9eaa9cfc40dfe7b4adcc613f4a7eddd08e5d444559e6a729ddff4d90a9cdd8,40a3dc962ef59fcfab4ffa6c627b550e8f4e10c8f5f08f089145747040a8a702,train,True
2793,2b9eaa9cfc40dfe7b4adcc613f4a7eddd08e5d444559e6a729ddff4d90a9cdd8,40a3dc962ef59fcfab4ffa6c627b550e8f4e10c8f5f08f089145747040a8a702,train,True
2794,355bf1fff7c365887c82dafeb7cab40261b8f44f88c7e6932e78f592eef80372,93f3d7d357c4a64a1c2ad7dbf3b16a27573182047779f6e4595e6ac3d7787a6d,final,True
2795,4648c233e4499d81f9ac14d28f03c24305d910dd7ee6dc996dc5ba046a8aefbf,bd59e27f6315a180766361c6b64f5fa5bfa28607119052b0bf4d159833b249bf,selection,True
2796,46b84a82e35e9f64da99e52026b5cabfd858615702d259d8c92b3e216f3b67d4,53b83a440926b28c150fdc4fe60aa6911e6ceb3183c1c7d73daeb14948fe731b,final,True
2797,4c269e68d2a20e838055bbe9adb91de7df3c3fa2963dfdda26e551a0bd892e68,ed3c4483c22caa91311c4953437fcaa9bdaa72407e2d6332a463965026bb3161,train,True
2798,2bc43571bc26c97c8bc9d7a82d98e881804a74fd8878a163df67620689c06752,384c312f1fe7a58510a906e105dce1b0ec0399fc2f2134118700380244425088,train,True
2799,700b79df25f9938c98e1767f055f9f9f7dd11fe8c1344e063164513ae0aa753c,bd333faeebfaa1965d243e1061c31186ad44ccaacc59274b43be4dcdd45fc50e,selection,True
2800,b0f1aad26b147c98f6df207bab2cdf4e77b9361c7e075519452fb4c1d5068879,ec45c1016cb5fd9dce20840ab2e93883b3a4a99a7ef52e95f925ea580e47c850,final,True
2801,d43ee1376170521881228dab930a8d87894e32eb67c6d9f84659826b04816e1c,26f9dc301f6722068207139d8bd3d0d3f47458d39e5aa47c2a2fc15cb2b9fbc4,selection,True
2802,4e62dca8cc28c3130d81c6da38aa230f7307e9801fc5ed42e6d0188b1c0260e3,6816bdcc726e1fa586726ec9c4771bfafdd62a0951ee5464e9f959bc553cba28,train,True
2803,e286052e3e1dd29eae2d4e1f191f9ca58250ea4d6108ee4e9a0cf7fab17bd7f3,6563e6fa3eba4384ce28d79e56b2b93879d4b68f1904df71c861c5e2559946d6,train,True
2804,d9b28fa5c15890f28e18fd9a2185d31732667baf754bdf461eab3f7130d3bc3a,6df233239a9bc499b4ec7ba140b9a1979ed332d8941671687b183deeee2f37b7,train,True
2805,b00be33025caf526f9f4f95b35f1ccce3c0729b52e9e6c4eab528b6e5ebfeb47,204148c3a83003c4bdad4b8b4ce26fb5ae98eee70ed988be8db083ae2d8c77b6,train,True
2806,01e34d32cecf2a3044626ca0249a30c0fc2f9bddbc28cb23be542fb5eff448d8,d6012cd120b6631ff878c2998727797a256efe0bdca111925f2b25b44bd926e0,train,True
2807,3a348689e7f57a6361586c8399011e83d46b47ecaaeca4534b83fc5340808a89,f901e08995becb01d1878029ac52ecdd7dbd4b3c2a38de2733dc96cb36b49b1c,final,True
2808,ee4d455ec91cadf9752960a9b27f3c118233ce3a24823bbb771985b13f5e5893,145e3a81380eb3ac1998e830db32d86596aa96dc4a6dec9cd8e40164acb2fe3c,train,True
2809,c5de15cae78853634240ffb1b5c47b5ea1c8c80b1c46481d6495ffd791b153af,8ebda6f09af16cad0928055aaa4353463fcbc78c5f589832f1cd629dd0176341,selection,True
2810,28c1387f29f6259cc2511f289f2ba7105eb2632b6dd72beccdbfec1d287c33f8,270ad55f4a7cd9ccf41554de700bb1d15225b30547e798d6e643ec40e95008f1,train,True
2811,32778c06f0b47c040c7557e381892ee9930a1725a0eea9c4cc2e8f8b7661eaed,28bcf942ab9a3c965b0a3fbadd9b7c7aedef498e01505930b69b0e8997b2c993,final,True
2812,15748caa93a3765144ed8e94cb9fad25c5d0453996bdfd68bfa9c2dd19e8d4e3,121be6fd1403f6ac4b8f72b88ee1144ca60f4b1489313b666cafd7e677988a74,train,True
2813,21a3ab45226c2117f515959daa0970a52fff43f310b96635ed8249f16534a5c2,f0af778addf3f91c669a9407a663e9873e0cb0b97c87cff6502f34dc3f504c84,train,True
2814,ed207ea46b53f0e577ffd758ac95b27e28f0c6645615144b5d505be08b0b71e5,9d99f9f89056462ff608eb1b668487ac90c8e9efb87544805ecf9b79fcf2789c,train,True
2815,796677b9dc48e7b87aff7a7b3c2ae9661d890552f2747017bfdcd456a7584672,68992ff40395940bc05c899bf0c2caa9d4a40c9c51e4880d79578748c5093cef,selection,True
2816,f589bb18d14d18c3f31b93e5b072c4d39275881f4ffef394dd60390483ec0312,89375ca48d2682aa666323a5d2f79bf9bbb072db15a1667b0858950450a10e71,train,True
2817,38dcdad8a3bc976591c0b83e3cbc4e356a968d624c91ed06df96d278b023df58,7cfc64db2099f42ac19b1f23547201b141bd8c7d3735b11c84b0303ad4ccfdd9,train,True
2818,59761ec7ed03963ad0b0a003e18145b5d9a046c3b8e2ac81e5703f45847abd60,eca124293576146c9e7d75cd6e9dba06a7bf2755b007e8f3957e9e8d2e121426,train,True
2819,6d01cb809733509bcdd16f90bbba35bf34868ec3c86ffda87ade94c77933c15f,7b8d68c2791211fc29cd2a2bf2baedb73d61124774d7ed42d72ba4b3ec468851,train,True
2820,c69d829f8119493b0d923148ad1ed9e12419236ed272eb6e5e4f007265a6dab4,50534ab2bb32ab999e7820f7115954a3aa87d9ba50b03172c89964318df1b410,selection,True
2821,1eb6a4ae8b8092ba08d3e29f4d066fca698061e9e9f2173823c19cc8d4a3b4f3,4349dcb366be00997435b1053de4a26f2de0054c61a663f98dd43b99be51b558,train,True
2822,49254e0ab757d4999d855ec0735e31c2bca3e04e5885875d3255659fb3afbca0,26b8f05d9174204cc80a5dc7e113791dae7b5976fa8896cb8e0794477b6bac0d,train,True
2823,f354c4fc9f955eaa3c2562101fdfd51e594e37814f71a4b623dec5e7cb60b973,4248195fb59e3d06299637bd52e01e0c5a59727e6c5a0b14ae80e705b4e03018,train,True
2824,4e6bdd990934bb8b532934d3a7d862050db8ccac7050e0b28ad96e2accad87c6,ce9d3b09b48839aa5ffde7e8633ccd389d967eb8843eb0da78b94e96f7fed8d8,train,True
2825,9b709dfeb808a797c6ae5fa77915562da136a9ec4cb5547fd8e12f5cf35eef04,3df277234e95194e043fb29eedb6f30436b2d1730c8c7d21945102d2f584d3d9,train,True
2826,5e30f6e550c5ec0a3844f4b718524d832babb19860b6a7abe4e71f150b7b939b,64249bd9673c87e5f93f386ca58570f6539f0b3cac72bd46d7271fa0a70754dc,train,True
2827,c8f360d75871ae76b747742f9e7ddcc1edd96057599478ef3e6298fadf40cdfe,dafd2d2888a7f6b7f64767e6001362dad120ce7cecd00981d4b8ccf3a54ebd0f,final,True
2828,8d7588c6fc034b0802d8e175c88eb0ea2e16361655d73592e5f3772b69769866,2b71235bd99a4887546100fb430d47b29402df328da927bc926e8f32714ea497,final,True
2829,792295032fb6090342fad23533ab0873f2c0dac7e92d07a563993c7d8d8cda9d,f381bf809606620d616443faae49af67e31bc8f2a2a7b154a5831a3c0589f02d,train,True
2830,5ac1beebc3f9f3bb33152917c17fe2cb08135cd457044af5321b2140cce207ed,f97070e164e44c5080d2e43d8fe24f45f1223205f2b11d4e4ba6361e892af910,train,True
2831,b93ef7c5cbcb6e0bb53c88de87485ac949cef599f8cebf24092368c697f68896,544666fc667a4e8c482526bb4e6a6c3891b3324be4ea16400f7c9dac751ebe70,train,True
2832,212d57bb27a00872640789c29d42cc69902ec0345bdd6fd36151435f8ba7b23b,2295d237b6d8c7b7f184ae820c56c769a2f629204dcd85d30daa5714cc1cff20,train,True
2833,58b9318e8ee79a9217a3fbab839ac3ec6b07c8fcb8813b8fe3af513e61802570,3686135c6a39243dfcc690519a7b9f5253cf9a979e427568ccabd9c23a2c8d25,train,True
2834,6d0bd0d3625c297878d7887f85ae18f26deef31c5b952ae4c8098ca0b8ca3758,f3f88a262d9fc91537b3754a02cc825f767952000c4a77b28cdde4c2756db246,final,True
2835,04519b01c82dda083b3524a4c3ab9f8bdd37d79efe493c46e267fae11c594cdd,303a2a31008c8f5fa4cdcb741d7fa5f3570a49630bcbb4818f87344032c3162b,train,True
2836,b3da25b47aaa9934d87290f2f330d6e43d7b9088d9677093f0eb7bd482e1ee69,7f83dc13788b32d8155353be7ce9c46bdd38bab2ad0ec1317b725ed6043c5fbe,train,True
2837,5c3e33b00f2510ed94cc2e268abb0f2f03b658eedfabf7bb2403a62d626ab090,aff7498ad98aa247a6a7174769f7043429732341412a8fe761aa3b046e776814,train,True
2838,bc6bd25b7bb6972e847378dcf09718366f44dab922b08cdb159362bba3ae1abf,ccbc025d657658fd7a5a3e4504e4ac50d40e90470f929babf7ad921aaba9e6ec,train,True
2839,7ce52722aec5e5b9f7c59e4b49e7390bb76b74c72238656774e698ffb50afd26,9bd73caac1621a0e64337c6a5a38c95bc9d1ba48498620c1854ecf316a8f7a5a,train,True
2840,d0f9ee3d687f2c1bc4baa36d5f79b4b4a105a6a701bc535bb0e83810031b6be2,a02dd297d753d1cba0176b975251801f86def9e5b4ef01d40b355b0f5a0a2420,selection,True
2841,79ab540ae97e43706ba6b1da946efb5ad24e5e012ec2af6c54251e5c9f474883,02d3ec0f76127cc41d6bcbc5e374db925b65a9a139003cb30f16b3f8fe2f3850,train,True
2842,ff63df63d68f79c7dd133ed89b5ffb30f058ae2b445806c389fc8cb58c27ad23,1d516fc61cfb294b6c990c247b42caab6c96446f789ecd130487ab60d66ae0b3,selection,True
2843,469579a23c0278645590725b050276389d80779a9f675c551c038f9b33fece83,b347f2fc15500d7815a390c06abb45123c4076b0293db2f093cf1a67c4dc00f3,selection,True
2844,0cc1e6d68dbaf603bef2935804e061afcada3301356e502a40322e4561f20230,a0765283680ad5aabfeea1cbe3d30d74958d70f4fdce75ec8f497cf00df9c053,train,True
2845,a8ee8d31387dac92a0469dffb146aef496eb517cc0ea9437f85fd76d468e1197,32ef80d32d0debcf8b7e32c3f79eecfd1ea239bb30225cf5fa3abc0fa5533e6e,train,True
2846,d57a97c99c48f579f77d3075803d921a3a662a980b10b8df48a15a173392beb2,46476eeb1c99c4bb93093ceaf1bcc912ec80ede6140e05012992503a42b2ec37,selection,True
2847,c54cd919755247e216d857deb98ccf57e9c08628fbfa3a725a9ad3a52d5d9314,dfc1e4444098179beafb9086240635f4800c3a77453f067d9c0594982bad615c,train,True
2848,4c09cfd0aaa7f6503f5c2346fd0cde2cc8d77bbc7d0381b94508c085ffb2ee8d,0d9055bafaea381388464fc2fab56496e71e486f432c7bcc786cb973b960824c,final,True
2849,6dcdeca44611c72e02a9b9b78a6504849eec8c65dbb85c374d4c3e3c1b6459c6,760a4817a7ee025a337cac307788631bfd925d238fcc5b480bc69716f05edec0,final,True
2850,7b24265b25f97354378e8d3898f8997d5a9d49a1c3945e68dce5fadc06a220a7,dbbe1bc5c0e44be4f4849ac823279d2a4a7bf445505d66533e55d67e333471d7,final,True
2851,07a8877fdd08035e7f2d1e100f5cbd01dc970a3429ba02a3660f32409378d4df,8015e08e424ae27039a81ebb917f8d7fd46624b8440d5ae38bf4ececc743e341,final,True
2852,672467ca3e322a15d4140f131f8d3530466fffa1ff3d9353777344ae45863e4d,6c40d6614ab95e043eb19fc81f5c682f77481b2187602c7ac32fd76aa7e136c0,selection,True
2853,626ca85b7afb9ea3c4a82148e28f66843f55f65fcc8d68e96b1416f67a1ebf3e,c61a76bed2f39f15f8967f8a8deaecaf628d27adc835cb82b1bbac9c7e3d3882,train,True
2854,597a722497a9d11d348711a12bfb8e6b474d9d3a78b673ebad1ffd4676daf4b1,03084dc9c2e6cffe9c4ceada3ac53f1fd23598f581ef9a679e569323c52fbf04,selection,True
2855,c33b4621b70ed9434da911bdbe4df6f0a77708831e662829dadf6d1e30d9649b,60ef1ae59a110551f7a0ee8b84668fba28cc23c3964fc72e36be8ac02011a0c3,train,True
2856,b8cd80c45002139bf16ef27aefc0ad231e971b90fde4522922e3d1ac3904dfe6,9e28c825f6f4974f92e920b8d60ab0e471026c0055a9de55a0803db382666a58,train,True
2857,cb949cfa9867f93202b9f2868de1132b3b0892542ac7ffc213924caaece9c4cd,986f365792e11b8bbeeee8bdde52d2d8139bb3dee010837aa805dc93a260ddb4,train,True
2858,d6057a46ac507e31d937ef8958c3b36960f43d1032cb7c1fe5672c57f9989aff,0b8648f1932d1e2a83b922bbf89914580c893214809b498916f4ce5f2066fc8f,train,True
2859,8aa76f944efe5ed54a631abf1826541536015c3484156769567459a354d4b787,9e7beaa22c833cef064662ecfe748903cfd6d3e29638b6e4c6318b1a0f191dec,train,True
2860,37e9f8caadb390952bb698fb0a2256f0ad3127ce12234885a2678c91b4fe994a,7180dfcdd4d95f35c5215444026d4815bd3489496e58038af5e3f6680a58b744,train,True
2861,0875611787fdf2b9ed8be3e72dec09222b2317f6494905e14124f127e7aa295d,13845882e889d861ce54a6e65cf42a031027bfad040450229613832b2fcdb8b0,train,True
2862,a56e44e6d057f9e66def58133fb43c65175402e391766d97a2dbb9cda5ab581c,6c4b7c01d58ddc5fccd356a0ddc287e29d14154b4d7220d90940ea5fcafdca2e,train,True
2863,83e40ce3ff1e41edb34af3d3ff3a4849d224a35af008362d67e60a0ef52d654d,c5e205b385e5f9345dfabb2c559ea36b000592ff9990918a5fb048165a981fc0,train,True
2864,211fa00bba5c1b54550492dcdf0e0dfc5d1f88af17ccab2717a7db641824b17b,652ec42e1a2c44443f52a0651f65f2dbc12d1be1073c5e2024debff00feb42a5,train,True
2865,43728ad69facb705711640bbdcda4486921fe93b351408cbe635104a8b558aa3,cae3693e125c9396e17e7de8bfe6e27b970207836c700d1a7c43ebf5bbb656fe,selection,True
2866,9ffac72187d83a075a82307922cd9e973d4948c76c9b669bc730e60d2e064472,8dd484ca293d76c790c79da5a11ac24eb768bd5c87f53e43b5da03a7951642a3,selection,True
2867,d2688b5372a7d81868e801f7f4d9e44d4ccce6388abbd396942d5b3838ffa136,4ffac004b9d7571c9506d128792180e7aeb16c613c5efbc7b067f49246a494a2,selection,True
2868,cc32cd437bcb4f3893d8708a0f48709366f4cc04fc23e13041fcfa8d7641ef3b,50f42e9e5027213101db1d630be7e6b9eac0c8bbd86ea8bbe4cf4db9dbd746f8,train,True
2869,f24d0ec53d25996cbaf86832766507a85b74217f5e0305a73d20a8ec09ff1ca1,7242a094a6e8b3e944c8a6448918116e452216e40906cfcb20ec7171363d3e27,selection,True
2870,318674378f5ed3da220e93a0efcfe091d5e40b51d82b7a8be100b95a689ae263,37c98056261a4538ce5aa755b4f5ac825f3cd39f3e421e5a78d2b7b53be4051f,train,True
2871,22f98814614447b6f3a1ae499605525c9c2f1f3f14242dff91cfeca479b54a40,9676bf767319c23fae465e719a8d3be3ad1270b3a23d7378d50415aacb106a9b,train,True
2872,877ad65d0651ca2dee511ce6745f8bd8e0af6a33162591835415a252f1c022e4,de6443cf7c96d70e9bd39c2ac5178962879e1c0be14a926022d7bf7c76968eaa,final,True
2873,57cb166920dde508585188f328de9664c47c7ed3fe91de6d1eda3b34e28a1516,f0b9a1626ce1c6e0d009664f005410705ea5961f5328126c736f03ccc15227d6,train,True
2874,076fc2f05ab3be6d7f190c00ec53fc87f0a0025dd4d74136c4c918387f981775,2e8c359ede479c77b943613475d40215ad45ffffaab6952919250f71e2bc0740,train,True
2875,b8d440da488be9e6e417e83d18fe1f254d39d43a2503a2b17dcc2ed431f936a0,c48e67856ff4223c11566faf146b00b1c17a043bc2db87aee64fe22b0599ce54,final,True
2876,f2017b833f6f77ac575d7e62d0a45f1dc7be2679ee18b27a2645474f8d6a4d73,b14e8b2601b87861b425b5dc4cf3514544a2c57d4bb2a74c579ad70365d0f8fd,final,True
2877,46523b6e32e4a7cce1a66200a5be5498bc450a9b8d35317a6fd34fd5ddbf84d9,9332579cb5517b2c8752e536d005cbf212df1bf85b38eee11cda2179098217c4,train,True
2878,6900cb5b087b34d3a452ef8d0df34229d1219a19279c1ce353b59df7de66d811,6aea7be509cb82eb6820dc8e19dde6af50f5bb6024161bc550e800a94e9a9485,final,True
2879,30668b6534b4313d274918048560b221cb3496c893475df6f5f99ee5ca3dede8,b9c515e694b8a837a38b344d8a380e3d9c9c0d697467e6deb5643a5bf6f941e3,train,True
2880,18f8a846fb024a7ecebed6847955429c3dd7f3537f695b4f71cbb0653fa79260,4bcd1a668bdd66271786c6c1c3b62b0266678ebd71023ae144bea3c1f1f5df9c,train,True
2881,1036f0dedb3a00c5db1b3175dbdbcc80e762245e3c00e62ebb9a23927115a30f,1664db88a5e26596cbeabb6180163ccd743878c25f97a56bade8eeeb2d814f0a,train,True
2882,d353774d7146fa58af2b52bd7af3f4eb88684b802542cc7b918bd6105b32b967,5bfb51cadae5e233eee86facf47c1421ce0ce73004045b03f5c1b471d3453573,final,True
2883,3ac1766b48fc6933dd3c2f8b47aead1b93df04c26c5a19c32aa30b8c1b9ba8f4,d18d79b88747cdad5f5709cd007bf940c831813985ec6d28b8f651c8a12db601,selection,True
2884,8bd4765be6ce48fb8ac6775f9c735e7d7430c670db0c639bea6b7a43f0bd7eea,c9c7dade640822a55afc936e9ef74ab770b64bdf503c408691444302c2082cca,train,True
2885,f864151e6fc77e542c3a4c003375e4fe4da1a856787ed883f622daf660f52213,252372b0381f539192aa9ddeb320786b277f3b43e4b80c23190aff1acf76bc16,selection,True
2886,dc6530899d96b3369c8567443674c7f67f9e3dce8ffabef5127241ba86270eae,cd6874e93426a9b079d4701f56c9abe8b8b653093dec323f0e9f856d3b2f1419,final,True
2887,9055d3383f3d5536015f90a243ae27f400f192934e7664cbf8b17d5059ee5f8a,838eb6ba097ee7aa072529f185369f607e7273b72cad8655ea3a6ea232158128,train,True
2888,6ece5aeb4d9f60a2eab2f87f062182417c25f788be4ab46ba6795f2eb0cd3c12,dbb4a5df53f221c58e1a343a714b7555f36e5a13e44a485ac4f4219689943c63,train,True
2889,2423fb9a2ec27cad5954ffe88562ad136f0f08630b42b5917399aefe42bf3deb,48eb9a41bc75e53cf6408dd9cf3c47e7889ff054b6841a2ba4408393ea536102,final,True
2890,94e955441aa60bae14211158e5e8fd921fcacbad901729b2e83ca84bc96311c4,fe8a8ed56da65b33f883cd21b1648d2ff394b17b36142de41d35ad9ed62c1c4a,train,True
2891,a9beae6f347640ce411a5c898cf43869d8a44a264de0ad86e1335b0c416c03ea,c8d105e62b8fb7f39f6bf0a5c79ab82ec23ca21f15bebeb755a314899f63fde7,selection,True
2892,8014d2a28b31f359a56e156db9a5fd23f0bdb93d9389eee54a0033db5c513b64,0cd79a9b3e003d193f2147724857d8f2d6b3511bf84826fc44fb3fc7246e64da,train,True
2893,41e7eb238c5dbe8cee4a311ca7b537226677bdd0b64f581dce045e554624eb60,ecf464d6ce653b951b946562131490ac3875e5647b16e51894f35caaf0a1f46f,final,True
2894,267b495bbed5f608fcd1d68f33cf7940737999e53825b10f5523e1648648644a,e81744c918c9c847140164418c5e73b63846f119d888db310d639d92e36e9f25,train,True
2895,df786013f9f0119b0b3798e077b5ddc810654ee1bfaa25425627cbdef24ece24,92eaf591bdad37b5fb3ddc9c2d78ea16a6c47d40fe7ddeaca317222898629aea,train,True
2896,ebd00287ff362d912584527104935736f70a15323cb0605728fe5d62e84abc7a,a4b73723be1d5501b855ba306c9a35df6427e5b30f6be6d5278c62bb1693b629,train,True
2897,7a643c24d6123d51d19c6a2796211590c09c470d287505fba1eb071a0ec5cac6,80304d37f10659ad27efb80e9c80a48db0cd925af424fe63d5a842ace4857454,train,True
2898,ce06bf55e9e8dbe4873ed77a3d057e28ebdfeba21a58172bc224cdaf0c1c451e,f9ba276c09ea689ca62600ce31b2753de60385baef38b2071578aa816bcca39b,selection,True
2899,59aee21a74c74d898b2f238aaf6d7910e31d70de192334a709d32567ac20c2e5,1e54c5ebee65bae8cff431c6970a58b39c23a8051ddb26e8d31ccb59965f937a,train,True
2900,91845efc331fe53db5fb1d16daa46fea32b57cc473673a6d0cd2734053e07f37,4834e8151b9ef1b0234ab3f2e64518f40f7ce4579c82d0ea29476a30a47c6e3b,final,True
2901,5e342deca94d4ad20982d948bfc396d3a866b5cf05149cbc49aeda6cceb8a5e0,e840899004358fe01c441e214b21660962e59373e2f9a3530aef63aa30127754,train,True
2902,a9203b201be7e8157a509437d812a91a6e318e133af0c5e4053322f258f760fa,c0d96b07da9b84013d35805ccf1ab36390bbf73b5414c20035711c2503bc7815,train,True
2903,e5bea4932fe9aa486018b3bc7a2448bcd534f6a1af9d48a06e3699a8a0ef3a04,fda6438f9fbd17f981971a0cfb46ab728b01239922e22e65f21b62f7ae51c828,train,True
2904,e7ecf15de0f231b5a6923c6e7bae45b2a9607dd987fc3d169f071c5541af69f4,f3738aa8b6fe7d653478f3477b21e860998468ed1bbea8aaa134768339b20d25,train,True
2905,eb6c077ede2a1119786bd21718ed1f94c5f72495400e9480df95a19cd4bc05c2,67b4ef2543dde54d90c7f6e2b3e9b6fc24bc373821a76f5da355fae9565d8078,train,True
2906,963a7939ba5a6ac4213e97638d878b77f0e7cf3291dcbfa719c85241794efb99,8aa984a5bd4f9a6a1f6b8600273ffa090818d410abbf8e1272c88924e2a3f354,train,True
2907,9634dc8f7e9d9766e9b39474c526e9657aaca07bffd26750ef4edb1d7e412b98,a8d9f96ab9c3044ef3a77926bec83cf1dede9d9569b808ea1a32f917f13a41f0,train,True
2908,f1bf79812acc0aed7e1dacfd3414fd21ae50980e879cfd2bfbdbcd5d5249c6b8,d86272ff081f8986eb84f0b2e5ec7e05ea17dfe55c48a0bed09b2b60d35d1014,final,True
2909,0387be0c39aeded3fb9f820568d6a96f74dfba1d3f4d3f55b613e54b00975b95,18f56fb1178a8ced3535f9122863fc4d969184dca803fd412b5091022069b07e,final,True
2910,98a7a421b120ebc9576fcc754e6e48bb1ccccb04ced1c4e0fc9a479d52902c69,d8476c80d3eae93e90cc35ea6cfc871113e62d87fe37dd65717fb4d8a4a52995,selection,True
2911,61064dc5867f70e5a23dd1dc71f84df4886d7003d774445bf4942288c49d9666,b3fe8c7ca1d576be792b8087511f546bfe1ef8936d3574aef8c6684c2e789e9f,train,True
2912,03767baf7c5e3cc39e2f08bdbcd4ccc6af15f777f5b2d5596ac00010ecce808b,f4f4e047e59e4803777625b1c18c5e4f03be4b6bad244d490ec71e30363176de,train,True
2913,2d42facd0553c4af2ae7225acfa3eb4c06f48d54be7714eb95bd7e771f5c1d32,ea137235b857a59a2825eb749b413fb8278b862cd4e8efe008f4ab817895061a,final,True
2914,2c6393ad8a97a6b062e28eca20917859f213f9f3ac45e325444da4d8848ceb79,fd32a8cefea62c889f95e56852aa43e1cbb628ca886792bf64440e414b23ee03,train,True
2915,481a8831c6eda39479abd8436701d0fa7f5b793b2a5041c439e5d5cffbada678,9171f720498bc7bf702cc08067a3dd1ce97d39ceea2575e32f355b9efd602e6b,train,True
2916,c920686bc60af8b3cd938c390c68c95608be0abcf3b7bfc96165eb8210421eff,a60c0bfcef09ddf9e201e90926d2edc5e1b544ed1b2574e98aa8b49d06a6237a,final,True
2917,06d7f49a386308857af8f089eb4347c1f7363d61eb2945197360e627d60a4f70,0275ace5fe0109e289274a048cfa95ad624849751a957c1484adbb64d67d6797,train,True
2918,467d0be83e87deb30319ac9cc96715e37bf4b31fc95101c7ae429ef68028f7b3,793ba1ffdbb2b66e05532d0532d2513ebc892d66ffdee34ecbab2c3f1e63d232,train,True
2919,104b4d8b3c49ed6a8c513a869234782690e9b9cf4e7ee2556e457bfcdc918315,75e25da58609ffadfddd43e75947faa3cbcabae8fa72771d04cdd7122b8b4af9,train,True
2920,9432430ba82fe5adbd65fdbbdeb59203ea1b829fdfc468e0e44bb63454b0b85f,e0daa07a7c2048edab833fdb6549bc44ff59fe86a81e5159d9aae26294d19099,selection,True
2921,3686938f5b698e9e4a2b9d3f68c603c45ace196c6498494c30744b6fcdceed7d,010ea916c72d1eb91b6227b989fba29faa10bce5e21e418f6ac03b1b27272343,train,True
2922,b3cce9d9c7535b19ec6774576a57c3420d71ac8ec61faaf77ebbfa87ab717fc1,5b6151f0eb7649f989da20c8cb5dd5ecc0d4a768914577e1380a32d1a2e6b784,final,True
2923,967a765a40093a31494ff5f35844912342b186f8c544e3c296cfd386f9141ac1,b4b4d82cb78b5a928a5ca756b2e170873764b866e77ca302de65460b013e71d2,final,True
2924,5f8aa81463524b81d0ad37d08af212c25157554d40b864b5cf48e70b739f54d6,6e9103dc5305f90f6d9fd588a0401a6e7b3524845dc99f30ddf83b101a5f77fe,train,True
2925,7e82601886afed9e75fe12661e3ffc5ac2267cb7bb9e85416959dd758d9d7132,48961a4f1cc06a63669c3e803f3b52edf44e9cbb3df2ea78148974c35335c0a0,train,True
2926,041d7859d876726964c9f34447a948c8e0d3c5669747b4abd06e312c973a1013,f3863cb33ef09837ab6c1f9728e39cd9387bbdc992acd6bcbc495eedfe2f47b4,train,True
2927,f306c6b08ecdd75610b6fb0efc75f03e6f3840212c9d14649804567fcda0c1d1,d58292e8699b381af82aea533524cd7e567d27e1ae9e1fb9879dce7e14ebfeda,train,True
2928,200d63d0086b5c88bca843be70c5ba29f4be64d4d834fb1d6519f1df45945c74,212c4447aa6760f6af883157b583101032db5c6f664b57340482359290cff69e,train,True
2929,ba94eced271f4e8c163de7a5ac3f59172165e8185775efc1432a93172b856186,ed2085e4888c4a9c664961442b824caace90079772061510dfd0783aa4725274,train,True
2930,88e1f80ab9ce36c041a837b7914b2eff7619cb9f65fd4266ca0ca54793ff770c,98970346a1a38c613d3b11eab5914b06c3d4240c49c43954ad9c8b4dce00e768,final,True
2931,5768491289e8028a45602af2619b86a62d0c6068505198240711400d0e1df440,de9af80ba43aae1444bb79bfbbcf1b4415ca9f88462d0c0493d00be2df59eda1,final,True
2932,81975547cd9800849f823ac9e1e714990dc899ca213fb3ba56529a83a6b8bd89,8f2f741160c3ed02f80463a54f8e1ccc4eaa713cfef18e8f29dfa156e37a8055,train,True
2933,e4b80694061761ed68283c80c3dba1f4d95a4e588ba77f20685aa1487a1add0b,e791e49a693acb9f8eb4b4109c40652d336c040e68f23ffff5fcbf340d544228,train,True
2934,1acb55608f233e3384ac5a3b360a9df19ddd0b83d06425eec815f59e262d2576,065e75930ce78109c0fe6d246b848d47da438965dc79918af46ef5fa323ea2b8,selection,True
2935,6b20ddd219207b5beaecbeb7f3d67c4ea1afcb593dc99eeba6dafeb6597f6397,b6c20e24c219fa94beffdc3c1b9dd6cf71f0012dd4faaf6d2f8340a8fc04226e,train,True
2936,75c6bd73dc23bf8cb46095f646381711a1575d038e7a1646bd5192d77791577b,8705947a385016e9dee36432a40f6e22a4112ef885010a2830c0b4ae5c4bbb18,final,True
2937,1189cc7061d2823431111efb6270edc40f59f924543d8d111ee6927025f1dc6f,ddaef25fd577d0583da9d522b92736574530308407b668b855b8f6f056de70fe,train,True
2938,e91b8760827189feae9aafbae2f8bcd661f0399e27e9d88d902f13a01b7d046d,ee4df1c3349a39dfd15a34a04dd14ca70ee37da16c05d640c6b5bdd9b1fe26ce,selection,True
2939,5744b61e99ddb9c7f41a02663c42d38e4d55645960dfd327c0e749911ab1bd4c,6b5af556a6da576eb1352f72cb0bf10b81f854250f67f77d072b5790ab48530e,train,True
2940,fc63cd74df712ae9561875ac7f357dc615e9f01308fc4f9341d18f9e13db8fa9,fc5bf5302ea80bdbe8ca1f3ae49498f10288975e0dc5698f0ff7196fd40ad785,selection,True
2941,52b5fa1f78b8eb9290e21d06cde59c5c3dc9ce16d0dc02f114ec6e53ac03ca30,89d9a8f8db7b62cc1aa57c4a92f648ad5f96325a156ce5a65579ce3eb445fef9,train,True
2942,926ba8bc11fa3afcbaf0e966f5ffdd3aa46a97aaa60827e1d7cc4f78df6ca6e6,71ccf8aa6c300875016172593ce5deb0f742f167a9126803a77957c794846dec,final,True
2943,fb4e3bada2891e65faf2673f28ae0bf146a08b2fffa68218c6d55f0aff5b8437,dbe757ba989490a4515c005ce1a60bd3ec8649aa84f1c61de6aad90268bebc9d,train,True
2944,d8cabd7646822295fc71f18aad6a19736abde9d6ceca7fe9fb4b40e32abcd83c,bfb833891d31ac55e6241d9e672af6f6ecbfa004711a2485e790bc82fcc6bf49,selection,True
2945,24dfbfaa02e40172dcc69ae714cd3d98f2ae2faa9c7108016515b14d66d1807c,a15e61cf0f7fec4e5e7ce95b10954238aee04855f622693ad16b1e1cb14a23cb,final,True
2946,8ada83498b1313ac4a5f20806353b706bf4db92aea73ba0e454205f97da0484e,e396f66e2b1f8c43e267b1ca652ad4e52b02081ad22299432264341a6fc58618,train,True
2947,635649aa9e8d8cc58d3154b7c554016adb669c2bb57fbef7d4a211be89c01406,8c5413e843f6677e320663505a0bc1496d7ac6f5ead1d8c81a10a1cfe7f4e8ca,selection,True
2948,d49c467721c4d3cbab85c11a7208f5f5472a1f976a7907c9762a9aa2de0b3de8,e8d2a69a3b4cd85562121829b09140e2e1da42e016ee658771bd65a06cb9ee93,final,True
2949,7911077a92a51e724a6d53e2bd78f40ede822aba8ff4b9d9383877855547d7d8,2494cd22fba09063812e78799098652812703963e836b502094ab8a7775bfb60,train,True
2950,20d5159e011b9027a5fbc2e0eb436a4d05aa89e68b627e15f68e305d29c20714,985c7a86f91b8b5c1870cdc135863be49064c0322d59d917a45d7922e9f946a0,train,True
2951,9bb681b75c4c2d8048d79f8babf0c1794df96857e68d17b8778db47ea3f341a7,d3ed57f47e048be65ce5689982d55efb830f6b751b3cefd4d5d4aa1906bb33cd,selection,True
2952,1691c2c50c1d87ea6e397edb80199018415e469fb4788b8f02bb2c913dc9eb63,b6ded159df10e12818b3efafe9e3dfd15818507ddefd106a86c095dd5e586f04,train,True
2953,c7bd0409fb7fdd2312bed02b06c5b76d7917c719c6e924a311f9c0e19071cd87,c98d7713c1106375d4d2d5bb1012e7c3663794566122b9ced7c1396a58877734,train,True
2954,23ffcc7ba59a10ebc791e6d7e7fc476bf05e66881254caf355004a6e85263f5f,b3a72b3cdc7eb24bbab3b2ca2fe917ec6e205277a30747649eba9224767b1d0f,selection,True
2955,af27685e7973920aa04c089343d4df2688555781bcd0c638c0d0f667f09a0db3,a068dad44db71bc67d84c6e1253bece06772cf4030e8be31b29eb244f5c1522c,train,True
2956,201228be6c263a5fd527359aa7d16fbfb759c61524ab456139971fe6700deac9,110a40c177cac3ea16f1da0f6a6ca89348018e21133f863bf27c1c063c30f486,train,True
2957,542618bb585f8c8f3a6117598c966094826737bcd2355a86d2ea8d69710ffb33,a9ad62b65f938afd19c517e4f5d3f239937f2329eca5d80f09956b1d6b63f88a,final,True
2958,f14d3b59d0f1460e7971fe14c774165571be41ef64e12431056e1bfcec2bbe45,671abc59503a995c359e5e8eca0fec660ae10cc0b77db0d9d28e46bd1f8c6c5b,selection,True
2959,78b75d184efdd002a8939cb62dbc20a9664ea05091a3f19e99d778ccf48caf50,d6ae3d19a6d551d2c97532bafb08f2bf03eeac4873bd9b4b12e00eae2db7e30c,train,True
2960,7efd358258b74c1a82944d1c6ddaf3a8d7466a4b2212194bfb15336964a4c304,626c36cc5a15c49167e471568f29817f1d8511743bbb9b875a71fcc6184c49eb,selection,True
2961,fa02393cd0f000bf32a13641e5e989c1725cfce7c8440c87612e96e2d4f99feb,6d42a162760a9b04f9b683437ab4c70456d4ea81cf16ea4b00499a42aeea7d3c,train,True
2962,ab6ec4c35b68deedebeaf957a1eb3d84a1d3a783039cd2babcda010ce984a8a2,c3b891d75ebcd930b5e9cfa3610e33d38b2d429d764b0d8cec1bf47fb3f10815,selection,True
2963,b835a6fe0c80da709fad191dd56248302e57ca76266d27fd1a598646b986cbfe,71eebe62126d56d4b25fe1b22069b0532bf29c90ef41d95c0e4d9e37443df1a6,train,True
2964,f3d49753190421d6b394078eaab63c235307d2068136023824678b2c232c6820,fc260b53546428d54881ae0a1b8aa051089684016e7455cdb3c572146a912a90,train,True
2965,d123d961f8c49b9edae79af306aa266d7aee71de98d86b87d9e5a1083592c45e,a92b6f070746b25b4e0387763980831f164a31192425226b1b1b555f32c5239b,final,True
2966,3332217dee0b308620843ff763c14c51862a980e11c90bbca7852240f0af8b40,a3c2350f570436876364cf9c0945c82ca094a8ae65257423419863704066541f,final,True
2967,1da055b3b644aa721826a380c491873a5c83d8605adee24bd83fda247d51f181,907c935f31aa3101ac26b6ff5dc80d66a1afa9ffd39c234186bf4a81c8d40cfe,train,True
2968,42f3dfe15259f1a53cf221053b2cfcdd62f450d006840711d4c338a83b3dabd5,96c1439bdc2ebbeb519819c204486901811050fc58aa67936ddd62a4fc510b8c,train,True
2969,755cb898d549b3651372b14d2419290e64576bc0c381744b3525dd5ad6edad99,9711911ed05d4520a4369002ff49a58a5ea06654e4af6d6e0dc1bd72d884ec5d,selection,True
2970,175a182031a757b489e0b2344baa6807bca39362a5621ee8845e0e14cfdc9128,098034353b620c4fd87a5e93ffdfbe853e345dc3f82a6add82501a01a54c20f1,final,True
2971,a41e557fa902b403c4b39040bed88257d8342c0dc159b187d79431a9d6706ffa,a53201b6b8f5eb7d97fb315ebf0e506c2b5575b1972824c9a40f4a94b49265b3,train,True
2972,33d568996890365c1328d019fd9f29cb7a1c36759926bf188feabfc36eea7e79,171dd9efc26e21eced1bccd5f1d7de642e3ced740c335b95a0c9afa95cb68090,train,True
2973,79d51bb1a010ad88b737228d2f6015baf801d1336ac98f13eba04a8de5b1c830,eade8e04a90ee361602e59e0c0df2ae6b4456bfdac4c25c95d5c5792f02ef491,train,True
2974,2e85a8162606c379e259ff004ab129d2286e567ab7bc36b4914390d86c05f4d6,caaba9939b982226929b3293afeb5212f99ec53ab469f76021c5813c33d08e28,selection,True
2975,f754072f478f42ff17e6b573550d1c854fa18357a4032eabc6b39e5b8968a093,c4cad6dedc71e5b479748d5b999e76ab4a1f95d08d3dfb9fa044d159daf78947,train,True
2976,3ad5af6be603c9a2e46f1b49eabd8d68659a2d4bb2f63f3885515aafbe12dbb9,fc76baa5c858232bc56aa80d06b1a93012bb636933cae740685b553b5ff4f628,final,True
2977,359a74e4bcd7b4a4367b96835f0a6d280ecf19080812e8f12d09d7456f77250e,3d23b94ca703a867034c759289acaec63299d52a361991675f9e161b08e6a27e,train,True
2978,b76fde6c056e719bf84ff54454a8ee59de6460ad954c055e2f13c0d1d1f1e4f6,1612a95539ad82a158c3a79cf53e04b69db55d2db817d825710b9c19961b6caf,train,True
2979,c8019cee9376bbed2392dfb29d89b176d4033a31c3d1d7600e2c03159e51af71,299b81d437433c3c14ddd77e5807ba8b0ef5cc8595baa1c83a0c74ca396da8d5,final,True
2980,d80b9c7ad940b2a23b0ebdf48c3329da3a40c5d8627f7abeee89e5de94ad3d7d,672e2e985bec7808e843e706fdba7bd07655f1189ae7c23f16b737a369ac77e2,train,True
2981,5f3176223fdcfe3e8ee9b34f386140c615dbb613ab10ecfe63b42c1755293efb,88b46f90db57f953366787b59481433cd0e542fcaed21b3fe400fc76025532d3,train,True
2982,bd3699a8193df145a0911aaee53094a76dae5a02c3bfe2e4f8a1788056b4ab35,aa8e114ff5b3b7e4bb1a333218384786d17c45e66ce4f73726dcccb3e7f72005,train,True
2983,640d56c60da7a0688c3cbc33bb6e785af0c02b6d180c579e753612fb3c3417b4,906a15dbe925b62a16a60dcf471c771aa5c00203cfb21cd6e8c9ed9665294162,train,True
2984,898f9838022505b9b1ab087178b14d3c3a56a5ab7de9097c6b9bb273447552c2,d53449dbe8c3936d434260a2d7c585fedd5ede23d90e96ecee4a9af3c17f87ae,final,True
2985,a4fe966ef8851a685bddf5b757e99e989b6d27af263e78c2947d7a0340fec8c1,c73244b54ef54a2d6937b028840e4edcd350936ed30da095bd5cf58678f04244,train,True
2986,df24ffb9c62d69ac3fb242dfa4e37d51ec704ba20243228f49a86d528f95805e,db9ea9da60ac8004287d2d103152a41b27b5c3df05d5c3c955fb5930667d275c,train,True
2987,4d13951ac3fe92fde919750df14ee29e87060d0bc1fe82043719c37cd595bc2f,ac9dae1c7d2676b8b9065e762ba393ebaa3b73050a4fb598aa22b5cc81361198,train,True
2988,65998d4869b771689242d0d59e95302797abffcb0165691aa62189d17daad8df,2a4e3d79a5760294bb4b38c478c43080507cb0b10431ee4059eaf6f734fcf05e,train,True
2989,da0aaf43cef819e56e4cc7b480a807fa96c4acbcc795e1ec647d4d5f582f4c54,ae5fa61e0585ac73af8387b52e0477703dc0f10d6ed57ff4216d4f03ff32a2e3,train,True
2990,710554a2ecd188353fa82b58f53af8f578edcececc9f87f2d6361d5e00e88e9a,a23807e7b3603f12647525e7dc37229d054093a1f5fdca1822088689042344bf,selection,True
2991,bc548ec511bb88866a24c07ab2adc24c1bccfa840953cc2f053182d37061f64b,20ffce277e408eece0df4b73f1c50c3a04d3005e38503a1f46ce855277f66b19,train,True
2992,db5dda59b0d039ed68a04b778096137c3f10beef83b299ff7781d7791bdfca32,a1108712c1823ecd103f4b2bfe9475b3c06c6a2a966641ea35ba6ca0edef757f,train,True
2993,e8504bd02aa4b274eb5311020a109192fcb9c267937cc0b413580b037faa1bc7,e7760344ea9942a3b44eaf26b0fc9862dfdaecaf7df01adb1e1e396f354d8f0d,train,True
2994,803e1d91043744dabed8f3eea526b9aa61f1c82c8d0c80f42bd80df2c6f98d13,6e38ab691128370762d70ace998c7e4fa0d2d21e56406fe813408a971ee48cc0,selection,True
2995,fd641e0f6403b5290d04ff8922dbb043bac137453790de0efe9ce0756c03217f,b3346547137427bf0c2edeaee759b34804ed6dd2f2e3e971c7c002235fa112a9,selection,True
2996,84b405b4a8353ba0e235f46b7095c3bf8b1de5c8ea06214ce9fa12dd06121941,3d7bbf0b9a6fdd64e51a3eb119e940970005475734f1036599c3cc54757478d3,train,True
2997,cdb368b3dd4cb3117da8ee159ec05b856900427330dbd1d6d003c8548525697b,eea56de3a370a8bf2cbb4c9f31d5cb40b919ee59e0f102d0bde72318734ba13b,final,True
2998,8c90a38c6555034db045715968b317dc1e84989472406874c854567cd888250e,166e0d186241ce7db3fd62fc634743ce9796752955ccd32e5bcdf382b80b68c4,final,True
2999,5a43903180464d4454cb44d654a40efbd7084f92f7b1061e3e87bcda6973ac18,d0dbf5ca9230d54b60a680f3585211e2e3d7c6383018483c0fc65b4d554f643b,selection,True
3000,282a7fc8d838bab21f9d9758ce7ad536e357683c6c102cb00028de8b86ef0d08,e305effc13188187ddb3d5f6b1373292999156cac05dcbfa85bb467d6ea77982,final,True
3001,1142297b9bdfa7a7a766857305d2c1d4d5f087ba3ff85e6d2476139b65c2199b,c764e8bf1132b397a5865ec490aa22163053c5a5a17c2f0b5dad4f503e930c26,selection,True
3002,b4dc0457dc4d72108fa190cf90db04793d1b92ab0f5b99f521d7114acf62fe1f,4335257395a02f7ae629b9bc2de037c430f7ffe8401935f04034bedc0e52e89a,train,True
3003,4337b82e74523bf2877bc26c91a4d92cebd4873ca882b8a85eed6162f48e59a4,506be632feb06a2d7413fb51a2fd6db36cdf50001cf05270d2a3795358c0a235,final,True
3004,46e1a21313f345b67c3c84fa8293a0036fe814a758d5f0d9aa651cc69a50dbb2,31cf89fcbaacad19ff8e0ee3d87422233456319af67b115c742ea7a9189e5101,final,True
3005,761c4e1627008c600825ea51f62c0c3bab235728cda84d3edb9d739f81a7d6bf,5d5f914e363e753f8b3130daaff3d4704c80cdaf1b71a0ee6a35553143e31850,train,True
3006,10fa6997b9fd765377580fd2b5631f038cd05e1c674f116d20df4a172c0b9fca,f810936647af5bcc00bc7d39c2ced9a88b169c383881c0dd7abfecdb2cd71933,train,True
3007,5493f5590912f74bb1faf07c26ae478609d1ba66c7124ab78b713b05c409c5a5,2741a950247b31b26771f7041c277ce6f500a19ce88196ea21f47d69c499d8f5,selection,True
3008,cb846acf76d218afd79b7d76f0353075411328c0ab0b573db896eeef004609ee,b2eddee02823742b24bedd77a21f95e380c05d1a15d55dfdde00351028454858,train,True
3009,f3e1f509f9f959b954a4441d813e97a45e7a967b5cdc89108eb243602c92da2a,8f8a2f4bee1d48e8e7a9e70e2457c6e45960b76afeabdba4c1f4fb92e529c65c,final,True
3010,078990811f61ce4974b2b12102e4323ca87a964b3de298d41219b341a41664a7,868883a207886dcfe240080986db89b42b9b384fbc8502869242fd40539434e9,selection,True
3011,68ea21646ef2e9af189b95109a180726530775660f536ff9882eefe72aa12d15,2420a5d608f3810103c2ec04448f710604eb47265c1dd49c88841b37eac59fb2,train,True
3012,2cf4fc0fc1de901c7deb733d2175440a4083bb7573e144e1cfa5de7bcd5d88fc,c1a554d37109201ff6434be5dd86a285400a4c1add36429b4f183825cead7d9a,train,True
3013,79185d00c7f1732c5a2d214c86f21789cc26d739e8e81c26610221fa5d100afd,4dc89ddf05c5a2754e5d6acb89cd3b1ed218f509d54b59a7d4b3223d6ea449ab,train,True
3014,c54d16dbc9ab87238ee6eed628a3e35131b93c618d01331b0a4a4e8512dfb3e9,b28779380ecf9c550903cea3ea35e55086ef214a9a216e6f9d46f9a027a6448f,final,True
3015,83d89e953e614f6ae78bdbb0bdd46a1a4de3ab902a7f844a8d417f9914157641,74944c919a547ba1cfb96cd4efdecce4c17d185ce51eee30f2c3e2f483040efd,train,True
3016,426e7fea9d03c8c7e3d076dc6477ea34a0f5e6965e46074765f3f0d3eda021be,bfbc93f05e7bbc4ce3b9ca2675345148330958bb22013922f568ed5f797a6cab,train,True
3017,2e7675b854c87f3cff10d78181b59af254e4fa8fd70fd4b1191a6b1e5fad8e6d,ec473d01b0aabacc09504ab818e77f0824b3aef8ebb78e2f64be5c15429591eb,train,True
3018,523e46d335e3cd03529924293bc6de3f53be43fbf2bd48e33dc49204aba6f2ed,7b71ad433be9353582de171e7d98784248eb5904f446932af7b02e7c48c10977,final,True
3019,7c1b6608393bb1eb5361961beef062410a0a7abef653dfc8d24cbf9243180995,951b8080a2c7384dd0c2cccd053280413fced5eb992ff58ba544dfa7dbac8a94,train,True
3020,3ee1527b1d79f3e48ea29aebe19f814bd7b4871afe618d74879349c6a0aff738,f9cacaf9de40138a52eb84d25ad1787dce8dbdc244bb48f83f844f96196d18fc,final,True
3021,c503186f70edadde8d511a3175587bcaff54d9c1fff228d897e8a3d121b99293,be71c34246d2db9e7e49dbb072497a585b5ab613bbe7ddd4502845a09cbbbcac,train,True
3022,ec5aa68005f83da510cad98144072d75055e0246ef5012a3e42878e224b924a6,dca567b0a748449ff0856e39da06851a7d3d05adcc7b2fcb98880d69ee025e97,final,True
3023,215c977a871dc84834c969daa6e349907633e0df9578f5b8fbe24bc0e5e66b07,b5716faff7b48e2afd8ecf92a9cf070c49f5eb12b9eb20965029d36879efabf3,train,True
3024,eabc8e9b312d5694c47c7b5e04ed71d77e77af6ff579a4e6ca37727bf6d05206,a2cfc872a8dc2d06e24221d5695a4990bb06efc6c800209aafae972f436b388d,selection,True
3025,61650a02943776856c09b5f98516ed1c328cadd0789008f274e0e9483e9a0655,1092036471a8807f78354946638961825cb8033c069afaa12d253d8f039a69da,selection,True
3026,03b4a7c1125d353f4f6fb32bc46f3737a5dc13552a5828a13d44a80e711391c9,3437be0a3af46eb6bb6ee361ef0678197894ca50b5252c976b117688083e5092,train,True
3027,612608f1af022bbd73b3b517c1a0eda2f39d71e3116eab91f89036f90b881d80,8a99aea8042e7784507d465c135536adb55fc1cfdb26ef3b251a79e252aa9002,train,True
3028,f4b8c82723b0360c3da2dadeba40ec32f681449485091242d25ed5fe131c0bdc,33e37a870e62646fac483a973308a204d7c46f090ffc10182d8cb603a04d40ad,selection,True
3029,16fa537cbe6fca0355168073a75c83be3025507538c999d4ffe0e22e45fc3f98,0d61123305e31b28efa003e3ec52caa1346672f70ed6ce1e4628143b44911228,final,True
3030,611a6c15a2d3ca2c9864565f91e05193e50e5ad652ed829ba15432b546a1e738,5a5bf522ddc95d82eb4e59e71adf32fda7b704ff51fa380b7df957d617002ce4,train,True
3031,a9ca67c77fe0aa395c8fbaf44fbc80b5f0414092ad0780a2fc75fa9ef9cc15a6,6bc643aa7819755bb15ef8c464a4165ba7db1aa70b4cafd42c4508bcee874f45,final,True
3032,00a95df4acee87b27c0fc28af3c6cbc11d6058bac4d55b8cb36b7dec633a8527,12e6186ec5aa887cee90075c1e783fdcb6a8ee3702257a119c23f1ebbb721dc2,selection,True
3033,7432ed2c21f6c52a628c13aeaf5850bc00253a75f052849eaf434988ac01ce94,8b013afb5fb4df5a7942ec70529ffce2edf70646fe75386226e60db1165a6cab,selection,True
3034,616fcc8703535e80f48aa69793a43617822a11e69ebfa196262edad2b325ee11,db23ad7b5e1a704c6c4b29b27b6ed6c7c6033607573466b58ee47aab8a0755f4,train,True
3035,b92c06f21f58e23b3be270a27cfaa4d4e025ef75a2d34d5db189888cacecb9c6,db73258dd560b1e7f29c65455b123582eff3971c39a15145678af2151e40567a,train,True
3036,057124993675703e2e4941f2143a45bb6fcf67f0c015ab438f0bdd72ad1305ed,6e6b1f7986853ec8bc7f6f37be7f8fc9ea4e53e9e54eacf450e8e2d27d6b71a6,train,True
3037,ee878abd743849afdf42763273e986d2652ca8b638765b2d961175273e7be7cd,6ac130f6b34a10b9bcd84f16bc282c88e84c50609f02c98c2202f1be285c657a,final,True
3038,a01339e5b72f6e8d4b51530f0c174ea10b0aa1315dd9a6c2827aaa7844639b13,4419a4e78717f3cc0ff55c6bac44ea3a3e3aa230dbe67728d019a3849e66639f,train,True
3039,0fcb0fd1d292204be9d5adf73c49b483a40775f34de03e6d36b89233a4b7cca6,c03642938351da98675e98bcb5f8d93913718d2ed1bc94f0afc99c9fc7795d83,final,True
3040,a16fbf5f2db208afac16416e30e49352c071ec2e2763089b83c6c657324978e2,344c48805b914785228bb45947e6d175439e7f347c8d27b58c40047d25c8ab1f,train,True
3041,38b59926c460fd15a9d3cefa9d938641a994633672354605b2bba8b59a29ae05,1749e9deb8e7850abe6f80334789f2eb8342c2817d607a3f6a1203cd3a8c5dc1,train,True
3042,b09a9ec5cba55e95e4bd575adbfc356dde62c2b31ad58814d15b4eb176055609,7e3fff7543066ad5dae43c67e29f98fab44a9e3fe4c181ef910fa7a581ee24d6,train,True
3043,358ee57b783901390bca735a3056902e4d3f931bb75bf1662942ecdb7a2fdc00,cd4f2f6de2a3bee7f921a31f551a2a6001ce89710e6f4724adb208d12f8ef9c6,train,True
3044,97f5fbc9eea85987764d53ede9312fc2d74d234a715b97326b5d0a7a4bb93ca3,5f0d87fefe318fb16c78897f81bdc369040c38c2463be30247a4a03e97619b7a,final,True
3045,eedba09754886c82fd02b3cb66dd35cf0987d4e3a37e1de1bdb47366247c8676,3fb74ad52be33da8bb8236423be4ef842ecd6dcb1d9d803e3ce1d683d180c42b,train,True
3046,c4aa2584bea853b5c37baf4ee5eae5b1a82a68d8a99166f7eaf436494bd27313,36de9131a982d41963b06b67b7a77985b631162299ca202222b92f4a70c700ce,final,True
3047,865b5de7f894f6b54988c9f4bd9fb2567ce947bee4eedfc62a6805af2096832f,6d6cede56838ad5775917d2ee7484c5c02fbdddc35853b4163297338420adc04,train,True
3048,4afffb062b3c1513d2f4e7450a1a81853616edeaec4d7b46da2a0eda443cbb72,f7b2600f99dcfc6c0e230fce43f4b3c8206b535ee701b3531cab739e95c4e205,train,True
3049,5de5a1e5be9dd78708290770bc0847dee84bd8f5fa94db26eca3ece77494bbab,9737e9d1abd3b93e12433d156a5aa27fa1f69a9a906d92d17c950c585a07f290,train,True
3050,35e38e289611339b540347c8cbb72cda1b356e060519d3506578d01ff3f74c5e,f406a93e1d2d6089d324592b50d95f412abe66483e45bb96932cda21a754876a,selection,True
3051,10c7ee54e1df4b59e83a3dd420d37b03c3fa8934ec434aa9b392dc2040006a54,8f05e5205623bbe50d6dfe6a6a3e714f4b42d8d6be9a8b2790404f54023f23ad,selection,True
3052,8045a22d5282bf37182b654b7151ee397d40ca283c4c41c712d5c0bfe076e07b,9d79c8aad22607a8f56810d36b66d4c7c67d41114d6bcbdeb3565697300b6e3d,train,True
3053,ddb902b721fb2d2c5186d45496d86046dfbb4a033a41ecfaee2b08f7181c16f8,75f263c08bcec9c074df521cd8a8076fb84d0ac611dda21ea0621bb5f6a8dfb4,train,True
3054,0c46d25e39e09422e428de882b9d6d155ed58e75054f89307c9cc0c6d67eec32,270715c9642aafd5fe02ccf88a8d7ec890c3789bd2d5a4f4e4f52a7f3c97764d,train,True
3055,9610da88fd9321bda7b398778540bd0204fdbda817ad523afab3bf163c1faf74,f0f12c52eda4f67eb4c9be817a8c5277a5e68d3ba4d7335d175219b5893541b2,final,True
3056,77e85d80304986182ff0821e9c8c8ad6c8d29b0a85ee0eb3547d17c54510c3dd,0beda957dd4d515dfc85a80e9cc7802426cad6822cec9a1cd85df47a60aa293e,final,True
3057,85400f8f7e4fd9dd835d42297c66fa8d7d381b08dfa294544f1cfd1314677859,0b59dd15fb222aff6877dd9372df9419fa32d782f907d921bfb27226da399ea0,train,True
3058,297bb236dce3ea7b0fde96a26f30ef7095f722634fa4bbc6f1fbd892ac403067,bc3c3783e6067012f316cf2ac00c769d72be94450f3806129672155e48ef1056,selection,True
3059,29c3a4541a0b622157aa9b0d2e601abd45bbe18773d65220bcac93f54db409cc,38d9f6bc255d2bb6da50fb6dda1b7ed1ae310282e9f05b61bf2a89b96af4e04d,train,True
3060,305c840317f01e81cf4e2a206919feb0f9e02003d3eef973b423648c928ddb4e,172816501937f3c07748cf62432b6441c6b113880033783377565046ed392189,train,True
3061,739e08aaf46e0baa470d0bd5b8c5b005fd52018bf7b3d2fa0066d2537fe46a9a,bda45b2638cafc9c4f8b6947c0d097347bfb57a6bb853f61a06a0f0acf3485af,train,True
3062,876953a55cded1c7b9191eb01e5a195d9420975307afd3112ebe328ed4665ebd,bc3bb4ce2115161942da55d793adaf0373940299d93fc91bb391c2c66173c7f6,train,True
3063,1aa4712489b58a036d4f5898cad9085fc74b7e748f044512ee95f22828e4ec26,74f1c48aa211215f4f407b926080d682409f4076898ad4177a43fb717a095fa3,train,True
3064,878aeea0b99460caafe02846c455b71a2455bc9a4f7861382c047e7b01f2c1b1,2cd5c0d5e702a8cd2ad346be83f378b8694cd9dd5cc4ea5c58248e1d49283cd7,train,True
3065,9d9ebdc7d2fe4e643b79c612a8be7035fd2439ee610a8b5c11c26d309472ff6f,3723406c955cfd4b234f9dfabd913fa7c4c89ccf128ce8e79c52c6809bb140f4,train,True
3066,62f895d396718de5b08a3d5cc02c235b801d5b1551a4ea7489b7310ce442276a,60afa9a6050a895663ae20b109cf85dccba89e67ba624e9d33f4d6d7a3581a0a,train,True
3067,9f91acc7435f22cd89b468ebed5baa06a966a919323a18315ff71819545ecf94,a23227e9f8417799a74a7fbe5e3bce736231e7abe92b570c38d2ce476e9df2d5,train,True
3068,e46295f4a387936e3af20018e3e4da0433b70072907d11ba431e5e3cb66701f8,3e2ea96d23797e26236ac8f2b389624593e9c16a4de596ab27b50a130bbcd5d8,train,True
3069,e774754e9d9f613b5830275d85d4fff00c6cdabbbae07b2feb6d39f5d4c732f1,dec257914c3d253b74503ae2c5d78411035e9e5b44b0b410d96786543dd07bb8,train,True
3070,6a20c4eebb72a328bd5ff12a5546e01f77dae17305ef7947267c2263ba9c73ab,99af3f8764eb2b647d3f512df90be382afb0d3825291c097db6ef2635bc91ee7,final,True
3071,e0f81a702d12b02f1f86a264973b9cc4d6d35c3fb6dc408f45a99f98670aa9db,f9051e689dbbbcf73f8d1773f32af82629c876c488395e1abad953d62499b4f1,selection,True
3072,01c24d1acb3f2963446ff9981c90cb0c6263bcc2aca4e1bbfe3b3037942726d4,a9baa177965f46f6a56e9b7a95b21b404ce683aa4a474c810d3ce66f80f3516b,train,True
3073,491f3e4460764485ed2622d2d5f0b6d3ce04aee4aa8018c5cea5fbb3e75ecede,9b8ddc5567e8bd5b2c7db74c6a035c7b415115b48eb1d17836295c69c7f44ff6,selection,True
3074,4304841ff0660d19d29bc1a078215aee833e85b3dde714d459df550d7af074c7,14a3571aa70b50a4b602ed4ca906bdd6b0f49f8c8cbc4e1332f5abd4ebba6538,train,True
3075,1049f94686f0c3535c46308b2d4be8c99213ef9e229f07a8284346b0daf53531,a3ceda19c0ef154e98672c778055f331ec49b1eb07e8445b6bdf2136d1e7529e,selection,True
3076,3ea2404218ae286d69bf82c2fed61e5eb9a943ade18779449d2cebd7a3f2dee9,6a11513c98101aa6141592b8ddd5e1a1efd56a9c54b630b098ace8f5d303220e,final,True
3077,3329ce2e0a5018248b06c1366267a9f7101782de21d978c35ad6c5437272c384,6930f99479778620be3c80ebc021d6d871066b4a7e981038678ff3835d8d8bb9,train,True
3078,b3a7ff62d795bc7bb77a47898f6194717896f2ad8bdb87973e9727d20cf16e3d,2cfd1ef9577fababc06f3002b71f9414b44f41bd6224fa8f58762a1c2908da4c,train,True
3079,9cd959d87bb15ca85041a89b3e9cfd57b4126034c645dac92a3799470d8ae1b5,813e615bba7b55c5fc84bc84b574ac5cc4eb1b63abef616d2a71aec33ab25c34,train,True
3080,87b223e11fbfc4d114f7f495adbc4a337e36921091374c97e327d125f8a54d5c,79b90a5e1fed2ac3985c98a40833f535f4aa59bcc98171a4882c063f1f9304e0,train,True
3081,13bda6db28f2b77cbf32f862e539a0353a3b650ae21cb8cd14f00d807bf9606f,27685adfcf1ef8526579d55bc08246b11e3e71fb2face61eab43c4647ac7b8f3,selection,True
3082,aaf3918d2761f9321d00ae5dfb2a32cc9c120b7f562ffbc180f936a29a78bb54,03bf72f33a990c46fb4067a4cd405e1b1933c667a74a120fe8b1469ce341ed1f,train,True
3083,5cdba2ccb46e2d1b4337482eaf59fd6a0b616053464d60514499af6d1ed76d64,6edbc3ca496d480cd0a7e53cc83a2745eb2fc39c93ae75f1d173e881020541b5,final,True
3084,24cef0e71edaa4c60b354e83fde11c6931bb8e185929b9d5f861ba512d8e0aae,5c540d732b851c8dac191f9ccfa2fd85ebeeaa27e72d1d52898dc21c338c8bec,train,True
3085,74de39b17c9f1cde32fa4e43e98082899b6d3a3fd203bfa849220d158cd45fbe,ff9768a29dca92a1147d81694babb1d436b36654c6b85d042dadbab5f1238956,final,True
3086,3d55f88b7114076f022f0ef5154480b4be74aabd02bc4f8530c72ad397589c77,5285192678ca4e891aa7cc11f01601b7db1d9f01969dbc29910039aab6e68da7,final,True
3087,1bec44ed9aa09975c1153b07619c93423a5c6c315fe835655054c41ddf9a0da5,1c573acd1a9e93f182eeba4faa77920a4aa4b95410dfaed830dd9c31d96eaf6f,train,True
3088,12bc4f0d4e3175e795cf7dfeb64ec825cfe100a4049dbf4e84654852788a8290,1f7cc233f5cc7d4814a1e91d410f4d888fa364d870508d896e34f04bd4eefaa0,train,True
3089,de0e3a616b234d9c42244fa0e17ec8a58d074eb631dad8c9f1992f2bcf613b07,7896606f8c0e11e8a3dae75acde0d06a2123dda47cf964b3bfbe22b7d57918d9,train,True
3090,fc65656d749fff254bfc50d95b784c01cac74d7be3dd948a1c590552553442cc,de2fbd37f70c761907906245117f98f60a7a7a3eac4b27ef9eedab8b1fdcfe0e,train,True
3091,d99a433dfcd32afa09e971918edd7d450d3691588501f489b0077e3dbaca2201,5f880cfdd3c6ae01300571a1bee2188cd3237c2efabe323383cfc397fe727a8d,selection,True
3092,7afb28b9190a8ff6b260a7f4560857f315b84294b17e5cbd969205d71b07d53f,469bda009f25f24317760e0c7c26ef3d7623ec067c120afa3191724e0f00413f,selection,True
3093,a37f2801354d9673d63af4b10cd31cfbb2842c6ab71f4b6522c93fbda748ca2f,279ce59c8f3be6ba616ebfa39bdfd9bf4ff1cabad9aa4592381237923a433612,train,True
3094,d2f9ff94a3643d1da3e1fe74464f778adf00c27af919b8caebd46f200665a3ce,c6aa3dc6d6cc35f4a03792a3137eb706451c5055614f8a82cfa0821da0b3a809,selection,True
3095,935d067685b366453cb00f9eb8eb7d9a96a09c4f647c3ec639979ab0abd9ba44,b369a1613b8db06add086027d9e37be8e5fd1d47d974321e1bb5a83dd30115d6,final,True
3096,d1983bbb2c66f3708256f4e678b1b26e89e01af9fbfaccc91f1ba70ceb7c3860,a3226a5bbd353073d493d14298abcc517d69cab9b53f2c1defea1bd6373809e1,selection,True
3097,be03a091d5f70c2a3805780e8008daaa787f57f8e513a113e50a42c680fa8a95,ce584f1ccd205ea641500de9cbe06f5d16c05b4bf38ce158b9e2075f4fd8572f,train,True
3098,6929062faf025b4768d2812549bfebbc77a5c34d13821e225be71a0952268f27,9bdcf507b86baa10d15c63d04738996f342e66530089de571c3c8d637c4f6e7d,train,True
3099,a5c6d337707d7fb831e31c5dba4e8c864f61c1ac7dc0fa6ce1146a333cb30ba1,5a4d41eef9aabc411c389e2491a367ac99ffb96fed24c80f8d38ae2f9cf28474,train,True
3100,91add06323fb7635e0105016dc9c84890ae2afee5816657b75c278d6c1b55f67,ad6411ed26eda7e75d7e58f82238daac4fe335599e492621bff5f15a04ebb04a,train,True
3101,58f077c0b10b0ca54a40c0ac34f8b21ab204d39551debe199bc5d4c0c55e6658,15cbb696ab0f14979dff2416246b3cd79714990cc5a8b0081a390baa61908b03,final,True
3102,abad1ce40d14546ab3ba1bd6513a60e4cf96db2131cc88ac247c1e8d487c6d61,fd8b305855f490526889033ac645b9c31bd7dbcca1520f431726fdee94e8dcd7,train,True
3103,1b89883d9ada4d63fb877e771db3ac57fc1f90ce05f39d24ce015a8bf2b03a29,8c559f17e9480f33097d6d10e1c0d6f3e0ce57bd77daa76489d14d9165a05c02,train,True
3104,a2ce4e127cd3a869ff4858d76cbab2a96eb2bd1eda3edabff6f35afef127db0b,50317975c84ba90f0b50e354b145042e5d3333ad79b3b7efe68ba9049e8fcc92,final,True
3105,97113d5399fb66d9a56454571808dd0715a70f93d0cf66eb3b777cef7d17a45c,6c0bc8f5f14c52fba83b7c77a56eca54b53b42d3da0170382d3b30fedc30e112,train,True
3106,89d2f64c5452b544cf78e3100a07045674394c6db69bc43c27474133f3e80dac,a379f76ae84419d43bfbad7fa984dee1d192d355b56481d45615c67136cd1486,final,True
3107,0c92ae8e645b74f38337c8b46b924c8b83944e8310904180631d0d0b8eb97f03,e577a851323b14dc8eabd3192a8a73ae928b2641417c6d92343f5fe4e2fd7fba,selection,True
3108,8c22736b67ba4258cda04baf1f2651e39386688d42858d9859bf142e4d73eb2c,86424a9d52472866795ab869f379125ca78e9a6baa5003bd5cf973bb9b2e43d3,final,True
3109,b9b530e0fce39821a7b434f612964daf2be13b2ebe14866094e9ac1a94759716,6ee7fd3d472d6e779ba227b20ef99ba44ecc168b1d13c8f3b99a6dc2cf476945,train,True
3110,9a63bb506c485d3da9a63aa83e68b140b7c85f5fe4c94919ff905a12b46d2568,30ed95b0242c62652f3ad2d9a839af3a20624d3c1a84771148f6d27a295c72e1,train,True
3111,539fb46bb2f9023dbbab8fd2d15efee94d74f1965b9fde271ec5711d5080b9d6,65f57d30b95c1e46c949416cbef1edd3133daf1d570af8d59a6dc518c11f35eb,selection,True
3112,4c1c9adecbd70236a5da8b92932e80ed10d5606830d98f9d6b9344be328377df,4d381035cf91247d924f339df2f988f7346398092d22d58d2d35bb5a00215b38,final,True
3113,cafa230957e5e33c9cb42524a756e64b541170404f01cc23447c3d51a1e1ca08,938111b3c45584c92135746617d57a5c22df6f7e837fda88926af648c0450080,train,True
3114,b2cdd6d4b3d843fd23e5e4ab859e2f05a1c16050d5994668d60f8f7d2ba35b16,47fd49ba974c88ebea55ab45f1febf35c5b96bd1560952b1ec62adca6e5729bf,selection,True
3115,3d67e20498959cc041f7180ee3ac7373050347a61ddef2292ce1e15e1e71347b,d04e16993f255382a47411f7e990f9fc1c98a0948b41fef9d27d464af92c7be9,train,True
3116,2a36a64e2bd051937c80daca548b6bc5ca768a5f464ba04ed98ef75fd3e686ac,ae4b89e8e0fb6fccf9cedc23ecb0807db08581a82b35db43bfb6b90aa2ded99a,selection,True
3117,cae11367215e337d2c8f2deceec981bb3fdf6c6f9bb3631bc14d6d02e8b125e0,05901f11efc03a6fc84417152ef91901c1a794b5e6b80e35f829acbda463aa3c,train,True
3118,e06a3fd2f0be2edb71e0bf3b32dc58893c67869802fe34e3c253a21b5a9a3f38,45b163ba3796585e6fcf5f2464104b3348ff50e2e141c1f06584ccebe9c84b7f,final,True
3119,9541b15e40a63bdba1ecfdf4b27f6a045a0f73c1a77dca5451ff26d130d0ba28,bf7ffe78649fd921e4fbe48ffa923bdf88989a148d6248b2e8859627081a5cd2,selection,True
3120,f4d612c903ca047b48899748ecdf1351b67cb4af1c53ea7b206aa60ee1451479,868ce18ff1bd44eef20d962082b767b7672c4762a8980a9a4ab51bf7bb06a502,train,True
3121,a9124e96ccdef0d5bfecfb831c6054d98eb0f4f694d98b6fe4047aeb375f3c7f,ceb523d0a305062a184decda5cb56f074034bfd6c62441cade81861b79ce06fa,train,True
3122,e4fabdc1dc1bf7c801198c309c1b51860277085d9543c5df0d99512425500188,d8bc8651670efedc2dc3eff76205280b2eb3cfbe26d122c6838d4210391d24fa,train,True
3123,2b42c25e454eabe57e09816437ec4c126378e07b272075479e35fd52adc12a1b,7f9743f7d3744cade20509104e99c06edfb0b422725b4f83a094d77eded76597,train,True
3124,241b840d8042bccbb0fde7b5092ad75e85ffa677e6ae96b5c3632dae9f95c2ac,81384af877b26c51dfe350a66801908f9ecbd5fe9d18669d444790811749bf29,train,True
3125,cd86b264469ed89f2b33116689299ef8f2691bb76667077828525e260f0abb31,8b0f2814680936a5bfcb0b40440b2d7a03ed651d9bc9147ab5ad49fc87d8ded6,selection,True
3126,3163a8b53da6dff71ad42ae425c605e70b4448189d8a4e591f71dc8ae5cc8d80,f1d9ed2d7956a4a7340a1ab12381083991388c219d37a5c1dba14a9bdc7bbf79,train,True
3127,06832ff51f1737c8e6f061f20d84f9023f3fad011021270081420b0a9919d9c6,74494a25b3051a89074cfda19486d146db61179833d44a026cdf9fb99c282076,train,True
3128,1c97e29391447a10f5e2764e07ae228f5fd3129003d0383864b6ee83ed93ec6a,f7c7a0d328a84076d892abaadb945307fadb55a7edcdfedcd15da96187f8d920,train,True
3129,01cf254973bf597c53969d36febf26d3a9a82adb20f89394b23be454eb6fbd68,fc08c3fe30934f01be01abee90ef9aa150f6f9d87b6857d9429c7321bdbc7e32,train,True
3130,2e570b14bbb2fd53f27379a09c79ce8ece4f3b905017993ba339b15b7769867e,41f4e5e53e2493b93ff4e1b0ec1bb6a251d9dec3e0d8fd143aebecadf6d475a4,train,True
3131,5451dbf502e393535d971d1c659b18fcd7237111fc6cfe3d2fcfe9a6aedab7e8,806199ef0b8c1dbca2a7d77c630aab53c13b4c576a81d585e1d4775f9b69b5a9,selection,True
3132,79fd75826b7938b8e50e55d45c9e09b3fcbb15e54fc0f2397e770277e4407bdd,a4d7905dc5c27e60de811f322a0b9366adfe102e127268adf3267c7ab8303489,final,True
3133,72b9ba75a4c0a89ba377cc228a87b7b549b393cab6402a5a5fcaae1f70f6ba8c,354960e309b6e9c0d1d2981cbb4d398858a9d482383d3aca77dc2d0769ccdbb0,train,True
3134,89db3680493101e4a03437ca60110dcd822bb3452b2755b9c18036c9b70bb98b,1ad85cfae249c4f21ec01a7ff94f0e0cc07624eb2e76b5510aac6d157186f66e,final,True
3135,3f46eb13f754533de0dd6c86be4847fc5d2788179cea3a8802b76898ee4bcea2,a2c57819d182ca69e81a7fee88f01353bdccc1f5b1d7e0f83ec9ebd6238433d0,final,True
3136,6b6df6daae78f7fcf36ad887e00847ba76bf5002e420a34b7df47868426e0431,83eb636a4e8b000f04634700d6c2750b9de015d44e9ea4c6410c63b15bef5fcc,train,True
3137,c95585b3ad619d8305b3a6ba8aa442adf4682f24d63de8f9c114f61832e7b56c,4445ffc748e0641fc5c7cab138aa4e4f74fe2e9955392a9adac662794ee0b5c4,final,True
3138,35ee63f654a1f1fb28745f69165d96540743c57b7718aed993338694c613ab1f,d96cda18d51cd41beb4c9c3e7ae6b14abafae4d8549a5138c0fb3482ec236d93,final,True
3139,94839abe3884707b370966ec84bc9601640cd2414d4e286cd4cfe1779a0f8f1a,6782606c670db896d9a4e42d356998ace64736d9fab551ad945883ba109298a3,train,True
3140,0cbe0c01c2735f5ac8365e59305ea2e9c97ff32e87c9fcbd5fce426a2dca85d3,25d106461d1fd368d9cb8cfc7a41cda4fd8f51bd7e291d35992ae6fdc3706622,train,True
3141,1f89fde531bef555fa6f8dc4f9307fa97a882497341d3e5e92825df4510a08a0,991a6d0d35b6494d6985190e5a8b4a46415b43a1d99a39b69fb94a99ba8abb92,train,True
3142,dfd2d3ad41dc154b2ad9b793df3462b3c09f9e24761599f8b0e6380616d1c451,1edcb90117cab0fb59013c53e48f6e4edad951ecb1f2834ca54c2049befc9727,final,True
3143,0077ab5f1b8d43d7021303c86d03c3c9666272fe687c37bff26a0e17fa318200,c5527d360468a31663e2bb92635bc95446c06c48768f605532333df0ee1933b2,selection,True
3144,2cb2fb7421c38b4e445346f530c664e45e1013c1168d4d730d5f757d440bcde6,febe7af0a8b531a82f2dae80042975d84f06df3eb687167793b1025907f2620c,train,True
3145,4489d80037bc8098fbe7128638abde69f3b931b825552d9e7efd733923dd0cfb,26fa697f80ee3303b673af2aaff6aa09aff43e3a24a513f2056da2c0b9e7060c,train,True
3146,afba2732c94b423fc2bc135ebf14c8b425a1f6e771905f465976dc4338bd3ef9,eb49a57e4761ace97a05058c5095b9a39f14216f40432c87ce8786e8ebbdf846,train,True
3147,a391cd276426673ac5ca293117e5d9cb11f58ee27d5fa3e01989d68793e7d86a,cab9b161176b25fd74a92937eaa2eb568c205e8f638b688bc68c78849e5cd66e,train,True
3148,ae21222b35d7f9aedf8738452fdb85786110585d4085911b597860335a35e325,1248dd843974c72acb1d0830066e1938903a70beb69588c7319d0a9bac8e4495,train,True
3149,1b08746738dd781ff43823fabbb216618a4c1782544910ae59b3e03b2ba541c1,3c10a14a70a94e39b7816d457e94a697fcb342303fd375ae6cdedf15c40079bd,final,True
3150,167fb2fd59d4d654a7512450aa9b2610e4f5b39984e339414ea1cfb1dca34052,c14bc86d4451a3236782fc571249abe7a7fb6236cfd5753028b672b8955c7e35,final,True
3151,79cafa753ab5e711b548f6a3977c999b54033bf6fffc8a5a341ec1037eb9f2dc,378fbc343deb4c608293801366965ac3b627ff7f3eecf0852be77d98720f533e,final,True
3152,2fc367953ce2a21acfc8048844c2934d170ded7173f7fb40ae6aecbabf12b0ea,24ef878486234e14663d73c7d1fdaac1e4f90edb0708b0e39537dea249024d2a,selection,True
3153,5743a2c737a862a0e11a1c7a12017da69f2a3f7146a6f5232a9cef7148711911,7fe2ed58f53f7725ce2d55a6ae52b2505fad5c372cf842489115e081e9aa1657,train,True
3154,3b18f5c0ca4ad2a987af0e86631adfbab9d1d7db494a064188cb36ef41a861cd,8ac1544b34234fddbec2befff9281f38b3a02b77f11374898a19576882ac19d3,train,True
3155,5d659e6e183741ae74c55453d1a309ad6d43c05f27b83018d5731d314257b96b,7646b7eb063700172a128674f1172d1cf6ee588d39d03b7992f77b70016952cb,train,True
3156,aebec20e57505947e47a9125dc45694efa5fb8d9ea3e6f54143e9a5de0cc6cb0,eaf0aa10898106f5dfb7397c569bde31ccb164a3225ccc7577e97361d52295c9,train,True
3157,3b2f0438139e3259ddb1d3e62bf2baf3094896bedd2fefc87994eecfdd858970,1fb97aa4891f1f6ab1bf34563d99fefd8ba19d9faa6bd9d72482198fa91128da,selection,True
3158,ed7690156cd4cd65edf9aa5cf6b351ea6335e69220cf9314b2509f08a906a274,e7168d570a1cb551c6d0f9b9d51bc589fc30fbc67932bfa6e5fbb67a68e2c3e9,train,True
3159,b04170302c05aef9a213ef03f943edd731c86e23454a0bb7b16f39f86ec8d2aa,31b7a401eb097d04c42d9ab6cac2f6e82047e0d9aca19ddbce961ade8b03e112,train,True
3160,e4166ef47d8f4f23ac5b765d1d14aa17a683736964507f7643124c3076a9ecd9,94c38fb968822e163827dda68ca2aff27c2d45c09b342a57e6ba57fafc2b8c60,train,True
3161,e1da80475671a3225fa509f93ca2a784503866070e8593ddf97bc898f285fa1f,8757a201a34299daaa70be4f5fb76c5b22b55e5d8e056a29c222684a20f2f68c,selection,True
3162,6e7e7eb75b4dcff10e34000cf6ffb5a508189b876f3cbc8a7d6acfc300fad80c,1819339c98bbd5e6d7543af65ba6d318916c1d47760251bdec7c7642eb0756f9,train,True
3163,bb68179c32723803ec0e8c5c4e7bdb408fe385ad016d39fe842981d333ebd3fb,7e239f0da707dbca3f832276f9afcf431fca4464e0017409af645dd6fd0d80ff,selection,True
3164,52835a3f36433dbeb89e669e94e913f6ce9d3d25e3f7fde7b32c7c382da3dce0,1657dc1f5a130b3ef890c4b2f8a3241847e25c5ce899ed67cf1fdcd4ecac7b17,train,True
3165,91e2c4d1fead62dce6170c3bb6055ee40a08fd968d3df38efea6fa88e066c7fa,9222862044f8f1b09e22eb3c7d9cd07938183bd8dd1445249a3ca29b4c2631e0,selection,True
3166,9687d8d10e13d7773092fcbca223b197eff62696d48a6fe6f59006a6778f2b18,6bfc42018798d27265fd2a861f8a6fe6cb4799c6f3d82383cfb3242c8ccc1fb6,train,True
3167,35d141b80637ff541e39ecec3e63c50f3702f29ac183243363ab66923a0d60dc,ab13ea0f7d98bc5a512baf11997605b7760b9c7b723bda026525deed71c70225,train,True
3168,3d0e7f91ad1537196d9a7f0b6221a5ba3730cafe1da0043f4dccbf9371ce51cc,ded8575df96285bf1a8aaed52d836d8b113f72a254f1984823bde264ed4f71aa,selection,True
3169,c892d35430e5b87ed824717aafd679abf563966eaab8592b9a5effbb25fcbbbc,d418ad472656c6b6becffd549bbf660a90aa6317ecd93805f43311e38f942fc5,final,True
3170,6d00d1f653e92ed9761123dc57acab334a642320cfe50592b5a0890281d94a83,d33bc84ba209c522c24d2cd20c2a6d0770aeacd186303635d8f9d8a32028b8d1,train,True
3171,573ab104ac99fa9084a831f2de81d5ee5c63e516c0b7c18c72fe843b44523544,d848ac71c534768569f194d40a9edc414d7b0c64abfc4e6a789c6ff5fb68b50f,selection,True
3172,ea874e4a7b12d029b40d659c9272a80d6801987def96f588da517fc633babf83,5f0f9a46f836185ce8241f7032f00f360830ea7d7ce73780c10d687268acd86f,final,True
3173,89054418357932787f8667443b42b0c0b5d044c82910b8137a1f591931fdc6c4,29d4b3dccc34b242a48a2f05f13a25adc3f454905aa2189b3a7da089673b3af2,final,True
3174,43f956b42fe25098f4c4b18855dd1d29de00be9c490f983f0bdd499e32799721,2992a7dc1b8d2ec77dae2f2de5e185cfa3bef32479056bc3d93e4172b1a069da,final,True
3175,4bbf33fc5a7fb35444f4c65a4858775f093cec16a895e5a2b721cfab05da4e4a,a38d622a3bd32006be266680d0654aa461fc0e7e0ad46779fc93ecb520013c79,train,True
3176,0fb53bd535ca50a30a6ad140b500f18e46c1cffa966a0eb945289f38b321bd15,3925f30f57609f635bae4d8ea365b728428c7bd6c5383ff31afd7d065bab58d6,train,True
3177,9c1879202d41942bcd7608fbc8d10e7a130fd16cf8ff867b6e3e3fc691504034,c87d72a06015521e3ab8dd22aedef6db4a88940716b0dbecb47eb9a1e1de4683,train,True
3178,19e06e71fe9c3539896d06df168d909f3e5cca8d08d5bed5680e566c6b8c3947,164ecbcad798c651123325174c1e04ce0a849893e3b3fcf514fddc3bae56759a,train,True
3179,7ce6f6065adcad5e8d7f74d9220d8f63f836ed0731e9fbe4298ae3d5cf451b27,d583a9a4a3e58e67487df0438f7c0e360621a219470fadbcfbbc11ce95ce1872,train,True
3180,b8b164d22d6b60463b554c971745b8f20c2fc6901a5457ee773212f90dbbc7d1,089d1a63f9a4978ef6d30cd8a2d825acdc91acf4246bdea8347d41df62fb0180,selection,True
3181,fd67f446f9c689391e578b8204e0e219c17f39785559d5b9a471c10e3cd66fdc,84c2779102e0a30789c8596b7c1edd997a625c2c2de29099f46dfc29a41dbb7f,final,True
3182,86ab2503f4f03c28c0d4450fe374983573da105ab887dbc5bb3f1ca2cec13d3a,82aa2ea737bc9e101b3115ec4dd32d0fdacbdbd94021b6b4cb85ff30ae744433,train,True
3183,193b6fa281f50f50c619b3ca9b534038e1722e741a9bc136ea15e316378d4dc8,f50fb4a99df7844e086fec959868e29fc681dffa33ebe271b5041f9e63598e66,train,True
3184,a1b10829b13847145610c21de0f185333b05fa02f713dad5d4626a15d7b2b2c1,b45a8ef7cd1d64b42be7f87ccaaa3ede11a059799f70afeb62c6f826a0c62f86,train,True
3185,b520c32ba8d05e9a50394aff0211f8586a2f9197cad97b338e69cec86163f267,276723be8d920d52f3792ce12a896fd88c48564ef39570cd076eb69f346b9403,train,True
3186,0f7ed5fc0e8355008b8f3c4e2fb56ab64b421536ebadfaa93af7ad208db6f5f2,c20bf3fdada5108ca71bb595d5e671741b6ccdc58d288c3a9ada08cc7c87a29e,selection,True
3187,a2da3e9f24bfb32ec1596893f927ce77b5ba0c0d96b82391da8690aca97e810a,8076489e55d0501c0503e06021208792b459fc22b54717f6a1bcb30e7b5adbb9,train,True
3188,137646b6e5e57a6468142976d5439fc9eb3c63e394f7ac952d5287e49a154813,5bacd3dfdcefaf04df49312af4eb477c432157d9ead81fa1e5ff30bd3089759b,train,True
3189,7197d20ddbb6aada61b6d0383d70831a2800b00cbb852e18751f5301af4373ff,d8e88c98d3f6a43317697ecb1e77805799e8237a2247b6e7991c13f723140002,final,True
