row_id,feature_group,group,split,included
0,be457921b0aa0c04d1a9e1625d6307554c6eec1e217d5ccd42b5aaf3e5091586,851d5e2b00bb34711311d01994d7851c70a604daefc71c8cff929974f0d51bc4,train,True
1,5a141dc687b6cfe9017235f75450da084e82947b9649a3f19f8cfd303c171f2a,84bd05f3babc3ccb3cff263e5b17b67920f3ad98da867caf062097e6e44bf6c4,train,False
2,f35774b7f291a30fdc33ca300c670f1abd632412963ad0d66b0d9bb28999e040,a6bb08da5a7ed04c350809f5458866ac76dc2de75a24bff982e3612d06a23523,train,False
3,0ce16ed49781e9f5383144396ee3db495ae4cb2bea3ef1c2412e7c73e81e6f21,0187824df4cd9173fc126d9cc8caa97216eff9c365b038e974aa2555bc0a1328,train,True
4,79bf8baf709e339c5b783bbd9ce9f9851b30336080410114071c5a4b178d0115,d88b23ae89c30e4f7bfc5b7c4eb2a8229f742d8fb8dd5ef6cb960df8bbaf4af2,train,True
5,84a9b0e7a95cced06b97d94d98f2dc19c5123f67ca81e64c5848551058d30a72,c5152566af7cf3af45b497be8b873160e36328996ec3d00dcd7b5d9b3037f84b,train,True
6,82a5f0282ef8affe671d17cd484c0ddc68406f7728a733d5da1c01a60a78d1d3,df12a31d99b7b7615efef845d1e97b07ced31254ebbe084308c90556895986c6,final,True
7,0c9b62cc4c8da16c74319e6cd627e08af21173ff122ff23952f726c24f69278f,23e250b1492034492c6b1c9746e99527e7aa1b9e9152fe62294c69ed9cbd2448,final,True
8,62b3844e171cead7a92d408f17285524c50ccae9a9aaccdc1925e26e79fd0685,ce2c49921df8962eba847d9c677499ae67f3db0f8939748105678dda89c12992,train,True
9,5fcf6edaf9076aa7c8a854d15b7fba85c7ad079ea1e74b53049d7aa0ccb38e50,8093b95d3c85e4751931364d6d9ab88ec414d239626609cf90207d385fe931a5,train,False
10,e4aa9651deda94b6c980af5627509a68209ec57bc5c4bb4b37d8be3b2f950bf2,2068ac09071e9f712f209f1eb6629e7ec6c18d74c1328b988f9cd710c823d3c5,selection,True
11,117d329cde6ae003c79a800227620479f4709a50f52cedea9d0e110c0419fc4e,7d0b284102b15f558f8979d72412092e2ececf0a43b046387c23d390728867e1,train,True
12,bf4ee6aafed6535356ecd01d7439bf866e3502c5b9eae60deaeac395b4d52d09,d0a2a42ade0cd92c6eec6dc1d278dc7b7e136dae947194ccc4b06c922f00abf0,train,False
13,94e86b883427a2bc7e4c0156c7e54e539320705587563731d6ca9c2178801a16,b4428de7fdb1f3dc9308f5214fa269c575bb8ab4018c870b80037499ae89cd62,train,True
14,ce30bd062cebbfb9a7ffd998d5dc53f39c7e0898e466a1f958be39f8f312a191,4b6c1d9ebc1537b69582f4cfc1335b60ecbcba54df2a49c7b3dd6bdc7d9b34fb,train,False
15,6d9145969db51f87c47460c76593281a1b84de272ca5bea1a91ed728daaff2b3,d9d53e5fdd415848fa9caac8f8417d944b324cd7ca9965fccbf23559464f1b1d,train,True
16,1698ce47c697196517631897c370de4ff6dd22881303806a7fb5b5b893f37989,1fa94b498af0b0ba2144f1380bb76eee366f4ffbcb6af1bbf959c91545c5950c,train,True
17,4dba9ef449e2bed4e227f0d7f464949f0c2d5b37dcc6e305861a7529b4a2c93e,fef15827388856653e597abc09760c437cba9dfc37b01d9bce91430987f21487,final,True
18,63b8a021a412832688a82c187b10f29338b82f23d940e7fcae854664a7ab9471,a108845b883492b377b60923c21e920e04c0767981f2a4f28467893e105824d2,final,True
19,445db3198b5037a119588005adb84ca819519cbf757b8fbcabb022f997c7d04d,22c58acf764aabfc33efff2c6fbe7c5e722eabe9992c0526211e845df25e09f3,selection,False
20,6953bc9be85449d8949d3e51878f6cc6167463982787d5bb6915c0416e7db0dc,c09de0b87a65627b74491172256afd4507e68b5d094024c9fba8185b99de530c,final,True
21,81fe4d03c3acf98cfd06672ee7dea34e8883007a70261b4912d7675191e68756,6fd4db5922379203edd110b9aae93ed3fda263836b8a6bb40150e8e6aad0d509,selection,True
22,f625a6cbf1d94eb41a09bd67556b798e94c8268e485aea9e1949fd85d8ecb787,86d484dde60bfc617ce83c7782192cff930d9a5ffcfcd38979ba8a82825d65ba,selection,False
23,a0066fe07edbda1188fbb4937aa72fe642d04438a502209c28e36c497c7f262d,839c7e07e9422b225db7636d3afbe3da0b60cb754df723f756554e0184cb2148,selection,True
24,7f7396112e67de85651bed937dc5db9c221491bd20ee3e41405536462e42d5e1,1104721e8d6426d0c51e1e8eeb8e658423045bf1416cea40391ccbb7538cbcc7,train,False
25,9463f9c7b153cea5d625b86b8cb41b195327b575e2c88cdef6d11e8a3b1b3e4d,90e890ce41a24d4f894c3efe4087530d8763116c54898c224a7155cdb4654e8c,train,False
26,55080e65b681cdafd391958bbc02605ce3f9ff840a5d7683e85a88ff4d5122ad,662836dc8978109ce1b0d964849dd4996e66f04597b88186016bef630534c3a7,train,True
27,366824291e2dff292a3d836e1a4f01858d2fe18e72585c47592109d065e3aa31,8cc87c823d09422bec2df4fdea73f81d83751040d2fb0763c1f3ef91e066ccca,train,True
28,0be0f4fc4694e4e7f51b2e7f602e3e634973a92bf476b48f0f622379c7dee2ff,a89082e689bfc2880948c027e6c721b07f4d59678f5db3982b36d1876cd7a786,train,True
29,008c2556349a77c0e206fb1e22e64791286c34a65bbf7de8b4f8d20414d22d63,06c34840f3cb8d7b17b1c5178ed6ddbe3dde960364ef7e34278c51fdbd4f0721,train,False
30,65eab3255f49e529f006c5c43d5e4ccbc0415cf086d4d65f34cb2a3d0014a182,04199d53d38fec6454f61829f115657447c3484d03da4c642a91decd6c65e6fe,train,True
31,2165ea6295a1ff17d9c92df85929d041a7885591eba036686ecb718af7a7ecda,bb3f9b8fd982c66d6a67a34b43bff9337824ab9a2b50218696eb291e278ea07e,final,True
32,5f52e9930b8c56d40030a84b463cd63709a81290e6d9fbd59e6790017065241e,582d082e62249040efcf6d82751878074bc892c3d4ccef7004c3d88f27d48514,train,True
33,6c1b0ee2039c064c8e23cf35c49408e5ba67807c52b98694ce745e45ee664d66,50f411937912831ec856b2061009fc30a272f89a33d043e168b6f8c490fc3c9d,train,False
34,7beda64ac049d001873aeed44f165db5a799da9ce6b2c07d0297a02d908a776a,29fbfeaa4d54f23ef497a57ac958f975721ec55b9b621c15a7bee9ad785f1409,train,True
35,121a7bb469fa63e6ed28cc98a8dfded44c8c3357c3dbbb25304799e82a2bfb41,e970ebbde23fc55c678e870927f02516a7e33ecf18a93abfaa0b0143553fca29,final,False
36,f50fd7d6a79838b9a624abee769ec18e06e9dcabd93c2f9978cf86ed99c6c6c7,f166e537729b0dc4b5e8738c4750bfe60d3968368c6234b461623dafd13148bc,selection,False
37,b46a0d7c86d34b1a035b4dbb92841a2b8611423ad48db93bfb14873bbc7dc9c2,78be24c1d1a845414fa1aab02403e476e98230c3ba612a437fc153651a8e4857,train,False
38,04a75f0e8a64c5ad65a4a826a6653c5a2399fa41761a08d4e344a7254aa9ac9b,294c77fca5bd6cb01c6ebf4b17b75b9463880a88ece9a78a6934ccd82791226a,selection,False
39,8a7d33c820894e69a70ce78f9dfb5d38eca5a701f2e001b7227ebad6d97e7817,3737d39b8859652cff2f06230f9465b1d4c63bbe7adf1139c99bc07aa58bf734,train,True
40,7ea94229908b9898acd4e10a4750496f4d75c76a29a8eb9bfb491b38906ea8af,0e9df468f5ca336d15e890393d20588676ecbde7be3c42238cd281369038eca3,final,False
41,254aeabfd1ec378a1b43bf4860b077c72ae625abb76925fde9411056b1d05d83,26715d51171ebbdf1f2a81720b9a8972ea56d865e37660ed340532a643e3aed9,selection,True
42,1cf2a8f12fc974e599fff405ccf3544a660427ea6b5bbd4d92267dd10c06fe4f,8cea75bc2708eb83c9fa472a67ef1b367b90f29ef42cb9e3bfbfd88f63ab37bc,selection,False
43,663998eeadc075495adb849e65910038794cff338607239490f89dd8da15651a,d6b7c0bd578638c5bba55810f7de529edff56d0d663f96c5261d5582b9fb4a84,train,True
44,a9128807bb0a0e91db0b54a863310550f9898776b5d64262b022d200cf50e65c,280b6ba5017df63af2f500a60f6034479f3da7615eaa9f8937128163daf13528,train,True
45,73865e3d6601c237ebdd01540537f22ea8a581751101e80a17ee518080e784d1,d7670cdd785969822f37c522a77c18414ac8de5a439e9c54f94b0a79d9ed3b5f,train,True
46,c21bb9103be14d03e60a3195d5bf2769b4ee9b92ebe84dc978da975cb7622e06,5a506fa0f2b872d40f5997472e879ad9b60b544537705191feaaa8ebfa264f4d,selection,True
47,a400b4723efdbdabc36a3569588d8cf0c075c4cf879768fade9a6350913bd7f7,834003142439b12b14a1ed1cfb06843b2268077b674196d0daf5bf03544d4e73,selection,False
48,41e92ed08f6b9515e4065188b76b5acd2506f7dc898f64e62407612d63ad1e86,ff60cbd4ff44c9132010a1176e1d30ac9790eea9c6e42d4338bbd7c35e4401b8,train,True
49,0890c1a5678f39eadf595d310498605e852145044386255470dce56e234f6ee2,31d5542d1c9d9fb12ff0e0b38a7aef2fa2f8e1f5f8e750d87d646dee334fbebb,train,False
50,f24461fc4621f953a6640ec201b9676ce917af93ac6878cd06861c940d92c22d,a442357beb3ddae0160f07cb261ef5b9f12afe54177dfc573e983e40e0307b0a,train,True
51,d631bd7e70b57b96b47998f303867cda958553145f3a332f38d5df84a31a84ab,1f70eddf915e5426121c4083e95f54175a7c042c83c573017d52f05e3b68386b,train,True
52,aebb7ccd032945f6154414860655b5e11c165554c70477afa4f0c5213ba99f9d,4441304edcd70e2998b969f1ccda0f231e607feed11f91fa888fc5f09082f21c,train,True
53,cef8dfa4aa7ace4e714bf7c10fe6a0b44fb4a20f53e3c1ad546604539224c48a,b16e78555f552cfe27ca4270283d0d362523fedbce6027726040ac02b0b867fc,final,True
54,749db88b8416bdc8065435785d9e1cbd5df8d0ee9510c31e08a5837658df682d,09855a3bc71c5cd3e8ec797bd365adfd402dfb15b719cd403bf4cc2f60b3f81e,train,False
55,1d0287f1bda2822112552273dff43b26b7a106a2e07e8aefd7654c06068274e1,7182e5626df4d0934c640ee3e0990cb911713456b18fc380c082de8373669b0d,train,True
56,9ba0465ab79377a20468e868f935595753e1bbd04f2011a7a3a6f009ec0cde11,d3a762e2c5f700ecc4745f2776297cae1b0061ef2a9105d1a41e6fde0103ef45,final,False
57,41017dcd37c0b7bde52517e879fbd3625f701ea4915dfe0e8648bee1dd65ee12,a15dbae9b6ebf6d1fa9add31d308c0a52b939017740df64fa1caf0ac6b58b8ea,final,True
58,e0eced8f726a722e69e2a6c68417e94dad3ab56e2273364a077640d73512adaf,e549412bf0e9d85c9ca3e232b23fecce9a04ba81caba2950a2016ef012caccc6,train,True
59,caf4fb5af45e369028c74f3cf8ca4b824b9be6fa2a6874a48e5a8ca5db68b537,0e14c0778e6712ad5bd3e28215804dd5a1951913f4313a659b4d7a1650bd6c51,train,True
60,94bc27fde0869be3c8b56ddffd2364bea0e25be6bc722d0e19f705768fcd21ff,629c9e401e293aac6d6e45616f5c21b30fd605c9ed68ee3d52a295b2cd700c8d,train,True
61,2fdaf7af77af5c36e82596cf0306dff87ff39f9c02676759225e50c0eb191892,ec3c1d97ec1b33bc255620ba50b98850b3414df01d883eed2a920dcf571e243b,final,True
62,fb5b7642c6a6fe87bf4aac38240ae3d835a84f43397a739e2d408a4a13f0c524,254cdf81695f1b97b4e75093816dcc32ac0cd97f84def91db0aa7f881f6edfaf,train,False
63,b73681ecd09a796ab6d6d5669a8c81d930ad3be5fd0a73aaa31b4050942c538e,08c5e8491fee35a591bfa768f1f41fb7e20b4e2a3626884c84d642067ebf6451,train,False
64,a1f36a5ca528235738c3cbe13192dcafec6ced5dad1a3f4b28db3ddccdbff2cd,16510e5430b399de55213a6d56bcdc534e8dcec6832b41571f64bca28b78a511,final,False
65,382250dfc0c846cc5139409ed07ba1b56b49986040993c1c0da7ae2a4cb49340,719533a3ddb6010e250383929a96cb1081fafcab314ea5bd824cac4be1ba46a8,final,True
66,cf03b367464a4e89428c01b6ce46ea2910fed417de787c73387801550840aec7,c413f2f858c3c547ea24da4c4d650e1d1d5fdcff6b4d789d72a8e962b93ebe27,selection,False
67,7dc85ce8f9319c71943165dabe162e92c6a7f10ed936aea829abc7fa97f926ef,917be5d9b407a218f83aa988c05f49b917bff80019c66b425e6f2cf998358219,train,True
68,97399bbe6d5d213a818dfb14edca98dd73dc2e92547747d51ee099b4921ccade,2d67b9dff5a15814fe430c83dd3ecf3e808d970e498b8f577f09c575a4538f39,train,True
69,b136468f0ceb147f15a9d8570c69206d987a12b84058f03ca3da98c788f88d20,2cad6b2599c1072cd2f8c5fb7e160045d44458e32d8f45f803a633407bbfa565,train,False
70,ca2a84f6adf755cfc76e8c9193f083dcd6fad71c114c4ce25625c0d6abd4716f,4f1a340f0701965ca39ed88e1b24f4fc64dcaac92c5117e3504f7c55fb82a5eb,selection,True
71,9e081f77230a754b761b8096ba52ddccada323fc2d3bc958d4bc4bff01a40c46,3109093b2f0157caa1612bf19d63a4251d2f9ba59fe763f68b658badca54fdf2,train,True
72,aaa9fa8ae5f0c0815006d9069c0de57ed16b3ae4800b84e4067ad40e099da1f7,13b4d32ea959ee930ea64e07bf1cc63af56bac91e24080c27d09d19691cff1ed,train,False
73,7e91b7fd75a539dd612d1bef7b982b9345b5b025f6faf120a0db8065450ed01a,f2af2f7015e4850458e0fa2206da09d9782ac4671c28aed2d5229fb8e242f6f5,selection,True
74,b4aad749167ab06e64e602fc2c526d467df9a2a27f00d35651595f37bf0584e8,47789d2f76d927f3b2664b395b6ba969bca721cef6aa720031008b4bf8d925ed,train,True
75,fd4257d3379710b041523f25c76ac20847987fceb1b6320490da67b7de191eb0,e52b39b66fc843e6347b0cbd7792aae86a80045df1093a95e756d8b036e7025f,train,True
76,074a8870dcd28defce260905c651f603cf1e185d55a438995e9e37fb4a0acce0,ad11c2050169409a13085e6a25d830539f2f8be09776945aea5a6c54a4c15dfe,train,True
77,ec08e5190d7757dd7219446dec50e8354203df2c9b104ff5e2c4c8a2e363e44e,4349bb2ecd2b03c28719f9341a18325035b63264ebef164ee8da76637d8a006e,train,True
78,7cc610938050645323061a0bcf05ff47051c4ae3be0294018e17c2fb93178375,eb103b48f3ad441e8e070cfdc9a6b7b1adcf7f8d19c55e827ad0d717ecbcb35f,train,True
79,c79cfbe777dea9d9fc72cf692958c18373136199573d7b0130b508370e1283c7,5aa551db4ab2e54ce543c71817c22e87dbc9774dde0fa3ffd7cee188547220ba,train,False
80,c9013ffb0bd14d9b875d8ce744b13e1d2f59b088252c8896b4679bf1c197c478,c34e5028f7feec6d29779b96981c6d4a8c9675bf9cb5defb11847cf8049d513e,selection,False
81,79ee259506c6eaf9b6ac3bfe5dd6368903ec825d1efd3c9de792e188e93731f3,c1a4975d5c98e35c2d2a980b37e2135f0f1034dabf259e32ce10520c7a58fbe8,train,True
82,c8b45adb2b780027f5dbdd2fa96c003dba4502890204e85ef540dd64ad074c64,5cc9c4ab6c9d58f2795344c2fc1fa66b25223cc83f214844ba70e9981fa90cb0,train,False
83,9a51c5be66181975c9189835f249e412a74af102d8fea56385ab2524f1c951d0,5ff03f5715cd2e3a7ad5dcc7b213a2c0345f83391c79639e99a07068a8eeb57b,final,True
84,3be92282014cf18b57345a2f64f7cd372af08146a7fc97d4cbc7ceb7029d7fbd,17230bcfde7ac89e1cbf0c20ea6fc0bee0ccaee49975e3e6257160930b75f7b9,train,True
85,00895d18559ad1c7728e3e5b85d7f77210f2c2cc95ff6eb12c19dd3cd3725497,1b20dbbb074548a7eae69a75606f3d5286c51d49ea30ab4a069ff1bf7d22722b,train,False
86,5f7e2d11e7c46c8eb5b579e02dbfc93fa99f86dfe2c27efc3e5b3070c33d9cd4,a44fca3e9f336e0bc1af6c1a4e6dc8dc4f99e1b938cb2f41bd0c9f458eb147e6,train,True
87,7ff2e56416fd994adfa564296c2c79cbcb4af74ac8d671d2913fcd476417e94f,7835d50e45823e94fe5eab94e7b695fcd9c45bf4b17fb43ea6457f3dc0a46dac,final,True
88,0ee28f6d0118cf5ddea62d14416fe29c3369d26030e15104b33ced33e9224537,0de2df6922c89c2c2a9d29d138508c08b9a5fa7f13506a776324c1c90619c663,train,True
89,152fb29cfaeaec3dd748b91ff6293954061d5920fd88442e1e993e3c56e1d852,d42d251d2260ecfa9998b9e832d44ab10aaecc4c901445dcdded84ebaee8652a,selection,False
90,651df17d2a8fdbd3f6113ed33e95da67c3e4604b100b9b4774ac0a1eebf6f633,21ef7d3dd6155d929ec7beb788a336e5f5d5779b4fc773a36926bf94b361cc62,train,False
91,dffebd3933245c703ea14d850ec60c9611689b47c87d71ef340e568584c8bf18,abd58b8f9821e3f085921089d8b71011154977901610abea3c018e6cf066e597,selection,True
92,2ea6a93a66380dec2f25cb0f14c18fee016d33cbc438ed9d7ed777562f1eca73,e51c15e75862e9cad25691a78eb3c5861cf26db930e443b84493b84b0517821f,final,False
93,e8af91eead4e06b80484ea6a171230c1e9f14221b8cf426584902f6ee5de548a,9621e657f68167e8699f525094c5aa58c90e8e1c4a61d4cc5f40a2ecd9e72463,selection,True
94,9c7719fb9484ebfdb1ae0e4f890ed5f4a39a8760a9e22047c18e828e294831d5,941514f81f16df6a1ff63417419f6d5ffb770ac4358137f4c9aa1c813cb44a1c,train,True
95,e65d1eae8a8223839f4ffe6f25c72f6c51868924f362cce88be0e457e8f58393,79af196c17436ee053855206acb99f5593e278b72ad967b10bb5fb8577a9e56f,train,True
96,daf9c12cf166abe37d1e55c7e177104a188601430e475a11fdf7f93afdd92312,6b3263d1d64b9a89ff820c864447841e19b67782b37efb98ad0bf229315f54de,selection,True
97,9be8ee6b066d546d657970d4212c3f04b37a6386bd47074df81154118fc0cfb6,e06e984de87f97786a5de7d2f689c1b8bb320a268736650579a36fb80797e3f8,train,True
98,f47dec5000579ca3e50296b5acb75de3f5e44c3a5ac1ddc4baa19a90d77d7895,f94cab9515b6a328829e08655902bae2a9a2e422f4e36cd93ae2b10c2581a8f3,train,False
99,ad9c8bbcec6e95be65184c5e03f961c51f522b383766bde960d8399f505e7f03,e6fa71bafc0ea341b21e6e8603796b4b494a83aa75c39fec462980f2551c2f79,final,True
100,d33c964ecb09a16fd06ad622c2bf314f34ddfddf2b7a7d98db04d719d5636f05,06fbdaacfd02fdeacd9c202acf755b94370778c462ac72be201a33578ae70671,train,False
101,3f4c5ee8fe164859ea8145ea9f57aeb76470adcb317b6367d371ce2e2b4ee7f7,7410723aeae8581a01372f4ea19cb0d11c9a396abee4aa7f5d94c39751767a08,train,False
102,24ed29d88f61b82b75177ffe3dffaf318a191ef053c4481038358c1a21dbfcf7,807c6f1edb452d5a0ba2bb56e98560b6183fffa1001e0dc5f4e3c3b0a8407e6b,train,False
103,ac5366300f9725809f271fb633f3f0de2caeae947318ec0dd66fe5932a4dacac,4f7a0fab0d937755f05f37af898c77c7aa21f17b9387886cdd1f19a24693b2a3,selection,False
104,5fae4667f799f60c8ceccb1ec312649e4e9d999037f8fb8a84bd21af45a2eba6,4e0e883679a2b03d6f9b4957894718516d4dd34cad6a781f73ddc2da5edd4f69,train,True
105,dc68363002401169f566f0a257b76a2ecf296f0cc2d32e227695c106c2ad5fdc,d7092e87689211adf9cc10b58ae78b85a1a5a9a40d6e0e9b726fd73aadb862e6,train,True
106,f25f42a6febb5205ad90d7ad12c337a036946226c1d643ba3181d960943c4985,11ba970e3050ecbca2ed68db0e81ed12e1bfe46ef116397a21a5b82987b1c086,train,True
107,d5064ab380c5566f71758d2c2a635a3db38f80afd1441a8ded7a33d8e5c99095,3df54885128565d477360c00e7dd647d474c4057dd441976cc9ca7e00668a632,final,False
108,f4076d429dd1b383d16f4d9f6d374f934a188796b4ad7f46141bbd252d031e8f,d93ff9666514d09b9db262dc66c7fedb9a66593a38e47bf6c47cd32a8c84de2a,final,True
109,6b86677f04218bd0508123d6a4904aa2a22516bc20c896d3a84635dba3201d59,40b008a20495cec62a08fbbe4a5d90d6a863a7d42b13353a9309b39dfb976a64,train,False
110,f42bb6346222ad07b53bfb47680c9847cac37148637a5bd009d661fe9626f5e6,efd771917a02a04feb4b7adc179700fab4d4007f013ab433108f95981a86f249,train,True
111,bdeca2f453c3aa0040f8a12984766924d5b1a9fbc020f5afcc965a571f490452,83b860cd83a52afb1efb75f5191a1d9f33e581eb48a109e327a28a4b6d05fa2d,selection,True
112,40b1c9f5812b67c8d5584d86ec6ff30427a3ff1a2518222a0c20cfa975641b36,9889e25c7d314b7d3fd3be15742a5a249c47a94a8368ad1fa94492b6a317e7cf,final,False
113,05e64310363890daab43ac765e9a5ce23cc73727907d85cf44ac43a9ebcad042,0ee824ef67f87cca4dfe605e9993a8b69a10ad14218a1a482239679e1d5f30b8,final,True
114,b516fd9c6ae904a053eb4699421e33dcd410640cadcd16c1d84e630db93e6570,8a0679daf356c8dd61930210c8fd7927c5c268dee6ded25acb09263d688a0e05,final,True
115,3b5e2cee833e3fe20268f0c2887e642de761edc690b742b0155f4267b421a089,9fca4e7d864fb75ed03deb58fe10672850f44fa58d4c6bb6dfd1ce4c2e0b2c15,train,True
116,78d3221e163e943b5912ca8214cf0014d07ee81c4a11b6da5ec58a436013a543,5630cd442bedd6f551f5dfc3ff2581211648f3d4846d9d729ba0daedc269cbfe,selection,False
117,510eebc8b39812ec5b957871ae5eb517cf2563f7bd021231a7b2cb044b4d8516,577fabe92d4d18d434e4757c9dd14264df06174456d431e4255d0874bfe86545,train,False
118,a9e4cdd233c79cac46e9290e60a9e1d2f582343ff1af458db511b0cf6263d10a,95c3583c3b7ccf30227f874a858cc2a80650b35c6859f50befa0f8f36e66b0df,train,True
119,41e41a1484d5e42e7402ea2b55cbac63121f43e55781022699c75b4dbfa6976e,4121f87ff845cb97cb530f276c0141d0eeb4e6d5cc39859e46c328b392fa9176,train,True
120,61746f5309d89e578859fea3fedf73b62b026e2ddba2331b3a91a26a118141f0,416d10b1f832f1c01d8930f7e0d885d18d666a86ef001364372856724260da9b,train,True
121,f91ad628dbf3349f3c376a94849bcadfb271e9bb2d546f8e60e81d8c4e0b9479,708835d3c03e87dd222b4159548a596e81ac0132cc2d9c719efd57e646715c02,train,False
122,1ef2b439f407a46d1976b4b25a4dc36490a7f28967077340378356dea1deb570,ff82f3d79ca4339f496c874f703fa453d39ad59cd30a582ccb3e487d6ab465cb,final,True
123,ac26ea49092ae0e08c4ee11aac1e32ace828ccb433151758587bca4f44a9cf9a,d6e5bd860914743f8b850bab337560673ed769e912b9f2e674f4c260f002f584,train,True
124,16c7cf095287aea15c36c21db48e5c7e89aea3ce181eb0f01437482ba9f8a459,749a738f2537bcff06ce966b8dbe34b9ade8b8ad163bac9de4083b998b2c18c2,train,False
125,8ead011ce5ec8dd83fbb78770cd491019734a0c22bd471e75239d229afcd73e7,2452b51fb36e337eaee8da65fdfbc0cf4534c99cd664c62e8269d0f3b4064c1a,train,False
126,8778a839f4e9ef2f57a3d211eb213d398feee4e7d282c9b6262bb4043c46e72a,74f7fe6e6cc1a811ca8cba2a82e69a60dacbd32d625f17d88aedcb39ad8dec98,train,True
127,1c65d55fb8c26e42c08088d506891ab6c3d4d9386981f9380a4c398348e17a9f,f1cbb6c235f31603fc0c474c165bef1bce2af573b40a9c3cca145cfc06310a90,final,False
128,1deab9c4b3c466a1f58734076280dbea72e0318e6f974cb231bd7ee34d989561,2fd7fe15a9d94484f6b25453e908c75d22802180eb6825f3d495eaa0cd431ce8,train,True
129,b88a34f4926b0b9454a9321ad893bf31c4f2fed00e872c66206f0c255892a237,64c32533c027c63ddc6e25b352809b2f1b5a834eee2fc9eb798291dca1250edd,train,False
130,8cf181412de76ff3197fd049aa484e19029a7a28a9c10148915b3fac18b655ea,fec3911ec20ba3ffe5248a0e24ef1a0269ed60e9831585555c176faa8f6e2f91,train,True
131,101ed971ae885af07b2a01a0d6db5e0f1f834e22a61840eee64f030cd1b8486b,fa8d091f20f63528802cb2cfe0887ea29100a8ff3abb29d3473d2cc328f5bb50,train,False
132,c6e93d42d675047c81f69b59fddba589c1451c1a6604bb1be8e71a7d46ce11a4,a95757ba77063ce1bd5e93e382ec97db2a6b591ee5ad83fd7b659c85c204730f,selection,True
133,4d36488328c83a90d0f27276a354f45ee40b64f1f4ee1a04aea2b0cdf61619c6,6b03ba7a833852e27992e28bcfa0a647c32f52ee9eb4c7da5151e056b2876bfe,train,True
134,a79d56fd50a16054675f6e5fa1ea2678ecbff696eb755ae25b0aac713ebfb165,be92c28f30882996d6e4f6587def6e9117940753c82244f86d5e3b14eac05c39,train,True
135,203f00c3839946dd18c13d4423d84567106ffaf70263c61039c27fbd99860576,cacc558acb4983d9d07966e5ff030c992c49e0d25896852ad8237bfa5fc1f162,final,True
136,cdbebcb67ec7a5e7d627a053543e742afeede369b92ab9584f6e1e9744faf763,731a20d9853f06c358a7a3a53ef6cf2a8fe4b694616c43d9dbe6db6bdf0b5f73,selection,False
137,f9067e51839120fbdb82cba951ce24ba07324fb86a193126fd2f38dcbc19080a,de326527626720792b4a5aaca2c95e40bb0a0146da1755da49ff50f3efb5ce39,train,False
138,2c25313c404e5b40eadb7243258975b230794969ea540d810f4249d2e080e6fa,381a9b905d406689f2471fffed01657226da8651c45dd01756c19fa99e84749a,train,True
139,660db6f6fa6baa7991179c14f72bff68b7e33b3096c9a97f85376129f9408b81,6969e8bda50ef58a9e7df3cbfe705ff74d6fb5038f4c30dcdc009f98e6604637,train,True
140,38af80c67436a83248d7d12964b3af7041de9f4124f2550e058494fea3daf163,b691f29c76f08fbfb9a1c1131ba376f1cfde0755d5d19e78b16dd126a50cd564,train,False
141,7e15cf82d986417ec90698a918ae06cd01664d2276f9a6f01bff4aa2b6c3f459,13f7273fadfe391d7aa9baec17df3ac44cd20b3c9f9074e40366c65f6c5bc50e,selection,True
142,f5a89847e01e39f14e9d7914c66d64503320e1b4ffe702a44dbd4d401cae47ae,673785f7c715d16b27d618068a82eb1ec789d5ff2b79bc4164cdddcb19002a33,train,True
143,34c4a037a0fef8d513f34974acd45062bf9d17d9e5ec5062cb89cbe0bc8ac405,3e9f9dc51fec50559164dac766a6d76ea06c5f2818c479327f63138a03edf4ef,final,False
144,c7e1399d04b3067ee1e978d2c36ff7e13a3939b2d35969b673df3dcc16b930cc,7c7b333716e3195c4d291e38854029057dbfbc07212e6f80bbed185214447691,train,True
145,d02d08b18d41e15b028f2da4875a6a1208ba5bf88be90a042e60fbe3450a7590,d54308e4cd90d0bf40c64cd256e01ac634ae0346866359aa63aa3b06635276fb,selection,True
146,14ae5dd926f6d870016c6fb702e8424aa650e5c1bdb6904c329c2b9fd937cb1e,e95fafd1eb680a07b559641dc90764cab984a6160b10ae93587fc0975f83bce9,final,True
147,4c9e449b025e12c2a5caf2ea9f5fd6b5422727d986a71856cfdab4e1dbc36ec4,7ce7dff24ef16ba54c80d49968e21a2402902607f5c08a6bb7fd4b7dd6d39ccc,selection,False
148,793d6a923c21d04fb490437dd5dac5c4933a07a9d01bae46f51159ebcdce714f,762fb67fcf1a441ebdd68ea0f48ff853d1fb11486a5ed8aef20ca71396f4c0c4,train,False
149,b11a596b656f025531fb9ac0ad2fb72ee1459d47089b7e623f743d963c232322,79a5766977f0ac5615df9e8b89f227a52166ce4070e7f486d3b898bfda745cdc,selection,True
150,2bad38009287a775ced5c564a6a758432a4948609c64643a2e2065fa2fc86a78,2cba20cee51ba6f29fa64c14f259b683fa7f9688f99d4317636235fe7c7a6ee4,selection,True
151,75d9cf8bcb3dcf82985ba8d7cf9e4fb9b01494b0a99559d9d9b2a72faf26bdf0,68779d2954b1fa57adc67529edc28e390730864be9bf0345ab4f527d4b5ac821,train,True
152,43bbca27d2cf5d316c6582a61585e4c81a642219b2d5fcd0e008293844dc8bbd,12a17e2cfaa4658c513f220ef73ccfa72ff315f705db86d234f72f9dda160471,train,False
153,75d7638e516dcba8a41614b33d16b0b690f77d1ceb595c95ba03ea008f05e2b6,f7092dfe35aec50e29692672aff9c253d1d1051cfc977109d5a8689b757f1467,train,True
154,39d31496c60fc9537d84a6d26849e12c1b13291e5b40c738ec82a1587b262db1,4a2d567002ffe2a18eb30847d5394d933295793424f13a61ab29477643f8e3b0,train,False
155,cf3119fd2d12110ebbb5e3158e32368f31952d5724c49a27c96d5599866ef605,f362b25f26fd84d12cf78200b154397fdd32a45a04178b5b7c4a000d2870f090,final,True
156,fcca15b305482b03c9193af8c63fb5f65eeee0e222696d9a5c2e0842a6a8a9a3,4198ca7fbea331db0ff30386ce18b8940f3e56e2d9e663007138dd7bb75f3c89,final,True
157,3cacd9df8f67e636001bbc6b642bd50026b0831debd60a6428b81a10a3bf184c,6ae5ede89b5db17d7989c208b0a1cf12419defc193d2dc3727f2607ad5f59e67,train,False
158,505e63ff399ac9fc6079bb60f7ce2a663ceeed8adab2afaaf1809375698d82e0,c64f0b515d49de67c101c6194b2709b6a049d9e01ca57f564e9722ec1325f3d5,selection,False
159,56ce575e34b5537f3b3d9c106422621cb7c7607e9d352f6247c70e99d49e061e,50d26905e8ba64003257cae1739b74a77ec66d2bb324d5998e2c2832c745f9c7,selection,True
160,d521551890b0bce60b3fe6b3c070cec227a8661da445eb1a1b9c03c3347c4c8c,9e1fb556a706c01a7de5d04a7cd0a015430c8dd3f09afeb5555d57f051a5fee8,final,True
161,83cfac83d8f9f555eef3015bca08749501d483177e865569225569b92c40b565,87864e359a39ef3612ce9031658b1891a82bf8d0028b2ee0b24f15d681c1bdb7,final,False
162,60bacb10085ed10cce1ffeecdbff1beba04438365d8caa3d9b4489ed9f0a9ad0,9a45235cc4fa28740417cb6a80f1ae032f71d1d9450958ecae0f17894d8f0666,train,True
163,a15ef0c03fe509ef7aad8715029f93b6a7aa3e08ef5b3dd16b12998aa69fd416,c013919badd606498ea7e368149ac0b7fd10629e2af43af15b4e072c2ade7f5c,final,True
164,9a50485b1fa317ccd048cb504c49777b3ef88dfb2585934caae4f229195bfded,9fdc2eb3def17e7a55483971c8193f6151c988900bce4e976d2a4e23f651c92e,train,False
165,d9b02bbfa22300dd6edcff9b8aedfcf3cc057a8ea08c2d1055abf877c0635b23,6d44ef43ec5d25c47c2a626f31187b4521ac0a62fccdf9f431854090bac44130,train,True
166,d2ef9f65a13ca9a2d6a921840c279a9d887f3ec2600c453b469a68e2afb7ae26,eefff16321c063b729ce448f249310a996828f3c5baf461b4b75b039fcf1bbf8,train,True
167,02d8c385167efc0f62c8fd255ea2bfdba1f0fc4a906763518b0c7626d1f1f2f8,80e6c245847520df3211138117bbd34564e2f16230b6195e3911c267d63bf7f7,train,True
168,0504f293cbda3b67b90452ad21c6770cbbbc05bbf7b082d19c00d925992a0667,f8ffb1bd9d1a9a54166271c91853afbc5306afd8694779adeb6065ef45dd0459,train,True
169,5aa608d4ff71cbec5f29736b117e2b007ee735786c35d0e97757c812a5b6b335,a762c5111c6bf5f9225b5e19ae13b4baf9e3cc61a0289f109344e59f94585d7f,train,False
170,47adb1cd1fb40be5b29b13c240fc1f05fd8d811c4c7c4e1ffb2e106d5f372745,577c5c0ae8700043162cf0c4b406b5825ed664f6db1c6991160807257093cbca,selection,False
171,a56c99b53125082ae9d188928d7a1f48617556aaf18406b49957e8811ae338c2,faa0ee9fd368f9bb69e61705f35b9a0abcee87ee0851ce5d7c011b32e6b34953,train,False
172,0b04d1b96e4c0851b1f2b99d1ad750f728095971cb5045e44243b72430767e3c,302a1816dda635e333435e0eab2372868cec5341230645cedb7c2bfde3a15cdf,train,True
173,456cc0371c9af4cde4dc53d3b880ca5fda28cf9564d79cd57ee183f04ba8566f,cb170bc4f286cb847a1a7baca0affa2597baa02751d054a9abf9921a9ee53a50,train,False
174,3de5e70b9ac6927aa89036bb50e7f5b06ee007457cb4e310e1e2a4f8173d224d,5c9f39491707448d4c9c40fa52829c7bb98b13fdcf73b99dbe5f5a54e93a26a1,train,True
175,78d5daf0738b2a8eeaae92cb94dac1fe89e50c1efbccfffc8fc8f33b071ba941,a0f21057c76cae540011bd226691a94b1541180fad9de126e92f4559296090ec,selection,True
176,aef00332287db651fe96248bab705dd6679e096f5c03223163610f88f9280a66,8053d47abbc1034f2db6efe27690c1950a1118a0ea61ce8b60693a0a98981057,train,True
177,295e1e9a156b851eee6ac5fd6c5664cb0a34eb62d207b77489c2a7528d9d2bbc,40b8ea5a43e13cbc94f3353b550c7b7f4aa9b465eea75546763f01c0eb0309be,selection,False
178,713fcb7b8452a76138e04eda01223f68c0fbd29764abde73af46737a52f6d3e5,6575c5eb9d1175653f24b3f0ab41ef201712d2764466287126bc4073318f5c35,train,True
179,27c3a657061e361b25a0f9077ce548a764d416bc7db424a6012fd1a4df320326,9608d81e07a0134a65aab7d700f6cfcd9e5f0ae051bb85e8fe135a711bd0dcde,train,True
180,2ed264736469c10416483364d155812ab74d1d275b241daf0367ff367e9f9a6c,df15d6512f4f0af65d0ef70bcdea5a878cfa10210d79242a93d8602be0ea62ec,selection,True
181,7c924c40ecaa6426891e85c0e58f6a6c195a5bce033bbdebdee7eeb3719f66d0,64eaf488e163e41aa815c06de05ecfdf7ec750cdd3788242d8cf297a53734857,train,True
182,f462d8e0438e9e509223e61a4b9fc42802e3823a5ce0790390de908cfb2bb26d,dc441d5222c27e02e55819c68f7db2c72116e191d872a5e7221dfa7a2f76b811,final,True
183,383b3e30e9874152959291202a7a72d188eb72be19bf7bd88dbd9c06a35117d1,87980a9be89ac49ed1916766ba6013ec6ca9665cafd7e0a33265ed7592621d57,selection,False
184,daaa14272d45ad1f4c8887436602a3c9479e28007fd0863e154cb539c1952fae,2d82aa3df85a0c5818395673a755c814dbacd831dadf8d1a47308e91aa0a6527,train,True
185,125b60df5ed7ffa925eee42b0eb00ca770381deda4a440689be269797f39bffa,45f40cda04b9e7bb1f9af0809690e284b300d42dbc0652e5653e8aef05c29cac,selection,True
186,b52277bfa79e262d812f0c829fc8fd2c76419397b42f1262c1bc81d4b69a9aae,3b76e8c8d3b406280c71d814d08447cab7ef3aeabf86944663b324ad29e353e0,selection,True
187,43d965c66600c4f3d27336187700f9e603a3e5ea80936dea857de388e558fda8,ead8321283a4056792a1b076f7274bdc5705dce34d31735ba3e660d158575998,train,True
188,526a6ff7060dbb642c13d76753548c578b6a7bfda24eb90be1c7c9ff5a17d811,38d55ae0e0d88db8ecb50aab012927c95ae1ca70a9ff9019f61531ec98bc12f5,train,True
189,f8c6e54bd070e99d206c79d4fa4cd59f60597b21a9b40b1449ce8149b94e7552,dba649934df4ad7e87805c1f89109fe0d4e549b77375a63b8f86515a9f6d093e,selection,True
190,3e0e8391db985eff8e9a23856ec063432bc231d3209b9dafba39cd064a724879,73841eed1e0881b4d5d2515a3ea94dd32bb00eca82a4db9116f4a801ec9a7b49,train,True
191,19e03a8fc2ee86c58ddf8dfcc4b64cc5380321c9f1763e2b52442d717a37e250,b8052a9b45ffbd2a5afa5f94955626f6977f8e5c11f2dbf52d2349a18aeffcaf,final,True
192,260f8c28eb9f2b679dffbf5e4c8c294952ea8200e2f385ddce53671e1b2f7364,55e404482530302607a0bd0824612c65febdfc7af48658fcb259502eb36442ac,final,True
193,01e0e837344ef043fbea02ee6acc1413b6b6eca18cc57d3c9517b3659414f0c5,dfd24ecf54ff775a271e62c7691e13408225ccc03d1ea901f12178b074d12134,final,False
194,27802b33efbbf3f3f9087025ccef34d680b05f7f85f092a9c2b28309228c8bc3,6765c0a679f4e922fd70ebf3b558736d64222e76611d57be5c46b0724e7aca15,train,True
195,03c7b472aa125a22a2861a43e0ea85fcecc639fc893fd84c53143aef6ad004e4,50b6c0c3039df6405de9765fef66725eea89ded41c66beba5db2493b834cc932,final,True
196,b88b7da303b9ba18b7418e206a9a575cf62d11e4896a3373fa6414bd3be0841b,ce582c2b4dc02cc79cb930bb44006db016e8ff6fa8fbf986693bec5df700b6e2,final,True
197,58f2e6caefbfd63f263a174bbcebaa002e894495722ad73a460aaae2665494fb,2451c9099263b228c8b9fe7bad19ecdad49c3e99e48f72577a7be57d7fc87945,train,True
198,0a7dc45711b42998836e7b2dc32f63ad392dab27414e26619d90e197900040e1,951658ae420df94f9ae5577da7734135e8758c43db3407133a1b25319b1ddcc6,final,True
199,0764f0aef245f84e76424bb7d5c9e9cb0569bff6fc499e11e1c81f04e68a4863,692a7ccdb079939df2693d131382b292ea358ed04aa2f525d8d1512f613cdd5b,train,True
200,c22965974697c41f37270a5f1a4681c012c9eb0218bca977a07ea086a43c4acd,c909a4b5c22f8351d11e5a8d6d9f0733a99d0b20ea42c33e3c37812f4a293a73,train,True
201,1082a7239dfa28edfdd580c4286a525b5bec8c472b98055d6709833e5f780a25,ab1cddce079500ac34477306a42abb4cdb65a7be69376b8204c02ef3189f2a3f,train,False
202,58a69bb82d1ab9cd3ae76fa0dc00867e81ece16b7768bf44bd05867d84474fc2,c0ed09dfac0d3e873dbbd0f9c4a5166942a44a138e54b16638e3174533ac9933,final,True
203,eb1d772956e5c8255036ce4a11b5b6bd84d93ace62ca88508face3b495e856ce,3dcdc57f235580fd8b26ffde51215356ab8153ace5b26e8b35eb7f27e141513b,final,True
204,abc9edfc619816e4bbfcb99d4094d41685f6f8c9634be05891222b91472d1801,f07292dd118b9bafc1cc95136462c277e201dd2aa30623fcc52dcd852aeda4f1,final,True
205,6b3680b229b64c8e083bd5a2f0dca9a41256614f27416b794edd0c89db2ccd34,c7e383c0e36ecf999923f5f0aea60dd5d499ddc97220f92a2dd2924c5df371cc,selection,True
206,bc04f314e976e819020e78f89347939c58c07baff9d876861f9ab0c53e12c7ee,ce3d6740e71bf1673701534b5d266cdd343e079f29d7ebf318693a2d9336adaa,train,True
207,61ba6c8fe37b3ed6f92e9ebe8f7864b2bd945fa31d2fb9d3585dc53e7ece99f9,696362036df88525f69e9678143cda46968ee9de387babc9facdaa2802801265,train,False
208,81c778a3d73b13d30ce77515a888a091049c07c31f7857927284e443377ab80a,2a27af9cad3ff2785f1877ebef69bb2e65094937e6f1054d8110b7cdbebf057c,selection,True
209,c7b5c538985066313df301412d4b6469e4d640b2415b33d779da4c78655936ee,6ce2f175b4f9e3b96bfafb2627f425a822ce6a625acd2cecc3d7097107c164ed,final,True
210,c505295539d7b503abc21d78a8102ce0d717721b5f16839fc5d99cc86a51d892,a26f00d011c2a70e398f893cce0b3b1e5d079274cf7aa9a7b5d710d7022cd0e4,train,True
211,188148b62198e8e6ed33116ff55eadb9320526058ef3acecd87484470bbffd4d,95af53397f4e671e1519fe6a791cdb6b6f5c442e0636d1df2244362b29e79beb,final,True
212,82da966d862aec1674fe35b6ffe6105ceac0636886e3b811eb95ecf4e4cc9b7e,01a30dd1899be1a63f03fe56bf22b1a89e2ca060c3b7f12119ea9b686ea6b603,train,False
213,998007bab1790c318082a9a58b098c4b4f5562f65a6963937c3cdf9f9445bed1,c399f2c3965139d07b0af3be3ee3912273d261c26b162bc1661abaef5bd38697,selection,False
214,98561fdc5ee61c92b278e6906a990218d4211a0abca78e1778cf57a94db2e8f9,1650840e365c3323a8033d6e7d45b19922f8a27c0c7c27f0f79eebb2fe8eef2f,train,True
215,4d9b6ffd137368999db4edfd481f54d65ed5bcec6048f7287041dc931e905024,efbd0b0a50a435627b31f1c810782175d3de40f142eb66b4e71018f6c2caef29,selection,True
216,30f5eae775ec4152a0fa7b436358c5083b163f7330734db4fd63f8289f8a184f,b5b3bc8eb1569ce74d0ea98db36fcfbbf40eb637aa4fb95539778cad50a21b33,selection,True
217,01a14854e1f98a112b88cbf802e914b58413860c37e3dcaaffc9ddb7dbf85834,1281fae7b26a8d32deba047eaab3d575d1c2b63d49ebfa50b492df54b2129c03,final,False
218,8d59ee765adf208018ab7544e29d80827d7b55795fdbdbb8f01c3aa9777291f8,2f5c49c976f9fea33990a83a3b1fbd4a0e961e7b5eb08dcf029e715cc7f28c27,train,False
219,aa7bbaec2b40b8d527b652c9309e84e2d7cfa3f28769a93780d9ce79138828bc,7f5eca291efbf430e55786344eadf5f8773e958ab06bd6633f2d2d258d3a1b82,train,True
220,1b039df05940fb25e806f7816aba54b5c4b62e0182c90190816c4061dc6999c7,2f9eb5328a449082cef9073214095a4fcb58cac8579333fc95e29bc703163881,train,True
221,130d43d121eafbe295624064cade21f4376f1a5e7bb7bb5684ded78964ee0d4d,673b464c7241d4267096583309f9579f741e1b46ec5abb167fc54e0e63e481b2,selection,True
222,351e2f4b91092f74e3f3254a1aca9023685236dbe236abdfbd750ec5c053c155,be2ef3ff999db0cd72abc7f369deadc7fa9a5089ac88e8068d45900f8e46f0dd,selection,False
223,edd53ebd553d5c89272fcda1f7cfdb52054921d90917dafc027b66abacd9ef88,b63617bf2a211d49a4005df3ce2605e6563c91808258697a049bb23287040bce,final,True
224,70e0ee1b1fdead735be18ab182caa8b94e4ead4f3d7ececb3c59ab30bf739398,4ca45c777606f396cfc3153fdfeaf735b18bb0c4c8110fe31fae816f195250c1,train,True
225,6a1d7b54c6bbd79bf494902e1522549063d4723d7a1649bc32005aabf19ff473,8eca0bcb83c600fb03ca713a8a5893030fa8d6794f7911edd2f8a11f3c5b95a5,selection,False
226,5508e580103267259e4222eb71d9363ae78d1d0f3da098aef3c559b2fc817b32,762607a636b67a6bb1b4867567526c3d4aa02ea70a72a9749246ac03ba3da640,train,True
227,85d06f7230af7e6dc3b11d705d9918acfefc13dd9bde99db75c134d3f552d9e5,0e2d84527a9e88b5e339efac4f1e5ec55ddb6510ee2dc4dcd6d541ccf69ba7b3,selection,True
228,0711d246627f4f316f1bd623094867511f39949afb44f579068cf5015fb63840,ef0e25f7fbddc7367105146eedfce2435ea9febe970ddb384eac72f450f9b418,train,False
229,4a4eb9d0b560d3c1d21b5820718a31e2feb010b5f783a95cdf3f88749e9cd5d5,841db0fc212a6c426f35ad34f9cdc2aa3f7b48b95c7fc696b741154982e66270,train,True
230,401a1d5a405fb59cf03cc6c98d6330e6ad7fd807ac53625b4e7f5450ff62e953,024dc2198af30b3fcd612c9699505c289ad570b7c50ebe0afdb24581b00776d3,final,True
231,727ff31da10313f4f8f8409c4b9f228e7959795e9660c3d4af07ce3c67c71f09,9aadbc0d43d939f4b8f57e49f810e76ba5511a048add12c736a3ea1726dba754,selection,True
232,962455159d5a2dcf6ee1cb469f5d49db054873758a5f504f4d4864e847d68f21,1d389d9414223dddbceb7c19f6db2d3e42908cf5d86efc26d027de5c098b018c,final,True
233,14d2509af84635ae26d90cab1c59c2e2a8c207789a0f3cce2f7539d64e8e5c87,116ba16ff130940d492e6e4c4bc055485c0a06c954a51fa92cfe9d689efc73d3,selection,True
234,ca712736cfcddef5c2d33cc4fbdf6e0358ff72cd37d5bd5affe1eec1562e2b09,37d1acae056e44aadb42610d28c765fc707686302f31414649e807f73538a919,train,True
235,826b7abd96a1a219b7b8b76d594c5f52221080aad2eda80aaa6a8d56ed59f864,3a281e317c49eaa3637e879a7aa1a571998d1b24ea8ad720e9da5a4d1c42eb4a,train,True
236,ddeef12231fa18925898cae61f674b1fce173f7b1f1b9b0a3f5de75b736a47c7,ebcfdf884183ed41bcd8245773b0d761ce1e21de2b964c1baba84c9884b40f4e,train,True
237,63e614f2862a4e465c22664c075bce0ff954e1c5e0c05a979e501311a753c5aa,d4c1da1f49584fa581c682428af6ca9f5465d64550e945b2d334f3da6e51ee40,train,False
238,b339a5f9e47b0aee6f02026cf673143180219b641e8e298d2c8bc80b67e7ae62,f1920100f98db9c099e02a219dc438d2bdbf571ad75c6d4ece05adc7a9cf3b20,train,True
239,e3d1c0a7b4cbb8a7cabeb5836719b0175c5ea7554862a44e80723dc16a2b8608,bead4f11642abd28e4a441e43c3f39168a0cc80a5ffcc813c2d27bfcb62594ec,selection,False
240,9af8ac181f79f1565275fcdbedcd74eaaf358ef22b29f343400bbc85dd489468,ae6ee7e16ee6e4013882f6a2ab5ecc5740db8ec664ce94377857c8aca76ebabf,train,True
241,29bf979ac815eb764b7ba38f6b977631aec92c976e88312815507c77987e5da4,ff1d0f8190e00a1de6613d46811b41dc25d89efe2822afc6a554c20525e2cb59,final,False
242,4fcd6d845e91223656b08e2483a313e69205d3e72975625c59657d47eca5ad1e,125d5ae1ecc6086100e06150e46295b40edd80a707b41aba3133dc4bcc251224,selection,True
243,80e0d8b6c133a9d25092f5f59d334097f1d9b668470df89af9e33f461904af34,f5c761583ef83dee7418fd2102730f870e04a2a1c0d18e5fe17b617f35b6d43d,train,True
244,bc196c586c99c01abff3f3cc93316ee39aba959f8916544e2c77018dbf9b22fa,bdb6d7b3553707cd31a9a4d66a0549b1cd80eab86ae6a8a2980a397ad7d32b00,selection,False
245,5ca9282a0656c4cd8d7f908c86b15331dae3a5744438e557791d5f5626988603,dd17a221e5e7000ec0d8bc0a3c6c1bc531e08f56e764984fcb1670ae060c5b9e,train,True
246,01419d0c014cde164e935ed5e0c442fc4c794baca790bd7f9b5f07bd5f4232b3,d409783d6ca589b65c0b9f84f4191a0f172c5678c74c53a5a1fd15351ebdf491,train,False
247,1efa371f9c89e130f264281959ba1de77dacd39751e998aa6c51c9f01b51f5d5,c372a02a1881539d08cca9af8fac8b116a732ea629ad1d1b07a8a7aa0a0eafe3,train,True
248,dbbd274d78605a18c64f1217f68bc3d31ed9c52a79ca01f11643c7b2cbee105b,47cd6744c5dbf68ca9a6a1ad0f98a0ad08d594f066a704074d2a9e6cf942ce49,train,True
249,ac24154de3b2901fb7d537b58fe1b2b8c2738fbc15a8ec6d5d17c0778be4a8db,659d79dbe04e304a22e0934424c76551ee83de17be6d694319d51c86161e4e3a,train,True
250,a1b166c692c979532104453bf87221252b6422c125b4b038a45f3f2baa62f707,24396fbbaf1cbe64d4897b14c055a4274fe4417618d2debfa5323c411e7f2767,final,True
251,cb14928ef194ed24c8986f815fe15a6e6441bbef1cfefa30e4f0a27cf9d16eb6,aeff450728ec05a6dfea75aa1b904a109b9acd2e1efa8b35c3bd29b962653fa0,train,False
252,617d1c61966a0759a5572980a98d16eb9201917667a9ece8cf1ce79211dccbff,1e94665172edddd831689be189f8c97dec3e467ee572654a5a80befb82f8f941,train,True
253,48fb0881558eaa52238d8d5642b8d689b1dad2f9d4da09395bcaaeaa45e236ea,dc534350a8614b7e2990907e506188d50424ff272930ec0da8cc6e3ab2864223,train,True
254,4698318554366ed23e580c3a408b56ab7b69ec3eec5c252f84b6f434db47667b,91d183b60205b187278582698d1367765011a63404a09349100547beb7eaa6c6,train,True
255,99bf6aba160ec09a45f5b767087a35ae67f51199c43ad02e1f6aea56a22b1087,81795f09281aa7a20970c3d5be279f05ec1a0675e4eea1b9860af88d4a2711f6,train,True
256,bb321d962cbf3442cc9d3cfca502a8e4562e789046273f92799acb7ad85f3119,74bd03f4103b8afee53712b78c8ccea547949fb1047d5443a2f99b7cbc9f1c10,train,True
257,46049d0f0b6eedca36361e8fba036283d31b960d40c8ba942e37ea8a8f6c071c,aacc0fee9ad373bd02506117d6e1a885b94bb5e4ee1c90e98368edfa251dddc9,train,True
258,21007bccbeaa181b58a37e87e69693a182e6a87269a05abd3438989773fdacc1,e0b62577eaa3354b1f3d34961728ae59fad287d3cf925448f7369996adee3996,train,False
259,76f1f8e35a372f2b59fe9dc967cb6a9f8b34942639e663276c1d2e7c4cbb8689,9cbaca1f03e3605ed0b71ec7845c7fb4b4aa1e1dbe061a23f2558767131ec6ea,train,True
260,ca344eb91a07da1e74c7fadd1224a2478276131c3f3bb5d51d5ece893eb34a0b,3c34ade962eb1c7d543dabe74c953f6e8af2a9b6618323f7bce7922f29e18e20,final,True
261,8a37c4c4d3be5226e5975f0117265c18ec9f5f1bc420fb32cf1130d137f45d42,c24ed32b76f5020db2bd3c04d194cd95e38c73713f4fe09a0e1bb628ef07ada4,selection,True
262,37f23be7acbac452680832d2dcc1ab3cd24740abd59d9be4db5c491deebcc51b,c7f8bf274f773cfbd31f9a1122bb1ccd722450e5aaa95eb5a0134b1aad899e8c,train,False
263,ca305b815a6aaf5d33cfeae09d9770d5628fc3f650ac3616e0cd85137e3ade43,a9ad669b768c76e045d2edbb4247a7396423d77a35638de4e85fe75e7acd6eea,train,False
264,997fef0b5fff1e80a1e8e7c529d0515ddf3298071ccef609a0eb01231771ca04,68d7c5c41d52aa09e156bff563e1748e6b1003bbbf76781133c58d9518c4c865,final,True
265,6b1e84f824f5226a4ad7267b15d7dd5e2e460f85d9daede8bde78ed5074727d8,7fb2c3b4b32cd5e945c2d17596eb7b7dbbca10ac96ef3453fad68da5187c8b58,train,True
266,3fc937dcde22b56c0b2dcd17c5f1ec5c348c3f1b6bf006b05dc9298309d655a2,a8185ce0754f2cc1017d0375622f94ed1e1dd2429e443c791e9c93c2f20b8966,train,True
267,16bcc3220e839cf7d6c8eb5d1a296f26550c7a4d0c9dea10eb7b0d9d1fab80c1,02695b0c64a8dbe9232bb4d227e10ebc396c12f6a08f0316908c1ab6a660f33f,train,True
268,edae15408cdbcaaed65feda9f62648f1c851c61ee8c600b03bcbaabe519f0f87,9d53ae97ef5ecf20e574db7b6f5315fd953bc3023684602f66d657000dd0041d,train,True
269,2bac5c5ae45e57c31dabbd6e465e3d608c0b92aa980e94a7b5e8e3a14e49d15f,b130ea16ba66ce5147228efdca38497752aef3dc7c8f286d1561072cf79c7316,train,True
270,b6158f6bac72b83638451d0e96672ed62d2ec0d2dcd5b5b6737fc0854b4ad1e8,adced4ffeab2d3a175490ccc10b0c93420ca60aacce2ee2dbed0fe06b17be7e0,train,True
271,11381e9d90d7bafbc061d3fccae03480e76469f0c02b1f900629b8c87d8ce600,9dc43a310cb756fe4d59bee79c7384838c05fd8b4289105053370afef1e59bb2,final,True
272,a024e0de26164215493d933caecf3c3940b7e4beba2b027c7c5d2a9c8d47820c,8d27ae8b40ea078f54dcbcc6ac9d2353b5b2e9406a222515b3b061368481a72b,train,False
273,5bae32b8f8f93f10df8ff4f4ab7ef75ec2e93dbadbf183b6ac099ffdbbd0bb3b,a9c81b068deedf066542ebb3868a6a0ce80efd8992d34a7b63076417647d1bfe,train,True
274,2fa8b52937508dc8471a26b4c4064de59c678a46f1077d6095dffad49cd86ac7,ccc0a0b5c0d3dfe6567bea4c8be1675c39b42c170460931c0c676fd11442aadf,selection,False
275,e0eb0d083e73cd233c9d723ab8cfd45acc8af443d49d9559ea34e218fcaa31ea,d50f7faa3731eb1661a35ba5aed7d18dd5578e04a8e0fba05e9759e2d0c37ed2,selection,False
276,7fc9be749302a3304db0dec7da74f193ae8736a57b7bb2f619a524b12c6ed03d,378395925abeda5cc8a5aa8a8f4d117dd4ced5050f506faa8e3ce33e2e330b73,train,True
277,8f420e5f4493c5363ede0e90ceb6d3d0de7b00ec095b4de57c0357b5f4405165,e585109932a8a7352957598e4a157eb7168dab535ba8524f08980036071a568d,final,True
278,80c4dc5d5e191dc8488ce948ed2ffb1484747760fefdf780469939635861e8c4,fb5c0719a727aba5a5e3a7f5341bc4da10ae18d4d0b7e102c508f305d51c7160,train,False
279,ea3a62fab6e540240f14b869c202bf8e7a7c1a58bfa8f231734da913aef10197,2455d8d662c905aa55b3be48e4c4c13e03a1c564344bbf043039d8f22acbeade,train,True
280,463613ba51e51330c355af82fec83adb2fd855e6306692fd4cc154333642e42d,9157fa8f86e8b4d7446b9f7302c9f3a52323d5361e5bc0eacfd9e8fd4fedf76f,train,False
281,41437c18320cf5dd6fc94a3cda789542e73ef8ce25e9028666263efe8478f2e3,8f94b065c42ad4668694059ad37511207cf31876b93a0d92b162a7f6c7df9747,train,False
282,5c87fe2bd5f6a21ae524ebad291cf3a8671270e172b72e9c262006ebb3060e77,979884ebb14457af0d2fdafe9bde4c9553ae578c7c2c1ac85fef1a02d2dd046c,train,False
283,8c34886bfea231beb8ef246c2b515b1b51c12c3af1e526a0dfaae94e07f982f0,a750274b47fd6a3b723d629b7095eb9692a9e41f676449c05b9a7a4ea3de8568,train,True
284,49ce13f8200bcf0a4b368d1c0731552ee4adb04f2408db0540e351af7d44d781,dd8df17e81b0f762a93bf80c66357e0ed03423edde7e9d9be6ee362490c122bb,train,True
285,c3e1d88feeb18d351e3511f5f689af99e8584e4980262699d4f9a383d2dedb4d,ee03a5c40eab9618889a77ffbba6e829996bb3cf17f66e52a02a1b52a5c5f98c,selection,False
286,05cd195f6e93e5eb698e8db4dbb943020724c6c553ea96c208a2aee4b97c3c7b,cb02c08b22fe75ec805e522132fe02299a7855bed9840c47baf4caeb9360bd5e,selection,True
287,e710c88b651ad02d86d4726330bc4bd6505198c0e2cc792a196b0c10ea477f36,737895ff3b025fffbed5812bd7361e2e61e54a3079820274df88fe848f75f65d,selection,False
288,99fde16cdbaafa9b7d733157e57e4888ebf1141aa68b53afe543ab25309343ff,e47b4875147e2a263a552114384a1d5b07a9ea485b511c4110fdc9b3233d2afc,final,False
289,27ae7828eb81dedd6fb032393f667b81878db190036efaaab19a00b13bfb04d2,410de03500942f4fda22ca796062c4ca396517e6f712aaf3043de6bae7d8c328,selection,True
290,2e89bc8906b58f947dd2bc2d492047a2043617707c2b6f201f0f4a0daa707f0e,ede6e0a15999f0514b82b5cb18b20762a7a0639ecc2557b7abd07210fe921de1,selection,True
291,2f59cbec6d258c74af85b33a09219d6a64dd48afd1d9bd0809c93cca44a6a25b,da91d6987020e2b2b7c1f9f87c999b73e658d3764f3c06316021ea19e616acc9,final,True
292,c06bc5a32c1daac6cc014ee2804d44025dd16434f3e27b9bac02b6dfb4acda51,e5a79aed53a807a8580c3eb7eeab4cdff7947cc94e603a363e4bdff437e552f6,final,True
293,e6bbb3e35be4aa2eac860a62225edc23e029dddadf6e453ff4d9e128db47ebca,9924f37c1e368dde6d44e7e0a4a3753f869f430d27d98584b4c1efc2a87b726b,train,True
294,a6459f46c53021a4e3943cfcbad76094407973484635c96ab441b6e2d16eecb9,5c56fa03560eace2367062a3247572b9ffcca545f6400cd1bfa54ad18aef964c,train,True
295,f8e6eb3369674dfc30693ff7d64ad9882cc6d28846faa2f9aa48f8d5d86c636d,f918349f87bc431e57956ef552173c28492dffd8714cf524e050e75f3ca28961,train,False
296,bca3859bb552c6877c2e21a220b4906b1201974e676b030fe9987b06002a85da,ab896fab0a2a8dd73d217589e5181ee014aa5e6b206a7ac15413691cd7a8f242,selection,False
297,f50c70db4dceb4b94d6c235cb82c73f86bd5eadbcfcc051c2f68946ee650814d,c3d5081a91d8d5a473c71de811968c59553dbdf3b2942a1e0970ceadc003addb,train,False
298,16e12b78d269a246995e6f0d00b17a32fb1c12aa801f93910a0394ba771f022e,113c81e3b47014468698d1835e48d50f45aa3a8b1552dc41a35e8727704a3070,train,True
299,68eb0002ffe19cea1f9249c1d2f538930dcf2c45a4d6f7dd81562d3a2754e0fa,c435210e5fa86f6022d6569df06690dd653eea30b43350d0d0970ae75ef0ce0b,train,True
300,6ae82d363ac1d69550fdd31ba31a0939a6887bebbab37b08dcd0618207048dd7,1d394348e12acd627c6a0c02b3adc2ef163829d2e8b936aff13045023aef46cd,selection,True
301,89bdcfef607d70ec1afc22463d9dc5ba13db681958f0962379d8b4c3d4a7b28e,c5d37334aa259e0adc8527156a48e73dc270737e1c2005e9651b5edf31691243,train,True
302,3e2273d21761f6c02317271c0d6732ad585cd1fec1a9062980d82a77c8da064e,0963b3fe8c92545da0c9c783f102f865caf0196d6390ddb67510782f54438361,train,True
303,707366fcfd7bd04d3ce6da60236a156282e94af2e7953a7d217e51a5742afd78,1a1a03f87452284d395509f0016a41417b814347c7e949ae3fd1405c1c58bc46,train,True
304,1ca8d3c4c73489a497e9a38b05280150921842ed11d96fff634a9c2916479442,30b1a19c3a447839aed96c5a7499f661d481487bf644e553f45482933f869960,selection,True
305,b4679351a32b4a8cdad1d2fa22a3dc2ba9c30e16aaeaf71c57b9ac4ca46c3765,2efdafea966fc40210e6316ce876350257c1d06dd4a8eceeb699b4c742df45e8,final,False
306,eca6d5253ac1bb8b8f4240ba3ed8bb504d6694e3a594609d99f0df46ac31843a,a965388e619df7b5e53b2b2902526c5e8125d5ba08caf317cb69fddd0b1c975b,final,False
307,d7fbb29f28bf41ab4ff3c84ab5b8e1d8da020054aceb877156c470df50e573cf,56d2e7c282dd75f58401ef3e8510d56a1f589cde0228adf4da3de9ec1975047f,train,True
308,f92d84f38963787bf88de06ce6ed8c60f6a859f020cc50cdf9b2f76fb6bff6c4,8501c5a5a0a99c96d8b3527ef21187f63258930ecd367fca63d8b6b3cd9a4123,train,True
309,3bbad1a7b33145ecab30d64eeca217659226c45175d7e9bc3dc1cff781b5f6fb,d1c7cb9f58371fa7b6b16f45569e4b53d167d451cf87d1f31b77dca03e1a553f,train,True
310,fe4a013b3ab4b9ab3bb2b4a72f84e41e0bd87f0a888f687fdd05aef188d22960,8d4a4992893af83db5fb5ff2bcbbbe23e279a2112829a86ed077d70254c421a0,final,False
311,06f46178b8aa8f83b553ee8db7d679979f91cfbd864de240e84324210c37e344,9118ff1bea5bf51046cb41841b5d0bc923ffb83286f98825a4d3311da983602f,train,True
312,ad466f1942993d9a869ae9db56509b0b11f4f76b086ffc82d795c9d6a162ea7b,d92ff2ac1f1be2b0730ab500d8c7b35e601be9a9381c6c17015826b48c8b98b0,train,True
313,04b6d30828ac9d8d55ab4378eb2f1bb54e380314d1d1e0209b9819579712b32a,1f7ba3031694309f574bb5b8d5c610c491ae8536bf2755fb836f16b04b4b3e0d,selection,True
314,9fa3eaf0587ed8d31e11780acbd30a21a654d6638d77c9554c4710060d93182f,cc983e1e5ca5c1302b1abbb4909e5f941855fb3ab1c241c459dbb5bb04f3b4b4,final,True
315,0ed12759f19cf5ec5ce0c709ffc3853e348ba78928a65194cb79ac6315dea4a6,c0dbc2f3fa6a0f117d4dd684910058f904cd68180620fde77977e54da8c10dd2,train,True
316,2cdee99daca1b9295684b2ae0e4f6f06504ed223f690890df97f8759ccba435b,e15a027f573fd74ab8acc2ddc3bdb6691f1eb80b60da3aeb26ded74f7666ca20,final,False
317,95f5eee9899edef8fea235450514232f265c7d206bd0769b84c5a8f4a7b55aec,1884b99bdab080f4cb71c402d1ff17e892ab9805d598b93715094812633a4442,train,False
318,2ec48f4af799abcc6f456ac3ce031a2a2ab428c7d49e94cb9c060fa4f584e863,9aaee2e3269406b2edf09b402637e5c480e73bb3958d06c624ea04bc30f5d6f0,train,False
319,5d575b3f685d6a2c5fbe0eb1c8001254743b1848acca26786d4b00cea84bf53c,e925e19c12965aed0214b5065c7e94d98829161747dd8ff245a108abab31da55,train,True
320,d1db27f00490db67369e1f185037521747cfe30ec43dafca5010a0cb7c8111f8,49bc4b91d63415a26fdd05171c12dfebb50a7e2a7476345c8736596ae86c53ab,train,False
321,755e409780e2535e1ca878bdd1af63f6db5b7568dfb831290f6cd230d74362a3,580eb73df617addfd963b98e55c3522ba739f0ef9d40dd931bda72b77c015a44,train,True
322,42f6f0a656b4dcc2965aa0dd86a26a869b0c1e44a0f92299709123f45340ba2f,44a4db0769d7db6a54e5d70a9042475297913ae64fa4eb7381c1a00b679851f6,selection,True
323,3697671386383cfdd4e4a9e169f7d19fd15f211035638834afb92c426115edb7,64a22f5cae6d4b0bfe05db6e8e962a52345fcb56bf3966c938514a407f140198,train,False
324,951d4ecb6f1711fb62dcff9876f8adcb9c6d25374cb65726b266cae438b8b779,e99a453d7ed7cbab3fd84187174e4d76d5991e66e28266a6950f9e3cf36cec2d,selection,True
325,afc2fe1f21c49dbc532aa707b7c6c343e2f348de87b8c0e8db753f417439f5ec,da9377188a1b5fea6c9bf4b50de91bf74caa76054224fc4f2e82195204327305,final,False
326,438f8f3c115d6a1261502180a52016c5c9a5d45116196cd913aeb1f58963fda4,9b6dbee21de042b4c507fa426e6eb4ecf19e64738d37585a81ae9ea943eab11d,train,True
327,4fb0a60602d81c00f1dfbd0954cc1f0fb02388f86ed8f893409f8c429b07fa5c,19c3a94ff5e54a173f101601f50614cf3e093ff1bbcd82db1092566060114df7,final,False
328,b90126410059b31ecbb87a7ed9a953d7e3f3ac834a66665fd0c9490f53d6a1a7,faf2ac910dcf72875b572ad37a5e533337c54dd8cb3a49c97cc998476895ed96,train,False
329,63edf02e52324a419c59106067d3ac4443982847ddf16fa047c6aeea62bb4ac2,8c60f88dc23e1f611c8a94d2088f6e3c8ff0febcab7f9ad8fb5e5e83a46d5309,selection,False
330,9d032aa4eb185277c020c239fa5e3ebbfa5b0d7258049f1dd8b8d97a93119b50,a31f0c8011da7e8203e710a89375930e6a2e2d3bc5ef4bfe42429ab7f5c68b12,selection,True
331,87facb9c99c29f3ea38a0793fd62a45b7b91ed716b31baae4527f4e912396b15,45d4bb893065f7d1cf46f59c5d1ba24422501863d69c298031ddfccf99498928,final,False
332,8db794cb6f56b0776857501d5fdb1643720a7674c31a594cf59414fbdfed1f1a,61734aa94880a46dccff76d950e532ccaa811925e5da823dce0f0781bff932b1,final,False
333,82e8d91b9594007136ff8dd11e121f4a24a31254d450ed72332c78367db8fa7b,eb3a3fdf9a49664a3658901dbcf476e2d21b6814d5d3c3b4a5dc3678aad66014,train,True
334,4a34c2b9c42bdabcac58fa95acdb9f5338df8d85fd37a623c31da527e0cd9eae,9b5311f4e1831f6650b61c724a96fe6dc51165ee5c75da9f39fdcc834bc35710,selection,True
335,56ca98cc51e44d5054baae215c20802366f75a4b12398b2f9bef47799efcbdb8,d179303db6d93d8894c1f34a38cd27e6685dd38998ba231022f1947bf819bf42,selection,True
336,6d48d1ba8a7674f254ec83af72571918babbdf2202e0730953b6640bf2d2ad1f,816ad411ca9d318d2d163665d02c9b62d8f1e86e1f85c0be03ce7587665603cc,train,False
337,f90580b73e74c7ebceed940d9452f81abd6429f51404536d0e7a015ed448597f,6ef62f963fa75d67c7bc16dd7c8e31bba518840955de4c0ef5a4acf288e8d2b6,final,True
338,08d50fa8ef27f1a5e8d36bfe0fea9f04c7c6104f7b672d73470b049b55ec57be,c451176c7a4deee98729a086c3bc502677d151209dfeb57cd0e361b561e6db5a,selection,True
339,28149ae312482fa02fbb1488a51545dd43ecc11bbdb2dc5c035a78877466a430,a29261224137d448f2a1d66c1da124d2dd45b282126d2c70076a66e657830201,final,True
340,7949c8d24e5519441015471e2c21588c709e1d60230b91dea27ab98e6a403ab7,47e87404f393f99d60ba6c3ee7d3d3b26310e1bf3e0e2c04454c9004384f3546,final,True
341,e9df02fa1cd257a571c4092b209ed85473162885fd79cdb2997153768a1054e9,bef98a784fdf5105d5b5bbe8445e25752fa6443a8694cc77228563b5d32eec31,final,True
342,6601ec5d221c7799abe822a51935253dc4c678c98747fa0d50c23bdfcb1aff0f,26e2bc560e98d87526a12bb7b2acf3b0d16223d87b60c41d0b8703a283d70249,train,True
343,3122216e681e4cecde1c10c27a2c74a9f46e690a30d405b36b66d43b12228e66,dae688d2aa738c67818291ab11da2944e62374577fb0a6392ca09222058ec10a,final,True
344,2da692e73fc51f82f7d8c00e593cb576833ccd0a6e6819e773da037b908bd57d,7837676ed41c5b4de83d39bfcb44cefd86c147222864f09c69edda0b16e698f2,train,True
345,7205f968e3ab08a3fd8a381bdba67467da4a67f3bd2ae178e774da221eb363e9,edcb7dab48466adddcdece711424560b700a0984121a56b090ef9ccd3a5ee449,selection,False
346,f4b07445a0265246a437e86c614dea86bf0db0d68c69df79b58d3ffc5c2cf010,2a119c7967d5586fa54f6ea68e13327625ae089875bf41d4d096ab3526f0eb82,final,False
347,c015bbcb38ef0335fdfb3424ae360e1f60c4f8fc22bd89f493bae3290213f00e,19ba01b9db154214158f3d7c7a9492c1f14e55da7b2b82554d0b6f27bbb6bc0c,final,True
348,9d7883868a339d9c7bf1a7c11f1d6d97e830ac5bd1ee61c269f22caf43a8cb03,6ef3c2fdb56f0cce0a72aa068b659b0fa85de3f460032f989dd83feec8fa223a,train,False
349,97f5fd297e4e35f1a11e5d9bb8bf38652d957d5b103dd85c70178e94985a8225,61a7e148246fb66fbb26069417945d0aec628fe920e23b7aacf23c676f72175c,train,True
350,83812f5bba04577d62b295d5eb0af518c56d702c5ec37a0ca935c3883aa2aade,b57f1910c28423b945fd69943f38c46e7ff5d5dc42a70fe81d9d81806a641afb,train,True
351,68b08b23ffb82b73617edb5359b3c9324c8e4fa415b2fc0a1cc5f4ad5f0212f8,87e120e6cd8962a2e2a0cf4f471a2147c813907a1fb95d9b1c221b3a180f8613,train,True
352,916020d50f5a7b5aee064d236f40a68e132426edf903c38a190d698b8d36d18d,60fb3d19ff9c92275920e9b1a7c07d5f782d05246a1d151ede6a9315939e8b8d,train,True
353,acb92404c773776038d6cb02ba2ac99040a9497301177c48a23a7f149b278d6c,3695e86dec75ef7e8cb6e794d4e28e93d607893e1b0fa65383213fef290665a1,train,True
354,4ed5dd68dbb5f3b40b38162e69abf3e82d3ac4956e4a8987af58adc84254687e,de2632154b5ad82bb052b647a0783963b72ace04d7d96d9ddbb3a0eb28a3842c,train,True
355,d37c8f15039917ec3b4b05d3ad32c514a104ba6e2e7e232e18b80fffaddef830,50bb51a74729c4d32a7632a02f15fb74b9ba6b51812d5b2f9352ca366e7918cf,train,True
356,f8f2acce7ddbf0f2bccef6e1d02080c64a4bd1fcf462379c0716c9cc31d86119,ac873a71ec8d76cfae4c0c867d335da414da7d4f918b9178aabf2d7573a4383c,train,False
357,3a3b7b415fceaddf7d4a4dd0b538f3266bbd6edd74b7ac78fc551f8fce575d51,1db3486e42e5ce0b263d0b36dd3ca1deb1219aceaad961c13ea0838f044675e4,final,True
358,24a26c1139ee1ef2fa572ec7d31a52e6e6cd7775135af94543d85426fc2a2f29,749512c0a7e7039d857da204ab327ace65f867154fc47c68272195be3d0fb656,train,True
359,e084972346f7af0942421ea57009b5c9900477d6e1356f48ba0ddbfaef85dcc9,b44087e7ad9163f40c9b2a453371b03072b3ad5b9f73cfb0d6e10822d08b0246,train,True
360,dbb78ec3adf2c1ff106528029d40d73460524dfda9357ef30b9cba32f1fd76d5,0642d7858dceaa5d3b49567c55d45c41a18cf6273e06de0c180272506e971710,final,True
361,9d90078cf372cd09811d9530e2390089391a4ee1dbc0ca5b864a861c84c606ec,5c787f76f7ab976d46890a54a701df15630ebcf2102776b257e1a649fa1fb994,train,True
362,6137b43ef0529f78909f7a4f83de5529ab774824169757a9e641886cb440a5b0,a63a2f5057b1bd8ef3cd816235b423aad99dfa02dc1e8056190d47d0a235f3f3,selection,False
363,ac520329e61346eae7ddc5791d747c5d6408305488642541ff81775c265962ff,ac6f2fa8b0a77ba1d57e728008e0ab6a78480fbedc9161f9710df9cec322991f,train,True
364,22da5ad33ad2753b32420040d152af9ae44d756c9b13540ddab108d100b2ffd8,27ecd0b82970aeb6916bc545921c02050f417d19216f47371ead7179959b9a76,train,True
365,989f358ed46f3f1722a864a8ddd77d84a24fddc1a0518d389e8603c6ed05afa3,33ebce4bc892fc3daf232fef7673e978f009c0d20907e73427f84a6ccb033d54,train,True
366,eeebefac7b58d12a0de0cc7445aaa77f7f0dbc9d053bfa44f2814e58eabdda83,e06e34184a8d40322fd42bf5510164c93f2d6c23a50ed3e4dc31f3ca1bfb2964,selection,False
367,45173e310e30e7508b1c518994998b8345061d76bd0d9d4fd796a56d209aee7f,58a1abd11e38b655375d853c4feabbeea27b3ae95c90c7bd21a12d7a58aa22ba,train,False
368,c5e06aff5b2a8c92b6f234306c5500473e3773b74c417b686d512334f01c919a,08079bf53a9c64d8cedec35bfbacb5e91af8ac23d9c5a4ef5b5b30c053ee1c34,train,False
369,72fb00f3b7fa186b300078b051d08e43656367cec99bdbe0c083c030555edd10,edb221ec53893a1c05fffc560be154f0bc66fc907de22e059e436ceb5096191f,train,True
370,ff419b15c32cbfbbeda98cca1cd078fa4dcf56aca2cdec66c5c757238ecd5bd7,66db180fc0050dce10e9bdba42733d14aba9741c558a5d3c28d2f784a6ee24ab,selection,True
371,2c905e7df02b72b540f4a9b4ae0e6236400e5918a522051f173b0f9b52867280,e1c364a9045d4c828acd840738e962513b80716966f1ced4c334321a4a6de77a,train,False
372,0c1b698ead169a8c95106993c2583162b73f8b3f8dde816c22781317393f71f3,5d95aa66025191a9830ceb9cd0b519f357bfeb4947e6e3ba4614eb18622e3960,final,False
373,0fd7f28a0cbe0c2a80788eb32dfb6f44e338eb0340d8c1f437fa9996e3e10e04,10f2b0ddeab5f319c6949a713a4f7e50679dbd49cc3c95b049bfc8b9360bd37d,final,True
374,6522a0e95cb4ab151eb163a475ae1c7eea8b646f69b9c058f2d2404c5907a3c3,52c625730e6c3fe40bc23d1cad1c9494f759df8b588207672d54e22e83754ea1,selection,True
375,abda600849661559e89da21de1bafb89cb50965e5ed52e340996532b6d0bda66,23fca2ff62fee5529b33e23f524237e04d01167213e0ac530d883f3162aaad1a,train,True
376,9e6661c50ab10ae61a46a4e0e42e1a4ee3d9e805f4bccaa30ddebdd9831cb5eb,7a4eea3e51e06198a029fd57c2732f8448aec3518f3f0468229302f100ad9b38,selection,False
377,0af4bd9bb1c52136c77e6658666245b52d9abf18a60ee40a3043343ee10fc90d,fa5afaee401a6ef7a85896c3ee00a9b99c974c2c92880b62c063bb1b42f68d16,selection,True
378,baef24bcfb28d56739dd5c9dc27c7a5dfcf88e270e07a83739a470694992e4e1,211042c40a843f5c406b08cfbf4d3e4f51caac20656a0259fa2f965b16ab6b78,selection,False
379,cf13caf74e916f48a264d5ebaad09e79b916e78cb930b117d20b7ce08411c8a5,fb2990a94c8555a3c9f7df3a38f48e4fa3fe369639f602770732f374e598b023,train,True
380,44755109f0a15aa22dc750975e56960a953a14604406116db8c76e423d37cff1,c03463d3d79f28cf9933e2f8c0b2e5325e38e65cb4ae2e3cc07a76172feb161a,train,True
381,76d951118ad6d9dd340159baf591e26bd36002a1c4e2a8161faff1904622d055,13a443b6dca05f284e3f0c48396ac960cc0e514e1b4323991f872b3166d4d21e,final,True
382,727e8e9638ee3dd48e4edd28097f3c50ac4d2822cdf34f9c10eb0ea264606a9e,bf1806f857520d959a410eaf0b3c4fac6e4d171363fab152a482862343f29443,selection,True
383,474dddc753cdbf1a46eb07112c635318519d12500581ccc53b1b7f698b978658,a06cc659d6399ce7833bd952a137a04e3d36dc51f22063cf042b9a18ad6996ee,train,True
384,503e5fd335828128873c0f27492a88baa7805b8440513b1afcede4b7b9552db8,b7899bfcdd6f5b5acb8fa4be02d13544ef4d97a490e4ca2eabf754279e61c77f,final,False
385,f56ce80d3565ad7bcc1f79e3362a74cda15af35f445140fc9dd47e84a231dd82,177a5205a1a434a64330c6a7a01ba30998b54025bbabcfcd9d7fbfd70077c86b,train,True
386,ce42b47f02cc19e785effb1674fcc19e959580246e8fb5f3e4f2bf6107760d1f,2fa77e6b59fb100d0b862c9779336604d03fd12636ed2f64e44e205a7f8e2c95,train,False
387,01a4d4a42074bfbf9d804c4ec9017b4a3d7978cc7446a37533a2ccee0e7cf4af,5ad24467ec47167fef72d078f76a41d7249452c1b11628ba7bb1b38b9ce199c1,train,True
388,76a0319529ec2b846ef8d9eed0dadb0d51b3d67a88b2b617ed40916017dad02e,653a19060ef671c3839e30873ccebd7acd6493d9c3ecb65a2d3e05efe81024d5,selection,True
389,d778f139bd8b9305c135279001c3d306973288ee9ff154349c8dbfcd30028c8c,7da7a5277884f598e6d2c238679969d890783b05c56090a66acb9db873432bbc,selection,False
390,c5788c699be1d8a9a3839adbc9304b165fd311b1938b16c9ccb9e47537f6ee82,e24b525a9846e0eeffe88b62efbafaaa7d0fb04aa7cd1e3b79dc6963323c5c8e,selection,True
391,301d511b8e4e3343453f03ca045e7bddd2dbdfbccdfc8e2c05cd9f699eec33c1,e27e4062afd66875b7141b9194ef40c9504fa3552af7117e122ff720ed1ed017,selection,True
392,f4eb12701d778b8aaf780a9895865eb76a3eeb3e5a95a89bd8c37380dfbb55af,7e765c5eb623bac6045ae46fd2a5c7aa50ed0c28b2b05f9870faf910c721b286,selection,True
393,0dc18463ec7e8d7f1b5beb716d51fa7c133bf4eb7f49f9605bb1aca901576e0b,026e34a3498018ea1c76cb32d4150b59a143d882febded8d304d902c4e63fa2c,train,True
394,f4a5d7dc05a327e70712d2b68f934437d442c32c873f353f311a399ce1e5da7c,471996cdcb3746b9908642dc4ad9060004edc8c129ff5e78b5d324990e4c5238,selection,False
395,89959d6001e7d7ddf46e84efb217b28eb5cd642d505623c23e942a8ba326b909,98cc9b4d9d59516d3a815d46bb85b5003c487fc055d9594946acdf34616ea1bd,train,False
396,98191ae9c9a9e9893bb27c18a2f9f811a1b759bb0fcb296e32758ae259ff8657,30e1914c77be0cde93ae27fe66840f7868344b4d4a030a0b565e569ebee388bb,train,False
397,d0b7cd672ae9ae8d77cdeb24a630476b84674e10c05eb9f85dac317fc4ea36fe,e94a2eba9a2f8f004e5d633c6c623320d801e37fb38b5bcb2dd5e07b71e5e8c1,final,True
398,753038414e290f4abeba1ebebf34198a3f5802cbe27dab5e430736cf3fcf4109,a43d2c6fe5a68c34bd2cd34bc9c34b1890ed8a8cf3d2db04fda459104f25c2f1,train,True
399,e6da99c7e6b10201ad9b24dc76d4e74fd8c726d182fcf89224b79f5d4e8deaa7,2ec560571deb321ea7ea1cd819237585b80ae4553426dc0f50a6ce6a151af630,selection,True
400,42b009f9aaa24c2d44938def808402cb2e9e8e61f5a0464b3ebf0f824cbb2442,39669e3335b2999e6dae6c2cad07fca69bda9cc9272e7ff1e839e0a3d8711557,train,True
401,96ee1085dccec338c7913364a200dff04c6491fa1dfa0da56126a3315441ac53,e7132bc7cc7684b63eb10814cc316d7b1a1a7a7267c38769aa24a2103c25ba2f,train,True
402,e31c8f87b9afdb1ded19e3d2a8eb980698fb8ee837818cd11772319dec9f90aa,dd0f2c4d1d624ea87280516cf13480d15e9dfaa7da84803dfc599ca56f2514ac,selection,True
403,6a26df9be197bef3d1bed7e7c334890f378257b92f01409d457cd14d513b23a7,92209fd6511e1bb8aa69d107a3833f9d1f35d3b24bc614b9176d0677307c95a7,selection,True
404,9338d4286a6b0308c166d7100c67a0544e04d93f58de944a29a41d32eccf746e,3c10a96b3f6305e71764db4c52b3d2a763257a6ea37ac02189469b8f4f00176d,selection,False
405,8e20b0ae4071f936f7e11a049d484b3feecee750d575bce9bea11b6f8d06927a,ac135a4a7cc2f79ab2abdd94ffa27d8429b32d1b6c226fd70033b89fe0638d3e,train,True
406,266b58c67c15030bbc7ac0dd56e2693a47f9d895966805bad5016d6b5d8e79bb,27c39caf9b1a80f9881a216215ad4ed2d6e131748b50926ef3caa23ffd2f119b,train,False
407,21611e70c7f8b409da7940c5f580033688a4ca77118dfc70d3b20c544183fea4,b2ceb3f912da2b007a241d72f211bda6ec7048420ca2538a56dcca82a500f554,train,False
408,1cd97063bf34f449eb927d98db89115c997e734513ca86d91f37feebbc27cc14,9ca58da924bfcea52686113eb3b06f1f7f742434eda6017ab1621fd16ebb5123,final,False
409,0a22ee7614e3e86ae8b00ae6bc0a35c83ca1b432c9a68da8205fa70ae54c3c3b,05a56dfba85bddcb5f8ec6b16c0c444d76dd3fbf702b3373ea4456f08396b934,train,False
410,ac823693a5a4d0aee135028c96536e61afe0a91c7496b4b17e8e24736e93ac0d,7f9f026fcad5631090a2e4635861c9b8614bb76cd238e3fb7ca1d8fef92ff335,train,True
411,5ed810c704ecc1221e5c9e0ebd149ca96e9f919eeeb3e1a0899ead3bbfb4b44e,dfebf98a5d655344311767711c43c196a43f552e1f1cfcc0761737550441432c,train,True
412,8c753a6b6a71b4e38b625b177271212bbf695222f873695d6b9a0a2a555e919d,16c39e38444e2de45167d85f06fda0d5ec0ad6d5e0ea261cabb586a3b6c60589,train,True
413,3ec91e0a744caf9fa3900332c053130e97d92b7d2bd90556b046da14627de94c,6ee736618d4d56f529e94ec0945c34c67b7f6ab8d9c562edd783e56559551d57,train,True
414,57cf71e77266c455c983863ef850af6653d476252cc43091b7ad29740457edda,06c2400c316bf7d77e4aaac95532b01912d86cf986f2cff1eea44bc6e30f181d,train,False
415,4619a70d491d1223371093dc8c71ceb44bae15c6698bab5323416654ce9bb741,c042f293b161e214f345c2c0d88aca5bd04ce3cb46fc31e6e82cb765519c49a8,final,False
416,260072742ef4a5b2c51bc3829d464b8f4c05b67b35ad3987d8be58a24292d1fd,bf0ece262ae2bf06fab9ea00312089a6aebff521d704367f129a51129dffa1c1,final,False
417,4a6e65e88154363ac2fbe9db9d4aaa35d4ed66f3430adc99660d1b7494d27e7c,3d4e2fd1af966166af027efa2b95a5aadf50e98680d2ce9d35442e680b4c030e,final,True
418,d8c5922a88525a829db7b563a87c81b216c0c589c7b12cee858a75cb4026f906,87356d498de6cf0ede4e91fbbb75ef90c46d75bb4c1a842ea92354d07d97a3b2,final,True
419,b8567d229bf891946d3bddb27c568077e03fa1b799e2c0611c77e18823e9237d,27a5b410130a58815933bfaef1a5015dda2971cd401d0de596e27e4f2f5e3cbe,selection,True
420,6219ecf0a4daedeee05fa3c904b5767988f50c3c98d9d8d65b0812532fd24073,25921f5d61fac8089a94511384a51df50599c35c1a244fdb40a9438c25020093,train,True
421,33000b3333300ffa0bd39a0175c88417418b62ed7acf101a955077a751fc7256,fe9326deaadc2a4dbaf5892f52343ec02b265d23594c5135654f81e3f936d977,train,True
422,423e2b1220d87ee0397a9491053726f14900336bc993086a7d9cbde4e03e3908,70b575ba26bd5b88cfd9518867637a7806372451727352229d282eb28718e26d,selection,False
423,f2e0cd1122d4ce81b88b3cde7e54b9fd39c02ab7ab949730c194772de5ee8fb3,722faf7b18318639e606753c2d34234b6cf049253e0e3e7430166e154c0f3bd2,train,False
424,ba2730a523eb06a77cb2054ee375834add8ec6627945cb42971ebd6edbbdfb6e,a8dd07315a8a3bda892ee840b2e58ccfe872fe07c4112f5a65813677e0d447ee,train,False
425,4645489378ca625f39f6d062c75159ca8e00f50ba68f22bb036237ffe53a4565,075314663a8aa6a8cb69bd4be5e9e97918693998aee9d0995fb6a866d3bb3241,train,False
426,e0fe7a42465e7d9fd6dbd5f07a8251fb790fe2cb2ce3ef59bfc5908acf338752,dda3b231885dbca9f6c4a253d73be266d19a1e43f96196f326ab0dbe597ebd1d,train,True
427,a7ea88e7fc95190840df41a19402bd655948a3c728382982cbc9a41d6f211333,735005d8b7717c06e9164fce1e7072d982f60960f7244daa69c752442ee47fee,selection,True
428,abf17986727f48242d0d5ebb3695f6e298154ce9e6ce57c3847c37fe3f7daca3,38608de0b601dda5bae5eae7513ee232b9faf3d5725af88459f832238927a849,train,True
429,8ba046d788bd5091f3907a4eb507d99cda86c2ddd6cca7f65378d25ed354a2d1,c83ee31c092ed60fe9823795aa6b6f2d052ab5e43b86c8a6eca765e4ef37f264,train,True
430,8c66c99713aef6f219d67b56e6c79ec58a510dd2f245b8b313db75eca8ad9eb3,41968a907abf3ad4ff95859c33fe6319d584de28570e978bbc3ffd1f0d702057,train,False
431,6aee9d2fd444d13b0aa861966b386e13791e3c04d426f0b8e1cd9f06a6454a38,7a1b844256a5c38ca393aaee802c0fbda5c7baff45ad028e1d04d69cc049077a,train,False
432,4beb42c7332a9f5448bb069a696ec657e518f8e1048834c424538987e547f6b5,19b0b2c604b749a7f61d7294687b110af5285bd28109a89ca7603d4bcef5f50e,train,True
433,b0317abbbe3273ca49e48ecf927a563b0d9b05a85177a30027964a6b4fbd5f9c,ee1495ba9487712e1abf74093279a145ca25502c3f8f0d8f12a29ce399747352,train,True
434,299969e5e3102c41062ba10b5f1e0367c9832a524637a27ac7648e76def262f6,4ab6b0fd5a3ef82f94302cefc1c2dfa4b3e5d11b369013305a6c7e0227ce8375,selection,True
435,27598721906f269f1b62d185a3e5697a454bec9986506e75b249acd0773a5c14,4e8407fef69a85cf161eea2a1c2e5531675890c4af9638688e792ef8ad15619b,final,False
436,bf4860ec9a29a6527089d90150b45bd0b965972e8d2310a805c563d2ae5eec19,91d5b833275b5c883568a71fbb348d6d1b709504fd3e78a68924df792608dd26,selection,True
437,d4dbaf6bd81cdad72545e8b212f38a3205ccebc18bfe33099574ede75ff6e975,21a814cefec8d51dd6bce781d99634237311c6f68a19d7f3bcb8bdafb0b5f668,final,True
438,2cdb5148f7a9b2caf4ba0101aa672937df6fd766df339efc9bb935fa590b9541,0ee159171ee8adce38108fa60d95767fe21754975a45ef879fed807a08008e3c,train,False
439,5df7391e960c0689c09a64a2b8a640f41823a0eaf533ef296bb38bb8dd1471bd,047d539c5792a13016bf9e3ab04f8f894d353b4b7f95892278f985c5358616ce,train,True
440,33f04307b5c3bf92d4cb117c18cdd09e14e71d71e39c2f37d9aaf2476d3e0137,216191eeba5cb10aceba50ae9748c8073e6d48813730d25d6098072671175212,train,True
441,bdb77e823200a999d204468e293a1df3983494e62bff1b36c3384d7910c5efe9,128bc9b54fb553af44c7ad8ab787d2a5e90161388fc1dfec36dcce085ce984ad,train,True
442,ed57468630a99c827364031f7dfe7b3b5335fd5ba2bf58290e6685402febfc45,6ec1a01bd0a4eb933fa6436a4b826f42cacfbade92a4f9ac715e3f3fccb758d8,selection,False
443,7122a9164e05be1b509e6a8be1a923e427a99455f236e7c9482b19b7179b103f,7b767a2bb59c76d8427fea07fcb23794f9bbb76f705e3b004fe5e998d57ea4b7,final,False
444,2e9ad968948e1f0f4f23cc063236ba68b1cb55efbe0c242f8a5934f656b1c37f,403a0beb4e3ccf81928abc5b6bad6b260c1e7f1ade1d55c0849da7c7b14ce75e,selection,True
445,1a43d6b467dc532bba92483c9f48ce3a46f604f456d27fbe3c627fc146df8abe,f9a5cadd53ef30b7dfa9390067fcf82082fa9de2acdaa8436e767cc6a966a0c1,selection,True
446,758d6f1b9f4ad9ab58872acf253e07bc23da7afe82508972b3ee6207cc3454c5,00424308335f31273bccb6eddddde8b5a80b896951f15b323cf7ec84c05c9277,final,False
447,863216d2d40cf13a67341e99f667b5b643d2aca71cedee387400493a8e76d4d1,edbc6c82c279a1cd174b0ac7ea2aa676b7d8c8abddeb785e57e10039951bdd52,train,True
448,2d5037eb53d086fe19bc66170471e399701213654d3263bad4e05a03141a3034,114ebe95a72843a21ca1b0a475f77e9f5c71f78fce5adb325a7ece2662bac54c,train,True
449,746cbe78dfe8bc17a760f7b331f9643902ee6dbcff56b874a4cf9bb364883bfd,aba5e97e7540a7d7f1f4f381184a9c506f3dca6ad95b901c69792f3673f2cb40,train,True
450,9e4053339ee7da28720b519c0a156e653f3ff5f2e5ce863b570a03541189ba89,8f69f5a2e1dec42f76633f8c9d38aeb5fa7053e627338ca0fc4c9b870c680966,final,True
451,63de48d55c62faaa83cfca93cc8cdb737031655f057e2800ab7d511243a55a61,338eabdaafa4a8699f21bc28525e98269e4d274131c7d16f6fa1ee46a01050ad,train,True
452,3c561d527202942e9bc0faea69f105ea50960f0a29b3fde3f3b323b04fddc0e9,8133024c91391aa189b285adae9fd2db85ecbb36415259e1410e3ddd60d890c5,selection,True
453,6efb27cfc3551963f7c6b12ac59e94ab10b513c0581b144c1ede6ddd725168b3,2103a506d17d38c2bfa719cfcb791f371542a0c8e6bb6ea606f3de3638845cd1,train,True
454,f6f9d8061178f12446eb0cc797198e2fbcd8c8311358a9a253b6fde2ccd04c4d,f0a86c8ba3af7b13fbe94236deb4c4adee5ee68c2964ad11b7d791a5bdcc3bee,final,True
455,70c2a545f8f1d937f4a1c2605171a7d61856a7769b3ba11f1ff91ad9845528a2,bcb397f1ac8f74d8d712eb7130dda225355e28dc57794f7632ae8512b29f4bae,train,True
456,fcb024ad60a516706865e14076048cbfe1d100e3b0885b59ac873b9f2fd15cd9,80ebb6fbeddb38c6a0f3486608ac19af16c786cfd1b4a4f3d8a85d5408584d01,train,True
457,6fb90ac5ac35fdbbe984096a2a825d01f8d1005edbfe967565d46eed90e5c05f,40cb704e8d35a3106f2a9fc0b53e2730d2646ec236ed577721e8c2b88ee92262,train,True
458,aecc814f644d50f1274161b3686849a8a409fdfa2d7d7aae38a2e145b91a6167,e15e171fa0917241b874eddbe246387dff1f7a99b1eaa4a8b748795964676099,train,True
459,164cfff19014edbe574e8983a1585e409316f317267d9bdce246bab4773c47d5,734ef071ce7fa318cda61d3a85cdf17ef86013dd64d2ee6f46644d6337d47e61,final,True
460,2ebc0902c6772b4aa849f1f8ef2702a2caaa7d9b60b50444382ca8db2174b46e,bea1054e5f0d5af6273657555ee4134763f6776740decc9eb9a0adbfa843b64e,train,False
461,f5f993ebf45c52fe2d0cf94c456dd91cb2155067875c032a3d01855b83c6b3ab,e6afec61bf53873eb5ee25a35cfceff9f586ef0f7fdde78c79554a3bcd662cbe,train,False
462,10e650ec6c807fe36ced33f114850e1f24a3c480dad1c6fc9cc324c8ecef64d2,e00c3621563685f22eeac4cc298cf3b258bc5501470d40c10a70cefb82dee9fc,train,False
463,db115e4de017a941d19cb6dfdbd221ba19b2fa3a02c9abce2fc0c10a51089d1e,6ef3479110f3ab94489f3e4bbc899abfc3aba62307eb97b73b031f9ee1e4356a,train,False
464,d38e6c536f81bc52d5c798409a6cabdb4a800d6dc1386cc819867af8d5107469,c7e4bc6d5db48c8a6aad2328af52ee4175f197b70a6b6aa1f9e0d237b6c7d767,train,True
465,2692ab3c840e810cacb7bc0de522b9d95d3b47f2421851027543567892a4cbe0,bd2363d6f92a1641c8220b8f31692358360ccf7e59c278a8ee7f1ad4230aa3b5,train,False
466,072babe0857f33d08933c00aeb04798a4fd0b212c3c270fa1e7dda0b039907fc,a1dd5db4c63004ef89f9a01b6419f1c9b35ba2f157a53e623c414954742fb8d6,selection,False
467,8880644dc041da283d39f6b4f5e8cf5fadde1d963357ff2320192b42346eef61,5da5fa59e2adc78c2e16fb918723dda4fb1b2919d18fcf8c9d1676c57ec62ab4,train,True
468,a6ce90f48d795187467e30dbf94ca408e0524d098c43ab600269a5d59a5d0def,e79b2bd7d118f53a160c32e4ae5c6888237918113433118ec2fe23fcb9bcd14d,train,False
469,7d1af6a45934f588c85212425938b5869e1e7c47bfad2733a4f28b44b98ac0fd,e0e35b28b4f98736c620d7d01cfde194f71c08e1d8ab8448e3338f9cfb6efa33,train,False
470,5cddf1669aa3e686eea24b18ba7709c8504b22ca2e36607bbea4dd5e0ccdc972,b1196db92ca91879b817e8d403d5d301a04b093d21ebee376b98df40771a7679,train,True
471,0148340e7d1794e9f9537dd28c126a56a1f6656e4a2aed1c6f7d5835797ebfdf,25e38858b4c7f58c332383330d0f9b873af45e3e34e5bda2ab634f3fe7de85c5,train,True
472,2179aab3f90497487c5a9dfa87eb4dbcb6e1ea2e3da7e603f0b98b1aa08676be,8f7b2db62afab5b38b3e821500fa6765e6ab6e3dc6572b42da18e82bcc341e8b,selection,False
473,e2eedfa3a419d0f20cd26fb26139e318d5919dfe497279289467ef192ed865ce,9a0d3eb31f1229a60b8bb1381daae76f3e96566903ea013561c9dfae4145b157,selection,False
474,1e4d1b7a7594a0784516aafe30d36e26e3ae73bbbcb9cee54fa67ef8686ceaaf,5adc9448ea176481e9c1f8836080e1b16029a3a609b533a420de0ad39d84a6f0,train,False
475,2f571a53c369a22a23034ac75663c51a488355f0ddbad1d3a141464f08893dab,93c69855ddcfefd6416382b20ca661eb6c42ea972cf26703e40ac664bbfbcbb0,train,True
476,3b4bef0119cd34cfa227726698f5effcf2992eda5354b5a897a7149a16735f83,c817a3db360bc2128b1e2f20a0b7c015f9596e8b2b980041897de394dc7a9393,train,False
477,ffc24f2906107f74758dc45597c473e270292941f85b877b55b01aa9e2d7e07b,2cc9fc2c2461dd27f536f747ef174dff07e5e6757b0ca4a9e87de6056d15ff2f,selection,True
478,2393b5dcb6716496b254f4a7df442460c4807f28e15652755dc9bb378355a8eb,31ecde8ee85e565f1503956a49b99641a8f837a49e703d27327e2f294a8d8c29,train,True
479,ef8437e60448cfff8721f7ae82013758f94dee2e3ea5e0a0d82fd7d4f1c5b962,dd743451580f1c6e5a2ddc93896dced65f436294cf3014d0bea296cd901cc5d3,train,True
480,3ac40d353c9489525f1cc72ccb3615854068275c6cf955cd9a7449a488744604,301c7c3f88044c903456738bd2fc57764f7ea63aaf086985928eb8905b56154a,selection,True
481,9b7b4aa1175871139fbb3d2b915976230b6942cfc078c08c62c40d5b849ffc00,883e91e9645b334cfd921509571b847ef35c5d16b25b2bc84605be82d3ec28cc,train,True
482,f13ab66054b4472228e408d2e0023fb8d45c769ae6fff9924e383254be543ed4,e16e9b5300e6b5f733507fa20f36bb7a3d574fe0a9faaf317ff16c192e6fab57,final,False
483,c2e98d21e68f3990884efcb8a9426d1e6def5f46e20dc916b4c4d586838001af,8420c349d124499fde289805da83a57737e5ff7fd2e5f1d1ab72b572557ef004,train,False
484,593d77649b422f57341d9fe0ac94a1b82596c78c687cda4c74843ea4901bfc65,43652e2a469cb350cde4593e467028b33b8417257b0f77a01402c76a8b22f2da,train,False
485,b110693b47e78c613148e6734d0a955fe5afe29bf84b33ea48d4ffacbf470ea3,e684176e2d2771fd36df52fbd4faa4b79751983344df058a317ca06454cf4b8d,train,True
486,9d5424ce84fac4f5b0a9d06d7e545b5a44bb08d7a32e5f2748262dd00bcf4ee0,e7f55887467cfaddc6626de57e3d6f701bae2a59122a9d9e72efc53522cce3d6,final,True
487,097df7d44c6aacc1029771a17323bbc7364d23c2a709bc0c1be2c29647dc443a,e6ac4dae1aeeb5ce909f266130a77a4bbb984dd045071f3c8871f1d652cec255,selection,True
488,35ecf74fdd9e136da012469ab9afca0d634316f889fdee3ff37c00f1995a83b9,ef11842256845cea0c31723adaa33196ecfef9571d41f4d9937c32f3faa2abc5,train,False
489,db1299fba16b93f72a87128a6b3d2dd4503b1567efa2d7a9338b96277762bec1,80c235b7173c366213dcca9db6e9ac98f29d524ba4d17ecee980a77d1cf21d04,train,False
490,bf6394ad396b6b1f27688ba9d65b98a07aa7cb0313e4c391ad2bab7f35679019,577e473d6a026321a161308c5a934e975622a0afec5deceea28836f53951bf2b,final,True
491,c3bad4c3b194c9cd90e94b43e39f12d85748e69843b7feb0cc3fc4ebaae56bd8,fbd64832a18184707f3a33c2c2389d28fdd36b321072437c6854f00ddc492a60,train,True
492,69de5b7b7ee3308b7fb2eebef46398da59ed94b7400dd3196bc96c6fb95be218,8f04e94333dfb126f127b8d3025c1fd30e3d03c6c56e8bb4c3ef86cdb60e36cb,train,False
493,f9b09e5f8244bdb54728021fbd4fa3d849b213ed060cf863a4a97c69e6dbf168,17ca7b1fe00fe4615062a08a6dbb5d3800628920432643eea7a7b5e46c06de97,final,True
494,bcfd8428d434ff48d4068dfd4a79a758a8cf62e4d9e08d740e25b7c1b4e92270,ebe2549871872721a3151ded0b1f821bb74fad728b20adac4a2d6ad1495f9c56,train,True
495,5bf0b5cc6e540b7cb1ffdac602924ca692e43966f1f1462a5f636f68a35bdd10,544905c854c3e1da658d3f441850e623916a2440944254c48fa48c009257df2b,train,True
496,8f7372f977818ec9738a47b252ab45e3f75767f7f8716ef5abbf8fe7fa44f043,e41ecbbcff4d28d7892d46354f4c43f53d4b40e9905dc1d1b00ff1ecafe0711b,selection,True
497,969c3eb935d5b982ebdc7572ffdeef3c25bd937d308cc5752bb37b3697bcfdf3,118192de6cabe1231abb61442fb2cce24a37e0fc0c9b226eb227e3c202c21107,selection,True
498,4d6a242a97e54c188fadefe9f4effa8849696c6355daa8aab84f7d0d347a6148,a8dda183144560294beee9c929e74bd28244e1c6d7f786ec726eb286f832438f,train,True
499,1ad34800ebcf54a620fc700b86d15727e72e35c60e402470251e4f45f352143f,0ec88bf78799178219000a29eb46ef621f864246ed110c3e8759985bac0136f8,train,True
500,15a51d564384cd9abd5e2d7f0973082d3b989ebe0533262fbcd1570291e67880,ae7699f2c7e6b3b2e9e2ea91991df69d4192d63bcc41fed93441de43d80cdf20,train,True
501,ebcae2cbb0f313f7358c6b769a533acc02adce58ac633c5ca7a9a5f67eb0a828,07916b75a2adf6fee8687b1f480b7d45bac6a71cb97283f8f78a2dd37fa478a4,train,False
502,0376f5c5f8dd3b0c33b2862d457fbca5be79f7d6586cb7bead247f152b9aafd0,9e8a19e83f2bdeb4030e662ff73b0217e2678c8a8f46c1abad9c64b1031840af,train,True
503,2d07e6ceef2e1e24c41b7c4846965e6c6f71a2f52e7b2db3bb4a5590ba2466b2,9114d9a5d05f68801a9990bd12e547de9b28b06403dc058d280fdfbc78eea33c,train,True
504,690bec6ab947493f65981ff0c67584756aea1fd9c2a0ab951968fdd0f544ee0e,bc86af9d963552ac8fb228a7e83cecc152ce4447e727327e1f59cb1951f1dff3,selection,True
505,1d31e5a7aabbd6d34091dc403e41fc568e94557d55f87ae8ae0b147a1c264cf0,90fc6cc4a4be51dcb9b99737cd80fe2559ef25bd177da83deb1f98d5e1a1b381,train,True
506,6221e3cb42ab034b2cbd62d3a6bc48c549b8ac05ca52a5dd4c1875bc74ab643e,1ef41ede57a4da13626f6e9eeb66a49b4962c57d27f41ab5f1bebb08070e1b5b,train,True
507,16648a6489e34771b4fe16548cae76b37173ee2e2c147dea83fc4a8b8132321d,ba7c5ea565a0cfe8ad2d852c6ffea0d77cda552f4b6cd5dd19f77b12045b8899,final,True
508,0e2a9ac21520e34403f679d2be86a37033a8bb6ddac418ad7ca5ba43f6066f4a,9a4b552c0b51b44f28dcf1a73a568ad539a574581cde0b65622180938e13eefe,train,False
509,9fa5f3de23321cfa78b1b65d4a86678ac15df4bbf6b6d7d03a2844620682710a,716d66dfa363707c0aeda9eb4c222d02663437daafcb89ec223254298497f93d,train,True
510,d38c5799a401641fb4545bbbeb6d4a0eee72eef1c565ff3409545499b659c4cd,fa9a7c399cdd04b8c7f01d4d8032c5d316bbe229c0f6605543c37454a3a333e3,train,True
511,395141f585829a4fc9f6174ea0da0a291458d098c61269f0eb9c8f8912c65ca8,a64c225f29631fc4f52696a7c9a42eb3746c9e646fa47443d220843f11170921,train,False
512,5c01ea7427ef3bac485545492880e6dd8345722139c9f2a901dfd0f650c58987,584fbd4e4ae2ff40a7d2349461529a4a8ba942c27e2b2a04c417476306cad00c,final,True
513,18d1c0b824740baaa6229913a534d5cdd7d558f521216990aa7e72392b080f88,c9f5e4a9f051bdbd647f0814728832a45465b22e5ad6430946709a81704a1ffc,train,True
514,2ae383e630fcd789b76b4fb750578dbaec9799c01555bbac10831ac6b2a29b2a,119be1cfb5e708cdf73293a9b5712e1c3ca585696eee244fea1e0c91fee4a20d,final,True
515,91c6be4f2e5cb1c8e388562e407d6965787c66e8717f143dffeafcc20b71abeb,e282c1031ef868cac2a51463a0248e3eb089654fe7ccf59783f2b98725b08181,train,False
516,98df5f8ab65c97043bb4c2ab21a0c101f1de086dbba41535097c8cef0046c7eb,7d492c8a27a997efae29fb91098a185ef2d2db14faa4f103eee14aa36b220f8a,train,False
517,55258d973ef90e8b562975009644c78c2352b2832bbebdcc4704aaf6fa3f949c,815cd52795d76e1d21097717320ef6d8314ce283c93cbae3f4b57ff39ccc852f,final,False
518,cce9a17576913a506de5d43f5a93df2d9e5957e78abd472e3bd5b32843c8872d,2ecbd649013915ef4c242306dce72046cb6d8a1b172ab506396f7db4cbee362f,final,True
519,ac62da2546b5799dd7539ca03ebf563e5be00409b0d5ba616542e0dd860a2c6f,71aaa5e5a470db26aa97f1a0fc2f2dc2e211cdda550e0d87f2f22988f05f133e,final,True
520,5ce580bd947bccc7a958a5bc73c68ef4b1fc1c325adc1949e8e32c2dfe0a4ae3,be37f12a85537a5c21335966cc834544b44edce8105557b779f791c7f3d3ec18,final,False
521,1e55c464bc0242697e8431071e048cd908c996ec3544b16f121d52ba7446f0c3,6a21ceaf6466f4590a31b7248e778024395f521ef2d0f0b2bfbdb84c029bc4a7,train,False
522,0ee1bbd9cbdca1c75b68008eebd57fe52ad06298514a792382437812655e2bad,9f799eba34770671ccd9d5aa6026989bd6f66e88b2f5a245e3e2ccf1f9e90a18,train,True
523,6d05ed0e97b6704b0778a10f20a89b48be97e4d3378e4aa1def0c7f1d507989d,9f825e84091c003222c1b8f9c92be09b57c4bb2609125a7c5118adf69f0d1f7f,train,False
524,112dcc7b1ccdf084d65961837a162b86e34de322b4a3499123c2a74d612a7486,bbda481d9f0de1617170a4ed7c29c7e419c67949b9625d87c11d0e998f0204bb,train,False
525,91884e499e504430c4f76cde58e051f8bd3456f40b91a2ea5cf1984843c66342,fa4e6fd90a9cc4eb4145a191418002c3d7885595f79d5e7c5cbc9756cf9ad426,train,True
526,54c389e93120dd0b1d12d1c1f56450d256756b940373ad4d2e45ce2296e1ee2e,1507f798d9128927ab2225889d8a0ec647d7aab6adced53ad564ad152a88ad28,selection,False
527,d597de145b3a49b17c2a3595cbd96d6dfd7b6df984f2c4e3b3d2ecbc45186b3c,ff3a697f0308f287a0d77799f7aa85b407a1453ad87cbe0c43f8bdf31a2038c5,selection,True
528,7b7985e7fe58e375ac4bcc4cd111b9e56617e268ca20148d3aab9a46ef3e2f2f,814aa30051e75ad15504df3961c51af9bc3f053ed69d010498fe7ac932e4fb5b,train,True
529,0abac526ee1b3ae5601d5e440d0db26094909b0faf8b62a2460496f88d67196c,c66a2b5b4a305bfed5f75eae5bf85fff4ad7bbf4e7259c49d9beb9c279ebc836,final,True
530,8820e41221df29c6663ff113ceda8338d8e52aaed5d03234ec4367ce46544cf3,1746557a3504f0f70af99532819fbcffeeb30d585454131885a69fad32cbc4e7,selection,True
531,79c6b776b191e971e7ae8c0cf4c18358c084e0a1960217bc6a46c85bc88b6234,94bb4d212390ec35ee471c0ec8dacdfb61d74dcdfbe381e44617315d92075fc2,selection,True
532,5d845e2ba5e8add83cabbfb28b296880e0e8e8409fefca8bb7db4fe258f110a6,c83ecb5179c934c8e31f6a57862bd053e27f1296ac3fe5e6affc04cafd9c59b2,train,False
533,c318af9cdda11de856ba02d294a2465457bfd6ccb9c934947c0829f8cf2bb12a,061ae9214465e7a24499680feca5767c2d096da39d5db80abb6977e50f81162d,train,False
534,92d775b40a7466fdf4267f11f44a0dfe0d58b5133ac7a0864670837f783cbdd0,08d8ae5530a8e34e9a3da32b97666ea602cfae262773e1ed357f727606455f8e,train,False
535,bfbc163bed2446fc14f0b3cb66752921bcf6630f7534b5c6f5f795e6369dda51,fab48d693a5b08076eb7dd2ca27ea13ef7bd0ddabcaca8b037d2422ec4fb4a4a,train,False
536,e5cdf5d3e84c5d098c74d6ab9d9ad4b76b9b4522fc13ecf6a3789a9dfc9517d3,9759d9fa65d524cb93e23190bf19ececcbfe38ac3f5ed524bf3090aba69f18b6,train,True
537,1a695010899bcc39e479aa5a1f60fc6b50971657607e9e2ebb2fa3dacc558bf9,629528d7b37840b1309ac67c88a1f3dd3fb01e233918b34ec8aa5a17ecd6c88f,train,True
538,d0ae8fc32dc4e8982e8b3c7dd09588fa1bd859adda61f7a6c5b944a3b12e0e00,91f3833c24d1d91c968c3586e335b32de847544b8e3c625febf6b0a8ccda6a41,final,False
539,56ceebb3024d78200096ca1557ae9e5d976bc894bec1542b5be9fcdf3baa3603,26977b84c3b5b45bd628525fa002e71d5e5e997166100305858cfa9d6e318ab8,selection,False
540,cca7c4fbad9cb14ab0b07802a1db4383b6ceac890b437c84b5eb54e7f11f4d9e,7e61dc522dc0c3c2eda1dd46db20c9d0e535f60f00d744f67da555c29907f133,train,True
541,7bdb4f8562ca96119bd17b6218e4602acf167413221bfc5a80e207d1b92107aa,4edbbb227b1389cd23aeac824ac2bcbe0b93eb72f4182012ae139631c5865d91,train,False
542,c2dcad09e3f85837ca8ff3006106c96e0aa3f42d7145d34befadcd890dd5c940,273e721c219b9eea2e5f1516995d19fd718cb241f6735a55786c2f0e72ee0b67,final,False
543,2f061caf640e8b818b06b6d2df5ccda662e135eebbc010ffaceaf81f1da6adf7,f9d067399bec5560bc994705b4dd4cc10545c361d91ff30c7460de44f941098c,selection,False
544,be3a8c78b090575bf122f498d3f5434ac8f3e8c94f7533f711852d4fe5f7f76c,5c9f1275110fd460471e8f56d1e9e0308e7d2e110921d7d558fb71b95ad74d76,selection,False
545,de3137f54ea1819874ee850bd3e61aa96e8fa85958ba88b0f94e27682a4265e4,c1cdf50f8d26d1033b44716635ab9e845aadb5b3d35ce495f8bee347f37fe15a,train,True
546,6c1050fb4435913c9729ccb79d0a1503c34284e007fd0969075f53dafe96bca0,e39de74e1bed79dc3af2c76a41a7678b328e4542dda86c6f8db677b544e2d5bf,train,True
547,d2a3ded1071417b1cbd53b021a214396f299d78c6b61ecfb5f18de5034a8ba19,e5db9400eab0c84cb2879eda2c147aa11d03ad533bd9a3bafa38d2b2a9832abb,train,True
548,8819c7dcae1512684eac8e956e4cbd5ae1cd8afbd4d6e3bdce25695dbdc815c1,35452c49d186dc5932bdfe1a620946b77d5d3baebbb6198acf7f8a8670801117,train,True
549,e55c8a11384a8c4544d5d2472060f4eff9ee74d3203708bc10c4d1ea1dd222e6,88cf8916ca87fc94aa2df80a49ec1409d95c4c18f6bcf0e67df51eb56cd4a808,train,False
550,0d67436933ed15375faafeda77140949757a9f87eeeb54603b57451c3bacadc9,87eb0cca489bdc1e0e1ce14e07e750b47364d89741ac4b147894e353973cbafd,train,False
551,4ed743297fd1969e3ec7ec4d08def94510b436da4ebabbea82b0b0c9542045ce,fd6090a661a7fd1a0aefa55d04c14de8e4ac760cbe928e07068e9ede1fa1f7c7,train,True
552,ae661f2b9f5ec43ca6b1ed2e8b1334b48b9235ec95fa48743a0cf7b15954e050,70600bd06e508a1a8667181f0ba1aac9ff7f33b7a3b407148e0279bd0d9edeae,train,True
553,7789ebf6c6e8704949ef9ba1772e99cbfa4a1b25b4b72feef5df23d84143b642,2d3625dcbf7f6bc42618e003bc36ee2ea70fd8177912aaf3d352c794f2cd431f,selection,False
554,93470af6804319312e1d97c9b688cd3cefc2b60005e180f78d53659e0b9ce568,762eb46745393b2f6d0ce83f250c233329d20293eeb1738011d27e775da85625,final,True
555,c3d2b44047d91eb9469a3298b7643f38145158b62eaddb077a70045e86564b4f,76a0a41fdd8e769b633cd2e4478bed12e9b40fcc816a5b8d045ff7e00a5080fa,train,False
556,2215c6708d52a17ed8a58ebfa3f18f622f33b655d35302cfb69a347b318f4d12,a5d2cbb603cef8cf24eb8f7e2cfbeceda2fa0a58bc98aa16be5e163c04475a9e,train,False
557,b22fd0157360ed64d301c1426c8fe7d9a75e7e6be7c545bed29afffb5a38f3dd,822f14fbce38a6c75692ea7abd94dbcc6d3f3935fdd671236d457965b003d499,train,True
558,e7f8cbf0a62d9d60c20314ba4e96832fbc5dfaa39176e8f182b73b6ce192cbb3,ea56e1c218714ccce251b18acdc5de00f02f5481a61db50e32a69cdc9f12ae0f,train,True
559,711fab1f385a9b4450deb5f900d7068e8c0843b324392086b219f342b21b51ed,db5e9bc1423f706710df285c065e1303231b2919663980f84acbe65b457e6954,train,False
560,c8ca2cc686d4ad1cd1b656a73a7ff21d4903011a548eb958411effd17e4572c0,c647617d33b0aec833c426bf35e9745ba63d2f7d69b2fef7ff768866cf7eebc4,final,True
561,2bdb8fc41e7da53272cdd318b0221c42732e4b45a0c882742e8c72514e1be35e,df6930f0366fef7900d0fe4752a2823caa0253481b0cdce5218312d2fc67edfe,final,False
562,0d4e07fa511ca910fff7da2d07c0f1d9667d8b2751e7b3288472112c715591c1,61fd5416cb219f1e81f009f230bd0f0180e51a202d126117c8323e708c158053,selection,False
563,0e53ab771c3b73547312844c1969124cb7143207a382d3304f6794504a8e3ca0,ffcc23e6452da0a7e8afa86321cde3d50ad97b0976c48e1bfd38b56c39aa8452,train,True
564,0fc2f3195b82eda712d3606829f2a5aa3b6d026bde5f20f571734acce6df79e1,82047d9a0b84b62d797f1042af94bbc16f4a89d10e7e6473b736ded26f824e8d,selection,False
565,14701af53fb750d7d2ef4301e097f62c6341092c03b94362d7126157dc16f47b,d5daa813d3dad68ad8db3bea3af94eb2cd21ef4209e43677ec02a7a3088e6ef0,train,False
566,5ad1f3ea42e57999614c77167f03e06b7b06db13b0973c68bff7383a7d020d54,e35498148b0a94106ba175e27c87184798e88622758c441b695465a7a118fb36,train,True
567,1b2b712a2fe2786085895c6df47b0be351027e7d257c66fb2287045fb03b970f,7fe98d2a1540f3bb985cbfbc484827febc69503344ac5d6e3889444a2c93e9e6,train,False
568,9bda5f59301520983ca2371863d5c188dceb29ad4744abef985994cc331ac862,ed5f426180c1dcc692d6ee66aa61cf8907509eb3ccc6cff248c8682afc3ed323,selection,True
569,cdd24cd829d5224d53b55a5daa23b1698c5cbb535c847c12971d585e25989ce3,3c295803a0bb426b326c9db03a0b8446338b08d0220f71fea337ac260fb9a483,final,True
570,f30d98ee9913cc10cdaad27a20db8d59c6907eeb86a8ef8665d066e225a2ded1,43ac47c578c2a6122e369c170ec9e05e91ed030cbdb4d4486134ef3024fb90a0,train,False
571,4bbe390692dc06b5f88dd9364e4e9f5465070403d3af7cf17002672e2f8bc1fa,e3e307d7a04f402320fa61536cccc45dd78eca53b372430e04bd4e76a4a67dab,selection,False
572,b1a8906e1a583020b52e6a46231df88448e8fa0eb7ec868a88b6f830996d61ea,66078ebb3b55b7784c5e173db328f441b697ce2798c01c9cbf1f5402cf986cf2,train,True
573,eb115c69091ce7c7245ca4214fccb1fff52c7eda552006a1fc083dbd07ce2fa2,02581e2505218c4efbd749ff9353d9797794850b50a8858c59a5a669afeb6a62,train,True
574,745d72e3c23643f11420503e8dd751a74573a1e09bc2d4304dd32dd45e1a2598,dbd8f9a55b70fb05609d16695a598d3c4df55f1f92d574b3e2d780292503d4b7,train,False
575,1e24ee76b55ad92dfaefcc2cd6443f0776cb92705137e72754301fab1e2db0a5,0907c2ce02aeff096cc7c6f9cb66424c07a166ed61441b8480e0f7eec08d25f1,train,True
576,4db6105e14ac9d0f7784f4932b2ab3f171ac0979102e35af1c27cb2d5c80c59f,066727242e2c5c255bd6a3fadfd21a7867ec73f509806aa781a2f11f42b58818,train,False
577,4e4511e69b5cc198e5282f9390ce0006559e66ce225b399eec6ad13e12160f6a,d5b04293dfd6ed3ab32846043f85341f0201e6b7c168d50e2bae8e95041bc0f4,train,True
578,24ab7ff8b08606dc2e44e7afb8dc95260d492d3e441c144012630f0b215e01d7,2fb78610f0d75810fb3272376f13530fdefab4676a863fce4292878372a97276,train,False
579,05e5522e05fce79da74fe39046c23aa95878955a3c5c2d717984116c2c7ccd46,412192e0734cb07e17ed578f794250bd41abd9e908f496b6ed85cac21d8bb857,train,True
580,7c2c340360407c4c7fb86c52201317b0c7a6695ad4630393a71d65a7bbc12304,dda33ad3fb4f0ca855a7b3be334d7bc1e6758306ea8ea189075a6851020efcfe,final,False
581,e770ad79606747e95a53f4ded39bdf937bd54fa2b6f97f7109cfa461be776280,67844a7645224ee83d8e3f15feb896396dea6ed06460746763467353c4c7547f,final,False
582,492bd5eb342ff8037aa88a4d7004ca8d480f0eb58d1eca009a94f7784e25710f,d134d70fc57b24e76127dd52dab8536d0b23151c8338c361b2e99533fd0c5a3c,train,False
583,485accb7f931082af2e45889cd7c5839e84e418956bd7f70a1688eb14babef1a,d57b371fc0b9cd88c202116d2a772c5834d2149db26461a3bef61c2a06448c1c,selection,True
584,a35cec4c0ea1d1735848827716b8fd4be487d39ca56e281a354004d557023d0c,6950a49622206d6d2c8278cf95da903c20902e63934d188b85f9329a6d4f0943,train,True
585,4dbaf27640c165ea1a92df077c5e640e8f22e057530bf2515f6544b56fb09f61,1439f509c1ade974cd91f83702c6a4bffd18f33bb3b1ed3393414d4ec1619713,train,True
586,fb15a1a7397e3b8f0f219f3101df68f1395603387285b6c0abdb585b9fb59725,4f8257c3d9247ba0f23605ce30cba19723c737de32fa1ed171743d82b8f8de12,selection,True
587,5768792bb3cac77357f649c5ed486564c235207a2950c2ab727549d1e571cc8a,978bf332db845fd16ccd7c7d1b83b8ee37ab473ffb9b3daa34ad1aba6bed8f6d,final,True
588,9531fdaa1cd6e126bd10ab601e21e1d6a8a5046bbb9535f0808e037cd42820f6,ad292aa1bd760c6b454077ed6a212f0ce7bfa37fa7eeb9a90318168e4b517368,selection,True
589,fb5d08cd11f4904768af1b6fc1d7fe6532c0301c4c8322d0571a79dfde01dbb1,e769b122af2e3b541736ad6ea00e4833e1228dddc21c26dc0785b4489ce5f09d,train,True
590,2623ab6e7fb436df0ffa943e7a2acf0be00eb94a3fb92d90495d37b172fcc8a1,f47dd0de6c6ca897a46d7ff3211d0eee1dccf9ac753609a2252ff9906225cd65,train,True
591,296abdf9c757c377216a55eed0c619ffab7c18cd62cc284913678b7bf4115fc5,229bb259d6a1172ce346f9defd3ce7fa90d4b557c81f07133af4993216280ab1,final,False
592,b894ce9a6b86fb16cf69322d5adce1fbb22147e4da9e5f5867d594b2f750687d,c162836368951951d22ebe840f5b927353f6196153b8cf8eaf318515de273d67,train,True
593,92b0f8e2f51a96eb7f5e458c2d8f5e082d5e702092d9a9d88201aeac9ffafe06,a0e4ce9d6d1928969522c8f8eb566b1c49cb3df60232db07f88b16858567b81b,selection,True
594,8f4f07b837bcb6f0be603c2e2f5136d7d98c6c3246040f870ad3a5bc5ec99fff,e57ea0ab3c59d85ca9077e82951ef8477f46fa8c996d7b5ec5b7cc45b0317522,train,True
595,209bec9f95163eb2b001f772efebe4a7a9536341e9b430c20fd68338e771e5d2,a880c8454a8804be2f1083b990b4f814a7da69e68a6c914be29fba3e0f9bfbcd,train,True
596,7aad050c389e93559790913edf1eedcfbbf304e69b6cc249f1a1592242a94773,d65fa669465b0d34a6e0cb1ae8753b0f28f514d615ef52418bb7379140fde0ba,train,False
597,c1d3eac5a3a50bcfb5a25a20a18da6a7ad2727bdefde6a5677f2dfa655573497,5d1e9c8b137cbfcc362ef58ca1df7839dbde1f6855177507e4c5630abd57e0c1,train,True
598,58b95ae08f28f9630c80b42d2ae2b403b73c45320ade3fb18ecc3aad63001fa4,047c6567d04446b2ec25ca98abb4366f91661b6dc58581461057eda3e273dea5,train,False
599,a50234ea66e43ff76d71630052054ece2bb6976c05edf09cc3003a1b58cc9291,db64ae291d06fba976c92dfce85f11e3a2fffac6eec70e2eb8507e45e6452a59,selection,True
600,15204a2990631b72582331314820513b050acfdd76b2c340ee1b19a22dc16f34,365ac24bf964ae1d7565e55301272690083763e71e27e88cbc032d480ea2024e,final,False
601,c910844672e7ba6896b8f0efdcd0ec6794e2f4d94e892538e93b56a1a878ec63,39f8e386389fffe6a21df01d97f3b87c23c405439f089f31a7febe142fa82f5e,final,True
602,0f273f66013f6b8cea5c34fecbd23a7039e3e89906ff85fbac90b97607f7af47,66871d117dd98cd9547bb0d2731dc73fa7294edb680103be9b496f7eefd536d5,train,True
603,41535a2e6242dde8ba13d5293ba3aa178f24ad24840314418a3e205af8a41899,18b64d1e60e4d49764f8505f3034ad421ec3b850785620b118a21e3bf71abe4e,train,False
604,4782c0ab35a20c6b1ccd1b213778f9dbfa93dd429d6cd0272551eda6911e83a6,7ec4be2ec73281abce51106403f02945e3e9b39d040ae469939fd740719597b7,train,False
605,51e37ab99843ec8afa55d9dcda66759cf5dce4a75472d26f2f9e2a0db12e76db,99aa63062a5964c309097762cbbbdace1d916ce112d043663fa567ed7b39c06c,final,True
606,28e3bfa63806dfdebc4d40942dede957cc3b806b07a19073b9eb7d70ba7a80b1,634cd08fd3e4c36185cef6d40fadaa8ed2b5c75704ae818e3a6c9272bf160dbc,selection,True
607,d3b30d5e0380f9bc3d4bf753b8a77d43ea692719042beef1a2eb6c76d4f1b343,fa6465a8cdc980225e1d2f442330a8cb2ad144899c5de0031df96318bf4638d3,selection,True
608,3e43bb854da42bcde96519d15f42be3e01893978d4acdc1f47b88ca030277cd7,8e669f652ba928c91033dee33bd714788b1a74f4783b01ea93090e68bd314159,final,True
609,610cf678f8d79a48ebdacba8b34e654bd7993014858ba6c83091cf1f504131fc,add8b141945bb835bdfc7912fca7850f661f407c176375317a1807a8a60c3c25,train,False
610,a392f7873cf2eecff6543a2b9240f026a72f2b112541feb49a76f8c115a67516,da8b7e25442d8aea1ac31de6e68f5c74a3948434c0aaa4278a508754ed498c5e,final,True
611,31a6c7660a5b06c1fc52570fe7e5abc50013f688ea7bba617a17d43dbb7f18ff,c99e917ff016686354d6d4188915b35460ff9d6441041ac7e418d3834666ea9b,train,False
612,82f6638e6462bb33fbb35a8584f07e4703dd46f55e9e76d0f2a93ca8c78d88b5,3a95236f9e2e7bb1eee0e3c5654769592c0b0078c892b643aa41270ea5c6341a,train,True
613,706e11dc6b9a011972970611b70d291bb2937368c09b371c7e9f7c2222e61b32,7b24c899fba3f82830519d15ab278c970c535d5e9088692c9fedfc8c07a89596,train,True
614,75982a1b6800d3b76b66a59ee1ede863813a55eeda720814e0320b8403e6e0db,ad5dc76f849f80bcb83b4c76a67a8cdfed919a6fa740f8f0f9fc759ee63bbb2e,train,True
615,11a7507dfcf016809932a452c4ec1e83e827461c4db98195c6af97eb4fc4a791,1e93f0965657e8050b44cdd37c8cee43e049430c5c3d3d604fb674196e314d21,selection,True
616,4bf5400bde76a480519d12529b1e3e1f9c4cbfcdd33242ca18c063a71ebf4735,e247422392c6052b2ebe73750b5b4bafa9dea1f95f54070c859597d67981f5cc,selection,True
617,4eac92e25466ef3d6d739e1ca027c711c751c2585ef8e0f5a4cafcedeff5e848,431c6e8603cb8a6694344160463a319e1de31488fe5cba837ba7f52cce7e3229,train,True
618,daf9e10409d29b2fac44fa6ac1dab7160b6371ea6eca757955b94988680c7303,45350cf9df5a814fabc26e3f0ac328e0806f742e8927f08bcb4f129e061e82e3,selection,True
619,18be92a9a33a146c9c2392ef2ea6be59b1f262353d0710055345bcab6bd8f71c,cd8e14bc19f8f814ba6ba79b8f5104d72d2e252a911115c6d4ac15a7acf0e423,selection,True
620,967a40e987765744981018550d2b6709b54303f5d11fe4126ce793c086eb7db9,5edd7f2456215ca791ad65210e5cb119ad5ce5c23ec96b672c1990476362f707,train,True
621,35d032ca4483ffcf79b51e3d4237ef1aa2fe72d76f111a2114696fdd9bfabc2e,c041f81002e05be346c2bd2f5f56d47ab2216c53ef121ab382fbde3195d83e6c,train,True
622,d3d00c79b754ec11427ce971c0fc60ea82e52427ecd0926e779d58ef27b6e22d,0c55bf953ed0544ee7dcf33541bb55eda3d88e96fb2743deedc08bd512a7644e,train,True
623,46a11d13925c789004cd8c249dcdac8080fa307bff9c67259ffca2fccefa526a,dd76dd8046bdf84bc46a4052cf07c48b4bafa970c6be1886248b28518897fa9a,train,False
624,ecd7d88927337c36d2f670769167efec07ee1faf870b33a01296e4f34ff0d4b5,ee9efe09ee42a56ed8b427bf900b3ae16513ba08fc751721f5589db979a57b7f,train,True
625,8f05d4e315da97e63c0e5b1daed9fe946049a09f13b4ccc182cdb5a52bf923bd,52cbbe26ae619432bac2ec71a92ad8ce931ee1ea803d3904ba92080bffc42899,train,True
626,88c6102a5e197b262522d5f1ad2e47cf8b6fffd2a2ac96b736b27a3357c2f676,2266d0620fc41fdc93a8ba6b3c9200e7a189e8221eeacd8d97ae6c806f8c3cd1,train,True
627,8a989ed69ca6e121c4a17be549800f366e27f2eb1473ff2f6035db8f3b0b8555,bbab1e2237cbc8bc76d39fc66638212cff5e1a8ad188ef722fec5481d3f0be8a,final,False
628,7ecc064ea5d879fd3cc0c751218111be560c27097352d2af17a8a73e4b06062c,7cfc88096d36c91b516c670808003073591773a3969012b9684a535311c6af16,train,True
629,e10efffac4ebabd4e2bbfe71bbca179d98555b4f7cf30e13602405adb98383d4,7de4c6039c79b351beea87ec4f9f128eba83adfdbc9d120a8a9b4e65222cc86e,train,False
630,2cecda07413e6d1439e0f6c276bdc11b4d0417e46fff38d3d3d76b6fd33c257a,0136c8359b69b2d564d48ea1b47cbbe6cdae079374c9c6e84fca3e1e224223f1,final,False
631,914b387227d0c423fcb9f752aa238376cc9fdfdf1735e73b5c68e7e660369634,9337f20861fb2dab580233ee90021ceae0bd335421c6062b43705dff0957212a,selection,True
632,849779a4a9dc294678e96c2130cf148144349430faebc54cde752cfc69acfbb5,2f5337d814d36382de3b62000e064b767e906c8c086bbe1b389ce2f8a4a00fb8,train,True
633,97f0e3591d0bcd7847a5cb6fe4fef32bd20ee922a5ebbcc112635ab56a5fe723,4724379645edacead3bd6dc1a02198652188a5bf6c7836f365e3395397ae92f1,final,True
634,c2eba341acce5bb192635ade48493949cf535a309ba9041c0a059b41d8ac7f98,62f652d3ab475258831836f545607d8ac77f095d2d6dcc1dcd5436a273b8908b,train,False
635,d3df575fdc957bb308a7ec06add462d6b827093b2a0f1d641fac90aea83569ad,1b79528c898a204b08f048dae2df3431d2db13e7354b3bcb129cac286de5a89d,train,True
636,00c69c63c368522ef4e7777b554391346ff7f21c6c2993085a4d36e30428e3ab,28bc3b80577a31ccfebbf3ad37462718bace9a5c5ea7baa154d93d8a7d442987,selection,False
637,a2202a90e97c9e582e810e5f95e9ffdbb70dc68860551f31c4c81fec0ecb18bc,7792b2933e42535c0f13ff05d2423fdebdb0a6a0371e537868c86735f601d20e,train,True
638,2769d9e8d0fab7440f30e46160384d04e725fc4d2a8609d757a30b12ee9710b6,d378f2624b9344f3bc7bd1ce1b81bea0a7fecda9eee27ee1235bfc267156565d,selection,False
639,f54aa98be4c2e61a9465cab3e1b8777fcd77af96c610e561eddafa84d1c2828e,d2474da4c69e8142e111a8bbb747edcf8c597319785c56d541e68f7599b3e1ac,final,False
640,b3a5010650c90402e3c3acb5a0dd65ce600ec6711138796deefacfd7917cef12,6a949dfae21e159cb435a46d25329be9e02fa75ff56332d0d4c9f5ceac97980a,train,False
641,7d09c14f1d94473b1756d91b2a77d352184e04a2a5ae2be8c4069a0e6ad0d08d,b59fd5ca4259b904048d4d906cb885225267dede3b4af6915be74abdc3db2242,train,False
642,ce5f945af34e2ddc8997afad8d5704401aeb3e44934446e3ed500293c308703e,24355e538055c578f6dd4ca8b8d54ed18566601925b0a49f38d8b06e305aeff9,selection,True
643,fdb62a0556909d4a9388c9dd9967c3615528f2a998c37d872f6fb25778e62caf,4aa85a12ae1689943fa28b0b2d0c43aca135c7d4c9b6ac8cd23cc84c07b45aa9,train,True
644,c352bf5b6879706661bf4a6775e7db25f8cdb06753bcb548eedba2601dda0cd9,021293221cf8244286ca69cd407858b74b31c3006a287a39ada848ecd53c4ac0,selection,True
645,4979717b0905586359e9b6fc94120910630ad08759ddc85d1dd8b63a83960732,897539990e49ef7d4b2ee93014be0f48eae050b74b85d8fb4517a0c626cdf4f5,final,True
646,c1f25ddc07a44e7be062edee894b404ef4b525f160b06194c0cef3e7518e610d,67635146dbd38ca2e6e2ac9fc461cff95cebb3cd297f76cef619017714e91cd2,final,False
647,fe4214964765fb6e5d2dd8965da800af9250f79adfc8950246ae6df57e0e30f1,58d950daa7284641e94104e32cd595ad92bf013ef3c3dbfdf14ecd5f2c3eccc3,train,True
648,5658748e0f8fbfcb2774a716ae1f4f38cecd14617da43954a915c2febbb20316,746575d6d4f1aa77d116b0af0b48e838ad4aeae46c2ea96eece855e00f063041,final,True
649,2969724f0a0c05ae1981164ea67620bf7bd2b089de048fb7ce54fc97e31c9e4c,3a386362a5e6568019e6ee557b9476739efcb363aae369bd91a3a1ee2a4e227f,final,True
650,2789d7bc646ac411fcbb04b216c711ef87481a9d479463f4d3a275f01b54759b,2ff5ce9d5d406d4d9e85287b4b83be46bf48a72c764262a135ffee0cd03f56d2,final,False
651,b98aa072549553dfcf296f9d71b53cd982c3a50ed3e6638206df53092b31f819,3626126b9e87f9b4be4ae6d459e3abf2715bc87c8e2973794e845141f3af1ade,selection,False
652,e4c9dae25bec50ede24547a54186853fd7029cd6573bebf4fb6df493466fef62,37bbc05175857a1857d520fb7df6264d0e245fd1d1db3e52d651705b53552875,train,False
653,9452aef813bf0ae6c613faefb434bbd3b2894a647672e49a9526aa9b88333f42,b528db0c4095b696a8cec3f2e186572eaba1239de343929643db3125eee86e4b,train,True
654,2d610fb5cd736bf06650d3f8ec7b97fe3fdbafa60189bdcff602a50853a86f36,e717398c83c0bac48d5d4c45d5e6f42a43d60d5ee2d8d0fc354bdd6a3adaa8ee,final,True
655,9e47366bc91db059759b699117e17705ddfa120f4afcfe31bc4d766cbd9b66ed,92d0972119cb9653b772147cd4e8d00548b02578df6707382669e81cc87b442e,train,True
656,bf1b14048bcaf2f56c09de7de38dd29f3817866c58a8023fd038a574f8949c02,8647a03d6024fd862bd77a37fbdbd7164dd150f8e57127ddbad4eaddf2e475ce,selection,False
657,e1a417918ea8f7c8370679e795ab85d6ec2341f9ec2d5f1beb1a8191fea94e75,758ec0a6a88b348165eda561a3ab13189f3614cc3453ffc087de81e47a59c546,train,True
658,f46376010a520d5f16c996019bd379105314005f76091f69b2ec7b1cb4a00c8f,8de681e7d0ac4e331cf5ec5db9fca47dd68cebad7967e250609557fd4818ac21,train,True
659,81ce3787c4f114cdeb806ed335b115b869c50bcd684402763280a196afc73532,2fa22a2f390a471177a9cf0fbffdf70f3d60f550a40f0228722ffdf785f7c9ca,train,True
660,61778f0965ccc8d7542fcdbdeac8057e4835991caa1fd1e0394286f5605333c9,21a1587c1aa1580f9fa107db5f0e7a5d8965bdf76e3473e24a0e94fb41eedb4a,train,True
661,9c8b8c7dd698699881bd431496b9671e8f1fb9a7aefd2bc64a1fc52162941bb3,67adc3cbd0139c4a128f12a840d7b2d9a0f94b58696813cb81a649718c75c7a6,train,False
662,f59d1eacc2aeddcbdce876f7b42ba53609e045026d37914d9bcf9af6911a979d,f65c52cf193d276884a29a529a65decd2a334615d366c3ad00d6758d36674c67,train,True
663,092455f9bf8abd529f654ecd4015994a1aa2c85fe5a49be8f41918e1dd2c8ab4,88892d9e16b90571601436bf75897e44434fbe13030c7de4b7025b60bc5a2c9e,train,True
664,3498909249c461f7fefcfcb62b18d784bcb889eb542d9ef2023af8144e4a1dfe,6a86956615b1f750f1894ba7d13c9bc6959014b5308b2ef613c4abb8796e1577,train,True
665,3a80de0f1145b8ced53af29a83a33b577d20c9f4830bb94301b82ee47bbeb0de,872b99177baf3100a5ae4aec1f8d26f717bb5eb274a9b22d7ba1c4f949cbfd46,train,True
666,bfd4c3185b792a99f65ac0455dc935740230df1c6f6b03b9a5181b023a95236a,168fc56dcd6049fa73228b031e300192aa764c66e4ad26f9ab43f2678115c520,train,True
667,7917590cee37823a588dfbf97543df6911abdeaffa9f0e9b87358f94333a4ad8,ba0804e88b079a48c4ebc23e23dc5a8a20256a039fc88752b09429f601ce5d47,selection,True
668,95111b2bf078e91956cbedb4e3b0bc24442806fc84958a2abdbef451531adada,c409686c0154c4dfeedf7d27141455b048b13d7091f2d110070c3982c5e1f9c0,train,True
669,2e80bbebbd5e542e70f36a48854b17f13d805fcdd7cb239e850b7001a509f853,68a352da193e54b06a9012b27fe9edf15bf6b11d416024f0d3fbd5b6a56275a8,train,True
670,8be3bdd75f6b2992a9518eb34f7b1627cdbc6b4a5c538bffc7920bad96ece28b,795caf5f43855b00601c7ecba2e8d8003f7e02314223b1df0b89efc183cdb7ea,train,False
671,77f49a4ae83c4fe42902e2bf567af25a77637f52ce33f2b262e62acf46459dc7,2992d124170ee8cf1d20c01e302261363fa561e28490ba6572622d957cecf7c3,selection,False
672,126dfe4a4beb5ce311e3412f1709dd63db4b2d841bb2c3a7d1e3fe8452a09d5d,9a4361d49e734eb3bc7d96095a19870b7f060e5afd51a6e5da33750c739578a5,train,False
673,f3e01bf51ae9daaad0c55ad0042f823a0bdf8957bc7f119e96c6c1bf0185c8f5,bd41d5fd1edf4c8a35e2f79f124759cd4c285e7b8e5bc18ee897c0cb629a8b21,selection,True
674,f9881282afc92d125f0f0d95ec98ec45e2e1a117ca0feb6ea0cb7a50c60fd24e,3fbd378e7e182876b7feb141fe8d63d0f3f1bb0717bebef020585e137967a7d9,selection,True
675,4b55c86a161a90d54f510bf0831143b0a313124840cf626d5a49c58851cf3c85,213e7f727b9c77c5d5de92f29e03aa6f137f496a2c8fed105e653aa7b02a7e8b,train,True
676,b62c99a968b2f2a7b5a56045baf7b33be08758a9412f9eb50c6c3552d57eca0c,506414bd9d3e3337ba116ad3a47f2b24cef4dbbe07ab3ee397960b1f684d1e69,selection,False
677,488d437f7fd70f16175a8aea41aa459142e90ee988b9b5a2fcbe622b2c579aa8,82d2a568691cc2557835931e20f7d9c1e79635357a1e8f5cd83fd67e5a740637,train,True
678,1946d198feaf7b8d22ddd443cd50d01f9b567abc13eb108480eab3fd14befdd8,33dfbb7eb65f8ab174193f1244acc909f8be0ac4dced8859ed2c1fc8378caabc,train,False
679,bbdf4394649a6c83be2cedeeb420f4ba54b30a72394dc613a663b99b9716bced,4bc5ffe36d03d9d935d8d8f0321d617602dfdc763b56b7a98eebf1922e098e63,final,True
680,13b697f6fbd25e866484efc9b53c552466ec93db5d0a369f8b4e6faa677119e5,9d3234b03c7a0ef929a97d1e653d864bdafb35a0d6257a488676c2cf0f2be963,final,False
681,389ed21177cfd63f1d736a08a3256b3ad953231db4408fafa4afa0ca00af141e,84f2b64b30e04a64718062f3b4634f8f38c1a40f2b609cabcdf6dfbb10dc67b1,final,False
682,5a898dc500484138efb0fe23e25ed097104c073145fd2f3f08422cb5f2908979,0fa7710e855dd5d32cb754abd0361766a0564cb8eda871626967c64e4e74b2d2,train,False
683,f70416e56466228324c2a5b1dd8bb45f00444a400d2d23551175b9d6e67d019b,ac72c24d4c73d20087948e29688366b9285a5c7243521e24c3b4efea3c3b92aa,train,True
684,9c65ff07b7e4ddcf1f99efb1d6e66c8f27adf638d242289b202726099094142e,cda82f937899d8453050ab843f81a93cff852f03a5adc3c241c1ee3ae3e2fa36,train,True
685,718c092a9facc0dfaacfbc9148c6a4eb4bf8f92392db9d420529a53d5c2fdc6c,9cc45acc0ef457705024f2210c5fe80df516f5dd10eb2bbe69eddf1f738764eb,selection,False
686,b37947e0c954ae0a80cb8a91c06d1ed0dc2693875916968ff31dd8e743aaefa3,8b24c2772965bd0e0829bab15e65967f5b72e09eba46ebfc5eb67ec975448910,train,False
687,5c7c34b94655376d47d5ba3d9f7e2a7b2fd837b4c1380664c02c9c9456f6287d,8512c69a663dbe3df4b158428eda4b3b8ddfde59801f5d1544cac3fa47d45aaf,train,False
688,63faca6590ee614a8a4eaeb1734b8b2dfd322f780a8a0f73d37244939732cb3e,451fd7defa3c7e8f89d945e4e890ddb39daa498267937680ac4c4d6a3a6d3f88,final,True
689,1ac072ff12311e27aa622cc62e8116ecebcf8dc9703670760f11bccb0fbc38e3,70c13a3b425c14847d6cfd897dadc924a5fd250799091f3ef61908e6b165ad5a,train,False
690,ccaca2a42496662c8bcf2bb288f55c4f7d2f2d6794dbf451d4b9d2d33d75b182,3570c498ce295567ae3c75f50737356c02d6079a6545d104a8a75fc03fafad2b,selection,True
691,f50c7bb7d6aeaa70d2505658de196683bf0dc27aa1d2523c9f5c1b430bddc8a6,b5526b79d722cbb1fcfa95a49ded627b61c826bb1902fd9c96ca896721644b65,train,False
692,9d7c5c51296b238940a9e028e8089b30fbb60055d00953e734c0ced57c8663f1,413d9d983ed20b44639d8ed8030608656f20f98eeb2742442be85521e2a76017,selection,True
693,62eeef14a928a6d5564511b6cfd0bed5edf0baab53593ec0d4c98df324a70330,d98c6da905866487bb7478c66f5d33d81026eb932554a46ff6bef6f5f244365a,train,True
694,da1c2ecada3a191ced10544a07d74adc40dfe31b40e50d3f8e6730c7b4381205,d6abe6571d3ba6162a66270796ce6d587793fcb56d90799c9ccf9abf5cd0ff5a,selection,True
695,bb9364423c361a14ad199f32011992c8b6ef960f53b04cc5db3005f897980b3a,77d9188d8806724454cca82c80eaef108722114209b30997ed97ec29ab0b9ab6,selection,False
696,baed73108e712432f1ab696e896e38487325a4e2395189a275df62502d796060,07c1449e9b0ad845556d92a88fa78ed483b62b440167e1186bc03b5f8dc3c425,train,False
697,25ac93e5e73a97ae0fefbaa190c2a80b390c76055a4dff460670ed8d3a6201e6,c1656042ceb78b04aeaece2215747aae578f8852d3c952ea68268724f7b637e7,selection,True
698,a7f599c03e95d3e3254dd517f7baef3485b2f73933ae1574bf12851f7e99f4c0,cde85930b324ccbe74197ea058416c92571ac85c522ecd5fe90b06852fd596aa,train,True
699,d7e58599f92306dd665b3b820deed64f4fd274fb23234339680069caa84aa746,1637a82461cc8f3165e6181d2677173182bfe948f4f6605d136b0e2dec69cca8,train,False
700,d7d7ef2fb8752735d6ac77ed98352fb9a7d81a20d04f921a83d57e7b4650dc88,c5611e64f6f933270ff3dfc66e1cc1760141d1f7bf31c5fdad56f80364f71a08,train,False
701,a7c429b38d9a522621972d6eb0357e042fd510ab34827ef931e8fefa9f0ad035,11f9ad7e9cf9c7311ef0240ca9050901e4dc68c209a63f68b47c9ccb254357fd,selection,False
702,c4927377d8afb9a701ff02dc45d944b0f836e468a36aa62b2f1cb2cf27780545,e02484dc1114796b98e123358486c7a30b31bde63c2798a869ed5dc4c23a66db,selection,False
703,3ff3c58b1846f0a3cb17258eeb01ad261cc4eb05f48248ec87cda5269d33e81f,5f0a64e5aea2363171593df513dc58eda4076d80c1721241fa84f2465894be2f,selection,True
704,fb1f435cd75c53d23cd867dbc72228a52fcc80a311313d69bbc5abf0ae92a0e3,7848f1349141e9ce3a044fe528d6742272fbba6afd6c1aa4f64bad4c02d285df,train,True
705,de7ce1d12e0beea6b2de57229960328030891781b556653a7e1c02f851ed86ab,39a95f4d523f23cedec90600522ae7b6b6473171146932b1475bfd918426e5ec,train,True
706,48a1e06d73415dc93a335a65f179df544107562d9a58d4c6e4ca6d2a1d5f2813,e46ab00fa42dfb1590b596958fb3ee47684a819230a6aa0efbdb218ff65343b9,train,True
707,7da54520c385c378ad1368e5ee913451b366b3025c1b93c3f8ac7df38dff4b49,fd72d83ed5e68488513425ef951754cef1994af44afd4a656caa9678dd6f44b5,final,True
708,4e2f77e009244ebabe6463447cdf297c899e60591c669cc81cbdd9212f1a8ae0,02d6662d1cf96976719802fca48baab34d5dc6cec29f44fc5b2eeb92c1c9e3ec,final,False
709,416be10630681b75ca9fa98d0deaffcd5869adfd6def65ba48df82c25314e227,9b7a240fa20de6d3416150f5374fe2ccdfcdf5832b8033da526c21c3a192725f,train,True
710,f6272298125e7bb606e072e802cf449b79a5a7f2ef549a3857cc34f16299c0fd,a32e61949137e28c3d437eba967829a951699e0c0eb8de02a36a244f2d050bb7,selection,False
711,74eeed67edf1cae6bf52def25844980ca63ea285d2f0184f829085d5a7811475,591691f4e3a58c57ccced615e7b21fe0a40cc90bba8cc2f4ba8efc9381fae7ac,final,True
712,78aecf81575bb0f0e094fdfc77a46b4c222b9129acf26baaed60421f04527bfa,124542320a8b68c891573ce7874eccf24d1425992f7cfff3c7a564ed2843220b,train,True
713,2641c240b8b6f77b3c04aea2da367d4db1e8413addaae9b4080dc9dbee9e24ec,6f9c1960a784bd0a38b02df2c6f9198d007b37914912d078df35f5f3f58d6db3,train,False
714,6b24b4a8c420aaa49fda6447046f3f69a980bad4de083519e631ec9d563b1696,86956153abfb16557f5560d46e5a5db754c09ef3b3f8f72dde2706a89441451b,train,False
715,5dc4983f500425095374b527870b719485ba621e58a631950e7f6956748fd5f2,8c1c75b12e719aba3a7d9994180cd14332ea7e82278a47c0227dd2fb0c80151c,selection,False
716,4d7adcbfe40cf850212759b58870df233118503f17d4ff544f3c525513bc0203,2dac92850bab3e0633989c78635f89b91706a0f0e23ca1b21997d645f231758c,selection,False
717,99410051ae99859c64910db00c7bb3de9b5047d75806edd5339f35fa7c03d191,c9f6b768dfc105e55c7e16267bf6a969611d1180142c5e7f20d2acb7ae074c8e,train,False
718,33dd56f96ebd09debe01868a34a296c61bd95ad12920a2d49056022930cb839a,127436717824c6efd4a89ba8bda51bff2aea97d3e9c116c6fb67a7540fb437f0,train,False
719,b500b06a72a1ac1af4a832957b488649bac7ca0d68eefafc4e911d8f9d13ad8f,b07e4c7e87e1e03b6bd568534cde3cdb4a5e9d61e6d93c3bacf84e308a126c14,train,True
720,278889c22ad141656076d028b4959fcb988f2bbd33e6d4523be6da58277fed69,6d81871ae674cc4d22274264f0f069717d53b7d3cc262e28413055662be98929,selection,True
721,613d2670c4f9fcaec4155b07bbce44fc73ce69b61cb5b879be2a24f104afe832,064508c63c0516307386d6f8c4308ee0e00994014faf610f127c7142469ea7ba,final,False
722,6a4d2eb252a6d0e0feaa2e72d2636a2d92d2cbb632d53e19f79e95be20c6b931,07495ad715de58ca716e8ec7fabd73510731fe69be4f343c8c43dec4fedc08a9,train,False
723,87d4a940402590f02df167bf1429c87bf04dc248711de5daa5150b3cf847725f,486c8953ded96a83d381a049b507da1020cd51e38588ec1995ce84081ce0af4f,final,True
724,2b6f87a94627129ae658c94c16f4c3fafcfb80888c8abfe1d146a5d066969589,932e588b5b595b91b83cdc527d6732c8213c7845898bc5f1b058f1c566afa494,train,True
725,453668618fcb84cf2c376f63df111da601f00c47c5aebd4b175c66e1bc6963db,235c0c4f62dec0df8ed091459d9a5ce49e30ff90afe4fb49fcbfafa9de79b403,final,False
726,c658209086899733a102a1d3ef4c1dee79dd961dedeff10498ae3783a4a1145c,1e76a28a8b80754709ff39cf53697e1b21a8140bd295fd56be70ee4b9468e93a,train,False
727,dea2a0ae3ad2c45ea057ce19b590ecb197e1b18025b8f9baebc7c6b6361d142a,139b0f1286060b062137b3f5a4be93f3a54a453779ab0cfd3b4c038633b1da78,final,True
728,c2f8c329f8f84cdb07d92a0d8cf048114c631ec669c9a9ff0d606b715e4957b6,254ad974c16bbe7208855cf8fd8e9c2b62685f18719041de318077728e545b5a,selection,False
729,3e0ca1b21a3d5f26e9c2bef91fe65cecc6a58713a62647a49055b5f4d9d0967a,dddc71f590d567677182fb472ce00803d1bdd754b09ea9a8ba89ccb220874b02,final,False
730,277e69bfd2175db81ac4fdd364f469cff8227086e57d2fbcecd789b91b27e5a3,fe2ee21fce790da7a9b44ae0031624a9f69a6075bd69bd00c359d997f4da9dbe,final,True
731,93d7a20135bb7ef3a81f036c6d5a9f116809badceb093619203f9d6f2e7548fa,b2970a721812b589c3017409a1bcc38fb0807e596c6b6b2c893e9642c14909a9,train,True
732,ee9279176d1e70cbe8e1bffb9265f6750089a6ee73e7cc22280b6c5ff47e2fc5,78ced8ab11047081ee97538555c6f35876436b10752ac28254900a99db3c4798,train,True
733,3b4981f43be5b606ad64cfbe9b83221f9ee16e7f58a6ea779748b602be0ddcb1,4e0f94017e5db7d1e38f134f5c07f695bca5a95bd4f482dd9262f1e21c55f771,final,False
734,66b82882b27de9f49dbcdb9011baa08fe40c2908ae7184e41240a71a5e2bbbe1,338569a4e3cc810d24d899f5097780eae8e7274136ef2c266a1d49e0cb309be7,train,False
735,5f3cfc877d28b44689ea65a62a8e53c702699f8a755213846aea20f4ec36fcfd,96d41ca330e92d8623c5a09a3e5db3d31276bebed19fd99a7c54c156087f9baa,train,False
736,b7942f5ce5300d01386f1e71f86c9d897ae0388eeebaada268cc2ec93415a3dd,4b44865cf35b84ae3f3caf6728447aeb643ec828d61f41c85370162110a5a6fb,train,True
737,b8418f7290314c08b3cb25cc411f903d4c08f728a499c514af8c20a63d87e82f,b06ef2684cdb48c2f1c4e27c5306bcf611ec91ffde2dc50e080643c93350d36f,train,True
738,fb71c0869500246e328999b15fb51aaacdead1a32c127861d9b771a9f07fd9dd,96a2dba73cca7eff56f87f4fe22636c508f9beec1ba782e48b59e0d39ec144f2,final,False
739,4dd01a2a90b015a9b7d8294e2ba513c8280999648fed355ecc08198a106e2606,5e458765c611416977377e31e7c51595257b90ab866216fab14022727af26558,train,True
740,dc6130961ebcffb3ea6c94f17546c306f4a91e726063215e5aa6be95ab15d444,827b14c6d3d25be59dbe9d9124fb5d898345ac38eafa81e23496ef069a258315,train,False
741,8f52a7c49dc1fe488cf2257688b098bfe3572a2eb5d1a8738e41fd9259a511fc,9e36dde4fad194b19d9cde4963b69446708b6fc529636e5c50249673f8758c4f,train,False
742,4621f18eed39b1785f5cb97c0883046fd9f93e4d0dc2949be6e342654ff3a6d8,575897593f5aefb51383165a234c1e36febfebee2964644394dd1e638a6b9b6d,train,False
743,769f365958ea27706e9adb47d50f8a121e6e61fce59750382bdd7f90624a98eb,cd7ebd101e10be1e607071b2ff38656f0e6968b1721bd168f6c91d648b2e50ba,train,True
744,7404a53456487c9011e84c0baebaea6e4d59ae1b2470d0a653de3dd7f78e0e0c,56cc579740c4614af35e22f5a5f80c9be741184ec100881acc24506b99f4c4af,train,False
745,b75e7c8939ef7a07b0b7184dbbceb85c6bc0672a62c1bb2fa8be7225d97fa9b1,9439a26660e54d7836b355e1058c216db6490115ecb4452fb4afeda8dcc78277,final,True
746,b561a33bd51ef51c878d327610f5cf7cb61b2be9a7c29737feeebc1acc100aeb,b17b0947c4b998d21add2f6925a928aa02b72cc592cdd968de3fd6bcbd64da23,train,True
747,981cbad2b49be6e92d863c800e0b94cfc5a2eb1c8a750199e37cf76becc70a08,4bbc3ada8081836d8fdd55cda4dae5b2ee488522b58987c8b930bee385e948c9,train,True
748,2cb4d5c7156a87a06da37be5fd975dd95d29d5176fd9a29af39237b9b6f37dfa,61bbcc1341838f2a217528de237782e806806566172b2b570bc46db60dbd221c,final,True
749,05ac9a71f20c840e7a0b7e7e8521199999a78450191715ec39f260cbe03193b0,6a415d346e02e62d35f72e9c86d7f9317c94922297a939d9cb00513cd0c12f60,train,False
750,c1421f9eea73789edaf3d932b96bb5f0fd8e30cdb48204e2dc9d54aa4567f129,ee2e078cd849bc704a85b39b3d98e513f11d4ce54fd451acfcfd03235a46f694,final,False
751,7a26edde27182c287f7145d6055e0135d29aa21e81dedd04a62bb055b711ef38,f8b6a4d201016f8f7fad182532abcaf80ac3c4fe4a488ef9221dcdc87bddfd94,train,True
752,4eba3299e7545ed30d563acb23612fbbcedd038fab26df11bd81fac734c4bc76,0177a0b17813f9520e6907add7effa197c4512a7a0277a82caea75e9ede5d239,selection,False
753,710e193f5295a0c643e4d9ebee3e6e26d3e74d4125b2f7a54862bd038eaca638,30d864503bf268246d847ae1fc041d11b1bf2d6a37215fea879f5d110ef5a974,train,True
754,9f3d0344d4f2e152a2a6d6be397f62e3907303b59000a676c3d57ae04254ef1d,4ffc93570146071c7659f72a0aa4b44a98b26dd3546348c3d5c5886ff00fb7c6,train,False
755,fc8e4e1bbaa1bae4e5d8fe62aedd3852ab5c55137d40c7778be33c0963811323,e23007783237a250de5be9c31ff32183cfb81b4553d2fc7de4f7184bb4095c0f,final,True
756,8bcc16f067786ab48ec9ebd5b795bde26d5f34e6c78f243f3b04ffbf3ed8366c,f2f702c170658ec89259559404d7a95cb6546fe4b5fef458f56227e1ff0d59f3,train,True
757,bd5c93ae53ced8d25aa151cc98c96fb179ac55925785d32486ea1d8804c1b29a,99247d855a16d629341ce0b1ac9191c5f8252144bd4fc35f53dd72378fbbd0af,train,True
758,666ded5183fa5ff0bcb0fe4773cc202ffa0cb05336c03885c6c3a47e7033ecca,123150dcdcacc66a56666a971639c7e02fcc6c3500c5c01513d32303781699b5,selection,True
759,61a5332490ea30ae6d610d7e6c0ef9712fc8c8ae92b619d48cafd83c368e2a96,01ed9ceb4114852db932cd98b1a98b1fc67c755aa0df5e4de4dccd184794c677,selection,False
760,507a7e534b96a31dec170b8825c81e6eb2a70e2293d0796ac7772248ec401d5a,9f96624a7001762a9404bbdf3fdfef697ab38a06ec517f7ce65be2712c5df518,train,True
761,c5a1b24ba1b5e721d658c3960b941682e3bb734c57412b040c07bd137cc28647,5a217a7555a65a10770dc075aff53c32dcd4dda67ec90176d6b7f81e15c242a2,final,True
762,bf6e0004b421e3939d77c91ee73d23e2e1d15e1ae465e4047c4f00949ffd56e8,c6ed8914b2176005e5180b2f350ec6072dde93e7d5b42d7319a4376f54c9000d,train,True
763,e533c1062a08f145cad9aec8dcab15e9577f103dd0b2274a422f07a3c13d8aea,9a8010f2c22c4eff1496c9ffffb5294845936c9a2c0211a8c6d45bbbf9e89448,train,False
764,e73eabcc6cc5604fd339a44557bbe388fa5c0d364fbc526c77355d52d3c1022e,02af0601aa95cc5083233605be63ae554ac65f8e2f47291685edeabea78b9f91,train,True
765,94719676f2080a03288957d038bc62ef9dcaa52b37144d7078c3046baede7261,8030f0e0090f8f63020dcd770e9e532fcf85fc8ef48cb0ba98c85d60b410de6b,train,True
766,77d1219e81971313d2f221682e27c0170b727c20f5b0a5401c74a182f9cc7923,f59d9e5cc7d37a12cad75cb8be5b2c4104ecac180f008f02e2d1cc55e285fd0f,train,False
767,e28677cc38d9ecbc997f5ed0288becaa8f047676653412d81ef10d14ad0bbb10,3231a371be48f7a10349c251ffc704250b788260b239e298c969ca6a87d13be0,train,True
768,0a1c8c3782465492f31d2af135dc32da1dfd7315a6487b24d99561b8b133b23d,d75abf3ec474572bc88036dcc23efd16265912968c45612aa17006aec6817829,train,False
769,20fccab87fe21f3a84f92dd4800baa914340d64f1d5588cbeed7cea4f51700fd,d195d8863b4a100997f4d4999624b352887f4c304c957366b9354cd63f91296d,train,True
770,967f038badef01dc28292b5729d9ec96ba2a669eb2ba4807ecd1f927d7cf777f,e4a53437974ee59fd222fdedfcc64b1d4a2d3947317828f307a37686c742ba95,train,True
771,93988cb42f99150c8aaf5ad229fe3c547e1e9869cf625b8e4dc1a5d3c9cd55dc,d85e8239b4bbaad63f70a5e043a584d87fcdfa7e258d98a8f80ea7bc1d958428,train,True
772,1acd62b919f8291b383ad297e923b84d0199012d5843884c9bc9267833099b84,c241bd76d724304d3ac6e9042c31a0f82b486689c07fac4acab3fc92eba3c84a,final,False
773,a67ed9c1783c01d2c6412b832da0471c5e2ceaec9b39f7659d64045d6f514a84,206752bff8587b906ce99e3f5a6cd53d915ce6ca64f195e2385bec442bc325a8,train,True
774,30857ed1385fa3ef6eef0ebf90f3184ee83cc9c8e5694d4c124a1810641bd172,1a05bd4a7256adaf648ab3501e85fe5fb88b622297100ac68698b5f705864c4c,final,False
775,e890b02c14e38354cd22e332728968fd04a69c864f8d6ddc8e5aac55fe2a917f,f9e14652c0e823b5c13bad6c8c6a67963a8b345318434f6e1df75562d06dcdb1,train,True
776,7310097dcf316baea1806335d74bed7097762b77e348e42388a82ee8b204a038,b73a614603f22731056e070639ab269f9a7109977433d967e8d4258c0fa71cad,train,True
777,dbd51d18027abf1ba176e81ad8a9f2ba2bca24f6b1550b663dd2308357681554,f195d9807f9ae27a592d9ffa4c2486221f3eec3ea58267fde159ac3cdf094ddc,train,True
778,211fc8df9129fce45db6a7c2eba1df1887c2bc4454ff18197af7b6289b4c792e,74ee7032e863ff2a8f843509c88e804cc0865afa21259ee8c9eb228b44371ba5,final,True
779,239085f44185180f20a5b3b84df9f5edd263e45bd1f1e8b5b1a0463f75d9adee,b9bdba31e43a0082475c1c159839c4e84fd0253e36ebaa8272ce0818ae150f7f,train,False
780,29986c9decf56dbad3b359ba650479303c5a43a6ec89ac3f736d4b1e74f6eac5,5358d2369b40687ccb73911d0a3e1324e10eef2e8f85179d65c0eff33bbc8ec2,selection,True
781,a8201f4d7c9bb959cf1d9f674ff33e8a8af2a58b96c3b51920b86180a7801ba2,c2cf99d5f9e1ee0c19ff6adb0b59c4a7645221ab2ec472bbbc7423875eec2031,final,False
782,e988fd7cf2a13966b1832793f450cb9e2471ed1d364a96464f538d71109eec7d,9324be2583a386ffb085211fe24654ff14c4cba910c4163991e9677eb6e69959,final,False
783,757f777cd124dcdff5f1825ed41e3806757769b31e97e8b83b6b8daa4841cd06,bbd4e3037a618813cd62d66b248f30fbd2f2af0181e2b2b2dac936cefba73e49,train,True
784,6095803ed6659b5211c14e11505502812b7d46fce8f1d02ce9d75cb7bd6927ff,a853821f8f7ce8aa946b1262d7322390b1caa20b807eb5adad0865f0d73cd8f5,final,True
785,4ef5cd0ccb2481cce255b30ae9a84de6b6dba295a21a4a424a89b369be824f47,6fc5676745fd82f8f56997ed331efd27444d7e533559309849785e2ac09710dd,final,False
786,733c7a07a70a621a4cbb76d59c8313d3a1a4949ecff7d5ca91df2f60f2998221,ac4b093e6ee5819c2475a6a90dc80ec5b74606db2821ee9b163059a229646b26,final,True
787,b103cb8fac12fbb4c56f9189843c8453abea50400f1d6d32433559720e5a0f7d,9b66f9a9dc7c9069fd1ff06848dcf68dce7cdb5b845ee981c5ebad507a9e79c1,train,False
788,1bbd52c29a59bd2d2e3efee7bb2813af8acd3f63f6804f3dd63c4ed2fc070495,70340ddbc5ea4269a4742e33c037a215a740e19a871f5e4705fa1093701b0cb5,final,False
789,9f838ded53a43ff5bb25b88df42682a2b391afa6738616a863c296402c07d90e,4b9ded4a42a5d86632906a43d0fcfcf6605557cc3318a77ea6fe43f7e6455f2a,train,False
790,76bc56b666517bcb63b399b28ee035057ee7954e7b6d50bd66d778f83e15bc9d,693b1315b213fcb6a66b29f6536e8811293dff61345b46ac00243657358a21df,train,True
791,7b045e38ecba6ec81f7a84729f76a7585b0a1b225d2c296a9a080dee27b63c01,ee69aa987f682fc042312fcf37202f0389d9086523eead5cfe42a4e3160ddb26,train,False
792,0ad1874380bc8193ab08206e73cd7d2c6a42adb3ba0b0667a3900e5ec98ab603,e799f77a1791d8c6a417785ad2e01b81a468c2d4f0f057a8a93bddfc7123cd6f,train,True
793,23fa225c268ecea6171cc982c373077ea6d2a63008d7b3893e1e5292f74e5d09,3cb98726cdb5601313b543488d97a075b0d691177d2b373407b4ad66ee644834,train,True
794,9229c0ba21d6b98b992a463b5936415a25592dc3c47cee8bda3ef80195463397,48a1073a641ac583c562bda15cc79de0b46bdf54f5ca25d56ab843716aa9071b,train,True
795,55e56f7d6eeec727b4fa8b75ce4da07ae1cb0861f35ffbc67291dcb1db474ea5,19771284f93eb84397974270fa4d6ffecc5a163345b5a6d235013587f0c6034e,train,True
796,4545337cf6475815046b2b9831b6bb9bad7af87da9c7e0870500db1cb0da0e4d,c9ed290e929e4caa30a125e60bd2cc2a522bfa1319713509a31565dae6ec4ec7,selection,True
797,9d230b19ff8ae2fc78bcf6838d8bb7690629d6a9ae9fe96038c65770a0a823d2,0f73c0938f79c7f6a318e36104538bf2d9a3a6279174b4eb6200e10417c2ffc5,selection,False
798,2ab6818694733215e24d1e5505b1805f9c063b9bebab94db043e844a80c3a9d7,5eb57dcb255b854d1f12e4f9c7d84f0010745d96c89f3b163f91f245269bf531,train,True
799,013106c697835191d9d0e8c3fa3f025ec6d01aaf03298c2953e157fdf32998ca,a6351eeeef6b869ca30d6694bee4492443bb4ff71fb6f422b982dcae8fec0aa5,train,True
800,532446ac23fedb6bc4404fe421048d045bdcbee51075442a593ba3eac6009fbc,f2920be2ab4dcc27651681d8986a804f7cc3c7538dcccc17829f3e2e65d7aba8,final,False
801,7567cf914a7c97e526a64c3ad04ac6fd6789502f1ceafb869e367da75917847a,400cc65a50d43ff342b9c9a792c9c71f26ab1de1b45813099ea303d37678e13d,selection,True
802,ecf6588472e8388b0c4f2243235da2e8b8eaae0c8743c51c39b59a9088ae9e7c,012b0d0f37e25aa1925202c96807119f3ceef4d3365f63a5744aecf4f70a15b2,train,True
803,b0ea56d4808b7f8a847ee22cd67c7fbb4dae5de158e3fe6b1b83405e265f95f0,ec3daf03bc58ebdbea5c994938e77c432fc92d53f7c9a5fe51de82d06ea93f9f,selection,True
804,2b07e5f3a6196771997bf640de1dd9c7b0733cb64e649cbc1932b761a9071fdb,4359b66902631ac19a77b2ba8544e0c4cb058aaf3f408db89f039bd1793aeb45,final,False
805,446ffd1e840b2ee44fdacc50cc002eae7cd28a701a78fc3510925177909bd991,b62e0cf5f535041527b8b4c9b8e3f3e61921b16258900527ee498f1eb251f434,train,True
806,309d7fd4cf7741dc54b4358624d3e675dd0ff02d27d50c5f955433c11f9b14b3,4b80f021f7107c78e9b3aacf174f2a6fab638c3c4526c693ea6e18c090268f0e,selection,False
807,b8839490bd5a5ccfc508529838839154017c85cb00c8f28da5ef47c2c699ad6b,4c289414f4fa0e5a35664fca023c07578737d719011b8dd703ca002934aba409,train,True
808,ee9d16cb67f4f084981c7ad7433878b299d5ab51c3e80e6c7c7c6bbddd5a24b0,babfbae436d97c2f7df9976ce3ef2d2253980b323cb9480be458d899e9e5a0d4,selection,True
809,adad03b2693047fde12b34d4ca3d5642382c44bfc053a218201b3c07141c06d4,816291e3ec7413c1866da8bdac7a17027aeb7e55ceda59f2753ad90ee58b9d19,final,True
810,db380a1f978d70fc87611c6ac961cf8d885eef9414a0eed103d12714f849522c,f61062758c48fea776c3ac35106b797b3ec90d128df13b5a78cb8a9eda17a2fc,train,True
811,3ccc95f1216331505405da794edb1aad2d3e44609a6912016960ebc2dec4baab,0197518b14f4bc6b0231fba2b049b3828572c334082e91934c8298c678fa2f01,train,True
812,542f729c6380b60d89664b9fccf7f17d1d7b7213e41d8121804579ac667f418f,15c5c8692ca704f5e638f6b242dbe9eac8be7929dc4e45080632aaf1bb758d21,final,False
813,017826b3a86919ac9d4aaaed5b6acb4f1806ec4e7501ba86e13027852dfab43f,3be97698249c415b2daaa194524d6991f9bbaf5f99e17a49f0df8d7bf9690772,train,False
814,6c4b74a6562f35c856a6fe3bbc0638b1609797e8277da21c04602bebbd5bf6d3,8f53f3e5a59e2aa83ec80f6885e0873a61a9bc62ac9081551aeaa44af663eb26,final,True
815,04c923b1cffc66d75168eeefee1086c317f940b8a469a5050fddfc03532d6a16,f78b4adb6d7f05e1ad89f10984fa918fc33c0b882ac75f7064921f61bc70bcd7,train,True
816,ae01fa906c4800f4131fa6c8143754f1550d5f16607280ccebdc38c0da96fc5b,7bf3fbf3b01eea8c1c0197f0f9f583e4b480d9977cc7dd1f6b335416a5ceec74,selection,True
817,a066dd5a8520d4c717839ac579925bb4d42c07c58481b979940941d307d1a13b,d3b3492235b0a3b019a54304af35115d25b2794d4bed834675621bbb8094bd63,selection,False
818,9e22628c78c06c102eb4d447e9868590d45aca35103902b879d76ffed0e6f580,fff502bdeecf055cf6232d9d6d628fa3d47fd9e71e42793f838248d239ae8a9d,final,False
819,9041349ec7218d602e6292554cd58ddcaa3fd731f4780df0d54140fecb8388f0,248b210a1feec04277fb7b25c1cfceb130a72d83ad95ad0575b6423df3ba76e5,train,True
820,d2d96ad038b9292e5fd7933d685191951e1b011703c5581090d92787448653e9,8c7df9b80987b06c8dd93c3d8c70e92765b2b7a283c0e5910b14245f35397d2c,train,False
821,63d57e741672b0b15a2f769cd6f67e2a87befa151bb9c503d3ffe174bdfb0517,ad1c410c162db76b25f9ff0473e71d518f3ebec37a10df1b5e11a90e81f6349a,final,False
822,71331b5b1e7ba431fe4bf9738f09e2ee70766226587e8382e719832005c696e1,ab328edb53822bee7a8b121aa7851419c6f29420d49d8d1bfde6d4dcfcc941c1,train,True
823,6eaa28aebe3d1ca6d2fb949d009cf9af618b48d0756673eb3f042e5cbf489bcd,cfd5cbbdd2d66f73d2f97f7132723578c82cfd80b27e17336b1514e4142c22fe,final,False
824,7a5b11ec94600191c93e48705498a4715a0985ff719d08140ef2aa3ef72703b1,5e633f1604b4d147e41f78a4b2788b4e54a1f11df36c511c779828aad2e1bb35,train,True
825,7e86e5aadf3428d7a1f43012bfa5534993394d9d5e48570f5146bf4d84c92199,13911a6d6ae70841bb037a3316175aa8068624a704d59b9d9a09018040c2b875,train,True
826,2056f89264651d9aebb574ae44e10ffa61e5480f1b87960b89a764790d608c8f,2d672a7743958705bbf0f9c143ae0c8259afa7cdb3e64cca420c91d5a93306a1,final,True
827,f8bd4298409f8f0ef54f0b76ec13e52dcaa2bd6f6a5a35e88c3674c992c3bc73,e017926ab182b2de71df3f9608c30ab0ca545d20ec9790d6e976a11b8327bd11,final,True
828,9a3a7d9e1fd5b804d48fb38266457303a9a42476418cd63936dc1bcd65122720,89bf136c29389a75065944f7179db484deb1c186ec993a2a439a17282bc409c1,train,True
829,363e68e07bc329ecdd8a43f54c2fbad4999992b88a5fab831596234ab0b968ff,d8439627eea03135acfe92f2395399df5689f3e6d6ed4968cfe734c58da7a07e,train,True
830,9dbfbc2a9a7f82c28f7d58d425f5133abf25510fd387fbf50f00520bea61f232,b7fd5c286310f1da6f948f01f5958edd5ea05a6a1a7a5f43865d2e391e10332d,final,False
831,872a8b4fba061aca743116da8c58a85f0b175ef8586bc467e923cbe0de2f5e76,aa8920409f046c21f2da3502f4af625d02bb85838cc5dffb03623e743d4378c3,train,False
832,3e627de1207f1307ac444b35449f0fd732410532e89c2685d9c5608e83c681fa,65b27d8c3ae5726ad08dd61aa8c6855e2205ab3b224eee015dc657270d0c8ab8,train,False
833,2010c2da5aec72a62d11135da991941665b4456bc1bf918867ab20eecebff005,13a6d0bae41b29186cfb26fcedc4b914805740f7ba919d77c0dacac1f1fba2d5,train,True
834,937f59039184438151e86f1354c2eefdab2fa655a4184cfce08c7716d3eeb827,bd48fe1d4c51750e2861bb306f537ab45cf6d3b39564b77c75899a6f58933552,train,True
835,d0edf6c3287bb98a7f6757a1c5fd3d6843c026e44218d0868dd0007644b6cbac,cbb412b7f235d196dd374c82eebd7b05b8ef4b4d1f42d1d4e3fdbb82d382405f,train,True
836,4b8058e7a81cca8c84761e5e17c7bdf08ac3bb4f6b499c49fe0a0a40dc40b5c8,45ee30a71c86975fc0c83e0510bf19f0ecb41e64687cd002f2d9ce346efccd41,selection,True
837,157973df0d53a0e451416247d3e571232bfdc63be73d1a05e06557fe0ef9e521,1c60982a28a330a45ba097510ad66f58002080817a017de97511094b7e3f3137,selection,False
838,804b4ff954ee44f7fc910ca20d0e44d338c50fe5edf735922ad973c17ebb61e4,80a09926163a05f1e70caed53108990da57bf618092f1d4b47577f8355f39743,train,False
839,e0d52bf365db702875eaf8594b5af83f10deace912863558bc1aa9dfea548a66,7f7891c47e4f4aef7c311185be49fa30768ec13ea95d67ac3e6f0bcefe72b081,selection,True
840,85bebed72afc8a946396f6d126f06e7efd526b64204e7cfc735f5c9850dc8b71,7c3026662502a101296edd122e12bf10cf463535e45e01a7041afa91ee40df1b,selection,True
841,d1d9f2844804f3df3aff5b6817211b9d61f655dae931b9345fd764e7eb060ff3,3e6d32c20d151b3cf31f130c01525a07f6cfc286d21744bf7f6997b478d5997f,selection,False
842,e4665ed9c9124ca3d6c96f9d37743926bec39ccf8dda16dde4608bf0d3d76609,3fdb22f4bb2d4f86ea6d494fb71b9ff167467b352c5905d33232ae0fd363fdc2,selection,False
843,995377f0ad7e57148708d0c1625550982cdae7c004addb92091892ea0274b936,9aeda33ec11bac58aab47ebbef6cd680e51636c9c931b342388a83232764fcd3,selection,True
844,9bd34e57fe3c5f338068ab8211cbe46a242e75be1abeaaeba56ebe725156f25e,857453a7b7e6bbc41791399169a8725e9b95661bfa5cc6d37addc1c88286573b,train,True
845,5553f84b06844367ff80895ee3eb6db635d6b673c4101888557c52fa0a8af49c,f9c8d781d17abe7f549be1992d62ebd52c4c7e991ea54eda297dc4c3fd0214ca,final,True
846,4dd77b5329ae238129f488326c4a97f9f06c9ef9ae2f8368eb250557960ab5f7,1ae909ca30a5eb1b87ca25d8c035eba0b9c8ca8e7591fd261b514d07993c6087,train,True
847,d7a38f390418460dea7ce1b6eda9875a20db19a0f2c6369608a2dc5f3f07c980,77107e6e09da35ceab227b639b5817e04ed06808fc71b73386e4d68b8f521c74,train,False
848,565189ccb1ece4937b7ec538238a4eb4d9bc7accbd2c959a31dcd6584bd455e4,db71ce9cac325a56c6db172041f3aa9596d97af5fabe7026d1277bcc83c1b8a5,train,True
849,b738bf8da1f18c41a58d1eb1b00819297d5d016e42d7305d59517fdc0db5a6a9,eea8a8cf23b36b47650755f9288d8c35c38be603f3359f3f1ce710e1ab519348,final,True
850,8542b0f51f9fdef085e4fe60260ca1fed53731fbc11d61ca5bfcf492a04465d5,193dc28306ce298799b7399a9680f70557565d4fcb97b7fadf5a954316a91750,train,True
851,463269500312139409416a0c4667df89dec81e7b5363501f4c18c49f455c3700,a633a656f36a7516957498d0b427cea4c9dc326ca4afd3644d5b9a8b5e2bee47,train,True
852,76661514cc461e1fa860f99c727bdf347da2fc811cc38f053c9e28b973362bc7,a1477706f1178565d2aa05e018c710c061fa587a7150319422b10a31b62e3807,final,True
853,bc288aeffb441edf235321024bd6237ef6c7d15be0a3fb616068d326709df357,b05bdf23044b698d1cfd26eacfb046c9b068161bdcbd30abb981ec545acb52c1,selection,True
854,6468be14c48ece0e2d9f5eced86b14606575c6984351ae35066cb4a5b311ecc2,5d6a0e0e7b7ad891ce6079db3c1e9b25f9b77b939a4804d19308981fce8f6728,train,True
855,9b2633c3c7f96cd859b621f6ee5bbb66b76c2f55c4dfafa246bb3218683acfe9,be0b2557ab9e2d9bec489653098672bd275066fe633eaa0c19e4bf67ce0467cd,final,False
856,db87218de2aab585bf9e8d340d573f0c4a8d9f42254dfa3ea51ce6d73bc45a41,7c4fe8c485cc2569d63b1970afba0e492a1f167b0b1a5023a5f9f6b26089b68a,train,True
857,538998bd59daaf9327b620db453a7da70d45dcb5fdb93f80c76ca81e09d5526f,16fc29bc825efbb464f122014ffd15c09c5e8d9921d42be61e9067f4ff35a8ec,train,False
858,b6a21bbeed09c882aa2e742ef33d0cd8cb527374af05b51b5162404c97d36a6c,bdc61b22c84f79582590ddd4419c779dbe9c3694ce8e4f6d7a9100865a28fd5f,selection,False
859,35aa8f4e196a5a4c40ab92bbb237c3d17ee430420655de568b974fcad9b86f10,7cc2c98b0751b4d0cc6bf4195c6628edc8e20e6e853e843eda44d603d6d9fbd3,selection,False
860,1037c7fc435d494a2678c6eeded923916c7c156f5840e6858361cc19261a196c,b95ccdf376c45d650fb16f6ff41c0397ea018637ebc185be19254217fae74141,selection,False
861,3bb9aca0f31ab0c9d5bb7b2ec0fa3333a8e7c260d7196db50e24a107567c62e9,86f2fb29aeac4dc66ba0cf96758c9a0371df16e376d3c45ffdffb54ba229292c,train,True
862,3c118543b3dd339ee0a0ae395def118078d95aaffba75782857134f86357fbe8,20301329e2a94a2c14e138d1d513ad5a930f377c6cf72ef9aa44f1e01f140d0a,final,False
863,b767177985d17602c189681936529a5d0a480fc4721b9bd834f0b897bc7f8265,5720f052aba14e791ddf474f0dd3fc86beb3d94609ccec54036ecb317db70e5b,train,False
864,f3123d004298b45d1609d3b3f5e04d9d05528020e17bc586b700191ce64aabf1,9ab9b5dcfbd7420cbc6bb9f6b39b66ceccdf2f59519c7f30312b87d41bd60add,final,True
865,37cbdbbba08efc5a9a0f277a88d412207187c03f95ddcfaaa6d02bdcab1ea4df,91defebb45efb1d47c9d02145486dda243386f2903e42770c86f1655eb99b9ae,final,True
866,ef7cf3c204317cb4c591d4615d8df9d512ccbd0faf5705338910d5412d7d01a1,8d7a248e0796d0f6da24625a60c65c4ef4fc024f56361c9bfbb5bdfc4db26a28,final,False
867,06f43227c77a723a1bfa6eac7bff6848747960ddb270c9eb246649492229c080,4905b9b39051f49ddeaa841edf9172c5667146466fc4884a777443e6112f05c0,train,False
868,bb06899a68fb8020d5f4350ebaf331e02da695ce154f6aa5178890bfd858b1e6,d6ef4bba383eccb068a7cb3bf3eb1fa8e43a444d1f0f643d48b5e0848944737e,train,True
869,b799f16fb76e2e902fa0b1f06110344d8189e698171fe4c5f5c5b2858f463ef0,d2e8f3a53e28a9e314363ce04ddb9f7c00f36ef4e50fc241beeac02759ece2b5,selection,False
870,b1f2ab25fe3d9c09214c5ee83e56d574614c3a2317fff212f02e49d004f8f743,499d5165d8ccc249c5f3aaf97ab67a1ae6467e093f63c7e32e7ad6fb9fad56e1,selection,True
871,6c62525d3a0a9cfa833f0b39613b5d322837480402d9ae6515546b21503fabb6,0d8c89cda1f8da7da771862b44f2ecc715d436142b3d8c20bea8d9a6bf4e7c19,train,True
872,9e348a692294358b1f2b5b787499ed06710d43a32258a5ec99db712ca654afa8,c51b0a7abe47c71c82dfe083ff92af77c23037e69eaaa17550a902489c01112c,train,True
873,ac7a15c395f73e9cda2ea6f14bbf2bb95be815b611122c6c6f24036bb7024819,0f4434e4b7b34676e84bbec899f03d087422ff49deeac945b630c36547185316,train,False
874,6e6ea39888b7963744b4c2ee772ec26f6e6db9554a35a9250e8c48c94dc1cb31,71f0f8451191b3c5cd5beddedf71d7f3d326ca4078b120399c761ea4b93fb4fb,train,True
875,9897a8dbe6f38bab91ba23273c8970745220b5c34c69147ef5dbf6c10381c78b,ac69ea80e5426d0d392a251c9ba9b2b48a4ece287816bca4538ba67be9e9e56f,train,True
876,c5423abd14ea50c361fb691f6bd72a910ef52a8bda46175d4d3620196cc20436,0d6d3138d30b88d49b04f2283453d24bb0bf721cf02e4b435f4c46bcc2cf9da3,train,True
877,f8faadfc517724fe2eba8735e55046cd8dad2dd07ba13df48c2a02cb266b4678,3005a6e5ad9cf822fd9bdb9daaeaeaf2ec1698465de8919a2b0d55f4185acff5,train,True
878,a3c5036975cf1d4509a45946353b62b89b15c5e536ebea9f2142712775c6a862,1a01ecdb98067904f7de0671c2824d1c62e315aa374801a8ff82c8d957832e6a,train,True
879,e7298ba04b74c924189efe01e8061427dbb6defd5cc2514ef9a8234ed3ab2a04,9e5a12ca1206426838a2ac6df3bac4f1028591f7da41d7e106319bee8fcb4670,final,False
880,5c6b61d0ea3a38344ed2889a98279c6d9ff433f21e59309814fa1453f3248fb3,4cf679cd668903beb70bf7afa1a368c615b88656f71ce0f2491f745e8fad2a94,train,True
881,0f6b0bea9eecbf8cac3f13a9280be859fdcb59b160e1b94ae3f9927e89211df8,c70693b17e51804a905eda08ed60a02d9624d74395cb47927bf1702843dc6380,selection,True
882,e701c5b0b0c527a540f09ff50b86a620ae7abd6aa082c5df085fbd36db1bd0ea,7f56f6e703f5d3ce06a44f11e1298e881d964fa5c5f29891dc67b2e147e7fe21,selection,False
883,9ea34a39c3677feee55296fd97b554c6e349eb420aca57d948b82c5ded48f020,1ff15641edf66e43af81fb449964e59de2cd75090d7bc19869777ff60ccbb5f1,train,True
884,18319aac491623b9a5212de4a97c99f36d3a6c2cb190e715ca5a7d125e422805,bb535ce4dd447e3ca2992ae876d3cf2f45470cbda8655f470304d44bbb59cc30,selection,False
885,198a411c96ca0116e96ddb6872b1ba91b7394bff3f3ab0b55b45d9087fbdc3f1,7f76753862a61b72507e86f9ca3da977e17763fc5230520dd58c795bbebc64b2,train,True
886,8f0374715c6b65d5c6d4d140bcc029054c91cbd50a358eb1dacd184ec82cdd0f,d88fe35c09b55e582ff11578e7d7646832c25a10f6ebf9b0bf9734926b4c07d4,final,True
887,7440e67e9712f496a7f55cb2a51124342b7756c41d6fb00586b6f40bf1082c43,3fd32523cb334f671f656dc63bc004f9ba525389818949f50cf3ca67f31e80be,train,True
888,7a5dd4a5caf5e303c138acd929759633003dd67f94d9344722a623d54834ec0a,5c65e01d3009b128fc4f66b54b4c682ff9dd26e90673e1e695f2dec2d205faa7,selection,True
889,cc1a621b27f79f331ec84aed7e93202b442472f114e6556fb168148379bbcf84,9cf4f8ab9b578e8f6dc7971a876a2a323a6993984f5b714b1715414f0aced8b8,train,False
890,551bb4fd4ce87ed7cd2d0b4e55f7b32d4add297690291159fe5afa743cde2667,d1a13c6da4988f76e5607b2b6bae620ec85a36ef419d5de33333ecfeed298a59,final,False
891,51fd5e38e2f4ccd2ae1aca6c46a507d93f258750631d0b346f9ecbaa1bd41fb8,9dabb7688f46c737b03957356df2325c78efcbd886a09a9e48a7752b77f1fe34,selection,True
892,a58f0b8715b217bc524dba355a03c4d66c2f1a4a77243562df6d364dcd2ee87d,8345fd4ac38de9f933b1bdc607e2ab01a12fdbb2ecb4f7af51adf9e6640a8aa1,train,True
893,24776b54757831777ea8072c549a34cf1e484205561412487ab4e63027e2d42c,0204fbc7fa33ff0b1970c4d1f165e52d961a1441e8126540fe9b5ed41437f1b6,train,True
894,530fa5446604e894cf9c2f01097d30cfac940ae67d54782a520c4b657bc92384,5188449a75a5f044d0be2d2045eb58e517b4ff69d89bfb5b9fde90ef44d55ee9,train,True
895,e466286c9e6a63b94b119c5d1689866bdb56c1f997a9be23fec8ca6f4dc8dbe5,8f95716916050ba84fdf36866c172c6c26e3edda634cda9e4bfa1b68bbea265d,selection,True
896,2c87270ab39501fe45af2e42054c0bc87c0968502cf2b03625bcb2c3151fc935,509318fcc89408f8a52a7e178730d443e59e9868160af1a67df15d4e63cf40c0,train,False
897,ea678f700dd48bac7ce66a05bd6a1122049dee18f84d65627a32f3b1ff0b6e99,a13f6f027df94e012d4c2556a213e60806684520c3da81e46e8eba40f46ef0c0,final,False
898,b3ef78e6521ca0bdede42629142d9ef6cf04496c4b4e8c76e71f6872a56dbb47,73d0daf768bfa235f058b07a59cdbcf52b445e9c2124474238741bcfae119461,train,False
899,1688b93bdd1cb5edab3a315d2090764ae67413f7caf11110a10f4dc843a659d7,d79f2d61204cb4ee547183e15ac7378be8b8fb52a14f842e906f54a6e2ade78c,train,True
900,eecb86193efba6853f10fa9adcb320a94a30539394a9c2ac806c99ce845dd741,445660a7490c0410df0685ee9642ff68547548ba79a119bd20577429bf75abd8,selection,False
901,36b67c47505c4ef848e222175ebb65f5fcd2fb4842241147358cc83b2c7e958f,8ae9cbbe4ed773d9e8f4722f5ea4d2be160f67680b11d2f6edc4bd8728f2eb1d,train,True
902,bdbcdfdf78cdc7cc702d4183d43fb9ffb876969fbb53a0619b0d8401b8d739e3,32e3eaa621e45c29c67da5b1245b6f4e850460c088044962a0b6f7ae9d0b48db,train,True
903,6e959702ba86b115e9cb6a63c8ad9b0d4251fc32fed32612e0fd717e4989a884,e538fc28527763ef6225560f272a9c6bec79cf4af6ca91b8d6a10d95c22cb3fb,train,True
904,73c66c7478e762baeda8fc48f90f00a17f6d64e5a96cd786474bfd83baf22782,127c90ea8355fdf41b1390dfaf5d9d443af7a0d26ebced9571475a7b975d080a,final,True
905,46c8c8744b24c7c5deefbb0ba8124d0f3f63a78e543403a32dc6be680d0cabca,cc3695ae79dbee98e5096d2766b482337e73991fa0e271767c36d8d8876cd999,selection,True
906,f307fdacbab22e7fb95a8f56067eb895f04d2d7f4f69f5c96c192bb9a8e48352,8ec34feef940218879df77c327ed622ae82c5610e43d9d8254cd9e7cfe9244bb,train,True
907,1125d309a2b5c3b3637bfaa6f0545bfbe19936ef25eb059f9fb6627667f61475,2a1783e4831917abd6454904edf809b6ba50ae7e2333a6e7c79c5a08c6eec14c,final,False
908,ae637a11bba2a96505061cb13053bebca613d4460b439d1835f3f2a22f732fe0,cc6db47928bb460f56dd6dc7da94a49909c2e86ee1afe1c0cdf8a831a67386a5,train,False
909,3d30b5d21e4ee39e886ac349633f6d1f0d74c015cb3a2cf704b00b56abed8df0,c8611b9379cd25152d923882b9cf5e88e9a81a1dab692a7c914cb1dd812fbe39,train,False
910,60f5de7669834047b190fffadce4771856080c7b8b7e13469630bd55a320ef38,5b53e83453e9a97c5f63e13c64ca6bfe4107fc23608e28cd4ca0579d2df24794,selection,False
911,deb3f0f948eccd06906def2b3fcd7d009f8ee8fdaf12015377ec2d7ef935c0f7,5804f6c7cc19374f67a1db182b26165e8bc7aa8af2da1e48ffecafe96296ce85,train,True
912,d929ea60dabe06b477615d2dc08fdec639a2b3ec42f562c30f68f7049fb8efee,289eaf679f683dfb2d9e581ddf5c0c27eaeb70e20c12370a69d2a66e8cbd4cf4,selection,True
913,83826882644ca791fa2de662031c2ad7ab5e201126daf170d39f5a976b395708,10fe9decfaae10a3024649ef3f6da27d82458298a54ecad8815f3f70d330215d,selection,True
914,66405a26d8ff38a786f08977bbcab07a4248e85a6262bac3f4e06d6471b274ad,e558dcff09eb1662c7c268407288459302391287ae7a9ca3bfebfcc5d7208ea3,final,True
915,7df1b0537f08081cc6ba236d030137fd5de8e1f13cba2440c44ecc50a754badb,4449b391667d6eecc50e477a3403b5dc0cd2885eab58a0b9479c29ea8378c455,final,True
916,596214b02a350ea77595641c8c5e03da9017a5453c7f578daa8d189adc938bd9,117b8a13500e054fb2fddc207c4443c3aad17aab4737af05e013582208a5f9a8,train,False
917,dd0c53797230aa91fa7bec780870e0025aa82f217b41f597df32ec9b07da8da1,d15493b88fc80f9b3f3f3a29cfe955b64ab0cd4bd1d3d151432024f80f7f9e0d,selection,False
918,acde7e09313e35414bdc50016a349bbad95dc427a2321bd9941469716393822f,db6eb4d57267836db696695435391b60a6b55ab371bc3097efc6571b568f1cfa,selection,True
919,ec898d19bab13269e5970aa440610adeed74edc1a50b5b6b0cbce2e446409743,4a9633a70512ac8f824da2b12818474ca7d45ff37ab3c36732157cc3595c16d5,train,False
920,97e87ba7a72b0a3048ed0ae46ef14f4cf5282d6eb6a33b0f7dbfa81233d803d5,a70804122ed6d92f0a555e40ac48dfb82e10bb6f4d30695bb120cac812af2973,final,True
921,ae181e0425708faed327c8eb5b4acda92be447ee60a9896c1ce63c349da22bdc,6e7bdedb231b93c6bad5d407ffae9c838e02da1fafe636bc465e057359f298ec,train,True
922,43fd112a1f8e8bb81b42947a9ec11e568620f35a866afc1947b5ceec81d77327,94bb6e5e0d5f7771b26487a4aaf9a714c6d705f825a7e382cf20d46260ef80d3,train,False
923,b0043a627d9e89d4d5b2277b417c8e5296a837c161737703a4cfa77e07c144ad,9771095438bba87160f9044fa47841773bfefb236583fa28e7c0b0f38084911f,final,False
924,11a5b79ed95d81e94f54b63c36367210bf4496583c51d0eb72c0186d9c62254b,6be2d0f9b088512289e0b2e34dd92ebb62b4698be4fca6f4a1ba9cc0f2b8e66d,train,False
925,21ca88f6b89c07b41d22e707c4c12344900050bc0f77b77947c4c272dd592b4c,a7140ab47550e6a6dce16195eea8d662f2dc8329f15f9edd38ed141db1d8ec67,train,True
926,61b3d57ecd4b4d495cbca2a86532e00ff5899cdfb36ba0be3ba60e48ac65fe86,8841fd1b5cae1f14331de747bda6f0a9b132b861a3fd0a8d1628fcfef49d08b6,train,True
927,8285e63bae01aee5a3311200b52ec9f04b8236dc74e7e0778dfc7054642679ac,b3793fd8190af191943e2d3c31d45edd9965ac3ff467181591d952cef6aaf6ed,selection,False
928,61fb9b12d4cbbebf58e73e85c60dba38722d21458049d7fbcb444f0ea90455a2,34352b493c8a5f0aef9b3846051ebeaed0fa691c8dae8a7f08b75d8511c2e0ed,train,False
929,a7e7837e1fa51730d66ea46337ff1f6a68c814af17a6d83d9eb85bd6be092a45,8c738308a04d7c690a5fd5497004a1f8b64775b6cdb19186de802edf1dea30f6,train,False
930,b706c7ab1740add8752f17109bb05928793b43dc1d537ee6c5c9601dc00db2b6,131502423b36e2796f4c0d02924f91692860a28ed7eea6fa87ae8726c31bb120,train,False
931,4c7c3f2cdff0a0cb79f6ee2f8829603501a5c386af10bceb965af4e355b3f1d5,473f9ba1c12d1d6f276616543b6e64ffcfd6c541e1c3d46e5f2a6bf6c516144c,train,True
932,1095e29deb848015ec13d5c6652ea5605a0b1ae74925ee30ae59e94c1dbf11dc,ef3172a52054b76e4b74caa143ca0ee05c8d78dc27040808fea3047627472e93,selection,True
933,b2e1a74914e2c981fcee9b422b936d5e48c567f5c7f5c5bb9d239fc9e971e807,12355228785ddc1f88fe19844cb25f78456f38a4f0256d31bdc6801569d2a1cf,final,True
934,b6f478b93d66c7a8d5a00bc405e8aa8796b5da31c2fc566d5338d9b7f012d138,bd7a8c47a6fed98f4d60ee412d0a0d15ebe95754b4eedb5b3c96576f5938679f,train,True
935,cb7ff5632e5b4214a282119fdf804014d067b98df66cc03b74a930df41615ecb,ba8364c40f924ac15cc6f248f072933be2d3da90ead7eefe22c7ed7f5f565037,final,True
936,f4d808af3acbfc625b8d49c29363951fc2b6c56b6915ac97faf259991b24e974,8dd46e2fe49df6da51717ac04857e8494f4e9b6ac8de6277fc2b80f3bfeb37b9,selection,True
937,48faa837fa2be055f77b1b4bdc7704607eff16dbb0e348b7fdf039596dafd1a8,3251c2b873032779b2a181aeaad48b6826741e5708d78db1df06476aa4b01caf,final,True
938,d4f144c41bed19ce35488f838bb47299e06d25a0f795e4ec96d18b63f74c882c,139c8d5408d0ba0dfb120c73ca5ec0a2d5b2d1b1d0380ea84eb8eec277a62d33,final,True
939,d54339d8024145342d915dedd671095c538ccab641b5382daa2b5581cd3c1ec0,7561e6ca07b7f3ff60e742419450a41f09f43cb7f0a58875a857053675f97b63,final,False
940,a2e863b3ecad44bbb318e8b782be71d326448c008937ddb45858e8230e28ee7a,400a271650fdd1734395fc7c50d7bf0bdccc75ad34efda6426d1642e0c12a476,train,True
941,1ed133ef36e6a1cce3f279f2c7e5fef3a370052995274d1c59238b5475d6a6dd,726b13fac3c671849e853cd3b75a529117a3f146620433e3e52e5bd72b0039b7,train,False
942,aa5b59ff1a0d3a8b44d40df05f0ba96029da6d4fecd67e616b14e2a8d5ad1d6b,6caae5426a2ccff80e6ddbb1ab675604000828074a37e018a7336229d4174856,train,True
943,8eb62ddc59ca589a0a4981f29ac142cee1815fe6e18fac01386171d3c5572f07,fa707eab11fc38d9475185a8202a835a2bd3dbcde96180314cbf839487edd30e,final,False
944,eeeaf49e753245ef1ebcf76cb54c6b36c1bf0f25d44c1840418075169052e2ce,3b8b86501f0e7788a44e23811db75c5117f8a675b1646fdfe0bfda2b658e788e,train,False
945,57174424ca158ea5f4921581fba8af813d3c5f3ca2132959b3557df0ede83ba8,d58679904849755119aefd843d1aeb6926b79bd15e08855b1ba5e11ab4d0afe4,train,False
946,39d6dd6406967df4966b6cdda41d076bcecb8d9ba79c257fbd6b0df0b31db831,434bbe540d41badaabd81e9dea0b04182ae733053065ac924500eda3605ab24f,final,True
947,ff91eec6fcd0109cabc1e3bc08a44863ae7c12754268cfb0213334c8ac8c5f5e,a46f608934352e14c887ca4a2edc94ecd126137867987511cfdde9e42d407edc,train,True
948,bfea5a69f7ad31619251087337786cc31c0c4905d8a22a1d6ae9d5fe75f47af0,078e361cc4df17748d2736f135ab3d3959675eec790aee4c655d2bdd9e63ce33,final,True
949,9d6ea5fbdc2c7326634b5811f6053f9b7453b12c91dabcc61afa9517f8ef6723,e913a2de9ae41d714a123e8e49b39fa8a5875927db75349e387e7c9c9d0e8761,train,True
950,fcf118334c77bc76ac62082cfbbb87683864421a087a1248ac497abc638ebb92,b5ab18b429e1b4ae98b645b1dfc147bb90e3e7d6830225917c4c63a2c651155e,train,False
951,00e56cb58dc2bcc935f31a872f58423518ccfc9d2c884ab25c6f43a0fe1e418c,2252ac3a202e314fabf13594b395c2c5713e80bb22acefbd2c5b617673baa2fb,final,True
952,affe71e652c71e10fd739de7c3ab495add241500172ea0c48bf588d3ac67a6f0,d7b5f35beb966cecab98d2a4d2b59115bf322f0ef7f9eafc291d9c4362ba648b,train,True
953,d0a59adc2996a39e109b73db367bc41770454a1db92554c34046ea14c3f942c9,a09d2877eb38fedc7d610499dc44f1021827444c5f29d4e47f2db8460e950592,selection,False
954,6a270ce0e3aed31a4e23360351fcbd4a393355be3eb34edcac8f04fd26966521,29d010f339d51a732456805a155c282e29f538b49e8b3a03b38519def1cdac46,train,False
955,5cfe29f8c2c432daad3e24edece953bf9b8e2e07913a84d8f48f083fc57eb399,152256325c0cc5725b7dc855a303b5d0c72fdcb6155ed4ca2487a16a8557c645,final,True
956,822320aa0a3228c0c654022f701f3e815b3ee70c84ce5d097e8f37f1c17df705,d66a70b30ebbed2ecb4c89eae6143cd1d3749f68ce1a61c9fe49d6e3db34ac91,final,False
957,65f3843c72bc81b4aba93e411a5f454ae2ecf693fdda945b1cca12e3eb200983,4dbe340fc967946200a071bf4fe287ed9ad1b6468efc8187d8e759a607058436,train,True
958,d81b38eadb20cb4dd7a480251ecc02ba6436fa3522a243166db8eda1e8a50010,0af4b32b12e66eb35731a92a93661a73bb7e4b3da6efd98fe4705372ae14d453,train,False
959,1a2dacd16f3869ea0c23d7636d5b4e2810d512ce9f2f10e70adce16e2969f92d,3a488d1320fc2b8b79636482dc9f8462fa7f412f9248adca6996b9ef97e22da8,train,False
960,f07496b7dde1054d73ecd8f9a03c6b6c27a345c5d0123d0a5cfdda969f09aeac,742c5b8c38eca60b2435aff50569297de28830023307dd721f6382aa2b44aa20,final,False
961,d3466960da1e27c2f19b55129e81b3f8536d5a11f4f4e40116d582ab1822f806,8b17758624c04d7487a0d545ccffada819b417f7d290df70dc5804469c5f33ac,train,True
962,b28f33c694c1400a78f949e257f63f7dbd4b50482d12a077d4313ff4bce63217,dca3976edc3b20e1583264ade1b2a4b5af4aa094fdb55d2b2020ad540922ffff,train,False
963,437bc9530362ccc75b5614959815a707959e2a1758296cb257cf27f85a72f516,d010c45edcea208f9c640d1a985c008a592a579a6452eb66eb1573701fca6b01,selection,False
964,a2b4eca8977d7d65639be600c374c516645649bdb6b44f76e24266be495b22f6,35e80ec7b94a53da8981d550e8e6e32261628e383917e54cccdd60fd0f7c6fcf,train,True
965,d3de0ff396cbad8ffd9a38d577f4dff2424f0765cab8cdf009c374611430c4b0,8ff2228445d786eb44e14108c2eb0a3ef83242dcd52b159be31ac3b2773b39be,final,False
966,2b3495a983414a65e5f4242505c8148680953fcd27d51a44ffd93f022f98ea05,e16b1de9752a3c89508715a1da5fa5d4d4bca9269ab518ed020d6c3281d7dece,selection,True
967,28d11b828b70c11c4deccd981c87fcc8ec76e4ecf8e35d89b8646d749d44e69d,e2a76d1d9c965060ebe13829556a7c64ff1400e6f4dcf497bb6931e9edb4c6ad,train,False
968,8d20f61c8c355200677ad1471bc25c76e07b5f44f440f63af716ca42da1dcf93,1bc1061f67fdf078c135cd16b0fba04a4e9a6faa0726a6437318ebb877c13036,selection,True
969,4b9bcafc46d938768223e31a90443f64bbf2d827af6ba0568f9823bfe5faeca9,746a5680c0b32473efea3748db5bb42a2db6c0a2a7ef2ae91489b37657acbabf,train,True
970,c6bfe79b6146e73fb09d5e4628cbef6a60cb9bc2dc578f5d003b1e92b1192b4e,ad3c28a79f41598f00d787694d22b95b9890f3b755b0cbba5d21f8af1e4acd64,train,False
971,94d981a2caa0c1b4de69ba043651d177a46a9e091220cd4331b84fd842235ecc,cb50c1da12f57a1447f71003f3297a471c156249923985905e6f3bf6da9c6e01,train,False
972,868d3bdc28d0c4d7dc35e2fc75911d379e106dbe43d6d7a8b9bc264663b67ce9,d7b3c4093b8d7901a3682eb205567d9deefe214ae3aa3b742be789f07e88ada4,train,True
973,6dc952b51329bc842d4841716333bd87fc3d753cd1dfb3fb30f176fa67383f53,f71ef2764bc61038769d35efd3041e09561661c13c0a67898c6129d5691df2e4,train,True
974,6289aa6b5b36823667e291f05d55a0e35313761785e5961944a67dbdf8ee29a4,e35c03ed1e851f6cc3592431f6940e0c3269023d6d4c3190aac1997497240b31,final,True
975,4b79b159850a63fa48b7233696b6327bcebfd287102d0c1e225e25252681670b,1ed1b3e8a1fbe7f56fff535dfff01289d130817e29d8d09f4851837cbfa09bf1,train,False
976,71f3367aa7a42f34437dd9a3cb82579d3f083568a2c981c00cf9b4109978bdb4,66415de9bcdaea8c2b3048e71b10ba1cd4428c8f9b1b6c5b830382348da2f344,final,True
977,db17eaf8a4bf7a43ddff34f353e40d7ccf9bbbc9f1c85fb3ebb33873e81a7f16,1fd41ef85d3aa60f4bd3eb126bed7cc043f8bcbc4c983bb59e2dc550f7294456,selection,True
978,250209a72d6810672c97eec6617c19515b6bdd8714cef7bcc599ddb32b55219d,31d161f825bf14227e71ad07de556f4be266df10e60ec4a0de8ce565d83aab40,selection,True
979,9e6ec6e2b5e874882c19a44601a8e0bb6077113887af9a2c0994116c0985775a,f5dbbae658a03687e785033413477f118de83c1606a196de60615537225fc3a9,train,False
980,bc4763f6635da304ffb7717cc783fc596812fcfafc29faabb234c6c9246e43f3,5e0be464534d01921e0d77e6c5475e0e6de646b069d726692786a8abda7321b2,train,True
981,44f81277db14833852becebd09d16581ec0198b7f4c5c690031b5a5ab1bfcc7e,1968a28cebdafc78ef7213f474a52e0b49442e5b37e67d6933332d5b016d68b4,final,True
982,7e46c15acceb7eb137612f83d9e4a971ea1866e33b1b9333fd189dcffa76ce48,fa495b7f7207342d1c89ad1319851656455311c054dbc597671e44bd79d004f3,selection,False
983,25ddb7a624720d14b426fb91d99bc28e4975bc934ff1684617058527004ecb59,e7be179a1116afd7798ec391c9051515d6293768a2432c3b1ef8341b680c173e,train,True
984,f36d815d237b88890f8a90507841528ebfceb22a6a3a865c3b2e1f03c4be7ddc,3a6a2f5938ae366126cf1f79a3a19faffbc58fabcc35ee9e0cf88868add205a2,train,True
985,263cd237ab4e8f0e71c5f776718c39f6a3645b9587332a3500e6fe56fda78d92,87efd4251c1deb5119e33b63c084e41958d52651d4cd315d505f94168fb9d068,train,False
986,1528b7df0fdde773569c50f8936113e37f211d09b609a99e328624ac7933d937,099164c3fd4b84956408e25d073b3be85f7ef60aaf82eb07ed9060784a32cc11,train,True
987,af3f56eb411e67dd7ef99d4bd0223ef95e2422c63e0a545e9fa46ef73f1c2f98,ebcebd5091a9c4181d3588dcb3e7a1cd7b3dac5237aa4611997f8e4623689f6a,final,True
988,aaad9031a277c75b609c7d65ab0835087ad525ec52bbee78a25c0fa140b7a2cd,c052328c48fb35e40127c87542ca196ecf8f33f2142c0f3e5c8fa1517a1478c3,train,False
989,30e4bc3fca9ce49c740247b222dc4f5b89054ee5673039ff35d5da90adcdf26c,cd5f9736d9e4831a527c401c59552a3ed7e23caa014e6c4c2c07a959a824033e,final,True
990,7869ce13e5152ca487a11059f22de04b8512d40ecad797f395e135169a923f36,f14ffc599f2f235b314c74b064e5eb70b9c63391457cab0489199af6a687a8da,selection,True
991,79803c5748cb690058bc612d42573bdf1dcb21be944cf7772b9dec5522ffed2b,6b9ed67c26c4144dc5bbee5950bd9af39c8401e48c0269a28838a058c4cbfc91,train,False
992,1ffd02647f683139319185e4cef32414ed7461219c795c9f213a39870d15144f,6a2a7921b7c8becd92eb77482a8e5ff886650fe366d1b1f93d284789fcf8ef5c,train,True
993,ce4a62e195b963eaddaee80c0687aa6c56b6eb6f3b40c9d01b700b7b2dcc9e8e,3cf8cb724807a8fa679f8f5ad3f0a642a145c1517f71d16982ad05b284b6e743,final,False
994,2c6ce0e4f4a47864e35ddc6ac1594fc2e1106fb63a05e96e853a0ed8fa40c435,afe822a71f58111a3bb7504313ad381f8ce5b5a0b87f63ae794770e061c5dc79,train,False
995,60cb633839146d093db2227321a5b727656250d19086661b96f00bbea533c37c,63523afca3625bc53d5b01dc96bef35aa01caaa22688970eeaeb4c2a553319b7,selection,True
996,0291078dfe7f87d9793bd2304849b60848f9cf3a5136f034c5fc1c70d9f4f1ed,a10761551e5495aba75e4b1caefcb7e0947e2e36b582f3ab990ebf50593f8152,train,False
997,02c48bf8dc6066bebedfa9ff68be55e2cde00ac18f89410b9cd2d2cd68234d3b,5ca64de296833cf6b7284f84d7ceadc9d1786bc865229b08c03969364f771fcc,final,False
998,85e5746828b657f95144e25fa1eac2ff014dbd2e028ee292e0a48012425133e0,5035c34f913ed562ef7b5b3a23eb22145fb5bf3f7778253bf55f97ad41fb55d7,selection,True
999,6d991ded85fa5056af79c67d94d3f4b02cd0ab490d380986085d118b7fb60a54,9670bddf8270c17891cbb9cedc45a588460348134e68e014aded11e96927309c,train,False
1000,82501971f0c9f45390473b75da34278338205c234871670a5eef2074add61c8a,439cec067dab2153d28855e8bf8676598913aa49323708048eb9334e7d919592,selection,False
1001,50c724f7d145c5e47ad5ecee68830f97817527e755691b2ae535bcff3c2332e7,d8ce879bcf32615b8919f61cc72058b41b22190023f368569e930557dc5c31ca,train,True
1002,07e235b3543aa7026f42fbb0576d35354a4137ece7ab28386fdfef503bd1c743,3f4bef4082f57589b8a9d8b9237bf82bd8bb03cc0726435b967dfca8ca0b2632,train,True
1003,7137a67dcb815ad6a70d56c3a196851d213ef8f0acb741edbb307fab26ecb980,1e605696d328d6196eeb1be381c3fa0478ee05a5860ef5bdc36d561e626bb12e,train,False
1004,477653cb96cd9040ea5780dfb72031d360a81c047cacbd15eff0dacd00ba0840,b26c52995db48527977ceedd66701f912936f94a288b22bac586c4638afbe422,train,True
1005,c372704d743edcd46d81eb9646fb085fd6b2044bf5b0401d1e903253d2f5acdf,e74740df9968c1ae298ead807750ee56eb8cecdac5e8e8eafc7439a6dc2aedf9,final,False
1006,b7fe51049a72407ff567f45ae023522a49753875a1f70d3419c8d388cb260079,c01b85652c16e57f04e9c7d38db876a76e1ef02ebae7b99ff00ce1b9105a8198,train,True
1007,ca17a1048b98d3a92a3cb2f448f69fbb1a40f2ba94f06da7e36e3e39ffc7167f,381df68e1b7e9270b2e3e6f3771ccdbe08afb053898c756861d4c4a5a776865b,train,True
1008,dd30fca49a269bd29834531c062b5852b41e99eedc21354a9002afba7b310c09,a60b04cf6e7be5b0ffdbc49d4a7c3ef391697232b367e20ac9b1c5d75d287f2d,train,True
1009,9479ae3134f2a0bbce0528aebf44588e36b35b3a8840d918a0f618ca7de2cac1,c3ed55aae87e181cbaa020312d3c1f066bfe6095be89bfd3697a20ec03bec686,final,False
1010,e017f559cf17e92de8cd6deec66d13702fd0ca5aca3a48130e7b4d1a909cb86d,7ec6e5f1f4041e4235e9a1dd5a1762c8dec31f853b6b77c23dcddd08523e456e,selection,False
1011,aca074e8b8304e263fe3946414559f6b0e00bcae3f6ef349800e708dbdafb6c3,0efb58f039bfa0cf135d301cbc3d5f2aeb216a611c1f4800e2b8889b3a2266ae,train,False
1012,28a6f05a266c79aba236aa95ca7cdf130fc99c32a603a922e671fb4b64ab722e,76c3eab83d92d9dc6df7826477d03e0bc7ed7f0d37494667516846537b4cd41b,final,True
1013,50a21138c1738d4408db79b44c14a6e53285d8c48053c7bfba43c3bb2d6f6ef0,6ad6ecd38823135a22b579495a90ed8fe2ec520fa7fafe669dc2a24074d61e51,final,True
1014,67991e91e2b60a68753e2c8df15a5ec7cde68e0a55d378100edfc501026c3bdf,35b7ecf8a9f4f697dbd8d2e8234f3446cfddb861c81899bb004c441fc81513f2,train,True
1015,305d6a9effdfe4944392c2189184edfbd0577dcbb906e78688908c4b899053b4,68cb8c0aa9d650db48ee7759732c9d0377c68e13838285f369b55885c2ccae70,train,True
1016,2b97eaa18833633a425fba2b58ab1c4cfb6b08e00e26a9f2f7e534ceee6df449,bec058db32bdf9523367b635b678651c81e182618ded0e13f0d9b91cf752230b,final,True
1017,ca343573b3307a54ea01daa6e78aa6059f78522c75e791a07090fff987a35f5d,e459c46744f077dfb08ff227f2a63235703c7ce4f4918c906ce0f00d9444e035,train,True
1018,c63670aee0a145015538d29396b94da0d25bbac9ee85ccea33209299396f11a9,9ecff06a8f9a8a10d438fdb7f5cf4dc12d836825360f216b7bc798ae77284ad3,final,False
1019,5a8e89057989a20bf63d8c525b1953d84b29a8aa869cba65ece5036c747008cf,49cea63e40e822c89a173c92ae72b81f97b7c6541cc82cdf09a5b16093be38a8,final,True
1020,57bb9059d6f5109510b88396ee5b4053ac303fac4b1c72b5e7e674f20315a54b,22e09c963d41d2567a16546d1aec7a4feb05533b002bdc9682d0e46c6f1c2914,train,True
1021,ee4ab18d5beedb40d77649fdb299b2a8b3bcec7dfcdbc770bd1fd073266fe002,1f88a0df94fb98ab58b463fc51de7f92bce51aba7b700e4fb1f6f7fd2dbf8b6d,final,True
1022,ec51e1873f648f9a541b6d1bb87f0eccd96a698f9fbccfb0e5bea7ef158bdc31,9397e36f9ea6e39aabf3084e3602afff6f26eda7bceebdc1f6bd133db1b00e88,selection,True
1023,7888515dc607e2ef7c7e6797b4c649bf1a6c4e024cd5272d55eae3f83f2936a7,f38b99947f14aa3b89095edf091ebcb14eb592b22dcac87b2792f352c2f7bcfa,selection,True
1024,0c19861b8ffb7829963ca6da7100b61399bab67f3186d3ae3347d1ef70c2f755,539374ff32acdd30e6a0a4cb752195b93fd0f0264feca1ed96fa76eb649fb16c,final,False
1025,7ce3d3200b2a84846a2ecc2bcf63c9124552b4c33865c3512189e59d951e49b2,c74f131148876393aab948d9f41c852db9b9a11a1005541a2bc500408628f57f,train,True
1026,0caba11ae3797c412d4875f957b789fe75806ad50aeb10e92442743b73d27764,5f401dd66a8cbf3412b36f79f5e473a4c1601cdb939ecdf80701b46114d9a35e,train,False
1027,f26353fc1bbdb0a156fccf5f6b8a8ec9c2afedf50d4e455ebad0f59c85c7307d,ae364028101b46cdcd8956bcfc76593022c57530aa5c740f04517d129bf46909,train,True
1028,b209ce5adec98c263b56060cd74126bbf1c0c68e7c12679b064a3d7d6fb2110f,6e0020e9d94611c08205dc49a4fb02ae8c41d672b9e4e709dd64a17b2fd27da0,train,True
1029,96dd36ae6844533aae25d6c85cfcd54c3c0217c976c405b73da4b9b7f1999961,deb9ba646e33c865ae2428fcff92e7be0766bfde3dc1c4b3edf4067dd0e473cf,train,True
1030,c734b2f56d154156136625f4b5e3b1aa28c00d9c9dae94deff11a6fec8f5044a,c0a46c794bdd8b14fad889719f71e7eb9162fbf897730e0998085485a6d6ffaa,train,True
1031,4e41c46b43a5500582d4068ea8e9b1249d8a65ba31cc7716a184b5245fc86337,a7f2031b1be03b2ee2b527c967eafc2704c08c4ee7bd969aed297c6a826ffdc1,selection,True
1032,5e57924abeb326516f1a524386c5a985aa1251f3e9fcecf9238a6e2d1e000e6d,9434fd46a2c2f45f1c751cabb2499759641c1b907c369e2a9e01994c351b927f,selection,False
1033,bc70296318fabdc85116b5b9081a740ba30975028b7220de5a2395689081a9ab,76fff8d96f579ef3a7dd44410d528790d174082ffcbcde6aca9ab7deb70f9a97,train,False
1034,96bd3999c3c1b82b58612cef223c8b9661cdb093496b200c5ebc36349c5b94d6,4fd54f4c26fbb516936d3c1b509063f57537be4eee68f01614800922f2e732b8,train,True
1035,42f378c28579ff20d79a194b915c4d4142f89cebe858197b4f7f0165d6f117d6,87f41f79b10feadca36203de996b9b98d37e247e841eb2f04ee6b607e7553f8b,train,False
1036,83c98889f4619ff36248f9ef4545885f4bc590f9fa2e8aa3f0f34bc1e26f6568,1f40de4bbf6b708e233fcac68453e88ff213c148d11e420ade1a0441fe6a4bd0,train,False
1037,14d2468431382bc36c3433caf000e4b48b62d58e157b1a227b07baa603ce3010,8b37106524678ff40f3b1dd09d0d50eb344a86659e4e2f5b5b21e6cf36246fb3,final,True
1038,7cee5f2ed1db6ade261e79ecfcb01db52de0ae1ea56268b52a7a56e0eaade30c,74a6ee05a8736fe5158f2360672ff920002001d9375b863741c3cc358529dad6,train,False
1039,546fbec0ed6e85bd3f7b9e39028003bbec8ce0fa514797b47f174502023f7a49,494c5f19f64d9d2a51674f6d6a443ef0e5ff70ca6bba1b3f3154fb62f90ed11e,final,False
1040,c32c593009f38006e66a6ef4334285862b9a692e5401b8921c52fd64f8a6cadd,e9432d928f6dfc0110849cba9bd0aa27f065f67129671270e47df39b7c35c5ec,train,True
1041,2109a423e909d8c2e7a9c65ef0316ae49de282906c6abe52133b4f53b3e3157f,1aa3881b25d752af2d709bc5970d323762be48dd2fba9d9525df82f1d26128be,train,False
1042,c9220179dd0ccff95fbbc77e5bd577a58dccd875dd7a0a0c4b95b63271923797,a490c8cc0be55acde8ff5dbb68967ac5f37f0bf6b1e3a67741f1f2842db41849,final,False
1043,615760dbcc40e14d2057b2de9d3ddfe1f207f00ffeb57ed51054eaac22b68bf3,a4c4db64a1e343f796381c5ae852a733265ffc8be21a57a9be516ee6b3bb7934,train,True
1044,e2f08122aba87bac22fdf32dad54db6fd12538ca319818c15d3016c7575fcadc,ff7769dbe46544d15618ef3769b549cf4b61b850dab6002791d13d14ed63b6f8,train,True
1045,3ad8e253d718b40bd59a8768d978e838d33dc613260a55b62abc111f10be121d,454458056486b919f4033439cdcbe99ad336d640e71f312294b36d587fc67a23,train,False
1046,aed794ea2a651c9179b8183e43e6ec37aa84e5498cb7766d918ea6767d68e8c1,c809ccc8a810ede04656c07288f3f13c2bd788c9dafecb0474321abc41c9fd20,train,True
1047,c1aa52d857a8f6140bc22d49870e11ce94160cda5d504ea2ec60dbfd93e06b16,8775b3328aa35f30bbafe5a7aafd325c27a78657ffddcc63851928aad0ad4e93,train,True
1048,55470921999cf2e0ff3957661724e2f2630a540945bc4dfee216432b3dc9a088,1f0a582e5de72549530a252a91453ad6dcae7484653f2748833a84e4cdecd07a,train,True
1049,783bf339a8a3e0e53423618758b8e7db72026004b962634d1492d37c3993d2ca,5d129c9e90c7678e5c9bc4fe65ee4c0cca77deb0a225a41ac04fc624770c08aa,selection,True
1050,c0f1d576aeb256d120999091dbefcdb59a6fc59b7a5d7cdb5d4b6bfda8af833d,0b6cde38651d75c504d3bb1293cf0c91807b055bd1165100faa5c24a3377290f,train,True
1051,329c33020f6ff861681936468f638afaa00cf3fdb531f56100ae137a13e4d230,09de361193f6b5b544cc0c3acbcbdc1a2e23dbf26c9e61c9618f174f240d7751,final,False
1052,d6fb420491859e62715a8f73ef662003182566b297a55006ad5dd140714cddea,91bfba0187ead2ee6ed1dbcb7f965ed2a539bcd7c1dd26a5241e9382bbde165d,train,True
1053,7fb035772880eb0afcf0f8cc754ba8904c7aa66d8c81c8bb9953db51dfc9b86e,e9692b2b74bcc42f799eecedbdd2e8ac0282635a72ad7204ce49e49bfda589ff,train,True
1054,4924762ca6a3cba26b56fe1e325bdce596a224dcd5386ef5afd518b5d22348b6,8aef2c0747a2b6c3103397749bd1fa12938ea349908b5bda8ee9b53e26dba0cd,final,True
1055,e623411552ad84506f39e745ad47d018632b66ce4b8a735952c668adb746a95b,956b1e8c348671d0cee278a0409e2f71445cd2e57de7cc661449cbb883efc92a,selection,False
1056,2b772b6c702a7178ae280f859c281d886efa1f9c23b7d7ef974acdc452fc1540,c263dbda657bc9687816f8df1163fa081b1835a8b0bc0e7f5bc9e65052bb4971,train,False
1057,0d410deadbbcb27bcb0f51e4607cc8e12e360fa970cea459fd04c99b8d171eca,dca278ac3dd0ada46d53bb91b346f8efe9e6cabcabf345fd363b30ba3590e214,final,True
1058,049ae06823087068b33bf94713f502de2cc74cd4655460542cf5211304dc697a,9d694b2a730ec06d514b822e64a5e543cf77876ef7938165bd2fb3e3a3d34457,train,True
1059,0786df4160654314281727233e6e537378227ee79e023d08e42964873811dff4,53b0434f02d4324cdc3a50a74d5087778ccbbd7a875312ba027025629a7d2ceb,selection,True
1060,fb10b76168fe3c35f6e62dc77d7dcf4204752a5946af63d1defa73751cb665c4,707643a888c425a5fb62027b9ab2be39779bb0278c0f94a89ab61ca35ec26ffa,final,True
1061,c9f2ad3d19c2e9f7c0916ab4103cd38bda08e94e05ef58086b5b9bd7684a71ad,d28897bd00cab1c5629b554d7e936b669e32ab5c5be080b492bcc8748bbda874,selection,True
1062,d3c9a6b439204078dc4e8f7e2a4e1ffa679bde9c0008b7f386d60df9bf37b3b1,72c08ce22c288c501e202c40aa562c85fa9177d6795de5bc73b799ef83bdb215,train,True
1063,73f2e2defccde38fc971e3e515b2ad6a911a6dc7aeb7598d7d6901849fd8ed7a,8dd1f9cd8fb202e481878de20643b093cb7761d26cdf1bd00bf30e9caca69927,train,True
1064,65ecc85cbd630af884995e66e894908c238540773554168e6f996520bb747bd7,f313b8d7d9dc50af2ed2441db9cff23ef6eed13ec424e1201c005f5c47332cb8,train,True
1065,b7dceeafc061c118e5f16266c6a2d337eab7987e49f86e7bc7bf401c7eaf54e6,1487585364d054d3dd38a7836ba98e1db673fb3965a317f0256ba2c4a86377b2,train,True
1066,5d66b418724b09749e30d95cfd46efbbd27f11058f09d2ad4968ebd9ad1ac5b0,23e5b1636d0944149fdb0fc9332e9a601554e5a663d98e2e7a74495b9713ff69,final,True
1067,eea14c3a9711e65fdb1e9311c4269dc84fe1759927ea79f5c3c4820369f3564f,313e05977ef1b60a0d4a6db818e57ef547068030b1bb31f10fbd35cf58d6f0a4,train,True
1068,520f34453acac442fcc8cc88666f796d73bf8f0e7aa776896a17d04ecae081a7,4ad8b3e79883dd743df528f1bebc2afa82ba4b48e76503fb7d21f17fa565953c,train,True
1069,83830e91c9be0269f15997e2fcbff0dfaa03ed3111fcf4ad16eb6d8d93514f1e,4f8fcda90adbf5db4fe3c3c56e90f41511c52012b82919c8932f236ce1f378ad,train,True
1070,080ff5e5f9cbdbe87e6155a9189271a15097ea892876efc445780714f31238a0,5b608e65a980d7861351ea1a2b5737cc4f8511537c2862eb5f9a9a5e31865a78,train,True
1071,da4bd61d3a77b89a78c9b8318aa4263689b6b1f19cc45f1f7997fddac4f4cb19,2a5be8cbafdcc600a2dcd8c4920e33170a807a008212925ad544a2db2113eae4,train,False
1072,3dd7ec46c55b25af957d17f9e9d54b28f357d5bbf898aaa7c3accc775caea656,1b03f2d7f704b3c09f8061c1eb4d9d6d22b680c6cb95d2b3383bd04e866a7cae,selection,True
1073,623d767882e6b4fe759985cd6fd5ef2d9af0400505d0ad2edf2a52ac9ed33c13,ae59c9db3403a2c677c9201c94040e904b48a10bfe1c53fb2c4f834cb33a338d,selection,True
1074,b2791479e8439f7ef6c53587bb91a8b2d18a7dd77c610ce6ea3b62d2cf8634ca,6c4e7db16283edadef10387104bdf655f641ba2ab31fe21f00a76630fc09402e,final,True
1075,64681fc477161956166ea700f0314337e4efd143898b1d1b30b7953eed828e30,c49ba6a9ebde055b4c6075508277e7e6a11458ab63be454d1c0dcfa0a872b61e,final,False
1076,a05d886aaa372ea396c9b10730b7a0c97bb351cff7fc74a0c0007b817b229c70,5bb3d19a211202520cba14c903df42dd44e7e368af5a5c6b31b2f92556bf6a45,selection,False
1077,adb084eedd9d4b7c0071f7e845178be8e8967f70c70d4ccf8e2fee86a31fc86a,af7e65bb6885447f739286e9594c096ce4927990e5ef29625ea374c194df7055,train,True
1078,6d33dca74df9c3e6a28598c282f836e9c3ea1f35cb1865d73ca2248f767a6ebb,741c64a187008a27cf61a3f67d8f19d7a0a52f7a236078c694b41acebebf8a1a,selection,True
1079,cc2f9703e613e062394e3b540bb99bc617845be58755f870bac4b0a575ce071a,e26d0f0bbe366004d0965732c4f63b52f5e38d99f53d4c211e9d5a71213e0976,selection,True
1080,f35ac9e3cdf2b284136a3da114b6b7782ea1800361c1c6ffdea849e7fae2938e,c788919d380f9b7d7ea9f04917747aae95d5979a6851c2b1f5d282b4a4afd948,train,False
1081,32c8d52d1ae8c0d3c5aa21a25f278a1365b5d4353acb802250167b41c1854ea4,fafd7883aac66ab8cd576ce3df48de9f5040da83ce7e5717e80fc44118dbb361,selection,False
1082,e83845c90dbf9cebfa51a8ed136a094083b6b0cdce724beba59eaccb29649f58,22199c3fcd5a2e6f487f25e88371527f3f09d88af0860c7305ce9008326a09e3,selection,False
1083,1ab1282ff722c0309db6afb8d4ab4f61aa008fb021046890a48cd8cdc93b8296,b5414f68db351686ddd6ae79bc298994946f07d2f780eaa1cd433033f8c8d546,selection,False
1084,c48d35f8d35e71e43d571daea322a94f2985a5dd7d3374a4d5f6ee61f29e2734,a6618a11cd9be7b9ce275d7848744887b509b934ce9d99e028d3fa7444532dd9,train,True
1085,a75efe204444884e26dd2871c3aeb5d0130f8b1e18155037f60a148048638255,956da49f9fdcbdcbaede74800ce72d1869c08f496c21168d11d5c69c99acd685,train,True
1086,64bd0ef5d45e0a151e6d4d533c051c7c121d0f01b3c9591f504152e6e61c8e34,0c3014f63ce5504a9a3b8c2c5c3066105d2c0f478faae90af1132c4b0d6ef194,train,False
1087,a98bf1bb1c97d4e857747a3b9cc4e376562a17151eefa8f464f4c10000c5af91,2348da1accdbbeed3f27280eb4edea15f64b093742bb0b3251d864ede985fdd4,train,False
1088,d05dfeb27a8c9989a9820a1866f01229224c4e0fe548dbfb7376a095ca761408,c7ecc87b10d609889cf1767ccb621386060a26d0cecab4e2279c56ea82ee1b04,selection,True
1089,ad92a4e1f03d368425a8290611c3c5ec56b5356341fb027ea3b8a07531eedc11,78e74aa1af4f9cdf4209f45084e7ea8df2c828c75ad774d6a0502d83e79428de,train,True
1090,44822bc7a8f396d8565f80b8bd839e238e8705e5c39166ff19735721de44ca00,024f1ed4a86d1382a7655b2b01698ff51c9cc77782a27982ab911b16a31d1392,train,False
1091,e8af3571c634b67be6af3823260430c534867a0e8df248277f9ac72eef6a519b,5fef88357698bf45dddf02daacdff0b6e3289e913495d89f4f0eeb678188c41d,train,True
1092,6aaa00d36e90c3d90c61daac67da6c8eb0366abb0193fa374a122f2c7d369958,7da5d423445aa77cf291ea64b4930b7afec4bd8583ba6546d62e3c8081068280,selection,False
1093,3e2b3cb6975e6bf29a1b8e7c00f6deede6b965f56bd97c80048112a283fe69e0,e71cb0d24ca45d7ad6b7daeadfea1af0bbed317b5ae68a342d8649d2841a8ce0,final,False
1094,06ea7914a1e516252371ba8a7e69ecf3c081dd98b51694a73388ecedf82d310d,6ccdcab122c2c62f3406cce23396352e39e214ac6caa4568ec0265615c4ec17f,train,False
1095,2f8bb7099498fcbae58451745aa8d71c5968f3e2c66d8f4cf8a1bc5667f3bafc,85f8cbc4fdeea489e8961080d8d42eba77b71592ac1a6ae1079c5b8ac539e4b9,train,True
1096,ee3e1df2c588d4a67646dc19f2fba6b517c4dbb3c541048242f4969f988c8617,698c4592e453861a1e1b4a6e0904c265a4766e63d0b6154ebe71d82fe6bec280,train,False
1097,de1ba38c96596817839773efa33761fd0a4a4827fff7098085b4663ea9420be2,0e87b764737adac700ecb4767a1b792ff29930bd0ed2f7ba528f2f1171f56f19,final,True
1098,da2163e204deb492cc03add3851ab10a6ace9973270aca867c05f583eb00a4cf,33d06a50f345d216973060b98ad3fc9665f43c2b33cf0292bbab076696089687,final,True
1099,f98c517ef2d0fa44e5c706da2b2b4dd90ad37acf696d61ae46d02a0768883be0,df718b15b143b86ccaa230b0a28b45216ef3cd4b708a45639110bf0d612dd9c6,train,False
1100,1ca215b7ec3b85b7c3ab03a6510f5f450deeded29d54be5c751cde1063a89255,058dbcd5c6d823e7fcc128305a67d5ffbcae29e333e24471d1adbaed5eb68263,train,False
1101,a6ee49033abe23a13eae7960d0b9cef6936bb85918e659a5cfbb4a777b5619f7,159dc0020fb889ed70330b6e8d7903145d274cf4443a3898666ddf6e7a137879,train,True
1102,5ecc6dd23b61b20a2b0039e9f8901e1604851297a13f3afb96a7f0c675e24ffe,3458f6666efefa9cfaff05e200befe652795c9e6d7b600b549c16b6cd31120eb,train,True
1103,353d1583c89efa965a8f9c0509ce7ebbb95201d311013104f110f0ec4dff8b17,f7bc58e57c21dfbcc0d8ac449718d3f5d076eefc9542b60ba7f0514d6782c430,train,False
1104,bdefdc4afc15403fc06fd4d6eb999be5afa2ee4ffcfcb6c231d95d231e1db3c1,3bea841d98ec758c4f2c11eaa2f6edfd41b0194b27e191d7d47e45317a3eb4f2,train,True
1105,6091a0c57b685a23b1ff0a788d59dc324488c0fe8ef72f1d6a70d30f91892390,dae90378b5cbac4be6d42d5bcebe887b517621e633eac6d9b8eb227cbe1416b0,selection,True
1106,0e726a36472e4e161a2854c1b1395f3fd1817f62b6d73defe48e700fa9779e8e,f65e02e8fb05a53f0c2cebb4658eb3121bbafe23b82970185713e578e58fe491,train,True
1107,93ccee6c578075e22af67495959a8370f7c795d1bb4512d2d050597a9a93a4ff,bacae957bac658a0f380b76ba92bc93ce7baac214534ad54930e2c15f954b75a,train,True
1108,297d7a15c28ef421ce481cc74919bad4c430dd9213bbd493c9dbf09d2d327b09,584bad027adaa5071f5aa195208b7c1e5541cf0987155e1799b8b6ff6f617e46,train,False
1109,2462af4d8107c909b8f2bde69afd78b83670b70a62ebebb4a5b3c7ba6816efb9,9a6da65bd2386e8e892368881ba1c655c3b8187224b12ea5da2b90d95410e3e7,train,False
1110,f5f48dedd8ced917d4ed497634773efecb4361a6451d1a31d867b538fc31f926,172ded6a0b55a9ac6c8d4d1fe727175a7990c11da3972636df2c31ef183a922a,train,True
1111,ea20b2ece39f94ac909a30f5a0ad72a4409b8e8d56c81221a55e8545fcfd300b,0a3747ad14afe93c500a854537b61f34f1267a9e5b93be129e08a4a8e2c74959,selection,True
1112,cbf50c652457bcf84b3094d79dfa6a04415957b4a2b692faf9a87c8c3625205a,762009f582b0f36f0f3d8c662391f16e5a71fe16c3230b4690340fca574b3532,train,False
1113,2138480675fbcb17be6b965898239d40670dd904cbf31244d0bec4a1c70e1c3d,a6e2990b1be57cd4a3d2d4223d6ee2c4c47bf84b423e6229088c752fe1b22cae,selection,True
1114,61098fc7e2ea70b8ab32332599579d11de9b55e9f8ed2f17ed04b40676201629,18a42eb22934a742d3166b78321f07534298e4bad892e9c464fc3f75d6f4f4a1,train,True
1115,e0a8ab6e3733c287d12ae45155f826415086eada8abc0d02e32d8d9fd035c448,bf200c93f603036ae7cfa5e7553a52920f7c60dd0c0f4252eaf3d341b3f486b6,train,True
1116,24e6458f232bb3c458c25c8480c40c50e94948bed2fd276e1e2fe8b9009ced6e,d6a6213538547fe673924febc1e61dd842711034478a7b8276c1296821400f62,selection,False
1117,4fadc222811b74bacba52c8ce950829cd51bd8e5085af0f66e446be51b3d9565,85f849e3a1ce4696fc47bb241b535c9b4a0a9a9da709fab32617405a782cac7f,train,True
1118,a531a55ced96590f802b18b1688d0512511ae7a216b37ebafcd1dfb44ea35722,100eb4bf47d13a81f18f24f0e35c98bf2a4728b5da2982470c1db1b914f1a90a,final,True
1119,36440881c5a1d93abe6e170404ea8e688b01ed3d3463f6d072a582d25a5ec11d,b4046ef491a4776de7c89d79bf5b4bb6e7c31c41f8e5f7728622f50af8774a51,train,False
1120,bc890abb16286dd572379c85946e828e03a09ed01d05413d99ad6aa6dec96379,502f9c0d32e6edb47128b1dd8fd4071ce1c59e8bfaeb6d06400a3fd71b62a76f,train,False
1121,78849943dad56c8b0a054a0667c9ac0c413fda856e032cf2f6b34b960c968802,d47dbf1b3f75bc718365c24e069217bed270c06f51a6facf9d4887e06adc4a4c,train,False
1122,c8d1db6258b0050f252bb22bd65ce66415f2bc19f33d370f9b1a9a24e024afdd,66b7eaeff97e61619a903c72997d988baa84405d08244311a9fd063192e3107b,train,True
1123,af4e1f54b6c8eb621f9116b136b0e6fa4ef1fe6b5c3da42f672f07f9c4540741,688dfb80b741b709c3b3aea61202162d1cc558413a7ba0c66e00251b81055b9e,selection,True
1124,a226e7209e64723a7374b8067f2a35f98fd28867ddce0d99267539b76f929b7b,beb5114ae9ae1a18abbf9b1513f6848f4acbded4d63bd530262c33fd7a68d017,selection,False
1125,f01008c70de271c16554ff3ee8591252499800d40868e812512000edb04a47a4,7d51f34444ef4082bb5ada52e05baa0d7e80d8fb75227932364b362a3d81e3de,train,False
1126,7eaa884baf8cd28b62def78346885687abbbcee6e4652cfe11f88b8b2ec21d03,42660930d093ce1a826d16b0d897242c6fdeb5327372f8a923cfc387c745e6a2,train,False
1127,0c023113bd0526b1dfff658ffb417b62c862df16ca4a890c20d87885b30d74a6,8b15b486aa21972654472cf00d23ed3635327f1487874615cf968abaeb2bf7b6,train,False
1128,56e14e699b7169f9bf7634401c0b49868d418acb237fef45a75a8765e7e82ab7,2d7aa672b6e04500257918ea8de4729d109ca9ae0fe251f19db1bb155bd291bb,selection,True
1129,82acfc36c675183d2475e68a5e2c0ae9fd3bf3d212193b308e296a2fb9b65e3c,0423fcf747e5bbfc3d44a6163dd26ed43ce162f6e60505b60304de0dbef82836,selection,True
1130,3443a8b94400990d05dbcc69d24e73303eb6c123112cc1779f8e96bd4bc87540,cf0ba9fc0045a57ababca781d0235b0b6f49550fd3a9d910e285ea30536f2a83,train,False
1131,6b7f35995e79b8010466313f518f29082974809f21b8513aeaf6e1224a5e4ecd,be736a41bf0c2412faa6bb5ec8acea854a7726094df3b5af7e1efd1524e49df0,final,False
1132,fefb520601ed8e95adfdb202b8f23b8bbe5a53e556ce9132154c0209a4bcf507,dd605e29a912e52e891644081d4b6e13ad609f9436c69aabaf7881e1c85974da,train,True
1133,401f7a048216a9083095500cb7c377abf0fe1f27a00e7c7991541f1da6bc9a13,912e7a8d683904bfa0751645d2b8df4b27afd279747ef28ec3a4c8bfac9d1bbe,final,True
1134,4cad6e431d15f85198b31be718c806aa8ede07074dabdaa4be1e8dc11d0995a2,a395887007f1b8f75266c1d1895e6ba2283d57eda8c24fb6c1285b96b580db9a,final,False
1135,3886c11c897f1550385cde6d3bf692ba55070f30f5c85562801f0b5257134ce9,eadc3df60a734bd4e87c1d1aaa2d27ba6b64c5c1391924b34baa6d0d4e589827,final,True
1136,e182b36ae6fccc5227e2466771437df0a987cffae461101272cecc11a9a9c57a,e94fa622d537248c45e9be12a57cf21cd141738af96e98d3ca9ed95b09064d9d,train,True
1137,8055b8fbf748713681bab32b02e20b6f724055d9e4ebf08ae991844d5f35dbaf,b6777fc2d9b7ec1d62859774ff63546b542ce4631547525ed6a72a11981a61df,selection,True
1138,41dcf7856311ea5928cc121695c7b6109c24ed0fbe1f3e115b786c7c81dfaef8,3cf3adea1a52ef7d108dd22e824b246badee1a2e6c7dbedaa1b452bd443da11f,train,True
1139,fcabfc1c3259fa5dc7db2f39fd732ecf75515f532cdf5595f2dba0438e023bc0,7f8c4a6fdd0935550eee3a98296968088c4fabc261d98a4829c156ce800fbe66,train,True
1140,58e79fb12ba7ded34e46cc6e2d4990343890c8c074675ab9866d44c1823bd1d1,de742765d24fc8c372c39ee29ff585f5ec2189524bcec2f2934b3ed86661919d,selection,True
1141,cf441ac81e8639c48b690c9e5b9c03ec0c9ce6daf1e5eb3f3e4468a31e8c7f97,b0e573ca5b1faa096785ed6d81fdec48a10d58816f8122654b8f60c8a01a5d5a,final,False
1142,12ed237fa0c255429eeabc15d73cb65e821c592107f6db6cf125ba9c1d2062b0,a8ee8bd92318e217604c9692f62683798a3f7b98a9063380949dc7a0ad54a843,train,False
1143,a65272d130086b94a981390b086309bc0d9c5e0ff94bcdff6bea7ecee23d8126,066e5429305851c8dfca64765a195593322edaa1c85578d6b71622fcc4f32c1d,train,True
1144,bf608f633438f4b646c120507e7e5f8a134ac9f46193a39a6952f200c08a17b8,d8876186d7c3cadfb52b8df794e37369f2ba2f9a9fe37f80b6b13c7770362dbf,train,True
1145,3d03fea1d364acf9838d583f741e2584343e112590f616889a6804128c73a98d,1b240cf63320af3d922d309228cae3351774e04ca0115da3f83685d789ca60e8,train,True
1146,00670197875d2b5fec94484665923437355ac53840e63a170a51ac2bd83a7adf,a00532529ac6ffcf256d09e5a19fb39745a560b0a714ccc51177505d59f79a4c,train,False
1147,4637976608f8e10f56f5ff31d0cc655204ac9eb69532f4973a5a3e747094a673,c0d1f6e0173874eda8647fe545c94a11ecc95bb0e1e611c8f5db3283f22c9973,final,True
1148,304842173887ea664bc05e6f2477111ba8751448f0e156c949f84ef72c0a03e1,c31541f3aeadb78bf50721e3335799ef12edc7c718afa60110a65c502948e673,selection,True
1149,28fc1ced6180754cbe8542ff17830a80c60e2310d728016bd3a1721931838e60,6aeb1f7fb60aea745fad474ca7fd0c31c4446483e95266e837a711fb527d3114,selection,True
1150,79864a7cd46dc224018f2db9cc2d5ea033d83feeec4e0e2b113c5cf9cd9d753b,6a1ef6831fe4372fe6f31c39879530af2c3ad329d3f1e05d70a0809a6258d8a3,final,True
1151,3ef9bbc6a8c832dee642facf8da4493c32a63a37201dd347d69a1718f025b1f5,59d8999ceabc16cd46330265d7e63dc944281d6ccc47485553885f8c7de023e3,final,True
1152,12c9a857155e677255fb80929bcc35836d5f7b5c728041e6b6715636a4075570,3396465d582c637b7a42bebe08cec50d3ab61384ed4afbd5ad8412ea8f17807e,train,True
1153,d4a1110313e156fc7556d37904110fe8e0ada25bd067c420ac66413156e9b5d8,557082fc2b03d66231e1e06742b3a835960db293cde85a853e1c39d79cbc4ce0,final,True
1154,4bc209d509a6119f3454d0b81790ed1fcab94a2b2279edd6de13306f98419509,cc3b6dfd708b03146e3bf8427bd0f2dd8b02970b73f5e2b1b1d2d65d1085f57d,selection,True
1155,db6f1b38927a0123cd3bfdb89a3db5bf67cfbec622265ede3c73d817b5a28e32,7d4330dfce566b9c59128d54f84051b560156b6af20ddb16c63cad03dac34ca9,train,False
1156,d8ccedfe09f1516abc440cd2b7efcc8209f73828e08c49889629528fcaad3cc3,1b0f70a801c6ba322f6608ff7740de08ee96cbbc760185bbfcaf1bf6aecea925,selection,True
1157,a6e0728195536fd9007a94a35c863b51e9b980f6b9f8a9cfa92b4a893b69433f,4e4ae306bff0e89215d4100986ea8736c4318e95813cc6a0763f38391d3f6579,final,True
1158,739611353dd98ff8d0e9b82f839d97de6a7d37bd480d5abe2880a804522f7dd5,b043a3a86cd6aa3ac9fca7cecb02805f9309aab81fa5084c4835007bf958cfcc,selection,False
1159,2ae50c8b9301b7dae85e0d223e35e9354ab0a0bb5acf5337e91c02740b5499c5,2755d83110e73b093259c53fee6a6791fd437c9bb084102bf564adccf7a21804,selection,False
1160,86e1d72f84ed76e952b8597605235142c1e2a202ba42482cf43e1ed4bbced052,a046d5009336876e15bdbe8173d96f91ee4fd8b9f344c061ac2589bbcbd6f652,train,True
1161,e944121bb1f6dfdbe9c81395f153eaa75a3bb35d4043a0b4f53e08fe38fa45b1,42901a16e2ac61ed915638a0e2b9492d96fdbfdc16da26766c5f421e0facc844,selection,True
1162,456a6d81e4d44f58e4951bad9647f21589c867ee544d0cfccf2ada484839c4fe,449201aa8d6dcd85a83449fa4bdf24c2d5c6ed6308cfcfee3975b8c047f29742,final,False
1163,8ff2e38499e320eb5ba30d731b22ddd51090c18d4c5714bcbecd1c297c70fc7e,55dcf1ef76b7f2ca0e57f3f48103be0d0760ed38ec66386657b32a2cdc632c7b,train,False
1164,cb1d3777ec59f2feeb72657a92c3ae94f47550939ee82fbb2005a80373ce1733,439930877c55631357d0f566addaf6fa460be12751d48c34920542a754c13c6e,train,False
1165,17c8b4171f091e7724bb869415a3fae34d63167899f3521b76c834ebe70d655d,5151f87b5f12e27084ac116ca82087073776c7ad56184b2481cf9d7828842028,train,True
1166,3d47e387dc1198a449ef63b89c45c8bdb754eb3e73d6a1fbcc13fa6fb29da013,fef90c2c1fd181623d3eeec91b14b91280354b66d2a8499574dfb204b50645cd,train,True
1167,1e545579fc7454accdbdabf9038bf82ecb208e34539cc64ccd7de00998d24fd1,57a778387c6b86ed55347819f176a1e684230e25d68a610506746d7a7117b87d,final,False
1168,b873a0999c6a0d552c2d2335444a28bcb4407ba5bc87acd1664821d7a057baab,cf2ac4450b4f379120265d99103f981527675d65f8b08023b28d8666b19b10b4,train,True
1169,1ecefd0cbab815b3ad81aeacdd386d78a36a62d2d64b79621925c96754d7bb14,d8d7b516892a1d5c22290d69c36317187ee9896697cd302f9509b0ba8517b89b,train,True
1170,127c63693568d0df6e553e726cbba7962bc2414a171bbfdd9c6dd7201757e17a,92292102851b5a7be6bbf53ef99f3e3788f72cdd18abee9fbf5c5ab286c4d6c7,train,False
1171,f63ba0e6a0a27044daf62c760dbf308a305c4763e70b20c1ac01d70a035997b7,f527c918fdde8fb43f49fa042fc8c94ad5742f33d0d7ae32d315d7390539ff19,final,True
1172,3eed246ce8f9136c165524057d68e6c1bc6b5949372ad3c8814ddd3e3664f5d9,dac15e5896a769ecf1555e0e81184f7724233e8ca3b3c08ec8a8d53c711e0f0f,train,True
1173,f20c748fe391f7483e6aeb599e39297d61c9f6c4995bf4f06e4aab82bbf5b7f5,a0d7a93a060c07bf875df069738e20c34d5710aff1b156d558cfba40b63cd480,final,True
1174,8c52384c0828d8625bf00b56fc0a988a638b35c91ed03b43e31103e8b45f499d,196e602092890b8ca7f55510d9c38ecb99ec5974f20844e298c2107929ac2cce,train,True
1175,6d56c8c3a777c11f01b9542854d34d676b8fa6e562d73fc94c3a6e44d85a9316,38e169fc2060cb6f21848a59787a5a7a8a8b4e15dfaa7fce2b3803b7d88ac77b,selection,False
1176,de6382fa0d24270174d5b3dc6d237448404c8eb7c1375cc01cae97e7311cf025,b8b109ae9d681f8303d2c6db052b1ca8315e8cbd8219eff1ced4cfaa881692b1,selection,True
1177,ff5366b3cda507e9b20a8a1fe362207753f215fa782f3b777cb0a9d5d94b53a3,85980f34000040400efc0367530587e49335feeacb35ffdfcc72ee7e08936273,final,False
1178,4c1e5caeef5d8904597b971d83df7320d4712fecf4ebf520be9a098508feb136,c3da8315795d9cacc38727cb8be6ba45bc07374219d85afe887ac4949064f507,selection,True
1179,a2925ebf487537467c4b4c811398af9f9bfb5a78159509bfbb877ca05e3f9c23,93b5fe36730ecad595a6c229e5ae01d3c4ce032c120c8b509d339f4c31e480f0,train,False
1180,d27d94383f7a5ed99066675a75ee9ad6ad557558795e616ce3a94b33b619c672,4787186523a2f99437c15f66e4a6548bc1cb7432df5240f976e9c573a382e65b,train,True
1181,51e0c6f16e0f5ba712ec6f82985212ae51f833b5ce45a2970fb21fd572f58c5d,15c35e258f8ebb5928cf79a1e71634762035dbfa1327365f475b68b695027616,train,False
1182,d50b738944c01dc43282a3145d929412a7906e250b6998ee7e5227f95100445d,7379d3b1e2be01a385c4fd44af03dfb57871fd63d82840ec044c6d44a72302f4,train,False
1183,1725d8be6b9c1fbcc3f6714ff898c7d4efdfef887b015739fe660cd9dea5a1ce,96e1bfbed6d18023355a108240be9494ad5d987a103eb3dc64f5ca1dff602740,train,True
1184,7f7555f0343d37632b58fddcc6bc4191ecc4daed6e0ce7d9ea34b4b5f06dbd2e,80dbd25a80e6fa75c5b6c71c544a6f65f171112ff6f2a5a6083ef393a1ef2625,train,False
1185,efa0122f83785e01812cf8e6cd9bcc16705b7792a13e2e143ac2679fcf9ce660,364f9341a75cc3d35c943fa4204d9b243a668a434e0be92ac88f40e1cca4f129,train,False
1186,f8370f8ae95d1b0a776f9b0fcfead782ad21eebb7e883e0f2be236539552e872,ecdc5ef7907d927cbd9e4ac135c763c3a06935201c97d9a81ed4c86e12bb02c3,selection,False
1187,406531feea64e2d7290634f3df5757dc7c819374e89e099273fa7cff22c7399f,89084fbaaee036c38f3a6c959815af0c02d1db69bddb8b31a17a3b7446026a95,selection,True
1188,27d0136d4fcd616c1f5c64f6215418ad0a57743240f47a575900c99d8a84be62,3f02339e9710fd992dec64f62b87d715e3bdd3f71aa6ba34498c2ff7d4aa18de,final,True
1189,d66ace7dc9b86d8b37e605db529814b326df80304a1ea9361e1dad349111024a,6c82f3c0e509b260522942e128628aeb0368d9398d03dad083d07d5b5a218f45,train,True
1190,a16143cf03b1bc5b30d7f29cbebdbc722df698df086a08696aa7eff62da6d0ef,77ef8dfc5b892dd0d23ca8a0005df11f37338bee58fa0bce44764f16aafa6e8e,train,True
1191,4cf66400ca147e2f8d6ca77ad4351193fe5b1648cd953df3ab31f2d5ef70f830,5fb5eb73ecf03ba874c7e7588e3ddc491877b0f4c7e82c5c8eacc1d5c4ac6aeb,train,True
1192,2eab93f5ad5c4b36f805d9ea959b4b60fc1216cad24c017b6ff31b9497d316ec,fbbb9d5eadf7bbdc417f98ce43087be1130d6e78cfd82c220c1cdc909d3fafbd,final,True
1193,7089e1905c6b6364ee41ce346be1c9ecb4bc149f69d7e41920927df738b04edb,ae88d893be379d0806b79cf072c16a22926ac130fa53fe7e7dad45fd22fbb28e,train,False
1194,5841a04065f6f72a3651575be539d7814946e207eb76df6d574564e1c836957b,f85ddda595d7779bb897a6a08413b0f1b66d39473558adce92366d140f381e5d,train,True
1195,49216fe0c687d0e0b97626d3f4393b1409355be18ca5ac91bfd0832fd8b3f5e0,dfc1a1aae2fa21027e011f0e70526986409d3b74ac8fd742a4ce4c92b00bd760,train,False
1196,553edda0c7073f327373ac7d4000f6323046094d4dd5cd5b9a33b12cdeeb1bbd,5ce3a7edd468b8c4f1fca0da208f28ead66ccd4835ae4fcea981e68b9365f00f,train,True
1197,04daf852345fe53c1693ef397f3bed86ca86ce82e37aade9307ac55652b38f4a,97dda780241c906835802054d0fc0b15a57e08535e507ab8c1494cae2dbf9aaa,final,False
1198,1c6139a9e8956753c4727c064f6abbf66c422943952dad3ff93be95bfc650993,8657407fc73849d768c0d5049e37c36259a602817767427f9d05efcb836f4e1c,selection,False
1199,08f60d045e7a1b76e1507b5e4eec47e6094871be75cc5b3c3cc75e4bb6f5206a,85a6b3f7cb58dfe8dfd79ab656d98cafb70fba17855bea9baf542abcacd316bb,selection,False
1200,2dc785322ef84d9e2ecbaa5774bfc379d7c162cb213954d2164b14e65a4ed4cc,7b8629e82ecaaed4ba7f851a971eaecba82775e3091e075e34cea901e8ade041,final,True
1201,69b331a13e074c33df88381e57dd3e760a024eeaae9ef3be09a227793e4cb270,513f9e3fd953e7a363092c24a81eb443adf1cff3510898c1af9be7385a447174,train,True
1202,7699bb6848e278f750710314e7dcc830bb32d573436bd337830473582d6734e5,3d5bfb0992ea6b2d4830044305bdce83566ff04b56398a569c078d8c7948e9cf,final,False
1203,c2380395665e253532d0a53cc6936eb33c7cdc28e3e8ca436913c044f38a3120,592c426e83fd00332158ddba19ff9c7c4de6fe2ed5fc05b26edab0053241430b,train,True
1204,bcf50b113b5a342625ad951518d4c72cb827fdc0c04a44e77192b3b83feec66f,0c472680cccc9efe1eb09388b140e2b271da5323dd36e9360c228c147dcc28d9,final,True
1205,e3a2599d2429fa98f148de717488e4d8f143d9f1f86f7d7015067ca5aa8c1c99,5fd3f924f12f5bb93bfe038aad33c4e15f76d6a25219f6a9b624ef365d5eaa72,train,False
1206,19e2c1b84fd790adf31ca8eab74302959d4e8ee778ecd4f5b29ba5caf054f50d,cb4077770832602c9720016610704920ad6637dd217c349fd4cd06270ee11085,train,False
1207,c23c3b150fbb3afc9f7975c974d3ffcacef26bbc68a57cccace682a0332d6ef2,04dc4e714c8288f0d873a17945c34ccdd6231752a582f01b6772424ca8bc2c20,train,False
1208,e62094b536466c0d40d0ae612586966c07529e8298af27ffb35ed0335450b742,bb5e929089321d98a74fd0376715bdf5ad5d56d3dd0bd88ecee3e00b69b5bc3c,train,True
1209,9aec3b53b4762d4fa5d7dacc27fc818cf065f0c7c000e5d342c0678036ce94e8,10f347de45fc3726abe861a49d6720cc75b348575d8cbc98b35a1156a11f9291,train,True
1210,48c67032b33065a22f340b3427388d6d60a77eb5a7361ddba14efbc682d22f17,c629fa27c24a56005eb0c55c9af8fa77ebeab59ff332024a61013a5d23ffbb70,train,False
1211,96c23dcafcdbfcdf79e1fbae4c8560c89631b48affbd271686d7466048485992,01a2e65d93471241ee23be9919fdf43aeb318fc04fc509082cda125daba4921f,train,True
1212,80af49a8207e976ccd2f1b93b9e7b9fff37cc64d4b5e2169216079b43aca07b1,29beab10ea6779103accebd0ceccdf6553a12187e6ac4f7af390397735a09615,train,True
1213,9eba1d0e528492ef448ed045f250084a7dcb46e5802535943108ca5d712554bf,f484a785c87b105d27bcd0d680f8b7ccd85fcb652ab353d20cab5df1fbeb9138,train,False
1214,85c1d1232a5a2acdbe8fa6afb5389f1054cc54cd669b4430c981cfff8597a63d,d169c97deebd8457a8103538691d10caa2b44f67ece190f87fb0104f3fe06907,selection,False
1215,539573f2383bb73baba9f1a2e8f5cf84c8150231fae6acbd96b7f689b453c303,f4c300f16a0c4e02448f010e05f1b77c72349e0591fc28939f7737de555053da,train,True
1216,40825a204f5acbd7ed717afa326ca98d39b94c60b7227d9558292ef255a62376,bd217a6b8184ed1e76818e3ffb6923b30b17b1bd3b4422b8bb50d2280a79d763,train,True
1217,556f581ab45381b5748e8fb8f96deedcc1c708a1d7765f9009d3a0cd374ca6cb,a0432217a63ec7c2eb7534dce1f05367418efbb42084a78d6b73ba7ea1ad37b1,train,False
1218,5d2ba9a0d21f224dbc32c339fa3d11532fbd7ddef393d0faf9edb30ce5929b0c,6f5b5b6eafde8f520d0526e789f9e9fb79af2703e8d96b12beb4be87acb2cd18,train,False
1219,bf7987c87f2755cbdd8a46c12caf61f3fb78e3b5a8b1c28a110c6784acd5e438,4f73c898cc1df9db511d88b3152eb58c9f601cf4df92581a7d267fb22e02b094,final,False
1220,5731241f6d59460354faaaa7351d4853bcca1dd39a8df894a35aca761429b377,a908567c659ce05b0cecd9b01366be6191bb58bca5e317c722246be4d8d379ae,final,True
1221,429bd3d502bd858ef085a8d80f8df16c84612fd02ee06fde2c7772252ed1d641,363500c8594ff5af1045018d85e7a3f112de2cd4c50207581109803d75cf9156,train,False
1222,83c284124e69160bb85205042c9811639ebd0d2eb434588033d0b49644e0ee7f,d3a4f6b83e026fac638675fa117f33de1b566db27d1eeb629973f72dfc5a4c50,selection,False
1223,64ce6cd618edfd6997272a7a743c1035faf415390af003da79ec9cef05b758db,aa57ac0e3989870ba6ec67538ef45fd1d5ac786375228623b3c4e22842b13062,train,True
1224,89eaf111bef1e0cf60f2b26f3aab4ce951e0fc66b9f3284cfd29dbc85b645da0,8a275b7823ab17ff8cf1b88c229dfd199b25d556443758bce0a374ae36649551,train,True
1225,0bcb30a6e2a92bfb2fe17026f619a911982651d55d998ee1000b1c89cfa0187f,2d34a4b5b4d69997d9a40507f71d1f8684f521609bb14c208066a2f145abdcba,train,True
1226,a4ba34a12213ebababafd99be25eac9c96105399f064a82d77d34268a1477e44,72e469fa0171d9ecfd6ff71f550d296415f2273323ce90d5c326b674db4ad302,train,True
1227,e9cb9725435dc6d6fe1bb0d939c264826c36d14624ea5cd9c2157e639124f284,47b20307cfedd30d42ce8e64c9eeb58653bf2324c5c49bd8f216130f797c6623,train,False
1228,827b2c1bb8fe161edea23955a7d1cfd974ff7975cb7d10558e347ef37bab9a75,1b3de6e1c5c47ad526928be08426ea6aeb847a6e15a84c9ed7bf3d470a9b8652,train,True
1229,492ce940de614e1db6fa8b54db9c29b591a456d9750b82dbb746ef42657041ab,e30c01e44d0933b722873eddbff231edfeea637af9d71a44b85a600ea2f916fd,train,True
1230,e566b65ef9927638b7578f485abaf7d29f860d0f152769f7d955cae91422fa83,2a0ab0e33eeb83674e8efdc5843f5cabf51544c9fe3692a5d5c459557063fe87,train,True
1231,38fa07c3f53f74f668df4b357113a36c0664d9bc927108f1e154f761203b7379,697eee38a6d0ba5967c74efabe7bad4ef4fd211fd6c70c903a99cb11c2cdd42f,train,False
1232,20ee0cbd6782887af43d234ec308ac7da2730a29a76007a2900f495a3ec24ddd,871b8a61ef7c8dde550d2d89868b42c546a04e2adcaaea02f529cb88e4969b52,final,False
1233,da33de0754c2c0acb9bb77821a1a29526c12a6636595de19560087ae094e57d4,0917bfd056c186983b85533edfbed13689aa0693b728d77c49068ee65a774967,train,True
1234,de78f6ccb8982088dbcf044b6d35a309560e18f79a91a6e5cb86fcb06d3058ee,573ff5f19683e57749e7fbae5542a4c490c8cdbc0e252952e292d9bb0fb3af37,final,False
1235,2803853175f21ac285a3b8319c2aba08d8e253973c54c449d8748884ba08be4c,07cf963c52b37e9206fbf8b45adb498a8f6d89ac9daa57f505374ad35b384ba8,train,False
1236,eaaf209cb0598e97ecced5ad44ac6959d92bac337d3baf088cc8ed694bc68995,233aa203d2972857a622641ef09b29e96ab14df97acd61ffd7ec5bf2e902fd31,final,False
1237,286d1f6ecd3e834823275a787099c67e2fe02e666aabe59ddf154a62eb740f99,a471d16c031bf1a83b8d72d8d78e1eb0e91a0bc8b86d6cc54b9483f5f717af00,train,True
1238,b6eda4835d850fa52efc1e6ec7c4e98b69908bd7b1f1fe59c563ec1d1f268f56,ba3a2de1dea2a232a769ad1610ed3188bff4d2f453480224b28bb16dbaec5434,train,True
1239,80a6b574be798ee4acd63221454bf1b5872be38ff78c170718c0e0af5e5df672,365bb1c1d52699a2e10818380763a8e943e6e988ac6206866cf87f80cdc15f4c,final,False
1240,0ea03b409b51e166d51885b673be048118e234ba0db849f8dfd112be340b8d01,e08d3604befbf3bb57d167ba5098796b2064ec24db5accc1aaf5262da824eda0,selection,True
1241,4b078c380d46321854cb4d48d2837c3fbd232c34289d6bd5a0b0f87150aeaf1a,badf56da7ab0d88e506bdde74d2af0134d79cd214179e7ec57dd4c1bbd90bced,train,True
1242,8df90c0311944cf5964beaaddc14a05e271bb0b1d040af67016b225b9feb11fa,c830098f45a7f53137fba8882a7caad9e69bee4d9871253e020b9d6883c8cb9e,selection,True
1243,40e2c1e3b7c218061a034cc352e444db148a75061f14ed30fcdec39f5103bf48,90019c39af3ec8b445dd8149809417a4261dad17d7e9b8eaf71e7433d5568fb7,selection,True
1244,e2456efe4c494c3fd8751324cc51f59a07e671cc4fa1e1f8894b066207636951,8a972ee1c33895c5abeff4cb62a71bea6347a1570103089ffd540a4a24d24886,train,True
1245,f3452b5577a92ff1f780842915bdb3a61973d9124c259fdee3a1a6f967c5b369,317a6cc1c42155ed33bb73f62ac7b77d689f04001a95c1817b1ec4263c6aa37b,train,False
1246,e60e8e2414bf296ceb775294b457ac487dca6f1ca33356cebf72300e1adf42b6,d37db8a89ece77fc5f361a68e1d2ee70cfb02662cf85a48fa996bdb5595adae6,train,True
1247,3d64f5671aa5924ae628c2f58a5279d9e8f964ea868b81a7324a7143dee817f7,f6346c5aa47cfb90464b30767c292f051047e1cc3f732ade309c3fbcb7a7ab45,train,False
1248,669a8fd1942cc8f72e80f11aa40c38e4e31b3a73a28d4bbc93087633b13e6ddc,c2c71f88e943d93032c7ed897bfec2a678456a1974819e965b7fca7954c1b0c3,train,False
1249,4d8489bf17f3bdfc8e15ff155fb76c12efad35472ec1db5bd317edc859694513,aa858c56dab597faa2e5bbce1d4c337f9c54c38dc47f0c2b97a93ff8e6d2e8f9,final,False
1250,d9d36075a314da3492d309663ce32e299ddf7a63b18d77e2cf454f76629f62c2,6ea89e4a999312761ee5674cec6e7b5980ff916c5c251db82db7febf4dec8da4,train,False
1251,ec50099c2dd0c634266284210d0d355542b8d290dc41e9a9aa48fdd0b84629f9,b66b86253949738c900e4b4cc04e3b1a1fc937cf4339607f30f57589844de769,final,False
1252,a3c50b756e3ebe4571fbaebc6df67d9cffe1092602de29b2a27f6a892da1c72b,c03a99e52c227ea2753701d5b52e49b55df1c680f60f7a9007d7548af9d1bc94,train,True
1253,1173f4b9168fe96945e405b45e9d2c453e3596cc3e9b01f1d4d02c2e286ac3a8,e9d361eef8fa53a27fb68615e7b0295ed04bf2061cfd38c286a534e89b1aa171,selection,False
1254,8ba28ae4dc9e59e1d65b734f05221e49a220f80e00b1b1a6d0d5f094de1daedf,f462a79c7f9d9eff99b44b0392e0c6f31dece3fa626bb2c579cc92cf566de2f0,final,True
1255,ef9740a5c85e4444f4e2e62ff54671f0d0af8c205bb45e0f7de8d2c361e889d1,5b1f03579360f90d14b625b04717942363e42805d89ada35ba74a197b0efd856,train,True
1256,1ca9b288f67fb08663c8c21300dfcfd5c12fd492fddcc6f6ec7095b4acf3ee29,131828b1a656e18fc53315d1596d1fa91ff32e36e54dd29399881bcab3748714,train,True
1257,4adad7b192d7de1355b8a713fa23151add26c347879880022beef47bb4750098,324d18b85883cffd3e8a83d1508e824ed611a47e45f1e4ab8c9b2dbeab7570d3,train,True
1258,139906f9d12a1cdd0c48ff10c42c0fa518c9cd39f8dd561e930471297c9c3ebc,a63529543e407625cfa8ecd03059323bf8946b69779a884f2454ea974a10f863,train,True
1259,0730036e55752e0af5d2730ece3df7b7dd746603fd8db70c942c6c56083dac04,aea5ceacd4946fe5a777e983cf7bd533f57fb24c11753eb7b920a191e50e6c7d,train,True
1260,402b00f7de171a6397c7b0a00699b88ee33f38379dff4c4d8d4b0e6c72839ef6,bee90e274b9b5bbc5cfa8b285a5af88719dfe0de946069fca8ad76103b7b44ca,selection,True
1261,e4302e48ea0111f98d2b6daf8f996302513caa61a2df52f05dd439636c879ea8,ed99b2e92afb7232a935a714c92ec00bb3795db2c8370ffd421f7857fe462314,train,True
1262,e1c6e5069b4602a0022196b68e4a8d2f1978e731995d8a1ce249e40e69973135,e7e206155e628f86922500306e6d73c3b9b1305fedd7c23c3567a37e4d59234b,final,True
1263,adb69f615cfe52422e765d0c41b5273e8f92f14587dcaf3712689db8fe63cfe6,ab6809e0406d7cc3a23d9cc5110a34143c1c4350401ff980f9954ba03324e928,selection,True
1264,74995e596d0ef5b2b57c51b42319f791edc057c2fb64ee87e7a11540d7801cdb,82191404365ee5f8846d1da06ac7927763baf57c907fd7b17ad7567b08e6b090,final,False
1265,ad5bfbbafdb7c372f7ba72df092a33b6e68a530c9b41b71c73f70cea1c183c65,fa11d0fe6224f0d1c048bf011cb3b31f6f76feaba9bffac91b070d7899cfe249,train,True
1266,6fb251b8cc6baf3fc2dc5f8978b7fc6d08ca05a35662cf29efa1df5e83516325,acc534e0f1c2ded99dc40c28cc98df917ffe6a2901fe2de8c6b8a2813e646927,final,False
1267,20c069b602bb3de8eef5261906303b95be630cfb6f7e338179a79adfa5f59fe2,bd35c44226dd788d0f2309bbd5f4a438e5cc1286f1c7d506ff8919923f79a3f1,selection,True
1268,93a88093d2ba7c1d9f948c079d81a8d26fd48ff939741c57c302203640becd08,f74d986af53520b60920d70b973bbf85b2be6bc3bbdc475a6e6eba62ea4e2903,selection,True
1269,ee00acf970f50ee2579f6036ddf628ab3f3af8d10944af4fbff6a0d9c37a9ffd,2756d0acc4244481afecf6da444e019b450dc59f52dff9f773adabc6282a08fe,selection,True
1270,75d0c2ca3f401f510210975402cb053ee8684d5a58c11d6616c47ddbd42cf311,5b381be18a3fd54357e323a83f53fbc5b37d97345b79aaf1454d5aaff0c31c47,train,True
1271,7e9d6dd8f40e075cd1f4f72a607b6b38109b1035417c35608846b785351992dd,8ad04594093cb702cbcfed7a6fa5bfa8e7562060c5247d02abd9479d33fcaab3,selection,True
1272,5223c5c3eb103d3841e48bec7be153c6c0ce5cb858acfc32afb6124a3d052327,ce62f846f9e210f45a01985f8c57b547c02c511810fbf04262a5bacdc3d1bbd6,train,True
1273,93328bfc1cf6c2b16d848440133c0fc848f95a16dee1a074e7d666bd4c86fecf,7fe74da2a2132f3e437af682a8ca790e4db364396132475d521e070492d02220,train,True
1274,fb5197ca1204cae669ca6ff278715cddeb6c76819bcd81ea363f4bea7b369d8d,be76bb7be617945cf81976ff42a3996163b06684bbd2ce9c31258da3f5388601,train,True
1275,7ddcae65fede6e4f51c91520b4f2cc6a041040e48ae83d45309be1e9c8bc7fdd,25e196f354105d1e530c09e4479d02c95d8a60ee4598dbb4404daa82eed886bc,train,True
1276,c9f6e29de237a6b6520547c17c4068f4007192137de06aa6f59bc86a9bcc5d7a,68bb4c1f9352e97cdcf685ed86b862e2763f746243671ae691d8195f7fae431f,final,True
1277,965d6c4460173ab866e7afcc5ed865cc78f677704e920f2cced4010ae17fc372,76b92fed0bddbefedd6aa35c0a3b45f0ffd3c17718b03a04f0b56da31192826e,final,True
1278,9595503913629ad42f30d9e00b682bdeedfc49de29bb72a1d26495cf333d38f1,eacaba0a9e3a2f04995816fdd62cfe81fc4272ab780fa6d77ce91b2311713026,selection,False
1279,45a4912bdec87a5c6df84937674dc7bd67659b2b927efb935f1af3e023d90bf7,c736f645f14693951930ae21a75a9303adb355e7ad7ca644101e22ef9067241e,train,True
1280,341421880bb07e2c5b4ed1c69271dcfdd9c87533f8f3a665704e70f501ee6348,e59012cc65459f05ab38107db81f02f7c875f79638a315d8502a8ca58ab3dc39,train,True
1281,0c2968ea90fd1a7ff5ffe57bfb3afa655a53ca18954dc0188acf42259a3d44da,0e072cd7f31eb66188c7e1cb1a16bcf7d287273ec029116273af954861716281,selection,True
1282,c73c1cd49cce1e31fe82a78afa2f8caecb0ec3e888e0426da096a85c7cbab86a,24d2af4f23658c540f7b170e12f684a8e967fbb507bff76fed15e0ba94f15f94,train,False
1283,6fdc543895949ed73e37248eae007a8bcf2d9fbd978e06b58677606f48326933,fc4e9598ab99a75d09445ac07dc64ab2d4ff5cbe7bd909012cdd1c75042f4e08,train,False
1284,1bf4e23fd7e088b95ef4f71ee75b15eb3584b1d168793d7e80150daac39455b8,2a30b406027ee23d65cbe3240d8bb8fc8774a9d081c7fbe31ef923d0dbbdff33,train,True
1285,727c10af90a27c2302939139a464d32bf54bf496adfe7ded6e35bb0d7d7b688a,f05c193ee11707fc3845c6bebcca271cddc53d8899719e88f31781159567217c,train,False
1286,61c171f6076370d6bbe52f9e1e9166fa24fb97203d185420c61e74bf02c2b36a,c9fbbac34d4e464bfa6a800e3edbdbc98d0f755519e336c2b5694af2822aed8a,train,True
1287,d239233e88d8fc7963c54bb0bf1b3e2c386255cd4540f7e8f95e00b7dddfdbb8,8cdfa110ee329eebed041dc483a9e9f8de42b65818f81dac5ddeb540fd4be545,train,False
1288,56df73195948c41d6ed0c31505d874402caed2057dee8230543264d81827e802,495d6cb807f81264833efb16edbe40709e40cc913f5dbca33d35900fd709ac94,train,True
1289,ede0065ad0e6ad10e8aea0d63e389afbf4701eecfebb829fd35daee81efe9f5c,9948cdcade1bab8215af554d806b26115109a98604f62f58e567c49eaced8e86,train,True
1290,bcf29976ca69233f579f212e296083261b732fc0d9a3b5a79c852e2df9ee554d,c3eb6403b918b6be03c3789b1cf464055e8653f1f088f5542a6ae22a1969e62d,train,True
1291,f585ae08f30be3811261a62e8cdcacc0302c80ad4d44b2741fa3ecf687c3cfdc,0385d23796a0a00806e9b5a36e1859455e65322ba722c77f1a77327186b245a8,final,False
1292,ec6e6910a0ac6e5baa8aae6bf2e1a4e818ba91bf963f491966578d0266e3d615,508fc249bb7e48529b010e8d689001d599a95c74e57c67a171ddb32c1927beea,train,False
1293,73eb2cf9c4b8c1eec07b9b2a0425436ba8b859c53495537ca3d114e82d907e3f,2be02a623263036d7b52b465cd5e12190b8d30a73d34335b8740f34593578959,train,False
1294,74314097c0776231b034811f7d8c665b2963f51abdc5aecf3de2eee53d985d4a,68528e13ad5bf0efd7d84df973abbc8a10cfa57ff685678448e4fec41a9795c4,final,True
1295,eb4f661b07b8d6b379309e3b75d4f299be98093f5a218dbbcdf76d6e0b12bca7,289d8d704d50d28a94755b8fcb4a2ef4126be4a06c4b6dc9c8c7485f1ef5a778,train,True
1296,e6748a0d64078d10dd8d29c2f6b022d803048042c47d7a005061e7a4e1534cf3,116d9d3753bceb60eee36fcdd61b7f333ff44a5ac9264930ee45454b58c99b5c,train,True
1297,163c1b1d8a6d0999c6a694a5b9ac9517eea8061387a3741818af362c9d382d2b,22f2a3c511008d1a6c1c91e711f506e3cb5a15bc4f7e57e1d379aaaf308ff8eb,train,True
1298,683dc254958b791ed1424d82bdab882b5ad78fa941a06d94345e17f385c23fd3,ce1d2a7b3619088be6ef765210d213066a6a4e752f35cd0c1e8f398fa03eb200,train,False
1299,724690da2e666c2e57db0dd2a433a3e55df9ff4aa2f73ad9df5cf28d681024c1,d976d03044c2ce8e0f2443f021c461ca78867190e97218e96854a77dccf14baa,selection,False
1300,aec5dac1bdc0dc904e6bead8c4f8353e132c2afd7dfaebe08a53249d0e1c9385,43b7cf384ba93294d6a81de9675af43262149ec2b0ecc9e2e49b2dcec7cb7207,selection,False
1301,61ae8ccb2de80d4002cdf24b1eeafd5901170c5526f3067dc98d610bc8216440,d07cda45adf6fe4f377eab250c9697f289b1425ac2e40b2d8bcd27aefee2da72,train,True
1302,bd1d991633b82739a55537837cbda45d7f9560a216089fb7901afc337b1ced5d,0ba8b6bf6dcfc7cac9a96718965a4f74fac37f95f79e3f1db5a2b9cf2a77f9d4,train,True
1303,8f7611a2fcf090dfada465e397aaed9e4c8b86561104f62413e5d71cd14ba185,dfe2202b058fad3293bf2ed48b7c0adbba89e92fc6c35de360d6e00f01417a84,train,True
1304,114348be0b657b079141b30a15562770cd320924cc5cb93c6842390670052c7e,cff44b2929766a2fc4db5525b33016a79fc738a3aab97ebe5623dec6c168cf97,final,True
1305,c6e9c248934899c7d9b68f68ef431feade544d3c5d116e148372578ab14ccafa,e080c70f2aa0812ebdb1f987d65c9e204f46c1e3a2e2dd1edeff06150be78a82,train,False
1306,41bb94b41d616af1a9b8baea416b78a519daea8355a7b1029bbbfb676d686280,4eb8ca1dcf30c7d4dd5e3787ca3066a03c642b40888ba39e987ea79e6666aee0,train,False
1307,87dfcb6661ccd0a9d7ebceccf236d53e0ebeca704700127f80b86a92ff831f5f,2a08b2eb48a4a17817c1ba2aef5a1a7f7ffb229f6de63162e3606a1b2b64007d,final,True
1308,993de3526004a71c2be9286d715c67f091a39d7743b0aee10066eff7c8414f57,a59d5bbb945182210c1b304699940e3d54acc1e8c245a45c25b4b0a2539184b7,final,True
1309,b46948825e37aa4aca288a35bd0f5954b7c68159c3088ecbd1c6bd54f3a38e66,cb01dbd7df5c5d4c7c56eb0a7c52c349354b5d5d4ff5d0c18a91a511906c6d25,train,True
1310,e44de6a68c70fab2659cc360886b5e9409d7152f621d2794efd29944389b2b33,16b6f730f2d0ac2a1724415123c5e0b11bc07b0845f5ca81529731d86640fa96,final,True
1311,a1d72e183a5d0f092c2e10585e76c26c9f0ae2306ea18757de0f3b10ad4524e8,ecc78634f9bb9405c2d9618d970071e0bfdfb34134c5fd0f25e970d09938bac5,train,False
1312,997cc8eec62e68eaf4f561d1d34ed7f86f393f0fb740a05c127cb3cda18a0975,ebf60c591f603b24b9517dc97b29d7f69f23a94005be5680e2875a4b9c37253f,train,False
1313,d1b7db90072d0f5bbd8daa38d969d896ee2d2e902ec3b8427f6f4f8846805c3c,7d04b69516f8710d826433b871ccaab2723bba6741cafeca820136290438f3ff,train,True
1314,cf23c3aaae5d8fcc739c43363214997ae85c226d62e8deefe71e98cce73d76fc,f09be860327b18c7230bce66e932e7458ce76f64abcd8109172e31bbdb0ec1a8,train,False
1315,ad5c6c5148d11dec4d18522dca75eaf238ad267cf0c38d91071949b655fbc119,4f6bca5fcd1ed71430e2667ccd6e650e1dbdb46bacdd711dfecb1acb152d54f3,train,True
1316,38663de044a5f1651727735ff282add4735824633dcae3fa41859e50e423a320,280eef219b8a79f9c8bd9452f61241ea968d04c877b54350b7c16b73f2636ef6,selection,False
1317,a0aa42808866b710b8c2d1c58a9919436b5f2dd1617b2bf5a0fd4480c6e84595,2a381aac8a164b943dcc5dc98091a06b8ab5bdc45a92cb4b6af4d080de56151d,final,True
1318,818166efb4e417050e22c09d3009a8ba2bcd5bf64e3945946d99190d298c42a4,48ceb0da809a9dcc2668afcf567f6f30339496b17af8fe17ac64067ebc14616d,train,False
1319,d39ded7566f88d8e23548990ee51d7233eb71b172ccfc6b159b0d02fe3158608,71c898cadefc0db4545fe56e1acff6699baf2b0673654ebc8fac3cde1b499b8d,train,True
1320,e8f272f6cd3f1c6456a7de8151719f61787e87bf7dcd2e8e537d664e6917bac8,f490f3c62edeee5f708f9c427a843e05a0424abafc6711025e9c53aa303c13f6,train,False
1321,7d447dbad47446d6594f47f302fede06f928671f438befc071874582798a2d0d,22c7ec6f07ce0d0455427b04a912c94f61ea8e6135c96173c48511506b5f62e7,selection,False
1322,f5b7d20c23863eac522ca07b018a8afec94584afd2015b240a727e84a7d03da1,af9131fdf79e9eacd6d2d715d8873a3d7e39a7e76047f6daf4d754792be4edb7,train,False
1323,d8d9f29e0267ab12381da6abaf90b7ade7a85a8a87eff01c1ea104ee4287e089,d33fc1a93f5e2c2936892198fb9f3b1a47d97559da62c4ce2ae961f2c4fac275,train,False
1324,655814e9cf1454fb4b952f2615d6ae68da4257deb7784438a3e2ccec41ba4c5b,f740841a2f037a42d84ef83773742a6b0a0571f084076522d5b04e7414a80947,final,False
1325,07f190cf5c918d8ddc88722cebb242a9a24c12e57e904a5bbc9c84ed5d002106,150eb495fdec886080c59dbcf0cc605c962c7791f5d736f8ceb8d32d204d5c2a,train,False
1326,8d91a56024a706f3ca6c536ebfd0c06b75fbfddc7d341ac96e4f3c0ca6255bc2,659c6a8b56d9e6fa3789484fa9a32d76f49ba63040e03e22de080eff144e7221,train,True
1327,ec86e2469df8a67cabfed7e184f89f5c0f62bb33fa91a6da5935c7c782028d52,8fd213eaa71493cf528c888d83495897d70a6edbb83be31a1d94a2c83decc5f3,train,False
1328,89bc0fcc50ec5437d88ee40bba87f135b6239a1355f35f6a1f6686bf6b90bded,a3893e176ffdc389f7302e7656d793a2e91511e7c73cf0a0021e61860edde9c6,selection,False
1329,a7b738d478629579c0ea65eaee8276232ef3a00686eb14896a23fb77c3d34f61,19893d117d220f445d7c97a1f4e4d3c9e35ceb87c21e72fbd33e06e004006c5e,train,True
1330,10946f9d29be163c7f534e86a77d3b5cf1ee7e91cc62f1bda1a09181620c22f0,80dad20ff39ad793cbeeedbd7a7184edb0af29b26555f3488826cdcedbd68e61,train,True
1331,68121fd420fba2edc71b8af9b4d9a80732ea5025283f73894e78f85ab4ea8fe7,5bbfca8edd9ece7746b8bbaf6cde8b4d13f19bcc1e3c8b8ee4cb2d4a81960264,train,False
1332,d26f328f927d9b76b0b1aa5b6ea93741bfe33b9015bfc1e189f59d21831293d9,cdfe3a47f7eec4826f5fdef5b2f93e3e7461246c2ae16f749435bcecbfc5a622,final,True
1333,9b26790b123d03b4026e727a8e038fca5028a0098c833b66ba5a65137409ef38,28e4accafb286b3704f3c0338d1db039f84c4ecce3c584f91015bb210960c13d,train,True
1334,8e93f3b080e25ae872c0841706e62ab520fe7be34d771aa18d53fda47dae268e,6ba4c95d648c104f8e564c788016b899967be9e423458870d5b0b84c4776ed52,selection,False
1335,26849a86b61dc50515717795646147a202554dda0db7bd61f6085018baee128d,122fa56bd624b591272326c3a4afaf9d256e9b99fafdc4bb05aea419ff2430ec,train,True
1336,e6a48f5f78f28289b3c659c9053208af8aecaac9c7ebf8aa729d54fe36ed1f36,81246a66749139f7d1b9bbd671a6fd8c5dc58ada36fe580ab8d87c688715dd99,train,True
1337,6373a35927077547da4d073083a1441a6996aea9025c6a76485b58c2c0d364e2,02929f29fa98f55bb8dfe5ba5b58b9c8f619b83c76ef2ca5089812e504166ab5,train,True
1338,566c918e959489b0f61bf307fd9729e6a36d226ed6aa017adc2503d5f2d01d58,1c772540c75b02fe4edd1d0f63b38af10419b6fc847d365daab76bfa224d3311,train,True
1339,f0f3a10b8421d97571c7172f10990725507b89bf39b9874625edb9858196518e,f90c054ae1f91792618f8044d7801801af65116d9f94e23148d6f4874c45f4c3,selection,True
1340,9f252db9b7ba52df87e2a4989da9b3c0eaf4a6644d8a58f615da8bc015a62b4f,2dc8df3eabcec297179a503fbd08ec28276a13bcea139753ae32fdaf40be8921,selection,False
1341,a4d93ae850baea706b99444c73c2118bcfe49d9290ceb5bb178e2ad76f59eb99,17b569f9cf9993ab2794c18e7e97aa320b10db2b3e9f3d30739058fd80f130c4,train,True
1342,71cb65bb99b422d093a8e250528e338e49872ec0b7b5d267d2f8f1c281db5052,e3deb4b51987123e8fe13af0603df405a8b3c68d6cc2772892c220cd998a0fca,train,False
1343,993bb3a819149e2986f34c20509de66227a97a015cefe1d4a32ca19e1980c748,05b23f5bc2825bf0d507e4aa2f438867de89dcdd9103a529bc19a8cfc8ec5ac6,final,True
1344,47c2cbead746fa60d3790a5ed1e0d8b5077aef8516948dc10eb3734510b15062,01c08558e01ca6300041854702771dcd0088c7f64bcc0809c78a2df642121225,selection,True
1345,df9a437a09240f830feca6aa4e3427ec543c74bba7d1ee8f02293fc40acbc093,b15833fd7bad343cd248229ee65d0da8a73bbb40ead41657aecff899e3e52c1d,train,False
1346,99955c6962a71ddb81940ae700d2d9b77e629cddcfb31a594b5bb9ae1dba3d61,8269586267dd9e14f040e4459b61fad6f8f10ed9140e44a54199140653be4057,train,True
1347,52fa29772d83978cf30af49062373b0e818c4b3de1fdf004c62a3015f11926d5,59d30762e9dafcff2ebbab6f085129a2011e4fa81a289aee528b26cd2c35f927,train,False
1348,7a79dd8288691fafd01ad0b85fca5a62e5751c9d5e16923f1846e59d80f28008,37b368c73e8c18b0404818c7b4a28dd7c0b4dd54b30a3eb679aa326d9033b503,train,False
1349,7a10abafe35e820d1e0174e348da3ef0b48740120abac55fe0c5cc61fa122ff3,65083780428f329ccca6f84966eb9c2a2be9e9da4f28d8d177c9c4d7aa6fdc97,train,False
1350,403b811a4d29541ff6c386b4b4f90f7e8533b60737b89728e2724770a5eb1b2a,ef13b019c854cdb5a2426e638d85720c7f72f07474b78538dbd4d80cf3d98cf7,train,True
1351,8e4f58462365e4056f15586e35fa6a27d089f3fb1f8f520f61b1bee0927c3e35,73d4658137e7d9f92605050f7ea7b7048b917409b642417162c8ca8f423c8437,train,False
1352,c4d27a5756e720e443ada461c52c81916836371b43fb6a27571a5af2f1e1fdd5,7c6632ebe9efa3e001d91fa523de3a5cb6cea85e0b5f14e88395080d806b52a4,final,True
1353,b2524976dfa0491c01ed6d3be1d7324798e23aa36a1b337b0c6a566fd37611fe,cd27c3f75c34f13f7e99021dd3bd6009a0a8a9143f808a2b266adfbd1e683c22,train,True
1354,ca31e70e083439514e6042e78a02942102321d83103d1e9fdea3ae6e2ea3a69d,5f50f50169afe2ab850044e810be2719030fc4e8449bcfe813cb3874baae0f99,train,False
1355,59f2c5b2b7b5fc0440192f36eec30f74e59a124ef39f940f369d5f61a3963cf5,9ead06380a6d2a1cd2643813da4d6f70ea78ae4812116ebd062a2f2dbeb75efd,train,True
1356,f75b33bbf7261093571c07b1717122cd9243164d7dba1dcd25b15dde28b87f3e,528aa9b0b75fd907e8d06fac3eccaddcded7a59781ffb07d7631471466f2ac47,train,True
1357,2cd4be26bc55924e7f4c91a95718a008779ef86aecea98ee4e4e59f2f43e563c,ab14bcc74a4a3beda1e69599ac78c90c098114f943ba65f2de9c323e56a0f39b,selection,True
1358,6981573baacb66fe966060f91268d5f5ebaecf2e484c9e5ccdd84c2402948b4d,7410f2276cc434409ce4f0bcd6128995a29e7df0c7c69774553122005b30a349,train,True
1359,0d7d6e4b9d657ac47d967b8ee355088e66d0834fe0f041d33c387034855cea16,18f6869928ff632a28942a474da82c698ab235bee907b245cc4e674ea4e8583c,train,True
1360,fba6970b4e441c7194b6657f6bc615fccbf6ebaa6369f660c11fea9cfe790326,4fb32d9a01dd67881e0db4668d5b60237fea0f8cf39131548006452ca925419a,train,False
1361,9f5e0005c3513b2c6d16055d1ea2f8f8a67ca1bffa048b7e68a16c1b58d04306,3af9b006b9130793826c3f490c0bdfe84a3bfef05ba788585bcdc48be9b2ce34,final,True
1362,2f227ccd789970cd688940a2fcbae7ec33fd80a2c316c6df19f6f11d8e503309,d281a2e802fb5fd0da90ece6e6c6dba02004c36ac76c485cec21eddafac95e1f,train,True
1363,8119b99b8c4be38edc531a66fc04d4a086487d4043c73f3e6f29208a78bff1c0,bf4c18d158f387269d2abc8eb1498a7e45237e0d0e464c375f518a6217a5816c,train,False
1364,0599c051bf2b47daac2294e1d85760860453acf3e943664042988fa9e7ff2da6,af02eb0e1e4e9314fbade47a3b4385194ccd191bb3f50f6656f96f62edfd29d9,train,True
1365,e4b948fea03d087340b6c923efc99ce2ecca9bf9b09c7b9e3cab7b099470621d,2236db000ee33d178306898d02c6f65ec5937a007f54e160ff84466f925e7a31,train,True
1366,7854ae993a6253bde7f6b00d02c704b0e51e131d4f56871cad7d1a0a515cea6b,438693934967f7a876b2b01ad7a21aa1b0883cb609f361c6aa7fafb4211afdad,selection,True
1367,12158254da44679a48ef952749ab1c8d13f1abfa486f75a4b107a8c7c34bb5f1,a3946e6f2e3140e8714da5442fb93c83a6e5ed4d8683a16284c30be8fa19a3ee,train,True
1368,b7dc1d6c47ab97f36a857d74132c29ae6b56d1f5cbf4a8343b63c2824eca3892,b08265981dd88fdc3667572dec1fe24eecf3f5249e0d01794dae98522def9017,train,True
1369,817bd376521ac67e80327526ab80998543257a98a4c33a162c983de2ae9956a3,bbff201ec72297ee2740e4a2e8f8dd6d6425b042b7372c08eb662d1e8ba8d6b5,train,True
1370,de5abe9e886e7e9e12540898a0a1535131a6a2c963717754848317b532c48d33,09d51291c4b1b14b68c2bf9267218850b4b2b0d36e091d19b8cd7817b43fe65d,train,True
1371,d709672b8bf6a9ac11e23d4d5d1a9d9ab6ff1b1a5c13108aa496841d8c24ad0f,5e8e5f7c73a1fe6d7ff52e1259fd666241c9f74606f728ae267d68bfd8848632,train,True
1372,23a27c5c873d877c7e6d5e6860e97519456b2529dec2f84b1d51375890440334,079c1005a870bceab56d21960a28578849ee343d127712259203b825c4521827,train,True
1373,b3615fba04917a04a85ac8c8568cbe2187786880761d8ac99b609abaeb312165,2136dd6de26dcc8b535d8639eaafe4fe83a9ee00020abe60ed9aac9fe27c5ce6,selection,False
1374,e95c4cd8fc7ea2ecd039b13ac6353d52df6fb8446d3c53ca69ec05f3442bae3d,f8a4d7ee17b1fcda4d72adddc2c63a790973de4fc8c329069c15bfb9b4b90998,final,False
1375,0e89967dae3d9484f4fe6af82b3289df41a0aa3ed12340e2477e6b2519d5dee3,ff8fffb0ca63c6faa558e10cec4b6e5c35f6dfbd9d43364f361ac567283f6a8d,train,True
1376,3275cdc43cd4a02c41bd9a56f3431c5cf64c17a02fa9fe77f131d22ce61c51e4,b793ec574e630c984fa4309292ef831fff04fc537f2472f8b0d2af8e3e0b68bf,selection,True
1377,6e15f3f7ecd9eee5c68dc4572e6b4426278065eeb0845a0dc864887e3c9a5245,a1089f4cd42cd1552cb6d889d9ae8e203ff4d946d98525a1bd4ab35947aef452,train,True
1378,0dc9357924319ace149c9b5f1ad7ef21ccc7a4c2e9fe8bc9458e8e3146bf0751,a4be326770556cf9923d07adf40969f85fe969867282fa8d72ba3e6624a645b6,selection,False
1379,47f32c5089e106bdbeb6e7ec1e7fcfdbbc6ecdc3a28d260fb226b2c170e17cfa,6082103f2b5b8c3254f9f6a22a6065728baaaf0fbf174308e12d178cdcfd5797,train,True
1380,7cc41a72cca0f35f901282dbc90971201284b9046f31b329c9370b3c135817f1,f46ecb8816aa9e0b5e8a0d1db72a3d7248d94e895b0f32aa2c900f367a235388,train,True
1381,f76b33292edef733ca6e7709507ee21410a9d197d191e691f8ea3be157aebe38,44a8c44338ebaae2b0cf3ee81a581c5cb295ed0102f9443b87541ac8d5a7b844,train,False
1382,d299a4c93f3ea25b8681a8f543da39a40b648ebc940c279d0c51a0450bf97596,107c38c4f6680edc4c3413c4124f794cf474ae013e5f1556d844668774e6de71,train,False
1383,0a85abbf7ba66da728d66021efa9782ba7727ae9c46b7cbc6cf50a4fc4336216,d71d3c181fc1f0981779ad2635083746aec481d3465c440dfa89f87b4aa5a793,train,False
1384,446be48c998f542a1d42cf5407891ec71a0e7c9bcf5fbf57ca79d63ca4034e48,43ff4fac12222a94af9b87dd58e27964dbc28edf8b1b2b3d0d65c66d051aae12,selection,True
1385,a14cabef5b26027b02e1e022de24dd5d683cb7c436133cfd35eb52176a43959c,194dd701cf8fa997964e5f9babf47f23590edea2c42c27c047f637267b1bdf96,train,True
1386,32b0bc480555f27454e648e731987423e5da2381d8646a4fa32810b8547eaad3,f56b6a1e1c8cb7f19f7e417a49e5bad330cac16c3a8aa90262d2bdfff9e39b1b,selection,True
1387,98af581b2536d9024227488407a96393b0419a953c62552840599162b1acca3e,72e8ec5fd331f5ae584aefdce36c9f52159e15bd77219934ef6fb751ae055afd,selection,True
1388,4aa789d9a4ae432d2afd6ca20acdc318c993409095502bc8e0a3f23359686049,ad2b182fa3f3cd3585c4a92745030edf663c1d4c1a5ce5d2f37297edfb4faa8a,train,True
1389,fdc8257e891cb4ce2cb316db133cc558eaee9a0d0cca3312e3230469bcb1daa8,d59a8915c16f1c88c031aaa3bce9d0ad1715e4139223ff9d2c80b35da8888602,train,True
1390,67e4db1b77bf765fbbbd601acb663822899761a514b563a1b8dc0aabb60e0916,fbc69eea76ee7d135f023e4f58efec6ffc63b5c8f2dfa18af61aa99aa7b64d5a,final,True
1391,cfba512f3d5022ea8989262a7197f29b007023311f0b28cb904b63ceaf410feb,df12f9ba9e7f9c1a64cc3db470c202a02200eafad8b4bc79c7c0da3c2b700db1,train,False
1392,23a5815961658c19b6ca6b4c5993dc52867542426755cee74cf90804b9f166c2,a953558cbf99b8296d6e5ad80b051b138d344f5ca5f5ff0ec4f815766e2c5cdb,final,False
1393,9545d2d3c6d312b52db1275f2518ac821b48be8f61dac2082b386fd97df85ee5,4b76d0ee8918d6360e76013788cfa056ba0e564e288497c51e6cb624c845440b,train,True
1394,f112b18489b11c6b839a4920891e7d8fa07460aed9c5a0adb1018ba2134c3cea,ad7e62cc81ba8e13b5a299875b1632fc840fc5489a44ecd2edef2b9b11cef5a2,final,True
1395,bf23edbf286af3af838bed6b08e4a2f42ec6889bbf342c3e5d837575d17bf7e2,eb0d910c64c29cdb9e3907fa7aede709f2a0792338726e7555f47fcfccac788f,train,True
1396,0ab1bee0df2ab17ff6524b304656cdd4f53a5dee71b673aab68cdedbd755f5da,4a465e7c81b5482ac4146fbd8af358b6c1073a2c5761b46828967c83979b7314,train,True
1397,c985638608fb361ef1b4fe4d5471b33d81727f52232985c9afeb6500a03a978f,79a9ae630550154cad96ce6a7275d1f6e5700fcc4447086799df817a865c1606,train,False
1398,f714fa4cdb01855f82dfe65e648b7e62ab692256824a2128f0d6e3772f048c1c,7d0673471441dd9d38eac108e57cb42e372050dc0faae14499deb2cda2410f66,train,True
1399,9b757525874a2e5ccfb5114c32113a2bd1dc41f4705d4085ac4c0360411385bc,910579b619fe7b5c1cc9cfa3c127e33ad1351a8d243c358cf8b92507e2085886,train,False
1400,f997ebeb4d752e4061ccd04317f01a063c4b8eb9016478d1ce51a93f1a895445,fac3c5650c3cb2ac51ac86927a45930a6af25fc4113d533c064ddd204918b466,train,True
1401,bff717dc09bb78d49ad611ceda0a395d4df110ebc9cec5c081965ef6d24f5485,b9dc6205931e72fb77d3d56ef1d53bb29783d40d2b07205ef862fdac6ca37a3c,train,False
1402,141d70ea7a3744e4abf45d076abedce8669dd0123e17a054b5dc198ef9e6ae4b,6e78263933fb834ce3d15386c2a0e4a5c73417db219b25319a64de5c6ea174af,selection,True
1403,4d579c5dc4587e38921391087a20a8a0ff9b7561e88752a1de9fccdd77f3faa2,1d0951fd272eb2149eb9b9eb12d130178ec017d0709410c94ae12ad954c95beb,train,False
1404,4f7e2b8a1a636d2d3ff98894decf2344398e1b68a297dfc16fc5e33c69b14f90,d042281166d2222ceb61afe87a59c4a3a0f491792a069a04b49c15d569cdf1b5,train,True
1405,b273c584b798223afe8ceaf4ebf72587221860eeab2e99d444725c9bd86d123d,a1ffae4f41855bc6bf1b8763ea8985f48d0cbcda41fa53ce224b1f7888b708e7,final,True
1406,d9b7a681a15e6ab946cf15d81d0f94f5741f4c1cbcdde3c49268e6e4645a669e,8577b078c093a6750b4599f9036aea0e02f0a347ec3cfbfbaab34c7bce2d7fdd,selection,False
1407,196b188f7af46f92d5e20f2be4f44bc9e20b00326d777825f04ab6d66600f195,26c41c980f091975eb6c79f84eca9e18dd3a666b02d625eec2b87e3274ca13c8,selection,True
1408,64f6ff1b626caba0b8d1621f7b76517758c8583ef68c85d774583be8c944fe35,2d75779322d1b4bbb54603d8b8839b41e1d07c99b6a772cd91233d6da4e0e4b0,selection,True
1409,611bf45e700dc63651d471faa4880e23c92292e567346efb12dffe4c316e72cf,b68c73c4275508bf299c0602a6034d96f038d0c5b907da2b4d9ded5eb8bbf09f,train,False
1410,155030439ba666b1a8e260d602147e080f1343792f9eeea1bc3b405c1eae6f58,6d4a131a77521976eb90d6697dda918387a7aa6b8398a17de3662476d8dc9379,train,True
1411,f8d91874c32c2856f445958629d88e7e02eea726c04f803548de708a85ba8a9d,15117ad58c33bd8e2048e824d5671fcd8ff2c3364169ab5544a8cb3f5cb3f7a6,train,True
1412,3f27ae7b117b35b4779268821f17b5cfd61e9277128f43a24bf3d890f3b04a08,a9a49c131f85f2df7e416307a833d95e21e401a00cb1cc8067432f77838a15d4,train,False
1413,e5650fd1c18eef19355b9e5e4197eb3005aec7339564a1021e56e7cbc302f3bf,6a88923d6ab6695cc2dd78a72066d1a1f12e24a9ba73f4d33c37565149b38347,train,True
1414,cc3ff43432a948a7b0e4a0071a0c2873c21232fb46c5e96727d9b827473f09e2,e1228b016873eba9aeab94f3e1a56fb18f3ad8f9ad0c0f162793bd23dc5cd4b6,train,False
1415,f3bb18c0bea512f03aac6c12af0779944798aade453d3d2d2cc51c03c6d2d484,f888c31ae532f7b35b8ad0aecf824d8b7c922e073f54f626a62a60d33eb8231e,final,False
1416,fa986d29488722a7c6c2b6c79aa59ab948baa3ae280c2341975be5770e318b28,01e7b7f32d0033b9e8527c2b5ec170b7ee5b96bb946c104a33c1c92e29328d7d,final,True
1417,8f570519e9e1d317a9ddc33c8820c145b9a606c801e678439d51bc5a410ad2ef,cbc8c35570245c7f29c79e5a9ea6a7071c4263c8b1b18ba3e86e547e5b7a3c3d,selection,True
1418,63346187ceb5d505ab878732fb73568ef1a6ecd445c44b52787816f2e4f4c700,d68a4e381fca6ee2ebc0a3cdae1598685469b88bdd408b6987dc2810af8b4777,final,True
1419,2687165df7b98e56af4f3daf45eb043b32fd51369450dc395008ff3daadc5752,e8d723bd079ea5692b593c66e535b1cac8fd4f76f1b8116aa87cab7f42bfdee0,selection,True
1420,33ae99013f6fdd6b829f40b84662e5f88501f566fcad5e90406b6a1db98d0190,b7b9193162c43f7641cefa1b9e75dda075b31df7c0933180350a520347b79cee,train,True
1421,e44433a0114960270017edded7e35be6c72d09c8de9d70cfa32b3a19e294554d,ab6d4c194f491e1ec87b4c13f8d17a4a2f1151db2cca442d1ea578a730a158de,train,True
1422,266b70a3a1369952d242543aa8a60474bf5ca7d61988005e3fa15379cd6cca4e,596099bceefc903ee43d38d2fd557409f0209d3f6e6afb0cc5e2fdfab3aa223a,final,True
1423,609cf5b83d94b9c27cec06e9f647f258539459c966899af20876ba177747dc2c,7f64125289bbf814b2e3d6786b01aa67234b773bbfaf8e7656636d539d3cf2aa,train,True
1424,6d8e8ec3d7031e44e50e740750c41800aad8c5e32fbe9b98921714cab6b0d9a9,45b07b126b18de453d337564b9ecfc497919f489bf833ae2550eafe1aaf76bdf,train,False
1425,5149e33009d8b27e1bfa58eb1f03fa67c587064612999e607510429ddd2ed221,085b5a597cbfe98e07b7ce59dddb1e290cebcce82fd2e6edbe85492d36db73f1,train,False
1426,220e6776d64bd04b269636a011a24b37fc740cabae56f273499aa1912d47d73f,338017ffba20ff85824c0322fd4f72cb2b9e4f2aef1f1d4bd00637f7a2eca3a9,train,False
1427,ef268013be8b3ed7b686bb9225fdbf316dc5265872e8973e6e85872ccd887756,8fdb64ab471dabd5424fc786480fd6ba6fa7a027ce84e1dfe985efc82ea10846,train,True
1428,cb71b97faff0906b89feff4bf722ba4ab327bf06d8b0628523e4ea49c323667a,31b25f1d048ecfa4b8082456f45a650c69d6ea6ad998b074476e0d3ff0f558d1,train,True
1429,3e2fd672c990da21c94d204dfa07c83a87a4d6cddaa83f80b49e5bf0695980ac,95d9a27be37f42e885b28484775f24f7c7281c3ab7292677bbceac53ed9d8479,train,False
1430,188cb651bbcf5bb6b51e68f868409cb222f3b6a8ae1b5137063db9de81156ba9,758332c0e368efeaa2a75642094ec21fd01f4f9e2f77d85eca34dd736c0a392c,selection,False
1431,fd660f9ef568325974f20b9a6f7dda022c8ce7c6472fb1d15e1b74bf118dff5f,7e5e13dd2bc7974a13d212a2b8a7875e32b3b2a341fab8120342bade45270c50,train,True
1432,b34e6f16b6536d13dac7b6498a5f9fae8a5c1676fed308180943adc162f8d1a0,af5e9e2e3f8b9b8d711f2270322c5d48e01b2b8f24a4c17626ebd5e260fbc125,train,False
1433,359e7a2dd6b304a5a539a9a9e814bafe8be48e8293ec7f8f4c98af1578e21eeb,28b1b42a79bd605a17b683182df266b21d345dd82f784e1432b3c0d3fba32008,train,False
1434,afa342edfaf87018ebc559487a1e8068bc9beb8fa6257465fb4782ad0627b1fc,6193676b9ea28694751e5620e2350acd3880f95857c0417335b3cdc917c7550c,train,True
1435,27333b364c3d8dbd62bb33b3a20b509207c1e869ac7045bec1916468497c8e1a,3efaee3ccba9993e6e5ef317d3664a19dfcf9a53d71125fb3e8919b2b8526556,selection,False
1436,5b6f5e1b40d9569d07967e61059f3a337a676e93b5e14b85f97b040184d32e75,5cc78a78d143f976ba14fed7dff0f5c8bb09255dcef455392331b315d9339150,train,False
1437,04311635507e1a9b3fcb6df7b67a5e1f853c6aa8a1c004df35c5e96d399a5339,f8d8356e9ef36278c707aa456a0813fbf3ffecc546c969eb9f854aac6953a1c7,train,True
1438,16fd07b790796da4f7e003b83d33fb161e652844e38ec88a7f32dac425037383,0e16d63a05ac4204bef404528ecb2a2d9634fdfc1a294915ea64a2894de645dd,final,True
1439,c43167136b958e22024790d2fa066772f6cdf366f7bf140621300a6bc4b210d8,5d7a7a2cc4bd817b6f86de092ef900a7f764174211bcd9510e1651c034566fab,selection,True
1440,a803fffa9ef62dc5362b8d706e86c1b2fc4e0865b21a96c3370fe4ce8811a4f7,94a75af5868e389e067016d8fd11e80a4451b05a8159c0d8afd1585054b8563a,train,False
1441,0f4e5c38e64afcae73c3a46773bdcabb69ad8a1ebdb2dac7c05fdd8f91e886b4,5ee5d16b5370157beef14995ccb714d493a2469d49c80e173f661ac4edbc6408,final,True
1442,64e3937b14b43d90c9dcfe7fe37dee06b75edddf4aff0b4523cedf2d0502a93e,a739253f5ccbf117c8dbbd48073c3a37412e5cd603ce3f1b9f4ac6ea6927a0d1,final,False
1443,f9d91e84e9b008a97370a1d83c0ef5221a2817cdbacedb246514d13d66a5d495,6d7cb1bc42911914a90ca8707b24ec5ee4b487dff805673177c12c64988062d9,train,True
1444,fb2a56946ff62a1f5169e90249d90daa75786a8e937dc258f3424fea8577d728,7a8e1b5d6c211aefa4b82fa0eff06bc2f892b4029d3503f4ca038f76706ad3f3,train,True
1445,63f27ae1f73e0753bb6338ce377c5c2a924e6dafb79fa336fbc08bda56a4fb5a,103b4ea9a5f2e26bc55a75f38478bcaa0382aadd8afb19d8a98ff2ee8f96b826,selection,True
1446,7f73f1406ad6ebcb4c94f880ae5e87b1de27320a340bacdce49359c92428e5a6,e7cea4722a784956ed3a933bf5289da8eab58536a01704f4be110a7fb6fa242d,train,True
1447,6de6fd20277346f225d60f88ceab385bf2e6366d4fc2e2ef2ad56b9ccca9357c,534642b004986e7d868e0890849d0b2b44a05c9da1177417b8b6e8ade6761b54,selection,True
1448,c5b971ad03f4d9ca31454743a74c7741297f0307a84a02bdebb8315a0e716d5a,10ed757b9f4769a225628b7fc34b0861877525ca90389fe09ad4f39a0aaa4464,train,True
1449,7efd73303b3d206b82e00abc611342a045535e986ba8809c3b5cf28e1424c1d3,0145dbbca41f3e789044c405f707d5df33a35285ec9321b34158c2c1f8624b3b,selection,False
1450,e25503e28f6bba9aba4681f71ab8aae93621a1da7eef786d806ba25f46d65c9c,1d94b2e1fb5c6782b53f92534fe791874206a5a31f0c744ff497a6bb8ee0c682,final,False
1451,3c7fec3f46b526368974b67d6b9e6f738a31461919895eec559cb41f7b7399db,0baa055c85521b02a6b43b8a655e6e7b5b47632509088ff991262b1c23720c9f,final,True
1452,21a3b8e428d395d296f93f996457d865e8e90fc071eb659a1712a81993fc868b,ef4d82f52e7548ef4cd43c80e79b5947c4c94ee063c193af245f92e35e55e939,final,True
1453,8fd27346ee8c3113f3ec8143505f2cccada8b3ab054bd17915b29e7022917cc3,72023f3d35c7e7edc6b17c6f0ffd3efd61de1e701c92ad6216d367095672a2ec,train,True
1454,80075af42a2bcbadc352b6a4468c51e8752cff6cbf1c103662fca657df8a67d2,1e8fb9b719582e9ac394fc874bec8e923d906bf6f7f7edbd6ed592b7a90c306f,train,True
1455,320448302c63ae9ff92e182ff78d5c07e9e9be725e9497907cf86cc27f061696,85b1ac5f04d4edcfb5344afbe8dfd44d70baf7234728f7e329173a8cde1de479,train,False
1456,62255d753cc12376d6915cfcab3a2de75999d559c82448ec3f44e876996f2130,9a0e0c32534bdfff791524b9ab8b553bd397d55039c751cd055248e5e858e859,final,False
1457,bbabc7a064dcce353e1d14baef180ccf06df97d47e37852c32fbedff6a7ea877,584f398ea4fc3f330dc04ffcfc895b94172173d93f4c4ff8cce2e0f7a86125a1,final,True
1458,0dd8f0d4d4d864dc143409b5769752a1c3e400b0382b0282f872e7336424c4db,80248c97a07e887af57e2dd7039610bc5c8ee3284e6f5b6a0cbcd38ecbee1dec,final,False
1459,33c069ae4993bfe54dbbe33366fa188a8b16397ea185f13cce651f3a2c62639e,c6f75b1b32d3706055319cd6e5fc47d289b11fb2d6a3a0241827a3845172302b,selection,False
1460,69589ce047350a2605325154f223d904f9bdc4c7c7b1c2d825c8ec3cc9206cd9,1c1c72e0e837e2626ff56aff7d685cb9d639204d64b7e6ce128f3edb6a4db946,train,True
1461,48859c7b125ea73122b959771a829085797628ebfe71bd48a4abee4a6c0fec70,72d9c5b555542c5185447dfe41fb2f1c39ad358f43a59a74fb28fad61ede6ed5,train,True
1462,68d748056583174bc33f3dbabd96feb806a8855670731c8c51c4f0224daf16fc,a67c08063798b7b6b6ac03c0c7c51f789ff8912ba9d227c1e596bf72a075f520,train,False
1463,049efb8a65323c9bfae6707389325f55a810ba86ddf01130b8ad8743a3750e75,7c819d6be14a75dcf89e696d0c08c614d544a3de1bc395db53bb565a12b13c45,final,False
1464,ae7e39e2c0e99afbae9b439b79065cf5b873939e4c3533c6e17f0d7c3dbd4ad7,4f1a332398441b588405f19f6f47c73cd326a9161ba73045be33254e28cd35f7,selection,True
1465,7da2bcd082e9e815a0436ad6caed9a417e923a8f843f7ad600594ca91da012dc,3129cf62a6e9851ec9adef88fd6bd2e3a94e85c8b9af9d4c4792d23d32996cb5,final,False
1466,07a7572a7f6df1b6b1478d3004b64dbfbf6d1e781e957cdd7eb153a7499a2f72,560e91b893020b15481a4560cd84d8fd0893b12852d7c4402c27067f34aafd96,train,True
1467,5ba39cecc4c1105dfe93ac7ab71e41dbf8697cb7a0a61d009c0ce467cddf9253,4adda81f125eb35da941087c3587afe58728303656894d8ff72bdfa51884c94c,train,False
1468,73dce880bebd209f88c594f9c365d5ff2756b8dd3b7d7b2eeaceeb8f259dbc79,225bd361203f2bb77f52de77f693d6d30c6f8610fb7a3176f342d07114316bd3,final,False
1469,f5f927eef0a6805d12cf40dc0d4f323b14b92cd0d4353cde681cc4ee7d1a82d8,51bed4a698d46adbf031a097f4b8f4626d9e2a753bc514e325c7db9ef24e4062,train,True
1470,ff327cfd18425cbcd4449f6c6db849f8ed201f16c37a80894ea8b3bc95eef33c,1ca995d6135d7ff45e02b83ef51b6c7eba5fbbb4bc09d080ed3cd9e3a75250c4,selection,False
1471,aff9cfe648559d943709bb58b32b660fd5e4a94874cbd13d513e243967ac6743,1eeff77e991f34d27ffdc1f9d1eb73313cf471edc4970b49b342131c8360b841,train,False
1472,115080d239d8c6ddfec44bee8d1613afcea1a4ac030444a5860a60f88b698c6f,5a2d41c6906ea91d986f2e38fba7343a64715d18f2fbdb9c41a18b6dbaa82191,train,False
1473,c516a14844db96b0f1e43dc4acee2786717596490b8bf5d48d1d42694c6283e4,f9964fb8e2ce53871472715ed003811122bbf5175ac1f3029e73548226476096,final,True
1474,a4c4a57f1153b4173d38f027fa5f588f4a1dd158c4475b2523ef53211340dd02,ed4bc23ed0ad50233cac5304787a0e43b2cfb44a43a26f997c261db9d2e05ed4,selection,False
1475,012a65c5779fa400a77f1cb40f3d7f6e45ca6ac475107e54854345feea2bcfde,44f3846e373c45229159b6c094b43ea0a8fc01098b81a14142beb03f9981c1bf,train,False
1476,1bc03b4960a8831a7c782e0c9638cd2cfdcbdbd3c80f009c5a7ccbfa493f8c54,1ab83b0d2e4982f2b7946fa032995812551879454e3d8b377a72b92829b9ad6d,train,True
1477,4551cadd2d86377a6cf2d278457381aef78255bbe6b18aa3b399265004d8c1cb,058df42795ab7a9f5455f5faaa27b773c9ae9f390cd5da3aa44f9055fb126f46,train,True
1478,5a5dacfb012afab03bccc62372adc8f53e01dac8b5fd2ba40e7c700551464e0f,6ceb8a07353a10ba6d4c02d1a246e392d5b7c1efc6514c5da6c47713ff6bd7d2,train,False
1479,908e28197edd04735f32839f124ca92565e8dc96794ff494078570e78a9bf2a4,fabb282d9b1b99f64edfe5eab5a75ebc1c850bd33a1044ef905a30d703a4b39e,train,False
1480,6067f5c9b96f5ab7ae353c895ca1d753bbf9eebe29b06d0101c6bdfadf616ce9,66ef167d94bb44c2c2941f77a4cf645a9b8dcb4671a998dd0b3c2b39779a6262,train,True
1481,357fc39bb134cefe808f9516bdba67ba3ce4108cb852d5498ff9936024e5a997,f8b892505d6ec9b185475b323e9368b2d7874efd2b73dab53e0bcd5696781cbc,final,False
1482,802409574f16ce77b42b97b5e3e7505a1fcceffee4e757f2f8765ebd16d6c736,61feff39139e621ea6fd29cfb15a92b3bd1f086de16e191cfdd5e5ce0afd03cd,train,True
1483,ea1f927b8cbb64635f69e2ce6da10f943c39b73f8276d8ec8e05c50401121fcf,7171319dfe764dd9904c4b68e063d66f73ebfce4483595bdac7cf84da86411f1,train,True
1484,6444657c3af516d4df3843c96876517d8d7198c456fefa046e9d6d73b5229cb5,84bff5881ca2aa1ff6bdcf14a82db420c58f7ad3d210d740737eab2b93fa42a4,final,True
1485,39260102503c86702f694b28d0e42d8882c86345d70c662d16070730bba7c4e8,64a76424137e6cc121245325be3a9683f0f280f7bdc7116fee135ac2d410ade8,train,True
1486,6fe8b10fb55f33a017bda282b540d8836be6ae65ce52e42a4519cbdbb70d01ce,6a54d094c76dc62cfc988e06ae9ff7dfa6e921e4bd2ee4cdde5d27b6789439ff,train,True
1487,6d5aff653e3758948ff2fc58c856514a882dfc9b7720c30087e4d77ee545908c,2be9ef4df69711d3fcae4993565289c8f5af8fc785bd64802cfd453c8e6d27e4,train,False
1488,404bd5554583fa8ee421dc46f86574fbecf1c1717dee83715cbefb062dfb9c3e,d46d213d4b06a41e2de844deaf6d4f58c00df27d15cdd2f99c756f25ba65f211,train,False
1489,9b7864c9bc562744145db946155207d0fdaf3598ff490e27f3e9fe19c28110fd,58a339d355a1fb16e6386bf8133807a547edb5a370e56a562e90c38329519716,train,True
1490,98e48cd968c6e3d2a154aa2ec5fded5566f4ee2a532665cb520d9429e9cd27e7,7f752b1e86428f1683d08e1b62fa9a477d7b40399d9cee36857e3b159cd5ce26,train,True
1491,7f2fd7dfeec7cd4f099ed47fe5b05d479d22c31ede4d986baeadf7845459e634,2031a52179b69072a077a4ec1fdcb0628d17f6604f4275d3125862b9cab0ec26,train,False
1492,4f589dad0bdf2ab07a40ee95e7e3c30507f9c775be61a829efbb636854f9ac70,efc33c821274b62b9989482051048b58dcdd5f1bb47c96e737ffba8baeeca364,selection,True
1493,a40094b42743a60585a2e728db20c03df262616a277a570c1eb602906fda5cf0,6168ace6621d91d3e89aa1e2ff27f1c79518599e1bf9ad6b8cafd26f0e50b6be,train,True
1494,e7980bb2f5f6e764092a0dc556291b23d8c3482ca70d4df6d9a1949c448ff2a6,989c390dcb09e29ac308c3139dbb1deed26eb228b6d7523289289627af739632,train,True
1495,3d632cd8703c1a02ab9583e61c66894e12da17ca5e2a22389e2b8f031a22fd53,0caebcb90e32e93472c778f77f046bf4cee108e3cb588b449eb9521a761bd977,final,True
1496,27e18c59bf8f90705ca623ea133414fe905670faa59fc3ba63c4ecd387113c6b,6087f647d903a80f424593abf1d0bb52753d96b705ae3706ee395b732b3b2c62,final,False
1497,3844919e8bdd4c41ce305182f0895a7a497199a0ed52b3967343dd5cb59c6b9d,6251ec81a65c383aa42794b702a8cb985a8c9befebbfdc5514580ae5960c5207,train,True
1498,570f64fbb40d54ac3dc8a4f3e2e1a3c160cb04a18259e0efa3169ad39e78dd32,72f678d774df511ac0663d6102c4f5f06d41aa0f6c7c7ce155c54c504e7861c7,final,True
1499,0857775a96156dc0d77ab836d2b731fb7fee7034b578d2a3cb42240c5264a40b,90fb6efca154d6930b0032ec7300a87d15235131a5ed46fe99cd3098ed7225b8,final,True
1500,4c3e71e47dc1647dda7ed52507daa59564650b7df06f7d5100aec54000706010,4e7021f1ddc77ace0deaae700ecca78da711510f2804da9884f3c94f5e837534,selection,True
1501,172ea9bcf04dc28c4f50e9e6fdf9ed3080cdbd0769264b2fbc1f02404a05dfc4,dd59a880bf3bc7053c6079bad70bbf410912fc68fac8934f3feb15589dca9c27,selection,True
1502,b345e4c57563ad69c1175a087563582066fb334f0d68fef8145ad2d3bc4b398f,bc3a73f9a45e31714f5d5bcbc096c8e68096254944256832582fb3c02de4b95a,train,True
1503,0d5b7b18980ca31c7fddf65ddc97a0f12eb7dd8170bb2adab69c33ca363231d8,c8af78c8817605baa7f310cb9dde0707f8ee439745c7bb111d8b161c39d37df1,final,False
1504,5138f92126a811ddee529ec1d79625cb4f5eeae1fe69674515ce91216eae871c,8708df313e39e637d83733b429679d22499d30635029ad67f6a3e986485a98d3,selection,True
1505,e9aad0c54e370f744636d48e2231c0be4346e3e681b70ec0798b4cc7c510e092,d879e3bd36ec893e03cbb4ec348942eaaf830d7db2511324a02bcdc060644799,train,True
1506,777a4243796ced17b188361aaff3a2fadc7db6d99c1a197df8c72e1021d95961,277dbd2851562204675d55a6b5fcb1f883e5e71c8a1ba4956a928ef138edd6a7,final,True
1507,d0d872c7ed3bb94247e0592acb7752f05b9d71a715745dbbb1ad8d5c2d3761e8,686ae3eb637dcafcf6172ee72d3840214d232025c04400c214f95221af9168fa,train,False
1508,650d4cda3e66a76cd9e5140ebd226e9ae204e0978a76dba4700e2ef244817c78,308de167348a29c3e28f154f0687f818d062837a15eab3e1473e2b105c3f6393,train,False
1509,f299c1d8b1b0056b33c58980aa69e7da5a3f251c626820098f3a11e54c94c1f7,a64d2abd92e202c416a23f1cff5023ce5a4cd540a50ab13ba3f1c2156c02c398,final,True
1510,0f12246b87a1ba10bf7fd301a8e771d5a6799a32404cc27f72f06a5fe8c774c5,56282c90143c81a6f5365035e6c33020b3a2e76b41940194b469962ceb868ee3,final,False
1511,ba86d9759d6821cf92d8e6cf12fb025ae0fa2b5d0aa1d9058eac91b451db62d4,38ca0da06a87d2e31842c1fc9a5b5714b784f1aa2d566a28111ae6a9d2664f27,final,True
1512,9127e01b2d9e7057f5395f4d7bc1ddaf0c70aaa40ce471c1330ade47fd6bd713,f684d95f2e6628464289739c284eb0cbb61a0355b1f799601668508484e0f9e3,selection,False
1513,b6ec9fb2cc963893dad8cbfdc074eef5d322a86ccf746a5ccb57cb707adef394,bcbd3ce53ec06f91b5f1b1da0d2d39d0947f325016b6acf1873e715e70f74a9e,train,True
1514,45fd2cb8bf1e0bf123986ba1ccf00e9d6a3ba6ccbb5225cb291569377a3c3268,a48a87e76f3bcad7e4a6a44dc8d0bc75f9757f15a7cee8025b3dcfdc7a19dd26,selection,True
1515,050b26e1b205f4b293ff50641b4d112b0c7991bd1b5a1d6de8577b5de178bf0a,0a4a196fe9c6c9e6c6fb6e920b7c49f8bd4018f3ea2895f292879ac2d4622f71,train,True
1516,7e7f0cc0542462b567a7c232f52c05eb3b3d578364a8b0038e130bef026b0dcd,b13c84a38243d7abc2c8cd67f87d1362af32ab005490b8a43aff810ef5d13cf9,train,True
1517,1c585c3bf62b4c41c03bf9db181fba3ff53930e64e1fea64714aec852f84bc99,84c66ad6252b7b20707af4585b7470baf585286a94f07b89fd1d33a2de19b094,train,False
1518,e6d82ec828cda3b32d13619e773f3aca0093b3d468eca76502d70adfab96b0b0,8eaf55feef6fa8e130d6d2681a1bbf931239e18a129234ba329592b7567fbdfc,train,False
1519,64f943bdbd83b30e5c0f06f4f0b0dcacafd383dcbeac5724e716302a7351124a,48fbaad409215830b4826d84c4c21b55832b96887edb4557cf20d73ce857edf1,train,False
1520,3b5a776482946c11d4f2566b43cef450d604a2d0d92bada30b7f24882ab53683,13513914a164a24dbb4e909c65ca4c848262613ceb3ca1285c6293954b639d31,selection,False
1521,029ddfe7246221d819e15984096cd187a08017fae7d2d3848236259fe0b89658,fcf36f758e299d5160c6785bf1ca0402cc968ae0bd43c0167ead3cdd61dd4e61,final,True
1522,99b46e3aff94b2ddb7cc87f6519c0ef69b28147aa6ed6e644f294e5c7dbfc658,5cf5b972b95c1a6ae299b6cfbea7ed967a8a2e4c0aaa57a47905a75f54823fee,final,True
1523,2cf0498a26b5a04490d2ac7d179e349c9fe0c10a33e55c6c946913e08afe2ac5,532c7bf575e4e1578065a83f12f2c949785ebacedad5424fd663fe1028fa4857,train,True
1524,54cdc3bfab703e6a4f86b24245467f8b7dd182788145f09443a3b0cb3876958f,3b8e00c42bf010e47910b6843e17b7162742ef78f5153bf1ad018fd4f10e28c3,train,True
1525,ec8dbaab24278edb1676f350fa8bdee8f215fdcad77cd7ac0c427babcbc71ee5,8130b886419a0ceb9dc351ba89982e28018aff995de6ef54b2f9f0198edb1aa6,train,False
1526,43180c236197817d6798ad4092e3e7904868dbc30cbadf6c21399e981fbf5541,021f4d73b792e3afcb33ae7794b7fe7e75c4eb825d47a32aa6d92c64c7719719,selection,True
1527,67b2bc4046ecdf65b307e57d2388a00d189c8de357d87d60f9f958de3e11941e,cd097944e0417c937169de0433a1d3842b8d87c0ff234d0c8816c69e570cf6b2,train,False
1528,29d770420db83ca83ddbbdcbad7bb7b9d25207fa6acc30f21bfbae92cfd1754f,7d76e4200cdbc09107701340f3a8c26bff29af178684418ad2b244e1ac20bf2c,final,False
1529,5941ac601f63cddd718847f2e892314bdd0e7fab3f0673480de8eb78c50052d4,4bfb0c6cdd65dd6613a39a39576458128939245dd581154421f7c2a9f4b57c13,train,False
1530,149ca80b20e1f33afcfca632ee545bdd054d8ac90e207256e754dcf846580266,dd9e4ac65e7e7462b4608a7c4ee4bdd1f672f30d8bd3cdc39143f0437b8c06f2,train,True
1531,2aab83c50a7d199be45f8f31b9bbb3cb8bb28e6a6ad7b83f02ee7579e20a087a,0760e1cd639e9ac0a561823f684aeadedeea4efcad35a9f0c3fabcd6d6558da0,selection,False
1532,82dec2587a76c6d6ec267644f70303ba0703653e6fb6f21f4bd43aeb946d30ba,be68e4dfe8af7d2881afa4149440a488b6701883b211816f99a68fe7b6c4d99b,selection,True
1533,099765ec3110384770afdc239c99187e0781ee0ae08461eb20d3c62735fab938,8f8549e655f4c81312aea45c3c88ec7e246177cb038dd85853b96ac0f087d333,selection,False
1534,199954a30f9da782839f5a6e3ce3910d774080038e5201250bf45944179a5f4d,f9b10a80851cd86093aa49e16ffa8c8667e7bd7c218fe1f28209f46896aa73eb,selection,True
1535,87b1ff3ed1683b49ab2138493e90e63fe0f04275b3b25a8e727530c7cb655260,b17428d0169702e8460bd37d552e2d4f76d589382747bea16b7e25a17e334922,train,False
1536,984896b9b918964954b3f9613f715f438a28bb0fabb1badb140bc0261d49846c,7eddee5006a1b5fa9bfe2f7e13b1ea31ea360fbb31cf4d4e4d9c2a6845666e73,train,True
1537,517393ac41b4197aeb9a9595f0edd5e9a71122fee875b22c269ca47d513cae46,7002ae2affd334f4a652eed6772c7664e5ef62ccb014f52fc5adc3be563d41cb,selection,True
1538,c1eb9df258e237478ae72ed4af12912d2c0a87b44f676d47976c54f8d86c9a57,7b196ee616753411a427a76b0c8fcc5a2d35e4f8f403be6325bcb91137b79fb1,train,True
1539,ae413881b601353f579fbf996123e6d383c53e343b576f61fa9a28c847251739,5e75c1c96755e615fb09d1ea3d4b4f1ed2f6ca6e57132644f1ec4fd88f2dcdf5,final,True
1540,f103d3f49ef30c27b7a2d423e625e9ba0f16ff5f19e661df80bde45e3530fa25,6e41dcbb876ec7dad7d794f51c629461ace55ab893abe77ac5fed79a2b6725d6,selection,True
1541,daff0d36e68c2db21664c5ab83bae21e9b206eb20618e8ef3d9100bace3cb0ed,92ffbaf93bfb613be314bdd4e07dd2a1d3738ff70c046b8d91df162037d16826,train,True
1542,e6588ee8d6035e6c4627e6ac571bf11cea8d48d5207f03d7ea70dbf3efdd0186,a5962c0fe9ac4870524fa34725109864af9a780df70b3590f9d14cc5b843f7f9,train,True
1543,320c2c46e900222f4910b025f3c6d143ea42fcfa2a149bb1f6f6268464fb82aa,4b2f195252e9216980b2596936b49188b18514143eed16d298a5aecb2764c68f,train,False
1544,dc11e6519cb913b46ae46845c89c1d5293d501868bddd950fe203f646e6df1da,499b1e2937fb8ba478552af9458a2fd29ee7b4ce493dfddd4145d0db9f2c7518,final,False
1545,3297e06417e3bc59116beb501d7f4eb0ca24d4958e19cc6a62bbd59dd278cfa6,626fc90967b880c5efcaa3f1a54c5f06d700165f1eed86e2978ac1f97aade41a,final,True
1546,8c56d45136365efefa15e05406bb97a51c5270f101b8b33727569c70d141f0ae,071aa342979502cc8386990149be7f6e535a85ef2e8a4cec0dcd2a37294c7bcf,train,True
1547,349300f97e8caa281793070a97ffb2de08fe40003871ac8f33f91e2a6d04249a,84e3d46be05052e9e0aca229db4424adfb3e875ee38db480400a13e24cf0469d,train,True
1548,74b610079401b68fbcf13161493cdcd3d3b273e662e0f3617170cc8dac4ac364,25047639bf42669dcec4a17e78bdae02d864ddfaccd63649a384ddd5cc7c76cd,final,True
1549,e79bb023b9eb105360092ba5038617998d3ade401a4df1cff5506f2d179cebc0,4522a522c2431b2f2bd2b2d9b41cb30addfbec798877342578f2a1f22b8339cf,selection,True
1550,e5b7615333012fcc41f022ad1ece81a9df0aa3a98b3f84f88a0084e990f74e0a,c2fd3bc66210803222d4bb4f5bff302739daf9fd215db6b775657cbdbb0e5f49,train,True
1551,6f15d50951ade5d8791253e8a10526b0c82bc3efbc6415443ffb1a7dbf622c9d,f69ac31145efc12414c8c4422b24f73259786bece7c4bbd824de57b60e1da7b4,train,True
1552,e955faaa26cd4a7b4bacb4151889412642c7ce8179d883076667710a3006d92b,1d9081312a6820198f9388c86b7fa11d6640c87d720781078dc0610ab5e66b76,selection,True
1553,70fd153707af826369443e47f325a101b072e9c3a5874c862384438b31803a81,8e4ff5184eef076b57e5596fd255aa7d3f81ece6b1de076d9af3f908acc59482,train,True
1554,9079a662828d3e66fe906f576ac863c4b07320ce6f6dae898a9941777f681039,55f660442a6a2cc8c5cd4533a44333015ef075d612a107f4720ccbabda162255,train,True
1555,c4a792ec24c9e16a86b605d94e2602185d743c6c05c630ccee3f68a970414c2f,6100c9c239f9d948c297b4a1ccbf34b0223beb8186fcda29d44803a9d7c9f65e,train,True
1556,b60d68e9678f98d405a385410a3435f628d4213a699fa9d98dc0380da05bf2ce,4a77c83368acc6a1973c0ca58bf9327cd458ae3e394a0aab0a531ebfb971f2b4,train,True
1557,022373fc5a231d72c123cef34ff3603c34cdb764a3ba8eabc95f28f994a116d1,06593b2190a21069699905379a1c6636afe82ccda5abe2991ca93e99f5e34413,final,False
1558,5a818c27307a3084a07966e47fe4aa5753dc0f9142da2faf3009da000f03b6ca,0c74a5f1bb8899c6958ab043adc7c81a46ca4d2437632774dfa3b35a6722a23b,train,False
1559,8164c7bf09f9a7de9df50183041b647862f9017f05019369693086e93be1a283,fb19d442b50c3f5bc44e8295808bb41052e55c82cd505d7ad7f76825ced81efc,selection,True
1560,92c2cc4c4daa135f64a4df1b8bc5e5021900e6421b568e95f66819905e226d96,adce0fdfc59353a27063b3431dc17ea1f6734a896552d04df753a5b5d565f07c,train,True
1561,def5f35cb943d2ab36dd492826ae107d5f805e9a26879ab24a857c36e67bce9b,50a73b81ef4530a0c00e87825a347c25f26ccfc38c6318f51a45e37c4b0aca12,train,True
1562,c24620d51bb61c27056d0a857b4b0da02594dd6d20113933ed899f74f7c20e72,5ac2e391a36cbcb225960645a0da933c9e15c06283467551a363e1a58fd59579,train,False
1563,de737ba197ff7f95a65a0af72f326e3b5a80c53723e1bee9042f82d9f7379a1b,01aaa0bcadfdc6205bc39cc0e8d2dca4495b7f5ee0878d7cd70c66ed14e897e6,train,True
1564,2a88b73e24d13e1afd374b14f09413d00b8439400bacad304f1a5e2134df5c6a,c7d44f3a55446a34fe239de0450da310ab4bf2ec8b4657ac17db78a07858e9c1,train,False
1565,f209e894b2aa48e8c91492d3ac616a8a93be54edcc160e8fdd753983f658fb36,b13617dfe334c5ec59462642a3edf83f620f3c993d67c2b9f38ae04a0c3a5427,train,False
1566,2a85c69e92ab756814653c2e93acd70eeb6d84612fd10db77a57ebba08de7b4d,de52b46027008b0da4b7524a995851612894c3fb316889ded01c4abbe8bffe9d,train,True
1567,f7d648190432d81c7de878c47d39f4edc82d37f2c52ae3b1733fdfe167924b9b,fe47217205878e5bd1cb59d5330b3bd67f714da8fd40ab7369f300df30eb5def,final,True
1568,9fecfc4d238e492c86641edcefe69efc20159b2d5c288a9c55727369070ffc39,10bbb7adf992b7229a6adab94291db2e2c9d6f6686fd1cb308bc7fd07106f4dd,train,True
1569,853cf6d4dfa13dfc23c65bab8ca379ce0848b683316556928d24dbd996bf2d38,a0e92fd4ad4cf4cadac6ef7ee9ab337d04f4ab77f342d410d49b0fdcf9dc0786,train,True
1570,c8ee17c57d58c8cb3c8d8f62b42b1f59cf2acf9e5703b415101477ccd7c7c1c2,90aa5c829c0587bbdb857a36b0eee56f25c8ac3facfcfb66a0b7cdddd98e71b7,train,True
1571,1ec0adf3125082658d61f2b5338eef7f74acc669c7c2da53f4dbc9495ef2c467,dbb97bd90e1d653d20c545c43ed52d89be6d23dc80566cfa200e7beb77d39ff8,selection,False
1572,a990caaaff25422dfff2d800003ebdce763f1131d591f083922837d1f2435d87,4e2b6170e7fe6d3ac7b5b27a312d9ad775b67ec3b69fe803def65f8a32bcf056,train,False
1573,2e25f410b29cad79b7123e7fdddcfe34ed2a39c8fa9ba2cdadd0d83a004208ec,b02d38ac64f589d837951a48e39e0243ce73714a38caa9563063e83119ad44c5,train,False
1574,e2febb438093a1acdd036e802253d1c282e40fafb0cce3c5fc6f83f8feb199e4,93d05846e3f7d59f30904afa66f1aee9489a2b01028fbce39ac96e5f0ff5a3ab,train,True
1575,3dca0e3776faf8cb638762c97e70b2d67e9b2ec5403e50cf4e5ca7a44492e395,2178354c62b105ccc07c92a5e018d685a91c6b84eaeeb80d833aa5df01384824,train,True
1576,d4422529c309f4cb019d56e1aeceb813c43d03ac41d5d0048d46823dc773f4a2,036a30e205a3bbb432a2bcc66d776faf782ddfbc51de7e065f5769891286fc52,train,False
1577,700a6dc93eb808bace686c8729be8c280459c86b5669bf290b6f7ecfbf1052ab,88dcad3501c3ca59e50e43228bde0e5d1d53a8f83f27cbd3c90d75c1c911cfd0,train,True
1578,78a1a9740345c0371bf8c7c34e0cfb26f3a7bf12ba01d55ee768b4750ee7b724,c03b0a4b5b0d491a4c6b74649cfb9f0610b8b4f64e07bb29ab0d8df15071d9c0,train,True
1579,e55520eec127c1fa38b9cc899a34bf598a551bd89f235577efe42f236bd183a4,f0e62a29fba479b59e2a00e35bd50c58ba2fc0ef0914e03fe430a2ede77dcddd,final,True
1580,3f96f0b49a140157fa53f960668ddcf02608205ca8b00216fd94e907c8e92be8,43bac29fd24ad1b2bf45f7115c2e58ea918787fe74a4bd5f709436d97a607826,train,True
1581,6bd23b660d1eeb3773f03c52c5338532ddc8094c189475816791bba7c62ec0d3,c76755f56a45288b8b26726e46be3d194dc6e50b79ae36daa1a859e804566b1f,train,True
1582,044ccb2d0f9e00ecdfeb7ffe478ebea5d04e4d3df79ccec0110b2f1af354c029,f5483fc64c4ca99f62dc48ad38c4424b0d049819f9dc1fbee222e1f0e2a7b148,train,True
1583,e89d0dda581086f5c212f6dfd0db0d2564026aeaa391ccd731b809cda6bb6de1,1f7974f14160fa50f84c488db9665f9290a5bc7f3c61a55d31d7b38fe347b83f,train,True
1584,89e80cc405e78f67718c806d33456630bade3a9ea4ab48956c50621ec1df10c8,83e8138976c855912373be94c9a806ce3acaec03def70e7565c9770694877b60,final,True
1585,bbe74b6ed8c11f6b5fa0893cedff7d1e8b56f62c2067c436512535504be4057e,84eb467c7ff661f20fe558c06a8a746ca56ff2ee13ca603f78099f0775d463ef,train,True
1586,c8e76d2dafc6f6b202242ec82d3454d080b2dd0e31b9ababdadaf2311a48a615,15f8dcd0791e55c21da53f020d903b49b353a7fcddaa33a5bf80a384d8da4c70,train,True
1587,aecf4cffd491c1605486d232f6a16bcbbb2d897d770aac1435f35521f74328a7,faaccd8c0e01ad0f736c66d2a627cc47553b5b45e6a0732e2abe4be30cd9b016,train,False
1588,b901ba8f5752bf30580457da34f39cf3eb124f2545102a6ffda838df5a3371a5,e7b2cde2c3caab9a8a4205cb36481d3215aec72c3cce753a6ef2ca40be8b4c2a,train,False
1589,2acf63b29d3391f23f25672c8ba4d99775ab7fe7ff4134bbe1291f77ee2dc119,cfe1b10a09c07d7d35f6b558048f0b6fb191f4709912da3bfab9f266d7e95ba1,selection,False
1590,8c959b2e45cb9491a8def40f6cdf20e86075fb8c7e0af481ad8833c7e25ef436,e2f54db7cf6bb40ad5d4e5c16ce1059ac7867742bcd541219275537bb28cbc1c,train,True
1591,c6cb6f462faf98bbd7fa498f7de09acfea3098e61306eab322382fbdb2cca2fd,8eb7af3dd3185b31002637e2577c0d7c68ba521bbbaeca53128c95072ab85419,train,False
1592,98ad236768a766409265492610dce0214ba6b582d5234dd34fefa2c5f2aff719,88c2f7cb41b4b8e1d33acccf6acf578f5c6b43dca7b89123b0a34403c7b0b28b,train,False
1593,46392ce63eebaff24043a8617833535dc63529bb39de4958e9c7ca118bbef3f1,33928c7be93b5f0f62f47606e00ba434f0675054ad385f15ef7595e910c91d1b,train,False
1594,48bf525fd01c137189684f0c6b8e51564ce04d7389a87d6be60b0ee78dfa4960,464c9ec39b915a6c5dc60f947353c9370398135bc86d64c4e116fe8a53c82cdd,train,True
1595,7c5c7d5b5027ac91cf08c2692464e40d99c2955b14fa69096e71689bcb3db76d,199a529b15dc368b12f6f62766603bd3980c3784f24625090e2151c0e2b4634e,train,False
1596,e889e0a3c916aade3c09efd27484cd15fcf113f8026a964b223b2709a3522b20,a9d26c15d341026401a6d1128c8469267f01ebd83fadc73d3471d84a6b967520,train,False
1597,fbb6f73ef5c06afcdbb1b8ac37ac841ed928638058ed9de2cf3bbb94e2dcc630,0744e75b91ce3828e185a34e1d81d457105e4efc5422314c49dd7fc3f6009af1,train,True
1598,dcc5e05b515b5d37cede12197719c85cf4985b42424e28f6f72fb3fd45f230d4,e2b98d357e8e0d1079acb43b36505d5c694d37a2a0ba4cfc4b4e58ec20448379,final,True
1599,e9a73ac0064ee8c1273d2847e68483383e4c8e989c2157251b16a63fbc00c029,7f2193e4401f807ccd9228798eff12c44d3d33c1c6793c43e65f26a7b5c9ce8d,selection,True
1600,0c996dd35c9e58a56cf18fac0da548bb0b33e7c5d3026666f8005642efd35e4e,783746c65c727990384a20315f182b39c837ed0f86eb4e1d99703a3a33a3c930,selection,True
1601,85ec0bb63922f8c1768e394b289b8fb5ad6d56af9e0639dd811554bacace907e,69bfe529d52adb896774b667275d352fb3dff8739a5bf3c4f0d88756aabd7746,final,True
1602,ce26318d54940689fb3b4ea434bbf5880e3b5302375ced8df5be86d1482b11d0,1fc88013572a43d07f0d4866db87dc1270f401c4e8fd1d8cba815f99d38e5b11,final,True
1603,4fc8bbfa34e213404db793589729ad621a8e0a08cec795215c48338868d4e1ef,ea41b9033afd46c6be056200561e2f75bf803637bcaa0e318461e3869fa9ed04,train,True
1604,c3576a8492e745da493cfbf45a0430dc3d0d1b711e66277b6051b51900d121f0,b2f45888318df5db1769cb03d92e921b83df8c0316c8992715dd105ef3a17aae,final,False
1605,8052848028490f3c6b69f84dcc646d83f93f1bf5f7f9970369c40d04e7e6355f,a7c73e0220f52885e4bb5e59b96f6ba6201e049c4ed023d4dad0db716d9e0189,selection,True
1606,a5502b03c21b388aa43735f145a4a510950b969404af60c600083294c02c3547,96b228612e110c6ca4ea809627b4dd6005cf398ae4986d85d9affdac34918f4f,train,False
1607,1861c55fb053d5660de6bbfc25f948110aa412889d046ac1c185165d3c8241ac,aaa8bcf1c63faba233b1ba459f5b0503b6324affb35e9e87e594af057b6a9eec,train,True
1608,dab1af901b3185e17ed3cee7ff88f22f22d50b6cad7f456cea81a7f6ec0ee326,4931e8068d48eb96b64a1dc491f020ebafb67f630ff1525ceb33cdcc5c41089a,train,True
1609,97aa2d1620aec53c5623af8f597cf711b4d81c82807e6cc0c5b620188501e467,e69cec675f46a249e4ff90669cafe1466439e39f617ebc687155ca05302140a0,train,True
1610,85e85a80693d0d5a0d3f35b00833d30bc1d86889d7cc4180fa12d3129799ff73,7d1ab344895e122d4aa24000a02e16b23fbf79b40710394a477392391a9b7996,train,False
1611,159b3d7b33187ec9eb911bba918534152d5e020cbf7f9b6ece9c2843cdd3fabb,a9816eb8f82a54c366d353575f32791042adfd14f81210cd4e0269ed1299a173,train,True
1612,74c53f2786d9f0f96b386bc36556ce29096af033ce62936db3c308b1c728c10d,3fe39824dd18875a334d56c9c814a6f3123399bd1076a0d37e6cfe75b47fe327,final,False
1613,bbe063be4f62de085ced7f8b609d1382fd0256f3796997baf5570b8adfb415bd,95023b247b346a34534e325243e944bdb343de3a6e0db3f846d467279de63946,train,True
1614,0b959df34553ba59053c9d06cf7d5d06850ef0d7074afebde8f33c813aa90ac9,5983bb773544bb8cf363a19ce634ce428440bef958c4e146310b391f1bce6287,final,True
1615,047f9e0189cea35d2aeb411b0b249a7b7218d38eebc3a6cad98d5523573815f5,f145e801cbbbbdc89b03a2933c0f261c79eb985a27804b89ff9f484c8f19973f,selection,True
1616,fe10d6ab4caba961a05f7be69ef804224c9ebd93411879c2833878cecd30fdee,48ebff4ac350a64efdd16fc081e533a5e95e0a422e9db582ee1eda57ea97a718,final,True
1617,08ee8be785fdb7b60cba2d92b68cfca59440b2cc7436c9873b6e355d00de5534,1c11a38424168c1e45ed692b1b17d53c06b217746f448e3062a17d8bf912beb2,train,True
1618,da14d64c01170a3675372b0380229dd8d4d848796723645815b9592f25fc8439,5434e516494831c954869f71bad9b95d0129ed7b039ddab9053483113f69ed29,train,True
1619,4f70add99b1aa7b509f4a730eb4559d61c23ee9082bc1e4c9c1aae74396ad4cc,f5a792f38854cf6e37283a5393eb38a429516fa2dcbc13dd8ceca8719c073607,selection,False
1620,a9acf61858b5cd785985310ca01b6949ef2993f2c8905faea7fa6ce0ca08284b,76d2f890661058f94b6220b7a43c631eff189000a7d8853dc36622717711b8fd,train,False
1621,f79ff30475fa2a09f749dacae425943a8c22f6da9c894770bea24cbfa1d543c7,d6f64792bb4b0174c82f70c7ad3923630f75f4ea3d21b9fbca6c75a95a6c209b,final,False
1622,de18dd382b168db73ccb40af3b32554a73907db5f4998d48734b35a44eed2fc5,4ca98340745095a574b64de0a75217148f41d9bf5ab6ee621e7ffc860b35542a,train,True
1623,ee3c37914fc25cb2a413e6e074ca3240fe19d6d83c31662c0b2258e396ab7c12,d4872fddca72038c5fe1b3d25e311509faa91c20f078434cadbbea3438fe96a7,final,False
1624,589853ebb6942c082cb4bf7ff07a592154933f680a924ebe102a513d7f7d9634,019ea97a16d2212b8ae90dabc6ffdf4ba79dee25e5a62e980320820543096af7,final,True
1625,5f84b50cdaad5c3d6cff0533a61caaa6d07b0e15ac7600dc574e5176f75cc4e0,6e45d4e1d279aa6634073ca53bb2e50e199be7f233d5b0f5d3e76ef1fb9c1331,train,True
1626,3a60274d419561da18e84d9dff6f082a5d94ea35a98f6ffaddb842b66edc04f2,2974ece44d4eb030ea2ca48ead8a6e09817cf5911015bdea1943406b2ce5f122,final,False
1627,ce992dc5798f239f7c4a236ca4a967671ee6b0529bba187d2ee021394ff3d040,3020365230c684d77cc3a535710e672218efed58fbb74796984513446c224561,train,False
1628,effc35cb1c2036753b904b2f94403d978cd7af5c7fae5f5fa08c51ce2f50e7b0,9c13f25369aed0bbe70aea0b936e57d6a0dcda4329426b91426df2ad049bf090,final,False
1629,887efe4f4c7284f6d2743c1dff00dff9e55bbb5b17b7042724955efa374339be,7216f1ed70e2ce050b25cb625bc5bb4e7833e91972078852324e938f33511947,final,True
1630,c0c95a63cbf321b5af2d3defbb60bb3f0a8ba57d8328c0f31e6d72c74f2df66c,03862fe1e5eecff68ec793c0f7950188a41a0dd15d2fa4227804395126c3ac3b,final,False
1631,5885e370e8ceeab109486dedc7a5da4f1e17316eb13c99315f7edc06e4ce1766,5f863576bf242068ba4040df7cae16ab97846496ebeb4ef7142a17e432452317,final,False
1632,ef3eb8d4a3a9e6aa31752bb7217fac2c4a76f86e311d75eb6978e5d6136ee225,c949bb9364790d4d43eaef7e4527545c0fdf837a3ccfe0cdde3bc86658f5ffdc,train,True
1633,9d1ff88e4be64b701c24c2c4a0016dcdf568d14f024d7be0284b5cad0ec4ad90,76d438d5955e1036ac96c84cfe163861288b4852620d48a948aa515908d71ee7,train,False
1634,261dd765e9f40f92bc0ffc0cb81ecb913cb521bac5d6670a82075c9e901ceeec,7697c1106314ca907e22f9f73a948696f8fb50fd80d83880a45151e22039d07e,train,False
1635,d5f6ddbab7cc134e26bb44ace3fe1ade54e3a49729b9f4db7fba862438201b04,23003218acc2fc8ee750c21b4d30d38184384f73c8070414807ebe845355d5c4,train,True
1636,60e46baf91529c4be10eae32348f9b951f927e6c8f4572ebcd4336d260a3a25e,3f9e66aaf716c633ac43081f39048c5e8f571e69caa241834daedda9ea78c8e4,selection,True
1637,906c4a49fb6f02f2d78fec3977e7457865752ffe353f6dc682803a7de0185394,3f6e1db898d8909eb32cc3dbcd3782f5536b6e16de71e87a64f819180a4b84e6,train,False
1638,35a18a672cfec442cb1918cc0531320d7a913dbd43536eb82f801103393d0f99,feb42ff76acb640362663e0bbfc653177d4fdf2c8ed18fe32228fec18ce7c59b,train,False
1639,2f61ff1aac220f3713bbfccf2cec321f1d24e817ab345f629e25ed227f329419,68af01d04788ba42c315ad521547e15f0b9ccc3c4a62eb5f48513d6ee8063b84,selection,False
1640,4e56e1fc74b8936cecbf90e99547cbf9df45d120cdef7f651e195263a01782db,6ec07ab497c6f354bfba08110078b744b997cfed720970ad537976f51fc18772,train,True
1641,efe238b506cbb7113c64411cb0ad3e5c003ad51b0475bb6dce6751befcd1e945,dc96dbedc216e78f57ba424b2c3c10023421fef6a9a30b4a38467abca5283734,selection,True
1642,434e55efe4c43586c07b83505857fa44fb8fe9db079081abd234ba74ef3bf16d,5dcc67b15af9c3693f4d9a0272ce28a81cb24e9db7d6c2aa17c880148333fcd6,selection,True
1643,3bbc2806ac818f0f34d8a03291f639746ff56f19a8ea5e950f8dae5b0855a3ee,6c4731a6fdb87bb214fce19ccc9d3d1d8ace59b909ac04ec4b4426fa0b7e7cd9,final,True
1644,63983b8e44792a75b711ef06059a20afc83e7ed47740b81d287855612dad0662,f7de31f8f69750ef39640b9c3cc45b4aaa483fd5a9c96a65d0585b544fb4af92,final,False
1645,4530c4c1375ed44e12c12325069c973d17c5b42b5319c52eaba1482c1eed03d9,cc28f20c95942ff10358fd66369ae8ee96eb5d163fe9bfa4748fd6471aaed72e,train,True
1646,a0bcbca6eeef4810325bf93c8c84a12a54ff1354081c8cc6c5c4633ef9c3c5e4,2fd7ebe645ba0ba5e008c1e2c1001108b61dd44d45d879e3d18e9c4ca8ad2aaa,train,True
1647,e1152f8dfc706953596ce12268c4f311d0627bf2c00f6390cdb5a51af5c4d53d,c1af4a391e84a972591528c00188221ce2f68c3a16606925c05c979b59e9d41b,train,True
1648,15c6009fbe9a871a8c4d34043391b7858ffcecc1c3129d8c75347ccd71e900df,8793ac2f21c079eb30ee8b0542d4845563eb66d94eb2b60fbc2196426b47fc21,train,True
1649,1c94a0d5228f5d623872a7455c5c460bfd1603e510d5df8df1f6d0cc89b4ee21,e9cd0600dbce1ccac8d09f627753be3db75e35403f18329d9d27263493e2a8c0,train,True
1650,ddaab023cf48d1e8cb37916e7ae867d5ca8c8f185910d2ec9039bb32ede3c87e,d7d384f1ef00e7fcff7ebddedb4ae183f1e12daf398638cf0d21093271ad6916,train,True
1651,ed936d48bbea448ab31e5c2e211e64d007687f2d6e7fc3bcb6394918eee5f45d,2031875e4cd32d85f9ed431538d889e1b151b58359799759a973434de7c7e806,selection,False
1652,9500d9675f0876a53243d940089e135a781027c12865b9f186acef4e2961cbca,5c943cf34c130429bedfa523e1bdceab1699e708b805ee0bffcc86fa1dd1c794,train,False
1653,3cc117bc704ced5766749fb2f973bd96fcc7db6a68c4cec6c57b05a0801394ef,3acd125972e7b53f560d4f67aeb3df95219d397f9e5b3c77dfd0fade568862cb,final,False
1654,fa9aa1eed540358c33957669e75557362f10667e1afc2cf846adf2bd5493854b,914f926d66fedbfc0135cae7b79ae1cc4851be6b8cc88f17ad58aa3395c7c548,train,True
1655,9ab35171297e7655913bd8d412d2fc7b60b5c784ed514aef2075ca558efa7f3b,fcdf1cb5e30165aa6feaf89348be43f33c6c00e8ab24b464b4d6cd2e22fa8db9,selection,False
1656,81863a889a684c98f5b4067c934e1a94d1f2cc04f2402eecbf51bcfc39c4fce3,308a1f630a2a602b6ceeb868238680fc7e78599bf45ffc6c0673f5cd73696bae,train,True
1657,0c56e7d065ae2a5b9f9aad1b85182ca2392e37475990fc53e0edb97a254226bc,0c70468768bb5df7a7923c8ae8e68a7d78fb6b4f54c6b82d2889906493309311,final,True
1658,7d29f1e62f4ff7b0bd13d7cad955c1b81d35d10edf863c4c2c0ad3758eab504d,df8f53c4aa7863b6e73c8aa2e3d6581043e7b25f8a3b08049dba3b90c3856560,selection,False
1659,e6b8faab8a7bf62b1e53a91abdf8b2b0bed4d38279c339982984601f343e988d,69c6a3a9bc159eccf0c8f4a4b5e258191c2d0ea626db9ae0b4e61a35a1926c0a,selection,True
1660,b884dd0d941fb425e3da0f87529bb3b40ef961a4288a44bba48306f24b419999,647414655f14ecc26f3d6d0d18ec4b2e0e8d02433cdca392213ca27f81798bbf,final,True
1661,0b539a95810d8f5569274a686e9301d5e0f3061fc7e6e526f874f3483e391342,36cd1a0734ce7bf02c663b80f5a82175293c3660731b354d87690e74add52e05,selection,True
1662,a16283880f73280fb6c79c3f571244980560860000e9c7e5883193ea7428a505,a6dfa06f384bc2c7802df0396a60ba04d52b07944b303924db8d9754b772aecf,train,True
1663,6a705fab1ad50dcf678eae68c3c4dc5c8f3223b18bd1573ab90616eb08634612,9260a74445fcf07e15377af4f1b4916c1c82a023542e893e2398a31d1b81d002,train,True
1664,d57b95bee8a58d592a504ea805ad47c77f1d4d4bb0263a46e5b6cac2f330f04f,cedb1be2b9204706d0957a596a7c28e0bc440800ed310fee189e8f38e3046c5f,train,True
1665,8981c4efad6165a211ef8b8c49a06f8497b8b48882ade14c210936113d56cff4,b40f6ccf7a5559835c79bc868d4756f88a9d6a9503e750e827f1756c1f49b47b,final,True
1666,0175aa10310490445fb55508c21b888048bf02e62dc7c84824881abc6128c3a6,1122b2fd819df2e2d0658210c34f4c6cee3d5d905c5ad850d555eeb8d4baaa15,train,True
1667,8f1122580c849586e6256328f5497500b15e72909749246c26b29ea52f4c186e,29ecf8307c5c87af9cfe879d09cd5836bab56663591b7831605257200e6df916,train,False
1668,ae6cd2180c138c9ca60eb6dfe43d29a4a9817ba1ee2e526b7b43388dd97ab5ef,4da448a6f32584603db3e3dd3bf1fe976d8a7c79c533e0a4756b7568b76ca036,final,True
1669,1e7db44e6eaa3db23882df3ca0dd238016ca3548fc16d67e3053c69117ae52a5,95df07fced372800dad410242bcf1df23b2c004cc6e651fa370946799df84be2,train,True
1670,b85bd21e5f2e1158b57f88c3eae995fad1e0befa671a2d12547cf16eaff11087,31af9604fdc4e6c6f520861d719b4b8f3e49d57979492a7a9ffbac6baf640e8f,final,True
1671,da2abe7cfc7cdeb342a84461703a099e0ec91cff2e2f51d4625f72812a34a4de,ac3a9deb8a8d6d029818cf5ac12fe98461c167645fe2d1ff99e11fc9620f12dc,selection,True
1672,5670f3b96b04391148b4f6810fb274cbc617a5e56875ef5e50c8691e8be3cbbc,8f1e701fd0e2c595710697426c0ff787cc185004d886df96d8684a48406d4849,selection,False
1673,29776631a2e83f4b46c6c28b689e09d84a01f4913bfb17a7bcab0f2a3d9bde6f,78469139a6bb3a2cb3208660576488bdd9e8bba87219f997746c55bce0078883,train,False
1674,6262f47347f83acb2a9d40ca8a5f43220482bcd63e93b0a6bedd8d65b4cd62b9,fecf523a7ea65215053ef34de24b16016660fb91924b8fcb7cd4151aadbaebe2,train,False
1675,f6ebc8e8107a787860f779b723a92d2f16145474106a83c33f49d693c88100ad,173d71959b5000a0d4c3a2f0edcfcc491b3c100283958e06fe947bd560ca3f80,train,True
1676,4bbfda69174bf77337842c04aaaf55d2104c80d89fe20cd999a3d24ea83c58fc,3c17d31e61904318be2b2c16cd4bb2f53e6b22f7e5f5eb9d97698af81ce0c89e,train,True
1677,7fb6488c87d744a8e4e1a7a304ef10390cb0478b207cab2f8f74ebd887a00537,5ada3dce2197643efd15c7e4956b3ca7d03a40b393b130ab5c1d80981cfcf2c8,final,False
1678,e894cbc784cf73d9b31d2105e6e447dff9cdaa8532116d2f6f08dd95aa284aa2,dd7f30f3d2a5e57df677d5fc4f4d3fb5e5bbe25abbfc169e6864b9ac87f1f184,selection,True
1679,4636a93103d8fcb1527bc0808eff45cff252462af16464e2f1394ffef3809ff0,2ca6e4a253c12d46238c26b577e2e309dde1b0adbc4afe92b089c6175a69c8b1,train,True
1680,4d935320ff26a7ceb75a1588f6a5d0e73a3592d34e3ee52b2d54fee021cfa93a,8c11c7b153d18bca257c875e3389cf984fc0b8c53f520e58cba0b81dc0bb3800,selection,True
1681,6d2ec71ea77a69208fb655acc45cb33cf807c2553ee48e7ae281c11879ed21ad,1c2ff231c50be09568f01e1743b649bbb1b38472394f685c445cc74a6ddd34f3,selection,False
1682,47dba65f977f06b4623a28686a56251dde95e65cbe75e102968496f375fc9ec4,6eaa29ea6523d6704c2edb71ac486b06320e50fc3fa2d7490a06454c7c9a8001,selection,False
1683,69270205e38f96c6c7e2fe719e0dcd1f57bbfa929bc1cf6879f56c9b8f6f0f2b,a31180f9c810eb6f32483511d331ecf57d651173842ca883cf8b67d600e34539,selection,True
1684,c3987838548e6aa96ec0a249b4053393ae6fc9a930ff79f223d0c5b3d70ac7fd,90ecc0b8f07d2c2f402e43e9e9d71122bf648cb87536cf0dbb448b7e71fc5d5e,final,True
1685,7f65a17c42a05ad98c66f0e084018c6f3430ae8a12ac27ada3b520969a83996b,a9f20086b2f77532466555daa7d58209bc1938ffa63fee00d0e8f57498fc92e4,train,True
1686,a3bb3f1411193a83119366124f25847cc7a5f7f36915634b3136d867bb398f2c,e11c4c02fbaa643bfe3ff0d81066f33c2ab3d157d6ed663516df6c40c8dc7e51,train,True
1687,d10c89bc231f6491927c0d0784095dc9cb4ce666c0c37fd3ac7864e101572e19,16437d2061ae10b2cc8f406b061f0faa604a37aeea5bf5c5e7aa31d7c6a3456f,train,False
1688,a7ca659c019541d3f1b6811e64551fb008e9a9d36d587dd5afe7661bb37063c3,517fdf6360318cd761beb7dad1f88619cdd75af8d363565b069c1a4a1c17f2a6,selection,True
1689,dddbee838d5865574d0aa5636def22764047f89b5e07aa6f5646fdf58ecdd22c,41210a4cd55cf32283a6920b056da667d2a6676b6242a8628e64791cfa4cf61c,train,False
1690,bb567ea73e56981c42da8a10c0f1fbb073558445a4e4a83921b24359e53683ac,8ab8d6be82302cc3ac8eb05c2e50826a96f99124e2d4e72ba982c21028e67384,train,True
1691,aaf17013417e7b48a753fec0ce931025dd12678f7ed355a4e68580049c06963a,85c610fe460a63a3d9aff40da8f9c27715124e6ea51f2368af5a29bf78a0b7ef,selection,False
1692,8c5a932a4669b806c2c9d304cb5bc0b0e07fa27ecc0658265a7ece78a58f1f3a,6508a863a9a3d1df1a41a27197052062ccbef69d710651bc5297b908cd6d813c,train,True
1693,813e8cf459ec0f10e34932ba64e82472997ba47cc32a777da32594e232ced39a,7613b17ef40a2d8cd41be47bba0eeb4a6f10accb3f10be97fffc27fc9827b177,train,True
1694,463904f8552052e0be5a61b3df7afae621ec2c46b88066e721f5462b8ebc2335,21434ecd45bc56019569029c8762424d18838840968e5a03342122c300a93061,train,True
1695,68b8158880f3cb7e24e3a554ed6cc040b90137f237f90e3245bc9dbabe01974c,4ed112ee3287798a505a82e6e3a3a9d24191fe1810d577c5e0749fbbce89d434,train,False
1696,d28a67d8cf5a6cf3a8f8f9b17824526e3bce14e57b6b833dc8dc20879aa8047d,87cb648ffcc4ffaa2bee184e2e32291cb81c74f3a5fbb2cfa7a81ef1171c4397,train,True
1697,9a09e20104e2b8ca0ef91c66c5b89344b1bf620db7e65c113244991d23e9528b,e2d62fb767ce491bf34d0184307a4d05c7032ed01cfa197b02992063fd6e1403,train,True
1698,084e59775853779eca5745b34e5e1151a0651c8719d90be99f7b1d93250044c0,6a06f0da2c3a683cc99f629c79dc399a55105406666885374a59b6c93d842f1b,selection,False
1699,ef5d36518f934038a965a35f6c7c8a2123178d936547fe91ef28c2d1db7b986b,dbb4bc33d54e5a13a74ec9da4492868dfd36e2291caf62daf3d283b5600ec9e2,train,True
1700,22ab8f512d5831dbf6fc61d7c917de2d34ac542eeb99d644a8bacee77303e258,6dba08b605168968ec5772e6252699be30808cd06656c0157c9579c0096f5b35,final,True
1701,8948e37b93dfd886e6730d48353f8835bdca137cf4f62f2bd127c9185fc1588c,f98b010f8cc620c85ac1d4482b0969e1b4bea41aac9f30e9ad439ea6502be813,final,True
1702,d11326807879aaf28da21300dd4f3414de82c18990d3696ceb5a3743d08e1efd,362073dcce2ba9bde83997e33be27182b38cebf90c9abd7c8048ff88517141ff,train,False
1703,7fdacab5e2db8f3d2509ea59d45edfd74c7f837ab04056cd37b4bad9a0946a83,11c13ecfbe846b5b7bab0c44f93500134db802fb7ac4c43a670e36031660717d,selection,True
1704,d018d641c239aeb52eb581334d211c463e6f33b40f038a95b59f2a4d4b1e73c4,8e3f2b3b105f79be3af530d74644264a87c119c8e0c966e48d898553805ddaed,selection,True
1705,6195f44c41dc9512183c3b8a4a7eb83ca6dfa9830bb521d6b70a747607e3a910,7dc7e280a737523a40fa737820ad5700d074517e920b3697c7fbfe66d01c1f7c,selection,False
1706,ec3532da4c0a5ba03733592a260910bdd5df8b24536f80361f49df4c63ef976e,8b1e7bcd6575d8d032654cc3c9ddcdfcd95a56730d1700d506a1ac530942c1fe,train,False
1707,ec1e94f8f3737f2a88fb1cc4e65735feb37af3e4e75e8cfb49812e457a4d6972,523f32936260440c8ff9b3a5078fb2a96505a4e765c47140f0d42a46bf659552,selection,False
1708,c729cd189edf6993533585512594cb82e7f64bf4ce46aa4c3eef9b4deac1340a,1fc4a6be9a82854d3d795a423e0f3e56f3d5c5dfd5fae35a0b8838c2a9b2b37e,train,True
1709,89fe5abc837dff1e4b9c4ea6bfa9cf6a5981911da6aa6696f40a6ec91a8a1f9c,150e1f203a880ca21ea49d70861e825231091f8da9773f2ba8a71d4a8b574a1d,train,True
1710,03c3ab8cc13cdf6713db7c418bac7f18c8450b856c04f27a7bef23beceeb8850,32a9ac0983d01ac856e03c27a57cdf402e6a532182b90fb5617bdb6db0ec4906,final,True
1711,b72539092c3f058809d708c42b4c55b4192af8b4324c46e8d1c3c2fded45217f,7c6191964f90af1aabde103d44f94dccd745dc9d7930b7a969917bcd3f2548e7,train,False
1712,aebe655d65be2f5a0a5c9aea4926317715a5b4f786aa88581a3857fdea6fc858,ed5b5981f449bb674add69c5f5a565917397b5ced70fe9fa9abd24e34db28707,train,False
1713,bcdb87d9656bdd8330f4ba5bec907a2fa1eb164b24e4501ccb999153134a16cd,7f7213368b06b3c6e2a44c82789ea5cf4b933021b9de4e5844703dd711909a71,selection,True
1714,cad29f8726ddc732a99a083a7c19eb078bb086343c3297d19d4365dd7c12e493,324c613a37e1760bd3a67bb10a13a943e4556ecbc5ef1c65d59e563414bac530,train,True
1715,d4a16e84177be3848ce5b493b415426938a8eafb3b7dd36e5c65160173b30c8f,91470ba04b7300d22e0c0513afd4498f12e666011628cfdc28d6fa0fe9b7e4e6,train,False
1716,d265755dc622f4ca0e43a4d2ddbc7bf8d6f5161c96796e971c4f370fd8525a2b,636bb791eac3d449e71ea1076cd0fab2b0ac09fe6f8c182933019ff52a05a725,selection,True
1717,1c069fdb81dff9fa03e376b7af68124cc723d5c2cd0c91217e63d85939a1b640,e25adbef1634204fdeb47b261df83afcfc1c227d4830183386dc3c1e2e85ff15,train,True
1718,81c82160d4f222b61e9d9409b2c3c376c7294449aff419884e1c859157059348,d2fab0fb01f33f75b24e4bdf8b94af90b75bd23fdaeed99ee29ac4f541688f56,train,True
1719,5934bc8fc2cef0930a2feae2704a97d63f416e05dde5d04753823e2bec72215d,0f60a81ac79a9861288d34b17cf8e2e7c7fd7ca191c49f39578bc18bfe2d0769,train,False
1720,e608fc1498695049d6e03ded238813bc24bb6d00373960f4d62feb4cc27309b4,b1d5d20ad3cb4f2e9ea1dd8734001398292c4bc3ae864e69a223e962a7a070b2,final,True
1721,ffa3cb5fe1da69941df1be50debb2aa8d14d082f1a356362ba783ea7cd11f4e5,a19eefdb451bf01dc4155ccf239f0759c606449c4914b26f8674778e653bf78c,train,True
1722,6d9779afce3e28870d03a9ee7d947d4ab17472f9d36a79352945ab9cfd33293c,a22f08bf85d8692f255aa385b0f4261e8a263e095d3cd4b2052585dea05ea92c,selection,False
1723,449a65f7296847b1be2b8f7a7aeded7abcb83d8fdf375ef60c35e4977e69b045,b21e90dda5caa5a02f09330197f7c08f1a44f56bcd006a304d70c891cf5464ba,selection,True
1724,9dbc9e7aede448b9d4b3715cddc14d462505ccba83855b19a48e339905217bd0,64b9ea6be885110bf573ad3da8fcf25d964194aaf6c6f309807ad1f678b5976d,final,True
1725,a4963cd362762f7571325442d3193b302b64dc9c8ef76400bd341e9629f252b9,bba27781a1a7aacd4a8d35dd6b5332de9689eb0ef48b843f1b2c19cfc7e43463,selection,True
1726,0381c8c18ed8dce3610aa2419100d92e9686d682fb60ebef6039f26a7e848d19,23c5ad173f2496f7ef978665f10940a5985cd9b80004f709bee3cb1a20125ded,train,True
1727,23dbd78e4bf25c328af62202b86503a7f6f45ccbd5bc432e7093161b56ff4df7,4fce6de118a87a9faa7a7c9b262df84f99d24e37191b504a8790968b0e430401,train,False
1728,5320fd323c9c2e730d48505b4fa1cc7faeb23a33b2d717142279eae4b7434c26,286d67589eb6ede4fb1008a207b33d1d281f9a5c7b96194d523354fa21576695,selection,True
1729,102c19206b7bc245a2bdcc6f98dccd69c5e64586d1255340f7321a15194b7c3f,0a14d2244cade2319220a6e5e1f32d919f09e1af757f6c26530ee70860495088,train,True
1730,207e755d57655c9b7dba414a766c329bc103e99946ed295fb8ca838b09712608,f40b150bdd035d867182e4132c6ee2c6535675f0d6f0f6e7c8c921c18cd15c0f,selection,False
1731,01cba8b1d73cf965aebb5ddc5011b9658ea6301055e6bb5f23c7b391d55e33d9,0d421ebe13dc8deba30176081ae249277a0c014ef367a9e199eb22e3ff25258b,train,True
1732,13f9206d1eb93a04b633fcb83c8bd307c48886c14aed395e3e35652041ed802c,cc7d81de45f36bff5f3c33863a1cdc3a2ae507c2dc7f88a241ac1723c6055470,selection,False
1733,a969f60e59147557a7a61cad7500a79f96d6468b7c83d391c9de67d2a752568b,799c26f6eb4046a18edcaa93473f9bfa38739d4b6c306709f3aca8b2599171b7,train,False
1734,db51d99e22a698170e676edf42daa6115204ac944619a2b3d6eed0b986b4abd6,9b1f35a7f9ffd878f165d1dd8fcd6e84a1b1e01007050565bb8979a0a1641036,train,False
1735,5f4e232cb6aa8dbf3dde94fcd40ff37ea1d74f5c20720befaa2508e86b23d12c,6001c13138557fbb5745d6599cab17632ec0ffb532e52d3f29338b3dea79a284,train,True
1736,3b062e22e1a13c752891a20374e5a23c3c01efa4de801a7d0fc154a2b4bfd0c4,56afdd87e2baa38db41e41f554f6dd552ac04c08531819d73d13ffadc32cdb78,train,True
1737,cc20dfb296ba1a010c5aa90575b7c32a557758c94a9c242f0a61450b000dbd15,a9709bfefb394eb15cc3df50c7c288034f2a4215368a617de52c677a0bbd5eab,train,True
1738,83a1ba92516d897c8aa0849c6c16bc66aae3e2c1795cce11c4e3b2df64917672,d477e6e9b38a6318c2cfc265c9e4810151e27de067992c3e1d3da25b535bb770,train,True
1739,6771a4fd363e3c70d48aca0d2da99d0011845f4a32a3e82354109ddeabc60c3d,8e01ee944ca73d38500bf49a9a21c32ba87daacfff93a38cedb42d9e64f03b5d,train,True
1740,e60bae18890087aaf2bc181dfca8b3250e4fd8dcb8f290460a88b7877b1ca4d5,d003ae6ddd3c62a505fa057ab6654c40769ad10cf5170197aeea64a10ae65c34,train,False
1741,6b65fea23921266d7391e9b219ccd07e02d6cef8d9a2ecf550da69c27685f53a,58cbfeff7a3100cdd8a076fe8185713c0ac7eff5ef0bee09ab2ec93123be9c0b,train,False
1742,ae022853b27e8e4a9788ea1eb2fa4b6a1b3b39e4d9b7d4af463d08720b005f82,bf3603d0007d9e62cb5bd872cf9915bb6b8fed49837d880c22df7f7636425c59,selection,True
1743,2d2456bef5e17eea28ec7f38852a8b95a07bf8a1415bd3e3e2039c74ae493723,bdc9445f40e27eacf22a3beb40d09d8d279fe20b30c3cebf275b072adfc63e66,selection,True
1744,c93758b8a9b2cb9208d6d4be3b76b8ae9002fb10c539047fb0d5654997801819,26b25b17a658c0ebff24ecb86d1fbaaebc8eb11a76a8faaddbb8eca703cac981,selection,True
1745,720de135577dc35af1198c82010fe31f970e143b5c5262320605df41d84dffbe,10b0c795220891b0acf0f6f2e020e6b87b46505848ed58f5aa95c057a82d031b,train,True
1746,42147af8079cf68299af42a36d32c9066c4f290288b58da063f419c0643487d7,d8af0f4713dc3e2f576e2e82de5cb4cf403506d009580df8824e92c9d70decf5,train,True
1747,8aba6fb90b2cc9ca5c2aea6a2dafada2a0e57640fa4a20d3a19d4d4154d966fb,938cf9a23e24450bae231029acb1316f57cbeca7fe87775842b94fb77ac98820,train,False
1748,ff25852788170ec21a7d457e84d2be627759ff9afad75a54e0db3ddc5764156f,6ff4f2e3b3b844e51752efa41fd192295afd37fbc38fa84d1178f0158a42a799,final,True
1749,8e5ff40db5d55f8299616939444b1e5c13a2b8a6ab2d50d953b5c252b66fc9f2,f410acd2ed2e94e8834f7450e38f08e81ef04d71d465cf249cc7223adc97d965,train,True
1750,fa8129441537f6ebb75675ee8274b323617b8c4a2bfe228dc308ced94eada512,99b2ca87b835ec51afffc1cc347938be274813d56038f32f3b9d8850a75247ad,train,True
1751,4f0fdf0749f254eef8bd3aafe720a7263a1e13f37c84d056ad73497d25120d7a,79188f5a531b6ac86654082f740243b86a1c37cd811b0033027a6e63d68267f6,train,False
1752,feb0ca60d7c804cf5454c1728acb6ee474de87cd05cb4cd52e4491b258e1fa86,b248a0bd1bf11714d7b00eaddb509c8c2fba0ed246c46fc3bf8264f7e5cdf8c7,train,True
1753,bcb661f5d704db78afc0adeb9bd58ebce1e3c6f564e8c5b2a356b62d257aa6c8,f077810a1b4bac164ace9eb4a4e48daa04283139526df17ff5b1af3df55c7bcb,train,True
1754,61d003c89dddec3313644de0f16540748a992e3bab5316494403e4a2652af925,a7d49c908d38553a51ab4fcd469327791269280072b4bb71fdf38e2c1444005a,final,False
1755,3b11edeb7f3ac8c7df805c2314904682618ffede5760ef750cf43f396ad94ee9,f15e0bad54e40ab20fb771568b41ef8b933dd36ed3ced9ec933444d0cd89c1db,train,True
1756,c638dd76fa8f147f04f64309bf4bd3c824f7e27f2753eb9979456fb76c922f73,e29b8201f9d6878aaf7da5b8d4a28089fa0ef7ead634ded9376897460ac98725,train,True
1757,13b29f5e2a58e06bcb25af6a798cc8c6a376627ed7f084250983c6da8ab63771,80c7ab26a374d00ac8fe56b287f3bcc462b76965d4daed3b58e5716e3e4bb941,train,False
1758,e72c48dced6c4a86704ca8861d4c7d2abc16d4e71fbd10d5d7e74f333c41be0f,b6e193e492987f449a8eed277ab1764a03c060fda87b02ed821bc845c4759631,final,False
1759,3d492fc99d1a4e66a9fa26a33675749b9558a08a3ec6acb1777efb805a08fd9c,0ec02b5d6d81d25b708f3e5650a8df1339b2855da10eb89ebb94e31482c2b726,train,False
1760,2c9bcf6bd63a07abb832cd01a9b1b80d6a38762ec88b941cbd88f6e255f7b3fb,7302ff2d33e24def64447d15156e86ed33f5e86db4805a8f6cfec54bef67395e,train,True
1761,2b44f9b53401b776ef04c6351030175ff9e14bc7444e548a263a3043c89984b7,2edf0b3a88ac0e11ea585aadd3a6e12889fdf2c7bbc098628d28e3ba5931e65a,train,False
1762,a19b67edd7e0515edf2abc9a741dea4c44daf45380c87ebc28ab1f0c49cd7e7e,26986c9f0fa3cb867f11a70b86e24051be8cee2ba86608f09e69ca20b8eb9896,train,True
1763,52a847d89083bc392810f583faa347208af52408626b1ef9ffbb7eefb5c85182,27816fdbc6276e86af70874b58b3cdbca7d240236e56230b042a99af34f3c23b,train,True
1764,8c0ae5a1675ff422c529ff388d5d8ef807ad0ced53ae1d56303359dd973fd659,d5afe1dc2f62dc34659c86fe363cbe446f6139c6f85b9130945fb8f7967c118e,train,True
1765,722004c78e7cff9665a4f8856cf1f1e940738723985a034d67eb7bc32bbeefee,8c248df7ffa697d648cf52e8b5c7a871815313aa14dbf62b294167d788ac3f88,train,True
1766,14aba50efc2855e7f402a5231df6cb521de348c060bd794170fa2feefd700ad0,831532c732194af77a7eedb04eb6505ec7a5004cc88347bd89aa6062444b9f18,train,False
1767,2e5db94e2355a9b1b7ed7f20d9feb709555db9b3279b97a577444d059797dfdf,c80c8f4b378b30d68f5c075d24a4e255042ddd327c944ac1652119a8c8eb23c6,train,True
1768,21510858560abcc0383fce244850ea11b1ad822d52848bde26370dca7f27dd39,c6c94d196d0a098a014dc5e4750368e61ec0db8e23e98944ebbb15dff7c02e8d,selection,False
1769,705f1ceb9b442bbc1c57cc0491ab596272ce71f89e8339c7a887fc6fa7a69eb6,d453a6c6ebf557d4c08028ea4114e95eadddab4708ff48f30db52be8eb8f0895,train,False
1770,a95f5b7f28c0d42cebb3284fe573571e8110dc284e3ddda01752283cbef71848,afa3f76a65702e2aca5f01bd7340b0676e4342d48211c8d04dfde5172c5dc24a,train,False
1771,a1f5b82bde1e98c2fa52cc526a0f7c93981ca1a150d301243b0613eb859449eb,e37fa89cc0e5b3b77d27aa1207020b346e500de17de97f7d2ec504795bfe2b34,train,True
1772,faac03b6158331309082273e21e663ea3ae4ff7dbc1be2d6d3e83d954951fec4,4d231beb72c6f8eae1d1cc19f687cb09f2831d43ee8bd2a1b12ab322a22e735a,final,True
1773,e3287b714fc31cc057c2a17e6b84cbc6a6c8b9d793e2657cd4595ab7b60a18eb,ab26cd8f59aeea7a8ca17184a9fd179cd82b607701bc071ca527a62d0121d9c3,train,False
1774,dcef0cb39ffbf3e08a5cf1e550c97ff014bbbc1cff281f9479d2d06026dc3cb9,0b4dc18f2053ad0468ccc312ef39f97d5e97b8f5369258968b73974ce609e6d4,train,True
1775,9117e7825c1a9d67175dab857d1e89e201cef585a837d8e1b152d2f8b9a11ec3,213388e66502bc84f6d5aa2b08b8828b47a9f840164ee867d51e0193a21ad6a6,train,True
1776,56ff219acfa83f57a8186fc753cd99b12e81ff1922f46c659442a30234d00a0d,a55af0ad8ecac6f8ef34dc045af8f56d4790ca5063e0a201e94b05dc892e18a3,final,False
1777,5006a4a16d275cf1c9bf95f1c56417e06d269582cc6c077f839d1956f5b3bdea,3cfb1f2b16dfba3646298b523641838bc94e8e012f112f38f0419a2de81f1852,final,False
1778,a6c634e5bf97dfe295babc1a5a09fad18d6bc0225777867e1c13f9877fe3bdc4,6c73734b9e2f27d4966486047566aab5c5721749e78a82d6963951f92898afba,train,True
1779,c5c35039ab198dfa32b5bae6d4b2caf77dbd6d80102dd344392b4ccf8617f33b,1983ea24b96b62e7a387645ac67bd42f27bff1d8e9d114d052209f3a219311ed,selection,True
1780,5cdfef35c04a764aaa1e312df2138178f5be5970f0d24d89fca15e5be3700ad5,a7eb2e5a4e13639056eeea1320ba5a907efe54654bc83fc50204398d26e9e8db,train,False
1781,7fec5b732d0f28f18554705b5d70f79137fdeb5cda434e91c22fb232158f9843,46110cc403cb729a407c34f22e0049dee66825d2b8cff4642cefa0c98ad3e2fc,final,True
1782,1425a28eec2739544b084030a80de66017299444b4f281b99d31a2fb1d8ef1aa,a07eb08aa49bb150a11a6c22b9b4efe236f4315613f0c57b3767f39cec6ba004,train,False
1783,bbbef16c1cbe07ef59ca0b7a987a9659ec78ad987e99b77a35d5dfce365ab42a,86b354dd3d4b9af72a05df75b254f96e275bb01964cd68e32a83cab66b30e92b,final,True
1784,ec0be7efb68fc11110088b1fa5969af2e41f5497038041682f734af24cc42ba3,3cd22038955de6c9d0844a4663b04841317acaee36b4bc830acbaef68a05b7e6,train,True
1785,69d4143327011a80606fde4c560df323ecd6eb0d617b8ec416a7d8ed14ab0aaa,cc8c0c209024e46f24032bb1088a63b880e13b64ede895260413f4dfa53791fc,train,True
1786,14fab03a17f5db3e1547ef937eaf85d5403151237536a06e36ed713b29a42ddc,8432862d2c556aeeb40e3907917a37be01e84dbf1b0003a2c084c50c46907791,final,True
1787,4e92baed649d1b65fae333b0cfa6555c2bac2c1f3cd7c88435de3287198dce6d,dfcf3cfd195c30b35692b33eac0fdd5f1d937a5b97bcea4b4757812f8a9fe665,final,True
1788,cde3c18242dd98195c8a54b203e9ebfd310ebf108752b55954708d7f144d74bc,b801bf3e8bd032a5abff41e9d623c4a4154acf19595981452efbcdd093866ffd,train,True
1789,89b21f20ef48c7c897eea288ebcfeef88f6d2e504494aee410f5afd22965b688,84cc6566e3b55f00526978659cbbf5ac47d2cac1aa153cabc0cdf703b3f5c3f8,train,True
1790,728797009b6f2790fcd406508cd74362356e80dd3ad34fc3375dfc358f374cb2,7f1916d88673004319dbcf3ad3d429a77901b995c90e193a03080d7e23c00535,selection,False
1791,f863a7ad4c4da7d240ad25169a11bb54824fbe30a21c3d5a8e5450562a35524a,45b387139fd0f1e2b1e91ef54079514a953145dbcefae733806756e7fa534cec,train,True
1792,1d4156b77bd6d563dfd9889bd9dab486071732657b3e6bf434809006bf4767bb,a03b17bf9b6049ea3b374150a95100e70dc25082d2d3beb20bdbc30783f7e58f,train,False
1793,f034090661c13e44d0603be4a55625e29b39f49b7ba3535b8b2e573c340fe74c,b0d7aabd6a524fd52d9bc126d1628d376beb5836e88e21bf80a2f1a1d12d0598,train,True
1794,4d5c7c794b7ddb203284a8db2e78b7a19c24c9f8fb588ef7dd358b9f6423e991,888211e4ed325b5e5ccaf866d9ef697c1ea97274e5528a7b947d29c9ec269fc4,train,True
1795,089fa5c330430405e975f0517f989b673ccf51a2228e318b2def2a991210c6e3,993016d5fa9fda361813b3f79e15ada907b727e1bfabd4dc0f48ec328d730b42,train,False
1796,1132e22e92533d1b523c7fb64f6d5b1b7643f9f4a8db7202216ec87fa9b1f5e4,5812726a1830f374f5de025134666379129b80619e0dcd833b42953159618f74,train,True
1797,bf44659f54a9b193c75026a291424811c61a20dec7b55455c30c9299fb384e48,6ed2745e4cf0996d2e275b8ebe25b8a73f56274b85cf479b6a0af203bb969b4e,selection,True
1798,fa9ab061e90d48342d3e2958ed58611881304b3874bd1452b0aafce857dd7a9c,c21f219153f9a4e73ff8e549a8b2bc5c0da20b10c7c99e45ff16575aeb01abf9,train,True
1799,926a6e21f969a13c0087b910afc871d98e0acbe1d6576239c584bdb1c139b264,7365070ad8bddaadbd122678d4656aa4337b0acb3dbbcb0eacf2edc364a15833,selection,False
1800,b78f0b200bc5f2a35ab76ea6263d5fd13b72520021675a3f670e2701895a9549,64e2873423a3f9492d677409ffb1184e064148e27bb486c0781d1ad4a0470ec6,train,True
1801,7b864817655a7325e6e76f92534ae7ff7fe36e146ad19caf307deb9556aef9ec,aa8f1962f8fdddf369718a2a28dcc51d905476add6ca5e7d23970a9126b05616,final,True
1802,b791b0697063028e0279cbd61a77c580a0fea377e29297cac380814935a2663c,40e26ee5dcbeaa250874acb9e9d5bac57dd1f06ecc7f3de0f54fd9a897a83ef0,final,True
1803,117fe79865d41cda5339be7fd98e85919bc305cca77bc8ecf09b39132e9d8435,be96fb420250576f964ffa468e057943c03980c8b2c54e78853862f36bb36cc9,train,False
1804,97adf3df1e088d671486c7eed9d6eecad749dc7ab816f91e6de42a683028bec9,34cc1350a99f697b16e803a60624a912442b227201c04d3fc96345631720b32b,final,False
1805,0754ec7d06f74b0f813184e1a4f5f9b54c5721fca5a56479a0df90444e246425,07126e6fb1ad169817b246fa4a9c52252836daea09987f019e9424e65f31df14,train,False
1806,634c1c61c694e428fb68c859dc2204e1fac60764bc052a62185d734686572fd8,26e05ad6dd33df272f54605b1c253f3633bbb663d150fa8d2687e04c3e54cd3e,selection,True
1807,87cbe32626e8be424c9add4fa1c9bb260db9a80c90ca764bfd51166c812a706f,191dd07a2c03890efa5a386ce8fd5c648cd9179ae95670b163badf5221ce3255,train,True
1808,e084a292223c9caab0b1fd818508a703001cce470c061667b45f1bf338f20ea8,1c8024ef395e12d955039d49a49d82acfd241a076e995acb3209bfa7790d8ec6,final,False
1809,9a196c798182062096754bfee0e2e04524658bf91b2e0ffaeb88240a3c1da3d7,9a58893d7661dc0e029acf62d4b3ae37a28d0aa5abc0a53dd8779fb642358a6d,train,True
1810,cf8462cea4e72868a10335cf170097979df46f6f6ba4b1b96e6e00d8a5fa1086,341bbc385ee5ea02a34d62f18720f6288d8d86c305d596cebc6f05650deb40be,final,False
1811,51a570abfc835de4b80921dfeadbfa1bc86c833fa6cb13a020927b8a2fc414ed,1bb2969a59fc7d968f1daad24cd29c7f4545baaceaafdeacf01b81728e58ef3f,selection,True
1812,c7cd627512139be8ab35932f8ef64d99473e0ee1feb70169ce45e2ffbf051724,72a15af10c0363cfc5bcd6fbc30915041a46ae7e3156ce8924b6ab4a55ea45d4,train,True
1813,971a20fe88cedbcb0f3d4b8dee0f82fc6aa11f5959b3c6cd5d08c2d6e93144e8,ebc6f1d531365440bda968cc831d136950bc12d346c2a5e0cbfb13c59f02588d,train,True
1814,80a34bd548cd50357a226fd9eb58b5600e613600b3fd59a33658ca81b817c953,a52117b07fd626b628173f13f5b09f11f3b483a521e61b40822f8b951ffb21a3,train,True
1815,caee4639f8874a41cce7e9911a5147cde001c4fc0725e2d6d8762df6485447e9,be82b428491f93e7400e5e7d2072f0d3180b20bc7382a58f59c3879e5d6ab65e,selection,True
1816,8316c8c796d510c61c7c0f1ae9288a7fcc9430cefbbb70dff16b1ae825d710c6,6f1440b7e846c22c90d07ab4dd5ffff18fc29c13cb2f095c212d21257dc07f55,selection,True
1817,3a73af6407c64afe2a458a05b456309d08c406d00f15c85ab22e14f035d1b02f,1186b0f040cccc83b04cbf9bed1033cb79246969ba6e3674ed486b309b85f949,train,False
1818,5fdf5e7f434de89148ecaa9504b0630b1e15d70615848460b9b05a799b077e83,1ea3bf5077b5094fdc37380dbdd1b6b85552db0f56ec1ccc74861f9405f1c258,selection,True
1819,f5dd36ed1a40b52adb79865436ad783d8a15512b2cdcd20125b640fc4c98e38f,3ad12b566ddc696bec2ad72c46b062919ea544fb630429ef86641f1b5ca03e38,train,False
1820,16b5eb916fed72c4ac13483ac19bb356c8ac5b9160531fb5c4f4fff0e95e8ec8,92fd9038d8eddd5ecc4bc52c07a57722476714e913ffc427f23d464479bd1f77,train,True
1821,c1fccfd6ad251de78bbe71eeccdbcf63e5308bbf839d7d561ad621d628d7cd4b,eac55a4daa1c1d333e135c4caa208b9c5743f819f0b4662f00e0caed8a37d8a9,selection,False
1822,b65e1021325400a42a68f9bebf6d0ea2cc9af30c0e65040290db54ccbaabf736,737fd4a7e0f3f108b12c54cf1ee6f872ccf90269097b36db2e629acadd03ddee,train,True
1823,de6c6cbe32f7b9c2287b207da270d7961f2960722248be117436456430dd9aa2,e7c817865543148cc9ad66a76ba67f87d68ba66b915167d31977cacf05cc3b0c,train,False
1824,c8de718e72220e777d3be46b2a46ab5f88b8b3578f72f4c9efdb6b20b8ef442c,296e4ebdaf26491ffc8973ee6dd0bda191de4d8fe95fc395e9a9067e53c044cf,train,False
1825,112d138bfd233548bd9af46cd7478580d12c6eb745f2f85a9dce0b48ef105190,dd6d49ca968cd92a5d294215ec1479d1e3ae249a6171055d9e5bf3d6f2558c26,train,True
1826,94b6b1ebcf3ca4755fe64c82cfc5b2bce6f5db42a925fee03731eae93ce1e6ac,afae546a69142e6baca7e5f2c22ee648cb5f66bf346ada530840ac2bb6479bee,final,True
1827,749680c850f0a716fb0d992c4f41e4a9d1ab9efc4c540712d00627dc51024462,b93945275d3193710097fe64c37923f4d3b15983df7e3b3cf8f995ea1dcd20ec,train,False
1828,b43c7d03554dcda993d20bd92b23a2bc98f1fae2e57b142cd54ebad9d1957c3b,04678f11f073fc5eedb05b8a71d32b8d85fda8c5f2caec8b961d3aded306164d,train,True
1829,fa2fbd2d887529af5d63177880db2abb02aad5b2cbc8a07a7c8d2dd8fc864fc2,6cdeaf59cd6997c8b540d2b4bc667f44bc760c49f30e4ed50857cdabba502d93,selection,True
1830,4516075a70e2533db7a43117951fef6454fda226390bcdc3c9c2b6ef6943cff1,ee2cdd2b6fd3c0d0496791811b6f3b0be1f197362e9021d6d375e7e7ff0f9626,train,False
1831,fc044e12bb4ebf65848949bd7c4a0a4b147c7f93b1530452256ebba35b264395,0d6e5652bd0414e7f5883cf90a678d702f69d257e5ee31d2f000a12423336470,train,True
1832,830d099a4b23ce033c0bcc6a38e97123907f700213516ff2c664fe9bfdd7cd25,25f6f74fc79b1c7fc0bd2692b3c2443d513e897298e3f1e46c4e485a36c53263,train,True
1833,b032568743e7571d2aebf017b5961b29976ec2626d6358ae07ed60408a2e0256,da417ed39be3d05673d97ac72f0eacd545210926522aef5510def751a64994eb,train,True
1834,0f6cfc52567d67c4eae2a4a813201485830f74f927dc5cbf2b61864bc853e342,5f9ef59a8684a45c1219e64ac30a351f345b704a1f3de40fb64eb36280abafc1,train,True
1835,abf9ace154007bd74554994b60ed0857da36cc2f5cdc9f51da070b12370fa08f,6c1d82ec16159d8ef579be7ff3284e61aedfb3d0b00ad9d39a7383482f14e02b,train,True
1836,7330cd2657d2bc4897fa0f7a1854e0707e1eb690f0b51a1c55320e4b0bdd6f5b,e178aace3ad49f8d380cc2873add2e666be9490628f55a70c82ea7918cabcb77,selection,False
1837,a66259702d6f2f4a84ea1f012a94acfaf4eda3f26e294541a7041a3ab9bb2efa,033aa40bcbbd090970f9227cb3bae0c055922b7ccd969001c96908dc23c347e3,train,True
1838,8e09bc441c5d8650fa7cc973e2a9dddcf2ff40abd464e2f090226829ed16fa0f,473ad6d67936aee98007443ce0c0f615b53a30da3f14cf0d100f8e7ec2c80ed3,train,False
1839,a595df60338997ba1cedcd2dd74f915e5053de4d225b7be79039e59db6119349,0fd4fd3295a494dbddedd2b44555f2dd521b992f46050a4783a6c018d0de6abe,train,False
1840,125705e968d73564cb9b168e93a7442a3145477cf789ff9f55992e2908b3ebe5,645735c039ad0fde4ab12c184a583211882e611509ac755626f5ee6e550d4d29,train,False
1841,f7e2eac62077168416de51a7054f001a6925d8c37d08c33b7d230abe7bcabfae,8c198ef93def2ce76f2b2ea45e411bc81367029c88d07cdde740309b0464cfa0,train,True
1842,3a42ef326cbb9edb6103775d72d727dcc536fc67d5129dbc84f91eae85120902,526b204155714ebc0b88cf13e242fe7f6bef535a5b53e6c7d3c6b40cd1ed6b84,selection,False
1843,094c6d1bf90689806c8938ff37486c57f5d1e299eaa9bd671ca26a0e395988ea,52b41a54a8d7f4d95b7c12cb27475a6900e3a2c1eeb3ac5ffa57c7d1a99de0aa,train,False
1844,cd984b3973f10e3588123a0336c69881ea566f08290b80383ec6a710370ec794,bcc80c477576529a6245d0cb684cb4bc1dcc25088f12bab815cc6b4740195ece,train,True
1845,01694ee23f7127ced0fce8715168b57e9bc2f1455ad9a4497844ab17196ea8cb,690a4eebaa26e618505d507484b6280e0c9f0535db2e2c43b9969720cc2041de,train,False
1846,aaaa763b3b2f69ea036730556ada681e3503263193e2cdd717baa3ae9c9a95c2,3e6dee78c5ee79ccd7e1daa57e83f9b73681c2ea347cd7bab529e8824d019145,selection,True
1847,b7a46e179e4f64a506a17d7619e2d307d02c15822077e2ba59a8c967cd78da0a,f64e27ac5b415e0e5e245e704e9de0ab4746bf6a928f988712ecbd4b62a80300,train,False
1848,6a469e278894cdacd850d67789f5749c92a534598c2ee3d41c91d28f5f6c7173,b835331f6d8c11b945079cfa018eaa744d66e8a6832f46af788bf06d1b3d3c8b,train,False
1849,d16ce1cf36a589a885aa68cf04438f38417e081a47c367002b990e76be373a2e,bdf49015dc926a40fd81cc6d7e2221ae61daa2d9d52ae4447a3e331f67339258,train,True
1850,036efd9f65907701966e0d470f7141ef5577651e282a63372206357c2913b190,0a064299cda10be32b8b5306e4cf61949b8db8b91fd45b039f73d01a45b2dc78,train,False
1851,9db5aa938d033ac467bb8ce47f6789bc54e2fac4457ec4c50d4fbea90fa1d701,6d7772cb6595c14a141ee8ce1fc9aa66c88d04f118c33b6973bebbbcf20e0d12,train,True
1852,6621ca49167996851479c0e80647e08f190d34b3f32190252095f45fcc53c23d,ae433f676cd42752d6fece3382b964becf3da40575a6409dd157777144f3a39e,final,True
1853,c5a4cd20ce5075d91e55c4b30bfeb1c9f42849f2324be92c96657d6d9feaadf1,e69b4d78f7834d3964ec6123a50f695d164c0948d1ed80f1f4fead1b93487469,train,True
1854,2a218ce5dc3ac7ae57650ce8920a4badab769d52a45feedc1f0f35c4d5f7fc4c,e2156b21a6f8129f7d1031d765add05a75f555895523784d1a7f5b595efd5667,selection,True
1855,676fa51e25be08a49dbcdaaf577fda8fe087fb29ab6dc69d076c0809338f7bf9,6b3471347480c0160eba97c440b5362f461b0699f8cdfc235c7c814cbd79904c,final,True
1856,7c32ea0d59ba316de41112876085bd49556549cd030f9875e8f819492b01875d,b775176be3770e34c7149bd51d97c8f7a87479f18594012884b7c67f216ee8be,train,True
1857,376350bd175c6e2a33d23c268ebf4fdf87c83aef6d196cee93f73b5a209b7e5e,89b01e2e3f4edaf738ceb76c696369cad3c6fdba900e9ef6888fa8acb50495db,train,True
1858,787225c253bc8ab3c1c0a5569720d761511d201927e3cc8bb63f2e5d90bcdd78,fec0a37ad724c584ce777cbd596d64c881e62b2e05193e8b0365db33df029c5c,train,False
1859,1ba908f3ef9f2fc0cda6275713397a26d63c77d65e78413df0aa677f5c22b81e,b4ae2a26d59b87efd562188297eec6d0ddfc07189cd2d2716523349bfab827c1,train,True
1860,14f61e7defff84c917891e0706bac474cf6612e6d223219c83839ee50208df93,9610ee94743bd4ec161abc4343d1fcc55d48b6204eabf29a2cb52c56ff4eabcb,final,False
1861,f2742ab5afd5f5706482b993822a8fef1c191b1ecd004031992efc3e6c7d2040,213976f2b508b2b31c6ed9ef8c8ea076df1c5f3b8544f26988cfcb7f7e7df2af,train,True
1862,33a1aa7351fe9fb5ff2987edb7bb1316b4e142606df633095b273b2cbef0e2f1,0ce07d8519269c1265bde5973c9a950199411eb711492e6be8fd8c471f98e27a,train,True
1863,9da254a0fd55ce043439fe9b79195431b6e9308aa3d4e3f4b596f8b97ac1a4d6,8196deb0cb4496cd68f7819940dad3996f578af0038b96aaade4f0ec5d46ed81,train,True
1864,45892a264d4ce27a2768c82458f01e719eb33130314a4e4f2a6681435957679f,a173dfd0dda8c4a9db8e3d83b9595d794fc08712e7e6a6967db94606a0d85af1,train,True
1865,ada30bf2300b20e40c21af551171a2fa2791e66d64d49dbbd7736cf5ee5e957f,5b189e6ac10cbf9319e4d95bb76222f54f71f67b9932e249ab437c5a95abe29a,train,False
1866,b902253c408f3ee38372962d6a7c832a8c575084c086c1bf2fbb764f2567aa88,e556d934723148807d586c55732919ffd0d3b1b465e0575b6c5fa4167f5f72ca,final,True
1867,4614ee35c6f5a00145c27a128e2447ad5169273a4fb9ef02f3b90629592881cb,579ee7087b3d658656782262fa04f943bbae11da54ae37e806c33ecd2a1e0f76,selection,True
1868,1d50f144bf2084c87bc71be5456cd03f0879bdc085fd48222ea3107a7da22357,c85d9d78c31d2a80e4fe965144aff29c0e6db0fe0c348c46ded8b54bba652941,selection,True
1869,e326b4def3576635c3f90745f39a095c918e59838fcf522baf57dfab46be798a,443e2fdc5107df073d5b9db9ae39827a0a2327864628d7db806a00828654bdb6,train,False
1870,40c415152eee07c6e4de784fd0385bbab82e53d2ad8dbe6cd83183337ef6c8cd,ac73a6a3c28f9f43aae32c5c8b26ddf113450eb3129f2819d56b45b762afc8be,train,False
1871,8265848fa159d81e1c132c16d332dd058b9f900d80fe049af073be1860635ab1,3077f485f5d18d9bfc033067b5f67c146fed42835201566b979844c03c2c3b70,train,True
1872,473c7c1ec29c3205a6afef84ffa90cdec7eddeb424275b913c4aa90b6d4ce6ba,fb84592d8293355e45bc195a065a7dbeefb758ecf04b7cc6be1111aac0259246,final,False
1873,a64222165600554197d6f289f605cd0e3f82c9bb8e1f2c8935dab46175447400,9d8b28e07550d8bf1c49d771462716e66eabfc6d6e0de148eaf729cf12b0036c,selection,True
1874,1cc763fabada5bf5fffca6c7637f864f28c87a387f93b7f86118d858bbc4fb95,c297c4d12e639d3bfcfdc9dd6ff3f1d148aa51712745baaddd689c6b55c2ffcd,train,False
1875,47d8b2030fdfd2128ceb53dca03e22e9714b09b28a2a32a5da812b2ed60174e3,0276086b7a187c045ee7b3b891271d3da66e02119b5b616c08c0751a3f92b0a8,final,False
1876,ea7fd9d0f9275a8ffcb772d9fcde4ec65b357d750ec894600d813ed846e2ff63,384970374812f17073be4104baf08cf5e74f22613e164ee337a36fbf8a068b25,train,False
1877,284020337fcb314ccd5ccb14e35d1a77550f031a5834336f1e23d3e1e4d19b11,edc3f7823791f1897c7d3ecf40021bc3fa9e5115bc008159211de0ced1385464,selection,True
1878,a01031d0a1e414bbc03423b82bad2ec10bba827762ab81cf03913080663c2fd6,1b45335d68417899f9ed1738f57c7ab43ce166cc1f245cad4f94ecdb3732e455,train,True
1879,d3378c9ac2242539d3d8ffc7dc94dce486e068595f4074efb346414cf6ea4040,8dbb21c196dc9fd6486f37624ef7e0306695e0b01160dad3f95aecd5214e9a57,selection,False
1880,40e5adfda3009536cf682a3046663b3e9fda6a5bf1c25768b468ceaf25f5e923,8455c110c6382e14c07f0bf3950b521e813789bae8539d1f2d3265b30d63ce94,train,True
1881,644da80d77e16ebd7292d3d13dc8c8bb891efea6d13d110fa9087c2a43ab451c,99250b243783cfbbbde868351334c659dd6be7da75151ce62ddc0353e8da6aa0,selection,False
1882,9939bc46276dd805085e1097454e2da260d866e09cbf144c8b15904539fbf7d1,103996aa250bec548fc0c1a741011ddb9b2a8e4a446fbcc94b6a4b945ead413e,final,False
1883,8810daf70a87717a3b4a857603d05fbaddda289eb70ccdc2194d781f7b1444b7,29afa024605a29de4ba1b14f3dc44f5ae9b8a5d1426e69ccefea644456575a84,selection,True
1884,a17606ce158fe33a33dc49dcd7e424deccb95ee13d323747700919f71650f354,d0b919bca36c8840a3f64d2476b704d10102cf8fcc5ef56e24527638b06186f4,train,False
1885,48e2d24f0c7047b295c9ce2fb0f9ac8a21a7fa2ef5475f76b4272ab9ad6e3e78,9fb1c50932ce0245d80922c30f6063e218d9c8f8d8d87677f39b39b7e0414f62,train,True
1886,a4d33b83f12e766a7ffa2871dae70e687f9c5f7db0ce9a2a203b51ffb9b03efc,c571d2e8070e57a340bde4c41bc06f1f9243cf0242ff166d288cce670b1b3cf2,train,True
1887,2b1f1686a0f60e3918996e4d5a7434d92b327d4a1a15a526a9ea0691a57db99f,97feb040e1ea045459100b9f6daa947a50ef7322fc6215cf08b52161925c4466,train,True
1888,25564f444aa42e1099e267efb27ea55ff6fa04dc231dc116a4ec6f9f194ee1ff,0fa818e0605afb2ad8117bbb599a4a2d516d89fad0a515eac2d56fcd6f4f8c32,final,False
1889,272ef6885e3487e935265fcaa1fd88d30ff915506d38c4e10f5e696654dd2d9d,0e12610bae9e87af10e39b0313ac203114257e7b8658483643a47647c1b8eb90,final,True
1890,a7aab439ca751edf448da71db1438c2d2400de282ec2f058e54a7c523d4b487b,fea8f07b6e0fdf5ad63f60770c3a566a725bf9c0063598f83bd2f48635a2f396,train,True
1891,f3a9d395ec0f943e90460f425d6e175e2797a5f6708578d5d67ea47b51aafb92,9c1484648bb6b33f6c2a42833646c5e519764624a097e20947d244046f210ba0,train,True
1892,b5fc23de1b975f5eefd96339f8f407bfae18ec5b99ee6287b61df952e9eb1a95,1a4f811a47cef34722d7f511570e8580a574f2561ddcd2b3e9ca963b80498a32,final,True
1893,02b7c385fb85199679725a36270bf67410843064f49193b9c103d859f62c323d,8b803ee08539ae074e9979e76a4a0274eced65ff960b0e4c079a791da659bb69,train,True
1894,3a72dce9772be5f6ee1563565b6c75b48ee6e9eb60f78ff68ace1ae2e5df2187,4d71e36d4e642864c0211463ed711bf6d5261a20c5be612dda0e24b53040f906,train,True
1895,a4c9ce83d0028dac0e49dbd645064b7f58e80666aeb55b163fcb1ce6fd1bd21e,753c7e87385951b68f0a283ff2e1ab8496bf02fa3ee4290dfd8446d733089e42,selection,True
1896,9d1d885cdc72258d7aef0d7d2d0be285105d077ff45f689cebaa20d74c1ddbde,b9a3c42460449dfa4099bacf8ec7ccbfcbec96fe872b306fd39d8834b7a9c3a3,final,True
1897,1e4f4549862221e65ea2ac46b16b463cc7233432647d4e83d55ee67462bc1754,e72282cb084c24ce315b25fbff13c4a6c5ed8ec06b7194f47a23108abd557c33,final,False
1898,d31b48ff6ee3cd16c16740ac7122504228de3848ef9ed06df74c6bb27effdeb5,f470b00457d094f30ac9b8df3e9bbff7e93b3c0dcbdee2bebaebff0b789f59af,final,False
1899,54c50df8355a4b376fd9d8296204cb565a5f581391459fc0f7c7efa8553b153d,5bcf47e55286dbb68a93204557f2696b2beea334804a9b1f88263690010d49db,final,True
1900,fff2f56676804b3cea5e59470d4b24175224cea506e116d4e719b4a9c27860f3,c69ea1a5dee65df47d76b4888bb64611f6c6ae2c4557bb8d2d207f669c077728,selection,True
1901,1b861d6147aa445117d3a41fd56175b65de7538ef7650c2ec991cfdd74db2597,835d1e9cd5e88c9fbcc47c8093b36e0c77527ea1e1ca80fb9835be7069b33225,final,True
1902,32e22f1fa33f24d114f8f40763f663a919d7d50523d042d99bb0d39ed15a2fc3,921d314e37330862092729caa2abc7831d92ee9b5e26fa2ee06e74dd39c76e20,train,False
1903,24fa35fa32c1c688bcbec9b6f07b0cd2e94a2d6985a3cb3ade9151aa63998237,e176fe0a796033e0051df36cf38748a04fae82add7520b48f82997335b3cefcd,train,True
1904,a42eae42d555bda95044a276888b70d9aec6689fbe380fb9c5a96e2740fdcdc8,8c41ce4caeb3e60cf9d9c72b50388e38ae1dbf69c4f69199df3f04b595ec8412,selection,False
1905,a07992093b3e6ea5e9d6a054c74bbb220ec78c14ba36616957a095d29660a8ab,4a9bc2732d8bbad49bb87de7b95eaa244004a05ecc4850cabb0bbb163dc8819a,final,True
1906,0f19def29d336d5e7146f18d6d2f237d15c8f7a0e7fcd6a917e88a972b2f7118,025c4ddb1d344e1f9224712788ef35fa7982dd0854b2f3c3b8ff55b040c12f92,train,True
1907,8cb62619161226ae779f712a00990a8fcc7abcbf288e56dbee9d28a83929ac38,b1f33ac7897b02d18fd1783416bcd7fea4b0ed90de5b160acdd3c490f2339390,train,True
1908,8c080415f2daef65eecf5050140a897b275e0dfbfa616b752dbee76f36b7e9fe,9c73b1197b655c30a4f78346e00f9ce570b0e7106b6d8e9adf5bcb7bee17662d,train,True
1909,942c8a99063849881245b32c1139ccd5c857e10a15c8c21e97800ddc9ee53314,d50c8b15b1c18499f2542614d33f0f772f2c2a3c9438d5012f715af2d14a1c61,selection,False
1910,fce7a8df2fbbe71dac7c4f978d7fe52428ac56adaed014f9a077ee324d7f24b5,8d0560968f05d5ff397b1251c60841076968dbdc9e64a1c268d32afd162627f9,selection,True
1911,b989d4e270a50fa8e71bdf67989c1afd8a5a8d4321024685d9e7f2636f1c2853,08ae9193b371d70de62b05c89df289918554bbff9a31a4b9842dc23b0372c264,train,False
1912,d89f990cf6612d2c7351229a29268bc3075bb420e90e3bb260a39b543ea40c7c,231d06d13c81f8d6defce9f09c20896bf5994dea012ee12e050b6861fd6f9f5d,final,True
1913,b99ca6e9ea422df7b498189b80d7d6e4694fe0db87306abc1be4d8039b05f16e,e643105ea1ca57082d941e089e75e92a31bda828d67723528e0762e31d0660a8,selection,True
1914,420d8c1cdf7e64b6ed0d68656b8376bf9932520fb00f50c067617849ca3259e3,816e959b132a79d292118099ce3d25ee9b6e00de2952318e2eddf07b33d9af60,train,True
1915,27c3a433f453cafbb829635d206a5602cae5b80aa794139c8f652e10eb7b7b51,c4c2d284c618d0064ba0aaac2425465cb7efd8253d19d3d07bd486a38be6747f,final,True
1916,618fc2d1646d9c78bc0e2d95eec426ed4f4f2659bff6dd6ab621a66f5f1c1552,3e351bdd150c405b71a7f1d7d56c0f1622d333e3cb9472302428aac8351f51db,selection,True
1917,204691d9f3836e6bda3f5298a0dd32242eb058d5493e6312b35cb589cc984dcc,105fcca68a9b97ffd5842f0eebc67178927b7691344144c33033f4f0771c8c75,final,False
1918,cdbac5aa3db3397823997dd8759f3126e47d6bb732c132cbd9d5272fefd78d08,1ad5c100a29efc0c16cb37456d05e82cbc47dcc63e1eea0fbc5840e1599c3aff,train,True
1919,74150fd9ba9b23fff8398ffe81c6be162e15c297080d5d5e46a033833556ed2d,67de559f96a7a95e38867305c621fd1244784791e1f40d70935cacd7477e41d4,train,False
1920,7490202463a9dabd03fd115df69f84b981e41e95e1c28c06cd50c65649403bd9,2dce7b7236e1e3ac8a32fb3455ceb9e573405357275e92525164999b5b7c0919,train,False
1921,ea21d23e4d4de40732b93129788620dd6c296a496a9e6c0eb92eb81198c2dc85,7193aab24918223416ff4126c16d3d98f56f9156f23179bb69f333a02ca5f2e2,train,True
1922,eb00979c04eaa67d8cff0dbb399cd08a64b17d19241628dea8c4462493f16adb,188dbf5c1d0d4fb1a1aa93461a24b788d8f2371649b9c5e41d35892a7dd81001,selection,False
1923,78166167a1712c1f13db3d2772a8b12b1e164ef5ba31328a023dbb136336382f,0457b8b7d0df03b1bda2c0daccb4169b38d5fbc04a3f53637e686f4f62ad16fd,final,True
1924,d7844a0d1cdf3f5840e50d70b1d8876a59b97a73974dad5b8f97fcadd8825de2,3f796eeca77c0c4f98f1cf1c558819dcc7355a035c9b2a3692a733f8bce85217,selection,True
1925,49dd7242e1e4bea55dbb69f647dab961f2fb22cc7b5d1af5f0032daf80dc3886,bce31afb9df224381747b0d7ab176decc4f9d4a29fab20fee530c0c5faba3730,train,True
1926,3fb074d45885833cddbfe976d1cc1b6dc11f3aee8e80eec5106e1a99bd20b0e5,465b5d119ff9cb11efc2b434faa4fef5e3ae57cf66ac1f45c74e2b741678d03c,train,True
1927,60777f526607c0d93d2fc1ed695e3ed8a8f210e302e22a1344d501820aae6b32,a47c2877b901cc8fc79c8f2b48e0d6774ce2ddf15fcacdd16b4da236ea0382f6,train,True
1928,8c35a5f9931f4e49308e541abce980772fd6e9003fe720aba4c64ce96fbc7e11,2bac594c67ea8d3b96d126709d70cde57e00d1fcbddb1ef15a5c08c5f1589732,train,True
1929,6bf16efa3b1d1a2ebf4cf63bf113388079f3cb64b050d9875ee7dd5e69e0f34d,f118c97892432c36ed01b7922ccced53ab3be537a6b524b7782029be905334fe,train,True
1930,ef7fe4a3f90265fff015c1b8826c6ca1acb9cf4eaed9381cafa8bfe4a0c97a30,915f33e97f8d0743799232cc038cc66e54cf89185378c754a36fa83ecea867e7,train,False
1931,c538cf4f920055d8621767ab977763353c77ad369faf6660930fc6bbdca08913,7ad97373f079c18272d8b4c6922983ee1534b62a7bcb42a494811c5457e8cfc4,train,True
1932,2deecd1735a3fc40b2cfd608087cb3d1ff14cfaf9c8a53f208273366cf253b75,db32d15bcc817e52efcaecbf53327d9c591087d9c5dd171acaf4fedaef3140db,train,True
1933,36d90a818e15214142191b61926696ccf347f0bdcb3158300518d2c2a406d9ec,b60a646847c2c67202b60af9dbc40887f8b47ef2d9c9a563ba340a34dc0c6b72,final,True
1934,c73a78346cd59c51427a8ae2a6b6b4bb03b111681cac1d805ef1b8b4c063b39f,35d58acafac82b448e0cd08e17b2b922916b45f6c255fd9227eb56e6e52ccff1,train,True
1935,0478004e9dc8d2e77443375ba828bfe3215ccedf304893dbad1306e861d83c0c,49bc82707acc6f5e3db939a0f4ec48b3b68cf5f750f92a8bf939ea842632c397,final,True
1936,5d5c30623e3b5a7f94b7e7dfe52293a402ce0443e75ab241e29e1af59d342617,3629f7ed635d7f303b9c77ba62f504d5bc4f3630e2593e5e2d7324e113823070,train,True
1937,0e105e1f37951697cd91b0851b83f5c89098fcf21c73d73a3880518257dce2c5,31f4c978cb976126c8e3a6ed4869742c787d9e7cdc75a8f83e1433b05eb6963a,train,True
1938,60dcbbd86ea7d6577376967cf17c9548fa26d5021310ca57564ca230d043f36f,1d1768f4457b0bd0227dfa48d265eff36033fb2eaaa53649e0a808ba57006ff6,train,True
1939,d3c097452cd84e4c45448f974843988720fe641544aa33ff950d9f15acec05da,4d408073f0a18d3c9caadf42fba00e7bc8770d42a1919d04f430b3f128789e78,train,False
1940,5cc34a456d4c1ea823d07e38c86e13724e8feea05a1843a26f2b3c8bb365644d,e852d1e7a0f21455485c24fa7719f2a68170aae438f4a267410075478ccf585a,train,True
1941,179b5b5482df4fb6082bcf8fcf1c18e55e4d4fef43425b119bc24e6c1cf3ac54,bcff261f9324d18a59b6a66ca0cf022f0e230b7d55b114d348c21203f0137b8e,selection,False
1942,6d7ef095dd3ddf78cef445a837515165a53f8006ef5b77ec601bf6b4dce99ccb,5f15255e17968510e85162aa58457ee79ded5313ffdebd66063ae80e18957548,train,True
1943,a595a8f7f2f67cf336d22ce7c8a4d39aa5a70b412e00961fcfa868a442f86d57,b634c3830e09817b8516dac2e9ea507f922fd27982823b5cf8c49bae55ae49ed,train,True
1944,0353354c3e211dea75d94ccf7b644cdcb2af0173ff878aab8a4b86803ea71beb,0a59df920584fde55a09eefd8caf2c4a972c970984b72f7bf89efc15394ed926,train,True
1945,6ab1bd3863ce9db3a5cd0ee3fbc65e9fdd95d190f63dbf569f329712223e6a43,a6b5fd31495db076c331457f78254530f8933b8e4ce65577b08d5b3ca244de52,train,False
1946,f679cc80cf43de4347ebc74c6a5fa5db67b9c0de9368bd24f34dd9d735fc8a2f,af79bbf67fb44b5080e7ce16261e82906c56221d3c86780e9f07751ba7afa942,train,True
1947,bb79e0677ab7f630a5e04b9b625033aeef952af4be868a3d46422ac44d5f7750,0b9754e64e31075f89bcd89b0fc04d316cc4720a87eab84b7b474f6184477ba8,final,True
1948,238c9d26b0114e0db47c03e10be5bfb7628a96ba42bfbf389c2097054f64405b,ebeeed3f71397918157900a95a3f8b52410bfa14576297d2edd8cb63494df109,selection,True
1949,a491c3d39e540f51723e7ce9175ac7a55542269b6b234efa0de0c4b44ed1c5a6,57e46e8c9f7344fabb268740db8857735435cfc340c9b1badcc1c2204144e7f0,final,True
1950,3a6522282b5c9b3439a785b2c6bb31e38e963009255c067f1b25fe4d2d7c52da,768dd3b741691d447589283212bf3cd0a23a2d11a3d874d36f02d84538eb529c,selection,False
1951,078e20c5ce287887a11b08d244808211052bc156d40655f4209e183119715b31,3dd34aca133a3e39f66766c32858589bd9d2e6ee7395a627d6b3d27ea8f53281,train,False
1952,d15bf05f9ac0c1d2fa4325ceae823009d4863446f540a0505719377615ef80ab,72b4508d15f13400b8c33817d67ae9b706ce3f3733b49214d5f3013c9f95c31c,train,True
1953,aa2dea618cc30cb25d2fc64412c0684a1fe24f23f0674f9e87ccba7e2c8eade0,33d74ab516cd2946ab3755239e28fe6dffc6c499129b41c5a9decf0b5f69e15c,selection,False
1954,b33a69df66f705c6a0749ff84dc863f1b481e7e70423680ae27d4943c83aeabd,e2ba0ecf0f83c0518acfa91b65b00008185ad0f6206a35921d7b33cff36c2108,selection,True
1955,add1432febea1377a158c872ee4b0353b6b6af900723dc17db18579c89987e43,f7d57b8792c732b872b3a7ee6f773118acdd59de93aba5a62216b846ad15903e,final,False
1956,ee2797a7b80bc4270f58d3d5c77fc725f1bb2d878e5869f7a091efa48a24031e,259a8868a630af38ce14e9cb441d790a8328d942b2f239c44fc43b96380018f3,final,True
1957,c9dec75b4c72b2eb480fe038866f418e2e1e69414868391fd5e2ce76cdc5d767,799ea08c8d3ef5b173779d5a8807e874f6f3029275ad69ef339a5e95e9fb9dcc,train,True
1958,d5b585d8ee0e685a3d33b80310b1873aea8fa04e7329e535ea895dbeba87ca91,051f64a5ebcc92f78b1805e3a272dd996f5d728051a63924156bc722ae86f603,train,True
1959,7904fe5eb7ada486d9b359f2910b8ff4eda50114c21907c5d8e509a0942b6b82,ebefe3f1d556b3ff935a319d567f72f6c67250bc412ddffbfac945358d14e1f0,train,False
1960,947e30106176919e77d69a0042bff386999d255eb8a2a7d5363ae661cdd47039,409954c14152b53b7bbde97b99d9eb27b8f78eca7484fabd16436c0ada60dae7,train,True
1961,9d6454e49262f1fa124083fb38faf045c268e334c4947309f913b26ba6677d76,92ea17fde79306e6a62582cb225ac2165291489c01228aa53a625193cf37bdc4,train,True
1962,c102402bdb4ba95b2b0024d1679ab39290bcaab7af4890d50f5166b34b45609c,6c2e46601a11e5c985b3f658952f98cf7068bb3f3512f1818013c87fc238d95a,final,True
1963,cbca14968eb157e80bf6e9a6c014524e43e806a5a98053004eddcb400638b063,89da0f462908ed510310a6a7673373db2e63f28345266db5f88bd6d9358f92c2,train,False
1964,5d184a9d5d2d7218664297b64ebaf0218f6fba3cd8f55434474f4bd6561fad6e,9f61fc05a4bad729dca0a9a75d92f5c03508f0d54f0db066c7981bb48075fde8,final,True
1965,186f2546d99e487e18e58e3cc01c6bd2cd81b3c69cefc366f6a643932e6a4630,42ac87fc2f502349deda6ad101b2ed294b852d6bd52b8e28cc17286d7d95b627,final,True
1966,878e5aa42012c88f8bb6ecf25d76e53e834305274f0c5e51e11e7614157ba3ef,86632855ba2258d627156a8efa671e0ff5c67014993053d45464f01a7f2313d8,train,True
1967,a2731bbd531af642fe0c5a4e1b841a0882d0e0717d276d9d6c95caa8263be6b5,3147d25ceb9355ccea310cfe12de320a29d1b5bafc29f4cda0517ba4ba7d22ff,train,False
1968,029ecdbe3de76fafc7e28a950d3a7f4d50de9e6fdb4127fa279a7816fdfeb689,03c5015bf465b91640cb9c1b35f36cd8ec15334df26a48a20c8b0f808e02bd60,train,False
1969,87086fc7fad225fca805374768cc9302daa14c4120d5533441902d50804107cb,6121b9b7cc125205de727c5f033de946588da11498448fae7a75035783fdd683,train,True
1970,09b4879239c1bda01eae97b4d4b7b03cda599819034d8f9cd4ba7c36682b2940,c111a0efbef87781c51e42f8ac67ae8a3e4000d95756e6b53b9dcd6cc7c84429,train,True
1971,4162838e9bd578cbaa406f6aeac38695df591be07d493d90ee7b4529275a6137,6d17cb4acb6d1176baa03a72fba6cff190e3ffb1568af43316e59959bbcabd57,train,True
1972,9c44ecfbddef055f30d03a36f74dd67cd3a6d20f6a1ed31c8cab80418e9884be,c55c2bac91743dcd2e02d3f3b3d40cc7bc7b18fd33b6e14df25446c04a9eab51,train,True
1973,e9a8972ae10bebb37f9775a9dba7484236c775e8b62bf5e54321eb9f5e28afd6,dbf8f8a09c2debc4c060f4888df70f36e01e3ef96c29b0179d013481b9e8ba04,train,False
1974,2a008d3068feaee24ff163aff2be5072da78ea206efb4a70c26810f1719cc928,5c7e283a81cf2226342bb20479a8c3126352399af704bd11aaff783b433bcc94,final,False
1975,d9e861d6f29a9ade16a548e3c4e12ce7a1a81e9903a82e2716dd662b04a3fe3d,25fd4ad0f12cc5055e2791f88e0756e1f0d585d9198ed7036a4512e385080b46,final,True
1976,c6e211e7c0cce48e7b13d6ad06caebe66b735d3e60f6511eaa3fc15f9b372d38,26a583d628d8802c8a6ae469304ba5c9d5473f5dec4716c9b71ba9037dbc882e,final,True
1977,8589318eed645d5e2a2ef9bb865701b002b61d62783683c786310ec229621c07,277ad8b9dfb07ca9c911f200ebd6522baf38179f0b3caa993ec395201151d115,train,True
1978,2263f5c798bd9712799181eb2f0605f6514a2767acc565268664dd4a3b0e1c54,e938a55e170bd023f95e8e78472fb7b3f7476f6ac3c71b029e9e8f8c6283114c,train,False
1979,f3d9de80b7fa45a9597066710ec8849cafe4d3dad33f4b66e2b70437f1403046,72fb8e55adfc48eda5ff4fdfcd639ceea9ffd87d61d870c4a252df8cdcad33f2,train,False
1980,123f29beab9e0db48ec8f368883552b0fab9a2d2738a309bc9d2d0792ba59ddf,c40cf080f0d35351a171c9304184051c88336e1a9b5a75f01b11be73389997bb,train,True
1981,aa12ef5d0f3b2d97e6c02ade1e588b55e1933ec8fb6f40d0ac64b3d5af51b044,e9c3dfbce972ef74b15b2bc75d9babb618578c133148a098793b6bef7c681ef4,train,True
1982,8e93f23b268e48cb3a9204c579d46aca41bda96c5c3b8e1671247d83ee3fdf42,39c5adb4773ebf40ae536e2ddaf8ad9ae486ac3d6af58409992859021c7f78e2,selection,False
1983,b6ed10f4769e41ebf92ede544de034bbece8b8941f48aa9e29415ec73a625935,59017c88e224c6729333e9d2757beb41e531522984467ce91a077bb4773e14fe,selection,True
1984,499963da7cb9335ad3aa6bfa09eed3898e9f33ebb9d024611d23098ca21b3670,e74ddae8bd40c254723ccd5b29d5279472c178050ff187d40f65eb17416c40f9,selection,False
1985,5c25237682a2230f6e3dd0d29adec2e86fbc34e84330c841b884a96e786a8168,c12579b2412064e5f0b8832426b5d7cd77333b1dd47260d75cbc22bc409f6431,train,True
1986,43a33a7db3224964dcf64151f25af8bfc0c3b24310420e1efddfb1dafb8b56fd,7293d5aa5d145e25627adcfb23f4a7860384a8765e5eb2ca8367e9a458f8043c,train,False
1987,7a62e1a81355af084f65526074506f2af9eff8453bd3f34458066d85445cd5b3,a8845691edfd3e6a0215353071ef4bd2c21b93e93e03001c917598d8f8f1c900,train,True
1988,dee92f633f3d6df80f8c37a03b09a17e78a7417d3d529a66569140ef29e8827f,03dd3481c4750559682ab3184254ea337feca9dff0ea26adddc8da9108f192e0,train,False
1989,e3d3a808d7e94656921618695266fd97ef3b19682cb74509f5a68c6667a813cc,d3dbf59708fd70e2b9c1e2fc07d5b990367cff76c7345da5f6052093645e6687,train,True
1990,a3609df14f939279dc9e6e8facccb266337fc0224cb9bd0eb82b852d1084f3a0,bfeceeaa18a9d04e6b0ee8cfbf01bbaa4f862b64188245eb31fee06bbdb5ad4d,train,False
1991,644557fafc9518e210ca29f58284d9245572ea3cc357fe5cd3d99142c028b103,21d5531680c62cc1130ad819c046675f8ff18d5ddf57f4b16eda2afbe8409030,train,True
1992,b54e95686309e7ffbe515f9f65c8773c89c9570e98f96fbda1492058f7b78fb6,d126aefe0afde37b5cec65d0fd45b142a05749db75da146033836e462b8282ce,train,False
1993,0cd069b35c6d867bde08fcce15c1d16ccbaf50355434952fa5c5a6c9d655e2d3,1f9966e2215ce0af10f5f46b86524192de3f6f6a9fa18b61ce92d3acb05c0719,selection,False
1994,1f4f830d784e90ba85e86d8a6a63827aa40ec5ebdcb3a51176695a5dfc6fbca2,522959439ac21f69e65004612cefc0bc5686ce9d0b34990ad7a1343eb69d7f98,final,True
1995,12efa56794865901e2ef61156e91557a4b496fc0ff00792fbedc45d2922c7d34,90047d8072d5ebf158d9a84c54eb1141a914a8a8770994c2cc3d55a3b4527c34,train,True
1996,59df8ec99f50e6345fd49f61c835db566e1e2c63885e74c3e9c72fead2b2868b,83ea66df07633f4e471ce6ec513234112900ca5482564ea3bf1135e4a0de363d,train,True
1997,51d6ca1dee2cf414c6dff626ec9694344669e79e6bfbfddd5a9b897f97790f49,4879ec66122ae069ad3a1e7d35bdec2d6f09cc1a9a73df4546c9aa1fa864e47c,final,True
1998,19684f26823e440442ec2cae8379b1d71a99fd8b21c5a6b9a24b64be23d3ca22,e81d4fd945adb4ff9ca0c71b3ddaaf951a840bc03d99375587cfc7dd65d43950,train,False
1999,47f83f222d673a716d72c6e5f85878ac8f1068048955dceecf92dc03a9a7e23b,6ac76e3ddad8457af158c71262e72e7b50130a29a850e4fa4a05f85ea671188d,final,True
2000,1ab714a35f7b3022c80fd446f62aff8e5f0eff6ab548056e2f8293d8af49ffeb,07dfc7d9deabb8e25144a419aeb508fb6731b0f027f3142debd2b88d14801b06,train,True
2001,6ab11ae57956833a8baef063b569249e5269a62c597913a81d73ce2be1b1d4c3,a8580280cb1c9a5fb41b92a6d8c6894c221bb74f0d1dee0aab998a516c3ad1d5,train,True
2002,43e83171c788061b70e4aef60408aa48c93dd2398256f134f193f5d8b0d50d2b,0e418b19e5a074229d7b9f5feda623ed717e734602fc5464732090f773bd9241,final,True
2003,9a4d020d4b81ec259d84b7967dbb687e06a9a73850900fc9d0d4a3cbc1c80de4,2a29369c037e8f20f98993f301f96e9a4f8590230feb7c49e01bef897f7fd064,train,True
2004,8be201bbb69560a13eb7474fecfff46b2390d3175347b8ab458164bb93e53763,23eb709f4de2cb8c6cb141c360f28f0d47ebea18110fe2fb5ad111bcd3c543eb,final,False
2005,a0d4b449754a63986c5396457341cdc8a5e8ae5fa83a5e7738ad9ea696958de2,cc0593a7b40f3cbabfb453489c8bfd9c63da2d14448878f5ba4ee965317dc661,train,True
2006,8d5fb6d8fa1542effa1eaaf46c623d9dc1bff9d55583e8b4e5cc309d7e4cbf22,3ec1210504c6fd8611af5947f7e3482fe223fc6461706ecae1c0979034a9d6c6,train,True
2007,c92a5ad84291b88d6aaf70fa6f86176f82e0c9a1f2107f58cbada1adb15dd8a6,b61780942da510b2994eee477ab8b0fa0ea14abbc2c15f5fbd86d8c60c89d11f,train,False
2008,2adf3b79b88955ebc1807a52084dd22afbadca447af7088eaace4514ba69bc4d,cf894e470deec795f8aa6dad6f7c73f16f0415d46e6c9bf717ba011ccc33e4eb,final,True
2009,5c0e0ce81673056636431a4299d69fd3fe5e1a57964139ce84d2fa995b2e9572,c909c8de16ca494735db7eeead73ca0e305ec6dbfaa5b03ca6d99e00b6bda05c,final,False
2010,5ee77c94a8f105bc78a4e67ac12270d92c9f4f3936f2a85435b1b285dccba9a0,05baaa956de98f70685c18eaa0ef2cb700a258767dc58cc6722354b2532faf49,final,True
2011,ab6a1162a50e9cb8bfd71d25fe6824c44471cc516abf31e7b8c4989d2090c38f,27dc4652e3f3b102babe3712a239512b47feba70fedbd14cbd66b2ad74dc1b0d,train,False
2012,a5dd68d30171668a18f0f6021ea0e30903dcfa0f1c7eb60e728e46897c608ba6,b1a5cdb801a36c3f66d706a724cc6ccfc0ddf28c06da169820e5ecdb1b0da778,train,False
2013,b8a1e0bcfa3c147ae90063e8d620d2ec5616992343bb4318e468773d67c6e2f9,ce3db9bc9e20d054ad927713590be1e49813bb003a8c5f21cae3508cc47981b9,train,True
2014,9ac8775ac4c2c2c532fdbf13c6568f0ab62ada0c0e9f0070b9409ff7e66997bd,b847c3de18f6206649db38bb775b5c87b0a8907fb4047c2d40615d37d1edf57c,train,True
2015,95d7afd050bde8095ec8ccac0b8df44c694bba2fe23864f37d9964086d44161e,89ef1f44a94e36f0fb0a9281c74349a6cddf91d7ebb7a3f398af536ef91aef21,selection,False
2016,34bd882b1f7a265dedef9f61145937e3e05f73dba00fbf11b06f0705fe3a6dc3,716bfbd02bc1691ecc993a4f118e5ffbef4458cfc1f11dbef70e29141c1de1b0,final,True
2017,afe7f56144dddcc0ae38792818bbdfe7cde1001173c99eff3777fc881dec4faf,21369decdbab9cfa589df7d93860572cf47923986009094544dfdec89e473f59,train,False
2018,9964af139f225163a82d7508f95229a9946e298f5ca54850339ea45f4be4b8c3,ccf67d51e3f0ecf807e2be8fc90b2f52f56196d19b409cb77bcf68de01429474,selection,False
2019,8b9a015184cf3a4b5fc686a83b851e4201acbba6dc256b55ac1ce21b78b847bf,b2c1920b2a79049a5f927894ca59cc4d56ca63868a9df29ce6968dfe691c7a74,train,False
2020,fd98dfe5eafee7894095865a9675b8bfb390c06d9413d38650426b302163ac91,334d6266b268cbfe8772cc0ed8093d8ac51dc502493c0123e36caaaf2ea0cab9,selection,False
2021,6ec01bc7e2345b592081363daa9d2790bc5e943f39c5cba5e1ee6e189dc06b33,496b45ee2efe098a981ad9188f74a36c70ff32d11797b56c89e3f353c928b5a0,selection,True
2022,44276b90846c8728a14fc15ce36ebcf13c8c9b92cf25e414d920c992404120b1,1554e0159d2b8241585f09a7f64c94ab7c8f8696abad227c05456d1df35fc13d,train,False
2023,4aea0008d40d95d350e6e44d125268dce04ceb8499a263f1861c8b7b87a73ecb,bc478a49512de025b518a8159860f4627cdb5828366ddd62e6162c526d41e781,train,True
2024,30f8fd524e2f07c04749b718b9c0e5f7e7ea496e88b1d09177411715110298ce,6e39ec87833bc39a61887bc5967f0f192c2f31fe416931b2a5ebbac87d4678f8,selection,True
2025,57ff34df30ae2f988c2984675485a6ecaaca1d60d2175c6208109c0a66ea8af1,383b1c8afb63b69cd32616e5a8978c4aaa859946ee381e6e917d7c630dd6214a,train,True
2026,894bfa48878ee42b4fea511e63644d02539f3a2b993575a8a0e0c543cc67e64f,e3a3f43e24dda161eff3769d647baab2a8d29c9144982faaddd1adca88cfa7fa,final,True
2027,abe2f59a17107511dbdb9292b12c1aa2a5fc1140b8c1502c96d1ca4f4f64f732,df989565ba149edec84a685f2dc75df6c5f5910e37e42011dec17df1fdcdac99,selection,True
2028,6c4bca46162adbb4cedbcb946dcf46cfb7410ed912b4aa5835d4e08638660d8d,24b1ee2a6d77f0cadd656a8543aead4fe6740f99d197d45c5cffafccd959f8ec,selection,False
2029,190b9eba3411a6d5f2ee324e87518723aa1dcea1fb1dc182eb8aa40422038eae,3c8def62491d0db68a99d3428353854cd811b4ac16a7f7ef5a2f10abd108e488,final,True
2030,e4973b79f28aa8aed5ae578131f4cdbeea6e529d00639aa52d5a5f7f26cf42b8,bb8d298bbf9f12c07db00aa3f1d56ad02f610b680976bf26f777145d23e21fac,train,False
2031,89bc78e076749dabd153f81494d68a2efc5185d6324f7701ccc5c2e77ab8064d,042bb442287f09b18157a4e7dd26188623e38f19d9d1da72eb10513d05b24b06,train,False
2032,75f296879ef347d9162c862779f7f44aa13e63b4bbb81f044e303777bdcc7a35,32706c71ac3c53a975864064196292aca2fdb061a1ab389f013815c930847894,train,True
2033,b79067686692c694f629831c52bd7aa0fbc7620be873b79d448850183c1cfbb6,f8e8b799457b46349362ba6e62081666d65f2726b72fadc99788e208cdaf3fe7,selection,False
2034,9036409a8c46d733944d2857c8ef356bbab427065ebea50e9761ea44a02925ce,a7902b448a843878500befc7b753e5bed239d3e56a12b833b65a868795b877bb,final,True
2035,3d46f8dccf46066c653e1c9a7f49ae64a8b5fa66e4c865a7b15d049d13803beb,35f8a9356e3f5e6be53857c53b31956d436ed8497846870e4937fd9a15e55ce2,train,True
2036,d64b9411359209b7f7df6e3c391a7596b0e1025d751d8a837609ec7f8d124140,b456b4d0cb8cf4c815d9f25fa8eb7c1728c6dfbde31f7ac9b104630d4d94cbc6,train,True
2037,89fb17406bfed24796d7d5ab046f7f6a10cfa7e6b8efbf8ea1e9c5ecdaa3c5f1,25b8ede1672078797ee8c22491d62a5a536809049f70e73c2a08556d137469bb,selection,True
2038,8d753e5147179d7868819ca237b63de48a5eda5039a47812305c2a0848d5db08,7b9a5fe8e273f2e00277f3560d13c7bebf45dc68dbf2f488ac9bfdb8e9db062e,train,True
2039,5d3b5d9fa376accab502624588f84ac5913192e4f911172b2ee1dee347567f88,6f1c837d1a45d5e7a40830b94083894f36c219db9bb01da87218ee647fe13421,selection,True
2040,4407cdf32d9db3228d2b0b1ce5150a833dc3f111d84cad3cd68a246a93fbfaeb,c9dd757263623517304cdef88a1c313902ae0d532f19d3472f0cece4232781c9,selection,True
2041,2916d5231a46d7caa05f45fc697e86d9c76bca755233aec72e6c7b1f159c9703,5831b1884962837b27265e635ee6eedd4d28ba3668e7e744a5f56a5d175a5101,selection,True
2042,6db09ea9b194ae2d399ddbdbaee31a4d99b41ae8d244e5b6a7acbbc5e2861e53,84c40db2390fbec9ff24db4c3ec4186dd14f16a2c5792fd7c0d4cf6c7e7e620d,train,True
2043,2d979c7277ac3af82809a0d673aa3ac4c83b9ac8e2cfbf1e4ed5729cf0ed94b0,0cf3b9df1f27b6e7f5c0e239fc86ca5850c36e10510c2385b6075769a70ace4d,train,False
2044,c7b963981e92306bfb4681d253f21cea793d9e4de3316ca037d35d18c9d63a6e,1380f742ca308b92b2c5ebf84e5d899865aeb10afbd27e98cc853746affca3cb,final,True
2045,061b29c918feb0e232bc05406215f77b0f1b583230f809ba316ea49ed2924173,20c1f5f976c8694459b210b03931aa5bb5ead71b26d0780877397909b3cc03a3,selection,False
2046,e612f85dbf31350b25abcfd75c9dd490d67d1fceaccccf932b9fddd2eca63ce5,18c0ee9dc474b463cafd3e92040af4a9133f81df54fa904a0acd5364922b62af,train,True
2047,bb63ebccd6c0cefddc2416f8bdcbff5401bc0b8604bd8a85dee101887c60e000,a1bba803de12fe2387654c93b0c7d8f558b5c4e8294775da73a29ef554402ba3,train,True
2048,03d0884340c1e54621a19aa4a30d96e98e24a0b0a41d2be5126c5cc9857b8d68,d7a7b2246a0140bb629a5c754d7f5199769e97aa67e0c65495813ec1d99c80ae,final,False
2049,c8cec5a37ab0f32a6730124ead0c2e70ff3633c47448e2e857d06ffca0b62291,d976eb8f4364ca936f2ab2da6763a9b4a5a60ee21145905f26e898e90b713506,train,False
2050,26f6dcde017df1bae7fa4c038b6a0083a18647ff734dc94f9e9e11ae31762702,7ce74a2f146c880821ac28d55e1be73a03e77564cdd559975b77757302d9e68f,train,True
2051,37256dbbc6df125d13b8be6e24d4c16d57b14a6cf391d9853d74d5cd00e80c4d,4560ad8a6c4df0f4b006db3e20057e619423271c5321e054ebb6711b4ad5f893,train,True
2052,d9607fc8aed112804880ad3b0780273e6304b8eecc12dd57825e443c988c669c,114753be21049d2d0272f5636dc4f479e66c893ffa682bfb05332fb92266b8a6,selection,False
2053,e5bf4f2f9b77129b1610fef3fb7963a5ae58b03c3272c75d4d5bd44d0415c3c0,a8d2588ceecf17953899e38ce9d2f62b4d82f8ba4cbbbc2225585ff7ac3c783b,train,False
2054,34874111cc3a5006d2d23ee395c3bef6e53254ad89effe45ef3419a0cf87d2bb,b6af7f7ad66ee197d9188125c09148712b84325a95b9d16ce6309c77a24f3563,train,True
2055,4cd438bfce52d7bbc186567a71cc77d1e99020286b6b45ef200059d5a130be8d,28d4c7ef974d68fe4e36f9a220e821ce55f36c80198d2bca9dead34cba43033f,train,True
2056,4b94dff13a279b848fd0769fddb0b7d7d922aa30ffbfde99c6e351d6098d1d50,2a30a51cdf09732a97052fd4ece6c927a001cede64f2c337ae53d8dd2e71ecda,train,True
2057,6e41c50ee78e619173cd7026e756ca2fd4b7c6bbce80921f3e1d80b4140f00cc,7de17105131345bd97e4ba97469abe05f45a498266866d8e58fc6e2dc0495fc3,selection,True
2058,861845ac0b78d798c58986377f0e456e94ce818aa5f2954bf369b58d24959d17,e09aa75b15f8dc9fe3c8e20921f0700022e7e275b0916c19c397e0b7327a97d7,selection,False
2059,7b105aa6bc226ccc76bf245e0381486b5832ba26fce5e30235bdd88a4b25ab12,7065f8453bfe48b1483c3d72d660d1f01f1d9ccc7b707ba9456084cec164b6e6,train,True
2060,754d5362f477ca60696f125dba22033cf9ae3f368c8eea5f341ebbf705c04b05,82161b873513e2a411bbd8e09b0ff5e22d86a154656a26790e283c3edb6e2ad3,selection,False
2061,9138103ac792c0823188eb2e94de1f7fdb6162be977b0604e0c4389419849760,ca13e6fe3538cadeefaa16fbdb872298a0a2599a6e7c0d249d0a3e2e12fe507d,train,False
2062,204adae1309a1b8c72cf4d2a3f805f332d9b5f2349e1e7754029110d77bfef30,ea6094dee61a1dbbbab33e31e4f7143fd0f6e810a79c6be72b409fdb78f9dae1,train,True
2063,971065e475e6c98cbb9572fdf70e64219b5081713077436e0e58464317d19148,9427a514f0372870f3e1fde120e925eb65f50906f367a68a26cdb520b5bb9653,train,False
2064,d881d14c28be07854d2ad6d528d4921e39afc2a12abcc64b4d407cf17cbcb9be,01d1647b2cf47fc6ee6a67f60d485efa8b660eef1da1cff5a5dfe2abbab8de7e,train,False
2065,4d9c1d2d1557298875e8f350bfd1c8895a2a5a9c7f09f0ef2b5889ed3d49e216,e99e2b9c18699837d794f0445e2556935f83f9fb917e56993483b59f5574cbc0,train,True
2066,5a2c537869ce7720da7e13b415f743f56c8d0d9b3f2d2d29708d657bfd437a7b,fe90cebf0f86b5a7e6e73d2ef6bef9b2135b7b0c02c7cebd8f183e03a4d57f81,train,False
2067,6c5f42eb937441935d64e06185a803efd9bc79703660442b56e27575982cb12e,c9eaeb526ef95e6503a298a913474859a7b2aa14cf7104d8074e5f32a7d21e05,train,True
2068,9be07d8219dfc9d83a0d589639e197a79e6339522c4781ee98748196749fbd3d,b5773ee3aa93eccf983cd9a8fb276c607ffbede7873e1a0fa41c9a317b38053d,train,True
2069,a82f6fa91b600b164936f4e8859353a3877196e45c1394888d2ac602421e6a20,17b462bd72803c1481fabd6fce8a3c3dadd2595e52de3f8324fce5ad2fecfa2d,selection,True
2070,46dac564c1289e95adcfc85100952bf264ffb1f14fd60cea6511777ec50bdace,a4c36fa465a85ae64d36c3dc64e6c4bbdc5651f7ae51ddbfc46802993c3f39d2,final,True
2071,d25d16eaeec8b2548466b784f9ae01907d42ff5246895d503c2ae9e23a5e8a8f,039c25d979e1cabfc893884e543e935ef2d44f71cfc252dc03e023a0691eec6b,train,False
2072,f4224f9b88e6735d75a8e3cf49153d5eb5ec5cb3ae7694b43b17ad4dd1d44174,89a7e0bb49e76a9e525a96ba857144472e412508fa3877662a6c17a0a15be308,train,False
2073,21bf1e8d129c2e5c8fcbda604d4b1fa07b3888ca618df925f41216898d9d560a,e41819f716394d1e4e71fc455208d10aeebfa3223d15b1418cb2bb981f85c4ba,train,True
2074,1ed0f6db4b438cf8f72d52818bbeee38e18791e0f348e4240b293d4f1b54ddd3,5f6aba3e67e2806366e80af85dde3559a3758ac2276ac8726e211f8d12748007,train,True
2075,580815252f7de3814dd7b0cd86072d43ef7a2cd4e67229f9f08d749bfe9ad52c,13766c79b145c0506b125341741b6cf00ea7da884a5cb600477e2b465d8fbffe,train,False
2076,4ac85d52c02c53822706bd3b091b65d1cfd60afee191dfe561ec0a1672df4e3d,6fbba0f95326317b60bfd44d935655b32fe4e363b02a88d902d97da3e08bca68,train,False
2077,f01152f6e2fb3c02111ae4baca91ff648232b2931844261e3991d0bfea94aaf3,c64f2ea338a9ca5bf7f66ec5e4d046579a9ce4382a4808e9765a4d62ffa07a71,final,False
2078,eb09483ff4d4f5dccc9847a26f9af3023445f98bb10e08b1da175d3f671a7458,8b4a0f00ee2df07f609347de530f238365118efa3d8f01bc1cab45d1e80c329b,train,True
2079,20d55c5ebdf289ed6d65121f5aa11bd9db82bddc0a750153702a6e2c01d4e455,089af5b503cf39b358a37a66d3a50eb681efdaea47c12d5f4c9395cf6b9cdb61,train,False
2080,ffeef117c99c16a6561efe76fcc916699f648ca5985af245fd2664bd00c728ed,4cbad2605d6f56cfead8edd0d618135e3df2f58d2212de329d8b71d8c3a1ce04,final,False
2081,e9199b2936a9f0737a3cdac3d8bfbf525532cc1612abd4e6941efced9462ebfb,0f454817f46fd4ec480d9fc1ef897bf074ce4d290e291af6784b80325cf2e509,train,False
2082,b7abbe7c3dfb86bb8183e2c4232f06c28d7652268f470084b840ccad47d5a763,5dfccb22720c45f5dcc6c4b3e1ba8f831e28c239c21931f1a1892fc10a4f7bf8,train,True
2083,54207f9a0e28c035ed62d0f7be8fb7771cab20760e9546458620b73a32e2640b,3d7a41c172097a2d2f35fe8236d1de9825684c42fa302ed46700a4b5a1448118,train,False
2084,07267e22540fbb0d4e436f3ac7b69e10456358027b4a06ac7fe441965fbbfe9b,7f862cc23ad6980b745d9a3a6afb3a7b3d1882382f47dc797008a3955149f6b2,train,True
2085,c19d1169e1671729423577ed4b32a74c7692e72ad17cabb17e4608651220b2a3,1d83587221775cfdcddd3f95d116441876e875b85c3a305d60a3c1827ad9e3f6,selection,True
2086,b65171b02ed33f81a8262f2c576c1a6332685e730c0474b18fd3908987856dcd,e642b0d6c667e4d1626b4fd324ccab476d988f9d4223db787ac85b3626a8032e,train,False
2087,9e21c85b135c3aef7659296a3f4058cce0f584a5055564c38f67c7252bb8d29c,3a77fe12092ac8a1cbf1b509601d726cb2da56fb89a955b8f1a0800e244f14fa,selection,True
2088,f71e809159201921b1d02eb24721738a2f6948e334cbcc7a6701267b672f2a4f,680ff2f6cb1beb6db694f42e5b06711b4ff62654252d467c7210af6280e38963,train,False
2089,375fd46648a153e423c2471ec59ed66cb4e32d1a6b0fa90b5969e514092339cd,c0239634ed3dcdf3bea38a9612c8c4530bba14ff76b09ff67b768a8ab5f4411c,train,True
2090,e079c29f812cc5f18acc55789ba7d76d6993d0176c09e141890d322ce5012ead,6c3b448fea4f442dcad4b5e56ef36fb8c280443d38abcd9e9daae593155034f7,train,False
2091,772dc9c164e7f6d4838233230b235bbebc025a9da786794d3642d3a5a4b030eb,dc1ff6a6c792ec8e9fae298063db183ef2061b07e78f5c976cf9276ed62984d3,selection,True
2092,d51f698910e38999447014d8a391ce8b5247b9febfd8ff781a349d71eab6e626,bbc82df1e293dcee8649ab797c48f376210d915f08b2e69d833cfbc2cb4eb5a6,selection,False
2093,7775e8dbb4ab4e9231eca4ee7ca47e99243cceb4145b375fcdaf6ac118474df9,c8cb25343b6f1a14785f2adf8755e0029053e76b4668c974b6546007b3ccea54,final,True
2094,0bc5a0e89a998ac719b5b44a4a65aa81c3317a5813d955487eff4b824d560a91,39aa1728e23279d3cb1b64e706e37ec5e3fadedc8301349ed3ce47298b9bd8b4,train,True
2095,1566aeee57a59f2051bebe7529818ebc9c6e003b0c261e7bf749dbea60b15a76,af137965718a050b6c5504aa7c2904c5d98e556a3e9a1edb8fddd00fc8a1c41e,train,True
2096,3d8241d8d3c15553febe5462d9372267ade17368d77758e499f85f01248db693,a38b58336f096acf3eee656921376498fe16754425dbe47f50792281c06e86b9,train,True
2097,94c5aeacebfdebc4b359d96854e660f4e86c1ca548eba737c722c988e1a543c3,c52c16e6d120d833d5a509bbf8e94eeef7fbf39412e27e9e09d4b8326f29bc05,final,True
2098,310ea2c59abcdbbe6b3bc53c436c7116d7a1fde82a9b2df9e47015d169ef1b27,2a4e1651813502a140df42096b49d1a7baaa58c97aeb9a0b4100e977ef09dce7,selection,True
2099,59a539844286d8b5b376aeae938676168394c25bacb64c6d063aa27b10d267b3,e4cc39a7427a4a26f5dccb78b42f34f3903ca46e023f84f5c28e4b6b6ac344cf,train,True
2100,6bf74accda41df4bffc92fb4b9fe3dd638a0e3241203e090ab8694c68596f8e8,aa7b290eb62c790151e119b8c303c6518f41741a428b2d1be3b9197f7e0624c0,train,False
2101,e432a9265833491c0c6f7edf38cdabd7e9e54a470d2ef7e192dd5cd112f15e26,ed356691d277fd2e91e92c6ded59ae75f85165ae81fc714899bae5da1943bee6,train,True
2102,b5725df340f38905f2dca57022206e68da8998197d20eef518001d4e56c1225e,f031138ff92c60eec93e9b52f413a2704fba6ab80cf09e3f2a683d2d2f930e3d,selection,False
2103,379dd3b210d4f601ead22fb6c3002da8ffb213afad6e42425c092d430f791164,32cc26003d43b2ba173b2b4f01fcb383ad28fe7e1cb8b66d9f65d91cf3fc35ae,selection,False
2104,ba4cba4d5ce968342dc0c10d7adfc142bcb6623a41249db20c79f69d62ed913b,6ef88dedb0af4f5a6487db80b307841cf8e5e80b65d590a7b50b38c8365a34a0,train,True
2105,278fb96c059fa8704448b22a7afb301b092756dc96dc103ba645381bf578677f,1ab0d7c86587ba35544534219c608c256d5fde849c91b9a84fa7b5a4b2471cef,selection,True
2106,9e087d6c37e0fcb6b8b9ba3580d0d10986131fcf813fe7a3e31122618adb1922,0a0552f701623f39e69408c50c4e1917a13e6d67d3b9470cae4bcdd778d097d0,final,True
2107,e176e1ddadc6f52065d800bdbf124ac540b6ccc9ba9aae2a53bb61f11e0fee39,1dae6efda04b14d93dbaf2e8988ad15332380d0098019e7647920d38c3df17a3,selection,True
2108,8aa272daee3d938705426293ec996b0f474c0b2018572867bfec1b4eee9cb3f4,c9d148b36baeb8a2127847e1815775de0c8ea0f9c401b78fbc8913edeffc15e9,final,True
2109,f20b4c3555c960b8e0feee1b51a254646c763d3454d976c5b93bb57561c35d0a,2ff6ff171530e4b7a0004e6a254865041b055d02916cef13d6b344f3b2ddd89c,final,True
2110,c252412711a71925498b5cb17205b152fbc631d2e752d6986f5766321410ad0d,746ff3589dab46db96658649197217fa7198fa4c1a027bc8917044191774e8c2,train,False
2111,29a31147914641027497ce2d73a4b772b703a83a073235890522930035d34fb3,9df9cba4fab985702d83e48c1d372c62cb4a1c261c2f6f353f61e1e5c3bdacc3,selection,False
2112,d65ee4befbd0d0e75afd7832a2c9ef4e1040c8c419ba64800637d6f96da17f65,75ee46439e5d023d25aa133c37edb609049a5834021dcd4a03e4d32b223b8f64,selection,True
2113,7733fb74c20f652f6a889ee5e976de4626df319434e212e6793702f7e48b069e,14af63ce94627dc792d044eb342738d10fcb20c3a9a9c74097cdb952712101bc,train,False
2114,ab452096f60667096eb8431a34585f497190f40031ec203ffeaac66b55ae95bb,59d31eb9fbd8893c406200ee7a5feac03817c6359e0143692e5e1c504d137645,selection,True
2115,bc2fbb6971229af49da445a95f5aab8c23b50a1ddea9122daf47014eccbb2666,6cc25260d26e1aff19eb56d6a044388830c05f55f5badd8f709fd4988fb92a5e,selection,False
2116,745c8f7b46060ecae93b410cb18e3c1329d14b901e52d0ac4385d4d62553f474,b541e195604da1d12d5563787233e831f0b685ebf9b13700939672d734cd0d9f,train,True
2117,f6611aedbf7efa018b27d52d8a8fc0cbc3dbb855f4e15213694b819f95bdba0a,b069ae6d204f0be6bf357c050056612211792e94dba857044c03652a26a81d94,train,False
2118,b6f8e52f4a7de2d2c2068b0d9edf33a2267b88066f3420e4accbc27539aca3dc,f29f24b65ff2e65f25b393d18726b62b24eb1add407c3360aa2e41965d8b958c,train,True
2119,649763f71e161c3cfdc8b4965377d12e5bdb3976da0d3e01dace4fbfa811e286,806898f83830fce369c7afe592fc7ebab1a16a6d580ad0cbb48b5494bf74793c,train,False
2120,4bfcf8b2a553891e7b0cab3d736d490f93aec22f98484b68523d4c72b2378186,0c2883160bc10314ebbee3c0eefb4388dfaa35699ba5c42ed1267a8e94e17a13,train,False
2121,2ae4b6c2159d02375108dae5c519f38de82bff8b296a45e5eb77301e884fe0ad,308b7919b6f18b52b59e6a194b23207d0c0d8ed0ccd25fd155f5913293d815c8,train,True
2122,c3dabd830e1901ade47fc0d0f404baff1bd0f55e7d3db1b31f03bb781dbea176,a02830fa19033549a9ff43fc2bfd9b915087ddd9b9e53b4c552fc833335bec79,final,True
2123,23f5546c7ca047fc95bd161347815abe3f163ca2e29bc2994a4f9e7f21f55a91,5718b4b480c4a521a76d52754f6ca40f87f3e22d618f648df8c1c75c30911ed0,train,False
2124,b853b774323bb31f669e69c144bb338366c1b36c6f323d630e2f5b46ff5aefc9,75778b794851c765fdf8f14df457c0104db16b0eb5c6b7e9a4da0a7e40a23cce,train,True
2125,30338df2f100589a1e17210719299c389de0467ca9f0bcbdd11845ef68ed1821,20e3112a2daa7a32a1495df0f23a806286fa7a8c556f83286f426296def7eed6,train,True
2126,0d7f1ee94906e22abc96f7a073b1e94a4ffd1ae326c7514fa7a1718f99910c01,e5872ddb79c28962cc9e78a7699e05be9c7248e53ad7b892fd3fd30929ebc9a2,train,False
2127,4c6ca149717c36018901904b163b67e9b66e9d19473e8056a7de6cafe61bbab7,0759d10947d60437e77c68bbfd3e32a322a731173283bdec7da03e74cfbf5ac5,train,False
2128,42de987fe72064348da24d2507c30dc869cda4cbcb268b33849ec77f66605ed5,654a293a6e82c8dab186926e0603cb120128e9651e6afe90dc5fd93467969e07,train,False
2129,fa9bb3ed4072ef77cf8677749f305fd0960bf621b420585adcb8db81b1b5d946,f986d5162e5b58d036b4762a0568fa68b07d359fa7cb69e51cb8c05c58673ae8,final,False
2130,fbdf50f56b537434f86b83be61f7e0eb00b64613966987fa20f8d20fca4d6d6b,9ddd839d66dbdea43c30d6c5dda613fdb596c92b13e9bf869b31f02c622f2c62,selection,True
2131,3f2fb83d9c19dab8f8d68ee2c7c30c617a5ba0ce82e94d02a77e2785083a9d1e,3d4370af4c74e3b6b9832fe8ad75e95d89b205e4026fa5f7454a9a81c15a8bae,selection,True
2132,d2c73f2c272a815a5246dc70a871037f8647fb8c4204854bb61bbe9f637261dd,07146b1c647572d0d0baebb705f2e45094515764f2146808d9b5cea85d6be50c,train,False
2133,0ba5f2256dfe0a1cc01474dba6ddcd05bcdd8a0eda9e5eeecc71a4d3e877cda4,0d2edf56d27e5fbf8c87d166046459a42d91da130c9a83daa6edcc295d7dc815,train,True
2134,65e9bbd255f21f6d44cd6831bb6c32e6029c9a4f5154349755a3677d1d63e5f3,1ed7319e2e89e655b5b2c99ae54abc7a19a0ab654d29203d10515910c429f6a6,selection,True
2135,caafe789d7fd1d22384b0a12c24afdef8c2d9c5876aa604bf0a6c1c3c2044585,cda6531ba29145dd7b51778a566433c140931d1bb5df1fac9328dad6b30d0e7a,train,True
2136,41295a814f7e288954a5e9210b83cbbdf21e42dd603c34e21e99e53214e4014e,1519c208d4382508cc71247306bad42b6492cc40628afa4b2efa408d8ac1f854,train,False
2137,b0a6295dc943121ee2e720804c75eb59cc1c2007ef5cad83afb4b13265ae78dd,66284360117f92e07861642846337f10ee5fa6c6d86d117c3552f26ea909103d,selection,False
2138,a6121140a0e75a6dbd3e28988b3a58bd4ca5edbddd8c76e94a8fefdc69c517e8,6d991f305542751710e5ecbccad735adb6382877296c520a143a006c62e61f12,final,True
2139,399f3442e9006681507ed3811cfd9c39476abc390c72de6a523c981902c43fb9,4b8c4db10f16a25989a139083330971091b79fa8aa767e90f98517f9de022f05,train,False
2140,cf9d9a2c8106af6f234e2f9065f11be8083155e192872cf67141c0bae008a98f,bb7f746d06397bdedc06c8f0301665ad1162bd6afd58eef8f0b3b499d08ff241,final,False
2141,d50f40fe3369bdf23817504d6106f06b55cfbf936308ea92efedcb322dc58862,2237847dc91d0a7df94a4efc65f05b5e3bb8e0940b02ddf396286c91e33a6842,final,False
2142,9bf1e935836610cd7c5f0425f9a3a711acbbaaf627ee206010fa7b1475a57094,ed00920766b5b1fbc8c56408f06feb0c5d2b9caf4858e096c2660e61922c2076,train,False
2143,bb7022c3d1e8eb01e481b654df3bae2f7060e9893ad1d837f0fe82d547edbff1,f4e99ad4fd4134c786cad791234441c87cd1ee4506a08dfee305a5099d593e4b,final,True
2144,2d04ab5ed95c3488ec1d7ac5b62f53e95ebcf8d42fc2db0377964e4deaab4aab,8bc86a9a35c4f2a0b1aa3ae09d3df93517ebca6bb40a7d2d63ecac9f4c6c8889,train,False
2145,ce70e19a4869531fc7737c57934f58cf9cf6ef86053db286c3a50cd5aed0827a,619c0e15c1d6f74c92f433f92d479b8ec48ee764b17d30f2b00c3679964c27c7,train,True
2146,43310e751b5cde72b5d19865da77f12f6b0d71709655fb524497e4dab9e3dc2f,4d855f456a34f3f593327d4d56c3574b30eebd3d3ca98903f24954f6148b8124,selection,True
2147,f55f7b10c7380a8554fc7b96c8578d36ace506e8f3fbe96c23a0024763394eb1,5b037c4818f8d680ba04c963dbe0cc5fc61135e5b8aa2aade9761b0fbc355e4f,final,True
2148,dfa340b31ec8cfe199b3ed97c121db50f8682b605fccbcb0db42c7f9dce5b511,f844a62b174cb19ea1cce2fef33ce7390abc3e67aede2856c97af51ed66de936,selection,True
2149,021f6431482b9b3a396990a176a0241cbf4774e57b5070e7bfbd6b7e448eeb60,b99957ab655c908c209fd243bbc4b4dbbe99eec40f8f599c9c005f88801033b5,selection,True
2150,f3506482623802844afce9b678eedf03279a0b6948e9c9799b3e79aaca7a61b2,d72a8d0eebe8642ba59b55439b4db505b2b0cb45fcbe6c685553914a3a4451f6,train,False
2151,f1f59f81de63925daf27e839907a63d9065256044e51c5e5cec9b64afafe2014,1408a6fe73898dc073714ccfc00921c2a1e5ef17d26fc391da66f99a13c3bdc2,train,False
2152,b1b90014b19471fae00ebc2ab6a5387bf4b4946d91add752212f79843a24b003,1fd76e1d4d63c246de356b7a918944449148c85ea2fb662cf3219b4941fa2a01,train,True
2153,7d5293ff2eafd9b933b16f33e3140854d4ea48c64ceb869b74e8ef368214847d,8b50de3ce08b43d1aa3650dfdf0edfc7a0924d2f859167ab1593bb3641abec98,train,True
2154,643da6d896c15c90a01a66394720260bca30c88959fbcbc06ec8ca967019e295,1e42dece727f16401b94aae63939a788489f288156aa5f41f96ddcb53173f014,train,True
2155,fa84d4c746892526e1072ac7b2f9da796439eb365588358d24aa80b935835690,8950cf67802d324fc0144a67d54af669bd09b03c77b2f6b13df43c9238e70374,train,True
2156,4b7fa92b4cc546b6f245b1a6bac9526bae69d44e45b5a1ac3fe26ccfbaa921f5,90ffc3cf16b088a54160aec7ef5668c767be8a06fcc100c30845e2aed64864d5,train,False
2157,54ecd7d840ba3a3ef6d71e1ec60dfa8aceced49c066c79963da9a17ce61d7b82,e0d6ab6d0f6db30de89a3360d7dac7e7264db054283a5b958de2aa24470b800c,final,False
2158,a286822bd625223051749fd1df73a753efcf17c7be84d99ef0c0171702b31a6a,fb2055329bbab426ec8b7a152b013de3ec2db47831ac61db7cfbd4870d7a470e,train,True
2159,85467e0e893073e2efe3c2a064ff2b83ba883597abf659ace2eb002ff7c3059b,d697e46753cb1c09498df1d365e131ea6692f7376ce7d5517cc2aabec47b63c7,train,True
2160,6e2cc8e1c20e382b758d4471d2be374e66cd48076253dcb19824b44d5e59d501,4f06cfc534e792af755627ccf4d1ab8543524c044a0402e194701e6fee7937c5,final,True
2161,2fed8f0e6bf3cf7ddd582c495a334557fe5ddce946eafbc767ade547a1965b3d,a966a77753666ef8fb94b87e548159c594a10f7c2eb6381c51d37590d696e40f,train,False
2162,e36b7f19de0058dfbcb176bc8fd1f72f98cb44ece8d512ead6afce4262c95ca1,e86f556fcc24038109a511e7c80f895c7c03bf8de46020759fdc85f66fd85af8,train,False
2163,e9311c8dfbd4f9ff760e228a4e5d7719d823957ac8f221fb41419d2e03f92834,fffc84f17edecc3b2ce17f6948d4aafe5daaf32f9b47acee45d4edbbc97ed92a,train,False
2164,021a38481a22a959df9d9794662419851c371901fde65ca106b38a099d8c5ed0,53ef2e530d5c9a8e4c18b3dc08a19be9b72e5a8fe3afbaffd237b098822f52f5,train,False
2165,128cfed7fec05fb23a0d0ac136baa58444705af31ca20d517ae06f7842f21a4c,55a27571a72ffcf16f6fcb714b9899a31d89712cdfb6c8448f20c8b3e64e98a6,train,True
2166,a10930988437b927f70e1d6e6f66f0bcce6a1247aff05a357bf4cf10e8dae2a8,b813a0e50d41bcd95dd40bc73179bc33b99048d11c17c1a2c5a291f556c31ce7,train,False
2167,371a16decf4ce124df5e1ec48d58bc827e84fd41814e1b25d6950f48481bfc61,7fecd01bed5849b04f027a1cf8b5dbe64ad317470c16b0fe7c26716d869be5a0,train,True
2168,7b5c758dac20c92d40735af8ff02d961efdc3f76fd4f98c88ab0c20870990420,fcb523f81d7cf800dc3573f42b6d6b942e303568eba550f58ce0d63840408715,train,True
2169,d4e1c2dead955c89abf55fe904997f17c43bfee54bc98363dcedfa45ae13937c,ade8eb88b677b3d7501e36543d177fc66214bb421d74f1ab993d5a4094efc487,train,True
2170,4efa3c61c080aef1104f78bf5f1704aec4fe4890bbe28d51b5b5316f51e53991,a332f3f09405628b7461d68f7a231df3f9ea41b9bc53529ea31113425fc2b6c2,final,True
2171,48318e9c0d067298793ce0e97adaaae4e5606435bdb5407388d4f7e1b88ab19c,895e7af36e33a795a98d4672105fb983e75590816cd5de7b680e3861f42e91c1,final,False
2172,d65c447701521143c4d7e202995ce733a319580f60ce0f89f61ca92c8b95ddb0,c9eed205a69577d7d5cda06c4056aafafbad3acabcc539ab4b31a5788a10b1fd,selection,True
2173,3387f358570040c9c134eee0cff779ca0280478286ca03b748bbec1b657fd121,5696f3fb58493a7665b1cea2d0c88830c628a80fdacdf74e40d02c9df84ae871,train,True
2174,5ede8d60603968d2a7fac612e8cf1c968f246f38ea08489f8abeddbfc456c8fc,edd4269be192c9258c3a4c10be59d618c90448682554de86fde5b0a4fedfe37c,selection,True
2175,54cef8a68b27a2df65a31a5213cc51f9ba6665f9c98be6d84d3c91b88fd75adc,975340d3ac5800f190bdff247ffddf36baa2bf4c93402d399566a1aad173edb3,train,False
2176,389bbff23767dfd15447e3b659dd38bb38adb3cd1366726bec0d975f1e7e7fdc,b79b35aa7481053e7f33e4bc7a53557f69af20abea90765ec68b53470c4b2c80,train,False
2177,3227e3e47846663aac7b28a1fadaab8edabab015346617bf80f444e44389334d,1c332ef574f6b46024b5d03f1812e56f770420f5a243b69cb3b9ca9ffc2286ff,selection,True
2178,eff28a6c6591cde38b07fb5b61cd35c073f5e65a151180b88bd4dc7fbda43207,be23af43c8532e0fbfa0de14ce3b3eafc0d3756f564dc5c6e788f7eb92bf6e67,final,False
2179,9fa4e312b45444b420e9e7d7af3b421e01c73946d92af480b69880831026fe43,c4b67e1366be383f83393e39f6b461ef47598c32af0ebf16f5872e8792307cac,selection,True
2180,c5b9de74a348b36a3c8adc5b17f0dfa858307735f99a771079339fcaa78c4921,a5954428a085c97feee7c733cd2571239437f7b2dc5c7358daffd98639ced06a,selection,False
2181,ffbb64e7c01d91f1dfd2a99b797f5d589df8c22fb1391c8a3a38376762ea530d,7d32694b2c77de343af2b2e2c853c46e96cf2f09702d573d1344308d8285de89,final,True
2182,1656fccf24ea6e77378757b67e5175170e481e4856287c86273bb5831a80ff3e,55d5c2142f6c47a2a7ff6960afdef8e251ab86d8e068ffa8ecb54672def50e01,final,False
2183,7c048d6f6c3d1e9c46eaf53e33bd103f073fdb714afad0fd9260e141b04e6292,afe1b92f85a6287c7feb8a68e2cc83113a7355d04f9cf157df5a2ffa298c182d,selection,True
2184,29dc320bb29c64d2fd256c6c60b6a98403ba5133a64203719aa65c500d13a823,c656d7c07433ce8a0a0c575afab7fcb7ff27330a381a280ec941c2599fb3abb3,train,False
2185,b99de9e38cb36c148d3e42a13706e9513ddcbde0daa684cf9b9b6f869cabb79e,c719721eedd68c3ddbbade13011ea834d9ab726ff828b590ff4ddb1c45fce9be,selection,True
2186,1d8ca5d8a11a328f399d5b37e17b6c7e77912d0b0e6c42a59009a0536dc8e225,6995870fbd09fd565d1ed4c1b3c4d44f13d3a7d8ea5976c7212f4d98737d50b2,train,True
2187,3ffbe13ab1727c42186b9089225e2c993e216fedcac4138c1d133c630ede41a2,bdfa341bacf3072dfdd28a34b9126a7e16c4240070940f03c26d29608bd4de68,selection,True
2188,a4ef8cfdf8ec2d95f016f05d8c1bd06f2009def287b0517d13107e84455944ac,89ef230a66acb5d56e7091497126db126ce8e133ff3fa8636f9afab73c7840f8,train,False
2189,1905450ff28b2709c8b96eb4b6df0b7313bc4e3701ef28ce9ee3dab184292404,56e63237a814938fabbde43f9217cf2590a2c8568a0c913d17c59ec77348fef3,train,False
2190,738be155c0f3b86c37f91560d80592ab66c7fa0ed62c29de8bbe6f389188b9fd,89e1d8fa129d592071f303fca8e8a2085bad688567b54c8a743eeb5da92cb1f1,train,True
2191,9c09d84f6d78226a557f2c2720341aad5b9171f9874a0aff5192a5fd8c591041,b2c7a7f2ff5a1a32f97438e24f3956ca75422ace50da244a538d5922cf0bbad4,train,True
2192,1f4d252f45c1535320093f82101390c9ac1dbef3f6c0918b8cdcc06df683f0ea,a3679a8a92f2ef41cd2b5b38a22e847f0d4199413189c2f60410476aa98d8d6e,train,False
2193,1e734031f77dfa20e3d6654454ab5115f7d4455a5072c9039b3199f78f647f7c,5bcb902ab67aadd8b0495c77e186905af70dbaa4cab893eac9121ef15dfa219d,train,False
2194,d0b0d35d97dfc386a4098ff33df684eb3207e68e19833e6c1f936bfefaf71ae6,37531d17f5a8fb6f0f08be4f7fa7bd8acd7494656ac269fc7572fe9a3c01a671,final,False
2195,a784ccb62da36b67c8c9bf9fdca0610f15829e9269986b7c105ff59d392224e2,5f7dcec5d243f766553c18d3b1deab9554105299de4fc22afb092bcd6f560c7e,selection,True
2196,f37e8c4d683731f86c43fc5b796c7cfe6f045df26e815e6be430ffd8b0df767c,fee48261a9d917698d885199d9a5ec2489f60cd01c04bb12ccec881904007ffc,final,False
2197,fb505ee34ca121fbca73769d44818ddb31bb58e9bb6358244c6818437e76619e,31941b84d9210cee596f5fed019e124c584d9653fe679679c115521be7c4247f,final,True
2198,1f618def68c6a86a4e62e9d538c21487c0246fd42fa1d465b3857734ee291807,549a695f0c05dd976be3dee11d7d815446bf74b7b675a9f2adfd44d07a8f67c6,final,True
2199,ac0787af1abcead23481e9d0215c6dc6290f4378dd454af87e572f0d4ba222d8,1d9abee8043b5dbd6648ebb4624b57635b268ea906c20c281d13949f913a9eef,selection,True
2200,d87cd69d76eae475e780d708122c807489a509cee64c5235dc4674da9e272d42,c9ba3f131f84427ff7c8d91b1b7432aad0b45000ee1cbb0a04469c1d92fddb47,train,True
2201,cf9686a8e12a72910605c3f06bf0b083ed1904ec36e4fdb6f0fbc28a7122ae2a,6831733777c28d9183a527bba5040fc6c257c66b3626dbb7502f08142f67c18d,train,False
2202,4ccb2bdc26bf0b4e9d6647ec4883d308777cde0f359b33d731e1181180b3e0d2,e9e9da847eef73842539576781d8373b293502ebe5466e11e92de6229bcdd427,train,False
2203,866079a5d5eb47cf2dc4e09875308efbb43cc666c1dba0999025e1e195f0de03,b98a0e0835e668311fc947bfe76e694780a51f9dfb7a5c8ed5a4b784963b8686,train,True
2204,9cc9ed7e8dfb48ade9c93737511a785f47ece7bf9dc599f043ea05c733c05b2d,ae43569be81c3dd554b63900333efbca3a1d5fa1fc1b10cf9e5efdbe82bd9614,train,True
2205,da215263c640362772679316e82735c9e2434f2af50739af6da2ee9e322b0d3d,ee410db4d2f7897e1cd97d65bf9c264774c22ddb3433ff825760a0047fc95ee4,train,True
2206,094d8de35902c5857ecc5862500a79789b427af47deb11542627c53ed9ad30e9,a54295d8b22244558a73eede671933feca1cb6b6454cbac76087ccf17e3280c5,train,True
2207,de259bc2d9a49a719f8d568544fa02909e48f3fb45d28c7b450e6bfb12e3c7b4,6c23fc472bbed7e8b41bf77e5c28c7077340d55992e1ea19295ace27586d180e,selection,True
2208,76b63ce8630454194a24421da70cc10f4be432b22319f290f3ce16c81fbddac6,0275d002b0dbf6e01fcb61ac5fd08194bbab727bf28d35add62639f49c912b44,final,False
2209,7c02854d61fb6f802c2c97c2ce72724625f3131644913c74fa8faab90b9933a3,28190472e2057f6694c5936d0b25ca289525c8b6ca9bad41c05e941c5031f73e,train,False
2210,54454e6dfc8b5eea2e17c4c09e127afc0131197ddfaf2fb045c40e39261f897c,e2d64114ed0c338a4b8100c41e2440ce2246448dc2788dcf04771bc4ff206fbd,train,False
2211,0faeb9ac1bc3358c60bce5fef9964013d1c6e103c4b22ee5c60ebc7e3a210dc4,33f286a15d906724d27fc9769a87102adeb24fca4a7dfc3c2c29485b8be9d718,train,True
2212,9aea12b06aec968b0512116ddfddcf572dd180a6337f7a2551fbce45df3b7e95,94ff94c97f6220f10edf7224e913f4784cfd4088f3df26c5288bc93e25a293af,train,False
2213,167ea0db6066c37b6234a518e225d4bf9cfcf2a81c3140fa9aaaedc8068ef1ce,a04306311977fec74451d3306c4375351e778f430ea7b26d10070ec845d6b12b,final,False
2214,168afe0d59062c037b546b2adb5f38448211985ee82838c59cdff63f15ac9b31,6588f6a3f31d1ecd180b34ea3508b92bd5d286eaf2acb51d9b3f8ec98da1ac3b,selection,True
2215,0d18d727216212ca650d66d4feeec56d706b0febafa09e1cce0ae8041a68487e,66a4862731988c0453d042593a04642baf0a2a148f28d4ec169b0350ba260c66,train,True
2216,934502143eb210a1d0a2d6d8c42d3ed034a766bfae2195515640ff53725d31b0,e0cd3781701a160c7149fcda64796c40d29e11ac8f1fd40c60a91a9393864ee7,train,True
2217,1f20deb859d2be8183e93038678cde631b89abe9db333bc0a00f0d1751edb22f,b1ba99a9d8185bef8c5405417175ad0cebbf351513b2399e93c1f2d7bc0241b5,selection,False
2218,8f7f9abfbae4586417a3fa4ed5ce8305ac8fafaeee76de7fb8f7a38884d57e3e,104d04e281e1c7f8dce1fe97ba844ba5333d444404dcc47f9de22d5fc3a5da31,selection,True
2219,e62cb6dec14edf10723737b5561017efe4e3570e2a95ab8632e75672c809ad19,556a8b40939d5012a1da676f0575818c07ff1eb2ab70505d09233dfc94daf656,train,False
2220,44ecec69a4070e85dd5518cff1c94250da88f891359e7daa70702bbca5703391,55e9d46f8c9a364fdaacddb386c079528f31ff203b5beabc4ba8e8501deecbe4,train,True
2221,ecf81adba783ba40bd370869dac52a87029690b68fe00deaf097ff1a60789df7,4dbd17678a7286fccfdfef40b31cbacf0ef79964257630f0edcd8f8dabf62b9f,selection,True
2222,0c7ca907bb586c753890601349fcd553bfd2b815b4b25ccffcfc7cea66026f99,3959d57e41d5fe095aa4f3450a38278bc785c70970fb8ef5189b69a26479aa36,train,True
2223,86fe0035333f676ac031d61857f1d423ddcca2528e4eb7f0629ebc0536982f16,40b75fffd6f419b5be23b3c18651dccc3dcbb6f027abcbd842ed99c1b02f92b5,train,False
2224,d0fbb175d9976f7776de3f1c5ea75f5b26f111b5a73a8538978bcfe78ba84eb3,c67c5852932eea6f8dc5b529fcc5c3d1b6b0c4d35a019ee5035aea1582d69179,train,True
2225,feb6cbc30f8dfa30e063744458c4cc68ea28f1497e017b1b8939f40f3aafa365,12f8322a5f95dfd31945a013ac9a151d587f883e48dd60ec3f1765c38c3f5634,selection,True
2226,a718f6a43d683d42a8734750e45c147492fc5d27dfd7f95148a50a44195f879c,f2679adeb6e22664ab72f6e454a71516437137dcdcfc390ecafac79cda789eb6,train,True
2227,9744f75f286484cfb7a02521054fea1685c61434ff2454fd8759d45b77c97a77,3bf3a6fe31dfafd028c6369a942e40268dd3a9c44152c1cd631abad7a1c5d21f,train,True
2228,baabb11cee1d96b4f89491bd87570454f6fad5aa4eaa8cbc2f98d96ef84eb548,89988854a2c3fb3b318a72e1bf5031c0d85d65c29ecc58ce2e410c80d52f01d1,final,True
2229,86a317d6ce892bd92cd860decf6bf6212721a7cf69e31cc8e8c4cc051f4ed151,6d2b11af684246e1b81aa4eee37adbfefdd78254fe61b2f6445a0db7cd51437d,final,True
2230,75b2b25b4c7a22dc375d478d3d0131a3bb92222e11de41ed5a67b916259a71e1,c2561c1fcc71adfb5e6982df751c5e1a422faee42f2668c76c92484e9390c6a6,train,False
2231,6e111b0d009e7f4a0fb1d686d1c79fc27e0e219d63b957921545d7e0a9a7821d,3776cc220c89c87f2173b457ca288257028c71720e9e2f1595e9c95c3cbbb136,final,True
2232,6a0e84d3de3805140f3ea65a33775a74bcf88bbe01c45b070e329823c91504f1,93278b3403f0409fa13b613075c1b9dfdf51a8dac7c896f913f6bc4b8cd1960d,train,True
2233,35115d9a3e916e24968398adc8852b5d1818a6469021d15b7efa8da3b48457b3,7db3b4cd4a124898d23e45724a43c0d695d0e61250ebe876b27a71715ad4ae66,train,True
2234,af3846896bb4f7dd12da6a403318bc660119fa4fffafe7388c9e1e0edec0b90f,596508acc5903d4e0e79b26455c0927fb373c3be2e43a93c5953b0a11d0c88af,train,True
2235,03fd1354997bae3101105d93490a119dab84cf4a3bbc6fc4e9582e1ea151b555,953779782097e91df1351c740564d1b5a78910d9bac76e22e3c8720785623824,train,True
2236,06b405587f2e2f06f0bd5cf444382c5be7a85067eba0a90f99eb68fb50ffb813,064fdc49960cac1dda971a90b82b43f491f63e797638a68dc7749405cdfc9271,selection,True
2237,a9df9e71bd665e99c76665e5ead6e851027a9c167b4d29d7a294b3634264d6ff,4e06ec1e8e53a6d77c7dea817c4ce7ceb6f1c94cf95768b80d79816daa649a12,final,False
2238,8094af55ce9749d3282743410f68be898b584d07f592b599dc406235360a8892,1208853671baa61d149155c7baf5182379f28346687bec41e041808b18dcd4a0,train,True
2239,7f46101c7ebba92d45f069d574cbe359aee7bac8389d7a3b28e2c010fec38671,d4eece16c24828e4134134b70974d2699418ef6c1c8c6b27bc6feb600ac1c55f,final,True
2240,d1dfb7d258fe9ea04ec2d9bbc71fb384328477a775b3d504c0d6e48f4021d5ea,3566d9d97ffd7714763b3b15e8f7fb198c6d4ff98dfb176ada420a783ed0dc96,selection,True
2241,2df0ef2c2f07044e7a09f06638a6fc852fc3f477f57f1540022d5a0a10a0e293,95b9fbc7b146833bb19b9dc45de6aba66d072b5a8f3297f52101ef019399e3de,selection,False
2242,ed291288624fb47daecd0751e1077a9178efa49eb50000159e119c0626d0d299,2d7c2c156741889d87250c138d87d375b1beb731adf66486f93d776b73f47a81,selection,True
2243,c730b738860eb5280f75a375d9dbaa3f28e5b49fcbf3d12c1708f92992bab6e2,a7d90259b2337dc04a8b924dfce5264f8e5321e8c5bfb7955f3e766b366d958a,train,False
2244,8374e51338b0b3234b28f8d722aba7444ab63002679c054cafb78aea53a334e9,c59d254220970a80f84740f54537300f5327709657dd972495bdf45ef12a8c93,train,True
2245,5b69eeb326b1a952a746959cc72e0790286e40f256e9bb6f421476834487b3bc,a6b9503b64cfcfd4d6fd96091d40ea8c8911e9cd97b50ec539574ab924b43d68,selection,False
2246,5a539413bab20370265bb46e43027b1f3bbcdfba3ad2e2db1cd401e67c7b2f6d,a86a6bb32970ec417e0431b57cd41f9f437ae61fa5d0ecb801c3825a152154b4,train,False
2247,4c10a7a21e0bb960a089f9d483a67d5a065461cb095875ea79eafe5acbd64aaa,e74baf65ee8b545aa9bd2bf2ed3b3556508781d29aca1e3bb9f3399f1a8d0432,train,True
2248,246bc01f2d9d5647108a287f244dfb750195c86a375ee295a21ccd2978a6dd8c,a0a46af95da91f497a1414e940c450124b2aea9780a459c243b093d20f633f32,final,False
2249,5ad9121a9ab462a4189980aa53a734acd7d8a3f18237799e8e5a337f2fcafc83,d5776b622b01c0a47388b35a4c6c7eeed8d6cf705e8157caf92986d88c037e9e,train,False
2250,10a44e70ba3e45b6a236e89946c160208ef15eac5487d36cf21596091b7bae11,e4d85f96c3bda640a7371fd58ea4b9f97ee3c5007e765bd8c2ccb0c761f914b9,train,True
2251,2e52fe5ac4f658e77ffdfadff7f126600105d2e8a0e39bca4bf6f20f0bd2d471,0940bb4675dfd8f58051d63fa659860fcd3c4be533dd2620d6ea5f8d66610260,train,False
2252,e573a97cfa5f27eb9e1eda85e044f9306aba833a85644b595d778f10ca6b1538,2be320174b1ce0ccc98ef514be79a7cfc741e6376f86be28002d37d0acaf07c0,train,False
2253,3fe0f3657232d5520431ed07b0c2d8ea817a194be010b3dfa94e9e18fc466703,853b65356ffa1d1b465c36c82a6ec69f16120ef6fe8e55646a1b00aef5a93923,final,True
2254,c412856a2de81801ddf217cb0013c87daa2b5620c1cff16649d2df5a90f054b1,14f296bf12ea5b46598cf7faf778d5dc389b23354b9ef69878f7c24100bf17af,train,False
2255,41baa99c7a2067101a01f8c34943b1660669c71df1503eaa50a5357bc31c834a,a8005438bdef5ea55da0c5024ce4bf3be093b6f939f737fb554f14e584453c2d,train,True
2256,6660bfec35e144c028fe25fef2e7b51a2d35e39cb773482a8d2f5e9c4b383051,b16a09077137aec720f9611c15fa688803db5e33d49828b23aa92e4d179243e8,train,False
2257,8a28245dd6deb0482508c990eb3288c2b340ce76f3c00b3c24b7a02b24fc2214,9cb696109a3d5a54a319245f5554487ff2a48ad7328244ebcb1708a99d900e2d,train,True
2258,2ffada33f8f640dcf5788aeb7697b54b5b2456f6f804e4ecdfb7f76f745e5a0d,3a440df1869f12a104b502d0701ad6ad1d0e9193ac9995127c67293d1e887e45,selection,False
2259,17786acf3cf457f8fd2a17386898314d43896875bb67fb1534c800c46eaa44e3,de0638f8f118aaa7626a2d3ce38bcf7b6c7525c559568266887f3485fab50c46,train,False
2260,232ac10e15d51153b317d418e343e8ef114f111391a9dd497da468b83a6d59e0,8f722b2b74a567a1f7c5a9d478e5a194b091937792505be25b15c3cbbd6e85c6,final,True
2261,24e45f40bc2fac8b7e856581819522fd7118e05c2fe5fd14bd16d911f389c5f0,84f0f4610f8e6876addfbd99b3ba5d0cd13c38b63987981175bfeee4fcd96dd6,train,True
2262,1db1451481eab6ae4911c0eb31fbf282fce59f5754d697384cea40507e17bdb3,a010fcf1f18d9700cbe30d3de7d4596b6895b211b8887937bcb68ee098ccb8df,final,True
2263,c315e1c06ef3fa960607a64d1998dfdb5c3b783ebed2f10e827d411deab7523b,5d253baf4200dcb1ffafbba012962a01ec1bdd70635d55365e7bef5709b53151,train,True
2264,88523b4035118612b894f9cff6a008967d15beab505373303878574bd322ba97,8fc192db2ef87d95957f1864c53c1b36bd0f3d705e1740971aa05d7cb9bd1dd2,train,True
2265,3287553fa435fb1b41bd869409d556d368743b530b66f56544dd9647f121b1d3,43e173e3a323692ba72835ecf1ac6d38f2484aaf56996a1e4905848c3583d07f,selection,True
2266,b8b13eda26740422a564a3e5ebc2016da84b773d760b6f8a57738fa1a9b34142,bc093ef58d94e13c6ca02249113ed70e334d50b6ef455aef8180ec0b7d7b6010,train,True
2267,09399a6c0bc0dc957a2b6181abf00b729ca61b9ae2952ef5d84c67694ff41188,64953f4f1dc1c07b6dc62014fe6a2d5b348be7134631cb3364a40cd17e9ffc0c,final,True
2268,e5696da10f2300a636163e993d3b941814f17857ba8aae5a775a590f623e591e,b55d0bc9411b949b1c9677cfe936b7d956fb159c5818c539fbcddcb491032fd1,final,True
2269,c0ed43e1efd257e90cbb1987b5286428c7acea958244df4ad1fae6728d13b03c,a8733e78e729031950a5bae7bbebe7dcf32e0308e28c530d9767813243bc958f,selection,True
2270,97a715b193bdb8340b6041771bdef79deb6589b61060b3e271f7aaf77d91d55e,57eb51af005d39aa7840111bfa5fbbeca81dd0b57e71ac886b5a2915d1f0edf0,final,True
2271,0e24a28f4d1488acd55f7c88c98c652b38cede0255f353a0e9c89c3743f7c335,1e3b23970c7a58864fdc07eca9437977068f99004e92469406e22f54bc3d631e,train,True
2272,f42ab7da63f9826a3037486e781d069d048ff7f7008121347d2851f15c3d56f9,8769e727ca2b2d669e6cc6ddc017ff185f6689a99a2ef4ecddaf3b71e1be706b,train,True
2273,f3e44624b60995dd5042c20ab58b4790f89c086a95933730d7431d64cd6c5f09,4142d496136e28c962c92bf0517172bb3a4fce9ce40ffad8a661421c19c6b13f,train,True
2274,5ca952257e84a455f98a52dc229081da4b1748c7343235a3d1d0a78c070dd5b6,3c0337d0ed9cbdcfb1fb2238bb9053bdede192588d87468ed4641eabfa225295,train,True
2275,06ac6337bef5e0c2b29a9c13ee26abaa8dc747d88422dec7535cc92479a84905,29341d906d5acd92f2b04cb953e01fd8bd94ad90c9ca337c161b9fae8161e4d8,train,True
2276,28ea6d8c6cdb1eb68adc8f6db7fec3d55137ebab426908b5c748fe873317727f,a948d5268790483f73d40dec873c36a126042ec3c13a70a6187133d016e2d49a,selection,True
2277,b90f72d9f6f911953a147f4f388f0af60214a02f74ac2e5509f13e78a95bc1d2,3fb609614c797de0d35c65e208b822f0b55b1c0871e72bba545f652a12bec029,train,True
2278,f7aacb227c33e3e3a3a5c765cdb7191a562734ba7324ec055b91371eaeb9bcd4,ce59ede741b42528da1fe68518978526cd58e1482bc8c0d8753a0cfa65cf71b5,train,True
2279,4a66529a88a5bfc039395ffc8477ae9aa81f6ab2199a0001c5630319fdf56249,23e286faaf36379a6d41a5f858643ebeb39b8af0a21e2f9e1b3046adbb69d36c,train,True
2280,ec07537420eeaf9c705cbb6e0e49cdfc51353e34798b26bf0d2c5d62c997071a,29d473a2a1351b1b14714d311e6e636ac687fb9142cad83c3cda003a46b42b7b,selection,True
2281,a596fed9001078508bd3be101589ecfa4d175539e700c5991f211e48b914fd9a,944a2a686dc41673db0b75ef234ddac5c9dba3a7de172953885510253602fa70,train,False
2282,93d7e19663b720ee561eeaeed3704750ab065b1e3a35e2dd17097a0ee4771bfd,a91c974a1b120407278e370826c41f81988f45a6b6de5bdf2b17e30bd198b5c5,selection,False
2283,b8726bf5835f05bba165f68b9ad401d877c496db113193e7a7b7b6f5e3d63595,db457d02caac275efc5948a9a50333be594a089ad8c9c76fae72b9434c097cf6,train,True
2284,7b05b886cfb67b61eddf128a9ad310c84dc3d6142538579b0471149f292eb830,705762b6aaf20aa3107d2e4953a946d51721893a824784a19110ee5301e2bf46,selection,True
2285,37bf55e79f8db0f2ec27499785088fbae1ff68c486b63f83dcba71231c26fd44,c1b431683bef46fefa2eeda889d91de0923a917d4c61db06baf8d09b82b6569e,train,True
2286,fd16ca666583b05f078e7441c35ac7f5b139cbd767784dbf21eddbe46d504f12,b4c38b09f501490e8dafbe083c09a4087de458c53cf59d26f260b632b3659c98,train,True
2287,b320047de517d11d3fde23cdd89166123329af06c8bda876e6f3ca53a0ff7710,29b0c3fe3aef56950d58e6d5796ad5ba8a688ba149f676eb981620db748d2f48,train,True
2288,c2dd73b04c932c5ea0fe39c46ee654201c8f841ab2a456af0cbd914a0ba18d73,e1b62613af039bd7c6843a034ae97fb7f3339db3f87f181f1116e54fc21a6fb2,train,True
2289,e4a12f793c9b5a5b8e173aa2a8942d63033bbef4bc41ee73824d0cf37477d302,764ccf0a9a369d444484d2edc0bc2f30ce296797ed438a74ba66640c951afd04,train,True
2290,bf9eb165692ff3f91d53ad44c16043732b7c158fde765d8a0348bdf03400f19f,25fe148640003831d60626f9e8199c80dd63bd15a42af3c5c6b2ce5fa064a8a9,selection,False
2291,a1454a53f6e78b8436cb1c91c151ece737a6a2c5f36107f7b6d0d9138dbcf79e,c5dc6b6e3d6953f76bf563ad2f0cbb34bbb2ee34044d3776ed1ff9c31121e170,train,True
2292,1e89c1e0683ff50fb89af8f96d6eba62a85320b129aeab34d13bab62369f3da4,fe47e8f9d33d2e32db0ea4c45f67c7a16766184530e8ae587b28659d93284ea6,train,True
2293,634c844edb937b3631c033d73317f03e0d3cee4ffc459d63ce5664f227f2e35f,04007e77b615498aa849df8dc69a8507dd8145a2bf62e0e6f88e2a9ac93347f2,train,False
2294,6408a6fa00b96909fdd0b9ec6695474732e93f6208ca75c3b9f53b7de9d03d2e,70188083b1cce415c81f74bded30fa461205f688aafb79556df6d1085a6eb5fe,final,True
2295,efe1f723d04459c619bd265e2cdb845aefe3cc6f1326e0c90245bd09a50f5ccb,9c8fca4c3dddb81b9ff2dbfb83e18b89dd2efb9781c07b9aca8d3909271babc7,selection,False
2296,d1083b481e984991fbc75eb8e7b1848f289e1346cf0a15577da60955c1485e5b,a2a0d1cdf9296f487f506af1c2770129ee6177554b37723254985c7782cff5ff,selection,True
2297,c8a60472be3725c5d5f012b3cf4fa20095acf311678c78ec5b8ffb8997c420be,69fb0c79363d6477e2c5a15d6aa64216f2527cceaa75417f29d1aadda5516afd,train,True
2298,245530ca36739dcffea5f09072f64bdec0ce1c9215386bf9e04858c7934d2e56,ab9b42040c5f0f5dd818a82ec487d91a799326207e5e9e818b348fb7c1f7c6b5,final,True
2299,b76504cd836f7d9d0fc8132d6cf451b4d39ad5bc734ed30705198277a91d0893,39be9c6973d85d0a584b1dac01f8ab4a7357891436d65da1cd12eaa4824eccfa,train,False
2300,61262394f857011aa301ddab52f23d3d153e7da129103085c2c4726d137482d2,319a8880e9bc45790abc7a1599d0278d747a3206c70156f03e9d8d1b53f31ec7,final,False
2301,1230861cd8cf029840c12672a8bb703fbfd666dfe2d4f403ace0374b80b67bd8,44fd80f544a245ad9cfdbf732baea2ddf9335ab01dcba2a4bf26e2471f10769d,final,True
2302,e83f7e16039b8660e65981de3b5e2af1ef2e74209b9a569cd45bd1fc4ed6682d,66fa0b2ec95ee26ec3a09b52231773e3ab7da2e6b5bdee73bf11bd001f276528,final,True
2303,099c786be0a3370b492e35c2769e748e0a2036e1cc1a8543b20178aaf5f5bea5,0a739a10c6da90309e2c5ca50e6f10dcae6415e553fa163c6d74a21d4b174f6c,selection,True
2304,981b170322d49a70d5e01dc6ad552a75e697ac7be4c8ee865429f750c9d12644,8ed6a432fb65e0b2bc8aaaeef7697e4af1374f3612ef9a5b4fa75e691335da69,final,True
2305,741b22fddd0d495b5bce960610e20cd1f83c10c992ccf65be0e13ed71610605e,c42be664bb55152006dab5388b6af9a1fe284174dca9111183e3785cf91f0045,train,False
2306,c9b81dbe22c4dac379032845b0be010945f97e5aa8b9a45271f58d7472f27fc2,969bf8a0c8cedba6d233bc4da3d1f7d074d06845edb3af16f83c2ef9a0664a85,train,True
2307,f0f020869423b715417610d4967ac3a86f9144b32e596570f4b55c9be48dd852,0ff6f6eba100be335e53debde1ed02438e8838a542ab40dcaf288aa99e1f35d6,train,False
2308,1f62b62d6896b0523b3fcbb22a055567767dd15c04e66ba957d4f2befe420aac,715a01a47bb05c42cbc1c98490c2a25e049503d7b971f97c6d3460b81a8043d4,train,True
2309,45908745503ff607c1159da75e0853fc131bb288109825532fbee2e237be44eb,3771b1f3d2b486a9d0155b99e4b05b5cc8d9fd3e41fca935ac25729771de5fef,train,False
2310,5798a533bdd243174006a4fd306528ba73addc1317a4e2ed1eb760b7dc25941a,3a0317ef1d387252c4b42e4279792ff85418ba29fd9a4a2a48fb70e6bbdd2fda,train,False
2311,883a36f5ea4088b3eecba8dac4f7f08954793f780093564d8648ddd27b238a59,f7556c28da22583fb1049cde972c0fccf18052e631242a5ca8450dfc46e32d01,train,True
2312,51338e82d4dd59542b4599ca9a843c305e4f09eb92807fb63f3a357a9592c096,01a4074638b0a9be9b920b032ebf502727c0f71ce314a8e9ada89809aff1ca34,train,False
2313,6bcbac06c1bda2ab655b04e1cb77ad63faca7203684d059998f11b842d718e42,14daf62283aab113a8b4a84beaf663a44b37cb555a17d1a10ba84e61eeee5faa,train,True
2314,3598362a995576758e78fbabaad48faff8d04c8cbaa220404116bf4e5877b952,f8a88d4d41efb3f579cdf267182e47f33d711a9b722af69337ed24e2387f56da,train,True
2315,a90f895e5a3480dc3a73fba483ecca12de6ea7d95aace1b04c46813f4bbd8286,83c25bc3411b5528e2393397a7c81d077b5a5df3be4fd1781a0cd4acd4495117,train,False
2316,d3f979bfcf9e6c45f0238dc0cbb56256115239efc53a737f027896b67143217d,9376d06529ebfafce78bdfd1fa719384c84b18a37080c59741a01d0c759993a6,train,False
2317,619febd3e17a0649e28f5c44c600e244c2bdaf30ddd724b3ac06ff72aa6f1ce3,4577d8b275596b6d402ac93a79e6c4c7897e0fef1dc568949ed646f8da20cfa2,final,True
2318,70229f6024666c6c1b21b112d7fdfe0d6aa056b66bebc1671abe799ac884cd27,65966cffe3aea620019b0cecc0c72b47593232c3f0f8d0bd01008cffab74af3f,train,False
2319,9e2bc6a8fa314b75aa51ea2cf382c724fa9c05a92932301dd16bbf85d990250d,cdee4d44dd014dbbdc1b59d9eb15952b5a4e4429673e7969a5d461bea937cd60,train,False
2320,414d7315f924ade8cadd87df39000a9b87b65203f1e36c3aabacf808235d7998,a892bc12c20bb2451249830c7d35e9994e4d407a0b9ec4745b71a03ecf2b4fc0,selection,False
2321,b37c555af8cf4c3949be5dbbce415cde5aceaf1de71e176923617aa56c12a8a8,a48b5f02cab1aa8b01e11f3333fecf868857d6b29618e1c032b5d1ff7271729b,train,False
2322,f1715ba819d1b2eb36736264ec3f98fa9786abdfe63a6f0e8ea4840f3a84203c,2c19f699fb1df4f329e8a2664737b924e5e44152f6f1cee043d932115e4eed40,selection,False
2323,e742a15daf14b032e987c53b2368f049d55158b34efc143dffc5f34bf65259a5,440601bfcd66e5c21d9d56b5356687ed5dca15c8e8752dff10b63e93394d503e,train,True
2324,be6b0c5a63ee5ee30f577bd70968e138956e06e101809162e703ea83188d6ca6,656e5cf5fc408d37b28abdab54fd2192c4b07ddd6aa72c336e9237176abaee13,train,True
2325,ef5938fd00eb1cbe7b2c0789c6ef4dfaca4618a841567f504f940adc7471e7f9,ec179e3a9341431a52590d601957d75e48aa26d3192004709f90504133a0737d,train,False
2326,0c10fe56c3beb1587fa56a7592171e7cdcc23b60e22218f24b4e9b7f5ee9ed33,660792c416f35f5f2d36d0eba4637c7cd421a04a6193b11bc4036ff916744e16,final,False
2327,d667ac1163867764ce66b96caae87832b964cda903f2a31561ce3b286a6e599b,4417533eeb61d2263e7dda6e7f4531f73838b90ff240d2104e7dcf35f18306f7,final,True
2328,4a995b258031a320d7ce68ee00ab315feeeb1464b378c5fe16bef6b20e06fed3,45f101e5c86c605d3a69dc60c75e388018222112a157751c1d0f90ab920d9bf3,train,True
2329,6a54c71a136854f50b8e95d887bab3ebcb9a34987ea459990984085367fa3904,c4facae6eaa0cc2c205c6cb361a7c9e756b577662ae71728d16f6cdaa4e13abf,train,True
2330,f926ab49ef985f57133e488482df55e213053f14e3933fb0ba2ef9d81f567568,70c729e5c31a6a2e2b80689ce47202504bf6feca4a4c4daa53be2c55a850f3a9,train,True
2331,4574047ce35ec02b14bb7faf0dadef938a108b03496bd72d99b94bf1edbbb84a,295c2fa7209f8d836962d0b381f76b7f6757109b92c28906d5ef29b2d6e7636f,selection,False
2332,68d56e80b24d5d734888ad2508e1a778243b46b6fb6bf9ef862139fcb34024d0,d35ca724d6a82d58798b40870a49080cce6b6bab6aaf738eb1345eee84e57d42,selection,True
2333,75ca5bd3ad6df1de93ab3a0a1caaab631f51ae01c7cd7df9b75c4042e5c8541f,f076837053c66f956b8d3fcc5110ca00a682890d4812a8337910a3ad8146d38f,selection,True
2334,10bf23c14f19f34200a7d3d4795d10c37312fbff27af45039daaa142ec6850d0,9d633e68d092d42d7fb616f360f172e47a9b378ae48efdcfa76c6aea17445fe5,train,False
2335,a035b3cf54a8aa420155cf3e17900f45dc61e68e664ac4f4e44c24cc57de6a77,17f6c9ac6db5aa03e0206647edde5c0859d3ab8f6d0c219815ced982ec7ac36c,train,True
2336,c61c6d70d534a470a36b1f07ae60ea2a1c56578998ba83e0a70ea30a5b986edb,18044453a39c8dda6d0c2cb8ea01e285b8182038b05e180a920dbe7a4ace988e,selection,True
2337,37051fbc5ea0cefba12fd3a0d7154578ce06fcc395daa8ae39defc1c4130ed50,882da7d4d4d6e010f16b8fc56cc59238b9b233c93e26a8bbd8543bda0ad915b9,final,True
2338,1bd7008910e76ba499393673b67117c39a07315cf559641d38e19fa2630c027d,49352239ae2458baa57a5bfc30b124c953d4d99a401ef68fdab8889b7dabb125,train,True
2339,28ecb4b52eb34effda1a36db3b7fddf6c5c8f5a3a03c7ed87d9fa083d09aacc8,ae93fd2af97ffc4f1ec1de08c53167e75a68981e0219b58f73548a0077a72de0,train,True
2340,f7d88f6b69235bc5eff98b2068e930c49fed055999b3d12f7ebfec991745cf07,3798d7ccd21d349f8e407a89e64394d78565ac59fc143cb3fd3a0f934bb24270,train,False
2341,d0f6cbb5b7c00c12533b83327a98966f5e56888a3d9436712749dddb385505ed,115715094311c393245433d948c43dccc5f586838e95156152d4906775059357,train,True
2342,4d827eab22ad7893f59830833652a239a8d564e15993abdb49731cc972bcbb13,5d5d577c233bc04855fd80368c8e62e5c1a6e01fcfaa46dd80ec1be937b66633,final,True
2343,61c3dd12e4b9c1e4933f073950eec46360afac929c6d3704bccfa9b1e0a6b3f8,f11e54adcd8072465f94742b5aa6dc3348044df5f817478daab1cfb5826589c2,selection,False
2344,4cc3a90bee8164320f342234a658ee998721a432b49c1d699503cf702a412fd9,9e080a4b64a2167cc76ffa62ae8d0b8315b605f4d4c335a517bf5728a82ddcaf,train,True
2345,9e94c732bf647643f45de76fbc4b295e658bd0a7bb882dbc77e24501a4c9d16f,4bfdb206b1387b1213b41b4cea59e236e23a41607135192fe24045fa6f10f395,selection,False
2346,d6e89b0ea4a3f0d11de653cac4c29bf3d23261d308183749ea204ae8cd1d3ae8,2671c1c765184c972f49f6fabeb2ae1f5bc0b58b48f5cbbce95241dc5eaaea0d,train,True
2347,15f0c5e97cf4a6c9a64de3dfdb67bfc0133cd081c77b68af14d6ca348349a905,db57e5bc8bc0e824a1b2f29a3621675839cb5e2e5cb86727d27f73e5ea9de535,selection,True
2348,c60b05304d5f53f367897e285b0ba239fd766941680fdda972d40e5fd53d4326,fcc5f3c7abc9ff7c59a507384ae9185bee3372dccd98384a43a65c642c8735f7,final,True
2349,9e2dc9cd6c8ad35b9c6ebfc53e6f499f129e46bd2de27abfb396d9b6b217f8c0,cfa808fe2e21504a50cce9033b65467ca3b596711c18f4bf6129dc96de2ec6e6,train,True
2350,30155aa7fecd5e406f37d7d34fa41cf879640c6fc2306878ae483b6e09a52e87,2b6a973698f06335736e06c84cc10f3745082c9b9f48e37504bb0018526fdd11,train,True
2351,0b9494a28d49ca4d3e50e984327a0f576e98e84af24a7b4a017328278c86b8cb,ef1f5641bfd884399a726ae2f063bd0ebe2e315c542a841b14c1130e23e82e7a,final,False
2352,72177941df3f6b6b8b673a17b062c1188475d50132847a601180dd794d44a19e,109ff24ffe09d32457cb6eab4338c7bbdd53c211de5dc1d99e0426aa912c5783,train,True
2353,2ad21c80ebd72fbe824fc369a9d7a66ac791766d4d287cd4f46fa8dfced39cec,da8af099451e132d5396689dead6684be1e0c3ac2d29bb758d0fc7ae0f6d34cb,selection,True
2354,f68e24733dc6ffe288c9dffccdc2e0738ad86572fac218d5f28b9cf9580a95e2,9c8d76ce1cdc4ad4d8437a4bd45e40fecab59e2897b8628ddc8e60b3b576a00c,final,False
2355,f43728e70aeefafe50a1ead6de0418569c6494af4bc93578e3e5d3707d56c326,d2f164701496ea91506ed509a5f5de6c5f396737e683acb36a07be5f3af77ac9,selection,False
2356,eeb843f8dd009a4e008e62977922834c89ab641721b9496ff293278a94e4d9b7,ee03d10fdf565f405896303f8e5e525829ad737fa26108d8781921871998ee7c,train,False
2357,7bd1796fa14513020aaa0d0d0d4c3c56dbe99ac090b818458098fff999f242ca,0b5caaf12e97128d4aecb8dca377f94bd5e3ed0a1f5a1a91e439fe25d5809506,final,True
2358,7760290eb90e2c41d5c53a47243f378f00f037554e4269e436e132f209da2ea3,5432a268645cf83c9ac866604b6c72a5bdf89cb6bd537536d1b0b945315aec77,selection,True
2359,26e2355f83ecd8c13443b0f0af9ebfb8287d0edb2c0d220c609344bc8abf413e,21082511a7a09148e72fd44d589f29f58f0ee4c0e8fbbf3c9d1dad0fda1ce780,final,True
2360,4f5c7749c039a6719073cacc84f9737c06b959c34d0fbace92512d389e29eaed,3342538ac204f767548b47ee311c9b27fd004dc115810e5492c7ef26891f11fa,train,True
2361,b80b6e856407511af5b79f1669db22d1631d8256c6b3e38f50870168b0952af1,b3d803f577ab68b47df730709e2fe03f8db838626d1d98b09880f51506ecec19,train,True
2362,2489fb5cf15188b0457299c316f39a6f1300adb898cb4a9dd5b14d3bfd4b0295,beef29f34a160a24e6f8773ade861dacade263c652119f53aa09cacfa860db3d,final,True
2363,25f1a2dbb67a5f172e2c8bfb58d4c37d1162e87f56cfb758b23c98e7d9dec29c,f07aad78f2e39dace30166e8d7b89a0a65cc3f1ec507088bda48d009385a119a,train,False
2364,0d9107c4dc256c9f29743f70521dcd58dcad9730074d49fc82913bc2aa0a4fb7,34e169de6cb0225f61cc2c002ae7397a5c793d0f28a3368f2b7f19151d6e9058,train,False
2365,d8bf73f08f0b02dae57b1f647bad5631f26ddb12d8926be492970cd01a9abb61,07286ba787a749884d189cea53d47520dc2869f87708499a67cacc6d6aacec15,train,False
2366,e24d86e4b7ade365a2f5334dd5a6647e0b3a5141a0627ea85c26b149909e64a9,a1a41e51fd9fbb2b1f1302f15734337ac30e6e9485545719b5869e7cc3bb4a35,train,False
2367,ce66a9153c8645d066f9ffca6aaea7168a72d126bad739ebb7fc8b3c4d072675,15db456b42070d3a0cc5ce174a42dff32cfc868cdb4c7819b70ae820bf3a1ad2,final,False
2368,de39923d2f354908f037005827b88fa26d1eac34cace7396fedc47fb69d28454,ffb7f6ac6be3e7328b0039c304562162bac02483fc7ef18568feea9de761618c,selection,False
2369,a0b2e40377b5fcf18eaa81987a4c19f895a477c85de9ff36a3b62f313761153c,42b860448155f17de2724495b89577c067003ec6bf07a91da2b069765702e218,selection,True
2370,baf3d9947a8e956ba842703d1a8121f07ff71dbe009a927af25bab06fcd4e34e,7d47cde8bc364401bb61aad8050df94a1dc77148ef59487ccd4ef06f0be9cff7,train,True
2371,411c8606504f4c35a178f4ef39f43961b162e874acd91999aaf5ba868a725f60,c5a967ba44993384c029059cf5b2db660f1162b7836e1bd44b2dad6db4b93507,train,False
2372,2ea6938c8cd8a246940c915b027b14f7749ce90b200062e43b920911e3fd5f4f,2ecbc8b4bebd4795b9c8a79b0464882c6b60e99988b0639d836750dee4d22e4c,train,True
2373,ba1026ca1365c74c39715e3fce73613bd5cde1a84d88240039865f05213932e3,d7225a41a0073487bab5564e2e87cbd65f5b14c309dda7d4371c628bbe3c6b68,train,False
2374,c242a950ddf8637675f097e99229de348b65cf92c451dc86933584bb0d70f24d,fcc51420d94009b67621ff806cb1fafb4eaa3df7aea0f159865587952d35d107,train,True
2375,af201e64a7c0b4c22a2a0be49bfd1c04774e1a2f88a9c513019e41fe6e3abc39,636eab0a8d42a0a4ad32e5dd02b23576d9d7e02c124e2631dd546b36a86751a7,final,True
2376,6c8d35eb6f24a024b1a5c8c326a2a57b74a2856805225a6200fea77e40bd22c6,a80d19136207d88ca54c3a7637cce128f2e1a7d5826af17a711f0f22089614e4,train,True
2377,b752fa272dde9692049f6fd82b24a3f0fa2b1a25a0aa4ef747fb3678c2e10458,9e5398c04afe193f09bfdbd22bbf59edb930eedd54d61a327abaf48f1388e6ed,train,True
2378,c8a1fd78bb381fcb45bddbe02506019cdd04c1cfb7125ae0e43810ca5e4e9c24,bdf825c458887574c40a77b1113f86cb8e5c9ba495468981ea902fd5eb4e9cc1,train,True
2379,67d764294394dc7fa1103c36ca2bd709a0ab7e6b982f2259e6ed497cd76a2e5e,7d716bd03714377c65313a097e6662acd23dc2346820d120c33d7010b94bd0a4,train,True
2380,5e6b632251b7fa2d65960087cca274835727722b27d46de1850a33907161c4c9,770c0f4a5566adc1fe1c0fcadb10ceb14a6889864bc1254ba6db30a98bdba525,train,True
2381,de22f4bbc67e9657ba7e58d64bdc1db98a439d328c31ed9af1d6f6a12adf5945,9862a6761ddae5b5b01bf95190f2348fa0f4904c5d8df899379ef0aedec3ae64,train,False
2382,1dfa0ed80a1da8abb9273c839b9a31e31be0c59632c797fb5cec880eadaf8eec,10b2cadfc313a8e7ebb0a14e43cf04542f7d0eb69669211f5e4561dfb146b4d3,selection,True
2383,9bdad3115f35aae87712fc9e7aa0272043fb0b5cfa719ad11fa704516d029a12,935308338a1aa353ea8cd011352a6f0a1fa7bd59775622b6a8bf8433ee1674f5,train,True
2384,967c0b3cf968444692eae0f49f66dca1d2d922ffeb6501d029c3773dc3eeed69,9c1e928172a235744afca53d77d09c566c4f37600427ad9ebcd85a267bb766ad,train,True
2385,c3dfa99bb928762f018b132668bad6c08f2219657a68600dfbbdd8c2855e090b,60bfeddbd09e70d1f0e114350b0a0eb861d32c96db0e0ea0358d260b25d84829,train,True
2386,e594551e50a59662c051e1a1ee1a4102ec044a3d23f5333129145e640a95997a,5853dad7f60bdc2db86158fe89c96df4ec56460e7548b4293a97ffa7a5d9d10b,final,False
2387,8fef7d265c0c50bda0e403055829e3e7c11fd5f215b714eb69c3247db6ccaf84,2a9f1f0fd4a87dc496b6db7583698e89a70b5176c054a5cef015973f90c2b167,train,False
2388,14f67268a29cf5094ad26e8863531a29be2a0a576e9fb0db4a839bdb94c02832,57e1d82ba6ad53663fc136eb7c56eaa87f91bf431a8a24aaafc1c08e90b7337a,selection,False
2389,94d15085d1274a1c0ca29ebd6511fbd1563d0bdf10656e2d17a716f14814f04b,a975914c8c3172d364a95c85d940182020f459991280c1e33f17d43ec9e111fe,train,True
2390,3064883aea09490e8a195641e8420ec64c102985b61a846453030cb8f8b77733,838e4d0837bd62f39c3e52c93f9dd28889706f637f0b434c82b790934457fe05,train,True
2391,8dc81e8d83a6c3b60616f582ab67d5a96569ca2da21007b628a508aa0725e7dd,74d732aea309dc64881b5d423a45012805740810f672554395c75dd1338db909,final,True
2392,fb2fd3e572d412e492c10c6f872815c72999b50ffa2b2aa4a6a107c24e44c525,9d16e18925e82f7a4b0ce5fe8ba2f546298347b49281ec1eee293c2b5e6a2d2a,train,False
2393,13cca2ffccc76822937914bc464f38af3f7fccf9c180589461de67bb3bdd0ac1,c449a8b1ff42d04490e21d299f6cc24c5637bbffba7f4f58333bfd2b0f3c62cf,final,True
2394,9a9046a4177b698052f03473d9902880db200b5497c89204492ef79ea9806131,28a27f0d390d605fe5fb9002731b7d47d466a5b6f0020d669d08b28de6c331e6,train,True
2395,b5455cc62021d73e4163f82b9ce2cb7b10fec2d4ee967cf6543636521e6677f2,76c709b1d499e1201069b9f6f02504ed7683685a0c4ac5f8359499b06627afd4,train,True
2396,61398fcac17d4ce6c313c9fab961267ec2fb0a14e3b9b065531e63171887a7e4,784016c4de11259393dbd6fb293a1b992cd81237850ed9baf316a5c0a97b6636,final,False
2397,7045286a85dc39f58187001e9a21add571fb1b3ca17c045b1557011fa238e3c2,7818cfb27597e60f552064e5e426f48076637999ac24e36e6f0c8c6fb6c27664,train,True
2398,336aa3db4e597253abcffd0110413baa977e931076a58eb76231a17d901b3e50,8c76006eea5aa5ac50881a002958a99b80498b413381b4a97f98884ba598f120,train,False
2399,ad11aa005cb722b4a79d38d5c7a67b9aeae65073de601ecf037206ca21c4c6a3,90d5dadf0b330f3e5e35dd3c2e08ddd4b87119b8fa267fe75e2eaaa90b80a37d,train,False
2400,b6f0a8c84631a0bd8c60ee0abfb6ec6e607d7f0674eeeceb6a7698244ceb6049,f3e557bd68a3328c3e3f0627775d0043327004d2c17c1823700af2efbc7a88c2,selection,True
2401,f44ad78e8636bff11856f8092500f9ae49b8393473720f95ab0bd7ccd35680d5,310c1b1678fe8ef513d43deefa4c4cf4ee3c8b1e1acb90aa191c6b75306d23be,train,True
2402,404a5896d7e698983f3bff4d6f3e41f3ddbf5e4b421d15f62ee0f14d9739d4dc,fd3d97a6d5cfaf0860ebeeea47c4fa324ecb75e1aa38f54c07ca3ceaf9dccf24,train,True
2403,2f2d76e34ffcb7c99420d45432500e1366c2bb33f05ae36b6c41c98142d480c3,66c4cf48288eca4cae8c9e8adbaeb99749014d1311bb2154a8794cd032101c20,selection,False
2404,008e579fecd2efbb47ea75e71c96920f7a31046806d78ff06a77b45a2bfe2ca7,85376110594343f4ca7b556abc40145cf8d2db541ebf933c548f703fd5b3e1ab,train,False
2405,df85630b71188572f93e96f1705e09b1db57e25855535ee2ad7bf29cd2c0caf3,34fbd97df55f03ec2f56f6e4782cffe3c1b856dc6dfb72e4efb4ef16775a9f40,train,True
2406,3f81fe97c5a623dc3bd3fb7bdfd0f541604faf481d26bf64dc78d9302bd6172b,299bc7522a98861f33568d842e7b5365717f76fbbd80d8e3546ffb543fbb990e,selection,True
2407,27d522b986f85ad773e41cbd9d8c5d0565f298b8f12f78f21e2dd7985be4ba77,faaae7a4d0966aaaa206171096a81674ad7599a99a7d8c8dd1c31da98b1e3659,train,False
2408,bed70fc51d79e694dbc8e4bfec0a34f67489e02f68d3979b22d848d3482e8e8d,b5c2936a9746810793db044a9929147f06b3fa780a3fbaf21a17b226137af649,train,True
2409,847033b17a06a5dfdb40b0c0a8429f6820ab185fc263e1c0d6a58a070982dbfe,812e227f3f0b4da4f35aed807581b66f1563c4d8354e6a80ff5fb6ab0d1b5067,train,False
2410,06f99d641bfacc651de3f5392b7c8e4f9c505d5e5fb9ea747b610fd524c647e3,370a696c1a894b33f8ad0b9077428a9f3f2961e623a5ef1455267e21a6088ddc,final,False
2411,77825da362efd9a53c325799a5268c32906f06875f0c5d4f51d73ade539aefe8,8c3cc39650766f0e66ccb0c7617e850e019855ca530fb7a7fd5f96dfbeedbc00,selection,True
2412,fa4c03117e265e00be007c03fe7f21f37b5e88a4b7be8e127e5d5cc07d71b473,98cdd498235d937eebcb699c4e2ede506e4da978e3a34347887b65fbc4f6f4e8,train,True
2413,00874c9b93c7cfa30a337bd60a7bf64a30cd987569c7b6b1deb611ec374fe09e,43adef724d864d8f8c98446c4f70ae59de36080c51f9be48b12672dfab84ff76,train,True
2414,668a4da33b5e520b00ebc44441c031684b43bb91a0a9a711c896b81c6f13cdbf,481d3f0e9408aedfd2444cfe672da095180dadf5923c8d6eb2538c60cf82abff,selection,True
2415,28dcaa10c35ba0eca48209d82802e65de22e866dd6f0f5137f5b2e94697b4567,54d6f0e98ac5878646b4c089a338d697db5bc58920e01fcea26bc7339fd4157b,selection,False
2416,ebceb859976b9d1ed81607c1c996470b583e6a0ae9c130b8ae971166abae553e,04f4a20731d2931aab3c64c4e382edef54200820c45e8fe163886a8f9a07ff81,train,False
2417,5b9b25585bf280327dd080d5b33db8484eebb87aadacc495a1a9258a34e9f0fe,af2b0be8667af5131cdb497ac8d418828f38b15d4ce9b727a17cc79e70e11d20,selection,False
2418,2ac9d2104f2586e69e8b2b733546ff54184610e24c75de1edf9b9015f148c1b3,7ca9bbd91b76f02fb8565e10411a717aa2efc6dcc444df9137d2e36edda44825,train,True
2419,c1aa4fd434f097677ceba8d8f8f82f6e59fd8babfc3561ba7afb8ca8c6a1eaa0,514821f9bed058df9270b227c3f71fcad9cea8fec1dfd2e4b2f12ba68cb951b6,final,True
2420,e202debec790a07603517fd10ce9fc9c5762ff80b2c71ab22f2f2f5ac582cb0b,ccf744b1fdf1bfe734c96408d9cbef3ef5065f8aa6ee8caa2455552f457ea38b,selection,True
2421,dc8749b7a000f274cf62980dab7496af122582a018f0572b836935c169bffaba,5ba1fb38d3ef6c6722fd256c8f0d2a4a11d953d6683fce7aacadfc3c8ed5d5ca,train,False
2422,a82cb859bf5b87999aa82906e2788211f42b28149e474c2d1e318318d5b36edc,34a918b02fdcb7c8ca611970c6c4f288529bbf6a1a5aefab30dd881554333011,final,False
2423,e6fffb4e227fafc18b48fb696bacb1b9f575e2f8eaaa1e8a4a89ac3e85e08cb4,dacfaf38f80a704a21bf9788c931dc98be2cf31e46143b9c1b81a908f10e1982,selection,True
2424,5cc1897e7eb6e4bc7162de032d9ebec32328a10b3bf836dd357ad044211e5cd7,f0fed8b2070ceb14281d5c2f46cd0fa3fbcb6cef6930ee545db946698ea247c7,selection,True
2425,edb71a42f252781b1bf69ac88d1e9dbcf3bae6fc4d459abcac5be02ffe6543dc,34bb1759bb1c3ff424def21a03ae501c4bb53e5f651a2286d61227091e18edae,final,True
2426,e5bfd1beb239febb51e6d7c298d78e2667d4ef280d78326f08e49100cd590553,31a6386864a710e0998b0ff233c093af694dac593fe5f676a4a15162da1a8140,selection,True
2427,7268b2a548711e120a817db3c0c82889def4b333bace7c1585f71e6839b61613,10aaf1592b6104171cab8a6133daa9fe72d18649d87b7fcdca3e04605a512eed,train,False
2428,71e95a752bc7c230a048098dfe0e25130ae8b9ca66f33bad358c2fd29030a99a,6b3714f02df43e17a829f2dc29876339b9b0e1f8c185383b3bc081949257259d,train,False
2429,1c8e023860f0dd7536518cc21ae4af64a5654e4cf2f0568043c2e00bd54bbfa3,27dfe0686d6ad6292570f39afff6d115dcccecff5552f0e3059ecb6a3f127778,selection,True
2430,c90659e2453de4741bb6630d6daab5d021a6e3a1c5c84c469eca8aa3e37db518,af071417f6df74900ab38f561d6c310e2b1ed9ad2a5f91b824635b40cfb5dd4e,train,False
2431,cc42865f6a07091fea808b39bd899b87887165447e94cfd46465de555b1ad0fa,2dfbda78a1645e66c1bd0909cbbb48d0680a2414f511e8ec87b19145150ddbfa,train,False
2432,9c4eebb8479a8b7fb7ad5733e7560d6f7a428680e3530f888c48ce710e0d6367,3d5cd036b62d701742d29e7a587d24ad87ba12961c354a8337b4295b3a21f1f9,final,True
2433,a79e26bfed9193c189d446784f5ea9ead1b5299e58925b7498d6114f865daf62,0216c545d2bc297ab3447a63a465fa6da2179b5f0690eed6c1420d3c3ac433a2,selection,True
2434,ce455ca97b0b4114b912d1a77f22496a89930371d8d66c4369ef9268b45313fc,78e58ae4ab5d835991cc87794ce8ca3373da97ae7e3cc1c7363c9ec5fbc8deb9,train,True
2435,d14fbd93395dab050ca0903e75c01dcd0c84a70489fa95daa0d58ef60c382fad,b8a5833ce4b504da7073b24a672e5901a2eddb8d92a71f9bc3b1158c22674432,train,True
2436,d8ace510a0092d4e8c17f5afce0e1976b8c3a53f9c95a2aecd3cc1542fd4cf5a,7bc0b619700074ae6cc7f9044ef25fada68833e238eaf87fede1fe7e5892b99c,train,True
2437,39405bf9f72ca5e439723efc2d87eb4aaf595b58512a78cc82b146472b6adcfd,f5b20ae7b810e3d51c773597fd2de7dda2c2af87cb89dd006f3c756fcdee639a,train,True
2438,d54779327fd4ea761829e77438b02f793f285ef5df3c64f9bf4d3873c6173a60,9ca28a116f8f7f5fd31e6915dad7530812b52760fc8d7fb8cc404a421bee459d,final,True
2439,2fbc60b02155c6b9e91c458cc2f0f5f1c7cecbe54dec6d73437f64e574dce205,444918ac4c9626816c2bf5577a094ecef4e81b9e12b37751a43d82578d75c336,final,True
2440,c785107c0c3d9de6c31ab85687cd3799cf9420b3211fc250b87461e90a0acc0c,4b4db45963354374f1ad6d4e8c2d143591710414c4f02fc83ec295ade09d3207,train,False
2441,8d6e192e35abc25149abeb69a683c524c856cc53125bd588f6c5807c9a079521,6d4508415c254a8682635c8bfe62ec237070743ebcaba9e24aa51ec7b74ada9b,selection,True
2442,41ff59582b7e4845ae14c19f63502af493a2b4af92c88f3389919282143d93d8,0fc70b70a96d242866f3169bb3cb09cd977a68a38a72324523001b1efc92b7fc,train,False
2443,b5a09579a306ac276131e6ed852b699a288a804ecd83b0b570e081db5bb1acbe,6f13f61284c477448f078c75ce9d0dd48f37c44031aa80484810780ee4912b95,final,True
2444,726523b631ece66e9429235d39166ac7a5b3972423a841eb54234f193ea6fcf0,d48bfbefd588f2b516132fefeef63a54b61590a1593f79fbb20fbd3303f95256,selection,False
2445,93faadc7ae0e457b1fa26d0aaf27111117324bb22d0d36243644e19d1014db17,91020cfbd28501a8bf5dc531f42743f9de2e199e34e0417f670962d68e6579a8,final,True
2446,842b3b4f9c7712cb3d20f6b7c385ab2ba6dd1d6a228a032da2d38df530c373a7,c3ac9e95742a2ca2546617eccab17e570f02fa6029909714271346e0d9e90960,train,True
2447,4b2ab9910c8fc463726e466e5e50aef959eca20bf76847afe2fec52edc8002f4,b995ffa17dd518db769913d01724eb634d80fede7c0aea501e092466b57ae0a4,train,True
2448,7d311eddbbd5c5c9aafc6ae326c6c5310cd956a6f91b6679a0f06baa6bf6c3a9,8d72ff25592bed381df73316bb8c93a4f4388dac9ad09c80f6ae0dcd4eb93c3a,train,True
2449,051c959d288ddc52846e6d37c0b554ca2fd19a259860c0098f8f51c08a063f7a,fc0a5a9b3f57b93f01b9b958795bcdada9a7b1797297146c363cbdb4be81d8d9,train,True
2450,72f8f0a1257c8954e2feb5840f9ec0f9e9ae193d91fc1977a9384a506c09378e,80d5086d7e88dc232c2cb3d40bc1fedb9a505c086479f61165ced876066167d3,final,False
2451,2bafd62b72c216d5204eb9c8963f7a0581b7b018748962f314bd5a9ebe539aaa,e5ec2953b061fe03923cf12faacc28946ea5a1597356b2bf72b914b2044e3e3e,train,True
2452,523372831cd114d81ebc32cda4ace0873678b7c343a50b74f6634b652ea6b775,a5a0312f3e3bbc0c3bf14a96669702a74b49a269be33b4b7920fdd89d7ae10a6,selection,False
2453,dc66fdb8ebb75a3f03c8dbe9b43ceaeca2f5e13724cbea2bfa8fa351bc7b06b6,1cfd97074efb39f99fb068b91ef17600c2e3ef2aaa84f88fada18f4b0f91cf58,train,True
2454,2d2c7de7cb1228ad67ccd29de690f5c7f1faf90166ca954cb621a501ed09c34e,3a8c58ad109d044dbe4473826ad87a1589cc17b46c528e5f5ebe2ec1e09c12bd,train,True
2455,93ab81f8870681de993c2bd9c8dbf76e6935bb798c469b52c795bb20d16bc09a,922905af161d734b277062115ad9a19b8543d9e3ed837d84ca6fae68c9ef550c,train,True
2456,ea135c60f91ae29b60029cc56f00cda96a80d1006250189ffc2510847291f67f,c9f18d532033486b3248f2075f1ef491e4023197faac13eb7fbf17e4b378adc5,train,True
2457,42dae9e56a735a72916bac9dfccaef3d4e61aae61c2f1950d450278b92d7abd3,47d8019c3ebaca04d4d4eb5626248bdad9764bed8620b207dbeb7abef284caed,selection,True
2458,84b196e5727e8ff2c9c7d0d35f4c5339e62816360e75489d5db810a74162cf98,2b36af963abb9dbc0b49fb3b13267ee9133df04fd8671db4705342e61d47ec89,final,False
2459,aaefa2df6aaee50817d72d0003bc24439ca3795fad80593ac724ae8744e02f6e,e0b2f630d7861b3181faaa9ec0696afb476e74fd15cfa4857e89e6aa10a8288f,train,True
2460,9dd3e3063abd8b0d92ecc6166d7baf033293e8f7d5a564a04e86fd4e648479a7,027aaf99526ae55a8cdea7d925957c474f50568266a7c390b9ca8393891c115a,train,True
2461,1afd7449b38b7982ad49bef00f5d587c9c247aa99d307695ddad8240c2b7a5df,efcb2e1ca39fe68f9344a30eac75c962ecc1b91f406e5da1602e9b959db13282,final,False
2462,601f1db7c91eb23a2c9eb78c86c8877969d860c3f1b047c32af1ecd3c589aba6,52c80ae86e5528ba749b8daa4f9f550c5fa92c80d7216100827b5f15a1ab80af,train,True
2463,3ae5c07c1527d4424727a6685369d342ddf7307c955d10205a3a65e6f96f4e92,ff88ff2ea57ccc2b948abb854e77f5b6472ee7fc349311ac20b619faa9fa0ed3,selection,True
2464,ba9f65b49e83c33cafc680ceaf21c4709b3aa7414e7357f65ea5b6012ef8a465,faf574c930f0cc4caad8bd0d503f75288e165ed5e4b6bbf248cd7f2c55138b29,train,True
2465,c1a1df435934dc8b7929a3696913526c7f16dc38563c9fc3b8da2166509537b4,9c91889b0d8bfd737e06463c0c067c7b5b8abb9cc1e8ca39d19ed6c70fc5369f,selection,True
2466,3715c4e359487613557a5f7400e26e1d8936edc063f2152cc2695687e06d5fce,320f869ae51b777180d2101f42fa44c6680fa0c436dd3f84ad2f751c59cc19e0,final,False
2467,fa2f46b5afef66c5a6c748e3aa8fa910e78e10d2ac89dfe3cc33c745228b6083,909bfe3154638f7a9623fa02c9044179db631f59fbad81854a91cac1482749f1,final,False
2468,1341b9e90ca3bf4e4b6ebe70601758e55ec0bf6d50581a5f659cdec218ffe13e,fa2961a08c321557deb3bfdfcf4ba55a776ee3c94468951b3a425cd44ab4b093,train,False
2469,bb060054910b42078a2790fafd8f43214b56914b852150e6bd80bef2441a6c7d,22b8ee5144bfadb5959c572544ba5a172859801b3b047e656883cc2eaec60546,train,False
2470,8b9a4174f0dcf86a7b0e6f6f4f191f3a3a62ff92d75bf4c7a56beed917dac721,de7c0013a5424de7d2a01ead8d7416cc79ae9a1ef7905b637d73f4935301950b,train,False
2471,7530c7f46f42ac0c02286ca2f434872d7823a73c15b4dac325a500e1d7ed1c0d,3ec9043e175cd23d8bb8d5306e76212d756853bf34b756e297d3dfcac107bec4,train,False
2472,3eddf6829639180ea6502bd25831ffd6528085633478e6a541af50fc8a44624a,5cce2e752bf0181ee75c6045598bfa8b37bc2a632a5083df4a01b1a13dce740f,train,True
2473,f83a32e17bc5e282f27485412262b54af70ac4c69d06b13190b5ae146b629caf,f111bf9ebc9994caf78e90edca8d75a77d0d7eb08d590f1e0edd287dfc0336bf,final,True
2474,1073b680a8d48510aaa2c752bd1a40afd5b06ad833b5bb25ef12b31509ceeff5,8fbb59dffa5e3737f9df2df1f50b3d78c487cfc8c267eed66f7868ed89b3c2a8,selection,False
2475,ca6c6767678bb0c3bf997ffc7f9f76629b72e3b99a7a0eb68ceb2ce5980a5c99,50cfd0ad93f8edff2d57907ecb6c8276326c1b804cc88e97d70335670d1260c9,selection,False
2476,e59cbd9b07ef8f66875facad0e1b6637d2d619156982cedfe36826629c9ca592,0927ea5d45dc174edeec47bd0e6100f1b3119670ceed87c55d6ba20ca8dede54,selection,True
2477,66e3bf34ada63b43cddfb2c23871d82a23b500230b4534753894b962a4de7f12,a33dc86af7653b263618c54edc1a94e6a71083ade71fca93895f788d06115b72,train,True
2478,b5d8f918b5002cd957d1fc4ee5f702017c13b31791ce4224c6fb88a04b14e6dc,66118b8022ec3853423b96c48fb3bcee760fd16fd51a584d2fb69e62c3cc37a5,train,False
2479,32164871fd36c48f8ab7554dc5f08a691960676f49b9bb84ee2d6a5863e0357e,72690f01fbb8bbc0a2dac8d31de548aab2b7a62900382375a1f3da3f6045d1f9,final,False
2480,14df1e6f94256fbc4e42ecb216756e1649f21b42a4d6fdb34ec04e91c1daa42d,1a38ebc12cb319051e3bb63c831e3a9fb036caad51f3618fc4f62f1dc46aaba9,selection,True
2481,8b72f475e125f0f3f74da1ece703b03ce35a9dd8404c62694189747760b128f8,a73595fae0edeb231e9ca90bb57caae91210fa0ade27ec4cc9f39bfdfdd222dd,final,False
2482,2cc04ad66683eaf2652386dbafba049fb23c1cbe245b44cbafce600464e5be37,6648827680bdd7dca8252e152c0d7a5b27b44602af14ae757055cc311fe6c38f,train,True
2483,84099cda0d7c98e227e0a648a386222ad9ffa71127504fef1e83241544af7067,e32ce84e3c5fb4033eefb7e9c5ab752ac6eb7fe5c2980e1d6b1b816367e0dc07,train,False
2484,3b8e89f705240ba8fa549a1cf9b053204f9b02a76bf1595a7dc90bfd56170478,2d74af55f9c6163dc722b1e47c64b7d6a35d639a209d692ae7cd13a8efb9180d,selection,True
2485,1397332a3aae747ce724790b25730722bcaff4d1b27cc7b874844d79f92143ae,9e219b87afd896ae85aa1190ebebb083464673bc0db6091a80d8e0ff1315f719,selection,True
2486,bf24f605303e1486e5f66c48f090867218254a8ecef7eb4b753b254068ae7f46,141ebeca210015301fdf5ccf46d85d9d38d968171709ba3df8fd0bd5d63ba11d,final,False
2487,f218500a522debe50755d31f089bfbadfd67407f67c56d24fbf27ddafd68d87c,f4ef11046f15f8b400fe2faf6072fd310bd3ca032d5cfec686af5f733cb68278,final,False
2488,32b90a674b6f6abe9dbfdb6b1e73ab9d9c991cfd6a411b5bebda74ffb87e198b,b41f7d15379b1cb9f5eb40d6f798a217a55cf68b73e749244cc45733b92d5079,train,True
2489,52075a714b15c7b57943928a8b24feb302980a1098afd7766832bd8ad5e6f6ed,dc9962696c66c66d31737de8eef89fdc465ead0309d7505ae18b1dd63937c22a,train,True
2490,b52427808846d06f954e00fde7bf549f71d26c32608cfd925d3b34dcafd257b4,48d91e10bfbe0770c33a42df3c5142c7dcba8260dcd72f9982cc229fb352e02c,selection,True
2491,baf3a2be4ab438d25c33f29d97a5432b700073f853588dc861fe14f2f32e72d3,bb9ae4ee78862d92f903c881264354a01e9813cfe0f2d3b9d49e301f0674f2ed,final,True
2492,a68b4be03448d5873ba6355ddd9751365071a826f6bb365c9322e18dffb62597,760e4c736316f77ad5605f8b30ac4db73e2e4e1c9569c698d717ebfb30fdd145,selection,False
2493,8b6463e5a377ab61e5eea58c6343d148e16987f219bdbca93578a974dd3f12a5,242413b580b1670ac2be97a6ac880e26d2a7c89aa703ccefc37091d6f7a71665,train,True
2494,3aea8023bbcfcbba1f301e6254371ef361f06d6841a6473aed038e21d04294ad,2b1e942092a4b817bc7135a9f35c377e292c4e8ed9c1b0c88a6f76458ea25e6b,final,True
2495,430132092bd68ce08227e483a30e958a280c9da39fab3f97447a1e30a850475d,424805d0a031f64eb2999bbbf39e1cadf92962edb93f266215d4462739e68a20,selection,False
2496,bdea074aef6343ef168f314365ee5e130ba2f2147c5bc000e138d3eccda1a135,1b0c39817fe75e507bfa863feaf4349652784d71183380beb99306544e1c90fa,selection,False
2497,b2825fcfb244724752ff011b329247ed186f66610b1749880db86795f3374282,88e38ca8420cce7f519b0ebc7d2dfbccd4ff55c55ca5f3291498498931c5ae07,train,True
2498,d52a80abca83bb7722cdd2cd52fb4ce38d8bb6115a2d2e664c70d5531e792e8b,e05443a34583fd381ce122453681727637876d97e69d4e93decd7ec8f09c1316,train,False
2499,e2c80d628e698a3378bb2db0ffd6858a3d56d4bb7c5cdcf617835d460d7261af,18d6e7aa54b1e11176fc616e525fd18239f6a23c3df86c0eccffe453cf73b01a,train,True
2500,519365d2ecc994fb7abd380eec759e1df5857a225ba3b9c1ead90e77e5c97abf,2bea3f38d604d33b06582885ac278cf2af9a744c0e497825cb7f8a0202bb6bba,final,False
2501,ba64648f44239e5c0a2a98539ca3bbf1b2060bd6c4d5084ba23100504140aa4c,116f13ade93c626091ffcb07a15900d878d40f9ebe4ee67b0d8adfd68d6cb218,selection,True
2502,3349e4f7116fb438d81696d7854d2fa915804da6a605956ac335eaf79c368b32,6e087dbb74dc0e8b63e21e2db448ef69d1d7367e3976a54d4f2cd9f76a8b3123,train,False
2503,33863f2f2991a3c03033803ee80f82fe309c67525ab361a8af76963c34023c3a,0af0326c3459396931ce39e27b4b6d4643fa7574ad992ea2b00bcb0ba14e0cf0,final,False
2504,4f93f2ad399ecbd583a627fa79f21469bd05a8107cb4c0e022cf39ee58ac6f6a,a19f196fbcbb81ff85d0272e19a6dd5a924e6e2aeb221746825c0357cdc00286,train,False
2505,94bef3a43cb5bb19cebef797a6719a5513477b78dc63b9f7a00ee3c4282f7b8b,6e6d64e0a512cf4b1040e8e8562f1ec1a538a49fec939101903902f3fa0adab4,train,False
2506,5b381554626c5cd4ecba9f518474cfefd9383e766cc1c61bfa768f3492d997a6,a4b03c67a6e4b1fc97bffb9d073cc9f55ca6c437de79b96af9a4e9c9e746ca89,train,False
2507,0e3b1e24ce7673751c3b997640f9a2268e6e1712606639b724edd882ea87232b,19a3a27fb347ec2e71a9fe37de9ce68311cd9db84fb747e245752253cff8a3ea,final,False
2508,4172799a7b3f91515cd97e286a62f97c7998abdfa73b36963f5c87d73feb52cf,7b2e183ed9d07fa89bd674751447aecae262cd5979375baaf328fe2fdcbe95a0,train,True
2509,964062294248da3084c05fc2ab49157da8fa94bfae0aa2910df07521932e5dbd,b2b2a793eaea5cf994c0e53b8f46bb3a70954e33a2eac173398a30140011c22c,selection,True
2510,4a376dc267facbd6fa0f4b03e9a4ea2798c1d0d0546a3f693ac014955541268e,f82ed1e74b40ecfcf5355640165794ac4886fc0ea2b7ac6498e31b48cf5ced2c,selection,True
2511,71bc54e04e49ae218940ad5e261ab422c0d1c493495cf78b678aee22919f8a5e,ef3273d55c36068c38f56684c5be970c2c0f2f681c285d29902b86dd213cbf76,final,False
2512,1b2064ce6bfbfba8fbce07eff06db4995719bc0bf0490560bc4be3091417b379,aa0f364d201d0432c895849972390197599fbcad518c327ac4c1aea57c2b8819,selection,True
2513,f4ebeec6da7a4d0b4426cf21cfd9dba5a31df0d9861fe10209facbcfea93bd01,5cbd55f2464d6987082ee0988e412f2e1158a36dcaa794a7dfad1f26ba0d98a0,train,False
2514,3176870189e4b03d4f2b32b40a357d95185fed822c287f7193b5156533338c85,29cc6109bc738cb4a75c3f3b47ae7c8cff75e26e062b39995f005032ddfb6752,final,False
2515,d70be6e50c0b8403cb2881207a2a6c42022bf833fd527a71f9d989073e821a95,5657560c73a3b8fdaff34530c80b3cb13b9356a917eec684dc8adf24ce919807,train,False
2516,37f0a15cd1ef4ae395af2b70198f184f4e53fea4abbbd74401b27a14da84f031,0a556aa2f8394525fd64377cc0ed6a40071ac8e976e863f0a39c9d3de5628341,final,False
2517,29937bbb6ddab6d143503fb4c14a9164d60965341f3c7dc4b1f0dd72493dee3c,4c5049cfc9a13d62901f5ee0c686e26b4223617fa7e4dcac74d77d402dfd9968,final,True
2518,9497062992287e75a8083407ad1e0e2f11d6f78f7ea762645e6dd749b67afff7,d2aa892549df1cc656afaeeb22ee7bd8951132ee880722ef6dab5ff5310e1544,train,True
2519,dff22115d0c7a5e2df91d1770d4e36a0cb98a42e0ae70bb743300bfed8d860c3,b7ef084f9c5e8dddf2f9debf7fa773cad6a0a6df319f008fa2ffba86c08c57e5,train,True
2520,b6ba5c237b39b18cb7cfad9e93f496f085369f2297ded38d3b4f0b2f75440313,bd21c27d54d1ac386a7b6bc84085807879c7ea70d2cba553ab3b4cc554e23ef5,final,False
2521,af0dc40bde8cb4e344daa54cd8e5512f83b42aeaca9415a49eceb29d1bb3a9b2,63382069a54a095b5ea4b68e6f5840e7545a5de1e5958eff5c877e5f401657bc,selection,False
2522,c457a15b5db1439ea92d2bf4521f259d118703f5286d29b3d1e4da7cd1b5266c,af9bfb68f1a68631b045db73f2340d9b5a520657254cae3828748c62eeeea178,train,True
2523,70c6c9035fb741221209cbd93d7d437458927b81f9e78de7f4b0e04fcd536a04,9233800a0a62589ddfe4d7d9e6620e422b4cc6f5a0d2860136c5a6d3c0b0515f,selection,False
2524,a001eaac0ecdd5f0d99d3d40b20b99f379cd7fa14ca82a29f20d48ca668d7d51,7cf35d7f0d8d1b1efd3e10d3b817b6140e5acd24651242d583bb825c5ac30cca,train,True
2525,1c450ed9d464d6bbab7f2c9e4d9274b3cfdd545e47b4c5b4fe0823a8c635e0ae,b081395c7d1fa7e1830a246453a9dc91fdf87ba9fd689e8fc179e29c5aa39181,train,False
2526,760e25168f4b70b20c15d1c0fac78e0c5f52138b3aeb9e490e75245b988a7599,e0a00412f38592154763a9419c97a8ae2a94be49289474dd65cf0370913f7f13,train,True
2527,a8a686fa03d89278f6926bb85e06de7690c22a209254c9fe26211ac42c3d89c8,8655d257677cdb50416d675a26df5abe076bb196fa10fc7005b9803398605388,final,False
2528,14db411d6e5e0fdc4091b8110ec8d474d43cce7923140cf48b950261251d619e,42ffbf8a78d46f78e280067de967f5e74e037bee1c1c9e53124224858eff7442,train,True
2529,fc03e9039965f00ade800d139cd0e6a3501ee4d8181cfa8cf4f5e12c23288cec,f30b217a64c4a1ac9b1bab90ad1cac75fedb87b7eaba9daa2040c6800032af41,final,False
2530,d312eaf1d3752929256aa73f73b5c571002eb9cdac3ce8f8ed3c1148bdbf68af,20cd002623dbcf2b30dc0b0ffaa0a34808c09188fc8ac1913c31a0c2d3bf8646,selection,True
2531,eded91a332bb3875fee23a9ba8f4d339094f441360e632e0410afc3eb43e9a04,ffebdefffdbc2b4ecee8e2620f018eafa7ae1f94526f6cfe8fae7f359a35fadd,selection,True
2532,b50eeff02cdb642a38b235cf2212a1aae9f8cea94bff8b78014b531bea4ca12e,ff695fdeff8a46c02ff725472733109c68640eafb1f54aaa2afaf62cb1068795,train,True
2533,e5c809686179ad0e7d57629a56f9c9dc795c99a66f820c9cc4d780d4e3c1bb43,71540255c2f46e14d0c40a4709e94fe09290708e1efcdd41b81e49b518889fa4,train,True
2534,5cd57de3f97779949e47d8c5a14253ddc5a19b7108f5a80485fa28d4c519d335,d2a581653bb839b791f96f71fa0f24deca3cd71885f82e04f601a3c6c825da7a,selection,True
2535,7b288aa876503dc50e3cd83854f7939e15def0a2c80d04800cb67306735dc6c9,2c743fafe944fb826405b754a3a0e963f1578637ad1d8fba945f4e2db7deeb1c,final,False
2536,f3bb75fe4e85982dada1385fe98595f12784f5af38cc5e7757f48556ea4e4960,eb67e85a4d5a394f30ce7bfcb927f55ebf2fda384004895ac0a6ef001dce9ed8,train,False
2537,c6190edb35ba840fc131250615ae85d82d2775e5fe0ebe2735869e281d4dcce3,0dfd1cf3399007c4995dc54fa6be6200172bbc93feff8cb47513c3b2a62f21bb,train,False
2538,21514fe9fb11e441e88c683edf2454a1c8b2e5194943878973195b62d5af3eb8,c4c1c3dbbb6fa78e85b406f6c8624c36244a6ca312b54809e55b0c8f27cf0bb4,train,True
2539,8c16e7f7608eef085b528f96957532b2702100efe223ae240ce1b57875c1f920,895315a820a6952a19fe24db575a2d0c764467fda02abd85d0fc420fd847fb7b,final,True
2540,f4249d2ef162407863a107495e158106c85d285458f5e1259ae96c0e317a23b1,5dcc7002eb8189ec7ab24bac06f708c82cf6791847c71fdca435dd6b1ba0fea3,train,False
2541,5a9776e0fb7e4278e56626a1b880b8ce6b9a9cd14acbc8a49650431ed904fbba,44e507fa6a8aaa7838f91d2de96166c1f957baf7294f9f19c4c82f41aba33d76,selection,False
2542,dd37baa69fb942315220398e8b41c957c27779c75293558f65cf192250b7b193,ddf9bae895c036f034009ca5a78c31c23661a90fd4552d2f5a90abebf64fda27,selection,True
2543,2ee7849a8cac969df3183a84a9d91b9d3229dd77d636a5edd7404956cbd85b44,c8445f556fcd11eb710ed38fb50864c9cc8338edd71d6625cde740b803f8acc1,train,True
2544,6c1f504f57b86c308efcca06a254d4ac01ba2b4a488c53f13f720212aa04c718,b53a9a37f56313b6e87a9383962f280a8b67645e6aabfadc407fd7773ed118fc,train,False
2545,897e08c7606d4c3a5ffb4d172334e414517bb20a53a44f18f3102833148d60b6,d55b328682d2ca36171186275ae0530e28a3fce310a06d77387c921b701ebfe6,train,True
2546,6f6229144f8ef316f7f8d1e10d320e7afae4bd0844aaf0a850ae6f7eb443706e,79268eabf267278a24dd2d2661b4dc323248bd67488420a0e6167ca4ead6037f,selection,False
2547,bd741c888e43df5ae91335c5ca072a964bb16daba8b5e4c315d5507651c30e2e,09ef0f33f435b63e72cc7f57a5c1f0f3495ecacb959dcb7f055f7ec33883f1d4,selection,True
2548,e1362822edfa273568cb9f844558844e5ec6fb12f07853fa598752246ff401b6,b99a7051971995ad8963a5298619b9dd2fc738376dbf9aaf259fe052dbd04243,train,True
2549,54c14657e765bf18b377d69c92ba85b0ee0dd66e1dff656d00c94115621aa7f2,9d59c8452576bd329ae5a42e3ef203ebbae17c9d31ef520c00678f6c247b1403,train,True
2550,e250521eaceeee9d4d7b3c8f4468c5aa0c6b7fa2c324d3cae06af7b9693bd53c,036a9e9d3c9cbb6536b7e22f5745b7eac18c4e047968bc2f26f7235bced4d8ad,train,True
2551,0ba33f08cb9ad593308865f309b31f1b4d6a95fcba6c207cf17247a15c4a47c6,32cc77f6c3faa100d9a073c2e0e55f47fbe24b056db9f7456e9af1d28edb5613,train,True
2552,c05dc46684ed40d1d5eecc4504db47dda4fb57d5b17f57a5bab9d2795c3a3a0d,27b462849ce23eea9cbec2e9266b17799d25b1ffc1a4a0ce47232050107223dc,final,True
2553,5c53a0002bde2be5bfba3525c37d989b172a3a2cdaf5cc0243a7c3465d13c9fc,d3b0371e53069b57920d753cc4078a5aeb88b2757deed9cd5aab6f9fedb6899c,train,True
2554,f213bbdb451397666c8ea010893caad1c7ec1c628a7d616145fbb3e5e8ed2459,99488252bcf1f8da818bc08454575fbeab72ec8d220413f10740715f4f83e803,train,True
2555,1d58918834ff8baf0d59ae745740598d88e24e652e21c7f459b7850a5e0c3455,8a233c709ff387f9888f50b9b5e30259448d6c03dcfe0a1bcfa1c9495a238a0a,train,True
2556,89d572830512e8d8e51b2b5277ad7c13c015cb316134c5673f61bc8602fa8db6,c0bddf7b596f005c31cdac669c5f448d51c348e92ff027f7fd8aac4a761ba79e,train,True
2557,8a3a845c207ba95fb23255fccd216fdb851b9a6ff75888731c1ea1ef2b8346c9,a5818a42d7efa170de1747dc3cd354a95f1cc2585d9dcf2d57f4d06901de69a1,train,True
2558,168ca4ae302eddb5f524958e6fd5d0c7603fc830712706f9e34fa79c5a854da0,87f5f24195e27a83c16125f7012c262e1a300f1d6cdbbceaace7d1a1b7632c90,final,True
2559,d083e2cd23aa2ac0504d5ba8b2f5fdd53e0e66fa9ab6ebb583586f1f10703493,05c3bc6e44f27cb463f839abc2be41f40d377e464bf99dca2a05331e377da10f,final,True
2560,201156fd3c5a2011cebd3089ed596b3067f95611a2a0a218e41bbea52393a6e1,82fe488b786915b59e6e5cab4bca4ce270540c886117f05cb523a4a6225647c2,final,False
2561,f3d65576ab5afb62c4bdfccae32578a19b25ac96769916d0140a01492d068b73,334b222bb30ed69a119724e14b1b69cb3c812962eda51cc292755a812c9ef7dd,final,False
2562,a92aeb49dfc6683f920316cabb3e7127bdcf98c51f73c9177088b1e21b93f41c,725ccfb5e65bf069b51c483b6ad9bbd2c554fc4ba48554290fdcfc22fa670c51,final,True
2563,0731187b3597c73d296a30696b2813d57f664ab681e4e6739ec4e6779aa45411,f6c5f39d6c63851e8699afbe94f68215116783b027f20a6056d82d3d9edb3675,train,False
2564,bea1a7d02638f57f80cebd932914bd365b81fce477adf894a1860434f0c1d01d,06ecee6d63beae749c8c57335c7d54aece79d08cbc93b4b80557ea7936e6eb41,train,False
2565,7c24fe4aab23a7aa3d8ea27c7e138de79103f98666be20130fb9da825fdfcd35,d89e3aa5944abfb22fa02e95ec04dce5adae521f293e4f8c09f0affc7570df34,selection,False
2566,30b36a55687367b148cd8d31fcca1b1b5d6faa9699e07f220d34e1568c62979a,581930b2bd2869f0d4caf70067340668d498e13017232e098cb22258d18bcb24,train,True
2567,c60376dea6b62b31ab260853d85503774220cb9828240995de78a8733def20f5,078c4193ea9d9dc4c291b2019393d6eacdad39f38b1e3aedb1c67504259500db,selection,False
2568,1708a777dd6c49d47a78d3447c17a59e34f1eebb7c50d992c1681792a0a078b3,fab90c8064b69d0cef4a1f920f8c523bce41fac459f98f2e8bbf72a1a09e9ab7,train,False
2569,a41c4abcd4a7d851367f7ced1e1bc685b7b6a7fc5d7ea11b488e10d542706277,3672e11fefb444aac3873b5c944f7f54ea58f4e1f842b900e13ea8204727516b,selection,True
2570,e3af4a1b48096fb18caf1e8ee669eb0501016cc99a8cd3f1198f08ddca8d6b49,5ada06e9fd6bd8d036f28e2337e3b64d90c92d0f68e134e1f986127be166e19d,train,True
2571,25d9bff5bc39a6b8234b84bbe1f9e67e59ff00a12b394b96db9184b908b84467,43a807f3ebebda76f8419dc81a1b036d75a7319f0dac3efd35eb63c188ab0fc4,final,True
2572,a28ae048350b0ad208bd41db0bd611a76c9ef10e5b7c92139c34d27591dac499,58bdf41533c84a6a661cd3170ba1a7dce628480693b886cea6babad728ab97fd,train,False
2573,7f9bc1e5586287a5afd6cfcc0e8ad6b4b1220d96e0d714f0b6d0d90c1379bc7c,bdee0ac1bc87c338054ec4be4afda44244edccb94673d4474dfdac815858fed5,train,True
2574,c937623c4aca6d71aca5f6e604580b6c7102f578c13b83ea71692e16dea7f117,b3c1371bfa7115d75f6961b62e8e459b46a634fcb8cba540ff36da6e8218598f,selection,True
2575,47a0eeed4a7a42327e21b327a27a2b66c4664a33d4a125a70bffe54ed840d58b,85ad3af777046f881a1d386cc1f8135e3c4c13b8102a9841506d2e25ac2e10c7,train,True
2576,02df934dd118b11385bccd5b83075f079c14f95a6c702e50cc8331e6928337d3,a5e16753d152289cf20ffdae327f37a0603f31bdf9cd4c462b8736457dd7be01,final,True
2577,635e1c58f4337032f5ba445d379e04b71c851c7a301a54bfaf191405c59a7061,920a7a0d63ef68c1647e366a07c239871a225b778f1f6c746bb871ffb85d264e,train,False
2578,a4fa1be327039759fc52009afe10a5972e930ad2733c69d8abf9358a70e6e0af,7b3f9bda0b64442b9b5fa06f30c1514852116e2db8bd630446301be69824c79f,train,False
2579,2ee3ffc041871f65d3262556d8a97a81bbc2b8bc3f0abac9c7db7557b8484952,5708c71850b7c0674a7e7068d1773f171658bfea05f0e7cbaf36db6b2fcdc981,train,True
2580,566596100560a7dbe06a3a399a863abf092a9b3c79b2d0cecc317dad01107d25,4146b45839db859976a82be508d53bc38c8ef2dff7377fa9e385205e066e7f28,train,True
2581,18eb475ee06198f536ca86c8a17cd34e950ce284d9c102420568aa8e02e965cc,0b07b8b2c1276c75875f2d6468a792d2079358e7a609deb272c512bdff5ae7a4,final,False
2582,23abc2c48965083d33ed040c79ce4afe56fb84deb16bf7dd28cda60c1eae5f5b,24957fd89c786a5d2a23ce3777280e0021e37b6d6b680e8886663ffafb0ea31e,train,True
2583,a5b7e63032c30c88f47a5f18d9a9bf347377f9e20a209d0c03fe8944e1803009,7766e9c569b8842a1c2069cf2f8bca602aeb1e9f2ac9ad084a15eb0619fe6575,selection,True
2584,09ce94a1e046f521c0171d036aa655c521179391f8b78973406ecb23e43a8989,985e3beb6cb5b44175bef61468ad1e28e3e557da4ce4ebc102945b0d80643a5b,train,True
2585,06b9394b5cba39f1c4629cfeb553ac0f62db269d5f4e4435993de748e2094548,64b8793a70b1bd215aaf4db4662b03d1e244bb89f20d539fe08052110710832e,selection,True
2586,1f34fb0a2e6fceda8142d172d16441aca5b4769b29ca80bb3e1bd9b608715883,78eaaa1e68d7f090e50034d8bf59555c6467280a7989748210ebb1571f25884b,train,True
2587,309e2fd68f09e0714f5be9429dd66e531d4e1ece2bafcd303655f8fce0cc4d6c,5ae39279c77ffc12c6cb0d655f84c4c6b14567963e59f5e0489d6003c9a48df2,selection,True
2588,ff329bc22ad5eb1510cb78b5caf133089bfb80bf42814369f273558f71ec3354,41ffb80e235b0447126f0e6d54f441899557b1fff269a3cb3a201b3387dbfb8f,train,True
2589,232231bc7c2fb3554837cf5e4943faa73bae378215cd9cb405ed3a7e183e50aa,2bfbf589db4d7777df6a49e6421f185f4a9394e439c283c4771efb505853c093,train,True
2590,f802d118e3a1bd9ba0eef4e5821e686525b5f3b9135d3b0734f03d94575bdd33,40071dc930a9e43e28336929c8291d80787093aed4f636296c25efb10c74076f,selection,True
2591,c224d7d99f4ed8b98001285024dae617fb87e785a6a0e17c4c745231d3956365,d963ee55bce64f533abdd0d987397dc64711875ce68db6cccdf6df71b9348d05,selection,True
2592,2d5e9e45ec3fbfc177a9b6f07b176c2eaa80f6a939c39536a9244f00e15dd84a,96f1ce29ca2488e50787cfd1a6236c6ce4f35a09001ff322b790cffdf07da6e9,selection,False
2593,4ae3f931692221bcd25df7d39ab2247885a978317f5bca222cb23ec48e222ef4,68287c343122934fee3ceeddaa370209216f94c65605182e5e4acfcbeac8228e,train,True
2594,c5f5fca4815b563d64ffad9cd9d783eda95024297b7dcb3560c23195f15a0fe8,c78ef0faef0b88ed1a049f96e14834175e15f8747ecc000d4df290a08af35fcb,train,False
2595,86ef4483a65d4819513c7e4175d9a05f5d07e7198713a2dbca57d04c4a865da5,ed3385eeadf7ab71359222d642594787fcaede55770fa63b93ea28a229a3db59,final,True
2596,61e225a9337748c06061a54e336cd435373d088c4fea48f87a33186c7868acab,32f4297866f37beef48c2a164d4b5af71c80f0d5084abf41c81047c997a95e3c,final,False
2597,a3387849091d9dcb9464434c68ca158c54771f0329c049bc0d7437dbc8d90f58,0495881a0f2ebd97a335e57e3829028a9c649c21a345bbc9a042c1f5d93ad2ec,selection,False
2598,425f7fff4a874d83c2d64aa2d5f36e53887cb4a8dc89cfcc24ca5045a2cffd2d,8f378d09ea4a6da921876f9ec63cbddadd5dcda7fc47fea8e063341f27d5b971,train,False
2599,5199edccc97cdbaa6f6aac943b18fc133473781260df660517e81ddd91236481,aabcf76d6b4cc9c9bbd4525768971c8b21a6ed26473e89a37c3832362c00f458,train,False
2600,f9cc54efebb5ec77b2dbb65283dcc8f217c47a302276efaef771833ec84ee97a,d5d3a99f26d821352b88911a858f074634f00bc4eeb85d1b942b3ba8a8d0f4cb,final,True
2601,e1dd69dbaaa776b3931d68f6e1b4cea225231a1f66a723794d8a521e5f0d5326,57e5b493ef81832d845db0ef43da4d47aa1c888d7b34f50215b9c0a223673e9f,selection,True
2602,a72da066588eec66578576ca0608fdffd1c5c51d19cf72e1e3972a82db14a97d,8eae74bd6d0bf9f30ea5e1f6189ba26cf693bcbce9e788a9845d40c531d2aae9,train,True
2603,b99d507bb65f12298dbe796421e97a0e698954d9ef5d8b36cc382b1c6c73716d,9f8dc65fbb0537248cdba421f58ee0716a3941e785baff621685110130337606,final,False
2604,98253100e367ae74a47ff1234c0ced6ca483f72b43895de84221757499ae2fe8,34bd1bfbfb691121782ba60c70551e3ad65a912e094361e371b718aaff136bb7,train,True
2605,f81518abf0d5107f3397aab6d1909473c470e9c0eef8598eccb7d61e1590515a,2db569ebc8c79b162ca489d2738368c6a3f66485dae17b071d9a8164f673a12a,final,True
2606,50223100836aabdcaff9961cd502ff270249c969ee4051f06754554f065f700b,c4eb2e4c1c47dd53416b6490c6280163831b66cd3dcc7e1f83e8698a2cabd2e8,selection,False
2607,e1edbea5e8c9ff6d38d44f013cf573d14fe404aa3677b1c43d9673aee62520af,142436f40ee78dbaff7873bc2153c483bc3047d90780ecc1e8577612deb60de2,train,True
2608,207e34faa91ac67a61017309057d32ede5a4dc0b77c73fe77fc0addf4de57a74,c8442e8e39c68cf14c9a3ad6da31cab3568c81c8dd15ddb3b5afc3d66c3297af,train,False
2609,c130613525ea95dbca5efa0391f73ab6d38bb80758f848a8ffb34f28d180ccf3,e781fb73b6554e83b067cc05c9f6f7cdf54fb7934413330807f28cdb39d783ce,train,True
2610,72c21170d758b84338ff50389e2736de2197427598532ac30b504b0fd914b91b,248e5c54c8024ea3db971394f7672eab9f803f220c8040804c5666b1a72eceb1,selection,True
2611,c75c8dee6748d413753aa9b043772b8ed356b17acea0fba0b125600307591074,2113eed112dbe1aa5e8e9e89a91c093b85f37a85ea1a715585de87eb5eec7d22,selection,True
2612,23728aa532bf65a967b6b6c6a34593bc6129ea25d6398fc43d00eac267165100,e4b742328c4b630f4135b25eee8b26758eca440bab88e9055dff9b851202ec6d,train,False
2613,9130dcced98abe9af8af3e6c41ecb0cdc19ef833e0f454e79d4c92f48d1acfdf,56fcf20ab39390b9354d6cf1f615f6a0b6d49549a8435613786f97f24360715e,final,False
2614,d8bc10b36a2710d2600d94a8a0c67c28cdf1728e75b7c1ab2b53b0b0ee3385c2,b24ba60d56bf63cb63638b8600ecf7ce0f0491085aa739e24b4db9da41e68bdf,selection,True
2615,208ae488cde4fd012c2c3c39ad0ed5db918f0884b167ce941e769b1c0a0e5476,a20bfe66afad242d1c5920aac36b639a815fb303f4c3d06a0f3b5719a51cb191,train,True
2616,ef4ef54aaabfc6f68affea2ac11d5e234091aa9427cf2372c332627846ef53d2,98194d8caf691c9b74dd882025268f0e4bbd4f7a71a259be2242ca562afdcf7c,train,False
2617,d911b20c4d1c3c672dc424587423470d9af978c4539f8a179e4dbf86236f191a,3406fe8668a94b2a9bb6a95a41ce2917784071795dd4124cdb6b8c03a59ef949,selection,False
2618,6639a13d29ce0c8e866ac0a1ad4fd5e698c6095551e702e731b8c407653acfe8,179d45f9517969ae9bd3b5f01e6b396af8164b9afb35e3c85d9dece68b9de7bc,train,False
2619,96d7c72f0808d55f5181b40149a6f858844228d81db90b9dfa56224e3e16996b,76f5380cd6cd8c26d1355df372ba731f5ec68ba10a9dbac970396a32ba5ed8ee,train,False
2620,b99424016d99c503461adafd14055241b625cb8997cc156bc6aeb2fdc6f7597f,f4819ee79844c06fbef023d6bef6399dc6b6832446e6184b06c1c2a2792f3858,final,True
2621,22bc5e80f769b89782e29b777167d269c5c9541938d4f6587b86cb49744ccebf,6be2c296279e7a02bd58810006dcfc5a6f3b76f0379c61711de3ac134635867f,selection,True
2622,629aebfc24fce557b901965a0f90346fce3c49f9101fb6f881d969346038f3dd,69ff605714bc4ee4f386b5f5fefc95ff6ee8c65f393b3ebb7170bde0d0155ad7,selection,True
2623,13439bc94de958f7fdbcab3627f8de78b6e8fa46a78959580409b727671ed530,58207779572f886ee95488f68a62ad5a85db23a90dbe941468fb4103c842146f,selection,False
2624,23ffa43b5de52b3a8c5dff30c1ec8496c0c915b8cea582c3c788a5c5517ef9b8,52579c72bcb19011cdbffcbf0853bf7f8caf9c3f9759a8f285e1273b2990c62e,final,False
2625,eb1e22e60a03d02dcf1241ef8ac5f1f7d04028912752cba15a988ac33c76fb59,8215657f0bc940294c4eab731885e8525582edc71f18efba984f4ec436aafe0f,train,True
2626,93fb51e590eb641610f0d463da3196067d33e8500fa9d3e7af5e719de3787dd0,827076c4dd4afb29ce838ffce660290aedf5bdfc65cd7c4e8f83b5199f1a7d68,train,True
2627,6762aa5b55264063eb2c71163c318e856160907e41fdb151c7e4c21a3af2246d,fa8dc76f96d8a5d274f67f397977aaac05cf5dba3be6acad10703cdf0bbba1a4,train,True
2628,a5895bf87d52c59eb8038f8d7a0c9c1523adc4df9299e6bee72e4e505acafdf6,060096269821cb81384a50ee35b72099f0dd8c091e1ff1974f387ad8fe2454e8,train,True
2629,b32f3b478192c02288232938ede95f76200c560d45a72045fde9db72b151d5f2,9521fc70021eb5544d4ace577a3d0fd14981b85e4d19d2b898db3f48fc2492b8,train,True
2630,b920275d4b7f183147430e9aa3fb8ecfbea39f01bfacc25a9214b7aab5006d58,6024cea6a37c525ee0dae3b7791025bc84c785d726c056cd60b042c1c5738fc0,train,True
2631,26292e7c89d5dff9701eb6c46ff4928519886a41f7e777df443dd708859f95ab,cf3bc4917ef44617c13b1d2bcf26714d9dea56e792baf65bd24b63c8490821a9,train,True
2632,a96b54db36ee9d235a0f37ebab429a6ee05d0d2bb00b28d4a10e652f54ba243d,45ad2645f0f5832ff9d19649280fa6adc39af7c3519d7b85bad5b18559982c41,selection,False
2633,92d39257d034a8d025df31bfcca32004dfa337fe457af1b426f493cbfc20ac33,0227559e1de765880a2289f38ef22b52175108d4021a33575d73c982143e48c5,final,False
2634,e69adcd1f6a1645a49efa2a763faee6e1dfa435d54545921127897287ac7fe60,9935de40feda7e79fe693778657364040a80aeabba68679ac5d44125eb9a4eb1,train,True
2635,0e20e7971ee6598dd6db4d837fb92da03e9d4b3a8dc15d69e0e0d21f14c37e2b,917e822a72b587c75a07e27d69e49dd1cc0f78cc21a6f6e00139c091fd9cafa6,train,False
2636,585f765daf233eb1ddda3942c3b0c3d68c929a4591db46c285eaa47f3618bc3e,36c69aa9a30573369c31ac5a29ba79365861b90495f8e7fadd7a881cd7728a2c,train,True
2637,b6ea4e81bf4ebe17e712082b9023ca1dc5883e037a73538adfc87da04613c0bc,2556c897ce601896b1f49011d3c1502de863ccbd7d85ebb0b5380eaabac7fb47,train,False
2638,4973e39cae712f87050c0a4d76bd4311b6b2fec617458167bbd91a96741ea335,3c48149b75a19ed5098757d705af9b6f595b6befc6dd5d6ffa14b7e9dfecb6e4,final,False
2639,8c1d98ac1249e6bed538e242060327b5c4389cf9d23b852656e268f2bfd43f82,75cb6beee5848d4c3a3170ed8d38eec1e71a127c05fb0b5b4df5d1291fe11bd9,selection,False
2640,abbd19fff78dbbd9e762331fc52929cd381b380385aedc81619481bf2f263d8d,ab1fca896bc721f9ea63929ab794232549afd9ed517b14918092b2c31a67da21,train,False
2641,160c596f172f3a61fef56a756e333272a772c0931620e7e8692592f6e485b903,34edaa0a932712d7cc751409676b5fbc6068331ee4155bea4735cc2ec99ca6db,selection,False
2642,ec213fb3c1e605a07e6108ab8541d91090511bebbc5693793d64da4f61f0b608,c890b70580a16642e23cb19955fbe10dba45f16aad23a3641db080bd2eb088b3,train,False
2643,5a4a0164dd871bfaf037dd08b538961e581d7d83d20fd1369c9de473493890f9,2fc16e8abaefa34c9b203910c343598d721716f0f1afe37abb3cc774cfbb63a3,selection,True
2644,af3597ff85620de0b978541b5c0e3cceb6005a5c3b2f74448b99b48694e7ba5e,f84a31e27d6681713a682f034bcb231a5fccab8a1fa833214465fa171ab0385a,selection,False
2645,232080cf75326c2d8698a2799d1a537f280b5f8df42c79c56d929375d55970ca,57e0b7c361ed6a8979916ca1b0ac7831fe8c2b4d93b879ab63c9bffa145e0ef3,final,True
2646,6a40e8781b1371e3de224894208c9b1b3da55abf2d8671a16b0ca18ae4c370aa,9d31318973d61ff6971edf14fd234907d39318739451a7382d317c89cb312e96,train,False
2647,e4f7899e06a77b7fcaa3aea5d407798961707ffc4fafccaf11d7523212ed6397,ce8b1fb77c03ed22c9c0f1c9b177058168406130d78bb8d8ed7bb14346e55684,train,False
2648,1255f0331d64652750d7eecb03e0a918194845e1d912491426249e5cdb2a659f,86c1e9858d2cafad873880673c228093f074d61b756b461f4e4cc23feea6a9b3,selection,False
2649,18e320b0361b25231801dddfbdbc6e5d54ad48b9a630dcabafd52dbb7746ea60,23ea029e5cc15b0ca55e03c6d2d8be67339e552e16ca7f2b70ab3553273db9e3,train,True
2650,17e818875c57d211fe32fb9567365a00a5af34bd75058da7a855f74c8a399728,3fb014d1829e8818db408670ee8d98ebc10a91156d7da6defd77c43612ef9d7c,selection,False
2651,82a8c79156c02a6b009c8704abbee691bf2546b5c19b8580e1255273dadfb463,bb58c56b791ac3c0568cad05716e5c7d0f1d604631683fdbba0d7145ce0941fd,selection,True
2652,f9aec653abfbf72fb70239bb7ac7d82ba9c28c05e636fe8fac3da0c88eae39b9,09853495b1589f46fadce4e487e179a71161d45b2700f21d82831c86a10e7a0a,train,True
2653,5bcb91214015368700d9c24e58209060f7bd81b5096dc3d7dda8eb4afaf89e7f,2ed73a780f91bc8141d1f1b5e9d6e180315faea259bb484952beee577ea5e2dd,train,False
2654,e187186b27303ead2920e556bdff39230f64accd88d9b8ec9bc7d7a793b88460,2221afe3b8402db3d6761cacfebbf675e0f4ff828ae5281ff6322ea5579db5cb,train,True
2655,073e19a3b493d59b4c3958c75ce8deba648e5986c18276a77fd8859be89f8dbd,48af94bc84ee925b7febb143592b378c89d7e1efe3d5a8ad51845f25703d2f8c,selection,False
2656,8f1cee40d653b351856eeab2283cb697d6f7c1d7bd16194112e0ac3ce768fab0,19a7113187a873d1d3d490c24aa25c25ddb5443a50062816563c3d4fda0cd044,train,False
2657,db9f95000ec056eb194c26ed13a99cde945447f0343876796a2041effad12c70,7a46d0feb279af05b244ee1bc24062088da17f8aa5c982be3278685c09d29e24,selection,False
2658,f920f16aaa9301c5dba7e214bb2b5f0753e549a6e47dc05b96c4be18b540781f,3bba0872d97ce0c34d54d85e4d06843ecd80ffd66ce8a80c526a685911d8fc4c,final,False
2659,1347ec4e06825e21cb309bfbf79a65916328d2d95f1a41f47fe74d075bfe7e83,9d1ce63600d71acabee3d96871d573e692bace3ba0fd98c424ec99db5a4f6a44,final,True
2660,02bd8842e9b46699ca5aefd8e71909667b48fe628af91d3c0135c0f839683e90,d9661b2314c6d12f62ecb6826ba026a10b69c62b3d5b55c2c9be6daa93c06385,final,True
2661,d94d5468cd9e50e1262317af00ac55ef2f130b70e89553c78c0f4cf8b4614545,1b74551a87c83f2c89ebb93bbad4b4dc3e73bc92be16ad16ddc093a72010d672,final,True
2662,d323e7390ff673485901ccfcf2f5ff10ecb3113aaaaf3e48df5db01e16717df7,a89169fac6538359ea9a93e25fc165fafe638ea4e610505a07f6cda79838a1aa,selection,False
2663,bad5d18654307ac59a1f0c78aceec6a9a638728a7bcc9d885dd1dac6fbb98442,d94135b96c18bea09e6f5c1ac240fb0c6f10e2d02e683260d4ed151e0f3459bd,train,True
2664,eea636e6891d37d708380ae4c40ff52acf8eb56602c74f82ba050dee3b5327a2,b988bdf9bbd8e2ba0d3de1ceb7e3106f0b085ead23e4d41c2daa6b36bb2956c3,selection,False
2665,156e829c8edddb3ca5ec369617220719733d604a4db8b36ba5a1ddeb966caa44,c8923ad8916c8f89f44617b563837068c4938ca46c824f8d6db9359c86c09782,train,True
2666,a0ce4a70919f0dabedd4d6f627aa2219642b98dc01bc5d224ce87e8ca75840ab,77e310431732677f9e38ffa6c36b6ef88f7c66c3c0881b98699807f9572a50b2,train,False
2667,2f78939a761897a7e5cb63f14cbbbb6c9c19d8d35781af63c83bdc84c1046632,fbbe45e872c989b94a738fd820ddfd3388f0b7cef9c85064a3dc00194608fe4c,final,False
2668,99cebcd9ccbfc3ecf92b789f6bf1b948fdb79077b7a7a15d0bdfa7a42a4c2972,2024b81ad7009535216d6cb42003a0c8b9f4cee4bf36a3ed040ee37d4a919aa8,selection,True
2669,0ff4f4a5dbed8b0de0e38eb13f45a24b98a2e3e33bc703bf8d353d6b556638e2,7913caecde0ebe3ae4c58cc02ba98ea6d52de35a5296082171ca3b1d8a6cdef4,train,True
2670,e568a46729c080b3277149aae5ad8770e4381e42eafd5f84d1d3f692e489de11,1abd2314bca7dc8cb13c9081281b3a493032a9395881fa6bce0576b4e89df78b,train,True
2671,7d40c40a95f6643f4849beebbbed9d238577b1e6713708d61971f4a8448ac93c,d7f139d8601526e7013ae3ec561d056b36be352fb1142faec5b33dd241e6e7fd,final,True
2672,9742480bf5ff9e86953ef03bdf44d90979f5d8c219be248b2a9d44de3a536307,a9b236662bb70d75eaf140fd884f5a34f4d705a0cb23b9c1f98c6935b60a1ba2,selection,False
2673,236abe7d0cee03489769f575c85c9d791bf577d8ff0291801729a2675e4a4559,39e1c0ac6200756a9367e804a3c8fd86b116d6539bad25855969135ab21f7417,train,True
2674,cdff4513af8554bc08aa9e641ebf6d5e78efa516d00b163fd981d430cfc5be6f,d27142bc703d1444b5734286d3dc299db4925f481a990308c221740669a0f548,train,True
2675,f33bbfda4542b402f8361f741e9610f8cb033ab3a7b9d17c84f466029c770a70,46b08fe4cca11d44a8a358f92284794fb38a4314691cfa33b61ac31aadbe896c,final,True
2676,868bf7908a2f12345cc029180f2f6c6b75ad4903d63bdbd1aa8cab949d25ae43,344ee9f62da64510f609b3d8cc6079c4bcc770af737c80f891d61152ce6d50b3,train,False
2677,cc3a97f03916d608ff3089e4ab25d9a067df534929fb818f8d2a11d70064d52b,45db1885c438573f3785f21f89e0a2738f76f2e984cf489c4416a0b6c3475501,final,False
2678,e4e3b71ad633b7eb056feb6c425a44f4d1be2dc94dd7fa92b3dd8f89643b787a,e0cb84093d2e5caaf1085e34b110d871565807caa1a1521fd061a0490200ed02,final,True
2679,5e88859dbbdd6c788ac3db936b3853fe654521540000784652e441ed65918945,d649901069d77c23e5c0b0b8cf31872263b291a3b23c0e5b7357be88ff8c4573,final,False
2680,996368977212f5af55bcec92168b0562b9928106c190d5be2f4ce6de585afa97,69b65e5124a23a14cd6a6a18b9e2449f37a67ac08396ca12299ce7af0635598c,train,True
2681,1b84e4d63d5382b8460deb74761093ed56fbbd9fe98e783e3b4982ee421315b6,2e3dfe9eb00169c7bd55da61d7fd483faeec338025e69c3d467c9fe4655b125c,final,True
2682,ba29b674a0eb867cc3bce46c61bf46de4fefdf5a7edc2050e0dcd02b94ee8021,7b445dab7f94560074b43921f9f06b271011ddd16fa635f9bd203d0f8d84d7eb,train,True
2683,17020cbee5ec8642d77b59f1eb080fa0a39e1da5fa7818e521c39ad7966bf0a9,faacdd3d6e084dfdb23de26c3e07c67094ccf4187dbb084f39f996b95008de02,train,True
2684,e47c6b65e9243115355bf1704a2b30228417bfc2b46fe2908d3e0d1f23dccc94,2d7132ae35fed36a79cef208352eec31ad64feb89d7db2b4721a5e9099aa7459,selection,True
2685,482b25bd3d2c2bf3a18388f406409a7af02e713f2278b232fd079e955b72d12e,87833cfd5a8034171739d02368af14b81adb584c60b6c5fb3ae70706f7eef1cc,train,True
2686,26532656833bf218e5a8e7a3f761e04142196e68cd161acf903fc408eaed5964,3f10793a277a6b8c4888035104b9337478259aaf40ec70a9798510a756293e4a,train,True
2687,e998602fa4994d929b150ee0073b9b05850309230674762e9290718269ad8d0a,3df2044f56860544075f1771fec4afe8a1ea606522eeffde66c5e7bfbfb639a4,final,False
2688,6491a55bd20cffc4e64b4a8085116001eb30885264f2e6bdd6f61a35717bdeda,9b8dfd89ff5b774b4c239fb48ce7c9aaa38e3ebb24d05013bad1e2eeafd44a77,train,False
2689,79b7b034036950915184de4bdc8f99e5a83e87fd3f59b22a96784bed2c1bc1d7,7d543b6e250e90667c85bdb591baf714bb0b901392bf1c90b896d6f0aa08ef72,train,True
2690,c85ed9eca23231ed11a2ec3c9658fc88f508877fafb90144c44f04b4c1088260,ae51276fc1466f083ff564bdef3de430e5beb36bd0542723f4c9c4d6773aa710,selection,True
2691,a57d3f05ea08dff2d6d208c952fa9fe57b1b9c8334da919091db30065109360b,05dcda0fd8aec0ae38afe12d38886e0f77ed16e9ac845ff7c22a9218cc18c4d5,selection,False
2692,4a945d12bd7ca30e9ca36fc51d1db40d0086b3f9d3898bfc73cc859331ab6b45,0309ea1ff689f98bc01ed52b1238afbc7c0caa38903198e616e3cbcf1cae7110,train,False
2693,22952033d4220d564149a8c77bbe96b306651450a7e4e973d251bcfae00b6aec,1edbff2c3dc0d72eeaf00710dce4987142faceb5c5f39056b112fdbaf21e7999,train,False
2694,a8a2fa0cd8017d59ab709457df8b70ec7d83d6cb3cf600c3a7dd1b6f46d355c2,d4b404ff46f81f907e2d0873a374fcc1947c45362d1016c7c7004f2459240ac3,train,False
2695,75b1a4169f0086a9cb020faef40ec98cebc3b8e01947494afcb33eb4664511fe,8d81805f57e09a095861a1f5e9d71d1ece918fe772ffbb1594e249af3b1cbde3,train,False
2696,6fbfcf7d931bdc4a9e0be71340ab6111abb57c12a0c22c1daed38ba6ab949f35,0b5bcaf708911df61d236ddc32eb4458e50d9f6a403232d50731abffc723a13d,train,True
2697,497aaca2433b7560004a34fe97c2649dcb8640698566265d82ee160363373d6c,5f1b10778441cc0586d34d6f2bd889e23fca6c7efa513c032b0e96a0607af3b7,train,True
2698,5a7691ad2d7ce1c5ceb122b0a23a7a7e16c19a8d692c2644dadbaebbd75c695f,c842c778c259823636764035d323da9dde0754b868ef7a427e0fb014aac6b767,train,True
2699,d1508c8fb4965badc85608c7e79a8b09f5c950664f0c7178b7a10728e5cdc508,26f4028e673ee36aa558a5db2bf1544e4af8da2b164533dac04b0f64afc6ccb2,train,True
2700,02fc471fdd5d872226841c8b343a73b28d8890a40ea2c29df78e829b4a02a200,1da4cad4a61b8d7146cb21b6889906c28d4d2171fcc26a2031838aa961f47fdd,final,True
2701,8edf2bf859a144daf116ac6033f99663bd0ae659a2211b76440aa0f8287ece74,f467b3a24352dd66afe62fa879718d4f77c1633fb339e406f28785d2c913361b,final,True
2702,1785d6f23bdf5c6ecf33b8332702fc36382a7eee1aee961911dfbd3bba4cf658,d71d86eed5b206e2b60bfc6d612862cee8c49056423685ce1b8678dc98538139,train,True
2703,f65599bff89932508868c73e98a37224fb7282b6e7b73fe78fcf8dfd57603e1a,593b849757f85e31d2ff2f8ab71f125822a991f576d5d13dafdd1c561616d718,selection,False
2704,35226c5afb9aea0b3bba36249cf09559cc94a7bf470d7ee780fe3bbdcde4bc91,f8b8efa6dd05c92098642cd74314111c362a7885bc93ecf9ac16e07a5c094d23,train,True
2705,7f7adcf36b8d4e20bec2fa07eab5e5f55306a4e9fc9f1748d41b01a52bf22158,c0a2c97086588a29b85a8362a643c66e88292e2aa649cacacad95e6044a9bdc5,train,True
2706,7653e9794c3ddb6b4b5336030fa9486799a26faaf73c93746470059de085f7e9,0b53be3f1289609bf4ec911ce3e936602b7480fc326eb5deeb11a4840523c5ce,selection,True
2707,a9297d69e9a701182d2e324705dd1ad0d295f6cd2430d8ad8b4d2138def46475,4919e322b2fdbaa13f9d807a4543e7a0a88e090b7331d5f4c995c42f3687c2ee,train,True
2708,b0c81ffa7701c315abda98127ac3ce3f18856908a9d1de7bcdc040ecfebf51f8,07db4c6a27f2b3a083d6fa76cce7bff91d423867213ad8777311b5ba3f830be6,final,True
2709,d47962221980589b4f55d891441e6914c4d34301c8191430e1e06517e8f5b325,c9d46807aa7d9dedd94a1b5db35e5b63f06c4423f514a0a78da936311ccc3657,train,False
2710,35ec85dc5deb64a4cc4b8ee4b32cb736f4343068c0bdf7fad80d9b749075c49b,7c8218557493bd6a9ef2a6fb02ecb175b6ec84f73075690c46d75eb5594022ae,train,True
2711,97d40f6c5594e516b722c9464e65ffa351c57cb92c1edd7c3f4ccda568b3bdcd,a5e408ca376c27890951dc5c995afbfea94bb48b0c3057f3c8d8bfd060ed8607,train,True
2712,81225eb1a573b6d6e8a5a59e0109a01f0ce8a27a7399b55bdb54eaf7eaec587f,eec9103c9b72da599215fb8903018a053467a3b1c97d13e4e191ac71c997d6e7,train,False
2713,a297872d2c494f42c0b2f5a4936b5454af88b9f00dde710aa801b89527950906,b0f5a90a6d2499cb2269f08d8689805a28d5e37693781c993ca1a720b8a6ce8c,final,True
2714,8035e79837c78511b4bec0d55b3371d673187d87a9292a9385d05b7f45368d4f,33656bc3bbca4c50ec9bec0d47b0d63d89b2014368137c39408932badb0e9936,train,False
2715,0bfd9ff49d4ef4abbfe9708dfe43eb2ba5824666cfebd600c5d4bc79bc0d8c7f,5b619f4af7bdbf370e14968fa71c73f53713a46167fe9cca8db1104af80ca45c,final,True
2716,6ea06c5849377c75d5d4e9047cb69d12d6455d98eeca7a913949d164746ff0c5,886dfe964c2b4d8b2d6d44301d179a0e8c1b5ace1bfb10da87eeaad9f4ca09c3,train,False
2717,2d2917d169e34b908eed29e092646d7ab30f4e4e0d651ca93e32bac97c78a2a5,e2bb88857638d5e69b2222d271f73ac502d8b8d4e634fadc50f1a646df95aaf1,train,True
2718,7f86d6fd40e37f6ea5e914daf9999b6d447c0b24639881e7a531d3dc16748ecb,26507804378b2993262b9f343b439efb3782b319ebe9b0e723c59433acd4359f,selection,True
2719,ae8a710c6102f4cf07fad69e8b01e2aa393fe83e703262762155715d8d1e9ad1,c3296fb1810dadc2e85fd9c0c428411b9c46146455675abbaabf8ec26b7a4a41,train,True
2720,d03533d8b67a10a57e444326475d4485e6599f9c15e375adf1dc22f559ada1df,a9510cc13d00c7b31a38240d718b6f61e69962c1d1ceaa9e117ce305701c1472,train,True
2721,b3acf3870240a107d99b8db2cabee076d4d3cc5652599d5383c242cae315a47b,bbc49a56b589d0ef472f3698109f8509dc5810634464cffe612eba1d62d7090d,selection,True
2722,52c2d337a01b800ca9d98a2f8f4ab8c07d8d8f8f653b0cc5d0ec60d27a58a3bc,8d16ab71d60801c8f235e61cf96b723f228902094958c5751bd2bf1aa52117ff,train,False
2723,eb337508c22e9f3d0bbd60ab46ebb3c0cfda0de51458f29788277098cffeac57,14f54fd33560e818217ccc6ffe1c1696bf51a9380bccbe8f0e2af94ed60a63d2,selection,False
2724,3cf7555343e25dee56f58ca2e13186967935e0f7ef8953feb1f41d20ba983651,590e08366538b47ccc4bd2864c69104ec3019a19421078e37be19e22b7e0aad6,selection,True
2725,6c2f7a3a03b1476a88694091939f480ea1e5281fba5f1dc67ab5e5b02ffa41b7,10834f3be96ddbfe7a973f2feeaf78df9da314500fc2705d509a6db89b44a45b,train,True
2726,61e7e162693b096961c812d786b57ee827b0012e5c1287fca3fdf3e5b4fd6e9d,b95d68b6a8929bf05f4cf902b2da777302e88eea17276c35a0ec56840b9c2121,train,True
2727,ae151e833cabea29286f756c3999d48f4ec8ac4ee321a7f79d89f1a349d42936,79bf22d947b74a5589e5052f11bb3f1a9661168bfc2cc8e690a5bcfa8ca925e1,final,True
2728,77930b828b5f013777c90290ccaf00219954fffe113d9314043165366207206d,f6796d7a048f461a2668f3fee952ad7439fc6caaa145881274b5ebc681a56479,selection,True
2729,8240ce868bade5b03e21838e5cd8c0dfb802159cd9f9ec3156dcf74b38708962,5430e11c787ff30c54d126c50194a7472cf31560bd1376fa9ecce4435f988d1b,train,False
2730,0a554f3bee1507782640145a627cd9308d644f4b7f2ed3316d07f6395aaf477d,001aaa584499fff19b25ffc17fc1779632d9903c4f5734143e7c326e268aa124,train,True
2731,130b3a1c567b86c76dd9e08c142553e54642d2bd011193a9e22bd43de5fe5d89,dc2f78bf829922792b514f00c5f866164c347ddda9376d053399c86e99dcf454,train,True
2732,1350690d25b7d689e3586c1b6c87bfdf93e26f6d539dc86e64d62fcfb6e66fd3,982a24f3f73bbdabba7a247f0011be228df802732105d75c2836af8a32650441,selection,True
2733,ffb7dc8ad2a2cde8548dcc28c11d55af74ce30d71875fdc61ade3ee9fc22c5d3,ca52863f10d2ffec57529840ac094e7738421ac3157687f67e2586825a5f56c5,train,False
2734,43062af90146d16c07b0c82e97ae8c119e47f3b5d72e9097865a24a7fa809d77,383eb70488af053d122d7348f415e71d326adc97569c679dcbfab3d4dcbd57c9,train,True
2735,1ee1480dd182859e31a53fdd705c1e9d8b8b82f30f08b166e76fecb7c81501bc,00144633b3eda110d63935a9db07db3723a9ef99df898ecb4f806e3fa37a023a,final,False
2736,774dfd79cf980295416c8ab4c7c1de45b0850bbf732fc6e85f98409390dc29b3,a11d6b68c524a0ac7924b96ef8b46e46806c8e99b1132c3acbdc4c474a8db6e9,train,False
2737,b6ac5c4a6958d32e18e100aac6d219f7bd1060ba62ed8bed960418002a73a9e1,57d33b4db3c9ba7fa0c77ad65d76b11e033ca8a5ad881bc807d4f033da72fe73,selection,False
2738,da2902ccec8778c25ae659dd7a2b417d63b3f6abf2ca74ecd44baf5f1e8e92fe,78765d04d3bf8e379f7355aea22a232ac9291b1c72374f549da5c866aa4831a6,selection,True
2739,ffd7a54d1595b93f38d97610f5bccf1cf2f61b67a8ed8d11180184c05b159743,46453d99537cbc3aabd0a51e84150db3f3d5da313376a2dfe63e5c789757aea5,train,True
2740,a56e1cdded54de961da84b8dc99d5f5b80600d1427ec8715927ef7c2497d2650,98ee0b604035338fcd3d3874261dc26c55bfb610557c23a77904d7fbebc9b6de,train,False
2741,ca511e102cc2ed88f0f9d81046e4a4ec16630f91b7a95e6786059edbb87c8de5,ede8eeb35b67e559678018165e32db5cb23d97bf5fa1523fa7e59a439bb73ee5,selection,False
2742,9d0eb2478c8556d2766eadf235a80acf7b0ca87df233d054de98d1bc4c4398ac,dbe7788b5f198392545a898e3b7285061f3823f071a2924b1469eabd59dab697,train,True
2743,47fec273427e1c2ec752f12e026b9f078e4ae9c761dabf554ff331dd72bf12b5,46bc14dd9911200a47dbf85d5e41842312e27d758b957798b1c7436e34c2782f,train,True
2744,f14cb6165d57e2ddf675361ce2d2eaa3ea40261000c5584d3695bf75083d528c,6901cbab7fc8ea3fb72b5fd820a1ce171546d48d6a501364e3d9188f3d50f59f,train,False
2745,149022b1b7141ac9f1299eac1c31374c440c5d50c177539282311df70e567985,ca8badd38ca633386bc7001c9544c020076e0a50c930226dcbccc2f9f799153b,selection,True
2746,25e55055eaf1065862e5d4ece18c487892adb66dfff5cc258441bb441a1563dc,9850232d7090f11770a4115a48db37b3cd222cd06602b83a065629b56fad491e,final,True
2747,ed2b1c7144a46c697932693764d2ded3faa9352e7a75ab7dcffc88ae2ccd0f0f,3f27ecf0a56a656041007fa7e616f7bc354a7f30588b86fadb212d4ba7b9292e,train,True
2748,2a73f3ece4b14a2f7a9ccaed70a275ed5af81a0c90b2c15443c94190575ecf95,40cfb976e3efbf60ae280ffd465c566cf9b281b196f91ad4398fe3c5b27673a9,train,True
2749,a6e80c5b82ab6ebc262bd257205041aced772825d9a9ab4ba1eeac88642658b9,0a55c3439f60aa329056ec4a69089aa1b3deecbf2a3c4568472bf60fc833a9f1,train,True
2750,0a7c2b09681ac9535211dc8cca61ede4136b076bc5f4e2fe938f78e89a39cbf3,66d3f3230779ad52948702fcee97281bcb128c06c868718287ee87d0f414c252,train,False
2751,6dba6a1d40098c174160a7f89ba173feadbcdf39752cb634106a2d978dcf47a8,08787fd18cd23839f5efc4d6327a405ff204c5b6f43129b1438263d0dbb9f531,train,False
2752,41a524c88dc8b313287a79e8ec8c716e4504d2a0503d74d730803c4e64492781,5ddc367fc4aed8a941ebb8b720725eb8a3a9788a8bf98f3eca6c7ed421fd5640,train,True
2753,9fcd2f2da6e9e428dc2feb1ba3c9ade8797362e6942ce4bad903cd2fadd7ac7a,41d4812df7685813a5629829ccebfa64b865f0c9660cffcb2f67f4d1f4caeeee,selection,True
2754,0963dcd0fd685516c95d5f20329194a6c1f31ad3a88e21e53f761d67e2c7064d,b3de57d07fef51de2bbb9a7cef6c9fcbd8adeabb5ca6bb1e6f5d3dc4053ba5e5,final,True
2755,f6f6aecae456b22df2cedf602af180db5cb0a130121ce87497209768acffb65e,4c59c03d5a7cc84871b0da75d9b2bfdc326f531aec61cac91e72c84c3aba0876,train,True
2756,41a381ff75b0df7aa2d016d5ebc6a2857e5d46678eef07099e152bb7aa6498e2,ab96e27ec1e9afcd513da3946f14457ea1434ab16aa64d4148f9281bf36302ba,final,False
2757,f942dccace239cc42284d6c8783aa129eb44c171c751e15691680e134ebfcbf9,67cbea0322835be3a539b71002f84fe2f4f82012ff0c6644a452fa41f16bde31,selection,True
2758,7528dedb9bd80df19dd2e767c7d7ceb5bb046258c77abe5832c2ca8791979ce1,9b65d0b95e04efe9fb011a984e6613452fc2822890c48d3cc98e1036b498dbcb,train,False
2759,b33876bed1103e283d10ff75dd9fcecf0e03b6167cbe9eddf747066fa83969c2,2d76ebe2cee290e9fb63381e42ab1f273521b6f43e42ae5c91a71ed32002c6fc,selection,False
2760,0279762409986e5df5d29b715ec98b9c955075fec59f0b4b0f71a73aa1b8045f,e6babebe3ff5666a50fb3f2d29674d1a680c191a5d8d4a00080cf72f1d6fc330,train,True
2761,29bdceb41186ca18ad8d234ba7c6047f7eb68c9a20ce3500a6aa5654e01124ff,818e54e7bac695566f0f22c082bac08ede0133cdad9d5fd8bc3ec9a3655032da,final,False
2762,151e12c2ea93f14ede1b33130e4410f6445a59d1867177166f6765af03f0582e,f9b610b48ba9a1f1c07225b3e70333dcd2621de3e23546f1a738bfca2a2fcf0a,selection,False
2763,ffae7ac3400e5d03d0738e30c2beb4ba15ff152fe042e401854c4fb494195d18,0e85dbd430db74025588347315e4e4bc8f14393f2b085264162da25a1110c8cd,selection,True
2764,e2fc3c4685c06e3a16663d89195f05eebfea7bbe11c14b07d8e631972f6a2149,8f31b51a1293963fbe9fc0ef24ccf7cfc68ca40c405e572a8a07a5683a68665f,train,True
2765,2f7ae6f706bbda1c6e83fdf4b27006589fa02b79606fbd448e0b1609df3d064b,60621356263fbb6d87ad1d6c761ccf2db4119b5d6ddf76d5fdda469faf1605b2,selection,True
2766,1dc5ae42f6f51c281773f1c04555fbdfd165b0433c15b55caa10d0448305f5fe,002bd1016493c40c2cb838511a8c713043b95f4afe54ddf2c39eee6e652bbc58,train,False
2767,873c1b2e963ceb4092a78ec959ff02471b96c83eaf4b5de4c92683b15f4c3eb4,162030055a5302b958a5762baac641a017e9e2f4c34bcff0b3b28f0e8122e20f,train,False
2768,67b26b27dfc28ab64ef913680a18a9399d46e70009610337e1930eb60b4c3395,2906d6b988b5f27f44d3fca67086e55cdf60add59baa7691e8f3331efcbb363e,train,False
2769,c0f25245c72cae793e14a610383e6e50a93f395a0d8f6f9dd961b9c0f90f319d,27356ed64056a8d5751f2a5e95032c5512ad3dc1cfbe9a77c171099a3a16c99c,train,True
2770,e1372886f09d7ccfe6667b73a540a0557c4c1c463b6c95e816258d7ce421ea2e,628baa28ace086031d852d330b2634339cabc1ffdd7cca50adeddeec61f7b092,train,True
2771,03ccfd5e0d6e73fd0bc88936f6c0b08b187a193f9cd276e9e200f6bb6f2604f7,d51e53c42a95386b4c363b086426fdfee81b128a585ec6f68b1421e83c9b8f21,train,False
2772,a0f6f8cbb2ec67445862c4ff7b032b8aadd0a2aaf9c2973015d2bb4221c24871,769fe2da43b47320713f6bbfa24ce7047ea59e400cb8dddaa608ca606b71bd16,train,True
2773,d60fdedb4deb4c0a6950c57dddbf30b7951c324c2e5f49d4973bb5ca759c551f,15f7e65b06aaf8da10e0993b9599133709f1f1dbef9a46ab3c7c7938a5a11303,train,True
2774,9ffdf942412075151df7ec3ccbe0e9935127b5f14b6f798743dbfda536dee387,c3ab2f0e15ff695fbfbaed8bbd86cfe69f22c6fc63f2aba92a7fadcbd3584adc,final,False
2775,35ad8f1bf80bc93ebea298dbc0f2d48daf1d19c76b31831a70bf06fb92cc36c5,d232688ef7f4a5e02762bc681fe2af7e09aaa8f4122cf696a8cf56711fda1d93,train,False
2776,6380edd439badcc295972e31b71959b783f6d4d4695daf7a476daed738afc41e,271269bad09bffd63a940309ae3da9306c7ebec4c442e81b521d6d1459f7cf55,train,True
2777,15466a79c717f173c07b65316ab458a243bea13ff140b4ad05875f999a8fe05c,429192185d889376dd14814b96e6990b2ddf8e902687099d1703448099ae8326,train,True
2778,de04a110a22e017ead902876c06a257001cc185ad9b7a8eeeeda0c8197f96b24,cfc2fc723ae5beecd9e196b9d65565887020324835e209132768926fef5f724e,final,True
2779,d394b20a1a5e121d2eda8a39dd9d3b849557f4878bd7b712ab4a873f58196a7c,54492e5458892bee8b1aac30ed0690b56d67334e120f2914cbd5636cc4cdfe6d,train,False
2780,07fca14e50801c8dc7e5622f0c9fd56b65b433ee6f72263afd5572ec53c3c1af,09f9754984001330d2e45d800cf2c03956227a4a480ed5286eb8f746e18f149f,train,False
2781,9aa0e41497814dadd0294f7ad4b265f05633311c6ec81aa376d02fab36fe1310,db70ceb9a3d6c8243ffad8e1b60c65e5eda34665eb943dc77c51acab88ded614,train,True
2782,2312e624c724408804564cc2bbbfd8d1e35cf25515a21396ce81a2c225b2674f,8cc2ff082acaa203ea82066f9290851dcd3985c912f485aa2a77a03ebc0024cb,final,False
2783,8bd1d1a5540f342956c18d70b597e7793ec7959a354922e72f66ee6b8dd5226f,498662d00cd172867e9c51dc0f3bd6ccd87adc34ad509d11e1fa1cc5531a59b9,train,True
2784,248df1645e80779d61cc2d54abdd5d6ae99d75694f01e826a89a898320f7d6ea,7a3779470b28eddca315ceec6831928f1777f6c38a4d26f797df1f4c14f981c2,train,True
2785,7051214cb4c5f2492ced6025d0bcf2aca2086d1e529c7b8dc4ff71012d98920b,8ef5ad26edcb5c78dd2d173108bc823e8fe1ae961f429d9a4c5c777709620af9,final,True
2786,c14d187e16cdc3334b84ed2db67c2a3182be84cac33ada9e875a8a8879708bde,5f8e261cc51b43d5a2c8192f1e40ca510ef33265098f24f4d51f676f769a8301,selection,True
2787,bf6038e125716d6694a5c80714568e3cdf2aeb860dbfe1f91b3f9760bac5f074,c989721afc442bf5bb38fd17c18f9114b751585bc3615487f9758b307cc18dd1,train,False
2788,15664dac5c984d56884c4e1b1b417887565969cee45b8c6f216bb6890266a849,fff79c0660e339f70e88e54fbb1439e009c9bc32fa5c14a8ceca15d5be1c5a81,selection,False
2789,966b01ed64a2eb127e35cc63140c6eabe9f205a29bfa844d75405738600dd113,cf7bd670fbd83a962fa576866edb30bce1b6a31b924539cb6722d57a5f9a5e18,train,True
2790,cce8bb54a764c4be24b9b2afb09bcf9d74ceeefe8db15499a902e814dc44706e,d2d95961030f012855a7ec7589138aa0a7e9d8b5cb2456b54abfe25cddf57c6a,selection,False
2791,8185d15a8e22a922510dc3f51bc144fab8d82f7e4e8827bed035bcd411cafa1e,7cb49f382d649beeb2bc681c9106fdf09cad24b5285c776e3ffe71082df9eb34,final,True
2792,563a6b845ccbfc378233e99cf719ea279cadf92febfc95967a6e55143acf0e80,e6ef5c38ab0283ab35169357f7ebf2446f53fb3676b94869cee0a136643fa83b,train,True
2793,57fd9036b4bf72ac013fa22626c1d0c540368ba93ff5f47d52e80841a5d8c938,440b5cda30046a393f4c0f63ce29641bc7cd27a0c81967c8e33bd83f9f4727b2,selection,True
2794,b91bd19218b855e17d09e8b0745ae7f5767a54b91bedeccd8618ea2dcfd77308,711d9e305d8dfece1e8cc8096344277eac14d3b1e062a90cfb46e4601d9d758e,selection,True
2795,be9f246aa5904c2d495b5c24f2d65a781bac420ce3c050fa4050a295bc432d4a,eac60199c1975eca351c19481d3ab555ff71acc584886abc4d9b78572085cd1a,selection,True
2796,dfbc444cca75369f5c03cb556fd0c734f9214945e3d761e632eaac70969df8fa,76313b7c23b76b014e54e34e36af2d3671b990e97fd72882ba6e8b5004bd7521,train,False
2797,e2955fef5f5672de89bfcc5f49dcdda538010f8e387f4ddfd82638528466721c,342fa3fa7491140b4f7955e3d0ee3c12fbb49abd11e5d2fce8d95d50fff7526d,train,True
2798,dbbb7e098f215690207804ef25a6cba4db16cba181b98f7f55f3885280486974,fe2fcbd651d18ebc468335071b4bed9022b70b7c3508a5796bfc10fabefbf836,train,False
2799,f42690121df9c7674070c77f14ce47a24636431c2dd2c7a0ff080407b9c40fa0,0592fa8be7067fe1936cbed2614d6a7b38fc99cc948fec4f80eaf53d3c29a8e8,train,False
2800,5a6c1426d4108b78aeae2d4c175645c80a7b9d95cce85a34e5797c1c35a4f7b5,be296f4e3c8f703a53596c1b4b6e0c2fb186d5d50a903cfe9dd246298e29ed33,selection,True
2801,dfa5785914d9af08f04727e765bcf2104ef598258cd6771f38474a3bc76f12ef,e85b6fc8a41280ac4f4082a6759c60d8d9187e0e552bf6c3b3d3fa8874629245,train,False
2802,c2f106ea595adcd9d3c2f73014534739e4d49e98170c543a66b9d1dcba19e59c,30176ef71a6119847b80aded39c6b42a92fd8d0df6866a93f46a0151a4fb4742,selection,True
2803,71c85aa6b75176b3419644874099a5f2cf54bd5a7011a7d3f33cd65d0fb33642,d303218d7aa49f5640d485302a1bd29af0cb99cfd62c076bbfe40de612542ab4,train,True
2804,6ef3176b0235f7b926ce283acdc105cb8922d139539dd04ba65a44ebaaabdf1d,e69eebea77dd729e3135f0bccb7ef27bda94fd4bad686671b07c3be592850f39,selection,True
2805,bf7e65b6d2ba7d900b7a80d82c3a21b1c987e159f06d5cc436147fe30aeac488,4857d1959ada18eaaa54769ef6ec8e97f7465d257fda7a45eb64356c3e7f4144,train,True
2806,99f9e84d09ee85f36d47856af31ed5fc74d79f72f8cfec90c82b571f5d3c304a,56b6601d82c993c46a3b21680527ddb83538d10ff41b7edb553aee2c28975165,train,True
2807,406df66c21ef20ce230b31349da2e1d2f5b5503a1013f11fcd64776a234aea22,3af580955651152ccad81e8a3b72c534783a400e64654729d6e8811c64bdeafa,train,True
2808,94e08069f2ec138b2d38e3d686323a395bf350db23266511fb77b0443a57fa7f,64b7c441313fac620c546f8e35deeb63e8f5327fdc6b5aa1b090f4a9b0f59d37,train,True
2809,98471ff9dc52dd7011e7b0441880a5c042dd078d8b7676f000e3dd0e8d968bb5,f7268f828078ad51bfa347877bb39fd2e1ad447316b74d5f54b171e98f970910,train,False
2810,1de89dd53494bea6f1265ee41b871a2f6ab22e496d9152e118cc6ff8f5df230c,264c3d5e1bb1dfcc74e549a5c7fd487538d90cd4627d0dd0f956a2418a24374d,train,True
2811,37546f2cefbe43c132e809ecfdb23f57523f6b4f61b082551ce793bee8000de5,e39ed24fbbc47b16d4d551acd5c7e5865e6d5e633f7d4adb5fd6b31fbd25e347,selection,True
2812,69a6972cd1f79f7b776fc21ec7689a4b7ef4f0002d1a1d7a06d21a31c4479923,5f89ce8d91df20750ae94e344f6cfc1cc275c49fc9af567c42f87e7452334b13,train,True
2813,7d712a2549cb44f86705259b62803679412fe84eb7bd1a73774a48588f6290bb,823a1898f859e9a22eda1bcd40207ffa2877f06ebee6ffe402fdb69099104bd8,train,True
2814,b170ea35a000f1c83a5fecb728d3ff848369240a2524650986a8807ac1a6b0c6,ffe006d2703afa3b38488b23a4c317bbabe8957f5f641010e14a40c35ad6f227,selection,True
2815,b87b58e3e88b27efb5eab81b0d0d2eb05233ba5b8c352e2d96df4b914d95cb05,b91239172c2e2faa797d56de7e29f4471ca1e01497f2ffb15b39f5727f7bd18e,train,True
2816,5212d314b29449f2dd2584ac73630aa9c28b8630b1b5d90a5cd2c13d9f1bce00,3a77220f87e29cd5bc79b4ec4f03b4c45417eb74293213c7b99cbd14c036c71c,train,True
2817,6d4eef9217a9c44766b2585897c271c30419de905c76d95d731fcab6455795a8,5cce21c3d4c54bb05686ea920393216f0876762e74de880609de2278727b5b1f,final,True
2818,2ed0b55a85d6f238cdf8b0604cbabbfd8c0bef5d20033884f20e19304c72ceed,8be96865ca3a1f46e58a366d6a83038d68572cea811681f5e4a99a9f4a9fbe47,train,False
2819,fd73b78a9735a4fef9b4fae66c9261cc0c7b6c61f4df99ae7bd7b95097b896eb,419643cec9c503dcfc6a3b40ac8551f1179faf000450230b39b10d7e1bd9c035,train,True
2820,61c6bb10b3f03f987c5362b0a7648075b53945beef865c889cad8cd81cd38a48,847e913f59591d093e584ffad86853b75c89cb68871eace2774a0876a16d8474,train,True
2821,214867db30204773ea40527a1eec2f1f2b323d2897578f8f44701c58cee624ee,e108e3bd210518d23e5b4128dcefc9b4bc7fa5bc6efd554b48759971dbb1fc5c,selection,False
2822,14d71ee21dbec3969cda002159a733b18e6c216e9e88e167012438a94fc0c498,e8a3a036a11c0faabd8f34ed39f1b197263fbaf840560455c8ad68a4e9a35ad4,selection,True
2823,5f16403e801f1220abe8ac7c59d5513af5394b8887e9b98bbffecd627aa65691,3dbc4b0cc61ac603a99d41a98b42162e322f3817edd71a11f9b8a6d490dde8ec,train,False
2824,7e5b768251f5d5fe4e80ad67ecaa67742382a2f2d76288a8b0bc41a01ddcaba9,a5522c57b6306ee406091d7502f4205d66f6c3606248abbbd1f9c1567e968f62,train,False
2825,501eecfcddefd0477dbf235342c1ae9fdde6a5121a3c2429702e5487b9dec732,1875555cadc4ba10a8a366b43f4124761ac70bd583e98b040a3867c986b1b6aa,final,True
2826,6c2a0930bf6ed57bc1167462311abfe4fd8c874ad61ce92aa656152eab9b46bc,3f1233a36f8af311292d7aa993476769b0752a9404beddbc61773c61f5a7a8b3,selection,True
2827,400289e05df9b34944ec20dbad06e15ef5a7a6a2bcd77e172b0473425d1cc484,bcd27507ffa224821e439a9b827be7ec45b8190c8b306e70ebd93951542d59fa,selection,True
2828,56be7904aa227de6f4722f7198f9952cdc491e6210cf03597c16c995b7cbdcd2,56c3c606ae9bd51d1f71fc7bf9a22acf00064485fc83ea57caaa7bdbc1cb9bc9,train,False
2829,703a99beb574e94e7cb9fd6216d3f10433f30bbb9f226dc97711c24384201639,ec6a5ab8ef42d8ce60c0b3491000f297e5ab0eb1b3e53117b4f5deeb7fd56434,train,False
2830,70f500bfd39582345257f676e7ad1eafbf4a6eac70a68d9263f8bd3e199b101e,bd9c0e9bf5ed618fb8ae82e1666af190d791ccb32be2a02ff15bef0c3a6563c8,final,True
2831,dfc4cf6c584a5acb4982c205d49f8670ac3f5cbbb65bac56e5654ff2aadb5cdc,22c9ac3041206e739b604c80c2912bd8ef23774349d63fe4dae9314e6dfd01a7,final,True
2832,7350266c1dc0e186796a84eca0c84add78e443dbd3223eb1f376ede10c1840ed,22c786bec980ddd546d515839f61f0566d7079fc4dbbee8bb98a752779b69f6f,train,True
2833,d79ece5b9ad68a0736a760fdbebbbfa124b3d29da1e200cccf48d8c940d471d9,dad39b1868001185d6e718738740137900002a8ea79d47a8bacf26827ec750b6,train,True
2834,cfb286096ad0beb9f708c19c7ca4d29c68b1a3d0af27d3ce6491d89bffca2864,4d15aa7cd70fb4632173dbdfed59766be4ecb3b729032c86368b4ffbc53318a2,selection,True
2835,75f95d93f1eb89feb62344a1c15bb88eb11f84578413b99984cf885e385fc020,9be1880a7ceb7bc5ff99a9bf0bc09dd9ec229df3c28242134f0ff7caa6aeac59,selection,True
2836,c57e6c81664c2389eaa61451c4acd02336d639cc1649b8cbeb863579c3802b99,0282901991ccf77e5569f352f92769a77695add0ffb619887208dc9ec50c24dc,train,False
2837,1bc9ca92d9b2e99c1dc7f2ccf11dd0d6f9eeffff0f6162fc5912ee7e26a9abfc,791460c2656d9ff798674bba643171458a25961e274c3dc64a46f03935a4b21f,selection,True
2838,155f85040506c6ea4ea5397b68f962941a5eeac8932c641decd75dcfd6e1d7c8,4c66923fb4fecd1fef12161b254db4bdd4df44e7d03f5bc567bd571d6b15bf8c,train,True
2839,7de8dd24ba06ec1f7811aef9206ca05ec43a5acd270a56b5202967b969993af6,00ef57c9b3ae61103945bb3fd1611b7076814446ef2192e568b5dfdfc50b0e01,train,True
2840,e7d1c946a9121be24573a85b73bb0caca82f674f8893ebff657c2f594bde5477,b823e405056bf3b2dd70ee2872ab2872775ec22983184f7271eb5a3d6d94a972,train,True
2841,283c990c8c1614efcbb7c7404ab7a58dd1b9844a3288dc9162f7b7785558bcda,a6d7c1c9dec44eb917a80d9ad9f3b30e449b3f94383b3de9afed084e7d4250a0,selection,True
2842,aa6a8f77b66cccbbf20d3f4e955863b9e1e9429c1a97961f2f6b4fe13c9e2520,3680a95aba10050e7d13850dbd420abe6bb3dec748962aaa77cb96800d45e45d,selection,True
2843,b81bb9d460ffdccc304952a186bd9f91e1964783b57235aeb834bfeeda7ed93e,25e4c7fd4d83ea56c8a2a8dee5133cd09b87a1a81746e5e5f5e43c4b73f70ef8,final,True
2844,354f3ebe8890a2c9ff7907e8872823224471b9a892310327af402f31800d322f,6e8d5c6cc998dbc99f009984f8e088c152ea97320ff538617002ab6c7fc6ffbc,train,False
2845,6afd5f9d7c29b93a5d72b1603c40c7aa086ed6fd6d380468a3a708a60506c2f9,4510452f55a806361eb90f222f719aaa62a62df8390993f722895b33646944e5,train,True
2846,9573d4d8de0598670ae8e89317ae9028b15a58e3fe6b3a5227f9281ea725918b,722b49cf5a6879c2f08f4b634e1ad2bfb223429bd7cc057844555d1fc3983771,train,True
2847,e58f46dece44c41bf6b4c243fe1a0b41285cb6f8ed8d72a8b2f9292d78307b0e,9ec214dc64c95ea2076f9e8d7507e0e3bc04a14381ac39c840822a05d3fb0f83,train,True
2848,88538c1c0c5e7a4ada3c21adedd3fa1efefbbd729334f5c6a8383361845fbb5b,c854ad669f7a93ada6d96c3ea1b6d92c3f707c4d064929cfd840dca72ad39dcc,selection,True
2849,bf23f127447bef6a8434c637f2dd2a6d11055818900927cfb5dfe9dcd5cd53c5,66f15d534afc34568ff11a5509326ceba9a1bc30743e04f28e36121b134510a2,final,True
2850,b73e51997a5c385becbbc8e654855035f41e6a3d85dc059485919cf7e76d25d2,a95cf6390538c0557fdb3499f459b3b776f8cb133aa390d29107e58cefc5fd0c,final,True
2851,de431186fd972ca4e3c107893f3423e51f222150885a47c46d6bc0fb26cecc76,8c98b36ff7de14d3858a79a6a1e3aa2da8d338ac357de3df2b4fece0ac3ffa63,train,True
2852,5cb7f9bcc0b98061b76722743a2a4df9a6997bb377c0dfb000bbb7edcc454c91,07ae5b98e96e007cf44c8010802bfa938f584b2fa3c87dc6bcf5e4a1f8288204,selection,False
2853,0d4d77e24c059d8fb02452565c6c1e3912893ff19010828cdd3c6b287fc3c9e8,03016912225310a3aa630b6a5b549b5b8799928c7ea29aabaf4e6a2712b05dc5,train,True
2854,ae3a559f2cd5be5463bdf9a05726cdb6df09c50caf79d7207bfda5c1c8a1a2f1,a0a429f0c4f09dfaee4f28fb45d7b810a37441347e813397622085acb2f46eed,train,True
2855,09d2223199a14208d68ab0f7df876c3383d219d04db6e566709068ea742f9909,e4efc3babc013e2131a4949bfd5d6cd42b74a09006fd46f6d50e68b64110c79a,train,False
2856,94fc860492fab4941a5b9fee369601a5de126ded038ec0596e33ffb09d7c570f,a338c70e2a7e72a4b8e59d537d360d8ec780c3ba76730a09bc4400ee73af95ce,train,True
2857,06b2e31b84b99a16f901f4b801a38c90e491da318c3d7b073c0263f5ffce6d4a,e319d5012ce219c7fbf1c8bcfeecd6ebf7eb3ec95c34edb7daaacf1be8eb768b,train,True
2858,4c8b6871eb2162eb03f400f000b32b2cb9d486897435a84044072a853b498f8d,c4715b02b9d8f1607baa9d496d1eef0f5cc4a16d88f9a513bba00fb351c074ee,final,True
2859,82271da2d5f299b0fa94fdf93500be7ced5320423a4a2cb4241ac6a686c8f59e,7f2456be687cc93c544b12e52d1b35897e567e3e5af9b89391a58e3d579ed658,train,False
2860,6427a80286b20d534935b598a839b087dcc68be7ba5b51bcd614883544c741d0,02b1504849089dd17151bdec09df417d2ad2b00a62862c83ae56a36dedd845d3,train,False
2861,d6b62e2b5f2cf035a219ab9e70f894d94dc2065336da5543dd1ac1acac9ceb57,f9103e9dd926065f5431f977d14188912f32548637ccea357bace0a5dcb2bb3f,train,True
2862,221674ff62d708d4c4d12917be2399c6254d9dff9900df71ea63a36c24a0ff2d,78702a4169cb3c4daabbe91150f139c7a40245fb2f07b26e9a892bc743af3e5a,train,False
2863,b498bd0dd7fffb8f57680845e4d284d267eeba393b19a91a8a1fa6fff971a37e,2a38f07b8cc2bd3993ce1f3ffbab27d5d7c149c56dab6944cdfb5bdba3152725,selection,False
2864,c17ff0dbbe2cf7448ce1cfe8796d680665f1644e2d3559ab731c7e504203f6cf,04db2332f6772689057beb00d7503accd01c3000de66de10169219601df057be,final,True
2865,c2da667f83d404428d6aabdd9e6d33e344a61fdf6d8b614a4708bfa71e18a292,179278da7eff134a2ae8708b7e38579316383e4caf7980f05b7a406539099e83,train,True
2866,d96259fc1a06d5dd0bbeacac2086a49412e42a8c3cd842d02f16dc22ae8c0149,03e45f72d5df7e4cd91515459ce67d5208727dfb8c562f4dba35b7df5422c17d,train,False
2867,257ad4e8d8c77e2dc396fcf705273c89762eb94e7152826ebb9920032368c5b7,8be2cd3a83c67e474a4481f78728b467a639002aca6ecaf85c65aa9a255568ca,train,False
2868,04023ca40e563dffb2a84d883f758c9257e4806dee791b24ea75038d576ddfcd,c12f18d9338b384323eb427684ba5792ddeea19980601447878dc9a527f32107,train,True
2869,a8beebe72f8ca5c672695941ff1abe19518ede17a1b50f6be7670fd228514ec8,e464acbb5b262c6b6da657419f91fb0527495b13919dba42d5bc3083d5653195,selection,True
2870,88c27c7698b4fbacac88104ccefa2dd9e69ffd539f3696a0d77b82fe76c315e8,b28ccb83a408325299ade6a35f84df435309dd8c0dd48385c22bf9087e1d0f10,final,True
2871,f14d80a61cb9efdda6f3e12febf4ece2bbed55ceceb2eb714cf019650e42b47a,ac9ad428e9bf9252224ecd7a317955e2fd141389db0e7684efbef3e3843562b7,train,True
2872,0df4d264ca2c1d47aecedbff031f0d4630f5d11634ac008adcc4baba04fddaf9,481019881c43c10faa5dd1d9704626e86967c73f9097b9c29e343f51da01e529,final,True
2873,912b1c3069570bc887e383e480a0a9b98aef7161431c3fdb462158d6a8f7a9f6,d33f4fb6048ae5da27bb60ab1bb0e4bfc937f8bff3daed60a41b9370acb0d5fb,train,True
2874,ffcbd4a1c5c1cda103f3805429167ed7c91da2da59559e62fb8f71fac2029ac9,5041d9f6e79fcb31354d5bfea9b422a64cae8d4ca0f97e17014a18845909df45,train,True
2875,a26bd87ac006fe8beaba99c05bd719d511d0a1169f903ec15942bdaa4500cb89,1bd8df677a9c157835862437c5fd75f84b525326fc3ce27c2cb71b6be1e10e01,train,False
2876,22f20efba81dc121adef8890120d4e5b6f8cb02075060132c813dbefc294520f,0a2f8892303664c2417b4815a6f9f6054be46584ca6e432c529cc97480a7adf4,final,True
2877,a788b4d0e38ac50d6839223a2b8d217075ab84427e4e470ffc519f792d5d452e,dbd93b33ccc961d9416ecffe34576a47e43ee3b33746b4dd2d4fb6a6b04a3c9e,train,False
2878,a0442f5fa6d73a5c14bbdc918b5d3bc67cb6866c627fc6f368c50bcab2486748,2d06febfd3f0fdd47523e9751e41544dd63c2703462a44961050fe2f4d59074b,train,True
2879,153d3fbc5d3c591977febd9b6a464cb234d112ab85cc14680f348fb8792a5cf1,1d4642daf3bbe4c5ebe50dd5ca97377a91bec79a66ed9c65bb2ead8c4e7900a5,selection,True
2880,0b72ba646d026ae20d1cf68281c0401025df329135e405aa9f84fb3659b77c34,e07cd143ce3e6eb47d9e07f875eb3294fcf067b60d9d50615a9dab2480384498,train,True
2881,0b9dd5a3ff8510a2430efca53ce845044008d5e7771ef9b5fc8d6b7e0b3f70fa,63a2ffa0938f4a3267256c4c8d94b2ff1c67a6319d9d5cac5d061498b3f646a7,train,False
2882,d6f3fcd86895e382effa4b484ed98d8d11b05f18d579484491dd1cf7e70b57b6,194c3a8f09c87ffe0641b6b7a5fa9a45bfe248bfceea693152c15a33edd804da,selection,True
2883,e057f117ca048ad90c93ca9deee3eba5d114453d08cf811cded55c2e764b1e54,87361c860b2da228dcd9f5a8409b8aa0af54cee2378b1a9c4513fd19e7c543a8,selection,True
2884,f4238fd6477b71dacb39a68dcc538b845fd0ba4cedd32150cdd53124d6c3742d,a76180c369b1e1d86b158de6a2f14768a4c62bcd1bd3d11e157d5b9aaa571263,train,False
2885,910b643048cacdca2abf491648b94c0f90b12bdf52da9ee885112516a806f8d2,698140417065d29089ae7367946eb28dd7247a449b2f5f3e17a7bba48f056f9c,train,True
2886,af76e2a897d0179fa43b232d3e92b4c78d5671903ea1d08c742414db2fd0a974,2188f2a78d95e4dd54869cfeccfd4278f3b69bf2ededb9ec7b2a19c1d1853bf3,train,True
2887,ce5db4c704fafa379568e61083b7f44e415deca80a1554a1cf69dad781b3f813,cd5bc3ab704ec6e5e70dfee63c3462aacff8bd618de7dfb60411bba6e93e5e7f,selection,True
2888,0fbdece872fbf2a0bf0e62df6817538bd64377a6a79e12ef765aa23985a38969,e67a48b2ed2be28a99eae182f1ee79a96be13b8bfd5ab6952238b3aa79292fe4,selection,True
2889,39994107ebfed2515bea0353f8edeb6776210e01ddd866468ee25bc8297ceeb1,f9cae23ad7d1d214d5da31fb943d6f8a4c9151397e4664b9975c112675aa55bf,train,False
2890,e84550a0a276557702ee83e3ac6f74f600f178b2470575763f515592e40b73fa,2ba8623a3143b3dc994aeb3d136318da4f63f89de105f7b53970c1253dcec729,selection,False
2891,36b6e4dc1558921a1468b9965796b1cf9f11113cff40ee89966eb48ab1eaf0e2,b0257f2ab19ef3b14ad1ca1a6cb4aa5f7109dd77596969d5b05426277cfbe0d0,final,True
2892,8121c07c78251fd1575b67c43a3d355680a4f8dad6a3971726469276ea7a086a,632ff8544791bbf99cd3de77ce60af5189a85c9466ad1dad75ba83ac70801aad,train,False
2893,8707f62aec4d4c8ee6a2b1a1916273188b69bfe55fbd7b5377064216e2d25e70,7b922d81271b02f0ce216842d0f08b05b5d3d8b1a878726fd618423cde4ce447,train,True
2894,bed3cd58a1cbc4cf06db391e574d7899bbd93a135f9b261a75f08cd1a6273d78,12d3ddd4b32ee8a3a0487a537cfa3d2d130715fa397d2a5548566ff6eeee6844,selection,True
2895,d8f9d1f900f780e77718dddf757f4b3b8131fdf18497b751122aabe5babb444e,223954dbb0ce11227c3564a225ec1de7b582aa6d5fc7aa4e56a253258529c7b9,train,True
2896,66c35169b55542e8c0d12336632c31ec0a580e712fab0a8200a37b5019e927ba,1acbacb8675cd105572db1c30c15dd8c9dd7cec3449a2f069244f7df0e8876d8,final,True
2897,0386834bcecadcbfb1494a3c9d16a1eca5a4113ebc852ab42c3d90572bd36888,8e3ae534606cc3973bc48c7bc3dbf4afa3d4dec57e24b2dba34022c84fc38440,train,True
2898,879b17a31984d5e9b6cfeeb1095ab7ad4b5eb786bd7e4a018681b21a4cda976f,2813de587d4cee3e3bb4d3826042665aeece923aa13b231686238cb50cec0bee,train,False
2899,e841a27cdf19910ff06515d86fbbf861505d4c75570118004acb9373c31da88d,60043d05427ad688ba2039553bcf09f460016601e0e6ab0bc27e658d969ed5f7,train,True
2900,be38015f5a468d2332b2407f75fd10551d93f6813de547ac405347d33679c372,d56e0fbf3993077034c9828da815317888dbfc4e5bacf33c8fd6ed5904d3b269,selection,True
2901,77c965e2116a2b94dd2bfbea303e53db3c8ecbced11a4518ddd81a99a9163af1,0d0ad37023e438ec6016301d7d05326dc6e47a706d81f345efdf33b38c793bec,train,False
2902,4d28c879884a8595586dd53a711466167e86e65a399da49e5070fb772db07042,e98d14b09c03c2a4bae410fca34c52b590f211902bda043b1eeb521689c4892d,train,False
2903,27fda3bcc1de3064997a6739c78f12289191ff34ca807bbe5a9b894001de32c3,c998208f179e419c622a1756f268f7ac3f00516d59e858f9768287f2b80b137d,train,False
2904,d54ed5f10b2ac95536f82a2ee82bf513a47e3164e4626cd111b055c3e7e5d9f2,fc76dd73f2d39d722045abd1824b386b11126046464785adc9e8150a21e42b8c,train,False
2905,5f5b085f8ee1e816cdee99b6d40ada513e57dc1b2f4b088da2c67a770df05f99,20600b0760a09f3b57aec156d6f4aa07ffb654d888fe23d54768fea373a567b1,train,True
2906,05d99d2fa03f3f9406805ea3d18ab69ea21a57b0329b2ddbe4ea499e2bddc48c,b87a3b996eded262c84068cda4590719260c15cf8a91474211b3b69ab9b23c10,final,True
2907,e7de913ddf019758d9dea8ef992a98bb250ed9aac91e3e7ea0516b0b9ed6de80,e732192b5adfe633be0d2806f477b21fecdfd178ad40e4e6fa6084f485aa870b,train,True
2908,389b4c1e56a4d9fad05af221df1f9e79505a4df3c56bbb06f8cfa008a99ab222,0f2a2afd2641821a7ec2614ed1531117b1dbffb87fb4854a9743a9df76420376,train,True
2909,8edaa81e776d24b65f89cb9b3691b065634971d4b031006bbd1dc3e014fe9e2f,99032eae8d4f84edb226a6bf5d176a8a7c1c416db41b76edd0ac369f9c4ffe89,selection,True
2910,4158a209145ca1b84501578e0b07f10b50d634a549d32a90adc725d11260811c,66967700e36fefddf5a24d2aa42d00ceb86e6189e98a124960c5e761056f1fb1,final,True
2911,1a695f28be07af38d7f89346e1f52781235881a13d9bb5e7197801dae4e5c726,34bf465c5306ae174748a5b6c2d4a986f0a4d57ac3b55c016d0ea79ea265c30c,selection,False
2912,e643eaaecb541fe6732c5ea85d7b522cb51c3b88f345ba0014d48ea9509f1add,6274711ec11939f2d22c54e98b7270a288f7c67ba9983c1936e7848c9b24acca,final,False
2913,535734ea3ed4cc5f2886929b1fda464f512166af59f1ef165ba782d22af454c5,039bd1546b83726e9d126b9b23148c8f410b62cec5cfd5e035f788712a97c573,train,True
2914,d2e23d577b3f585e2627708d3238241924bb3fe79b3f6f6fbc66edfda52cb208,e5dbfdbc5483f2f4e2f37c8449492e7b31944c6ecf3854d200a3105ecb0252cc,train,False
2915,783d167490aa13cc368f9383c2384dd5dccd64961e639116fdf34df8799f3537,ba6889f99cca7f8352c0ba28da1f24a76ed3de30d7cb2b470d954459749376fa,selection,True
2916,98d90615d920a90b0b8fd8ccbc9e602d8e9e2998ee965381320933cb1e747183,247c7bc8fd5e7f44abe43eb120aea306c797432edc79cbb040699842bb1a212e,train,True
2917,743ff70fca7b3095dd12aa2baa13310744daa54748b17c3544fed6855dfa8004,70f31d4942776e9cc10376f511bb44d81d01ffb06dbb94744d358d276d8600f0,final,True
2918,466d083f0c2eae3fc982f49967d350fd99731b488150898a6a9c86aef205796c,40306427030eee7902ca977375014d954a65bdcb31583e8eccfa578481f288d2,selection,True
2919,16609e45066281b05aaabdd2bc1f487046943ebb96b6eae5be4804c41adc3c99,0000918c1e3432659199d391bdffa87c6d190f26d513e5658aa51da3166c1faf,selection,False
2920,1a957f4f70e8cac4e1eb61556801d90922688070a9b2c78309a36787a50fc2af,33a5f718398321d65e75bdfcde80ab033cd444b6f114a0c4f54e5f27009a0008,train,True
2921,981f29532e25f49ee57ae11fc797aebaa51ccf3c9ceb3402050aeadd5263dcf1,8c6dab7fbf8e216ba76735169ceeb6f8fe66d9b17cf65eadc51a8e06e5f7a8e4,train,True
2922,868e03fff60086c81b1ef27033af8c877500d06f12fb91f2953989436c62bdd5,89f583c0ebd2558a905c30196e5e79338df60a490b953b75125796190fdf3195,train,True
2923,bf1d9441643426694a0638d34db2ec361e51b8d3787b25a381e61d58838e89d4,ad9a1722c8ca97db35bc65c6ff10a2349cbf8b2120de64b358fa2fead02e4e18,train,True
2924,b0d80756d1f39d284a5f38c92d752959b7568f38e6a84734eacecf31b95f02e3,531e47744341a2917cf2097371dcd5c21d9beb62c22c56ce42d7f236c270cd18,train,True
2925,72bb5613cd31523d9df295625e0cbde6b702f8ec5c2d305be4ca148528496d98,813b1eae05fa61105002f66546845e67b288a669a67ae8fcf2b8a4a9a1f9669f,train,True
2926,5d984e04f5535f30b7c206cd093ed472bd0773a140e101aeac2a064e42ccd037,695709a012ebe911ee4bf3f5a5f6a03705510bd418612a90750067dcb6e0d28c,train,False
2927,a0f3727b08d551aac2889eb391cc15fe4f4aa05eb636800472df5d87d5e1c60e,7328ce698a7dc18687f87e68adbbf75f2c8d857129d8d9da8ace632409eef3b9,train,False
2928,55b10ec7e0f0f8ba6377bbee154f5494ae6d5aa01c0092f0c171f00630cf9950,d0eb0689b2d99870ad76f37c01f053b6378a8037eec9ccf73d8dacff17cab6d9,train,True
2929,94c422f810d30a389cdc0b98cf84223c85c0e67ba8d31c5f1edcbc5acfa63640,9b5f31c4622e187a8b4cdbd52dfd3a1a97edc8aa24aac7671b3ca5e74b7d8eb2,final,False
2930,1107cc069f2c5cc5ab20c03fb5a55046d3d33786d53b430b180f3c9f05df5caa,c04baf81cd5a19f3c0a58864a42431223119e733c0df645ba62e5cc13a6a5916,final,True
2931,d9ffce386c6e44371bdb75108806caa1d7f4fb124b85c6ff017006eb5dec504b,df3d5c08e345007ec033e2a6aadc2ffd022262765acdf00a6105b2d1be54be89,final,True
2932,69d9bdcb52223af3b271699282cfaedb94377a6bffd1181393701abc12eb9e0a,ad8649cc08bcf12effce8a170c739f18272bb4910f52b2062cde0faab5c526b9,train,True
2933,ab05ae9282bd6cd9ace9a1d7b0aa37c32a323140388bac7cacf13fa4cd59bfbe,e3a7134a469b252e868a40e29e69e281a6855715abb8653b44e6f0c9f5fd7bf2,train,False
2934,b2799b39c599b28c309fc26e8231a6fc97ae0ba581b19d51df68def3c425ea55,b63f216c6058a6e450465048020ea8e81bc08289040bf4ad1b8034c01026affd,train,True
2935,e0da113617233e1f3152ac9d81fa8430822b89a79b143ae1440febed8be4f85c,2fa47847abc3db0ddf16f10f689ccd87cab4df364c82a7b4ace50b445d75082e,train,False
2936,12903acc3b504c3fa55ddc2ad9ec9924cac587376baae8b71b9f13b2efd6c94e,84837fb7fbded0b957561055f52bbe30b85934826c730c19ba3f361c85cbd562,train,True
2937,b97873964515b76bda568038a239821fc51686a8c7d69a0e3a1336475a30d2b6,951f8418f942e2d3b5794205caf39b2c21d8ec32bf619ea9980d83230f408411,train,False
2938,bce6d3c9ec619b0d94e92feeed12a15b6eae8ede497f9800a73e509a6328770c,7474a9245c85f39f6585fe47671e5cfb102114da3b7da12cfceea69f6e9d93ce,train,True
2939,9d0fc7b45877686cb6c666592b1882b933c67c61d7eb75029e804b4296aeafb8,3eb8d59af78660cd7e26837a590e9d7074574ca51f5a707b9728a5e1ff44527f,final,True
2940,db4821b71ece20435c4f78d0ed6048b8954aa71a3ee0f746dfc90d25bec77f43,9b1ad2b41991b0622ff1ab509d0ad63a3c494d6076223b9a7cd82f82a591ffd6,train,True
2941,af2c53d0443387aaf3c866082ccbbe34c44094cd17ec07e3f5f513f6f094468d,b7232798bba56f3cda8451178d87c2a06a8b6d1921887e36a861dcaeb4e2b8f0,final,False
2942,0c1063d121d9d73cce768da3fdd7e1ce034081c41f007e4086b04b3104651014,e979b1a9a56bbd7997da6b4eddc24f4df65458e26da924e0a6f8c61ae8a0a09c,train,True
2943,538267527b94e0da9a6a605c07376c6a3b36c2d5dfe46dd1fda05a5ecfecb4e5,3ec87d70dbe39017cfca98c29104515ddb8b3af7271fcf00bc900349ecc6a9f3,selection,True
2944,284e986520d256dbb5bf6703502b9ab9e8e250c68931b711aeea5ed8cca9104c,17c98c8e34af1d38bf703388ecd091c8d5007ec84c45eddb22e00933730413a4,train,True
2945,4ac9b25ce5c56a922dd305335a6488d942a4b61212ed5cf1f9d10395a9d81dab,e6ab33bbe6632e5905cfce787aceaaffa70945921bf777f8df2a1ec11f3a9337,train,True
2946,f84e153660b413bb124160c9c9b65d35ae9ba2f8c3d464f52ebd3188e5c39a6a,83deeabba437df152709e07e48b0b619855289b4ff0971a4f9db8439621be972,selection,False
2947,337c892b46d02cd5a5a0dbf260884f4c5f35897ba26ae9b411ef67ac7a60ce7e,4de0279b8fc87b7043e4dc582135b5ca21cb6237b9f9d9e9e8f24fadf6928fa3,train,False
2948,0a6191c19a52eb2f28456751fad4b8ae9ba4a3cb7ec77cd72d277357e533f93a,590859b5bc0426d25b6f653135a73935eaf5cd10a16a3b4c57f18a76fd7e673b,selection,True
2949,6f7b08790dc205a7d36b7e385e11e82d17eabec717d067c69f28a3cfa3c814d5,3a4d44b02f542bea1d6f4498b792bd46494de3657da87c2ba2f5e3f7a72548b2,final,False
2950,c6fcfcc7dd7b1c513d966506e28620ea896ca9a8d5b51c9e26974215babf4789,4aca971307278ec24b557af4a5b732dbf0c9c54e1c6bfc4948c817de8b53760a,train,False
2951,c451a0177f7f488580548b109731c70561fff2aa624b2c8c59f771fd0e05819c,642b8e38ca15c6efcc630d87a7e4252455244ef6546855f87eb4cc0e2e095e52,train,True
2952,c273af097c3852ffd1be87c1c0398951e9f0377c46e8bbdc94933f184ec8abaf,5987cd70d91f87ebdbd78f9a8ce375f36ee8cbbce7a7bda6fff622628c4aebc4,final,False
2953,8cbf044a9f12ffea5485e2fab9ff2b0f5fd6400bacc449f378a1c75eed1771ed,2901e32fda4dded082e334fa80efcfbc7c3c909f75c1d28d17999b15aaf94bf5,selection,True
2954,ddd7007e4f6aaf2a859a663620ae21d9e2ea777bd11e45e85aaf8de4edea91e4,8efbbe7f26bf7a182c4b2672d4ed10c8ca6349234c43536041b3d7c117f01fc4,train,True
2955,d539c6cd780d9272a30aa2db8f5605ad965aecc0fa04afb2021fa10a7d0c0d87,76962e316b82c8fd4d76bcc940d7d01ea91d0d3ea5f5c146bf8957e276ed43fd,final,False
2956,82175dcaadf2ba1191d70dad92c14583fb3e1ee82f1238806a2257b749beecce,866685bb8b3b73f388addc83787de8d7726346f14ec000f339befca4aa46a5fe,train,False
2957,42caa495f2f6062f5f3bd59e517853623f4657efd12c05b28dda35615d6da954,ae454edfaa394696da3e3bf9e1c8fdbd3c92cae099404ee09e82b4b7b93f9a54,train,True
2958,a1fc0e112847115a76b25b1bd9b4f4777cf1f76fe53ab00e26b27f795c5edbb4,6389da2314cf83ddea36827928174acf9714b6cd0a10cc8c80676da8ae498f6a,train,False
2959,1c5605db8e299c7e8fddaf997617a81c1ad7cf412fc4f66cb559a8062587dc2c,672b04702daafc817224720b8d3ec6a910bfd8a1a9282364a5cda2463f4dbf47,train,False
2960,17f15dbcaae691fdf7181298ae1f7b4a2136a1d7d7c124cc6003ee4bc1d9bb3c,4d807d70aa99cb705d5b8b71e91d62d99b1ca9785f7e56c02ebedba7e1abb40b,train,True
2961,f7a1bedc47a1e51e5399926bca76c139a886f0b023e9582216d95f5a72d61cb1,0743951fc279342a5cf16946781f16fd2504ec22c8cdbd2a9b5e98c40c7a0666,train,True
2962,fce884e748e39b697e83b2236099a8fbbaa1684c9d11ed3d3417440c1d583353,04c7cc2a2e25ed200281f597b820c688c247c4d939c5c0f3355611da57cc016e,final,True
2963,436a9da02baccaa2cead08e00636766093c695973957f8a5bda03520db5de1c0,ac242b9f36823b8a5cadec36109634c1395a01f22498ebb8249e65898368778e,selection,True
2964,749ddad5b5ec1127b8f6dae18cba5d94fed2ca2411e5d9e3fa6937394189b08a,9d4f7fd02641eddfaee77e407bc18c3e377b102516494a82737320b32190b6d5,train,False
2965,9cd052298305df14f2b9a3185a4f27323af35ab3669724521967bdca721eafb0,c3c359597f29bc547a0e03603a771f692f8a51883ce507c8cc7fb875974b4bad,train,False
2966,33181645283e51a1e0ab895da946b4b911b6cce35eb035a0d683dacc609a9e8b,ebb5c0107f023cfaf1e39f9d89586f19f3a430639ef1c709d7692240e2ceb93a,selection,True
2967,7a1df81ea4bc4561a63b7fa8ec577f1549bc30f40ccc84de996555e6dd272870,2098385c6604aa343135b0b53a625930dafa3b622efbe96c63f02a86cd4c537b,selection,True
2968,208025d84a6421820c54a19d9bdd1e42f8d866f34ede2a93b42594535db3c455,f83dba46678b1b1fb8a947163b37e69480082de3d4cc6572b01a251c31b55c1a,final,False
2969,1e99d6065c6cf146f80d7f3f179981096bc19f89393ccbd4176c966c46e121e0,b514987fc319a846cfb402505ff935c8a165786511ef659a314d9d839644e2d0,train,True
2970,e691e904cbd92fc5ad26dd2575755d46eba0c9d90a6a589ad8abce733d6577ce,c111837e77365f11461fde9cf4299add8b869a0576a19f7c76a107d46b9d7441,selection,True
2971,09a4e2f08b0008bb40195db07d20ecab8f51d0271fdc8f2257abc32d54e38a63,61d3e327b0f12e69b37f68663761af6758d17b7462266bac82e6dd7638a6dce0,train,True
2972,e96452998bbc05927db4e4ef3b90f2f0eabfafd50b9a0f94af01d31f3469f8aa,a1eb9c714abf779b2461a26ec0ba1b72589843fbc05e87c158dcbdffb708dbd0,train,True
2973,48b1abb76b04ad7eba8a28a8fb904cb929468eeba29203ad94ac80330d9b7df7,ec74965efc7e2875150c9a9dda938a05e18497f364e9363d134c1df28582bbb9,train,True
2974,5fc8a00602018280c770dcaadd86f990a33183cd4535feea7074606490efcaa0,0b07eeb978e0f5a3cdc260fb2365caaf002d239ceea9aab3abe1eced5ef4aa9a,final,True
2975,1bda1aac01b94d6e92b9de68c7392d51f3a471fbdde7f66ef6562f6df5af73ff,3056968c83f77fe6aabfa07329ab0ea7b53671ac290bfb3a16d7328521e4cbe5,selection,True
2976,f353fa91d3fd224b8df5e10ae1118a8d273546b493744489f439e2ba18e249fe,1fcd657e9488f3dbd50a227ec6d4c904da7cc72d295964aab724a455d7c69a93,selection,True
2977,fb83c555bf47d21de787272e7213987c377552b40bffb9e7f42bd3381dd463cd,446d5d16b9ebf18ad1c7a8d163efb12f8aa045d8273c6c46a1c7d70d0cb474de,final,False
2978,a93af682f61f20b9400bf340c60aaae354e9a5502f3325719cd74aa5bccc7257,a79ee6ba4ad65022adccd317fcc57bd54683fbccf2f65f2ba852f17564d5a63b,final,True
2979,1bcdd316f8df64c9a5eb02065a9135c8ab468c5974e416e16b509a8cb23ff2ba,36de43e4fe20acffa384cadb077aa9077a39989e471827af69d42848d61406d3,train,False
2980,1bf09582cd295a779be478147222d8bd467962bdedce055dbb05c6ef512e0753,2898b486c1c52d3970c3e16b883bfd91f629a571f9df9d3c379dfa09c66d44a3,selection,True
2981,81f6d88e5de2f798a47fea3b613b556f7823d32f351b589165356d6aacfa1ca0,b7babf4aec3f2523e500fbe7046cb6b52207f1e9d0623fad458b48bfeba0d2a7,train,False
2982,5e2b74051a31f859eee0ee193460a9ed7bec68cae3eca3f64893dfbe57f76469,00631ea3f3ac2ef4e86d0f7862bb483ac5efee449ab9a6fc7aef7ed3d251e5f4,train,True
2983,ddc41b4047692736ac13b96a8b0c126491a7584f72ff3c7c57ff95bb20e0ea52,34b19e5bd61ce308947ccc5aac865bb0bf6a8d2978393230ddb7dfea777e5661,train,False
2984,e7962b385d5def3674824e25b8c53f26d0397154e9e0be71f89d0db651012946,7e899952464e34bbb7db85fa667b8c73105e18f46959bbc0114b9dc67ed0e501,selection,True
2985,968dfbe72b3bdd9df09bfc202b459ee176b967fdaa361672e6c390c028b2602c,4fe1ee0bd1800a106f96610f88eb0371618d7d0a4ec76439010e86e242a88de5,final,True
2986,b2e52f1678191735a1ff77e484a504c98822fdc4bddac3987089c04c05c78dd9,fb97f943701db7768ce1ff4b1327363b08cc63fba5a29ac905c2a6720eb10cf6,train,True
2987,1caac78a5327ec52e06137b37503d59ac54bc84097b185f8dad7122762a4fe06,080381eb071ea078e47737e2c3ace16257af6c4e7f8d545fc38d506eccc45dc4,train,False
2988,d98fc98955d754199337125dd891f392cabf44adc25c13ac00ebadc9b5a96610,946f400693b040d4c8696907fe80bc26bda49551a6bd19468b0563da67d7956e,train,True
2989,c3b5745e402c1fe38494f335653024295af6a50022056341f1d8da9b29cb2764,e9e06ec5d59aff5de97254a494f134778d590194a6c62bb1f0567b3e1889066a,train,True
2990,5e780ede04ae13fbf0d509ba7e5f61718dcb17f36524e92896f18d835952154f,1ae38352cb3549983574d2ac38f0b8fbc1e52f845fe568aa94e3932258e088bc,selection,False
2991,54b576ac69ac0052082026f2a2d5b6c6344d41941381837067c31f05cd71f7c4,229d8b2c6f86d69b2f7d8020ddec2895f914636a047b9c8fcbbf9e7828ec7caa,selection,False
2992,d20046cd36081c4d11268a93e62f088f6e6d730e7ae1139764596f9f9eb497d8,cf5a4cb7edd5cd15959c556a6ae60e4354430c789fa14e6134e6ef0ca0e9ca20,train,True
2993,87609d26574f701a1a5986cc7d6e6372ec4fb8ce3c38e1711f7a5b87aa43d4a4,22ede23ff9eb6ddb1b657e9126f127147742a0e728c187f6e3edc2ba769d3332,train,False
2994,fb82a2eb2bd20865acab699bba65595b7b1b9baf1ecc0d6b0ef410df6410efd6,b383df54db0f4d618ee74b5cd4f3fee26031b49742ae7e3065b0eee167578d95,train,True
2995,1eeea0a330393ed00d3531c02fc47d3486546f2049799d36acb4e9eba2db3a1a,50d2b243c695c01d099cf597f156fd7e0f974f4dca12c3746bd63c91c2193596,selection,True
2996,0fea237d675bcbe1ee7c0e6b87029fee3bd1b7fde1eee74e72a3d8b0d7d75dc3,8e9597eb460bcea5448f68d5b107e49692e8fb006e7dda3961f3abcf7245a565,selection,False
2997,717697a583c75b9eeb0f10c923fd587a65ba3c3312a89e4e6df712dcc355f4ef,46fb2b6925f51c357b4e3b9edf7024dee3cf26afb0a3ff148f9ae69123b6b742,train,True
2998,c8770bc0db8325114ebe7293e5e78ad638e243846e6fb37e3bdc08c9952e96cf,e821acce4cf5999ad330bd810ec4d159f954f2a405a0131b487adf5d75ec0d9e,selection,True
2999,b09da150b7bbe4fc4f2d1920825efb532fb5ef9ee6ef9f662fb9326cd90f8b07,83cb15c5b4e08310a84d43c6d24923a115694a6608539b954a5422aa1f651c09,selection,False
3000,02284946eb6c17a4d3bcb27efa9acd7d544cebe607b59e791be9682de7467f9b,7283049fc6b8560157627512c59bce710bffede8b42120d7624492aa52bf335d,train,True
3001,45a32dc547f06c5f7b6c678c8b9fff763d669cdf1a017bc09e4591f239d7ad2e,f3ba6c2cec3e9089439d1568a31edc78ff9d1227c007db7116f47d0224803cf4,train,True
3002,fad432699c05f01ee680de55171f1b447d0776d18f0c8189c702d0e535da5008,4246f1feeceae9ac771956f2eae9598116deca6172a212a5b88cb58bbdaabc30,final,True
3003,70627051c071ae99add2801904d12f46798030bc4d2396fd59d441beb8a4982a,6ed93d157c69b209934d9bbfd301dd79f72a3ae6e5dab66875d3affaeea1aa01,train,True
3004,a7072de473b36b5f301e20e2c12cf91ecb782ed72cb7b00420312b7abd57ad62,c09b28cf0eec58e1a8c7dbfdde0aaf8e25f1f59f73d0cde7da335b4a44ff195f,train,True
3005,ad2ce3dd4ab6514919df8d7eda45f6dc3e6f1db15e4e87853b1bf40714955b77,92b6171e875668c44edca50bd339108caaff4d13b94eaf95e0a05ea771a570ee,final,False
3006,7e703215c0beed8c5feb987d559f3dac0b111c21004cd2196d0060dcbc24f487,f39cd1d6aefe14e5a115c6cd646626b8c39cf335556f6d4bbc2e07be4893b8bb,selection,True
3007,74e2d842f62732e78cf23e537871c0fac39f2f69a5755d7c2b2735492ed57fb9,2596ce070fa5de14f95cd1014399bfbd75a7fb0c8c2cfb59091568288b02502e,train,True
3008,8774fc90d241c4e39a631ad421212c8e28b7f040aa722499cc5b3771ec839895,2c2b4ec6adfc93f18bc5afe6877db0b73d7fe56c9df4174b506e495aab3605b7,train,True
3009,15ee4f2111929707530411f8d51db2f5e9ad8d3f31519bd6ec1cdc760fe394e4,bb90a881ff1898c66831160c4537aa1f7446547700edfef3128f6855699252a6,selection,True
3010,1e0d58f47c469c0770928dda08d642e4785622c4575918d2b2031215de79e548,aa1273e791d21074eeb393386229d6bc77efb33ccedcb410e7f7d394582a32ac,train,True
3011,565a922f82e89de9ae3c5bca8dca6c8aacd0b811edaa82bcc54ebd9c1a9185c6,e7d6bb3f4d22a1b34798b13376f05f24b853316333a67b7c0b8a07b0b6c62199,train,True
3012,c8e868fded5c6e629654d5ae64d7b7e05078e67c8ccd3bca3742c2774fa78982,abd8e514163661e1a546942085638085b9c0b6837bfd01f9c5ed5f2cc8e61b4f,final,True
3013,f5bc9a9484eae1e180e823c5d6aaa981053d6dfa22fddc3df990fe528ead5aeb,6adf0f949c363535f704e19b58c1e6e924f24583ff700a53f90ce34d2bca8cf3,selection,True
3014,6ada0ef61c9a1abeb3e6d394c63c03fe3bafae10c2bc3e9162be5bdebeee0267,9fb6b079420b064d28c4b15cb2cbaa22533de75e0594c1aff7c1a8590e14ceb4,selection,False
3015,5640b9e5da4562b8bce03eecc837a1a9c4e17ab7fb774358eb862701382743c6,50b1f10265437149471fefe05214b110d8d695eb9b06d88eb6f6c8f9463a1bf2,train,False
3016,ee9626d88feca466ab66df40b6db5f6ea215b0ee49ee9280c4bc63b359542b6d,8f42ab4462e996c0ca9f86872a244461e7acc422e349c00ee54dc7f8ba83e7ee,train,True
3017,4d9cda69aa17adbb9f2e6d70685dd141fbad36ef79f17434aa5e7b355e98b3c6,d288d56c4ca8b3ea4dee138a5d55a5e9168f8426c1fbf0d444beaf4933fc3d1d,final,False
3018,2b802fcc16759ea9d35d74ca26d4ccbcc50d5a247acc317905c3c43c0e6a4092,86ad6aebc27ea965dadf87ae9f329de355a6ee39de67684eda07540417844b6f,train,True
3019,edee8f52cec23439cf2ba73caebf9eb09b52c51fd35059b5f571c31ee8e43caf,18fd822a7cf054ab9e71366ced2c8436af756b0b7e69ee41a02bf2a134eac3ef,final,False
3020,ebd95d394517894d5846d9d2f2f4e21dc4742052bca4a43ab904636c526e27f5,21ae6e063cf0dfeaa9bd1d667963d6c1fa09f8183d39c94e75cdbfeaec612fa1,train,True
3021,b2734ab62629d2bab3b668d29d246d25d048bb73e74bb9eb0d3fb99a7efc6efb,55932e66e4b863b2dc59e553b01df60e41166650c8a1d122b926cf16e0852496,train,True
3022,1d81b582652fab71a8bfc564bf5fd45508f45efa92669f5113aa40fa3f93bd5c,26215918f93a3d1f402e9d71ed61e4410557053a944593a643ebf0f415ddf869,train,True
3023,0628250cd8525426b088b9cea6149697879d6e7f21ed36762066298c8f820240,ce2b56b0995adfd2209d0b7f5546dfd63d2ba5a615e861170ccd0a9802335818,train,True
3024,4f4319ff416f258396fc3c6e8adb78ce2f39539f76c3b461f28c8c7ba55cf774,2ee175f7d3ce4e4a4c57c571c9385cb7743df1293a30b8e3ae967037ff41730e,selection,True
3025,6424deb317a10de32868c82dfa494be894fef7d30258d908aee22e79dd3527d0,3caf7e81f100ceb0282e5439f84618e1c9cbb9df35b288ffb3930d8850438e93,final,True
3026,8d177682db5efe3b81a284d501dd20010370c381209f164dba3fc730758325f0,aba662e1707990a8584fd9aa594bc14d9389cd4de96bc361b03ed65d4e650ffc,final,True
3027,194bb19b816110fb968a2fc79c0ec10d0f23cb8c79cd69d86717d3fa988f07c7,63f515b2202c2633e69b86443da22e42453195df8da1f5222adf1d79e8fea275,train,True
3028,ba83001a9beaa6321f28048d4b017ee4c8a8aaf3e08d823b642cdcf4bd306011,3e3b5eb565a3ebee4acf0539f78af37a5246cf48c283092368cccfef32eb0954,selection,True
3029,5b5545d5771737a05d1326c2af2214b2b70ba4212f1e69a14d52f757f2b6b134,3278e84379d79353c56ef004ce023ffa3b1c6ed36db96e1145d0df583b99d2e1,train,False
3030,b92da85353cf961afc48b2253c803284812c73e2c37046fd2e6e867aec3bfb75,e0fa9ee0bdd443620a85624ccbca6e32adbe139298801baace8ad6b0e125e82f,train,True
3031,1e9e661a3b7ad284917fb7401aa5bc9ddf29aa101739591e07dd634285799673,57398766e1e7c96cfe2c5fd6c8451d95b04649c98340e30ad943341367312f6c,train,True
3032,b697b3f2d5d3fc4079ff51bea61326308b61da9ab6ca546a0b7d448845252ce3,e793408af183724420122e4268586e8e678bc637de3593548c5bb70329bfffcc,selection,True
3033,f17aa661309c28fea8a76f5c8d7748bbbbcf7f2a7dc246f86d4ccca4f5fa7c1c,5e1ab43693ee6740ad626436678d3a15d01d82fab4ed7d2afe2bf354ff366295,train,True
3034,c39b5d919e6d89031c41ba94f73ffaa894d6b8b4ffcd8795de69c8bfc86954b4,0b1873e2e7d034ac5e3ccaa17511caf9e21f91138361c5b1756c802f70834740,train,True
3035,befab8ab8f8fe14a8b56860ea3e6cb9575ac18c02b65c0128452d7597b108825,7739c91a3fb958e7b10650a86df587536a829deae2dab3683a8854378c3ee2e7,final,True
3036,863fe302d2843a2a3f1d0a2943a844b6b060004eed305ef2d6ae5c5666e3887a,37abb3836964162983f70e71044688f6410b1e0afbd1772dc7ef2ff792c5751c,selection,True
3037,93be47eaede816c18b942769d165048b5f7a617db4cd5d282adec4cf92ffb4c3,0259ec265448475c3ce16143f0b5e52cb53ab9da07a174cf6ebe7e6b08033ce9,selection,True
3038,38cb96c3cb406d10d283ae464dd90c6cd9df307d5c2775dc110ca573dae14dbd,0bec577d14f1ec5cc87c96b747a24f84b6c35a31e2b7729bc2316248ba5feb9c,train,False
3039,5a056a0ef16729d933d8527ffdecdf994f33c833644e2313b50cd50fe0e6eab0,1d0eed8e5e796877c027d27f89135658b48e07138279d4d16639c24930b44a0a,train,True
3040,0460c687d72a36d8982d4f5fc7431338c743c0fcd3d2ba1d5a17e7e91e3f60b3,6b4405b1f34a69e535bab40eed0dcb28beae202e707f2fe07e9b8399c6426c8d,train,True
3041,c05f308f958297a74862760e124b6781faf0ea5b8e91ba20bd1fc5d56a16b50b,6ee6a8ac63d3a48c466f279b58f5a9a0fb386c19f83928be37a9de58ac48ed70,train,True
3042,295321e70c7fa3b59afe5bf8377f98f490d5297b07e14d1fdbc31c0fc86d9b28,496eb9bd0e940a17e13aee001b5cdb0c7c2c8eca6ceb78ac48d036690f5703d4,train,False
3043,73d57d68db6ef77c7cfa01dd4dc0710d6aaabfe71e743fcdf0f0e994342add84,ad0dddb085e1caed8c6d756361d9a9ba856c3ad283ddfd360f15abe0fac49315,train,False
3044,479450a366845589588e38d1a21247e6180437c87ababe5cc358209ae0c36b1a,6c64580702eb2a61d7aa474e630e6cef2c28053ed2ae38ee40806380a84b0da9,selection,True
3045,78823db4262ce155b6d8f3d5e74c3c6b7b21f052e9e4012d779c38f5fecdc351,169353bcf999c2e3a00038fe4baf6898d54167a112ef6b9c1a8fe2186377066e,final,True
3046,c090edf3d4f9e0247b0bb68df32459b6f77474342e4e57b6dc9d1023e17fa157,03a558e7f205afe39fea5737d8f1130ab996e482d8fb894dcd8356cfef61f7e2,train,True
3047,5a5d944579a7e35bc15e5e01e1ee03c32e2d4d96caad1e193dcca373c471ec10,1d4b782f6f0918fe8e89f7f0b18d3a4406f78a6335b08e35b37d2acd2e53a7d1,train,True
3048,8b7c508d64b4ab9afd3fd1d163a5187bd3d14487f428c2f3b22b89c3cb95c7e5,04387f6e23359752996c282bd05bc4b937d693effedffd11375aa708c34cec49,train,True
3049,cf61aad2ee5f0bdace0ad5f4a9e163a3db19d89524492fc4c409a2db6676e9b0,0df4acdd7051f670389657068a11247ec329d52ed7c4dbf091fef665447cd92f,train,True
3050,81f5233c6efecf45b91fdad9511b8ead542f207a26b10428cc95bc586d4ec7bd,e6d1ea424eaac7862aae0b80b2f1d02bc78e3868b5343e7556568d29b2e69c4a,train,False
3051,01e1a03605224e4710662539f64fa905c0c256f5b4c7590c7eda2ad22528d73d,790487e5c0d6e7e38694c8fae00b5cd83e05b2ce84f6ac5ab6b4bea879131ba3,train,True
3052,6c05e713dd2455308540d6fa04acbb4d2546d944695e89c97080570de29ac3e6,a354032b92380de1d34df68e4132719d013705668e20e3c5f8e3a1d985eca4bd,train,True
3053,2a22af8fdae5e0b4addc43b45019eee06cd3fbd4f5baa2bb3e93b0bd38587388,80d56d8dc112786e341f50fcf8bab7ffae7ea510e33170b848369b227f87c13d,train,False
3054,a2d751939bb1b439b5491388c9b4f34177bbec88b7a2aa9d8deee1b52b1886d0,59e52df66a3bd6fac6e5d58d2e6575e8c6e28041c96d33da0b74440a68c7d955,train,False
3055,464e0de695d3b66cb0ba8183ca980c31b2068ee74bcb33ab1a963dcdb4eb74e6,715a21d5437b17d41ad22c20cdb8db7d1f5d1af3ad71688697aa5c509d6171ce,final,True
3056,4073f16a60d1cf954ddae0d82d2fb3a811dadbfff65676d5db6a5d996930e8a5,b2fc079bdc9a2d061d03116ab96d7858cbca4c429816ccce9a667f5a8181b356,train,True
3057,65eb02438f9064a6a183854cbe951fc763f22e4251239b6ed0ca3e268f77ca91,ac6f709633f999ede36deddba64ed34ff0c9005818e71bf3341929cb57d832fd,train,True
3058,3d3421c8ea55d84190000fd1628138702863ca46a685500cfbe7fab31b620024,4e1b1e493700c13d968e12a2ed9b1003380121163e961ae9cd5e826692c5df12,train,False
3059,943f1f3d8c2de524706799242844708cf61d9f140bd0eefefa293cc6741779de,5789b40b17cef258580464cb999e32e4f890887e8620829de1f558b73ee7f5df,train,False
3060,2695fe60da5d058020d107ac2a970712487fcda395b87b17fe13a4eb96bb0130,99d327982453dbe3145484941a330cf2651bac94174b0992c652d0d11e4f1cc6,train,True
3061,b459bb630a1236c86cba7d9b5314cbc9e368676f63925070d4043a4469ac7663,e47431c6f8aeb7f6ad90681e7c7f9ca45a725e0035d0ca6633d9e373868bbace,selection,True
3062,6b44077948749b3c080219b02c21aa122c24e0cb1ff0cd023cbf0a68694c4589,5111a5e3be972f0a33ea57adcf3fb4305c5cfb9efc24f023c0388729dfe382ff,selection,True
3063,c0ce3085e2e96cd06c7a9a35404d217680bae44dc6fca6d642a69a995e4d970a,ca58e8b72163e911e00817eb0bd6e0cbdc0664416b7074e0921a9953fd86ae71,train,True
3064,ad656ec847d8b4479826bb2e6943bd4b0d258f5be440f9ce4c7bb83b06885a1c,9e04e2d2f98e342bbd47c722a24d6187ecfce34cef74edf7c47f8f9f9e64bf21,train,False
3065,f653f6057fe618ba2a0b736445f9defaa79050d116a30b44cbe958399b0915e0,64658e1f255e649310b3310fbf84fd5013cb26b54abcbb5e827d1294f66119fe,final,True
3066,4f09432ac6411b6e5973776bac57112d4d9981723f92b423f9f550e7c6b5dc2f,89005110d4698fdc80f06b2276086354a8934c83420c97b9536db36b901342bb,train,False
3067,9055df04aef0348ad62bf577c1a7ffdce1e1da856b7f1babf6c6671f538aaa67,926c66742fb67da3319acf50ba4032ba0ebc4c95838372ba0a6bfaa92d94c988,selection,False
3068,4a7d60bef3ac1ca57fb056d36e9eaef55c6a32a39781e6dd0f3badc9f1af6a7a,1a98823be32fec577b3d96b69e401da6d6641f660f5579befed0a1d3e460c930,train,False
3069,673a11c60d3cdaefb1308a9060fdf849c4c055dc2ef2d6c8392838d97597eaef,825fccd7a042f449f37f64468041506be126929966413fe4616642b9a745a9b7,train,False
3070,9e8b083a59288ec2418a44a48914b751b79bcb8903d78d2f6a4600120aabf8cf,492eb3e6e3cb683bb34b20f10366b4fef53212c741aa2bba7b3005447cd0b6f8,train,True
3071,853ae175c9a300ba0e3e51c930a49d545c431a702eacc92eaa53817341681249,2c7b7097187639e22fb97b9bcc58c2db29597cf23038446c3481d3763ab87b33,train,True
3072,025bd5a15d12d9b01642196c388e941aa14d42211f500838bcaca5f4e238b0a2,98ffb1d90224186102f2cd6ceafd1ed6c1706a79d32c6b4705de71f383519f3c,train,True
3073,2fdf6eabe8f617a0b31500ad65107dd5623bb1e2bf690b96167a343132591177,f0dbe8918b65ba356f01d62d31810e1856ce1e990ec9fd8af148b78a11206e0b,final,True
3074,e7fbe37c7d46ad383e09530f2657affacf7646db18c7464ef4c80630720d5ec2,90e5aa4b082a08aa8c91da7656aa86d34828fac17597e53da7fbdd787e7b7ccd,train,True
3075,2991f0d38a7396903e7a82e35b7d8518bc5b695655dbde410007c97e840c10b0,f1ceae34236f34dc758a74c817997a20c09025942e54d491f8a111ff7fc32964,selection,False
3076,6f2a328954fc36a7c2fd53c66238727a5187871f7fe12ea3cc8e6fad010f647e,20d58b67500fe307535eaf7e4bae0ed3769436d56fd72b912e4b4aa128ae00b0,train,True
3077,5b68edb38f6f27e2e5da3880581659d00ceabfa2b02016009f03ce2c4a9b5937,0e0730ffb088a18ba2405d9d1f29837dabd199042fdd8cda0bc60ef79979e21b,train,False
3078,8b286ed9b31e9e59ea22122143d32224e88709939c514e58b29e375d1e693b9f,3d5b05effce09c60b7414ca729e02bd597452bd1a3c409618a83a4c6f364202c,train,False
3079,c0854b12c62b7b7b98be36362f6879a875d508e0e81bf8c2427d4ec03f3e5419,5c5484599bb44486ddefd5b687d2832e6656a1321a6623737de4f36e005b67ea,train,True
3080,848fd3f9ad8580e2426ca6b173b8947a3be8caabce714e467ac1bb5a5fb3c71b,3aedaacf8052f2715cbab05a3a54592004741d73ef3e8f35b9057af1b985e013,train,False
3081,0ca5c7d1034b2d442f2de0089347d68ef20adc67832cf38495a768db6ca72467,421c3e4ece62d12da3e3af11862d50bbd2902392be02da0c0780a8401ce4925c,train,True
3082,cc96cacef8dea98a7a17605e5ddf7f58d0af2de0c18b2f5cdb0de1a081dd44b6,457f1f7ee0a45719e659e267f27eb20ee90d32a470bee7a00fe6b04629aa2428,selection,False
3083,27ce4f8b49fcd7585f8ab82f105b90f95635047e12679e0e5654a2fd325933da,b43f502edda54811868ff69c40d0ae92820425116cfb3436ad4165b4475dc399,train,True
3084,e55761dca72e11cb8d301c3cf65a170f18ec036a07c1b03e8002021a3eb449d4,4a250eefdbbbdb77912d01f7722fca6f09b1c35508eace817680004a82ab05fe,train,False
3085,bb90938a84eefbf8e94fb73f0989a2457b2e45526dba8a021353b268f7ca1aa9,d78d9ea6c5d2a20956aeb87d0fa659b249391892f0957c903890889210d81ced,train,True
3086,c818bf551121479b035d911d80fd33e211aae3f65712da990caa341d49616868,caa2412dc0e5ce68fd3b504601abb2ebde24d929ca2840f8a08dd758655cab3a,final,True
3087,5a340f8f8f29dd1458d5803b5edf930ad1150f0fd50308175a70388e4968c9bb,0ed5f1a94dc2811528ca1e9c10e8072982148c3ca9ee4743c9bee8fe2ffc48b7,selection,True
3088,049070759c3d04a3910d6be3503b771f19fddedf31b7de291751adac9581943d,e58321533e95487eb4b64439b4b2dd94b8515c8fd5e7ee13de77945ae9cdb88d,train,True
3089,454e2fb55fbf4a6274a28de2445002908d19931484f8ad5ce543249d42a0d291,cca644a2e2eeee296204e59e41f5c26aed4df248413328a5b1ea85db3fee4a74,selection,True
3090,7df3bcdebb35769cb38c0f92c776774d2cc730d6036b3acf747064c08d50cfde,eb7211cedd2ba3a2a74090f94d082357f1a097530ca78b007bc6a0cc9d1338e9,train,False
3091,29d33a3672b1624caf7ac0461a17c4de7612b41fb0e6b10b4a814af802ca69cc,07508d16d4bbf651e2c882376bdf5544656bf7c3cd888ffd8d7d926d1642477c,train,False
3092,0c09b6fee2b7e85f4d7a31e5b91ae732d7699d157432e72ae1578e92ea213bd7,3c7f7c8899a9b2b67f7f4480debd3e2ccf5f9e410747613adb063bfe47b60998,final,True
3093,5327a65c91782926e9ba61aa169acd66c6f08348440a823d45eb60fbaf18d616,043825a032ec5ff5ca941fe2f64fd7f3c4178251d2963bd56c4e440b950d8e4d,train,False
3094,9af2ea25c71724e8f507006febffff7fb750400986dc24d55b88a12b9a550749,4330c7aabf93760e84f0d06ed820d8dc4f73c0e9ad4ad0b662179ad756946be4,final,False
3095,8fd1db1eb2d6b4171d1a873ad8fc93f59548b557aa151b8a5be6c1230ac9ec8d,f07c1afebfb07ddfaf29b5587043a42e207a86722782374a6ef5a38d63bedcb8,train,True
3096,596bb435df5627933b488af0dd8e98d11e4cfdd654f21f3291b852b599c4934a,709dfe4c0d46703158de010083fc2332782510f1b297275e4d201d18a56d7779,train,True
3097,d2128d4c5379cffe0e28a6e1c3ee70b27169a0c5060bb0c740a6f4e8fd44bbe8,7e8011d652792804e4f26a46b4c4b1fb43652c4630b8de1e665d73f2c7793c2f,train,True
3098,85f39a699f47c24e521a156722f1b0600f9e31cb898563cbfcd9cf1a69681390,e047b478948e2444ec7ce92b3986816abdf08cc0adc1d0194fa0134a0e90f50b,train,True
3099,4771c20d8340774cbf784614c5fae969c80fa7549b3c735d0de0664f399f8e9c,fb60fe9d802dadda3596a8fb455702e78f7755d4a5c9fa9187f08f0a2ed07174,train,False
3100,8d72cef69279c1133429e7039b799f58be173722958cf1f195ca40a1a5d7e9ab,efa2601272d822930beb7d3db6345f4ceb9df385cfcac03e58ea4bd7bbe22f1a,final,False
3101,7f6e435de8c2980cfb28c7f78b2e415578423ba4cc8ae69cb153e214b3d74479,e17c170360a655d490840bd6ca3bf4544837804c8e57711cbd5b0d70a8d7079c,train,False
3102,6a29bd6e265db3e85624ce3adfaf7b64bbc5df684452803033b26a4a50317ccb,72886702a0786d53bbc666540eee1eb23ba3fb55c0bff01bea6e37b3cfe021dc,train,False
3103,0413aebac30830dd3211a74f2bf94507b9c96872df5b0330a1ae32441e2e7c06,7855d884968d7a011a27cb5b2dd1debcf5da2edcde969ec754fe09d43498a96a,train,False
3104,450bb8f52b4e82448b612d31abbb37014d94c476a6bff2519c52a5de628e4936,950d702dbdf3edf29c2672b80bf366e8a3df4e05d3e55a853bb98e47ba435bea,train,True
3105,0ec8fc71d588181ed128b702c1eefe916f52e57965b42e3a4e372574a51dce40,5f7616bde8bd2e36f1f0858a263d5c4719a3b971eec92559ab5a8315a2ac61c5,train,True
3106,3060cf26fc01e4e5bf34816048e7aedca7fe2feb99d7c8ac89fe47c41a4b6999,d9f79ce4376356d5710648c36c2e20d13ac8937d6572eb75d63f592082b1f665,train,True
3107,862245726792222a5aac74659bb9dae8ad85a0cf2ec597e642c6b8798676d6b2,19549e32877ced20cc1af8a9fea8f7404b5fee87fb54c72b7ed1c9ec39323351,train,True
3108,06224641e711597b723f3eb0f118c54fe1cbdce8f0d514d4229efa752ae18e95,2adbc0147d3e3deead91cc94a519c8db6d258f2a2e7091ff5441959fb9550c35,selection,True
3109,58476114c007a8b5072db3b7e0b8dc94d2798f83af01c12a9854d14e0c35d369,b5f525880e91950b78935ea1aaf8cdbe79ca3690ec00133cd786004cba62e80c,train,True
3110,dac0cc8d7be5fd2dfa325d6dc005afc7e66fa7ebedd73420b637df6fd3fd3318,917b375baf0feda869a5181bdc11bb716b3862065630bf53e6cceb8d89b90541,train,True
3111,69f127b4fcaba5f752f95de4efc9e1e1bd4d36f6c5bfc57dac5dc1328312162c,1e76465fc1b82498a7861a32416c38a35320832bc98586ff3539ba1b156de7aa,final,False
3112,c370012015032ab0dbf36a170320f1a2c0d71cec62917e4f6a5838bf6d1e5639,966f0d358787726560bc32310c7e677de7d5801d24c3de06a1352442362792f9,train,False
3113,7bcf240fa7b170b6d02d422d7053e3a60c2a3c04f13cc5caad3ead0cc789b6b3,9bf74787a2582984b7a3245c5bbbfb9d847e996ddee318566cd9950945d9b8b3,selection,False
3114,6eb3c7092333616af6558bee03dddabb833c18c50d133c3ae2b85b2f562341f4,e5a87ff5f7cb6f089880c5dd2ff9ce50a2a42506395480c7045443405f7c2484,final,False
3115,187e8be5d35a6c7cdc41af9355fae3f5301d43db84fee9e4da847b21055f118a,544b6c03b00ee1924d0af164d77537a7652786b1ff67688f89186ad354dcfea3,train,False
3116,f5718dd0d014b6e836fb2fa1ff9e6f54675141d89a3f55512f14506e747279a0,c155c1b5e41a23c0d779a52016b00f8c90f4b7cbc74fb4c093588507e0cd9567,train,True
3117,f5595a9d4706cf43a889a749a40e5f03319a6ed4682941db4a9086db6c7987c7,ecf3e4ca05dc0142383fa0d483cee055d51d3ad0282a3447dd317a235f2ae550,train,True
3118,eca679356ff03ed9739e5b2a102185cb8f2294ad06956aac2f758fb56433007b,3369183deffa3d6158a1376b03a10dbc8fa0e3beb1d2f1c019f0161b16a83ae7,train,False
3119,cc473c61c58dbb2d7fead63f2d205258f673cd211a486570d351329f7d6c18d5,a3160fd30c4c9349ad2433368175785531c08b50ee8b4659f615a61a967939f5,train,True
3120,925681196fff5cff281a7b8e91980e6db0eeb7aa45725b6bbaabceb521b742c5,392a4174b31326f52a360e752d16b5df620806b4e16c8b51628395c5892c0e00,train,False
3121,a34197070c94de63c383b17140227514e5dfbc84a7ae7f6d365ff29157aa379b,3fef20ad265a2a6ed336bb408777a27e3d54ded7dc63273a8eeb92c96df2996f,train,True
3122,e97f82ae520ec266c76f527cf8e9975dd679e137398409eed95aa60f3293eef4,1ccc579153ce0809007390f1615ac2b8471e2ffb149c386bd095777b69604cc6,train,False
3123,eeee66a8fff4034cf9ef19953924f62b6a69ea9e9e555f2d4af87459d608f80c,fcdb75163b3d3121fd179351d8ffe76e5d690e7b08ed570e8b4e07cc88b0064d,train,False
3124,08bf729cca080df2869b9bc4adcea70283cecd11b3204847f038dc5a6f236689,ba27564bff7705ce49ab7859813918deeac77334d0397c48995e8a438f932f22,train,True
3125,88233fe73531ab44593a9fbfbee004ff16034fbbb7ff3c311eefddca06f04e33,06da66e4e67d9f19833f1ea44aa79aaf5087ce8e08a4940a2ee49b70fd2d7a9b,train,False
3126,72bfc0ad061253079170edc53d2b1ee15e5750336f8baa9e1396b9a61f958eec,9eb3caf20a0a5fb5c0700336838788cf307f09b34c26f280f04c18202419600f,train,False
3127,f67785cf8ed1e1ab498f83d1a840244021426a85218d602fef85bbc844ca99c7,7ca9d62aae2a667c649cd6203605f4f6930dca4db30c3f0f53ccf5644ad339f2,final,True
3128,18336a796b777eb894a0cbd35d9615ef621983e01b7dfa717612b88938270e4c,547ecb6eecc0047e8d50357e531ffa914f00f62517ea3958e12d30969644ce30,train,True
3129,9f927be05ab7e438a3828789c16b54de91728843c64ef9ea2cbb344fef27e389,33ebba5494bd5c9c6e2b2c3c65230bdfd67f7fec0ace66741a3ac48d505cf30a,train,True
3130,3d1c3b4254d53f8a18697dfe2f71c3c9ecdad0711b35fd9ab44e2841f52a31ef,3482df43db0147a0ebd3d217e776ff9e29310521cfad250cfd5f2dbe5e184718,final,False
3131,8bda63ffb28a9c1801a3c0aaa6c472f921d72938af3f1185d2212af5bf1ab7b1,7e5b50b06dd013d6e303dc2f0fbb96c4fb3b3c00231b95ea0c0d7c1cda350654,train,False
3132,34f5385c0834711b390e53e7b0230bdd5a879ba5824b09af3e2c55e4ba8d9256,a8697a83fd1a8d7e4a7197c1446730ab61aebd957e5159691b6024a5b5a6b3ea,train,True
3133,6b2f0ef4f29629b132e50b2b1554c962abbaec9e5c7f65de9ca09fbe37d20e93,6b47c659f5a9afe0880b89bd8d627fd3e3fa7b45b3ad17b3c9f47f938797492a,selection,True
3134,20890a5d8b7d7893385566da99c22718a1bb246a575f013ef587523353de0b12,d0255ebd4a97ab440078b5786b347e8676999460a38a3e74c9a591de4940697a,selection,False
3135,90a0726ec3b7a3f4dc7d40647186d9f3a3409dccadc2540e242604f5952fc73d,a5551a6a05b749432d0b009eb68f7d40733dea5e1a5434829eda1d6ef764f6f6,final,True
3136,d664bb3af07048d19c8849c50c92abde61b479bdc525afae85ec2a917984a6f5,0fde6107bd571bbec62d998412409ee2f1c49609e10daa2454cca9dfbabf4886,train,True
3137,d0cade76d78b53039cdefaf2edbeb2099ed6afbe94f896da1ddeadfc34397e74,23df78390c8fb63f6d8cf7dfc1165456cbf489889ce79c75edde167c32669e66,train,True
3138,03d802b32132f12200978ca1065548698ff5dc6d847ddcd6e72528213ebe78a4,0827c6ae444e46b1ae525d962f5b893b4864e7edbaea182f2a1616a5d67d1e00,train,False
3139,58718fdc628fe5daff24a369e73c0161728a41c1342911ef130e694b7be683dc,104e9593c3976fb32eb7f660a99a26354a7e9c2ca4348d83afe7b7126e273e8b,selection,False
3140,3c9fed550acaddd8d83ffb39b135672787b2bd0b9858dcc97c8993284a9ec0e4,b88978ef3104ef42644a3db0534f21ebd6d3a03268294061c6b06f3c76e945c2,train,False
3141,a5a8b693f3f6663054eb1f201ade9f0a1a0ffaa520175d572c32727d2a09b9c8,75329d59160689d7c8ca59f7ad0730873df41e724ffbd8107fece80d43ce9a1a,selection,True
3142,b1a0e7dca873fc24a5235b958ef22bf04c3220d25b7bc577cc604cb415b7cf50,bfbddc70a82842d398aa45512da244d4c7f4e3ebc2b3b135b8af1e6ef5ca59fc,train,True
3143,565be77037ad55891891a688554cbf7f2e6a2969c5b89c485cdcbd860fb1eb6f,e0b07d2b97b2bcbfe255112851d9da90533fa0a2201b97134154a4c4d06a1180,selection,False
3144,0d2c386db4ffa57c23ab16509af2965ea2355e8c7a325f94eefdf3ac9d15cc5e,f73a349bf05a1647c39719a524ce4daa77162e73f961ad69a7f86de59a0a82df,train,False
3145,2b7a6f2420ccdc0e6c5dd23efb19044e582983f76008a51b5783f450f76dea80,a886f675cc107be1bdb81abbf7f31913501ff53141c2cc7a87467f88a7a6becc,train,False
3146,23a93e927ae7d45c779ff2e5f607270985a55fc4caddade2e1517b5c739f8081,f0e1a850addf22db8bfdae63f9826bc477bef4d56791139bf0ccf9e8feeedfc8,train,False
3147,86a30fd11b16c11cdbab8f478c40225e768dff033816219902c4ccca92adf2b3,5be1f1764d09b8dd53475cb2014f1024493425fc5bc1008a9b9728adee28c05c,train,True
3148,f1285bb0b0e0dccc1f35eb0a7031ebf188a5238b4e8783eb668d48298c906b9d,515a6486e976afc6d609e8f468480e12559a4a9203e8eedff704162c454e8165,selection,False
3149,387742e5e8cd440746881f52c32e309e9dfba55a671b680a2c404e41445363e3,5cc116f57e305bae1a4638ed53608019010ab5109481f59d4e3235d0a5ef4d60,train,False
3150,6c258d7243d283367b022fc485a3bd7ee5b0d5c972de88dcc24bffc62ecd38e7,7302da7cf12ace55030dca15c7c7a5b8164252d2938aa1825c027b08838c278f,train,False
3151,d0f0a8923cf2bd085287ba4839633bbb82c7320a1d2f4ccc5196ebb05894125c,43efdd9297bb062ea6a51b914fcfcd24e94cd0b7c500a2dbb2f2ae6893daff8e,train,False
3152,c573fc04e3f5782682d4dccf3eb551c065b1e136ba73561bb4fe6eab7e76ec5e,6535e835ab9874332ef5e3db9c225b4fbc6455b8046cb0784163976601de5f1a,selection,False
3153,fe59c7dc4a983579ec13b99805cc8bf60dba59a22d0f35a223c838a700b56bc6,ffc9a3992b64d28872f5bcbda79fad9980d0248f8cc701a95b104dea6a6b1ae7,train,True
3154,86bcc72cf189e6cc1702c2b2ba5bdbc4a151a421281dae99fa66e3459fea056f,12e9218c6bfafab312a939b3d3cdfeb5ba8561a152d0f465259adfee8377a98c,train,True
3155,38f81a97d4e14ee37d6fdfb3e21d82e58661c96adce6b69eb12360442d4c04fe,1ab879d2fb4d7eb636741e95e16ef96d28b74377d4b7651dca2ce5179ef5936e,final,True
3156,9b51cf49adde494c99939304896ba1f7cd3f96a39bf274c79454e2f8b7ee35cb,14aa028dabdb355c51641feec9686cd7ac44f44f45cef70c76c0652a43511019,final,True
3157,de82ec25311d47dd8aaba528d86772b8b3664f4cbea8b0045f81a3b277545031,39d1c1ae0e54471cdf932c8ebfdd24a000b1f98d7e5ded4a4adf8d80c6368ef1,train,True
3158,2e5443f3c97a98042c8fdc795b5535f274b02c0f5de012ecdbcce5480d4dfee2,000af5723c6133cc4201a02f643d0db1c64c2d159cd8d995f33cb0f29f5c8a5e,selection,False
3159,752c95f5b24bee99ee5db6939dc7570cc640405d6e8bb7def5d2192ec26c204e,0087f33d88fdca1c4b9c9dae51cdc6f4406369ece51004da393c40a052fdbf9a,final,True
3160,695e205286bf873364bf76104a6e973d48a860afb29d04889350b34ea4763427,f4f36351219d270238fb68b9d14a92c0226b3ffcbce77ac0a218e5c58d5d821c,train,True
3161,b9ffc7e3bd46c2f5a2fd954ce9e4bb07d315112e680bc575364331baed3dd732,a7c680bf0cad267577528900b44db3cb8c14c450c90a41fb4699669ebee7e727,selection,True
3162,d33c3b1555504a165676ca08b56f53dbcc10c36ea5e7355a670a54f033f585ef,d44642376a81f39061de92f7a7b573f6b5b33ab0b4d4662520b8c825ca263517,train,True
3163,ecd2f1eb9bc24c052a91f0b77779cb12cd8d2b12385f40a81ed0b481cfc87e93,c70a3549d8bf4b4a24c8a9be6dc16744ab6cb5890e0e00385a3cb9d1d453722b,train,True
3164,bfbc8b6836ff387f5427329bfc6b304ff94e056e25acdb975a4ed20d80664b4b,e212506d2db100d1e5c1b5f07bb3d1648b2a7c7f0323889b15395536c3d1d3e6,train,True
3165,69c9eaf2cb7811d6aa441376ef65499e5c8da090f6fad268506e677749f8b484,5b01921f53375d0410c41d8afbba06876216880c816ed9d6ffefde7fd794d61e,train,True
3166,19cc68791294541cd92a00b67a5f6cc0c694353105bbbad79b8f747b4cb536d3,b4047e7befa35f6f4e3f56cb5d6a25a8f325737050d429abcd8c7a6058ef4cee,train,False
3167,60ba19031e91a61c0b4186e3921f08a994d75c2b02e9583cd50b186c61d1fc98,efb73a60db66c4531949b85292bad5a0c8161b6fabac362e2b4e1478dd6c6bd1,train,False
3168,daed354842ec38fe90a473badd7397acd2cf74aa0866e476793ba15e3c7cdd5d,c286f5ad18c6a805c579285c18039148e5f28c79ccc3aa3824b9db473c7588f3,selection,False
3169,5335bd8fbe4b30ed45e1966db61e2e0e1300a9b9c3996ff324f0da349b368e8b,06ca55cecbc609fa2d3a407502c38b4d0c2e71062640c21e5e3261e8024ce5e8,selection,False
3170,0a1e890c64245d0760ba16bb17cba13a7241437b730878ba99e1ef3d694f46d5,fb5c0cd7153a797a62106dfc026a867e3544fd1798b3e1466391a77444e8ce17,train,True
3171,f4aa25d89cbfef7410439380a8db989eef7d4b57d3b4937a3575189280c5854c,48b33cd53a69f9ea9c6ef0600785bb48209b249bc1d0cd02da4d22c205e9a903,train,False
3172,d6d03862ea1444552c15fecef3ffbd0eaff822f0a5922f90144c90696fc23ebc,c586c56379e75036176d061c4de0e67eb3fb53cd1dcb408baf37a28e29684599,final,False
3173,2314393f854dd2a584f2e5fcd27acf926ca16bf39230c66184c01190811d687e,51d4bf9ccadc0f863bfe122d266f683d41cdd0dc7088d927cefa4e0c63e4125a,final,True
3174,63cd68c75f64c9419243d35646a6ecb62ebff70e2e80058d732c6ea4502aac8f,0441890aea303bf501ebc8abc22767985a4ec92a938499c43cdbad61f29fcf12,selection,True
3175,1214bcc6ab8fe5c2550e1a9a0b2afbc977eeaffa98c2b0e2903a1bfbb443bc03,048c70d8f403ececa0a5cd9f0ee780beaff6320ebff3b378303e1aca8f719bde,train,False
3176,a6506d840dca766fa3ce819f30142223e7d4e5498f988b97039642b51448592f,ccaad06edc865e3749cf414f4552ff58078289744d672f8b82c50fe81a249a1d,final,True
3177,06566edbb71e6d3cbadc778782e9f77235b3354797ce628b3c898c2d42cfd5fd,5fcc2e9aa67a8a4f48fb7418f0deaf79809ca20ad28c23d9b53c676fd02bc9e6,selection,False
3178,77e79c9d2ded322f4fe2fd73522534d2de8cd78f37a2a0a3578c3fdabdf55d93,41d333b49f7282ff07e6284132fa873ea2cced8357d3897410e63fba99e4eadf,train,False
3179,3801612a4d61d6c47d6895778a1e32b9859e3680c76e271336d2db6c35dc698d,e96d8c5b8543edd3ccbe117d36fd86af8ded2decb476e99fbbd52ae8f4de6378,selection,True
3180,8e445fe0cee7f823a820b99f15349efe122a4b8a78c0e861ac016bc247346990,c169fba679b28636be1332b31f1ab97a4b8d0858058d55f3835cf23308c3fa71,selection,True
3181,6cbc4008f66ae9af4e3af056f7c9c2ba8680382f55f489ef9ce56b228b146725,fd90098b61cdc3e774d2cccdca18e22f76c4fdc1fc0c98bddae9b17d14af1273,train,False
3182,afbfac346b64bdfc5f91a4c26427912744755d1e44b584ca82f08ae2c27b7ac1,f820c1b0fe261bbb966e926222e5c22a3f1f19c4ba13097260b11a22dc43afc2,train,False
3183,5096560d54aeb87c36fe30b4787f9a387800a111d1dec626f3cfe6dcb2b0d31b,b44adb1b06a2ef62e6f0c64a470de29b85039181f4c65a646b22c860ceced57c,train,False
3184,82c9bcfe83af01e7964c541c24956664425c510c29c764582dd829ced0cbe35c,4f63ecb3f49bc6b678021b1038c9b55ead62e304d1f04079b73c52fa770f83ae,final,False
3185,841cd1c8ee0e8983712d010a557903adaa10033781b03456efe4c45059533e7d,bb83796345f1378b262cf21912c88b56f19671a0d9c921ac8b6b123ea3f0aa84,final,True
3186,2d3588661d732c4a6113f6d4ff79b206772dc5eb0212cd88367a2b1f42883a1b,968c5cfa4c68e3b6732b1bd80f23c691ad4e8cce800ea66f71e3bc71266fb795,selection,False
3187,6c8a7cfc622678d5e2a8ea83cd2397a311e21e36bb0bff6fc053aba482f8cbcb,0fc68c39156baebb5a0ff4745e8786b984c35f41f56ef507249a7994cec2fe58,train,True
3188,6999d273c0f6012814879c8dcaee8b0f7b98e47cdc41e211da1ccc4b38c56dd8,9bcb74762441ff5e54e996f38183c5557f7f8aa201b200b89a5a9f3c48fb2182,train,True
3189,a1a866a656ff42a9e7753bed519724a71a354518cf13daa31e6ad06af77a4b9d,b1a7688d1d6faadc002d391ee8065abc33b46a57162051ae1839a27c2c6757dc,selection,False
3190,7e0ae26390f44cfd66506199ab52cf480ffa48836c0ec150f60bab2d2b173ef4,c7ca43609949ff8888f64ebafc782067fe5b58151d7645d900545004764b4077,final,True
3191,e77a2ecc879f4165c3b4b1523739989fbd93324b97ddecc9281b1b04c9a0dc60,f813ca3fce624b77e5d340ae1415d6ccb35221f5e7190251ff4bda194bdd2bd4,train,True
3192,21c0a3d5708f8fc8520ccf80828849f6d872bb4de366b4dc1e7be942d6158581,2e75a97aaf346e955f23e7ee5054b7007b3f01899d32911c6ad5aa30813e7655,final,True
3193,5c3f49011bc64ddd8af3ba645a541a66d641c1ce8259771b7dc7410e3c09ffec,49cc19d99b98ca5cfc6b9a91f917aa880bf6eb8436a2330bc7703b5e22ca689e,final,False
3194,c9fc87526f836097337caf93d2a432c2c330cc54be5f84b04c961756cdf6dc9a,61258b6fbe9c52aad6d20facb5fd7f64ed3adaea6de8da2a7af9281fa28eff34,train,False
3195,10ef63e54f8c167388c452a77254cfc0eb6f8269d0ab0a9194251eb588afda00,feef66c4aace209ff451e2ae33dd83c92514f72c9347056fd0580f5dcea52aab,train,False
3196,94831040628f12422a3b0d443a0b262d79752a13c1d5b6179006be42532eec8b,9f2941d85925b10d7af88914d324a801d0e1073af61c2df91916859606ca4d49,train,True
3197,8752965623d0c2817e3d59e390cd9db582a9a2d038b6f2ec7a5daed4e3888db0,f0a74768e9e3445f833bb06e517d640ea0d7071b0cc0fcd2cfc3d22ea2b479a5,selection,True
3198,a143d3f54a428db93ae85a7a9082d2f994a56d257fca8debc57b5c74633b92e1,2e2d3f6f923be1881a7163f02ddc241f832f6fd9e0c9a9e9aed218941d9308c4,train,False
3199,093b98c7da7cff1606a63bf856a89930af06f7d6feac0d9083557ed17a001d09,ee6cc25a5e8c2b0ed94b00dbe44d9b667d8d3f3b73485eb085dd3557ec60766b,final,True
3200,0a595efefedafda62f29c9eba95d76be9c150e5feff0147ab3ca8097e2df7886,2fc7a69f90153bdcd8fb2a98f80b547cfccc84908f238176407b44c45b2b9ec5,train,True
3201,b9e2f6b7f1a18e6803452d52d52092dc11f19809a63d3415cf316920034899f4,89fcf1552f4742129d8e5b52fa690698010a0086ebf5e164e51ba8be85895cec,train,True
3202,dd4ed2f48c586effdbeb75fbb3e45a5ca9bea37f494c409d12e0006ba2227420,b32f0fe7b2ecb8cfafc5ad69dbe40e7c2c15b2b8e360ddc69501c5d40f421bbf,train,True
3203,95f22518b7aecbae1c4e8a50372dfbfb0b7aab89f40e8035a44a84b484f085d9,566616317d74d7a05f1a175b06a1265373abf11308f5eb51c5a3ad9d72c71c3a,final,True
3204,4c210a76b35c678f897954e535b5abd027127c5e7c6f63db32f0f62c45c75946,a9f6633f810e8a0895ae121d7f0c938cf0a336d4c5431a2f8af2e6cc592f2f00,train,False
3205,346c104f5a0e5964993e77364804406728011963a6c09fbf6418a18fec70b920,55cfa59bd4342ea8a0e994a3e9ac27a9737f415b7f29f948097cbba2386e63db,train,True
3206,93be7d419379833c85cc2af5993ef1527ef5440a0a3daa639c3a3353a041f2db,f8688fdadde4f7192187537b2b06f57b023a63ddfe3252fe7d45944627139de5,final,True
3207,ab9cc8989fd23cc1a9577e18057544511c80463880b15ba96037ba883652117a,8c96083b1d11339258542ebcb99e25adb246c9f86aeb438892b3af0b0ff9efd4,selection,False
3208,43dac6323e5de890ed4541da717a5468d5747d657ec85b71d122f99f67b7decc,5560411c916a324b03ace65becdb176bf1e9d2c2f4097ad54045840b513d4132,train,True
3209,afca05d07070419c73354c02275cdb45ba7ed1834cf786f443fdc5fbdaed7f90,177f102d4615d397e90660ed41269412c46168043f829bf73af319a4a4afe780,final,False
3210,4252071f85bb9e7794072bc7ef002be0958ab319cdaa69fc99b37e5e2cdc0618,d0387c8dd7c89e75e92ed6774cc7f59d92146bcd70a4db7fd89b0e539e847266,selection,False
3211,2861f112927868535058624e56b474e5fc972518f67794c38698e7126f2e867b,ead414cad16941926af23d1b3eb40d0acc7195f54eb64f94946ccf8cb4d40b2f,train,False
3212,1cf5ddba24fd243160da0a074d1ba0a0b68cef444725a74ff9313109b1b252b6,0c1179151515bb249a712505aaa93c40a2ef6cc1bc269b204569d71f17d8f65c,train,False
3213,f1b79e6c7b539ec74b69707bfb507c00f22824c6b1b9141796f018bd5cbefc29,9a567ba0eb8989ac27207492c0b60bf5030c674cae63f5afb9a8fc8264a14dff,final,True
3214,173d36951ada680636ed45a335bf0f2c5fdca7af6254adcb243b84a63e2ee4c1,dbd72e9488ebbdd930b5b845f9846531b897b5d8394256b1fd44c76d2eb9be8b,train,True
3215,c613f3a9c9e04c2fb6876effe62a295e8b3272cbac38d06c141689789d7ac879,30a2fe7968a098d4c2b8a403fd9fa495b51966838fe029fd964acce1970e1d70,final,True
3216,aa85c64c0d5c8d287a90d06ad5448dc8887000879954260c02229a5dc16d67b3,b2c16848490b28afac8d92d916d01142b694c2224fc48306e703352bd343083e,final,True
3217,cb94a5f26a2d0508bbb61f3e6c3174ea47b92f0add56961c6f65a5a58bd2b075,d438910502a73f10442c8a8bf40f35b655500efba92b179be8f5db16b3cc40c0,train,True
3218,2b75098e6e79ae7e43f7a5c6320783e0db826c5bd1b5c2b65983248e812d619b,170d73347943ec25a1bf553ca0254a299599d6b405f302ece5d5e01395f7cc9e,train,True
3219,84d9481065ee08d3d58a3e654d114abc66b6a9c720a052c6706bb077c9482ca4,37c670d1db026caa6060d65496542a498b8c72eb515744606668f3d28d48c65c,selection,True
3220,7b1f099b04f3a3aa93b0f2610193e42c3171d059bf8cf601c0f2973d2f0656d1,74aa0e5c3b84fce368d19ba1389a2cf11ffe32b56d0764608aeb1ebcc15c73b7,final,True
3221,6634d69bea351da36d6d90b087a4e2a938e07f908ccbb0d1a6627f24f1c16db7,97f7622c562045c3d01b03795564f1581580fa6454cd506db1250179fe736876,selection,False
3222,c250dacd6b508d278f5ea1782cb4aac25ea6f5e1e4ed84951bb17de0d73ec8e2,bd040f067f20795c5fa358bea063c0cf67f0cd0e91a40c6923832070a943f9b9,train,False
3223,85e562d3c27fbbb643f0f8a53055d50534104558764aa0ad9e97994d198dff17,0e1ca0a7466cbeb43fcf358f3d69a1661bede45a22ef52bd7a721d481373cca3,final,True
3224,7aab8946d85844284d3b7e9b32e31ac225ca9507739400c4dc2e08d933f794db,780474b006697cf4d9e8413edb9556bf0b7ed14b3ede225ea13e4d30ef2e8338,selection,False
3225,a845ed70dbc799f81388a40cb1331b6be435861392a9394e664b6378733b8c67,c7d7cd485d8ba968b61a68d4b0990a90a32f407dcc0e35147afdf0a113366670,selection,True
3226,daf2b954b47f81de8975e7033868b3ac674de178cdb6531af2ebcd2d9b3721bd,af6333f462eac016245141c53b75348fd1897ffdbca90ddbab09263a348d938d,final,False
3227,e54685744fb9122d8a37ccf23a60b2c3e4fda5b818447fc22c89b01b873aa74e,375677681c49544b7c22796de9115b043b452638b787906f55d114ccc00a4c91,final,True
3228,13480f60174f47f3a48af0a20286c6ed7e6a616181afaf000c1e9faaa1599780,502035766ab68709e5cb85a38cc83eaf31ababdc931c2f509b0c1a519eb994b3,selection,False
3229,e846e458e204d6d5b4cc7ac3078cf933b9822ccbc63ebb33b5272ed5052ab57d,c27690c091b34b5d85424a9985fe36e1fabfd1a974266785b3ad3e58dc1f77ad,selection,False
3230,0bb0f7ff5229154555e611c38b96c815359e457d2924b4c0481ef67365af93ae,e6408c5b118cb98581e25e617db678e689d84a5a3b8632eaad00463ee0e61a29,train,False
3231,478475b0db7491a1daa002a175afc50e415165af6a65183504f3330d123ac018,e6cf99b6e03f5bbf0240363f67b632da89dc29dcd1e0532fec58ae41096c1c6d,selection,False
3232,94de1c07a02143d29dc8e7e7552c725a3a2d5616ef1567d8cef43685df1778e1,3a27250f3f0358d7edfb2a7504ee625dec79078d21d86bd4c67d79ece56fb0fb,final,False
3233,8840420d8255f262996e386f7d2de58b9ef07596ffa74de5af1081543022c7f5,a3dbf579d947d3ed7eeb4c1d9510e700294d71bfdda53de89b77be0fde5456e7,selection,False
3234,edd366179c1f75e31fb74c29296edd74948e72300a3fbef4b3bdaeced1953854,5f18c9656783bfb74105909f47bb74b096dfc77f3e4db331ada69c7407b9aa39,train,False
3235,b5452ad1aefb8c5867629915445fcad0f7b37b45f802f0303ad7b56b824085c8,a4348a9a1ee0ea58345513bc52d4c6498f008c484f165a3ca4ec87e619476158,final,True
3236,dbb14168b7e4f72a8ddf1d3633ffed6bedda223afb8d4d0950275116dde15cab,c46a1e78cccaca91337465b7a253fcac2f185c6d176b7c6e934ba0858c0f3bcd,final,True
3237,5497022bd05ffdaa7086af8ead71dd1f59f9cfe562d07cf3efd83054dca82cbf,cd963a7ed2df1fe71a141355343e018f6789efbcfc98267cf7fa976a9756c3b1,train,True
3238,ee80a4780d45c5353e170d9b690d6cf36fdd36f036c2279eea4a34b5d2c23531,f1201dcc1467a882acf0f066121a15e5cbc96aa91af0758589dc7245f25765cd,final,True
3239,5f169ef56c400ce337b4fcbac49896f3232b131b48a74c7444eb4157bfa72c91,e46d6ee343fe49d832286ff9eaf242a1a71be753b51f306ec9ce10eb9b8bf3d4,selection,True
3240,1615075c79e384fccc58a0867699f6bf7561834dbe8ef58e8a07141ed859dfc4,4f879566a04ad61b39971ddb09767a76f2c49c18e881ba2625f9d37643ef6a3d,final,False
3241,f941eadfeae86d1d9e739ad688c025f89d4bca26fdefba12d4e0f2222f648bb8,555f24cbcb35c32b6ed6861a0e8ef51899663217a165b88d5d261fad78e4db4c,final,True
3242,56f4ae28b28206fe165e8eed1f2d8c0c947e1e94e99cf5cda4e1def52eb7cd3e,12713a07cfeed1c1f7374975e656cf36fc5b7b1c03b7b81b96eea866ebee0d49,train,True
3243,e6e85d45fd2ff2e2f1e38a952784f4d544a9703b0b4eee0f92f654f45facf18d,d480c2d13f6f2a4e291793250090b091476f681cffc7bdb2a1550719f9314ea1,train,False
3244,7a09e7ef6758b7d8c27c5ea805eb3da43f7d0f4f436ba9a5ce0f0093d5de3190,993958da4c23adf12bfc588656716504b61db08027b1074c977c628364762c1f,train,True
3245,47fdb062c0fff24c5aafa46ae35da30ab93c1f471c0a19310163e2db89adfc62,796e0aa01f64cf0a6b833793d3b7cb3601f2e3eb5017a9225272147591ebb253,final,False
3246,8f2554888bb50ccfe8ff54bb21b97746fb9b8c192f26d6b915a564d7ca2fcb26,14d065b5302451b7f00fc615e0b142efdcf053a97b17e7795e3654efdb001c51,selection,True
3247,4618f50370bf28fa67b780607fb487edd8504888cf8440b762cef31421c24957,fdcdffd53a9aab8e856a55c321fb43f09b340003a1eefe707d330f98ec418dd4,train,True
3248,74f9373ba07414979d7555f57944bc16cf0692d0ce20a825525183bb160438d4,e26bc19de2e4d112ce488fd4f4d6c1b4d8d9ca7ad6fd88bd531cb4849ceaa112,train,False
3249,9bd6549d2e5485f68cef76b4b00412c9ef479931daa707f6eda0cea53ba8b101,6b5a7a75dff3dec1fcdcaa95825b5ca893fc7af5386677d63c3a0e2aba7844e5,train,True
3250,6a32a9e7f5b4dc2cff81c81d724072fcfb9923d0d6544457fc618954e5481eee,ffe982d0b603d18224aca72079543dcb981b5426b1f68a9aba36d8f801d6ed6b,train,False
3251,195389175f11641a251289da60f2a8ab41f4937bd8e107a1b41c0b0a614cdb0f,ec85ae191d1c852f23b5689165fadf32c4449393e9f36040c43e9d0c937f09f2,selection,True
3252,55a496bf7c50aa5a0abd01e53952dec1c24f0e7ead6eec6eace9c3a6107ec55d,bcda0c9c029a0f93c93694692edec711f8c7f00f0fba12ccc9f26368dda1a4f1,train,True
3253,c1e3601724afb0c26f81852a144f6579e45142f7f3d4f09294b8dfa88828917f,2f284b54e1bac33eb9bf1db07c245a117d106cb97668a880eb812e745c466ad4,train,True
3254,0eafcf0c53c2aa4982f17f464994e91ea081d9466234dc94719c5538f4dcbb1a,bb2e769cafc43a8d8db0b9775acd64f2b93495b1af471cc0f6166b790641905a,train,True
3255,742edee3d218f935f2cc5a0c3aa91a85611ceac9ef502e04115301929bed7890,f1468e028b11e73464047300be0cee2ab29fe61daed26984c61ffae8d27880c7,train,True
3256,ab3be5f971d308961f971f3ad1ed1b96a9fdaf5081508acb1a2174168e11cb76,e4bcae7ae9745850c523cd84f8a7095febdaa621eb90672657b71bce731308c3,train,True
3257,af1a27901a1c4446bda8c82aad2b7ff2d087d45e066d2f4ffcd4ab165e04cb20,d4bcbb28f8a1415836b37f4283502e7fbe84c7ddbd2663580580a977f2dc3914,train,False
3258,d2ee110d935997d9fcd7c157b18c06a08b7483b9b41081ea28e9e934dd8addda,5cb35b7fc5a8b1833e0bcf4a862ba9ed2f66477e52a811cf60a5400081a9ce71,final,False
3259,53923ddf61323e7f7a98fbae6c1781cbebe9ada6d8a80c4d82b355127cdf9e56,11139e47bafab9ca26cd5d994745def79266acedbed274b05aea243487061fcc,train,True
3260,e751b249b63e38dbf448108afdd88473f40c29b05f81d857f15ab401a991ae8d,e7448bd5c616d97a94154cb6a7212467ccadbf0004d4384525a26ebc780040f0,train,True
3261,4069f017f709f33ce9e7e5d643b82a8dc428fd87833ee61afdb61a4114514059,8edfa3d178c112e5a9fcb13136dec2da70f3ff29f09dc3a6f3b486c17c7155ae,train,True
3262,6a5a5de11ee01880606525416590b0fe8387ef468291b16987df367d49f81561,7d3d2605b37c98b0bba8cb75661ecbc026896d6e0f99a8f99258042e9eeb237c,selection,True
3263,9f720b6c5092f26168521dd807b0b00aa055513d3e087abe1eed12ec15a11d49,422174cd45816424b085ca383d1e8439e02fcea99ae192eab7fefbf4d6680481,selection,True
3264,c4d48b4435965ac1bd01715e1faf1d5cdb65455f6e51dff52dd720133d1d34f0,4256597b2f42e643ecdd00b53bfed7cf8f16ff53191ad456a2adff11c05851c7,train,True
3265,a94ddbd1e3f4f9b4a85e46ba28abe18023336cdfa7170c15e0fe40ba683b261c,53ffaa493341f15a800a547cbc55882040244d3b6a027740cbf1c8f8f68fde0f,selection,False
3266,f0a9f339c3fab7fecfdd24735ad32b795b7c78dfd5605ef2ea358544855aeae7,24bd1893d28a46ce1d4c6037c012478ce2a60fdfedbcadc4377ead45b3ac2b6a,train,False
3267,e0963f51f1f2f39a20ff4b156d4bc0dfcf97c6b7c2b7640384157df944b1d704,025c23238127e30d1863e236896b3854acae1c605a70183443f465553df8ac3c,selection,False
3268,d72732ed2294ec218fb041b8f7b1bb4aced8a8dc059085e9aa52e61b4ed7a355,bcf7988f61281d0940737d77b4137b3516336eb461ff319bb3ad92f1c4319687,train,False
3269,402374fb99ee4f63a674c5a05b07de185da792300a6351e067c66bf988aa657e,0e59a7d124414fb07b5d155c12786dff071f1af72d9de6094f62c4d9e4c3ee71,train,True
3270,ed542c52128b9ddccb320777ecea8a8cb75952109acc82672dfaace8c11a2646,47eda48af37ecc7889db2b1320298388738ba927a17084a5bab35058d4b471c8,train,False
3271,638355cc21bcc918b45e838c543db793f03e8eb3502bc798d63cc2ee2cb9f494,3561250511c162845c6e0280f50718db5208d87afb6bc8d6761ea09f03e5dabb,final,True
3272,72b025ddee8c049e7f3d3ac17986b8d2a6c2caf5f964e342abe019808d522aba,05707dd87e6402105098a09a40dfa36cf8eb93ce45d8429fcc230b2ff1345915,train,True
3273,bc7a823ea983987f854e61f8823fc4cf59cf91cd46fbc59af1fe6bf38068901c,69ea27a32fd773eb4c73b89f2817502d57feafd4b422a977b6871e01a3bf9464,selection,False
3274,605e3f22c7a38cf0b2681593f71728a67804e77ee94e73ba48ac595e9c7f98f2,edddabfb4fd36f8dabd27b7474ac02496ee73071b7c1d486df5882fa5ab8a7e9,selection,True
3275,d8bce276f1c57ba046409713d401daf2833dc1c63b4edc95f848ccdc91572d28,f3893dd7efffd8596daeb11a91a063cbb815ba25ae5e8a6c9b23669b32402b22,final,False
3276,262d4ad48e5c9451e7fb687d96b3cb93b976ec26aa635c73f5419fc95cef8f7b,d1dd84527051c27f97b11c6e1047a3eccf0891c6ee11e9ce411927fc0086625c,train,False
3277,5994131484e22961c133a14a4b095460cf646e4cefdd768647ae384dca30cc9b,155df52fc972a770d1b62940c801a7b146899ee577bf76c65871764ac0b5dfcd,selection,False
3278,fbd5f166b3d89a69f1b3fac6a9bcc2b18aa0dc26e1c28ad70909f831da939354,7ab78eaee92abaaefed7a48c694ff5f07413e5a2088f1f0365fefd1550e6104d,train,True
3279,32575a7129906c3baabc901a1223aaba00717e09da1028c8f7ba051bc5d23cee,c32ae0adcfe040581920957b92b71adb44398257ae40a4a67959aefab3c9f03e,train,True
3280,e76d72da4dd82114a482952c1ff233b513c780ac3ea4f105208ffd2779ebdc3b,4aa968855cfd62bc06826dce1091bb873115b7063d7a2d45117bba12c68a2b48,train,False
3281,50049c67ddeb96b7db2f888995f1b76a9cf701c0568f89a4f0d79e6a4a511a43,0b0a877d17ff642ec448289b6c0eb1133f477d6a93adef2e58d4cbec5431e522,selection,True
3282,59277c7d9518e65bea27b98dce9307338f0703606a24aa74935177caf3d0511a,45fa8f2877660ea3727fa5667e0d6cd50cce930519d99e74611cc9d02c0b592b,train,False
3283,8017f795dd3b7080f7280f5080bed28f3ec38dfb70a2f963526183a33461b0bf,00499f6433ff13bc27e956ea6201f281b2c15b3220a1047676a52e641d4f3957,selection,True
3284,cae921041b5fab6a79214421d77a6ea27f06c0f19b298682e1afbe47cdadd7bd,50af0bc6cd1f8b6ff8a4338a4501a6573f9ea4a2d21e9ce57aae2c1aa59bd019,train,True
3285,5a383830de234f134f229ebf351e811d56ad5055cbb1313e187d199ebcad4833,dbc48416fc5d500bf77259f15d2c24728df5c25111cea470d41e8c8ce5b3483a,final,True
3286,1a52432acce973804569e562b1787aef7d47c9b510ff2291515d41b6835b45e6,51bd8adfc562aea6ebda21a50997110e1096c55a6d6e09154b77611eb601d5cb,train,False
3287,a3db0d9b1738cbcee8b3db2c48ed77f099a5f02eee5351cbd6c8740214c2b089,fa6eae6babea0be8032c0c57f2a434611843eb4de2d3a71f51b7d5b70eb7429c,train,True
3288,1222e9497ecdc64963bcae5bfdcf9660b0e9b7b2c60c27ba971d3635f6bc4fea,3938663f0cfbcb8adc31e0c3b3f35538b0e99f5039f03000ee4a934b69582c9e,selection,False
3289,21e0fef4de0d90c3094647efb15f98cd221b46600b05e5fa0ddcca275fab65e6,1f6b14d68b2be67162c9fda1b75df43350acf7e70650eb010ce4d06b4cc1af50,train,True
3290,89227a3c6f1de5519daa112e16f98364c65e30b34de378f29faa956d4a1e8f4c,ea4c3302ce21e481c83c0fc8835f0b71011e2aac5bcd46b31233e79b00aae71a,train,True
3291,263eba6617ee4bb8f57918b26f4e9d7579f9995e81f65e68c812aa7deb9582c1,52108499c228c376bcc1e51dc8fd8513c6209397bb0c8be4bbd555fd0ec93321,train,True
3292,d56dfb083690bc62c3c77e0b44a81835642f05fc5badac356b86276bbb254c68,359802cd48096cc2e2517abeb0693700803a4338d218aec1fff0d808646a7e83,selection,False
3293,811d4e4be8b004685678ff818e0294b270dba173223745abf8720ecb9dc7491d,fa9467f36d8c2ad699d143517eb137f49e587e3a40a19a5f8630c462dd5bf6b1,train,True
3294,357c4a0524d54985b6ff652c6ccba838756ac306cc714f2859a6627eb9d9b6f5,f6db4ef022a654a403837c0907dc217a4eb83f81fb7b635a797182c4227657ce,train,True
3295,a8d49830941c3b1ea887203eff79e8ffa080d01160f3ed4047abb0113b795caf,6882e5cf5c6c103096b12102a6cd018c2dc26da70b95f62d2c17a9d6a64b99b8,train,True
3296,5d40ccdc74cad8b2d1840ec11c69cf7e7e7e880990e947e1350e3453d624564c,c99464dd6ef587c41eddff4a0d12983cf397ef476dd148e38ef0f3eb0c1eb544,train,True
3297,3299a480674db77dfa3bf9a89f555b17fad7d1051c4ceb2b3b7225d23ad08787,1298588dc9424493351bb40da5ea85cf67ab03e2e706af97afcba6c859fc3470,train,True
3298,954b3b05b707b9761322daa5df49d0e49f528b6186459b7be8ded58efc70cea3,0c9648513905cceb1c5fb283225f680700768dbaaaa3343d03f94e8757adb2ac,final,True
3299,f2d1f60ccb217fe5fb60e7bb829687b34cee20cee3ffad7681b14fc09d854575,e09d3dc7ddc7964f330d04aa5a8804a8e8f2f404b0dbe8b7ba0db78a306bce57,train,True
3300,6c08ea6f4db9d5b3ce6d83dc6e5632488e21f7415ff9a869602c408358709fdd,9d965cf659b14370473acc2fac4ce6a2db7cbdf306d1d27678f0583e24853d86,train,True
3301,4d8cc9b3a830cc31aff9e5261f5c64f90729a821c1364c4cf52d5ef218dca03a,114e573313834cce1cca3e3818dd35a03d608107ff6160ab44942d962e98e880,selection,False
3302,330eba0f0d7676ca7c9bc45bb466010556f96f632b093e7245fafcb158cd5867,d8ee994d539a45113fc62e136b08985bd6ca00cfe9bf0fa8155b08517b060568,train,True
3303,a6332b149b62245874f8780bac3d9b32a9bfeaac6ebe59b8adc70e6c25b1243c,09153ad1a5a03b2bf6150bcb32fa4ebc690100a04d9802d2ab2d38fca920207a,train,False
3304,a2b2bc463304fa47695cc68b91e8bea15960d78d9bee032f2c94c701c17e0a91,94548cc63ff38dee07f1685aa52876489a2aa8e0c29becf9ab80d5a447a27547,train,False
3305,e270dcbd50996e7ccc411b5582095e9a26f68d18a2562cda1360e561138edb10,6351e360f9e5b3e668fe101b336386037c6f42cdca307ac66f129b5339f3b337,selection,True
3306,e28e32aa6b9ba92ad986a4b0b3101b5e4f420dac4b7e6e559e5b698e3d0b21b2,100a1166b5192afc248ce1e053d71d9655b6b27677d4dd360d1f978cdda7be15,final,True
3307,76d31731611b7a8eaa51726cd0527f0b238e141dfd95b08b7a40c4c973e5f7f8,3fab379dd5ba9adb85120057ad225facc8102c2c74b0bed0d78d9a3eadd72f66,train,True
3308,94d04ab9109503a460e620e3e6c7166b466a28ed1f589c2feda1b77ba3b6ce11,8d9978046ae69e40bff3e6456c31d9acb3984efdbbd0fe3fe412f374e63b3ee6,final,False
3309,b3197d07956d30b5a5469d5bd37c1dfb2910e746499ef7c3ace59c29f092ea28,c47548b67f78f8cda3a2153796ec7e700a9408818025a9565cd2d432c464735a,train,False
3310,85bbf5161a51d22a0953e6653884237602cba8300d1032d68b4115bcc35e8f39,8c88ee7549643a7b443326150df9cc4685d5d2bb2464b8cdaf7076ff3d2970fd,selection,True
3311,deb254439e35662d1f0adb126c07c8a958bb6929bcea596d619b89ba5a0cfe16,a6b8f83c054eb1801819b7f1f45e1c2c9466d777a20bbd1c531cd0e7d16f1e1e,selection,True
3312,9c3eea66b258a9c6911d58e00d9e0749051ed270bce5c2984fc7248437903fc6,c7d4a664c4938535dafa5c526780908d618cafb03daa8ab45ad74100e6573491,selection,True
3313,11560356e1cf6186339386d5a1a1cf9b94a2557094236f5071a852b6f82157e9,93457ca16c370c4d43d9261fb3aeeb5883c500270506b2f3b0c8b7d03b757eff,final,True
3314,9522356cb55a832f81b83804d5f7365d5c5082f64c68a8539dd92ced4907467e,2e9495b128f6d267f6a2ccf8dca767f20bfec66cc27679f3a6c9c064c0ba8cf6,final,False
3315,6901d4082021ae1315f44d7fb3ffdc8b46e863bcf3fbd3a5559c52872619de9d,9c43ad02edde985d311c4ba16dc8e40d7ca131159db11b394a1effeb53aac870,selection,False
3316,27552cd9ac010e72781788a279e12a8b51743ae538eec1c8fce38a6e80235994,9d48762c2a276df4edd540256137fe68cc1c08d640308615f951fbb47dd2faf2,train,True
3317,4da7e1f6fd41df54fcdfff0ad3ea60c15af21353b6fd615c522dde81637d21ea,b44696334e41fbb44317c440d45f7c44a3c899f07c56152897f72c4ec0465dd9,selection,True
3318,6011edd86f3314c376afc1d076cc0d7dbe004e5da0aa0510b91151bf5a48955c,14537396b71ce130cfc76a6c18f49f1123f8e94aa0311da7052f2007d2fd7272,train,False
3319,b69691339d5740b5540d4cd33a651001b7be5d5d1888348cc3d1ca0053a57e94,894f0d8f9eabf4944cfdd25a47ebee0ed3a86d534027f7cdc26edca4a8b7cf2c,train,True
3320,338b6f5cc8447fe9aa55d79fbdd742585c8b926c5f685b32d2463a837ddb4f07,72b472763e47a48b3cd5028afaf2de2e636ff30159d0dc3879e21602789fd33d,final,False
3321,fb9a346aa3dd13d2c22c361af3ca56016cdacefdb12f7e3934901f1a580bf62a,e6e2e02c39b75b837e0ae5a0af5a58e047f50043f16a409a6550cf31bfdd4c45,train,False
3322,fb3271c8da3431daf2a17f26ce3680ded7f327dfcf34a64768b0ddb895ffc957,b0b719c9a53cc6c7469ccbcad6a44f940b330493685615c3f4d75cd7031a27d7,final,True
3323,492446ea1b5909a6f40c7cee32d25e61b1e4e1b4389532438a144943aa18e0d5,7155cb86c734ee03d7e6e53eb9a3c392f3dcfe10d2f5a4c1fe42fe0646a2f0a5,train,True
3324,a800087a5dc0cc23c4f1cf941d2ed619a08d4ff4395c2f602f3c03ccc5638eb3,e196f46448540b21436ddf05c960b010e790562a04e9ba2929e7bcd71fdf8bb0,train,True
3325,65042260f1ff52f157b4a28664a4bf3777d0d39ae11e37511c9ef3ff1f9056f7,b78b050a6a6b8b81f20678a87006c94b53da35a4d3232edd020e42c42ff71158,train,True
3326,8ebb74e3468fb52999e70ad073cd613850f8d1093e1d5fbbc5158e1c6224671e,87498a33e3e7a181d949cb903df1cd5fe7901b6524a1d840fc2410bc43ef0735,train,True
3327,a10a54b49f58fc1bf8032c322e4a5da31cbb6b953bd6f9f08fa5c23184b0391f,503abc5b4198c65416d9a059efdd5aa4dd7825cdfe696e3fc5d6c2ee92f1dbe5,final,True
3328,2ab38f8627b2e75f56ccd88280ff43f04761ad4a52ef3b94835577323b392228,9974d30497b67d1dcfbd621d98fb13565a316e53680dec7e117820f82c5db67c,train,True
3329,de75cc23783b6af6a0c405fe4813c612d1987ec998f43e163504fc3faea7e5b9,2cf00c0cf29757400f658e5291d8ce59d0f15c0ce22e6c1741e56b86dec69f14,selection,True
3330,2d02f6199aad8a9239385f216ee4a059e9c089a04c4d04a2bb87926035303a02,7bfb54cc6b4214ac1f2575463b6c4d831651379bb9e61adbe451226e04032d40,train,True
3331,370bfe7b776335a259c7898306097b64b9793db3139676cd8c8dd3ca5e9e6546,4965eae6633ac315ecbdb57b5ff292ceeac0ca7d788256c6b5b53263daefae37,train,False
3332,a50ffd131e577d74d348c2accffa5b7a9d5cc8da1499e85e9de920e0e256494f,1080d6653857b50df0d2a7c91e022cf11754ca6f6ff6aca2441c6652e4d3cd66,train,False
3333,a44b035eeaaa327178f0ae944fe8ea7291c5c21aaf59a2fd48e39a39cd410dd2,c60564c61356f33c0ed9e397f7b9a5b49a553142be0b71ce69e6bc4f6c3fe8fc,final,False
3334,c8ea2c08efb963e45c806d988b96f89d42139080ee989f6f23f5c43181d818e6,889153ff5089fc9534936fd4732b811d26ab761fa274356cd5036fc13994564a,train,True
3335,80932af420f7001b4a1b501ed7c631706d68fc02c01a86a97953b96d05b699f2,6875307ee91be061c9a08904013288d485cf95aed3d9c26606d470bcbafe29cb,selection,True
3336,da278865c4277f5c1bbe4a257842891ac57b2ad9971cb87565c7cffefb673612,e2a8f3a89eba970095af35fdccb197c3a49608a0fc4ed4b2877eb2995bf0372d,train,False
3337,4659c20b470deacfd7ac6c10381a7a4245c68388f2f349dc013566fea7163e39,ce094bd50ac322632a542cc1c5e954c4453bc43db67b961d554873e0d8defd2b,train,True
3338,5abe5f957f7b4f4c1b27d8c69c03ebb04a0b48dca5b9e62d03c96c9ff865d5a1,c0961601860a9472a99ea110d1c8b2719a60af021baddb1e10e321dcd278838c,train,False
3339,1c45d1c9b3b8c254ff04b45f806199e5884c292577402c575b183a100422dc63,00800cf4d34ff87be9b292dc5c2d3e158c8151b7c543e25ad25157f73a93a6c6,selection,True
3340,05cc4549dcbf3a1d441b57b8e79cf9002fc16b929f4d2e01f9e90bd92d488c45,b4b8f8c5715a4b1857329e0418d90678cd5a84d0d7bfa11189f4029cb9632394,train,True
3341,135c44c97777644c2589fa7af0435547ac24e03f0029c26e1f85d9b18f1a9e59,c41e2a0d9aa6f276ddd569d18eb69245e194940e47c693ad0f9fb004d3015430,selection,True
3342,2547dec617e24ac7d7a026e75bcca5fbd71ccba74ae4bc6227c70031761fd151,a99b49fda80a8e4c8e862306a11bf02319d95ef7c5ba1e4070bddc57ef9f9766,train,True
3343,0e7f91c5a4016b0a8b82e75e9a906f66bd5e9b1f7aeb6d838253cfa04310f636,38dbb4ab582da944ca9b9f3ae244e22218e9405b9504e2402985f07afea8951f,final,True
3344,74143fc5e5c57f8bfcd75dae7d40495ca38d682b6714a2834522768bc9a60630,af8f01167997f926af015a365fba60c8fbffa2281e59cc3a68526b4d208f05f1,train,True
3345,55279319f5a5646ef2688c8e7fa351034534c05fcb12ee44c0c9e5456c966c38,d23aa86dffd7432f3a808188652a2d6071952062d5defb4d419226bbdb9e4bef,train,True
3346,19c200ede834956f860dadfddfe10204930c677fe12f83a49e5bab179ed3a195,f92aed821ea14ef0408b4d0a3d53bc222b3b4fdf711c2eb6d42334e5c34cc6d6,final,True
3347,de8f6794baa11bda6a7025356c201715727a1d1865e59a3f6d55d7a0cd1fd5b3,580cd9593a648ec18296380a642cbbb5c73d2f876d521a9787e7eb6dfabde565,final,False
3348,b084e6042f38d9da7a7bc30fbf7eed5b437a8f2ca6e259bd2409b1da26571871,e8ae86a834caaf82f6be9a05db92d0e99eee87f6a2f1ab0d67c323ea5b0b11d9,train,True
3349,9c9bfef9410f9e0225d6f828c1283fa3efcd401cf67e32dc1348c89ff67d54e9,ee405ac010075c6cf95aba6bf4c91b69c7f6cd95b98b5611ea5b0c2c1ad0ed26,train,True
3350,91cd503ac8c48f4c2e8b173581740923bf8b2de6eca2fee7cab6b4684afc6e62,a85cf7829498f88c6b1efd8614d510b2826824af14f47298f0d27e94a048022a,train,False
3351,8b01e1ee9ad10435d7fd845b52bbe277bc5270a6415898056f86e21ca2806941,deb6b058b14ae77a1317b5472138b5aaa4ed5439fdd44b55381b5df48dbf6165,train,True
3352,cbf5cb231767897bc0967c89974e53b673661dbc1fb5a3fb1b650f2da9ee0e12,f598e3f17c1c4ec756b8548520a123ba5f5d8216e054fff3e886f520c49145ee,train,False
3353,2d8fcd3a4992436e57cb9bae439fa7d950e350ac5d351c8a26ca802eaf553e2d,de1c04e8c49cc9b9132527e33bc116d18892f239c57af991c2329882a6e43d53,final,False
3354,aa560c322f2dbacc9ed18488ee72d79b3e5029155936a713f507d2a76dd5ea76,eaa74e9c522e980fe62b42c66963d9fe292cadadca18f430a06c817f4d3d93f2,train,False
3355,971d3a405e7969338e741226a12dd5b54fa72da42466b79acae8c93a429c61ca,e4b24b41a582b56325939f178706c51672e0ece186fb2ad3172eee5f4bec7e68,train,False
3356,d279c0c4227e0eb5d64fa35b8340cf8d8a8cafbf36419314439f186025442db6,6520ff75b4cc36a69f5a891ca3ae1173d6a47a3ee2af9e6217d2567729833083,selection,True
3357,50cca3af2c4e46f8f69e2bce302f6ded95a483da9fff454579092a43f8cadc6e,48ce3036918d0c0a94c95112399d394b122e66aa062574fa8b4d2b63cc431f71,selection,False
3358,543ce762a46330ceaa1b966155d8821b5b2252b491c423a93c726225fc1cf2a5,4d14e6241da04d56f4f48efc9d1de0a0ebbe4f385f2efa314831c9cfb0bcc23c,train,True
3359,43f1d06cec04c99c51192577b6f79c3bf6d1c012b5f3a0c08f5ebe5cd9edb041,209ffb15751bee69f6b7bd637531d98db77f4508d76c58c17d37625dd5b19c3e,train,False
3360,22f47caf91f67b90a9f65e172d179284f6f45c3f0a94d8e89dbce36d5a35dd97,74674459bb3d54830468e4c8254255fedaf9af49a0d875c0e29dcb29383fb911,final,False
3361,d307289fc797efecfd8469399862d2f6033085939c6581e5a24eb6f19107d076,14582a2a13278c720e1a735112d86b74a185ef9079d34b5774efd2b56537a557,train,False
3362,125e482c454604d61d06e9fa09228769885e8164308ba2e4cde6d655fad6cb59,e6d70e8e8b80482a6f3f34b8daf94fcfa8b2225253f188612baeb165b4a34182,train,False
3363,ebff1485b274cb8e936207db30c172cbd0cd76e2bb9d391ebc03e5360ea5bf15,87fb2af9083674ee5f88bc2273b4657a92a8db037cb5e89930a874b05bc271dc,selection,True
3364,c64a9b11d591d08ac3831f2521d8ffbafd7846e574e8a42e474880199d04cf4f,fdb850ab55cd371c8976336c39f0fc4d979c3c1e7efdf3e3f1a7b964dd5cf62c,selection,True
3365,89c591a4f4dde946b0156d26313af66ad6b1ec6ed1f9592821b86134add2b59b,90759441310d96471e8f1ae97f442b8b9319d72dd45e420526fd95ed601d2775,selection,True
3366,78bb5567a694fdcbfd64b25b2bb0c02931b44dc22740bb378c53ff20b62c7696,2a6eb8bc8df0920d16ed343ea8833ec91497200f4ec1ddb351a8ed596e8e35c2,train,True
3367,ca43fc8991c4f15db94ae26e16469c0637c2a4aca5ca54ef5a06146673d21193,729e2020ce71d218c1e0038961773400f04e4dff1b2181bae2e66c3a0dbec5bb,train,True
3368,1f08378346280e79c3a84ce4307009ab810cac0c81d96f124e006aa8f3d6d12b,7baf8428da0a47fdf2d484d13f514ca700ada4d085a71f3a73437d7eb88cff71,selection,False
3369,de3383d6cdc05d46013d12038110f5f9b70a18986cfcb77ea18ca92d0c522c4e,877755ecab9172052d35e93da1f628507ff042d88fc4c34c3031be75b46baecc,selection,False
3370,9cb809483840d42d8ccf4c9d332ba3410c879a2e462c1bb74eec6d1ab224505b,74fddb0d0f1520b0817f7dd0e722e01ed227187632c0ab68eb88145d4f1247db,train,True
3371,09616aa3996c7df2da1306051d2317a7647b77893d14e5bc54a2528cd0f639b2,9a8c75f655b014a16347e7c62758fc273a5001dfedef3fee48b10d813e8f82d8,train,True
3372,63d275dcc8d4a8c5a1d5ded763932f18537d6b509e55e4fa3c92395016328334,be4747230ded7c8e10211071504f9bfbbfa93fc05f5b8a839c49e8d8c13efedc,train,True
3373,9f8f4279075a86c9bccf0e0e44715bbc3993389bf7e3da6385eef1022bd085c9,d8e07aacd8872eddd59a287899a05a6300fcbf34818a334175ac120ab523b7a6,train,True
3374,999b3b13200958ef6efce3d1151ae0e65ae19b82c5c09480eda32742dae7d807,3c394860941d64e5b1cebcdf619c5123f5a14110b270103851744b5cca4af25b,selection,True
3375,0101c0e15ed32ec26892fdf7b49b103c8ec0946052dd51e2608822904c10eeee,a3992d1c6032eca78ae35e7e28d5e359a9e7c9880c58e024a1d725a900f98351,train,True
3376,61c126c1fcd1e7975aa73391dc3ec9c13c2cfe08ebffab08e1846a0d523fc299,bd8c27501b804740de38433663f80ae23eac01fa0eac533fb8ccc75c7d37dff8,selection,True
3377,c11b14a3cb761fb71ed0f9cca37e82a7d4164cee8c8fdf4e228974f0562bb307,f32e58b8f284552b42c41d65aa6bcaa84ededef1c3521a773b656d703514ffe7,train,True
3378,1008c8de61da3a7f63d6f409ea739b6128e674df1234f6bfe84c042dc2eda3d9,6b27443a2dbd41389672bbbd86d789335aad7e6cae6ad7f66185d773b409df9a,train,True
3379,710a9c0712bac04647c8f843bf271570e24663e49fbbdb3d538084181d547b65,4cfff03822259b1b928e08c8b8d43acfb72859148f7b0ee477177255b589db37,selection,True
3380,0e329b127ccad3ff267a305fa30e5cccaa14d992f64822c7d196ec4e0461ba0f,3c4ab51f9ff191a7f9a81009183a237091c48a7be66b437555f13a5b09d14d44,final,False
3381,da7dcf85870cb1e89b213a86d8db4ed3b0c07ff3054db8d765bc4e5711342a2f,fd0bfb59db5ed5dff3569b9306b8cdebeb12d800876e12d093bb51686ae70d1c,train,True
3382,84b5605700e9659b25d5b11b9e43164ae0debe9511c4e500d84b8b244db8d251,c2ba63e9df0c76893cecc0a73a1b79b0d590ba515de6433a052ea2afec93f4a2,final,True
3383,05ec1119f58b42cfd0e55eb1cb0423c411cfc081a52a40079cfbc0f37185c30a,9965513d6df1525c278964043e87e8425bcb0f5a24d0a115ec86e804020afa2c,train,True
3384,c48510d8d407c86e91ceea5b11af58f4d2cc37647291491d11f9747a710a2093,fad60e38bfd89b35f681a2d7e24d3ce9fb8e49930c515f69de147e0acdf6c772,final,False
3385,7a0c6788581d3bd313d0942792ff58f0186a58b0afda6abd8bdbd0816e99c299,0790a3a18b60ddcc3fdd7f31c0255850f5a89124e0c2a5da12af1b21f9442aae,selection,True
3386,66ba7949ff404954800e1bf12e7d04bc0e148bbd42cf0ae041f8f4bb1de7644c,af0848c924939fee4ca92c698e9377a0e69ddc0ffdb33348d0b5556330739849,train,False
3387,30a40800f62a584309efa76563a2a6c9d7c8212304468f17f9144b74a0ff5370,7af6f97b3a66e291c16138dc63974bc9e6b67de7e640bd4ae1fe3641fb60feee,final,True
3388,b28e2fd8d015ac86ba449dee0104ea564cd91b956fd9a32751aeb70ce811ea6d,c926e3c18d500b60c4c01b368e7ae60d5bdeb51daa2b24ed98d172fabd02f0a8,final,False
3389,14748b7d9dd7a6f38684dfec852e2d8d6549b66c1d91f300615576d7fa87b9af,201ffed114ff42dfce95f01f145a1831fc07d254ade0ffdd2b28e79b8c13fb44,train,False
3390,a4b2cf1c00ba924556173df72727e47a65e73ea00fe1593960a03e0f87a83e72,8e4b0f13d614d0a6765eee4dc0a955496d0208534d613f1c782b48b74f2abff2,train,False
3391,ff9dcc0912dea57b3f058cf2b20c0df1c1b7fc1400ecaba4e5792b634823ae53,2469ce34b71d9dde79baafa7de01c652ce2ea38b2378edb873993d955a1429e2,train,True
3392,a5af4e6520ef463688e73ce812f38d18da175729817f1ec1ad1bd35c3de1d895,780959a64070eaeca7b61598f5a018d2a42454aabbd5c10475999bfd6571db57,selection,True
3393,0e14520d48e4aa6ae3e250c0bbd54900e667ba12f30344a4d7834a95cc936b9d,e1894f0d65dab7ca9c2ada372518d3b94a457e7f62ec7bcea3931db53c68f779,selection,True
3394,6fa6aaf37e457e83e5572cdc3097086743fc86e7912c26be0401051c12a0bd26,5d7eb3c7bacc3141999fb6c3384fbcbed1f44df3a541086c8be0f7e10b1d2749,train,False
3395,da98f7ad99b42a92f8e76288c090aeb12cad9209d2d1449bcce53d6acdb1b071,eca54e68d95a3745b39615cd44c13c4118740a30db8c3f21019b097bc178203b,train,True
3396,4625aceaec956be87a55c7e65f8d20e930a719feffb5bca642c7586d18c44ed4,2a401090e2c2822f088d45ff2637670d518d0f438aa7d8a205c1324fa20152f7,final,False
3397,33e78f7dbd31f36b05c7e9120a3fc7222809deb683497c5ce062b4c5be17e210,f5b2b8a39a63da8b9374c12fcc4a5b00086984c16723491afc151f811999357b,selection,True
3398,6ad6a9ca6321544550d00a1cca5a63b4d8960a1b79e4450857ec40c48bb048c5,9a53b5012a462e0671d7ffddad0a8a3a4a3dcaacd59cd10036e242c71c662322,train,False
3399,5bc82b911a3f56af6c3b64d6c296c33329413b06dea9ab9cb9b2a196f4697309,d06589b77103e10386c609db1c6147f98c5cd3f03204b33a2629e527ed4164c4,selection,False
3400,539b953bcdb7f534d75d04ec183816f4e4093b9eecbd3e5b72a2b62da6cd4f07,3cccdf7afee797e04bff25812176a20d605f729200a4e62794955f94e89d831b,train,True
3401,cad872dc041c0c402c96c0d4b9372feee40d67bcb74358985b2c005fd5673a57,a6dd87dcfe6d61334d481c9eea8ffec584d25950b1b21c296bd4d5a69a28d557,train,True
3402,f0ce29bf6e6a8858014fbf398072e6aaa77b79733a81c2fcbfa58f82656a9b40,40eb69842c9834e25dbb0400840af2f854054f61cebfd2faa5a5414fecbe9cfd,selection,True
3403,5bcab3c7bbf871872afe90b1e7c47c8b40abe53c9db1d71beaf8b5f80af32f71,4b189e82b70620de82861e0269e98bbfc016734ec89083b537b06253f493ba77,selection,False
3404,d462fa04ecebc73a31d196e8433b1830a754dfba4b70dec539beccdeee6972f8,b4167fea72449336122984482e4c4a7052aa9d412b354794fb64f62ca2d7ee26,train,True
3405,638b24e017f4398fdacb992b4d9e6952c04036bf4d0db2f880b64ed207c291c7,11a15b496d8fa9269e895f786894cbaec9145add7d2a6973f6b92df1d4dc29d0,train,True
3406,6b0eec2e06c4b2ba9d1441c514c9af1b9c00017403d1cb35844d815814686598,3b53603c2c20068fb1dd331e37c2c3d7fa3c5c8ce6d26903175b24a0e1db1985,final,False
3407,d618f82a1484d9637a986228c30c1965811b68984b45f4b80828a25e9988978a,5d00ed0c5a0878f9ead92a504a95cc8c4abf769b3bcfb7271bf8ec513c048503,final,True
3408,08c53f9d63cf5dffe64b7d2adc949c001b79da4f409eb220f6618bfe72309bde,992790bfc02d655070ee2f2cd03ed9f0dfa4e69f15d26ab40f2d62293c022a4e,final,True
3409,a6e55da81fc1c966deb01990965bea61b0bec44bd2483a18a4cca1ffb007cf92,a6a678265ce0b95113e2880da03f374f209f04661c387375e34a45ad239c5400,selection,False
3410,bb1bd21cc9358d3a37ec94194bd804bf45109f6d355641a11d5e26a143924660,39952bbfb8fe498ea1838f7c0f3c1faba8dfe215572e882b3927813ed0a8ce38,selection,False
3411,fcb689614bb87a492c5b651d8738dc01723b87485d4ec0dac3c4e61bd7b3f385,6b0169b956ba3142748e9b1891438db31be1bc64ad1eea1058d00a8691b78987,train,False
3412,6f4c2d3e1b780bb219a28d14def34b9072d3a5a7cdbe74dcb156bd9b886e4223,85435b2d12de374959c8c6ddda82b0d82bde41a1a1c1de6dcee67afa82ec6578,train,True
3413,315506cbf0d78e412e2746e022a1c5aa71c532a4d0f56642351f5630b57b34bc,6ee148e7e4edea0f33715ce56a620bd74e6a927fa4584256170f0b6d2b0f6620,train,True
3414,0c84c26bb1d40e39e29b9b5c103d865f266799161fb7ef75d5c91813dae7cae6,240d1c51280251accabbaf6307bfb070f104dc4ba851853c6377243d87e005fb,train,True
3415,6e3517ba443f570d124726f709f750bbb053b512fd9ea6be43acaef57d0e0e0f,565491b3cfcbdd544a3209bbf88f03dd34ef93c79993a44a1157211596f21372,train,False
3416,bc08d6f84ec250fe438d2c8fcf14d9965590516f1f01c084cdc33297c4c20573,a52dd92eafd0728c8c968f59331ca615c3fbbdff073c1734838b012b01f6bebe,train,False
3417,415df746fcf48b03a11bed5f31ee0bfbee30e8e3da8a0967c51ca3e7bf797c49,2d46e58d5dc40f41412e25382df87f7980253f5cce7fd085fb7bf57bd407ebb3,final,True
3418,a80b172ab9cae7dfd3f72f502120e6b142c624aec8dc8b11ac0259ed256247a1,bf41efc3714e6f6a8d90238b41c3356bdd57472c098f9d8bf3207bcbf2cd6600,final,True
3419,702c6566ce4011da0cbc6cdf10c973c3dc1cc1877cf2c841598e02809fade967,f15cfa1147bb4321e6fec2e05ed3680765d61e44ce6f5cba473d9ecb7faafe35,final,True
3420,38c1850d1cd1fa624613b112c8d958e64522eed7d5d8d64a8a7e615ac42c6c52,11f6ec71636b1bb54758314f78dac53b2f72db896bd14bc776ca38d8262745aa,train,True
3421,77419b043dce774f8a3d7a0cf1ae6253fe5e8788f48098f18c4f43f0d5798da9,be3796c24241d3351997928154fcff53b7d84d6118c5bccaf2147718a764f2a0,selection,False
3422,ca87f4743a4a1bafa48d6079b88453574060b9c30d8c91796e3f6cfeb5768276,697bcec646023ce0e536562c0997e4173f80947d66ce913ab1100f2e0c7da940,selection,True
3423,1273e80760b9115f353473f8ad176b3606e5c4e2f6001f4572332fb606855c50,71fafb8eed4d48b6e3dce1e7889ecf4e0d38d60e9a47e438f09df7be05ec8436,train,True
3424,ad078b98c9207794abe4895901564e5ae268e2291bceecdce468dffe3b491655,1e9ee70630b6614945a1f767bf6820932e6f736ae6a8926a487cee3ddeb923e9,final,False
3425,783df28bbe41139d4e07cf5e307c1727caa28784db18ce4533649d1ee386e488,cb387d46281864fd188fc8c04ff3283085108155530611ff4dab24e3c38a20d0,final,False
3426,09b551a689b8a797e1db4840a90f85854826d7166c7fad4599bcb0f2344ce7cd,362408426053c25079ecdbcd0a6ec99076d17881eb5f4416a245500e8cd6580d,train,True
3427,df92fb5f9dda0b7ef3fb8c56b8d00a86383531ff488edfe50f0faca8765fa684,6ec26f551071dc135d0e67453c0b1ad3027f71ea82672e0ada239407d89c7858,train,True
3428,dc6970a37ed8517325cd01056b8bff253b694d7afc692e74cc76e225bac59328,58533b1f775a2f49aa0402924ca8d8dc27931fea581f848036a510a09a984035,train,False
3429,643675d19cf2781c9008f626d1eea723553f5eab38220089ba3010371b5332c7,72fca97affa8a80cccd8d9f8969b11229344ed7216e7bdd81db7f1c9a9806e4b,train,True
3430,32b86866f890da238a3a57c0a7d0d61bbec2de450e992429c2c033f68ce07adc,3ae9d2817bb14f5e9031337d43d4946bc10f7d5e5d56427f49b5cf5ad2a93083,train,True
3431,449adc39718413c108e333912a6172dd99b03d26fe1127943adc0057b736bd23,496caa7054df5ce4f053b5e3b0654f3014a5ce179d9899f4b8f4fc45b8bdb097,train,True
3432,2ff954c8e12e1e66394e88aa96929c37ccf125e54fe855e6c5d350da5785a435,b0c646b9e2a229082f81b7c38709f3f239db4e326d993fee5c8066795e7411db,train,False
3433,fb12eaad503c83adc4dc7465027fcd3b479984cc146e39278c12561c45543b1e,b9a3a027fe29c665837c6c0f7382e81472d7c029d05786bc9dc48f7099a2f55e,selection,True
3434,61eb82b8c9980f99165d55132fb51d6844778877031591d59c98920687e3944f,074c50239e2c77fc9fddc77fd589507dde0e8b18403f17e200aba3bc8238a5d0,final,True
3435,66345bc1745732435fcb841f0d0d837104d481b30b2a2a223fd794c37f0f48f5,15f067a57363f06edbf00d92c35dd66b2e8561b332f01719805e2baa75bfb33b,final,True
3436,f35fe9e2faff20c44b9338e6a7749876b2ae8afff7e4621ae49cb72f1b262c47,01f74bd588fadee496b605484a026a0468ab331ae994cb7d14186eba67032ba3,train,True
3437,e1f7f04e691c9ac446021ea7cd33b6c1fe01d7eda0fdfc320efc84d0ee1326bd,945883e768282d76461153d44aa28b815cee42d8d1569335fdbb8aeca372535b,train,True
3438,dbc8a61fc1281ebb7c41a0bf21b0e58e766423b8170ecb28efce1065b25f7d77,f2227f1454281e7e70488a03b9cdba85f9ef1f194da4812f1389df010265f54d,train,False
3439,a01214524f6ef193889304e928bc190426aa7769a1ae0e7da70d8d832e127a36,61a3f58bd81eab8eede13e4577594cfd3122be564127c3c347d9be9386a10747,train,False
3440,f30e5f8fc8d55f72f9f66925bce4fd0ad096d549f2d0cce6868afcef0a4c543a,d471162f7782666a8f8c0f2727ec2950e9a0d5115e345576a7f9cc36349c4681,final,False
3441,546011dd3b362ecdb46c431668d3773ef113cfd2ba9265f2b98d7f4cddd8ea88,50cba2774150d18d94ad082e8fb62128f8d717b11b1fa101104d23ce44240abd,train,False
3442,6055019be286e227725fbe51b7332c7e5e73d9a087426ded8409c4a7db075c70,737c3b42f07974c727e3fa320dd5af2ae4a4c63e12e03583bf1057f3b3160747,final,True
3443,e75bd08b081ba909a34a3ebb2cfefc6c75b3c467832842cbbd4847f6d374ce00,dab0e55c450d057a7f6eb2a0ff129d9beeec2534b0efd17f48ee88c3c076e232,final,True
3444,5e8bfa22f79a91cd8f3b339b87b7e9cc2860bae48ab10c7131ca4b9e98430ada,741d2cf6c715b23b5ad0c65ac178c83813d3e634273347cdef7a58756fde0dde,train,True
3445,52f16a0b10b16913865a3bf385bf15f50423afac4ad5598c04316bdb87fc264b,7fce0a95c2c16075f338c49e3879152f870816dc6319e80c29c5e185e8334585,train,False
3446,06898a345c8ad51d0a84307b4aff6b5aa78fea87fb15a1ad76a7e98b4d5ca881,57de536ec32b3797f2e598b70197ffa70a3e54d10c4a7e93b211aef6e4a7af77,train,True
3447,6da0dadefecf5bc56c79679c9628aa3e92750496136ebf19336bdf2ef2a3c04d,1273a79c21fcbeabdfa0db64025c5ad1e95a2d6fb7aa3e4b8abbc9c777f397e1,selection,False
3448,c1eae6c237b20709b014811b159c1d2d909d235edd59017d52f437da82163d8d,e015acf65990d06c0eabdd6512d4b9f3c71856e79a819c1b56b25928e51693d4,final,True
3449,f74cad1adaea101f47db75c91de4912d5c2f5940a22e1fd0abdb5c2fbcb11853,22079cdd74947381189acd741fcca95c5801ab36276b59d7df5bf8c321c60282,final,True
3450,0dc0b79879f1bc556de12569752b22b497fe9eecf81aa76e0681ff4f95efb553,bc9a002d172c4fcc08ae36f6492b538d9509c9ed323b4eb8b039020c08572144,final,True
3451,537d13813e9f8259f3912a8a0ca2128aecabd6780ffedc0a8d549a6e4dac4531,829823c9eb4bc32de7c846eebfb05f67e4e974ae53e360052e8ad0e4d85a8993,final,False
3452,8de02feb8c2f87e5508a6c1c88b1c852c9d67ed44d227a28dbd95eff2552da34,a99dccbfe0113fd69ba6294911f8c37d09eab2df16cc747a179142f9b7e1fbf9,selection,False
3453,abb2742d1c4b885f98fa15d13fd96ec4ba438d89567655c1c3017ad12963e925,3080602465fc15ba2732adb26ebadf1edc029806284666aa341ff045a29e533a,selection,False
3454,161eeeb7a6a0cd2af4f137063b1c2d218bb8919c2c8e337b98b04fea8748d60c,65acef6104c5f797eb24f5ef61ea2be053b53a7549a0bb23a5ad5839d2e3588c,train,True
3455,6e9e725225588cd5d40c07c901ae2a3a84f1bab6b7526e8e9fb50fb91a497b76,61f9053197b95a5835e5deac8f3ef551114460eb78f726ebfcaa549af1290c2b,train,False
3456,5360b026951570fbf872932a99c6e12d42d20c888149f7fb6705979a87e4914f,8fcaa2323a8c584bd820e6099589645b2dd43f2fac174e62b2683637cd45e0c4,train,True
3457,917308ffd0da29ff10b4b098312e54911bb932ab60e5e2a36e8d7c2209710a20,c6a65dffe1017fd34edf7e6f86d19f1c54624a3831e1d40dc3a5fb59d964c7c7,train,True
3458,37d1fc01c12364be3de0f246fa2c60a0f427c3ba25ed8e6e8cc24223b5014ce9,c2afaf8f9eb47eb00661943fc93510562b39011c51353428f76b00bc41eb9b38,final,True
3459,66b98a2e63be2ac531b6977c84b46caee1ad00b2cad71c5b4fb432e550ca23cb,916d739e8962ff9ccc9d7028cee7ec1f163bb61256a1ba1915d3ed7be108f9d6,train,True
3460,b56454429c091b670c3a06b10c8cdc6e8ea2e0f181026a4ffdc47310a9ad229b,3c5fdabec4fc03da0b18f95ff0ee0c5fe972d406d2098372b60e48dfa985febf,train,True
3461,8391ad627b06225d4e2fcb8e589a1d86f16e21f0ed206645614b8e87ca103ebe,7a0a079b2703b2b266813f1516e866b5f631b5993d3dd816ce10d1792ba16820,final,False
3462,6ae7e6bd817511941962f63394b2721c7256da276c06a959ae011e495eeb494a,75cd9622296574103435f1e2fcfb4ea8adf47967de639617eb4732da02f0f720,train,False
3463,b6ca832cd5452ad1260e74ff1dbcb0e7843dbb190c766e1ff2aee30970854002,c301cb5a6bc34a42a3d58765b7794ae6407a213d3092e02bf0b15bc21c4ba214,train,True
3464,243e013544d4d194a8445a4acb03f8a63c9442b5f19252e3efa4500138dadf94,87e0b8f9ba9735a3132beb3c3e07e49f3486c5370562a98acf6af1c3a57d28ea,train,True
3465,40967775525a3e61c606e9ba5368ef4b5ddc2b19a2e48357043e8b6d7b3618f5,535ec7227c4aa71498fcbeac5884f9d30deb5ee21e57c308ecaa45f4675097b3,selection,True
3466,9dba84770fa325040d55bef6bf7794d0a1eb20f2d93da00fb748d023c6135ee7,a963895306ec360155ded580dd57f7b7fd32df7416e403106b070c2ee06edbff,selection,False
3467,1998e5d672b1088683bb908262dd54108ce90ea43b16f121469b8c83c670042b,6fd35f277deac334fb04f751059c021f7583dd44718a6d1ec698905050b64bfe,train,True
3468,e2b61d297fa110f18f4387a87aebc0fdc0761b52b4460a6511de7b6710b67fcb,c00647a64d30715494f2bda704bf90281e44ef6e53915757d581fb2376d03466,selection,False
3469,2e3f3942864c298270ea8298608e7868ab9ec1aead422d54f36ff9b511b8f368,5e938671b96c690493b868d4930b7355455de903ad36c27afd938f7d1edd4455,selection,False
3470,9eac92a824fafdb6d6518949cf53291c60e8a7fd494b859d0250c73ad39cde6e,5877df3a10a424e10035c51f460f31d95b6e9f2ee3b1b99eac9f4d1caffc670c,train,True
3471,e7c6436993f9b3314013c2d08e30210bbcd77e585596b5f89b917822fd493e83,4056c4dded53b97b362e90b221e2529c526254697a087605d5f2ebefaf4f52a4,train,False
3472,d4e87f7473562340b716aafba972aa2bf1a1c2575fd9e15a3359339077035872,86c9e651d747395ee0983ed8b6159caeeb122b11be0d3c2c85870095e572ec84,final,True
3473,4bcf02a38ec93b02ebd9140645763e314dae956ae87301d1c7167e0799f08118,9bed1f14640aa43b25e3bcc39a2e92552625c9617cf8a95b2ed5586b8836e941,train,False
3474,f57eddfd48c350148f128a1361d2b1c6aa1977d1f267f813ce02a60a81900151,a63781c5e70665f69b49281d1e839be43cca574c7d690ae59e531953681037b8,train,False
3475,db3325f3f2749be11e76b00c4614ce6624fdd6395a0014b9c8ba65fee04d063e,ce854f4530ba8441d40f39e3f788160b4c434532e11c4cd3d1c028558b136068,train,True
3476,ffe00822d7963df9e4b15fc8c65c52573aea2f481a5ee58e5d9d1cd953fe3fa2,f03f64612e54c29a1dafa457793e821bd168a38d366509dbce4ec86f54923dd0,train,False
3477,7317663c58712e6bfbb4ae3c587b4639f21944879b1b3a9b3d5bf4c4535946e5,8a7932818618dcf81ef5d4635843abb8b6157b0f17363aaaf92bf127d0e78e4d,final,True
3478,1b5adbe22faa5768a24dce66ff993ee598791449b6c033058605926c4bcb9ca3,85e4de0df2602cf31d4ca6832366adeb469e09430d085daf8f812c69cf2f2d67,train,True
3479,c978a83016068f15055c3b38b881466d480e7447fe2495f500369eba4ab217c9,32f0e28ef285e3cdfd903296a20731a711ca396c0a4b2112ccd64096de9f7657,selection,True
3480,0f4b76ec83c998defb6020a4ead98880338b381307548f4849b00995bf587b06,c96a4f7b77dc8a5b24c7b8246921a7ade0c9e8143ba7271c599156daeb59eb4e,selection,True
3481,49258e9e91b48badeed56f6a85e3b1866a1b6e1a72b35dff3f59ec583cb2e03f,0117f0cd0dd79f57047848b7d7a7a014e16d876260bdd83c18dbf8851b9766c7,train,False
3482,dd018abeb66f3a7a4901592dd4082fb5dd8567a85668e86b3d459cc54f368beb,4063e0bb91b4624ccb2f3d311c2e50ac3124a6bf8edaee96b905bb8f1b897052,selection,True
3483,c52954fd0659ba13d10c7c4865211fc8a888f13975ed03ce2b40dfda72fb94d0,fa388b64089738a0b1f41818df6557ee1767096046ed174f6c6a833dbbbdf2a3,final,True
3484,143f7be442da38c98e7cba4d05d8548ac706d9ba3006b2c0a6177a2b5fc201a9,f856f60c29b6e12ec8c2faa6c2c71a42c5adfb40ae07cd8a90010ce4d1693fad,final,False
3485,df5bd6d74913404d30d0976ce30b6dc042433e4f853ac5e7592dc90a40d0c02c,49df3d09a7273342bd0948a60c5cb7c06a556eb431774a3c0b93b7ff4bb2a20d,final,True
3486,6ae38d563bc3898c0a8e16e08e92b638d953930702ad19bc11d69b52106554a8,4bd0cbeb4f7b59d887f483021ba0016c4793aee8913fc5316442c53dd45e8bbc,train,True
3487,7d8afb1efdb7455e7edf21c9e06e15afea0414d3a9874104bed009814fc2c333,3b8fb6e26fda9cd772a9e0191ff08b38fdea57d683ca276917f25e033f5c8675,train,True
3488,f135a8b3dbce0acf322919f8544d3a5f9ac9f270282dbde8e18958ec1552212a,1a95af16622d31bedd4906cfcc753b914a74e90494bd80a5d8dfd56257f02aa6,final,True
3489,337bfe5f7e489ad22d41ed9d51649b5fe3a75184f8adc1ef5f45c681010fec6f,6e67ec6956f4c24a9b4ffe93daa56fc8a81614adbf2a91b4f67536cedab9fcd1,selection,True
3490,0043bce1b41d6f2b631944197cf583ea039a2438c9eda043a1401b3056403821,0961df3c6a8ea4d9053315869803022bf08a4b1a98d9432e5e8416f9d78320c5,train,True
3491,1e89c77f2f420d5a580055def9de90c0cbbcc4017104417922b8fc66ac08b3dc,b4527692cfb534068b32abf98eb9c6cc97a094a9c704f7725e9e40c1c0758e07,train,True
3492,24dfcaebe29b6b50d0f625f7a17dcaf8dc1985962180b13718b49aadbf1a3ae1,2fcbca035df21db8a47eb9ce636b29dadd8ccc624cf25e0da3d68bb0e24603c0,train,False
3493,d03c78cc7c21743f6372d253339b1bce95e1dd8e8e473e7cf03136ed38f60cde,0dee9c333f1ca2ce668010560db86db616d53571f3cdfc3a0823da55464df197,final,True
3494,6f67ca77f25f8d466b9efd81f397b9e081668a931963d435a8be539a32280652,8f50aa97bea0f87b010c30745c17ada04791812410711e8acee7435699a3b890,final,True
3495,49228fd16182705f58d890f43d6fab3d5f4049ec97865a465092142bec491ff9,96f2b15a12eb4246acb1b16fd586de954e3cac03ab5defbaa22b9c50edff7b6c,selection,True
3496,23b7e47b44255da82c8a2f962ab7c7c7fcb7340621ec4bfed7d9eb20d7bc2f30,ee0c93a49f3d45fe2f067c24eee387ccb5d9e6afb678454ba335e7b89856b85a,final,False
3497,4f7924fd86c4c6d13d1ccf4b8747f0f5bac914071c799dd2ef81f6d8716a4a9c,e549408b490ae5d0c86484fe3140bb9da29ee8bdab268a14f1044658290af908,train,True
3498,e2e5e5ec2796f2758d59f802b9c77f98e1fd278607c9e19352e8ddb50ff5e7bb,77840a3378d7f248c74f37fdc25f6f13e3326c87745ae5d2111a60eaf13a4d21,train,True
3499,79649357d4ee2e5320315460435fb52d08c6c458f24ca63a2b474b19348f2de8,e023ac79f3f1dd95eadd16956baba0530abe98def9bc24def99e9f1adc612ece,final,False
3500,46338ff12b914f9c3be15c2db75d0f02b48a874f3e2fc25fabc4e101db0953bd,82f4f8e8260aba048d2f7304e4c2252bf945311562e5a75977bcc60a2cc29de0,selection,True
3501,73495b5069e9654893f18ac8515bd8b4d0dd56b68f11633df4a5155ae3a26e9b,895f73cf817b850c0aa08fd1a04b101021096d0935fc3cdc7a634785eda1fbe5,train,True
3502,576d468cd33d8e32043f8ca41d60c847a5d10393c00a574ad313e5aaca41c8a7,c6eb29353d3e7ad44acc4f57873d12bcd4bead55ce71401d9b8ecccf5891cad9,final,False
3503,bbff1179af791246ac340af4d0c101758a85310a619ccb80ff8fb0a288b8d68c,72337a2fa34ae7f793619f93efb5950bc6681d3329229ae0ca1eea1e87615744,train,False
3504,e1f5f6fa2a47035dd2db6b3a3110bcaf9605287357517d8688c89cf229beaa53,37ba18b17fff27951c5b3b31d32f8091b7d5b6c73f0089b8dd9f47f404e0c0eb,train,False
3505,2e3dbc6a72c7dfb3b536a93546f99d84bc1209b5ad5c0865769e1bbee2b63110,959541d7c95b0332a69e894caaef4473d8a2dadc8d9cd9d23b2850f7a129746e,train,False
3506,eb6cfa1829b300841d9ce2877928f99aec6673c6e0c8ff2401fb3a8f0e4ec7a4,aa4902a37545e35a2f39b27f08676d753c983955bdd25c9e3a629a7fcb81c006,final,True
3507,a83f8519e9def7345bd02f53757cb2c74e3d21cd8fb5313638aad87c391fe499,1b42f1e02f119c40a60debb6312b26e45fc85d02884819cd275170f38c7dc2c6,train,True
3508,c5145d65a1a13855fc7c98f131a80bc4fd6597f44f37ba05d520e60a8bd9b961,391994d4c0758e73a5cba382e2d48727aa4db1be140f44912c10dc79aeeb9d91,train,True
3509,6b11bfdbf3f107e8363eeb9775939d2de19052e22b12c5a1d13d38b4ecd46c54,132443ce3c35acfa28842549dcf18464883fc556616ce53168eb78dc151caadc,train,True
3510,6ef3bb62e7f71b8b7826ae41b579f04e160a0086e95b9b5ac9a60f96dbc5e0b4,1763bee206eb211dbe907354cbcf245411e18ceb5fed6b9435cdc024386845e1,selection,False
3511,19b553b3ee657a588e05f556ec2124190a1f4a2136a3e86058eb207e283a4b92,b9f53e9fbd4fb25ea4696e4173a83658f0f15802e8aeddbc95f5d6ff24df6d9c,final,True
3512,9351ab21165e543734d8d4e4bc48317785e8c306a41d54eae194b08b9552e8de,07d408c01502b44b7937b8ec1a1aff0a5fdfc31d3ed308b02b0a2be3070d8555,train,True
3513,c2f0f796cfcceb6941573a8548b7c2b481a384f325f8c9d8085ff04dd1fee7df,6cc745c34f20e9856e13c92d6ef63c3dfd3e1a228c26094253b9c190929170cf,final,True
3514,a5b9e0ff0001da81c6d714e88e4dfbe4c678e848623af869b055a0362cb58385,354500cdadc871ddb540ead55a1e0a9c3e18ea2f0fceb94392bca79d8f6d91cf,train,True
3515,e098523169d6f79849729a024f76e1d2a6596404645c3bf033721762490dc192,244eedc6b8e7f80dfbe2bd922f1b7d8866dfc2c16a5820725404af00d32fa1d0,train,True
3516,47f98fb2442c6ef1dae3ee0695c8134f2c6ad24e2c985f16941c8b83d5b57109,172b917b07d6369a8213b8b5be8e445b959acebaf6978d000cb53a85c3932060,final,True
3517,cc3a0dbc61e619da153b53d291b8ed2da7d936c816d58c4b88b357ee9858c5a4,39f95dc46d95407cf43e195b585c01c7c80b9c6883130dbf737ff9b3bf35414d,selection,True
3518,bc42c35a1968b48a6511e739e2e5426e38924d22789916d974c2f936f72472db,eb4db3bbd97a7bb6dc89453d0b7f2280aa154cb41d0344171c2f979df14ac629,selection,False
3519,5a65ce9cb7b7b3b5f2b3778334722bd1137001484cd344e7f994e7aa3791ae5e,9b6116c3358dcb526170073428c95c092f4fdaacf61323996657a5acc6387945,train,True
3520,eb8d03d41073bced4c43cb076b006e91c12ddfc0d44f4860e86f932fa931b107,2a37664155f9ce5c3cc3236976b6a1172e31a719ecb7005db0f261b8b28b7e25,train,True
3521,817bae608b35cde415d5910cebd2be1d179e4ff70e6ba75030c6d3c9624c762d,2aa45a3a71e5448182b70c2092791c50d36a52c5ca0454476a8a31ba7062fe88,final,True
3522,190918761e03665f3fb5ce06837411075f0a37124ff55d565bdeb75c7a2ea04f,01b6ded569a79e9bf65a7e565321983c28f1bb16b04bd95cf4d996a5cc3eff34,final,True
3523,6495de1cb4b9ded00a22dbe8b9519ed7e94d85da46d087ab07ce6d1ef43de3b5,6570411b5c3b50cde9013893ebe2defda8fd1e859e214b5242bcc67908e93468,train,True
3524,3c95f317f6fd7b879c2ff83b03e6226dfc030f723443d9e7aa0936f8de536559,bbe6eb0ef2816e410ac3863d6941e7ac19032a8d8c58695ae79ae6b22ecfaae1,train,False
3525,bfaf792e3b1f7032c5200c0b47e3e39e986573199bcf72cea6f0fd7c5674c721,3cc0556df6e7b817e1a43d1cf3a9ef36e9380abefaec847267192560b49bed50,train,True
3526,ea8fac1355de4110c0c8ee14c51cb2f320f2d3a31930b4023a07a13cb93e93c0,df5b622f3b8a5b374a17f720dbdb81eac4b4553b3711913a74b633766c0064c8,train,True
3527,c830a4e6cd30bbe031f7be3744a3796f48ea92d8283d3ba8663533500626c3d6,df16d77b0518495907290dd9627e28d6eae3577d68d4a107458c0bc24a9b8247,train,False
3528,94ae1c053c952414c57769a31d08e9e155edb0ec3875d1eac9fa0d8757c7ae93,7be986104bfb1f0a8a6b4d79f8bd5fa696ef95f59f3bf1998e8f24d4e004336a,train,True
3529,e8d3ad7bda2d7010aae6d32f84385bd06a577b3ebfaeae38a135ee2f069ec1dc,dddd825e7e56252ac074bb3d7969fe0e1c3a2f42aff22463dc8a2a8a04bafdba,final,True
3530,cee81e146c22bc527e221443c9046804c0eb218e2f7c31f00c39dec64c80b9ed,f5db6ec5113969c15926c2174ca84f97f8eb3faeced88ef982135b71a2b71752,train,False
3531,4afa2f4ee683d0ddf23273ae89393039f8f1ce632c7f8e3fa3f48ba809fbb459,ab53251aa49ca446f06ba6b60d0d9891982f454f214683f527ecbabcbd33c687,selection,True
3532,0ac1297adffb14759fb625a4cb3715268d5603b63cfa8fc73ad21440a3b104cf,04239554e067d96b688759dcbb58053066f703e277e230b16d66aabc745368d2,final,True
3533,01fdda4801010012a0c82db449fb91e9e1654250a3abefea3f44f19abea1ab0e,a1dc40f44d496084c0579e3490acd7fce9a37bdf4bbe8e3fb897265d73223e5c,train,False
3534,69ba9f62b17d5f3eb7278163a33a883f0d9401eb05f843b5089da1cf8b4fb0a7,7b79aafe0f6ce0a41b07b4d72c7f51589937d16e17ef56203272ecaba4601d4b,selection,True
3535,8ddf25e5d5d12c460f541c0d5cb0ac3d0b5b8a00ed15f80b1cc867e364694701,032f4363457311d6a6ed9eddf5e43786114fa037a87f4aea6ba4dacb133bd770,selection,True
3536,d3fa2b4637ca1ee1430d0343a0e6484b33f748201023ada90391036efc0b8e5c,0c484a9939de22c3390e90483a899be28fe7ec6fd0cb879adea029017e58bffe,train,False
3537,c17ed90d945f7b3b4687a682776462e992bd4ded4a0a1724b97d36180905abc0,f5c360405dbba8b1be494a65b56f9a3b5fc5e50e1a5da30624ce7bba1b5a8044,train,True
3538,e1364ca8a69218d826ed6b26782d28d407af80533999848df7aa9b7794de2adb,ecfcffbfeb236996c9372032589c120e8b9c5f4547473defc7f4f9536c97ece9,selection,True
3539,2819e3f6e1e64bacbd24d06d06b52eac1d04b237279f6127fd083a680e341b5b,8b0140e3673a885f615cb1fb91460a622af589cf036c3ca9d224c0d9bb879e62,train,True
3540,748e37fca1ba05e143ea3e91773d45f62181a1fd7b74a01b1578ea1982f528ef,b546c4fc7ca602ce2d70cac493f914ff5eb5dec92c64cb888acdbb413338fc68,final,True
3541,40f1f7f4dc922e07c445fa101ce84f0d21ddf3dc0c2a44b3a904d59b236e276a,1b156d06945c1deafcbf7b82645899825e7105b951841108df9f8b5a464a3536,train,False
3542,ed26e1f37014d3563c212b89cb65b4465bace173f7516cf08f58bf1e4421c5a5,d958fdaff5e995ef7679f85217a645c51b4886f55dac151957dfaea2dcee5430,train,False
3543,191c96bc257c688dbbfe066772db0885a57fa688952e97d387b1528330e45a09,bd598ada7d72373cf3243bd8e9cd9d5434e2d42e4bb920b1810e96b19607f114,train,False
3544,a9e481b0b9c47dd4b42c6bd3879510d91758a3966feeb993bfd27b2085ee3d35,1018454d9085cfe43764bd1cac9d386cbf44f7b04b5c2f83367c74c943225ddb,train,False
3545,10a49349ddb278a6ec485569d1ab51542b38e8e0dd92b429cab681438bb6e65c,159879f5c5eeda1da891ff77310f82db9b20908506dcd59ef9ea50dae027d11e,selection,False
3546,c6db55c57e82a9b5ac7bba3b80ef1dc995f2715fcc0d9096e85da3c09b5f405a,b5ffe404fced2ec9370bff34bc833e1fc8610929840c142e52b469ca8c54444c,train,False
3547,add3fb7500e2ca1fd3eab2d1e69322f23a805802a5c382d7e8154847f9eb8cee,6c8ca51cc813af31d6bf25ee0ba047393374f267390b3b2da98ca7dac713a512,selection,False
3548,c037337e024f045f77e4798458a68710a0c21079beb6e40c909f40efe68d0509,b67d14da293fb46ac3d98be366c24cd6aa6a9f5f6fa9109aab8e907170cc5d9a,selection,False
3549,997ff932ea4eefffc7214d6ce7a010d741ba677628adcc3762a7140d47e99468,28a7bcaa473cd6872ab88fc091b64ed80da5e083467b2c1428a881aadc7066d4,final,True
3550,b00719ab28d4e0d320b911579685ede86ecce0aca3057b5588acb600f7f89430,f47004f37edd2c8f958f3524b3e8a228c43d9f3b3a188aac81aae7b0c0d2ea9b,train,True
3551,0bae5e48bc429744827e8935939fafb2496fdb40424cc2a86d96c836ad033ee4,c326b956e14a19ec3054962cefed3395c7bc01113fc2fd812a2a06f554129c76,selection,True
3552,bcaf37180841def767e251c47e7a0438964b59644e96cb6a4301ee8fabd8e939,90b990213196a331b261fa4cc1fb6b6f7cc1638912a451c8434152fc5c15e8ab,train,False
3553,e49b50f72224d265e1e40544a4b2e99fa9541ba83508dcaa1be72ca048ccb423,d4d55a50d53c9ef0687b9199707e952e677a2966da412257034866ed2143b1b2,final,False
3554,7487728259a12c56b18de660c9a7eedc54595f4ef014cd8a16099615b3ce6326,c3321f953dba157daea0481c4d9cf9f4b3222862dfa08f0aab15fe9796ac20b8,selection,True
3555,139b946a69f5c06b67aa38c7fb26c9a72eae9e90ab4ab7b1471952b46742dc15,ba9f485686324f0b1cea05f8ca5abc255776f59434a09e1d056dba8bc9799aac,final,False
3556,f3a74fb005dd3ccf8f39a915eb165a37439f0105fb19dc3a14d558a2603d4990,1414887e5b676e1973ba675b7074ef39167e852efb75c9bf5f45369842c71359,train,True
3557,8a4845b6245aaf8ea13d1c88ffa5a5339065f9187e96597fa60eb7f7d8959cb1,93d879e9646ab11be90a12236e09a22be5fa6304b29f2e8f1f10ee59b0768678,train,True
3558,53ca3101a4af876df7de3939eaf882661e9d3d744e315ab5b3449e17ba917ebb,bbc7f5370834598e952e1c2dba2aeac9d24a8ec0f4198020e061ba166535ffb1,final,False
3559,a9770fc96b2f07a6575bf19fa848dc86265428c365de14719d8c7575af066cf4,24b28675e05cd8d584c826ede6f24e0683f7044b1debaca07978ce21e31b7ecf,train,True
3560,8a3b05575f276dcf5581f17707bd400996edd526378bae9d3caaee275cca43fb,d5f3df1e67e99cf9c8387d2275fd6daffb7123531f265f94ef59360c23cd1e23,train,False
3561,bde56abd2fb5c79fd930c53349612a98587d9d6b32abbd877cfb11fb277f0eda,a84d7c621ac7b4adc3bfd59df0091497f0c03dd088a29affd9338715132008aa,final,True
3562,c26fc1be210c55b108168d06ecef598ee8e4ee76eec371b8c6ca450132b6847a,fccd021ff1bfe93067ac2f4070b7ce18cb8365b8667670aa47803330a7415e54,train,False
3563,d55628cae377c4be8001bb07f36763bbcced5a96f319ce1ed2cd22debc3d6a54,62f6e3c366e23c6a171527ed02bd7de8321ba9cca2da7e79289e8ab2b5af544d,final,False
3564,c76263b5d85848ef61ee1a255ccf1232f4ec8bef8212bd9db29e8e139fc70878,e8107262adc05a670b34e1608d9572f4b56c4d0036e1febfab049af9048ec320,selection,True
3565,07822b327725ea3035176c570855b50912401982a6e564586320b8c9d8ee985f,0e8919fa1a3ff42edc56c733334d16547da266d2b9f31f4722ba2e41d805bf61,train,True
3566,993d5b73b72a7745dd46fc5116dda81f676fed0c3084f5d9fbd4eb8cdd513c83,456d481a56b725ccf78e145d3237534ff745d3d2779328114128f9b5bbed1796,train,False
3567,464bfec04e8bec83b240ce93efe2091fc24a166888d7e0bda32b4eed5572b2d5,56d050d1b44287d541fd2c0b09e9079f50319661313498f80b328d7d5a861e6b,train,True
3568,03774aeebcc5bde34eb449e34f348a2c9ad989bf4bd3fcfa96de5648ad0f25d1,20807c5f7b58f48b368cf2fd9d6d6cb001f04f07f9fef29b05ae47863b1178ad,train,False
3569,7dc9ace4ac5b0123536f85c9b0a3f4a9b7f6de703847cef6e2e4911ecf12933b,0ef618a6950d68f4d192350e48fb21f37d11e1ab64fa83b33e42f5baf8fd72f7,train,True
3570,c1631d2f09a1bfd46e54f30401603d4d8f5ca5478fb9c2deaab570a6bfb9cab6,62262eee2c20a7b944d59268aea9575d0f6d5d43ca65b21299f25aad808bc4cd,train,False
3571,30230dec96f5a7d4bdf402e246c3a7d6d2228882d3c8f5f07e490b98299d1fe6,6ef6ec0d87dfcd8087630bcd4adac321df2cfd61806c0ea66acbe7b5adb80e5f,final,True
3572,8c6b9a6240945ae4edd7559573c03272de3379d6881f84e679128db416ca343f,a414d96021485d604aae708fddf48c9bb48bcb1b1a803d3342a5f55cc0dc408f,train,True
3573,c75f2e2b4db2289512046237514afdbdbf2ba750337bdc69543b31d7e4b6cddb,d405d18d2348e46d8321f5c0f8ca5ceedc8c339e7450b6d76f045d2ce8e7f809,train,True
3574,9804ddcbd2b75c6d6a84f16bc124ce599184b0844bb6bb44c5e4552d6144bcf7,2be5eb36f8c0aa3a8cc4132709ea39f3c1a0366b86a055d1535a8ed3b5e1d99f,train,False
3575,cf89ba82cc8a5eeb19a75efef1640c78ff16f0954dfd2f6dd00498dcee807dbe,9febf4ad543d40465277bd794a154c08f0490b51b4460b60e11bcf1a9682a9da,train,True
3576,44f9998fc647d26ed7980e5b875b5175fe630bf74657a93342a4600db3e6d01c,a2306f52929181f1964504b7adab3a5ce235830259235c741295239131539897,final,True
3577,6baf117b28ddcefba478168f9e21cfcca4e0e237fa705781280123b3e17bcf74,89efc7c222b3cec8bb2ae0a3493522de0fa9fe7a6d4f3e48a94ab7ceea591ed0,train,True
3578,058a7e8af037eb753b2427cd305048746719c937185223f6d983117e8314eb6f,2b967a061bc57fab3885fc5e2b10593b6cf7f88d0586c10ad184915699e869bc,selection,True
3579,ae39b86425cc634cc0f9a27a49074fa7a10c9a91e8f9c4c0b5ef0142a09b6971,d720ab27d42117dc3f955509716a7a99f477c9f97dcf5cb35de4084c969b71a7,train,True
3580,c39cbafd7e18f90a1fbff385c9d435fef01924d29ca551d4ade81d9b3f01aefd,979f97dd840b6b6e36a8a117d110a1a27de2be3e3baa97926c25cb296dd6bbfb,train,True
3581,a7baa43d44cc77b3e734090607ace29af1a8babb9b85730917f9744113f3bef4,485e391a49c62bd6d0f4466b3e0256039cdbd8901ba7475b3efe534bcfc7fb8a,train,True
3582,a0708395e1788a110966eb4b674d58740bdb4c26cb8c71bd1fe899dcc18cdd43,10c643e285128b8b4932276fae82cf55cd248ee9159f8cb95e062a7336665d25,final,False
3583,891987c398da19f482efc41e051c7158edfaaf304dc9274499b20259678c789c,ff418b9a28b7143a7541685271da37b9b6d498bccd7cde7401a7cb7514cdf055,train,True
3584,28a35847d276b3f6401bfa7ee44f1cdbd93553317ad07de1f883161f682dcd4a,72557090aef953e40d05cd5d3ab3bf8ebf7ff685720bf9fcefc1ac5724e40d72,selection,True
3585,8eb7c429dd4a7c918fdc78d5981934094a2c4ae0cb020fa45f9a4db4762b4734,54b178a78d342648141a53ff65fb0df3bc06e22a2b14206cee660bac7759985e,train,False
3586,ca1e38598a371edc5342ab2993b2e63f49b8400d592608b054dc9b06ce1cf25b,91c72b01cc0eb78babad049947445ad818f58593d46aa27531f2e46f17729ecd,train,True
3587,ab6e333ef4813e6a0f7095908a1a6eb83f8bf497217478c0e55287f00eaf4f28,fbf9f04cd366f2345c8c8169e31f99975f82d232d6a23a04fae2e38465c1c0ca,selection,True
3588,55647582080aa9b61664524b6c11381f4036c4129552b9395186758cfb209c80,a05fae6d0d08c4082ccc4715872690e058d6fe519bd6d15c6fcbf3012a6e4655,final,False
3589,8a367a6574f7b03b8f93253470c4376df6b8fc0fd305e01de1e946403ac129fd,697ea282fcfcc1ad550dfb969f8ae3d3e61abc79ee66dd68fbf2037d8b04b680,train,True
3590,f567c4ad2bf61121bfe3e01a97ad1a213be49772454d441d9a9fc40a99978eec,7b8196c99075e6e34e1df3954ffaad9c7e83e16ef6e56aad3d88dbc1130c5a27,train,True
3591,7ba8a41421f575265152fdf1b4b8b70b2d89d46a20bff0d046aa4e0c812164fc,018547a97c4779130e6010c9143caec5c8e081bddf3ca8de1c3703d36d9a58e1,train,False
3592,395dff7612912667fb9b5dad7d5fb8c1123df6edd3984c16d4da803ab3a5719d,e04c2075202bbb37ef668587efb8c181e87f97a506b77a0856d8b2c929359de0,train,True
3593,c427de3fe1c6f00fc34ea13d4e3ed7620fb7fdae4ff654775137bb5da6f8cb64,690b895d32f18f5c0bd51be319741aa7bc8e6c1cac6dc6473778c600c80e04b3,train,False
3594,5214f129c563dea6582ed2572f84032e985faecef1fac22cf28ce67dd0fe3015,67ab570d2453b97061e3e0aeca35e7bef0b30b82d677b2db91587d76bab06931,final,True
3595,58f42476cce22de0422b177ceec700485080c8e1fdba4b7ea2821e62de8a84b5,61f412eb40ad888ab48557aa454bf696c23686daa2c2f604cc0f12a282d9f090,selection,True
3596,f8f20032ed8f5f7eb23620ac85e89c3eaba7fe578c292136c87d9c7dc30e475d,daadf94a55ef48cea40b9cb17f015b1ad18372b727ce6f5376b3491d8b0982f8,selection,True
3597,c95ac6fd7f2ad6cd5cc0b171cbacebca121e65d529894f7d65e234e5954b99ed,8d1d97cdfe45996cc86bf1e09206e394226f6eebb66fa9e7ca060509eb02b107,selection,False
3598,7f0d5ec32351c5d6c439c2258c18e65e2ba344100d9ae71dd19100ed8f1eeb04,6a684730b56f23fa2428c83340a0775fdfd0067a8164a77bb75b40c3ef1c1546,train,True
3599,bd6c0e6bf060a7c0230ef2568771be599dec70dd48f14b0e6af2a6c9e6442a85,b499f1ec29a4088bf650c1f5a35498961fe0811d8257c2f7a78eb61e1872226f,train,True
3600,c16a8bcc0d871f3cc9a1a9d158b33df3a44671eb71c98c8d6e768cd92e3adea2,6170cde189c314c8102126585d1598b0a49a8c986f6c7411c6dc5af453a5714d,train,False
3601,1c6b5aebcd3a2d244511480a57999adcdc7e57a2e8dde66a5684a137f1ed8720,6bf0024fb651af6d7f8c916d4c0f91e703979d12b809b6481a8a9a4d9338eefe,selection,False
3602,24a2c276726bae6c32c11636369c04a186bf69254b3bdb8498ce8063349ed706,daa2df2d9ce38040c56384dfebac51da9bb9f80f9459e2fb7165bb65a4b1937d,train,True
3603,e78e4aa4d1c11314494656a53fccf54ad7a026ddaff783f696994d0336bf732b,661ec699491d8092e0d41c6050c24cde5a6dcc4995e4af1312863788b19b8d55,train,True
3604,6a317ff35cacc535d7360dc8cfb4d4c6ead23ab97878b57956c6a06010e53f62,4ba7c982f3f5f1b868c543cbc29a40180d6a71ce7b6db2b132161b825b4c510f,train,True
3605,5236ddbaedf642e4c471651111c3860aaf4665a07445f3ba82d47d8023f2d3bb,5cd783566cf9484308d701bff7e13f7017f20c74f27d0fc1f702a1a85713e032,final,False
3606,72a13934f60050683521995469d45ed8825453d34923eeff00ba0e17c11f79a3,99cf8c10421bca3c05e17ac88b484c8151174946d2d851d0a92192105b26f201,train,False
3607,50bf74ef77858678438dbb873959bbfd32a70a192357d7b6f6315cb853a16849,1b8007e5e3c3a105c5df5026d083e07c8ecbfd9c67062d86b0fbbd2000b9fef2,selection,False
3608,4d06be7e3d86696a63559403dd25ce4e91d2b1430dd069e9747253fd5fdc5f39,8747f854ed2e50596601cc075698e3f537eeaf2884a4f75bbea8c995eb0dfa8b,train,True
3609,f9fac2ae0820b75744848e94b326c5198df9328c3cee5ee20b73122f546e8e56,ee7471603fb34e76db7009ca10361c63a57c2480a2db644aa0bd4b1af8025ca6,train,True
3610,ca0997c6f25d195f3ba58949614b12cc4eb9c6eb7408d848911e10a86ef9482d,a73b53ced79b6ab8d4cc238ab53aa37630192664283dbde159adeef513e8eb0a,train,True
3611,7d76418d0401694e94fa167d12de69de706bffaf966a26d2631cd1f4949cde4e,9c416544736fe1b769042d094a48f6cb05360ac1b2cfef690495a1d2d40d466a,train,True
3612,8d59d723399c143f39a701ec98393b57cfca9b292602a4e2a34ab4e1e675e750,7d0223a4e70ab4f803961f00a16c7026600728965cc6210eea52db0b71876473,train,False
3613,a9ca6aba131d5fb7735880ea0c96a0ec79cb2ed75a2f36038454cc2b7eb6bb19,23c2547f82fb56a8cc5eb3278b0fc7d90e865d95a3159bb8dd9ae1057a0036f2,train,False
3614,017fd2d487ce4632d2051db2d0c08515b6bbe52f421b1d103ef32aef42ce5e6d,b1e173318e1e1fde398142e6efeee335dac517d3fb3269b9df393ce499d61492,selection,True
3615,1595c7861b832dc5d72975d66b9cddd294cf1ae8f8fa244265334092d71e2814,e322976a360e52da1f56d9675e6a8507fd38c8bc7d3c5414601b1639c876f99f,train,False
3616,ce249c8a7426468e9490d44f1e57aaf99ac9d898dfd994afbe055118d465b029,97333f413245727c42f5b9dc095e4803d80679462b955b306972cca6a1b2149f,train,True
3617,6d74dd13bec7160ac52180db9cc01d2bbac0443ae03117d86e3aa1489d579f90,fc75f58b04f0662123b2dcd8219f25326958643053b7685fd087baff3e9150c1,final,False
3618,0c555922ba9a92dbbbcc11ead1bf1e4a127affc2377601accd502a2dc67f8e4a,9afb8bdca3d99fed629415b42b503b78b8edac1ac7cf89b0ba19cf85bc9f30bc,train,False
3619,e30e855d03cf67c7499bc7fc8ce174ae4e8c1e8b870af0d36c1fe4a0cd586559,556b082f535f904f96cdca5bc8a04da02c2bcda210ef40f7a31c02025f53bbc1,train,False
3620,67f72e0709a03de4ae0c018df0f31637fd2dff6696fc91aeb1e9e51e95a19586,7dac9e9995b9332e26b4c87637facf070423d5ecfa256eca81c7bec2eda6cf6e,final,True
3621,071f6790fdffb911143cafe12bc5a6db8a3db7b88b2b2413e3ae463b7579b2be,943e8ff6bf1a9a9eab1c573a7b6fee4b87374049363aff3eec6cd5e37acd4eeb,train,False
3622,bb32bfd0fb3fe8a5734ca454497f875a95efd8772701f86dde33698f333e975a,9d02468acbd72f8685269e01707f98ffb8667b1f6cf86a1926f83531761a5eb4,train,False
3623,e308a1af3637bc48ec3338257cf30dd79f0013b2aeeb83c9e51c1851fd73b10e,ad24753c50e2ab7924673ea29abafa3bcbba33cbe272c9c8eaf47e3b085c897b,train,False
3624,c9af224e2762fd688f5b0e1950a1e9f234bf010b2ed90b89f12d348e71ad89de,91e87596cedc8d573da6ad78625008216e6cb19c99a4b8799516ca40d7c02940,train,True
3625,448cc3d17cf5fef24c52b6f140964b95233a9958ce790e194e6a3b23a6d281eb,d69222b925a4fceb9da1541fc78900ba177edc9dd566cdf3e8262b8fb2093cdc,selection,True
3626,e00ae210a27695bee9b0c12bbcc5a5f36f8a585ae91a82a49a3f2e277bce229c,2f0e6f865dfb607dda126f444a01ad20029dcb4c9b7c229e904402f6b8fa4d9f,selection,False
3627,3ac3dd067411fe3cad1a3150fcc6152cb5a74fbcd40f8c894e7d2e28cd7c125e,f482c7ff274dc0a0423d69d0b5200776f1d861578a920389b9da31b307887c51,train,True
3628,eb5e13b4f174b9e71c5bca14374d84ad8669c6a7a75b00ab971c59ad9e917abc,2ddc71d616528f8d7b310a4ea778f4f484e18bfad5f8306ef41c259e5c326ecd,final,True
3629,166c8c98fc14e061c464b743521b46519dbb792bac00544857cece1ba3d236a7,1f82fef3138f6ecbcc6c272dddbc56b35adccbd57881b2206d4a260c9394b9f5,selection,True
3630,41d0552b8183a0813955c2d64e7bb9035efd91a686104674a64dc1e08ca6d77c,ad92daf4d380113aa086e3b9038f4f7cf83afb7d4b5de34c2e566c956ea0e790,selection,True
3631,0dd69e398f7690a1a010c3b1caf991e6d70d143de485f4e05be1e42b1da98068,eda65d8dbbd7b5c7e2950a61a46172499db320aeccb44eb7370b3ac608fffa51,train,True
3632,e954ceacaac454de0b2ed72b13f061e6cbe7dc1d0a7fc2cc0cf2e66d48141b30,2c1936bb1069ef66bae5aac4aa080c347c44df9fe977d9432428a0f94dd11d8a,train,False
3633,f7fb0a8ba01044d759a194dfed50c9b0161c5f88009df7f97e4e0627f93aaa6a,ca7318ee37fea24e543dab455f8382a4c508553fcdf4934cbc71a851c113ce69,final,True
3634,a5128a267894606407bda6b67aac012b0c644b9cddca3b3d9cd42cfef6f8f7c6,a6ed4f09a7d6fae94683df90623b61274da191965615e188eb477ba410510681,train,False
3635,e561a16b7f52a76cd21aa9fc3a274db9ede74e1049304025c684afbfe36725d5,3364080a0d4bd2bfbd406fa4819b8328ee7c38eb5ca02f46a8e1f0d6e06ece10,final,True
3636,7c260bed0eb2010b0817d9176c4eb8ccdc11c8f2fbf1d3cf4acec866090974db,f880589487572aba5ee3338a5099e39a4ac14a1786997435d9eb317ebdb1841f,train,False
3637,4c768f53da0b2f664ac27532d6b562c1a29269dfd2b208ec40d5af9e767d099a,4b47f54eeeac4a0ceb6c157e149de3fb0850adaf9fe19912890901b5d3ceec1a,train,False
3638,10163730c0137f9166d51de313d550810a37dbdd9bcc51f0732abc084995fc41,6d20d85d3c6c58c8e6f3e136500b3def469701b2054b6cf591d0572250ce1a34,final,True
3639,94f76a8e2950d0e1f628fc4dd38eeea53a6e3cfdfce9ef0fa6033a9c4df2629a,f62e3223cb9411702298265bb003832baa95696cc91933f358f7711ac871bff9,train,True
3640,be9d02aa38587046687c7f786ca08fe7b29a7f6943397d916d32881141060ddf,468389c0cfb7e1e2988815d66f7ca7d366f991155525f4c204edf20a3aaabd94,final,True
3641,252cecee2fc90e5e694211345757519aa3f625bc6b912932bf84afce21ad5509,f11618dda0921ee66946dc7d76f132e8b08583b80beecb858b1abd78748bff6e,train,True
3642,c0f7141474920fefb93e40f90b160c7746e5ed8659d9f2d384c989cce41eee2f,eada9527ee6bcb035adebb620eb8c33ae2b8bd250dc1f100c9b7ceca95f1677b,final,True
3643,4fb2791e87944f756970aad888b5d5af828ab1ceaf6babae9c1aa80da2e9933b,95b6bf6ca7efb62f8be07d622d4fa378ace4b7b50c4c3ec2bc8174dfadd1bd55,final,True
3644,e930442fe2bfbaf4bc656532d899543f0f1a4a9f90c8cf9b80ff4276b4ddd296,8c84bb69d417c34d16b80e8abf4030a94027a34123ff9b5f1adc6c1200e47793,train,False
3645,9fbaf38108330a3cfa91be5b0b2eff1c69d17b24ba3a5317ac4fc87b3dcf0d31,4d58eb55ca83ebb36cd699fbc2647ad366b7da5bf3894cc37c24d5aeaaf8bbdb,train,True
3646,cf326aebd71aa5147f849fe2da122f5977878344a1a72d6a19854d8ccb739619,3f15528cae57b473c343d40723a684a1337c5a6e3a66faaccac1fe9c8fe0f2e0,train,True
3647,b74166f939f7f1dde0678a88e91dcd1966ec3aa2c25224ea45b6aa7cbcffaae9,a52b023cb4260b8e22aa2258e389f99d8fd8b3d41172c2f50cb41656892b4fbb,train,True
3648,dd24443dbc94f19c70cfaa1d54ff089a1c25911c5037e599de2457520190fa92,9f8b0e909327da39b195b341fcd1e7d1c1fc49bac674390e1b4fd5ea49445fb6,train,True
3649,482ac76ec3615c8dab62b324bbd9362f3c58ff4e5634f3996d7ef2e370df50af,3a0287e6b7e2b888c8046c8fa299d3fc42b39727f638ba537be98f3107866f8d,selection,False
3650,87a41f7c0cea25ebb0f76b3f6d60bd0ac8c7b284e189eceda8f0526d7aee085a,d84588a802b5924969b3d6e1c964d3af588993229fab6caaf6b5c404c4cc5345,train,True
3651,c2480cbce675557ddcfa0ca90e26fc0640f1efeba484edaa661515f13bdda28c,531cf9ce250187bd26f340aee214a4fc2a649c5416bbb577ca2e61d805d1e00d,train,True
3652,f740dcbe90bebb27e2b4f019ec13779e4524d07bbab07c2ebd5a410de1fe0858,956bf668a41279a021fa586e2f8614b264ef755fb74a816108ce728fdbb5b603,final,False
3653,1f684211a1afa1a6b92a3c19f6a809480a2a05b6b3d5dce29d2bd83241304d0b,3227780702b133af5ca88541cc8a41174090a41205d1cad9f0130b32a3b74795,train,False
3654,4e7c69039a7d267fec242cbf1383a6ee0b0415820e0ef39bb3fa5b1ba00bad7b,654b6b735d9c59d4505ad7f993590c928c556ab5bed703ed56731308598925f9,final,False
3655,a7dcbc2e05694575306cebe3ae8d99c86a2f157f16d0f8a3b5a70bef721203f8,d63b60d1fc8f1f4ada8dd82133ca748e692dd8de9f6ec60c430ddcd6c6a9c24d,train,True
3656,aa28201a8aabd2a71f325bf10781a98131ebf2922353af3c2c7f540c356d65f4,95efe56f928f15a6f0040b6eba71701c4a0ff800c2932b43ebf32142154b66a1,final,True
3657,a4cc249d80dbbb39ab73e3b44686bb9d9f6d9cab99dcd9a9b00e3a988c4ebac0,ef16a6c33d982c709b52bb7ed8941d11dfc6253fea3f524b42a0a49c4822d7e0,train,True
3658,f6e9c45482d49a340cc4d35e79381456d6c8eb5fc3cd7f296dc4464078369dce,fc225ce2777c951ad0b2294d91ea2c5fcf5cf1959b0832c554fab1c676cbb505,final,True
3659,0bb1fa888ce0642d8a0f24f393700280135a7c834b89b934c0518a97cff8ffc6,8b6422210a45fbad4638b1705a77d72a4b13fea43b94b7226394ab5d104dd480,train,True
3660,1c9fe4772135203b38ffeb361f8001a383b2061a5ed4a7a6f184b75ce276b7a3,7c5a662576e8398901fdf63f4263006221be428f8f5e8a9fe5082d33a3716d2b,train,True
3661,3b11b93138050e9554899519127edf5a5fd3f0fa55abb0a715451f394a0531f3,782de9ef65ff3efcd9a94998459b82b411bcc2ab5119f228e69fb0de683675af,train,True
3662,926fc1ddeb8533e17493ab180e9ad1c4225af08cfe1fa62da34b0af0f91939cd,a9ba89838379c5b38cdfe335997c16e224f16aa1ff59b50a82c46b26b1449ee8,train,False
3663,768e8c5b2e11dc469927ce1c969e44dd132894fbb4a27872e4a17bc819bdc7dc,2506c45105365311afa331bc432ca4ac399c40866ef8eff17b01f0ff760270dd,train,False
3664,af5d04c0fa365cd404bcd43417147f5ccac47150d0194c8455dd18150f334dd1,491e63758b69b6d427a49f4d7d87b5f4abd153f050e3bd86c9100b525a027fb0,selection,True
3665,ca24c54716cbde4f0a0fa14f254fbde05f0481b93cb36dd889c1cb69e2f778ae,7cac2e5ad5eb0b0efec75588746b484de9488c9246658175409b28040639ce2e,train,True
3666,8fbf94cf1e159cda857cf77cc4eb13ecd00669be5d0d5e4ebb7070b4f3871474,769ba5e10bd62226d4a13d4c5221e50b9ca8022a8ae401e91c13ea40968dd662,train,True
3667,2100e64e22e2f853a8d8b01fe44056a4fdb47781d658e8361b50d6b545a4899f,3f32420fb2cfe056373047da637dee02350e1647b652371dc45efb1c6d5101fc,selection,False
3668,3114f40cae3ed2a277c3e552faddd60a948ed229206b0ac25634528476a0f5c1,9809a5d441c3e94c10998f0c701058cda4571e74fa40f3680f7d1677baf09175,final,True
3669,4ab62f7808a67a4db68c04e77851bb52249b6130ed5fb50c1a5dcd865aeb5a17,15939714e35f51f4dec38f30a81538ba20bbdec402107f471185dc88c1a5f01e,train,True
3670,eaeecfe0a553c0eafb7ba43024a3713706679e03df19b8bda4f945fc3ada3a1b,38a7b719306aec6c83b4104dcfc93d7e2f5ddc0ee04c3567ea34d5ecdca84777,selection,True
3671,6f29af1bfdd0a3f9931b071dbdb395d2ed4544f661d9ba17e3f9d63d62f17f15,5de51ca14024426a941b3a8f7c346e31ec79379e0dbb5bd96baaf8e1fd5b00c9,final,True
3672,1ed5cfd87945169daa3d2ed31a22970bd2601636d55fe3713834a62e6249cfed,ef8188546e545fbc9e841efd5e9ea66c8b3ef95d8b14e8d2cfe6e9f473593d6b,train,True
3673,1eac53b985d3a1ed74d42f0c36f59fc9861ba6de54bd53c5dd3912c103627af8,53b2c5f21bb7029d7560a0a28124f35a47ceca445cfa3814e738c1575bcf3ee3,train,True
3674,3987fd75d30c792bc7ad3071c10bf37d680d18f2074b7505cc8aa9b940dd551f,12ba83331be170b1f44d85f52641079d29268532336ca363e85757427ff12685,train,True
3675,99abac0cf33f5328361d4226f8cad6af2cc2a0ca354cc5f559f9f24c3e1bffcf,5295a6bf85ac2ad0651b921d4212264187ecf66b5247da3a9fd47ab1bd5c9484,train,False
3676,8c1280a44c63ce2c22865ab9f14e89c0d9a8c1782e6a0e6ce2f97ae3ee52d416,bdc56a19314325144e4d5c267ffbe7e217dcf0dcc6681a7768141150372bc6e1,final,True
3677,d0daa294c77fcdf2931b6393c2fea2a64be1180d3f3946e8bac9711c02a1e025,e4f49ca9c94355b88491bb522880134b8d3e1699041b0306092683609e93ff29,selection,True
3678,798887c00820882cbc479375092ae1343d61aa5fba03d5fd6265d49b473edc81,ace60faa53d34ace86b36649cd74d7680176bd614d7b06121cdc92707f985eec,final,False
3679,092dd7222156e4fe75beb7e737a079445963720f3c4d15ef40a4ebdce0e4f7bc,315eedd6138a9fa5fb3a7cd090e809787d27e6c1a35f0d952db9ea3e7712df25,train,True
3680,7a77805055c6468e66854d1f9096b3793017999ba50530c99ab2a82fe56c4f5b,3a253e0a89db28537020278a659d1e5d35dd02b2fb3958580501672187f983cb,train,True
3681,173f6facdfd25c491ab5df29b52e3cf9b056927383bde0603784da90a982417f,d8bec821628772b8ebb7786951c82431801fa9f7084d5598ad5fd393f4b45bd1,train,True
3682,1a63341dd3b713ff6f58549557d01d9f2a763cfad292ef734025460bfb88b5e7,736b20a50e781c72ed9392b14da0d38436caf84318d0fc500f28e2ff9ae3f0fc,train,False
3683,d07f482b69127fe289900dbf9a3c0bb18033be3fc01ae8a74a2664f7a17f6c6c,1d237e2c0ea5269b59b92a0a9fc42079ba1a5c40a91691d54f613bb2c4a39147,selection,True
3684,5e8ae8c35a836a2b57322bc7260524555c094bdb13352eb97880530ed47e585a,3b4cd5bcb06540a48ab71d87c380d409a2c3d0a5f8853319ddc970ebf3db061b,train,False
3685,2766414108ba86dbc5b2c999c97df25dcf2b4cc6a84b3f7c0d8c52d8f61db5d2,9045bc5c171f84893ec1e272bdb272a75a17f32e323f29f3f4931632551c6fca,train,False
3686,7c05fc72aa4f87254adbe2e181311bc039c776efae92f2aea356bd4a456eaa42,aaa0c7cc5397ddbbd8cfcf64dea25e7d7f1549a9b73e1c523b237917941fb813,train,False
3687,7b8751154b1a0137a0e4d914e174396ec999b53a954c57dfa009a1760454864b,9dfccd274e5279dd471d60a4e336ac06b7489de206b947f14b36fc43f72e270c,train,False
3688,adaabcfd577beeb38457f52c0ac0f3f2833ac3970100ab7ca8db61362fb0a0fb,cc9a62d62c7ceca1744da5e6d72c9c1fc1a9b211e7ced8c027d5e74ab2ce24ef,final,True
3689,8b0ad4e6d5b5746b765b31e9c19ad3ba53a9e0960ceaef1ab9d79fb833a469ef,96d9fd1866ba3769a166a8d2e2f9c012cfae4507f37a1e080d1ef0ab8a3f7c15,selection,False
3690,e83c83565bcab88ca35d56953f9090906eba1cccbd769923a31321eb005a8f10,1f0b4294ebd16244fda7472c21f82ba07254e4660a4f6930260bf64fdfb7536f,train,False
3691,2d469b846554f28f8723f67b58d7e8c5d036861866181512674dfe2c54dcf1e2,06355dc203f9c5289e8f7917ab91ad456d253dc20f8d2710e1a3c91602520a9f,train,False
3692,1c11499e100791912e84372578270ab7a76b33b1bc7de05972ff297f96b5f102,ecbee3f1cb603acfc44e8fd6d4fb651914074cc232bf853768fbb34a2352a1f4,selection,True
3693,5f5210be6338dad42d23a782f4034781472b812874bee314191a2b958cb92f21,f31d9d9f82d2152224baf4f872a4d6af422d93664a14213fab61333c0a836a06,train,True
3694,149987330b494f9f0a9d7f82b1f79a19d71596f00710df5bf75b5239847f7cab,fc218416a9b7b2b4d569a0e51c01e4413e13e3ee6a1738787c3c5fdce6ee9bb7,selection,False
3695,f180d9f526a3b3e253e43670f81d825c70d52030e57bac9a51c43205aada98d3,89d531555cce88573f612d0ebe56c460665d8eabd8434f589a14339d276741ea,train,True
3696,dc521e4bce4c86b2f54c42244628234bee7c627f65c55025cb9b0d9cab9a80b0,5e44dd7ca2e152d28695609aa77b084f7125ae188732c4e216d58a22c541169e,train,False
3697,a067845a0d07d92e23d138f8a82701d24b4777b277796044d3e9e3b087b55a09,aec91868d2f8c9ba63b6229e0dbed559e785944b973414a0c02164df473af7c0,train,True
3698,841aedd682f8a8695d1c96032c560318bee3e4009bfaa0743cecfa871dcec05d,76cd76875477c6b6c6a486d37521ddb7bc21c0b03a8f6c67142aacb2784f572c,train,True
3699,941dcf5eb0d62259238dd6985d40b01d488eee473e311b21802a02c5e0609315,9bc00710d38bc9921633d162956aab90c37a263fe7df0dd721b3df16e2c89139,final,True
3700,4e396100ad86d89075f74e4ac154c384d5caa9e73c4b1862cdaca9bbdbb04844,71de9c1ab66cd72a0ece0be465b2f196a3e61ddd4d5d753aaec11910b8bbbdb0,train,False
3701,62c13feacac5ccca4be471ac02bc7e202603afa2addfb3e5e15734d7925e5d49,abbdb4c8a8784f776271db42f2c11cec57e81cc07ecefee0a82ed5ee55c6684d,train,True
3702,4fd80c3a429264b816968f982c52499608f89163263cecaa381aedafe56de001,2117791d22c237b3646502ecb2bd6e08cc0e1acb0a23369cc758e828cd384e44,train,False
3703,e54b4942a7261a9484a72230f86244d5977a3b025a7ab4973ef347776630b72d,7aed8d4b8a319b86e558178e93a71e002fe3e3efac69178ac7ec75517fe66603,selection,True
3704,3349e965f02247c689e1456497a1e20802a5fb1b7d999073e160a33df8622bfe,12bec9a792f285296afbc9cd02b80281c517844d52950de5bed06c46d3e0bd0b,final,True
3705,7beed2a758e4abac8a41c29afd61c64acf431ba3d866f895bc81184aade50fce,f8f296b06f1d324eb1c23cb9f986585611fe941f6ce7b56efc371dd3b8a2ebf0,train,False
3706,a42023424dd0ebed124ed9658709c94fa75fcde2edc0cee7c561186a47a22f20,c29a36adbad7a2a3311a174406a5f3d74b239571b8085bf040f59c264f4455dc,final,False
3707,1c0aa9b6fc6b163e5fe21c22b18047ca96022cb36ef0be55dd96e423bb8f597b,5b642f9580d68812ed2a4786d796c1f10a9ebab83e904d4a32f9ddeb576e5caa,selection,False
3708,ec16cf32c4714bd6a4693534f4c36e3d56ba05ab42a6289c6e793adb8f227309,5cc58df278a6ee8c4ad1c4adc5d34ccc4b74f7e8f91ee6ac01ad649dadf91f73,train,True
3709,e96621eb1092bcb53bd9aef04d53d115c66845c84c641592bb6e8528fcac9741,c96222ceb85d82504ade3d8af87be4ef21d2334b44b41f3206afa96fc656776f,final,False
3710,63be0e41c2b5cbfd42d435986ad92dda783fed8f1797539b520b6acc2118793d,d284f53364c8d8af8ab4509a893a96f2e29735385bc792d7fb9e75706b89685e,train,True
3711,beabb802e880e8f121a8f6a8b6d9e6ce382f5cf3859f3e3cf38a75cc0dac23f9,0b996d7193b3b8840c30dc09accf658fb72dbd51a6e9ed7be4c6e87ba0b036d1,final,False
3712,9b35c27f0524ebcabb5af6bf5a7129e8066143636c6d4b5f08c5abcc41024c59,85d696e840d6ff5290f64693ef58af3dc1feaf18776b7ebd6684a45b23367ac3,train,True
3713,c6ee8e855431e2d26aabfe22652c8d75df8e00d80b824289c960c09f325ba084,408785c261179d85da0fea91edf13d5cef8339a8d46fddffc83e063e1a9d5680,train,True
3714,c1d51d17915c2e78f855d6c0bab2f2a6c5cbe93db662ccf3b008bab38945d977,e09f79f42ca8a79b78ec0907ab8dce00de39610a8ff12358ea234f6e80795d71,train,True
3715,84467f7d567ed5fb141b0ed2e325a7eaf5067e8b35f9422308748a87d717c89c,fb48b96597d5e6da2d9db833d319d356d8527698e6446d3c8186f30395bf3773,selection,False
3716,4f555caaee0a8f1fc3a356e0c20b298496db8592eae407d3c63535a556fbbd6c,11186dbdf14a1d4f9af42079767f888d5ca9187aca97cd4977e577c16964e7d8,selection,True
3717,7b5317835b8dd840f9c488448e970653b37809908a5e1a1241a213bbeabb483f,68195b1c2a54ab6298d41a27b85f14c1323bd4d35ea3c945d2a655ba047ec76d,final,True
3718,06f2213083b098035682904a96076eb2aa44954e607dee88d27ad3f450390a5d,788e4112caa0a80b3201f1ced8bacb55b4d2718c811f1162ef121d866fb80842,train,True
3719,e09d8c586cb1f2510d06058173b173aed482266675027b45b2ab83c56b9cf32f,ec46d3e7c5627edebb6bc13088666796e19a9a768fad337f9cae6aa8d9ce6abb,train,False
3720,09a94ac776c98ddac12fed7866e50352e0ee0c68a3f6c8421cb738a62213e33b,dc4f23f7df305a6287a9bf588a9a1a22a54c4e68be94f650d779578d123e6b51,train,False
3721,c7423a05404adb27d13a929122bbc5c710d35b0770e22bb64324746b7688c9be,e59bbbeafb588452598def5f3cbfdb6be8cd8b7ffae453108792f85d85f213b9,train,False
3722,e5bb8291c6929c84524694893a2121a8f7bbf942a739552fcf99e181ef5f68aa,10fc83dd26f3fa686597d600b12155b234bb1d8268ce84e8da8877f394ee050b,train,True
3723,464fc0246de11eac7773262c0e5dd12ca9ed058d8e399bfa2407909237ed561f,e7bcd79852405d0a278c793d6b9dfbcbea87d846fc9c0276c6f728419f69ab02,train,True
3724,763d612e4e2aefbef5049d6397ed7f8de9446a7f4aeab6cc80485cd2b9d07c2f,2b61d540789c2cc49563f5c5f4d1a7474313c9517830b4e5ec3007e47cf35675,train,True
3725,e6a47c73ec56b88f4414f0700712afb248fd9aaf3c21782d8e8833446211d689,f8c1cf7de09298764796998d5ee59616e482ce083f2b4e399cf38bcbb0ec2244,train,True
3726,b18802510306dfbded9501e56c3be1e8208202683ace241cd33766a83ca46ad0,7c5a68fe0d5425ee94428da823bed3c278919a59621a2d0f6df11477c8cef297,train,True
3727,2e339aaf225b1e6c7fe74db11e83609094516e99e79222e7e50d6a47f7355a7a,109a6dd88dc33e28e2f95d27472a17555e68d9e5a9f08bd166df52b3dea0b4b9,train,False
3728,d9bf5e2473cd3621811bfded5232d782ef203ca251d72e1fe65f4def8e8de5a7,a536b31febb67976c206045587d087178d57f804b28827de627eb8954be8e9f3,final,True
3729,b49725fdc14384ee55d5d23f018b00f97a07b715ece526928b044ac4ca0c78cc,9d1ad33f4b427aca628ee0e8c8dfe28ec3115644c2f8cf0cd6654fb19df08df2,train,True
3730,03e9c817e75adab61fbe81e405deb7242911d4d66f3f61c81ff5e01bf2e61ea8,9de360e4e65c2c62e236b31fa1f8ae3d76d2feaff254c4219e3d9f57f777ee65,train,False
3731,5d6d2d726c72cc0c89e25873562568d543772dd0c63b5de69330592dfa3fe440,e976e6d966b9495730cbb8b8fc2355ec23e15a98b4d2588a0731d16471adb75b,selection,True
3732,9fe2b52c8376c2d14ab3b8717cbedaf007ca06df47d81ff0d8b31120ccdcb277,555326b7278ab2e828791ce231b9b02038c7cfdf03b41cd9c9f912f225e626bb,train,False
3733,9cdaa4cee4c19b5161ab5b669ddf8a6de2862eebcb005c3873e0f2b1c9dc7c19,1126d32c7d40981abde574106858ef322632de317d3cd56664d95eefc922b70f,final,False
3734,ef452d93b2044a1308106759c2b5dc076ec652aab801ace20e298faadc5e65cd,becf6b46c1e44327a1a1995d43e88caf05fe057eefdd143ca80d7e88731c2d89,train,True
3735,c9aea9d1a0dc8e5cf69aa7495b0e06d548e8cbffac707d07f83962ea14cd4571,439600e25a6d21545a466f48f3be7dd6340bcd0d0fdd08569a9cdc2b5d781e50,train,True
3736,4a159e3abcadef3ad42a7d99b80e1482b05f6883a36bc36c6276c7c735a4d789,049910338dfab4b4b55d2b2959ac0363e22b29f77e4e9041f9d5ee6bcf0c1c66,final,True
3737,1575d7d16590b2d56b54eeef8a3729dddc5f40f770a97b23f2d9ecd9725236d7,ed26d9aa11f38c217a0c55e46124a11a9a646e9c23499906847201337c1e45d0,train,True
3738,a3f493c8721c90769ae21bd97523d1e10553af757f9f1baaff64e41329f277a5,d79bd12b9dea8fa105f15332c3d1dbde14e4d5c5995879136f05106f2cc51d77,train,False
3739,d5237c177dad6a7c28faefa5258dd49d6ab9522dbbb631e06c85e8b2a6fbbccd,336d2d409a121de23c1fe085b7d7a69c44838e33e1b8dab2ad334f1719236c0c,selection,True
3740,4bd919cbaa1071a696195c4da2cbb31d4d13e2843b835a508b43ee7206ff45fd,330c739e7811c9ab4485fcdce537d2f9cc29946f8f0454d31026310beebd3b6c,train,True
3741,6b2be60fdb7bb07444aa2a3336ab83c5634d036b84f3be8a8bce8868437d80c4,e2cf2d925a7f503e5affa0dd5f52c82126d59b4980085d14c1114e428e2f0286,train,True
3742,e25d942de2834c2fedbc78e63d579fb022230e60f0b65879bc19526cf7e317ff,3de870d0fe2299b5294a72e9001f7ada1c2d19e201fc0ffa24af94e360433394,train,True
3743,7d973bd0a60a0b46f08c9b53808ac20f69a3333af3f6d9219bd8944d76d3211e,463ee01c24534286e57a23dc691e3baee41b41e7a4e122a9e138738e594b0fc4,train,True
3744,8aadc8c5888fd73f4a792bf0c0bc54f46a02c39aedc56b8dcd79a7dd4fb677a4,a1f50d1e9503714b5f8385f444d379c05cbaf9e426087bd201c5f1446821ef25,final,False
3745,f1af5319b69487c619280bdbcadf68c8026d242dfcaf4f188577c5ad21435aba,f15191a5b75dae4d8778f1335c45f4a0d10351e5653325ef4ed7e88894edbe95,train,True
3746,71d58ebe2ee0f03bedf9147e1a418a52ad274f47161f24face3f5ec62051f72f,83f763584ec3863b3ec9d17137bd0849e6d6ef5c28e08afad6a4bfffaf8094c8,train,True
3747,74131b772749fb205442e0319391d5c8876e15ccfdb346d486abd5e57f7b0966,3c92697f8258c37d3b9eff2614df6879aaef7f8a6a17930f5ee9f13112607b8d,train,False
3748,b1f5f44529d6de27dd7a1289f68524dff93eae86b6c48113242b8900789bdaad,8fc81f32e15e490407b6d6f2ae240c9242774f2ff42eebbb7705980a24e9e517,train,True
3749,ea29cbbd07f448e4dabd1424f335f0f009c6abc81ba1ad82b0571b81809dd2c6,125176a13a2880447f23f718f82dc3b2e5dd3fd2a3e599d118d8a02c9939d16a,train,True
3750,b3fe2faeba36f3b863fdd2ee9e05f2700e00999d94b4146313f1cc803f9a6f96,ec3cd3f9654d0a162e7fa447d7d929634ddb6bbb32ec517b8281fa02c0726cc4,final,False
3751,26bca96360b9570305a745959e7df793a5c28e01746a6fa1cefd5b67a26860fb,3fc6181c7982f7e1a9cb41e333fb185eb75e2729fac68e9c7fb34d7c3bd9ed03,train,False
3752,eaeb0674ab38bcdbad3a916e383a78e6aaf8460d4e83a4137a3a1fe8b0878eb7,c6cb628ef26ca5610327b475913d57f58a94515c3c2c0ed651e4cc2e4a25ca27,train,False
3753,2d945f0a7ba3cef80471ed327d9cc2b2879a614bb8d7525b57ba7c8a22ba4c3b,5ee4ee544482c431770b64bc6f0819d4a1076fafe624141ff90b51603123300d,train,False
3754,87e260d2e91ae72645c2c3022449b29389d1dd718a7f61b40ea592d2dfafa17b,a9839dd2af6d1c0d8988fb47549c1e7c3d414b9891002189afdb6338eed04646,train,True
3755,f83a184c3ece7ef23b55056d8b2d1c8af165d925cef4d34494baffacfc2e47bc,7e67ad1380850d7f4d9eb78910adb71781bfb03b11d26cb641c44bbe9af5bc89,train,True
3756,d11afd4b9ce63ec2f083855d880e4d9931e2f55d0f42af08280a8dccc10635bf,083ccbc98746bb785168146ec92cfe3403f620c080d66868f20524051f9ba642,train,True
3757,ccf0c1f4a912d62ccb5b89bb8182b18eb3f9f97889c3eef63924a8869455898d,274830a962d80850210bec361ac1e1c4adf78c12b76e8ec2c35c4ac32619d494,selection,True
3758,c1ddabb4402d937071af67df0e54a8076a346ee4057a86c48497c71017432c03,46c187fb1a1feae224c1f893ef03c1d1eb7bf50f1e572f0e32ea9a881a3f46e1,selection,True
3759,9c0dbf799763a6b391b55cd63cbcf1c4a7aed528a34cde1e478b3dba9ad1effe,8681dcca4305203006edba410a7240628ea8a4f998376e0ed94901174cb867dc,final,False
3760,faa178b304ef6bc5bde6f7739c1c1bedceadcb3d0e0fbcea8168b66c86764a11,7ebc574dfdd2e91364161f4a91f33e822045534c2f2fc49cc839c31a94a8ec2f,final,False
3761,faf2332921efe4651b405a4bbb92bcfd24619a35f0008017050f773d7c8c97b9,7f372dbd6d40e0ff6515b53ca3994b225e7f987ca68982c95988f12f4bde1569,final,False
3762,d004da043b996421a63ea6598e065d418620c2ef6664eb996d2be5e637d764bd,5052f290e2a5f729eb41e0f80c5e1ed25206f6d12ab7e01ceec2404e628db933,selection,True
3763,818df41dc2ef1fb8aa7159fd9d30df167d6e1f841a13ee89f04f9f4f7bd91747,8a0be422a82b061192bc98ae0ec2d1bb5aab1d43e05a657fdd79705fcccaed7a,final,True
3764,acfed886fc9fc8e67fff7b88af4ce4f3917cae42426e7d8ec6063d307544ebbe,1b4467d889c375d9f79b9c2037c1d05521f7e0894388c6bb959078b851cf4e3c,final,True
3765,6eb00ae69fae442fc3b13187ff464ed747d9c5834eb005f69d1bdace8d47a20f,0307a0dcecde491ef08d10889b6c17e7ff7131e9dcd7c90e1415b2d405105999,selection,False
3766,04c173b91401ece85c37a7f04d85221d3106737990a13069a341f76fd3e7cb13,6967eab89ef4cda69dbf25503fe8f55a1e6d3800c8281be9da888522eabf1201,selection,False
3767,6c42efe2c183d1ad85b7ad3dad1edc79a0f3cde64fae0e9373fed1361d678d09,ad87c0072a6c00ab814c2b724aca8894f3f94dd061b764fb7db276a6565f7127,train,False
3768,22ceafa81bac57489281618225aeb28b9c6e843d03f1c226888006591642be68,2d23d20055652bc6b1515b1e0b3e7af987d93bdfc72d2a5ebdaaa88ff83a93e3,final,True
3769,ed121dc1d15161421efe5b613e84363d27dd4e09b1b8c599dfe1852bed59e37c,d474baa1b023996a62e8e170359faeffee9afe80faee80c582aacdc5ecb648fa,train,True
3770,c101a9c4f270ffd3ac179ae896df9d8e7133b55e6e74983c1799b8e3489c4ac0,baf3c382299356b2c801e2caac851d9d938edf0b1beb61933e268474e6aa196a,train,False
3771,fc903e7994b8be0dfeb1f70d19aaf0401ce8ea69254fa6d72561b812ac5f1411,c616492590b6a6367696d6dc630e019e2db13d95f000dd0308c0a7acc3c75b3f,selection,True
3772,c68f2763370b95b54e83aef0f39142fc3d7942b83ae7f7de6b2ae5bc9685f830,fad88939bc2f5f974e6ae2d09e8381778ca4de0581e1a80e9dddc2c06f471d81,train,True
3773,f23f82a059a5c3d6ad4e8dce9c4e36b920cdda685c1e5621f7b27beec1a91742,1cf3572cf6acfc273be190131f0449d776df6b9c9cdd544b95eb7c320412fc97,selection,False
3774,c47620af7f569035ccf4bc50fedf0fb4f70e37c8e99d8cd6c94e153771206a7a,7d8075995dad2f79fa04a506f1f99d9b907665d9a2838e024236ccccf5f71a30,train,True
3775,7f55f9252612b7b6c0af36fef6f82a38dc76609501cd56a6cd23c1e7f3ca75c6,7c835a05114d795f3523bdf81bdb4af5fe3a889f4f967e691127cc875c2b900f,train,True
3776,18e8cff5028672e7b1f23988c543b8290f243127b54a9bb51f78bc68de2f1324,9973f317c399ee9d4fcafe2ff25ad1900784a62149040daf0e87e46a14522591,final,True
3777,7af63b99c65e4141d02f75ab305a81efe10759560163804393b60b90f32d2b4a,ea54e72c3cedce1956f1d7281cf60599ee5e106acd981a8142abcf639bbe322d,final,False
3778,0c24fa1b0c5fd0d8e9e05b44e96e48b3d50743dea6d16c54d40c6971581b75ee,3398645f2e15418e62ade153423dd6b2acebec1c1b1131c4dc117b2a8b46a4b6,selection,False
3779,887e6ae61ce827ed34bca4b43778b0392d66f6064fec541aedd85bed1bc84bc3,4fecdafbe3c6d7d8edabc8fea2f6387317ceacd429df5f0b9c14389caa6cccb6,final,True
3780,1c2522b147ed10e62c452469a9fb6383fee678f59590bcd4991dea0f691e157a,282591eef6d76d0202b5f721ff2b417bc5c56c544766f61a738399533068ed82,selection,True
3781,da70a7bfe9f8ff1abaa3b575e25bbbb9a8bda41d88ba210f8ea6f3ec3e35c5e7,33aa678838239124e755f65b4acb7b0554c7a74b2218bd8d562b4657dfb128de,final,False
3782,6900adcdbd97ca34efac7264250c4520aaf97f50817770b8b1796356997c24df,0a92b8eb0fbb11187316624025f29da1e3f7cdb5b0e70415d8e1d19f691faa85,train,False
3783,ccfb601cd24c10c2586f973d5ed44825f699771cf12dcc90f6ea8f5b1eda3eab,d97de4ee4a9c34b34dcd4a3d1f0a42a7193d71dbe7c838ba817c091adbcdba89,train,True
3784,56da9554f8a5f0fc43f04882dd5b11b54831b82dd908273bcb8746ae080f97e2,dd3f9bf73de8b01288b0419a658274b3d78580b19856b6d6d8911ba8e792fd47,final,False
3785,4c3490c57b6d5e0ee28d30fb4f24c206821a17a074f812c88da3231929ff3511,2ada90882f403b237464f0d7769fa67b65f54d357e06265828e46548cbb4c62c,selection,False
3786,099d3f473796a5d3db1021c9223d7a8e603001a587ace24d4bec8f33807de66a,19f0320d44e8d44c31f2c159198082606c40a3e0069d50aaeb36f363005f149c,train,True
3787,bda4c116c2a657070aff2ece330547a485ad74a11003fe67a5e8b4a1ff545fd4,19ae4c1f4b15372bf877f7bc7be0732ff19dd351d4f8835a2b10343a7cdf6f64,train,True
3788,22073627beb5bdb54e90a28fccdda7ebcdff236353e5ffd73bdc4aefa4046d75,cf694c617f4f5d69376a79f2f0ed273b56ab1c21ca3786f7e0442a88bbe4ee28,final,False
3789,70032d571417d8dc5123af82561fe61b30cc432c156de42dd0dd43daa788e9d3,f9bea23434ec7a7c5690d8f098c2c411739389188eae7b5c09e7c505302845a2,final,False
3790,8a81aa08e7ba2c77d25fbb193c7ad04c6b506faf1be30ef4a344b11d445b1edb,7b60190a17b485be366f4114f5de2dab624c3c7633644a8c862ffbc7162beec8,selection,False
3791,914615394300f5a1dfc6281a46ef98cfa694ab03993e83d64aa5a3535c704986,f32470b6c797fbb2aac04cef25efef3f6e6aaf53fdf05e96f831c92f89d8b4d9,selection,True
3792,fda328bfcacd94d97846ed0fbd2707d69b233fd9cc5a75bfa7daef134724fba8,7bb9bd00123fd33a4db98ecd7b5b2b82d5ddf238492d36021b8e5391a63c27da,final,True
3793,4edeb2ae96314f0284d3bcb02e6ddf3a0aaea18b7e7256a6ac50cec0fce4f195,c271044b747a8e09481c4f4573160e39a51f6732a413eea3d0ceefc1d123ab47,train,True
3794,d37758d443a0fce672f34813f758b0715853c7de8bbbfef60c4f0a861773e9f5,1f8c118f52bf4ab6c362e56c7de75c2e7736a75ac1f9fc69a02ee34597b0653b,train,False
3795,3f57781e21904c9dde400cad034d228c95fdb686c417f9bc0442aaac43298231,2e1efe55d5f2c4d5f62a45598225d936e2a43cf3d6d0dc925e2d60c3bc64a5bc,train,False
3796,0e4b6d1c38b7cbbb020ba84c9d08ad9a8bd1ee95325e6e6024c19e3aaf3ec57b,d617635d6f7919868774fc68bcc9e90917b80979481c610524490b43016522c0,train,True
3797,f22e9e04cce6cdac5c102ecf3d80720655afb44165430167976f77eda0fccd06,f68957ecc6451c06e3d84b0bcebb7b26eb3f7154e128f091d91a913f0a15a0be,selection,False
3798,00a14425ce1bbcc0e6be162ed00eb5539560cdf472df28b5ae6a26be7625120c,e5daed253927706318e5b8ea371e26ccdd622830ea844a52cf958fb0e6749ca7,train,False
3799,984fe07bcb1a6023e3bbe0091d86f64cd947f6424b371cfd9173506ad93f7a3a,a08c51a543401a9b9ff64b742fe5e732a6d2ae48435388361bf43cfa07db3c3f,train,True
3800,5e8a58158e91d4059656df4b87ad8c5d63b97a197aa575395c29e34425ccd4c1,95dc2bdfc6a348e926fabe698f4cbfeb7bf50df3ff0f91a1e48400f4c4fb9609,train,True
3801,a8bf152c39256a3c5f47defbe7ce58291c5ab25682fd06d8ce2ef68286c78596,8fb7a94b4c7d8249c65b96561eb515b763ae2aad1f5baf5484f13383f49f6320,train,True
3802,237458a1608f3239b60c32744e332f999c3e9d8f11b691312f603bbe6850330b,187830d8cf492c005de978d95f2c53d5d398a6a2dcc464c6b46948d54f7f271d,train,True
3803,31d4dbff3f3ca6f33a0385905fcbb83fb0d7159707b8a0c71e1ea3ece8cd9192,6aae4aac9ce1087385b678ac3b2b114fc86e1e1078fa023e052686d6faa9d47f,train,False
3804,58b2d8bb03e685432e70fc71939badbc28869079ffa5250c839dfa660367e148,cf9a44e8e9a56c42699c0d98f04ca53343e9669a3c218e8481303bf8865b8c31,train,True
3805,556bb4aa09fb225b23d8d6ee26c042f8027eccdf5df7a89dfcb842216015ca7c,680d99b5872dd7965d4c07a92a7a44b4324284112b39721571ac131217d79b55,train,True
3806,43b3e0c16edd8453d2bc43f9cf25903e98824ea13ec0ca0bd9d0a9fc85b0527f,ed7229a6b954742eb93d31985c81349c2eb8f37d71d9a599d9ec0f902cc89e90,train,True
3807,e1a8c0906f51a243f3d01ff20c0525ce31c21ce953dd1a32c46dfe8c512f1cc3,437484b67c8a9fac936a6860121626393784868396c8d6a644b5b352e99b4e25,final,True
3808,39224faf57d26b63502bd83bfe6d2e93693db53b1f48a9f97506458dace2cda8,3401b728ed16c9937bf9b8f059c045753134e11bfa656b5a1919f46be3fd20b7,train,False
3809,d99b6a8c0c792c3f87b601771f7eb40674dc7d5bd86f02c4c232f03a405fcf1f,fd068e45d71f9a794769e3d2ee34a32c3288ec2a159529c34bcfa5c9cb6d40c2,selection,True
3810,0adb93d580f094d8d74ae1c5f7fe0261a09d07f61fb27ab619d0a957a89fbe82,1b43eca8fa856a19b47549187b945b6fea0fb5e8f9262264e1f37158569beea7,selection,False
3811,f1520b1c1110b7c4875d6ed6d21473905d93c04a5326a95899a05fd2dec628f9,5d0abd993c45f8b22c1bcdba85b98b36043061ad73f090b3123a5a21d055c10d,final,True
3812,6706d7a06dacce054c5ab163a77f5bb1bd4329f4c0a9e797f3e28e64506f0f99,05c5b60b35446b55ef58f9e48ba856f499adc0df84612b85fb0659c245576d1a,selection,False
3813,59f572f36559ed4929653c8520b1c5e6b15b74358d06f054dac8f327604faa98,20e9c8fe19d9627e00a55631e3686d6a2adc5ab07163b28c78455e4a7a97db50,final,False
3814,8720a0d0eb8bd5521d8b276e03ce3adb2dd0ede769050447d3b15ca6ff15b7a8,6f7e7ae8674ec1ae07ac6b9bc2ceb8859a5af5feb06a65cc0d696ab671e5a68f,selection,False
3815,3afc2967064e6af7e44ed0fdc807fb0841cf2a7323050b6fff75c725448dedbf,58adae01f4f1bd3e9b5ac2ef7f8a2d3296216a618e5bdf547ea70d599525d04b,train,False
3816,d5bc030aec68d285b0d97fbc33bfac62a1fc39bd276c2a2eda820c6524d1ddbe,e76aa5951fed561be33931febfc1fa8e33841de02c6a337d14be4abf1dd8bc1c,selection,True
3817,4ede493201e2de11e314f711ce66b8796e5731a453db380808005a7131652237,81a57d8ca9b5dd65f7bdc8a67037a7101f93631363faae21ba7b722da9820609,train,True
3818,40ddb52220d4c791b7898f8e71c14e80fb6345084219f3fb92ada7c7b92a975a,5d96edc538c4dfb7d6a081aa5b0cf6f7fb3a00c62a0bb8cd0b3c3ff15bb8c9e0,train,True
3819,df00647e9666c2081f791ed23ede79469d8241cee8ba7feb9d8d96590e00cc38,798d9c19a0cd13cdfe547f808432ae5e97ce4b42f65ff9f8f4d0040029620975,train,False
3820,40f63fe57915b4723d05081be2c029b462217e84c1f3f92a80eaf531182ad6f9,81096d0b809f1268286388907e817e5d3a302e886d015f7608d104839115e45a,final,True
3821,2d1f13b76214003a248df508c321e1ad406c693275924fe2dee0c0aa2c5dba59,f2417043d61faf75b705dda149c80b0b0f6a360b3cc0cd11778222ac2de19421,train,True
3822,a7a6547d30add2f36e12db19edd3842ec3054929176168540f49853cfd607403,9d080b2bb1b7f0bd739df9f78811b62c0b0868e432c84586dce0d35f63459dd3,train,True
3823,e384ac09d8deba7468a9e9162e1dcd097b681738f6160aad10b82fb21709dab0,d5fed2a67aab6e01620161271f99e54cb2d9130b7822fcc82d404b95ad3702d5,train,True
3824,1fa19095cf282eab773b61c3c3437690468c320b4ac8b4fc448cbea2c0971e59,facadeea4e30f4099ae085b892f273b04ae1c58b3a7987a5f25c9c9a9ea51ec6,train,True
3825,563867d9c44f7510d29a9231307ad6b3253fa3e1a363ae55e353f399bab742bc,fd3eca981f022479c6e30b27f0df93967b58ed74fded64030fcddc29c88e38e0,selection,True
3826,440ebe68ab790c6c96b4885e5f8bbf9a3fced7076b3e4ce230bee591e0a31c9f,d2b58dba677c00b6da69e02fa5c2ac35ccf5e7a479a6c9312ab1a8b8903f297b,final,False
3827,46e3f0a20dae76d053cadc12269455acd3ac7474fe17e8d3c3999fbcc40a722d,a67f5d26e1cccab2d39adf4ae210d9cc0d741184ae6d5a66831cdd9ce622c9b8,selection,False
3828,8b4357e3e21feb265d621f86dda240aaa7775b86b39abe8ee2d04aea014a449e,86200f6fdab280bb705d315a94a629c47cf56826bf7a4774c66763281e7dbf6a,train,True
3829,50d07c73dd26fb1323f135f2101139b72c69858547966ae146e97bfd2273ae2a,37e05100ea8c3d268c972b2a42d1e4db0df72dbc8b0b78dd726cd5b67cf52b96,train,False
3830,5ba2f10734ef4058aae2f7db279d89b767e2c82e4514f66bc178f4fd2930711a,59b833f76a5403f1f286633ef466e23eed1e6e7c790e123c7d98222323b74fe9,train,True
3831,d00b15043adabd620b97b291149f955cc689e8767d0fc6576a433d6a17d0450e,994fd11a45bb0f13436b6de451d2bbfb89b87ac69bd39952ebe336b17e59ea75,train,False
3832,2497a55bf6561cc9032ed31cb62f47ac42f7b3366f61447832a5740c9669d623,6e4452f7ef1b1e545bec0e24547d86d723359ce494fa9d70b41783f6712ae2f0,train,True
3833,4377ab9ac1167862f5aad2268a60e801a8781398eb1b2462cdd9410871e080e2,7fc1e9cb4e6f775297c775d54883d60fae89f7d4ac528ec06b254f205ae796a8,selection,True
3834,429886334365e83ce55e7822a0dda068e82033f3b2b84f9359528a94fa65c716,88ace251cc1b15bc82946ae509ba70047bdfc934c5d350f4641eb0ce67f9ab2f,final,True
3835,1cf414f81137fb46a83fe0049f4544f338f66d19e50c96500fdfba40dd549222,6a0c4e5ce32ee3518dfe0f3bf12bb19db4589134bb2ba3f4e94ed1ecbb8cdadb,train,True
3836,3dd7b770327357e4bf64f3c0a2928c6c46ab48b806a56539517c534e4e1faaa6,29f84160a887a503b5d18a68497c8f935155c059e96e20c91387669c7c5ef036,train,False
3837,3c32b3f0a79ba0c071e4260de4ccd4f6b9a8bc9b73c2652c1db988a9ee13ec35,75e0098c0b9baf994abf8e1c79d82b24032b67421a30a4d4dd735228d870509f,final,True
3838,ef075ed5e84aa30452c6c4c01e744b05b968406747ad2861ba9bac0f7a384338,97c5c9e492a0be43440f2923a667b49da9a736d16983fa2a9158c69001b3db3d,selection,True
3839,3c3c550f7a7e51bf1f17e0cd237702571f13d8cccceb8ed31aadc948fe08d637,acfe255f8e3d840e84b5682797a0c07f38feecd1c1fe342d46127725598ab455,train,True
3840,98f68da4518288d1e8e76f40d45d929c8fc06e8cfaf510cd25fbef8398b8b7db,b89bf32606c2a3c5b41870f4c5f6e6463dd9d66cab3910b72680a682208ab5cd,final,False
3841,a31777cb0c636160f6c4fc160aa6ea7b8a26e02afcff3319ea11a0e05e622311,bfc59a75367cdaa6bc29a92439f0231e02f30e7439aa5824f6c2d07be49fe9ad,train,False
3842,19020111c57179f292d5398b8e1a0a8a7ffe4816d68e79d30465a332b171a6d7,bd640db744afc9500defc6f2a966d1794e104424cb852a7e679a089a8dcfe5e7,train,True
3843,cb0f1d83930997d99ae69c242fece92dae70ba88d899f010af58f9ccef9ce420,0f02210c715ce0c59ab918229e1b2d8b80ffd89f90378082946ee71249fc5e6e,train,True
3844,e70bae0d631fa857a44cfcf24b63819fbed3a38ea4b89293711771bee3def7ee,0cd4338e0368bd4cc045b92df1671e7eadc1cd5b3580cf6e6cec5c7ab48e9da9,train,True
3845,53502a0777fb1f9c67f81eb4563bb7c58f88219af677ffeb395dceb9c6b3e1ff,e26746ee51650340e4acf6c8e1827d98ffae4406933d960b166edf73e68a489c,train,True
3846,8c8c2df701a5c176f50b59a84819671ccf3680674915aefdceab54f1c4dd9121,e719e4919770c48910c29379629c315338d089da4a0a791f3b3adca493355729,selection,True
3847,b4d079e5e401dd1f0bfd915c9e7b3a612de612dfda77b7fa12833b93fbfb7370,44214966d648a11c76d2aa34ce5d314ab01dc676fe511e5fcd94ee0f5315b2f6,final,True
3848,5ea3dee604de562ebd3a02c216a100370630ba6f08034056c5e7f7482cddbe4f,f7b9b7ae0d2a17f8f456cff06ae8cb2d675a0f0251ee61b5add0a41a05a36e31,train,False
3849,e8f7ab9a85d795f0785ca6c00e7d35d3bdd781a97ec8605e84311cfc12edd477,6776e3827e8b03aa7a01f382631a937b73f29809fcbdeb1b504c1fd65c7dfbd7,train,False
3850,e284d18b9912f40485b695a92e048fe23c81cb7215c6affcfd18786cef9f8b6a,b2d56beadb8e7da9d295977fb22049b6c5bbf8ab07f62a97e5d94c07b9ee323a,final,False
3851,e86b70eda5827798c100cb0536ef04625837ebd1dd44b832354a8a93b992e61f,ad1bf1d33f410d33e374081cb8ecfaaed40358918d625819bcc052ae054b4ec1,selection,True
3852,633cbb74904d018eacdd6f96ce46ce4784bcc1ee3b1cdd3f09c88797d141afdd,ddf9fd08a03097a44e3b08f3802195cb4bc20cd6958f20f64ed0336caee0165e,train,True
3853,ea86062b482b34864206247cb8d9ad422b151d989f3757f6cea707dc8b64be68,1808b85bb0d94835c5760da2f29e64e9abd8ffca243342c918311a4b43317887,train,True
3854,2195cee4bdd6b26706b57c2996efee37ddd8a9b4ab7c8dd41606847071abc4bb,78cfb4ae6f7d83fcd6b1b2344cb3eb8dd55dd10664789b47750850130be2f9ee,train,False
3855,d550a4b9770bb2552684e45593eb7da96db6872d6e3cb1696a55392af7a4cb08,bfab21771fc2f1cf07e7a7c9cebd17d3db4cbdb41297327524a2b545a3a27d15,final,False
3856,446a1c0d643de310dabb4c1145a052dc1d7117ea67bd5e0236eced8c66fa3f83,0a853e834bb675e984b4e71dc622feae2e16fb2277ca0927197e2be02944bb5e,final,True
3857,2198ab824660fbc2ddac9d9495207a79f070fb67bdbd6e63b39e2a44e8459840,f0729a043c87a827bab192cb6ba5c1321da183992e2f22c4d953bd7bdc035b71,selection,True
3858,51149d6b6e890f9aa3add9f3845cbe5c8d660faad37d99309dbe8aa5e15c51b3,d1d50a645b220d76631ea8299f1f2eea21bc0088d1d613cc6d055bde646b69f5,final,False
3859,f4f49f55c229481557c13e7fca4fe38a261c1616437d95f6f70a34e3d89e5fb2,56107ffe047c556d0fbb9c11ad7676b947f5551fced4a0fb4d1a1035d3addadb,train,True
3860,39f1293403049c2f3f6ac120bec7e0046a185d8180d43da9db5bd44718f1988f,0cbf5554916b6e10c1d9e986f00745cc703888116e590f643e10375eea45cc7d,train,True
3861,ce9a78a24a136e502c60ce9d323cbdd8518ae4e03f942991ae893793ceb5fb3b,c5b974387d1e6d2e5623034e648d10b5daa0416c581baff43ed25bf3275b72c6,train,False
3862,87e2b297a873ca76adcfb6e8d9fefa3bf18779ca98db1e93a05805a2821373f9,7b6450897758d7b17758f76f6621067c22d97fe33ef4cd9f1abdd0ef6299150e,train,False
3863,715b2c99393b0ee8c2ad0bc4844143ede2ae7dcdd9a82f7ce61a9cbd16ef71fd,047e39aa3235cf956697b084f44ba3916cf3c5ef7fc5d928bf50162358130542,train,True
3864,f99f9e1c8aca19245af3958b6e76559aa2ddaae535380bc24c8fd9a27d76e1b2,06b8aa9349e0e3400f5435cd301f4a14c90cb4824027ef7cebdd9d2ff027ebdb,selection,False
3865,d2767bd33b84891fc5d8e9f1adfc696499b938fb23f6bd8b08bc1eeaeb694d83,1708b964e784fc1a6a9439570e3aa703a53623ab0dc46068ab7adc48a09d299d,selection,False
3866,5ad0df935e4b47455c76de5d48cdfe6b4a87b2748f0153f0377e82b4dda4614c,c74d9ea1847c8e5cef4b6641810d687dc9c971f96a16dd32cfcf6830fc5adf83,selection,False
3867,ece8a18df0b7c027755d4794387cd58f861ac0ec7b3c499f2266345efaa711a3,9bc111a4627d281eded4203c6a6273c475dcaedb995faacfe5b3df4f738fc05b,selection,False
3868,146bd32678d0bd12ad75a8f043235a42a85ec147c73120c55adcbe81a75d4900,fe4bacfd421f3538191d52165ad646d5b3762d00d293d2dfda6e3f22c2f2afe2,train,True
3869,d85e5f35cd7a5a7242e050d46112f2b1a3974b74ec7806b9769982592cacef74,46b313af455320825462e4a55144b6d8230e6cba706d9d5291dd1a02d989dc94,train,False
3870,7055ca0f5e8b13fb82f42a28afcef3fe5265b8431a50c13f2673e269ae090a2c,591dcc8f64443054d2424fca37f061b13de0c154ca7db6ccf52b1ed601720c07,train,True
3871,2812ca296cc2c9b5a4e7afe2a85db6bf0db4ef5cf5c4928455d7c765b1439841,bf19d1c6f5a1fc2a4f0a748b1c49cc23308cb8cdd515f7d53e266a080278f566,train,False
3872,9437a5986868074ae3e65d32fdb1b2e53517c19d818aaece20dd4e99b7f63bab,850d43ba8c35dedff5c28c5496bba59a661e0a97c91992f7e4c54918a2cafd98,train,False
3873,2aed3dc797feca33d344420c649a1ec5522c0f41c071590073357725dfd484e9,38c3388e3dfbf28424667acfa9b3bf6540004dec909df7c6f4c06b1f829fabed,train,False
3874,81fbefface629d72f04f196d70d497f4a6bd064bb523ee1a1fb554cfac1dd2d9,b9b4cf41b6b62d3488e31da1ba604ec0aa0c575c0d8675eafce5b3a94a1c02fd,final,True
3875,6ffc8039e0a9a9a14061b3faa00607a2f52d444e234b02a4c343f1f95634080a,2e23de0b6deda9e52bef2d88d767eb57f888abbdea774dbe9706bb3c5e0e3c8c,train,True
3876,a44bc61585c6c2ca3c5ba03f5a6a98355594f4a35314d41834b033ea3250b3f9,71016ce2d8c7264a4a3c55b07c3fa9fdc64c388f5419e639211710b33aa81ac1,selection,True
3877,be0d863075b4a8fab6195979b96b0beecb377e98a3a48d715a95011a2ffc218c,4eea242522e0b5e551449951a34c30c313bd304c7ed17f4f658282df3676ff82,train,True
3878,037e41ae40174037c40a241109c78e64ed2fbccdd82d3e24365efe67e44d527b,08db858ea55d345e0a43f541d0f51877cf37f2c03bd20db2157ef7c4fe6c3d70,selection,True
3879,8e2c9e8134980a518a2d5e706365f970511c06dcf3610ccf69cb3d1a51a77a56,bc6ac26428b61302b68bef487f9feec125cfd2f37ddb42c42f94fa844c103c55,selection,False
3880,52c8bdd3a453a1d1ef59d3228ada0cc4ac40c3d6f10d351ef3f2e51b9c6aa593,ab459e8bf574816a2f2c847302111b341042648f476535b32bfc2d5a49230094,selection,True
3881,0b8403cd51f3bc8f286cb67cb2045c7f5e0dacff53867f39951930715f5cacc9,3ad7bfa5caac80344b79aef81c5e4f69b35275051cb3e5dc546025b94b4cf588,train,False
3882,13fd36ae55b0967fdf52972215f92acbad7b52b8d10d91e74ddf6d725fbb1120,fbc823941fecf3d5be6bcbec59f391684b226c24271931cc99e04fef7b406724,train,True
3883,5a0f0a6ac20b971696b56c20e3a9f09f849f9d7df2204209c4c296f57d73ac55,ddb66b348d3b4ff839f2f1c9837c0f5f46fc850ef6b928699a8e3cffac6551fa,selection,False
3884,89ad496a215d4511fa188e0191fe3b6e4eaad5ef175c640cabf652b5064785bc,5d772ee4ebb2fad6db5e981b91d4d406c03416a258cbb1761adc74501e011725,selection,False
3885,74aadc797a594c2bfd282d862afe0b6287aed3c0a68f50d018910bf738cd39c2,07183f40e5175a337e599a8909778fe8b66a8a008b8240f66865570130239ed7,train,True
3886,3b6e8fe28dc352655a5b447999fe618b8cc4926ef7054b983d401be365874d31,7c023dc35ccfa51a4fbe6dfd49426c4280f022d8d10625827451b1f5b79eab5d,final,False
3887,e3cec2fbca552036f04371a7c3cb76d41b677440bb62fc11f3e7d527274864d8,c0bf1e73cbd694987d566c6c11fd1f678147cda6360f15d8bbfc336a67be254b,train,True
3888,21c15d64aaaa1b11e5ee50729295ac76084e2daa05b2f9318f77c97bdbcd0b13,d40f5192237b7db1dbb7ce047756c9fe9c829ce1a23aef3646e0bea8bf6e3191,train,False
3889,e6b6733f9f8cb370b6145a09bc2a5b4f45b1c33dfe31def1a62aca83f1bc54cd,d3b38e293f9da29d564e024d1026c5b7d323be3a395268bafbf1e9abe43e8814,train,True
3890,8aa65fb46c4156f4b10f5770aa744858c9fe1a12e6748388bb376fca6d1c96c7,3a65b7fe2ea4c3bdb1e114f5a921fa64fefbaf1f456d49c395414d3dc189625f,selection,True
3891,8cd1d0abb745a5c5d266f28d8495d3b7bbcf3f91efe9d287f6fd36dddf84f6d2,9c6d247813f929d0c44c417803bbece906154a59a86514a9d8bd76e0ad65c3e5,train,True
3892,ff8065ef96c051284a9cfbf092ce65fb87080520736608c2c4ac7cef52582203,d27fdc9283751d3e5e34e6be5909cef264acd5bfbfeede6ea13c1c48bb2f66a8,train,True
3893,2184cc6853c9b472bf6a53cb5bb256cc408189a9816be759405dca729dbc8b50,47d3223ef44c2ff028b2075bed3ead3f2db24249771c6529c8dea7427a3f5ed2,final,False
3894,abbce41643aca62ef567b1410acd39b49b9916601b907718905260e2ff537765,2babe7d5f898560765a61ce720cba5d08c2b16695a618eddbb9553ac727b4ffd,selection,True
3895,0ebf729efa58a99d89aecb183fc5ff144ccc255012a0b8bc2873220c40a79db9,e6c2d12613f1e906e038a4ff90529dcd42683dc3911332831c9779ba3d04ca89,train,False
3896,fcadb1352d94406d7414c96226cf206d3665f60e002e2ed968a6c952c9280022,ce20bb9cba8f01c179a5f6476b38464957b63b2716b0d678bb3c2dc208bdc18b,train,True
3897,f4e96c99d970cd9b040f1484a769ec367b0674cc1f7a7aa0226af383c5d80588,9df194cc1843318d1736b93ef67eeb2a6654a21058a11cb00b40d91935b741d4,selection,False
3898,6008e9a653152f844b0fb332b5550819493b4cec80e1fe374339d80b8eef88fc,d6c7bb4983f150287c775a7a3c88bf3b2b63cb5ea2ccfa07d8596ceed30506a3,selection,True
3899,6600057cafc12199e29c5d4f919e35b475a673cd1487e9e1d7501f1c1bb43906,6e8928cf4162f1fb80cb0718464f05d52919e6b8d30244866a701afcb54816ae,train,True
3900,aaf974ecb0444918f48dfc260f9c99ab173ae3414a8e84839b18bd914848fba3,02a3982d4336de26e6536dffbd6fd3688c6abf96054f6158acec08f35bb7ffb0,train,False
3901,3f8d58713065d79b70f7f91d6aa29707d3ea90eea7f54e9eb45e40dcf9c8636e,12c972e0e20a0672af96cd8f5a691b72b0d7db6a355f3d961210846a909b0c65,train,True
3902,b96a91974622251347f6ce9924b3ecdc24759aeb764c64b6016292f8c9903066,7f2eb64c31897e18898a9206e4be95df2ae196d41a4a5de4eb92b9e5fd9160da,final,False
3903,d308cd0cd5e2e8fa9c08b0134c27654b3423431a1843522d85c84947848fdcb5,d026fcfc90dbcde10ef2030187ca0fe386e148f306386d35cce160d437a07c0b,train,True
3904,bb7ad010901077a844d43ba31f8d3f7e97e2b95b401182d18c2f87fd9f90d62c,ff0da32794222ee51e7f20036f54ae100014909466f2010ce283f4939a1a59ed,final,True
3905,76796bbc6b119fdeb85e18838160b999227a391c99199989dc4d910169d69416,ac8ef667819dc5fc68231b12351bf7fb02e3ba3b2b92dc0785d6f91b91b37239,train,False
3906,0181bb2d47e2cfce6ef13aba0b6706a45344a761f8200b2e23794ab070db23ee,904e18efabe33b5b343cd28963be3a3c3bfc85a26c88d405afd4cca67230fd65,train,True
3907,1f5b5c89bc530f9c7f247abb30be62945299706236b4d25db44f183ba7fa4e99,1c7e42c106e9614c389971b4622a946b0616dac26279de0410d39e3a106f868b,selection,True
3908,31eafa550f442f615d645b33fa080383dad67627053e251d9458d4ac2f52ee92,5cdb30dc5f606866f414a59110f958a56065fc4d282fef914c5ab9682633896e,train,True
3909,1762d9495736cc936748b1d5cb23b60ca6727578a1f9e363b90a45f578d0381b,97f6aefb76b70d2cd2cea35ef25116a7760d367bca34cad68970a5283c9bab41,final,True
3910,f8e37e75474e66624fdc82cb7c285fb71c2c82a3fcaecf1cd5e926c3c4e1956a,403ee0405a09a9b18788700efd9b19e5e5256c3d5e9bcac6a5380b7404f7762b,final,True
3911,ed704c4eeddecb4aea8171f7a4413460d358cb982c6a5a3fdbaffda2f75f0d37,101afd0749e0e4224ed706635141694bb21bcb9bfa778665457d45d7ef6383dd,final,True
3912,cd0248dbed55d9d37d5d924f991d89a1a1486198ef876c75b82595e56adff6fb,c3ab3928e7e7b1f6ef079ca925113a36f85d2327cc89058b3adbdd056760eadc,final,True
3913,7e0d8885d75a94142ab3e7b1682dc68c7a3be9afe8d5d87f5f591b3d1d9466dc,6faf5536c06810c577c4241851471a0f946f1ca5acc651877d566640e4095da2,train,True
3914,cd009b3337867a5176a4686d311cf82daa2e7fdeaf1878cfdb5fe29d2a3c8822,9ceca1eb4681cec4108a553b80dae6e6b9f502884929e0d3e8a0fa7eb2ce44b6,final,False
3915,b8a9fecd55be254d3b771ba24c9c9d5b71ab9ee128f24f698fcc7a2746d0a29f,94544b79829d4742b88cb7272fdc3894cfe57a3cfb536f1e0c0dad96d67c2a5f,train,True
3916,c24312fa114b62c7245fac989bb686c7d9655031fbb6f8c10f4623d483992d6e,538fe77b2e2c2ec09fc21f18906b9c3c828ec1b0f7369f7c65d8f09ad03ca981,train,True
3917,9eb2f8ec8a99d9fcce21d93a93836ebc4ab3b5f45adb1a108aeb3e904e55b8c4,43962db0b8b2e2a189fe2b57767ede893a46a37d3915bc2bc16792d89109752f,train,False
3918,a4934c0869375db6a7a11b17ce9fd2e2418c2095196d7c4660c803f9819cc1cd,20bb4a01f523cc0f1253ef477bacbed80be308d793fda59a741ac8c21a5ec620,train,True
3919,69da80632a95782011f947e1ff702f057a12cb553e2e526cb7dc5d2ac10f8b19,3d20ee351dd190bdd6ecafe711ed4df1a9e29c10cf0befd8879fe2c7c74b5217,train,False
3920,38eb0cb7a10519a4e5b00723b67fae19ceaf2ffa9089e0b64d307fc3eabf1a9e,dc7f7984ef44b8807991d8f8451ebd9935c52c7aeb1186bf32438ee6ff96e557,selection,False
3921,8c07647c421f79b59840ac120541fe5d0120d4e3175b6ebe4778a69b1dae26fd,359731706dc356b348bae93e82ca0ebbf37faa8a5b84d43da224ef6cc262be39,selection,False
3922,40979e3d9febfed882df70ece98467e52ababca09a95f5a02142df192498a5e9,d3d3f4753c317798599d543c4831851fcade74816b52de27206bc4b5f7d51f39,train,True
3923,18d79d19393cb530dc35488c3c6c002239080b45f97e45a27190eb70a112b575,c849ad9085bc7a859478f2bca66e5ccd062c65516a9b37b82f8d8c03335044dc,train,True
3924,0e27db271f1cb7e04e382b2fe395b5aff03398cd675725d4399c4cc25c5addd6,2f1903b110ed2d3f0bae462c81b39dc6eb5f3e5e89e1d251a5498750be021ca2,train,True
3925,0531471921776c6407915a64d37bdfc208aed006566132118c0647b9b593f39b,e29f3758d49b84eae528fdd96a8f185976fdec9e2f6a0ffa39823856adeb2d71,selection,True
3926,7f2e481541ed19a9bca77320ac0d584d402517128015fc5a3f5bb16a262b6ec3,c0e520b842752ceb1c590c7bbbf4646d2d522ce7413da6e5561355e12c41cd1b,train,True
3927,bbbe9b15f4951007786444277798542b75c49ed63c8b49079579a1e178b4c8bf,4a5e43ff796d181d383282e204ef11bec2ede6b1592d13076d9b40cfe48f016b,selection,False
3928,b6fb42af4cd7eee2d7907d5c5ed371209e5ee261024c94e22878b78abac6caaf,911893a6713119a49d54ef57e40a7aa2b0c129e76226e333d6f13b47b3714121,train,True
3929,a03257ece0b94846a8df7bb78618613b3ebd7dc292b3ce104ca8d32d05dae592,567e36f915d81456c8e8c1244fb31f3a6c69c5498287be77a68e38cb29e08618,final,True
3930,ffec4cac85ea9b8a22e749f97672dfbdc5f85e05167774fa3f9d22262fe6dcdf,664179372536bcf45e9e9016fab34aef3a1e18a259c9b72d2e690be175f8ac49,train,True
3931,b7a72b41332074ff3caf6d5b34a04852a0cf8015c29ab08ad2bf1b39b5154696,87ac33073e76c9a13b4f8ff4341c563a3bbc36c1c65f917ebd18aef63abb6f88,train,False
3932,acfabd421ee25d7ccedaf38e9fca82c291b4745702813893f59bca020b9b2018,87e8d4d908fc56ecd72515a20d3cb937029f66456acbcb925cbcff22d9ab53a5,selection,True
3933,41b86815874e75f1abc06d5613dd0fd91ff18e8c633869b7f6b0d4ca9ceb552f,139a9f4c2ee2ef8f227e1dd8ae469a38328bb236e1134b5fcebd693f59fcb396,selection,True
3934,e0d12279f2960574a1e19314fdcfea5193a98be81c45f4e65b52280f5477bd3b,ed43354e1190f0c5b98f559c5d53fdbbab04ccaf6e67727cfb5606dbca5e4181,final,True
3935,ef2bee3d2b98fc181debd2b9f6597776382ddf0e406b2a4f243470c931915aec,da7780e0960be58119a5784e44758b23d9a901dad06c657a645e6d19e4ce356e,final,False
3936,cb3d2427bb690707ad0096a953b64bf5f58c27149696126adee16a59099bf82f,6d839f2772c5a315dc0978b43b781b947523a1de16309b9c0d9d026bace20273,final,True
3937,7320566c8a444f0afa1fbcfff15faf3d2d3cec7b3c855cb6e754ecb8660f3b13,6b9fc578b7801ee3c66f6633b7b7ea07c804f06a8612fb41fab6e26ed3aa2eff,train,True
3938,8f99b1d1adc8c124f5eb0693f8fcd6533e399da0e933386b47a397ae3fe22335,acf553dedbd55433da4f3ca964048e85ab4e3b232f76ad4be71cea75c7563291,train,True
3939,50d431172faf6d10e0ce69b03ed30b94c651b68ef0f03e05805058271bcc1c55,7aa9356253cc1ecf6848dcbc83ffd2c36068f2d0319353c78cb713c173cd04ce,final,False
3940,0074cc0d1426b3fba1c240b870f96efedaa3406820ce1f4783b89fed10f51a75,02eb7aeee4f0cfc3866c482bcb0cbecdafcdd1a090a2ba09f23a1a80e3e9256e,train,False
3941,9ae054a1d72dcd4cda4186333d9835b1412f8e904770d32e1d716bd6f4bf0b36,47d057c21aeeeaa849b11590992b4aa62e265468c2aebcd52a5c72b27fddb38f,final,True
3942,46c3fe7878b8ffb1340b05a7b669ac3d587dbff8cf929e5f73dc0ef6203f6303,9dd1042d131b9b5a99329dbadfb8550879024d6015fac6f17ab791eb2f3c0cbc,train,True
3943,b1d5d95eaa7751703e035a163f8120b366f751ceb9ba8603f51022ac852a8a83,4cd05dc52757531f0e80ec62af7154d1fead674d2d3229b3c471fd04cf8f11d3,selection,False
3944,698d73aa555cdf9f2de85e121cf5440f4704301d2771dd6120817a0084d2c4a8,d27b66bc6c9fbd0f61e71cb0a8a7cd4e4ab15051fc92be8aac5352cb1209c7e9,train,True
3945,dd7d347154000b08d7d07bcfe676e4294888830718613709d01e0653b06a7a18,6c375bfd04b73b48d0bdb581eaa83f94d0a70c4cef3a1c33c47d903f5674aa9b,train,True
3946,0856e630de2aff59cd2aa0272d3adfaaf494f2b1605a6721b0ef55f20658c610,4a56300a0bfcd08c5a22a91a491730973e2896692e7088567b5c3e5a17f6335e,train,True
3947,32d155914c00434b3573ae9841311ab03e6fa91058eca76c7ed65c04f789c7eb,9f365f18aa5842399bcf3178bcb7f4496d25db863ab26afbb7b3556f14f4ea85,train,True
3948,5f765274da54c43ac41af15f64f0aed9ce8c10635297324c61d981bc8e70f4ab,cf492e944c04f76b7c95686b1d4a0a833033a895d3548d6264e57e3f1245e8ce,train,True
3949,10530201c6f8341a3081e792d027ab0ca346dc66133d45aa6a0326adaab50e9e,70cfb7ed85a330c0cd90234962c221aa04cf55d29dd92372f705ccf449bf49d1,train,True
3950,6f8408cdd6b052bea7254f25cb987774402bb2efeb58af49ff7359ff87b15100,78dd35f8377e173281fdf648d9ee6c67a716273e10c09f3d840a38fd92db0952,train,True
3951,08983a91c069cf5f5b42f297a90c13f01d2a1f19a9af2eff4b6c68e6fb0ab1c1,e15cd4f2cdf648c0d10068dec17ca82e4bbc2257239900f3d1815e8e21b263ef,final,False
3952,bb24f9c5200556fb67d361651c688afa55bd943a66b14fc5421f106c076a51d4,4138b6f2830c2d6657e976597be2f28d389d38a4d08301571b6d4f7a7f0dfe1b,final,False
3953,b73c84ee4e001ed2b7094d41afb556a7ecff6f7da9d518197964f746eae60fd4,ee43f701d5a5ecef0d52c16193c9d70e28ee2dcffe9cf2f7827955709a15cd7a,final,True
3954,df5ef736ff76b5cfdc6f85de0007930d59da26eda1c9b67473a821396cf1a0c3,1c9a27767347e8d22143219c45ad2ea914bb3cd91e40f060d1958939ab47755e,train,True
3955,585a60498bc5a3c79c6767c9164a53c728f7d68dd0e79630e0047a06c6d1de8f,7c1143551d81d0ffe0c1db6e6fdb35b268c6d99b1fafb6bdb7f085f52f8e4fab,train,True
3956,f3009b2459ca436e81df4c2cd24c4ae643fc794e02d62578a29b3bcd9b132fdb,b7fe333cda75c2770810f23eb792f4dff2c5eee2848e873cc0801d98904e072c,train,True
3957,f85928641f615873592e596ccf9792e8336d58d9c380746f1ad2f6b28cc630c0,3057e053edcfcd76d575662a7598b4bc5a243badde1ed0faeef670b176a2d047,train,True
3958,900efdd5ba7a7f8b4fa3ec3b9c939def9eca98cd2e22871410ab503f34290261,ca35d96c2d94fdb55d272a97d10c471d8566f995162c2b0295b0c0084cdea5d5,train,False
3959,76a1d5c5029727831d2030041fa82e7496252aaa114b57c827b8327163d4ff8a,d64c27cfdfb4a5be1c80093bba1766db79bde45c1b4a0fba6567aab4ef20ae32,selection,True
3960,0afc7e12bcab2477c37feeb36cd37498b866f9de70b65c88b431fb21b3124afa,35fa4711892d0b9b842f45fa10954bbe5da7d7fcf73568576ec6a8cfd8133b64,train,True
3961,22deb58ab43774310e2f5bc0b76ff40def58f298c05de2a80c5d295cbd0a0658,57c997434c21affad52d95d0a7d320b9021b16368e950717664029fba36e2606,train,True
3962,e10bf0ccc27facf760875e31256e3944eed00c47190bad59312e9be43cf53576,65e85048157fe19f9cf8ac6ab310e53932dde9e4034007aae67cebfcc255dc3f,train,False
3963,781b1fca3a6146f1b0370eac89a48e977a8f4c90ddd1c5354c141acf6279a2f5,6d982e2a3e60194bb77c6e35a5ce254e3856d3062d996c59c058e29b49a8cac7,train,False
3964,8499a0707fd269233a0c36723cee0283a199f3b81454002e58980ab832565678,fdaefba8f03f837af7b3f42253b66fa8aea5c497463c29f52bd15b847c931af4,train,True
3965,43d524249b019b64cdbfa1f0340dc260675c0bc5ddfd68b8254b4dd50b81c9d4,6f4c8af96bfaf8d95f77e0f32c6aece32307c35798b196d1622550a37ce126d2,train,True
3966,c5da15428395b89c0b384e458c3272f0d79b6afaa36ad506405290f2c5a29c3f,6ec9c396647c6bb129b307b9f762fdb614c36b5c82841217d3c94a3b37c1c57a,final,False
3967,de0b8db5802ebe387044c40f67bfd28c71456f2fd6dfe56baeedd6dd5e404ac8,b41498683167bc518ee8c2a2df1df36a9a64eb9631970474c0eba3b2964f9c99,train,False
3968,e19567001513d5a5143f83162144aa00b079611298942bdeaa73ef83b733bed6,8099295e2dbfc02f04121f7246cf32fdc9ee6cfebe0ba76a627162f997410c31,train,False
3969,45e27375c6bd12836aaf889bbf7cdeb790263046d04679ad0b501a0bbaa527c6,3137d0cea7d64bc2cfc881ccaec6eae17b8612b88934a9752a4cfe8faacbd9bb,final,True
3970,1129fa2a0775fea9755215b75028bb93b16d63ea10d340ff4acca3b67567e9db,212de81ea9a2fc0618f7a79069e9f2e781cb9a312ac4eaf016264e62de87cb90,selection,False
3971,8d8408d4115ee740fe7c74b2673107348b21340946ce1a57d7fa1365ae540e1c,7931205dbbfa2d3c44e1664d9455ae38224dca59e807be04e6efc665d7f52595,train,True
3972,36fc2fd9abda9521be7d0acdafbb6d33d659182944aa9fc7ceab6829169d22fb,76b214a64dc5eea485b75448a65ec26dd128934efbaa1db2c02c1207212ebdcf,train,True
3973,8cf2f7d34f241247c3b7ffc84a1769274826a029b01cb1a4de27e34cfcfff9af,56a6adf54bf4276ef4c07563693710bc8e40698fcb78acfa86c71e72ce8a20a2,train,True
3974,19090e6f5d08211e6b15a27cfece73d8762f44e684d1ad65d1ce50eedcfd9af3,a420142cbb579e572ea065478da22bbaa6d3919e892c5073eeb37288f5ac433b,final,True
3975,b809d54e94c47e0242282d6f737ea3a8122a80080a882ee7a9305adc413b8148,d7037bf8a0c72e6b1a9e79292747593d643f5e5dae19b765cd2f9e61ebdedc21,final,True
3976,ab27d7590bc7481282d2b357cf08eb0f4dd27ad0900bbcaaab7f866cbe03ecf6,9ed532bfd92b9909accdbbb68f9b99d2756e5d82b88883bc594f1d2366997a46,selection,True
3977,c5b1af9189e1bc675033c8a3bdc5bf6680094dc5780e29092c6ff101e5bc64db,cc9420a587184d0b0a5be6c133005fd481040a33bf1441a39cb9ab294ad97bac,selection,True
3978,a54ffad8b6a263427b8b252c9a715aa5fc87d9c0f5bd208740dd27a841ba91e0,a4e54d99fd5aa0e364db2dd834fa3d4da3b527fc8cd4fc54ed114c2c90afe5ef,selection,False
3979,28fd27fdd6c5c6aedc233a0b3d395861c7343d3c8a36fae7e49bac3fc4f8c78c,a2c772f85e1b73c046c76426afa84f85250335202822f4a01be3c7e5c4438c17,final,True
3980,148c58792f4e23e6880a811cdeacaa0f097ae98fde2f2bf86e38c62c848b7367,3878b6fbb32df75368b7659593d73de706f951a999c6087d5d8aaca8407e3ef9,selection,True
3981,231450ea0629db04cd204324d6d89a582744e832d3fc73fbc6d8d6d6b2a1213a,e16e39ea6d05fe1b78b76916abdecb3b09c134e38ebaf86c690d125034ce05b0,train,True
3982,69befd945badafacedb195747fe471a54cc90a261968850d7484dc2bf37f0676,288a1c6d09aed95ffd7d22d72cd2121e374de4039eee8a81417be925386b2285,final,True
3983,9e939ba60ebde6ff74d15e84ba6b9d4607ae3971b4d8422a584b027b18198740,64788ccd7626146f4279bc1e21c1b23d5e596bda668f8040893173329e812834,train,True
3984,2817159b2dff01019493e9ad161170639256d8aa45a2de0b20d0cb0ca1dfbb37,96fa505b86c63e87cfb75a6f9039fafbeebdd7863389490c8c78e43b28eb1337,final,False
3985,a5c8c89c6d0500359c36fa7c8679270dccf0e73c21d47d1a65851716e86a8ced,6bf86ce05d6fbd9f8acc0d74c6213124e404257767ada34cc18c078db1462579,train,True
3986,99f45bfe55ca53dc0f56ba712b61a6178d660e95b689753ecc567a102f332897,32f23f6fc235f540fb3476739972c647e0ea23b2972c9695864f9a37c3edac1b,train,False
3987,e771242ad287d9691b30bf326d59eed6608649b89b0a39c1e992ac30eaf65844,94b140673867284f96283ecaf6332e39e2cc6ba339a2b241caf45923486c9074,train,True
3988,518e765ea0e85eb9156eb52fe3fc3298901fc155dd7b09e605bbb78ab95987dd,8564f437ed0794612f5b3729ee39c014f293fbf7906cff3a56664883e72a42fb,train,True
3989,d4bda2749f91bd9a0ebaa64355f91a4ea77c607dcb840985c64a5cf121a418b1,033067a7c04600012ced28d2d1d807526459a2a20e85f0b3e86c3e7da4b828ef,train,False
3990,9ec2672ecf39ae8f697ed31845a46f5ce53e35a555ba577a650c931f0cbfac00,bdf963c2075d0b9c4ce90cfff49891b9b95f9212faf7a0babe5486081ce72444,train,False
3991,69937501987f5cc63108caf7e7bd24c6e8e3fe47c279a82ba455dd0aa241788e,87afcfc85bc4dcb85166c0e88c3e1f1b032e40fcb1a9a7a8707bb265a0d6d798,train,True
3992,3eac3bcd34f84b201d3b7f0ce1432c06ae3f9c52786eb1e8af86e48f2e592f0e,91bdfaa5c60a2ba774428530de8d4aa07c5d5474db5cce477eef936c0bc63f6c,train,True
3993,2abbd35f392dc5e0779c70a52d92d29b015f6af9e2d1a966641efbeb4edb0e7b,2b9d8e5cb4c74e4c6fd948a0a42e279c86e83ca6f6c9b22361b4779a3cddc660,selection,False
3994,d284f7cdf619e05b72b1fb40c4dc4a45a9e7902321a1876c5f943fdb30360e0a,5c96db74084f8a05f84552b970d900e4278ca39e58ee4730c2f39124b73b9e21,train,True
3995,ce39f44bf3d6c2aac37e19a16f1cb5db8239ac2b2e809873f2f1119b06c2dc90,bfdde7de28d68a793872a80ef8e3e69018ed6fd2e530e8d3b52c24f1b3d1cbec,final,False
3996,b2f8dcd22041ef4cba9eec3b15dd794896a0305ed0bacbc481b04edaaa663ccc,92345321cc1c73c7d4536b10dc67051aa2a0dc3cf6247ce181a01f16c8da5b69,train,True
3997,b99fa5c0387306b9fb9997c206e9e0658341993e71b7ac7b3febf16aea9508b7,d2cb8500bc22649af3fe78168922ba3ec53707ba9db651aea684216fa45dcb25,train,True
3998,dd573f06c72c518d114f70a6f0150f7e509f5a7f51cd348228face7097b4d485,e0fc544ac3cfd9f0480380b4f684504d49df2de3a69d471ac28b0c45fa33ec2c,final,False
3999,8c8c8c919ffb95083e6ac2c431b4bbab90d50b58909b4cbf53ea298540fd3ef1,2e105ab9c14343a651f70492f5c5ef9f5b08a91964c76cc2c14a654253c536db,final,False
4000,a8a744271a1fa876d84d84b275502c9913bea49894178bb4060e15ba10da6b73,905a982196593de08901ba3c6810c8964fd1bb13e15e555f871ec4e1c2235782,train,False
4001,799eeac31e44b83f105205fa660bf38837dbea20f07aaa9aab88ff8e8c808bc4,9eba7813aaac8f8da6aa9d1d0cf7e63a32cce12f2ed9be792b4ba13852bcc8d8,train,False
4002,dd7b2b1f13f3048bd9be10dee355aaafe8aa2f971e197cc4e5b09c89fe94e97e,0f8d56427993d2e09855af0e84d6c05d0f68e0e34da52bed921d6f108887382b,train,False
4003,61165a3076ba1ccd64df6d37866206c5194f4dbc52c033828185cabe6f0d9125,3e6ed6f09dcf4955f11a95b4faf2cbcc61dd1aba92975304058acb8c0b7bc3ba,final,True
4004,bc68d866cc1209a595071af44b3022ac19ed3511d8ab022959979a2447a07170,53419992ca03b4692c1335c6195525b12427a4e2b103859fa7371ff2a443f4aa,train,False
4005,a627d6e46e9d70e0e672edbac28082318565b8cb5871a500dbd2ebcc63bc62af,ba9683000e8f30091d350602c755498a2694af81ea12033c67ee23b09f90cae9,train,True
4006,e449bf495fb8fc1422dd3fec3b198cf1efcd961a7930668e45680489d8e6cb6d,f25b5d27e3152ab80ac6b07f8f870896a2c192e089a2667cd27220ccdbc3a87d,train,True
4007,af6e1513b0320d15a099d109590f09ae7bfd7ad3d6e0dd58bbe184e7bd5b4744,8e6aff8bc54d970fccbfc94cf2f2d1b0cbd49b38e615997ceacbe2a4190c8054,train,True
4008,8785d02bcd615afde2d16fe364872e06f0da3914bc1a214bcd023a02be4f3a21,91c2a9885e391bc26b8bafc8f8c64e26b0e4284e3dabce6fa466dcd3fc9a0538,final,False
4009,27530e31efd979dfb9d0316f64869c66eebabf57d1a0a267d349f6435603fa0d,e505d5970421bdc1765b7321835c85055efc21e2d3394ad90f795e31ebd8c96f,train,False
4010,60fd19565ed45a830eaf47799507c28492134d713b73d0b97975f3f3dd7d94c9,f6fc67a6d56db948afae35bcbd10d72d5f9567022f0f147526f1e1bd23b4b2ff,train,False
4011,d2ddefb1366ed90651e90e2702cba22ba7d743ece58dae5dba50bcb20573f661,e9fad57c951f87deaf0b8a88d4f09a3574931f0628e5743db1bee28a38683d90,train,True
4012,4dc46720bdab6f10c9edb4d381adf21af7c88ec05b2d0373d9a27dc5c71faf27,67899a42734d3c63146589862c78a5e7e127c452e6bc27c51314c99ba5010c91,train,True
4013,9658a90098580b60cc97e916426be8e7b04a8732d6e9b488e6497fcb673004c1,e8a413182c5136354aad56deede4832aac9df56a9d3cdc17f30b67fd86c31c02,final,True
4014,14175cec1d01785a8292a9fe71d4138a45932ba6791705b3f6e9b9896969abb9,a44e3c904bb129f7e523f43e5fb2ff1fe992e6c50d28122dc8a8f8fbbc3e7473,selection,True
4015,6432112864ba8d15ae2db134e0da9cd4198a816af8d04c7e15a2a741095c8def,48ffeac6e049f410580862890c0238a7dc380b900bd70eea65716259135407a3,final,False
4016,350c5f2ebcfccb2fb74c9a5380dae4e6987ba0fa2923a31e21831e20d4ba2d0d,c0698b5135ef5d9322219a52d100c5d28dd5dfe9a63dadd740c77f9b4e06b0ce,train,False
4017,5b9a4269387018fd05995b131e4f898381ef435c51a26b28d1d6d51e01cdcfb1,901f80cf9d545a30a7e440eab5b5125082c334fbe8a5b99e84a61ef8d9f7cf6f,selection,True
4018,4ca395a72f8658a8f8b7d3bd467d8e0fef47ed231dbefe6821870382d947b9b2,25c9400e04fe7500b51a205401bc3c91dddb8e4f6b3542fd78e70e0898856d81,train,False
4019,a9cd6e8e420ec10090f14b7ea11f4ceba8aca446a84bdc0f208e0759f240f6af,7e88d3460734023096c34829cab1c73cfe64d2c8818a4cad92fb34c78a9fb369,train,True
4020,5b37cfc3307581968fcccbffb2aa0f3004ed7350b8bd46f93154f7d0426b263a,3dfb66e84a8202d1707d6d1aca5482f5685b128c9d571c1c35abd83cd357732b,train,True
4021,32002bf05b23274b64e11eaca0bb29e93c909adbb576f9af72aac185d42f5611,7deceea04213019959192cea42a5db9b132848474e6b7ee351105d8d22052047,train,False
4022,c56375a0fcb79b6fa7b69bc3e2ea2f9fd7c7ccede8b6d20800c4236ba3f42fd9,4272598cb3ba6afbe0de193706ea53659987abb4ff87fb8529cc68af091f78c0,train,True
4023,00301cfea9be2229636c0c3009d6cfc3b23e8ff60b1e2ddf341feab31c0e4df6,93ce873564b407083db962ba23d78d5dcf93c0f075b2e3bb01b761fef948575c,train,False
4024,09c32be14bcfca37da163253f063bf4988521f4c7396ddbbccb2b0ec445fad90,b198ef9b62f6b6eab7e5c750a43318aaf040f6fa39022d8d90e6d90e5f1db605,selection,True
4025,30a0b2a47866b7652d2c7569adb2f0cdea002b822704f4995951f314bc4450e5,50099e340e6c93632546b46bb338960e4c935a5c792205ce5832840c09f5140a,final,False
4026,1972707f9b973939bb6bc2d790202a0b9eba904e005571776132e4dfa42f29da,ce654ad78519d7c74832fd9677bf15500befb0d2c11b3604ab59231206315d02,train,False
4027,0c61b00fb12b1ec185c4b192443d3daaaefab378b5d5fbd1374e312952311578,faae5673a1996091030d9e69638355c6b14f9747b84dfb1dd3718847384aaf62,selection,True
4028,901732781b4318c5bcab5dccd70b1edd8ede59b3d1cb4160ba171f951046b320,aca4fc80ed7676a10c86ea8d56034bbe472bf0eb2a2a28367ac1b0401373706c,selection,False
4029,202c6451396dd5fe539663accf67d697bb13a160a2da2caf62c2fab2c57ab630,7ce11a967d581e6369dc7d3dd00fc53e47dd86e80d3ff58b8eb91925c58fd311,train,False
4030,8996b65e8cf728f66a67196e7cb4177945772a095ebdfa947f33735570d7871d,3d2f7638c819ef799bcc14a78ff53fcc3fb1416a2f9f37817adf08ba74360552,train,True
4031,ef4f9c7699c4269806028f799c18d717de339681520589726e974a56901c9964,da523b964b21e7928bc66435855cbae25cf83356baaf29c7434a345b88ed38a5,train,False
4032,2995ad026e3ad25899339def7b8f84e859537ae6575a1508861a20e3aa1865f4,9b23475f626d40a3c3110810de3361d42c8a5c74ae94e81c54b6e6a7f0318bc9,train,True
4033,281e3c5f6d8d7374d405f313289668e60de2096b894eedd1b83e0945fb294f0e,4b16f4092611ba734200916bcc9a03eb44461c10622c91287ea4305f76b1d646,selection,True
4034,cb845c36dfd3d33aaf18c17a8310ce20422708e4d39fa44f6c50aa5e18631e62,f01ddd0fb47771a052249583af08acc8003678fc9765427a4591a08453e7fde2,selection,False
4035,ff33ac476e26a6db774c1b43054d9703206f7f98b9b248f1a7c799bc3660c755,dc219a33bec4eeafdc03e7576871799531771d1d2b99eef1d3d94fffbc522f2c,train,True
4036,493ba6be640271e2f8ff510c4ac9ac312d04637b94d094e072d0e5761c128566,94a39aa620feda02ac62233280656f5be4922e7dc9985ad42bd4d5be05b10624,train,True
4037,7030daea6c41d1627b85c084b81119e2b43f3bc165e5f706065dea254a20f0b0,b64afe241b37aafdb93ef1d206598e35d32905b707bc16615e63afbd9d910ffe,train,True
4038,10fb4dafbe5cf4ea67c474ed9b30bf0655d0232057acc7166423cd97e1c8c20d,599e9cedf2afee4a7f108c5d6cc1be0e95e8281f351cdb0ec5e0f1a55ecefb54,final,True
4039,4c496ee03623d48e1edd15be818ad7ffe8997a2799f45fcda9fc268a3e929e84,9288174c194bb655794936fda8cc98b15a443c9ee69a2201dc5add1303964f05,train,False
4040,4893b666c94da9336574ce216b33a2db53c89751cd2a0a61ba644705ada7eadb,482aab03cffa81fe31b7a2414d95477fcf05e51665438b7c57bf6d19414e7731,train,True
4041,20ec5cc40d000798d34c794d1f59a948f430f2a99c296fcad44f78aac3915e62,7553f69a88fe2e36e9ec7832f915e31278367c93b54f74f46a190bb8808b4aa2,selection,True
4042,5ec1c6f8b10bb142dc826da9f8694cc2c261211bc6f51c4f27221ee1cf9b9ce5,7096f31d1e279bb5c8c4509a617bb5789bf7afece11968ca7fa5b342d4baca6e,selection,False
4043,11ea6f0821c9bcec21c9cf207bceca07f723ac74c63f147d98e88a8d78838823,cb0d56e1e99175f2b1e61402004dde854c1d8059dc7e4457e8e59363957b10a5,train,True
4044,e9be1c05db37ec1ea36ac1fb9621b6ce70e9cbbb0403eda1e1ee699caa633e41,db6ce88dff0e5c7a27799a0e4aaf827a422875ccf849bfcd1091ea3584552825,final,False
4045,a60b7f5a6b15222d5eff1bea5084c6a4effa91ebf492a6607f90e6c062aee368,8c26a51a91adbc391d33f000c7c19bcffe92f60301af535ec91d1d5ad8ca1177,train,True
4046,32510503e3537fb413aed61e700197914b767deaee41c77d0d230846bc6f15cc,bf53c4556f24010c58c79b268bf7911eafdbf612f9d9ab4f1905be16acd5afd5,final,True
4047,234a1551e1e9fb95529428531e2456cbefdfd711674ab121ba703bb072f9bda8,94d250e07253c3a401e157137e6198fef90c1bc059eb2c969b307483bc5a12cf,selection,False
4048,52aa49f16e59a9713909e78528994f16ea006e11877eb080a61e9f271a9dfbe6,365628aa82758f3a840094874347593a81ad13cd4d1f9534e45ade646168f654,final,True
4049,fd32a5edc6766e9b49c1f93b68ad4fe15fb95848b7e9fa33815eb97b55c7ed26,119d425bc975e1f4bccc3cf3b24512f030c93a93f3b33f2d8d9d5beed11942ac,train,False
4050,2c65e7d3c3da071343bdd566f805e3b135e0506e0b95fc75f569a3a1c11014f7,9cff8a8a586d64697edd9da64d331d6033f5a0f0de753f28c68c9da950491846,final,True
4051,5275434ca14846cb86902db0007aace52b3ab35f2efdbe330c97502c7a6f7f25,41bf443cffd7f0921caeaf86a3bfd098c33ebe70f1cb087e8ecc19bf22db429b,selection,True
4052,a3c8c1d48ae79f087d899939a921fa211a759bad11ab42c65ddd79ca61c6ba16,d1f6273e070a45a040c1ef4adeb1523bcf177eadd0becb808716090af133e413,selection,True
4053,559ba5c5a1df146becb40bc599198a1957cb658ea7ce600b5031b74de2aff123,fb11c19bc4197addde046a59b006e561facec23fa5a706e2b0c596fb6391b050,final,False
4054,ba7706203b338d2159ad3bd216ac76ea9dd89b3bdf23fdb5fe2b0ea896d7bb74,b8303740cfdd38983eee8a28b9748e906f5439ccbd70b4dbcd1a637f154443d7,train,True
4055,a9475e784c6c3b45cebeafe75049eaf6a62d45f560df92da5c157dd563f9a1ab,be9331d2204c4b1843b66bfd721f848312f2e92a454bb6d56aec79fc229cafaa,selection,True
4056,bddb69e7274b5dd2d70048663bd0cca4dbae01fe6fae8882f613727eb433cf5d,d5b3299ec95413a4ebda757059337b50b67ac62a48259c5a910f63983447df7e,final,False
4057,cca010be22095cbaf148c9f7e6a03229dfbaf1187a6aa5a88f73539768347279,4ea4e55b6d13a58457325ac0a494f0bb8666652c27091cab9b7770308b87d6cd,selection,True
4058,60d0efe8549bfa2d484efb73b031f64d66f56bb8dd9142f21fa46f3043a8b297,5af2ae0dbf28e0ca23577298adfa9868c63525b237d38a64109a378826ac156b,train,True
4059,624191eb041a1bca9c96d1c722f1df3c3228e56d81fcef27f3b3acae462ec0b0,58d4fd2cb6d2d45dc402e3fec7c8d9dda1cc112089530985509b4a93b67ea7ca,selection,True
4060,99625c045506db4014664bedfb18605808dedd9a9ac34e8ba0bc76d93cf1e13d,78a07e7a710f206ea210c0015e837df58dca70f91de41186361116f5f06ed4c9,train,False
4061,961b12a6f97979bc51373275814364eb863b5623be9b9a9c6923657c38cdd8a8,386e162b97b5d6295c89cf023772915a8afce4b2396c588acd00d218fc84fe57,train,False
4062,682228b2f3f2c5fbcd34ab9439cd10f5a9b4540ee4eff0be15013c59eec7a78a,1454cffcf292b7f970401ef659fc73554c17ca601c135702b79b3711c3e19674,train,True
4063,a58a942c29cefa511c5399a1f86aa9e3b1bb0ef8d882974b9745ce6697a499f4,244faf485f9d45965815ed4159873fa842ca00b65c61ed2cd5c1ecb8a720a964,selection,True
4064,e48d1eff44c5689c4811f5d97877fd4115287fa1647c568f0375e17f2304d3f7,634a5828e8faf0047cfc10ea7eadde0b08ea3a991b2ff56bfba462d767985dc6,train,True
4065,0a5f82048f69b88e0f8a3db0f0c052047e8979fe088a0c5511bdf19d31bf68e2,31053e0f8b1da2ed95cfc61c4a55f340e60ea6ef9f8f645881072246b1544e93,selection,False
4066,828371de6a0761df8e7001df57e82d1c90b0ef20a71e0f03c18c2b1751a71c9f,e56f11b93f3e18a0b4121779a68248e8a5e470ad51a87d4a5e08d5329b77f745,train,True
4067,bb0b9d5584f11cb0839376fbef1464a1b377a5e46dfb4d42eca3036b393354c8,d078c10d57ece5b8847380a6bd5b62457626aa846df43c527e8c125838b698b8,selection,True
4068,a44ba443af017b244572d6bb3bf16185b8f236c3c01da685045c6e74aae0c0b3,aceb1358c5b01c68045e5148f6cb5dc8293d0b8552bc546f90c170c4914e4782,train,False
4069,b776206a610300d00dd56a3079dd6fb2ccb7a15fa6317df200d8d92af19de648,a50232d3107db27b00842c7352715b42f472cfb51a87c18f08730deeb175453f,final,False
4070,77444297d8ecd5abd54572e52c02002b80f7466c12b06e6c38de311cf3de5e8a,73d14c15e1cd86576a1145df28f3c060b4aa5ce6f886c7adfb04d78092a16c66,final,True
4071,02ac8760e805e6938e2317ef756213597ffb4278271c6d82fb1bf39f6b0ea9f0,51d4ca856250e09e940cffb5d80035479df54b412309ec34983c345259e3eb83,train,True
4072,c3b5105ff0ae579f4398e24eb466c622d705575df6e3417444454ce1f1e5d45e,e8183666a6ecce565e9a47b6b2070d13841010576f2920065262da63b2e67c0a,final,True
4073,e0eedfc7054a6d4d42791a24eefc9b60aff761f4133bd00340feed51f91f87f8,4ace487fe903f9975417d65a1ffb789a4c8098c0735ee6d1b9c13002b78aa4ad,train,True
4074,7d32a697d9cd00d20749b0a41e7365250ed072b1bb6e4c07e490ab048ec306ef,200fd8ceae8bfce274cada8e5c043ec2429bd50525645f18773da9b18da719d8,train,True
4075,8e19bd4d053da8787a18bcf661207cfad56914a4a3108bca52f5da593546fddc,f8e71fed9cfa1a2e256d845c53b76f54b74a71e9c919ab38de17b3f3064ad493,final,True
4076,b9c37f0eee31e045bb0de3c9634adac89a2a03ef0536a8e8ee939c94a8f9d738,f8af02e433be0e77c0aceb824e90f058d7017c0e77d695e8e2538d65622d126b,train,True
4077,dec67c7c54a97f3df88752ee5fe69b5317e7fc1b2f13171e86fc0b79a08caea6,09498b899962d3661dffc91cbda5039e4b31f7dcbbe25bfad792c8db652eaccc,train,True
4078,d38b8d42757fec47cfd9f1a0231b48ee9721412213951746783a839e0752549f,9266c373c2bc8fe58963a6df6ac78093388eb746cd97e5f3eb1881ea1a2a3179,train,True
4079,a22c87b91e68c6c7fc693f85176693bab38dfbadef77436c7cf537f321cc352c,a5da183b96affb88f697ab02679a2db27a3fe70c689623679dd3aeaa5e861a7d,selection,True
4080,7c1c28514a325e72c984605eee266bec33faee8bc082d6f2d86aeed753247976,9a6d4c944bbed955f4625265d5e2012d409c3c9b796dd8228b8c4d981b896f1c,train,False
4081,43c5b7d0620f3f844e09cca22cbb5e350c838c7524698243fdff4452af015fcc,bc3fdff44b1660259a4ff34cb5394973e50ff3ef164d29f0361c8a98fef74089,train,False
4082,8888dbf6e73d17a08401d0cc3f81c6ae3d4b37792abaecf5451a94a67216a20c,4889c43faaca01a5d6da37fc9c85fe800482a2ad8b2df4b4dc62bbcc99c57f7f,train,True
4083,9f2b211f176d283d08974911783cf9001db92fb025a221d43f10f591e7248032,1a4ddedabaa7cae80822affebc38b30e3d1165cdf2c9e6012ee6cbf714fcaaab,selection,True
4084,9b6e94f530f0c2168199a09ddb487ae6b6cf42a00dbccca64ce699020bb47277,d3cc0cb2484e4d8239600d7e7977c1d3aca686e2c5b420b21abfc09f078bc528,final,True
4085,85fe16eff00f2ad97f089455866fd9419f8151971b73bfdb6cccd375db1e82c2,b99c4dfd5cd93aa2fb66b2cf21b11283b7ab2ede95c59defe0526ba2631998b3,train,True
4086,9250b908d8fde4da483797a5eef3f39c6b24772d4ad13fa6fe58259cbfb8cde3,f811b5d283ddb2c0206f2f12927426d7a37ba16bb29675c5034fc626165bbf9c,train,True
4087,b36751833635aefb639063c7543b2b7dd101781ce6b30a00bf9000b75012b1ee,88c4974984668f321e82b4064ebde4eaf248702fa445da1e1a08e3b0a8899515,train,True
4088,a4c745b1db0d6780ef2ee42541a7559a37f6bcc1c6acea8cd87e2a34744ef340,98cfc10e4f4623b9078266eda90c736caf89783cdd4a4eb56b9c961dd757d8c6,final,False
4089,5fe6b42578e50257b69328ddaed9c9c715212d2c7dbc7adc6f34ae9394adddcf,13688077b519a318dfa6b30dee4c8c8b28cf8addc644553eb72408a2c15a81eb,train,True
4090,a78bd1cc92f842ea679700be88869cbc0f56ae0dac30164c845e0ecfa66a5559,18cb6efcd6bc3a83b284d412086c0a0d8f5b8fee356be4197fa6306dc91c01f1,train,True
4091,97879f98f66a3eafd95db2a520b525c75a07a71a145eee2e185c3eea018b2875,041f88374cabb610018dbd6e02c5d0671626690c6f7191d96a22ddfaad52a8b6,train,True
4092,b495909ef8477ef2fdd8e4a71829b61deb6a29315bcd4da95857c52fa5eaa6cb,1cbd65d3396c81e4997878bcf11b8a146251d95b69aa8ba78b16605c6050078d,train,True
4093,b7d9be92a436c3053ee6d051743b13a6c74c10ccd1b0b2b21227f168538d050d,3134fd438bed3a115f61c263bf31bbcdccca4166ab9f8da902c3bc6ab4b401df,train,True
4094,544872e75cb8419ffc540605552efed07d0e31bb3652929bff1ccbc1910c58e3,d5123f3826384a5f56bbca3968502a2857e36b58ad4294313051c03b76c305a9,train,False
4095,fd2a8bdd4e49cf6e525b9883fb759ad5e99ccf4f90ef0a8a23f0a5cd95f66411,cadf76a809fc9c29ede97371c0e8e0bf2d19fa7b121ed3446a96e146dd65749c,final,True
4096,d92acbea237865b83ee5b2f2b4fe9afec487b27f3efa0e80bb16b277615c821e,ca1b68a5a4c9e49b74e16aab7cca5d55575ebc2d54eb0d67a0f752c56f9d5197,train,False
4097,54f74396cfdcc5580cd1ed792f8f659f825d505245b05f8cbfd68b9abc97b6f9,7df5800d3f48100f61faf8dfcfbc7235d6a1dd663befe87a398bbfd23ed16515,train,False
4098,fc400fd1416882346b8b6e9dc03331c7464bee80737e28896faeabe3b28c8498,dd379cec0817fc8f22caa7fd4739985a4e475125382189f3716133d437f97db0,train,True
4099,3320716cbde30834cb63a5998d5b944aaebdcfc6d2612dd756976a7cd5d36257,3fc57109bae40b5f57714f0a1582c3a9f67d575d5958b8a7450a39cca78fe0c4,train,False
4100,c61d8ce73842565e5d1f2c82ebc16fbd8aa746d4c108b75de00d52a94ec37020,f6764b08f07f4a51769763f6803d144f1923432dcd3de3574e27e1b96cc9a738,final,False
4101,b14fc73576fa5b08cad33fb9b3063cb91215c8821b3a854bb24104cfe2e0c1b6,80b15446d9232d95cdfcd724a0b87f1d2da6f5892ae25cf0133085bc3c193c01,train,True
4102,7514c9901cb2064ce74e9c1c6059b4aa38f34309529fa30a68c5c2f700283eee,a7625c6060222f31035c2ed7a7d155a0b70fc5a2fa2968b15032a7c5830c1313,train,False
4103,50ff41d4b49094ef11fc3b15c4dc235f0ba643de73a066afa7cd8e01994c2f36,13e3ee5d90abdae42ae3e385ce38dacf243f702f007a4ac35121328d6d3debf5,train,False
4104,be97b755fac4836b9cd63b8b6b94ba9432806fd915f456d7eb6fb66ad49e0324,1da19874f61eb98df1b2248204a027520184115a35ae75a82c011c93b5c467b7,train,True
4105,55c030e2f994ee54d9fb9c8745512a4abcdb28500b718dc4b62a83736b2b7056,47deb04378f9bd42a8f5e39be2a79d0457500150c09e145f601d9afd6dead42b,train,False
4106,c25184b22a08c1c908325f1cd61ee3ce1eecb4935e11448b9c8894dca5a52696,305a28d483cfad0c36dc4c97f67d4ff7c7965c99343ce312313fee353f9092bf,train,False
4107,92b27ca333e6ede6481c27271c0e9db14cfa9f9c26c07648509c79848021371e,ecd02f42e9f36938b18c01b525bb3538048dfece9c923c07ec28aaa299054bf2,final,True
4108,616a8774ac7bff86d0c79cac4495613a43133dd639a5bc34a882e632f7e6def3,c0f948e8410fa6f6d593604919f2c03132b47689c5afd3e9745ba621c19f31cf,final,False
4109,2913e98707868001464964caf260f3e047359c86ab116d16e3ca58cadc79b728,a60747fccd5aaa2d7b02a847c7fc0e288ecb245776d334a9aecb7e6a4d86072f,train,True
4110,e6d837d8645be36e3d066ee399f0d28239cd1e372ff3736d2c7df19da09870b1,3473302dae93120d184b8c93707139aad54cbb9a23ab45453a4715f9cb9e5eaa,train,False
4111,0228dda50a8f1042d1deca7c2e1a35471171f5cfc46d65b3671179ebbf7033eb,f0d87d6228ea61bc09cf06b46960ae6b87ff151eae6c8463c67b0f1432bbd12f,selection,False
4112,81014dd35fbf32a7f5e1d4fbd5bd76ce03bd57492e8bcf1774683ac00846325d,6a3e8227607b42347790190801affef1514b233caba8fd5154eb17094351eede,train,True
4113,342e20973261fdb26e43f40d944d2cd4867a9a184242d70f65875a20bdb1e572,ea2a13097ae60daa755fd2a3860bdc860d5e3d8d65a2b6af95947f7d0325e0cd,train,True
4114,ff6939d87ea4a007ead6f2ef9bd92dd95b99b9b5ea4478f595a143f13c6ceea4,2275b167056f90f633fb2ace0f4c21d8be872694b443adceaf6bc8011a8e5722,train,True
4115,c4af191d9dcf7cd7fbe6d775e20a5e1680ef1a510c3dbcdbc87210f567b79718,23ae6b8440016850cee1d81dbbdc64f17a39173869dd1f3f1251468b7e35610e,final,True
4116,7eede9098fe09d7ed9dc12fcdfbe9b2eed7e6d90118a49c497ff2229d9d8156d,c09ad261c8f9ab84cf9ccc482940395f1b8d0985ed11d153bebb37dc35b7389c,train,True
4117,f6054292a0219574502450122cc1170677bb9407962bfb8d31956f6d23be9aa4,8247d57a80f713bbb567070a056e5078275c8a5d9860553a22c105f4da94755b,final,True
4118,650d56ac56212f73ec4c3256a8213cae3e77c27ce29e363bcc7a85cf2129457a,1cb12fb2fa1d073826145759d95f10489d3482ce96cadde5aad8d116d61e0c33,final,False
4119,64e2a6558e4bdd54076a986ecb33876fbfb0276b41bcae4de73fc8914032a53e,8521dd378a0ebcf7601e03afbc41f6fe409d195d8edbf7d99c7c438771cd0949,selection,True
4120,9dcdfb049c4e898a8390a520bd2f8706ff68714586b2fce82cee57d84a0088ad,2611490677753534c1d7c70471666f7cb1dfddc7e8c7d9cab256b7c91f231cdf,selection,True
4121,063633891ea0f7e4ef2fac40874319359cff15fd2d42c378781a0ad1043b20e3,76f6c573bff92649a415b2b2b5ba52e7c877e429f34f65fa07efa95c1659a00e,final,False
4122,48b6df92bbcc12773e9a5e9cfce131429422c715a79e72d685f318a9f14e2926,42e1edcd01a84d4e8c62a6588be253b24962c508bfdc22c5aae68f7fe200520c,final,False
4123,39117490ab05041b60a2dbc2ad4e6a9a6b96a4e80121f3891c6a7fd56e00c47d,1390eee627bd921db5a40f311f9dd913574dede37c425c0e34e568871ccc785a,train,True
4124,c1fb4974fb9304b20c532da63f558603b102e7a85d13ca7fe29c3ed8b37b99cc,a2f9ec62ea72f0227277dc2c673de925edd974245f0085db6da6fc1261d6775d,train,True
4125,e481d5f5b66ee2e15b40b3b27766fc3d5a2e5be966d7baa2c360b83abf3b3533,15638d57423102027d9437fa933f56314855108d9f54cb20446703835c47c104,train,True
4126,c4130f5cc26c79fa7ff8b19d5162099c7045687faf5b4a3c2b9f826a78e08d9c,07194b64d24347edd6704263a212361d35ac2c07d94b3b12da1b0c70178bb1f0,train,False
4127,73c7008b0b10e630f139bc896aa9a0981bb94ba27e30ac6f5d52525e9bddbd62,ffab5379b419e16ded35ee68cb594546e6fc2b389bd4b10a34bc4186d24e8355,train,False
4128,6b85998dec81c2c50d12610424047cd331c17d48d2bf7d1b393e18cbab26a6b0,63e2a09a8fa7cc3d90ad371cce68f06c30f684922f8ce763a3a1d80cd6f40adc,train,False
4129,d301710cf9e428ace6fb1b8333ffd18b5b750df05536d6c9a0acd0222df65c05,58043014d8da34ea0c44bc8deb3c83f1b29eea80af6b8e0e83b360a1a3a36808,final,True
4130,50382f8ae569c28a42252d4e7788e42903d3e5f8a9e42eb1f47f2abe2e49a079,545f2481551850fceda50eb7a983145c219e48d094b8a5d6b487a9cccdb851d1,train,True
4131,9f558ebdfd893df33fda05a2ead2d0b8cb2a1edc5b523e7f3f7b18ab469afff0,92e66a18efa39536d6462d70c5e8f966cdb9e347241648469feb2f0868fb84f5,selection,False
4132,bb863cdfb17d0a45d6f968f8026d4926f17f8d01aa6c6f884649e24a34b1a0cb,6c507f04a084b9837672ccfb92439adb6e7f4aee52a6be74a93063d746305634,train,True
4133,6313b48d7bdfab7539645413f7d34358c15408935b0bcfda961dff4a05e7a1de,c575061fc5a959b1b8a995e39b58a048fdaec865e83f8d5db1a872d35ed35d97,train,True
4134,4adc1a40dd567d22e50041a7fc4e80f1e10773ea954dfa4e0ba042df13eed2be,5f4d7438a46c30d7ea79c861548d632997175d879b3888891117bbc0c6d07f75,selection,False
4135,e49f1449ef2be86e189107700d34be157f1b69a477c29693b6963c760ada7699,2142ec1c33d1dd43c85f76c39c6729075a2944cc18ecae6a85a125f68f883d24,final,False
4136,a0cd09656d296ab520d22b6de0583bc7ccd6b506ea8494cbdbafa87d67dd82d8,f227218305cf0ff8ed8e7105da2811c7469dc4d8e806818e5a6abe2d5ec4e1ba,final,True
4137,1dc31bbdc8c178ca93e19a92510c90d2a7252b243c79949e4b26fa195a59d7d4,b01c0a9be76d1ecb564d68ca8c611ed749a4b1e7232f5ed1363c210a8d510ed9,train,False
4138,48463af91674d98d732fb237f6ef23aca8285542f43522860469fb8b62a42793,0359bba816582f8e38189d479160809d6acfe56144c38225662d76be15433102,train,False
4139,88a962f5abd1be14d650233c52b983d47e1f228f765e05717260a6edd3a21114,7317896a191647a4d208f6e7b1cd858bf026d4aae60d0505e800830fa6c4ada9,train,True
4140,0032a861bfc999cadf928bf00755cd1e3ee6497adce50ef0e13edae134b677fc,24c22381d0929aa4d1412a45b25e9eb2d829c4f4759b46933e5204ecb6098f9a,selection,True
4141,b111842c76a15f2835ee5eabeb30b0e0979400aac79cb841747e031e647b5bd0,ea7bc6f2eb5a8f578ade43c51e476c49b82604d9e22721d30165fd1d8da86fa1,train,True
4142,cb91b6ff45d364e9763df98c31adba9d6ec00ef93a2b4290e7150bbcf7b8b880,8b990b6c605aa8404ef904e171fb790826f2a238d9ca7b1d1de4956d9f7ccba4,train,True
4143,99ac2b7f40c8c162ad0e5799e3c1cfd261837f535bf34bf7d527a4cc42b44b41,7089c30dd26eddc8cfdada3c97505fd23c4a1530bdcbf0dad47481df74030366,final,True
4144,3a945d9e749498547a36db5056a51691263ebc514a92f005d7d4d6818de5ed0f,97b5664d7602b3ee903f201aa087556ea4c08a70c75451fd433c3ff801b72067,train,True
4145,5ea9144793b75766667fe3a999c4ce69b9456a4bc588d4227693b097f37ec9d9,f6944b2dcc59464461bde9e176a08256fa613d3c4fd1f61c4aeb0dfacb4a3bea,train,True
4146,b9ec76c17be89a8b0bf50468e8d8d1f95dbe08da3fb6b3e188a4f658cd902889,70d1dc74a81f61355dc2620e9d14f964dbfcf398f8ec682fedb69c1e32368bb8,final,True
4147,6271745ad962deee3561c2becc9259caa002892ff78d2dfed105e41afc2ec2ad,864a5ef55dcca9b2970c52648d7ab527c9274bd87b72ad62d44333308c541ab7,train,False
4148,23dfac639e328ea832cf4ee26678294ef5804d89a4177dd4a2698068a559b2bd,db423441e1cf4a6812451de8c69b33dc12dea9f4faa4b9f5d6532fc842d47fc4,train,False
4149,9099a275f3dd7d5d3a3420f2231e90701f0a853ba66e143440565271f42510ba,445ab224b293996fd88fe01587a8e80a0f23e1c82b1f1f06746622c168803ba5,train,False
4150,7fbd788595a5704ac5980776b84a5bf0f7101f84ba6d29d9ac1a147ae57445fb,15ceee5e80ff9b30fe959dd036781729f61f80a0646632e85fc63b89ef40c95e,train,False
4151,cd55d6eea800c720280902f2d95d6050fab978b0448d3060c28af0cff2f75036,b5184dff52d60794e406253bb8dce13102599c2807214519b7fcdbefe03602da,train,False
4152,2188d99b467aed1b67f5e50c458a74eb4c08adddb084db299e89d4f8eddb3540,00cb03dda68f0dbc86562f86e7e41a09f486d44dc2c89de316e9046e3ea9e7c9,train,False
4153,1abb436f477eafb0919ad7c403f1167feb82dd2d5dd01964209ed97fe0f6aac0,ed000103d3d35bfef26606a8c54a495534ec486506faef33c3ca9278055284cc,train,True
4154,6c93aae9b6a4fda31537a9efbd114ce777df0268a8200bc0486ac943b4a74212,6d7f3e8a09cd3205064a69784f566e3a296c230864d6916b9f62703d49b4fdb1,train,False
4155,87c515aaafd47936f08d99c00d546dede02c5ffa216500d8dde311fcf2053606,8a3e31d967c82c3075d4d8fb72e109afc5fc47502e859b8d0d9605b2bab429db,selection,True
4156,1c79f4dd143aedd64841ca4c42125f41b7b52bc5b703542f5837c5696f4b5c81,11109e7569c6cd17da87dc85c37f49ba4f7f946b6844353ddc7571b520f40975,train,False
4157,47fbc06ae5c95c13fb860cafe1e2d4cde86cb1513382c21bda19237d55559f4d,7378373c9a42dc2f26abb37c3faaaf5feae1aeeeb1709986dcd9a459a00a6e10,train,False
4158,bd885ecd6e22b36d044e4b234e641e47167a7b179970c0103a8640615d3a8c91,f1f114cbd56f0342fcf2af35fd3ec8891cd96e6ca17eb3550206f133d7ea2c75,train,True
4159,59793a85c3fa22007da3761dfb3df97f62f1b17c75ba5232e5ce7591843dcf17,5895f88b06bdfbf6f455ba1c0521d0651c4ba46c26c06e936491131a405bd978,selection,True
4160,700780f654ad0e45e8b6cb7825804d4e236e8b6a41352e6ee83021f692c44e0d,4d45bb5563d524a0f173e80994fcfab30bb80cef61c226b6212dff47f0013923,train,True
4161,c14e3a85c247a05d2ec8c80f0ecc4bbde8f90a5ffa870940f2a83c9dbc807e49,864dc319d85d9fea4ba568a02f4e05627e2c3068d446c24e296670302ca84f91,train,True
4162,a6602218be7aed2f80178fcfd12cf83284c1916a007c1f980c3c82c073ebb881,6571167b83fcfb86a96f4269cf2dde51e1b8818eccff8de325ecbb645b90a44d,train,True
4163,25ea9a3dee6bda8a092804340f45de5718fd766f11fc967ae6bd92d879691602,343061c3fb7e6bb15faf43b6de2273d91e934f9e1f595dda3de536a4d9e2d4c1,selection,True
4164,bdabba5860036cca3bde784aa99199dad33a931e816071710951993bc04db45b,25e69831528952b42f19e204c0e23f73ea642c0e2d8914b4ecda5931532240d4,train,True
4165,913af6007c76de85889d71d2eeff420e1b0bf07289fc2c1468b64c75e859c7a0,a3d3b34aa518b2b87b73d3344b011ca2fab758be777f2e7c274402a2153bf8c5,final,True
4166,4a47fc83b2eb7bac6da4293a06d364bd49cb3facaad9ae9829d39904ffad6bcd,d52b7ba3f1475e933e916d2c2f198c35bd1066ef8935114aa38aa152cbbd50b0,final,True
4167,364fb4f2c77ba167070e788305b078b138f00c06e4dae264cc8de2938fc80856,6d79ab2fa79fb3afd680150c8202c4c2ac28434ffed9237d3c6acba42a21dfd0,final,True
4168,d39752341873478fada12dc14a214d2d1b7bdb210cec42403f6bc9692c52aa0a,d20fa55a86f7a5ae5ad9f68f22e84edf9059100b376f996c31187162d98b6338,train,False
4169,26d6d82919bf5ff5e54123246e79fd419f800e63eea0a54c85f0da6cba0617f5,e19a60de8ed8d6d1f5afd3076b4f7c249e479f1e324d171d3abb376f02fc71ac,selection,True
4170,4e9b19a30a02739640e00816ecde2ad45fce56208544de60609c3e38147a9ee1,51640b7e4e0251e1cfe3dcc4712524c93ceb38fe2b0a38b8d291d5facf163ca3,selection,False
4171,9f71e813c57997fd0a233a06804e04078dd53bd1592e782b245148930f7114a9,de3c69c2d6e57a34b3d48d360e105409ec0afc0db45d5faa4dd69860c8aa266c,train,True
4172,428fe14a25029dd84ecc6cb699737315a382a4b53c3ce1bb4d6dec7aa4fb51f0,779353b2fba09fad33cd313d3ddae5cc173278b39aa5f8eadbf50ab592fffb4d,train,True
4173,8054a9bd17d929a65bcff9758c9ee719052ab3391c67e57168a9199d32b2fc8d,939db5b826ef7f9abdd58dc6188dbc7f2ded70302d66b743c09b005fe3d5c9c3,train,False
4174,c3d959367e649617c28d6f35fd680cbfdc2792fad91d0f24f413c1eb22fc4ebd,bb656e67132e84fb4a7fc10e83826e97fffdc3332f3d8f1661fe8a122c0ac55a,final,False
4175,b695f356613bd9e10f91302c9c83a12467f67b0ce45d84a655be4872c6439fce,2ea1f39e23d67807608049bd958afe37538992eba231f83a577bf2d6b7531f52,train,True
4176,5c4f858467054b09090d6187e97a33f1c86dc38d4fc851809860eca8f64c0055,ed7ad59f31fb4fdad1b562d0be53dfe56bb2c6f4397a012ae1a86e71b840ae78,final,True
4177,4b87cd616241cfedea733ed1532a3be330c173af9da3c8f22daf0e1178d7936f,50c855906ec581831e34326284d5e5adff94ca3cdfacc5a420e4ba90f69cf5f6,final,True
4178,9076c5bb2e5fc6690b27edc2e12bb1b87331de7efd7ed0055b22156e30ed21f2,bac10c297d841d826aa19ea51eccb89a758bcaaba6ea7eb00bebe882b70db89b,train,True
4179,79913d8ecc786be5c1c89d0f7a7301414b470328992719ed73e6c9d10bc9e6f5,a6d1bff0def39b1d0eb694a46724d2a352fcc861b2613166c2a69789553c87cb,train,True
4180,73fa033febf1f89d5f60f8e87ad13337cc3ff55a2f32f7bd201cc6cbccbf151f,45d020c95dc31a3818afc888ffa50de9328f9f6247225757a6e1ae50bd67ec94,final,False
4181,c72da0efb1fefdcd8a628ab8b5b69f0ff53ec07abcffb968fb9dba5b37949460,69417ffdca0e5e7fd46e0edf85bb887bed853a3a4df1cbeaf1c314d771d8fa24,train,False
4182,fb46c75825c9dde666ffe62c3218949183f072d66ceebcf9f4c322d57737ce39,455e74047f1acad2da7c01a84241f0c0e6a0a76cc03cff45450287e6b2fac54b,selection,False
4183,00ac7fa44d305cb7150123cf231271f2575a6cdf246f8cd082105440c9f1849d,0e357e9115b5fbb5fcbcfaab4ea8b59b4218f918904dfc59400a7843a54b8e8a,final,True
4184,ce6a33662ef270a83203f99af8c74136d63ca49599e0e9acdac28c22144e378b,d17e72b8eb06620d1871eeb6ae0805f0f17f9c04fcdb04f22a21e47414f10cb4,train,True
4185,d0f51a26f24cedd6557219237e0c2f40fdade55507cc3747ab4d8a46063116dc,9053d9ed03c44916aecab7c245d1b94eea774b69eb7abefbf0d9a18ed232c906,selection,True
4186,696ce9e1f648e2364e28e49b6e611eb167888bd9bda47781693b1365a9bc4f00,ace651a7211acf3aaf6f8d8a22bb9c1ae587cf067adbb189915c9d8698d2f808,selection,True
4187,5fbf68a4f3583b12386435bd1aca580cded3dc3f4bb97aa4e70d4ad9023d026c,75c0a1a17e7124b60af0595db91b89046773a0903a6bca40563efe821fe21812,train,True
4188,f2c5106fe9afe8dd26cab32948581f05082b661a8b18f635d2796d21833b2282,62f75cc3af531ec97fda4ba925e02ff4ea0efcf6fb81d20716d27c3b995eddd7,train,False
4189,1c69cfb0c6997a16634b72aecfc12e62ab3d7f10e1a5aab21496c575eb425563,2c320591ce349eba911d438b61454c2542e0403f12cabfc2b2b314655c6bd55d,final,False
4190,a5f4b3b048e7ac77a729b870dbae1743f663c69e316ec239783cd30ef5dba67f,c257ca5c8f9663da7a5f8da42e9e22db2a9ce8414516b0c2ad50843161c71c5a,final,True
4191,48e2e5e6cd8247af910db1a025fcea497e740784351687bdd0c1d180c9dcf417,ffb32affb18ccbb2ffa34e15e020832564874708874c4aed472d7bf712fd4404,selection,True
4192,144af43a82945d34b065bab4cd2af40d4443e6d862d791b1f47b5ade5c5e2268,6d2fdb9aaa81a6a73ac4633359c0f4607ed3a72b9dbe808c5d2dc45cfaaf771a,train,True
4193,5f20460824402b33154da47c34d470edf2e9592267025cb042cc0db071fe46d9,93b9b4293ce92efca20b99d0c47175dbb5a3a808ead76a7f7f0fb8bee6a67bf0,final,True
4194,55a85889c0d70b3545bd1938205e6dcd67e1b4ba1c526692b8f4ee6db0c1c58b,bb1557d73399b3129c46c179dc082ec77ce4481f25e65f15aa90be0951cf8733,train,True
4195,74116ee16ebe115936a22bac7055cf9c163fa5874d858f6ff663540d64eab2f6,d5670000a748bf589803bfa36cdeceea8fe2a4d4d0746c60537735f0a3ffe967,selection,True
4196,413d554cb51c7dd30e966a6eb9cd1efa9719932bcf234cf12dd2cb73b89d4d2b,0a2825f1832f1d2e7547b7281e8bbd6c8172499471196cf178c00701f66760b7,train,True
4197,16f24b50cb4cd6722c8911ed831cb0868f50512ba4256cad2e4bbd246b96490d,bd40367da3920f33922dab5011a437d63d4e937c0d4826f5861fe49d4c2b8899,train,True
4198,e83a1fb61d58f527c8a280f619b772814387949d62aa40ad00ed05d4e62662bb,42fa5b95e5ef9132fa270a3d88fd0b33f97bf46448f57ec250c1038b0ae9a1f4,selection,False
4199,690a9a7b1df963fc7e938e50d433d807ba7b167e729c0372552207810788d18a,6a5e737ceeff50ace9948a381b875d86cd9caec79fa74e1cb080cc3824e36fe3,train,True
4200,2a3748bdd024513c55c61ebb9e45bf552301735973ee92eab65045d423bd57c6,e69d94f72bca4737396f2c750dd779bf986d5bec76ad2579dd0c41ff0844e1fd,final,False
4201,95e82b8037d49996a0976a92d1228fd2f4f3c7e0afd62149ce09e2cdf09f75ab,e5fe5f1d53d5795e4b65040c9ddc38e5e76d4824ddf158933d4d1b6f8796f829,selection,False
4202,50778dce466102da60f87acd24acf8f39c39bd3e716e07e82141bd4631b05e23,71a6d2a1f10d5f4a49b8a926221ff3935b7b2eee409df6503448348ead45886e,train,True
4203,7a75fbb9b093a6ed63ec9b3d7723dcbe309d7811692d143f3bbcaf4196985297,54afbfe893441446e258cb443516d2bc15b6d6714a58d4539e2b5690ee58cfaa,selection,False
4204,db80ce35dedbaf0daa63276804851406b827debd20057d5aa392c3f656f7d1f3,c46116101568ac1b711db5f260a6efd88f9cfe20419eb145cf0de5b2384f6f20,train,True
4205,6f3081e0da378097a03a5fd3761c0c60eac41bf892fa788589c13076f6a87758,7a745b434021f42a91a3edc2544a89168c6b6c0187dbba35a596c386d737db51,train,True
4206,c194570b12febc1fb8e9fd923f1ef30079021766640680fc35f6b4b8f1e417fb,b73e2553146bafe07f8e0e2e4cf0d766b768debd3ab9e23f1970cd985cde447b,final,True
4207,2487a3328db127203be9ffd9357c170453a7e2d6f781902c31fa37683b4b968b,7c1d48d5bc76f556f2ee696dfaddc20476293d759103148ed1966316b611baee,selection,True
4208,471bec177caa2df2d8c790fe6dd871d3872698bd8d02ba8dcb9925aacc0ce5c8,89bbad386b231a803fc9385a4063c5b07945aed4183467ad9f4e59d8c9c1b12a,train,False
4209,87d2d4c7d477777fa2c01bf13eaa5d6c29b1a353ff80c05a6199176afba2c3c7,9064310d2f5e78e83b81a3d5f8b4c40b9f0ea8ea3154a4b83a775435cd8c98a8,final,False
4210,8a5513d7b50c6f12d2052f8b4425004b48f7dccbe7018154f738cc790babb2b5,ed6917edc17e7163ceff33c8e8fdf3043be288c64861fe7ca42e159a374644de,train,True
4211,afeca75526c2672648f740c4d836aed81c88dcfc654bcecb41d641133852efba,5f533f9053c766d2523237ad01ab4eceec84c04c33e2844d46a6cb6913a71563,train,False
4212,3431f8679a6804a322d3539a4f86804d56b3084592c0e66c4c33b7f6408c6972,71494c000852cf805b01cf0908b6ecfb5a9ae1c3c9fcf3ee9399b7398fdb7605,train,True
4213,65076f020859064a14d8363843eb6a99ab9b218f6fd475946a4307b6676cb00f,c2c177f534fe4703a7c8b339e8f7a6e23c8c992e1b0199bff5525506c4b71299,selection,False
4214,e58812f3f4dabb6ae7b7339542a17190ebf71b9d0b88d2ceca9446b7e4fb7954,9f1a9d0f9197a229bb05e7a50f3c6b9719eeaaf80b18ced71c3cdc99c85219c7,final,True
4215,facf9ef37afbd99ac10fd37ef340499dde9298ea00ba935c0735397bc6d4f825,b57dbdfa3a4cc1e8777b0fc139d0d0e39842e8e1d84d02cd738840c57507515e,final,True
4216,707f7476fdf8bb904e27fe8b5606eeafc78c29b33dd4a650ee3c3db004c4264e,c517fea83b26095b37ae03ba578960cbe394cccc04f861b956341b2f4fd03806,final,True
4217,a4cae021772df192f6782de6d1e5202fd92dc3f1914d7f119e0669e6ffa98a3a,3db1ad2a62c617969971a6dbb8fce3732ce4997f7f1963faedd978001e145258,final,True
4218,447e3f947f35b4105c4b84e5ae691bffac1c036e00b09121749d49ee2e794551,1ddab65e47eb81ee6d263f4670809b6a492248b7728dde52a91f6b6e5ea662ec,train,False
4219,c644981d2b978d4ae800f3cdaf2653e9ca785c412644e929305de1aa8ed084f5,a6c79f13c4d287d56b69f3585288f8152fdc5765e105cddf0c79344c22635527,train,True
4220,efae9c383c9be84feb34cd7bb7fa6989236bf7415921e82a04c31d184b60fcdc,450bb5e39294629fa851bf0f6a3d9e8336a09499d0bfd7e19aa9f99d3021d829,train,False
4221,529bfefb1cd3b1d44a1eae87e33787a09baa44ae80be643e4b783d186b27e2f8,945b617dbeff6cd0a6ecbd2eb0d065b1968a4591b8da1dad2f1e1ef6ed3cfd5b,final,True
4222,edd7d26bac86ca62dec823c4ae60b8b3f7ae703f3d69a9aa7720ab7fc550cd66,f594ed39a588faa926ec7158bd71aa605e8cfbdd306128b93ff3fb606f4d6042,final,True
4223,04b5904ec6596f33933559dd94d6e0bccb1ed5b5845df2aaae03111044cb7bfb,85652a1a3f7e11a7834d1dc5af80341eaf64346e4d9b6ca0c649d43677f77f40,train,True
4224,6c6c974622c02ad68ee4f52f4976833a5d300603de476ce46196d62227717560,09b85569799116ef2100d26937ddf5acc4cbcb0058f56bfafaa46a539e741c8f,selection,True
4225,d9c946cb0c0714bc35a3c40d3c27ae6196a7f3526cd05972df86c12b48a06a7f,c12f08180fc559ce3d579ac1bb7a74decbb70cda7a668cd0bdf718c78d46db71,final,False
4226,51d4f339c092046b82459c0bc61142d411b2e180f4153be6c9f81a2c3d17343d,9d858abda571347c4477ad84c784548e47dc909bf748018cb6f1498ab918fe89,final,False
4227,1aa0215db22e1603b4380064928094566edaf02886193bcda4a5df287c312201,91ea4426aa46b4c5563e74c0d9cbc217e78fadf7e3d872f9de252c6210df9e76,final,True
4228,1ad39d758aa00a0f9e181302a9f65c604d6c1d0e960e1b2fb9b02b031ad0a9ab,f46e1c2acda8ee0a06de6cd6ef250d0b5af45e9f166b869c2c5f369ef6c71f24,final,False
4229,7c1b51ef7769977f45f9bfeb8ac59494aa05e50a18a0a78cc09b14da1ae81b13,e89fe304c966d71ebdeb11ea5f950f6e2048b8c6122b9d8eeb1db6fb8a4b82ce,train,False
4230,29578c7da93b1b2ece09d555ab4ad6f35b3360a0f0eb973db2a31d7c2fb7039a,5d4add3f86a2ef711f50da04552a24c7bd849b1f901b53c5b441a88a4e55b489,final,True
4231,120914765a0256913ed521466f24de29dc3192dd659737b8d52eb4af9da78483,8e5fcdba989d64687a63cb484f1005fee4d57f71e96cd96630209c4856b18884,selection,True
4232,3a81ad4c2c49ceaee22294d45d8050baaad100d5f1972ffe450b269dbe408ec7,5c5b146d80f27b460c5c324551cd1652849276f8a06642201a5df265df2aab7b,final,True
4233,c5346917b6e5bd8dc272980f08d350cf293b7abc2bb318fee70d89a16600937e,3e8ec519b00089bba878066cb4bda8e6edd8876a3ac851c0b21caddbbfe27ecf,train,True
4234,7bba3ccc0da054cac0dc85ca914ea907d0ead24c8136b29e72cd8f957bc8919a,eee2f52b0862eb972f19222039a343cd99441bd341421de51d30a175adc1c5da,train,False
4235,cb8f8fdb45a990250e36b80a6b45c2d538ee2cc3cb025734ca7af54a637a29e7,55e34ff5c439d79b23f409de63f563217dce3290f6d875b4ecebf060d65e234c,train,True
4236,9864084a3f4669ac2f90cd5eb773e35130c6e0bbb3d7dfa990ba10dcb69769f3,89edb6ce72651f571a214292ef1e9f50a5920837f45f6930d7864e2de2bbdb72,selection,True
4237,c87375b25c7005d76c27e1568725cfa10055aad25c3de492c51f1d68f960c1ff,48acd666f227f71600f698b1a59c17d2c5e7b1ca3fcdaf4ddc08310524eb251d,train,False
4238,4544147e465805a75383238f904bd30ee541894de595d426956b4e80766f0b16,d0b11e43ab1a4e2c68bf447cf8d48bd6a54ef5d8fe9ab9f8b1e08a0d43902122,train,True
4239,e5d1685c800b2cff2caec32bdd85c9b42272e36fc39e2e7d7af18d09df852560,52d8a9f101233b3b2f95225717ea47425654a340f591f82a4eac083928319ea6,final,True
4240,164be490dd1621963f576cc43f024944d2a32e977ac0d5e09ff0d7147cdf1c0a,d36646acfb740ee6e1a0f112ac5e084da877fdb8c26d24c10429040c4e3a929c,final,True
4241,56f9f36d20c7afb61d43acf6da0477a67591e843af6f6eff38f1ca3930a03432,decf4676146b3257c1a3ae21c5fc5a945d99d8580027b5542f7a10c34ac5080e,train,False
4242,31605c4125cc4695a067ef48c9f11d7a9a1a2ac45647e75cf52137cc1dd6c39d,83905fdef5b136af247e797967d92fb0d4ccdcef5861891b9c734f8208aefc52,selection,False
4243,ce882cba81e944323a9eeeeb75c2d7ba188e5a858ef90b0232aa008ddc513386,ae29c1d962f7ed200013e7c266dddcb0164b26cd86319448d34e0b409b249bd0,train,True
4244,6de39368c459bbc91bb8ac1ae08730ceb25de7c61dfef54587cb509041385d4f,7e8ec8934f3fae6b1a8ac6a1324319d11f5bb7b131548e4eee847bfd3d2d3ed4,train,False
4245,a5f80d57d8807a0e8aed8a53c289230260426e7d67069134182cd6f62b8f2de5,b082b686030c159d114269bda0a9b04216b84c0c5d636ae901825141c6682358,final,False
4246,e148add90c801765b3cc37d24d95e26226d7720686bb8559e7c186b6bd1ec835,553e8e1167115b54688e5c2ff22742511930b055b7095f47aadbdb310e193cca,train,False
4247,ce5ec38399056008622b76ce0232ceb2bf16a8b1aa61e9f6a00bb885e85eb221,341822039005070f732c7a49d475172479540de59c90e2d7e704b6ce0f59c587,train,True
4248,be50ae9d88f2510a1a6ad5975a54ac24f1dd74d3f8f4f7e75ba24b316ef0b600,56f45f4e3ee00506c6459c822a94ea129ca1a794504a8aeaf43a0a99655aaeec,train,True
4249,de130befc9221ce95d19189be45abecc763e606100f0cd1d03eec390e7db2945,5867642b797c184a489d8bf40aa8f57c66dcfb510587e1c3947cdf0913041126,final,False
4250,d5b799e7858e2d17b1bdb353a3be7ff43ea5d886afba7753ddc0d903d3c9f879,3d5b6282f9698d553da6e22239c6d26defca29ce807b99b8cc34d9874bc496d6,train,False
4251,61f8e945654e07f34414a572002bf30d7142a799379def0981bdd12580bd2779,fba4ab8bd3a7b3f3e4110d0b081b1a1e8a246927df12eca9f3d9720fe46b15c3,train,True
4252,5e6d34d42fef43ba5bf74d14b4b1068f9c1e12d99449c77a014cec6990c13a42,1e3515857c44b73b75a56abf9b88f865be622db059a188d63f6515ea5b08d35e,train,True
4253,7588290387f41d4d6bc09c387c0ff3ffdfbc9fffd829512f5a4f832b92afc95d,1f1a7a29c4833a3e9b6ed0457391b4a77421b9745fd4c3bcb1171925e0facf16,train,False
4254,4f43c8a506f15b71698993ab7032122cf1c3493fc3f353e3a1436bf00c950692,2d6c9414b8d6852af05b1e85cccfd77fc69e8ff506f3d2ea4c5072fe171b4b23,selection,False
4255,c3e1351ab13a25a46a6376f9fc2e09e3146d364bda58239e6890c051f8b0ba0a,ab58116eddcd36d54d1a26addb3af12d37f6ce08d90a3c84fa6b8f524af6469c,final,True
4256,5d52a0cc719cf354aa9143d01b01bc6835aa92ed2bece9c3c8ad2488fd7e882b,e80c9b57d38183355cbf0265722dc83156f2422055681786dec10a4b79463982,train,True
4257,3c32aa1afd9cd7bb208f6b6462269df562b9a81f31866ddf9b16d3206766a873,4a782d6d2689802b30d4eccea41b35b8b0bcf6fc15900714dc3cfd4bc96ad7a6,selection,True
4258,46e19509ecc617a150899b07d608aade376514bbfb5050ffeb55a10708e494ae,3e63963ab97bb437514c87a9681d9ab522616644172515467a40bfed3df01cb5,final,True
4259,aa247b72cd7ecd72f879d3f70bbba90071c447406ea47daad0690e5926060478,76692ed1d8c7a272ccdc0f1ad17d9e0c2ca24cd2597939f3e12a9728e29cdab2,train,True
4260,5601339fa9665f8c7e3ce4977057f5ce35be1457b17a6041fbae932044bd11a6,5be116ff556048b2c5a19a005150966c7b8ca8f914e2dc9baca9f4e96bc6fc22,selection,True
4261,57ed6edf1f2f4ef8788686259828b19d89b76bf390afe95f409178d1f12e0814,b9e53407868d17564a527a2266140a0708d5515e17f47ae53fe4d10cda5f18b4,train,True
4262,20402928a003a19cb604a01a9b69bb207ee056a3bda34bcf900ce292e2549b3d,9a2930e164feb41659e79f8dd60c75405b035db9386c111bb277aa3bc3367030,train,True
4263,eef1a26e22b32a57c21619b71f72af409a6d6fae11a590eea53ee9b9e4e9f153,bc1456257add9174c4c4f6c4d958d547c05bcd2d91c5241e7275b716d8a417e6,train,True
4264,349a34ff159a625f77864dbd62926da050c71f5e7b491d614a8f4810e258afbb,827de3e2b82e538d0b892dd324d934b1e65cff45a74fa24f68d23ec7ad0093de,selection,True
4265,8536701e9eb891f0db0c231946541c1528d390f3152d88a4745a2347982f7dd6,b593d263c678376e1d9594f3def18268f4434c70d9aa43259418297b8a6f0171,train,True
4266,9439e602f732141e2d39c5581debb649d4652e5d33eabbf0222faf1bf5e896b0,da4e75ed72b9c99faa20705f23451892731f1f5df06d6e43b139bd53b31f2b87,train,False
4267,a33f3f4decf39a106300a05b4c2cfbc553532c3ff31d3d1e14544796123be22f,4021fbffe91edf32043c565b7b3548c2a67fabf4577bb5f01b0d6005a097adb9,train,True
4268,30e87b50f8f574f19e717c9f6114be66bc097d60b06a1134fa31fe7488e55f34,98dffecd2435ccc85d376b360e0f3ab4894edb555c4758130a2cdf6fb5551ae4,selection,True
4269,1042dc9dc20829412f0d4124e0771a3c659149c9f6341de71c0f26e7596c2968,06c24fa7144b603a6b3f3d91ee3f8ca2b9659b632f879960ffe6be44173f14d0,selection,True
4270,a391e6b5d3de6b9aac580682faeb4b26882d53f756426b65791b65760faf5c21,dace53148f23ceeb9c4b381dfa4177879064b62eaabb88642924bd74df5152ad,train,True
4271,bc38292f30d931c3e2e7bf261d391ab696ee4b94df1ed6c2bc041faffe9d29a9,b820d578ef8d1244d55eb124e89c6e8489916b69630508195c330652d7424849,train,True
4272,176bf0c376a9fc8585884f366686140c7d8748c88b478292e493269eeea191e3,9d36534e59f89c835e72a1b844fcfa13d25703b346fa08a023a5d8d8946969f1,final,True
4273,24394f92a0aa50661f6f4fd284cc3d6586ad2b1d3dac82debf680f9e88d7890c,87651aa69e0bdffd5476d9877d565e1be15e559787e9202484f39f97b7a02dd9,train,False
4274,7e5fc1d73ec9a68a5850f98ee356824c31bcc9e016c8e5995b5f1e6068d47b22,a1618381c518304b25c99c056cc7ccd4ab2ba4fe803c84307fefbbfc60e7e23b,selection,True
4275,d0ee97ffbd57e51f7a95674e5ce79976d046503999b93cc7e1bedc51ca4dc2d3,8bfae8578b88d23d70cc960aecb6c69435f77bcb912cc41cc50640096dfdb60a,selection,True
4276,1974193a04a9ca36667ba91f8b3ad5da7c9803c593dc0e78e98e6fbc090688b2,98ff8c6e312879eb3e6f9cb9919e127dc2a08c2868941341bad3a02d836c7e30,train,True
4277,d155ff4b254b8afc49fa3f5ef0b658281795f4fc6265e4c20efaca7dc6132318,331af1fcfe9e09e4db22c45a092247937bcbc57324a041937f2329850dace322,train,True
4278,1e5bdf4a0351ada32f983f497f55380707d8d681bea0eb04ab6ee943a8d86a88,965d9d5c8e842b334be5aa0c1db78ef96f45e1e1123005ff82d21b014fae6058,train,True
4279,da60cefd7249738908432c8befbc105804bd6348ae12cd184b85953cdae7a151,c1aaf2b207d24ca9237f76126eb78e9aa4979712145ef14e2e8f6edf1b9de8f9,train,True
4280,9e7c31cc277fe8f12b4796a18e6c647ccc285b141aa31a0531e8115e646dea1c,d65becbc9bf6f1d422d2d43b8a214e66eeddb93d8757728224434471c74fa38f,train,True
4281,568b201d993547da607e83198524e47a0326b949d38a24b9f2f6702d5e609064,913b74c80705ae5cc7f46a6e45ac2f16053c7755dc6161b2b749c145ee5aa6c4,final,True
4282,4436e61eea2e72e279233f0b0deb430976a4f313749aa99095c7b5a109eb60e6,c76116f31c7af1c4a0fd70371e3e9385113c70df2f249dc72fab2a6fccb64d58,final,True
4283,76e517e88ec92ce3df96489c2773593aa012be889e71818f4f737a7049497fdb,08694451bcfec2b96b66a451b3bad2eab83dbd5dacfc4d7f76d99830a4eeb8f8,train,True
4284,2e313da6cd487c5ad86cafe3f6aa78a3f48354de2d0569a0ca2ab1d8a4a92c69,e5db8f9b128a502817bf42b42f2c585ed995a3c80b91397bf5c51bd0a0d02cb0,final,True
4285,809fa1c5201b9b16f145fcc9925a0f0e6ca4eb80940bbca7975053317ac8d6de,bba876f5399d57eed5bb43fabec1a97cca0d2113bd3be348302ade8e52d00e0c,selection,False
4286,61b711568ec8a31d1619632b079bd000c2586d350084d91d6bcca5e22ca385f3,05f0656e66e93149c9a5b6d291e1a087a95b9a7fd752f6a2ba188a4db8a21d81,train,False
4287,c62586362a67838318b4b3444255d207f084cae3956f32d50eec45462252054c,61ed89b2c9c928e7992e7f3ecb055a23d513325ff811ff93bce8fe5f854e3b95,train,True
4288,ac27f9b4e21aac6293ea2b04fde8d3ea14ce67e9a6e8fe6a17f36f963e74e8d1,42adc0a543161a04e3ee9fff51e2c46a45d67c6d257984a3eafb2e5d2654e883,train,True
4289,5968ce2d8b07666ddb5d003fc07bd5ebb3b323d82415c2187bf950a723664b73,61534651071f97fdf68151c66be6d83b9ec05f6e7dbd2e0a2a24e0e329304524,selection,False
4290,0f81b5cf8b890023125c5e6c5d0d69b2eaf6fbdd088ddb0e6a0d2276a6d0e121,ba7a7d94916a2725e3b85cec10191ac65a0f4c541a23d32b2c6c8a825ca80403,final,True
4291,e571da1cb743adfc7ea809a151dfa6c97e50be63af63b64a7202ba9e7451fcc5,c3cc8c17a52b9416c757f0310145c93385c8b732b816d7f9b1bc3d138b84fd81,selection,False
4292,4ae0447eddef8ac812a372f03eb8e3bb2cabd5aa8c84f818a40d0f16113bb7ee,3931d799b3052a96d10a4f962fd78a7779d73b52eb4594908eb43841a567208b,selection,True
4293,3337284dcbca55d28210e12dbcf057be2a5de5c71dcb77c44acea255f793c071,6bbfd65e2de6a7c2e9be35f4258dcde600e7b559996a54e588f1620380f791a7,selection,False
4294,55c3ebb2a89c721a6673ef006cf032795ca3e92030d12de2d1cedf747c97b28a,f0d7e7c6474705911e3754e4f5cc1b9f1c86dfe21e11f828758e5ad6d4936049,final,False
4295,4ebd81c94bed973c01cbe3af9e0c2f54518f6f3fdbe1514f4920172f56013ca0,06498db76debf8fa473940ee212c10f89fe7b571614cefb82292f5c688e2b01f,selection,False
4296,87b79905339c094191435c2c115c4364ae877cc2561f5b9282450767848f78fc,2975c69f582d855d1ef50c53797b0eca227dc7b302ec348fc56e96f11a6bb9a5,selection,False
4297,6c4ead4baa09ec7077c33c2e185ddda78d9b4dd2bb8e2a075586d3b543e0e73a,441068cdbb3156f2a08cd74d2d046bf60ac0351ee1bbac951b2b1c1d27f0fdbf,train,False
4298,bb7856e39462fb1486707f8da03ab0bf2e3bb9dbea21cea000006c8128bf03b9,327d16af26efd3e0b387e029490380acd28be962fcfaf912e262631832d14276,train,False
4299,af1194fa4b43da1549b241c5bee381507f6d8a4efb8cf37ef9d2b4e3aebff2ba,37e95aed13ac62348dac1e62dadc9c5f1cc7c2cc418f853e46fcc6f47f72cb2e,train,True
4300,c53ec6f5d86d0f2f9946a5ec54c44e77697d2359432101dc07d381e2e61c8554,38b0609ee83a81adda6d75f6f3cb53cfb7e570e987b9cc1cb02110fae2acdba9,final,True
4301,2c8310856ad785884305b8bc1671e2321999da6b365974f458353986d87163fc,bfd8aedc554db070a09a7908bfea1e706d3920f05d2cbfd15351fdf35297a5d2,selection,True
4302,764ec09b04f210bb1f4a40789d4e98a9ff921a8e0825d1c626f3d8a9976dad84,896fa994d47fd35e8e716fea3e46366083e61c4f0df5190cf5a0fb39cf89b171,final,False
4303,99c79e80435f4a27c275f7d5d413cddca86907efa5748d14347e23cc11c80faa,7671a06fc1b4e6127782d51c060435e54aac17fd9b57ce3371ab6457fea45d4e,selection,True
4304,3952b92664aa4b9437db2c5ef56394971a8f50e5c05ebc5ad91ad1bfa740c507,8e47948aa0339bcfb7840f18802b1449f66019192ede4cde843a1880404406f4,train,True
4305,273ed369d253360a9b9d6d4fc03238c54c425eddda419cc7cf5cddb111226c50,e436d45128e4390d8115df516e6eafe4badb13961d6b527ca517e802ce70f2e9,selection,True
4306,44a9ae82685e45e826c7b85adbc7f42970c2f96ed3dd7550a36a82dc4d96751b,24c36cc9121a232d69801103efa197e587f6b5eb7e40cbd6f21e62575b2a0719,train,True
4307,d6d05dc60b3d0fee96a3139230ae1eb4850b1118922adb937c42dd3ab397a236,28d5bec6ec9cf77d424f93cd30b01d98473a3d0e0a36c9d6a7f31bab54ed840e,train,True
4308,eaef9b28e138707e4878712ee8330ea4e5e93f7089d893ab12b80f2b58dee94b,674c7538a704d05e11a878ffd7c5b1a40effab5a7bbe86345646ee42f2cee08b,final,False
4309,5bd700947382897dcf4741e06d1b1761831dc9c1f1dd20e6337b705ef95b3b83,b3e72a73de76beb4368f98e62248c7435c44b212e124013f4ebd5b5bd20e0936,selection,False
4310,482facc65e197decfa49405582a07aa8e8939fbe2ebf311ae6fc301c2a1de338,a6ab75837cf454c14ed19c395713da7ca91eea4ad3e5b7baa3e1a2c731defca7,train,True
4311,c985fd62dca0219930fe61f5d141ddb049a2fc9f4422fe2ba349f4720a4c3392,6569baa5b20ffb197c4d8c889ff8f4c304c3c4dd3b70fb51e24920224d91073e,train,True
4312,663346d8887b83ded8c428861de97ed4c4f3f4d65e56d8e06c9dfb1c97c1a513,a9f023dfb2b0b19248620722ebb5714c3f28d760dd1e2adc496dc0d15565f58d,train,True
4313,68d757faf5dd6e6cb743e02d5d82aae99f502c9d84eb78396baa2a20d091050e,2bb94822552fbf878710559bf4385f5b267f2716719898c25496c8689b68ab0f,train,True
4314,8bfaabff26bc462fd473ef67f9a8c24cabcfbb3f921f22d3ac88d8253e600223,d9e5d84dddafa970008c1fed66d2f4a2f9ade1fc590605bb0fdbed951edbdc86,train,False
4315,07d240d851f3b5b62b23c56eb33368d4002e3f0ef3ca6ebabf4d0130045cc589,9fe4349e4f8bd17c5ee110d4f4dae6117ad8362896676e8e629b925fab733ea4,train,False
4316,974cb4bfebe29eb405a5844891fcdadff9c838226d3ffd8f483f6a233614dd29,b2f55311473693bd3131b80f4b57901ebf5804bd6ea932635b743cd660cd7d83,final,True
4317,a59f1e890ca978d6bd5e19f7c03741d4dd3b58697203bc53624ab76290aea298,746a96c4c50b0fc00ec2f370f029badc2323e459290769021a0d91c2bed01ecf,selection,True
4318,1d627448fbf04ef6d6674878f2c141577b71903c955a67213d0a0dd7c21484d0,fe0e495ff38ad95bf4d305cacdb673749b999ccb9590740b22c9b7d8a0b8e913,final,True
4319,bac1ae7250491575a673dd9ec0ef18f52b95fc43e1e3da2ae61fc3b2e1d80f97,bf505bff2075bad2938c1e0c9da5a8abd87578e8d9af7b8f68c50393e04deb5e,train,False
4320,3c3e363eb0aaef97cb51dcede09ff62515c5ccaa554314d1737b06711ccd6460,5d9ec81a8c7e40332e51e6de0528cf93a57630f44cbd578fdc0734f951c6e24b,train,True
4321,aff0fba8b67a2fcde2270ab05948c70cdaa536ec35b5243c4305b13abd5bb4c0,eaeb4f1e71427a43d0f3a0c98a7dd276837b283cc82c5b4ca9103126b8beb605,final,True
4322,25c91abed8744dd3db0c2a41445262bc81ba7b1f4c4d87e2cc9ab74a0238d259,a247f1165e055055fc3db1634a82299db693f79424f7c4751df5a57cfa9b8e47,train,True
4323,02eac97dc9ae5b17a34e4ad7ad41496281b65f6e241ddf5d1151b4e059a4aa10,d85af949c5328a9268ab15a39eb653e816522e6d8357c0a8bf13dce5a4e1d1c2,train,True
4324,9043e0e9643fb5f2db24293b4311aa48fe86859bafd8d8cb9e7e3e939f0eb293,94c4fbb1155226d7f73aa9692a8ff182c433d422ed43d55f010f6969cd6d9dbe,train,False
4325,5c6f966354f073bd1d5df25cb0ce9f9d9a2460a044f59d4ca4eca86eac2f8656,2afcc9143b15712234b6d9c26042c974ec1cbc8dbeb544cf2aaaf8813fe8dea9,train,False
4326,e991ba1f5b804032357dbb7af1a0a9a3052e79001c34917e8f5a2ad799e336a2,fbac06b5ee2213634b515fcacc0bdd39afa089a1abc3ce3c14fabf9e99251687,selection,True
4327,8a1442e1ec56cdda97dc7da2594435cfe014fdfc040f1e61c4d34d5f020c4ffe,e7210e28e3c525cc3ed3dae3ea94e2e11defd6f92e737ce4971519255b72abe9,train,True
4328,01e2336103bdf2a5a9570d38a84a6d2fa1d7129318e1bca59aeae470cdb9fee7,878ed8c24967c48efb20d1aea9af78bd610f5c8ef52566d41d67b1a369cdbb59,train,False
4329,5555394dbe57a1e74bc239d1711fca49761d124cf500f40d47a2ee31c9790e8f,56b53b65355d361d2b9062a1a0caf6d79fd40b6a302ee9afb24fdb6d1706cb49,final,True
4330,f6a68563c6cc58941849e5f87c546cce6555a9ff0560a0b79e0fe45f033ebf76,1832acc98194cadb1f5b1c8c36f7acd7de7edf6f9712ca426a8162ddd0df18fd,final,True
4331,7afae172c4b9cbbb37d85d251706468eaebecbe945d9784376c30c2346445428,1287bf3b0bfc5ff737bf15974b3268fa15299547addb3c10ef7f44549786b86b,train,True
4332,5644247e5924955d920639483757fe0db6ace193c74e98db5130bcdd3dcf59d6,5b35fb02f56e17797a7cc488ecec5c55bb2df503035810b9ed1923dcd87bfbeb,train,False
4333,faff839051e72f6590659ddef09c56e27115dfb7ea33251255fa0e272c9cfbd6,c946b73bd8bf5640c46dbeb09a032ec21032c0b60588c2367b6d0bebdeb6dfcd,train,True
4334,54a347b332682b638f10d0a03997df5e991ed2747d80efa8eba3a26177a1ded5,6bb04d75b6c6ac803d95a60a03a3a99bc687e62e2ca7684c930195aa55895316,train,True
4335,ec6ac19065694ffe321cf2e5e01f98b0f21bcef0b6c96544bb3ad4d686e34d21,c8a845fab2d3d07d08230ddb249da4fde0f2b2e52cef879f37ccada02e8ba05e,train,True
4336,f23690d70f56ced65a294fb0231b9b650dd8e13611309228d665291fd7c9112a,5244c2d3651448c372697910bee67aa1de294b4869ef9cccd5e2012e003eb995,selection,True
4337,4c32bd6185b51ff16bbeae085027ca9cd3dac9cdaab9e2172bb7a4ecfa3b415e,1118c9dfbfbb0ebbe33269b210784d59e2bc998d93574f24f69086168d543d31,train,False
4338,46a30e7ab0b1648bba30cc1fd0402d1a117e3fa91fc2119683bff27445692029,d05994e58e38ecfc50c896a18e58eba57141b7a626840d839715ed7d05c91e36,train,False
4339,047a66f3c29e4f6d65ed5e36cc523fc5f8410dc4aa26428242690cc439e883e2,013caad0cb1f950d9460a4341e78eac2431236d06bd3f3a4724c8293b8dca574,final,False
4340,3e59fadd44b62e713238e2ee9c7afc682a10ee1fd8104ee6e285b2b78fdbfac6,122e037fcca4d405350bc0a044cfd509012e5fb3c453e7e4e07cf5cdd827274c,selection,True
4341,233a13d9fded23af16a0ad718638823b91bbb3c6c25a15f1f63e6a8106ccfd4c,5441186e9804b5be5a55e48bc6fbaad25449f8b02bcb2cf473bff84c842150f1,train,False
4342,5c1eb3ec87b4f3b326777f1e34a99d180f41f86b5ccbf2454fb3d665663d3a16,9ac949489eff6209d2b0722e2167835a79b6d12adf94bea92941bace6da9024d,train,False
4343,0b5d444665b9f1e67f39a1294118757466dc1be1e69fddcf1559d0332015f8d1,f16ae18e9abf7499b1cdd0ad57c088838b6fa4fb6d7e3376950179a636e1ecac,train,True
4344,3c7e1417c9c6a2f5649ea64c8aa9a8d0e90853453cdbead6da3f561aba1ef3b0,6e0a21ef5ee489c29d88077910bd948eeb5b304f3c84c1d6d265a30191445112,final,True
4345,f3939864b0cf2708b8eb614c7a4bd86cf6e0b471c5ec992716bc7349aec96ac1,b01707d29f53d44c94f8cc48a2bae28df956aef7b0780793b94486ca0f9492fd,train,False
4346,aaa2397ccdbbe548efbf6648eb8589fefdb87a2da1c970810c8568ad27d3d01e,8d3cfd88971fdf7ebc70e4eb507ba0b2fdbbbabb2b4f4408553edf6d28585dca,train,True
4347,40c550e2d2b5a75862644704d54bed9171122c90804164944017095658422c69,16b82cbba9fc3eae104826566895a30f349ef801aae4b174e7c85af21f4e2d09,selection,True
4348,4f5987e92c22dcc507caa13ec2f0d446d132440d739944c92f1151e1fc512bdf,b0b354bf6e190fddbfab7b03ff9bbc507d8d1ba91a919da9297654977f83e936,final,True
4349,4c39b790b10993c3b12cf58b8905f7b47b8f4b6cd1d3a86bf7b7b4d3eb27591c,12ba52b235875490e8d81f738418e3527c02b6efd7f793abad0e1dfef0bd01eb,train,True
4350,a7e398eda7ac2802a38fb188c6f41ba27ee632a04936938381032ac3c74c2f90,d38629e288413e595310d4cb29dfd07f7f0023faba6493a0d84e1512ef794a93,train,True
4351,e2fd8552ee26a1984421e8492ea36045ad20665a9e1ff0d40c980db81f37c080,302d63b85f2ba725db37527fff821d52a1f58c6180f9d69ddbe9215acf332502,train,False
4352,228478e159d16ce6d19f70c70449ef0fcf60bb0021a723ad63605a5496c77307,ce04298012d67de20b7a06caeab63190a97be85b21be5a657370142c5d28e9e1,train,False
4353,e6a604665b6abd132576c3c84a656754ef553db6c72d21ce15340619f3c960d6,8b3aea3c817d2e7a29e0a274ab9703cbddf275b1d4d85edc4581105182481365,selection,True
4354,5e8e233f0feb1535adefc36fea9f38467122d7cba53e86c56f091900df97cba8,46acf61e4a79558dd4a98685414dd77075a3630116762a34310be63bf771a673,selection,True
4355,085e18616ba2702d7fdf3e93952986bee26f39d579a9e170f1f2499d775bb66e,2e6e4ba05cb6d56320e501bdf0566ad3bb31b38f98eb59b4df2e429384ea1d2c,final,True
4356,ad77c3774de434ac1973078a0a9d9a29d6d44c929e42897589ffe60b5e15adc2,162af8b15faef8571cf99a7222e6d8cfb75b86ab069b3bb0da5a655673de7f83,train,True
4357,e13877863c1fb33669911785a71ec0b6b4b7191396e8f65bd058af010c40c966,4452081833c612009248e8360ba0ec53e45b05366a8beec6d9343d07a156f211,final,True
4358,f8dafdec7711e55d6671904f09d33a32761db3ff4abb14844d158ed1403d09dc,b2c1c7fc3a669a3c66b9d9d027982c81f4f8b14b5b9fd65dfc1ff7085a925887,train,False
4359,d18cbfc13c34c371e84b044f041e202f003f655dcdb49166bb4376c8861f037c,c7e8e93a56c898955e47b65db2bac7eb6f574db97be4518634d7c15e28135573,train,True
4360,a88ab09e292fb980506039b4dbd02ec2ced05929cf9fe86b7e69ee6b009c38b7,5e4fc3218393f1d358a4886926bd640ff89458d40a00396224fedd70ecc55de3,final,True
4361,994637b5174c1507b7bcb142d22ac52dddb015037cff43e195372f531eac7f27,d93eea114aa82812d688dcb2c4e106f5ac6ac2106890b05b7d9170e2afc60a62,train,True
4362,3e35f59053c9563071ab7ae40f6697608b653b9a596cd22a89d31ec6790149e0,4e5486834923bc7c8205b9179dbad44a4ed714d994dc5a98f6fa8bd5ba19569d,train,True
4363,2a9d93362ede3ba0f391f498cf7d79b9c78e9faed87d5cc627e311524d9d363f,3f348b73a2209ac419dd6a164405a6da2bd444a4ce4e6c165fb1b24ea6b37d65,selection,False
4364,96eda72369034e72c0ecc90c5faa0e5186cc818f8d6f60a293365bf6a6f2667f,b3d36f83188fd088174a479b0bb73d7dde3dd63371496e50ffb3eb8ad16261bb,train,True
4365,5c740a9d3eea8952460dd91a506a0369b7083d49c3e1a161a025232951bbce68,54272dd27e2ec4d9e82eea3ee586898a6a8b5e41d262b22739ec4e3b50e492ee,train,True
4366,b115c251b1675668dd893e31787c9bc85c94152e03fb54f27b2f4c6ef3631307,ee1dbe68554b1bb9425360309cef19fadc5196c61bbd5ed30cdf5ab21a0373bb,train,True
4367,5a63a428c25e5e071134d63f091013735b38704b9a19e546d9bc6824403c69ca,284713a928b6efd32cb8fcd0050a4e02c23470bc904fa741a843b514bbe6cf53,final,True
4368,dfdbb72d9b79b057462ffb3fe8e268f0a92e35253648d99de842c63591f0a4d6,f1f3f791e80104cc01fed76807d8bf1bcdf4d7058d8459944d5ab30b00512c35,train,True
4369,d10a9cee6289d4651b8af356db55a4ec295d56b10167711d015cf77ddfd9f249,acdfc4bc7160ebf07fab771e5cc7852988ea51633a6e314c14502bc143ae0273,train,False
4370,75af5c67ff0a958d989f1e67ce4f18e97a5454158e2c850159604dec018e4887,28518ec84ea3f2e2777e9db5ce18a3552660ea391e99c228765b3728afd4c8de,final,False
4371,e3f5162d24708f77ecd3ae3c62a3a6d75c13be40d9d34e47ef9d52a22a045077,8a78ae70b56b16113cf2c58f5501ff01a042aed0ee25e2fba5b397e2351992b6,train,False
4372,7e1d18f71dd93efb02f600eba46d11fa756785c5161396755302d55c7aa4f33c,e7ab86a5e79244b00e61e03489f6b2abb1beb433069a987aa737ff2399fc45c8,train,True
4373,43b8bdcbcca29a860512ebec4ef132feec8e1ed6de012a19a059360c71d4bb8d,6c0b47aa9390efec32dd3699dc3829743e0762120405c2c5d530b8d337539271,final,False
4374,39639eced6170caf7e7dcbe390a2be722ffc5a8d6a00e0ab3bcb64ece033143a,1485b2a07eed5b41788ad11c234054c1f1a1c3e5c5c5a59cdbd2990e5cde641f,train,False
4375,a812ad0383ce65ba96ec15e7944ff3b89aa5d1984e6bb4500422f64540a17107,df9f42e8439062aaf4a0cb69f857e9593e6491e618268e7aec9f98d419a48620,train,False
4376,a07f54b422cc40660bd1ff19b18a83401251f82494abfaaccf9e421cda4d63f4,689ea8e49f42df89ef6d8a32d124fa1afbb7378957490bbd94458ff420bef259,train,False
4377,86d34551d169ed34d26217b8500fd92fc538a244fe9c55009db4709c1eb3533a,0e6425fdf1d0bed0b2ed3f4b7acc1275d55fa681a9574f180fe94fbdf3b12943,train,True
4378,2d865add71732bba570c486258ca9f9148b523ab676812a9b5aecd405613bc81,0b638e56eed81d6c2ab944ab0157788bb1d9314789f6bfb7b146ead2903f8eb0,train,True
4379,2421125f9eb392d52ab279428d15b3d82b3c825b2c667090cb9afd515bdead41,96ba39c05d384e3dc2611c5cdf4c05330af469a2ffd927d98267160efcd4bcae,final,False
4380,aebf97dde9970854e0bfeab83f870108dce40fea4037bbb412273fe439bc47f0,3ba2ea13dcbb100a3db733faa6d63ba5b8d13d7e9f72a5c304b8110449413fe8,train,False
4381,efdf584cb9323711b9163e65ca6b911583c603fe1f1d149fc09fb4ca405babcd,7ddd73689034644202c6aaa1f4480d17b3800b3e2e48b00bdc01db2088ee2940,selection,False
4382,b8366b4fd9169a313584ec3e43f0fffafed79d8f81fcc8104e83461657070cf1,cf011f0df929a44f8320ebbb2ba04ed16f1bf7211562079a15b53d671cddb12b,selection,False
4383,749217a401f7ddb2c8efd87173720accc1cf711b2c7d18c49797ce0eab23a9e9,c1393b55bef31f62293444b725c2443c2f5fc836dfd944be771fe5b41b46d986,train,False
4384,0acf338d0898878de4c35f072140a02d829e6ed833d7734155eaf4b35187fe73,ec3f668cb51e7f537368a2b8aea930c195d02176f6573301faf501b8bd345554,train,True
4385,36f913cb789eb8bc45912b6e188ddcbf1dfc5a90bdf44c86816aaed3dbb733b2,60cdd5658714d22e6084a301ef4590a75f3c56f8e6547f634dbf2a8ab3b09c01,train,True
4386,f7fffbe180c3335b3b99090bccab09d8ef79b00d885c12770c781d66d6864e18,2bc2bf8c89ae2e058c45a07eecd6d83bd5513302cf27b63e560e2667ba3a384d,train,False
4387,fce10a74d13f876a6daa95c5f48445c326c9670f7a01a68506ec6ac302494c02,7990fec9e0af084eba0bd79e82c5ba2efb418aea4db40a90edb39874234de390,train,False
4388,32cf666d8fec712be0eaf4b179cacd9562e452bb97100f273137750281f7fc4f,2e31c248a1d010f1e0f86e8bc551343a325b493ee21923c4f4e3c2d08132e5cb,final,True
4389,c7556aa23b30811f7b10546bc3233150dccf3fdb71fd77bc22a9533f1884fc83,1cbcab3aa809560fdac944fd57b72c094bd8a695fcd08eb64108f938258408a4,train,False
4390,375a9833ee91ef903fb10187ef8db0573f15b7e42f03466101147c90b88cc222,0e9b0a20247aaa7d9abc2a387e2825af77ebfa38fedaa2ae420b0ef3cd8a9994,train,True
4391,481dc2ebe75edc68f4b1c614a0d9bab4a2bd1a49bf4368d6ec1078a3f5778571,4528cefc97cd8e18defe6016f2713f8171e8efd4ce907388fce442a9607cc939,train,True
4392,ccf42236002a9521ad3a510b1ef21bd5a7c00324911dc6d02db53d3c33fc5d59,e2e4f7e12ae3e2006b015f56f076a24f6b139ee00c77ec253eb4046380a3d3be,train,True
4393,8dc7203e94a135d31bfefc76f2019d08931c5585f2addee4c0c20cfc96a981fc,25f8ff869b737a58d0c37facc41a49a8c3bf420096ccca1548229c0de79b1bd9,final,True
4394,cf039f1d93fa79fc85fa879d2dca504fd6c52fbed48e647ca46b43a4c567796d,3793c09facb898185d2a251d5f59458e30a1b7ecf9d8025d75716fab8ab7a933,train,True
4395,3eb17ea4f16a7c8a7fa76b6052a8a9d5c5be9cf39977736c541c0fa7c922c064,5f4b15423e24581c16861ab74073476151e3d3d7dd82caea469460c3ea2a5784,final,False
4396,cc79815421f5fcd203b773fee1919f7b9eec2f1eccaa0ece3c77057cfcf01631,925cd75e1d0bab30fd880818ebb11167c6d1c8f7c6f7a8d26465a95041b8dde6,selection,True
4397,4b42ae6299f89ab23dba9eea8f2a44d420ae60e741cc507aac5a881b782e3c21,99318bc9195bad7236b86b373d0b137b4b68840b72845af9aae75bec1de9e731,selection,True
4398,8e03124bbcf1a9593e3bec27d4a06c1674089d4e62cec87baa84bb696222a41e,fc569c19009ad123523acbbf03e5e7b6b5a71e8cc4817d1b05268dc5fbab254e,selection,True
4399,84acfb37cf03f696182dc46fb85bf42334a98e082f4cd6c77e468157a6ed576d,88f3c579c088810cc640e1f9f423c332a7a4d3e523a454e203ee836dd5347842,train,False
4400,18a908ac8464afb91e5858c4c12f6992e351bde70bf932fddfddaa03a5808062,5baa7b4d5e022e62644e3bc58ff0e4882a6f3efe624bb1cce1c27079a3fb8bc3,train,False
4401,c5143b94183ed7ac347cd494b091ebf8d0b6405f245af946397a26b752607b53,5572d7ff4877ef2b98837376b5c3e6edf0e9c0d141a9dbe19fa03de9d54578aa,selection,False
4402,b367acb7b2a866810a226b5cc2fb15ad15aa0b1ed13b4728fb8c103c4f02b5c1,24b1fc2c231614e392cf18fce6af544f2d5e8e9e22a5c04f06e1ba1ccfeac3fd,train,True
4403,ddd6accc694432f04fd8a3d5faf3a0e8c7b742d1cd5c54430e5fd0bfe5053533,3e7efdf92eb67dc82f7f3e2c89e2ec5f19e18f5db370ebd29731260a50e8e3ff,train,True
4404,1c80865057ca787b7a95561e5873eebfe5cbfe795795eaca7f87a3e334d1154c,84d43a8e4d34b271a42947e0dedec115bb1451b4bb076bb00cd7be07330a0801,train,False
4405,faa10a00d162d68ce87103ff28a5a2d5306f1fdbdb2072dea0e0f47982a6cda2,64986e0e99cb58e48b1fa06375624a945b03bfe1d6e2a2b830afc1e21ac5ff8a,train,True
4406,a141c3df6450546826c962740a41f537c3521ccc61817d53016954a6ea3769e0,e11648b842feb4cc668078fb262d54b11a8d2bd47688286e4c9e5d663e5dd90b,train,False
4407,b567a80d5c79ba558a0857b0c1cacd554dcfd0202de1effe4a65baf8d4922d2f,7f6b4900e4e8b46c41aeef344858ff197ef3f491147970fb553c2aa59449745a,train,True
4408,84ab43c28055967aef481e9e577f93802172f6a818910f8474a39fb5459c9c06,2df1c0d2196846842173ded9cbbf6a47b981a01d445bf2111178f38cd0b30442,train,True
4409,930714f60f24b900227e7367c9f6d3c3c114ea173a2fc632d122a04a404cb9e1,042debe784ba7b9f0fc774e1df4c488ba982f8618d25f583b7dfb298e9f92313,train,False
4410,394c19b2c11c74b3fc19a7afd32d4c7f96dc1e3e8593c8dd2b03109a83f679cc,4d2b20e0a3aef5a44b8b14bd2c01f3636a6c53485bcf9f55c883b13b188d4d36,train,True
4411,ccf909b4080795851e1a4bd7bb876983673aff0834a467fb5d681cc1c3d74fd3,d8765b291779b79c92beffb893580ce6e23c43fe5409b9a2ca1d420c7ec0db7a,selection,False
4412,ec24fd26f8632f7cc4f3690fe5ec73ebbdb2005cef184eae24b7c166c78a05b6,17cf291a4259d41515da168a3bcdc71e261193530d27ab2e9331ca5f7aea037d,train,True
4413,9fb40b532bed5e554e2afd0ec9b83ce7e3e5dd9f836d73dca0ff60775cfc89a7,ec99a7f68fe84399c65a1c03e14ba44a788fe6080cbd50c748a1d27cf58e37af,selection,False
4414,a1b1c674c55c680882a1881f931feb61e474f11b20ff9d4f01aae3c3a9474a73,9e78c984572ea00d1b04abb3471e416c0deea3ebe2be290a4d90d7f29b64746b,train,True
4415,371476b45bf4d3e822e7ae6432dd1171a4943e523ba40143c005793ad1c8a03a,e996546491516f3ca65d08b350d3e5d9421a04e7cbf1a8f93b3bed24cb969038,selection,False
4416,8631409f1d95cd1b5c7d45641011a5c10de6b9cfde19b9976796590329a985cd,113fb0ab588a270f82d4011b6507ae765fbfdeb449072740c622911b26b18056,selection,True
4417,e025e769333c33514c11850065ecbd2a42eb8b052cbee4a5631ad0135deafba9,df2217e0aa9cf2fef09b8d20027229864b841601dbb1e622c8f951ce1ce1de42,train,False
4418,3c65ce3cc19092a9ca21537504f792609fe5a4aa4fe78e529ff31d6c6d13f77e,6b4e2b13af916bf445096a38e81decfc3a12aac6bbd5ee1ef7015a07008499aa,final,True
4419,879a9a55a62a398ffdb0d4b77e3468376e477d552a42150ff03e73afed685621,ed05274a81ca4f03a8c42a4b264ae3cd77bc352456f33ce30eb5dea86e0347e9,final,True
4420,6cf5d991d91e022ffee841db9365aabdc34350f92429b21537191a672bb0ff54,f1f045f187091a674db5b0ee8e1cf0ae3b6715e939121944935a0ecfb8201b20,train,True
4421,a3cef2a5e5ebc81d2c5b71e78e920bf4aa46ba563418a7b525a2ac061860ee35,3121f8e12c68d35107ac3bb99800a6b606a8ed82c262fb35c7b50d13faa4441b,train,False
4422,f1a65d05b119a5b3b5de4e77745d5a795ad25f2555b4f28a77d0e192da37fd41,8a1d7849d55f6af4f36159f366bf678d81a44c841ac8eecc0d02f40513a28f36,train,True
4423,c8ff32041d614033cba50554fe68e48849290511ff7027414efe92cbae1a9cdb,9a58b1fa6d2ebd5070d9490fa9031d6f388675779eb87282f1177ee03b7fff18,train,False
4424,61d8b11810868afd8f5a8f808c3f4f3ae4219849b7bd73e21c46f1c5b6b6c532,a9ae569f3b4e0fb61ac47167a68fa91de00e64c3cb7cf8a54d3fd3c6a7921bd8,train,False
4425,e684114eb8314cfba3db460c31bce6c798a0b249697723b31903cb2bcd75fdc8,31b0757976f365e044b907efb2f0678174312d8b8d35b682fbc71f035bb4638d,final,True
4426,b3b24cd034ea279366804325236ce461aec01f43daf51837229deafe814ddb7c,b2f15fcb0455a6f395b0af1a6425e637a362b0bc8cb59b856e6be4cc7887dd90,train,True
4427,f13becf183f9b0aa0a9e70d187e2f185bc5a0d3a34cb3d4cb068859d113aca29,5d8df07c29560be659afd735d1b618272a354cb9dd2c238cff40c08a757fd5e9,selection,True
4428,df008d4b44f95e3da100a3d4cc201ed7ddf7c813fe880db9bd6cadeec7cb5c5a,4372ded2e1939a87ae124f18e7dd590ab70ff5f84d2b1737435c8d6dc687c077,train,False
4429,24e977abcbff0254069b12164c83ef9926ac80554d5e0e0090f211c75cb933ef,ef4d1b351f772c5263ca0af7dc8fc29ff57829d48b451ef0550af2d3628bd0e6,train,True
4430,6c13e7b86774481c0c0c843eb9e92d113dee6bdedf9956f2e2ebee879d85a322,4a6edc0935bf49e4936730efccedaeef0a82a4073e64e210af837220a84e1c3d,selection,True
4431,ddeefb127570ea0f0dd032e1ad01d12782ee1561fc560e33efa92a041743a477,7f947b0c0f5733b9de7581a15d222e51426d60aa31efe8cf3618229a38f46782,final,True
4432,738dedb5d1b5482e18b0341d00c41099b9f10c647ed76131da985083fc496770,56aa95faf70fb10eeff15b18c0c7e5039f2ecad6d12b5e93040a25c44e2328cb,train,False
4433,2ab555846e051065b0f731cfbd8e828995cf762df5c1b90ef893aff55b6ab778,b4604a8bdf165307474b8030208c1b2827b8f8b891ac8647d5f4367bd8fd030e,train,True
4434,1828f15a9a8a0cc36f601a3220f6bfd18972508bc6589e547a2fbdae108fe1f9,353327098f5260e7f7100b306d2c813a1ee0a1595712ad1618e451b21ca787b6,selection,True
4435,3cafa436129ca228fdd58c1c5426487bc226c24663268235da86d2a9656794c5,9f6dddb5ddb73382df82972fab0411950c05c4abe89b13df23a39c74ac720f87,train,False
4436,16137d5b451078548b24700a76b7898df6053d9b49a33cb4070a6b400b62ff41,6d73f3c735b31d30202fadd13dae38ab9e87d8d790fe24b6a20d3ed191a82f14,selection,True
4437,13ad477f9810c6d3d1dd19f020aab9979ed096fd54deb422c07e3316d295426d,f5deada970fbec4373fbb240d622b5d7ce362b7fa25cece207b9c45a6d27ee3f,selection,False
4438,e748c9c75d469f38030812fd505ed0a7b1ea11ed56538b2f221aa4b82adf867b,531dc16b2c76de4815f71d2f8f35fcafec6dd8d98233898fa7437cfb52dafc5d,final,False
4439,c046355af129b7e99366d125a554cb49754e7f2ba05735edbc151dfc130b4687,0712675841e138e6943001b8bb2e4ae4bc52dcc5bfdeaa5697026f70768ff07a,selection,True
4440,f21cc96a55bec29015f16158c54d32e32bf92ffa307d13f754b81d07a17e0c58,e09a67e7acfacc9ca182fd275e1cb9eadca66a15515471cb188e0d1ffd097a42,train,True
4441,b7a4af4396ea341190ccb9ff6d3c70008ac1ef8baba4f751c97ffb34eca9e94b,25acafc6be48c4b7252b71ad16b74988ac8284705a80b1c1c7e05309fedf9ee7,train,False
4442,2b0ac0ccb6e5540121018570035502259245740e7e2eedd8fc9798be5a1650f0,f1f2b45f8cd29e7633a0bd6aaf7e629074204454b31bfd170001d5d9777d4500,final,True
4443,1068c934c502b2eae2bc5838ecda49a873dc3f544eabefec258d2da6ab94d55d,6a70e657ce21785d98b619d93fdb8823b3b5b38644dd75e827b7c7a3bc665dee,train,True
4444,1128c8ae8b18d71ea7cfa65104528315186389ded564387d4bfe22fe8a4c5d6e,19ec43e074a214fdfbacacfbab9d033ef6d2ed2e7c8bee57759602c509f0b47d,train,True
4445,86a4f2f495ab2d76d12d94838f77cdbcc573b9be1177295ec89c01e1521e5901,7eded6a75ac0515c4496387518f5160c31b20a86d6ec447d3318c9195a0ef00f,train,False
4446,9fab267eaded05cebda4ea652cb8ef2a721a8a9dc39e3e93f475a47120b8bffd,42622e32f084bde577b3fb1a22f39bb48773d677c900879010d44759be12f591,train,True
4447,ecad55254d63ab1c427def0a750d3ec01bfc5d7850b75f7851fb1a80d007b64d,0a005454172f2773cf3a6c2ac8c45f89c15542f5dfd0c8c691bc2f1862dc145a,selection,False
4448,27979f3673d81c9be97d3b60ff6e8e69cf06bec2b19c0f2f034b879b50dc963a,f6756eda8a83671f74a7f0d719aa0bc62aeca68161be114e2e3a2a9947a0c768,train,False
4449,c0936da1255c71ed648b8875874ee9009d823dfa5830d48bd641e6f081df06eb,ff2332b7d4d668b7f39f9538cecfa12b608e23c37a3ed440e653d0d7471adfc9,train,True
4450,85f286dc3ed4b18c219255fe929c7d1c9e31b5b975eab96908b5d3d9e0f9126f,c6ef9ecc44df6fae406c12bc7249eb52693c47ccd31c65ea66753c1cf1caab33,selection,False
4451,cebae2652ba12ff816d72cce22233d496ddfbfcf022e34bbca209cdc76d454cc,8a5e1291c7f06664a47d3e74704128f1d21085f852490cf7681799152b699c93,selection,True
4452,95f3cebfa122eeaa1b62efedc64ac839664fdf76ac41b8427165e514ff1d6644,c5c32d45360abdbd7d38a947b7114e753c427048f2d0f91bbde4cde8993b16c6,train,True
4453,b3eeecf0fa58d8f835b77463d3d62220a7aaa1fa70274a171bbf71d200fec218,e6142776a34b531bc93e459a554f43c3b91ecacfecda950c2fd28d0ccefadf7f,train,True
4454,b584b54562ce7ee8162abb67abe9a7d65e2249ca26b59f40653dd61f41d3af8b,8076b671e8e1586ca165798d35e2a87aff48bb648f1ac23b1b45884ac1e1ba3d,final,False
4455,d99ce64d8c9d7584bd9ecb9ff34ae6f6db301f51d8b554f8ae1ff1904bad06db,32c99e7e5d59c93b764a02d364ebae3a70e3ffa5a96f76bbbe97190ed015ae7e,train,True
4456,dad4a6bff57025353a5ebb2a58d5f6f02097d5c24d9065b73cbed3cba7dbb47e,8b38846d12b2fcbdcd6b23e0881ed00ae04ddb90b3abc301c762a77287ff5fd3,train,True
4457,eea763065822f11b9d7768db7ac29d87c0bc756563f3ecf072066f71f3ae3c03,d2ac215738e744f125b76cfa93f594e13c7c5e6a9af1e97aa542190b1af85111,selection,True
4458,495d1f7541d30ccdaaddc74d4576234ac2425e4c381590d25eb2e6fdf77404af,e88aa64812c3e463abf6dd65ccc70d3fd91195108cd014c2a44122e3238925aa,train,True
4459,5e7a1e9e4eb01d11e561b9f4e7082bb616271bb5c9394b1df3b4c880e804f5fc,59383805af9ee6d9415248f6964b9ce03ff78f5431887691bdb00ae1b429336d,selection,True
4460,15d1b7620a0eaaf140407aa7b08ecbdab15a5243edfe00a89b1d248432668315,4b100926fcb66488e731265e398a9bcbdc692b923c65e0747032d296697f879c,train,False
4461,658e26d1960eec8ff8de7abf355805361d1e2852e99b7bcd104abb5231f94b14,21c6d16fc5b0c6556e4ae1f91c2a48eeec2ee39942e330cb9ff36257945f62e9,selection,True
4462,89913d64fd08578268e7dd87c610f2c2b44ad25941e05cbf42c4783c9333c90e,385670039d02e9cbacd1408a719432735ca6f39535d994bb3a97b7ba0e1f53c5,selection,True
4463,8eb673ef4868ed65656a2ccc91bf0408cf5d8aef6b925235eb83cacd8700479d,734d002fdf9ca5434b5e2779a6be637234217228c24879ef403e5109d98fb5db,selection,False
4464,2079146423cf117f902e11b2f7b91375206ea699abf7744c514c3d5b4bccb8fb,18f2e49c290c1290c030fb8758adedb1cce97f5e22c8c8606a965c204a1f138f,train,True
4465,69481cb246ad84766833e079c276d06193421249192765f3c79b7a96adebb73a,e63befccca70cc181530e9e8cd16aa6ffcc82bac19e924e6006e8cda8b324b6a,final,True
4466,6178494032440a98dc5330ae3f039f89f3f585ebb7691045a7770de0ee519443,c1c2ddf6ef7d979dc1bd3dba96c89bd67208c034a6ced03fa802f4de16141391,train,True
4467,fd55a2925d600b1cb199558eeabd8c8c49410fb16d58583693b635d884bc60ce,336c979542fc85c079804baae2a3c0343eb1e359bf2842c9f93630e6c46bd8fa,train,True
4468,6465b81538667856186f907b4e32b8e9011a2ca43c8386b93a610183777b04ae,cec9b3fcfabd728bc08d8e85252f41075e70e6856850e3d6ccddaacac46f15f8,train,True
4469,75822307d2e44cbf68cca65323ab159a7250c445847c0fda8c06e20c658cb789,c940d4ccf929bd672c50aef3b05b7ac138ad07179be4cbb2165aa6b524fa49df,train,True
4470,12295fb8ba22fb275ba192ada4fb7c6d7db027e0d725278e834b978181cf36c6,0fff6536274b012f6abdc34d667ecf49c3d4d9cbfbfceca1ad6ac81306f666b8,selection,False
4471,9ec35c42eecb08189f7877391e79506e696b2afbadb81d6cb8cbaf9471ccb29f,4ef85df71d4e271112f44315cfd757fda631c1aa21da9ec656511e2fd902a6f1,train,True
4472,dec6592c5750a0a45489bb520d86120f602d410dcf1f50d8aafc276282121264,e52df14e2cfe8996e14797ba3022a4f8f24f31c17ee239cc7f7fb631d86347d9,selection,True
4473,143ed673edab705ad7a0ab6c953e5674915bffb62d0b1e0a391c67b6bc29914e,892366aa465a8f3e3fa91274ccb258685f7e35679573dba0d6729133bd05e2d6,train,False
4474,f03887dbba14429e327423bfabab32341a0c31954b22680a5d0c4e9e2d889f6f,e313acd3d551acbeaba49adcab95f22b2c4526444bcdc9d7e8772f42833c7ec1,selection,True
4475,ef75ca7eae60ffcd75117b84127e6df5f8b1e8f87cd084116ba82fee0d19ce87,00abffe623b12dde1c095620c7adc3ea7ab9f7aa589267a719f43b51bf3068e9,train,True
4476,cee88c9b91e01d6f69cd85cbcfb8c3e45e2f164b83554f7ceaf4962bba3656e2,5e5c32d59492d76376652ba11dc6d2eb6ca172499216bdaab2e852632d95cf69,train,True
4477,5e0e7838eb5374a7cb37a3fd637c5fa55ce125ad4f5e5b6b36da82c97cc3b5ff,2ca44e8c6cad4e3504bde7ae90d1b6c0bf8d93fb8134fc04b13774800d6b2b37,train,True
4478,5e3949a8cbd9987ae28e6a81c289f84ccef8b94e146461e8ea49205464db3a60,0bdba4c956cc2b0761982371babbc786a36f042cda3ac30627b8614004b61111,selection,True
4479,5f360fb5b454bd327ef5a2e4e4a37b237a683cc2d9ee82685a410374335c49f7,740c83865ecfd4873e01ffdb1efecf78d5edede3dcdd19a04f803edb6cd0fe58,selection,True
4480,d227315ef68a721cdbf6f84bb2f0c3487c1a38904dfe4f430614ae9402471067,17a5e5b7eac65185ce1cee83d2ed35232cde4a1f0e272d0af8e4890476f00a13,selection,True
4481,d7aee88e22fe6fa6913c73a72d80159dd680418fe94a8fc946599bc5ec0d14fc,09e72def5e4a09610599322058ac0f69949010bf675942633235c557b9c6a0b1,train,True
4482,4bc273125e939e6e5276f3c214e09f0bfc06397ea9ea2c686faf595f9b215712,debfa4522e96eae94114af52a56903999e106167884c321d20bdeeddcc82ab2d,train,True
4483,b0c69ee4c7f1d6f450b008398fdb2ee4e6347e5e0500354cf0cafa90f5389ac9,8d69fa8b461fdb26391bda415bcc39b2d6e9e4c09568e37bfb00681f20d64718,train,True
4484,2add558a76bee8ce3ab19f033b913155700c0298b6379d9980f5618435dfa294,60f46338e9ddda1c0fda02cd38f40c0de539a97d61a223c77708f40dab957938,train,False
4485,c4b8e683fc96aeee75fc3165108077bf0f720febf6581e58823de11cbcabde06,95e964846253ad1b2707df74ac52de5c7e8f7481fee6b8d6a3007d239b974271,final,True
4486,4e50404e16810cef0045dbdfd8dcb86b3b3214440f82fc83b32b618f7fde1048,54079bb2c0e953256e1c9dacfb7c35aaf39b0c130cb502eb91635d695a77fb1f,train,True
4487,23188ade9d8f7a35e5101d8f9487103d46b0de11a353e082664e94d69c2ca77b,51b694ee5c2773e03e21de215f71dc142a4d7681e2c33fa538633ec668977362,final,True
4488,d6a2e95c308deaddf25d18547bd24ff9f6d8639249c1ed461c5ca01d7b85229d,07993651e7cc33712cabd9e171f51ad12e2486e0c2db4f3d0e4752d7d0c8379b,train,True
4489,9a11d7502db838cd40cebf3f61a0a4b1888968c4b60540fb3379e32a348539a4,ef8286f98f3b566088f47d1aa77a1f324165ebafb3b505067a9ce347cc1b001d,train,True
4490,e7a282801f2848245e5cde4087ff206d45afcb996e82c726622120e95d852137,be0b18ce0078ca2e9658ff7ac5e0df4290653422face8319fd8e9dc93e7c4928,train,True
4491,8390e78d6d133d1269ae6aa7a61d3f84db50c03e822ed7ea4ed3cdd24a871d80,f6e70bff9705889127069d50b1e2496201f82fce7942879787d2c0288f084ee7,train,True
4492,88bd8ea761b84bd7463bef11debc6a68b31432201fb804e447f1724ce1beecd1,64793d3e6b58df4cc604ae9ab756e6f5e561160b3422963d41868b95e4042115,final,False
4493,f5ea0d3ae732a2974a5554519bfb64e1b52c8542cccb3fc3aaecdc8d687b6220,5206671c44d3e43be29d6adf30f95300bcd5e78a9872c3fb32ddc06429241490,train,True
4494,cb1ff48babd2bb214f2801be7e05e9add16bceffbddd40dbcd3b06428c51fc8a,f79614a35e62827d23506b2bcbeaaefb9481d4f3a77f852d92335cd01579c714,train,False
4495,b6f00f5db357de3162bf890a6fa3622992722e103fbe63fcbcaec49af7717e9a,6df67a024b19ec8da5940b103038ab7a047a2eed1cfcc8115ddd0784828f0918,selection,True
4496,54b13b729861e3504a9caf171ae2a477c19740607e74e3122ce617ce52f405f5,8c67abd254de6fcc1f3b59d1f8e30a8bed6152a43a737ef6390d849f8ccfdc7b,train,False
4497,bf51b0e4d333d612828d5019a134d1c86ac913812a95f2e6c932c1584341128b,217ba71d8a193e26c38e64032744ca83e5f051f490584bf5a07668e41d4832e1,train,True
4498,4e3aeb5d583da34c06f394375221513b92e68008ee3c3618d0d0905106330be0,8ed6426f3641252812c7760e5d55098b6c54836f84b6f0c4256531bd3911a105,train,True
4499,35609c84e335f08c9118c798a8343cab4636c12122b2bd2bd89394496acc0576,7295cbfcd77c577ce39e422070556bd35408e5d61bd5ec22016d5c9c21a1d9ee,selection,False
4500,2c74fa897ede357b2fe62bc6ac17ae4abb0206568a5ac4cf4c06e4acb52939d7,be57b47b25fb96fe1af790e7681679329139c345106d91bdccb88f19f763bc0e,train,True
4501,f37165e8b08c63b7b5d9333b0dfe7b8c595fa9afefe4d7b4696b557c2a20ce47,079263529099d10a10454933d02a40e261a4463c57b721b1b3e967e4b84a9449,train,True
4502,5315c2f830027b47d27e630814cef3cfbde2f254d5cdfdb8189a2a92c0173934,64f53c4d4f4943c60fbbc1033a6bd470886318cb068e5223ee03ebb520dc1449,train,True
4503,0bd0b4d5f5d1600e7bd5fb2c5f456d0c073aa92f3c7bafbeb08c83901269a3d1,def1a8b917b5135cfa7949b0bb162017869c54143c2e17cfece23822dbf394fe,train,True
4504,228f082e6e899567b2e420b1223e87052ca41c7a214b51925be6e9fe350c65df,0af25692621d00d312f977a67b8b3b87849fd5cfd4acd819b366c7c4f431359b,train,True
4505,5ad808c3c31be7da609a5b62d6095ec71ee647bcec012d3407006671e9121010,6f18b2abf2eba65aa4f722eb54b302bdcd1a9e9f339df5eeee72119699d1ce38,final,True
4506,a5f22df7afd20a3c31d540424ceaebb2bba86c3d2b9503cfebfdd6f34a06e397,bf4516a055a163b79156070aac45c6f3b332d2e04a8e5939366cf2ac10b0de7a,train,False
4507,a11159558f30fd1fffb6fa3ece02a060ef3f7db341ecb6e572454ea28a29d21b,5b2645229de3f6f05a7583c7e6e3b74ac0a4b3fea9eb8c92e04c079d12155127,train,True
4508,f7d23e69eb096de373955d969a81305e80f14e05ac42e7ca013391bb85f5c366,d31d79d4ce2992a544b8387a0142449b8b32e7c53456e756428a4e3c34abfa6a,selection,True
4509,0b252a90416d4ada77746eb0d92242efb64eeb61aeaca855097da4d923dcb26e,760287519d41232c94869c063899caa8f353baa5c7ff8203b7bc5ae85bf55f88,train,False
4510,6c840f9def1a6e834f838a28766347c11146e41c7fe3812c9639d5edd22d3977,10318b07912ade5b65d63d014a73ae165a2e0cf2bcd77b3626e947fc4e771099,train,False
4511,2d6f3293e68ed1ec278c7efb7c108709513b844475e5721329c6a0926f21685f,df5c0d68afd8a8f3c18762746e49d24f59dfc7540116738a391a5468085acad0,train,False
4512,f1abedc312a3bb5fa49b195a738621f099dae71bc40cde3e97107ae62432cd96,b0f9ce427fae11837cc85f87b91a3c2511aa2d19622c3eb923e0624360d42d2d,train,True
4513,eb11f30af12566d59d8d924d8a941d54fee4e8b4426f9e546eaeffab8335a35a,6cecb1dffccba8e0e0f88f50767002fc9443e2c1f65259dc636631eac26cb1fe,train,False
4514,a7e85c3f2803306b04dfe39c21911821ed8135aab2be178798f27b555f663bcb,64dee0875b11cb3e3b3dd830b3eab63015183ee850dc3b88fb7ad583e3d5741e,train,True
4515,f5a848a16a15a04182b912983e97ac918abf51c5cd62abfbb83225319d3f1106,97b86fead337e4357b20b96ea58d8fa26bd0c6711531e7d512ecf882f0175ffc,train,True
4516,a5f3659670b39ea6f1d61dfa05ed6b9134a77ce3478bc70b64ea90a9fac9a8b2,f252301040ab5dbe5454a1c8693379aaa4ed16ad43df9f650991a96c0e517d20,train,False
4517,bc93f04e49b93fb6940f52a2e14a5bae746abc88237c5c0c10f9806ac9c952b8,9f5fa78034a7e2b9724e8867cd4a6c98074aa6c7b44546b2355c1b4af27ff8a3,final,True
4518,3eed2cd806d17bba7d45d254424359078b55f6f5af5a94aef755e53ea2088774,2981e65f851dcff0afa69d2724e2c1e941c9c373b22127f8fa7214028a37ea42,final,True
4519,b7d6859c681ee45df77324907772c56ec8c3be583d39368ff01747a8e1f9b9ff,d5d2f5fc222d6c40ef41f0c071db2b1721f712092570f4afd686c75e67b3c383,train,True
4520,4e6c044268ebb75f8e9c0cacb4762066b98db56d63f7d9038d359ba3926c1548,0cd7c8e3ae5f329912150282ac283106cf19f049779c5d5f04f92ea54ad4936a,train,True
4521,87efd357cea15059bb89740e113f3108bfbc82b72b440c250b66940dcbacf547,a2b709d25e292bb2b856881f786404d5ea1419603ce059509a560f976a2d1d03,train,False
4522,e2420367f62aeec665976ba3ded33412625464d296d9705765aafcf1656c5beb,ca048c1645eea3f7604a6182277f86896f4dd71711bbe6a2c2c5f2f9910f0f6d,final,False
4523,73c80af4147927040b54748805ad8e15f9da91e4c48f186296ac36834c5072ad,e60f2751c3270d1f8babc7747da4fa99f9cfa3974d1bccd501ff0b2e2c66ed9f,train,False
4524,8688c5d77ce9b38e0d2b64e9133550293c660cc2bda7970c7baed1bf0e9b3717,3a6e85b8a69a5a1834c1d00f9e256b2b92c4172873152e0e613d4c1bfa22f483,train,True
4525,02fafdffa192841b7987c7e9a3ab226dc226da7a086da2816be3e5b23d999f6a,833225bd8c4d4f7f9b0604dae7a1002664e97b01a0e0fad633fa2a56bca558ab,final,True
4526,1edf68b5c7b3690a5b76b2bda61b9b0e7851c76acb79ac72054e5182e618c87f,17c81604c832f11b4521b0a6025c2fb36cf193b5496160c213446a4fd83ade85,train,True
4527,73f95f7c48a9c294490175be4d41dbb62e2f65029d67cbcf555cb7de1b46bee6,37d365a9a85e15266817aeb94b6b261b076822406643da7fe7cf91832067478c,train,False
4528,ff9daae28e672ff533ec64cfc2f01d07fe92740e2ee8e40f6e7429b2b92782b3,1cd8a4432ea895bba4e7034dd5ef39363c2edc0e0746c056408428e760e8f02b,train,True
4529,3b90a6952a78ce0c1a4d59983ed736094fb1c2bfc9fa13a3ee7c4e50c37efbc1,970b7c73a745e7cb5c5501c2c089768a6055ad33a6d1f820ffb906ad3f865a6a,final,True
4530,4dc221fd897476de74d7c2e0b431cb800465a3ea8f2485e3e33fa719257dca90,876c92a505d8104bae91859a2f1ddcc926a6e81d98b64b7cb1255df24a9e3815,train,False
4531,bdbee64d2cf2fa73fd0ecb3ae5ac546ca2d5891f951dd62248cec69b11f7bc40,ec780043a7814fda8049c8f56837ae32b619715c6f03e1c581cf01b7205e9627,train,True
4532,abd7e34b01feab95227bc83cfba46046bafb4dde73cc235d9688b8a9cebbe239,4a60f24eb0fda4ce708b5f4d9e3011fc37f9d7e893aea118f4fda48c80025755,train,True
4533,f9cdeeccc9fdac1ec7620f5d2530bbefb411190ff3e12edadf0af0e6099e6222,6aeb70807a3ed5f3f5bcf3d91575f2099bc72cc6605486a43fbd07228e4a9495,train,True
4534,a742c170675baedd66b01f5f58025c03991285a4bc531d0c2e223b3c646121a7,f3f3d8aa5984ab88315acb1b692ac0b6b2987e1e50aadaac2cdc49ce742af7da,train,True
4535,9b6e435f5e3485f01d0510ea245b2ff44b7754e70dbe60c666aef29c92ea0f55,a0b05e017a2b29b8f175b87ac28cc2389a0142c9902f45ae6ff5139728ec4e9b,train,True
4536,99a0ec6dde380cbc837684f48264f98c1814318e6d5d1faa64ea32df016a7334,7221336027507fe807685db0b72c39af6e1e60a55adc6f0cad20ced16036e5d7,train,True
4537,02424f0f89ee09f61728240045fadc24e4c18bc42423b2958aec0108b4cd48c8,29261805e1bba6799bd3c400bf9ddc743a7707be199d90b581ed75bf204fbc36,train,True
4538,51f124dc87cb365bd79ff9d31a75491952ca36ce1fbf870a9cd551e9795acf06,0fed5c25e6cf572d2f60dc9c1cd70b5a1fcea780f221da94a1a5fda8099232f3,selection,True
4539,20b0039acdedc00d409b6991b73a2e713b41d351252019cdf002af4b000697b7,f02ebd703a454807fd05b13bc0402ce7fadbcbe13f83ead6b3f3273bfe2d684e,train,True
4540,d49cd7fbfa3bccd1c28ac31fd653bc06b7f0cac723f478fe4adbc64a758a0fb7,b656951efa8e78c041db86a9d7862b0a82af5d5a06086856afa47e0d8a6fbc6e,final,True
4541,34ce3ffb4694df8287057fd02a078b35d550f4a5ad97409e62faddfb048825f4,307115805523965575d29e1dc38e82d146db63bbbe901305b3ab1ac43ed934f0,train,True
4542,7cef2c842e63df149d5f791fda200a9686bc050404f7723f9254be6d218f75e0,0c80764b76d1ad2fe1152ffbd8c9db07a9a84e299be8badbc4b8c3ae031f74bb,final,False
4543,6f90ae345163d0544c83e807bd89a762c1eefdf6e7ea4722bec8a32a2f8793a4,3ae7aaab6ec6048622632d5259dab35aec31c7529d3f6e8949f4863cc132cb3f,final,True
4544,82841d34e9f166dbe8f59bac446630a30d39a27d576bc254a31fb3dbafb4e16e,eb53816625b15c4e8c90e0dc36390f0cb0828c576bac5908605e8688b5a9ad36,train,True
4545,b3c8a7852d23b0dbfde142349dca9f24cffb5e224433ddf40e929a2d1cf06dca,38e7fbef9839818debab002f65c7bda38ce86cd86d882eb9a4ba11faf0dbd549,train,False
4546,bd4cb75c500515bf3bbf83149d43d3cfdb7d46ca7cb44512276c15024fcedcbf,032931fbeec7539e2d75eb8338eb0bfcc701aa9e4283f9af74ec2b975e2fe96d,train,False
4547,c6ca64830ed9234552b8490e0cbd932a6b20e0c98c876f16e09be04c6234be66,6afa35731c24c752dcf20d8db81a5d3e40e180dce18af0a32f136a1418367eda,final,True
4548,d1ce006aa6607e74efa23a80abd089ddaa58008beacf3a01da87ffcbc59b5496,59b4f8737ee99ce8e48d7d457f2e092158900e217628cd4fef032f64ed5d774d,selection,False
4549,6079b0aaf9283bc938cf771ba31bcb61a8fa9767ab2d4338b904be9817bd2719,152749bcd85fb274aa513bb28eb5cdfcb80eca30262482318cf64965c565cc2f,selection,True
4550,98032f20c49eca4cb42c78c0fc953ef896d3e1f3f417c5ff672e871f825fb71a,dfa5dd2423fd5f7ea6117170fa17014d70e060ffd6fc89d564c33f2b087e7404,final,True
4551,0ccd2413f1023e3cb984528f550ed8e7b7623dde429bf705d4cbbf9af4368aec,0b0a72bcbbf1ea3a3907ba0ea98e1e4bb6319ab52782e65f92f23733b6d82466,train,False
4552,3830c5b8e6d54c2827bf1ba652e1b74963f834647e1cb0d3231caedae9d2f168,cfa75616c8177bf5ba878a84c1c20650646abda4bb076db71d9f1cba5b754d97,final,False
4553,889857d30e939a9131acbe72fcff900de3193b17612895e322cb9cd567012438,728ac9e5a58beafb824425436fd1324ee5fb81a40c9d9efcf79e23670bdeb06d,final,True
4554,bf3a359ff1da2a4603ad5a6303a81b3dfd3e94d5fde234e9b2db54fbd0c9a622,cfc2e081e3a28f1145179dc53b2f7e8eb198bbd603eb1a8d456926cb2746e11e,selection,True
4555,06c669befed1d3716cf1068cba3782d18fe31a93d02d5000cdbd32fd059b9347,72f86f6a3863ad904f5a6d448252e88d0a99fe79319471ac18a95c2a0da656e2,train,False
4556,4f75f76471a7440baca552b3eab1689b0e0e73e60bdcaa5d80b82608522f1d00,46082d0562e98b5ca45e48fb52b60dc26ada9d3b3d6ede142942c7a14313c2c0,final,True
4557,d0468753cf8f4e4d9b2ad866f6ff80b4ed8092d250e18f2349618e3ecdd1f645,bf89488d9862307b7fec5d34f0416e75cb5b7fa93510014f9ddd6e4f72a31731,final,True
4558,4be049b51caa204d5132f9639314671d98bd795586eeadc06fa3f7a767bc9e9e,f51e5e2e089880c665c768b2c5997f6fc57fcf3cc8d540ba13f8b70ec47e6f86,train,False
4559,f45a45bcff9ea0ec3edcb7a3ce8dcaed936277c1261a97e7f037f1e601cea616,255947a96cbf028a630812123cc96ba4988301a15ff3acd3b5348056bd884bb4,final,True
4560,41779101894a0e39c4389c42471e7a94293563cb783abe6e7a2f867961bd793a,a5419ffe7781732b8a14ea10607db08065d50a5405f9d22eda6581c105aca804,train,True
4561,ff57ec29de257243189f82fb0020eded7ca3c4114601bbf5e25aef90a2da2b2a,44405f974315d222b65f05c150d418ec99350cf330e1492440de4218c7c89f60,train,True
4562,759e396cfbd24f541834a82ca68c0a9e0ea26a022ae95c57efc16b9354a0c4d6,1b765e79d72fad0b9e13387bed47c439b840de74dc97b79965f821f7aaaf6a07,final,True
4563,7e615a963ea1d5bdfa54fc1d26dd3aa2bebb8dea7587aa5b5a53165dd5054ca2,5e8d994d10874ac4e4bd6afe07722a7fe769c67cc7f2d44adaa9b543307c8a6a,train,False
4564,801f1141f5b91d32f96e783beeb551650e0d111bc1d7ae3f668129f404230690,818310fc5954dd8209184c2ca11ebd3d3eed9dba42c876ce473b8bcedac67a1f,train,True
4565,b630a999ff65f98d1b84ac13515d2c94558f28a144a55493b1b67ce786ef69ed,a5171262acedfc0da58e1be6c193688117039b6656c726aabb2ee05d55eac473,final,True
4566,79e3d50f1761dd3d4a232f1ef111cce9e2ad75d3ea9706e9ec67da75e1c26ead,91576050e8ebc36f8c0a36828f4ec6c495f6a58015ef39cad513d04459b36597,train,True
4567,ea4fe57f54586aef127b4b68ccca930844e9c0e92ea5ff53f31153a01024e47c,f4976fdfcacad5eed39390c1059fc1bf5d0a82e98ea7287537894e68647c5688,train,True
4568,e4c3e7dc51b81e907a85278bc2805031eb6268e43d473321dbc52b337983a21a,37e6732224184fafb57afeabdfe9055b715dd13e586ab0196bf2e4e19a3bfa59,train,True
4569,4ed3c032450ca3423e7c416a4d7cc7cd0474b11427a502f1e15f0f4b7f7a0e26,20f777b5df0f77cb359f9cfe30354a54a6ccc5144b4a5a07cf444f34fa39ab0e,train,False
4570,0897db337f8df883fed32b2ddfab97acae98aadfd3e2afc0a376db86b7fe8cd6,20cd6f5c7e69bdc864d899edd646a60c5ef5789f38bdfb60ad8fc0e0c1761cb9,train,True
4571,e533129d8a19230ca21600eda1ec4fa47b4dad5d89d2100364224df77743a9ee,c5a9ae27a317e43ea2f4747a5361e3f7e1c4f4bce357a438702d72940e5f62f0,selection,True
4572,8988641eaf55ca314f3154c1358652597f3dd5f6418b5b192628916522de20e2,371cb17ea1b31a3779e95ff4698cf92c7552dec0eca71feb690a69921b5f9099,final,False
4573,e75cf95184c4b0dfa5b92e77a08475341066aaba8f6b2407a1b9aef2feabb9ec,5ca21567ee60f2b3a99637e4fbffe98e574e0743b530428da8ed757e6d32eb24,train,False
4574,c69ca866527a00a3d45be4a59a5b86df1044d15bd7de2b98728dd852cefdb58c,15772693ee40a69e5e2f9a0407a0f222bf8dc0150c8e3f743c0b49e56a9eab7c,selection,True
4575,106105e2132237900c963bfcd3fa17ad9d6d984def6cceffd0402b023f11856c,5c14ee44536d1545a045ad47ddda8b90bc4537b7ffc8c3e622381da723df45c5,train,False
4576,32acf74314726bff9c60350be6bcb2c8ce6ab275f80dfe269ce13710527ec704,a10e4a1ab411232de3b5b87686e44c232edc57c8723dc3454c6b82b3b9432f86,selection,True
4577,13af05838d4ab904e5e6707197c2cfa1cce60c96cef1859a2249527b36e20a5a,f3950a620b1ca51c29a9ef86a1122cdbedc732886bc370f85415cb1829208ee3,selection,True
4578,0fb787581cf6f24ebf13ac58226177143acc1619c4a3efa1f48a04b1af2d9e0a,023b9fa52a1ac58fd08376be8dc65d98395bad2378c6c24ff8d3582feaf908fa,final,True
4579,355976dfb476fcc07ccef6df6e6a05f1fafe4d235d336fb9c3e58ec079a46bbb,0c64066d38869bc62158120205a5cdb42aa90c97955065adfbe8af55485ddea6,selection,False
4580,39ccbf074752d1ceaf513a49ad4d6f41a3851fb602b60ed42406c1f77950b6a3,90193d8145c6a69a683c74ded7362242b5dad3b5a6404f8f9644f59a74c55d66,train,True
4581,a443037cd1dcc69037fc4167f35fcf47572e150ee503f2a662b6827e248e314f,0a50c716515a20996c9531dbf9bed6c14b58ec5f057d0e666dd2b4c4456a5a99,final,False
4582,9910684dfea453e89979b6d8728c9acb24c347f69efdd9da32c18d359f5d09be,9227c5a4c0e0bda88901bf1d7e35864f2db2447ffac662ac2dac5759471a8fdb,train,False
4583,85feaa224d2a71d7cecb98acf2b54e92def0d62315567f7ddb56b08a0c7f0149,c71069d71c2716df664892e339539074306196471571545afe0f4d6a26430240,train,True
4584,009080b4db2efb4151597b094d655bf39c531bbe4d0bae921703767ae6b922e3,55c9b07ccb10607ab1e4659f49e1b5654966f95f14ccaab28c4e10c917db9ff9,train,False
4585,7e5ff0d5b66d2e3c99780cdec784c4bfb15c5846a89fc76ade94354dc2d3ef45,27c528d90f8e172106bb2ca13fef2f0e123956116e1f2edca78ea817413ee71d,train,True
4586,89d3d93d86d6d13d8a0bd825050b462d7cac10e761cecc561b18474ab7b3c93f,04dd563d2f3e179f9a50950f410d5864bfe7d182014fe5d480a84e411b55cea3,final,False
4587,c2a943bee5ce1abaf1c89ac0c02762e74e8a6ef3db6f68ed6daf357e5a540a5a,c0d84309eb5592e7fb1bc28475ec277b8eb7aea0f35e1ef299b0fd5390f490bc,train,True
4588,5d4b9de7dc368d1dbdc25a1e3b1b7195167872af2445c92b1e9f3a5efa119818,d3f6466250b22ceb0b34ab1f4666d793a04ba35178c1b2a8d38d3333083befb5,train,True
4589,56bcabd2cca3fcaed10b2254419081e63f87d06566463c6e97dfcd60c080065a,a2fa426f795120ee685c6fe1ef566c5b31201baa91092d60ddc52d2d652ffb68,final,True
4590,1c71dd5bcc09771a126aa3783bee3db38edfd4cf8f6e6ce4852a8d7716c13cde,f479d13557c95e0cc2ab8972383cc2e8d0e6a438b4eb15a6e88deff575ee072c,selection,True
4591,272dd58909d3a996b0167995c0c3bd79e6b3fdc8f4808a18baced8f8a2b5ef7c,0d7477fc9f33bd83bbe4942de8439e7d5c63e74957de60b579627897f0c548dc,final,True
4592,092420f6e6072b49606e6718a947694454c5598e852c91eebe8d26907ca291bd,66393b74d2a4e769df69c6216381f2f110bcda799004d3b22b285b4f282f5356,train,True
4593,5b9dbbdbbb7cb655c3d5f92db06b3c0c63fccccf895b289884103256c71a52c0,5b739ae13b3cd85d7440518d8e86b176b91cd74470b590767fe634fe4b49778f,train,True
4594,267113c108d5ca1d71be8fa7757ec90e599d2848ccd8c1fb72ccdfe730c9d7d1,73c7a7ea7b7fea49d1f36595bb17afa952d9b2d450526a863d260b49d8c74c7c,final,True
4595,dd81c5a13d3c43c12d84fc27864047237954f859b7bf1100068ff9cb49ed0e81,7eba6fcea52189547709dab6317a87b608267fd106561329dd31c86f4fc57af5,train,False
4596,285b3677d33f4bd619eb37eff24ed15889f62fb1c514ef07336dc44721fc42e3,0ee8da3c99068b23cca8db4ea5e13e3c9918dc65ce35742a5dc419b3ac19553c,final,True
4597,9392c869c54fa98d04090ccdf20c5a086ba5d38576ff608c9606a709803a64b6,799a131c2a5938a07ae65ddd56445865913659edd42af40581ac319ce08dd7c1,train,True
4598,e8bf1b3f0bae1dd0b501bf0e6dc96db6cda24b02d3ae278f20f1402c248c35f7,39637edc2dcd407091c89b7a399ca52e0618b3eb04b047d5a7a404200a6f47df,final,False
4599,6914acd02bd437473612487a06a8f3f6b927755f2835dcbcda250deb1ef43e57,9464217059ab996b6a682916636808f551b99ed7851f451d6fc3343e985d0cfb,train,True
4600,2986608ba821907b41706173409bcc8456d92352da4aebaf8c6ce533d0596900,01d3b15949ed5059beeda38ca0b1e118ed4ac0afae0f49ae0e57e4d8fc39d490,train,False
4601,ab617c9540fa7f5147cc3d1dc2ca0699f4f5f7ee80e624fd6e5e7f78b9f30c57,9d842e453aa4a46e89591c50c013a9afe6c4159f945cff0a19175ce5a368589d,train,True
4602,376ea631c98a4ac1e2a72f8ff83cc5aa1d9c38cf0782063537886b92980c6c3c,5d801f6171850c6e92f3ad758a8dc861b7649fcbae5a67b55b8375f7d2f09e30,train,True
4603,15e02b7d4e0ed70de9ecd497f2f24741945c8dd4be644d4d8dc429aa92699bf6,12bae20577806e30c2c08e6dc570e64848f9bbd363d007911725a19d18d176cd,train,True
4604,45d94ae7353bde21edd10f925b406b5714a631554027ad13d83c7b445aa62837,da0a21136e5119563dadc6382a8f137f4e950506ccd742b2f50b4d05bbaa0b3d,train,False
4605,ebfff20868be5a82f12256d751460051caef85d140891aed2e606ccb086cbd2a,22117c08b5ad4a219b0cf247c5843c75bf5a5474a0a7826f1935438cbb50a122,train,False
4606,4cc97f811f411b0cd266874a3015105325f46e740ae9cc991966b79b6521d704,3f48cc2c8cc7e91b48df4aceb8912544b78e42acfb8e88df08f92058fcf8ddb9,final,True
4607,8413eadab7619898bc54af12057ae1166c68556ebda13c0c427b42d003d9c688,7172e705414e0d2b8284bd96ec74e934cb3a404aa9b02316c9e8db62ec17cee8,train,False
4608,1d9f36de893a2e27098c33c1c56d89b5ab9a500897398a3b57af012d203a8d1f,16f2136c696d66fa1570536f74ca573cb37a86b17a54ea97a367e1872b7b7e42,selection,False
4609,2928c50177ea754242fa67ab20d2c7c93f9578b593cc6e9add85838e7647a532,f09210221df08a7cf10f77c780d34954c53acea7eab6357c3967d2a4bda65079,train,True
4610,e569bb87d5db8ae84f13fa8de18dc57e10bfb6f4b98f9063ccf6e092b66b5e9e,391654c2fc8b25b7b6cb58766b5cb9d9b9293bca5d411302459ce52905c9582e,selection,True
4611,a31a5247c67d88cb9a94c63d3c57b4ad86e6c6c18de2129779376f6214888c2e,8c701d8919147220220598361c20fa8879abc8ff222f9e9c34b451952daa2f5d,train,True
4612,f5b5cbd70faeb9e119ee3ddafc376fbc5ffa128a18f994a3f41d9a6fae96e03f,7a2d0393e6d8f6d2d00e6e864dd4266d809279d6f0722ccdfeed31110784377d,final,False
4613,76bb0a16f841a3397ff33cf68b14a03e37c84f4175afc4fb5d576b8ca899f0f2,251d48a6752dbdf4e0eca304a79667dd49033426dde2f7ffe5cb95b1c843705a,train,False
4614,80922eccb47cd5fdaae7e6d52ce1b4891d50426c15b3ebfab5659a9cd300c011,b25a38095bda25d118d5e092b983305fef2a26f7403fe78a2be857adb9d0a740,train,True
4615,9d525c2039bc26aa6e7600f5bc251f616f183e30d51fc6b0cfe2db99356dc82e,cfdaf6e22d23705b30111e9f5dbf27125f2c3a4fe81d66883dce9dec34348228,selection,False
4616,c287e888aef07243092047242e83505d98760cb7459ecb0f1987df72fa568304,264b691b44758cf0efe32ddafac4b021e553e5f75fad5b578b4512f606fd8367,final,True
4617,0d0975a12bd25b69eb365779b018fcc3bbe6cbd75e426a632e2c32783c530934,9fa0b6dccf2c446127882affa88c82771e16875decb53efe0f3793b9d0aacd4c,final,False
4618,fb2878b3c6ee6936752aa4d3feb0006f9a2677c089e395146829a0ca48a638bf,dbba5dbbca938f154c88dfd84e1c32011f681eb29f5efe1e87327b15c1fc80b5,train,False
4619,3b6bd90f8ad46c395f47f9636bd13de0090a2914326d160d32a96cafe8ac8ff8,ae489777e7ec5d4aff791bc08e608612a03e3151c6bc78517c99e275474c48d2,train,False
4620,f301cced0efaada9c9408ed67d3c6423e21758ebb2f84e88d95d5fe16b7c6f10,da3c4f369fc4b7166d5e21ac186b12f6594c496e64dd15fa339f440cfae48530,train,True
4621,62d313beb77a5930fd8e12ba9e0f9c72bd9321015ba34d130a2315bc8d0ed354,4cec459828a59a0017c94644522414088c7c39cf99ae5d7a9072b473116302fb,train,True
4622,01a6b70a0956dd71de6cd03e1877d0f9572c84aa49b48e77caac9d487afe221d,3fa1df1b7e74c778c19a6ffcab84a01c34aebe5e6757083454dbf0acd932d947,train,False
4623,103930c37e03bf54d2ea6745d48d7148671f00ba301e59674a498641179e9b44,97cbe52dab51be33c6bc5890d20d3e79963407f9c1c3a708e4715194d8848ca6,final,True
4624,c15221ee14b8503efe56a34b106f33b5e4fd019e4f91e6db6ff8249234b68d9b,81047365332ee25092e24c2699bd1607bf80e11c3cef2ceef1a773f51542b913,train,True
4625,d48b21ea7ec4746742090de67ddbcc596540923ac5d769aad5293d8e11f34616,2fb9f4a4aa2c98f8f4709065a36c6d7e30441a38932b3f6d1dc999e3ff9d4ee3,train,False
4626,9efa805376dec0435122e2506822b73ec59b51286e5bbc3e61f49aa589ce1638,38d3a7ad53250627300d9d7d87f96277874da1a7bac39b0d08de322eab96bdef,train,False
4627,828981002c6478aaa4806ecf6d0959c5f464f3be0cba5f3ed137406c4e77a8c4,7408538dbe523af52a97efe18696466cc5e2e0a9796824470b2e3a67f70c60fc,final,True
4628,e68ffaf5683009bd5ded5deb55a0d5a2872f2357392604e2eae74c4876da75ab,d1ec246a39d42adfb2d80bafac8d1d7b3ccbc21e6db51ef675d26ccb9ff8ea96,train,False
4629,f0fc6fee4304899e24d4b7989200096009356e06b95f34e8c02d85da8a54f3f6,53d0f4f93cde406a7d3ac1f34fec09fd82520b9e80f12f0e3402ca95de26d9f2,train,True
4630,2a9fd3857b8ea664146c6b57894f763f5e41a0d4b4849dc60870a85cf6654c27,bea41c6160e7f065e0b416919eef1f252f0945f90c00751d8a9a6364c0885760,final,False
4631,4f6c9a3e8017ff7d42fb1f8edb2097783312114d7dfd0339b0c79cf040fc001e,b83c1c276200c1ea4e56344417488cb15374963c4da27cc534d07067f2f84954,train,True
4632,cf56ed9b1c252d04b41b1ac2310b29eb22b8c6c9d4fabc61da1430d9a9dae762,3a1df62dac1a08ec6a63a565ad145e4bb8c30f2619a4f6f6498a103416bad3da,train,False
4633,a011ceb006e127a984d0e21686b1f25e41fade5992cc97bdddf76454d6c729fe,fa1f238f861534985ceb4b44e9e6d0e88bc0c48b42dc2d1259d7988da85581ca,train,True
4634,e6cb98dd04a85973d0340d832ed4ba0396f5d2a3cafb0b227eeeedb806f4b9e3,15996bbe358d89dc25743ca939f20e4d50d6437429704a9fec21dd28a21ddc11,final,True
4635,9388a2c5640f0b379ea55bb5ea4b9ff186916fc027efdeb83ecbfecfbc1111ba,f3f1e85247f6416f52d0ff7e218bcaaa8e10efa9202e1e90ccbb2c771afc8e7d,train,False
4636,ef64b10b855cee19532ad8c5d383135114086096ab35c439f22d4717686be12e,82bfb828af53bcec247682dd6a399bed4e81495813a4be9ac00eab8307babc42,train,True
4637,651c7c9a31f826d9658e4525d763c0b6e24c815894b45aac42707775e3f09ea2,3ea60712979246354e77ad8d8864d1bbd2d4e0e642978f3381052ead645aecd8,train,False
4638,c89090ace296fcaa678761dc37bc207108fe8b9fc47ef1e26cf4733bfea26b6a,c3af0a6febacf295fe2a2ed17453777bbb81c7687b9c154114c80af14d4e8225,final,True
4639,b28617972768f032ff4026c3aeb2f2943ca81a58c9eba548d52b9ac2c1930774,8081ef782576bc3c702790a26c2f99d88f96045881c2efc3ebea4e0ffaa27134,train,True
4640,35ee9c6402e5313448c93b0c354297dc03f4c45f1172ef1121723bb5f2500b05,97b39f790d0ff4e6c51a8cde78fcecccfda5342f34dd6768b988c611a63dda2e,selection,True
4641,4503afc44cc46ef31bb64fe842c4d02e371d7a5ecd6d6e9c6a413aa2f135791f,ac961466d9b2e12882b63885f3464c10c75e7d1444e78d18e5cad89f79b66269,train,True
4642,8c162561b41566ac58821898385895036f6c008d58d55423c61b53e5b3c53da2,4d85f1b253a6be057a62043e4409a6b57c9b58d6fabeb2892ca7d142583b8f71,train,False
4643,225d0198db108c8aadcabd41f02f3112ea163a31f62154efbb175ccbc2b23731,fbebfa0a45413e2ead756a5f7b8d19e34314988ad19e83091a6e88f937910938,train,True
4644,bff4c281872e881667151b3247875a12e2f6a8e5495ebdcc506c0109d3245d19,ec9b4f2e49a5f0764ad8da1aacbfb4e7aff4470b5c6c6ad4fb1393e0d6ae6edd,train,True
4645,596b51ff37cca807353ad67bd0fd0158b91bb228d5180fe71e5704b4b24e19bd,b4b7d7a30d22edf1332f4e591f6d427e4bdd2acc51ab875725366f61e906b3b6,train,False
4646,870461e843a958f99714606a9afc7630a0253925a85fa6018f9e3267352320d1,9615fa21fa1a3d1fccc84739c56f5d7336af1ad41be057528f2a8a03640c42e1,final,False
4647,a6105e1a1fe3f1ee410f885911e6412989a79ed4594fba6b6c4dfb0fa6bdfa14,3581e87594ad96ca6d3988c913ace63a8c8d150da0ada579867a858fb903768b,train,False
4648,6c71203d179e634154ebd1bc6df1818f25657ef124b76a18744619c27b16b0bf,2bfe03a08555607c33a2df494c89b53c3505d434b95c12ad555ee090e4df78ed,final,True
4649,67d4617791030ee1f5bbdc18744516cdca1eb1fde65b70e85c222813f2bae734,22faf0e80cb328824c1389cf8c80ccbc199f58004f06814ee8827edaeb9567c4,selection,True
4650,476fb270f09f30aba4d7ae09289074fadaf2761b91961ff80f0c2e4e88f703b2,fd177836bf5f08398f5473dbbdf33421aa7c8a4b838cec83e7ab1621b5a4d52c,selection,True
4651,adad4701552721db13c203c5b4e8aee6d699775fe75ae1f10ce962e3a2330017,25ac107cf8fc79275caf9a870c4ad15e87668cef0142b81e284be1588b4e5c52,train,True
4652,27b80954224728cc2862746307252b2e887d8d1c3cfcf0270d46fec32ec8447e,5d492181430bc8ec5faed03db7dde3549e3fe0b8d449f0aef73078750205c28b,train,True
4653,f415089c8b77825a0c9f8c345d3c810322fe74848039f55602ff448357b58e08,0d6f77861ade83adb2f0ee15fb9c11201db01ddbc3993e928d40e5f4bb0b67c9,train,False
4654,3099b427d87b2345e0d4b2952cc9d913150eb1ca36faa1974ef69e4bde46d491,0547b3c809466a7675e6f4e97c26bf8c28567493dbaf1998e1042f937a9fbc2f,train,True
4655,90669b23153429e8d81bc73e0677a3f79475a2054c1be831a960f7474b9c718d,b95773957cc17ceedfb02a6f0c8dc9cbdff89a13470ed6d058de0fe53fef58b2,selection,True
4656,8821023e9b6939a95f643af2a8b915761f577dec4eebad50177c421bcdbb5844,45f5471802e250e8e8540ef4d38798961e5621985f57fd4b59a6080d579899f0,final,True
4657,edb7717726b84a3cb72c7ad280cb79a57c1edfad6ce853a57d3b9d4957582fe0,26c2546089f78a557856506dedaf9fa77cd9c694dddeb9785d7ac8c2fc1b4574,train,True
4658,f19243eed9939b70af223a35aec546efe2a1118cb00721e5095666eb9d7f461c,cf37d696f59907d1e48680a95f7c2d08b2d2b6304997127017531492873a1f2e,train,True
4659,8a39b0472c4b7a706a8dedded661a50b3fe474404895c5103df71e1de0d32772,a1a878dc179f2d4c18e820cd78c552479d04cdb6f948bdfaba3dd725e0b53159,selection,False
4660,448a43d699f2ac1cf2e0c765b3af47dc14246f44651d9b60cdc7bcdd23b5cee0,75cf835195c8e3ae309e168454998bdee627d36865b464be86bfbfaf100e3f51,selection,False
4661,300b3f2c86aa9dc799593b2ed062a00dc7cada6bf35a54d7329a5c80b2fc49b7,e9294b4b0f7a9739cad83c631874b7d3f55aae01ca228a4050c9cc8a520fce11,train,False
4662,71431b32541f2c03e46a7ac679ce8d58fbd0e95d4761308f7e6f945e03750868,a2f219fd2cff4b18ce123d48ee153c63dd24761130c75e8033883db5b5faf8a0,train,False
4663,6f03a8a761d0f1117b817a85a41199e72e1d328262b6c8cfb613bdc0b026f563,a2aec7249f29ef99780657a839872816e78242ad110c81eda2e621d441ea3150,selection,True
4664,5caa346885d7a35cb3e0b54238589f00f52834081ef082e42fa1ae33430f2393,913f5e85c4ccc2c20ede39f8bd578f8fc52717263195949a185468aaaed41a02,final,True
4665,a04d2be7a99dcac7a24c458a41a04b235720ec9996295e13ebf0d397d9fff35a,cabe65a78c876f56771f3c7f08dd4d8c44a155430551adf02a8ccfae9d0439ee,train,True
4666,815ed9bd79ffc9e75215a7612527eb270b6459e1d72d8f475e2ac1aaf63be99f,7c4632b8f913331b720b105c26f4a9e0f8e193fc4b3ffc704cf5d286fbe00880,final,True
4667,61b2b08eafe6896efac2e92d6f4819b93e6b72bb8cb0dc2279e5a68d91666e5b,e97f517cc8b9de232623b28e1c4a1d6eee918f0d636882286e85d2b0410b1310,train,True
4668,feb847aa878ec65985bc55c3dfaa670472f5987c43c6c075f80cddc63f66d2df,9b6d49e503295fef91abbc4a3048218130770524f23d67d1ae285810e3996358,train,True
4669,02ed4ac10c5f55eb75c13809e07d02122a9bdf2ec9d85d43030ff0a50065f2b4,799a908f254eb5f876b9eb3597de804edf81db4fa7dafe7cdf34a401cadb7375,train,False
4670,445c2507b131e4673d327d523b1ca275cd7349e35d4fa39072bfcb55e362c635,b7595cbeece57d6f02c9ba45765cf7c727c04e413e2ff314489051813c9fbe55,train,False
4671,4d665fccb561138dd71bf9de6e4b94665084a5b4f2fa739baba5ae55046a544c,77ffa2ca16523d648ca8a105a853c08fb713b0c604999fa72cb516b17a78871b,train,True
4672,5e7ff1b6f3467871e70e9844115fa24391e38b22e9cd7206e895e464fdc2d9f6,3e3aeacce812950128837687ae711f3adbc4e8b1e50c217ca603d1ed0e5ccbc8,train,False
4673,80325b9d9c3e8deb9c50cfb654b4ca8b72b571751ed2725b4b352cc91c09d3f4,f7d3c39eff558a21eb096c54b015a5b3dca2568b326a32941db53c6ec78478f3,selection,True
4674,f48c807beab7756d9ea251df83e714cdcf3984bbe2127519e12e8454c8a4860f,812d5f3c5db69041ff1e0b3e45474e5e30f525303f131d48d630f4da3f804308,train,True
4675,27b5b804939107e66bdd680976d4804eb58f8f9a4d0b7fddddba84e8431d5a77,a0343b2211a2518a7b7cf46fdc79e38e4e9211cc4b7c055001695a55bf139b33,train,True
4676,8e0e6693e0a4321db4b8f17068112852e8c6e3762efdd85cfac82c6338406de2,43921bb45f16c9f5e0ffd8fb73ddfa1914876db4b6e83504d32f5c021787993e,train,True
4677,4fb2c3851ae8715e0a01835d8ba1b3ccd853058c16e6c12273725847a55a3ed2,12632e1d9f776946b01efec2695d9da629ba1377f0fd941210ca95cb546f3cbf,train,True
4678,9f5372e8486f04e8e53094c3d81aa0f5faa44572f800552a438df74041e62957,c1f130124f9b2cd6d1c31e031cc74daca3282de2f898f11742fc699fc364578b,train,True
4679,dd309a55dd54329d225cebba95500aa2072e508cb10f759d69a6725f43755496,9db35f283f95ddac01287b5095c0163c1cea865c2f19c538235c7f3c625dfe86,train,False
4680,a9572880261b992fd1ee210c803f0f6d962ac404c6f817d8acbd9a473b4b0174,7d2c2d19f4bdc3bc18ef0c4fc078994f9c27354191d5eb829f67fa2643e1f066,final,True
4681,e9b80506fb027f4097f08e0853a0f2b9ad1b54800239ec203a5ff1a7717c40ca,8da108f3b597229d4e984458267f17d43d30ac96856488ea1ddba9568a574565,final,True
4682,11997abe5f064c34ea03e0d7eb8a9eba5981a756ba7ace9db1f9bfb497fbb25d,3abf934093ef6561f96f4e026d2233a704aee03683c68c4c63f2c60dd828be72,selection,True
4683,b1a40589f44ab626a1881f768ad517bbbcc91e406a971c1efc682e6eeb3491e5,419ae96157725d4a127edf31f763a20c0315bc4aaf2f18c201b549b31e1168ac,selection,False
4684,1f9c5cb8d2ba133096d49bef7f8caac7d976773145bb0dbd7f7cb236afef2837,c4671808b5feb0e2eba33019cca9cca703ce06832185c1cd6a49f80c4fc1810d,final,False
4685,dffa44aa5871a7c12e73d1f6a876d8ac0af6bc84387dd9ff2b97de5c1fcad1ee,b3df3e2975dbdc9babedb12ab1d96644f99bab009c35865e79f7a1b528231a98,train,False
4686,13e607bf930bf623297b04102e20e2981a50600358067f43199c29890a42475c,e1acfe484f1f688533cd4454f17b0a911a641a3f2b1315de04c9297db900248f,final,False
4687,716567f8478dabc73980c84882f223ad5343130ee5078278eead0c523a02cc4c,8b94a205fc8e73bdabdff94f4360593e6192a72a4cbdfa0d2a34cc9499f7384d,selection,True
4688,d00450558084f5ecd0369357651d3cd5d5c10d6e163b693569bc4a3985b66239,fc532d4fc48e375ecd6f4a022214e9b218f61d3f249dd79e9fa0cc0ce7f5759e,selection,True
4689,62613f27d7b46b7a074c360971b8d363bfa3af9dd80040961e8226acdf65eb03,45d1f4be72808fa59551f89e9741d9549b9c23a14d70acdb5cbbd2715a71c4c0,selection,True
4690,fa7716873295c10696d56fd160f8a27241043bedac7014731d8390ceb0c0c637,dcce993c6579a5221a784d99b90dc32b02bdde5c12f3c20ffe2573bcfa0aa575,train,True
4691,bc917f0fb9624e2abce32742d3656841947266850b7f4ea16d3984f592499a73,ae4ebba1aa5422396c627aea0630cb9ad3a4599509e8fe57af825e82061b59bf,train,False
4692,6f4a72d4aaa80fcccbac8f455f755ab28a614a503efbce2f25785c9d0ff6d768,5da00dabc588532f518a3ac65bd5d2d56492d8d5495923d3e41339841bcbfde3,train,True
4693,ff13672ce319a7d783140e38c58405f9487b3ed180231b0b5d60117dc537a03c,875e0d7e4ec95b342416d6842341891f0ee05d0a31acd7bc911719f5cae621d3,train,True
4694,f5d76d9d1e1966ed512f5ea124b5fa7013fe5b37bf6a4f441ea49b50aab113ff,d983818cfcad910ca87118ed33a6a58639919c868d10ab1f3d1a1d16e720c343,selection,True
4695,c0af288adf7a35e198fc14e615397348bdfd898e8345c3fa0b0e29dca5b81b7a,fa47f602b8307f0db022fa9efabf9e01db161d54c179422961018d18e0335ca1,train,True
4696,069a6760a1c18698553c04cdc3e2cd5e9838a4d77d7b165e879ddf5aa56529ef,7dd5fa347c685702645f88f8789fae069c9a7a85dd60a8069874950fec9ff49f,train,True
4697,85f858455095f3ec740102af9b36c1f51918667c0157bbd3f0b03de7078b4c4b,aa8659992490a1324aaa325622177bdab045fdaba5786366addf09ee656d96d6,train,False
4698,b167b502ed141f29c395232ac5c1824e462587cef2efdd9fca72db3f7c5c9550,03b9e43749b04a08ba2e8b6ce4540035af64b400b515f00c77c98c997fe38e3b,final,False
4699,a727a612724cd43452cf5e52a0d5fd1e50430048e1cf44e3ca47b729d2b495c2,01bf039a9bc740ad9bd9ce2282bce21b3debb71b075df32a6c2f1af5ea0c5131,train,True
4700,d107b2587720c72e3de6d79c4d8c3a6246d5404132adc167cf598bfd0d373f5b,c9c5941a984471176a16c412a215a4cd402dd7e0f0e7408be88173e86bebfde5,train,False
4701,bed6ccac1fd22ff75c7bede3b84bfeb6d6b99da1f4a117a5671791b397749ae3,7441583a511c1357ea1e75fa9e856e55e4fcf74249223c195a5a2c66f74ff477,selection,True
4702,dc790c8d1ac00a15c9860cd9a456e064f06c49bb38c13267f4fdf7db3c290d84,f416bcc23426d674e76ba31dc4db0dc80a0ae7b06fc393660d77a35a66a3eb93,train,False
4703,516b504f8a63ed1fd2a28164b6b94d3ed666c51eda14488a46503ae0a120c3ea,d744df8cf7917811dfc5d7583613870a5a0f538ef6be8efcfdb98a2919f97919,train,True
4704,348c03d20656483ec51c8408b04dc78462aa2240143080a7b83512ac87f3938f,3c06313e0145fa4899cd3f7d2c0d49eaa82b20b7d35b856066664769e2a4ece3,train,True
4705,0d430e0b8d6abcb45739c0f0647b34f4cea28e1d25dded2b339ea60569032117,a24f41ea104446525809209cd2808b3f082240b84351aef3ccb5a0f5b8d361e6,train,True
4706,6d058744a4843fe9dc8bdbe3e0ff9e0cd90d3b2a9f259c3beef822856dc38fd9,ac3d22f21a3f3e70627ef868210ceb6979f2c07a1f8ba4d928439a8b6eb4eeaf,final,False
4707,da97921cb75daf8c06ea5c75f9cbeedfaec89618da8baa894a744966214242de,1926262a304bd66fea7308b27b50149a04233b71d5aa9fb1c9e200e8c9e6ecf7,train,True
4708,533168ab4ec666cc926579f521c2b32a0813d2761fabfc27d43779d166f8c095,625edfab61fe3fec7a06079610f85d93877228161fe9c725f5a6018b405d9d11,train,True
4709,bf11a068ad5eb2e0f088da9fe42944712a4b64df240ca76dc7a4303978898883,7e4306090bac4247d0f4510706589036b202b959c33f15d1e082c98f5f6a9ed2,final,True
4710,ca639f341090730861ade494984cfc5281028846e6826dcf8d4bd78100862fcf,0609f5af493095887ccd780b924d6b151412287c432e80950c962d499fe59ccd,train,False
4711,7679c1caebf49d6d65a521759255ef0039db71c7633d5f769cd4a63eb78e7982,5800dca18cfdc012edf05ba785ed76e5b9ffa119e697f9d7f2ae9f54f25d1447,train,True
4712,e3752f1eee748948a3e68e6070839f23e16038ecf7d3ee9131af7f5499ec8d76,2ad0b7e720a3cd1df68d799cf39780bc7b0c2f4491b662b579064db689da683c,train,False
4713,f72aa8b45f7b24e20c07c7bfac6dec6d87136b00bafe360b8ecb62c0ca39e225,6e79335bd635821293645f54351b9399f21ade8f770c15afbb0d0ef19ad4790c,train,True
4714,7aa33e1f564f40ff76043167795d55c5eb8c47dcafc76583ae2d5588aef9df2e,3a461a1d4758ce86ead21bd17f99bf22d904feec193b1f3f07b45e6ccf66da84,selection,False
4715,ccae46fcad4fa4971af54aadaddf7ba94fcb70cf931ccea72b17373fa03d3839,5b3ed4dd57c2490eb414b3000f212664a83c0fbcfebddf86b15fe9bb4484eb21,selection,True
4716,97b9d17c0d56619d3e820496d54c22b8082db09f5091e0356b36214448e1beb8,9c8502e6e6ab56523b5cdec8340229404ea1570a8b17daa3e5e8e7fdce4522a9,train,True
4717,6a10492fab5fc62174de2334c7bcba5e05dde486fa102acaa149a944fc256220,26def06c3d196aae7ab3c394d6d944a577e8ad50cdde4711d65e14ab2c545af5,selection,True
4718,9fb1d16501756ea931d41fc99a174ea70b3bb8b3f7f99c98b047f16e334a4e21,321c319d4a49cf02054ee938084855983def5cc37b24de7328c01244a7d69b17,train,True
4719,f99d917741db32ee28c961b444ce08498d849c5791f2ddfa12264ba19d65f1ca,e7456d2665393d33aa88ecf29164322729e0ad225cd4f3e67c9435d0eaa36f48,train,False
4720,76e8163b353062647b24c6e7a779ae27c7a8028a119a364cd4aa061d07becfdc,7111193c2cfb9c23d5ea558eeea8df1459e60e913054310c5dfa530fb17d4fc5,train,False
4721,7b1dfe5e19f01c96d2361c6212874be6ac87d8e2b19357e187c6013d673c9501,f46dffca7aaba80888be1bb98a5d5f7d073342ff8c3e83000b4a3b5c85ac60b1,selection,True
4722,a580bd856eee083f473d64c32ab1924c2674f70d002cde7897d3a05b2d59392d,2b8c117ddeafb9e27dfd25e2e0346c0444834e9437448f6b1706d2d4d7b22022,final,False
4723,06d8024879e390cda353a3fb3f274f109bfe9f89cc822d06358517f94508f9b2,7268239b686e1fbe8f726dbe33b69451a01dca4fea0e13234b3c6e14f125bc5d,selection,False
4724,ebc8ce16ae7eaefd5a3536ed3c85bd5b289d21d8320964ede1f2781a8fb84b7d,cfd1bb92eb7fb471be4f1e2794396d29040bb1864c4e25cd18db0458c1da104a,train,False
4725,a8771fb4979499f23f923ddf693871b406f15ba640476e882119c045c893de58,b43619fd24fd52d578fe9e3c9c053bbdf2ef92e3aff553c8b124bb3025e52d88,train,True
4726,87c6cfb7c799b7afeeeb7df5500fc0cb02090bb90f960a4d9b1ca7f86eae093e,f4db643d7565d878f13994cf33061d88bd24359c375158cc6eea3371003816fd,train,True
4727,dad8f4c9a37ac0dad5572d37a9482f11f895eabeec295f7b930e868e35a2aef0,ab3b3865b064dfbfc3f6e548690381c2724170e02c7c9809109f4c6298e368ca,train,False
4728,3edeef782dee85043d98899d919559b8374603eeb82607f0304dcf0f9d3ad1f5,83cd1dab7b5e3aace984c50c1acdf7d816f81e0df8b4487d6ad34e248dde7d70,train,True
4729,06c18f6f7b1f58264bc2b3dfb231055adc59b99b22d715fb543fb0e5840b2e84,d49a9a349989c879cdae2053b2640c0cb9de0ae1a87aab3c4f700bb1bed081d1,selection,False
4730,556d063ed3bf9e68127c1e8887f1f404eb29ebd261f31db28b41652d9f7d5c7b,e8e3f08e014b63a1a554836a88f4b23b3e13b39bd77891276a8472a677aa605e,final,True
4731,6b99006bbe1c37cdfa8ce1fb897e8895306377c1afe56264b96dee5fa0944fc0,841160c4a5237de383f04799c5adc1904574cc4854c53a0124a2d430f0c44ec5,train,True
4732,8470221407b46863f19b833f14a510c252c14d2d8b1bc74206cf9e4fbea263a9,650cacc185b691b4054402a6bf7834903179bb1a64a731c314b6d8c869fb605a,train,False
4733,7e4c3d17812431f7d4af6ce96209a2b179a7a23cd6784a38573bd5ed511086d1,3909f6e6295f247ae975f14ca49cdb8ae13530c9c9f565bef08edf670a72b29a,train,True
4734,029440959cb9bd369f304549251ae5b9ad62ec9b3cba17f96073341caceb80df,e728c25271e05ab141c9cd5c5d25799fbe3ee32f91b0fa4fd45ff93ee6fc5560,train,True
4735,881f08dd88f534e2cf4a0c51bae55b2be57afa0d3ffa758a8a4974ee494e5ccd,9078452d37511f8f697edf3389f87e190330990558560aeeb0c58baf9252416b,selection,True
4736,d8f7485e28650e3edff1dabe48fce83211c5e0ace71e09f52e18b0d8252403ec,46d423bec1ffb4ec13f3908913f40f603d9696d39958277a6429c59b6e19e495,train,False
4737,5d02866f856d46c565abf574174b7e998c734c4e63c3e3ad445d7e913d6889a6,2c0640bac728b5fba6b48fbc13da9ff93289d3a53c92e315e64424ac28c15816,selection,True
4738,d8d337f6a90574eb69387f8530b77324a7d28608c3ba1aa6abf06a7acf8d00de,1cdeb3c82b1d51cd920809bd97d6dfb88a46a17ae39a354d469ed5c3047f165e,train,True
4739,a5a62ec69df21794912f0ff791f30b1d299af255e5ebbe8fb255c4f72d5d22c9,9e4f7b7763f1f22a3b17b9f211cd717e33f52680ad3acd6a4391a6c8cef9be01,train,False
4740,cc07f76072bf236ae86ecabb384b3a6f57ac0fe38fd454efbfaa7f0945e61808,f65b0c48dac0676b2990f147236955fd69a22fdb6f11540e256aed8d2a030d3d,train,True
4741,358e84d9b063007dffb7956e41eef8b7e72b66c21b6f3eecccfe951e3eeb56a7,9091fa20673390cf23fd124a52d9c019c77ec9a9b544d5272cdfdd5f2255c23f,selection,True
4742,8cfb307180820b16c08193cffd928c9e6f05f9be1371fe01390cee6bc5964c2b,0cc0ee7995f4896f4341aaaa7dcb0313b71ead749b35613fdee2281b59935823,final,False
4743,9cc3e53deab78b2ab484aeba9609e1aa982b2237ed00a0d04432826249b13001,59b08cdcb9950cab560ee05da627bb355153beafb1d17b683c18c9b3003e73dc,train,True
4744,e250f7216544445520a7688c760c604fe981d7fdc02dd7e868ff12e5e963c6f7,7eda54dd315d693a3d22c255312e95b22c26ed011bfb1933ea1cfa17d2e4945e,final,False
4745,eb02d7c2a21ab029ef580a279b18af9531feae80b238e9912853568b56ee480e,4062ba07feb911e9c81770e2fd4300e8be8cb7f59ea9f4307f59b62eef4bb6af,selection,False
4746,54e3b3cb2b96685e0841b10aec03deaa954c8bebe9215204514b16d55f6330d9,e00602030c92db8e9d9560173ed9467341a7a8f141a99670fc8b747b685231c3,selection,True
4747,3dea1235f0807c880e1d796e170fe84fc141dea40a210d0782d3d3c292159a07,cc0da1ff822ebc4530f8153f21617d0dbf78d7c57e06b22b8c3d3fe505a5d438,train,False
4748,b0b5f2fd4ba29c4e9c1672e4ef0935e4a35dd93407b469aaf92b1edba5d24337,5f009aa7affb14548f8ad7007e0e1486ab31e514dbd9ae3349882264f3e71aac,final,True
4749,3a3d37b656b94871e4a0b3571f9b4e1e9baf8db67b395ca9ff343127e4177385,82ae8f6790faf9396b1311cae07f3da581940757dd2a1dad734c42a38b7032a6,final,True
4750,445b4fbc84adceb3d707df24d51a23543c27d8354ec2c3be59ff01884926cfa1,6812c97fd9a10063ce939e5aee64767bec878a9daf5a9509340edb5ab3ed1bef,selection,True
4751,05caca25503d12109ae9b2bbec61a9c89c4384689a207ca9b07ff044a0b1d222,89afa206f6a4054b32ba0a7bc86ec8e1aaac5d20cd46ffb5749580f2a5a1c0dd,train,True
4752,04bff560ce2abca1323ee780a29a7c181144ad100fe38b6ab912df586f95d22a,4f3ebb3682285da2d6dbec912be7b0458b2dd6ca5e35b28b7abb62c2c758a77e,train,False
4753,76b3a5d03b2a7f5762f66a845e73b6961d00d3ae9502415436ea30ee2de17825,3c3571a310324cacae501d4a97f25e76d518605b4a4d891a81f5ecb986a21825,train,True
4754,ffbaddc9df73bf16c7f436985f346c3adb6f558f25c5afb4c631362ae18afc98,0a857fcc43a61c6072ed8eee5ef528f20c30a1d79c93fe0c0155125942b25899,train,True
4755,79e9179d0ee0f668a2527db243587ce29feba0fc3063f357cfafe98a0fa9a5bb,7e4d382bbe254f6c91f1e4171e52dedff2b2ad10793514e74cbc14f1600dcf96,train,False
4756,bdbf3ac0890113234bce35b92205577d82d4dd6b90ecccdfb01ff5485f9013b7,914f948d7e1ab39cd9dbf5126ae70e93104a856af06f7ee3547e9fa720798e35,train,False
4757,058fbffd046f438d32a4e5bdadf702823bc40f823a4e3d30dde918cdb6c18fc5,e6e8a4d67fe73101c82df2fd3d65562154ab2723f5e1c7fcd89566da436f9d2e,train,True
4758,a97189e12c9548772e17141ccb8c485d5766440fae76d65be4e96f701b78cc4b,ada6bb6cde4e9ffabccfd35d9d9872ef65ad522ef327e4314d09580ae974e45a,train,True
4759,1bb9b3d280afd0f5661ecd6bc32c243a22d8924667703786a29ff4c1f4d24288,5bd844b180564dfac5cdd7958e37570187046bff24842e174de606af9dc00552,train,True
4760,6f8a50c1ef005a0523888fe96919a02d653063d352a3409e4ed71843d57cb4a9,61fe24d8255bfda719ce41e33741dc4e1903e5c7acacc04c324ed1ccd7f47224,train,True
4761,1b24d6707ceff43366bf6cfcb005446186761a97ca84282ebbac3bae7ede091e,3db5609f43fb0af71647f8d1bf873af78c939b019b621fc8893126d85eaa6578,train,False
4762,d9023e4c5a9a032a94b056aef98a7fa611727fe7db9ab25183aaeac74c2c44ee,b2408c891dd7867cfbcb1552ddc4439cdd637f18e75bd6bb3895186912cb7702,train,False
4763,3ac6390193d8ae2174654bc0e0190d805d32a8208c46e05a1d51986e1d1eaf9d,d1bc311d2daf97bdd68b512defc7e243080eaf3bc0ec548cd6bfa3aab0ae3245,train,True
4764,8006faadc7dc95d6c1ecdb0aae5d98168b1cf91a8d83049d428c5e1c79c13313,9c42774e4e28b842171fb8003d509027dd1a3176d3ed479ff02287c4ea6164fd,train,True
4765,a09903fd8d11847fb6e1e29c81b9ae494341e03a8ae673ba64c91b82847093ec,81852b617abb6f55c3ff182fdabb427ad3b62115e2f09a304c787ca9ea380da3,train,False
4766,d00b7860531ffe038054e9363da5cb9ccc513d7c095b54b52a3de280b8e72e24,784e4cf3866117258ca5a5b999e7e6da24e6fe17bccfeb32367d3e697576bcb6,train,False
4767,d956e08d6cbc3cf9361b780eb294ed2f3eba5000597e377dac79b0ba042bfa05,6bce9be0077bd53b28e5271b5b6d98498a7186ca606b664235496bf33cd2c706,train,True
4768,0dc5eac6bf7b46af9bcbd9b055731d992047e416e3ca5a70de67cb10253beff8,272298b430c2abebbba64d305daf9110d908733ca1f7f78ae62f7fc4b616ad76,train,True
4769,46386e69dd0e031ea931b71b7e8c7cca67b6770c7059ae905ff185611c670a8e,1c7ad56ae60a52068e10b19ef9614f5829d2cca13748d73ed7447875b07249f3,train,False
4770,487ffbb4fc7dc4c7610b1214f686c90a3c291464957af61aec6c835faeeeb17f,c8997055a46b7e6a25e65c59da190e31bf1b51f6ef65df79116b64cc6d02c31b,selection,True
4771,d84a302f00d285cf526e33cd30d711dfc755ec7b0b2baad87c82862265df48ef,5c9ef7283e19a6f5741fa200d5b677ba9f685da4753a7080745310e1cfbd4482,train,True
4772,d914919b634739765b468027324ed7aadf3fc1af1e35462ca49ff2f8efeb0312,e0c377d11991a87335931fde61d23597fa1a7d310bcf322e18debee756343291,final,False
4773,2c3a2654ecff5c0ef6c9a143218a0e3d2d6ddf7a6151885b8fedf917ffc4a246,969b0aa457ccafc40e2144c7b260fe74d067329466b9099cc14d2b69d4483095,final,False
4774,00dc7af5dda93abfaad5b1293341f5662584a8b6834174aefd518634d0bcd206,bf78833581f8fd3f9b64fd718eae39360b348799b85cf70275e1fb55785a7fc8,train,True
4775,c2d9677cafeb8228c4ed44bacc4cb6f45f06fffb7678411273942c09b20f821f,f1606b8b069bc18051666a25bafe4a7912baf0db26b262ccbac08f3ac8bd19ee,final,True
4776,f048759f7a6ddaf9f1c6462f9b1fd2276034ff5045b220513816efcef244dbda,a896cb1c38545014e6f17d740280be0a1bc42d3be293ecc804574564faa4a903,train,True
4777,74b7c13eabb3669b5f73e615dc332295a51404bc22da77e2ccf6675b15df1fdb,5b360dc2edba296b03e6ea5333fef348ad8c815b1dc5dcde0d7008085a680a9e,selection,True
4778,f68ba5c736a391a43150ecfdbb27af7f0280a7924a32c6ae09b60a395d5300d7,80fe9dc06daf9a2d6f090480a3032b55ebd95851887ab304160acd89347c4760,train,True
4779,6e10f137562027433e723c17d7996b40e58006cdc7258cff405bf77853eb0036,6c335c8848ae6274fc33e87c32371f27ca70dbec6834b8262c0e24ea1a0e502d,train,True
4780,d78c632de94b4a6b013bcf83bcc680b15fb0638e520c59a697e4955040cc887d,024545d414ae586e89546fc9572ee3f3d0f8f631ee12bf3e8053eb6126aa525b,train,False
4781,b03afcb47f41d2897b289b59bf97aff83be8eca6ca6794d88209858ff903badc,7e3d155e9a5bfeb1a18524d05a1747df0fa1afa2ee88afa9319eb7d9d03329c6,train,True
4782,e18bbfeb27c1f05afa340b289f44fbdf4f84465a3b982e52b7515fa2a33dc3be,2bd3f63bd62d7e1f2d3f1566803ecff3cad450bd3a0a9545a37dc82e8d2e6aee,train,True
4783,f9b856ddb66648f1a81f5c930f9787d452294770b5bfca9ede418eda7849df06,514177c408e5609bb31f0d64dc9c760101f95263ca12d010d4777f3869e16e82,train,False
4784,0dbeb1570b8c20d925222172492ad29f2e8bbb30c3d9804df155ef4e275995e0,32bb5516fbc5f30e7d2482a335071e1faedd5ead62dcdcd3cf70e6113119f658,selection,True
4785,a04d71d506da69fca352fdc967fe287c401f411a79db2a6b247807c51f752a66,7a994cfeb06cd16b189b1b6ffb2866fa862255483dde7a2b36b034d7115fa1b7,train,True
4786,90963e8642918ab80d98926e57c6ecce72357e37ff55cb06c4ea38905184ed0a,a2a741ba4c57d7267d6494719791771472da6cf83bea6e9b0d9652f046694775,train,False
4787,67001b67b6053b32e003b615791eaa5fa1f7fea2df5ed58ebe450ce0435b6b1f,6c24ea25b1158db9a4649f52a36877a93a0ca5281ef998547a6306f925cce8d3,train,False
4788,f5e87ed75aac42ea8e23a6b25f8f6cb8f1f059975f4acc0a6183497e59a22521,24148ce649f2659970e9d34370c5f78638a9290cd410ae4f3f3be378e6e642e7,train,False
4789,0f56df30f448699499fc482ae7cd4ba1bad587b8a5e839ebdc0e3f5a2c786583,e0a6c09b2b9adf868262670f809d58d1efbae287afdbb468e97743f4a72a14d6,train,True
4790,df58d054a0968f37d406fc61bf50a4ccff6417a8f82ab0591efb4b18502c18c5,614ac6307e1ecd617b24bacb0d8e542c5ae46ca50c251418c98131d357d8c3d3,selection,True
4791,9e68dbd8828c625f4df35458a73c6c1e566e02052963c656e62bf66bac68566c,6e5923dcd44619b68aca2e77169fd0f081239fe7b1466adc3ceee3ebb1fe6923,train,True
4792,278b23244f835195e2c366ab52a4a7877e19a17c8a4210a2a8dad23ed879eab5,9eed4a3d06b44ac089e5c690a5ab2d90333c6e7ab1d1b52554fe5a5c5f45b719,final,True
4793,269876fca9f868ba1d90752d783d28cf87844f54bb6c309ccc889c67bc0fd4c7,2694883145561be47be96d607a98407c22ee80f420bd8eb92f1fb6ad2b6d5d2f,selection,True
4794,7f7bc773d286ed5eead815ffd45b79fbf34c60b7d9c572acb1912e6d58d52231,54f95847cf3463d61ad8f401e419ef62ce2b7cf41c03452cccacfcd99567936a,selection,False
4795,67510d006bb9c47d85328aeae87f186e982ad8c60938bfb7b58c88cd968159d7,4e40e24d314d337e5ea3b9a6779136238cbaa51d4c4cd1d34190a1432f800a11,train,False
4796,f3d88fcdb993c0e414ee1ce847316a352bc5bdd41d0d1183212ab9de8b7a4dab,cad20b5b1df681e898b3b4bcf31aebffbba6bba96791d5d4b065c43b5057bf00,train,True
4797,22b4efe91ac3ac358c21298f15fad71ab28659797f0cfdf4634a66a7095286e1,67d84b667eb517d63d8867aa8c8f4ce56d37c7b916ff82c2b65a15fe5ba043f6,final,False
4798,9695b9c7dedc905f5596415bb406b1a0da2892e12c991f0cdd75bf86aa060bce,5a4cd30b063b74245d09187002c1fd79abb28f29dd283aa564a14bd0f354376a,train,True
4799,3d8bc4c1213ead7b6df90b9e91f080eb455bc0b487fb773fb745a859fec2c40b,305907e4e36f42b669e2d5806e3f55aafc483dccbf07140d74a9cdc3eda971ff,train,False
4800,f3b40bdcd199a536febb740569e6906e505ce94bd08402e24b0ee75eacedae1e,5979ddeca1f197d2db09d22d5cd01a4b7e3f0aee2a9f138b8b8f4c64929f30b0,final,False
4801,7e8d3b0e133074f7b86e14f32d5c35928316120b9d99c0be204d4cb7d2b04bf9,cfca398daa78286ec910a1393aeedceceb2108c7c38d9701d1ea033cc38ae52c,train,True
4802,0fa76afdba1c2672a828bfc74298649184e78da9ffd3bb73b133398c082628df,c51664f89eed86345cbbcaeae9848a8a662cee64981b98f8482091c009128c60,final,True
4803,b4caa1e13a164d604556e092d8d20820d1ca62e8e07336d9b7f13fe415651490,c5a12ebb2afa56206bb33bab23a5c110fdd83434b8e73dfe1c4079392bc6f24e,train,False
4804,69ff0366d9a51f7faf93237dea98736a35bee2d8c43c0c96dacf58a7e7d1248d,f6291d5fb454720a0363391792fa74b6e8451558e0079476ac2cb2a60c77aaeb,train,False
4805,d374bcd8edf8630b20539dc8c4b58ffcfaa0e451744a92ce1d25f73bf12c82d1,ace3f97ce61c917c5b7a6a2af5be2f2e8e86f0afdb6fb67d52294b4ca4af47a9,train,False
4806,2a714a1bb1bc3940fec4f1da2f23a3aed8d24507ece6fcaded6597b30449bf2b,9b10cf267dc61251ae676ada68a1258bb5d030bf572eb75992ff600e599ef9b9,selection,True
4807,8a6d8c37fa06bd92f1a29a4c00d282bf3392042e6f8f95bd637daf133c419117,24024a0feb5c7edd1a29ea4be9f7609b986ae901493dae8644c1da9f4a0f9cd4,selection,False
4808,ebcf22fe560e599ddf588068242df61c81bdc9bda4a1d221aac81a69e2c7c14d,b5b3319e3bba9c8ce1f838965b74760b9e7c3f32f62f9694858954a499250e00,final,True
4809,72cbcb7a85c5fd5d3ccf01d29dcc0e8e4708f1e8f31dc9671b862aabced14f5a,ba11758a07cb4469c8e426b1372e4c5a933622780e8d4fbb79eee12b245057d5,final,False
4810,c3405e0ed8bc75c4401dbd206c9ac810b24df95e24b06af047377b2f6b3b0f06,36ef4592e94178c303a0438cb2ca3b4035769ba3c8a86764345c4feab7ce5ca0,selection,True
4811,5bfd54b2d039c61b43f0f8dc860059e4333c82b8963aac1ff5af41b03dbe531a,e38a8f8084ea458606019e1aa96f765ab9c26d76c70542794d955a6384929fb6,final,True
4812,430501bb3573686860e94add44d2ad7cb20a4fcb06a403650158dcd0fcd72d37,150f6a281273908c5cace66dd24d3a97119a0fd38439736c689dc5256aa52bb2,final,True
4813,2a4516b7cbfea8513aca9336980f9cbd74f68506a16d567dbb91f5fa3a0848b4,a7e8ecd0848ecbc7a06d670f7fbd4e00a49dfabf0114e6866ed7f4bdb514a819,train,False
4814,f079cd40fa4a9bbb1c1dc7e204aff43fea27dab573a4d51d9f87f9abf7fd7f56,5f8ceda62224a5c836531c3b8a9df25a2871e25978de4512e95a83198b1e6fc0,train,True
4815,bbcd9a8483848af66dc5cfaa62a81013782296433b3290db1dd31776ff60a445,de6302f0d43f4ff29b8e4c7147eca404192cfaee3b08b5b66a91cbbdc21bee8d,train,True
4816,7e1a3ca46adcae45310fa076c4c83a605f65c64947421a1ae322b46490ce4070,434db003843ba54ec9c6133a9f0556b02d91f205b9098bc85a87f9fa5f5c344a,final,False
4817,ec6ad52bc2c5fed3fa8d506d6bd674d28cd1b5f0030d33d3c0f69f0218fcd974,cf437e6497fa29580483f79db2f0528fb6e662dbb2c854545b8f1e811a69da42,train,False
4818,f840a5e56c4c7d1958023ccce61c0f1d93f77d4fffa50b17a42e39fd2a52fadb,895c9a172a793ccb39188d7ff7024742445f33c0561367f8d13462d66f2de488,train,False
4819,98ba446d2d660a2670bbebfa849c5da74b60a353df0b1973856dc1eba5429d14,3be3d629eb3c3b0525a7d9cb762b8dd454512ad16f0598cce32601c3ee1d5519,final,True
4820,4b49c75ac686ab3e013047c4c32a649620d4fa65ba6d897bca118ae3e6a5049c,c8d5910e243a971d26ff9112228754d775a0d00a4541b9fffae0e503e070bbf8,train,True
4821,ed68ef4f1daf60b06c7206895d9dd1326df8f4abc1f7145abf858e052dcde93e,b5300a202f8261e88122f83786e82c4fba049564dbe3fd3590188d39c10ff17c,train,True
4822,3a3269810078887e012dcbd2ee941b2dfe1cbd8c38e5eab8032e8cf81445b669,8e1e2f2e8ac21fd7e317f825c2a175c6369f543f256e3e47714574a943d8808d,train,True
4823,e986338a1857b7ce9cf9f2ad058e8910f529b747f9c95e957cffae3e387ce15a,9471ba99f13bdc00332bb66f297f7f858dd105484385d69b16ff7a9306200afb,selection,False
4824,2c046aa62429fca7a580a18fbd5286f8dcc0fa6287031058d2ba6f446ff93c63,468503d221abd80708cc9c4df6c202cad15c1757f3b28a9884f36f2fce52a62c,train,True
4825,891e3ea3dbbadc7ebcb0fc7fad47b141ab0be37ad52cd98a8fb73b4e41883d2f,81fba76d714e7164c36efe3468c70638761345a580bcb094e89c735421820225,train,True
4826,2d926a371e64da73faaeedc9d07b894105e5179de9cefa2f5bdbc475f0f2e6f2,a3b61d0c58e52cd605130574a425934017cc701ff7853fe6d6e1b2d5acebc9e3,train,True
4827,3489b88200508f06d427ab97aec7a4e05f1c28803feceaffde7fc41c7f97db63,3d4afb6f3e4aab2aa77904091f0a13a8c33e8791e7c17f56024c25613dd08fbb,train,False
4828,ab6808dbcf3f8d87695daf0bc928c2e3bd0b7266c42da87126e6db74d137823e,9c43792e95c83669d35155987fd45a59ec87875fd3757a55aba4dea7c4695c25,selection,False
4829,545059413d7ee46cc17d04a64d0c84127046f82053e524f8270c9452fd5d58b7,6e563125466d65c59079ab9eac7a31cded17688d934b9b3a700975b6351521df,train,True
4830,6aff7cfd7e8bb86f54ba76bd6a51ea260c8c1d57a2c5999fe5419d01a92a567c,cf3fd952cc057f840b7720deecadf38958246eb2ed9ef6f28c47ee1c70df2dc2,final,False
4831,f8158f4962269fc9e9bed89bfb6dbfcf4e8840df50196ef3e5854d8288851415,d300b8250380d851ef5cf1611e8ade2c732720c309fe51b7d6f9c0356a029fe4,train,True
4832,b030f966363f5e399d9249ffa03d66ae6651b340991f0a2d8390610869d3ab61,28b53dfe552ea20e580ad3945c408d39007b594c734eb11872f539bc709ab790,final,True
4833,f6ac296ab772f0ed2059f6132c42005f718ec5272247af89b79e88305ffd45c6,1f6905960acdde5c329b08a75b20679b765c8b59da43f377609b2bd0cdad194d,final,True
4834,01a3c49560eaafef6ea80fcb838910fde9d740d5768cd9bc7dbeaaf3a6631215,440cd9893191357f307ab418c89fdf939a2e19e54722e98606e327db61d0b0b8,selection,True
4835,614342eb9b485ee7ff9cca20123202d159259acd4deaefa37ae96b8c27d9bf2f,6cfe785b605f14ae1444d9889c75f8f59d2a2de225ba48270cf81b2961e97248,selection,False
4836,2619a85d628a9387bd870ea2a6e3d49a1a9e75e2449ccd37a9c2bb11c5780ee7,0b24542c78d42cb20067292e9be19e78c5183b661a7301598f63aada061d96f0,train,True
4837,80d29c74d1797fb8b6475d3b3c19a03de2e0b51ac2fa1968ee69fd9585f96111,3ae64830627559d1c88dd375fb5ce1afc8b13ea1fdd7f0997a199c6ae54188c7,selection,True
4838,e9dbdd1e64c703b89d18ec4eb81772d2b83f2ea314ff55430fca921b4ca6a7b2,ef257f74e99e4d16d1e80b5c5995677863b001f38e703693803f34fd367ef4c4,selection,False
4839,d07dc595757410392a0916949d5d0f545f5ba383c710b09539d0ca6e05368c1c,bd6b5a8113005183e988dea237096708082e63d65338036bbee1e712a9e1fc70,selection,True
4840,7a1e729aaa6678660fdcd353d61b1bd77f0add84069bf6ae981e81ab73ab8aff,4961fc35515fdc1d985a74a0cfcaffddcd0fd74d13194dcc79db931ebc79f173,final,True
4841,bd3bb9c3a373fad028603068eb438dbd5c541f5139a65f35ed768279f96c7240,2fbc015cea483736dc156ee83d835282e0bd58186ef3645b2e78d4a64af09ce1,train,True
4842,9f304b3768ba1fb6a47efd1c3c500825900cd0a36de3e5448eb8c09f1f9d1701,b6f5b53be3830b8f175ecdd092aef05b1a1e38ec2706ed72523e9588663b69f6,final,True
4843,d65a3b51a35f8b2ac4ad003f0225b92db370d13cef579bcdc71420b8a637b663,796602f4cc266fb5f25d880500d2d2adc977ee509eb9a041dbac2a610d41099a,train,False
4844,9c6a8fe33041a81768fa9b909a8628ae6ff903a5ed93f307ecfdeb1fa79e5761,99e3236d7164d39059015db23145c2201adc62776b16e2e97ca743dc71897d3b,final,True
4845,901f40636257dd267ff46cb05ebdcec3aaa3deb184916f5d81bc9a7bef6c5efb,9b449ece527da11bd7d14279491a902795773c7e162f2ad992d750a9a5062660,train,False
4846,a175c6b22b65211023f23ce09d4138c6ac98c65a827778bd9f0e503bae4313ce,b3061ce324350715c67194526842548e4f35e1617bb44ea2e16298a6cf592a1a,final,False
4847,7a62edc10bd28fbe85766d1a9e8fce095685e15230abb143eeefd44c7dc825a0,0dc4c7e59fdc0c0efb3f55b437ea67a81d5122a06b154ff5694530bdb8a7a761,final,False
4848,6c0aea7f07c39df48244e5b2d815c4ef342b7159923193b15254a03d409998b0,de7ed6fba0d45d4c7144419838ea4658ace631a1275985f35a3c8ce5766481f3,selection,False
4849,fde90b3e55b164229815c019edadd6fdba7de223e3744ff8e8c5e66103d8ae7e,f50753ed5d3ffd190b6a711251bcdfa6bad5429744ff11052521c3c610c9f29c,train,False
4850,bc3abc6abc6ec24fbd5fc141b11f12b7761dd73619b3e32a9b25c1744281c0d7,575924e9fcd49ffa4ce12f6eb29a5deb6b3cc7d4660edfd4a05d703a2ab7b635,train,True
4851,13592665a7b75f1856f051847f5ecafd57b09b8935932a99f50d3d090d975945,0c5e1fe3a65e47a62848395681dbc20f0d6b880b7f69dbbff6c50a509e1605d5,final,False
4852,6397affda001e76766abce7b1836eab82c7884b4c3265ad6dace4132f1170bf1,47e4ca37afbed78e293c67f749eb6f5b756a3d4646fed8050ef5dddebc0dec63,train,True
4853,219225e66d653a8e340b5060dfd8d6403bec6371b5b7de7fafda011045627869,df914a48a30145567292e2fabca534b763a205b7b928820bda9967ba68f14d36,train,True
4854,c7928693654b39920fd42f82d8e4c21905f67f3391f17130b25c5c0891eaddbb,7a92ae3e882811ee57d435df78bc77d25f0cd327203045cebc8fd6a4454deef3,selection,True
4855,4948cf5701a43065d99f163617bb6802d98180f0fd7fb9fdcb27b1f959e6dc1a,8d97f9d3041a841007742460f08848a4539271a77f81f7acd314d8b9b55616e8,train,True
4856,0b15bed244440efe094a804423ee423ddb627b29f273eeefbf05bcb7d74b2247,87895c082820d86b836ef400c1693bb2dd028476c94767886595367f7fd1bc7e,train,True
4857,7712509e711e7ef705cd2703db129dff083f257e4e4457679b983b4e277bf964,a71b75c5ad0c05bddec8121294a41939e5944346f2b98baf15ab58953917fa1a,train,False
4858,9014c5a3de0ad1eb50a3035d8808a1ab23fbbce1b561d715a9c6161429af948c,0049befc73a09b5fcf8d547ce2b2256b78b7da549f80d86da6994e17d0c5a447,train,True
4859,ab77afcd33c30d89177799e38cce26bcb63431fabc5a2f042822e68fbd301985,661f262e45f4c018a7c65cd0819c79868e7e263074000c29165b457400e431fa,selection,True
4860,7482574b2d50b3b357e393b1b8e0116814823df82511b79143f721b824b4c444,a52f4e1b5a570f0a9a1875f8e357b6c5c2712f43fd5e1a5687cd62c0282fe42a,train,True
4861,7a0601a4644606ebdd97a4f94944c8aab453dc2ff135f146e1519936aed86575,3edf3dd043ca3154834712225396a63a91e85a6da76b417a531f14557eeb2f82,selection,False
4862,fb03f0c43b88a7567f0b1134e3ab8c3fdb26054ee1e1b59b9b1be10090d5580b,dd3c27163ee63c21d5b487bccee00d5f22307392ebe0a114aa05499989f23d43,train,False
4863,400913af7a2bca4a591f8008699ec13fc7424ad11c7e358e708136207fc04948,d75bd9d9c22fb1930153ced87558090330b492fcd93abc1fc94f6a918fb2aba9,train,True
4864,4b0ff900b478d3f983edb0721d48fc955641ac0460b7b9578ea1ed6c4ef1d9b5,80d74f6083f5de1f8ad75f032d063bb4d27c27abfd1a4a8cf36d2af1bc436b1c,train,True
4865,3126fcc72369c90f5dbe90db414ba3c19f739cef4633bcbd875a626ce38fccd2,42c6ec46bc0781135463bff8edaa1179cbdf441cd8272b590d661e364343ac97,train,True
4866,ee361c96fc80a6017de2a573817744e381eefefd997591a58bac7371884f4991,7d65c06640ff86c619382f0007f4ecd55c8fb6cbaf921c70a57e6e646083eef8,selection,False
4867,24b444629754c3f49c8183aed9636b608f4f103b35a12ed807e647edc9611c19,0d716bfbafe1e93368c774f77130058fe4abbde6e8f6c8328998083a957915a8,selection,True
4868,77d8bcc8bffe27b93ba076152283f2a023992361feef061c3be3352f33753e69,ba3a4721334da4f06c5fd9be6cc5f9f085385ec9df2e3445c27f78cbd68805e3,selection,False
4869,44724c2f682a214f6979f3f102154d54db4beb39de2e2aa7acb6a55c443e1bdc,bcc2e7879ebbc02e05f290a9a09d89f98ad09d82f311a581a4f4b7ab852f840b,train,True
4870,93c4358361e9084bf6d770964d7091f2ac4a3b15ebbc03eab0e1fae0eea1a5bb,e4287def63558ca07ac4ee2703d34617d7f7f2db814509bc2cae672fec079d49,train,False
4871,7418a43be238ab06b23197d60f12585c3f96917e5c6f4a4641609351758974c6,2ff021acf1e110b7366427ddd066afd0c6b3c4485729d0f1a82236355232827a,train,True
4872,b5691cc5aa3ba9ecb4141879cf1b93a5786057cd3e5c4a60c01c863bbd36d7f5,e6eec73873c16b31651cc2caace7b7e54509bc3cc8cfe2a1853eee064bfba57e,final,True
4873,e4358079054fd67a3b4de5154cbc8fc7cbd9cd63ac50245c338babc2f6d7f280,5c4a33bc9f013595896901007cff7dd2f5ea64021f1d3da3969de10a485a3251,train,True
4874,06bb8da8ad0cc801be731090194ae11d44d95ea8f3e031589d72c90d405e5c9c,3682e0dc2f71389716a3449fe6a48e2b2f8a6fafa6c0737aa173110ae47ad147,train,True
4875,1e826826c4cc57d52eba2c0f1bf2b08d19d422c9f6fb68e50e7f3d759d516b64,8ff5035318560dbfedb5d004673b745927a8c69b20e506bdedc581b42d8f0512,train,True
4876,d878dc09c9a7d21ea9c8578572e06a4b4cb2d1814c28c4991aab19b7bc430c74,cde65f2408123e467588c4d9401432d6a5bf6b78f1dd80e82787c02db5ea0494,train,False
4877,a0b25c3fd7ce18dc137ed50ff119b84ffed993cc835d70d76d9e3dc2cd55a6b9,28964a2e2c3d6d04050628b2c33327404f9d6f41255885f3450e0bf135765cb1,train,True
4878,29e417de0c68339a15a33b78ec1b2da565a99ba163b16245d9a0ae65d9d68b1d,bc10a6b7986e276cfa540b7eca05d647a242d5f64c9e6291ea21f44320ccf087,train,True
4879,b03cf0e34670c563c8fc1a5f272fdd13affe8866ae5315f5717065e07a7a12f1,da35981f07c98734111ee32291d72644a532128bdcba0e31d719b835686b0b5d,selection,False
4880,6cc702aef11f3ecfe81d23d3f699aad7a10dabafe08f8f4418e266577875d32c,d8b2774c9dd4b1bc4c11e23ce430bf0fa048693a369ae6f9bfecc3d5919509b7,train,True
4881,9e5fbcc86317243fa43e27669a41d80a571c74b2e2c2b3e2bb3cd090fbe88ce2,1f4af6f8335ceeabdcf4edc8d1b584ee76c6ebfd6ed020e3325ba7c9ad90fc3e,train,True
4882,dcd5ead52d83f94070d53ee6351d4d49b88ae90c7a984e29e4ea8e15b8228e4a,33cd67601dd6f042e1e98827cc5f9a56f564bd8cda79851d5ec1845cbc4bceea,selection,False
4883,cccf9e7bc71ebf01bcfec8da375611851898b8fb9acf3d881350b589d9236ac5,3aedde98628686e450b55a2303e0dfe5823c87694581c47000fa53225b9f962a,train,True
4884,e27cb9f17bf5701b6870f1f5f427ce32ed28c336921dbd7319cf0fd3560bf836,14dc83103be4b5d3a855f3082dcabb68189c3df594d122132e6d358ff702a9b2,train,False
4885,82b069a2154c05f80e2bfaca1c6f9e69b58be384bf18167b46333fe5eb81cedd,474efa13cfe1004857bdd541598e588a1bc581a7041d99c8fdbe064544af7ca7,train,False
4886,f467e5b4848d791a371817d980b019f274e0d62dcbfa7b47e59d8eff32238232,fb5fe7832aadd042d49b9741141b0a54ad0f06c48dfca7ab9c5f5693e445a44e,train,False
4887,60ef9d8c6399c5633a326c280e17f296f811d9230c06b924838ea503c21fdaff,62bef56fb6e800dcf6f3d9b5eb2bc32aa4c4707ba42b538bfb944f74652f0080,train,True
4888,e3c4da77d442ccbad815a90003865174c9982422cbbfa40cfdf1348ed6442e7e,bc42dc29f777b78aae0af098d75ff3b4450c29594c9996062c1f82f5c798a453,train,True
4889,3824a4ce6d811d7dcdbe2e7a84c9900305f4d5751dc2425be9028d49b33f318a,56a0dc3683cb3bf098c0193ac893976515833775c9751d61f663cca1fb4c8d29,train,False
4890,2762a91e716fa960c46a8e116e36911156813d3f24d38fee01b17fe6f6fbb71b,c08d07ed268937153b207ca50d53c7cd611286b77dc7cdaa8643cf86cbac2528,selection,True
4891,9790dc6fbd2ba2ff6237cf26c8fd37e8603cecee5a8a952deabbaebe73040c87,1b33f03275f0581e15025d3d87ffc270108d757bf61d2b45c058931e9e436756,final,False
4892,d1ccdc87fcfc8cd4a32327cd42cb4923306287d36df6acf6aed40629d2493a4c,a987b7e6fa749ae782db6fcb7d0c175b3bc09349c49c5fc8acbc4418c7566cf3,train,True
4893,0074210d3efb545b3d21693b8019ced448997e76cbcab007db7d2c679a112e44,a80f784fadcf2ed45857503e8ece39cd2db342a6b42bd8159c73fb46968886ec,train,False
4894,b4e2231f533472820a8003416cfc8c5e3d111200e7cda5ed459e9ad5c09c1e86,b23b99950fc6f16224c34ec9453070088a8004c2d693eea2e9724ea85b9a274d,final,True
4895,0f2fadbb1e106f0aaed673785cd21546f4648cf1571462aa993709845b45f7c9,921d52ba29072da02574c29e4afc0a8a7413af66a0f93084efe717e2addb79bb,train,True
4896,0e47f0473e59023fe0ee2ece9eb691aa3f4645ec85e461a0e3d3b0194cee6f2c,44d30721c222af83eb3012c593f872e5d05a6360cdeeb6e55470ae2a0fa6ad04,train,True
4897,3c10fcc98b701b7770ea2bd43d9474c7a274d9c0ae15a042b8e946333ce4d9f0,7bef0f931d98002d18d5134dfa59aefde6fffb7b66cc0451025697b710446cad,train,True
4898,d9b36fdc425605de4cd2e63272e2ab87be31dabd4cbbbb7f13c2e36cbad5c24d,789436084b0941861ae2e84d667484b17dc428e685750fd859fb1c9a58d81a5c,final,True
4899,a4e52e59bd29100e7bad4fb25bd2b5385ed9adc69d6408ee94269c29068e532e,8bc47207d149a6d3e074c57e94b2a831306bbc81dd09b56f471b30eac5968dad,train,True
4900,c60822c01888b36f049c2b6aadd7b815af54ccbb4de0c03164a130f960e2bf98,8dda82995df9a9ffeea8c2ce8f0ef34cfb4d7a52765f259a80edcf096bd2cac0,train,False
4901,0d51c980f403c16c5e290cf88f9dba5dffff8961d16b02f258fe3824729adb01,c9965cad0fa0ca720e49cade73efe87ae1f3d2675d21a79b9ad685c061e16de9,final,False
4902,6b75a904fa41abbbd9bc7019fa02b2b2faca8ca8f767eb7f1e008e9d98fb558d,762c39431197c35caff442377b53d86fc3db4f5999b49220c7b1b1a06369ae62,train,True
4903,28433a23d0230a6fd50dbbd806201a934454bb432af26fbf9690233f873cbe8d,6c73c0713d0cb6d889921fbc56ec9b02bc1f18f0136c30b077ce4d98844a700f,train,True
4904,b77cd498dfb47ce5f6ae92699fbea6b1583c7c388363d02f5ba6bde3e52a86a8,66c4a4608bd269486e4359e58bda7a9320ed24bd64bb21709cc00203e04745ec,selection,False
4905,1701777228598b150364e4f97e5bddb2e5e9a9df9db936d9a4f749fbaa441290,2e241edfb4f784089eaa337b4590ef79a6f9c72239818a7f0f6d98a530fee240,train,False
4906,0480923bbc543f7f7bbd153df292f9b72d3722c5e15ec40f0cd81d8e9ae22c7f,281279af0334d1d2a1910fcb6a05f571ebcda732499dd46512873f1fa7f5d95a,train,False
4907,3d198c7c218003c94f4158971389f93f23bb1e18c4bec82a161f21c148cd3f0e,3e101b9f071100bfb1ecb581f3e0ee318f45de727c771d5c8ebd3927194ef533,train,True
4908,0e3a718ab7168aa7c59eafca76537368dc72a570c74ba15f1eca206263df3d20,d5028cd33b765cb9a1981f3ad79e5e501a8dd747e3412c1b590d3abdc86a9d47,selection,True
4909,a443e26aafc74430b90eb540f0f8d40edb39375e5b0f6281265bf6da2f76ec3c,dd128b11ac50c0e9006bb05ab95952b9f3ae7c6f55c0b3c9ff29f602d6911ab1,train,True
4910,dd713ffa54179236e178d5ba5bd08f118717ca1ea1caafb70a8402c0c51fd390,323e7ce74e960f77ef3d0e6e746c4c0334174ee94b7a60da771dc32b1c7a328c,train,False
4911,0555f7dac1027641186eed5f32f36c6c33736ddc49a0a95a0f97a208b09ea04f,90ad864eb90dd793999c376fbccc3b13ff039d88dceaf22b399d56bb5f0ac73a,selection,False
4912,d1edd828bca8026dcdb531f6e4990ae1cf9917d856d8a471b5e44a97496fdaa5,5e511b958dd0141a61592efa430727c628f8b6d37a063a845c5e71a0e52ad8b8,train,False
4913,d7d10ee969f97e5d8c54e328af6318387b4463a8116e538c4b8b306b17e7f9ef,09fbacef363cd195058fb3fabfaabf0fa26114ce9513d4aba4aef920dbfeb0de,selection,False
4914,cb193a959f4b26e19edb5ad296de035e607575871b85b1f28499c26345b18905,a0d3653c219bd2c65a758de139593ca19c9754943610ea366d5b903d3b90831d,selection,False
4915,de247b1808451cf7c52702967fa7fa688dc87594ad482f45742d06c32b2e7e11,359cf737b42744c356ae61d5d32bc8b751f67ff13f1e9fa80f25d5bb7a95d85e,train,False
4916,84b47bc9975fd9646a0aed278342d72660157f02ed964e34e81f7e53be585b55,c7f36b0d0d3c00656e0be69c26069840e28532167a3d9200595327d5964e1429,train,False
4917,e13e510dab8c1b4b8fea00744d5a95e1a7a6f505c2f124a1e3fd32baae1fef8f,6eca1063334f37d74dd84b3b8e76ebca07958494665a1f026a0f9f618e72ac00,train,True
4918,2354f2f44f72dcdae75d3e556b007ebcd334f10779e343c1ea2e20cd15965185,96b20986f0bcaa68ce3c403a5a452047866ae7316a8a585e1b6c3ed56319ca10,final,False
4919,f5fac69c54202d2e44b0b07d34f0785cc99c27472f40294b53bf615650a598d6,6e46525cc9dd134e54d38425d98ac41389fd94e6beb5fcd8897b8c743d08a475,final,True
4920,d4027d5b49e9c633c05b600df7a78f65c44e03d4b80b04e3411f9c874c4cc96d,842e437052c2a4d64227a129a46d9707511858145210bcb22f91df1052e07dda,selection,False
4921,95afb9540327fc3f3bb135dbb473f600a0b56d7cb444a33d10c48988e3d1393b,c96b71b3a1718ef1da9c54569ed0947b715e8b47dff76ba6ff552e750b9acb3f,selection,False
4922,f169ad5b751013d8aeab8c61421ccd5a74c8a3b20424eb7d0c691e07bf203c90,1951f5daebaf83125810d904dcb1aa2019f2d85fee888d3d2e396460b01cc448,train,False
4923,81dcdc3b27eb7d1b00d78754cc977a4ed0696a073c01f84ff06e92b8be9bb638,8a8bdf3421a5c37cc5364d30ac1d6e7fad356c8878d9948b8e7e07b02577db0b,final,True
4924,c541e6a6c3c97f678cd92fea5162a4c991b3b1e62138aa12fa0c78688cd7c60e,e6a1b5c0021f0c9bf0aae19834ddae016aadf8cc58a846f386af8f66388285ad,train,True
4925,a92762437293361d49f60a761b314f765f2983efe45ab7155a4c46cd451d7a46,63903ead9ae59a8c9a01ce0c61ec4a92edd7b900896359eeeb9bf882e564e559,train,True
4926,1e843732f86818c189aada22f2ee9cd3eafb92f612c5627962468a4153de66fe,da92c9583131d9d0480292e6d63ee03bb1a061b885fc5a7d58e7f88b7e6be651,final,True
4927,165eb46a906d93722a575c5daef5760a9122e355d2830b660be0e72fa6870754,0bde37232ba7002bc1ab931991336dc7927561bfa5e1674c1952f71050881b31,train,False
4928,ea736c116c6a3976753bab30526403c1efef67f8d90f6e21822101d0ae300d34,1def4eafe7f855972ab8db7b897d848cf64d26f5e38199ebd8b57e72a2e14f38,train,False
4929,87b0ea0b4a14c0e8ee0d2b6abc9fd48cc3d0d8df8f684dea423fe71e4473f0c0,d1edd0c05d54e9813101618f58decda1e72879514e1926658e037dbd09fd474b,train,True
4930,f7e2284c209716971651d047a79da5dac7e4f1802c7d5ba3156eabd30ed5283e,0b1cfe5b00964c694f0433d9d0a7920213f2c1f7bb65eea267874168bc46bca5,final,True
4931,0b299b59199d8e2c5a408ca17f7c5ef4ad5a7c1d5b3ee5c0aaceded72baac304,8b212f282818af9bc7c238be55a583c315e3ab780ad83d8fc3e8ab55c7139dda,train,False
4932,96c770073f49a444634f0728bbad217e912af6c28407b4bd09a59c1883d8b85a,9302c7e8d47246a56d5935e6f2b834b1c91f3fa020ec27a603f5e9344b115a00,final,True
4933,90dac98db8acdb58db675b18df1d6f80c05c88a8bfe4597b97d720a816809f72,3c8a0ed807de475cbe8ce868dc6131a202ce618bef0f963b230ecfcb30d393a5,train,True
4934,d12bf4ae5d5feb417dbd2691a16fb6ede4c4a035ccd5f07a73d58fd8b9f6a1f4,7fb7101cc5a730036d35638560206f20f5481e02d8c2ad6153b03d28915dbff4,final,True
4935,a3a8449393b64e4be00115c08ad3bbb6fc8c736e310c5c41c3c6d4bd9e99132e,10e013d39be519edf1533ae6e07b10f09b0fe6f13768b5826099c1984911f65f,train,True
4936,51387f9a31594401c94c250d09b8603a7dde8b8a83c8d6961bdf6272015304e8,c273adfed3f71583158076b0861768dd6abe0e1fbe8b16efe666dc75d3735257,selection,False
4937,64f9527bd9b2e727a972dafe89e75c30542e1ca5dead4190905ff6b851138a65,ea1da9f643cf267f9f54ce82b99ee283b7b66e54c08c7619b1f4e3a2cc023c9c,final,True
4938,1c17a2c1a7fb0028dce6fadd4a00684694cca50a4d8c10807dd0e1ab0c6ad942,55eb7407687906511f306ca7e69a1dad23db9635382da1f87921742070e63233,selection,False
4939,7f6f73009b9ba1c86f83a3082141e26656e8cf54c39343b0b2cba952fe45dd0c,84bb8125acae80c7a3f7f3502fd65efe40091b67301615f83207f0a84986ad50,final,False
4940,b38aa487be4211126258ac6259747dfd5bf2767ec211e2c2c1908a81adb57ec4,6b0074f4dda0e7f6f6e873b790a073b407aba3f7b0620a09c352a896a0569e14,train,False
4941,bfe8e524294e615dc942324ce93eab2a2e66f71da74e786f2c63db93f5490dab,0457b1454a34e2397844804c24573e97f1cf610ac50b30ef35001449defc61d0,train,True
4942,510597c0ad8470cd530fd81ff9ae85ba7986e866925c1338c3506f490ea48597,5da2bc4be33bdd5e2d08a81733837724172a7dfc6cf86a5c84b27bb674c3d9b8,final,False
4943,c4aa729494765edab9ce2a572c463ab72499eb8f9e8cb83916532d3dcf6b7e86,57a68e4a4d7e013ad86f7a3f274f97126d23b9f9ef7b18fdc4d1ccee1f09c295,train,True
4944,3b724e97cf45de2e1533ab83505ba5e94241210f99f190688d5673c8e99a6631,0a4b6e2e96208511eda53132c74d26a48d07866573d396f361d6fbca3ef10800,train,True
4945,9e5b783ecab96d84fa3cde340098553c267eb822d3b613a156307becff25c578,3d269d2d497e763b1a5d8b93544978b88d8020dbdd3ea26877d9009c72f16c1f,final,False
4946,292bbe15c1a2c4a1966f35f7fce33aad2587eef9afe350a7bce4c72c898fcb45,5ca58c89c3674524011d9e3bb0c4b0ad0c2e8ceb85c8442e56f1366e9124707a,selection,False
4947,52aa6693a027064997ffe272d52e03164cef027e62e26b32758f20732ae2ec54,3a3ce4df3332f1ee7833b0cfd2c9d1f7b14bb6f463b07f4727df3d0621e3d47f,train,True
4948,0a744a698ae3cc4d0bb647e8851c0992774d2a3007cda1fcdf6c04e06dad63b6,be6ab38929cfe789a3b21285637a067c17f7fceb8de2e1b69f7b078f4cb8332f,selection,True
4949,55333e5703ebed13706e087f05a9174662b77b57f4d39dd80a96cc0f25a3846b,c12968f216853959f92d2e3c8ad913e6826057ed2d6514f5a8220465419f9483,selection,True
4950,79eb1d847abe882efa0fed45dc3c186ea3fd41e2084634c303894b3eafdae724,1fcdeecb344a349b1096789c5d7492f7d640274856657d9b4070ea443d339c5d,train,False
4951,61dae2b3291a4e1a7fd7fa80011929fa7f4679764719c5e5af312b0702a54140,43ef3f9c81c769e02ada43e97fb55afb848a550ef764d7e6918732df8e2ece75,train,True
4952,532854b53d6d163f4f17002f1015e7c31b4d8b7347ea870b0fb44f558339a54c,2f24177a52d791cd66f2bc62b90846f3d453c43f4f9c6efa30a700c584742d81,selection,True
4953,2acacbb19ae2e8d783bece7ffaae4a853228476220d6b309a048ed8ac53e62fb,09d7697cbf12c956d9aa5f704e77e636ceb0a44e72575b0a0a2288f47c9dfabe,train,False
4954,cabf9dc511f8232d024c91e51411eef79e3322ccd3ed0aa1aec37964a28a95ed,80c8d85394c587b784e7ce4f280d07ebb40ea1db237d8f728abddc1a4166680a,train,True
4955,729d33b866609d2648c848f7f92783e30290e2568e0b2d352ea838f8548acb3a,703852bade68921c807fdbaf72aa290af993429fb7994f8ea93c455c9074b26b,train,True
4956,17cc7f4e35be582ea85bfedf8429f5e0d29176087c6d98ac5c02e6cdd1ca8a43,602a93249fcf5beaca386e567047a00ea0c75531bf18e83e9d1ce05bc7ec9201,train,False
4957,61d4cd9e79c8355de6b057a236a269e361ca0fa796e495669e34e04a3ca6107e,b95945019161014c99bd61d531508a1cb6413955bee3ad7e82838e92d2fd0fe0,selection,True
4958,44f26c767e341be6cd45aefacd0803acbccdfaf6c4ffe7e3de0e83f21ccd3f5f,2b1fc735b37f2c16269d5caaa8a7cdf652926549322e4b9c34e564bc683bd4de,train,False
4959,0771492824379656f283687b7859e32cd6974e72925a8ab9ed1205eb9fe70f92,7d6a63e962185ba3c98e842067860c9c9f88025aa39724421cada0f3d88d58a3,train,True
4960,3fa8ab73a9582ae938d8794e6b5af4c9993e57b5fffc2307e3b3eaf48914762d,80e16b08f0217d7ffe8c7dd6818523977ed830b86047e91f5230c5746a2d6df7,train,False
4961,5448c60047f36986d97f346d576ac6834f490b423de509d701b09c2be7107fed,8e563d9ad7b4ea5cad7144d322abfa9527564a5ddc2c15027e54bc1368cb9c83,train,False
4962,13d12f88c16018e3e80ec2467fcab4d3747b1af7031388e72846257b6bd276db,739dc1009b51ebcdd0077a13ae1db14c99527d6edba342c1621d6b56373ded70,selection,True
4963,d66dc45c5918a79a6f240c56736f6d0d4f6e98dbd973c8bb713ee667ed8fc399,08d8324b38b89b3c8f525d22367776597589e9dd3ed666da28e0876974253d32,train,True
4964,1997e1d1502987c8d88b8bf29fe9674c0990ca50c110bdcfdccc866b0e5f5af0,e5db89baa89c89c742575455be9626254a71a6993edf469fd57c4a3f6548a618,final,False
4965,2e2dd8304ad255e2a3e1ab7b14447d35aa342ea920e824eadcc3377eba9e32cc,d6c3ed32d53922059aa4c0038b6d997bc692d2f9e0dbc75e2f32698ce56c9ba1,train,False
4966,ca822b4fa43b24e0ad04a3dd3920488aaaf0f4b4a73a5489c8e7d86da603d475,69ebff853794531f40d48be0e14ea93c7eb86af8b91fbd4938a54ece983a7b52,train,True
4967,75130df24736692ebec5fc604b18c6b1cfa7cf1571ac66a3fc98f34640946543,1a751a50ef3ccd38983a3669ecf2b0ada6443f38e55a62d274af07524d2cf602,final,False
4968,a853ee77cee8cf4b8111a97a4ca01e638f76e7a1bd2601cace88d7dd8acb0647,1c63d7c92ffb5594c6dded7b120a4e2e63f896558970f3a2c0c03ff69756f661,selection,False
4969,7f6037d6c19b113233e3e198e6071184e5c35aa37c3845e9b63b22f6d5fad3d2,a9ec4b1f14fde6b1b230452cc0d448ed62f81d7534cad6d98087a8f20404d322,final,False
4970,ef599b10e19491aa9543455e0c566994612acf52abaae21bd498c4604509bca6,d5ded6146b823452cb3cfd9821ebafecaed4ffbe235b05836222200eb90e0a57,final,True
4971,4ab604806538c835e18cd60d4b0a2757f5f9e88fa3890092339412f69c991cf1,7636f4f51ff1dc1cae8dd62f4b6d8140a10a1201ac3308e605d244f845d8b497,final,True
4972,f83d01d7eb77babe461fbdaf218b54a9b5ecbf7d7be505edda36551e7dc60bae,8bc2dbcb9f534a0a5f0fdff7f29166512baee82886a4ec357363bc2308923ec3,train,True
4973,38e08aa282e3ff7a75542e51adb8bf149acb454b4c33972c064f67b88f5dc430,839f1f073aed7e316ed8ae3039c8901ddc91bb457f51757989a3adbfa6627661,train,False
4974,9db9e27585337e831b23c9623d858fed4664124ba5ecd0b875bec5c36b556230,2bf82daf66e00f13e1677064dd7154d2ab61d50ae3feb825c14b60812b2fa52e,train,True
4975,c4b0b2f14613954a67e3f80be39f56afb14a5b0c5efec94f524f856629c56bdc,f266b042cc37f4713b8e59e7dc3757af48ead549d5b22cde6cf72dcdf791cf57,final,True
4976,ecb2dd4326edbb0c216fc1728b0636d53bb76acdd3f554e6803ac81a66290269,fe88d39aa983a43be266d080bfa9fdda47b550bb9499796790c6429805fa8d4d,train,False
4977,57b4b1013239a85732b2d5fc25e35dd9d2ca9fa0f88fa3bff9a5b21d3b54b7e9,a655e69d086b8f4cc0a4c73f4a046b19b8921aebe3ad0310f6fd7c1c08d396cb,train,True
4978,7eed467cce691bf0f64230915285471e15504bce69c9aae0e3207c00ad482d5f,68e7299d4a9ed3e5240880b15ca4427d22912b45615374719606ff24642251ad,train,False
4979,48830e3b5f8974c8706f53b2efb6f6c8d25b8369254bf7e5d2100cdcfa70c710,3ca44654952d3f25de8c4aa1c87e2db7cd0e60998d33f1392b119a02cd17f322,train,True
4980,6fa7d95279e1fb94fa8571654671f783d5a9cd0052e19d061baae9228d7457ba,6f62aac7d7785a9727baa69adec4143e42788d0c7641d36ada0a4c5bbb428743,train,False
4981,2426755f0f55432db8d1a7f868d22b9fdde8c521b335d0cfe22a84f9289b3d57,2752d256896e89e06297b422f5406e0f920fd490e7e0c7f260cfc79d0cbdd8c5,train,True
4982,2a7efa794774f27d468e2e5d098406919ea0ac51e30c29c88bd67c8db49537ac,fad38005eb93f532d19132af37c44881421828eff32583163f6a9a26402ad5d7,selection,True
4983,c896787b86d51a38d8a95247b95cc1a3298d8b862214f1c60f1cadb48e7dbd60,8bd3c21bf4bea2bbe507259cc65e6641c5bfb82f21ade14e2ee9414aea4b2cba,train,False
4984,09e03630faebe36e472be8140c242c9cf9161a08bcb1d71bfa0ea9436f7559e8,2ec7f6b3961994ca49d3ed0d2cdccf6263ba719bf6b6bfd45449495da2e361bc,train,False
4985,dd122cfe1d59bc396c3e2d78ff6cfa92fca3a71379e87fcdf8828e6089d114d1,ce848a14a29988d4e03ccfac5516e8b8c1d51638388d6bc56eb061cf0ac8a346,selection,False
4986,d9e10b819c532b058c986a7417064db178b7139d1785ba101e931f850111bb98,a45872a03c209e876a9211a63fef4f32624a9cbb378c4c299e0b09563ed7668a,final,True
4987,c62e686ea0df62f7db062294596efcf608a546df7485d2ecbe3af9a95e1813f1,61f8cef9e28337fad851f8b834716e0c728b406a316b6402eaccdfc294f6bf66,train,True
4988,edec2cf4f420531bcaf73784102cd18891e2e3ad96ee59ac5ce40a0826a8ed74,7892f50913ad18c336936c7e69ba2a97f7007a3f8089206a4e7c38d86fab5c98,selection,True
4989,dcb47c787d979be1fc4fbaced0c00e30192d5f64d90ffdc6675191da04fc9eec,8de7d5d97a16c27228eca822c3230ef629dca8ca3c3a9b46b285e740a95b0998,final,False
4990,6f8ee1dec89aeeac2ef9ac2dd24bcd3b760f67f8f7cb9597d6a383299d980cc5,91052b96fbdea5332c3395d22c20b35577806bec0b50dd64c9004cb4f5f4c9d8,train,False
4991,0050d284fcb3b3cbaa2b22bfee0a797df577c239d8c14c50e23f2ed7cd8a9b5a,0c9bf8045ce304ac6dd8b97dc677d3c829d46b52e429d93acbb7eaf5ae15c652,train,False
4992,d53dd58cdafe080478b5e076d57c399dd3f78561df4390df94251eb0b727b68d,d1233fdb5392f0675e08afccca5f3ad933a409ed35f5ac681f9849c42a26bb03,final,False
4993,025628c472bc9cae3113d38ded2ac5996f23a52f9a84183883f87c26aec24382,177e6e2b749f4cf8c03a25c7ced841fae03eef235f92ed39f0dff912799cfeeb,final,True
4994,74fb1882555ce43fe4dc1cdfde956b37b965990b8092a35ce4aae35a30abf74b,a7bf565f7199c5cbe520b0f5b09f630283b89957ca8af8036174856a08eb2947,train,True
4995,95f8542a870a76646efe4fa160248e8e5312e296e5bfe42224d470687072793e,19787cfb43f3cc8a066094f3eebfd7a20c248c35a85b17b6efb490d232f45d0f,final,False
4996,c87e1c9ff425cb293d7dafb0dcd44381847121726f09299813eddecbb53c8615,6e73db0afd0ca800ecc9aa99923e1bb531d9d4a297887ec80bb42c5f7dd2342f,final,False
4997,c7dad027d1951bbacdd7775b7c88358f08373642152f08693bce7f7ae7a022c2,58b8805d25c22d27dd0714f2e1ef76885d581b1d0fc06c355f5bab2569d824e2,selection,True
4998,491f9841a8276bc7445e6bea7946ac6e964182b6760a8b8fa87fbb37488b31c6,ed0db73e852f8325041d27ee6fe5923ba4d4f2c9b66a1eb27cfcbe8bd5edc9d2,train,True
4999,7054647dbcd18ff756de804dcd28be360ef2875850f2a6c1f4482e84c46c031f,c9898a13cb13e0f6605f3e640f9cfc8b1fd1cbe053a98cdf8c61c8ff28cf1eb8,train,True
5000,ef670c9a7bcbbc98bc486c60078a6435563e4c63cf33f3cacbbc6527b04d5dc6,9d43cc561c2edb195eeaabecfaea5cce442fe0f35cfb2ab34e41ab9587118a54,train,True
5001,50d46153721308989bbfaa22ac50ca4325cb1eec25163fc937ce001c2e471418,1f8557458263c7effe211f09bfeff59cbfc4ea618211451ca7100c94a23034ea,final,True
5002,f914b1ff1ded5da9c65af3927cb18566d6d4dc72efccd3abfc2cc25481d35700,9f0efcacd8b7d17c7082d2737714f9cd8c4da763ac2ee530d846b31597aabc44,final,False
5003,4f07aa2dceb918140622514ec3d14d0e6a77d788f790f3637d27f1bba55894cf,536ab93ae42bc843518c2271c9b07ea72861b13e9c0368996367235e8083236f,train,False
5004,0605793cb2d18ddacfb5bf8e67e5a53a35ca6ef67f341d58d534c7e44682de36,70cdd37c233748dbfa26d81ad3b8741a9a1651a3a5649a18987a468ddb8d86de,final,True
5005,aeeba69daa8c8fda13c60c0ed8fb734070b264d7cb7c147021d08133ee2b85bf,15ef63a7b5285d3d1c803cab2941f3d5940b0c07766d24b3a4ab0c8af9193ec2,selection,False
5006,6373cf261ab05b7fe1aa4a5672aef0e39c4cb58504eee557c7cbaebb8aef7b12,3cea9a28b435fc5ed00a44aa1ad3c258b4fb63dcc9386fd5b1b6708d14d019f2,selection,True
5007,7bd9234c00d0017e064f8fd28165fd060a162e030cb6e0329b4ca312728bd13c,2f4eb7b2474c7624f6059791e1ae26cb2e895e39fcc90ccc5ee32670dcc15fcb,train,True
5008,889836480fd60c91fbf04b251f9b90664a5449589b83bcda77b8e73e64e201e2,dfda7d98c69bfa3bbd93cc00fd9de614f67d065bf37ae286f43d06335d1c68eb,selection,True
5009,8757e686f7a802fdf8aa26d38c8f16d011ea1c180f6d1721deca3cc0c903271f,1483193524c467f95e044fd2062aa29c9697a70cec137dc750b3ba03a5e2d4eb,final,True
5010,9d0a0d8212616f7621716386acca3072775f19b4f652b9487a568b0c8f8fc624,4dcaf40014fd451dd6d8b1722f160d52819295f4b854a1a29f9b9cf453f3028d,train,True
5011,f568681e6875ffbb4f4cbee12af90d8feaac18166af4576316e12e96fab00150,29de5efe788afbada505914f3637f2eaae355b694af4fa8e57cfaab272bbeba5,final,True
5012,6ba8444a79d5fe6d322d9dd347b9ec92675e9d42bac56109d76012365e8db60a,99897c8e8c382a408b776fda8c2a98ee00b87dbd7cd9bd8032ccf654ccee3a32,final,True
5013,3a0570274b62247e29e25ae98c2c656e169d1978c97e4db3dc468243153bcc94,ba228e754fe71d99df8691750ed0821d00a0efd40ab8fc14cdbb21e40828f38d,train,True
5014,5b00315ab1db00d8b05e1d30ffa109ca4810cccc9c81f2a267ddb8a0df1f392e,24e6ded7cc8a0addef7c73c33f3ca7a5ed79ed48b8df4ee6311671e56238a415,train,False
5015,39271fe2f0ebab886496f21deb02132c4a9c05f150af96bacff0475de66d8ffe,4303a3f1ef8bb433833e2c7bc7fdbbb8b8265f51b8997470611d533003ee50df,train,True
5016,983283d80592387019a31ff3ae8140791ae10b5f91091bb5c0aa704151e70533,ab6882772cb92382e0f29047fd033887d9c1f3da4d1547bd54a15bbacfb68830,train,False
5017,c9bbc43000b88589dcf48ab88279d5a51e8177759788384a8120f114e491fcfb,eb8bae26bc4dc85d8e10f4b158841a9c8eb25ae5c5db33b342cce02a6b4e236c,selection,False
5018,20f69952d6638fdbf2ca1c32800f0b1aee4a3b3f92f1ec6f10415f26a5f23db7,d4f8892ae17f2eb3f91df47bb8098024181a62fc1464aa24052591b75b027afe,train,True
5019,34547f095215a851d00c0641a93df0665b0b5c8016bfa4fe8805eda450340336,e06cd0147a1949b55a66a9a6dcec590b08329f36571a3312185f0c88dd276078,train,True
5020,96e1e7d4f7f812930a0d865f750a8dc823c8bc2a2aa954016bcce3d076bf933b,e161132b168eaa1a61ce820d95ef1de24e500d835831a525dd2e4dfca7cd8646,train,False
5021,554bbe8a20f3b81aa79f469c870f69770c78944bee1c879d08e639ee618f0455,910ff5384a49de210aff23d4cdefea93e36e5cf2e7489f9fa6109925e0d1bc7e,final,False
5022,512bb05daeb290f839cea5947a59ea42a652b3be28a0cc9b00aca48e8da11641,86b6b5fe6d15d2fa739420a840b1f9236a659210de56921997059b552277f3b6,train,False
5023,9c7e1caf05841ca942ac76f1c59816d2922cb2f18518d65a20357d427836e7f8,cf9760b3ab58138e82f46e77bfe204dd26935bc68195bf20982da7d5632d5d89,final,True
5024,38ebdbf14bba85597fdc3d98de65ca60ba4b269d63d8dfbeaaf8052858d9c178,f4992f8339a621391d8a5623b994a204ce433fb44a03181afc1a43c2af15a68a,train,False
5025,80aec79bd10c466882c012eee18fe97eb03f62c2fdde61ecc8c28ac7d8dfd576,b924636a6c0fcf9ee6dafa00dbe620e924660864879d1753c7bde4c97efa6afe,final,False
5026,58ad1250c01a2843ef74b8aeef20d0b2576d94dfe1b16fa5783bbc8316b38699,b1db1a025284cee88b3ed85f5fb1e07c1b4a7590993c525f3d5b0508389fe7d0,train,False
5027,4e1c0d9e23eda25a58096df039c5a9ad7ddede2f44a08403d735a6674e492c86,965c88fd4d9fc878c5e96f7b31a67f98cbd76710aa0cf889fd321a92c0d3b896,train,False
5028,99cb993a72607402e3dd984db2288c58448ec2bb0c7ff462f12f630000f66e48,6f9c8644f4579b6263b6c956c3b94b8bbd3b3f34aa4d9f2d37fa3ccffd8dc705,final,True
5029,50cb9bc3a7349bb5d13ad40e515c2b480bf80c0b183e42a675cee748cdb8f03c,6edb048e5a131150d0cb736b471373102c88843969af39db8f44568811381226,train,True
5030,239b44819959d76b3e8f0c607f5397a52c7a28a64d694cc71849ffeaec6a116a,0c8597d9215ca4dc68a78d11919cf86fd17a7df99a2ef42e28ee26f25f42c7e0,train,False
5031,494e62e959c5dddd61226d8830c998e832155a236c201a1ffd257be2ab715ab5,9e1e712a5b57776fe2a201a38782fba3b7ce864927eabf9c755eed7387ddc23a,selection,True
5032,1ab97d0e2e9c96dd848dc7d47c1980f309d81936a4192cbf4d1a6301aab9d292,56303ec6711d068017501f1e6f3cb2a6a0e91448be26fdcc4da30406e5ea2c4b,selection,True
5033,febb652f4bb4410ab140a1d33373e146aebdf179a019734ffef091489f1ec28c,bbe43fffdf1cca3b73ebc24a45a14923b1555e0fc8722dc5f2e00a995b329aff,selection,False
5034,0aa39a7fe1ee4c7950be23cb3da9c41f79daec69effebb9d81e17bf00ede993f,27010ab9735b7741459ad80d18f5cc6ffb01cfc6cc2316dccefb0f31a0577884,train,False
5035,2f23db296f72799e53ed9fd4847b71f4817c4164d5754831c08f100965503397,e675804e2106539b5327459edf299f5dcf080431b8d8d99763c3c249f19e8e65,train,True
5036,14248fcc7045f5ca1b5cde70fa18e21d8255dffa3f3b3b1461d659efeac3c7ce,26b4beb3d20164ed98ad974e766e90b091e9a72f5e2482ed8a47e044011834bb,selection,True
5037,393414d41a1482594d9fb8948cf496639d295c100a5ffbc65daeae85067205e3,79627e92c4c3a78bc2eacbf4fa9a4c2e2415c88a048c7133cd79f0898816b5fd,train,True
5038,be6407354383ecb974530504a7371434c33ecdf634110c95a9e17344fc54de91,3a5f6744b6593ab3e02447374b1d0b16c50ca919f6cea2247601b855c7f5ec06,selection,True
5039,92f1764ab26af010949e1db0e820b0de38b9d62a3c5f9418b57007b8ad5e1368,48eb63efe14616762ed7df32face1dcb565f1bf3a1dd586fe59d9e34e3fd81df,final,True
5040,1addfd6ae8f513eb0ecbccd42b5ab674433ab4870673073c624b275b190fe9ba,3c132defbc7f23e4e2132731bae6cca15984d5afe629b1c3967f774feab66efc,train,True
5041,62ecf9fc17feb7442ef8d78b8dfd02536ebe28f59106e696d3ece803674aaea8,07df2fa64d5deadb582211d2d50f797a53b8c60743301f4e12f45dde6f492cbf,train,False
5042,2593d37e6b907be6a096878720596088b3dedbcbb530f9dbb327fc98d8571f0b,1b3daf8a5997a518906d9152ae7cabb5580fe99804a6de03a3652514ceed95f9,train,True
5043,5dd190854a5932db9a74557935158b7e252b849a0b0b6a4247659f14fe1c7c64,2f0b8d3b951364e7d452d51429cab38ef00dc079f34452f8dea2e7ad6c901d27,final,False
5044,8aefb39253d6aa5cd5e2e3b7b6e9bbb62539ee8abbbab8b2ae88612e2f20af47,c330d6e30a4e36dfbd3ab2645161f6dc73ac24fb5aaeb0d6f0a472ec00a159ef,train,True
5045,0e6b1b64e1d776874009cc7c805cd1d304ac99784556e9c96fdca791c1eb3c4a,e0e8399124f1ae6005d9decef3ceb80e3ba343625163e61517187fb834fef35a,train,True
5046,767b8b3d036f5c7b1b86c92ba350f0d4dba3c9e16e245de4de30285c17482594,138be530f6a53c018b6673db8d45211f594f6e49e90dfaf7454dbbe1e49f56c5,selection,True
5047,d254a072cdc88e2e1058b37fc5ab6fdc1fc2906bf88f618a75e8ef7c3294ee86,c489dbe5fac7d41413b0fda8c6b73fcba337dea84906526b34aed07cf2b70046,train,True
5048,392811dcd788456f5770d0c8fbc16699f0ca86570ba80b744ba255dd3359c97d,6ab873604e3c2219ce843baae06de53054a8bac995e733af09f18164e51331a7,train,True
5049,55e9a01ddc24c224a6f304faa20cf2c7b6049e61f404f048409031e8ca7939e8,90fa3d8767963ab9e930877cbe890b6608e95cbd79387cfa45a8f9b4c3a9e9f2,train,True
5050,85fca7a243367e5e6ee345a0a672ee0efbcc8cfd0d2da37f3a069bbd7ad8a9f1,1bce466f1474ca0f3bdf1f62fe3114313f0f0a8ed60351be3745abb7f167ec86,train,True
5051,79b50e057c69203e63227472957080f213d796f1fafc3ae4035440394df803f3,555102b57563566b0cd21a175688956cd64d673e6fec4c4f9536572c7252df86,selection,True
5052,9c11d265f2151c05d809e6cbf28fe377431a01ee3f78e0357ebadf3bb8dbf06a,8f03843861307b776f54329c7daa1ec2a89984b55e3ecd196ae1a17e40743cf1,train,False
5053,3502f844f212bf485490016ca3fcf25ea590e4cf30eccd8d760a5ec39b2436f8,801a88420631010c48859b8e7e90d12a3dff09f7c70ed791bc002c426847b2d2,train,True
5054,2f54682780ce9da87d71eee55a24accd5b4e452626d7f91232c26d1cb0c93655,1b49a499b18a61a769433469f73c7ebf01b2fb12871d8fd65c3ef4e2829d6786,final,True
5055,c8fbd0ae192bed165b07ddcaefd54f775ea911626c42f1a7df1c9844e633c363,62029f78d38d9543c538cd87a82524d821af44b834bec83a77a44e9f49862275,train,False
5056,bb41a625eb0b56a0f590357d58713e5a6a8908e7e60306af1f86d6de42d2d232,19655cda4572e53f277a5f1a08370ae0e261c23f7260c2a2ff394918adacef09,train,True
5057,481761537d2d94628d004da44525ea9eb42ff4a8f49cb962372e469e541c5baa,4fd26adb26547fc6af524e7c4adab1d87b3748391bdc5a8962fae7ad4f42fb12,train,True
5058,103e756b805f1e9699bf4ca8cdae3711a28fde010658cef1c4920c70c8859b26,b8bb626925a350556e3875a5bf92db8ebc116ef40a88850dc63f066e5357fbdb,train,False
5059,108f6cc7ea516c5987924a958eb776f81b36846925887ef7325d588e51d4318a,1bfa19c4f16688c508027f60dd0806cbc9710160c1fba2e774c7dac6109b995b,train,True
5060,bd520e1838a348b8b5356448510efa34a354a4091d7bcf2808a8bcc039f8ab49,7e9b856ff2cc21ca3d5e7821bdb059ce60d7683564f2fb34b4525d011c933b2b,selection,True
5061,0f0311ee5126e7a9d09ef26a8a3bc5e0f3b9ef05effe44e7761caeb2f98ed5cb,e3b6ce43045a855a6708a4e908b727c4c2c3faa7e55a7daefbdf760220f6df2c,train,False
5062,6f514f1024cb07c92c36c0ed40c1754dc232e99bddc88cc20cc5178036872e47,298418b4aad692b925604ee0e8ac4cfcccb79753dc20d12fe2c5d7d5b832a528,selection,False
5063,965c45d50d280f163a2ce8ffc6750daf478a38499936cefab2d20cf19c9bef50,57437565778e2dec13fe73d76e2ca890fc3a13652ccf803d825de1100fa33dfd,train,True
5064,bfe20d70a725f9bda94e47cf7a2d9b8972a10d17875bddb3332d46ff17652668,c4e2ab83d2aa0faf8ae68c4406bc200d2487a2c362d4df5a386dae5e2dbe46c7,selection,True
5065,d31188fb2f7952fb7e77d3e033199106b0fe8f77d74887c277b4e0d5d6cd164d,6301e0affeef108b876e57d24f4596bb4100875435d37e2ea2a5094062965589,train,True
5066,6f0876a400482456c88d30aa96dadc0cb756bd5bc693375be338c3ce2f0ed69a,211b1a8a60de9448e1f6756dd3f1c623d8c431b3cec49d0ff0c8a491cff1f337,train,False
5067,6ec6b3c78109ead74ebc7964e0b1d535598219f64daa8ea9ca1e7209523b972f,8519db312b995abb3281dace14ac0fa22a2fcaa58da56f469e17e3a9252a610f,train,True
5068,3ede7cad021d6f438c599774549e3d4d27866901a06f642b341e197c34e7629f,7ce2c0ce4ee4ffe56a82db12d3354c502b1144ee032184f332b9a950b997fdfe,train,True
5069,d23d86bb2ad5af6f26d95953abe52746dd73452452bda2e5d5487a8e30971628,8f3db082025f6cca9044ca5aaf43fda4841bb7d84935daba12af6f19f383d4d6,final,True
5070,2fa0716473eabd7f877181c459049c25286beb931ab756ced881032c79c63633,34a8f864e220d78195cf1af209f5686fd49dd3071ee5272c67f3c412acd75eb1,train,True
5071,0fab94788384f1d98e027881ae40adecf128a3623dd1f2123653d4cb2eeb4e51,e561372a7eff594c3635f015750050d8db641c86f30afe12b1be7d570cbfa499,train,False
5072,5cf254025bb39891125cfdfad3bd1927d4049e0d6974039beb2154cfcbe3ccc3,2b9957d03a1d2ce597ed282d671344677aa52db7e4b7f38b15e8d27b554f6293,train,True
5073,39e451e54854ae24e89abb4e80d7ec599a45a870146fd617cdc708c7f080b554,4484b0a21908a378d06b37670489e5f03dc9ebfba43a6128484fb9dac7bc5d39,selection,False
5074,7639f3d4c305ed16b0a5cac18be88b32173b416401e2bd2fee2960c1b7e42d88,c7dc8c0c4855379b9f21e68c7f3f4273937c0d326391d797fa7b6b214007081e,selection,True
5075,0fc84eea45c1771c8994d2de694f90c1da5da733a398f93368090d6ef3957999,d800a4841e7ae710be07762d0bd02588dd8cf19ff56ed82bb018a879b795d543,train,False
5076,38bc85050f43d1cbc84e50f817ecf0257f90e6f6d168c00f2eae3a63e9b7dc5c,b77ac44f7854fc94ef7f539871c706b5cd2cdc9f038e54663278cb9c73061c7e,train,False
5077,119a05362ae45f9cba0564cbed26078afa6726d5f3d2588982113cdf2e392977,03a208b8ae99ec16f2683e66ce6ebb94dee598867cfa9acb9e337354ce089d46,train,False
5078,ad9fafe0ce416fb48ab6a7cb74021ffa9dc465067381c355b047f7269be520c4,3170333b560d0b7d86d514e57e2b96965b519066e787cf6c6c8f602c6c65380e,train,False
5079,59ebd958d72e936c4d58c820949f29f2c56b621912a950682a25b9a96aca9b75,2d6dff23f6e28364cbc58c7920e84939bb67c4dff534650e85f9673456648459,final,False
5080,6720215b9f7c5df3799e1d2120ca84b2cefcfe31a4622d02ab50dff61d1626e7,6e92983bb9c2a8f0b6fb6bba9c463cfdc02bba1288fb6ed76298bd4af442acc1,train,True
5081,cc4d1cf6b69e2c11805f921e15b28fac3a3cc82090cfb7b18e276b99a6487b79,f2ae17d6b9fd207fab6276b6e53b434f5ed2ab190945007ce444b082fd74bcaa,train,True
5082,feb83eca67d561c08aa6e6904084f43b2c42b33737abfce685565ab9b7aadf58,858177aa788b18e6f6512ce3eedf73c568b2b6f58d48d37d4fd6c7cf3b09a1ed,selection,False
5083,9420370dc71529f3ad30806a97a6322c1022d526b00020f4dd17565bdfeaddf3,a5555b017e13e05c490c548180fcbc392c7f79f4356afc997c764686f67f96b7,selection,True
5084,b9dd91b5a51323170c21de13cf59e6105b18524221f3a9b0d6000b3cd49130d7,1457462d3902e1bf571705e9b1bf8a8507ba76e5774f5286816876b85177a1a0,final,True
5085,df26af0f8633f1e8e4d399174192adbf9a65842a2560e7b04a242e9077a0d97b,6f97fdeff5c3b6047b431d5ab230f45ab1bc6018ee8ad8de4035e98988474aa5,final,True
5086,f8781be598ba8564f65c77d531b3c01678644f42d22cda2eccdfdac10d9a2a0b,6a3a3db0e0fb32452c9981b6e7abe196418020c843a93faf2b8b20f5e399f38a,final,True
5087,940927a9f274da5a879e7e5da9e5df05ba0ec4d0e9198cf6716faa51be2d6347,7987dcc564f96d3b04315a708a392f6553934e27f434fccde231c108795ddd80,train,False
5088,660f77503667e881c44ac1b4284b1b772c2708ec4bf7db266e2f55316db5c77d,e4a3e6861354d5e5f4102cf6a338b16ce5257897da7da5cd56220a932c95b727,final,True
5089,11414e727d8e412ffb387c9d4d1f4d4cdd96279864c19e47aed067873071a708,ac7f81f5130147f37356902b0f48514d4508dd628b04cafcb1852f506c86e94c,train,True
5090,074e312ade15d1f1bf7a28b090e746613e6517062551f0ae8a447b1ac6176dc7,167763fb69105c11ee629cf4280369123681517c96effbfaad87f08f40ff5603,selection,False
5091,65e18dcc6ae55d4ea935377e844a381a2a4eab3cdaa2819f6a9a293e46c18e28,ec0644b7cac55e1c2f19f12223ccdbe2fd5b71300ab985c9cff5c3e6f18a3f01,train,False
5092,362eb3051ccded920f5b931fe978b791f9e6a60ae6705efdd35ab7d4a0acd6ba,121712dcd1a30097504f5b14ae6463a6e6ea2f67cdbbac898bf9722ce58d0b0b,selection,False
5093,d66e486e1bfd926f89d46c39bfad84b3cd32e3848af01c33265aef92b2123e5f,ad911918ed90e3adcd983aa8fac4c5394167097cdf78012cde39a9282025d771,train,False
5094,a388166809233932333f31d603056ef38912760e97a20d1e3b60951745a6f5e0,02c827b805fd934b87a5bd241de76018767a645ce42bc244bfd7d8f8490923d4,final,True
5095,0e5aaf7af6eaa39b2ab0cae6df55ed5176d50c91d27a5b1f2788dff3da7b3ac9,83d698ab5a41a7f2e8739080cf617336d6c572169410affb1d3733c551f711ea,train,False
5096,72cf031ced97a2a9d3071c422867754b637aee28cb863daeb5ee2e67e11b6006,4ef3f0a4cc7e9a07c7fae8f711d713e2cd514f602abe5094eeabe8ef6728fb88,train,True
5097,22fcc0554e1e548b02fd432689ad8713cbf243d184b24bbe9603666586856aa6,fbc0a4152aada828c8d212ebec0968ee442d1195d7829282528d2ba78ef5da87,train,True
5098,dcd7d7c3e335b3caedcd1662bce8c2104e8b1b72bed48a8058542f82fd9945d0,b51c7de692c8e2aea19ed3af423d206e3f779518ebc832ec7af81a8d856ddbe9,selection,True
5099,5328b306b7225b9cbb75960716e2ede123b5978f291e436799c23db879413957,72439cde1174fb834883f94d5f42e5fd34838b6bd503a010fd136db806540d12,train,True
5100,40b08983ca86a75d0f7e8516d8bef1d4dd2329a9290f3487d583ca4ec7dbe1fb,5e21cdc2dc3d31ef180afb72ac86ee557591f5ef20e88cf20cbd31d31bfe3184,train,True
5101,2cf1474807c895f4950c397ad14a056c17103a79d9c6eeede699f01b4906283b,19f5c0f880fa743ffd1353e1f897730c92905a99bd74b151ac03417a2cba85c6,train,False
5102,f41e41df96293540c38d929096fe3af208bf86afd52116e24463df4858e95204,89320078fd8be238161890aff1ba4b49ef71801357267af803e48dcced9bfe81,train,False
5103,e8f317e84bc6cd216e432fa3c90b5f50ec2c2933396d8a5c18f14cda734f984c,28ce93d44fe249222bf54fa9e8b5499a4e64159f016b85328799b9b2074e8337,final,False
5104,3f538ba91ee8abb67d13dd4b3217128e0ef48741193d041e590db6e42da4cc6c,2b6ba70fa90cd36ac5920b6975d8b3f337b8b108ef46d017182b3cd844b56374,final,True
5105,37da2966e5d0fee88957a601637c8145fa43458d50de644c2cdf8dfa0a6f91eb,d345f2b264d2a85ae870f1c3b7269987aae455036c5558195dc2e47c6cee47ce,train,True
5106,fc114272ce6890341569837fe47d48c1d38c478e0edf91fb98bc6d5dc14887bc,420594ff466b34901882531db34c40502eb5654baf64fa00da914f0c020673e4,train,False
5107,70c9090bb4f87c4dfa67c48d806ee2170ed9c508e834ba4cdbb660a34a56e585,73fa1a3331ea648cbb2739c2eaa1158a2e0038f1b7ded09de6f7073b305c1351,selection,True
5108,0dc5fca163f18dfec396679893a7f1b436d8e3c631b45be10bc7f81e33489a45,05da5999afaf7249e7a6f87d3739805cd5d336b8c9c4673f115cc8b182f7137c,selection,True
5109,7ff751d76070e44808fe91fe9af0a38ac6390b3a3e672773e89fee5650b38d08,d683a4f8cefb733fc185bd5d160b5725bcf855cbfc8c5b808c859be5840ba355,train,False
5110,ee4d23468566971441a4260016ec19ff9509a40084bf84e9ab0eca91635681ac,a835f9949a05104d6af9f35cd4c1426aeeff07295f11327ae955f1e97cf884d0,selection,False
5111,7509791dd4593b9a7eb3a2b6511228dfe57886e232e8344b4ff5cee938b7b8d0,2e246a3335fbe7997cfac117eca1aa5c3dbb073312d1c0c0d221ecb1a9cfb33f,selection,True
5112,502d161d91a20701b15577966670f292af985f66a2677333361a5be7747db5f8,25d2aea8e4c68578278d30195307b0bf800e0ba87b38985e7f0eafc96b1781c9,selection,False
5113,52a41f589b17b7738bf9ba4c03ab26e1d41c67bc7db86e11c67c7228c7abbdec,38624d75250ddaf68580e56299b982fde549ba1aa30a3181788f72ed61bf2c3d,train,False
5114,24404811db834e5cda989e8e37d2279f343f61a04d17f0b800745d8866fd717f,388ece8e933cffff98cf61e872b0689c109467523b6be39a53f8cd627ac66b08,final,True
5115,e13cb9702c55ab7b22fa9818ba05101aea34d9a9a15bf233fa74be36e377083b,f9b7bc6b0d32660f22fb8af6b64fa8f3cf3b443455ef6a5a648b58b6810f0042,final,True
5116,a5f54cc448b851964f39e4c3e3da9e6bf77ff8eedaad76ef74b68a9f366f25ad,0900d4b02013979dd2a1124236537584c25846d9f55adcc77fcf541b92799448,selection,True
5117,0234674d20ddd3b45af975e870213c5644b02a499cced7f1f3f05b05e75d9542,dd7c2057bd42e995073dd7ba7300b93cea9f8b830bf7a270f0d515be665090c9,train,True
5118,64a0b923e89fdfd1d1c6925450eb6ed56bdac9ab28ecd8a413ea7c1b6fe46511,5a469e535e2068e2a06422d3d4fc46c6105dbeb1bd23f05f3bf4953178120644,final,True
5119,bb41caf47c14e3533551d601a9a2cdb2104262acd25090a4f08a369912a002d4,fb73722eee6594d4e2790b6befd5b53678779acf61d5d865e6b523d91f21ee1d,selection,True
5120,adc5408c76d25f03755040c34953e35e3077d7f9a63fd8a8a9fe1d4fed650fd7,2089f67b022a0a1881675655335f13405a16a7b3e445808aa4c2cb5a7cf23a30,train,False
5121,23e03dac987072faf4ec51f24de5cccf89ed62aeafd23b1948dc90fb6b84878d,4574ff565e42680a4ad9677438db392deff4ec28f84b4b4d5ee54f013978c24f,final,True
5122,e45e7a70ef494527112df96d7fdba7b332ad27ee24cfcf32b159c97f212805b7,a620b6f5f0f39f9bb1a76e842239fbb8eda06d7b400ad761a73a3e7fd8017762,train,True
5123,0e40f8532cae6d996fa3bb92b70113aea42b152df8c03667cb4981b8a6f73896,497b11cc1b7c2b9c2f088970becb278217d95b08e5d4b4d5b90a420518611195,train,False
5124,f640684ca031bf0026f0fa3ea68717fb93ca467a7c0eea35a9fb080b409deab3,3c81c47371b7cb3a1a80d9a35a03300f81dbc7e022c913dc46e7917338f36c89,train,False
5125,49b7befbb37f2750e06c520c067719deee998b33ade0c657c655dee0da0a637a,1d60a27cb953bc3e6ed8126451dbb572ee44f4b68ca2f9056772d126f1ba946f,selection,False
5126,4963ece9be520e981901597fb4ff69a21d3bb8cc2c03fed075202eba5a3883b4,a07335d95df346fb2581dbd73255442488778b9e5c4807d6abc272afbc85e5df,train,True
5127,8d87d7db981b019885238da8a869a5f8da410bddd9bf8650cd9e61baf3a3c836,ce9c2c0aa34bf481b84b8618c91a2f0729e841925b936f8e9ce851ec63bf2035,train,True
5128,445b5dac17c4172a7da2da8063fda211e8feb0b45eb91fe7d11570975d0b2f77,2d1ff4e4b8134df5bfb3c47daadb5e7078535dd5398fc3449cc17e29dfebf557,selection,False
5129,adbfb9213b4c50aef501b1220940b5e29f49c414443bb7bcaa07d1d076ac7f6e,5a77587774e64b20680ac2d5d7dddd4790bb7533e09ea90c26ec512385d0e316,train,True
5130,55b849027ecfb5e9f142fe885909e93a3349b17c3e67ce95a12194b984cdbf06,3d0b08f026c426ec1f9a90171f571649b8e7de07a7d3d681bbb6aa74b570bda6,final,True
5131,80439e083f2a08fc3e92ae22bb502fcca872f2f0f2e3e260d856072b9e9880e5,612e783d022168e6c4d9c49484c09e9716b92425c5fb11af3ff26beb5dd3c6c0,final,True
5132,36141005b93d1bc92fe904445a5904227c3990bb58cbeaf2b6edf6a08f0a0e5b,7a352f9ffc68a08696bc1bd1a76c6911370481615c1b75d0ec1b8aff31b72de8,train,False
5133,a2c48caeea6d90a38797f1a5ffb174dec21b924d93830d722605d1a0d4fb3ba9,b5d56a5b925c03049d039e1919f09aa7fb538bfcf1cdfa8fbd9ae90a97757910,train,True
5134,3ef65b36fa7b19c663bbda5b3d0d66436d947ff804ed418b5a3981b943807cb2,64c2452aaf6e7ba9b10ae7b5b99117b89d92de03f2d828a2ace88ab52070344e,train,True
5135,af89327a32c4b156720bcf724d4440769b7d7ae691a227821845156d165d6d5d,c50b6f3c9d433d07aa8b510827d15a85d66469d2ea0462a986bab66ee066a3b2,train,True
5136,d5624c3b3f9215c0fbe9568ef87bbadb095f2d86cadd673b47ade2751f47c468,fb6f821bcd54e1d7982f8405a4055dbb10a4d01e2c80467ddd6e367222f56c1f,train,False
5137,e1c80dded70e808eff356aee36a14230571e5ca6ef208041d9551bd4bf689318,164ff7c96f4e65138fa8e9bea9bde84f9e56e2171746830451a373be19ac2de4,final,False
5138,f751bd470de2cc40f20b0fa27fd34c3841e9b73b72f02c3f3f01748df9c144b9,0e734874af674647db30c5ec233a7ee9bc8810b2b7da11c8b705a603fd3b0ab5,train,True
5139,73ec7aff28879f17cbcd16c135387f5b7d644f4538439cdbf56f2f2654c02952,ec93b7318f6f181447f9facad0993d76b020bc68e9eeb2eb29172df58bfea473,selection,True
5140,f5c0d52d266000da7bbb434bb304464e626dceccf1ce6515cedc1b7a5f99b107,0ac22eeef022fc1304e97bbc71ac61e46163d2914cac310876961487e05ebaf9,selection,False
5141,c631283ea5d0faa1ece7d87b6eb15f5f2367f7a13e731d62d77e2f3fa8550ed9,2988f270c0bffe341b68f847b86302e62245a927b1d0fc41100ba010c2c41ac7,train,False
5142,cf2921ca5b421a336beba644fd3e12855b7b2c084168f744a968b662a8120b57,f45116ac419b2418a13cf7e371b14fff290ae142f53922d156d62c93faadb79e,train,True
5143,789f0f4936b73431b333c04ce345719ab4ae13b53a2760bb64985d660571fde2,28fbb8ff73b7cb9cb1a00ecb2da3a4324011f50611e5635271602309b119173a,selection,True
5144,be71bc811959b1b889f7fed6533cc0830ea9a826bd11cd804e389805c7a2d842,351fc472220848165be918cb7258d0f4257d0806156ef4a0128abcc4fcaad0a1,train,False
5145,7a5b2cd42ac8f7299f812dcab3735ca00610a76cd8d68cb34272d6d79370d37e,07a851acb0b6d01be7e9161bf7c93f32e6600abf4f3ceb4865055749086443ad,selection,True
5146,35069b73a6f50f8d441df9aba59a9a26f627f6e9bba7e5a48acd1285d60059ab,ab096d6d664f94ecaadf5d74681cae654ea417d62c06fbb8e727e23aed38aeaf,train,True
5147,14bb543f1361ecebf3fa868f826bdc02e31978b881546241af1e6799f86a1c2a,026c1518b6f553cdae90013cf5cababb22e644a9e73af07cd096558146be7178,train,True
5148,13b34d128e4a0b4e92b9348957235fcda9480b3c6a39079f1d0ff4b2bec7cf1b,e83643b3da5e752611d2f6416e88be9b3ae1c27cd30fb8b00ecd052feaf86490,final,True
5149,abc9ae5f0bf332b082b44a15fd7e0d80eb7da802176870d5fae0110b2b244b8a,23769fca64d1fbdf731118c2aa9528e6664294c8cf44764bf0a76278bc6b74ea,final,False
5150,9ed3d6bb73da497c20172dc62a7a4be23083db26d5a53a333961d2dd1a1a4d3c,38427a77d0488292ba79bc2cf7884efa61e6c3959e516c352aa1fa7b822934a9,train,True
5151,20127ad72e5528b41ca400891566e21568e54be2970a93b25aba4055d3bd4b12,e10c4f63bc3fad44bb36a25cdff51406d8d3df322d9b984afeed05b937464c1e,train,False
5152,f5b729c277113d5063e25e12ffb605d9efcbd457bd5fbdb093c91f59fdea100a,f035419c55a906b504758ea31f5f8943df1fb0992dae8e3db0cc4be7d9b7eab0,train,False
5153,d1c232d320a868e28738560ebe8e1e59a14cb965b599e0a3d7b1c738beea61f9,9e617c8cd8b5901a0e8b3333f277a924aba5d6a389ada3efa282f9d14393facb,final,False
5154,a90113d45ec95ef43a3b0a30f7c20ad19576bf136e5a2297ec63eadfd31d2a4a,3b92afacda016dd7afe5fd8a5e0a9cb2c5cf03c1f3286b92804a3a9fee1b60de,final,False
5155,363f793c3fcb6ba7ce9566b86da19c237bee4b3df92f8b07e60882e4b6dd7201,ccdb6fc8cac17dd6bfa74e1ce775294b74fa6e1557921100d0a39d4f1098afa5,train,False
5156,5de196ee7939f444ed1803bd2ad59011265f50f0258b0556b26d74e720b52042,c5d413591a1f9a888f2162853c3ec0d6ad62faf7a419b6eba301bd702d22f6c4,train,False
5157,fe49b2f8e04a097a5d8d0913fa65907757055bfca223249035df213ea2ff6e23,32d13789d6b0305ca59b192de00ad6ab5b8fdc3774c8ff794f2650f0b21731bb,selection,True
5158,50dfe9863eb75151f2714345043fe2dd284b3f9440c6f9d6cd0486d256609062,281d18ee286239c871e656ace0bfad9685a3d28aa707547f78b3c4ce8bd82d0f,selection,False
5159,a120ecd341794819716d40d1ea285f3227ddc887a070e944faafa338ad70d33d,e71494e213e01725b6c62235c5f32feddf10c90a9364cbba6dbb64124195385e,final,True
5160,7ac068dc7226365f307806313f1900fee368b48f45b2dda5f845ab9f390511fa,4593f90b5db2fa33e25da58a1e7b0b2056e4d69cb991f68ee8423b82122a75d3,train,False
5161,d96cdee2f0126347378f3491ac1763ac37cf56738efe24353a81941fc846bc5f,f7d5996bb40e88ddd24796e410d50bcb96b549d4ae7957d47a602a3d899acb9a,train,True
5162,da11a86338a0801b25f0557e275847ed8bd594457d88c4f843c042cbe7bf5c7a,2aa46013a3083e9724ca0848842cbd04f58fbe6f5af0134c404a9565c7005ef4,final,False
5163,9e1c4fd058512a0295c692fdd3953616e585b5ca280137903cd7ba2f3f80cb43,bfeb76fbc5a19b9f7faead0688f3a835284831dc5232c6a12edcab3190cd1d43,selection,False
5164,55a0ef9b5d1bfaa4b111186438e44ce77a810c3a39aba023a4a94a7769d3cd62,962d6e8da95052d0a148ec5ef6ba84e2e330a978dc2e36aff94cfcdb62a67fcf,train,False
5165,369ad7afc044e235a277f3a229444532517c8afe9121194e3afb152af27aac15,a1a6b7dd04b5bde5c66ddc2b001b4a0bcc3f07cc3ab385b43d0256da2990b67e,train,False
5166,3652ab6b6a254b60632eceddbba01352108921e5898a60fd0ac39ed45d5a2a88,725475572b501079592e32350e5e297e2dca4b2e75312c1fc20f1b9d7a1e7aad,train,True
5167,af83f898e4d18908a38a288e492b9bb37190efe358b2124841f3d746fb2b13ff,10654c3f2b766d6f5fb5f8cb347171fc6ff47eed22aedd1b6ece7d897f9d8d1d,selection,True
5168,f6a67f28b4e8a5829d317f64fcd89f22d9d0e47e8c034aa37ce08c8697a6f677,082bc6d6d6ff422cdb2920f468c6fcca17d1656387d63eb97b9ddb4daa1123c8,train,True
5169,7f41e98e2fefbfb414a65153e5a8fae1dc2a33e4e7d95064fc841a3c84163482,1ea9328ccb62e82ea69f5c545038256daca270081cc74ba5f5299f129130994f,train,True
5170,c295afbb56ab317a2f5389270c9aa22e3f4f695cd102bb889327dc16bad0d6ef,d67c834cafd8c8df7c0404d2fd14dd46efb4eef69dc3bbc1d08911536cb92cfb,selection,True
5171,43a55bdc74e69dfb8c7a4d060f141a1d8793eba1517b0ab6a420e4ece6184477,2f5da46647cea852bf59f6f29115f9f2379c9ab578bcd804196b329b3b1849d0,train,True
5172,494d4c143253b25704e6d41cd48c6dec6d085ff5c9a70fb6f6a512583fb57ef3,bbb7905f0a7998e6418a2d083d2590a72e5c1b9a27e7b85a1f65526c07fd7bbf,train,False
5173,1850ec78210508744e33503013d88293279c29ce256ed483696566fa7c807c00,64200f8bdbeae0f8b5ca9de94a0b05d35d2612deed1ace515b6a340460fe5e02,final,False
5174,897b58c27dc5a39c2c37688cd38c15cd77fb384e27c6350c9f8cba254e40b966,a36f89d9fd0a835ffd618dcbcbbd5e889ce0c5a99a96b45ec32e00e110a01529,train,True
5175,af30e6e0fbeb6be5baf6178aa4d3f19874944c2e5b369cf9c8ba85a29b63333c,88d337ff1ba657fd7f1ea30751c2af5f26736a6d219a2d940039c9b366334e10,train,True
5176,a4332fa8984422762a067eba49e2752a1bbd6e2fc9f5ad311290509cdab99447,76a05205bb0142e4f36b92212b338d8c4e3afe9d37eb46b43096210784a14dad,train,True
5177,f3da253aadaa8aada74840988bcbe0e956bc171b06d3cfcd1a62c5eda53ca682,ff4862be595ace2a08fa1f74b4e0b72b13100542806654eac9964e3498092178,train,True
5178,7fa2c0fa7c7bba132e5368567b44ae1b5f10421bd61dfc97e6f3d1f82346ae0a,f642cd8b825b2345abd55c32ccb89ee44f324cad7a8923cf4d2d32dfb0e4c34b,train,True
5179,399fafa61ee18f956f0d4416d31c4ef031cfd461711f189bf76d7d6e2a595828,d42fb98a863ecc34b1bf6c4bc641e11a4404a92971dd34b3db6392c6959177d5,selection,True
5180,77c3e4f74465c23cdd0660588a54a25d4f93191d792c27e3cf0e16a1b5e53148,dd2c4e660bd3d588ee07949c1bdb245041e25e0272d15b3a25a306053a1b2395,final,True
5181,629ae520bb3cf93a2f55c6e1e209a8512c53b55387b248cb1430430e0990ceae,0163935de920c4398850fd824311c0d4cf91cf79b11445106abc466d5802fefc,train,False
5182,4c565a09e4f67e13c92f41e3002416568a1a3e24bb447a2423d153fa9281d19b,f3827bc68ae9264257361185ba71aad2cc1e7e30b07a55bd5f041a92f293a053,train,True
5183,dc28018f5465223600b42c72e336af8b8c1e8b3c8fbdf7b259228cd1fa4e1473,fdff2abe03870d507f36e8a5601aa0ce7e94b6319d2c9daac0e45593e2246b4d,train,False
5184,bc9c5d95684f2989b7d644a0164054a795271dfd15e89df1adf30dd41562aa30,66e54043c8fffe6a31798b807ea3ad6299cf99b9da3fd9440a54ca0e4e9b48ac,final,True
5185,ce228778477b5d62caa3f6773464a9cf52087d2d994335efa573e5f6b002db05,b07ef6687822d6fdb7c7087d0d4f55d9ccda7914aed883d5e7ef7bc0592cc955,selection,True
5186,435d2b6c556c0613047621fa1a2455254ac4d0cb6dd5d604e72776f8cb8bbaaf,31dcc79018c67bdb20be299929b324c3fda259a3e78bb3523515c181f20007b5,train,True
5187,21203cb6d6f601206365003bdbd7628f3cfcfa0cea640cc1b8961398ede0a6e4,905c9493d04482e02b1ad5733509947e9d7df37392d858eb68a97932f9ae2645,train,False
5188,ada0305cffbb19e5465d679c4b1342bb8fe06a9076269550d08392ef6723b796,ae0ea9a644793c8be1eb2af578741a23d8ceb66c4a2cba6c24d498cdf5bd8586,final,True
5189,136e910eaa7c8003cb3d4332cdf659269ff8455596aac9d7b238d636b4df2982,be8ccf2d56d35b3bde2b2c7d06c8f6f00c9d90c416cc14593aab2727618383cc,train,False
5190,bfb952695c86cff3e4eaf5057e83187f505e6ad4fc26d975dcfd008bc2799330,2184502aedaa0f1f851f602c500ca1d963c49564369c358617a73e8be152a426,final,True
5191,d778df3393192d8e89e5bf631f5408caf66d2d6d6b6d5ad64d4347ce917f18b1,603f905d2d1d6e8d45bf2d27a22b454c01a6cd488bd9cc8374be6be960f4bd52,train,True
5192,aba11da40dfc5a7e2291cad53268783d06202fa0b27861e72de75d195584d688,1f4caa3db1f9af30a1ebdef61a79ae5cc81e11cd9568f1018cb1c54478567fa9,selection,True
5193,4ae4e07afd52cd2a6902c20cd981ace4b10a6c6da740be727b1f37803a365e1b,87d1324e3aff5124e64ad65c976bf0e517a19d4264b5dab547ac1f1aaf5dc663,train,True
5194,25642b15098f4d7dcf1b4a0be24ef407dde635aa01ac73a6b16748d008a201c7,d91fc2712ab23cc1e819fe1a2603946c260e972a04e27178ff4150baec505d87,train,False
5195,2fd3a274647440d02ce0430547c5cabab588d01926f80b9d0f5a2d52c665e651,65057cd324a1d8119206adb1a6a1e1de24aa9f00ea840d413763a558b55c75a5,train,False
5196,a75d1f0e5bbad5565a42a1a3eb70720fcebc27affeb0d9b46fae10974ccb2f83,02e3d68c78ac9bea8658984bc7f35518df5ca672f54c3d75a6b62c511aded155,train,True
5197,d4a021a7ba9bba4a61ff51f65f89ba770f36a43dac4dbc9fc67f65f8fbd25ee0,aea811abb0f28483c0fd2cb35a390a439c37c1d961c3f25211527692c686f24b,train,True
5198,caf77a8e6e7aa724c03b03700d9816c8a77a3e82b1baae90c2339ad6b8b25514,4dbde25a02bfdf0e26d8481f710b3bf3330fb21e5b2f2b7a2ba0db7ba92cf65f,selection,True
5199,1bb424caab55e70f6f25d5bdf190090e8e3520968438618c38f8c63c929cfc40,ded135750a6f1c3fa17746b691ca156df5f437525094e8570e3b6e550830ec09,train,True
5200,37365af8f3bafa03ccc064fabbf9f5d31e7daf90183eec006781023c9cf44059,bbcffdbdca7bb57a5a7753d6eedba9ad13a62bf22541a5005fb12d0cbc56e4dd,train,True
5201,fa61c6fb84a7a0cf342036915dc80a35a10c99262ca25b0f1b5033c5c7b06121,91bc911ce6612cd5db6ce66fbedaeadae7069ba5c31ed554ccf813fe7b47ce88,train,True
5202,d2d6dacfe5d39aa59700dc7caad019a44c1a38d475123a3fddb0e86e5d47816a,fec86ae1af33501b99450566aabe162916bae5d114739c385404e9b55131ee09,final,False
5203,1940a476335202af1475077f3c6ec63fb5d7526f5237b7a0e451e14af0381bff,4f6875e0b9b1b0f3f1d4f40459faca9b3b33be6d1e94128a23e21572f58e83ae,train,True
5204,c9b4a344fa86d9455797d64f009655d8308ebc2ad98264001e23fa032bc63447,473282204124e6130618f9ecf58f4c33eb4fb4a2e4fb66bbefb18bad13f9fd96,final,True
5205,4721db2bfe2b414e30f78ba1719cfdead6476b74fdf50d46e47bc4e343cf59d9,b2d76d0d1a1b6d966df749fbcb19421df73fd5562cd2fded606a9c9d8caabfa0,final,True
5206,3b13d90b8cffd5c8fe561c26882a50f13d51c965738f9a8cd65ed7930e0f3dc3,1bff3cbb4b998db919ce1e8abfacbd4338023544c430eada93772d85c8f035cf,train,True
5207,5bec5e5a0397c966cdddf24a7069d27f22a3504b7694fdd2fd3560eb6d806746,49e9dd425a3336aaba8bf6793ab2d02f07c2391101600f99124d7a5f07378fa8,final,True
5208,72466e2b71d50d42a5876c49878e47fd0d764d860659858b4208c32be3601970,647999ff3d1aba3b8d2f8235b1de0c813fd2ea47cf93e58192e8cb60a2235f88,selection,True
5209,dc0e8eafa542778eac572c0ed8fee3d45bc1879972f247bd5cbde23ed007a2cd,f4a1813dba394fed0c94003085198941ec8d1f625668ac5ab9761a359dba7383,train,True
5210,45dd2ddfeb4236a3f558dc2ce4f43c4c9536317ef89c1d77678eb6442ecf6220,b13e7e6be51f1b21d67676b1c874dcc278f352d9742ecaa8248b682cdb984a9e,train,False
5211,05f778a2f800ed20998f47571cd84fe9499f9130cd357bd4cddb4669331ef0ff,623ee698e2b82981d66b9c0c5f43e6279864fcdbd7e44ff26d124a2eddbbb0bf,selection,False
5212,20c79089df558ed5953f02d30c23d61d62a5b73ed4ef0057d5252975cc0e4289,7e8cae51c759c653d6a9682ab1b3c0f582744deecb07b4c2bf79a4aac2994350,train,False
5213,cdcbb9902ad7fe7d407d21e2c1e50f6d8aea509fa86c375180b26c9a4c01bee3,96d57c5d3136ab8f7bf728b60767c070a1c26cec850a3cc8e1336357b3c0a422,selection,False
5214,1e5bcea64c75e67f53e9c0cb3989ab2c9ee085358de25090cde6247dd4477bbf,aca38c074a19c00d1e3e2b8c837df8d6f73f505eb5fa4c2c840bdea0f0d4dc70,train,True
5215,47807fe66bd2776cc824616af8a968821bde9c1b8ea36e33db9723dc5aba4367,65d9428f59a29a6802920e87059372641af25320dc03c383345cce1d27eae6fa,train,True
5216,883408d6714207c18d3074fe9ecb19f333d1a9b781ae15859e853fe4be5bf6ce,f69e315385cec72bb53f89c6a80ae13df93ebfec877f6fb4afad51da53ac536b,selection,False
5217,b44f69fb4070fc83d410a03627ea56dde44231cccf961f014888e817de38121d,3d6c4b26e4b859819caa03861a4a13c012735e8db59233362c4b405e984d4ca9,train,False
5218,b18dda6ab0cbdd1ca7d9d6e5c426ec122c1212282376985b878ae38b85090ee4,248cdc923390e7936909e8dd9d360b2b6c05aab4881ea831b5975c85b8be0bf3,train,True
5219,5e825579db2f4b784f50356f259d7670b3853d9272071d27efe61f5fb09c662f,be9f9f7d5397d65923915f4b00988d7a220ce8ffb42da18cbdc15737693debb4,train,True
5220,0dbc7620aa6b9bff51fb5571f0d34517e32ded6f9bb51b05ead005ab5c6b2204,54d0e730692540f4fbb4613226053cfba1103efc68aa12ed2916474b00bd83bc,train,True
5221,765abab19f81bbc80ef3a6676c90caf53a9da7a542e6e030853c80585e510134,70e08f2faafb81aa85d38770d53b7ffa09a55766e5a9a5f8f7a7a92aeeef837f,train,False
5222,9f1e4cb211bcd788dd318c82d29c4536b8e0119a6736750f264a572107201bed,214ca9b6b5c74e389b439cdc2e360aa0765b6d7a0c24b0ab211f5674401167d4,train,False
5223,9fe2842d0889d0d8aff34f152705939b1558ce86f4988206d974c145f69d6343,3f2b8a60971f2d92c76bd52ce189e4f0856c0b536f4f2c8b17620fc5ac8e91d8,selection,True
5224,73f1834b357b21cd5f603bd8e4cfedaaea9aa861942ae414c33b1adff15d7fea,22e76125eb321753c4ebe407c21204151962c9c1db017d836c827c2750a6eda3,train,True
5225,3011a30f749c3f806aa07df2a4010bc8368dfb0f0baab77e43a1b90d24f808af,36ee5350efe98f09e041e52c90be5ce5a6af71987484cf5af3907d4c831cc530,train,False
5226,54611a5307ec6cf86589381191d7ebbbe3903ade121bf5bf82c30a14b3e5427c,8d83dcba06ab80bffe59851ec22e2ce4c9880d5e8ca6f4c2132f2cc75c7ceff1,selection,True
5227,b9c285d464bbcd3302f3300178104beb141254ce1e7671b1919858eaeb1adb6a,233357eef783928bc2856b3d34f7aafa6b5172e3683aa781469b63b2ecd7effc,train,False
5228,bf201ffcc4fdf0337e6c0ea87fcea273435f957c6bbe920b4b5a6441e2393d0f,11316f02e792be33eed549e78c59cd2c1af0456350e97fdd202971111ab0cafb,final,False
5229,063a97214ed605e6f28dfac08e8aaed337d9fdb698da7630075e3512edb4f1c6,cac3a4c14a24524bf0774afd5d29aa6b710f60d9bb8174e74654b3ec8bde4527,train,True
5230,9ab48e069a157945bfe1d7af733525d763d8e17743b79029f1e56b1e75ae5765,34b35c6e73c15189c32074929a9a06d4bca78621bdd7321441ae4bc1c7bdd886,train,True
5231,1a260ae8c2b80af15a427416eebb05ea8d2f32cefbe9e05721f52e946c5e0b9b,a1cb993b6239f8ab490d889a08aaf7340303daa363c558534c2ca24585efbf6a,final,True
5232,dc1785e7199309f5f226190b895edb8820467c38b2e0b23443556b6907bd66fc,f71806a7d6e82b529d66219e402968cc6c2d84ffa5f9f8893c0120836613d18d,train,True
5233,5e7a02c3fa21badd5f57f4400353061ec3dba75211f8896660007f2967b2c696,7e5527362463164e83de34965a3ac2886b463cc85be4b4201215538418caf789,final,True
5234,81841bdad4da9a260c9ada8b9795030df3eeb5df90d6a970340535753b0a7c02,4e03ace8340ee8663d4534a83831e2b416605cdb67dacdb49d4222bed0f456a7,train,True
5235,2ff9266dcab61226610350ef1e7b8dfa1561cc5c0ccf541c9a5a09901e3bf40a,938a4e766ad7b6fe6266add823dfacd90cc43500a4345885ffd2a8ea068bce33,train,False
5236,9073842843007fdad43a7bdd564f50b31a79a74fa1938565a9e84d7d5bcff803,e1e6e75056bc630e6d3b5be966a7c9d09f25638c9bf0338b3c319916d15e9feb,final,True
5237,57333a683af109cc6f957017978617a0bd684b26fdc5ef42e213b69ac81ebd03,ffd04091040d5c25e6c1853fcd3ae152b744c22c724f4ea32d727e890205051a,selection,True
5238,a762bae3f25d472577fe3835aa151a95d77078c204ef63561f4889bfc1a3a863,5023bd408d629d78c37bdd93d75eb08e05b12e339349ee784ee58587f0f942eb,train,True
5239,39043820890d9d460cbf2a8741c205802145f10780efd99f8d63c135ccdc0add,73a26b103366f26910cde8f719fd28f6930805c56ecfb492fb54cca521af2868,train,True
5240,5d838bc6361f41330a6c292747d0691df48f5c81b9a18adcd146e3f51aaa8ee4,bd3ed90f20ca5b46acd096caf00973453a1925c4469063df4084131e6ce9dd0c,selection,False
5241,d622b4db8b9dbec88aeab41112b03884d3f0926e93d41d041fe54c21f208aa12,cc445e758a5c83b71ff049925d28e9389dbc8b192c8253b0f92286d92ea71b1c,train,True
5242,3f13897e0074bab0ca56386edf06844f31399bbb913d7b00daab72279af09ee9,ebd1c540193bee5ecc0976888a9e245b4bd4f7e0ce6945e6f7571380facc290a,train,False
5243,402579fb1805d1951d5f3f4de99cd1a4540519a7852091c246435e2cfad31750,5f32eeef33e309ab59d34a2744c58369b2ebea1935c17faae583f5f23401e87f,train,True
5244,1daab8dc107d681c7f9068380be81008f3195217584ff2b39eed6327ad167500,2faa143ce3a393caf8a52fa7acf3fbff749571bcce8e96c5341b934722ff7b69,selection,True
5245,02fdf2b0e68f427eb59c47bc4cbea9a14d51e718f85e22a4f5ce6b3b4cf9f097,e76e51d08bbacc64eed2d4c8f58c93be79b3f7f5e74040b605274a5eef30ac34,train,True
5246,20c4fa5244ce6eccbe1974fe30a846ca19cb813d05723e10b56e62210c21aad4,f6f085d5e876c6cd0f7cb95593a325fb3c69d8c55aec0b242d113ebb376a5e19,train,False
5247,3028e304997eec35360d08e6c8b023b623f5967a220670afd0526873b7be5bea,f48ca22ce9927f96de37932e545db68c57159974fff77efc3a393785444c4950,train,False
5248,4bcfdbd5175b45e42fc40c01557cee33936c7bfb854d2e0c8c45375ac4724391,98c5d792d927cc9b3bc8e89f846d1ab7f42e7e23cba61896bffcec520e105c07,train,True
5249,c74ab3796401347fa67151e8a0fd82757585e151a683cf1ba825ac0519b923b4,8d8ac532af731ec94055b6a2f6bef4ebe367efae6239f00f356bc432f510a38d,final,True
5250,3380ca3baaaf373d3eeb329d03972efdcf88cad524ee24bd92a8ec4709529c56,d7f1c19d6d303a3d4eda1ff48582ab6e5dadfd8f3eee1cd33eb58de71bd709a7,selection,True
5251,76020df1affbf490ec08e62a7f8b7a52a898ef746d067c89c09c4e1f11ed0cf7,afb1dbb5940a477ae93f9f498313c97a389b3fb4ac903d907841872b461127b7,selection,False
5252,b7b71a46b1e49eed9e7d92e5e6bb77d54f12944daf5ba6e2d7e91c1ecbea858d,aa129f8c14181fe2e2d36eeb3e4c44a0c60d0e51d7966b01a366894ad8bb4191,final,True
5253,4afd4c6ff00ba7a6a278eac95497c91518bc523b21205729c101b9beb4c13cad,9e3ab8d7df166d25a9e3917d9cd355649836da9123764887f1cba8da18eea2f9,final,True
5254,a1c44a784bdf8bdc3fca65e1f356d997a4b0ba1cdc88f3b8dac57b3369192bba,ee047f18b1f3a8c69d5d944ef3ccd65731625d9edb0b4e24ad149689f44c29ae,selection,True
5255,6f2caac27fc372f935d87e98272a2ed6c46674605cbe39c4afe9032604c82eec,a84eb52bf9a924984b3e8ae66362a89242e5a4eaa756ae03e81a34c7d8dc3bf0,final,True
5256,c9478d09115564bdc73e84aa17064b709d79e2d51fb3f140d485145000202a98,2775a93e5452100d6758d8d93b59ef2c26b70241529db1a96acc35ff268bf8cc,final,True
5257,8fdff3e5f6d7412d4e04c54824403bf3a6f8ab03a803321990cf2c1fc4f45f37,cd79d5fcf744b498bb418f3d62c49c766030df77959d8e2a0eb1d7724d368296,selection,False
5258,f8f633801ab82691c6e53720d227640569eda4827f11ad033a6b8537c5a23e1c,f4904eb21b8c31e3e05d71bdd22e0b1a939bdff895ff25ba9e293547cd8803c9,train,True
5259,87c14d36ad53dc9cfb3a6653ac847c6ac4b20b5205506f0fdedd2e3a2a48580b,a4613b664dbb859c374e16ab3405a834f4b6e340ff983abeb40ba8036f600e02,train,False
5260,e10919e0a9e54b56c242cb4a18be257d7c4afd4e33a6bc307ead7d01e76939c3,b7490cc964eb870189ed2b71bf88bbac559fb7585120009c26667217e3a3e1d9,train,True
5261,74b1f5d5c3e06aa7a533a3dcd38aef25395bd4129684ac8d5813c84f0c677604,99cc18aabdba893f42d74b7cd49ca5cf87f786934de5e9dddb6e29ee593c2cf1,train,True
5262,f684013a0b47750c49aceba7e75b2288de2ca388910dafd7becf15d688a2995c,53180cf4d2922a2922d127e990adbdae56a42724975e39de38b361c06cb88e92,train,True
5263,11108a4ee356fce801bb00e8a9021b83cdf9db478d5dd2c8bddb15c216fe411a,b595db8db64b172a7a2d944eed6b035f69cc9d9b711fed6f7f78120e1becc8a6,train,True
5264,d8fa7d4746da483b11f2607e99400eb917060d77fb5840455f7c99ef216bc46c,7f54c974a88c3ec635934f7d211e293fc54113acfac1b16098c2c89f64c7037d,final,True
5265,6140261ef2eaf3b33c240d3ca9516fcacc62d7168aca7eee310aff9de45212f6,e49492a393a6e7661811eff03b23a5febf9e65b9d2a2872520fd5a0c6881dd70,selection,True
5266,b3ddee7783860a17237397af4aae9a94fad426d844e13fc2ea9f8da56ead41eb,6a5e19252f944eb56ed4e50a62ba7fdf74aac17d921cc46a0cf21e2ff894ea2c,final,True
5267,98dd6208a5a26d31871e1960df09ec0cf9efacaf546f067bbc09c023d850bda1,1ed20c9c60c7901011ef61df9b80011371bb97296c2aab14dada798a10237f15,train,False
5268,fddf0ce577faa62934f3c96bf166e5778e71a0aea919ff381d9466f959bb1b6c,d3eb532f52cd68c0000dfdba3b9ff4bac84c30dddbe67b73a490d798667d0d10,selection,False
5269,f89141450c21ac1421ffb6237a7c77051e65951c3b04931a62d8a1df53b156ad,92d3431b48408e16e7e8520f4eb78186832e810c562f808b457e68cf221e7bd2,final,True
5270,a811e8d00d666281d51ab71346b329ccda106613ff54567f26ce7ff167ad6b70,74c79c8fd81722f0e130fac9e0bd24252d89c1d326b7de0f674d6d0973b39e43,selection,True
5271,f5f913775d6ee57b849b7e610a130c9d2cc5909f57a49bfbfd22fcdc0b4a09c7,f834257077afb184ecf9e9cbfd710a9d70612df60ac0ab40cd4bf7e3ebd85e7a,final,True
5272,d119f1f9fff4fa58d777a09ce88a575222290bfa9478c5b87ede1bec2cbc8d3a,883a8067f509d758094e9d92a3fa7c7568ca1a39af8736d9d47e6156d0a80aae,train,True
5273,47cd1199f6451336fedb616be31dc97593e723b138cac601c00f34b50ee133ab,58342abe9f2aba949083625f83624df770a14bcf84bbd4a34f909304a26eb1e6,train,False
5274,0d9497cc6c838356194948fa71d3f246b8d3cc71af5ac0dd381495a6c306de61,3b99014bd1992bf2ff747d7370c99eb38e56e58158f159252d58ee7b536fa2d4,selection,True
5275,d503164b51ceac8e0b37d719ed97783522378513927371f350368666a1b9b134,413489466251e26ce26aca80515a8cafc7a6f24527324c474a88951a0e58db99,train,True
5276,da9ff444cda51ab5a6385add14f904cb8f6b988615b7551a04d4e54781bf615e,3e492df835f36c5838842b8616d864a2ee879bc129500d799f37b89a4ff4f138,train,False
5277,5d6ea2dd44ba7c21ed45f1f3c5359b633a42cca95df664ca24c08b695249b715,bc070df7f0d28f3017fecb46010d3ed453227af2736dc6d87e51683f6924ab46,train,True
5278,138016861171acb631e1c8b19d67dbf17f933b4746b86ea9d2d2f05c1fc83aec,03a021b9a9161d8ecce482bf8287748b847c120ee4f8ca4118abb44e61396c33,train,True
5279,2cb74dd5d57af12a58cf3b10e11491b13bc44758b8ce24192a97b64d10abd506,e12b44f92601ba35e25c5aacf9eccf7c3a8185861b61ded8ae5e36fc4477e782,final,False
5280,ccd87146d21a2dfebdaf9c8b40c6f507e2fe050d86ce6acbf4eff89b8097b632,a5d6df40eb2c485581882bed1b6e1a17052ae335ac88dbfa32cf0c106cac6771,final,False
5281,255f659af8ca7c9ced65c924ab5eac1529321815a31a77684be9a4af155c7279,321aa286ac7c98ad902eaae63031d4deb71bd101319f4a9606341cf4999c2ff6,train,False
5282,5754e70e418cd5b852879831c077a8f9a54de6b3484149b6b93ebdcfb526b8c4,57d313b02e7bc4ede9579e18fe591bcc3adc5bc7f0a9b3303f425a6cc4a9a7b0,final,False
5283,577c16c2f8c297f275790606896f37863e6eb9b4a604118a9c6a682f05b2e948,ab8eda36a63584e29d60b88558287d7488c94e477b4299aa5829f1ddac4aa7ff,train,False
5284,d09f54e103b05745bb1f7bc43616cf52b63552372e053d74fd9c56cba34c46f3,64505cdfce4df0b7f94604217a12853dadb6b65c27f8b9242014e6a8a664769c,train,False
5285,654173097cda835f50a45e238b36b8ecd55da9d946e5340a21ffdf849e8a554e,a8a030206a633c332cd7d81a889e3fe47bb2ba04e1f96163826433d05cb3f725,final,False
5286,073af773a8fd0d954d26dcdb6c197020bbd8f091f2df0809c4bbebc3d90609a1,011891b50a76554d781722c10322b0e1e14584474ef314b6b4048d76c4bf6d2a,selection,True
5287,95eb4aaff3c28991b80c417810617d327a9840214d3aa876d150a57b86fc9a02,01049a8a8e70098936404d975c9c711ebe524cd8b1fb834202568c4ff3a25110,train,True
5288,623595e1d65baf989ccfd3236c061e4a5e3a5c6a38951583c2422b12d4a0981b,f0df559c20b8dc5d103681e88d8aac5e9f8c945d092822ae3bd8fcfd7e449b1e,final,True
5289,a89c751fe35784951be17b3f59e85d52cedc1c64ce52cb27dfab1941517c237a,711d43faa430b2098840755ff6e44477748ab5a900220388a279bdc6efefeaf7,final,False
5290,067486a24b78c1e54660b784f3e0f75a5a626a104bfb281f0e51552cfce9c075,30498f46994d1029181f15df74d089566db0feec10afe68dd03b29db41680640,train,True
5291,ad5d322db4fb6b18b4768c463cc8859712677b04b699c9fa8e4da876767d03e4,2bde7ac7e7de6f9f27ab5309269b769c5fb682442161364436f02fca11e764dd,train,True
5292,ae8c3c871352ec2c77b3c6a3a82b7f010b7b6377792253d6401a1c91c69f2e67,28a8ef84108cbcfe7902bd85f4856eef4450cf8e1b8006dc5ea3f7ae3efb9c3e,train,True
5293,80c326b7db5a8984504c0deade4b1a6af8481bcd65702528aabd7e83a216d5e7,e5b33997900b2c5d561c6f73f0c51c7a43b675258500f5a04fa07ec283a3fa95,train,True
5294,a07731d0b69bf3850b56ebf5ecc5add0c09054d896fb1b7729796096468c6a64,d254cfb3a751b3be39b25c69e5fe661cc734b993223c9354fb13597aa18f189c,train,True
5295,003d2a7a78bd256d718c41597303a1dfe5a62511beb18555602b9c2e0eca2b29,b32a67168c9df6595f7a4da29e954f2598d996d8cd16a75e2163402a8a2d0343,final,True
5296,b133747fdeb0e2787025db6dff57fda2a319edb3777a442e270525bd0e18511d,bd201b42f0bc4cf1dc269a9a3637a9c007e8d8edb322788cf273080644e1f9c8,train,False
5297,8c726b0c0b0ccef7def56f1458dc63c153084494847ac3409c4895bf1d0e9e70,00026837caa85ea2ae1ef36696712b9ecbf7a7820d0c58aba00c77b561bf13c1,train,True
5298,000ab19cd73ab9b8e84db2879e01d7bf2e71a3996cbbcfb070e90f650b006486,dc3390f75003c817a88c4b57814865527932e5f18a3faf11c2c9bc796d241bd3,train,True
5299,266b85f78e0a8720b50aa7f0840a1e877933ee94c495b5edd5b4b19ec7ec2e73,9aed76f7a05c0d10bd7279c98a1dc4b83999581c07ca7a9c0e06849e8cbcccdd,train,True
5300,90a159e0006148463db1302d088130d283e97313b3cdfb9a2efec51ba6215b30,57be6a0dfe76c18a1b84456c3b8353891fdcd015c314eb87e965f0fa1d0a189e,train,True
5301,29250ad3f11a477c6b7cee2ebb8ea6247c3bec6b2e415bc6611fd1dadba1423b,5f789183b3fe37325a1d0bde1bcab6af52618e94c8bfffea03c9305ef3086047,train,True
5302,c631481fb497c49176ba448335b9fa6f0dc26b14a9325999b938ea8f9293c6ad,8420ae3713814f4c4b4c1867b1c78063694bd829951eee61a102edf1a7e6dc8a,train,True
5303,962bd5643f979b301ae656509a2884e35ac9dd69d4f91c0556b1005a45cadac6,ef03d6ba3c346bfc0598e9619860b4afe5496d66493876d7a54d501fb0080a97,train,True
5304,d579a909a9323b9cce00ca1cf9f7b538de3e12a7337911d1effc542653ce7c36,9929c12a780cf99f223f57c2e382f886dc9e3560b6bd6c65f7d6447d01ce6b3c,train,True
5305,8191bf9508a02902ef8a79fdb1fec006fb58643e777ff5febef7c92dfbe65665,f7705260682588a28c01e547b00564bf682501e58b04a100c2378ffd40ff1f73,train,False
5306,8c7480f9833229c3cbd78c0544268e510336694ed0578af05558498ee208f3e7,a36a8e4ab992aa077b2af397670910f015d2f7b794ac5b98d0d393a1864194f9,train,True
5307,690c8634effe53cac3d4a0a496a431a83e399c98a2938ce839242fd4483160e6,58d4f0913c249866fa44176f95044ffcc836175a156ab4b8e410497c9e953b9a,final,True
5308,5e8540253c09d2a51612a6a8fcd9307a731389394b851fdd2071e607ad36827c,856ce2636a5bd270701900c997ea0b2272c4279bdff4c2ff5316a59b360ae58b,selection,False
5309,c66b70bd064c8527496f78a239ba18350bcbda3c729f4c4384394398907331c7,30b7fa22940179e0330d244cd070d0bb68539c6f0f2d18c6c9b7b0dbf4027df0,final,False
5310,a49d9acdb1ee8c0fa467c4720a10f800a1c6746f1dca3d5f73bdc73c2d263cae,695f7b65aed4dd082cf841fdabe6493f1e9e9145bb12df2d50d0df731fa1fdad,train,False
5311,3c750ff405e479a48208c192f2e612f8a65b72bbc812df5f76d788685236788d,97b0f83859342fef71654490aa5e930dbdf2bfd419144ae987dbeffb21d177f3,train,True
5312,9bb6ef4ebd04c885fb6329586b3054a620578ed130eff8338b912116a6ea67ae,39f8cfca1911cf65bccec386f1b2ce00716c0604ad5aafdad7108ca1622bf65d,train,True
5313,5dde0c8c50f0f25cdb9d5255b08e96e304fe6d7c7a74b97556311173f72135e9,093fd54e32f503fe8776a428ef13249820ab8b940c364f48f874ffb5a24cfdc1,train,False
5314,5ff93312f6e929ca2e50d26d3823d90986cdcd1ef04ff46b1e8a21aa97ea02ff,9dddf4df5cb0ddd252f40b5a48893afc1652e58915038424e6862a6e1eb91a05,final,True
5315,bdeb9cb4099b4a416bc7ea9a23ea471d826ef51764af5b9270d5671d59280628,5539d2f2120d53debbedd7a771f6c058ba59afd188a012022d8923b6679a20a6,final,True
5316,d2e6e58289decb26a6aab87d7b3e3fda8ff3cccfb57fb065898af4e811e00b12,61f7a94edc7d0039112288d51a16a3e644aec74ef06b85eaf4f3b59d69c91ce1,train,True
5317,f06c906933a6b7d9c9477de2a95286f406e3f24fd761766d74f1017d211a6b30,ae5cbed7660d7137355f2b5c177f2584c9cd509b7c7a9b8dd4aa823715f2bc87,train,True
5318,692031c36ce561a769a24207dbeeef57c82e2d974f5f52c9f7cee0d8ab2f7d88,603727f2f2e5109c400c22b8b9792c0fe8a1185440d7db29ca3f938cad2606e6,train,True
5319,d99a7e1315af0fe0f93845a23730b6a8db2106d9b05e69ac222fb59187ce75a5,92e4c15314f6c2428c9d70232d358942c70cdbf2db326b33a10b647edbb62df5,final,True
5320,b7f128ef0cbbc2219ad7cfcc1751135eb0a63128a11f0b5e658344144ea1df81,87e1adb65e23071c34f5e5c3ae656e9325a7413d3fa2733028b37c2ab82beeb7,train,True
5321,a282fd82815761a81debb1389fa3443d550ac779adf8e11f121a7c56d8299d38,b62ac301672bdf0dff38033eff3c32310330a5e1719dde460c984ef884f73ec6,train,True
5322,9d72b0aabbaa116bbee8cf27cfef5e1c15fa0b392f1d910dd47310924216716c,db854d83e08b500ba9053a3d1ef664196096cd4140953c50b8c250ce95a7b5b6,train,True
5323,04e0d5f95d1f69ae69141b35500e089a3b7df358745befd81acd28f492f66264,ae118e1d8a8181907cc2dba9a100a9c3c182f261831d2ae2078a2562d2521e35,selection,True
5324,2eb90f4ca0b3b6b5ff1478591d62a15e77f62ffbe73469731b88c378e418741a,222a5b4075311bde0615ee005983effe7adfc5ce05e5cd9ca2e5a398a127503d,train,False
5325,4af81585f43f73db2398e7a4f2e736963e7aed294a2261e367ca5cc1d332bb0a,1af272669d4372b949a94498ba85b5b7f8651a4c52315b4c80de9f0448da242f,train,False
5326,810e731063c211ad1283e3999ddc3c3d12f986450b37baf3d41913186060bd61,ce62c3cae81285a52505c63c1098aebe297e7588380f450cc4645b9812c9f2a4,train,True
5327,f0cef0917efe472a6356d8ac779977bf1f7c73d95cb8201e2cdc4214f3773d1a,2e5ed0f0c3bde8cc102fcfbfaa9f1c661f30f5179b05ae73db2129f88a1236f3,final,True
5328,d2f60439838d1a9257e2f0adf8b84bb06853daec6279cb3082e0c418af258044,e867f08738b147a3a2336f7d41b54160d9240dbb1df9eed4267dc1a3d5fd5fbd,selection,True
5329,a2a96ad3809aa84c5a11cdcb56999dfb12ca2fa2e0699cbd57b7f2938cef5cc0,b7e8e6dc5e402085161c1997ed0b40b1fd0247e9a4157a195a44bb88192ddcde,train,False
5330,cf3b99ad124107814cf53bf143aec18ab6751f82389f46ba6e1c6c6012df68cc,2eca446716cee5bbaa11f12e6987fb6ffbb407e76fd5f9a0e752712b941d8b82,final,False
5331,6f386132a0928a4b87aa8db9ae355f9e73911d4cbb960148256186d3dcef1139,43cbc88e55290c90a25376f63a63a2a66a0972da165f96ecad95dc36a514fd20,final,True
5332,2bbb8229207ee1140d21dde04e8b0c11b788539903e89a7eef07d18b07168465,dae5fd391ab4ea8ea05ca11de55867f7ae64b2f2e99eeb6acb8ce706c2d15451,final,True
5333,0292ebf98b5dbcab456cb2768afc61da14cfd79db480b554f94aa60c4c19ac4a,40c233c82a3b3fd787db85553b311349965df416a811a45c52aa38b261f67404,selection,False
5334,a7170cc80fef36da58790676a502139508210654196c596c6eda4cb7822b6ca5,bf593c3ec1de3200c4e9424810b11513bab83ab1faeea806996df26563072eba,train,False
5335,d27c51bc235bfa97fb31b78b2bbf38bdbc0cc4fd86684951eec818632f93ae64,be03c30376a7774a78197ac50a6b2ac1b449cbbfec837a50d0a440ffdebde9b6,train,False
5336,9b00058bc555710a5e5d3dd1f607c20f138529344947b949060fd7b5e22f336d,765212254d9189cba3fdba0987a21f62cf6c9b94bc15ac088e0a51bf86f54f00,selection,False
5337,0e8f9b3486f10d792313455db7018d11a2f41ddc98e5bbdf13aea65f43f70a8f,c06eab0037c0ff25afe813139d318ad5176422d755bcbd59503530fa8ea058ae,final,True
5338,da79ca50cff3d690ec3c8b530e5242d5a25be28bf2fe3a20feba35198db29df4,2daaebc5b7d72d33667473a4fd09e38b64bac42d04656d1e3d004b5fecf8bdca,train,False
5339,7c6bd65254462b67e8635f1e6326233c5517e886073bfb3bbda5ad86e92317cd,b3d879c1edb68e58e6ef9d3bec3ab20c1033cb63fae5d5a3d417e8cf8372d716,train,True
5340,cd171d576a563084c81bad9730b437653f9b8891fe1a4caed3fb2a57f39201e2,1cb7bb17b6192227db718ec2b5f050394e8da6cfde78d037f0a0e10996abbf34,train,False
5341,ef5d7bc4ce6d661a8e487d4e67d3767eda7641089bab0f575ad3bb42fb16ebd3,576eeaf04ecc939cc149a0a24f7b27bb8a63db2259bd8b3c30cbbee0d15dfe80,train,True
5342,f85cf9bb027e6f6394bc6049cfb3599e47dc3b2d5cda7cb0164e0b03dfa32fb1,f0658f4c9cbf07fe38866470a28826b7779c8b3402d6d01e2d26878ced55d51b,final,True
5343,2c00fe4c2592dea7b815c0bf1c1a32a551d71501d03ef6ea75afd5360a14c4ae,99665b54a34e1254349361a5d07352f543887989bbb19c995ad53da1c5124c6d,train,True
5344,7426fcca2b60a124ce36666ba7e2447594eb1fea1c9f1cb670cf46cc32cb563e,70fe506e148b973b9508717fc13bcfccb2fddeb2dd5244bc7b46cbd4497e44b7,train,True
5345,25939c1945fc215436a580cf27b9098836d2c35bfaeadde2ffb83419defe18fe,26faa3a3a07636d4cf5d4b281e410338595bf8aa3100f2ed4535650dc57c0f2a,train,True
5346,39e97123bf2de53675f2248294c91e8b007951f14445b4b4eb8cf838b930a046,b901698729b4b5eaef4763316613f56557a861ae3538f0dd70285a815cc23363,final,True
5347,bb4480d4cbeb37ee95f6486b51fca12cd08da9a08ce516bdb943d111fbab07dc,9e0598f334aa40bde57e5e7403a32ccd4b1020d35e3abfb2bc8fbd9ff183b017,train,True
5348,6db91c5a4c2c4f4ed4a4bcfd0bd7e9a099476ec13d58f9d4b80728ac641934ad,de90d8c03cf77c92113bfe421399bf4fc33b4ceacdba937406d200192ecdd657,selection,True
5349,2a939c34ed282684ade22d57c414910985ff19609016ec2b5467cd64ddb2fa4a,4436b7d77fa7249d33da22ce4cfbae85134158bf8ae6d8daf4edb7141fc4e979,train,True
5350,54c086897f6c345c5131031e0324a4a7864560225c2073c9b68cd5b3d102c50d,9b8907fb4d68e55074ab6b698e9cd794e205b6b4c594ea3373c9cac677f2626d,train,True
5351,2e56497ecdd7ed5672f9c3b8fb87027c5aca00a17f0304273eb284a0bfdcf6db,2975b5dfc94a5086acb4a2dd1fa902998c2bc622787affc6efe7a717115c81f4,train,False
5352,4dd6ebfc4ef07e4ffb766cbf7fa8f99143d3a6e298fb8e9f04bbafaff54a9068,58e35638d7c27614a9d60582f5c8ff121efb0e9e6f1daa742407466b4b1cbe4a,selection,True
5353,e6989c90beb7ce20679c78c0fbb88b0a240a4416d54e12eaa8e1ea17401960e0,26ddc2f558a5e834f451b11015b5b53885efdd9307e0168e612580991982f11d,train,False
5354,99881166b48c1c133175acf4799e2884aa73aad03189bdb6940b983cf7e46163,576d882d845d5ba8f44cd4cb65581a58a0d4ba013b314950c8c08415eb0209a9,train,True
5355,02decb1603059bceb908bc1ea1bfc3e891d552b2644283a3f8082b9deac3cdc4,d84907c154bd123ba14d64904dbbe81f04122bceeef8f7958c2ed799f49143ca,train,True
5356,2368326a3632c6fba2c30f3e65c118619034af8911883f28c19ff0f20600ef38,a84abf6742935a9da4a0b07b454af777719cb66c79575f78b52dbf63678aac88,final,False
5357,6e28bc042a2a9a9ddac75a3b3a15a4f6daecf5eef015a0d0e9a236a34a52c709,eee33a570e64de9fa9d017ba3e9be56062917a23e2e9c1523babdd101c7a7909,train,True
5358,5b2594126a8040f8fac4b0b7c563a10085d1b3ee0cecf818611ee805678ff888,d198105395f2b76d974e4bb2881a45282355d2833e61dd36e0376e89b7ee72aa,train,True
5359,73259f6e4c30ec0f4c362d8ba3750c1fb2bfb4ed96a69fd06dd44fce2fbecedf,e683c525906f924e255a368338fe349512a2fdc20d576da32774bab2ed44dd79,train,False
5360,2949adb2c145bc3f79a302f0fe6f5999aa6fb1206cbb3e3bb7d369fd73f932e5,7c009d074acca6d3c95c49778a490c36072d127d8b1b87b975468be9f4eed958,selection,True
5361,0da8b9ea7e66b56bee9827b05c2c88934b60b0733869a2e0d7535e9ee7885eb1,8b4a7a5665d819b82234de236cf598b16947d8e70974071362466f2586cf07d3,final,False
5362,9c87d76c840082bedb3ed6865b57331b2e833a28ecac20d4f58129431a88d801,1ee4fb69fe32d7da7b5289699def9f812e7ba8b449de43a9033117b68621f9dd,selection,True
5363,11f62d78cc67e6b4b70907f8c652f735c77a771c06cf0d587bc2177beebda634,b9d72b0543288283c60e4c0726d44d7a622d292713ef879c91e88f9d3855bfe7,selection,False
5364,e08689762692fc225d3c48a6d070d055fa1bf9cb423da4e74efdc0f730489492,f07fb9f04a59cded4229713505420e1fd3f20e5712a840b8f908332224a635c1,train,True
5365,bdb22c82047fd842fb0ebbae97217452b670cd8612c513bc08700f8ac8165d09,87c8a94d26d5d5cdb5771d31a9417cf55db720c186c96679bca4ff4987ee17b7,final,True
5366,a9df712a5b88bf47cbe8f41ba775a0ec4af318f92e949de3563b1c72b86b4363,c940976fd7db1e8fb529442cb596b622c93a388b10e3a3175a63616b4e6db809,train,False
5367,90da8dcc1b86714aed45fc5d854dda3021072a4944f95912d9e2edd16cf68211,01a5b17272bde790d3fb8283e781e75a7d7bb0864131e349a329836f26cb6d4d,selection,True
5368,885cd0331d47bd07eedf5959eb9638d6ab24f014dab52095869587d8e56187e2,06b5dc4d99b56b837d107582b883016f15b674e4f1cc2ff8a7d20f44f5a14e9b,train,False
5369,a149761dc0e7b6ffffd2bce2b1c5558e51cb680dec0efb05512a271cbe322637,15dc69ccffc8b12ac36d995dfbb9a0e0a4e41a69db14617d345a7c7b282aa627,final,True
5370,e16a8e3c7db4301054bc0b504747301dacf8684376ad2ec49b6b513efed6179a,f196ac474febfffba9020ab80669d7de1bc9dab9c6b9450307d22220a9a66c0c,selection,True
5371,5f95c712383c424b99039b21b066fa86308429b020672a5ca39569805f292fc4,8d80648cf8fcdc19d45165655e6be054cd15c8b7a2f424c574b9efe4fb5ec713,train,False
5372,5d80f0358bdc1ac8a11a4621a564be08b4095f44a964d746000e925eb55ca605,631b87f1c3c8b3c1c9d68049e037cf9a1318132b7440b27b0e75723f7d824e23,train,True
5373,b1afb3c1e8af343cd07d0f89d624a382c75dadb193471bf43e447fbb04f35def,2eec2f88f3815acb2414e0d728c89e774634ee3aee4e4f4419326a64882db219,train,True
5374,0927ec02e623856dc914357e8261a8219d5b7c2d19fc31200865cad01d44bf69,4bda06f2fb0e14c1147b6f1bd95853c96e8b95cf0b5d5f37a695c3a531fe92e0,selection,True
5375,05a894d919876c3cc6acdc9f0c7f68dcfd31de35e25cbd41c622c911c3f4a83d,2c112438ede8c0af8a74412f61fd0dfbecdcf4f94986a635952c142356863393,selection,False
5376,2da8f4eca08f1c0629be7b53cd91bb6826aeb1e52f7dcd8c4279f01f049a6b0c,cf2463d88b2b2a2636827894305a291620a38ef62570f3f198bc568649ff0a85,train,False
5377,018f77c9259d7154cb2c00e3815abe73960a5bed549a68cf559874a242537cf1,74d4ed515bbdce569a2db04e5515a573dbdc84fddef3f945ac82a079e03295b2,train,True
5378,54c3ba7cc926e797359e8102686d13f155416196f6c2ce9c1a8e97bffd9b4f2e,86497c16b68e2c424bc4a3eb0168dc6a088c713f25775bbe4edd6a1756862ad4,selection,True
5379,da754e21b5978fb296cf3c2075f551508352176933e6eab662a94ad02f4554c1,78afad49e15c1e1ffb2dcea82153d379bbd2baaca991494fae0448902e700da3,train,False
5380,2b077a36f5ef5e9175545e5d6855a9235e3b172433e6eb630376462b2af2810e,9f3b15353800b31f673cecf985b74298d432599824d3f404bbf9deb745e511a7,train,False
5381,2077cda5b72f4f4838d94a44f07c80c1001683a2388a2c105308fa2c82d9917f,0f234aa676bc0d816f86049a02f00d1484367b831473c9383ff03a05fe2959ac,train,True
5382,6b29bbcf86161aed4b894ae231c28e874e05c56e16a6182a621eb3a145f73077,16e5e7b182f56f5203125ae9d580d4e18b72fc5c5abd8ff22559dbca13b36af5,train,True
5383,f4efae508b398e612142ac2881787b6e0b35fa6e70ebbfbbd6579f3c00fca409,42a749a4af5b5b7a6355e51a881310e5287ef60276acd4d773fe4ef9af9c39c4,train,True
5384,d2bebe4f6f12da7ddc1acc1b772e089471d01f1bae4b56c4d378f334697064c0,72f9d530134b4fe4a6767690dc73a1e403e29ad4098eb5fb8cb80c4ab8dae16b,train,True
5385,36082f300109ee3de3453f2cfaa48f376ca853965a6545f6bed1c940ccab8eb9,1ceb62ef1d5a9605c5941b5127ccb11e35fb312fbd055ebfa6f5911891abbcfb,final,True
5386,af5641ccefa9076a7abf538361ca43ed179c5f4094732baf50598460657c8db5,b71a63ef31d9c04a45b1c835675a693ecdf1036b4ac928ff477b17e3b7d5a96b,train,True
5387,5d4a42b9257c75c72e70fa1e33211a565448fb422e07879e357b16723149f13a,146fb2a23cb8c05f3d4d16f24737ef42ddb6699c78c95f5c3a6804085a94b91b,train,False
5388,b80f0a4731e8ace4d48c4e3c6aa32526fc153a23771b5798a1260b62862e638a,79c84fe608f9399e35fbd25c1f4dfa5f5849d04073cb2386e4593026d22f03a5,final,False
5389,2cc6e6c4774398a1d3457afc7f137ed2207a5662825a5f945d3881963c00cf18,35467a7e3387e4ff35c019bf2ca7b2201f427bafe732573f0986c9fc8657f27e,train,True
5390,a732d940c9141f3cb0b7830a02f26347c98bc7f93216629dbb428f6a71618349,589e27346f5f06a71a32c97b5f73902c683d115e2a9a587b0783691cdef0c2f5,selection,False
5391,017f1f5460d70129a5cf2d96d8319f3530e2041ddb4d3cc4918a815ea4b387b3,e555d1f3416e031c9216e2ef65fd64999db631d7ae71200971bed40b59760905,train,True
5392,4f08c76093cb5e6d25a4aa047a910dfcc69e307692926a2b5557b51b47a6fe02,0560cbb48a7f2752b890f5a9a6ddfabab6fe11a2c19bd02771ccba0e5b69cdf0,final,True
5393,2b0f311d96b6658435245198dafb3309772d85683c43ba95b3ceba8a04d31e20,592037420a649ee2c2c0c415e0f4828ba1ca010d1dbd4f115f7d62f8d7d9e640,train,True
5394,941e417043da690d7ccdb133f74b449a65814cb52686ebde371d7d0d4ec57781,4485c4107e02ee10defbda7de01f570291e2fb02a1403fd1a882dbdf6181ceba,train,False
5395,e4b96a6e4b3444f62fb9b0e5cec9e84a8940762d586dcab98ebae611f80578e6,51818bae4a009f2a2eb8186d549bae005353c381cc8ba89b5b79c1a0b2b94cf6,final,True
5396,cf72b1b3cfc3c273cf5b236da9044a7a9d8202128b5153051e3861fe999bc7dd,7d7daa82704b6d44ab733b0c1ff42432665615f2fefbda26dbb1eda4becd9535,selection,False
5397,f8dc63b62ce5867522b7a740bbfca5ca87e8a0db78624f0439ef62ef5ba88944,fd0636ff08d012979d90e613545b7b85c1e97b746f8bcecd9247d9790e44319f,selection,False
5398,33c7db6142642269ee5c3949573228d034cc96e7325f03c3196c9c4b5c71ac12,504da872ec94e34ebea97810c075a1b0908925bdcf646a79629390d0a46c2436,train,False
5399,87a82d06cd2181239a2e6b6527e61ec3688d485c8a20360b5a474efa9caebdbc,93ceba8d4baf18ba459a9dec589814ec1654fd84fe3b91aea5103d9c0cface9c,train,False
5400,eda365965c374a71af23acfe50f6fc274aadc40cd0c122fd7a73ab26898e319d,b52cef1dd54e5cab6d4b1df1789ad705669df3ff33543ca20461d1c21b17db36,final,True
5401,55044ddcd91d4d585d00d68552b2288c928faa43d4eca3494ce8af65861b8f38,4fffb574d3cc925052f1d27eb51eb72ba13fbda27066bd41cd6477d674df64bf,final,True
5402,8cf635ba2754692460c0d4ef3bb93dff7834b2abd5152e89a01f9b6559a18f7f,cafeb60a72094319482b1f1a6886c4e458b58786c6c0810ab0f1b44e1b360d5a,selection,False
5403,f968f716663d7a0cc620d258f35dda40141bb75757c5f26ce262d6f5c6793750,a97c103ad0b8bc6379f3499dc21c576f4e2e668ea0e8f1532fc9c094ab826489,selection,True
5404,620043a88538c26dbbffc2cd80493daccaf8cdaf6d67ce8da09a95631b173ef5,c4a886d8121ea039ee08ff943e261990a4dc7cebc56bcddd99ddd117025a5023,train,True
5405,76d6abc210ca9d9b6fe87161fbc5406e270e14cca5f7496e8ba99194a6e64b9d,b465ae518a1ca3254eb2c92810504d8447cf7dc8d3facd578e0bc4a42a0896b3,train,True
5406,2706fc35e39e582e0358a13c7c144653cf93213c578c354c86f8235c22518016,338d0dba3dc17a8d8ad75143874fdf11b76ff0af7a97db58151fb406fe61c1d7,train,False
5407,428bf831d310af26fce537099573b5e03536b095d58772cd2e67c0e2b41a5df5,f0eec949df68278df9ec628428608dc8b18ee069d6688360e44f3265dacf2cb8,train,False
5408,cca1227554c07ed57e61ea86f77c165a440e17491b1c7c14245aad5c47730db9,f5731d8f4fe4eaffea3fef97db94a8373e5bb37e30a7d166bddc03a94d15a421,train,True
5409,ca6a0660d8c6754243476dc6f839a17740ecded928c268523318ece4d08d80b2,5ac54bd8af8fb365e5d198394bd4aba53e52bae7b43ae5d2c126ed06ea4055ca,train,False
5410,a98e22857370f31c701ed63522945547d18352f5a9e3119e57e8cc4027a5c5d7,853e98796a5a44453f07ce58a8817a510fd5caf0c28a84b4b3b45bd5bb9bfaa2,final,True
5411,5dcbcc8de2e20efbc7fe1d7a9c408ae1ed38ec59efd8b7855a542e8024c1efd8,692b45ebd115572719cacb0c035bb92496a430d4f4f2e4a0cd9f132ef0b1ee41,selection,True
5412,ae889738e6fea484602ce2afd9a65b3fb1e96cf54ad4e8fbb9eb3fbf35808f10,184cbf54755c1f4ee3c147b47c4d5b2c3356c3da799df7a843437627a4a756f6,final,True
5413,40d6505f3419fb55caa29c113ae39dcf19da3742e8610c7538b586ecff5614fc,0f4f547118993d9131dc10e8b60ff94b0bab2596de5888f0297c1af1a56d58dc,selection,True
5414,30806744b664d8ee2121bc34aa0cf1a99846237fc9fc41628b7f9adf41046abb,b124a0b2e668d062c6bd104100510a6838548ccb040899672c8b5c73c08a3f98,train,False
5415,a722347ac8daf5a2233e4b6181059798e630caccc1d43b64d846da7ee216f890,1f5ce7b3d9ea81191921b317255d9a925b0020c84fd3a2d1d29a926271885e5f,train,True
5416,9c2f3905bed4560d1da87df92f33cf0f696f34e20f83c435033ce517168eb2f9,3cc52276b90e97d35d51f2e006fb8497fde9458d9a962fedf1e50fb52343ca10,final,True
5417,dc82225ec32528b36c9a632c5de030d94519628935e56ccae86fb78de93befdc,6db649c4bc359fa4c93168cffb0238d636a5c6d0101480a492277ddccc61f6e9,selection,True
5418,0f157d44e5baf4aee698c072f8d3860361b5f100fbc7b86aecb738312f39fdd2,29cf9e36a8b39d9acf54f68963b7862574d2143b6407d258e002600560acca59,train,True
5419,3f0700ce666f3ab736034aa5b9569fdc40701db8a485dec8a2ed3944de2fc488,19f3803eeaa1641fb7d93cf2f49b08ae976d453de4f3dede5d4736d7d7464646,train,True
5420,9322ddd7d2cc3379205b34e00c8449ee0b0730b45eea0157a3006a6768689b9c,db94e5bb1e6bce51b29ed9d202c0da70cbd59e99053ab2950940c1c56e0f655f,train,True
5421,18e5985ba35e99535921497b85e0f4f9257ad267678949f2f26133857a2682f8,e8bab64d8e17e7f3893adaf6f596b665de00093e2cadb978d81107cda788c244,train,False
5422,fe2a3ca728b2c98eb4559fffaba3f60b34fd807ab8b9d966162fdb7740d0f2ac,e78d27cda9577ea3124f3f33b9fcfcbeb0d9e705bcf6d9567a7998a58dae8c07,train,True
5423,310de3228fdf483d466bab7a418fdb38a156e6db8390cd2b4063c98c7606d82a,a0f491f49a8a1c34507801ca9500b6953e067a0cd354dc1a782f9550f3c6fcd8,final,False
5424,4516450cce9c278ed23f8328ed12ae71398856be895128caf1bc923542c72878,51cb5ad5d2bbe27485a5513b38de83e56740103aab4a0db9a33952e1b531a0c2,train,True
5425,400bb1550b6b25647e337ead1092a98dcb18e8d1d4d62abb36c239f6b3abfff6,3e33108646a75a40e8b7b393af2d01e27d54b6c266c18e386f8d02bec8272402,train,True
5426,c5305e2b425f8b8eba5f1b66b35692e69abf5845d5c68e985a8b2661ac009c84,98890901bde3a12146c8c6b90ae1e5c6c8f881f33b887ccb70dc3dc937449ff9,train,True
5427,93c3223439c917a32c031fee61073e378d9a6972ec6bd845bd5fe6401d5f8f67,d11ec29c4d0d56f6de8b56c87da21149ba0bb83869401f4d77547d77729ef389,train,True
5428,5bec94a002dca7e9317415d181a73567f3360d33d41cdf51051943cbcfd61ec0,e711b8cf03550145a669575b6a8a87f59a21a7224f251dfd1b78131a3446cbdc,train,True
5429,44c18ecd6efb64e3ed1b65685180b3f34d235adf97862a7515da75f594f7c7bc,d8f789a7396b9d42920a6e9b3d1bb70aee6d587c5a9276e4ef01666682236eb0,final,False
5430,672fac5cc7cecd2d8cdb9f1c2e5171e587b2c2258955b1522b3173e38644e6d1,2f8d43816db1fb6493f081acdbe76da0d3e47054361ab7bdf454662f3b4ca07c,final,True
5431,3c549cd93002a4ae02185f4750ee53686de68d780957d2f47916ec12ab1ce7fe,ee46bc9bbdde80d4583e648d4b9c523d3a08baba2adb4a0275eb533dc93d6e11,train,True
5432,7ad6639a93721a1f36120242d91b70bc0a46756f418971501a89fdbcd2165e10,7a9c5f17fcf019f1d371e7eed8a21c0a1658c33ef243d728db9b80f53d5d1c17,train,False
5433,448a7cbae033242ccad187ec5a5eb0bfb9cfc85ad10bc62da36daab2e07c562a,ea34478b65303ab0ef1faad7b75c48123699c448e2b1c65da7e31c5b75fd8ffc,selection,True
5434,bd51f796710c8fd7f14f092a5e5ddd6c822aaa45c87f48862aa938d3ee93f05d,8998c2abf11c325522ae1f12fe60131acfdae226f09b4c8d76fb1132cc255fd3,final,True
5435,edd1e03c709eea15148549ce618902bed4ded2f187989761d484b8b173ec48f2,5c3c603fed9583b324abe747e9606c80e94e93c6ae799d41518b06b604d9aa43,train,False
5436,4c8d90c12619d844d1e7b5f0a9fc9c7e73dc450805611ddf4ec50ae5200f49e6,4801338d92422ca4111fee7b47863aeb96257a7df225d49850f388c0e389898b,selection,False
5437,c6234d1bc1a13f5d1045cef1fcb99f3901c173ebfcee06d373ec9d7c623a77cd,0181893b8681b3bbc6915481e0364d45044ca73cc81393d8d69b25ea6ee60d2c,selection,False
5438,838e3e90d6e9a58e9db7c7912f7ee93227a86f8bd3708727991f8c9858d9d89a,4cb0f25ffd65ab7fd0a1b8c7019185263f5d4b10dbd56f0d2caf58a473f1bdfb,selection,True
5439,bdfb0c443646f50afc273c131ec0f107dedb3543b9497d0c89221917a2542cec,7ffe9ba39248c03800644e8835970158adca673b3eb6a492e8764c0544c245e2,final,False
5440,ff1b12a113048149abb2550114178f3db27ad7b6abcbbefb35a044125a1dd3fc,70ad4b3169678b1722e80df722e9c51d4a29842fa6993ae6ac604768a30daf92,train,True
5441,abef410c93acf374c956cb54c85bd5da98181f8e46bf4ea2b3d4df799c3edfb5,04f546cb94ef90dc03b42eb230f50b39e9f752376b659b7f55a886807bf1e3d4,train,False
5442,b10e7bae652bcc9820bbeee9ce41369d6115371d15a123270c3b8bc88c805d71,79001de1ef968c969bef710f4583aa7cc22443d86f6f35cb6c48beadbf113451,train,True
5443,60b5787962cc2ec2299847711fe61cc8437e1cdd8ff4e6916c53f37b589113fc,5f63b99f458f392770a4edc7fb69189814d8540f9d1d6ffbae349758cca90586,train,False
5444,a8b5c212f6cf15a3f1a76611f2987c5cff5a1bca56aebb9a50cd932e539bb341,a6f22f02e870c5019354e25a7583d734bbc1f3d94fa23b2563c4701264458828,final,True
5445,30b34c8208b2a309e7bc0e7e1225c12973908a379ca30fb03aa3224e1da6f723,0dac032db66698a94ab901b06a2af7e213e1e872d492d8cfbcb25945a57d01c0,train,True
5446,7bb2bd622da16c1a5e5934516dd2dbc27dafcfa3a8198c9bec7bb27ff343ad11,b959e28a4ba8cc0535ee7533e9c31e43e6e1b3fe06a7e377ed5ff6d426460602,final,False
5447,7816440d1205c98be7ed10390cebcca34c358e68d124db566d291e8b200a7785,a0272344312cceee930233596ed8f1f375f1342d248e9f289d049a81359b7cac,train,False
5448,3496b79c71048ae095b6f8b603a189dc3d09a4b54150be87aa10b120e3155bd8,5e005d6324881370dda78dcac0d6240a0f3fc4693b5add21e13a2fc736ec370c,train,True
5449,2d624d4881f52150393208cba4901c0fa945ecf34ba45dd86a58d8beb4dc34eb,2bd5be4013d78ab77a967df7a3135ca4014b6865c737f9c9187c1bbe6f609fd7,final,True
5450,f20b0fe160f34e4f242ab3e85377913fa8fd68902b3e54fec9efa0b7692f946d,2f2e6846f58d6944160ccbedb1d0be23a5a920bc9f735688133bca5254fce03a,selection,True
5451,7d3e219903cd6f81eb0175d12e6abea20b037c8f82f002fa70db391728fc13fe,893996eeaeeb7a8702f50742143f2f80b6474317c1ec858d328f1626d0b9e653,selection,True
5452,71f2fdccac7f1ca399fde836ee744ee9ca09f52b46685590f68a42a845c74ceb,bde07ac5e6d80db3f771914745b295fb00520f703670ea5f2f58efa35d805492,train,True
5453,e3445fed877c74e9863eed73fbc579a36e57bd2ad0d609ece97e2012136ccfe5,677e48bb0b8eeb4f29c87bcda16342368c6af6369d103540e91ec2e67e0e8129,train,True
5454,1d47a9bc6f097ae30000bf24b6d0367f3adf282faf6a04d051e196b7966d8e89,76cbb15169a4a50c4f3df05767608a7cc4acd689c466832c467efb054b4912d6,train,True
5455,f939fdaaace69f86354ff99e4a3a075bbb7909e6c26104021f65d6ade784858a,0345cd0e1848e238aa1a02e58566ffecb79adc96cde4090ed96cf7703363102c,selection,False
5456,5232aceb280da6878c4ae4295fbae8de40d439fe9087660c1c2c0ac3ccd8f923,899f51efd527214b5e3a95301640104e91424a1fd9d8a7fd1de7c7eeb5740d98,train,True
5457,68096ed1b0a5a706bde03a3d8a3f49fa9abe127444636be5cc460156468aea70,443cc5270e6c776d78bdff46a650618306ae4a47e2ff6830fb4cf6ad42f42a03,final,True
5458,9218438379bcb736f50c618fdcd6affe89c591edd6097e1076f1eca338bc0ca1,ac74849bb6827c70d1c5545a13197c026611ab3e5d6db19b1cd96b0e6888dddd,train,False
5459,f972bf5b378cbedcf4b43025f9e37aebc8b774bd905ffa6c8c1ba7cb171819fd,aeda8e707b320c5955e1c59832e9a3f1586bea8109053dd6c586876b811571be,train,True
5460,67601026f9b0236d41537c1f4e8150f86b647d790f6d2fc0ba038c8154f5822c,49bc586a900e728f337e7e0350da3fb2bc1994fe37b529dd7ed668b1b8bac84e,final,True
5461,fe73bef11449d39593bf8780d58ba3d0c55a06956631a7db3e3b1cb0e08cc4bd,8a7adb50c9cc07d3d885760977cd8c909463791dcb6f3263fa83a3c0f68d2073,train,False
5462,6962f4d76a734feed3b69fcf552160323500e18cae1327e4e58875bfd31d7476,7d7b77dfeb9b2e1c4935735249b73c19b5418ab8cdbe863985b18e863636642c,selection,False
5463,a62e1429e88b37ce0cecfdfd047677d6a14d365191f1bb2e22a0d40b5312d2a9,a7be9fb89fadbc5420da9f4fedc639d55ad2c5a774e4a17b721d486cd468a66c,selection,True
5464,1b09a413b963a8f0d62357d62e04730a3f265d17c5fbe190e5911815f944aeeb,f9f7a1f6c1396c1bb4a35cd4f0b3cccb1989d2851a7df59686620b39679906a6,train,True
5465,f687726407eeccd2db79b566289b85193e163b98c6dce7bc3167f9f61cede69b,d32c138c810f5c2999ce4969d7da115b543d0f30a7f9ddf264a2fdadd4c42c27,train,False
5466,314c3e258c85c2501a1075a7e48173e40d5aa7fd982776beb6b18fd820c89081,a962e2ebd15a5cda8e49cb98322241decdc51047a43042048b6537972c5b027d,final,True
5467,044f194e7d3a73aafcdb3972cfe5c6a9e1f8c9a77091f2bfb383df225162d388,b3584d99415a932207e844b0edc4a400a8c388e33506cab4de403ad7b499ec9f,train,False
5468,ee4a50ae447c01ce0c6da1d6702b38f329ffbd0eeeaddfc01b3ced1dee2e9c32,6cc33ade388fc098be8d39bf28a2c712cafae8f371ebc655c9ce53eac4ab59ac,final,True
5469,991ba564027e2510fb0de22b6120efe590e66a150aae6c375568aa3e1d53f5bc,b55c6b427c2eb06607849af19cad1b4ac7f53c5fc7dc3c59a86e013e8bb794e8,train,True
5470,46c2fbc637b6fed0bac71a5bd6c6b7702fe160a75ac58b49ff71398abf840290,a2b70b9b4d666e6598e7ecbc2750d500aa976efcbffe06579bd56ebfc48b0ec7,train,True
5471,428c4a8642fc91e0ea5220e9a85eb1dfadf1110050976e04a7b346b5abde28fd,99e67c3619e5ccb3338198f5726687aa1726713a0e975e7d95bf841ad7d87923,train,False
5472,f45ca1e523dfb39d7324b28190069f9c9c2a00eab5edd3a93a99ee0119343dd6,747431bc53fc9e56e28005e2bbf73843d84903dff9e5ea937370cef7df583c0e,train,True
5473,09e326a3ef11fdc14cc17e145b305fc793c627976c3ca25c262a3183a1809d55,27151531a1b7938f8f6bfe6f8f3d26324f47a3a03802d7c3725572cf1e1640cb,train,True
5474,96301ed9a973dbde88889254c61b29d1dccac0bbc2f67c288b15a83ccc96e662,3823f0c4ab72785a39d08d65851aa9e4b052eebfe9aebc797784218e5d47a3dd,train,False
5475,baa5221916b6b1ca90152e666706241658d6e187bf1e364f63c83f341d1ae7f4,a9bad865dd63ec8d004153a1c6a2a171c96cc8bb3b58d96ec1cdc1581c7663bc,selection,False
5476,83193dff4f9d9655211ebfe8fca11a794f44e8c38b749ab00d643983333d7ec2,7dd0ca237e0ec8e1c93b53e176664862a569eb67034212a1511a4a3051032a97,train,True
5477,038df82d0d058a2e3999c44be824d4be6d7971903161c644342d67c27ef77422,95c7fd71ab249f10b1597879f71ed29efef6f1abaa899c8bc75cfa41500b8b4c,train,False
5478,c6aadb525929b3373402415b4036ca6612ef2932ec158fc83d28482fe9caf090,f7bd67b34f34f84ebc8244c2d2d44a32c1784cd5bf1a7c0c27806139ca082ef3,train,False
5479,ef0782213f31d3c1c080187bdaadf2f77c63ff29c33afb96ef09001a69d973e2,da2a428cd265dd94d82f416e92c47b26938568c16e71c76fefc3394a783f33a1,train,False
5480,aff91a291b374d492cd0db3d49fae6f03caf8c399f682b89f24551528bdcf2ec,072b99c6b02d34707391152d7d8ec842ec6d48cddaf815185de74610a85aac16,selection,True
5481,bf0d65af8bbf702042d8fc553d5ba11f55df3d1dfc2b15fc1f2db38ff941e72e,bfd5398c913a49b3bb9cdad249c7714182c9f6ea34930f4909e9d08a463bd472,selection,True
5482,1a3c44ca3d87b637f11a9e06b0dc43ef49da8ed8b0fe8d5ec70f743f8f6a9eb4,0ebd4e843c748362164f3df6aa1b155d368378587126d8918ea20593809d245e,train,False
5483,6b91db618f8abb58f1fbf13a102970d614db846fab822a897aa111b8710577c9,e47faf8c3f530e29d2a8b17af9ad9c7a28a4aac47353ca1287651223f48c0853,train,False
5484,15e0a14f920c2ceb4cbbe4306767bfc5781291b58c64dc9b47441ba40770b827,01422da71ba77cf63782a73ce380a201dd5a27c1f430ef16cebc666523db8da0,train,False
5485,3f3f331a306d091c30a61a7bad07f9473fbdcb5ae7b997d96af56ffd5fb46394,b7f20e0be269dbdaf2a442c73d00d6542515995edc0193964ec77751858a9a26,train,False
5486,f6a9525617a4d86ddf69a34f5cfbaeaec3f0bd47e7c88f756afc7fe237bdd724,6980bfe3576a772b807169aebd66aa28e9cbacf0fcba981b53d4b7a4f6d7a9de,final,True
5487,b02242214c477d5fccc00837cdd06c7cc13ba311ba22c2d5a98c64a9c967c53c,91ed73e8f89e030e8b344a713ec66356116537acdd934948c779ca52cbc9a553,train,True
5488,3518ab6397669cf548b8a5b2adf259486363942834da6dd1d79b72ef15c6f855,9607f1c5f6f6e5c0c4bde0449b61582605891bf0e43d1a7ae0be9ba1838b1731,train,True
5489,015e2f6a643f4aa1abfa90da02150f07eaca9f620889cce575949a656bc8c543,4351b58e38eb4e8493d3c4c96f49119639b4640df3fb98f4c3151f57c724b79e,train,False
5490,d69ea77a6dd58348b264e8d7207feb40bae1169ab7c64289c6d284652068be8c,1deed6cb321c17ef861de8f7c6412b73e2c887408dd37f9da216377884bf068e,selection,True
5491,a2ebf732a9b4cb7604d65acf381e82506cc691ac3a2c3f0f70cc9244bc61240f,9aec00309688dc52386a33d8bc105557ba1fdab402fb5777114a70855efe1161,train,False
5492,b1fe0fc5b937d8e5582acd29c877bff56d45ac0761d6fa6001195f0ac6584dda,d1b4366c30dbb193c0bfdbaf83a3765001c590c5e36274eefc316040b9d5ee0e,selection,True
5493,ebc32637c37e83d26facbd5e0755799026c5412f8a2ad371b6ffa42c9accb767,252ec53368c193708682e591f18c96cc4247b5add9f9cfc24e9d60c28a3230da,train,True
5494,1e490f13e32769f9ccc339838ed1fac5288856e15b74abe82e090cb9ab8add22,37939bb44d374714556c9e0b762973cb78a4e711ce8c730b6cf59053b5d9696e,train,True
5495,56ece0d6682867867f84fcd82bd88f46b96801c89ae94efc261ea5336d598012,e810c8b333637cb26ecf7a898be545a790f15c081aa5ea9ca98367fcf8ddcc66,train,False
5496,04c5fe4dd980853558e27106761a725050164727690393179103d997cb4e020e,92842b2941d55a63fa2db89440de79e1772cf875a6e0be22bda08f8bef804edd,train,False
5497,d480a81ce2e8e3bb9bdf7e244b5e95dd70865304fe46942eac34595d4f7c59fa,de29649e79b8d01463df76b304c1bb768fedb2b66cec00b1de6bcb57decd2791,train,True
5498,de0aea412b735a994b0663c1399f40ee34e5c594c84b835fc3c7eaf31b109c2b,27ae10f19522b7300d4376e7515cf181f9b70bfb2ffd19b0969b23e3e8679838,selection,False
5499,03ee5324f0d7edb6aa6bed5d3d8e54eadeacc44567af6b89be8eda2f0e5bfc74,32dc4010ac312710d8e909e39ff087c286175a72337010071b38396ce7a850c0,train,True
5500,22615d8c243e67a254e2501023ed4a582bed1e00ed69fa69211b9be9e4e0938c,b483176fee24991f7dbb2f2dbdda58aa656e83e3f41dbd65c90a843cb16fd941,train,False
5501,0882d579c4ba493017050593bf6ff7d2c8bd7520374379b66df37d1584687b9d,547702c76d230b10c677e42740396e6faa2fa4385d5adf690e2c22ad7af91663,final,True
5502,114e5ad0da7a2a351049bf1929649f27364c2802abc927da752dd252fc993765,190bba36289d6ec1452953e34837268f1d35c5d516f93cefcc3b7da65bab4786,train,False
5503,8aa4711a78485a89e403aea0aa6cd2baa56f9a113cfbde894eee7d6d484ee2b1,4b4ab1ba32cb8701645c5823cd78bdeb84c1805c7bf8c3f3bf09a51211e54837,train,True
5504,bf5c6f15e62ef7535e193c3500926c63c2c291873216934f9f4d6fba46e158bd,7fe46bfea1a9cb5f17f38c77d110d277feec37f1d6bed623c97a6a6e999f8590,selection,False
5505,f3cfbca44b14f930b644c3aff3ebc45d6496a2283fb90d0f2c86f7531f01523d,d302adf2e232fd5f93ec0b7142754703eea27ee333876a7c9eea5d458a3a70c9,train,True
5506,58385f1b0022ecf553bff8d3c9d20a75f876c43fdf602a1a688b2abac6604a5d,cf26b258240499e4531300c9dca62a20e120b1d1efb66f5ced75930a6336c429,selection,True
5507,4ffb749f51ce09de859b50731fc8bc822ec79c2046bb16e5b525aaf65c42f917,c75e7cb75f0a5133c099d75c5e5420c81fbb16ea1bd62230afce6cb34e49070c,final,False
5508,ddf814c9e798265f436177c686c0093c8f277a6db7d1b7f00ff664e647dfc22d,3bd4d369863e323a08ef2b75b15ce7e6e121d995f7bd4b9362dd59cc9d52e489,train,True
5509,14d7d40da04786b5ebbfde895a39a09838e6ab03f5eb4833dbdeb565edefc862,efeb3b07b249e1544126b118e128321b8ce6a2412fe090586ea2fa8fcda2565e,selection,False
5510,6ec2906daa5bb4334289144b7c305b9973b6bc63a748e1403429a94c59c69687,182425dfe2aea883f2f322c024151f67b67f93827e6104e94ed6af140f8d1d46,train,True
5511,5a96a5c05e354cbacec0df490b52e212401050ccd86eae1997cb3e5abeba735d,8ddfa39f9e27d799665baca36f457bf1a29208f0611b1c27e3902f50fcba64bc,train,True
5512,9f23335ba852f2ced9fe69d1cc2267ed98a6f4a7f48e2712abea27134b365203,27c616ba91664b7279c98fd2b6523dfea2c9a62ecae124a37b37c023656cc6f1,train,True
5513,46f6e08cd07c39cc0726330cb8d55f84533eb7d1c7a5ee2ce0b46277cf2d7e43,cad8d8055358cef0af1083eb932437af38ef2dcd51e35c79c465fabca781c041,selection,False
5514,92f80287966102d12e062b9266f0f6b2ad6b45693be652faa346ebefc3783bee,d49cda3007f88b57896fb803d790134c784b0d2421d2878a035b57f2105543b5,train,False
5515,5ad46ac1f8eda598e751d7a85a28a8c1ab176681413dfe4745af163392fc6ea2,92af6c3ceebe26bd844901fd941bdd03b3f77841182d97571a811f2792104c29,final,True
5516,013c2c97f245a780f47102061a764398fa36b101316201f8a323ace1eb55586f,cf2e5d0a503f034544d0f9dde0b94e3138f0d7e0b1dcab2ed32a3539f1aef764,train,True
5517,978a0ccb7d2421e029eabcb206a77871a52fd967a6a60d5c89c88e6c424ab385,b1c3cc2a0385fbf5e37732f063245a355c06da2b13781b914f2a393a4143a558,selection,False
5518,59c56d3ac176cf37168473f4eb671b3878683b9abfa186a00dcbaabfff8beceb,7926b42b0085f1d07f7ddd3d8aa03dbc2aa6bcb3bb08da52a42337d5ff2fe1bb,train,True
5519,3d120d9d336744a1fa3c7220e7e2ded2832be1b65530eec1f63121da143941ac,bc02093a4d2d050ab0e08cb1307f167b460ece599c07ee3f188e50d34b80a4dc,selection,True
5520,db3ab6b449d332979cf16526b19461759f549999669799aa8ffa3987323a0dc1,8f5d093ec0fd1e2f1ad38bb7f760f11493039718ea2bc570053249f100292829,train,False
5521,e2b6bbb71ead5fa1193e2c2605832532d775eb6d959534d6b6106cc5f74231b6,51f829a95186594717e64a7040b41722825cf27984c476de68ef0f50f8b08bd1,train,True
5522,d5ad357999fff375ac397def9015136718864758e3323e2875c84906177cee38,f72420f972187e6a951fdd0d7801624f6df3f01e121d09804c41e72403a0d455,train,True
5523,f3eac408c9d8b4df3ebd3bc070def22f8e20ec7db59897534b8eaa1415987325,39f50b7ed952ba6f293953a79aa0795ec817d3c1eb2ea12be139a0df6805ea3f,final,True
5524,5657d4d8fb41608994e2f08be4980af79439ab86099068bd9df089c223c03866,29047e7c567eec69119053121e8969d0b82e7da8b5cd593a6e505265a896430a,final,True
5525,db7fc84a954c9849c583d01495d1e7ae6a489de0b430751d46573c5317a6c4b1,14bae27cf2feabe7d2f68afa34174178b33ea4ddd5e038a7e53c8aedf10f5e22,train,True
5526,5ce581b42220cf927da6d7328b4f3451316c9e99f8cf8ad4298cbcc7db446f7c,a3bb112324e59ef3ecaa60605923e0687290082a6f75ecd53480dbce4d9bc3b2,train,False
5527,e37ff8c148498e9db021e28665f3b6b7aa5af03808717c28bf9fb3cfdc7dbb90,dda4b16927ec56b9efaa356278a8798301462454baedd29977b322113cdc6a7e,train,False
5528,b22d3917fdf21fe2879c02eab0edcc7d1ff338d69e0aa2d91a7d7c6a29f6866b,f2fb8d3ea8a3f1ef43ab6cd3fa8baea9562bc443e5699480f80cbad69d87ddb1,train,True
5529,8366e85f49b19e6c0037d86e33590b2d7aa41d761d0292d2c40e4d4a23604233,bcc86a383818558c1942db7a0d3ee398b1bb7656ab040719c096047c643171bd,train,False
5530,6f78f0a980f9b4011d6e1e8a9675c9f993d520481a2f0f67810425161d0c8018,77f9e8b6826e90adf633cdc1ca76a777d12123373dbddadcbcf6ebd47ecb1ba8,selection,False
5531,715811c44c3c2aa5fdbf39bfa6ebd1bceef2d78a06fef0e4a5b143e3663622e8,5628c7b4fe3b527e3fbb9b3d48f13197e30d1e5cc64874ce4cb9db0f7590a595,final,False
5532,9873511ebc68ea3683be79562f62fbd11956a88eba9793af14fe21fa3bd90b7d,977a353f33a82f826747cb55a91af516afa46bc2c148839fb326005599c2d9ce,selection,False
5533,d688ce3f570adde72ce741d4f5af3f5885921e476fcce90b30d15c2ee343b05c,7037c5887ea371e7fc7dead3a3b9329a520d38c236d7d8683e5504c131e41b2d,selection,True
5534,6d3c5f6775560ec888551cfa228ae6690164497ab03f822f6dc5e0a1776e7b88,cc8cd7313239d90a7a816f258681b3bfbdd1c7a858d68c8813fdf1f243d38374,train,True
5535,de3ad2e72093a66f6d3e17eba50a01a5f3d4f8e8f44088cc2177866ae2fb65cf,ab3a3233b58b266bbe724dad5be9ed69e76e9e91975b05e2f74b75720e9e2a8b,train,True
5536,91b04b677951da74dd8f65677511b7b676b13be94da6e6886d4cd796369a6ce9,dc4ec572d076e7285ed47f349afda1d6f25ac40c67979a51320d1d55617e2038,train,True
5537,42c04a00c922a31127030ec85b03fa62f76ad2ccccde593944dfabdefc536beb,d2ed68f02464608b35f6c7dc73c18b977d914cd5b37b98b44afccbe8f3ff798e,train,True
5538,dcf4488c46c5e94ab3c92e21defc9bbea28c79b771885975c1561e624b0ae4a7,67dfff93e200865db92cf61bba9061ca3cd9bc566eed12cd338147721b6467bd,selection,False
5539,51f66d6119c6d5ca3de72e3e586cd0ff9aebb90862017b7df53b35036943481e,25f7754166f8d74f030825ebdecd403751cfaca5aaa74a4818417ecbab4b0cbd,train,True
5540,577ca871f21fea6af8bfcb5f84e06d1ef74695d3f6f91b19fa5f8bf7573db3c5,ade51f5e1cd911d5a50c40edd612c5ed8aefb64fdb90ca9ee51aa8700cb5de70,selection,False
5541,8ac96ef008cf2c9db1decc9d86d2767b2349ede9f4f81b53c1baacc034534977,f392c599b36912f5437ac0fb9cadcd8106a8fd39c47cc59ec66cd2560ef7e495,selection,False
5542,4e54e9eff7baf88b0b09ae0121e2ac6594e469aa3a664eb58ff66ada300ccc78,a4b83f5ea7894b1107bce41d38ed9f28220aa0d60dbd636e9453e972ac5c3e6b,final,False
5543,58f542964b46537f9340ae2ce51708656390a227c6fa04b922ec80d9deb99c11,3905d122a6dfbfd70f8e9ccee203fce2a6a0f03117b20569c66e3f7773391941,train,False
5544,9a527d956a95e130d872a630f8d447faabc18654061601fbb96d7ee2c144824a,0aa311ceae4d59f2c71cb080439d4d073604bdfa55dbda83c7af8c7bc02761e8,train,True
5545,c803d1f46a65c9ea1137035d4c1b0e615b82f56c28aa1087271c33014a3f4699,e69da406c6afd62ab088a7e7a3bfe959d07e40439a3a36d5b37dabc4501a424f,final,True
5546,86e50a6c63580aa67776ec260589182c904855ff49c1cea723cab8948960ae31,e198f07e02b24bb40de591e480909cf1de20d472e973ea9b047962764dacae53,final,False
5547,57f67149de3904a5f82b6eaad8012da1da2addd2826e0fd3a2d10c481397a11f,8b684d66e2b190f253d35c1e24ba9a39bdf4e1dee8468ea680da1d2be411df82,final,False
5548,3f7ae5c16d3853c1cf0fbc71922b58d8648fc1f816ededee499264acfa1e1fef,626ffc92b85de0f57b9d04e1b7e1eb440a6924058a948a17daf44fed001868bc,train,True
5549,4deda547efba1133f7fb70125c022062d09a44ed3cc89d7eefa5f9d8c63d3865,fede8e09ec2f6ec8de9c19ec49e44e510bab5a6daf2f89f9ef97bc26093ffeed,final,True
5550,d1aaffce775b30cd12885b7029fe97ba297ab53cb279cfcd868fbdebebf193c5,48d8311a30caf0fd17052a1125d0568acba76da27c070fbebbff46aa37d19d67,final,True
5551,bf1ad3b3dfb81e230983c91d2eb14f582197ccca6d10e8e257cae90cedaaa931,71ae962b8b738b33a0196791b88cbbf08bf724f5006903e89e1d727952fb9769,train,True
5552,c125cbd680bf30afd6128fa81bebb8fcb07ce0adf78e03518bbfa14a1492de44,771a25610e8502a5bc0e754539a0964858759b7c501228fd195c2d428778c6d7,final,False
5553,64291d52763425a851f8070ba1273214346eacc207f3ce99ce124ec08f26db26,efd4d8a56d17b82bb97d13f9a6ed96ec881605208500d5f803f5b6b07b12e6bb,train,True
5554,e15b6c5f9e61bfd2cfc643fd94c9a4063c5a2ad7f001423eb830c9fcfdf69088,aa0c9a04e6aea4425cba754c3c8d9a8aacb119936948c3f03e7b4aa8d065fe6c,selection,True
5555,d69851664124c272012ecc74175a2b2cdad3b4897cc4af0a656cdc78c04fac78,2968b56753c5e24bb03141a7ebfeb305a7156c05284a0357b6e11e391a6434c2,train,True
5556,fd6380ef2d0831ecb0d9f2f5cb7ce0d3220b628e46f11a50b4589ad08e405ac1,b4e4bbe3c92b9f70f2612ae4bb09903a273b8319b890bca58ee54cdfe64fa840,final,True
5557,4dc067cf6c7604e9b63892788dc4a17d73e314b5298367ecca450ba27f711d56,e13924217dc545ad3d7e6e3c4e608dd9ee45e466eb68472a5ab9a8d38263653c,train,True
5558,393fb62d6ae0a30bbc2789408681e9d3f348d1c5712470d25a58c444ac2b76bb,cb20004d2c5566f1d016bcde3d128da0227008176834f48d41545d350d84050d,train,False
5559,3e2079e086a5ec8de04289a07ea6b29ccd37e7d05bf38ab1b963a86f8d65cc3c,8a1301e4bfc400584b5bdbfd5fa099fe109cc8cb17c0b068f1752ff6c6a2ea84,train,True
5560,051117797fb80c303ac90dfed0d3c903cd57af7acb7561cf66ab0fc821e9bd0e,7e0cec8b10b224c3f6ea26d2ee67f293b57417c69ef9d006f929db403c6c6039,selection,True
5561,f3a729496867f4a9cb37b0b4a59d708fa582eaea16f1fe354472d17afda424a0,88e3aee77fb18839a3da5594d8891ae5159316ef71cd0fb00d68a8d3f6de1811,selection,True
5562,f678e979cd386b2381667e4123e77bcd6d6f6a8ac71666935fe5035c53311beb,3010304f3234800819eb5da78ff0d4acdf9d5ba4e75a8b8b42732e1b1116b1fc,selection,False
5563,e40de30abd557980623b5adfaf9924993e22de322a2185e9a5ae0faa42e6aa2f,dc6eeb64c7f5d09a088698b6136d98adbeb7f5c12a8f32275287d41d0b45dc62,train,True
5564,e22d375f8ba15ec64497c2919e7cd493bde1c517390fb7ca6dbf15e09ed7f2c7,20c1967e8e36ec63cec3056c7bd59e8849c99b0cdffb7ded27e09ea701906325,train,False
5565,547f404f97673c405ec8c0216c189d8ed3badb2a6810918f9bec212d86a2e359,ca75c80f524397ce81ad1c6a51ce609069d920e13a002ad7ba04a61c82e94e46,train,True
5566,10e1d7f15a71093b113c19824774a14d560f5cac607b8828f36598b7f2effe4f,a73fff8dfc1c3e3cc7ce071ac4887e61bc12e90c20099471c502414e7e641198,train,True
5567,2e0a65d60bcc292e9717c3a4a92794b38425e0114636223464697119b405d08d,67c98c7fcc8f1cad1adcb0e8e5253df816ac64e7426b46b45ce969d0c36488d4,train,True
5568,614f1367d62bb2f73037d15687c1c6806acc442d5619d5620a6a12d6df240dc4,c25a6e4993116e134968b6662cdc77b1f1c082731cfa462f37445718f15aaa08,selection,False
5569,2738c63947991134e8c44031c3240f43b6a7214c51d844e6580682f9fe4893a6,6ce335abc03758fb0370c757d2fc1846318acf240a533741096d74c516b64528,train,True
5570,cf5bcc17676b478b6f6335192d76fdb37291700ef5586436e5015ec3f50af352,1cdd509fde5934e010ba8bab912572c97b6a4edf8eccbf7e4819497fa00ef1a5,train,False
5571,57719ebd618c3490ea5151626c86af21d2a41ce23342190d4b17cff14802f218,1c19a8e1a38961047bd56293142095fe727025f5c7502a5afc7b55137429afc9,selection,True
5572,0c759e529f9dc37b34e8eba5cdc417762b236e69624c9b7b3d0ee2ad6515a9e8,0fc396c073aa7e973ce7a9f89b8efacd4a3a816d5419cdedca5cf2c758410a61,train,True
5573,483c359cb03fc833bbed94693ec7887e20d54b19c3a81f233776f6dd06b9c6c5,71ae82ddaa26304c5da6a09cc48ddf821efa9b150ca8034b24f6b4267fafdace,train,True
5574,2c8652b855d526fd49e63eacb74c3e0aa6dba639f415c95aad060524efe46d60,b658012481429944d4eac9e30ca8ca711b41bd46e879a64468e270ed8fdbbca5,final,False
5575,e3a08080874fcae7af522dc8325aa86b9c01fbabb9a29bf7b95c1c650babc0cd,95fb51deb41c96930d42bd2085cdacb585daf4671f714551ea7174127d6f5046,train,True
5576,202674cbc4a190e106aba3821c90345e93d15f5c049321531f9769f19a59ea0d,6009065924510911f48ea8781a5deeb9c19b22d4473f95e12378636cf0ec54c8,train,True
5577,0d17643f7b27213e1b1f7ab3d745178d98c358800ee14b08a87253f102c97c07,759def823dfc170b6ad9f6d31c30b3bc1d42d7279b8d3460f5c01b7e52c6b4d9,train,True
5578,41ee29953522ab55c85ba7f6467c8d41060e0bd1393e75400e1729bb7d335a95,7bdb7b891b6567c631412410a76db1365f2d1f43315fa8c382218873c7831c5a,train,True
5579,1bbb56c3b02848a599830186fc23dc824e09ca42cbfc7eafcb89ec08538262bc,c3af5893aa23cad94cb10fe7fe2423833248f0981ad09fcd65d1137ce89445ee,train,True
5580,98fc8b82e8c8547ef8939b6045c8fe48206c5dc6e8bddf60aa5d19f82409e6a0,4740913531c0d154df99c4bbb244f44468242151afd4dbccdcca080c7fc41260,selection,True
5581,54157d5af5ebb1cff2dc7102d4456fd3c22667dc3aec00b735e8ed976e54eed2,8ab74fa77fcf149bca8c487d8225541187402bb847c89b7e7057aad55594bfdc,train,True
5582,18353430e656c2fe2820fb73eb8972dcc2892148df9e041f09aff1ff3985f44d,2a41981e6606230af2fd1dbfa86f1fbc233f263ce22ec1387044fdf0af46a732,train,True
5583,60e68a396e7de4627b67792b21f27c779362f3b345728fea09d2e357cfe3b816,34b3aec1c69ab9b2eecffc8995421c934e7b98f0e7482def94a487931b380372,train,True
5584,96c1128eb28646b836a0034a6128c6172df726fd3ab9f7128961af4826be9584,d9c9cd134e9b9b33042b3c08ef466cf5dab3fa16b0f807ef19a8055f386bd378,train,True
5585,ee2ac0d12261103ca54df0555a772451dfd00df73f040c409751130459f96211,18fe5b65c90db974d3ea044f231b6cda2e4c6a1801e4243dd53d13728557a5a8,train,True
5586,e47174852abe72173cb6c760f957997afed30e13fc3573892e65fce666b079cb,c06e0be9e1744197f149ff1c5684397fbbc79a4d748fa35788eac9e9fc12fe68,train,True
5587,a198ef9464b4e3f58d3aea2f7ff9955c7acdf7ba36f67821b75e55b742857f74,5dc64e2a0d8d9efc5cffa7380506816f9f497dfcccbdff62420d866259d190f9,selection,True
5588,1f439fd88987a75f909e02de8cfea18193d43bda7d6de473a8d1200ed7f01150,308568939050358d878cb84b35e734bc553f335fb1b3dcd72aea07ef104cda99,train,True
5589,d709415aba0f9c3d8ce449d7887f64a34387be139ecbc509c270b9b8067adac4,23bf36ea1e0708855c173a93de09823a80c6dc7446ab6b6c6056e0a104b6ae30,final,True
5590,26763b1f09d537a7a4974062138c0b36871381556f806eee70b7176a871ab97e,d347d00e2f96bc8aa7e442253a8bf40fec1fbcf99f32af1da247c385da308a2f,final,False
5591,64167f07e6d233d88b6a56c0ca226a2a2eb2b97cb4dd61dcbf444da5e0463a57,e1b3f9d87739f93d1c38c6c05784416a1ad3369ae18f5629310a7da191452724,train,True
5592,124f349f0dd9bfd34e2fac767e8fc07eb215e362a881ecf0e8f7ee6806d2ae8a,6b5c1b50cda765900a122e0234afc262a8a14679db05ca1f661a133e4e241f3f,train,True
5593,3f59adfa98dead35213fb6f91068dd4140785d4a47975cd1454acdb3a41d727e,2f8e4f82be69840625c9cf7e3d0cc176175e9e0b1e4f7b98201ed0b5431215fe,final,False
5594,a86851b460653121f1b9b020e8d76ed356f3985c0c759ae99fc13f6688fa64d8,ead0a9a0ebef43511fc37a3e6d6b96c9ccaf618fb38fa34f36c7c8775ac84186,final,False
5595,531cae5d37ef8125989ef0672bbe31b210b08ad0659a6604aff9e588046d932f,369ff3913b8bca4feb142866317ad73de08e3a238c8753937bd59e98edc1c213,train,False
5596,e1a7648acd745403a5dc26130ed0f23deb929971517fb7a629fff4f10ee6ba64,7b57e74a54532bc7dfddd192efe89cccd0b99b5c25dc6f12cfacb04fe7e486e4,train,True
5597,8bb9965f2191d6e6639950acceeb99be4ddaaa83e0809a0f3ece91a4af83a23e,ce3b695ef6d0842b99858edbc954a60f13217d8f520f75bfcb0d96c2fdf37ac8,train,True
5598,3a2f9e4a27bd526521c6e99450beec4f11e60eb5b2dc2ceaa7bd2603854cc09b,ad6a7a5c9445ffeaa06eb1ee46ed993809207e9b721f1232b7e34519732df589,selection,True
5599,0cfaffb8f14c6caae494dde1758a695a4ce16ded7913c0b537d6d1385b18c756,b2a8d32624271516410bfd64ed7d368203d48781a7086000d8d2a569a807ba32,train,True
5600,7c3487d0677536f6cc320c101efae3211a5cfd9a0d222196d58bb54183abbb1a,0ad5f6803b3c9b8688e60b78eb2a9540c4383bd6ad3d5f8974b49ca769a1a6f6,train,True
5601,8b3ab5d36a6b3816a35ab06b02d535fb5f1c203046a5fc0064f69debe84f5518,1b817270fc02e762bf6de3ac0f7c75f933c40db75b8b4f15a6a65c5f4f78a1c2,train,False
5602,94e201b912efc83209854c2ef0a2593c0a60f7d5860d954b0a193e57c62c186f,1c973b2a35e9bea304240a1615d0d84239662ecf738a074169f18a49325d71da,final,True
5603,005b0f375b447f4a155fef3f5d931daed47d6d320e16eead5b23577426afbc6a,40af32058c72ee418fdb10f28d22f62df62bcba5f72c28b3c2dcc1676acd479a,selection,True
5604,90fb6826e92765a91ab082e016c188fcb18a831508dcfc8ef465ec8083483d87,14ad49f87f96280768ce17f8153a02fd9044aced3497f8b3bb8de9db3f042b3a,selection,True
5605,e85dcb002737f46cc7fcf7575f7b89fb4202fb3168fff4c9b15e91ba7d816a0f,227947ce7c151dc6a797391ccbea28752cace8fe7d50e192bbce68bdfbfb6b81,final,False
5606,c44fa183064ce999b03787232456498ab5baff1c66c01b2541eacc04b080122d,a1e6013e1a254dc4d71cd0bff0aac85e08866c79565cb8d1e79e1c3abfc3b768,train,True
5607,68c3d7dcdb5f5fed5eb103516b5d24d15ff8a541ea8dd3a67180e3293c1d617a,75ed3a487ebbe23540bce28c3f10f53c67b8714f273c027b1e605573bab997ab,selection,False
5608,38e27068a3f2b29ba1aeb1972c459f0815d73e7b6e0c90dcd1810e8f3285b3b7,455e635be2234ef4095a3f25d4f1ed5c570346f3b0b99e68599392eca27af922,train,True
5609,6e5483c787ee905db63a9b229b0c3c99c1884617977f62a3bc8a3054152c8bf8,65b3a9d00b7b7d3a76f2e8406dc2d777022bab25b03a8d8b6b6bcab283350b18,selection,True
5610,9e60bb5bc2948f78ebcffafbee277bcd27a70c08814a899653c0936121cc267c,bbf3c4709d0cf336c4a0b434ef1b221b41a9ba489f684e0589050b8698d25e2c,final,False
5611,5526372d007c480fd4bc3ad2832fb7c974506560611ae42f644ef2ed4ecec964,c61bedf0570cf86dabb2a2860fac819c064b46a571dcd6fd92d478940db7793b,train,True
5612,41642dee4addd3882bc84d38ccc9123804be353d07e4ec25286be44eb34331db,8ce93b9c57864e92ee78ea1d7e8d2a8ad1c4dbcf448603dd9370a9e8f4a7670d,train,True
5613,556534c253e667fea10648b31363b1e1528d62628379becb564ae427e91bf79c,814e50baec1b8eebd47ff2ebab47e45d215b70241a3fbe11bff074206d16ea2a,train,True
5614,7f462e465fb616a37a868c9a93748161e39e0aba353b9e3502f8befd78190312,821f6c1bb0f1eacbc07ed492094cf1337ace33341663976e414d3dd8e79dacd3,final,True
5615,682ebf1a6b97acf3d103a420830e78a39995877de39e4e934e739549bf4cb754,0850aaec7c66e957e8f10058753cccb959c2366f2616f9c7c953a1034b226917,train,True
5616,8cba9de533cd0de965e1a12f13fef1fa0bc64c425a7656a0c13fe85880b38276,9d52c5b996075c6336d3b7de74ee1f2b740480c7b0dbee4fd92b35749474a306,train,True
5617,43d7b157b68eb857fdedefafc4c59ce3fad9a3223a53a541d0976561f88ff1d4,a52b28eca318ed31642b21591766c7b76e517dc3a601dab0ba051fc7c70b773c,final,True
5618,fcfafee517ae3b842520c222ec4245eeedabc244a87c5c344086e7dbbd74cc90,e989b49505cd1600c0bf197a4fafac01b49407d7dec53f1c2561193bd90758fe,train,True
5619,e1548120835db9456b3ec8a81a82b4c5cd2bdaa248bc8d47558d7898274324c2,b51ecb0ca1ab09d52e17e5d731ccd4264b40e7110028deb5c6e871890279982e,train,True
5620,b6305938fe37ee102535ffe48beceedd40c9d8c090014a2b5a4ef9bff00abf8d,bf76a02ab38c67b42e21bb54ce278581ae2d399560a335d8294373d3bb7ebeee,final,True
5621,8b74138f335ee2ef42759b4bb7be43ca8fb5a53879ce73f0acf7db546df7906b,30261a6e52e55e05125ed70151a051b4fd2688121de3824a762d506f8e942cc0,selection,False
5622,c553507f7b7e78f5635972fd16f3466d20dd338a74ebee88d37ff3d845e57507,845785c210f2f72682779dc56f92ce408a4e411756b8cc045c979945fefaf510,selection,False
5623,b76834dcadc61d0a8a933ed503cc0719057e2a27116f04524f28a944dafeebe7,ac8e8aba3af8b25a9f50dfcb91fa0ada5dcb6b9bcdc293bbe9cd7706adaa30c9,train,True
5624,2efd68df5429675b807df20f90eb9ad1c44d89be1df7db742d051ff3513863be,7816ccc784fc1163690c42e2d4b66cc0b9101a7939f275a3486cff532cb9489d,train,True
5625,c9ac456151a6851278e70ed08731e3bd9f9f7deda0d6849c412fed6763682f58,37c017603e88a7640a182f654c8721c82b6ea5d7769a908390b0daf22f4db0e6,selection,False
5626,b1c629e6197b841d1a468fcb1a6562d757f714955f255743e6af91bab31ba727,4c07aa5f3acc195ddcfb4171700a34ecfccf4f459d24fda207f554aade52c677,train,True
5627,f8d23de941ed10110747a3062e47120664dc26119a3dd6e8b54a09f68e690610,5c1a5bcfcfad56f13b14cbc65927d2184e0b0d395e472cb7cc7671043b4500c0,selection,True
5628,abca2a0f7842eabae0a26d7f18ef09b96b6359d60e4c1eece29bd1736adfeb6a,6f5ef1c152b963adb7d3f4151de36cc4d89109af56acd13772d4ba50866fdd6a,final,False
5629,5afa6c3870cefc2e3b8905928b36dc175bc7671d6e5d3403240c62baf0a2c921,710b04f39b1295c396a127e34727e61c0e280dde17ae33da947c47928fbc0792,train,False
5630,82b10b88730c8fece24e127d16787d9e91ad6421eec19a27f5493df57dbf68b0,3485f75b5d39f1d29045a2c7c980111b2ff39fde40906b26ee70790ffe91c0e6,selection,True
5631,236e241ae970ace8872734af47fd24f80d238b47aa5893606f97bdae09e57bac,2bddbd3f87de7ed271c200063cb9a66178a66c31604b21e770f6add2ab4025a0,train,True
5632,5b6704e64d6e55e3727ada48e31cf6bafbd2f84f38c14de4f2870482b86ebc95,c1e3e32e2cc98707b69318232e06fa499d5a50e14bfc004ff809b64edfb49fef,selection,True
5633,e7906c31dada2d29e56827dec354f9b6d221323853e7c256682894780237f26f,69481abd958925c4f270dc19d20f2fc855b3f56cd33fc50004c772e742902b93,train,True
5634,1895684c641d1e7e4f04f05fa2c0373b763b6aa0d2a520f16770592b460999ba,3b6f6fa4c749f906368a03c33506429c2faebe81b5b0842a968f425d59f19f52,final,False
5635,b69b0a481cecca04abe87a12739cf7af8fbfb808c67b7504c300fb309524e531,cca61d3d089906ad3b070979b77824dbbd9cb9efa8f3c779615f419cff0cc87a,train,False
5636,bdfc8152a3e6c3d8b0428956f8e55e19dd8ef9999a09ca162df23af5bf8b460e,21ec06a0717d35b47c3d95d41a15d4dad9376f6da936b1b996a12d2efe17890a,train,False
5637,c6e2baf18e652e671e1b2093d385aed0063032bf9d72819e4b869efd8c68ac76,2adb19659532574b28be288e8e1dd84eb51f43b1ef4b3b6aa203a75ee2056444,selection,True
5638,8519f2a9444243291c4a1233eb3e7fc75afd527e90a9e4082a0f4086169e8c1c,28df39ba9e9ee655d92cdcc9bb13e0375ee0829f7a3fc779970c55d047b9404f,train,False
5639,89a915f68265b9307793e2ce522a44c5bf2d1db750467f7e4d04129288f8aa41,ea0edb64be7f8dd720a76208ba410bc6f1c18125ceabcbfd886e2c07d3a1f507,train,False
5640,abba15b38a15623f9824fc87d659d0263648f7c3b049106a47ae974cdd8d036a,d8021bea76af3de166545100c4914f12e93d2a33ae4705f60bd2ed6ad4959db5,final,True
5641,85333b89d2095fcd0dd5102f7825451f25156dc24d55418939fccee2c976cce8,12d59e847bfa032666dcbf88cf3f0cfc579ff798b6172cbc7c6b03c436359041,selection,False
5642,d95950ff6b43e2739ccbb9a343ae9a0c35abc3e2521a883a5d0160101c14857b,c01d1539943e59158581e51e4de6da75980b0e1d1253dc327706acb2f8e087d8,final,False
5643,7b4240a5df95b4122760b98a325f8f8bd96a2c4ab96a1fef7df5f1815dad6171,30d77147e2f89a85b10d69019ee8e5c8e0e018367aff3b333da182e0495c324a,train,False
5644,cf7c13bd24960bf7de2cfa4eb0357b6a6551e6affa158a86fa0da5ea48ea8d72,7482a2552d37419e7a58e0ce28ab3c62a56c78d2b7e40c0f51a837a0907c9741,train,False
5645,795a669f2e0072efe6be0c058247d21b09dc8eae5066ceab11d3b424f67c29b3,07f1544f60de330d4ea66c513e2a63b394bdfc48794e434b947f12e73d7b7e49,train,True
5646,cfc0df618fb12757cad49bfd16b97122f2c03135d95091fc00cb45e01358ad1e,7172e2776d34db575848548fd6751ce00a0030b53c9ad5ac0e5cfc90c98487c4,selection,True
5647,d3511a5c132ac896b37b78a201892929d6555bc487b4fc18aec2870144a20ae0,3c8c81ce500b99c9401e9247bb6d619a570e8522adfe06e1626f93ff336e6298,selection,False
5648,dca70b4bd31d1e82e987d7d59233eb615423a3db09fac44090655b9bf96264b2,604bed058c35125dd735ff8dc9cb9289e44c7be6da1711dcee6bca50faca703b,train,True
5649,4396ed68ba0a6f4a7cc8c154c6677a9639078f4c2ab587a95b40d625a2c5ce33,94cad398e1a25faaf15d86b55e9b1e80d0f2da1d5a86819db04dd274e618fb0f,train,True
5650,a31bff5b0e9e1cd6449cceccfdc1724e9ec107662ec291cc7658f5fd790a55ee,052500fc9bb986516ca9a80ce505555742d3828bbac55e3dfa1a6e8d80bac963,selection,True
5651,964528b79c691fb48c5d6016c61da9fd7dddb6044f8b55d6e076d64c81e7dc71,97a7e2f6c9670bb4ea4b97956be3f69a9544fdd88e71add12c69a42e11c399d7,final,True
5652,090b800bc49ca3742dd2dd6bf2ef2053f6c496bfab007e718f84f184f781f13f,d4ab6ee38360c6d6548634676e5947610cbb7e0510f940b08a0dca8ec1637a9f,train,True
5653,dd9df288e4f78e132164b284f329d3f802320a13bdfb53ed124cec01491eb620,93b02c5bf1c48f9f1d573b37d2655fb3e677c4caa5ea17367c02604719d6e676,train,True
5654,780ed11f8cbe9b0e3d00b5a2c3b1d53c593fc713de10496c838a6bda9bb3415b,e582415a8c2fdc552e97c192fa3a96bbd2910520bde1de5259750a5b25915074,train,True
5655,30126351fc2cf5c7d57feea7f9ac34ef11ed7b050854d6f704200252a67c6320,5653852a98e2c9fa8f3b252bd13696bb22d4a1e860eed89f6e193ee4d093d6a8,train,False
5656,86622b79d48a3b6ebcdfa74b958a54e837f895e989d1cdafa739242d06130d5d,4ee7c7307ace2fbf434516288dd940c4a417e5d4c4da3665e8b863aebdbd488a,train,False
5657,ff866f2f89a35b485ddbe82219c8b7c9012635fb34f6eef0225349d10577979b,4de55319055675259ead50e44ef2175e73453738af11e4797ee5861a498a427d,selection,False
5658,b6cc6fc314f62aff3b90a18aea6157bec41cc646ac8d14aab12350fc4a1730ea,1977b08463278fdeebcb66e7802580ddf1f568c53eb45cbce7705d3ce19a228e,train,True
5659,98b8a3f2f4c17b1e46dade62f19433bd5b90b264806be1d39e5c1671929a0389,79714bd119d17d8e536102cbe16b982d17ff8df481d7774e92f19c0b1b136ffd,train,True
5660,d16e262065d0e46d148ebff79b56ca6827d1e976b965313a1a042a6d34dafc9e,18f307845edc672f3f23d2e74dd4680c9c718ad095658885b7425bc85aec4840,selection,True
5661,28f8dc59137f720ff089406dc95e2873963f411dc85a97b6c3d02cebe26f7f6e,adf9834f08a195f5dbe10eda50fbdc6e842d661873b981c4074a41c8fba7b299,train,False
5662,be682e025e92fbee9e6a40f4b294431df17d7c51bd15b687f9f1724a85687734,a9b17b8206807a3d2638081c9755e8667d42e46d78098943de647a8492a62f11,selection,True
5663,4b4fe727ee6cc49d16abe37cf88359061b76f4947fe448683937a7cd1df7e935,1d5a3ad335c6cde168faf2101e7edab30a291e1fa7ac7b15b90ee9158c78ad6e,final,True
5664,3c5cb7fe7b9c3e2b8da06d7ba6412c7d732df1127f04c4e337d75b1cd53920f7,9c5a8fe72ef59b5ab84e8d41a88c8fbb130fb1b3f73cfefe3eb8bab5852f92f8,selection,False
5665,8886fda0f290b5d2cc826a3dfd1918b82a72361f035530e0bbdb698497387577,18801055e67c3b082e337b1900774d2369aa38c62ee7b421025e80e2f6baa617,selection,False
5666,77ee2d0c9f4c534e7e07873eb1f2a3c5723093bcb6485d76c3bb55c4e7564240,5e4c0ae24b32c3fb8e7846bed55c10372cd175cece58adb35338bd62fe8a5379,train,True
5667,14349536f6d43333abb11333a8bf84e0bcc64219888df7d9f688c7f69d9ed6f4,04598c39ec4ae457c09dc9e9c472cce602bdd315c72b1b48383859b7000f6b6c,train,True
5668,fe9fc350e5b3354e0a3e6ae494add44a1345fd362fe5f623409f8b935971d439,23efa8af33d06425fba48fac6d5d9185a361c3c419ecdf850c2f2f66f9680563,train,True
5669,118f4f8881bebddd5bfc973edb98e0d7aefc3e21db8126cff748b84717560893,13a63ff90de508152782c8466f7ef0f4af8a521859963efb9c3130c6043dba13,train,False
5670,23ab82bc518fed05882dd52e641103990616d0f04622d1962eb188c65c032dd6,7e12f8216c3035c09d2f7146c1f1ec6da8160eb6e0f5371881a190e869c435ff,train,True
5671,6890852993e48710c1a72931669b39c568dbd1978877835d5f00f2d61cb63edf,fb8928ad1545ae3c1ea62d62197c70953ccfb763c4c14d5c128417a5a3109ee6,train,True
5672,740ae94ba30bd1ee33605631ed957d9f84018dd840305d8a1930c2a932b4ccc9,9483b3341e76ca532d2e1bcc888a8b0e7b265a54e0387d0fe01c0d5a3e450985,selection,False
5673,a2fa5880906c1e2cf89694ada0b37ed1ac935f726056e07ec41abe74369f11d1,8e7ae62e543bf092575ccdc1d4618ca9b6acf7f36ca22b244094de30bc4476d8,train,True
5674,6f86c50378b1619fb933c6fdc50889adf32982e69e9de3dc2debda70ada77afc,0324f52894251981febc01e73a125f16997aab22d27e58486ac192763b27a108,train,True
5675,f41d69ec846c77d6dd220f17795c091d4e8cc957f7ef5fe17e5ecdd98f33da5d,cfe2f0eb78ccc416b7ba76ba58c57e2eb26553d514b5342152ea19289ec7f0a2,final,True
5676,1d9cbe31b26514453ea39289a0ab3f5f34f83f587672caf0fca663d91bce2c88,f18aa09a73be032a0539b12db300a8db30f17cda5a7ad2e199e36a3dfdd467ce,train,True
5677,1ada71fce53d5d15a963d8803d38ca6d44d28138557bf32e517817c3e27f4c93,73ddc79ab6d0d46b93d7bb2a77c75160ca4dbbc6e49586c4b192e3a77ec2b1a9,final,True
5678,02af410773513cb5724ec4c6b1557dbb79ffe09ef2eef7c5a9429e0a2adc2c16,6f3ad0733e62f087fbb5b369d765c91213134b2fcd8b6f8aeb1838ce479dba2c,train,True
5679,c62da1643e9ef7775842d0b30bc590c553f0f10766c318fd61f57f6627963f38,a38a52bec23f76409dbb22d3e11b73a2d6f756e9372409ce3db52a0d196075f3,selection,True
5680,513a1de7b926414f854d9e6eba613683cf64cfe5cb6fb47985212dd53b8e9450,e7ebcfe740ee7de51c89bff4a528860fd0f96fa1a29f9c43965a641e58ad9301,train,False
5681,35677874e07402ce6499883bccf4862cab3fede37697bb5456d2b28829390eea,f7476c776b5e9fb2b6df039a9c67cb6f3b407180c9d80a8fd1d29fe6a575e13c,selection,True
5682,4b7019fa3783cd45172c16db29118280b172dd062f5e379331b1331b426b9aae,0455ec1df087e4017f26012b9b4e112a180fbf3cd040dd9dfeabe6e918664a23,train,True
5683,87e37f96031323b65ef3d56c837ba35d29549fb184e1d75557b2861040c1dd87,cba12c87280188c9228319c3ca2e8190a86561e692e36417a1ee010ad249dea9,final,True
5684,65f0689af9cd2bcd6a64cdb9c31799dc6f95200f2ee38a90c2528c89d6b27d55,dce4684e76816ba5b9425e71db9d279b5ae2ab10480ae3bc8f479144a198f039,selection,False
5685,ce94d6e0db678ddf533f02dd79cad44328e460b4d36550b6f404ffcbe246de24,b5ef44e497c0cff5e6b23e294b9b3220eacecb67ff761e8433c6b45b7b78d2a4,train,False
5686,f1750b69272a50f2ee5c0744fe94a357947626212e8cab109003c600ea9b1857,94f354dbb186d2dabfcc7d170f3bb719e67c412f5b19740b1cbc48ddace1aa44,train,True
5687,3c841b8b40321aa298978df09f20bc5fe0a1e4b12be447ff796f18aca75dae27,b88e00757ad437a6cc506eac875a3c322dd54c62756a11e112b0ee69ff063812,selection,False
5688,779896991d221b10db1cbf8294e920cc4f0106821c0aece803e5d914190d9abe,85eab9005d8427b087a335273aade30f06eb67712dbfc4dcd3b75a3274698501,train,True
5689,23b1964fcae83aea386842f023221a2f39f01145354ef321536587696a2b4887,3db5201d23f2438db0cbf80903ebbe589a3924f86c4e93f2b0e8f36827c8fd49,final,False
5690,1f7beb01889d61722b2e4b68a85bd6c0a639d82f98262e55d09becc3300e96e1,8f5927b5129ee41ab3ba9ff42a656ea59d3ef9a7b8df461eaeac94af49c8db94,train,False
5691,06a871659390eceb1198473757eaee0451f36d60c49bd92437e217a717499b11,297b5ef9b0de44bfd367fed9d088d86519180dcf6561b5a3702988a1d0133452,final,False
5692,842777a5d4f9d369bed8f7342b567a10e57ba3fcab4e362c4ca9aa2d7c147913,5333c4b5e22dca6eef41d4ffccd0c98886c7bbcef9c6ebf4c7aa70be04f7558b,final,True
5693,9e632c45bedd1587942c06638b6e4e88b21bfdfd5eb493f83dcbdb242c304c7e,4a84ce262154bd98b726112dabbd4e3797e1380bb78ffbd5d87b14941f25ebb5,selection,False
5694,0744ed662a577ff0afe20e4ebb6586e5f4e90046038ec67cf1c6472015a39af8,f6f3809cd88997bb55e7372cda0c9c25091b05128acfb376cef88a570ab5f9a2,train,False
5695,a93f1c9ecde87698f7055507971ae9e1a2ad7fa9c14e926bc3f3e2c61ca8deca,7e4619278f3bab381a7d2aa1623b4a09fd4310a8ebd4ee100f3ab478c97296fc,train,True
5696,2cc7be065517d4ced7e93dfdb46e277a479765f4ec217dfa360cc0d198328992,5c3a5b8119fac82ea4dcfe2128340909b5cdab0e03defea7f9db8e707434d47e,final,True
5697,a0f1e08bbcdd208480c078b7c8a4a472d6fa477d94163e7620df64f0abfa1ad7,d50846180520368763025d531f94064529de231cbdb95c4668d49b5a29313e69,selection,True
5698,caa43520729aef6a1ae3b6974d218199924bb0b72c3404c9209cfa17730a775a,d7554a3993bee879a2b143ba339f4f320fc348d26cb9b394b1dce973eca0c6b7,selection,True
5699,5740ea7ac7463d1cc64bf92a28444fcf6398f46c4aa886db0625f13fb3c25198,fb3a922c584b7ecaf732fcf9c8d7b7fe38e3743756893e18e8abe05c12e5a6a0,selection,False
5700,e97aa79e350075abcac99981979707a9089a94cc233b4b06919475210d4c73ea,ccf004d6776cae9ec1b99f4230345cbd65ef089db8bca16b9a745c4f31f8b9d4,final,True
5701,f3ab5a12f0274e8a4bd70e7b22f81c28f108b352b873e0822d0716c2cfe6c125,42a205cbebb42e1e184a4633c3906418140231528af316c0da48a1133d022677,train,True
5702,14b56db5cc6d1c0f6848ed4b977f6844780adf450f4db9705561632864a6a2f8,ae044193f3c414d6cbdb5b2bdd8a2854b95415e01a882eb56bc8abf60e6b336c,train,False
5703,570a6d8ac20aadbc1a5e52c932d3ecde53a33191b450c9b10acc98b9c8fe6c14,aed99ae0b83488dca54d90f1bb2fec8a97addd2de45f28d7a33789e40c478328,train,True
5704,e99055b4a717e0acec35f3c8bfb0439821a5a01cb6ede393475b54e01d83383e,5b01214b1bee46429ecf9de13c1dbd5912abfc28376b85b38f807eeee9d721a3,train,True
5705,31f41d98c3f39b789824814dfd93509f1496d7f383f8fcec76e08a9a7d8fa60c,3b5b5018e56177ee5ee4833c46006c343e7c9facb76d616544a5266f66ecb6d2,selection,True
5706,54fb7fdce612d0a2edcb218f33b44272f28012d8ec6d8e6bbca42b679cb51f4c,2092a83ebc4d7f8b24c2b8651608bbbacaa86ce9ccb3e8aae4c213844b735359,train,False
5707,f5864e60a50ff6d6d55d0b367a2984e760978416cb82ac9da72b0948a7b3a470,f8ecfff7e98fd1ec90b2490f9b892310322746c654051854d45b45d8486e176e,train,True
5708,eb755a731a2f8a15a66d0ca36f694a3bab1b2d8392df6dc3c55704e77fe4d400,331db15565054eba3f82ccd9be501e9f8e15aff87392729e8b0dc95d792e372a,train,True
5709,f1f9513354f2386c4c960db224007aeb495bf20a3b308649177d58ce869b8585,b08c55cd5ac5caff4fa3b09df309bdb4cafd9528089e4dd4680627fbfc4d7468,train,True
5710,cedf78fde48db36fa1e6f603d2040cfbf45b1ab7b8cb8803ccfce5b71da32812,56da5f56fe9ae34903928b46e303a64874e95fbc5b1d332b8a0219bac1cb52ca,final,True
5711,ec2993c928ad0fce5a6f367cc291b647b34a9035ae4f9fdb4a0304d8c735f85a,e29eaed1bcde7c497978d9ebda34cef888321f9a237af8c736021258efda70bf,train,False
5712,0336a3f91cc9c296fc9c20f8eda858ee70f125795127b341e2aafadcfcb00b67,93a219266af3c385f29edb7d0ee89cd8436d7415bea2c8bcd291a1aab6a0d94c,train,True
5713,ffd3e4de51d9876c86aeafdc795da883ecd925a496259fa267fa00e9c6376155,9bde3ac243331f7aa413e631d508cc8c23a4793bd5fc69930054bc869009058d,selection,True
5714,53edf25c6249904c2e0c1a39dc641e3051501ca0322c9181868b47ffd28217f5,b2fc9f2d56a953feab7c36df77c7d1ea4c4ecfc4c24ff9d8eb740960b6d981fd,train,True
5715,5312e7b0733e5ed5cb5c8050f76c1d3841cc76a0219a726ba75c4823705827a6,ab5231ea1761f5b7975894549d9956a4e38c99cdea7ff95805ac9bd694d9c2d5,train,True
5716,28137e4888d4fd8a5ebb9a33fb69b901a033d32d675ffce0b537f47048b4aa35,8a59b31ea214dd00f34a442943bf9456dcd73dd9ed4721b4805685cc5f7df655,train,False
5717,e56ee6450d88e98f7fb36682ceb886f44eeaa6480f9f4067cf3c56a8f7508608,5488ce4a7679d4b45bdf1c3fdbb434e16f3d0d611cae0d44cf635cd32a03a547,train,True
5718,c9fc83d909f70045939fb1df4d3fa5471db06969205a5109a661c494f8015435,4d05d1c77df5f860b6c347fcdd3d6a6cf30c94fd3e49e289075e13b399cc45ab,train,True
5719,485584120fccaffa886b7ded240b376b7a1fda9f1cd0b8edccf645495464d8d9,a22828741b957ec3c87eea2bfa25243d97f25396ebe5a99d85222664920fd6d8,selection,True
5720,0e5fc2f2e23a3cb5984df5105ca67e12b5d8e6e15636005d2afd275cb4f0ea96,c915062aff07d13ce09c173fcb90c0ca509575fdf07911f82b207de8bf0e252d,train,False
5721,4a1f03a8315cd98d7bab7bd171282f85d1f9fd74aaef671ef3574bf6ebce3af4,2660760a40eb7399c1f9d60ba8e292d821552f7a7470c63b53779c5582e373e3,train,True
5722,f9a0726857266308b0f3a7fa55a0c34275f13677753e4a84f3f99eb938cb56f7,5562fc895f97b3c51bae522bf5a0bef2ce7470457bd3d86d35bcafa39e20fe10,selection,True
5723,b6885ec81c73c11e0f574e08fad4fd2d3d1e8c9757cb5a59b7298a51155fb0ed,7e19d8e8621f0b81e64ee94fb0073539324806eb2b9ca67d90986f77bc7263b7,train,True
5724,5d36072efb928f1371d8cd1a7a4b3d0c0061dcba5041950e702c1e6b53e1fa80,21aa198390ca5e9ee9ab64b4aa4e9bb5e7c94978d7f987a103c4fea8034743e5,selection,True
5725,ff45a18bd3dd76f2918d8670984bf16b2c687510c6c806edf4f4a92d2f88b67c,3dc6b4501fd3f3a09ba1d3d1195048d0e1a4344db75b4211add1df15abdbcc3d,selection,False
5726,b584aa3547e7c8215a1a25562213bde00e9901a63efb5376a8e3749ef0c39bd7,ff7531c106bcd8b711e1842004a01e69d0b8d2a326725bcda5f1421822fdc0d9,train,False
5727,0d70f3448b9ed55976e35d9700ea504b84ac654fd9f606e0533befd32cd95eff,e2aba142c289802596f6df55315710e8c7c36aaaa023bca443287eecde135e42,selection,True
5728,f1c66e65931b204dcbec6988adee78c73871f7e2c087e78d77842d1203e4ce5b,1e8a49fbaeb5602f19c07b0afd3543763bf89cf8d35961309e208882e4233089,train,False
5729,532a28e5675fc361b3820043e99d868c6c32fc0833efbf9704158e8cbcb011bf,d24a5af374df4fcb336035ef49233a4aa0192b63a6ba32d61ec562863d797a66,final,False
5730,1125ac7bc54d2a66d693c35338a725724be7ddd6c70f30c9a43cdeb02e62c9c3,b374a03a32757678dad3d01fbeddb9124b685dda0a39a364b4eddc3ce6b0d846,train,False
5731,3296a71fe0055363ee1f97b31878053658697fa9aed1025d4d80fc19802e3415,3cb951ff86abf4efff4d318e8873c38b228f89d2eb710bb7c6baf378159bc66b,final,True
5732,b776ba895da3c70bcfb2495235e8fa6d1df113b949dd532139c895d00473415d,28acabd1a0dff5a43639fdb47ff7b87b6531202e139a5e1ea6404e1ea5f0a2fe,final,True
5733,a4446e6f31c7346c4056ed88fb187114956b2fa07dfb601b687484645339e654,17edb64949511d71909d176abcd8a42ec06a9a26125b045f6d32cf03756f0548,selection,True
5734,4d2e7f2350dbf6513a3b76ee50af58c8f0cf0e48ec9c02d2f73a6b2b58ed4a82,80776ef9d85d995f260c50865a31bb42851f58114d4ad55df7efae1a14ecd688,train,True
5735,87100fa6d6f20e4872b89e4609efbe9e683319462d290d8cd17cba4cbac526b8,9dae0a8232700bc12af78004b83954b1344695256a47753e59a08114f2a6836a,train,False
5736,afdb9f198f7b3717b063610ebffb11c9d45c1e36d5929a9ab0f9b26ca5c7e8f4,33e0594471aea617868a58590bc3ad25a0c1c85e37e796ace95d8272243cbdac,train,False
5737,74d809d3127086e5fdc7c75bfc41f7ccd5e9803178e302a37c1870979733c734,98fae6b59c397a493a1531986b6db83578ddd455374973118c563d41eace8383,train,True
5738,e5b281bb21f392912c9228322e478a9d8cffa71db1b616631cb710917cb65639,df526cd0e03262979cee1b08bae28f7c83c6a50d0106425a89c518f588a2e51a,train,True
5739,64f031c0c0254570805c9bcd5fe9943ef1e6fe246ce693c829506a56e1f8a0d5,f56aa13403bb95da0270255b18d06dd0fde9ddb6f3d2a1969f91fc7ab3b5491c,train,False
5740,e35b62864fc5db5f10bb1d10be983d7c64e3ba454a7dd2a37d20523b94af83d3,bec6571f94d0244b8a0b30cb27d5639b116091735db8f6f25f1f4c094f4abac5,train,False
5741,20c843ed400a9f74d81b83f5c09e8cd4d1eaa0cb9b277e537a386705e0b260cb,85b16a1e3b66e31d456c20de3c08a3c9b581e193ad24fd7e219cb167d208bcab,train,True
5742,45c9ae5a8f21c1fa6492667ccef6bba578fe8bd626220c552e25263c7122b463,c1f62aa15abb7e04ff04fd644a0361e1090ca94fa471e8629c86e3bb6d66b4ce,train,True
5743,917de702cd19ae43b19f598808aa98958b2adcd387af84ef77f442061cf8be46,69545ec2821579570d0c0ff4c9bc598b372a387d4d7513f8a5a655d6f68f4937,selection,False
5744,771f634a232438d27134701e9beacfea3647e32fe7926199217defb95497cade,aa4c4707ef7194cd715b4b965c407d53f88d51e204c22e3240b4191cb556a045,final,True
5745,dcc3e5688cbd9c9a44e516c776647c29fad719ff72843ee3e33b19ff7107b583,b1450413ca768dd02d20373865c36e390e38af1a8961250b069d530987d93d6f,train,True
5746,ab08394901edac2c8b99f8e0d3b384508b7f2dea44cf9b478f6290a182d96ce7,a1b3bd0aec07e50f62e31a8da9a7c349c39a7ec81edc15d133cd0ad59cddc467,selection,True
5747,a049eebdb8006793e4cbbd72f19ff2751c6c90a578ac0b0349b04931b1b8659c,b28d51a98ca22c781ccdd3b73f5a3211c01c45da1afa63fca636a11e34ac0fe0,final,True
5748,eb108c3dd371e39f1da2c01740258be26d3ab796d4eb9d8336b7d5c2461a60bf,cb45b01d50b9c35b266bc21ea76969e7237a029e0766915828841600cc200d61,train,True
5749,617c92d16a1b4a6f76914aece3adc795352156170f5e2afdca3800dbe8ebc595,055941a4a8e7fb22368dfa048b6671434e44ae85353d822d9298942184588d26,train,False
5750,546f7b53443405f7ed1b91281e605d80fc5129c0796cc0878bf32d69dba038e4,d94e139449e798cc7cc8e01cfd8acdc8f158a3697096e0c4f43b537d46927772,train,True
5751,3ff60835489225090d177aefc6963381c3171ccc679547180b683b595695edf7,e48cdc1f853438049963e7db299f2962a1822562f4826107a62b1cb5c4f0d82c,train,True
5752,74ef481e0f1e3700956d24a1714353b70ea2e800d55527f8767e0161e0a0a225,e733f98e2cc84c67e38cf3a4287c74784204963e7db005c968c90cd4a48a3f0c,train,False
5753,b232f241cccf79499d813b159b46d5f993fae898cbaa6a51311a6d8575dafe2f,6938971c7110d104d2413ab2d36a47efbf9a49b7573b795e222fb6de76093506,final,False
5754,83f55b80f4464e2f825a588c77f08c2ec3462b9e7c5a83f032dc650668398436,5810715a501f00c2b97fba4c37d3f34df3cc17e33f73895cb8d13082af500461,train,True
5755,5db50febe90304ce0dc159683615555719bb57e6a3bd33f6952872895eebdd84,c57edb0461bb79994eebd9542667e19bf5ae27ab33cd2ac450813259b219ee3f,final,False
5756,412c9d40993bb341a9ae76e773d373347c8bd3b155a573dfe106cbccd76c443f,a30a9d81af3de96d1c25508c6e3e5426a5296a1cca8979fe12c67a998cdc42df,train,False
5757,1695fdaab29dca05200b3c04ba5d5fcc81988e7a5038fb90feb3926afc2c1f32,40c3517eafc7e11ddc5c3a48ee5b3d1213fd65ae9ff1f1cd1c474936b6e391da,train,False
5758,b59a213f79eeed13badcf8ebbc12610410c85278e809ec45ce26bacf138e4a87,3cd66145c4a387f3678a6f25463502d0e167cfdd65289a5d5d699db2c67ff7db,train,True
5759,f1288200a0c35731e0a0cf098a8bcd7446407e277451fb85838f3f0eee7bfcf5,7e7610ea8eee05823d189831fe96c039c692ef5b01b69b5d0440c9ee8360333a,selection,True
5760,557c3daefb28450c91bc73d70abfcf05d255391b9ceedf85c3dc3bd287d05c1a,bd278619c751d984038a691562ef1745abc15d102ebc43270d34c3e700fe1be0,train,False
5761,25b0ccd4011b67b554486f058c0ee973a9ca4e0ef3cdb364d05b08834258c9f1,4273f71f7c53c974a281d7ee905ccba06631d31adad61d39b361272c75a7879d,final,True
5762,acf22e4b17854a293c5096f152c00fb7d5bdcc03fc3c34c74f9012b910829313,9c12e3040c90da864d7056377ca1d7b87aa77c5f1affdb7ca39e02f51fbaa2f8,train,True
5763,af0a0de20250a080ccd6e29ef4124c52f1597b3046d19724e0fec9c5ebe7f685,3945b439ee8b9d7f3d25420c974382529a9bd074c3471816419e880f785b007e,final,True
5764,89bf26c64f59e8e59b64a6b44a527f8a1558a73ceb28a43582d531c436a721a2,d7ee7b3fe28e62878e0b689d4924456d1334a41194bf5d374fc4506d84cea43c,train,False
5765,6abb57cb324db03bb86891c0fc533981f2e3e7b84b318fae364491141b2ba5ce,6800339763dca982adc255fba0338964306a1b75cd5f85aeeaeba4af3ea233da,final,True
5766,4442dbbdf321dbdf5c5732f187b723f4bad815bdd906c7cfbd1383f55f348c74,a9ae292d2a9c2204e2944f815fff841de3e7d56f04db77a362e47f51e3b8296d,train,True
5767,28f4819412897643f1fb660bb1b2cacf6e421aa70298ace0d8eac77528cac391,8c33d8fe7ad19219ba729e35d251242b3cab0c20cb5570a9f77e977b48cf0d50,selection,True
5768,84954ac660400ea2fe2ea8521a8da8954cc2861eceacc356390a90906cb4b35a,9188cfc94a07ac6b5a408f051abebdd735d35d333c896cb579f979078aa29c91,train,True
5769,ccd72ddb3c3ccd90d7458d4a523ec448040e5e5bf3ac684dff24e1c9b6e6f5d5,b2c47620abdc7adf5e49d9a8f0773e35a6bd10f6e2f725f810feba8100e63c06,selection,True
5770,fd6d97de3c4bf471015a248abaf50720001e56c67a20c9f930165ffe5aa2901e,0b0fa2691c5f21b6eec06a8e950dbd9146668257a33e828afbc1b82c55adc389,selection,False
5771,59f4069440a44037c1c54665468b2c0816981b69e576dae18d8310584163a96f,340cafeab45a1679c043bf834f1a42a8b5456518efb8291f9f0330e7e5b9c631,train,False
5772,99fcc730e109249410a1641797d7f6af7130193ffe8fbfbf61c652c403a4882a,19d78a13e6a63f908862bc55d70755928e330eae0859fe5912c0085563f10482,train,True
5773,d0072fd780d86c6959c61345515217ae26c2b74d693e4cae24d95c316dd46b78,478948da4a8d1f7a94f8529a434c549171ca166386ef2e1cec25bd58cba03ce9,train,False
5774,a9420238f0777bddb505a1943d55ab2489b44a005a161c138afb08f8522eeb18,8dc9f7aff08828aa21d15458146a4b5aaf51394243c6e13051c1bf62d99769ee,train,True
5775,890c8fe41d1484fbd3f62d77cbcce3cdee6173dcd41f3d0593af84c87ac0a6d5,36684a88543270983b591dfc3bf34e28681ad3a5e092b5097988e21bf38efbfd,selection,True
5776,b83d62223f7a96ca32cf677eb17715c056ba88603aafa52eecf516eee80f77d1,69c004a8d6eeab720f64c729523b666760947ec9c0ef03f434f0a366aac70dd3,train,True
5777,71282cd4df5e2f7adbc2b434737264e059a9dc9f87c1168e86e6ab58c4dc4f8b,87aadf0975b4dc4592613b4baa2f1bead3bf3f0c3ab0489bbf01d432ab30add3,train,False
5778,b0ff8ceabe3685f40c5f659b8c20f1c4836ae9cdb2213879e067a7b47f6954b4,6f4ac18a1cc7bf2ef5ae691babc1200e8f1e7454cf4a77749cbe4a4ed0b47793,train,True
5779,a02efa17ad84fcecf9d831850ec1e12f47bc5c553b07a4df3a92860691731dad,e4df18ca0223bb9abf9ae050e19a085b1d208dc336636cba5d070f65fe6794c2,train,True
5780,39fbb1229a6b88e8e2476b690f23dc87ca63ea6af82a2f906106ab4319f2d914,1ead7a4dc94cf93cda4e0a483e7cf0ad7f507df1089f6ebf47b13866754fabcd,train,True
5781,14fa37039e30a39aeed595cf91951c374e1e28570d4e378151901f9b23372930,288d05836d3f20a9898077544d8b8429d90ddf28b0a060c30337cd7b3315c689,train,False
5782,8a7733ed1555f9eab3333d2d90e3cbd5fd3cb16ee199e9b0653b2677194c965d,5661974a7eea6469d6590088ca8839a4d68e1d1ebe8ea9dc21699e6cbc083006,selection,True
5783,650cdb56a61dec98ebaeecb1af599d9636502b5377851f8410f54972d5a684f5,52fa7091bb016efb9e260848431f89f840de67fb0e3673b76a60649387c377d5,selection,False
5784,35ca258e56843151b2234dad2c54abc84ce45fa16b275e896babe7857ef04f36,8a8c44809835e01311563d27dd19f81a9469ee635db2d835cde44c44818a5a52,train,True
5785,7477d576cfe9591cbd7e28da5071cf8a463b46c02e3ccfc659a8be7693be7acd,d4e4382a4dc8fadb7e7bd5855fe9f09bd71bfd44d3c75bf6e4e71a6512e0aa7b,final,False
5786,6d56f1abe6f50334040c0bc0c98d5446f7d4a2ec8dca858661ece7300483f9bb,e4eed3f69f7b866d35856da085962977e52a017a370bea8bcf266049fb416200,train,False
5787,e81dcee7102312f7d57eae4f380da8402cd7b12c87a0761d3188351b7b9735ec,73f0bf368db67a8a6cdfe3c67bb2650023e3489b6ad9a98a424412d7b1421826,selection,False
5788,6bd28918f705c407c2102deb897bf14e64c7686fa2cb654c0e23a224c3c37e07,434910b01ddf8d81a3d68608977247eea6032e591d595398278560b7aebcc5b4,selection,True
5789,0f0e011dae3aced1da930d0c313b778bf6bbec087336649a8a6623d2ec8bacbc,d0935249ee6e21b4fb075c34307a097df1cecf625f974b5b01cd0847de7b2386,final,True
5790,70a2d693c278c45d4bea50712d3dfe5d9ed905e74101b4af26e067823fcc7455,306df4013b04b59b9fdae69a94c0e27e0534e5b609388574c732ec4b4f21b21f,train,True
5791,e2725b33fb12f6aa1ce45fbc1a279b2de48dc4288e049204834024777345c5b2,93ece1cfe7bed280e78cfb58ffbeb042c60f18a6f4d5615bcf9c7e5abecf3d44,final,True
5792,c04fca04417e6f3e2439071e43e7831025f9adaacec1a17b3450c1460ae50264,340136f258778c993a9b3c58582721fadc202e4bf225aa0bad36a865f095a6d0,final,True
5793,901565795b017b53bf8cfe4ca2b2666a576679a4a31233a305bb9431fd657162,8a63a948333820c689dc038a806556a94284c09fd68670fecc85ce17abbe939c,train,False
5794,f5af4e958ddf888ac25d369a5f02e43974cc8c7c248e8a2d91c107dc3e3fbba1,c6e733c1fd440764338c2a6fd8f68c23adbf9f7efbe8b7836659ab2a06c9424d,train,True
5795,84e9f1292acd8c76a1d8a826029b7381d3926cc0742958df7ec21c350cc0f058,57d2da34f95522b563f7761da346f194a8a5232f9fdd3362aa0ef3538bf491e2,train,True
5796,fd41e7d5e9ab2e89e7aa028e29b483ad5d1f26fa151c758826bc9a62f1d4db2f,895535d7b41a43aa40fc8460d5fc37bcbb7af8329d33fcbac7282df97669f7fd,final,True
5797,955c6880e7e72c8eb8ec25fa9bec9a7eefe96395e3a6ceb8faa64eaacd01c4b8,99d984d97405e15ad90e4cc06640e52235a84723adadfade2e010bbb1ed40c0a,train,True
5798,775ca8d566e03a547a47d2a364d340bee0d2d260b9b55c92bc9db633aca4b503,16683aa5bcfc98af29be0e3a16e63637258df108950fdd5deaf73b6acfa06fd3,train,True
5799,3a4a03436ac5c093c426ddfad45d15121b9e1f1611a37a8e5ae22f9faf754852,8d17e30bb59bdc77e4493856e69d0487ff5a47c2e62952ed8431845d9a7fd978,train,True
5800,b654a4e84cbb65f9e5c9b7dde17441c3a6ca1290466789b590bdd60c0180322f,1ed86155f8b8273db321d2d0defb8a99404414e0e87b4756e871546c27dd27f7,selection,True
5801,910461f6bfd294068a70c4f2f8601d9659b2fa7b358ff3926fda994a1d0b9250,a492874735e8c0a6363f7edf775ac6c251085260e8f921cf3c5346ffa0b46eab,train,False
5802,5229e7d03bca22783d60bedac665461e254672c8c46d0878be3f5a47b723597f,23e6615629fef581b4bbd76486190773e8d92adbc374f26e1d4259a3ddabd9d4,selection,True
5803,7be9d8edcd7c931d97f924c62aec59578cfda372b401abee3f4e3bf7e7f0b203,20c0fd67365f267448bca1b70dd78f601b277ecfebf34c5aae2de53f47fd5d14,train,False
5804,a4523e69b5e2beed7b84bb84b073ee0547a93a34de332045eda7e0fbb2992ff8,660a5ae54fc846dc9ffc83dc0548dede27b381f50ec83756d73cd00bfa176be4,train,False
5805,bb33fa41e05c54cc1cec48a673bc73a246d35b64b5d968927e6b36e8f449120a,d96fd8b95c1fb35f25648837f144b8b596eef46c27d3f6aca06a1ff741aae710,train,False
5806,3409426e0d5ff37a67bc3873d1c169dac23286a7deb72559a3c352af96366bc8,700d0caba439a29984b6de785dafad19c79a24439f983018006daf33d9228969,train,False
5807,858914c52db39633e7ae6a1d16916d41f89e24a237040998613689e9ca4206c7,576ebdacfc6276a96cebfd752c7c58a44b3869066a81c2263632e2534d97942a,train,True
5808,61a53f837a69451ba1ac8ded45d6eee854847140dbdd5b516a44a93269dd8a1c,529510adc972599b068913f23bcfe1dc1cac4a92f4c90f3e31e56feebf00237e,train,False
5809,ced3826e3f04a034e66a5385ce83bd32a7045bc60153090757e45d626f470933,decccb4bc8a2bb74335b2c433f50569b79e079ecb65775189569f52f236b036d,train,False
5810,358eec2f4e4b8c3917e1a9c34b0eef43618db67268b1ebe8105efe8de5ec6b3a,cf31e5ad556b4132ba0929b1dfd7ad94cfd9a5a23dfffa7db5ade07f30651709,final,False
5811,5dfee3d4a10bf2e6c09f1f6dcdff135967549e7095866f778cee3d15158e3195,2869cfbb98b2b03b6e274727b5103cb27c444fd198f5261331bb2c077b4fa2a9,final,False
5812,2bc5736b41887f6c9c4679c89cc4aef72336f3a1f8ced28adf0a943411848be8,e96ebc3d26102bd3442ace4791dbf155a1b488589676154d4ef6fc6907c764c2,train,True
5813,0888c5f6a491322c92ffb73f5dfdbfd0db096876bc6e34965385eea8b119615a,3f00eef54f6391b6820d35d66e37e811c83223938105e6cec59b0a36a1afedd6,selection,True
5814,134e839bbcd41125b2b8c06b94ee9762dadd62c493c292244ec24016d08c8cd6,1a45f57f5c9ce493c6a1dd86ae6c764b3de13e4049d376404409719a7efa688e,train,False
5815,e8baee19c58def790bef47e52a750ace0afa6c440cd10d3479c7b509531736e1,e6181ad7f721e5c889498afdf92e1bb388737886ef6fe896d9704f2a4fc563a6,train,True
5816,680f96cbcbde720959cddf0bda9f1a94fc918c6b4943fad937fc530d6d1593d6,3b199a3fda04483ecc08c20307bec01d97c24971c9cc983d62205a714448ac8d,train,True
5817,14cbd97d2bdd1501825f4e42b4daeec600ed1e51b66355139a4fddd47bcf777e,ae05fed3a0dcc425cd6e88a1f5ac6b7f837ebdca53200fc0bdd7667aa9b57ef9,final,False
5818,debdd7e91a68c895483891b27553d196e58ab877fde052e44d1697b39f9a6674,b939fad22d5a92c88118a774b719edb3494297d1d642ddb9e3641a61b10eeaee,train,True
5819,f695b7624d968a5250abd04612e5be1104e43f07bf5ab59e8e2ac8d90b3c368f,4c347234880f661311e92303674d01a179a650a8190813920c07f823da9bb90f,train,True
5820,32673fd53d7945fb0be49e1f3bd70b199f244d8b4057c5b0e31b3610c518fdc9,f5a3293f7af162cdcc0d9fb9b6f71918528d15bc13ea6859361fefd7d10b4336,final,True
5821,fee500be38b16557cb37e6b9adfb6950302625dfa09140f7fe0f68fe979cc739,f3607b9fd49bf7a9241e8a7cebe4ba057cf70a3f42d7b03bd5ff994b3c007435,selection,False
5822,67df530ad7f0046a725279477ba8277aeb55f5b1bc01574c3fbe4b81122382a7,3aa6bfdd12fc870409adfe993905e9dcad528a6e54c40ae8952e2048a4899ef8,train,True
5823,0359ecf2e3b1a3b45420370876728fe2add6cb760368421a9240452971ed7626,57e4fa35c822ff227da489d924c62d31fd096daf58739d402d7449a28c222521,train,False
5824,04f626c41dd8c18310b126c60384295cc02f7f42743303d14a1b8bd12391d64b,745fa008f0f386de2e0a593698b59f0c3eac534b52ae4633fa457abe852f04c5,train,False
5825,6fdbae5df1ba28ec5767200ec6ea039caeaed7f97c70c01177e794d2b625a244,66e50be3386c0a5ac2c41acb4e0267e296e52031327852ef98305a408fe8de09,train,True
5826,951fd5c34b7bcb3b72d83a63ad976551e5cc43bd9aece9f96c94ce0b3a1aa2de,da9af0df2f6f3f675112fb2de84ba3c16a24779dd5d4cdca571ebeefee710566,train,False
5827,160d1f3798856ea7ecc71e988275a2a7a833835763478056743d314feb76fb36,d866930f260597b14f416ffab6c0fdfc88f85ebd9d96eae0c5da4f7a50388f7b,train,False
5828,4129c871c9a0e7c11439c7cbb52bd1ec4a717bff0f6aaaf70865651ee7897978,23dfcde3d579bc19f44f45880743c3a71654338787c505aa216b06a4fc5db6f5,train,True
5829,5d549ae393a940369dcdfe87eeb117ee5b3daf525c5aef7c640332dbf6b5c44c,8c518b8d9052cb72f7fda7ca12385f60fc75cb261a5e83d97680fd4650590495,selection,True
5830,a2eb28b4b7c4bf85e067b30cbc41373aac03017dfa9f522d981a4cf1db740295,9248c12f10b7c0cca82b5be00bb3c74d72dbb1c8fa798a03ff5e47cb7d0120a1,final,False
5831,70f17651676a53e4e03ba132e48e5725c0e162507afbeeb98a55c4fce48bb7a0,d9a50c8b229299c353fc53f44b4355b45783848a990578549fbd5ed4665e7544,final,True
5832,0fc4983a4a6de2695b6f84d566fe68252f6b78878817e192d78d85a663c8827c,364f5dbe1a0db86e54422682fbc17ed9afdfe9486a42519a2cd64d6b41435725,train,False
5833,6f8aac12cf740db5ac30713bd292688baa6e5d886e81a692bbb8c1876af6d9b4,aff153a99804864754298b904a2a616da0f83076e73b9bbe1550c9bd41bbcb1e,train,False
5834,52e3b15c943edfafd490eed0adfcaf938e7e48981f893ea531ab5ed825421bb1,bac51c8dd7b9b6bda8d63232b24990c6f32e853103cd04bb813bb4f97acbcb5e,train,True
5835,e349a8c347639f57e76d06ca2f701c33b7c8a0b89babca6c6a4fd53258d6cc76,450b0f986f51d15824fa98323102610bf2c8cbd55772cb107c9f4b30dec5ac6b,final,False
5836,eb7b2197c27fc8e334b5989b1b1613a937acef51afb287924665e13b5f8385a3,9e88e2c8d0e86985205e4ece7dee7a8c5dbe1355b4dce5d8fb44b93f450878e1,selection,False
5837,d18ed900616db9cff2ef1327c755fe926219099d3b756e37fa67c24d815cf2db,38b53f0cceca452888939147f0f607cfe6a5ef89a3354dfca599f96448a4a9e8,selection,True
5838,01c372e35dfbcbe184ffb1a65464034a016a302cc550e042c96c28929f714396,ffcc700e9c5f75ac11bdb32d7ac490058a50ed5c44db83d521bb2dbb3918c02e,final,True
5839,b8b022df1b14c003c00eaca674c752bd17d2272fea7c92d35f8d1e0bf7a251b8,c04159fa491586b7db5effebbb7d25cf4f260f82a625620947fa161425924680,train,True
5840,ebcf94b63fcb59403ce3c1226b869d36df580696ec86ab302da6553bab7a42fc,fd47527400c9b15907b6936d0a57a00af248b01707d1661764512c146bc294fc,train,True
5841,8e6ea1cc918ebee68e73617aee5d55e0bdba48d7c68bded5ca9ad862abd3336a,7f5ee7ab6105a2c59f1b5c9ebb45227f53bc4c2d53cb54546dc725cc08ed7bfe,final,True
5842,a1e033226452d3b2eb63487dff5857f29609ec87807791572550841431fac91d,1e9dcd98c21c7026bc56d1347d27d9d7ebfeb43f99713e550f76ef9f8d0557a5,final,True
5843,2a7bb1b046de8d24c16611035090ce8927ae16a89928b8ae5573ef6bbf18559b,32f81ee265f94b12511baff35f0a10acb30d38806e60bbeb53383652c5a777e5,train,False
5844,46ea361ab91c2674682fd87a72964180f87ff022440b22202efc0c1a12e379e1,8449716592c2f456e07ef0e26ab23a869780a9e3c719af8e314cb76d3e531361,train,False
5845,1d871acd078edf9501b0125169e672f1a65dc1c5116d2ba7769b68af9d37314d,b8fa75c250b5d18c55dc3a9485a3f761d1b1886b04373f8e0b0820ae6320763c,train,True
5846,c5cdcf57981c63487487824c9da2b8a305280e5ccc3b142563f0454ebc1cb182,c2893eaffdb86779123e63c793696affd0afd63188afdf3c6e7e91da5f5c99ad,train,False
5847,009ea1cd44ce3bfad126d70fe0c1ec1c9716d50f6ecbad68dac3ea7a49a58787,357c8868f6ff14fade0c54a34a3f5f275cd01fdfc05eebaaa5be0c9b22244bbc,final,False
5848,4e3f89daac1409b1247cc95a3d1060d60255290f7d80bb948c2685501bf01d49,e4aa232e531cbfd49ce6230ffee12c96c50553416f80f5afd7e22c3f0a6454cc,final,True
5849,65574a69f06dddf78013d7d39a01ef970f40c64ff791886954527352a51805fd,9a85e2c5afd6c74c3accec691e7d2457d1797f83706cba3c786e7e1e3102bb79,train,True
5850,e4a78c510f2cd6249ab6186bde4b33ad82c65b39f636222c945a9c0771ba2ebb,af7b36b0d629c076500a6501d17c26bd63af3d2aed427b499d2379b98925cf3d,train,True
5851,72b6414f423a87bdce92f3a59f6e623f762d709e520d83f4be00a617fd4f1711,032c52eada0542ac03d28f3c4f22cf2e4efb30454826eb535aac791b779ddb37,selection,False
5852,89be2ca88aa56f0894751fc35a38beaa3ea9dd8852dee5346a45afe28f927c0b,d51fb7e3996b33eedeef6747a78cadf4a4db3b1bf3436ae235a65239608e0bc7,train,False
5853,696076dbdd0fd7f626afcee133e368ea5747e0c42e494b9e39300683cfbfc143,dede3fbdf6ed0ca9a97fc140597a969ec96040d9823f79b7afcaa1fbf668ce4d,final,True
5854,0e64726ebf376a1935f2240e3fc7722d9084d80ee42d5a5ae8d870bc39f2a1aa,abbc112320efff6cd35e9d22dd502094084e3a2925f265c4704560a2b68aab86,selection,True
5855,c9a42ed3b6647f502510e37fd169072750b7bf8d8a57b4cb8a896cd79549cd9d,53384f79ba220a8a65391fcaaea6181ea6c23a4947b9d3970c8b7363fbe7b152,train,True
5856,330060c4880a68bf84ab503a39209d1af10f0d4e46ae9346fce3ae543683a217,17576f3fe8647c533f27d4891d6aa11289ed4ffa7134649776496f069919a78d,selection,True
5857,65a29a232cf4cedf8a0f1446c8ea564cefe10b244992c324e837421b783c2702,98d0d898f74bf3bd8b826dfb3c728761526286ff53ecf47c525c0af9081f2321,final,True
5858,abea87a1f5ed391d0c3b9173740ea8be2aaaa87b2a1e18b31ee42a00139e8edd,5107824d365eeac208730528d8a4bcfc956288360a46e86c3fb5b75c470cf250,train,False
5859,a5450a5330821a919ad501966ad59bb1a002c43b49e7022a8d5ef002a8f1d103,391a7bc3db11cc29217127cf578faa649bcee40177779c468ed777a7c01e0cf7,train,True
5860,e501c82a554d037f5088837691cc4161a14895c8b72358f9f145bf3bb65f213f,99c8fc016757629da183dd2b42ff9683c628264430e20beb16456a7364ecf5a8,final,True
5861,efa2f0fb39d6d8773877432aa6c4769e8c65ed4cef056184a0e4bd45599e1ebb,1c758b436621ad786607541161a55644f6e59b12cdc2f36503d2253b4586cb15,train,False
5862,791eafc67ae0ca66b8277e9503b045f7b9ae7d7065c3a80272e00e5ae6f27c58,3a550bf9b39634673d14610432c1a02f33c4b598216b64812b3bd4a321f87fdb,train,True
5863,8c474dc1d3dd03c6a0795f4779eca0733be0b9dd0dd670d27e64fb4c409ddfcf,20d2f9a8fd10283b35f08b40186cd34e51770dc00ee3ef857228d7acdaacaa28,train,True
5864,1be250626be4fe10f3869515e8f9e5e9145798cfe0915e1d02d68f8546f3f69f,4a4ab6438863b17718d1fc34d50b441aa43a9e8f91d4638bb975a4dfc0903ea7,selection,True
5865,4e3d69d816b86359a9766293594ec5e9edd018bf91fc45f0200b1e6035206364,943b1272250d38d716bc1f1936546575313e85d0a6590d7c626c85e53f9c5307,final,False
5866,75115807724219723f0b9016318ef713b1d199a85e2b43029626d2d5a34dfd18,2923478cf9861181296ce2af64e758f4f1170ced9dad356de692e60504b3b758,train,False
5867,44f01b12c0cc7aa987295e6d5a2488923787b5ff71f2996ca88218289b8cab7a,9ddbe67e52b1fe16307e1adb9a9c82d31298036c8df87a842c17b04eb0aba193,selection,False
5868,3f1e2f1472fda9bcafa2e4c6508dc0bab47a6c5d4239c25314083075097f13e2,33e557ecd530eae63b512cd78d06c9a36f0fc2e236a363f111a2ec3ecbe11ad3,train,True
5869,72a8a6432ed7b52fd7631e4e2e21a829294a9f2b00f4693405127bf5b264a6b7,5a64551b4a6f2f310ae351de9582279c16779516f345ed82124f682cb75f8c63,train,True
5870,beb37ddec083d94ff3684ec5874acd572df6ac5551f9c82fb9a83cdb8e51adbe,1930092a1182fc1bee7733000525cf5b60faf5a165f09fbdfc8eaede7a4a8a6e,final,False
5871,863883313c43920117c4af7dc8f4f65529cbc2e13aa5d9bf834a2409728c920c,3a8bd637e2ae75af256498943a828d6e1bf2e6355c28000bc203d22a92c49d74,train,True
5872,b5e51e7069693ca35b643f72f3b673345d9d9592696f85437bdc4b42a3b38155,0fca90e72030614337b47c2ecfb4fc0f4574140d19b7a6769fa3c93dc13774e6,final,True
5873,13673f2a165fdd55fa51afb6419e1cbbc42ba19aa20fb03c646c9e9e41877bf8,19ac96b9fef7325f37c8f74c1b7c057432212778fd904641b497c04dd3209ecf,selection,False
5874,e12c8216af513a8ee169fb7a345a24e99c222a290afeaa2a96f278ad58199d01,e6db267eb72a0f87cd12c2a511143d41593f417ca1e5bec9a2dbf09ca4939cb0,train,True
5875,a630dfc5c613a2ed4f4840c46c9e13365986f08426bc42e51d790a24f25060e2,6df230e11e3c4e4d38057f0907e12b268906ee2f741c34057c932fd7b8a7e54f,train,False
5876,fea78d4a645e144734948a45af651f52c53311c84ab5054579cc5a7580e97e06,f37366d97fce1b0dbeff53a1ee473719558594e028885dbd1cddbcc0d9fe5171,selection,True
5877,c25290e8908ee702a8bcdcdb41cc0e1937b64f04716d960cdb9548f3539c9a72,00b1def39fb87f09a7b8fd4362cf74f74e242ac5f95e9e52b1d2bdbb70f4be27,train,True
5878,dbc7aa42a0d822ae5725934ca6fb6d8db73bc75859cf72736614dff966d95b61,c42045dcdf0dc7a26112a9497405d3692d6ef7eff4bb8efe172bd91687ac04f3,train,False
5879,21c9e8f83e7ba0df3312147ea90f7960730cb164765875e70816f3201ce288d3,f130a0eb14039405514f019e8a316403c54fe0711d80debc71315d4da887eb7a,selection,False
5880,e62647bf5f697ccf49dfc2db1dd260fa68a5b34e0407998e75d522839a83d9e8,c91c2a417be9226b110bb8c87f17860d0e780e020fbedbeab76c9b3503f68273,selection,True
5881,a19eef36d5461e7e7c6cbc5d5adda88eba8269b7792be4834413acb346b4b35d,3b8ae57cf8f4d83f5da9db66b9ee84af3a1f796b50466ac7bfe2b7ca2ea88476,train,True
5882,e245a3b5e8e0e4054639879bfcd4d1c635a06d0212178db7e2426223acae244c,c940a719f34ad7324822de59d6c2d5f3d4527db7a7c21828de8afac488ff24ca,train,True
5883,42dba62647bf6b81bdcd726ea9c5f11ffb2934a0702a1a8f0adcf37e86168aff,d9c5c52751da3fd49a3ffe45969575281d48829822d787310e799268a7ae6d3f,train,True
5884,cf47b8aeed22f1f05399abd585b88a098ecfa4b7e57c05952572228036f6110d,5c54dc61c0079064556e1487ec1e37b82bb692903a731533ec73a7fe3d1ec172,train,True
5885,b9d760befabd19e095a6122b6e8ad1f202c5740976437933e56790a55ef9fbf2,a32cb8b5e4d32cb0f86a0eab7b346564e7acec55d6da9924e067328b1164a408,train,True
5886,8a2df5d06a75fffaebd34d93f936a466cf203955f4faf16d05cb1d505ee5a79b,c7a3a0c21a7b29be028de83e34e8450e1074a2b9ba6a82da24bc4325a9dde770,selection,False
5887,405a75ff9cd8604cc9dc44fbd1a60b37064235bb2080559c9b14a9e86d67b294,1430d99c3f9d434afbcb00e814723be0d38a8bd9dac8feff1f5862c407a4b964,train,True
5888,608577e6102e3c80132ca84d40c1d0e5d6bebde01874e0027a01ce9d6b67ed90,91ca005857f74eb7d20d99db5961296fe6c8bc739d0f5b330c13ec2aed376731,train,True
5889,5509aac913f667598479c053883475a17477abf090a1c20690521403ce218a8e,d8b597e340c672389d624fad4208486a3e5f2b2e93b2af1f92b22d13a7535941,selection,False
5890,46c0fd64125e24bb058e02f96d119ac13fd2fdfb53af03982ba024d1caad3523,4c5f548b5e74dd154e2d276800892f437a714474e83630958ffa5e0d259d2041,train,True
5891,206f1c5c74585b05a301545b7d9f61c70530b30a2a4f63332a8bf68f1fc4e5cd,6478cdcd27694f0548d9af91600ad7476377ddc038250a03ebf844122523c5f2,train,True
5892,129bc99147a8706d9ff90a8f85793ec97793c000877b9a6ad6b515b4360e94ac,95ae55ca84ab2982446932fb660c3e89750069811a80145c7bd1aa3be94663f2,selection,True
5893,0470b138d2cf4844e40669986fd4da54d0beebdadb10e74bc15636f92a71466f,45f63c39937efcbfe5a49e5398f698981a3b2cd665c996a200bcb03173250c1d,train,False
5894,0fa75b3b62082419149bb8fc01c39139908dc84d0263724ae2e5508a3043021c,5787d1a4ea18a3df3a3b10209910b96d58c07c03c818d3aa7bfced4e1a7daff3,train,False
5895,5015ce4082bf84c7dbf68471e12092764efc305a90e0a7a07ab47e98f17d5ad5,e48de85df6cb72a9c6f6dfb035a596bd7162f878b4a899d5ec9b2e4700f3d87b,selection,True
5896,79130312efcb122eb8b1a14b2a89e131537fbc9179b46fb8d83e1627fae23c1f,6edea0fa337245fc765005108808873323d1b3e7096999ac390b5e8a6929f72c,train,True
5897,e322bc0df693510d5f064c7b195f75f15d6895ede60fff1bd236d2993c9149d1,dd178e487194e233a81f9ba1c9a9457ee74a2e44c62008163c8b0603508996b2,train,False
5898,8bdfd0e722f1bee80c28d8546f0767c6f1d5901ba0c3bad8413cee3c1809272b,2a4f43c18d17f20429ebdbd1e73fdbc5115f022b3c1842cd4676630a0b353a20,train,True
5899,06fba453d2b32f94bd80677ba21b343b33a377d39298f856b9fe4e81783e3059,e7c84dfc2ea9e64e1f91e056f2254d18761196faa053a92356ef9402e841c72e,final,False
5900,097580f043a18f821fc1bfefae85d40fdd356de8b6b551a4c19f9ad2345e3740,a3106d622573f76fa518cc371dec510aa9b17d41dad97492621f25f3719a01b5,train,True
5901,62d50089d347fa5d7c3e40c2ea09d0e52a7a54ce8c3fd932f0c2a223e1d16a42,f5f5bc104b1f2a56758528c39ec086b727f98fea9472be44d2dfed347da6c376,final,True
5902,24d1b1fa7fa89f273ca15b6d3586a2ea8f2bcd9baed4d49d68a5cd4f39cbcfdd,e509847c5c7e81603b249cb7d2a6c1daad39074855b5b1be4d54d4083b876d7b,final,False
5903,1997d1de5a6256aea6a317748d4b30e080ec24d8abda9d5d1218f735b878a47b,a418d5e025ddaa409574ffa5353743467b3195992f1e12486e5d377402822729,selection,False
5904,2cc4284e658b9386d797b07d77e85f65f188c75d63488fe9337fcb68e0e15f24,54bb21603f8ba1e18f36179a8a21d54f75faacfa921e8ac97cb7473a0061851a,train,False
5905,ae5866750c0b5b0ffec00662a3629f29fe79bd0ce452cd6ed6d919bc53944b22,5a0bed196257337f783c06e5c4ec45e1f88652ceac7337be0ff7d678c9cc0984,train,False
5906,41bc0f54f68635e1e5f034ff668543ab285ef8ac852f9d5cd77556fa32a22a1c,a098262a670f810815903e6916a466e82035488880fcf0dab460ab381290ae2e,train,True
5907,0d371c70227a3549818ac113127722a64a46c7f52f39f5677a1d78d93accd6ec,2b2475d76aca1daa7b22cbe4cf7c3902ffe1f2472faadc47a01276c052d9ad39,selection,False
5908,76aa9bdbd485dcce6d08a1586789a378036a68a2b6b9e4cee4488fddb6d0d090,12f96bc8592e31927b2dc1927fa0cabc47d88e25ebaed7f77d970e322000b5ba,train,True
5909,dc05c5480724ea632d58bb17fb2fb00ddf3f3b066cd59fabbd6fa9e34d6ed73f,5b5f746af011c4f531f7a0b8f0b189b93d1047d22979500e26332d44e4881dd0,train,True
5910,696561f9fe4da9a5b8938386b7c9aea0291b21099cb1bc7d2192fcaf92a3286d,a6c26da18ddb037b9787273dc42cff304644327b361677646170073eda294ae4,train,False
5911,97e25b8e9a398dc03e8f40f004dd217ce912a3e46b15055ebf407018ac7cc663,81db8d1e443a8b4b1e51cf8b533f5b03f9f8f87f6ceebeea00f71d8c915679d1,train,True
5912,289e30b92f3d9f6a89b283ba7b80ee02400c4b95ffbc5b87b5c7470e2afd455d,9dbdf6d12b2fb7cd503f8a1bc82dfc456a28fa5fae99ea7e366a6014ec06e5c8,train,True
5913,0c73974967d985cad65e681e469ff3f20b2e1d7236a29bcd55ad995f167a5719,9368faa981583730c0446b51c60e69a4ef1a8ce98c71087ce16393146be26277,train,False
5914,54fa5e11fa50dd70ec8c1d6cee30ad31d78695d46529e995fee1506337b8a183,b3aefe07d0cb54a64e614c9c9af768a75a6a4e3b677467519412b3be4dc863e7,train,True
5915,1d8c1d3bbb015bf2e69e845be332e6034d778c40e46235cc73caa1011cb67147,6cd84e3405730d650c243405011d01c1bac1b7629fd9502668fa2d9547176f9d,final,True
5916,f57bd4e160aa74be9f3027a8664d8db3af257574ae3cf1e1b6bb06feaeef708f,8053d10eddb43e5ea1dc501f56a59f03ad0d8edafee19f3a582eefa74bbeaa3a,train,True
5917,81f95012539debd21f9d8fbc64f7ea2913bdcf84b0241b0f433bae9dc88a7f43,b3f305b9487ad017e987c2d48b61daff9a4101282b1638fb42d56abee53a22ee,train,False
5918,c98a984884d0a90890c8e32b395c39eb89881f52890f9164ebd90ea55958d644,9b0b6c52511dd2d642fe4a2265a889046628a9ffcb492dc17e5d002015d98a91,selection,True
5919,7926703de3868314eb54057800b629c33d7def347ff76f6aec5b964945ee25d3,05b7d8a44ba5f7e3d8b4a3b4840d534cb97b61eeec1196ba7dff74c901da15ce,final,False
5920,a8d7a90638fb6be335da81f3a74fecbbe8a8d30e61bccc9638f9026acc817598,1a2f45978e29811173a70fd3127162f6dbf07e8b995d94147f7ffdb19745bd39,train,True
5921,f23e709f7b38da5ed2050f98f095565adb0190ddf60399ca512eecd5f2ed06b1,42d66d71fc1a24019edb78df65ec9c81c8c98dd899534b898404adc4d580d36e,train,True
5922,761ca738a5a6c66d506a84cbca98acebe07d43eb86ecc0539be49250504a7ba5,f0ecd50aa40768288a2807f1ce959e5a7432ed2acde31c153a2f84eef4d64a34,train,True
5923,daf4d74e0c4ef01a37c741222b37c876760b0d86b4dc97a4f21fa7721b12ef28,23ae4014b9a7779fbf95e6e8235ac5236974613163a1ad27c61bfbf2302ea4fb,final,True
5924,df85bcdf160ab6159d666e68a76c27165ebc24d0b9c7bdf38ec0c99f4056e119,2b5c799e2d811d9b498e151caa095aaa018c40b0e989246fb55ee3e5c2775ed4,train,False
5925,a4dbc466ca903837e3850caf04af2bdaff5657d92c820af1567902f8aa4cd620,c3af163899843df4085f975c9a5f430e0e4ed46e89eeadf9f3c723e9fe2c67d3,selection,False
5926,961847d2ec951c812c44a5e3fd22452a3d22b7b236b44e97ba743398c202d14f,cc4ac103070bcfc7adb2eeef26309408a225b9c4f12ab18ca019b881cd790281,final,False
5927,b856535c243550a896e586810b1e14d25ead9bee4a362465fac61e98141ba60a,df7e7c6d0182098785855e2cb4f3c74c788eea5763cdc4701aecb70c2ea3a2d4,final,True
5928,ea8de30d79d362d619a49db25d6130e49272430aa16a49dbbdcaced9aa9bfef5,ac1c3eedd5f3d7c99485c6b3873f24a4a5075d3a553f22b8ea0025285cbcf6e9,train,False
5929,aceb7806b46ba501d1df76740ea31f16e9ddd1b033950d9402b348e295da8c88,dec381b2912cb5080de57615cd0554f594e76562e2f27bdeb95fbddf24b7fa67,train,False
5930,9ce2b6d272a4af424af1fadd4edefbc3b17a0c81414016da2c13a6931dbb4f13,3b899b196367f1e9c237b692828ee97c60f269b1eb4b27f1c7a1f5d0c3c87eba,selection,True
5931,7fabed64dedbeeaa87f4f3aaba19c0ea9ec182f6e9e80557d0ca1fbf370b9742,254e342d1136db916832f56dbdd0cb379eb9dd04346e4016ef04db2b255b086a,train,True
5932,48d0927a8260587d1a02b4f3357ea34ba09ef5ad450d385d5754eb4fa03e8e8b,518bcd38759477a3799774a9c1c0b77894902c5f79891a59de39d1dde71cec87,train,True
5933,61ad3619f8153c6143ff6494acf77491b85158c92f9662a5ded11bfed3a7d0bf,78416b6cc702e6d617a4524f56ac6eb50708ece303d634ba7b1e55c6ae8eabb9,train,True
5934,2588c0b79fc0e644d2a36ffceb64df39e189734570e040e10cf01d888302d1b2,692ef70b0b3de499e47d484e9155bcc06feb5e51f7da066095333f56f4d2c2e4,train,False
5935,3a5e037370114b84162d16cda7b512d56a834e2fd045cc91a7f9b37449a62a54,55375afc3ec4edafa30931c9a379879ce56be37a02c51a4a30d8874fe7f9f0a4,train,True
5936,361fca3bace4945903bcf6a5109d761d9493bcc81391b986e855e054760ea7e7,c2f0299779b745b3ced68ce7d3e9863048f628f728dc3b312464563127f498c9,train,False
5937,83ceb1bc895fce4fee8dfbf304368d17c22858afbddeba336f88dadea6477576,ac367767414336abc0046a3280cf48bec2a2b58c8504dbc80cfd11b8dfa9b143,final,True
5938,e049aedcf139a353c3cefe3f6ec8e10bfe787e202123160d19812a7d2bd9c904,7017fdd72a69a8f2296dbef205816ffae72e3362d6e027fa189b08bf970b00ba,train,True
5939,d53ee8bc6ccf034e56dad68bd0be0baa8edee43e648b982c3ee230cb037271c4,08d6bd42f1da9eb0032b62535c604e37443eac41816d5f45961a7cc655257f56,train,True
5940,3d32e7133be1d64ef1a2b3f7960e662e4ae4b91de4b74ff14a141227b9cf842b,74a756b2da38408d122df11a3a388e04e54aa22dbca738036b5fe5ce4221ff18,train,False
5941,ea73d6413ad312a88c6e716a1334082f5ccb80783092ce04f3337c9463f627df,3ea53f70518ee383c39d5753dadc331d2f28d5105b9579fff38429c7a517fe4b,final,True
5942,12260c8ddac702f6129d385954134680747985e4fe05c928308aabe52d78aa20,103ddeeaff58b9e750a28811f47bfd3cbeb98a4f4be0576eae72d334d5986995,train,True
5943,7acac9653cf414285314cb086ffb29b833c9c48f8bc6a3db50dc46dfa392a238,5083e144aa7eeb51e8b069a989bc4e48ad5c315a4d0b2acf491ba97f57d2094b,train,True
5944,2957ceba5b96d37b7b2f860c21e6e6712ac2fbc24a7ec2d56dcbe91ef7b8f3eb,e2b2cf0f85e71f6f9a61ecb3fa288863524cbf6e668c90bb8b89a5f98fdbaec1,train,False
5945,a8b6c3574b91625a22ee638a9a95e05fa85f66946c8f3fabcfecf44480659ba7,49ba2ff40b92556832f26f4d4a733c7d2bd91c1ae01680e6c90ef730faea35cd,selection,False
5946,d18c74538d31d0bef2e8f8bb26f5c9b1806f0ca00a7f9dec4c1d88cc28154b9a,a05c29dc1b4fa69d46f96f49c74ff86633ab7c2615703ab9f42dfb99238bb687,selection,False
5947,dabd961559bbfebe3f39a857b09b8182212e4b79e4f099de583c1128dee679b2,42a59b7a816c553f32f97c96e7cb72f7f195b15780e4f4da7fe109550b473c03,train,True
5948,e1c4ae06ae59e16978259a20d6e7a943221102cf60d55a86dee5215558e4c5c3,d825b1600e6cf5b631a2d18aa01194c0c726c4a8c50301a46bc47a87cca99df7,selection,False
5949,667390ea1d4f5ca8c07ec1686c48dc002ec4b8ed5e7708f8ec184dea7d765edc,d2046b0964312cadd6fecfc89b8c642537d2b6803dc88268f2593ea82ca5b5c7,train,True
5950,b75bfbe12099d6efcb789b875a9de0ae20d9b28ec68bd3cfedefa97ea625ec18,f12670cbd46927b595d65485cb78221a0b9e6a3b5416f90dad88da0ce74a7c48,selection,False
5951,5c830a91a88aafc79dbda8442dd26a00bff4a8ad12eea8dd8137272543183bdd,9f6f0518531c1c21bad2b1ce0a248c0f73c63e579fd09c16cf6471e2e0b79a0c,selection,True
5952,29cfb34a2e2ac3e5ddb0683121463f484cc3c2a8a83b18df6bbba60d1c718571,5a1840c212410c86d4e2b1eec2f9318724622e25745851905d16d4b32f5f512f,final,False
5953,9e4df90c17cc209b601404da71b08c0cfde50e23bf707c0eba3fce3168ac02df,5d60a70cad42c779e903bd3b91517e4b5f1a4733cecb5424982db6b4d3223bf9,train,True
5954,c2399212b4bd6524d590d338999435697de99f4eb2ad8a20587648bc603ab195,b0d87d326e956a71c4cb514083444b2a0361d271a2a253c8664dc5de197fab61,selection,True
5955,2f5f5f2f6862b545b56cd09a447db8f378904fa7cd1b41b9546ff1212d205bda,840b41a8cb07c9994943a754d8163b56f40b4751f5872b3ba533855efc0cfbfb,train,True
5956,62e694eed4946f87529e525a8483bf47b9f32ad976237076ab9256bf4d23d5ba,9747439bf390a4494077470d54ad922595b423d4a18a69fbbeabe2abffc4a49e,selection,False
5957,c87e98f4b127a091d3f1e1eeab2d2a553e7a51595ea18c9d9194b0aba498fd08,d51714e0cf4ab67b796e6cea9bcfa02fa2d0b6877a2e9ac4fef843f036e833db,train,True
5958,7c0fdc9f4ece5da9465dc597efcb57a12c87b36f0846712d5f71cdd3c79bb046,95a0f23c2addc0d8223a79a38331ddad66abc3b9fb753e6a3a5b64ead5c9edb5,train,True
5959,29866e323daa3ddeef5ce90e76e83cdf4ad36bc68a7091197c40458f0949991c,e517cb9fe0879b2746443bcae3225fc3169c858968a1db4994d3d188e0c55414,train,True
5960,f4bd0d2df449364f1b3905783b47500af53256e397a3c394df43f18b1a1db23c,ab351d088820e9f134b10536692a4ac5043232f89800f04ce88bbbeeaf6b832e,train,False
5961,79cf58fc09158d74d348d9387c18ac16a831b8c908213d2164c512e175a8caf8,e217a198e5f190a64dcfe583e4ea0dfe85f16591738b40c27af856d5451ec88b,train,True
5962,ab0aa56fbd4f10cfd5c0984a51cfab6d140b0e848e386f10970b1ac733caf715,8aad77f4d9d3022bd9cef1067b0aff0e1948de9f966576544c44e0c55538d19a,selection,False
5963,ba1eda99911dcd06772a677c6a79c06df85637ca92b8e23d17b12c271ec5dca7,ecfc3a75908e3edd466b42c0c25f6038bbb2ae5abcfdb95cd2c9b6d2429a9211,selection,True
5964,c44ee84465a953d9642f0d5391160e60681840158f565df8b1a3600383291913,d4723967ce94142e7e6c44efd55f1f26db85fbba95a91d2b2087cc58e06e5dff,selection,False
5965,87ef4ca9edc4cd76804c08acfdd30ffa6d2857bdb26d4f61a122ffa0d1a65b84,5adc084ede2deac6c7b2c7aaca56724eb2fbb1e29ea1d5aec9925dce48f8611d,train,False
5966,bfe7b02d4c726936a922262139fef3327f02491cbdd9efefb988fe91651fa9f0,eb04077955651ca2b3f1f076880b2a7fe2c306daec7dedb0570406db53af51d7,final,True
5967,b71010553958765132e92dc81acd3b4842512907fcaf74c1d9b59b885b0edff0,a69244f0838cd44704a63345b1d793bf1558e868965c81f65124507df8d5d5d1,train,True
5968,908ae991db3de320c39af044d337718719f3cb7072bd1914e9860d3fe33b56cb,3c3e7b4ddd1602edb2c4b1b7c196f0b0372f122a93d74affdb97927c96aaa9e9,final,True
5969,c1622368ef10f6d130569e968281ee120330981d9d6504646137bb09c4d8bacc,90c58d61e1b6d1dbc108472a2313bde3c838be6011a70e7a5e2286d3eb81df1f,selection,False
5970,ac169bc387b61f6ea2e0101d0e7c627cf6c15dc572613eea218a9f756aaa4913,cd3c1f874b88fa8c59c94fa45c35744944375355de02ecd8ab5bc0f11b50b662,train,False
5971,f16ba8e5717b5925cf40f718013318b73111e621dfa24be3ce5204b33c9f8125,49e3a2b5e6ebb8a2f702a4a1659bda0ec572e69fb52e0b8fcb1bda766ea2f791,train,True
5972,525770408eb30a63335056e765859d04381dc5d5fa02800a85d5d1787cb28271,d4dd30934b430346ab94e543c504a6e703fdc0839d600bb936d902ad44b38530,selection,True
5973,6a2bc6fed2139a9532e8ed1d530119f9ba44207a1f3777143275301b13b75c40,bb2a32a5fbb430ed8c4c9c836822711fcedaf5a9aeef2b3c16e994d228ae4b58,train,True
5974,d4c4b106854a6b90ae2ff8a267a54068c25df718103537c15b4c8973b9495d51,52759bace45642501a8d30f962a79f45e3d45d1f8a6a4b47c9012d6ae79f4910,train,True
5975,056969ec5e692522183e68325b4c7008394dd61133cd8925801578dc50b58cba,d125565ad541d3c056d8daedeb78d49bcfaa610fb095e986857d369c76de67bd,final,False
5976,d6eee31ef8e371880a20a7aa97a14cd43d4843e0cabbdf2b2c0a600f4a1021c1,abd8a375eb224c1c415b32a82c6167e254f355cef1472a90b0cbf309e03ab8a1,train,True
5977,9b4c719f93af7dd99022162370577a2b698e0ac0bf629f415b0ea899275448e3,33886f77c288604c39f84da3dadc8eb13c308efb9ea9e5bb5af51ce749db9b68,train,True
5978,9b4c34154ec4d23e271563dacc51d20f1a3a45fd1f28e955fafe348e1114e8ed,7be669a47ce49dfaa74b29ac5a34ccf0588974ffd5059f67d4bff9b90e70788c,train,True
5979,78e974feca11bdf000ad80437a927372f3cc99959b2bb3b91ff328e04b5de6a6,6289d572a780d745a08690e729e68c4a4fb89bd710cc66e580c1095b776e06c3,final,True
5980,166a72676f8ad7417bf9589568a362f7cbd880b730d1bb9564a92bd9c64195bf,a6f85ce966db1f862b1a8c9f40c105bcdce5af60e913a419fe4926bec9e97732,train,False
5981,d4bdca2e750386c26a0e5d66e188d81a9b4de7f94e2f29341129d3b3ac2dd026,04bee388a85c44ee2628c4ea8364c935c6499730f5cc7f436cbe76374996bf7f,selection,False
5982,a7c4d6e9185abef89fb2ef4df41d2ad6ac67cabe0ac21459427803bf5bf39468,e1d5e151f0fc7cbe2c11ee91caf02a2635b1c74a01b127c5b3bdb251cd08d069,train,False
5983,47b8a73d086981cb18d177d6ff98cdab0dc655d228a6a162af8a4257ab17692e,cc76762fd3a75bda86ec75506ce17e8e9da4161a8f0d655666874adc5f5441af,train,False
5984,f3925a28731d7f02eae406755d9721332455c98eb757496f4239cf9306ce0158,0d214cd439ca973aa5b1bfdddc37bb98bc0c6113287458949b68f103ce72c484,train,True
5985,4e6fa06636a8622e0b40999d15ad7e6d83d97416a193044f6cb579c57271d058,e3ccd60a09b09cba553da29dba8bfe70b510f2076028a955226d383cf21494f5,train,True
5986,6ccfa3a6a177bb199030c157debf8016a23a61f92dcf2132be44e5e63455e485,77b4858509607886cf6a39b8a2ca36af3ae3ba16907eeb6be27a13132222d1e3,train,False
5987,7174a027cf361243e41d2a7ea6ca1da19f009e3a9aa03fd50e6175d76220a23c,98ee9d2e0404924f5e6d989688d8e3071059a9c79b674625c31889edc9cc7af2,train,True
5988,d2a90baca98a50c97d647b72d430b96a3858085d7d8a4d0a1250b6ef6d8046de,b6c02cfa895fffda90a02a9b237f41f6585a705466ce339712fc0abd82131258,final,True
5989,05298db4a2b1ce14ce670ce0479c38b2901cc0904b60f0ae3a43118d2bee583d,154e1cd86ea4ea75f84d9fc51dadc4700c7c27bfb67c1273bd10ec9af588f8c3,train,True
5990,f9144e94e8de8d7bf54cb05808ec0c20d34e924a64bd72d3cba56ca30eabaa1e,5b8d847d8f8d484d89af799bcbf4f6af83f901bff014e4d2ab870b772048ffac,train,True
5991,39535ef0965514510b32bb3ca1edd1d982b2916b690db1d7318e5c8503b84f28,425bec2d2391ba99e10d857f649117788edf9570a0edfeb2b2e8828984f9dccb,selection,True
5992,47af0aec17264e25bdef33689372fceac253cda390a7a44e2f96c9413e535946,5b6a211c4cf56508022118802e704669a7620b8ec4c1e47e90bf3e1d23a087f8,train,True
5993,c62320809fc1a98c18dd9b6187d1889fcf2eb31c982569afe0efa64fe6a77b00,6038aef727fc94dd25a1df6ab83b7b60ed636b7ca7d1cbdd3eb56fa905697f57,train,True
5994,35dc12ffa6b8171205c0a219f9a38a2631c200ac88e2584a67529722f1f72212,b3b2297d3e8906f1e0a55245e4467d197185da527c1df93e08ab1e032f4e2685,final,True
5995,1c14f34997d7933fcf0b2b17b43dfb72e8b4ba194c80191530b82a8c62b6fbc3,464c44a8dede124742b70f6b21e70b2fcd23a6bc53f4011ddf003abc60ff985c,selection,True
5996,2f49ce4c4ef590c9aa4258870c732a25b0d262dc0d66319c03ccda9cbab5f277,959678f69d02cd70f06e6686b95b504f0e9c10ffee7c07e3e213606ce641e0ed,train,True
5997,623f6fa58fea1559ee183725e54099ea7cbe6eb6968ed3f6d97c2256d9f1c6b3,d9422caef6a73beed625b66465f9bc42a0b8c1af81a4625bfe4dedcd50b95086,selection,True
5998,862e75c96f9b63a7e4cfb7e0b344e4723b1f7876cbcc59124161d9b3ea713679,c9641f8869dca8778ccdf9db8ae2b62ce9611e7f582eefe0a7bf4907c25dd849,final,False
5999,f658a9a2269ef27e4f9574bb2a2af569c677e424c707e0920be19c920cbe775d,9c665280f6541a156df1c9096bbfc3a61f9a594ad2cd2bbeeac2f09aea458bf6,train,True
6000,37237ca5ae02a1ed01e40b3529c2a9277bfa8fdaff15c70b163fcbd837521441,f35a7f85c341c3380f4922b0a58b4992f90821e758e45eec7331d206e025f1ed,final,True
6001,ed28d8a9c3d26d3f25cef3b903a964be9d9d49cf238ae3bdce87944f69771fc2,a8d5b2cef73d0114375dadee525a9ffb27905e865b8ce95633de06bfa2981904,selection,True
6002,a439ab5554339885c042b34dcc7962d3b3bee970d96494f601aa1178b127e49a,36f8e63c282e2ee7344e8da94a7b906053d5d263c224e06ebe9056525a249423,train,True
6003,06427d68173773ab06a5b7a92be567ee88689c6e1343bcf9f2b0007a5887d645,e02cf032d88a898b76d56d2b95a34454cb2d41bfe04e6a1a82ff5d4b7ccec56c,train,False
6004,e7b56ea545baafba3b87d02065515b5de18e067f1a61818af86de40e5b169e25,1363b4995f654becc5640d09a984fc52a991b5e515a702d44ab990c52cd1980b,train,True
6005,163fc5139dd5a170984485c863e4ca2a494da2c15415285d331b39ce060b099e,13283d3ebf3e0bc53db79d77e876772003570806a213271d372161512166642e,train,True
6006,89e9f88bc97946eb8fe99ebcb5f1f746b22cd5e1d0f78f1ba4e19c5031d00919,ee4e0f7f5be1d3f61ba7e77f50d7487091a43934a818485f08b86513992746ea,final,True
6007,55ead8a37760ce507549a4766c857cf7d7af9a1178c39f51eb602c6c58e4b2bc,eddcac8ab6b0216e7f0e9b8a6c4db70bb2df44b9c469cd331da53c7707e4af5c,train,True
6008,ed8ecdf48a02287ee2c306579d159ec1f6647d25b1ef9cbbbd955020aff16b5d,5063f1748d01a3422daebf1ac7be1644e5bb44ea2c598d17fc2a76fb014435ed,train,False
6009,1e35495a1a25756f89ec660c867d1ffd6b546c374d0a690ed1cb3a0fd2362296,3f3a9f7e068e0effee5ad047bb0684ba79c8abedd62831d5f0788fe32dcb5d65,train,False
6010,91ab14fe80b70cac973bd4598f7ffdbfdc999bc112d1a547d91429919136b057,14572cf7a9e588ec915bc07188fe4ad6463c757d43d14314cbc316e2fdb6718a,train,False
6011,040328cd5b153e3ee85044d5a32314632d0e752608f8bd2d08c4fd8cb8d7e4ed,7a37d0672428f25209d77ebaef004f044cd463b174d6733fa97cf1a99970fc28,final,True
6012,886702940e0a2b0c2daa653ec1a3090acbeaddec8759dc9d0e035338683e439e,43b7f03ed5651f84a2eabc391308d515f72399a1bcd5c6948a9668e3f84f9bca,train,False
6013,431555c520850a1af0f7ceab66a12ef5727950518617f016d2f416eb709ad93b,64d41259a01d8ea9e4fbd6deff23f428720bd6f97514fa49b32b23c4feb04c4a,train,True
6014,d297fcf8001bb6f920f4aaf7767ba8857b5b81135ef6e27da84765f8697c199e,160a8d06b8d424b74edd7564bc8a433d05abae92e270f9b35c95ffdff7735127,train,True
6015,8b55fd164b0b95332ed457125a1a0e1326bf86df61a81e83a766d254828d589d,e09738f6ba4142b89c4fc5c1f14700564dda72559e7a6c78fc35e2c0e1fef90a,final,False
6016,3a9b18e0f3b8eda4bc8f22ce34503986c48288c706bff86b4943349eef7d27af,e8a7e9ccd753dc6971ce0dafc50e7e3340487735552b10f382b317a983ea2392,train,True
6017,5dca51c46be869f9d1336ee6bacbf2975cf640c5f1b597cfbb8fa9bd98b2bf05,c0219f628030870d8b70e06865afd583c66acc38b52b86d09d8788961582a6c8,final,False
6018,f010e5691b0c81bd49e19e74f93ed3f8e34a71f7c4e798bd87921c3c73f3786b,cf8778619ec6ddef41d477744af77101d28cfb98bfa76f992e82194929228ad3,train,True
6019,34481a35c4a3cd1164801ac6148d48f4218d5fa35c6c2495bd06216c712c582f,a488fc1b525a6910f7472c81f63709a33ed9e416e2a5522b08cb6c568b6778be,train,False
6020,98e953edd69fbc395e29cbca04f20310a211e651ffafeabd2c0e8a05fc484d84,3ad3108dfe345f57cb73adf75202412f33bd051d3c73fddaad35c67cbf48c77d,train,False
6021,97bc06cacac068a97a5fb92985818559e055469c699ee504ec4fe848f7ca89e5,09b4fa60a26af65aa69b643dd343e7442495ef9ace74bca10a6fb3a4a30b919d,train,False
6022,0da354791330206a4ecf4e22682fc86a49362df4b31f29f2f6290faf2d152e56,977006255839cf8f4762cf714c6acb6c3839633b9c4de7a3b67923774a4f0b7a,selection,True
6023,01cf186a22162a9998b2d8141451d8d434a9a9832d115d6c2d37809ebc948002,b13dd560a79b7ca7c03853750e4be43da9ac2317eaabb5e43c6c3e45f858fe9b,train,True
6024,784e13de3f85b07d49b5174c00838c31d38b3e4eb359a8dea782d582c72095cc,50e2fc5d5cfd9c44a79db38132ec1606de6a286d4e29e8b9fca10f2aac68b4de,final,False
6025,60f662d389256524906bc6e4819a2692d4356eaf0e7bc35a1b241e0505a5bfe9,03535181585ed76fddbf08d7c292cf203fa9b068847475283f38f2e3d7d5732e,selection,True
6026,9562d56443bd017da344910c778fe4e728e3fdc5900023513d2402d26eee8370,c22a46bead7ae262874b633893279429bf5290d44438db29296c104349384d81,train,True
6027,5f6ae6b7b7107c39bc59c218a23e4a0eeb195f5bf0b8d9981a68ef4d8ebc2240,d273da794510a16bf54daa2bd050967d721f5189dbba7f6a2bec4534e21c728d,selection,True
6028,8877ab7e3a9bba54f974b1a03c75d0e481d4c522b2daa1bde39116c801211690,78f620b7584d303f04916bf7615bb4e160277809898c58f8a44950b7b6991cda,selection,False
6029,4b06a65116cfdf5f1fd5e3785cda6e13f28e8a95abcb3d113a84855e12746d38,6c9050cda5340c224062f9478a78c8b9f4a2b9ae67fbbdc844f06f1c1c4482e5,train,False
6030,113781ceeeda781522a2693db4fc2d6e79ea4c4804e08e3937764be9020e4259,9523dd34961f6c26c00da26e665dc9c1dd49221304877d9b85819048060f366d,train,True
6031,054be9e8b62e63e97ef4010482ae9b430e5b27f7084ff3d2d248a551ddd04356,b307ff017fdb9ea14d633fa2d190fb72cdcd2002d13ffc101468d37e2b8fa492,train,True
6032,5ce22427f5d63f3a03ec5c839e21472e946b98d2af6d92ec1232ff3eb6043ce1,40c9c73b8f4e98dba67aeadb722a2f49acb9e9bec74307107290de49f14ac9d5,train,True
6033,d73ac8b5c55ee99f19e311c2ba1f9c8b298e12c2141ea28ca94d95ed687c3e83,576c756b0dbecfa3f17eb405981605e2570bc2b0ddd6db23413f0a41b911fb97,selection,False
6034,c60dfd391e9546d41aeda0e5e7323972704e919ec90c537ae3bd8bd1a47da7dc,63a3996d0c446951839fb05de43f564afbd47558702efdbc4a20b5b5fed0aed9,train,False
6035,ae1281a8f1b403db7f9430b54478e317175ca259030b2c87618211ad89551d20,07f134b03ea5bc0f4194945571b5096945ed583e65142a403b461eabdfa54f3a,train,True
6036,35e0349cfa17aea090ebb85c8213e43851d53805d9f7eae138eac1403bec9ab5,e61aa3ca821e9b5eb21fcb70420c51b2b9cddba29974f55938c9a14768c2b7b1,train,True
6037,30bf86d1925c4cd030a9fc042e6d7613a19c92d9c946c775c6c889509985730e,d792b4be6bf0d3a5dcc40f5a4eec92548e009dd61fb901e78eff1894b7eb1173,selection,False
6038,beba2d85da4ce96e94d8ffc32d3744246e24b15130bad5099e959851bfa44725,eea95174ad324a2313c058f9e80a9125bb50d7b8b35d67e2837ab61e45274da9,selection,False
6039,14c3786591843917b0ad44988ea96a1093a459b258639171b8bddd8fe9197d95,dfdcdfa3472c00481984b4e0ad9a2daecdd1279032cc4bc4d408f2843c5ddc4a,train,True
6040,c923f378c4a263200c295b24f2e7446a73e31907d4d6b984b543886cc0679516,9655eb713fda4f55911f0a85bda398b404a98b6f73b5510e60930cd38c3931d0,train,True
6041,24441f482d788508a5dbf14025d53a878a16c7edf0cef49b03f65b51e38cb4ed,b9949076e8e542ec5d844d2893106bce4c3397ba309570dea7db58fd5f61d9a0,final,True
6042,db164ea444ebf702e0061aeeff7b26652b8e5ea75961935983cbfbef9f4a873d,d878291b05e5b47bc08551240a99baac6f3b798b535ade78bdebc6d82607fd9d,train,False
6043,167049e301c6e9e15e9f487a40a51c18de9a44ffe470aa8145fb7ad48e1e6df7,f8aa05f10488ec483bbf4dd5ecfc6be577cbef0d6bb64edb5c468016a3358691,train,True
6044,d8d05331cafafead63f546b14d6c638e39ed11edc3fce64777300a1a9e3bbcc0,44016a9fd99a0173cd98fbc30ac3c991a60c08e1e72bf115b18f36a7e4b517fd,final,True
6045,ab5074cfd45e8ceb8d479d43e127d93468864c42fe837ec4c71afb6ec5586327,55ed0c4cd5bffafa50bdb6df0100276f4af96c3cb0736f8778171e90bef24675,final,True
6046,d7944542abc5a9edef3627f2ca559502d1e41d0de189157b0e0b1e96e0400825,802162eea0b5ba7ac0bf4c4d97f4fab88d9c78c95c7adc5a79e35685b4f6de6e,train,True
6047,1a1b354fafb983e005dd21e8c8c630407ace1c791f3734bab1d269f333f543bb,5ffdd212df79396c45bb671f17f02ea8ac264d2aebb8007c72ca8e165e79f954,train,True
6048,69de845e0f0f189e975f3f54cc2625cf8ea574c338c73919bd56399f38e27a83,2147ac01243ae095b932ed373925bbea93298d7b6f5383376b3b1791162e4ca6,train,True
6049,613fa5f31e32d627801277e940fbce90ca19f03e0e1e8f08f95f16bab186b9de,d5349f5430ead022866f5e625e921e951b503cb35129791b23a66f876f9d232d,train,False
6050,2f11a805b5294dbdfba9342b7126e3312d8842f498ebb86f269f9b4db71dda2c,c9c4b424d2dd51b8cd32b2d367a42ac9ecd2fad4d3d15e35399ca9b0916926eb,train,True
6051,0d68a97d23861a3b2805dad23b5ed01012c1c2524714f3bef71ff7fb7a7bcc33,cc8267b53e9022649cf80cfb185b6655f076e96b9498fbd0f4555c13f210c362,train,False
6052,7603d04688e20827553138ee9b23a05ca5f58b46feeebb279a956c04bb8b9517,6ea011cab4ba32ddb6b69c414f739151eb4f4cdf7614812955d9b786b75c8c77,selection,True
6053,1bb507bf8dbf89be28887dc24f3e4ba01f8d43e0b1a8684acb5fb2f6003632f0,b92df8c32fa24382be8cdd02fa94744dd0a32c882ca02d2efcfd7137c8f1296d,train,True
6054,f8f355ab45aaa08ae1b1e5e95dc36a2f51a4b966605914c3bf06323b79e76809,b7c97b8c89f95c4ed2a172a4d30e8d0757d1b260817b1cc4dfb234972fe003d3,final,True
6055,05c196b9affbb391be74ef286b159765ed8fef25340b9134fc29954fe3029aab,e37e28ea8085f1f136c037f462e24843bbac8dd8e856e31a3a7519dcff8d3325,train,True
6056,a66044eab020699c2d65282dfd150d144f3fd27e808799ac34d449f4bc0a9085,6ac693cc6e4f3dbceaf0f1ee6a78cba7002b86e9ed5f4fbee8ecffb3a96c04de,selection,True
6057,5d4bbdff6ae9d91ce8a6b8542ae73b2dd4a19d056bd9378615cd2a080abd4bda,0c01a04c8ea3c9db29b0cea9676ffaa4582d71f8e9ef352a179d89ec715fca83,final,True
6058,bb7746497c097c3a0e5315cb6ff982346f6216c25d442d68ad73288b6b40ea0d,7e8e26352852f11fce60cffce51cc849ae24b8af13f51bf6e8fe81c43fa1fbb5,selection,True
6059,6ab56bf6ea4a03c159a693bb90a185a0e028944cadef78ca90b8af9f42b4fa67,825db3b6860304802c7233b10033ce0edc0b000d33b7841978fa5b1a46fa9f57,final,False
6060,0218e9d9b2458c0c041440e13d77a1278544593d0f88646058fcad44bac64a8f,9ee5593d840cd57664ecfe9bcd68f32736d1dbd9ebe31ed2f6a75dedd502e0f8,train,False
6061,7997a06cc5f7e2d7f02860f3f7876076b27dd0068e1bb0a035d3899d5a43c5b2,548cb554c076ac988fd584e716c5479412f94e968d9561a1a95aedf9febafe2f,final,False
6062,59740995393d29b8063de4ac919aca8f4dee618cc50ec258fb4d3a3430c4077b,47b877fdca752abdb5da9fd32bfd32b08f699f87a6b6c476ed912c0ee860c47f,final,True
6063,2582399357115b93ff85c3b23236a60526be4838c8e62f9dc8cb94cc3f44c2c3,3bda1a92c033e1b5429730f5276d55da972d57e6ee2ed6e887cb02d3e6a8177f,train,True
6064,54b22c3243b3d042196b970ba0ac574a43ad3aed25d8a3280a0ac715d602fa8b,09243408e1c0b89875bda1b30bcaaaf79ddb9472b4baef7b23ab17821aaed16f,selection,False
6065,00a8aab48f24940fedab05df92665bc60e1656b8ebf27c3c8493c2e9c9cf63a3,132b6196115dba6ba59b3fd5bb12680e13d3eb6cfcea5b050ee4c82897650c37,selection,False
6066,9bd9926d73a0832802a092a4471a51210915af18e0e4574f13e0fe8b4b395357,a677121be5e9c6da9d5816fdb2df1d9cf4bcf911ce547b44856df28f06870188,train,True
6067,466d3986e9576417edc330af910a51730deea051cc068b0d410e6ebacf959bd7,b4ba4535a6c17382c10f9e2090427209383e84893adba82dcbd06c68ed939629,train,True
6068,9ef195ce4370f060cf95632ca5ce6ba5bac520484beb98e5f68037cd5c3c3fdc,da34d2e65f4aeae284dadc4d0059717c6fcb61cd8276e2b6214bf4661c343ab6,final,False
6069,e00d32e59a4b33a7326d72a0d84b7fb32c3bd803a09acb31eb141cf71725b2c3,907ea27c01bdbf85a5fc0f922a092b7780204f554fe4e793537bee7a4d10988d,train,True
6070,d669af2ce7fb004bf3bbbca5186f2b0dbf6712bdd30116908d5714ab8cae35ad,965e5a200e0ecce1edfa3b11c96e49781f15a0645fff4199e899b98997d1d00d,train,True
6071,9b5614b935f3d760b74bf4747bcd7c8fb750da44ec0975d624c853f4464da98e,a48d2dfaf3ffc486fa62d50abf4ddbb5f3f2878c643e9f583bc8753112913158,selection,True
6072,41fb3d0a1d929595a7ad87abe8cb183e02e4b556a1548990723c9ce9e4145bb7,9ed21d0be3057cc25c0077898bfa9da8ed0e4dde8906f0d3b7e3cd06fb6318d3,train,True
6073,16fcc68cb8bd3fb07455ad1ace225b1981a55b1ee2bfcb1da9a82a657c31c491,2639048bf4a05236301f9dae9f613aa41ee1415a50cfebc00a26306f2682426b,train,False
6074,ec165bbe53f98cddb5b6b4e7f7b773a7db6a168a3af3737e72ca09540784fd51,ceef2e3bd5a42d5e07fa5baecb9815516a4d3cde74353899653f04f49de222b6,train,True
6075,a2014b7adb956631cbb9ea7def4e30076ba1c943c82ff8da6fe25a21bcaf3b40,e836d885223dd8dc74766bbd4d62aadeadd632da4b18034bbf7d74c51c25e70f,final,False
6076,0e8fd334e9c1075db90b95d07d805d49de2b96c26633b5b97bac7837e84146ae,3a858f1824250787f127b40dc2852033ba25194348981dd1ff09a60a4b748bfc,selection,False
6077,1444e7ff3a8aa3d88738d6bd6a06b690d65a6421da6702959ff5ae246aed9619,248ca9b9b66949e34ff5a04d2d086c8f94291e7277ca3a0774b2193b0070b6d6,train,False
6078,d2f976473ea3bac0974d11374e5c5f9eb69e8d6f445fe2758ab2394a63644b8b,8496dcddd03f136a78fed922807cdc8f5bbc679a9980400d97e44b89c660b213,train,False
6079,2698589499d6dddc9a1201b704fa31025b9af824ac32ab5c0a0ada870b0929f1,0f9fdf12d3538a162bb0833e5d3cd7ec42847bb894bf43a191734e76e1437d35,train,True
6080,fb17a7baf5e77a7f1ba9a451a4944897625dfa9ff1914dbb083782a3d3c71e5d,11808d087508ff59a7564d2707909db58402eb494a3e52beb4d5add8a82d1045,train,True
6081,fd5f37e7a6aa8bdf9055cec8e0e4fe0c8164f507ad2519e58e8c3884370347f3,62bcc7d2d7077a69c0085f0687510ad1579c63599d4917d6c6f9f44dde32fbb7,selection,False
6082,a45c0ada86856516abde349b136fc0b3b3f5d8f5f027a9bf4aa5118519eed9cd,1a462221cfffe2708e958e1cd10d741a5320e794afffe6f185c25531ae29335d,final,True
6083,4c60977d3edff6d9bd79b5d032df70b97c6a216c228da96dbab4a8b100345c04,7f2c0009d405d53f1ebfa8c5ff3eb64b4cf9c892a2b49c6b7aaabd26cdf0f0fa,train,False
6084,7e626fd684636539e67210ae700568021211d3610439ccf9bc38a59b6e121f97,71117dd5eff3c32be8e68f3599a42e434201c2e5285725a9ecc0ed2ad250293b,selection,True
6085,9222989cc3dc9f0938f95a58adb6074a76a6ad654111377db2372e2637e50d3f,280bae928827d64a2b575f649117c58d46e615a33431ac6e83f39f354462cb76,selection,True
6086,4cfe01e482662f7b44a8b91a7f005d9d3b0e42fd91f84acff50216b493a1d27b,4a88ac6948bae1489d1f5d001a7ffb66764289c6b24ccb9e71660abd99f173a5,selection,True
6087,132d40c9f1f5d6b80a6c1335902b610e6512db7a93d22e04c39212499b3edf9d,fb95c8984390e121781fc1b83e6fe4b7e17c993f1b4df93651efe5b889a2f2b9,train,False
6088,7c80d5551c7dfbe72d3e953db3e22ab9cd65df467c6602d4cde657b7631260a5,2e27bf1f3884c89fd98eaecf592af4c38033f0117389bc9a24f738f572ae6c88,train,True
6089,8f9ac5b7caaaf4f16a31fdb381f62676b58c3622f62afba971042af02de48381,a5e3510c42198abf02c3e44f4fc89365bf2591b4c91c30531756fd82da4f27a9,final,True
6090,cb5e5c8a4b06ca0ea339367ecdd6811c9dd45c37c457ef232f9513894369968a,26be01d26e3b970a364cf7ed7d16fa6802e10895ef5c2a56b498148129e2376a,train,True
6091,19c2f33e0481a90ad04faaaae0585b2a7f3339a07704c65953e165aa6a8cb8d0,b308d81baf0109694ae225a533de89d654cfe092c606bbf93e036b5bb0f01435,train,True
6092,1ee5618556fda4f8961eb96a5fbd1623c776542251631a9c9efb9dce37103d1e,e6b9d548c3cd14fde5fa509651c8e939c8ea288a20d0362ab538b2afd9c37b9d,train,True
6093,08dd1d9543ae23e675980e90c1dc0cde518e8ad4f660dd0d9c101a697ab90bc9,0a055730aafe500de6e74e0082b955df50688997b4fe7256eab7ac4faae02bce,selection,False
6094,5a9df17c24e9c15a4cf53240240af4ebb1ab6e7a193955517fd2129d8af9db13,53e65d7db9bf456d50947cc053bcd44f3901b0826dc31fbd3186670046e2de0d,selection,True
6095,1a1646c6be4d15b9d117023453c53e0eb4fa47f5162f89fbf85d7a8f124b9cdf,eb122037fd3ad70c2d8d486e9a0ab9cdfb9d7488b9b525b8df6424113fde2955,selection,True
6096,a8744784ec473c6147038b2546195578079c57c5dce48e99896297e2543dfa27,39b8f8dbc85d2208c74bed8a028d8bc7baf278c15cf9ff15c45b7d5f2672b431,selection,False
6097,e55db3e44b1dc959426c6374daf1e631a2c0315b8bfdc30d248f87b7ab69b4e1,070e55ad32379b694b021a45b930c9a3433555cad0341be1fc733d2c652a64ab,train,True
6098,7d4ae64a2de011e37cce4fe5b30a358a6270130ceea98938b664f6e86f7333b1,71467a1fe5c0d2b0c43a004dc7bfa3e258d3d6533212cc7d00d07cec7670bdf7,train,True
6099,0badc88fcb92ff76592cde35ea3d19cf617551d6804792e2021aed59d08e89d6,2cd809500c68daee89089530a7bce570605326f2e383bcbcd324b1280f71be28,train,True
6100,0b2dcf63989520c75e799ceb92eb77bcc50248e5066fd13820d14a06786b1072,895b7b10768bb00455997c648b530e4c7223677b8be601f193ef4e25041c0880,selection,True
6101,dd4ad2944f931c0d4949f25236cf060d01f931ea1dabfa6e1ed73c9152615c14,e182fe0482d15e5ff7e5b2b98a64f1379c72017c87f4e4b2afff18a2f2879be4,final,False
6102,9ac93a2ba2d77fc93624cd89aa6667b4ae30741cacf5edd5624b0812619f2b5e,74ca815bf9b0376342d17ff33e97a27cca28d97bc5149bb6823cb452fdc01d21,selection,True
6103,984f36e8db5a467dc6da1ebfa9f775ede62297af9733e1d1d8139c9292bc2bfc,d00eec5f5da991919748a6014a8472daff98504698392380241774ffde3a0c08,train,True
6104,5819866dd9117e0aeb56899087b6e12e162b4e871afaf67b665597bbffa0af2b,78b43804b7aee4e527ade4ffedc8606eeee2d98a2d0f1b14727b2cf227ffbfa4,train,False
6105,22f225d23ca7c819b91116c7c77fa8c6592754e44256a78762f15c5f63e7ddeb,a19663ce29cad384c6c9cef74f07b6c45ee1c02fe3f5b54b9fce0a34e7080365,selection,False
6106,0ff324f59c62ef93294bbd7c341ca8891129f8dfd83bb7607f112080ecb6e880,c279fc2231ba783361e0992d8f331b58861bdac367840cda98ca1d3eb4a1030a,selection,True
6107,3e9332320b1997e2d70f4690a62810093e1eabc21ddbe244259f21f950f0fd04,9096b287ac850bdd7236d50c3140388a125f02f41dd536c33e8a36ff56ff7780,final,False
6108,1a8e5153801bc6f600086dc419937009387141e100aefa952aa669a325dd2191,bd7a193defe60a0f1f3eb6f10e2eccb4dc66ca8213201f2a982a0aee4bff4206,selection,True
6109,fa297bd18831978aed4d77c76d53450c7428a8fbc277b57dc7db4cbc3137a6ef,da87bed9ed8168b961738a338b7ee1106dab21951b8f5bf80e32b78c7195271e,train,True
6110,debb74003a13583752de619c6027e305a6cbb5b64a3d21cf82fc4f2b54143680,b7e2b0f80f2f4cdb3f3e5e06f0272767db2d63fed44a978fd1dcb35cdd1f7e05,train,False
6111,49264d247134e84450a4c1303fdbadf580b8e6f01980637f56e7946eb5ad4ca7,84d29263b26f4ff452b9949a88a519d1cc22e0ce1a450737ed57eccee8e551bb,train,True
6112,b12d5232352bb3368b142b88f8e6d06621bd01ad196b133dd5ec6f99ab0ebe1e,bfbe7a01bbcf16c2c39ad58b58387c735b8499b0209b8474370d2755fbd1ec06,train,False
6113,8bd1149b01adb0b75b1f353df2715db20a3e28e27f062e3d943655b133aa9d28,8bfe11ff75af4ca92d10c4fde44d963b8b026bf9eacbef30536c2b0d3b35ef44,selection,True
6114,1ce537e4ba25ea99b757d3ffffabaec27f30d65d515088e946dc7b61c819a894,06fc59d9ca8ede78cf192b1deda80bbc8c1cf62add4bc9b17a3507bd427768fb,train,False
6115,368215bbcf0c2db5e3757ab4f6b8913d15d86e7840d5b7bf69eddf908c43f6bd,1a2e6d60b6e0e3d4e8c16560a667883f8db6845811a6546c895c53ed64e0a610,final,False
6116,08861a7a14bc5be2e7d7b1835da59e4d09627f2d5246f87d409b3508e9530f18,fce48bfa0e7b69996fd90abe2dabd880aa149226bb88723bc37bc2573e379157,train,True
6117,7ba798afadc2e74999711a31d85545f0dfba2789b18f596ad69670efccc6d79e,0bfb05ea7ce3cbaa231bfb8c450ffa0922551c785ee3d2aabc22f432d57fb742,final,True
6118,68a013170f85659bb9e3ecedc42d8f4db0ae9b6e22039c4f3cbbe3da6766e777,5a5edf25fe537895e43b6775b02a679720f33d604c51263b78d6681e4d80dc3d,selection,True
6119,10e95660a4aca4dbb44e40c4fb90d9f968c47e7d8960856ffb39b1c410b6e020,759a8237389873b348be491c3f0d800d71400fab7f17f7d14865da34b390416d,final,True
6120,c9ba2b194cc9ccff6a13c6ddc4b54946dbe4ab23cba7a885fbdac9300e4586e7,4125d14a6c98fa8555d047486d6971fe35c91cb4b57ff2cf9dc994e9fc7c81c0,train,False
6121,25104a27308b4515311ebf57b938b368c968c2a1442052df96b94a53b2f0e69e,7785220980f94b9ec5fc9426b3d0e9949b5ec524ed37205fcd285591790a91f8,final,False
6122,3a949faa0bcb49c60bcc891ef213f1a6818c203456eca219f00fab9e19b1e2a3,684e801da005e91fb68efe0278dd237fd5fd018e010c2f80ce05a46ddc4a8e05,train,True
6123,55146f80661a6bfd4c4ce7eeda0923d201ee982de114dec4f501a47ea9e3210c,c18af57231a9f6fb959da0d6e1783cffc456b1e1c53e5e25f8bd0b97697cc6b3,train,True
6124,e378e65d8497f0e57d1f8c778f7dc87f1ed601d31dd65900b10ba93013bd67d7,ee0ac5979784775b09a75024e1820b4bb3d4bdf7945bb6cea68cc14bdc21eb3e,train,False
6125,a2f748e6acb3e3c02633ca42d2461bafa8e06f626349af42906254d20dc21301,1e9c85cda06523433f9bd5a6f08fa112b339c00e8ef04e5a89ebed03501f37b8,train,True
6126,672e8eb3b6bd153f52c1bf32db2f61a8500a87bf0a90840c5d583629571af8e0,0ba3e4644281648756e3d0ad5dab324ebd04a8a8ca87b3dfadc0a1d2e6019fe5,final,False
6127,89bb3bfd50c6444d2cd546a7acd2f2113f1e14326cce73d0f3825141b74106a5,18a288f56a825024ffa03acaab718ccaff6545f28950fd7c2aa52298d2a4cd74,train,True
6128,ed81d3a92e945a8a03268620f21d6226c1f7a5fa4358b7385510b03f2def1e48,e9171244790e0120d49ca8ca8c5a45d4c82d8d46eb4c50c60871170e9c7bb3dd,train,True
6129,4234f42bec550f3eda0694f42b82e6e219212d6b18241da984a4c4046ec9d072,34a94c9ef8bfa883845abbc09a0acff8612680d046b24dcd04bd13648929c85c,final,True
6130,7e68b28d0dc6ab3046c1474c4836eec24c54e456e13c8668eb2a6a17aaefcdc4,0d6348ad037f6e8685c725ac8a493a60bb051878d8800817417303547d78d859,selection,False
6131,e80c07e1d9480bd6d1eeaae97b2f117939170b7221101c5bad9f9ffb5ffa1a74,f5e2def6a11c18382be3c7dfb2a471fb6578654f484d305fc60f830e5b835b15,selection,False
6132,3cff7f8948b94ed9f6d5019ba4b8b8e96f9bb9d3fce4ef70c319dc2b9b7b85b3,5fc75e30e2e6fa7b8255fe6f8fb304228d9469bb08f86bf8a0fd1dcbddf7aa36,selection,False
6133,0d71ef001539d3849cddbb5e6804b0a75c704a35ed8c03b3571a23bb96fd4735,96205fce5bc9dc69efdd55e5f9e0d5780f6082653eea0cf5dbc78e15db241b01,train,False
6134,53c818f092dd67ac0e3bbd0dccb51bf0d97d8b8900906055a9eeac00ec102b59,910d81b6d687afd2d040ebf00eff147a628824a9f7ed494590e6cf671c08ec47,train,True
6135,a1bdced85b79ee37a76b434a3a8671f3d8cedb401080be7fdbba8e8c9bf6fd39,4a7afd2b293b8391418ecac2d649e184106344ff8d08107f4c46d6555a152855,train,False
6136,49233f8909c6be2574db22da5093e0c15c428870244472faac4b9a873221cff4,37947f69ea3e4708f2593b9583bb181f84bbbea1b5b3d591f1f4411e66989240,selection,False
6137,cb8db8b4709be6ba65a9792d45f8b2ed322e1b85edae4f06e391c04a8a785ca7,8792f544ca55b3b41ca4e8f81dc3997f55d031c771ddfd146549d48ae637c808,final,False
6138,4637a08ac7769ebc454065db4127b142277a360070f3f71f91492d9d9c6de7eb,ad3d9facd4f19ac6de6ede2c8c7cbbf7c704651e858ffd38b81bac228c22a229,selection,True
6139,e7dccac2986a91e7e3c9097b81dcf4918cd013837c9a5bf8a1acada721b55d72,ec474398c0e20b6c7ee3f4c740481fafcd2447aa4bb4b894bd6ed308dc8be66d,train,False
6140,52b1df7e4a03eb9d3ffd9d561ad2d5e5ffc2a5279521787a20fb3cbc9af60221,dd79cd3dfde180090fd0a031bb2555dc36ead18bdc7a1e3f31638dfcbaeddfd7,train,False
6141,c71e0ea4d8807afb614d86c1ef4ef07daf7c4bb30b0c149d65e4c8eae4ed6b15,2503d48d3f0885fc43c03336182daa2a968247ef3916ce6515db2b7726697f30,selection,True
6142,a0d1ef8ac22690219c020cc0bf7dab6719e753e6ef474a777b30ed55ddb85cf2,1bfdfd63247569655fc1defc8a9718addea569b2d8688fc078dd4fd33014e06f,final,False
6143,8fc07a503040d3914482f1751c9295f901b71290e525aa7a6c1de952b86bd3f9,c7f02ab68d13b147da86504b9ca2ca16cb31021ff14cce20dff627a5384432ff,train,False
6144,25d789516fcbca581972d367671e7d9bc40d2b9e51d5d2aa5a0811e833b6f7d8,8ed9dc61100ec6f2063ea54b39073b51a1c9bfaca12b38ab0b42c7e4eb64ce7f,train,False
6145,08f5ce33c592d1feebed040371def17bde6ab26d592219db8f48bbc75db1befb,aeb2633e91af89ea34257d039a59c5fcfd3431da49ba8eba91ec0385c126c52f,selection,True
6146,7addd4fe005f3124fe60faee4f7b6f01f4b2273eb3d07ed05dc34b4890ef0335,fc3d865fdead7e223a0cb0f3b239b0a3d978648b5c47003734e620d395979c27,train,False
6147,2f412818265d0eb9c05b49f0d2d540a354d43f418dc13abbc08b11778cea9fe5,f15c5efbcc1a48b807555d3ecc5e4509a8d49ba932bd26075cf9a74548efcccd,selection,True
6148,fcc30149876973d5f2b6704c42e03cbd3f734d1d143c834a1c4bd96181eb31ed,3a8427bb34e1d806e376a0eae12ec022c5163581be9371e8a08e41a72acad5be,train,True
6149,619bcfb77505d88a475973dbe7b552f38711a6206fc82b171699b5178a2e26cc,5d197d3f463347f8e96a6ad5ba4d6bc8e0f75698162b7df06c41a23e8382db60,train,True
6150,86d74fb7e8122b0cbc43aec7bdb1f860feabb63e049976c0a807c5bce81e6bd0,b8fc61a3bf04fb3165850b62d4add773695d09515f052bcebd836077c0349ca7,final,False
6151,d75c3aad86ed3760e304e7a48082c372dacb7fb54ddc821d9337f92682f7ba8d,60c386328e900be8bb97c6d6548746c5536f2f3ba143e71e2e38732d732f1be1,train,True
6152,69a92edc5b05992167faeae1a522cf0fe22b4695a66c98cf86ad3530f9e04f91,089c19729a6c8c942bca1e7954dfcbb1245c62762b3d7d7a119671a9ae902fb1,selection,False
6153,293789767383f0b48db5215db3dd9237d96a6996ae4ca9f1275db4f7b6276302,f62b67cf71551c607379e944f7f14ca6bee75d443ed8c7192c0e884aac6f48f5,train,True
6154,d54f0232a66771c8c14b1c4e0ab75dbea06f6aa39645b281b5b1a7fa04bef773,d421df0023d624a512842739ce17f01841f1b6cecccfa426a2927f07109d9c9a,train,True
6155,8dd82a7f07c1290b858bb40960a1bda4df3cbf90bc182a7d48ede2615f77c2e3,e03c051525c856836f4df6f659b78f0370d9e9296b424c71b3cde040c84d2ebe,selection,False
6156,6ac55275b96135d35679739c39b13f3876bb3aba49c61015ae05297d719c58c7,63af41531098044d2e0d30a1986b8fb07bf1a0025f7b067ab03f821f24e9d1b3,final,True
6157,dea7415c9917da0ccdec29fdd0443018473f0c373be099fd23e2273ae2be88f6,53a76b8a6b3b77b023398e935e1b135ec6284e978fca70a1d678be8de58efb60,final,False
6158,b10cf221a1665e4749357674b55a7b22b577f536cc0330633fac7cdb04deb154,4298d05eae8c9ec7816800179b642c1fd9fb7a80819e4cd84efe1e9d9cb24ef8,final,True
6159,b82571328b5532f017a9f52511578c9cff276abb0ae6de5245942a28452bad79,dc1cf0ad27e7a8d1e362f8888c509d7fcee72f8053282ad20d26c36e092758f8,selection,False
6160,c659b1d2cbdd190ea4720d80b049ca2e725bf81a7fa299658737e6c01ccfe347,cf68bad3dab0060cb42130d88c223aeb10809f4e5d202338b6f6e5c8a5969c49,selection,False
6161,7a2a919026ee712432105d3731023616782b2fc4c37cd22841554e3238dcf7a7,7a7a161274328146da19e8e6169db36cfa7568fab4fe4033c340a4ebf41eb7f1,final,True
6162,fecf7b9c2dcd3232ca9295494c1085f55e84b861dc1c83ebaa23b2ac82ca71c4,682d80b7529bbbeb54af2e41e4ea5e2edd3c184dcc567438fabf785f4a658efc,selection,True
6163,eee9f838aabc8af70f4cd7423867f556d6d922a21bf7bc15d85bdb9b469cf8df,0d7aaa1c623d63bccae8a89bed731a5226ad86f1799e573bf56e2a0ce60eacad,train,True
6164,f010bd1abdbe769aa66d61b77ab97221f6e0ab3b73083d8e05f86de8b92056d1,4c9e1545aa3b17b8dc2999bb1646a8072d4185aec89acf2b45b4df8781334fb7,final,False
6165,9317232a30911624eb507a01c97e6a369e3f927e0797d51256a403cdb2dae575,2e044ab2982f24c1528622ec63bd6288bd13931cd300b4b9b0a2ccf838cf551f,final,True
6166,53f462c9b23ada00573b5c8f727e8977ecca96092caee5fbb8ed7812a1800ed9,a4642821724cc60e2347bf638660e85205918c19169c00db3dd76b1c894eb2bd,train,True
6167,8cb4ea1d004644d79730c2b7a08bdf3b5d688f206ba3a22702a87e32d82e5b60,d1ed765893112dc82ad24cd39246618601104f86290cef7f3fd23f7b348f46e5,final,False
6168,c068d045a4378ef59ee2e8fb57b80596b67de8a183797c04480c6bfd6a44081f,7c3f180bc653f53a2d96dd0a7afc53185b1f01e1c8a311bf48d205464a66b70e,train,True
6169,20fcb7aedda43d3cfc9b9c8444a916022d5ed5578d1b76757f1692325621b324,f306ee8ca3d201e94a5836ea9ccb24a9d2bf28ba7f6091bfc3b98a38639d9283,train,True
6170,adb567207a90653ffff45ecb99baff70d70a75bfcf86522e52fc38e530d0298d,dc18c402d03625a23df1a76b99513f97a32b18f2397bcd8c02f068665df22c44,train,True
6171,471d8b5e0ba8ffe3c1193ebab68ec43be1d7832a6570dbcd708aff722e813dab,b0b4402bd88b99c07e324422153bd31073dae6047156248fcc5ee9301ebfc7f8,selection,False
6172,60b653e86e0e3873d3d85388fbe14a74855ab11dc4e3f5e0761c6ae36bbb91a7,789dd57507753a1c6aa27ef51e7198819df1f611600f3194c7fb9bafdb66f1bb,final,True
6173,13727c1a347c310dee03717915a2ea1135b3b01c0a9ad0384d45c4ed438e3b22,3a2f7177e2df727bf95d1d921480569153202d60f959bc1938c61a6da2c21808,train,True
6174,9a85f3bf76b8339e606ded7274b32f0bbb5adde0bf29fe8f9de8d80cddeb8f08,e181567cbbdd53f1b98ba06b948eb397cea691f720689bfd9b9e9ff0e3604f3f,final,False
6175,de5d8d7b75339451c5c03a3c06d522c84c37acf6068c269f7cc8c8c2ea99cdd0,2f89d79dfb0e5a483a1d3c5c45c48d5e6b5d538618664d4c67067892ed89f927,train,False
6176,62f970c99b37f0c0512d4f96ea437f08ed1dabfae8d8aeb6f5a3c049c1ab1d7c,0446c4e6cb7b9e932207473f7ee80d46f93a6f3e79b7090934dfa7a403a248aa,train,True
6177,ef25a66563b62b8d865ca7aab9d4982d73279dc785e0ecd2a80cc83f95fb3992,91d29f479b5408b7cd3520dd1864ce6dd88794d1085547f376e74640bf1e9dc9,final,False
6178,1054926389982042819ea038930ec94b4722a4f089976d0f48d0ed642e36263f,b6e3627f20256a66af23928ce890bc5dc209311cc0a53beaab89d92c7305310b,final,True
6179,7ea819eb158e048b66e5f41620b00d73c14a14689de28a2f08a4deb752ab3964,4151e42e3a39141edb6668989f1bc857fcd91967d4a5f02734217467769a49b7,train,True
6180,9397524b8550a9860d56349c8a120fc08562b0a0efb568804db2d9d362f062a6,bbd0d916bf580a8db004138f405ff39a7925a83e8caf66515016ed61befedec2,selection,True
6181,9ffc8085a2989a603ed5588334d779030a6e6ad77f2720769d5a8d361a026178,76d787735c888463b3fd677ef341e2420534f15901d89caf41539a4eef218c27,train,False
6182,88168138edd2394aa3adf950e3f6af904756981e4239f0245d23e6b3183a2d85,b8b7fcf7a619fd76df0e1778bb56c24c60baf22e3438b7686d149dfc75050e06,train,True
6183,73e5cd750865a549602ae4bdfc0c106f2895baa945f22ffd4901869f17893d70,46c322dd5853ff03c55088ce4b0b12df73e4fdb8fa82ef452a9808d5a0d2f9ce,train,True
6184,83a4f7329077363d21b6ca9513df0da10fdee378f231c976a2005bee63fc67d3,f86bc3f3f52213eb9d7a032b092876a0d0c3b6187e2bde1a16d1dff838142f96,selection,True
6185,44e1e11d146dba5fac8317aa16586a78a475dd86411c2e0157862a769353972d,bfff9ffe725b6a824022da97901b4fa25241125880f55b2bfb94b3976183f26f,train,True
6186,3af77e2d1ffbbd237d4f8ca2344f3f76376b1af4c9853491de94b6e4f2f3fb5e,9ac0632c3bc27eab2fab306b605962fe485aff5f8507c1ddee695719409b0864,selection,False
6187,e3754be8ae3ff977b5fb1ccb48d17a0287a3f4647c34f6b8f115d58d21b962de,7e9cfc92653594bf01134284e1733b1c75d664f19efb332ecdb25cbeca6d02b0,selection,False
6188,06e19df9b4aad57a2c38c8748a293e38e8eb39c9b3b0674ab2c28177db57d9fd,a1e5d56d08c67771050bf19aced5a4f32887fa1439cbbe56222dd2d23f30ad13,train,False
6189,5c19c21fb16bdcb169b4b3644c7d85e21891855b89311db18139628bdcc0daa6,992a14537daf1c580d1886fed9ccb6e1e4c9a9fde6b73c78cb462322bc0fd22b,train,True
6190,598344f7cf92678a3375212c19f090acfe759af3393dc59d406e32d68fb1f74b,ed8146ba7a487879dc63f450c1fe49a7c007a20981b91846829450b005689abe,final,True
6191,0a97d01277a3878f56f2ad897da5a6c47f42f4975be3dc3d2c3e70cd49475a90,36d49e4627561a561537fa69923205218ae0d76a88956b9a7da7d92aaf303ce2,train,False
6192,1bbc5c8b5de2cfb36c3e610d8983434df7a280be7f3a10037a0be4c02af948ae,1adadb0121c53d52c1ae667907190a88f04055c8ba707bcaa9c0ac181f3ba74f,final,True
6193,87216aaaff1812d3afdcffc67a57f3ad69b3755b16d767db710b8508c5bb3ff9,16d845d65cb74b247922b599239818da50db821936b2041ca138b3dec26ed3e8,selection,False
6194,2a70638c5d0525793683cc54b6c32143cf303b9580d986ae67d3c0280bbf62e5,16e1abaea1412d0e97a8721de339e818866d3a229bc6473b7f6d06913aa64c57,train,True
6195,dda56ec946b706815ff09a17541b83b1356c710e6cd269ce3a817314477ed2b6,e5f0d1d09fdc15b74b1c531032bea76f9861bbbd353ba848cefd18f3e8668122,final,False
6196,66a6ea7987eb88f05928d90b173f27568804cfbf4928a0c7732fd90c7b70729a,de1396cb9a92475a2760e10476d97c1cc8c388b70fc3ddb18ec15e210a0d226a,train,False
6197,9ef0a8971eda1c2d3f120e63db49817fc6b725d1bda6bb4db6d1308e775927e1,d4d75e1a75633888c03a14448d85a948da25bcbe904f05334b9c8ce68eddf0c1,selection,True
6198,302ccab797d09f76a6701c501841cc3eb56247c1fb271638562b15511bd26cc0,f78f0becdd1460819a9abd0ecef9a1e0bfac3e3a9d2b855b3dfd73b35d957486,final,False
6199,db9b38bc01a55a6e814759bdba1099bee29cf30553951a853f513da7c967bb8d,9547da546205f53ec69e1e50b7338ff192507c6140b3d4cf4263a04945536aa3,train,True
6200,2c3039e6fcc4b352ee51056926577447b0a63bb7db0bdaa009328b3d3d9a04d4,a8edc3b8dfa7b901062869a0dd556720166001a10ca091fb29f02972879dca30,selection,False
6201,049350b4cd304e4f25df1530c26b2121068b60f79b6e7be7a4ea5d7c86f0b65a,2d76d8bf30e3301d39a9a5f335b9050df8b39884ef44acc6aac56c4d010f6daf,selection,True
6202,8cc268edd51f764265ac539d6a1b81575c0ff4f400c2652493fd35f57b663438,08bd1960ffc40ff9f482209bf9770d93fbaf755968ea429612ffddcc94f7e840,train,True
6203,5a5b91a6b3c832154d9020f9111c6ff7104b017bde3ac8dc5ac8fee7f049ebdb,9878209e09d4f7eedecc02bd35c7023607389c3b3f476b032cbae26f782a6cbc,train,False
6204,fe16169af7e368a248fc7606b179c8091e93ecc665aa561d321b325673d7714f,5c727372fb4b9906cc526d1c39e7e5f54682ed120831acacf42e64fb5ef161eb,final,True
6205,c3615bc34bea34b8b67fcb0ea094b401749d8105a811be54d7f52777469adbbe,4dbb723da426cbec71c10ea0afd8e7cc5d34638adb01ba36b89f67641899c66b,train,True
6206,4221933cfb15e868f32d7382c8902e140f99944d0cd5eadfbc0fa9f6863e18f7,bbf336c77e817ab500b56ab95bd4ee359dbb47b5599cd5430b0e7a3cbe7540ec,train,True
6207,8e9c200be17bcf4fe35a04e54ead7a0062919648b6b7ba0d6d7d88b611542b82,8203a24dd864a030dcd55d9f795084dbcc60ff9e4f76cf088471d270a49382f3,train,True
6208,bb5b98bf10a587b44582fec44932c0dbcef1c2d3e3bcf135237d1c4c16aa8e8a,017e7f1aaa95d0cc3892f8fec29e0070bdc60707825c18c6482426351e50839a,train,False
6209,7f445189458d345d192de40b3a5cce9264b0d9e20821d123b1132a601ae5498c,12a4a00f6433ae1aeb7b577b0e9cead912f0b0426af86070de4145bb6912c4b5,train,True
6210,1556807dc4020dacc5a99063e671993f5ace5ae767d96a8d59f79f573822116c,52c7b34fc534d1400f8ac71bae7c2dcd5d424761c2b5d0252d322c723844eb44,train,True
6211,d7d3d6fdb0c36861d5176005a575cb7e53c6640dd3e04822467b7693da569409,19b776d54ef1aa109ba85b21bf7766a81219baa9a9c283833f1f3c0f0fc8d47f,train,False
6212,9d12eda5a4c43f4c913582e21d3d013706602a4a228e93f783b243998db368b1,a3242d3812d1cae68413712d4daee3bbe97ccc2db9c514d5153b358e10380c42,train,False
6213,b11be2847719de9608119c684ce00cee3164f3b6c1970c88032bdcd3e3582fd8,7dd94c249b97b422ccb5b139e0ba716985bdbf9711d75c3ec3196bdd44c0019b,selection,False
6214,cb003153aa9d963e196f334665feea0027170dea42fa3b85bbb0c1227cec7aad,420674cfd49a4a7bacfad59adb21c23cb92d6d7cdbd7cca7f9c8d68375b05fdf,train,True
6215,40c01d0453a7913cab21eb66d06ceea5bb333cc92eb4eb2687caf4ababc91023,9558e39de105c8f09ab854694ffbec48e3454f25661ec56dc87d5d6eda240fbe,selection,False
6216,26a82ef07c7ef92050e0099b6768d1875a40feaa83740765fffddff2fb43c5f8,5ebbb25bfa4b7ab95fc822bf7a7de5594bb61d37b92aae49ce4ff9bcf2b20481,train,True
6217,511295dfe8422df6ac77c684cffa6fd82fdf354a6b016f8f633c389075024615,fef3e16c77669cdaaeb76690b36c4b4218d919a15d8c914724d011c161d4c5af,train,False
6218,afc76ad9c9bee3e710fe934a5632cab8305cbd33960bcb510b8bde267b9705a8,274acbb87fd2eccff7ad268860c118653952d7a19d75e27252af4c645ca7c217,train,True
6219,2a5d087daa9a07b01c8c775fef55aa70a1c8a323ab831db534d4718f24f9cca2,ca392a4bc1b36e7597756d52d24847bb320099b32ac7cbf48cd3bb8ae0a15ca9,train,False
6220,98972e573265dbaef3257f2170b19f2ae5305c9d3bc9cbd0d3d91ccc1b09a5d2,f1f793e9d10837cd602f73473e54d1eff7fdb41d6cc5e760e2da07f5ab22cc88,train,False
6221,32023df705aa65e5c573412c956f19a67f91b6839b8ad2538d1abfd82561ebe3,32a70442327417adccf39ee1472698a463b9a29b3144bf6aead20f812b7c3bc1,train,True
6222,a7d778dde951d2b92139f781c8c457d117de6493abfd1cd92605c39b142154a0,45f703e1ee0111c638ca4a19eeafed11fcb37bb95caa2693007455292acd83ac,final,True
6223,c4905458c1e1501477b26f7b381c1522be4f5682149fe4eef6db45babb2317fc,e33c376258f9e25f948195a721bfc2e9b3c69887e3a9682d583e81664e676966,selection,True
6224,daa12d34776c2ad434121ea5fe18756e516b8276823340b9be809421f2c0f7fd,bbf874fd41b2a784e09846238df3b434f1b215efdc82093e0995a00b3d0413d3,final,True
6225,c4e690a23f7dd619878746a0e0bf8d1745e59ad66e05ceca699f779e171c3c30,dba3a06640af39b3d85ceff53a51c5eb264702aa5fc2f89adac47965c82368f2,final,True
6226,db891105321c9f48c1d78634123318de5f9732513344b60bf69794d164a5e335,3e6eb02fd6df68c56cc8df0b120cbec81a7c1087ffafd3d6a376b8ff16ae3505,final,True
6227,edf45b8a64ef25ca9a3d4abc36a8fec47d42241395f52836f6bd83c3d17a1c79,78f885f6fff488bfd01d0528c6f150b83de1ae95e5df1d51bba5d95f679714af,train,True
6228,e7e95caafa4f81d2ea4adf6562d1dba776d5cf47ca0730d9f470ced4fe501bd7,1d8a04033d42c646118177ce7bd6b219cd170d6f59c2a09ee00543716dcfebdd,final,True
6229,634bbca1d870c376e13bb3c5aa253d4755e0fec70a3f3fa50588f05a28ba9e41,9b343d5c25eb0b74b13a14b41c683c9fd47193675bc1f0deb7ab3bbc017b28dd,train,False
6230,07d81433f8c17c4a86a8bdf3111a4b9ae04cd132053a08cbba2feeab2603cfd7,1e0139a5f7eeeb639ce3e2f89565bb7951922e91b3ad2f40e16a3858a7825ce4,final,False
6231,b0591d471fab2a5f6450f2c47d342709387a9585d55ff2c062e52eca3b3bb999,0b0c6190ccd316a905d63cf915d854fec73316ae6a420a5af10772f342fc4ca0,train,False
6232,f1b63ab8d83653c778170ac92cae86ef5a5c29389aca2980b154e8780578cc00,cf9db2914e336d3f87b502ac2276cca8515704ec296aa0a4fb3d53adc0e7fa03,train,False
6233,47978fe94fcd3038aaeb8534d326c15cf79c3e32736e13adf5fce82f06afdaee,67c5049db5887dc4113e5e144f0edeb31b24c546ca0bf37e57df726944bdcaed,train,True
6234,2cf7f51dcd5ed7e100ec456ed741e3186063fd9232174be5baaa3df200da8ccc,2861277d88cc6d1936fd6fb9842cd5e750662b2f29ef831f3b66c2168c941ff0,train,True
6235,96e3715f1b20baec948748797fb87559b487169d74b67e4a3a5fd6b668c38299,bc8415eb4a7b7c7dcdcff2aee4ac5ca29b23b3cdb0fdfa1530c03ff2b0d61379,final,True
6236,8b28f683f40cd7143ec429a4bd1be478b04cfb256f1e14a9ffef3ea3ebe46b6c,5cfc6b6aecca6154702b4d150c920eff2453aabe32541057d18fed389f557ad7,train,True
6237,df5a225d89b10f5f299b94c518b15d90b5d2722c72f85c277e31de212218df4b,1ebf732c6e769c1105b6ad7227016d52a953a4d8dda56f27c552436811fe57c1,final,True
6238,65dd2eb0d70f1585dcb9c8692d5b026e85b65e3865d50425d22f12a5a8d29cac,ad4791e6feaec19010560c351092d7c757ac9247f56aacad4136c9cc9ece9494,train,False
6239,fa9be2641f5e10efbfc564169895d8cab3e181fd7f5f0350be4b7db8cba5ba09,f29318bd1235487597450024042ff6ea44babc9f05b47abe1ae86971992e40fb,train,False
6240,507e488f3fc4fbb871968e5ee9ec3b5d5d7247668e141f064894981318e0096b,15b6c8a571c530753ce9ca1b882c52e79fe14f3c7a05249115ba241298d9c297,train,True
6241,684dfa639e21402a6835dc5df40419c51717793c04fad038c4f673f4c0a4a671,fb1a1850e977520737b2e1c41d9216dac410fc5297f8d24b58cfc2a0fbfd63f7,train,False
6242,9d4c2620a50adab8f15d98677f8b9f560a2c06d59b8765348d79f6eb4d4e643c,496479618dbedbe9cde158b80049d001715ba3ecb45925ac0949737611cba48d,final,True
6243,174668ce6eaba015a82fa9cea63b1ecd2454ed2fc65417b51070f840b76635da,544a996d9dfb3e9181d423a5bc8133456692f74fc8eda0add79b5feadf9eee0a,train,False
6244,21a295a66d9a99b1702505ea5b7ac95a65cc4644453fd483ed096dbe63381647,450c313fc5fdb141d8146ae72621b39cd8052f38a2fe94a5b27573f8d14fd064,selection,False
6245,61152bd664bf8e8cceab22bb13a82934399bf11fb66ab5741775ce3f041c87ad,5d4997fccddd063831c29db9ff3679fc84c1bda48d481cda6e207b2a5722378e,train,True
6246,85cdf12bdb129236f56f3ca10c6f65ca37cae5715af8e3b0c173d4cb81853a35,93a5bd21fc6c6bae011d3dfcbe29b6527559b548593a701606f5ee45e8765e2d,final,False
6247,aca0802a81b3b6d35434054da6c1dd112c4e17f77dc9526d11dbde3a0474428c,22cbdb02426a107969ec2aa4ffb955de54c141977c938f910c95e66f54e52126,train,True
6248,ab6726f405d26828a6ebd9f7a10ae5a655312de067ad47e87993a9d48517e82a,573d82c78627319ec5f78f4694c973fd3a80112ad1c9053b5dd0a1152c2f02a9,train,True
6249,e89edd2c280e30f84045905673586c683f25ea97dadb740501a4ca18c4e2efc4,c74e05e638622e869227a33ba86cd0456d2136f5f1ffb39f8345eed078d65150,train,True
6250,4904d184c4f4df866f7c2746b3efc8b826f4f0ab89bdbb2f14b3ccb76c59b478,56dc7f6f1aa1ebfa51ecb7c8b698116d73a9465b895a62501af9d22cebe5e506,final,False
6251,b2918a1d188c1c23aeb9aabe2dfc8574e7b02693e2e0aadb8b9992821e876260,033cefa2effeac93bca5fc949fea5c1bcd7b66af2933c5de592549a96ad76fa2,train,True
6252,3eac8ec68e89ef072579b6076142a2ab9ce2e6870c5c50c68afca87fedce0366,17552110b21f660278507b27b508c695b468b1bec980b34804a0cdb043cfb8a1,train,True
6253,d36c31c95b07c6e76e95f972ae03fd2f98b9a4d59f158aecef6ebd2a5578eb6f,629421344d4043f7b4b193e1ad224f15f04beb8e82460e0999626c6daeefb26c,train,True
6254,7d65b3b289671245f0a8fbc0882bca2fdbe97053800c44ba3032b52fcf97dda5,b8a035ed322fcfc38b7f8f42152eba29f12a6c3a8119be6ad314878ceea82cde,selection,True
6255,db59e42a4a49dda101688d1237c960e9e7d87ebaa88c4f87bd8293c33c04e870,0d1bdd8756917f3011cdf6e9f8ad8dd1ea3e132f84e355a3f8f5788e9f67485c,train,True
6256,177f67ffe80f4bbae6dbc3240cabe41b35b9fe9bcfddb4f54100d0f363d009aa,6b292877560b5bb48964ef5aff8cae5494d1ea646ad60b0e968494e537ee6789,train,True
6257,2eca0848f96e3cfeca1f3367bd89de6e4ffb6491db60f06cec7e96713f82e62f,260b2ba255f47fa5c1b3bc103f28dc7f5ae2161eb59d2a38a0ea34884dd17626,train,False
6258,5d82c403eec8b637f020a06b900463f9436d5152c59910d4dfbbe571eb54bce8,97285d0b70ac4a186b8f17faf917e99e7efc6474de810c6e262a8d2655d7c383,train,True
6259,faad998637d3ffdd771a11e427e835698cb7db87a5b31cebc087c017e75486a9,e50d222b2f090c54a6ca2541a1fa36f29e390713243e2d17561f7c96ae5ad562,train,False
6260,407f653689c56b767a26f73a5f0032f0d0fef8a61f64e4394f4fa02eab2e2945,8752c71f604086affb2c88e83eee757760819a40ca69b1664fa7edbb8d46dfd5,train,False
6261,4b05ea8ef7f8a52069eb8f32d72d153338c8ec1d9e8e244f23e3b725ed200a16,7f7904dac35ad06923af10e21faa23c6a0c49080d1df4149a8f90f552a9f2f6b,final,False
6262,8fff764d743947f97b3c8c870c87a824b9c7de4650c77c733e56602540153085,d7e7688083d42f28a46b397cbacc1926fedcd236ae04c21c9b49488d911dd730,train,True
6263,5a8749d7239c9e23978a1b99d04e47388eb48a8ed3cdd69cd96c62d8a76ab721,adb1ddc8c7f24b91a6e68fc2dbf1b78b994f6e7a649aef69d218707f974ea64e,train,False
6264,cb1c9553b4dbbc76f44fc36d9e7b39bef0268f0de539cfe3ec57d0dd7cb0a521,ab500b2d031c22bb64d42111096303f14184e80523025f9e9ad40a93b2837ca8,train,False
6265,a6da1de66ec1c51268f6a74f39c1f59466b43efb9a7b4b1237c696049f2ea8f7,f3d2615b891c22c39b5de5318cbf1fd75fee68a3996bba202006442c4e1e31fd,train,True
6266,4f61caeef1d581e345e5c2c30ef0a56d0b38395a86fc0f9a8d0d73acb1d8a507,d7e7ac91396a266dcc079ba342de4be720a132e3fc94779ed737b2df97ab0668,train,False
6267,6e9a7052bab42820c34dcddb32063a150556d0ceaf43af6d5b76521989e36855,0afd944a3efc8c24741f6586ffd6ea90d18795b79429ea036a11d8088ea6c27a,selection,True
6268,1fe01814fd9cfa8c98b9b2b97d4d1c5f78f372987b310704607830cf162609fa,e1bb6cb5dbc9d06fd6826da2f8b088295bb42662bdacc929e846232f2c081e6b,train,True
6269,90b861ed56015e57b5637b4fda996cc7c593a93c436888110d9124d45a8a9142,a561665e2cacbc66997dc208bfaffabe1fc15b0ba5621910abd4997ac321e7b8,train,True
6270,07aed26dd9989a1dc66d1deb5446a63c7e2adbcb1fc718ae2091460a636b0bf4,d07d4f4efae3f5fe947f3db7d9411ffc57c260b62444386c3ddc5e21963b4d90,selection,False
6271,ec7475dbb5062eb4c0ad88c2c8083f4c0f827c678e0a3e5eb16fecac488833d6,8d354f018d73a983f5ca757a483b26c27a20c6a08772ea49c0fb54871c53b820,train,False
6272,7e89c6d68a19754c5ac58f49bf9ed4d9d6523c0186205f9c7196afa62e241e57,d633c3225ff86f1af5874facf2e2defa198b047dbc5d0ce39a034081f75f210a,final,True
6273,4cdcca6d6870e2082c0e639d058868b33cea582434b6698a4cc48f78596a5824,ee39a10b7cc6bc6f256471d5f9eb13ae72c450bac1b11407be7cefca43086508,train,False
6274,180b97f0a68b0b3469718597995d34d85803092f1778ad1831eed4470cb97081,211e5c94fc692fde1960bc59d5b9ddd7c0788d3b2df916b4cdaf757690576a89,train,False
6275,744f176df78c49d3eca9e1afd4269541246d9285b5ae9b7d47c055cfa648af7f,da913b8042ca0491ce5839d3a200c01063e0e223602d2ed2ac69f4e4ffe94a76,final,True
6276,9ad7f5b260fb3db6037f4365a387ee1dfac1d8366d3f0d0f4fcc2f8f10fec355,090ecf37b5b97651eeb01870018322a35d85e9db4839f731f13442d5b6f70bfc,final,True
6277,5d2507df1ec4c6b24a5344f23a8739b00d81bf5ca83ae068245f6b8748c8a249,624c26bf296de5cc2aafb2e22d9d177a9c5217474370be8488e2dfcde6f078de,train,True
6278,bbe275771d1635eeb45f879b64e8e9304bc7fee23ec24d8a78d7ea00c5af6217,7d088f622848ab92ab6b7bdaa56d9600ac465434b2c93fa46b1470e483a97a3c,train,True
6279,35b4fcc965d87c0dbfe7eefe2be69e10be8fa998e1101cb16344267ea5e04a88,7b4f72c28c8dac11bc6893a3484c7ba08e961f37b0e35036e52255a3b14dfe72,final,False
6280,37c9e75f0df4660a594b3949a89d5af3870a40db584b5487d031140b5a8771e3,e9ef3d6038497a4ea011c27edd97b034eb7f8195ce7025a3fe6ad14ee5f35f15,selection,False
6281,66af60d4ea91e5c4a862fafe338acf8db3030163133cb17842f42d91712cecb3,f6890ac904cb35ff67aa9d01fd697f95bf129cc60f5c9f1ffbf2faeece9d73c8,final,True
6282,71929cb5a71b6ce8b74698ac62059161c28b0631544aa899255de600a143c1d2,f6933b72ee28c0405204de2301674cc95f5a5331e2ac5f115e1ea3874bf6381e,train,True
6283,2077769cad3ec12fc7f0076e17397b0e1483d92d1c23bd50671249df099edf77,4876173f780a9367ed9546610b8dbee68969479570ff8cd1bd26bcc22cd67316,train,True
6284,4feadefcb380e5be60d9b9e2981e2c115a03937559b240a59e0d3aca8a7ac1f6,0f10d855bb89078971f98e432734cb91b447fad94b1cdb1071ebc59d0cf23364,train,True
6285,e9535eac68519d8e79211eb0297d0511016ff3dab7e133b94956b68af34f3a78,5d0e116e54c36e0a918d320523179321292789918a723f844a174408c70787b5,train,True
6286,4b8cc7ce7dc9fa06af35ca897677f7174e823e31e3a9f06421caeae61dd9f9f7,c9ae7655900e1ceebc69fb4119fda28002e40e6c0b37519d6259d6587ff21b03,train,True
6287,79af501f4e10f88710fb8a92d103ce38ea4242e6a356695f57d4969b5e7ad6c8,04ee55eede608cb940cb8d94f1d5698b76978407c1d96e89928562f6bb24c2a5,train,False
6288,452388ff7de47a8948d73a84e92ec0748d38b249bab16fcc9b315fa447aa7888,9b022c79196037ceb9a1691421ddb3ef8579eda7061bccd1861b93e49aae4a74,train,True
6289,b5f6bc296bde96485d6b8cc1102bf0999a304ba4ee68d70347e44c568d9d58ba,cba1a8da4272478948edf2fb8854675d00d27791c52aa6c192c17e345ba6174a,train,True
6290,c2197fa6e76e0d30e0d71e49ce0a240980a4723f5d4281a9c992894df3bb8a29,1388a8fa8348d9e207673516771eb345c0b21c71d37b12ec9d08db4cc272bfe5,train,True
6291,02b51e0258bc1e56bc3f0f514ca447c758072a24007168f5c9c5a124f07f855c,d79e9deb7626bc311edd471739440cbc7a56326d30366c3987a54330eb4c6498,train,False
6292,edcda95149af8c8b84abdc3bc268e731a0d1be318e1e6c77356d7ae36ccf7449,83b6e977908b112bb7c7e439f5965961d8b183e35d0d8bd0db57acec7475f0f2,train,False
6293,0d1a11bf0b77d2f5495aa579368b7c455eb3bff18404a5150531480deded8ae2,87fca9ded496bfa22fa6ed82b3260b1148814d5ee0a5ba36a59d312d7f0a2fc5,selection,True
6294,3f5fba65c84d82d6cfb9ae6688bc172fae1fa0645d756db61223a99f7129fa8b,94ff2914c330bb98de99a5830ac51e90fdadda23de728cb0cd24755c872ac464,selection,False
6295,7adc8fd51e4825bd7c00f151767c661a95cb64f179399199e09ea0179e51a7b4,4b0a38dd6954b839ff6f727c1d6763bc52a91e91a75f75f8ab10e9cee0251bf8,train,True
6296,6a98a0a748dd9b86f0e396654eb6d7f2257da0324ee0b4ef671a98d69ce2c976,e48757549dfb76ebec1c3516a8aa844447dc9f5e43f5d84bba7fb9f688d729ca,train,True
6297,583cd61e047c9f3d1acea16f8cc4aa42e63321e7e97ad0abe765bac66a711a44,8111ce57a33b79bbb523c4ca2edf34ad35e4e4d54b9a6becda076a679cab85f0,train,True
6298,0ffd818a659d6e215eb54d08ed9605afcf546966349042545f6d5fbce28e3846,5905c1257f61f5907176d33437362c1c94203cec92609037ed2e7f138dd32770,train,True
6299,f0d6a8cef9419a7fbfc6bbda52e4093a135dade438527d42fa5f719de6ff22d1,18c517d2210d54a3cdd7e4900048f93a6673ff4adf2b89457f96d9d8e079f084,train,False
6300,1fd11088119446a9adb3a8c6f08a9cb876f077f96f6a06c726ae8245b7dee57e,7beabc2ca3dd9dbc6d4daed8da212d8264e03326a1b67f9eabd04baded71728e,train,True
6301,ad59997b93062e0d1b4a3e300a2db7e69800f0c7c8015c5c6bbdf1736f80df02,d6f4354b77638d7453ee4b1f3fa3eccc7668ef55da73001f16d7d7d128a0a482,train,True
6302,a709a0c4b64fac7d93810154117f21c7e92f5c748f820f5f1a12886a206a42b5,1fdf881b16e35f6c2249b366deb374b4de70b79ce04a98fc36c6ddb049c7ad04,train,True
6303,ad09daf3d626c4c4cdc4e2c590189d32344a4fcdb7c02894f0461c22242335fd,09cdf74d149b5e4b6e87eb9ae75b9a4dcbeeef5aeb55ff3b0004288bafd73fad,train,False
6304,0dc652eb1f33a30b03020c55d830848675b449806b149371b8646699b961ef0a,ab46c6610d70b508cc2e0f81cdbcffd7d51fefaac769f32fdcae5425d7a0e62b,train,True
6305,6166e3a4e4180d734697ba05decaaf6beb05776d9eda21a9b9937cb0616b1184,ac45583b2d74450a0d5d92ea18527245f3cbe4ace82646ca857b084dcd61bcf9,final,True
6306,4579c88d2e7b5fe49c395c2a9202594868c4156d5f37db0df807934febd13eb5,ba7c6bc257d7d19a71d4e692fd50246bfc5992841bf42d8347ffaaf2ccf2cca9,final,True
6307,6e503059cf635af7cd3867a867aea737abc1684efd13e3b8189cd67116dab0a6,b5bef7ff30c0d4a1bcc6ca36b27de382cf5edf65ea2133a491489efc5934daf3,selection,True
6308,8dcab2511f4fb2d4380694e74c61a4a0874bc90e3f3a10f11d1fd65d876e9084,78834b21246cbac2366494cde67cc29e7c91dc5e729d0311a5436f0b9653f46e,train,True
6309,76d2a291eb85a5cb3ddd50107720a9ac83feedeefd5d8f4f5c0b1f72d89ebed8,55b709caecd036d8607221b297d7675e70a3bc07d16a028fea8bdce55a4ed538,train,False
6310,f7c10ddefdc27601da3d8291b534a54cb5c037f7878e603fe33008fc1615e3e5,bc31da9de183ab9f8d9afffb5171d314e066710e3910f8b53890f093549a4761,train,True
6311,3554a662fa73eb54ff92e4a3394df7d23f6d2081256d565c57be655664c0a64d,6b79b1e13fd89d3b07836e924366b9ee71e39916e9e445b7c7449814f7705d5d,train,False
6312,445369b238b90336063fee6fa4875296a95bdbe05a4ffc06ba0055572d08bff0,69baab8f07ca713bea63ce6dc853ac1d1840b2a9bab9086357248c63d8367549,final,True
6313,c4378424d69c000372ce3f71365e1b72bc11f320e128f3479cdccf4b134128a3,8d431a91d6e1bc435ca0ed2cc64af304b465ad7a4f75b5a61ccae457643f63b8,train,False
6314,d351824d226386106354c092a8531319ddf03f53129716137aaac033d373f22b,f48fdfdf68b701b9c2e03a9fd04c38d825340d7de608963f6cc5bcec42484f58,train,False
6315,22068e87e97d1b3c4d2d1a5ae7ee32aec3c819c83477a39f8d4ea0c31fc48112,ccec6f145428277a729f60a7595018089e0172dca11171f86c907daf8ea38bba,train,True
6316,4e873f4e953e17fd4c38485030db234c77dd46aa2ee7cb50b3eb1c0e222242d5,0ab6f8e010f3e16b4993ed92c6b2ea6427e5f122ce0b36f5162677640118b72d,train,True
6317,6df859a11f8cb3e0fc148dd360e38691a566e02f6f5cd1794d118d114ae98e88,dd6168d9d64d111def88d1ab374f50a6fa2c7e66ebe87fb53bf6cb4e37c9c746,train,False
6318,88b5fb32cb4ac0660bc5732ed9e65ca85c4f416cfa796a66a7e9601a87edfe33,b156d51ca974092adc8747aa5256a4ef6c58554786e6081ee4378d6de04efba3,selection,False
6319,9eceb283b243e74b39fc1a7da93a03823f1ba95df317374571ef3bb3d2087a67,8047c12d9fcd3108a864683502e8bbd9c639c8ddf47c64b0e5068efd76cb7e01,final,True
6320,5aa0bfce993ef163ec455c21985f657b954ed2f1cd265bdc3d5771341d48a160,c538d9b7d93418fa52a8b29981ffe540e186826c2d95aa92d8a35e136d29eb11,train,False
6321,2ff58a99129a416483706701b83bc353bac8d2fac38e629564ddbba3bfda3c88,76efbe34ec240eb2c600a8c1331528a775ad1b496efb3115df924788f93ac70d,train,False
6322,686e496f6ff8b78a0a133dfd8ba970acf65b13d281dc4e6640ccbc5f83fe2e56,6bf53f73c5721eda902a4f74900a9eea48bb20984bd1fe7c81e3ea72652a4863,train,True
6323,020162a0fa53d3625050900387636bf18dbfee1db2b97201d69159b1a584c488,e7052cb83a65f168672f7d671f020eef1a73ce369d86b9f2e9a20854585f77ea,selection,False
6324,5823f59129f32859a6a3cd733dcfca4bfc6736fec9bc406bd070301f927558f9,f757ead432c7e1f1ed97d8ec7fe68f105f7a55fe79fc2df6005b2b46999bb0a0,train,False
6325,d8f53d9fa9253866309d524d920d1cd39a6b4436822defa278a7126af3cb8a31,9ff3a5fbd54e78100ed8c1456f6a07e59eb1800cb0f5227f8deaf32e37d980ad,selection,False
6326,9d6ee7a0b876ba59bea2fb6a4a66fed65a8616f7a7b1345534c4d7dde8ae8fb8,addc771c973e571647cc3d02265e8be166f44788e5fcd75ec1200cdc1af5d47a,train,False
6327,ffa5755664f7c639f40c664bfc6797aaf7ecfb5e986ba7c020e212653b692c9a,e0633892d52617902ad66b95d37644c5e0392df37ce92f1191f4549a22bbee6f,train,False
6328,52c0a94bb542208f7f1b4b39308951ceba8bf8a1393d3ffdd1efca341bd6998d,208b28ecb32bf3cf896d8665be9517c3433ffadbf819f52cbe8b1265e256f002,selection,False
6329,bc32d29babf5395da2069896c10b5a3d8187161c8479745e529f560954b18a63,43a4bec74853b7dfdb316bad4202a4fcd4eb13cde2f96146a61379da50c7ba35,selection,True
6330,250c74bbfd6c485c30113e0079af32476b85b154db04fba00f66b8f2a853c5b8,8bb87b4e62d7c3e0521a9b32b87b4c96e3bbda79ab699363942296dc4dfb7837,train,False
6331,75e419cf58f627d4a81584afde934409db9b71849e23b7391592542123194df7,c9f2a4705b67f5a3ea888405887c568a3d9463aaf7d4aceb1370d6a924eb4be9,selection,True
6332,6abc526231bf2ff36fbc72c6410d776049e3cc6c0b5302f8b0e4fcd7626fced9,eccd5d58ef43f052ad1e824dd94ed5b73db6c63195cdcda13a26d34a8c874f39,selection,False
6333,1234f826c7afe43416630f50ba43964107b5ad7d06a7af468171b32a8b54596a,c25a80808f6840292c68c90917d7dbd362d9208e8c09b922a4039aa6533eb0c2,final,True
6334,047eb178676c0704f8b7c5bb875d1ee6f637546fc8ddf9e46dc33c5ec4bc56fe,69327a7d0d5331ff52436929eaa3220f91ca227e532176980a8e89e8fdc105b2,train,False
6335,f1d54f2c2de75a9ffde30baceb5495c9d08cc6f26a5dc32e0df9459df56feeee,6b5d28c44ca8f6721727a814ca073728166e8f565d4882748b752e8c8655b70d,train,False
6336,748ee804de0453b69c4fd102fa16f6dcb6548791433b2d07fe40f479d1c251a8,cbb84cea0a829f6a258710b6dd7b6a334ac0b7e35d0577676b0ee026251db8b8,final,True
6337,b1a4215c482b3a5a03e36f7b07c1031a746b9fc1d6b986c0c4131aa99ac0ce8d,15ba45a024a4038e3494ac4e95ec0af1d6e02d67a5936e175fe523e3c59f5351,train,True
6338,3b05c179cf65daf16784d9c89de4fa45407054501dee15b11b77084c263d9c7d,f0a7b3c98998d3ac4bdcc03a823b37d590ec2d4d26201c6d98f107c63e4a7497,train,True
6339,883e5f556a3663836ae8db14ef14346e2355667fc8f1cb811246a13a9432321f,eb2b8abe743a8ec8b77f417e0d9534c9f697b85444cca2fab0876f41c4b23d59,train,False
6340,16588007c6881b421d927fe69bcb123531476fab42ab7d45fddce1dce491877d,0b663d2a64f3ab0f99741edc1b0b8a52e2535fbac95b2ea82f0ad4d9d95e922a,selection,True
6341,90179a4a1be1c04a0be6874a1113f71453996b7a42abcad1550582a36fafd08c,397eff3de91aa56d946253ad174a2622b74b445becdcc41c37d8429021601281,train,False
6342,7ab5c0219823a65c9a71f998d365879c498babc6af302bbe20568cd699db90b7,51278a6500f76cf56d6f9c4a67f4cf5b639cb72610330c90d69a703971f85207,train,True
6343,6974d29c3c1871d1596a258dd849a4729f34673097a440028f9f5a156601f00c,62094bddeb5b46b5c60c85aa14fef2db9e1fd584cc86d7d525f2675a6e2781fd,final,False
6344,4aa16920026340b9931e22822c22320cf942175d1759c8c55a08825f1e04247d,1742a74c9003416d2e63004fd3b1a401028c8accd90a968b1193e9999178ba65,train,False
6345,14076621e10fd50a6c38b110e224a2266b165c8788a2c1e4a126de75effa5421,078afc6961af8444b90de63046919f3d3e13c73a3bf75908cdfab623836109c9,train,True
6346,ed57be85da6e38503c54ffc4e5a8964ab4d7d3b926b4f4d34b0a77bc91c88f66,8ee7f458bd799305f09d7b36e9eeca49dc9c19a7edfbbd956bdeb9c3de2de7e3,final,True
6347,c93d451b356df4266c18a2fa2fa5b156203430221a0ed5fd11c180ec2a76c2ba,f37003edd9db9e2ad6d6cd0ef9b3a0f8f6fa2917ce90bd84fdde37310eaa4585,train,True
6348,434493826b66407498e0d2b9cac50c7ba642743085548d4b6c3580af470af97a,1bd799a333a3aa55a981a1f81b31ff5a4d5a7491548052c8f401e5ab925c7538,train,True
6349,7b349adff272a66d57336f95eb52f4072cbb154a964920ceafaa50a3e8d98e88,94c4f8b3be15c0816b9b52ad0a3ddcf5ce94ff354590ebc14e16ddd49add71a4,final,True
6350,2657cbab3dd8957cdf1a36ad68df2e56fd698a4d05fb1719e02f269354368874,965a5500f72309e093e3076dc34d7da9ce060bf7c81cc4b18d17a12f2fa89dc4,train,True
6351,17fb506615e25c6d1a00896e5adbaf7a38f51a456cc93e204ca7caa161833757,dc18c9edc06e10ab62a7c3dd3a81003f304f7f1753effa7eeeb39e3f678e675b,final,False
6352,ea98fbe2f4d5cb80646c9450ec3310adb462389641f7d160b80e3d0c06d04671,f27f31acbe7654120d215785a345e48ff5cefdca720fba33759fef9c945c9508,train,True
6353,d947c14f261ff9d0e820138c229409d025fd268dca53e6d3e111e61ba15849f3,5c46b27581d0e6c82f5d5b62eb58befad3162a1ffb3e85faf366785d420e3521,selection,True
6354,090de171cdca1d4af7047a5e8210450461d5580c142ed3c42645f1cb022d7843,92a64dfaaadd32d699345753c6e18f28cce5b87191ebac6e1f2eb61381c5adc9,train,True
6355,c4c8b11d632f3a953e8d0eac5444fe7f0b1750466bc065cd0f85c559c3cddb0e,0a4784f7c3f7f53e030bfdc3f711b1b7c3dcdae67e74f747c44fbb25e24239e0,final,True
6356,ae3ba2862ac0beab3a499fd2ca2826fbf0b3dc673eaae06d70e8785c23c6064a,e520999208aff2cf77da31813fe6e0cdb8ee618fe3c8db7e8d69585dcab6187b,final,False
6357,8fcb0aee7a1b570991ee52893caee428b5cc009029f3e6e44230bd6f569bd06a,e7d57795b9029ce36002bd077769399145cf7a39272b8f15f4726b25aa3b4106,final,True
6358,7df17491c5253fc0ca5aed46d2a1269729805d3fafe2887adb50ca69cc09d59a,8ceed0095dcd5a7448beba5d8007c83d965affbdf774066414b6e7799bb77804,final,True
6359,c429573e7462caf4dbecb1e61633cd46b9873955ae1cd8737e376907de39f541,73ba9fddb6879c66817e6f4be6dd2449a3e7fa7f9fc6aec45b75e4d4f14dedda,train,False
6360,3d658b4413cfea4a55b2188032f2b8cde57236001e0217fdb86389af36abdd33,82ef89c883100e56d2bc0aa382b35dd6f44308a8b1fad316c1cb82e3f8685bce,final,False
6361,b7e7d8d174c49f20243362ec694ca686496740c0fdbf90c2bf229f2b205a5d63,ea246e735bd5b818fd35eb744d8bdb325d5c70899778320fa0258580793d4e17,train,False
6362,3fd4d117b493f91c39b41a5a50f52c5a9dd8502df312d06454f82cd2753b9f04,ad183eb5d3ff8fb108104bcf52bfa08923f24bf2bdba8433955b414d8a151adf,train,True
6363,b4719e980a98269c14e7f21a42f600af45939b4e15f862f63376cf0b2faefeff,2e08f391d94a0f682f3dfd78c8539f0cfd4b33ea7c2b4a43a5497a113e8ec53e,selection,True
6364,c5c8600350ce3c0708bf056e67ee7e7c681b608f134f27c4961f91c157277100,2fb9b026108739ff257cf8c13433c00e1f2cc2911a724f94209a27d930da313c,final,True
6365,a25b9ddf7547968ea5addd21bdc6f7e484b6d71d2d00d783138e6f8858a6b5f6,104484a010417295ad0d754c5ef72c8db08b07d7e3187b4322f68272deafcff3,train,False
6366,550a76561b804ae893c74bab779b7ea206d099d2a2ca3baf96495a142c2f0e7e,99ff40f878163177a968e905f876ac8433d30b97a0c48762b3918d1bf90a1179,train,False
6367,b5c2c6a018ab4abb3bf9d37fe97841af6c0130f6ef35c0ef8da939a72f9555f4,fca6ba76126d5674743b02ce40f5c80b377238ac2b07289f2ecd294c2f4a8a95,train,True
6368,9c51ad2019f8a8fe39e252f3b172a640ee1aff8ea816ca90d96db51a74ed8ddc,e5a75a19891364ef542ad516b67894e80c417151ff7ada4bcd4a596e1881b876,selection,True
6369,bb7b9b9ec729ef91cf743367edcfa7bb34869f419229e87609484bce507ff581,c8ac26b783bb149757ce35438a6644d481b8924640e5ca8b791a6985d5e37362,train,False
6370,3a3b99e490e75eb315c1a05fbeaa98c3c699dcb707f14bca9a6a2805a420ece2,b01c6282a29ff9bced691075c4b7533345199ef156980c45b5e7cf8e7dd57110,train,True
6371,7085f670dd5cefdc48a7eeb6516312d7a3707f42ff67464163d9a46e46092be2,1320959c7257ef12999f528f1c39788d3e66575e32fb26470cb2dc431080e748,train,False
6372,1119ffa56d8992675abdd48683d1a0ef59292cfde02eacd3876eb5e8d649d809,8a292ceb23d11264970acd09da00952dea5d14ca959d4b4ebc6165393a5b5466,train,True
6373,e62493c9a2d09526dd5b79e5275b71e7ac6a801add77e9b9742e4f433f91674b,2c2d9b9ed8dfc57c9948ee29eff9f7e1cbc913e4d4050d30e2e0718cded788d9,final,False
6374,cff2a73068a9366859c2c41dc9981c4c1e40e875e7ed82316ad0ccf56467ca1d,96147368f49581c4611ca51fee2ec7ccfc00248b377c3f579e467b1cb9e4fe56,train,True
6375,4c13591b1a084f8abcef5fe2ccb43368eaba15d1d8979fa044a300f08992de54,32d6944449e48881886008c18b809c0e5e509029a3e5fbf2237a1117c6f7daa5,train,False
6376,61775069d2094ba40556758129143ee560e8c009881aff1cae8399da0d25e1e7,00829a545bf56a2d0890deb4c483589ac5ca341c7444b6f688e49c9264073056,train,False
6377,1cdd478a26f8e335b42df7751cbdb4d15628c1589b38845693df66d754529b69,1cf6536f86f079cefdd5f0bd6b9b4c066203b1ce6000caec35403d2fdfc211fb,final,False
6378,58a1fe8461e64160570d1f6a54188c9f8b957c5f85200f3b672654751d7676cb,9358085207ad220c76acc85cd57706ddbc3322efbc1ffbe052aa38061e7354a2,selection,True
6379,e34a89dbd16b5063ddf4096e888bb2b8b571badec7fb183a8f7f809c0b8486a2,690094efb679d54cc023b2f40e1a475a232a4c059c26e606c2fd463f4d90ea7d,train,True
6380,1555bb36279b5dcd9842a8afe148d6765e32e63ba3dfb8b7eece0bc970b43708,b8df1689d52fb400d7e769284d5763477066ee0d6666c4a61d51c7f0156063ee,selection,False
6381,2c44148a2a3817cb35318692ef1a88ce386dfca94dbcfe07bd38df673d296046,5b2e54000a073f45d24d3a003d6bf83e599da41ec1760661568ffbd6025b482d,train,False
6382,75fd8b38438dc5dbef01faa9aacb569fc14b5a96d3e55d2e8b83c63a14bb9ba5,fa9a1857625cb3b05b1d9903faf98d5eb3db64acc329e9b0cc8122524c78414f,final,True
6383,b5a2e549b4aeeb5e70b827d2eb14a0625ac0b375cba86fc3da5237f0289e8fc1,d22457f705bf3dfb4bc171e0a4cff218d712065bca980c6152cf79460318e584,train,True
6384,694db46ca186884a4159c4a5297679df37f9c48fabb523909ece36435927bfd3,40627bc5d7c7af056e7063d165142bbdcad7ca5985c893872f69bad4da4e6a7f,final,False
6385,666e032e89de254c0188cd0e3bee6972371d7b9b6c9bf94002d04eaff71be9bf,85a8e274a83f793857d5b3b1b15fbce65c53f4672d229931878d563371d466ad,selection,False
6386,d0d5cc4ecd346f688e344fb409a3ea9ac52bfba49fd149b9476cfd47095a8747,75b7a1b3ede037abf24f3de2d82bea25f09ed3aaeb48e31b0f034994b245d7af,selection,True
6387,5f3f7d94dac3e546b95addb8d118f8368e02b8f9d693aeacc83305db387f3284,c5ef7b28aa8183a614b23d472e6c39f96fe22cdc897965b3d371e55188e02f3e,train,False
6388,44aa4e317e033203436531a4054cbc3fc77c955ac6427432d991a607eb65b539,f58107b9f707057cc35d358d63529e5c3797abacb1c0c894140f814d434d87d1,train,True
6389,5e2b0d8c954122cd3ffc45f327a26b4c46cd1a840fc9f3cdc4eeaf6fef1f1c5c,19e1bd7415a53d8b2ef7cdcdbd3a61f6ef18d9503484d4e49c6ac32d2282165c,train,False
6390,bac54cb0b91056d12df256fc5311319cb8fbeb5eacec765b669e463f1d46ead5,79dda09bd2d63419e5fb5fb28104eec3627101aceb96f7639d6db208798b76a4,train,True
6391,0ef5f14d02f718361ded8412faaaf0f850bf093bd026294da7e8a2d8251d21f6,2d76a8a6e2def428d3877c7364a0632a5bd59347a927f488c0b0aebb44f0c0b2,train,True
6392,714e4a652ff93f468d3c07ec8ec646438d6e7c865cf2246e7c6846091e9ddea0,072b4aabfe4a95c603c452b8a438cd318f3686d58c58756482657cfa12fa9c8e,selection,False
6393,56c193ab57118dbd5352e777ff10f473a0ac117741963e2e57ddb31fdafe3070,bb094b4edffe9951de816a5f316c45a45c591e737416221c383973e4e89cedd7,train,True
6394,cd1c363c608d4355ce4d55701d0a161bd4165596174d98b71fadecc9395a53a3,279e21a6709a133588be44abca5c8b44bf2c49425c43b7c8a3e88df528628e11,train,True
6395,d0b038c8498a8c88ed26cd737601e900a31db9c983745a841ea68fbf293c8c7b,20a7e6cf03c1558eaca3d23da5a110373424108671278639defc245f17e6ddcd,selection,True
6396,e003b48dd7d5a99e196a8d405b3c6bc5f8d3a9e1b80924113ebc2bf083ff49fc,2e73fc5c2ddebc48e564757cece969fec743a827c8e3a2f0967870b679bc5999,final,True
6397,25307e654a7ddabbe7859fea84b5f200dae1b173e4aeb62d32a2b70ea7a03c51,bf91fccdc8e4f532034f3ba7998ee80d0a553859aacc5233ed415448f7f41e7d,train,True
6398,aac224b7d85c6d9001264684235cd42a917e81a8e2aee99a0e406f462cd3aef0,84e6cfa8b8b05421adf7c4fbd3d834bce1c3962d1de49beb207474806ddeb4f4,train,False
6399,acba4d5ce982cf0360a9432127fc7f76db8f59992da1142bc4ab58475d1ea58f,f71e161bcd0bef5fce1b283b3115ff96a4ce3c8263fe529e5dc2e0aa37fbbbee,final,True
6400,5586af1f3fa8495315cd8923784cd8a5f8a0f4963ded8fae6ffea3bec216e977,a0f59193080ed44c2e9c27e9ee3919d7b5f9f60e02644922feaf44c2b70ea203,train,True
6401,6257f7f8387a156b6e46576a0b2ff995709fb1782c8dac74cbdfd68875c4045a,a9e69d6a9fd13e3892a3826c7baa2f743f0f62afca7ed71ab926833632130ba3,train,True
6402,f96148ddfc2b04cda1f17ab912a6d67341a194c264fc21a01d046d65959bce33,7562f11601771920ce38231e5d82ef389b7292c2536da4b2028b511e70964f80,train,True
6403,eea8b2df50b985f5cd5ff6818ae18573557d12b352ee9be4af97a597df8f1ec2,3bbbc6f7d26dbd97790648367951f443d48ed82f258fbea9094ad7ab22c29420,selection,True
6404,ac0632d4a2dfbe9c6a065e983f69513c77e05ece5196e89eb2a7be96b1175b64,66b49b93af23c072e36db021e2a7f16608312bb9975400f34485d9386bffcf07,selection,True
6405,0f8b871909ac2d22171578af3be67add9ed76d6fdbad3e19a161b85f773b90bd,32b01994aa157d04bb06b4b081a088649eeede83503eb2c5aeaff563fe1edeaa,selection,False
6406,df99354f343debeba71d2226b75e4fd31afdb9226da6dadd47b94a0916ea5aa4,1038ce9eec23b060a1ff2a4cd10b4c91eaac89808c6bb78618a37984db823b06,final,True
6407,f72ff9d99aa373fa5a96eb7ffb4fc2f2decc48ba838711b5049e0b4a9353d54f,375a7022d36285eca5b95e45b581b5f8ec68ac90c826ddb4e0d8168e121e9297,final,True
6408,57890e61a2d7b07734da9c86e80312ebac27240aae35fa02cea6efc849d82784,7008f8aff5003193b102380520c50eada156bab6432af16cbdf68088d8060d49,train,True
6409,bcac9177c1f404d08f1f3efdd82651e1af60c608de449728ee1024e453dccac4,5d591d11aab0386e3668a4e7788af21db692afa671e7ca0afe53a49cf94a38e5,final,True
6410,709490d6c538386f75241ceff2c09373e0c28714b84c0902baf6798551d633c3,7661a201627e584e9ddb79e661f57a3012790fbd1208442a27c2f982d273521b,train,False
6411,1a76621024a092e054809275a3f38ffd5d8cb8e9f3433db2e70cf6865e049b83,966f0513b9375fe481d6125a6b7e1a13093ddd8ffdd5410959142e6f3c38946c,selection,True
6412,5571ab4973e32fb3b25e6a6583f851635280e6c36c84c01553d99713846333c6,fabe107fc71bfabdc8151e39b38b7fbde23f76117edd5fb921088ff2e5aafb6e,train,True
6413,c5ae28d3fab90ca74b81b7bd27e9c200b948738c47075089e51980b521b51948,8ff52fe2ac67e27430bcbe33db88ecce92b3cafdf7f308d52c3b04f334d0cef7,train,True
6414,3b4cb35c0e4c3c4acf66105a7c4430a3becc05320ed74c463830892a6ab37f9a,f2574353cfb8ed70af181d9135dab835131e39ee871b03344b70764b08252f7f,final,False
6415,4d5d69dedcfa2b1c61b846919c465496f4005f40466446ffed7cb6bf5e729130,1a204ab53ce0598caa839fb856cc2b64f6de3eb1b33c4939c41354692015c396,selection,False
6416,44d885c457a4b5c6664e93dd32dd6cdfb46cab72351b72db9de20822725b05d4,8ce451190734633a7ebacc10a8eef12b74e3dfef9be95497eb0a3c1e7593d931,selection,False
6417,b67e0ce37bb70199ce875acccb9dc033d92fcbaa14399a89753e87ee457f7684,b0800050c76d279cd667dc639ab5087a5f7f18b9322d5906fcbf51ac9bbb1d11,train,False
6418,e49c0cfed61305b4340866b06856e21bf3eb7202a66fbd484a5d4db00f7c2a01,a9f935ff4edc210fcc1009353e2981d1015fa62634fc2e3696f8726a1a4e1d89,train,True
6419,dae16ce733fba7ff5f0266946689a7abaeb8b4ab42420cbff6c64a5269094af2,e12db76337266ae82eedc7f62deefcef671779691e8bdff496f59355bcbd16ca,selection,False
6420,995cc265325997d54c3508212480e7c669205e1783bc48fdb229ee741b4aefdc,174166b8976d78d0a5289b6130f396d27c8567fd0776afc3d5f7ba8946cd72f0,train,True
6421,51642d1eea2fdd6a46043dcca433e0e35d2ec4d4b3f0d535347c14b51941e7cd,136e41643b3fb72b915279c41491ec24cb5365ee09b0196bcedc43b76f356c12,train,False
6422,bbf6588e973a064df8b6f148968d6b32f24b4f0987206a9231b7a8eb974411b4,b48241a86fe8101c803cb9fc1221d1c3314029e1688d40c44c05253fe34feff3,selection,True
6423,6f572b497efca19d892245b1aa700ae1c85656bfd5e48bd38012962f22d05e6d,ca6757f0c903244218ba1b82a63d29ed11ce1c5e311725ee3ea81bdcaea4285d,train,True
6424,b54339ad22e444a4468a7c8f853e34b7d694c4af204d8f185c663b970c581c50,623c5cb48f04808b403089355adb508f15f358a5ce42085bb00d8f39801629bf,selection,True
6425,1f87ec7082ef6677b873e13d961d587225551dda52332783be418399ef31ae68,0d08a803e94df90d4dfbd49c240d5019667b3b40527d2e18e44ee7aa3c1cb42b,train,True
6426,e54af8364d207449a7df7cecd743b7c17a04d48e1fdc1f7bbd2b2bbef0d01b4c,d538e27e85fcee34433d5bc4c446af38fa8744fae4c45cef77b625753e892c70,train,False
6427,5d1fe97eec76eff5f20da76bba77f8d754d555e9a0c27ddc031e10116ccac93d,1ed2ef5a6e59e1b7bd51a128eed9da080c051205b7dfe55fd564033e7c7ec6c6,train,False
6428,bf6166dd8ba0d7ad1010f7e41f5a475e21ea8213280fa551a28cd08c0a514876,325b8c93f46725f796549db33296fd18a79ccc3cd3e8b113ad6b4d3d8054204d,selection,False
6429,29a0eb5608e420274372c5e01940e85bdc2af1c4277f819082256fdb7f688bb6,dd976b90aabfca990e2379e9f39447fe3da1a3683aee2104403edb7cba2a973d,selection,False
