source_row,actual,predicted,hour
8645,48,0.0,0
8646,93,0.0,1
8647,75,0.0,2
8648,52,0.0,3
8649,8,0.0,4
8650,5,0.0,5
8651,2,0.0,6
8652,7,67.63628300831216,7
8653,14,173.58000273671666,8
8654,40,65.49633925104123,9
8655,70,43.5080274459753,10
8656,138,70.28167284200069,11
8657,201,118.07989339588516,12
8658,223,121.57918090190363,13
8659,267,117.70706371493543,14
8660,265,128.62096936253172,15
8661,215,164.5471082323002,16
8662,111,295.4760393621856,17
8663,106,216.03172467637177,18
8664,105,121.9066652569869,19
8665,83,115.19478821100566,20
8666,71,77.70985114874588,21
8667,66,64.52489252253457,22
8668,29,37.079042852594355,23
8669,39,0.0,0
8670,12,0.0,1
8671,7,0.0,2
8672,4,0.0,4
8673,4,0.0,5
8674,14,0.0,6
8675,16,91.6896282927975,7
8676,53,192.17176645281472,8
8677,68,97.02892055836637,9
8678,109,52.232557815658794,10
8679,175,63.13816102349499,11
8680,202,102.5671330195614,12
8681,176,100.74139629985562,13
8682,151,87.89249778811362,14
8683,168,86.47776487540158,15
8684,154,132.1934249785989,16
8685,153,249.26373051498427,17
8686,126,230.8573752315433,18
8687,93,146.32082514800615,19
8688,88,86.82368854218316,20
8689,66,44.51520718940105,21
8690,39,14.46603787179508,22
8691,34,0.0,23
8692,13,0.0,0
8693,6,0.0,1
8694,3,0.0,2
8695,2,0.0,3
8696,5,0.0,4
8697,12,0.0,5
8698,85,0.0,6
8699,170,71.52435436767308,7
8700,354,175.9690395308703,8
8701,153,76.73496284583047,9
8702,60,34.60252385312852,10
8703,75,62.46771419260168,11
8704,74,90.61692320566878,12
8705,73,85.80179856429919,13
8706,79,69.50213273884123,14
8707,77,82.03573946472758,15
8708,136,118.07317618697881,16
8709,245,248.77876233986328,17
8710,224,222.06348467666123,18
8711,156,142.756755006123,19
8712,115,87.64120513795206,20
8713,68,48.13661720449163,21
8714,33,12.914796651254065,22
8715,18,0.0,23
8716,9,0.0,0
8717,3,0.0,1
8718,1,0.0,2
8719,1,0.0,3
8720,2,0.0,4
8721,14,0.0,5
8722,59,0.0,6
8723,152,64.48414035420042,7
8724,315,165.60081273680368,8
8725,180,63.76829452103951,9
8726,64,33.08321992527543,10
8727,46,50.347465758420995,11
8728,84,73.98639271324227,12
8729,91,77.49354224132999,13
8730,75,65.06359186076895,14
8731,90,82.31221465450815,15
8732,131,127.87825986424386,16
8733,281,250.69114009755225,17
8734,289,231.31721863669543,18
8735,184,152.71365087553204,19
8736,123,91.41150949140658,20
8737,90,62.46120539872061,21
8738,52,29.356971200405013,22
8739,32,1.1935044103092167,23
8740,14,0.0,0
8741,5,0.0,1
8742,4,0.0,2
8743,4,0.0,3
8744,5,0.0,4
8745,26,0.0,5
8746,78,0.0,6
8747,215,73.54789837641957,7
8748,388,171.5979655451106,8
8749,227,76.44122523783011,9
8750,86,49.930585641513204,10
8751,84,88.60018413487553,11
8752,120,107.59140023080121,12
8753,118,114.67004723465604,13
8754,117,108.47174816544332,14
8755,119,120.99466959497335,15
8756,197,166.86033043382102,16
8757,412,282.1472123709508,17
8758,383,257.97065064596427,18
8759,265,184.4523923297764,19
8760,177,111.91835132883197,20
8761,97,56.70972613376868,21
8762,71,28.486389564041957,22
8763,60,0.0,23
8764,25,0.0,0
8765,8,0.0,1
8766,5,0.0,2
8767,4,0.0,3
8768,3,0.0,4
8769,13,0.0,5
8770,70,0.0,6
8771,205,94.94220868865749,7
8772,447,187.4966163570644,8
8773,241,83.53069613894867,9
8774,116,50.87993073287544,10
8775,138,84.38083206572985,11
8776,191,124.01509886935192,12
8777,204,135.64484861776435,13
8778,178,143.21091796946374,14
8779,222,164.09512279826924,15
8780,294,209.25147955887536,16
8781,476,309.95820193055914,17
8782,419,297.18749399153114,18
8783,272,208.75947202819566,19
8784,177,140.81276359230378,20
8785,154,100.69644764776943,21
8786,135,60.65645358859332,22
8787,101,37.13046338088161,23
8788,79,5.389464263914931,0
8789,62,0.3790167322717224,1
8790,38,0.0,2
8791,20,0.0,3
8792,10,0.0,4
8793,9,0.0,5
8794,7,0.0,6
8795,20,69.21096438022201,7
8796,64,183.96840714695134,8
8797,130,71.65835318800357,9
8798,203,49.41593504037654,10
8799,324,86.40469832379807,11
8800,376,138.78891743172125,12
8801,445,142.25471342987126,13
8802,512,141.54716336617165,14
8803,449,163.55585048997523,15
8804,401,202.24206356261203,16
8805,322,314.0473373249275,17
8806,297,292.4435876448661,18
8807,215,214.33618530713204,19
8808,170,152.84694855050506,20
8809,140,105.180772479594,21
8810,109,82.83107818182636,22
8811,119,50.03474158580447,23
8812,91,11.963122376232832,0
8813,72,0.0,1
8814,67,0.0,2
8815,32,0.0,3
8816,6,0.0,4
8817,2,0.0,5
8818,2,14.80233689700934,6
8819,24,109.95533427538598,7
8820,57,207.5834194522747,8
8821,125,107.84626196187361,9
8822,208,73.33747835674376,10
8823,256,95.57111345944881,11
8824,351,131.50203535757208,12
8825,343,134.84755221351577,13
8826,328,124.89660772513668,14
8827,330,130.41214490565815,15
8828,314,175.92433983260622,16
8829,219,288.3641478175077,17
8830,181,249.5970410115972,18
8831,112,167.7161016361517,19
8832,126,105.64615298540357,20
8833,91,62.16275138148875,21
8834,58,33.078775986856314,22
8835,30,0.43851864638314453,23
8836,15,0.0,0
8837,5,0.0,1
8838,5,0.0,2
8839,3,0.0,3
8840,4,0.0,4
8841,21,0.0,5
8842,88,0.0,6
8843,240,87.40573871500598,7
8844,420,191.4890959442343,8
8845,197,84.1616714376562,9
8846,108,55.66649977380145,10
8847,88,72.69103082619827,11
8848,103,99.43563587371827,12
8849,80,96.44406332907676,13
8850,50,21.18504318067248,14
8851,69,26.41259666857566,15
8852,49,66.48922535512438,16
8853,152,186.02236171970839,17
8854,164,178.79903153585775,18
8855,190,71.50556750824599,19
8856,132,60.997422395191776,20
8857,79,25.061600266502467,21
8858,62,0.0,22
8859,52,0.0,23
8860,14,0.0,0
8861,5,0.0,1
8862,4,0.0,2
8863,4,0.0,4
8864,23,0.0,5
8865,79,0.0,6
8866,222,51.74015512578087,7
8867,471,150.3963689346278,8
8868,195,47.13975279475356,9
8869,83,7.893635888920855,10
8870,101,113.62042297880438,11
8871,140,141.76963199187148,12
8872,178,138.77805944722996,13
8873,106,128.76163273956954,14
8874,136,133.98918622747271,15
8875,240,178.43861116427962,16
8876,460,297.28099076904766,17
8877,385,271.6906464206885,18
8878,281,185.63574124045337,19
8879,200,115.32377804353042,20
8880,116,67.41372990656977,21
8881,114,33.40192198249271,22
8882,41,0.0,23
8883,28,0.0,0
8884,7,0.0,1
8885,5,0.0,2
8886,4,0.0,3
8887,2,0.0,4
8888,22,0.0,5
8889,74,0.0,6
8890,256,68.51657081565699,7
8891,499,167.32183872001684,8
8892,225,54.83595132944235,9
8893,97,21.33789888815967,10
8894,99,45.730004681066845,11
8895,55,47.48468346434986,12
8896,65,51.79539424326708,13
8897,73,34.22628413494289,14
8898,79,79.20391264076895,15
8899,118,119.08134321447312,16
8900,134,195.2077361677584,17
8901,98,172.7133592102017,18
8902,93,84.90492728000949,19
8903,57,30.28868830277537,20
8904,29,1.4029379640461315,21
8905,49,0.0,22
8906,9,0.0,23
8907,3,0.0,0
8908,3,0.0,1
8909,2,0.0,2
8910,3,0.0,3
8911,2,0.0,4
8912,16,0.0,5
8913,89,0.0,6
8914,220,76.35090560262148,7
8915,508,183.9842707318611,8
8916,230,83.89504498954253,9
8917,90,47.928671952434186,10
8918,119,61.632105606168956,11
8919,144,89.78131461923604,12
8920,183,106.99407492855667,13
8921,156,96.97764822089624,14
8922,188,110.21678911059972,15
8923,281,161.96158198903345,16
8924,495,282.24991908928627,17
8925,421,250.80422350731322,18
8926,330,162.81209612342502,19
8927,240,105.0215513667034,20
8928,174,82.66356491315557,21
8929,133,35.22562605622012,22
8930,67,7.572541295606214,23
8931,42,0.0,0
8932,12,0.0,1
8933,14,0.0,2
8934,7,0.0,3
8935,3,0.0,4
8936,21,0.0,5
8937,73,0.0,6
8938,177,98.03968534632828,7
8939,419,194.57091997284147,8
8940,214,91.35471072276759,9
8941,103,55.334487402871616,10
8942,114,73.17413061836575,11
8943,154,105.20694948916191,12
8944,154,108.8014408079057,13
8945,129,98.07808227644603,14
8946,138,102.59633168610769,15
8947,233,158.03195454237752,16
8948,332,273.04457457220417,17
8949,301,244.33377472714517,18
8950,206,167.7833493450508,19
8951,136,108.89007872823248,20
8952,102,69.43707860122126,21
8953,65,30.524879089992382,22
8954,65,1.2610586942421804,23
8955,44,0.0,0
8956,50,0.0,1
8957,38,0.0,2
8958,20,0.0,3
8959,3,0.0,4
8960,4,0.0,5
8961,5,0.0,6
8962,24,86.23770948335573,7
8963,92,180.15421773705748,8
8964,81,83.39537702977515,9
8965,149,55.461116954828015,10
8966,178,76.80895294148576,11
8967,219,106.0102466483377,12
8968,220,99.89584635255403,13
8969,231,94.16808322097151,14
8970,226,101.8091603817753,15
8971,206,150.49566108821085,16
8972,144,263.73857930409713,17
8973,143,238.6783056835472,18
8974,102,150.86987375335497,19
8975,103,95.49285266953393,20
8976,69,57.448226422494244,21
8977,66,20.957412606235238,22
8978,76,0.0,23
8979,59,0.0,0
8980,42,0.0,1
8981,43,0.0,2
8982,25,0.0,3
8983,6,0.0,4
8984,5,0.0,5
8985,8,0.0,6
8986,17,71.1467972913004,7
8987,36,171.21924700218807,8
8988,90,69.72307299420288,9
8989,126,29.528883869517287,10
8990,165,58.857245011887,11
8991,234,94.14805131650616,12
8992,224,99.60982051635798,13
8993,188,89.43270777669088,14
8994,206,107.9531471077386,15
8995,205,148.67964821882313,16
8996,146,269.3238234854179,17
8997,120,236.01224768231896,18
8998,110,149.7714780041228,19
8999,95,95.14832364495678,20
9000,72,55.7491738007332,21
9001,60,38.830778679960176,22
9002,29,0.5073782962696782,23
9003,25,0.0,0
9004,20,0.0,1
9005,17,0.0,2
9006,3,0.0,3
9007,8,0.0,4
9008,6,0.0,5
9009,13,0.0,6
9010,33,59.882983461850586,7
9011,78,152.85379175114173,8
9012,96,49.59717561126753,9
9013,126,10.094798865083902,10
9014,179,34.161164722342576,11
9015,185,70.30890358641133,12
9016,228,77.71245366388115,13
9017,181,71.28682758822106,14
9018,192,77.32675098916039,15
9019,180,126.36908986193785,16
9020,193,240.22136383445573,17
9021,181,212.7554285630745,18
9022,144,133.69627569535422,19
9023,90,73.39463119856435,20
9024,49,47.52250060731595,21
9025,43,21.77894131405408,22
9026,28,0.0,23
9027,12,0.0,0
9028,2,0.0,1
9029,12,0.0,2
9030,2,0.0,4
9031,13,0.0,5
9032,57,0.0,6
9033,126,38.69181839879309,7
9034,93,135.93179630559922,8
9035,68,36.65731273075903,9
9036,62,0.0,10
9037,75,60.39917274731432,11
9038,86,78.92456946017161,12
9039,103,96.6917133473444,13
9040,132,108.13101360706706,14
9041,129,113.35856709497025,15
9042,219,160.27631262760275,16
9043,462,279.1163199779285,17
9044,463,254.8684162704148,18
9045,308,177.62960638294678,19
9046,180,121.96222935206518,20
9047,180,81.74002429844916,21
9048,90,53.01737683778562,22
9049,61,22.793852286688846,23
9050,17,0.0,0
9051,10,0.0,1
9052,2,0.0,2
9053,4,0.0,3
9054,1,0.0,4
9055,29,0.0,5
9056,88,20.397301359248317,6
9057,263,112.38988737096957,7
9058,489,198.30504249938258,8
9059,202,93.89876559855594,9
9060,93,62.784618373203216,10
9061,114,82.5109236502645,11
9062,161,109.55280002677695,12
9063,130,105.89885830474965,13
9064,105,104.89270442973148,14
9065,130,105.89009752993788,15
9066,176,149.8453155012462,16
9067,346,262.2851234861477,17
9068,355,238.7386618348062,18
9069,256,152.78587584922832,19
9070,165,99.934795558445,20
9071,124,53.7326732815995,21
9072,78,23.29794420420764,22
9073,38,0.0,23
9074,16,0.0,0
9075,5,0.0,1
9076,3,0.0,2
9077,4,0.0,3
9078,1,0.0,4
9079,19,0.0,5
9080,86,0.0,6
9081,206,76.76354183927492,7
9082,423,174.0151516825747,8
9083,210,76.38404021389299,9
9084,108,36.38821234001843,10
9085,99,52.75662799078232,11
9086,111,89.96950909943453,12
9087,124,91.34325662517065,13
9088,119,89.14563743941756,14
9089,127,94.12279085021572,15
9090,193,141.69267128372246,16
9091,385,251.38935151402183,17
9092,361,227.1414478065081,18
9093,234,146.6846063551726,19
9094,191,86.04321773179828,20
9095,121,61.13079129589644,21
9096,90,28.99157576469993,22
9097,56,1.9263571849618302,23
9098,27,0.0,0
9099,15,0.0,1
9100,11,0.0,2
9101,4,0.0,3
9102,3,0.0,4
9103,19,0.0,5
9104,68,0.0,6
9105,185,83.19540391846209,7
9106,425,185.16722535834407,8
9107,263,91.35471072276759,9
9108,97,53.79217624434692,10
9109,123,75.30920604468982,11
9110,124,102.55633109962244,12
9111,156,110.46021476498227,13
9112,115,93.77709457503514,14
9113,156,102.53479200876775,15
9114,174,144.21862502075655,16
9115,349,271.7493445962048,17
9116,301,241.56845856631742,18
9117,192,160.8533550158076,19
9118,142,106.53673166768547,20
9119,104,69.59804039721828,21
9120,72,37.8469321361044,22
9121,38,0.0,23
9122,24,0.0,0
9123,23,0.0,1
9124,26,0.0,2
9125,13,0.0,3
9126,1,0.0,4
9127,2,0.0,5
9128,1,0.0,6
9129,13,9.017227569777006,7
9130,25,145.44304818223645,8
9131,42,42.186432042362256,9
9132,45,0.0,10
9133,63,36.48720473010235,11
9134,67,70.27583100200681,12
9135,76,64.11686805980966,13
9136,95,14.572764671089956,14
9137,119,19.800318158993136,15
9138,118,103.07974763511146,16
9139,106,217.31758136741524,17
9140,110,197.09221711473583,18
9141,85,110.79759715375197,19
9142,67,56.890662254759405,20
9143,69,29.685269680491118,21
9144,59,0.7227321832244087,22
9145,52,0.0,23
9146,52,0.0,0
9147,50,0.0,1
9148,47,0.0,2
9149,21,0.0,3
9150,2,0.0,4
9151,3,0.0,5
9152,4,0.0,6
9153,13,58.772277920134584,7
9154,32,157.42849172898147,8
9155,63,54.17187558910727,9
9156,129,12.465300109518196,10
9157,133,0.0,11
9158,185,56.20452381366131,12
9159,199,57.43385197466516,13
9160,182,45.66389851704763,14
9161,176,49.13338212750409,15
9162,155,94.99904296635177,16
9163,108,215.58094513014095,17
9164,121,145.56208149372594,18
9165,89,67.61396752801636,19
9166,74,8.069896021337627,20
9167,44,0.0,21
9168,58,0.0,22
9169,37,0.0,23
9170,19,0.0,0
9171,4,0.0,1
9172,2,0.0,2
9173,1,0.0,3
9174,1,0.0,4
9175,19,0.0,5
9176,42,0.0,6
9177,122,26.846159097519788,7
9178,272,119.16993641137496,8
9179,211,58.96876864394719,9
9180,149,18.311997206991762,10
9181,62,32.04769996446724,11
9182,62,67.6906381699722,12
9183,37,20.585390390232703,13
9184,61,5.996969319469571,14
9185,74,44.776438021815736,15
9186,122,102.01385653991227,16
9187,276,218.43108053528604,17
9188,282,194.83863062322612,18
9189,220,119.46095644799945,19
9190,169,56.74578827830899,20
9191,120,18.337010823013358,21
9192,68,0.0,22
9193,37,0.0,23
9194,25,0.0,0
9195,9,0.0,1
9196,8,0.0,2
9197,3,0.0,3
9198,2,0.0,4
9199,26,0.0,5
9200,89,0.0,6
9201,232,77.4753654827286,7
9202,490,176.1315792915755,8
9203,255,78.7624082332014,9
9204,116,38.94241379095358,10
9205,153,62.89427267925369,11
9206,175,90.33417761407925,12
9207,203,87.34260506943774,13
9208,173,84.01673367426211,14
9209,208,103.10036524536865,15
9210,278,153.92849997184396,16
9211,515,277.8431314707889,17
9212,423,254.34493873131703,18
9213,331,191.7989839217599,19
9214,229,97.07049662839746,20
9215,172,73.1204408411821,21
9216,125,32.052979756226904,22
9217,99,5.85199465996449,23
9218,31,0.0,0
9219,13,0.0,1
9220,6,0.0,2
9221,1,0.0,3
9222,4,0.0,4
9223,33,0.0,5
9224,88,0.0,6
9225,257,75.92191997401032,7
9226,513,177.89374141389231,8
9227,236,74.6371252740181,9
9228,141,31.594370305493513,10
9229,157,65.0976438927902,11
9230,193,114.2506549030041,12
9231,212,116.70571973730699,13
9232,160,108.80082881899291,14
9233,155,122.891412500519,15
9234,246,153.85517171428842,16
9235,470,273.4982892955989,17
9236,439,233.99273739995604,18
9237,316,169.75996046385092,19
9238,235,100.52309138240213,20
9239,185,66.19768269562871,21
9240,113,36.55811022386119,22
9241,66,1.9783500285837334,23
9242,25,0.0,0
9243,21,0.0,1
9244,7,0.0,2
9245,6,0.0,3
9246,3,0.0,4
9247,28,0.0,5
9248,88,0.0,6
9249,239,78.04317106756648,7
9250,530,176.69938487641335,8
9251,274,79.89227525726145,9
9252,108,35.364859910084476,10
9253,111,50.25248590485086,11
9254,165,88.02324474178931,12
9255,173,104.91062190367765,13
9256,128,95.69493317255967,14
9257,164,104.19531514725536,15
9258,224,147.14161341121016,16
9259,413,268.90335559087106,17
9260,406,244.65545188335727,18
9261,313,156.93296408383898,19
9262,224,94.31537198131613,20
9263,192,65.32418355335003,21
9264,142,35.00075232844091,22
9265,91,6.28280772886437,23
9266,38,0.0,0
9267,29,0.0,1
9268,13,0.0,2
9269,8,0.0,3
9270,4,0.0,4
9271,24,0.0,5
9272,72,0.0,6
9273,134,89.18637090347315,7
9274,220,170.01137744375578,8
9275,107,66.7547613038816,9
9276,126,17.41419302373552,10
9277,105,81.85106049399923,11
9278,180,117.39084126141849,12
9279,201,134.90198785399835,13
9280,176,125.98042498436536,14
9281,197,136.46228699116477,15
9282,267,170.46627003267432,16
9283,422,283.64510368926136,17
9284,383,258.24991147523747,18
9285,251,173.07936001274015,19
9286,159,109.96756094471874,20
9287,135,70.50292888121383,21
9288,119,51.48131101300848,22
9289,86,17.278026151319963,23
9290,69,0.0,0
9291,58,0.0,1
9292,41,0.0,2
9293,17,0.0,3
9294,8,0.0,4
9295,10,0.0,5
9296,15,0.0,6
9297,31,86.60681608692508,7
9298,91,173.74676124849975,8
9299,158,77.98387430106342,9
9300,191,48.05411021907203,10
9301,296,83.82639651124595,11
9302,314,103.36706751544,12
9303,373,110.85540296842439,13
9304,362,112.97437727970407,14
9305,410,125.31143421127307,15
9306,407,176.15651538601458,16
9307,290,291.81058502035916,17
9308,241,273.8714467799687,18
9309,206,183.8820516708699,19
9310,120,136.4986969461228,20
9311,127,97.81080963807155,21
9312,103,68.98509634261342,22
9313,85,37.90226697762476,23
9314,96,2.76618540692931,0
9315,73,0.0,1
9316,51,0.0,2
9317,21,0.0,3
9318,5,0.0,4
9319,7,0.0,5
9320,5,7.757261582626597,6
9321,12,103.56571275645713,7
9322,70,196.5355744056109,8
9323,111,90.86543459283611,9
9324,191,67.88078165704772,10
9325,255,95.89597273217124,11
9326,288,132.20676988268897,12
9327,316,129.21519733804746,13
9328,280,118.49183880658777,14
9329,310,130.36716846273316,15
9330,322,176.2649231494671,16
9331,234,292.6282968620532,17
9332,168,263.86364673420655,18
9333,159,181.33888549980082,19
9334,111,113.6442969942165,20
9335,69,82.52994084041035,21
9336,64,61.44128618030379,22
9337,25,23.72269842575534,23
9338,10,3.336981927299945,0
9339,9,0.0,1
9340,7,0.0,2
9341,4,0.0,3
9342,5,0.0,4
9343,26,0.0,5
9344,80,3.7432730482414485,6
9345,225,98.18696634837657,7
9346,493,192.57306389957114,8
9347,198,89.31644775969696,9
9348,85,56.75397078441715,10
9349,99,91.45552192790731,11
9350,134,110.71617439802569,12
9351,132,124.19511237059587,13
9352,115,126.59466601389985,14
9353,138,129.3617609280467,15
9354,221,177.69574236271995,16
9355,438,300.55689150789794,17
9356,410,272.1271599735253,18
9357,306,172.39467400671603,19
9358,181,117.6707344639066,20
9359,162,80.73204319343941,21
9360,94,43.69498358538782,22
9361,52,1.2538399341376447,23
9362,15,0.0,0
9363,8,0.0,1
9364,2,0.0,2
9365,2,0.0,3
9366,1,0.0,4
9367,22,0.0,5
9368,104,10.203124284258251,6
9369,279,94.9402982243082,7
9370,512,196.76390243071071,8
9371,261,103.32853137653272,9
9372,144,60.13067174691953,10
9373,139,111.50556829487839,11
9374,194,134.47426405024464,12
9375,198,148.70934939862101,13
9376,160,148.3980443910636,14
9377,177,159.7661374852346,15
9378,307,205.63179832408227,16
9379,559,322.7044761149099,17
9380,502,301.4818240913707,18
9381,328,214.72138474731844,19
9382,238,122.17777748465295,20
9383,165,112.98853438554546,21
9384,129,81.63688029704963,22
9385,63,50.06260206319341,23
9386,31,27.902540360693123,0
9387,4,11.892348380126279,1
9388,7,3.4047401989448787,2
9389,3,0.0,3
9390,1,0.0,4
9391,18,0.0,5
9392,67,0.0,6
9393,208,76.44403349165393,7
9394,520,161.57322804752565,8
9395,276,97.70214987512965,9
9396,133,80.0139427803056,10
9397,143,100.47927372905241,11
9398,179,139.81532256354464,12
9399,186,142.89566193838215,13
9400,192,173.49913390533592,14
9401,194,173.47282989418767,15
9402,283,216.7321871802418,16
9403,539,323.92779136065025,17
9404,526,294.6935519353107,18
9405,335,205.8130903329259,19
9406,264,148.28220533536071,20
9407,233,113.75703773779412,21
9408,140,80.88702855260026,22
9409,97,40.151502155991324,23
9410,31,16.14585379967123,0
9411,17,4.699984962467582,1
9412,9,0.0,2
9413,2,0.0,3
9414,1,0.0,4
9415,19,0.0,5
9416,74,0.0,6
9417,205,48.680375145337536,7
9418,445,158.71620865550256,8
9419,228,52.17984864690395,9
9420,78,25.052377114074872,10
9421,105,32.17420900768808,11
9422,148,114.81173842009662,12
9423,137,111.58953552090334,13
9424,141,100.87895213462144,14
9425,174,121.75624158149505,15
9426,229,174.44352530786358,16
9427,450,280.10319502597804,17
9428,410,262.1389814561066,18
9429,327,179.4948877196319,19
9430,213,112.53420117629031,20
9431,148,77.20829560218128,21
9432,109,45.05213362271856,22
9433,61,19.768073537560113,23
9434,38,0.0,0
9435,22,0.0,1
9436,6,0.0,2
9437,4,0.0,3
9438,2,0.0,4
9439,17,0.0,5
9440,88,1.9540291539437078,6
9441,226,94.64656795856399,7
9442,441,193.30278176741086,8
9443,270,90.75546970577821,9
9444,129,63.17695619388189,10
9445,164,90.7904124452362,11
9446,216,132.7903850297341,12
9447,198,137.30871674151373,13
9448,170,120.93658966587421,14
9449,216,141.6708574079977,15
9450,311,190.7507798962884,16
9451,488,307.4676195207742,17
9452,385,276.46605053593646,18
9453,267,184.3875023480919,19
9454,163,127.30388941516955,20
9455,134,92.77872181760296,21
9456,119,66.30891199783335,22
9457,77,5.0344389717510865,23
9458,86,0.0,0
9459,43,0.0,1
9460,44,0.0,2
9461,18,0.0,3
9462,6,0.0,4
9463,4,0.0,5
9464,5,0.0,6
9465,28,74.60024756717922,7
9466,90,183.84206768040394,8
9467,157,79.08006239133923,9
9468,224,36.76496801715203,10
9469,270,82.79797308656407,11
9470,300,103.52424963824716,12
9471,302,95.96068273050291,13
9472,276,91.72581199526093,14
9473,305,96.95336548316412,15
9474,143,152.5817682193269,16
9475,67,212.45693147907937,17
9476,64,181.61367627180613,18
9477,80,92.49216587765878,19
9478,77,23.797080484738842,20
9479,78,0.0,21
9480,95,13.145057359406664,22
9481,70,0.0,23
9482,61,0.0,0
9483,51,0.0,1
9484,63,0.0,2
9485,17,0.0,3
9486,9,0.0,4
9487,4,0.0,5
9488,4,0.0,6
9489,16,79.53789997511537,7
9490,62,178.19411378396225,8
9491,92,76.49957852516603,9
9492,148,43.132593658919376,10
9493,182,60.24333570113569,11
9494,248,92.41508416903713,12
9495,274,96.62130349885484,13
9496,243,95.18201314102049,14
9497,272,97.01154587681629,15
9498,296,147.83730834884932,16
9499,306,272.3544081768168,17
9500,181,242.46387809398993,18
9501,69,165.22269595207962,19
9502,50,102.3506116648069,20
9503,66,70.99974984672781,21
9504,191,38.03216459436635,22
9505,42,0.0,23
9506,21,0.0,0
9507,6,0.0,1
9508,3,0.0,2
9509,2,0.0,4
9510,17,0.0,5
9511,72,0.0,6
9512,234,64.81855307080664,7
9513,444,162.76783505585428,8
9514,277,69.36916462602053,9
9515,116,40.69815953053903,10
9516,116,68.52294298021188,11
9517,150,113.03573515798054,12
9518,141,137.44335398927493,13
9519,140,136.14544650721402,14
9520,171,144.22688035072875,15
9521,228,178.6794299803899,16
9522,430,295.042803692976,17
9523,437,268.22208794053705,18
9524,291,183.1477148852253,19
9525,201,123.54514019016543,20
9526,154,76.89755730517078,21
9527,87,41.42124456718335,22
9528,46,11.197720016086578,23
9529,23,0.0,0
9530,14,0.0,1
9531,4,0.0,2
9532,2,0.0,3
9533,3,0.0,4
9534,15,0.0,5
9535,100,24.154702768072028,6
9536,299,129.53537843566315,7
9537,529,220.6495941402026,8
9538,289,120.6658064871209,9
9539,116,82.16657727504298,10
9540,129,102.69599278308897,11
9541,172,141.13187225241373,12
9542,184,148.07396191360553,13
9543,138,138.0575352059451,14
9544,146,144.7013245958891,15
9545,276,191.56427320559658,16
9546,509,309.3438828202235,17
9547,518,279.4027115710847,18
9548,338,190.17018171678242,19
9549,212,124.21236431521872,20
9550,190,79.3159359257389,21
9551,118,49.61702340355677,22
9552,51,21.853957426216354,23
9553,23,0.0,0
9554,10,0.0,1
9555,1,0.0,2
9556,1,0.0,3
9557,1,0.0,4
9558,20,0.0,5
9559,98,0.0,6
9560,281,85.57251075641322,7
9561,508,179.30089203581548,8
9562,253,79.55587252334513,9
9563,108,41.12212553054853,10
9564,102,63.101268448503745,11
9565,138,92.06284737460697,12
9566,126,98.63337482531834,13
9567,108,94.49608015724397,14
9568,54,57.224555562901,15
9569,75,79.39634817324692,16
9570,155,187.6598460532393,17
9571,167,163.41194234572555,18
9572,161,85.46382838001601,19
9573,125,26.622145569646904,20
9574,129,0.0,21
9575,98,6.5710807354107885,22
9576,60,0.0,23
9577,26,0.0,0
9578,12,0.0,1
9579,2,0.0,2
9580,4,0.0,3
9581,1,0.0,4
9582,18,0.0,5
9583,76,0.0,6
9584,267,76.76622652817218,7
9585,484,179.44497979185343,8
9586,238,80.91783493061283,9
9587,97,51.380609639307565,10
9588,99,71.81244908018594,11
9589,158,102.92928958001548,12
9590,154,112.36155940840764,13
9591,144,109.79192699232934,14
9592,134,117.43300415313314,15
9593,238,174.70381104262475,16
9594,399,289.49026282116336,17
9595,417,266.94657870830866,18
9596,295,186.57707904762927,19
9597,199,130.6100863876357,20
9598,177,76.7632860138769,21
9599,107,45.99203747285161,22
9600,84,18.986544485622304,23
9601,43,0.0,0
9602,13,0.0,1
9603,16,0.0,2
9604,5,0.0,3
9605,2,0.0,4
9606,17,0.0,5
9607,64,0.0,6
9608,230,95.38150152260471,7
9609,448,194.03771533145158,8
9610,275,97.27887462416925,9
9611,124,67.71724225119252,10
9612,153,92.07404507973763,11
9613,176,125.20267442869857,12
9614,192,124.32263767340342,13
9615,146,119.99256312543608,14
9616,191,119.33267153183918,15
9617,268,165.96376738286722,16
9618,396,284.78759966920967,17
9619,359,199.17379699674922,18
9620,262,173.9486694880759,19
9621,151,116.86505655515353,20
9622,122,71.92263990495532,21
9623,113,48.6295081191155,22
9624,65,8.738445483428976,23
9625,53,0.0,0
9626,45,0.0,1
9627,26,0.0,2
9628,9,0.0,3
9629,4,0.0,4
9630,2,0.0,5
9631,9,0.0,6
9632,19,25.55645915148544,7
9633,78,124.21267296033231,8
9634,90,22.70721131597294,9
9635,166,0.0,10
9636,183,55.29544901668801,11
9637,221,84.25702794279124,12
9638,235,77.38184554042066,13
9639,243,68.07472291100177,14
9640,124,94.88223658361808,15
9641,146,71.55903517899858,16
9642,144,190.63554819359726,17
9643,108,220.4285570524327,18
9644,87,146.26703767523324,19
9645,63,80.21732871389338,20
9646,48,42.45160173327501,21
9647,46,23.060423913412606,22
9648,20,0.0,23
9649,21,0.0,0
9650,24,0.0,1
9651,27,0.0,2
9652,14,0.0,3
9653,1,0.0,4
9654,3,0.0,5
9655,2,0.0,6
9656,18,72.47766141454277,7
9657,26,168.67341664963328,8
9658,63,70.84489057027788,9
9659,91,39.093836867896854,10
9660,124,58.46667623305851,11
9661,140,81.01870450839496,12
9662,138,87.19298690296412,13
9663,111,75.40685838136328,14
9664,155,79.92748004546722,15
9665,164,140.3470663651205,16
9666,87,252.0799425262228,17
9667,96,220.03177861522727,18
9668,80,147.38351040928757,19
9669,57,84.34836783556591,20
9670,36,49.727996425273986,21
9671,28,28.53948504684864,22
9672,23,0.0,23
9673,9,0.0,0
9674,6,0.0,1
9675,4,0.0,2
9676,1,0.0,3
9677,2,0.0,4
9678,17,0.0,5
9679,72,0.0,6
9680,195,76.51887628823398,7
9681,417,177.63554867083724,8
9682,205,79.46047206151411,9
9683,71,44.903419544514705,10
9684,90,86.05867245284531,11
9685,118,127.04132068478457,12
9686,140,138.9525964053587,13
9687,135,136.3392382049004,14
9688,155,139.87043412021376,15
9689,211,187.53789062088813,16
9690,407,303.9012643334742,17
9691,405,272.30414240154596,18
9692,263,198.2327229116336,19
9693,214,120.21059939851602,20
9694,147,80.70838371949785,21
9695,102,42.816175054167545,22
9696,36,32.51437935384321,23
9697,14,0.0,0
9698,6,0.0,1
9699,3,0.0,2
9700,3,0.0,3
9701,2,0.0,4
9702,22,0.0,5
9703,90,11.447308223023569,6
9704,280,95.88854484509487,7
9705,513,190.72058044991843,8
9706,262,98.830140618375,9
9707,98,54.25445635932847,10
9708,112,90.12194646422773,11
9709,172,110.17914166677036,12
9710,173,125.9601328322414,13
9711,124,130.60287889229375,14
9712,145,131.14762914327355,15
9713,266,187.22175934673106,16
9714,523,299.75537348437575,17
9715,406,259.68190038626483,18
9716,281,176.33350336051348,19
9717,184,128.54541528185564,20
9718,109,87.18518140378086,21
9719,77,60.715371584011244,22
9720,57,30.84531294481411,23
9721,22,0.0,0
9722,5,0.0,1
9723,4,0.0,2
9724,3,0.0,3
9725,1,0.0,4
9726,25,0.0,5
9727,95,11.031723224634632,6
9728,321,96.25306065600132,7
9729,515,200.71383985895596,8
9730,231,99.2083782145966,9
9731,120,66.11820276594983,10
9732,138,91.97027024527775,11
9733,163,129.691355868734,12
9734,170,134.87205675789943,13
9735,134,127.96777250502484,14
9736,171,136.38126370890924,15
9737,231,185.36975229889907,16
9738,487,301.7331260114851,17
9739,468,271.8940739570036,18
9740,311,189.66892835170987,19
9741,211,124.80360253373132,20
9742,178,81.36713583067227,21
9743,107,60.582731530458396,22
9744,58,27.49464132739378,23
9745,23,0.0,0
9746,5,0.0,1
9747,7,0.0,2
9748,1,0.0,3
9749,3,0.0,4
9750,20,0.0,5
9751,87,0.0,6
9752,288,93.01435455509011,7
9753,498,193.78210415328334,8
9754,202,87.70464814582127,9
9755,44,12.547889275569958,10
9756,71,31.21142456249008,11
9757,45,54.88705214165559,12
9758,64,53.2095326554293,13
9759,31,34.335657125064046,14
9760,53,53.55611289797913,15
9761,118,95.39923428199246,16
9762,289,206.9355606487773,17
9763,353,177.4063584999193,18
9764,258,136.42002455227583,19
9765,216,81.08993836931057,20
9766,145,55.37849381006883,21
9767,111,29.159084067404265,22
9768,73,0.012051291763796712,23
9769,34,0.0,0
9770,18,0.0,1
9771,12,0.0,2
9772,1,0.0,3
9773,1,0.0,4
9774,16,0.0,5
9775,71,0.0,6
9776,226,79.34758208706705,7
9777,520,173.66686340796647,8
9778,283,70.41024726809228,9
9779,116,61.98587672533571,10
9780,142,87.26994197796967,11
9781,198,135.41753633610895,12
9782,205,138.82853541133397,13
9783,170,133.63915604947476,14
9784,221,142.33231790406342,15
9785,307,193.44397421989328,16
9786,465,309.0980438542378,17
9787,377,280.9358620554137,18
9788,282,198.80592026284523,19
9789,171,147.32037105882256,20
9790,129,107.90644381059782,21
9791,107,72.9456170275305,22
9792,82,43.43139655467529,23
9793,86,13.499172130435525,0
9794,45,0.0,1
9795,45,0.0,2
9796,18,0.0,3
9797,7,0.0,4
9798,1,0.0,5
9799,9,3.7094906396171865,6
9800,41,98.86248801799384,7
9801,102,180.56232381167956,8
9802,138,78.36289629102843,9
9803,205,44.86484384974575,10
9804,286,92.29924376822908,11
9805,369,135.80367703659286,12
9806,384,139.33449759254896,13
9807,427,140.53700455419994,14
9808,499,140.1367727197595,15
9809,404,185.09657968604824,16
9810,364,315.51135887202736,17
9811,246,286.02122960195584,18
9812,188,203.15917751963377,19
9813,148,146.0755645867114,20
9814,114,117.21404607379918,21
9815,118,75.01833277942148,22
9816,74,32.258803186451985,23
9817,74,0.9548534451402304,0
9818,72,0.0,1
9819,48,0.0,2
9820,15,0.0,3
9821,3,0.0,4
9822,2,0.0,5
9823,5,1.1511513787770298,6
9824,14,93.11374893790872,7
9825,56,191.72860921681792,8
9826,93,87.05575717490295,9
9827,191,54.300500319730205,10
9828,226,66.22277547888532,11
9829,255,104.73027933635814,12
9830,261,114.85253454028334,13
9831,237,106.37378163202942,14
9832,253,104.05933701562518,15
9833,212,154.2903179248505,16
9834,157,264.87213566501816,17
9835,167,237.80101983547428,18
9836,119,160.26259431889423,19
9837,103,102.46967730773034,20
9838,36,12.82189399305905,21
9839,55,0.0,22
9840,35,0.0,23
9841,41,0.0,0
9842,15,0.0,1
9843,20,0.0,2
9844,8,0.0,3
9845,6,0.0,5
9846,10,0.0,6
9847,44,72.02957301393172,7
9848,120,167.7342493757736,8
9849,110,64.4776332358994,9
9850,143,29.60375178237622,10
9851,208,61.870022818064385,11
9852,281,100.98688243216884,12
9853,312,102.27234152711154,13
9854,263,103.5324686859746,14
9855,289,111.88833969264692,15
9856,280,171.02833905621355,16
9857,253,288.73415340964505,17
9858,242,249.86947053656695,18
9859,172,171.9213565708574,19
9860,126,116.59127038789214,20
9861,98,72.19792280377357,21
9862,62,43.72190550579063,22
9863,26,21.495190952492962,23
9864,12,0.0,0
9865,7,0.0,1
9866,3,0.0,2
9867,2,0.0,4
9868,15,0.0,5
9869,86,0.0,6
9870,279,97.86483992753449,7
9871,464,185.00478508910916,8
9872,217,76.5676556915341,9
9873,85,43.67812214484954,10
9874,86,58.52884430509447,11
9875,163,102.01473025503267,12
9876,131,114.75352328826298,13
9877,124,94.69999854435574,14
9878,160,109.96465006850575,15
9879,254,162.567801120694,16
9880,432,289.46824536664275,17
9881,425,265.220341659129,18
9882,304,179.56762896413835,19
9883,227,114.64240229779656,20
9884,154,76.84856197005064,21
9885,100,37.373571607426996,22
9886,47,10.392485701869163,23
9887,24,0.0,0
9888,7,0.0,1
9889,6,0.0,2
9890,4,0.0,3
9891,2,0.0,4
9892,30,0.0,5
9893,90,1.5345446506144356,6
9894,302,99.50146651464708,7
9895,576,195.68935972766832,8
9896,252,99.72811152942099,9
9897,139,62.95723060134579,10
9898,171,85.39527752043749,11
9899,207,122.57797937417044,12
9900,190,128.94183253215675,13
9901,177,121.49584561497916,14
9902,195,152.9293137115897,15
9903,298,202.62096421095436,16
9904,529,318.34051606458024,17
9905,525,277.4625350755025,18
9906,327,194.8839235583091,19
9907,274,134.23949844597593,20
9908,239,115.40447369718007,21
9909,147,71.82828512659896,22
9910,62,48.995332329854364,23
9911,42,15.44147839101349,0
9912,15,0.0,1
9913,9,0.0,2
9914,6,0.0,3
9915,1,0.0,4
9916,32,0.0,5
9917,91,0.0,6
9918,326,96.12471380779958,7
9919,560,187.38344048036242,8
9920,242,89.76624159932555,9
9921,148,76.1713706903897,10
9922,182,117.12040032584004,11
9923,224,154.07878924974239,12
9924,218,158.19672014876664,13
9925,192,151.65281718972358,14
9926,217,162.93087404557582,15
9927,343,216.05980897816409,16
9928,610,325.2551124097349,17
9929,522,297.6939733256283,18
9930,369,212.63775357623518,19
9931,269,143.91863109726268,20
9932,222,98.36353979585319,21
9933,137,68.77327447938372,22
9934,85,44.56815944834973,23
9935,46,17.887566817366576,0
9936,18,2.849403117479298,1
9937,5,0.0,2
9938,5,0.0,3
9939,2,0.0,4
9940,26,0.0,5
9941,82,9.358473944364547,6
9942,272,111.94482222133597,7
9943,469,204.84228626927649,8
9944,244,51.97196489404756,9
9945,141,15.90015376770235,10
9946,163,77.26112838767966,11
9947,228,116.32965544094623,12
9948,183,121.34038266173081,13
9949,31,121.09455987345473,14
9950,94,57.339474390771045,15
9951,178,103.20513522961872,16
9952,256,219.33294991806923,17
9953,300,238.50796468583752,18
9954,233,166.18763604247164,19
9955,167,126.83975266197041,20
9956,152,101.54983476129864,21
9957,106,75.50965836906633,22
9958,86,39.52738405706323,23
9959,61,9.611792358282045,0
9960,46,0.0,1
9961,38,0.0,2
9962,7,0.0,3
9963,2,0.0,4
9964,3,0.0,5
9965,13,20.536041658682777,6
9966,23,109.66294275078184,7
9967,93,206.17458028225872,8
9968,122,28.737292260034437,9
9969,183,52.60151664290861,10
9970,210,87.98694865178783,11
9971,258,126.39129507117495,12
9972,226,126.73708659246991,13
9973,216,115.86230171105495,14
9974,232,125.32693096858682,15
9975,195,168.6597356324649,16
9976,159,282.4744259894695,17
9977,133,255.89336136881104,18
9978,149,169.50493525508398,19
9979,105,112.35821235732253,20
9980,85,76.89100493166592,21
9981,82,43.777511051298916,22
9982,91,12.203232817442697,23
9983,70,0.0,0
9984,55,0.0,1
9985,42,0.0,2
9986,21,0.0,3
9987,6,0.0,4
9988,5,0.0,5
9989,2,4.314386019719478,6
9990,22,91.26538837084519,7
9991,59,192.03551022348068,8
9992,87,95.97668595806576,9
9993,188,70.5775627092394,10
9994,227,87.9303001833556,11
9995,305,126.59849007283509,12
9996,325,133.53034545751535,13
9997,331,130.81620207341368,14
9998,353,139.8813771583275,15
9999,339,176.26396675056432,16
10000,287,294.38541034059716,17
10001,216,261.17927262673516,18
10002,143,188.71686891875652,19
10003,88,121.92436437130668,20
10004,83,82.41523331035663,21
10005,71,55.18918451148973,22
10006,64,8.566213033380677,23
10007,29,0.0,0
10008,6,0.0,1
10009,4,0.0,2
10010,2,0.0,3
10011,1,0.0,4
10012,16,0.0,5
10013,90,0.0,6
10014,280,94.96420847118186,7
10015,528,199.97612264800784,8
10016,230,95.39707675883605,9
10017,104,76.62774315777497,10
10018,103,102.74593475834646,11
10019,177,144.35849226160104,12
10020,182,136.89333828305791,13
10021,158,142.33386765447494,14
10022,174,163.05738645127377,15
10023,286,210.68897918963745,16
10024,529,328.6613686841573,17
10025,527,299.42950151326005,18
10026,334,217.29955972069166,19
10027,219,154.4343908153508,20
10028,195,115.98565749009965,21
10029,92,80.51626013404413,22
10030,56,44.309112094261806,23
10031,10,17.209935385935268,0
10032,6,0.0,1
10033,3,0.0,2
10034,6,0.0,3
10035,2,0.0,4
10036,21,0.0,5
10037,101,19.121432149390543,6
10038,325,111.71090511921624,7
10039,559,205.02731729833778,8
10040,232,105.69426688614813,9
10041,132,73.55073804204932,10
10042,163,105.00086925027692,11
10043,183,141.9155323897993,12
10044,190,142.28413012260634,13
10045,134,143.08944538797778,14
10046,166,153.55230905650683,15
10047,287,197.80895411342075,16
10048,530,315.7813436079406,17
10049,449,288.15472230455265,18
10050,306,215.7108659149996,19
10051,204,148.95045521543605,20
10052,188,91.38355429024195,21
10053,101,64.91374447047234,22
10054,65,20.851088284438475,23
10055,32,0.0,0
10056,6,0.0,1
10057,4,0.0,2
10058,2,0.0,3
10059,29,0.0,5
10060,104,0.0,6
10061,253,79.28882061877088,7
10062,116,186.75875746594267,8
10063,38,39.58777398191886,9
10064,10,0.34165707608613616,10
10065,10,11.720058697890948,11
10066,70,35.12673888152584,12
10067,76,78.92471945170203,13
10068,56,68.9082927440416,14
10069,90,94.4542059810482,15
10070,167,100.79219013883656,16
10071,253,255.4931728817292,17
10072,192,194.19659838533806,18
10073,102,154.7133911105467,19
10074,97,57.73795028830905,20
10075,39,23.212782690742472,21
10076,55,0.0,22
10077,33,0.0,23
10078,11,0.0,0
10079,12,0.0,1
10080,6,0.0,2
10081,3,0.0,3
10082,5,0.0,4
10083,18,0.0,5
10084,109,4.91828282180667,6
10085,304,100.1650863529265,7
10086,594,199.7947261024351,8
10087,286,113.93484466043299,9
10088,133,104.34338530595272,10
10089,168,137.79972399239364,11
10090,220,170.06667627302045,12
10091,211,173.6704552281384,13
10092,211,161.9474366713766,14
10093,223,177.14963983686664,15
10094,361,213.68447285708766,16
10095,600,324.35457902804876,17
10096,525,296.22211882266856,18
10097,328,203.51706521974893,19
10098,254,135.34418853256904,20
10099,197,94.0629834032363,21
10100,126,63.5850893394131,22
10101,85,28.70030739996004,23
10102,46,7.339424482928564,0
10103,20,0.0,1
10104,6,0.0,2
10105,3,0.0,3
10106,2,0.0,4
10107,24,0.0,5
10108,92,16.22473063505518,6
10109,262,111.37772801343183,7
10110,549,199.56189584672205,8
10111,314,97.92773888176895,9
10112,132,87.46308030056467,10
10113,194,113.29897271590931,11
10114,234,147.84838109440068,12
10115,222,145.908893243544,13
10116,205,133.50280469318105,14
10117,78,130.27010105465902,15
10118,50,125.48295769587915,16
10119,128,216.46441864928772,17
10120,160,188.09877167421428,18
10121,174,110.15065770850474,19
10122,100,94.01095735868245,20
10123,101,22.06273348747102,21
10124,75,39.71351428473129,22
10125,23,9.48998973363453,23
10126,22,0.0,0
10127,44,0.0,1
10128,38,0.0,2
10129,21,0.0,3
10130,2,0.0,4
10131,2,0.0,5
10132,7,0.0,6
10133,16,91.9081548619793,7
10134,48,154.90175452907033,8
10135,94,57.61947424150756,9
10136,168,64.72255376778165,10
10137,214,80.55361725062019,11
10138,299,124.17294303003669,12
10139,339,140.87710634073406,13
10140,430,133.7421917333077,14
10141,399,159.9865131658652,15
10142,467,210.73401827343912,16
10143,385,329.60611947165114,17
10144,303,305.5212740505864,18
10145,225,216.70769232746503,19
10146,149,159.4740786588923,20
10147,154,132.4667804762895,21
10148,134,105.71967226025792,22
10149,106,72.98881788351737,23
10150,72,23.6445616592126,0
10151,76,7.44535971317724,1
10152,80,0.0,2
10153,26,0.0,3
10154,14,0.0,4
10155,5,0.0,5
10156,5,9.909924063992477,6
10157,23,105.06292144236913,7
10158,66,207.26300098236058,8
10159,118,103.58743671130543,9
10160,192,67.17379160955429,10
10161,256,90.21193460322623,11
10162,327,124.75679985422796,12
10163,364,130.11173330486076,13
10164,332,122.50883027010093,14
10165,334,124.40593507399954,15
10166,299,173.39442366398936,16
10167,263,282.408579152161,17
10168,184,251.85567989194828,18
10169,132,171.05368557062724,19
10170,88,116.84161732057294,20
10171,79,84.63239732873934,21
10172,62,49.10914968989617,22
10173,26,21.352999094487657,23
10174,17,0.0,0
10175,6,0.0,1
10176,4,0.0,2
10177,1,0.0,3
10178,1,0.0,4
10179,18,0.0,5
10180,91,0.0,6
10181,260,90.53917769224043,7
10182,428,194.22628986532655,8
10183,197,90.58942847743896,9
10184,86,55.69745736696548,10
10185,103,76.95898316476513,11
10186,137,113.60752218304395,12
10187,120,97.98166305821925,13
10188,128,87.16859048166123,14
10189,130,103.83338386809459,15
10190,210,156.85813369823393,16
10191,387,228.02442501833383,17
10192,375,181.8658377767511,18
10193,226,160.85769412193275,19
10194,179,108.88590311095408,20
10195,120,76.1304373273279,21
10196,78,49.40613532280844,22
10197,31,7.231218929275158,23
10198,8,0.0,0
10199,6,0.0,1
10200,4,0.0,2
10201,1,0.0,3
10202,3,0.0,4
10203,25,0.0,5
10204,102,3.4696056790684366,6
10205,275,90.37367312933837,7
10206,501,186.51878719811702,8
10207,233,108.36717126334713,9
10208,129,72.71896117377636,10
10209,130,91.42245233065202,11
10210,138,122.03211991747548,12
10211,164,126.49520368648533,13
10212,136,118.99536648652011,14
10213,166,124.68182397555981,15
10214,250,178.44294883061457,16
10215,446,293.1973067612669,17
10216,457,257.12660339543703,18
10217,287,176.6697619441016,19
10218,187,118.4741634690311,20
10219,148,83.9489958714645,21
10220,106,44.950852229561704,22
10221,54,9.28855232158979,23
10222,15,0.0,0
10223,5,0.0,1
10224,4,0.0,2
10225,3,0.0,3
10226,3,0.0,4
10227,18,0.0,5
10228,108,1.0688517583771784,6
10229,344,88.67985103244638,7
10230,566,197.00360292588306,8
10231,264,96.31051119455981,9
10232,147,77.49982406356105,10
10233,161,118.08242183960425,11
10234,215,147.3858347411134,12
10235,205,156.7307627788495,13
10236,175,150.50823188381978,14
10237,209,155.3785495453989,15
10238,288,205.2263429492806,16
10239,612,314.99296750212505,17
10240,544,293.8655192913112,18
10241,361,213.51456694905735,19
10242,260,145.10990115216632,20
10243,188,91.90974591165478,21
10244,159,70.06351826143712,22
10245,62,33.44433747240571,23
10246,46,7.281055287917013,0
10247,21,0.0,1
10248,11,0.0,2
10249,3,0.0,3
10250,2,0.0,4
10251,29,0.0,5
10252,109,16.82967725756677,6
10253,334,109.50366874376147,7
10254,585,210.7303223430912,8
10255,301,112.99937233090344,9
10256,138,83.52385934445509,10
10257,204,110.22284386337358,11
10258,251,141.9983472751328,12
10259,233,153.99748171934783,13
10260,203,151.03670817256554,14
10261,185,165.70580674962494,15
10262,342,203.73893828125017,16
10263,597,326.4155395642233,17
10264,590,300.3934719395054,18
10265,416,221.0843700145249,19
10266,302,163.0034693107427,20
10267,233,132.7314715225622,21
10268,153,92.1075564527892,22
10269,94,54.79839028822475,23
10270,54,40.64081696760225,0
10271,26,0.0,1
10272,11,0.0,2
10273,7,0.0,3
10274,1,0.0,4
10275,29,0.0,5
10276,85,35.9491918125199,6
10277,268,137.28376013388163,7
10278,501,217.23196398657268,8
10279,284,113.9753478466985,9
10280,159,80.26558236490854,10
10281,187,108.38532853809987,11
10282,201,139.3714714585123,12
10283,224,143.2755276489213,13
10284,178,143.0996491831903,14
10285,238,163.05581837484178,15
10286,343,209.11048917915798,16
10287,566,322.09654295585204,17
10288,470,289.7808572636309,18
10289,244,204.82081592142316,19
10290,159,143.9850085891792,20
10291,141,102.13842976767509,21
10292,107,68.82108486887009,22
10293,86,40.40633501050024,23
10294,77,6.502212297738012,0
10295,51,0.0,1
10296,42,0.0,2
10297,16,0.0,3
10298,4,0.0,4
10299,10,0.0,5
10300,12,11.854616407404166,6
10301,40,107.71691786402235,7
10302,111,205.3103616827281,8
10303,148,105.98657095258987,9
10304,223,72.72407753544272,10
10305,274,102.00965953356983,11
10306,329,130.15886854663694,12
10307,357,135.772064096444,13
10308,379,130.6443970394417,14
10309,406,147.3482633046616,15
10310,390,197.05154574051994,16
10311,354,314.4660575067535,17
10312,297,288.6504915472437,18
10313,184,207.38128018287208,19
10314,121,136.35169986579356,20
10315,110,89.50575572998787,21
10316,100,53.87707000190784,22
10317,83,25.36013729991241,23
10318,69,0.0,0
10319,61,0.0,1
10320,66,0.0,3
10321,22,0.0,4
10322,7,0.0,5
10323,10,0.0,6
10324,17,87.4806922421549,7
10325,72,186.1369060510018,8
10326,90,94.54789330506398,9
10327,218,72.56052814013542,10
10328,299,101.89675130457437,11
10329,410,144.21861288607047,12
10330,464,141.28183726435398,13
10331,501,146.21652773377878,14
10332,487,159.25220344723294,15
10333,509,202.0926126021061,16
10334,498,326.36999764932483,17
10335,389,300.86654407177696,18
10336,258,218.0296704554093,19
10337,171,139.66476632674843,20
10338,147,96.22829962368935,21
10339,94,67.1949653953688,22
10340,52,40.89640423193876,23
10341,24,10.771018906825901,0
10342,10,1.8086180650679324,1
10343,9,0.0,2
10344,2,0.0,3
10345,3,0.0,4
10346,16,0.0,5
10347,88,26.00777806702736,6
10348,268,124.37880700927148,7
10349,564,214.84088781293673,8
10350,281,125.15445591246899,9
10351,137,90.98987853718735,10
10352,150,120.32610170162631,11
10353,221,159.05042252504464,12
10354,250,166.56261980822714,13
10355,221,162.38946137784205,14
10356,233,165.69615356099513,15
10357,332,221.1192357994512,16
10358,644,331.5252201079921,17
10359,712,306.3376488268306,18
10360,446,212.1098896308353,19
10361,286,155.02627669791298,20
10362,205,111.59672537678578,21
10363,133,88.39974404380868,22
10364,63,62.42938930209801,23
10365,26,37.51310591212034,0
10366,16,11.023005933927607,1
10367,1,0.0,2
10368,2,0.0,3
10369,1,0.0,4
10370,24,0.0,5
10371,113,0.0,6
10372,308,113.1443481359449,7
10373,593,216.05373175417787,8
10374,342,116.07685948302807,9
10375,143,88.82209028958738,10
10376,219,111.86023328325933,11
10377,244,163.43994450021563,12
10378,233,157.96936606339216,13
10379,212,160.50216479641,14
10380,264,187.20879014890954,15
10381,365,236.47457713516133,16
10382,676,353.87931228635864,17
10383,734,327.4427586337235,18
10384,479,233.06878840050686,19
10385,351,171.3351839575377,20
10386,244,125.1311470877252,21
10387,170,92.51702774726337,22
10388,87,64.4511370243352,23
10389,39,32.263062565705695,0
10390,27,13.326592628314089,1
10391,2,0.0,2
10392,4,0.0,3
10393,5,0.0,4
10394,27,0.0,5
10395,121,21.656376431070512,6
10396,368,116.45590789754753,7
10397,662,217.59112759857635,8
10398,351,138.70276664327213,9
10399,188,113.18431089237677,10
10400,220,150.51102662989368,11
10401,267,194.43817794386285,12
10402,254,194.2259191093546,13
10403,224,190.456867757181,14
10404,283,202.6703969425628,15
10405,356,245.3579820874985,16
10406,782,359.55585994984676,17
10407,749,334.21546465874786,18
10408,472,243.8306455089705,19
10409,330,184.32564688107823,20
10410,288,143.9027999255,21
10411,202,87.0091078437686,22
10412,91,72.28294626154963,23
10413,60,38.72909232270875,0
10414,23,11.234789191724317,1
10415,19,7.639710575625472,2
10416,7,0.0,3
10417,14,0.0,4
10418,26,0.0,5
10419,117,28.024830120905975,6
10420,381,123.17782749928261,7
10421,623,217.4580359413955,8
10422,315,121.10745806893783,9
10423,164,95.3010186254242,10
10424,211,125.53932574799767,11
10425,265,170.45234348266723,12
10426,273,180.21895132258027,13
10427,258,187.4798236742496,14
10428,287,192.51905938552358,15
10429,426,230.46693897531415,16
10430,713,345.13677838959745,17
10431,746,310.64868146520655,18
10432,425,223.5172845095151,19
10433,330,142.57258930502886,20
10434,243,101.08165784753695,21
10435,169,74.87388004136606,22
10436,97,33.463515668844124,23
10437,57,4.388316679004859,0
10438,26,0.0,1
10439,4,0.0,2
10440,3,0.0,3
10441,3,0.0,4
10442,32,0.0,5
10443,99,10.784573464767718,6
10444,278,105.23063901934512,7
10445,562,203.17754874995046,8
10446,312,112.52777824796664,9
10447,180,63.86075342022475,10
10448,207,98.54054812881351,11
10449,294,119.48127997106505,12
10450,260,124.84547310374927,13
10451,202,124.25686969992991,14
10452,107,74.73668193415799,15
10453,129,130.38363198874634,16
10454,258,240.59892626621576,17
10455,408,216.35102255870203,18
10456,296,173.3655699418493,19
10457,235,120.53512681831299,20
10458,152,73.65691357876659,21
10459,148,47.18710375899698,22
10460,126,16.963579207900224,23
10461,100,0.0,0
10462,69,0.0,1
10463,42,0.0,2
10464,26,0.0,3
10465,2,0.0,4
10466,8,0.0,5
10467,30,6.455175258267431,6
10468,86,94.92453270609116,7
10469,218,202.387554171331,8
10470,321,107.59119515788204,9
10471,443,87.02006589499427,10
10472,585,107.19601549114064,11
10473,651,152.68223360957103,12
10474,686,167.24203122923265,13
10475,690,166.48345415703244,14
10476,679,172.87921572431367,15
10477,685,224.34433795204313,16
10478,648,337.52177394864805,17
10479,560,301.5184673950665,18
10480,417,208.60010835189303,19
10481,271,150.3622915305286,20
10482,223,110.05319570610128,21
10483,211,87.47862768055441,22
10484,185,39.55980257908429,23
10485,107,0.0,0
10486,113,0.0,1
10487,56,0.0,2
10488,18,0.0,3
10489,14,0.0,4
10490,6,0.0,5
10491,11,1.2983762918902215,6
10492,42,62.1911010177197,7
10493,96,203.20746331170744,8
10494,178,100.3043130837329,9
10495,351,60.70473026600055,10
10496,368,85.35188904160623,11
10497,503,109.38335478711363,12
10498,544,113.78235399682431,13
10499,521,116.11074091345553,14
10500,554,139.39152296689542,15
10501,541,181.23464435090878,16
10502,541,308.11141756898917,17
10503,459,282.09381204753504,18
10504,352,204.14569808182546,19
10505,198,130.7602142890584,20
10506,173,101.31798388202508,21
10507,100,67.1924248267971,22
10508,46,28.25729643203269,23
10509,23,6.752854265351758,0
10510,15,0.0,1
10511,8,0.0,2
10512,2,0.0,3
10513,3,0.0,4
10514,31,0.0,5
10515,120,21.063041361521385,6
10516,354,114.79980283785724,7
10517,579,215.5791843725442,8
10518,331,130.33103094161598,9
10519,184,95.0739619827492,10
10520,201,122.09186528701288,11
10521,282,161.0350092726348,12
10522,263,162.68556621597082,13
10523,260,156.32306565162506,14
10524,286,165.09448487067283,15
10525,385,218.8203067613655,16
10526,721,330.5415509859741,17
10527,801,302.3686838907936,18
10528,549,218.63664169822331,19
10529,330,156.91089927732344,20
10530,223,123.80196758179761,21
10531,148,76.13934579941268,22
10532,54,42.60258587172309,23
10533,29,19.072534384721408,0
10534,15,0.5366684702623985,1
10535,10,0.0,2
10536,3,0.0,3
10537,6,0.0,4
10538,20,0.0,5
10539,100,21.002044094288678,6
10540,170,73.79489298752445,7
10541,516,221.0545385293542,8
10542,325,119.6614303561636,9
10543,163,83.96155143591773,10
10544,230,113.90950261143061,11
10545,261,147.57274581569044,12
10546,284,145.99740917308972,13
10547,248,137.50150660639238,14
10548,244,150.64307142892824,15
10549,431,200.34295394598104,16
10550,750,308.5043326313162,17
10551,801,286.05822458562915,18
10552,555,202.35636164797813,19
10553,377,150.35568590558898,20
10554,277,110.65377496474599,21
10555,188,77.69310509431641,22
10556,90,39.362789328694035,23
10557,33,29.039374161562463,0
10558,26,17.339705328448275,1
10559,10,2.9029397609098595,2
10560,8,0.0,3
10561,4,0.0,4
10562,39,0.0,5
10563,149,31.21901708908922,6
10564,372,86.13740596260733,7
10565,535,186.91678749729425,8
10566,293,131.28772387107307,9
10567,154,99.34389028879909,10
10568,192,117.30049375191996,11
10569,229,157.45173577373538,12
10570,303,149.63311588329265,13
10571,225,146.91205711725908,14
10572,243,152.13961060516226,15
10573,378,209.56072457695478,16
10574,729,332.3847790852816,17
10575,779,310.26241535805013,18
10576,582,237.38797890082242,19
10577,374,157.21664437955414,20
10578,251,115.04264292846109,21
10579,197,83.8768533379263,22
10580,125,65.65536179557787,23
10581,41,29.259748416281255,0
10582,30,15.663080108615034,1
10583,6,9.588995600334243,2
10584,7,1.1185164114466062,3
10585,6,0.0,4
10586,34,0.0,5
10587,136,27.90128223943597,6
10588,361,123.05427961781261,7
10589,649,229.8103692592532,8
10590,318,126.55375311937902,9
10591,142,82.4805888677451,10
10592,219,110.66952352567388,11
10593,272,142.32335013524457,12
10594,298,160.6592323029144,13
10595,257,159.68006835034427,14
10596,304,169.28222954499927,15
10597,425,220.59452776279136,16
10598,810,340.9376617859692,17
10599,801,316.6897580784554,18
10600,586,245.8549174708361,19
10601,424,165.83692389249012,20
10602,374,122.52489361693827,21
10603,220,88.04586864981069,22
10604,151,60.298977736453594,23
10605,95,45.34066643928867,0
10606,50,24.448630189995598,1
10607,32,16.24900570143248,2
10608,10,4.145316731920843,3
10609,3,0.0,4
10610,34,2.481733338400801,5
10611,116,50.35655108532141,6
10612,346,138.3010712928825,7
10613,662,236.1527772107625,8
10614,380,140.45433423917908,9
10615,275,109.01633955889737,10
10616,318,149.91710028247812,11
10617,471,191.44050453858296,12
10618,428,210.77158462829115,13
10619,432,205.33180518932693,14
10620,472,209.85242685343087,15
10621,589,255.008783614037,16
10622,957,371.3721573266231,17
10623,830,345.6910712688023,18
10624,686,257.5051363406579,19
10625,445,204.2512829826769,20
10626,284,161.14878823295453,21
10627,271,118.30785541963448,22
10628,176,83.71995743829743,23
10629,156,59.42428903979064,0
10630,128,36.399797428283364,1
10631,69,23.481386957442965,2
10632,32,15.010907768555342,3
10633,7,3.161283239194276,4
10634,4,9.452082580812586,5
10635,28,52.499852981931994,6
10636,70,141.0598711149914,7
10637,154,233.4728016759963,8
10638,249,143.76175210752285,9
10639,345,99.076859844815,10
10640,273,108.92667209341026,11
10641,183,98.70240831386013,12
10642,196,95.00390394541935,13
10643,223,87.3355186913782,14
10644,290,83.040045062715,15
10645,177,131.73817770564426,16
10646,115,254.69830057797196,17
10647,137,219.07077716914011,18
10648,133,143.24820318371292,19
10649,111,76.64847851615602,20
10650,104,42.123310918589425,21
10651,83,14.237265196779035,22
10652,105,29.075396496342037,23
10653,80,0.5816013262618043,0
10654,89,0.0,1
10655,35,0.0,2
10656,18,0.0,3
10657,8,0.0,4
10658,6,0.0,5
10659,18,13.035195837679751,6
10660,39,111.2431664934749,7
10661,89,209.8993803023218,8
10662,118,108.4148382308303,9
10663,250,73.02820249338296,10
10664,323,87.12532478811843,11
10665,360,115.98146562498479,12
10666,367,122.50600481497777,13
10667,414,115.76932197604174,14
10668,421,120.28994364014568,15
10669,492,190.41310706255388,16
10670,419,311.9463087364845,17
10671,491,287.69840502897074,18
10672,375,205.85742152348075,19
10673,259,142.1853724727308,20
10674,149,109.076440777205,21
10675,111,76.01365171211819,22
10676,65,49.0698710297458,23
10677,33,21.186719073396432,0
10678,28,9.720052849276271,1
10679,20,0.0,2
10680,1,0.0,3
10681,4,0.0,4
10682,36,2.9859957154750987,5
10683,117,38.0245509692365,6
10684,370,144.50237112600624,7
10685,657,250.4943597662803,8
10686,282,161.16195457566084,9
10687,153,130.23681731577662,10
10688,178,148.94313174693934,11
10689,279,176.89956088011348,12
10690,301,173.2307781051167,13
10691,217,165.66126344175194,14
10692,223,170.21397895374218,15
10693,305,218.58836727821577,16
10694,664,337.0786786310664,17
10695,684,307.94893065482637,18
10696,458,230.45562858260848,19
10697,221,164.59492958673715,20
10698,186,128.30383008965458,21
10699,93,98.60063072006315,22
10700,48,59.11367516258808,23
10701,10,31.490112233843732,0
10702,5,16.029935959493898,1
10703,7,3.0362666543359182,2
10704,4,0.0,3
10705,3,0.0,4
10706,17,0.0,5
10707,101,38.221168630037425,6
10708,286,133.37416600841408,7
10709,581,228.50023587143156,8
10710,267,130.1978616014968,9
10711,138,96.97993083076315,10
10712,175,127.16759678702473,11
10713,220,158.59654966881624,12
10714,211,169.2708228377818,13
10715,184,167.12991516792073,14
10716,200,182.0342664224651,15
10717,305,227.89992726131277,16
10718,614,350.7610764064907,17
10719,644,320.3033809590034,18
10720,417,244.4808069735762,19
10721,294,185.27165406037147,20
10722,221,120.96586526185465,21
10723,134,95.20535952032658,22
10724,64,63.56559906718901,23
10725,30,31.57125112858982,0
10726,8,12.794069563222749,1
10727,3,0.0,2
10728,5,0.0,3
10729,1,0.0,4
10730,40,8.880401277164694,5
10731,115,48.098412103342696,6
10732,358,143.9583413055186,7
10733,658,248.32695055636924,8
10734,314,148.6380619778377,9
10735,173,121.53566577448967,10
10736,222,145.94726552595978,11
10737,268,179.5256202182317,12
10738,273,181.54894622970056,13
10739,221,187.8200267743951,14
10740,199,187.79712268205242,15
10741,221,196.06549468578788,16
10742,604,337.49055044164965,17
10743,641,313.24264673413586,18
10744,456,240.26609108225097,19
10745,362,180.70347225714664,20
10746,261,136.55949314833512,21
10747,172,106.42437970005524,22
10748,93,69.70999509829849,23
10749,48,42.130477011769,0
10750,33,39.65893622067102,1
10751,6,65.13293356363471,2
10752,5,51.30589709908524,3
10753,9,30.94121852037391,4
10754,32,33.4415064216918,5
10755,117,57.966662169958894,6
10756,367,157.07671678388854,7
10757,654,257.53472625456214,8
10758,321,156.75334609244544,9
10759,166,114.32268913061367,10
10760,220,141.1501848094267,11
10761,292,169.94321568145398,12
10762,273,162.68292453914228,13
10763,238,160.12115414513323,14
10764,307,171.04197517466142,15
10765,388,220.02809151020898,16
10766,703,333.36621353882055,17
10767,681,307.15959805189783,18
10768,468,226.29212151129542,19
10769,335,166.37980668871592,20
10770,224,124.10822917045523,21
10771,152,94.35867548196123,22
10772,94,61.36816134606423,23
10773,59,41.011481581824484,0
10774,27,22.075011644432877,1
10775,7,6.814610285548838,2
10776,7,0.0,3
10777,2,0.0,4
10778,26,0.6238676069037723,5
10779,86,45.82927183619178,6
10780,289,139.22874246461132,7
10781,593,230.64438525475634,8
10782,321,137.9011686203765,9
10783,187,100.14208434763843,10
10784,201,124.8468633204562,11
10785,270,155.46439292934892,12
10786,242,118.02668323419918,13
10787,229,104.79222496267127,14
10788,280,113.29260693736697,15
10789,367,142.72166256338286,16
10790,606,301.44518476110983,17
10791,560,291.8686465557512,18
10792,395,203.50233689727264,19
10793,209,147.83495986639105,20
10794,220,107.52132091447413,21
10795,153,70.95147834947309,22
10796,123,46.718556317962125,23
10797,92,10.789227788716161,0
10798,82,1.0461808861894468,1
10799,69,0.0,2
10800,31,0.0,3
10801,8,0.0,4
10802,5,0.0,5
10803,23,20.976171270633913,6
10804,44,116.12916864901055,7
10805,145,214.07845063405819,8
10806,223,128.3193543756995,9
10807,313,90.48947337190756,10
10808,463,125.74267905059139,11
10809,621,164.38010910319844,12
10810,638,173.66647030358507,13
10811,551,147.59139057210757,14
10812,605,158.60741541436113,15
10813,535,197.6218349087173,16
10814,543,308.91504657594794,17
10815,341,268.7760912585557,18
10816,284,192.95937703637435,19
10817,208,131.18223761135496,20
10818,143,96.65707001378837,21
10819,156,68.67959039367706,22
10820,112,27.30489504370138,23
10821,67,16.480851191825195,0
10822,62,6.058488663646472,1
10823,81,0.0,2
10824,25,0.0,3
10825,12,0.0,4
10826,18,0.0,5
10827,97,43.48837118404873,6
10828,84,142.66390801725973,7
10829,125,239.40220277868673,8
10830,275,130.0184267765637,9
10831,360,108.1722536850789,10
10832,451,124.00568942235972,11
10833,445,157.93645440784525,12
10834,464,162.956469265004,13
10835,561,164.414866071387,14
10836,573,176.46148603166955,15
10837,511,228.0204144121422,16
10838,555,341.26096037358616,17
10839,432,319.07311442707345,18
10840,346,240.48117860240367,19
10841,232,172.64662042750334,20
10842,134,139.5376887319775,21
10843,68,70.32217066728114,22
10844,63,28.7845086341476,23
10845,17,0.0,0
10846,5,0.0,1
10847,5,0.0,2
10848,4,0.0,4
10849,24,6.410267156884373,5
10850,110,43.444215030394375,6
10851,306,141.1097098088214,7
10852,589,252.74669707885084,8
10853,317,157.61600005388104,9
10854,204,120.97241678641745,10
10855,209,146.38507422317184,11
10856,281,180.22755077786394,12
10857,281,190.486645730073,13
10858,268,181.66028667316533,14
10859,324,188.55856824785917,15
10860,395,239.0157174083725,16
10861,729,360.4644005659341,17
10862,618,338.5348167185956,18
10863,494,260.5867027528861,19
10864,329,195.85565362641938,20
10865,238,164.45331377999497,21
10866,123,117.14256944719776,22
10867,66,98.14629160732645,23
10868,33,61.276510979615566,0
10869,11,39.861035150042014,1
10870,5,24.20344209487837,2
10871,3,30.627949149137123,3
10872,1,0.0,4
10873,27,9.753084191770284,5
10874,100,53.55056556093153,6
10875,341,147.95385197126635,7
10876,604,260.30014331953737,8
10877,408,183.3087818387851,9
10878,219,153.49048823679345,10
10879,258,186.04474296509989,11
10880,331,219.13750855175013,12
10881,345,221.50714618836395,13
10882,311,210.58863552256906,14
10883,316,225.97793406056053,15
10884,485,275.025762700965,16
10885,757,393.90023615361935,17
10886,800,360.89008743612607,18
10887,558,274.65913823792994,19
10888,379,218.47760926314203,20
10889,243,166.9708851844599,21
10890,158,129.1145402814403,22
10891,79,92.45495260260857,23
10892,41,71.62756468468285,0
10893,11,45.90156570765667,1
10894,5,46.26354432711085,2
10895,3,26.763141434380316,3
10896,1,12.146527320218993,4
10897,27,24.460198285163827,5
10898,126,72.62090987588127,6
10899,366,167.83561955911483,7
10900,684,255.96774856611108,8
10901,363,172.2334071043913,9
10902,167,150.86468533246853,10
10903,213,179.1349491742951,11
10904,283,203.4543986124208,12
10905,251,204.35806786200203,13
10906,258,197.9864828714593,14
10907,268,204.92611797609084,15
10908,390,250.79177881493848,16
10909,744,375.6969859129886,17
10910,759,352.511852195616,18
10911,494,276.87968583563946,19
10912,372,227.22156177924256,20
10913,298,187.93398555149213,21
10914,181,156.46485428238472,22
10915,131,112.86583996474141,23
10916,45,86.70255778025272,0
10917,13,65.45845327904215,1
10918,18,48.44510575215419,2
10919,5,30.52776696233785,3
10920,1,18.623345510051735,4
10921,29,30.937016474996568,5
10922,126,64.08916594727118,6
10923,354,157.78834380809377,7
10924,638,261.4285210803241,8
10925,351,173.35347721623245,9
10926,246,138.27990050088442,10
10927,268,150.98604638375937,11
10928,276,196.00218622603484,12
10929,291,197.89245795011956,13
10930,287,182.37177366630266,14
10931,269,197.17715119369728,15
10932,402,240.91964430670487,16
10933,822,357.98994984309024,17
10934,698,335.15828203761725,18
10935,487,250.3979359572344,19
10936,312,180.13290766116722,20
10937,234,137.50094884907503,21
10938,149,107.75831054251294,22
10939,136,76.53749822055634,23
10940,61,68.2711398958584,0
10941,38,27.55495086296048,1
10942,11,24.063041218129612,2
10943,8,10.271307717942193,3
10944,5,12.21625217710475,4
10945,23,16.260073641075024,5
10946,80,56.78567316358114,6
10947,246,155.4688144877872,7
10948,508,252.01112025284544,8
10949,376,160.93863170525623,9
10950,238,127.62549712179721,10
10951,291,158.40399947058762,11
10952,337,191.43505275238095,12
10953,411,192.62293578015604,13
10954,490,190.9608770898392,14
10955,537,203.54928073865057,15
10956,536,250.2515433163514,16
10957,655,369.090153006695,17
10958,484,341.3042433312825,18
10959,412,263.1740347820364,19
10960,252,202.35963600132237,20
10961,190,166.4944000173527,21
10962,158,124.10590684308204,22
10963,113,99.76151433157132,23
10964,94,76.87568338615829,0
10965,69,59.45994079990698,1
10966,36,40.40327137394995,2
10967,28,31.99827440434369,3
10968,7,21.305677037711746,4
10969,2,36.03287167555716,5
10970,19,75.9601865799767,6
10971,54,170.35002959732418,7
10972,123,272.1907834621701,8
10973,276,185.1240985074833,9
10974,363,150.75982587037683,10
10975,495,174.1514347759484,11
10976,590,204.25244018649252,12
10977,643,213.22249376079904,13
10978,578,200.72706116095668,14
10979,626,208.81541038640327,15
10980,615,258.6677469177746,16
10981,567,374.32418880656144,17
10982,517,353.7132647940961,18
10983,413,276.6648625320788,19
10984,208,212.2827361900221,20
10985,234,178.46687267069703,21
10986,182,148.72423436413493,22
10987,118,112.09813819317165,23
10988,85,79.52700664533207,0
10989,64,65.93033833766583,1
10990,32,59.856253829385054,2
10991,26,48.62255497012163,3
10992,7,33.17625449903906,4
10993,12,37.383134249458266,5
10994,28,84.398647182487,6
10995,37,186.9743101631021,7
10996,84,285.78981234397355,8
10997,179,191.59449604524215,9
10998,299,162.97828787268568,10
10999,404,179.51865543376576,11
11000,457,215.74116415349005,12
11001,483,222.2298395811723,13
11002,503,214.87642794219747,14
11003,486,226.31377317007423,15
11004,476,273.50595586586434,16
11005,411,385.93650416871446,17
11006,310,358.5657727100586,18
11007,276,278.58183280916506,19
11008,211,207.0696774630817,20
11009,130,165.76706378221897,21
11010,118,134.40849431179123,22
11011,51,101.0645142639946,23
11012,37,74.16170363023883,0
11013,16,59.218051554237604,1
11014,6,59.77281005358472,2
11015,3,49.540942092670704,3
11016,5,49.56475838793757,4
11017,32,61.87842935288242,5
11018,111,99.32813602510215,6
11019,331,193.58142169978657,7
11020,617,293.90836359542413,8
11021,286,189.2248262571528,9
11022,178,156.56337555472325,10
11023,223,179.56942470050893,11
11024,280,203.1126901811296,12
11025,281,203.30705535246926,13
11026,218,197.27276120984288,14
11027,255,205.78005856647047,15
11028,391,249.94289747064124,16
11029,632,361.4244269145011,17
11030,646,338.39997922913517,18
11031,421,255.75588549266047,19
11032,276,191.65797292879762,20
11033,165,105.34965907535954,21
11034,108,114.77431615602521,22
11035,67,87.71978287264342,23
11036,26,56.816106079555766,0
11037,9,43.195575941691416,1
11038,2,10.431604135716256,2
11039,2,1.9611249468286474,3
11040,2,0.0,4
11041,24,6.898752816313973,5
11042,103,51.704593094880096,6
11043,384,146.85759047325675,7
11044,692,259.6442385042387,8
11045,319,157.50141936300622,9
11046,181,141.60496445582703,10
11047,239,178.8589688693231,11
11048,259,218.10306249507084,12
11049,283,213.85970999481964,13
11050,224,205.61158744111748,14
11051,203,214.0464871965318,15
11052,362,264.25466189424503,16
11053,744,370.96404405170205,17
11054,704,345.1178098586109,18
11055,479,266.91520370815147,19
11056,282,192.85390734501135,20
11057,206,152.03065957667772,21
11058,127,112.31632442892428,22
11059,62,71.74990688433988,23
11060,30,44.23982567599862,0
11061,12,32.46670946506045,1
11062,2,18.28583374225407,2
11063,2,4.740730404747268,3
11064,27,4.756107115706044,5
11065,106,50.97818329631296,6
11066,321,148.64228041475783,7
11067,595,249.81508373129992,8
11068,302,143.8084244548917,9
11069,153,106.08160928589437,10
11070,180,139.60855390105942,11
11071,182,157.5086760733821,12
11072,163,169.75252608731074,13
11073,135,145.55994375594247,14
11074,202,119.09888678590904,15
11075,307,228.68284701011305,16
11076,579,338.0319210917587,17
11077,585,258.171111553432,18
11078,384,229.24983955515012,19
11079,235,158.34703996569834,20
11080,165,109.23208312501545,21
11081,134,84.17850920728662,22
11082,61,54.66428873443138,23
11083,23,19.385295628063574,0
11084,9,7.204863222438135,1
11085,4,3.737082266950921,2
11086,5,0.0,3
11087,1,0.0,4
11088,21,1.6273822315213096,5
11089,96,40.75018924497397,6
11090,306,133.07997450132046,7
11091,624,235.25564695964044,8
11092,287,145.0852423701857,9
11093,141,122.58598773768927,10
11094,224,146.22894336050325,11
11095,259,182.21599619256534,12
11096,203,186.52670697148255,13
11097,224,186.63812000953055,14
11098,211,190.36491907902393,15
11099,353,235.52127583963005,16
11100,656,355.89650371069416,17
11101,610,331.64860000318043,18
11102,433,246.05542209836887,19
11103,280,185.1527348868614,20
11104,187,148.57127944271826,21
11105,158,120.68523372090787,22
11106,94,90.46170916981109,23
11107,55,67.07977772159683,0
11108,30,39.01084121638961,1
11109,11,27.24348916648384,2
11110,11,9.825847109793031,3
11111,5,8.621745279648323,4
11112,21,20.226112166351626,5
11113,84,61.03619232619714,6
11114,296,153.78352805374243,7
11115,563,275.61575188172867,8
11116,330,182.9342475522057,9
11117,192,148.67446636419874,10
11118,233,172.92914999808664,11
11119,322,214.83940853748615,12
11120,358,211.6178978271322,13
11121,348,208.32918471777606,14
11122,352,210.013564663374,15
11123,463,260.7610697709479,16
11124,738,380.85662699130785,17
11125,671,352.43618309330935,18
11126,427,275.387780831292,19
11127,286,208.43144478432805,20
11128,189,171.46065966597456,21
11129,215,111.76923794657502,22
11130,198,78.61943543865348,23
11131,96,51.753844182648706,0
11132,70,38.15717587498247,1
11133,56,22.367284370242317,2
11134,32,10.633236376613638,3
11135,14,2.1609317831445622,4
11136,7,18.497142202923726,5
11137,21,47.759631251893666,6
11138,64,152.67537052758544,7
11139,160,249.58042984091747,8
11140,265,171.9212094151525,9
11141,406,140.93188445949573,10
11142,564,172.84091966885984,11
11143,678,217.4512879137961,12
11144,678,224.6981169135427,13
11145,660,213.94239767505118,14
11146,658,221.2954911432367,15
11147,582,267.1611519820844,16
11148,560,378.9478784259743,17
11149,481,353.797890760326,18
11150,459,271.01486742674604,19
11151,321,199.07021742002098,20
11152,220,166.958573495355,21
11153,212,129.26606009184954,22
11154,196,95.11757215308603,23
11155,124,66.62377698300583,0
11156,106,53.73404049913883,1
11157,74,49.07619189289885,2
11158,45,34.20551333858698,3
11159,12,42.20645093332554,4
11160,10,35.44643592051504,5
11161,16,83.22604985471034,6
11162,46,179.08597905688623,7
11163,97,286.71897419050697,8
11164,251,183.8441478959942,9
11165,421,153.564127018579,10
11166,528,185.07473965712305,11
11167,635,217.4150361791004,12
11168,681,216.65206944953582,13
11169,628,216.16653188051106,14
11170,617,218.91507947623228,15
11171,616,268.762872880114,16
11172,623,380.14682625680626,17
11173,479,357.6709966176752,18
11174,379,279.7228826519656,19
11175,291,209.17318291622934,20
11176,229,166.0809224430185,21
11177,134,155.32766481251446,22
11178,90,116.28804496865055,23
11179,41,74.24044064391563,0
11180,28,50.22794889792266,1
11181,14,41.990740793846314,2
11182,8,25.29913867732897,3
11183,6,6.7003919981336395,4
11184,38,19.014062963078473,5
11185,133,55.37127805171306,6
11186,387,151.23357950833125,7
11187,597,251.47989178506737,8
11188,297,174.250996975679,9
11189,224,134.297948246047,10
11190,251,157.70118908811227,11
11191,271,198.8390335844312,12
11192,263,213.2199639118448,13
11193,288,205.7670616127353,14
11194,275,223.32458767196067,15
11195,358,268.8367825989087,16
11196,712,386.9698581254352,17
11197,676,364.3309701998552,18
11198,522,276.6122523147613,19
11199,375,216.7654197114631,20
11200,271,164.30987151355518,21
11201,214,137.84006169378557,22
11202,121,113.60942031342577,23
11203,43,94.6500889504805,0
11204,11,77.11822297863597,1
11205,4,36.342663770860554,2
11206,6,28.225650493872564,3
11207,9,69.74833255033789,4
11208,30,67.4286832275509,5
11209,144,116.10800886543836,6
11210,461,213.67452991671564,7
11211,673,313.0376755493618,8
11212,400,207.43172343235952,9
11213,217,169.9553083404672,10
11214,239,191.93445125842243,11
11215,244,221.49989617353032,12
11216,239,226.43396690001515,13
11217,257,219.54585771112383,14
11218,308,228.3527706968634,15
11219,370,277.3491213089225,16
11220,781,387.21377294877936,17
11221,775,363.31933515316524,18
11222,537,280.81880574457654,19
11223,402,225.43941240631318,20
11224,297,178.448184089419,21
11225,162,146.55028420913055,22
11226,82,115.4246756998993,23
11227,38,90.4367653701713,0
11228,14,71.2444055880477,1
11229,9,51.201344273921464,2
11230,6,42.0215610067923,3
11231,7,36.5090258780164,4
11232,34,51.236220515861845,5
11233,134,94.28399091698125,6
11234,418,191.5625282756402,7
11235,576,249.27482950138702,8
11236,265,136.243839527704,9
11237,147,96.35390076291112,10
11238,119,110.32382853350835,11
11239,110,138.7944096105888,12
11240,64,131.84577983039426,13
11241,51,105.6189161611901,14
11242,98,101.4210185996945,15
11243,235,187.52128794340072,16
11244,488,304.59396573422833,17
11245,505,284.94823564473654,18
11246,368,203.81418396304585,19
11247,260,147.43750285392272,20
11248,189,109.24326171342142,21
11249,162,86.79599134848615,22
11250,70,58.698006777671694,23
11251,25,0.0,0
11252,13,0.0,1
11253,6,12.863971777236003,2
11254,4,4.393492588348366,3
11255,4,5.124240707414501,4
11256,30,9.568666194317373,5
11257,120,45.88426089386871,6
11258,406,140.3303264484461,7
11259,677,242.9663005678848,8
11260,301,156.78634158537807,9
11261,189,130.18816939607535,10
11262,229,168.89050355949848,11
11263,264,199.51494855032308,12
11264,238,202.20972816537468,13
11265,237,197.88656899933923,14
11266,262,210.57767242476103,15
11267,387,257.8019489684374,16
11268,748,370.68116699591246,17
11269,776,346.4332632883987,18
11270,586,257.5476779765711,19
11271,404,192.6452575217414,20
11272,267,149.57294202693828,21
11273,248,117.76193291746117,22
11274,144,83.16380065961256,23
11275,64,59.58908933150532,0
11276,25,28.521891064771637,1
11277,21,14.347930723897122,2
11278,10,8.000619260849561,3
11279,3,0.0,4
11280,25,10.590205676715627,5
11281,113,58.46502342363624,6
11282,359,148.79097345621167,7
11283,700,250.72693113378295,8
11284,359,153.44465084622013,9
11285,237,127.1240594588002,10
11286,254,159.58765350187093,11
11287,362,205.6501214111587,12
11288,381,220.3957835287814,13
11289,394,211.0941506669895,14
11290,407,214.6174845602336,15
11291,580,265.1252748870588,16
11292,819,374.72097913138504,17
11293,668,345.83094593589374,18
11294,492,265.366242462489,19
11295,341,199.11248774294666,20
11296,287,152.3627856632948,21
11297,202,119.78767555265112,22
11298,187,85.89884737304406,23
11299,142,54.00037134054652,0
11300,88,40.40370303288027,1
11301,81,36.45515850488181,2
11302,29,18.556856012153133,3
11303,9,13.753624961618769,4
11304,1,26.067295926563617,5
11305,31,69.82199815148226,6
11306,76,163.55875962781812,7
11307,201,267.00852927459783,8
11308,331,172.3728562931555,9
11309,482,153.7247697871304,10
11310,608,175.26073274808766,11
11311,640,212.37980770399668,12
11312,649,214.03036464733268,13
11313,609,215.3466227401346,14
11314,628,229.38335613887304,15
11315,639,267.7905907496449,16
11316,568,393.64008774427595,17
11317,416,345.5088761356394,18
11318,54,184.99078930149307,19
11319,39,115.4364627436496,20
11320,102,78.78575516580068,21
11321,110,96.36573923200709,22
11322,91,58.962766914699436,23
11323,117,32.59451172490158,0
11324,73,15.809533446811841,1
11325,56,23.096467647727025,2
11326,40,1.887383057073663,3
11327,7,1.813623285172909,4
11328,6,12.71105834807696,5
11329,12,57.30236231184875,6
11330,24,102.7929278815258,7
11331,51,197.34208371916932,8
11332,79,94.08546757929513,9
11333,68,49.78753273635533,10
11334,77,64.43090082288339,11
11335,61,91.87080575770895,12
11336,52,92.19484084410252,13
11337,53,78.862806505407,14
11338,38,82.6741240912694,15
11339,36,127.1235490280763,16
11340,27,231.19632545734257,17
11341,39,206.9484217498288,18
11342,35,132.05765331598008,19
11343,35,73.670221601154,20
11344,11,44.67903317318789,21
11345,13,9.655096425281528,22
11346,17,0.0,23
11347,6,0.0,0
11348,2,0.0,1
11349,4,0.0,2
11350,1,0.0,3
11351,3,0.0,4
11352,14,0.0,5
11353,45,25.208891881321037,6
11354,207,81.53188472038623,7
11355,482,223.13584633610427,8
11356,272,118.46299429418927,9
11357,100,88.97961928567167,10
11358,101,105.1850682532777,11
11359,129,94.85868527907033,12
11360,107,95.18034811102163,13
11361,114,90.24546093391228,14
11362,112,138.87738557867192,15
11363,103,118.34624908833368,16
11364,232,234.61204673375215,17
11365,379,222.19252405547255,18
11366,298,188.26970529077647,19
11367,203,130.373722444818,20
11368,152,89.35864143672876,21
11369,89,72.92498301306861,22
11370,59,43.40839028577109,23
11371,13,16.31829800364153,0
11372,7,0.0,1
11373,3,0.0,2
11374,2,0.0,3
11375,3,0.0,4
11376,22,0.0,5
11377,120,41.02869610088547,6
11378,390,141.2563176278813,7
11379,611,247.92411883852844,8
11380,308,166.42350690132838,9
11381,162,131.86645438432896,10
11382,184,167.1222164781543,11
11383,224,200.1601851418795,12
11384,224,200.4414410840305,13
11385,216,193.64304594023753,14
11386,236,199.77268338627522,15
11387,362,250.94982192138644,16
11388,691,366.7929015211995,17
11389,632,351.6900049993151,18
11390,482,267.7234815135428,19
11391,285,203.1814423525446,20
11392,226,159.3870476343222,21
11393,157,129.68225980241886,22
11394,73,94.11893362159674,23
11395,36,73.12007123883467,0
11396,25,53.83013538954346,1
11397,7,21.035984328649008,2
11398,3,0.0,3
11399,6,0.0,4
11400,24,14.28510144537924,5
11401,106,57.33287184649865,6
11402,389,148.46332977004096,7
11403,654,243.20006995884808,8
11404,321,170.64470629648417,9
11405,182,163.87363578974703,10
11406,219,180.25331731882042,11
11407,269,211.35852588215627,12
11408,228,214.6650335082818,13
11409,223,204.68070064850764,14
11410,229,220.2036952960578,15
11411,376,266.7377956618714,16
11412,732,383.81047345269906,17
11413,709,359.91603565708493,18
11414,543,284.0934616716577,19
11415,380,219.22953351366135,20
11416,239,152.9561590958729,21
11417,192,127.19705101432696,22
11418,104,90.59481667356177,23
11419,43,53.63015129096047,0
11420,23,49.975561367514956,1
11421,13,37.91645571056644,2
11422,6,29.79944243357845,3
11423,3,22.48511164297588,4
11424,17,30.520353308354345,5
11425,127,70.73565190539216,6
11426,225,103.90033701139188,7
11427,362,206.4517926144615,8
11428,201,99.07506095258535,9
11429,139,95.94580928405149,10
11430,151,112.48617684513157,11
11431,204,161.44282886335782,12
11432,197,155.26671626271724,13
11433,169,155.1253849235407,14
11434,204,149.0578372264948,15
11435,318,197.4025039575244,16
11436,614,327.542074596063,17
11437,664,298.3340692553639,18
11438,464,219.67665121141283,19
11439,337,167.5555121661181,20
11440,250,124.21424927578437,21
11441,183,99.16067535805554,22
11442,112,61.634867483400036,23
11443,73,57.99631452669496,0
11444,35,47.55736313802146,1
11445,22,38.919754221189706,2
11446,3,31.781095554447234,3
11447,6,32.48351974005149,4
11448,19,42.31818481281435,5
11449,120,85.37664051029009,6
11450,315,170.9090347049327,7
11451,592,279.57270598080834,8
11452,334,172.7326125453019,9
11453,236,143.3629886679352,10
11454,233,163.44275985689612,11
11455,307,195.76688131489018,12
11456,306,194.47952836490776,13
11457,300,185.8793375592881,14
11458,324,200.2643692955196,15
11459,440,251.79497374253043,16
11460,702,372.2723208082518,17
11461,654,344.6494694192883,18
11462,441,261.10329172467914,19
11463,289,196.7280807645543,20
11464,208,156.96760298636184,21
11465,158,124.25827983317467,22
11466,116,89.15291101335166,23
11467,103,59.83241460018582,0
11468,67,30.99892607396727,1
11469,57,34.793472572083246,2
11470,26,15.755743594913667,3
11471,2,14.119902941934939,4
11472,5,29.556401658021898,5
11473,28,68.7744124841999,6
11474,55,164.63434168637582,7
11475,158,279.888363673046,8
11476,214,177.97803911266752,9
11477,291,132.42315673971143,10
11478,358,151.7959961048731,11
11479,381,180.01068733722153,12
11480,389,185.12590600710564,13
11481,440,179.35196381247496,14
11482,408,179.33352182339598,15
11483,376,227.3485844727241,16
11484,322,339.434926545726,17
11485,90,269.32917213849964,18
11486,139,160.23899799272408,19
11487,102,156.67596402587287,20
11488,84,67.2139815601943,21
11489,83,83.10432022556557,22
11490,42,55.28684316748887,23
11491,36,0.0,0
11492,42,2.745253287053643,1
11493,40,0.0,2
11494,16,0.0,3
11495,4,0.0,4
11496,6,0.0,5
11497,7,35.61221032407488,6
11498,27,126.51203789306543,7
11499,107,246.9189413928139,8
11500,185,150.96460857649845,9
11501,380,119.2697494570246,10
11502,411,158.77659151141458,11
11503,584,193.35809373779222,12
11504,595,192.8348417889763,13
11505,653,200.7064955115822,14
11506,603,203.60741609739608,15
11507,587,264.99648318743215,16
11508,522,381.9139647138801,17
11509,487,356.59542899415595,18
11510,375,265.2494487575403,19
11511,243,211.63975723321738,20
11512,204,156.6294932889651,21
11513,108,132.47940098935294,22
11514,82,87.71993747792749,23
11515,48,45.309078578937616,0
11516,24,24.763592859612288,1
11517,8,22.45615796143383,2
11518,4,5.981006752677828,3
11519,2,7.74490640491446,4
11520,20,20.058577369859307,5
11521,123,79.86994590624693,6
11522,349,172.60941961172296,7
11523,596,276.89718865733795,8
11524,268,169.38740270807764,9
11525,157,135.73006189477042,10
11526,163,155.96912145575584,11
11527,225,180.99787497212307,12
11528,247,182.40124095482986,13
11529,218,171.37921343439555,14
11530,231,180.59344261482238,15
11531,347,231.11913843789867,16
11532,683,348.189443974284,17
11533,664,318.27213455534337,18
11534,471,233.1262287151746,19
11535,309,178.201647270403,20
11536,221,143.6764796728364,21
11537,134,121.13163324073349,22
11538,60,89.49187278759594,23
11539,35,91.75222261265505,0
11540,21,76.35375864316212,1
11541,8,64.09950085187839,2
11542,3,53.73202218843875,3
11543,8,54.81246630498006,4
11544,17,67.1261372699249,5
11545,26,64.85398972121024,6
11546,169,180.45511803964496,7
11547,557,281.6817716389747,8
11548,349,188.65748669390842,9
11549,174,174.44274998783908,10
11550,229,204.44805450141848,11
11551,269,246.19762700881134,12
11552,249,252.11735356966233,13
11553,204,246.03612452618015,14
11554,234,254.38413351078322,15
11555,354,305.2122682372585,16
11556,681,421.63875191468367,17
11557,743,385.9950534418685,18
11558,487,308.04693947615897,19
11559,335,238.0698948727101,20
11560,282,197.76317130272506,21
11561,211,174.47929919893664,22
11562,95,127.24459970975369,23
11563,47,98.36144758580296,0
11564,15,75.61753530632,1
11565,16,69.5434507980392,2
11566,6,58.94743162886925,3
11567,4,49.681304440789646,4
11568,33,57.200021907819504,5
11569,120,66.33652346502765,6
11570,358,191.3403997578224,7
11571,666,297.8716156714838,8
11572,315,194.6149995316096,9
11573,175,160.19216005715367,10
11574,184,179.050847478409,11
11575,245,203.46550072926004,12
11576,228,205.2057717176944,13
11577,240,217.80765255674152,14
11578,256,226.00520978584944,15
11579,367,272.57780244849636,16
11580,729,374.87359562370614,17
11581,813,342.6846906591117,18
11582,504,257.53878481894293,19
11583,338,197.17542801729618,20
11584,239,163.35719224352886,21
11585,173,129.5850991002005,22
11586,98,98.4240123707527,23
11587,90,65.67229406843644,0
11588,24,46.801306350326186,1
11589,17,40.02029001824613,2
11590,6,34.7357485453397,3
11591,2,24.621039798541844,4
11592,21,36.93471076348668,5
11593,136,82.1056488904461,6
11594,384,129.63109375516976,7
11595,627,234.26401567077033,8
11596,304,177.3542237085606,9
11597,168,155.9892718510623,10
11598,201,181.47878899229366,11
11599,301,212.93292034003952,12
11600,265,220.39107653810464,13
11601,204,219.101031078113,14
11602,283,230.81944461667615,15
11603,370,283.88981271191494,16
11604,704,409.9285865311601,17
11605,706,382.4626512597788,18
11606,522,297.4050338504035,19
11607,420,220.84192538356933,20
11608,299,180.43071036448478,21
11609,246,157.14683826069637,22
11610,121,118.5768077143253,23
11611,89,98.7761503569144,0
11612,48,90.49095974551169,1
11613,11,75.36343741815733,2
11614,14,57.46513492542867,3
11615,4,54.07813977693509,4
11616,24,66.39181074187994,5
11617,135,103.46287303624565,6
11618,356,209.19475213939796,7
11619,618,307.8509659482449,8
11620,294,220.24313912720368,9
11621,199,180.8532826376305,10
11622,258,224.75506321936876,11
11623,171,176.68116537962052,12
11624,278,230.43320415388257,13
11625,242,216.1573844437434,14
11626,343,246.1642792253283,15
11627,440,310.5871960752113,16
11628,643,406.2611647611984,17
11629,641,382.01326105368463,18
11630,452,314.2691543493212,19
11631,313,254.61964475340557,20
11632,235,196.93759503707844,21
11633,232,153.01720023664907,22
11634,256,123.85407342125117,23
11635,153,100.22921680415263,0
11636,107,86.63254849648638,1
11637,75,73.26309604657874,2
11638,32,68.81515631252547,3
11639,9,54.937567870049705,4
11640,22,67.60470474689417,5
11641,42,100.42496948631606,6
11642,87,207.93101250667252,7
11643,197,311.7639696587958,8
11644,284,219.7732220890888,9
11645,432,196.831348297543,10
11646,575,228.03247708864774,11
11647,550,259.1079640585396,12
11648,524,261.0958118497919,13
11649,428,190.60744125410446,14
11650,541,181.30282569610344,15
11651,540,274.02816813301314,16
11652,502,392.5170818258816,17
11653,434,360.3551667837351,18
11654,405,273.3433807224405,19
11655,309,214.98964372566007,20
11656,269,172.59427160206664,21
11657,217,146.83376586053856,22
11658,149,107.18241800560077,23
11659,134,82.23039871784367,0
11660,121,63.2353619431026,1
11661,93,55.74504153278103,2
11662,28,49.400102324175734,3
11663,16,1.7870784694154196,4
11664,11,14.100749434360253,5
11665,17,55.732283933438865,6
11666,36,152.3015172138563,7
11667,114,285.30866436048603,8
11668,191,188.64502746592905,9
11669,333,158.92193767666274,10
11670,414,187.6225709998297,11
11671,558,228.81171826863954,12
11672,565,227.94568570428032,13
11673,518,215.45025310443796,14
11674,571,225.3199360803187,15
11675,544,273.66460281134835,16
11676,511,383.62400724408576,17
11677,463,361.1778991983987,18
11678,383,279.29458756851085,19
11679,276,225.7572126211753,20
11680,203,174.2924028703795,21
11681,157,148.52952487440916,22
11682,102,107.82846458012875,23
11683,34,82.07085260406171,0
11684,9,67.0579483943547,1
11685,6,61.95728982673561,2
11686,5,53.486810637847995,3
11687,2,31.151418347615135,4
11688,23,48.42519094574533,5
11689,142,91.47296134686472,6
11690,385,190.47958013038087,7
11691,639,290.28545470018025,8
11692,350,186.31953448206448,9
11693,190,155.08500497803203,10
11694,213,179.53938387374478,11
11695,263,214.27465675019715,12
11696,272,231.61499048411972,13
11697,239,225.53376144063756,14
11698,262,229.76402715768097,15
11699,388,271.2755422011694,16
11700,769,389.05515181579625,17
11701,680,364.10031628448326,18
11702,546,281.2352303415399,19
11703,323,221.87984660710924,20
11704,247,190.14930033896542,21
11705,173,162.97255869539657,22
11706,113,134.1652700463406,23
11707,38,99.24728581610674,0
11708,9,80.72599409547168,1
11709,16,69.66417620938299,2
11710,6,57.52462347756064,3
11711,5,52.36555426068439,4
11712,20,62.523963651902896,5
11713,165,102.16915462695002,6
11714,463,204.97790124078506,7
11715,641,301.5027153061037,8
11716,295,204.12523120581557,9
11717,157,166.74262226666644,10
11718,217,195.04351638325707,11
11719,263,226.033059222475,12
11720,219,186.09825397819301,13
11721,71,168.8631158232055,14
11722,134,171.59357376197644,15
11723,389,221.44591029334777,16
11724,717,380.55499225086066,17
11725,710,356.3070885433469,18
11726,458,278.35897457763735,19
11727,302,221.27536164471496,20
11728,223,189.96822561101584,21
11729,147,106.25263234830149,22
11730,63,74.25703372882202,23
11731,35,83.63860405530251,0
11732,14,76.97220584086978,1
11733,1,9.700873558191603,2
11734,2,7.958107967608285,3
11735,5,2.4455728388324047,4
11736,28,57.82869636715965,5
11737,126,101.5833985920783,6
11738,418,189.7861808988137,7
11739,622,305.2607897658539,8
11740,325,205.1901113419608,9
11741,153,179.7818315475564,10
11742,201,202.5469350380529,11
11743,280,234.07486164699415,12
11744,266,235.82299465749776,13
11745,243,225.80656794983736,14
11746,259,234.57352506562137,15
11747,357,282.9581476666066,16
11748,705,396.0956277932559,17
11749,372,279.2195889349964,18
11750,98,203.30320879682603,19
11751,51,145.38299412505052,20
11752,34,112.27406242952472,21
11753,67,83.94766002500339,22
11754,55,51.600967748066566,23
11755,33,33.43998532900399,0
11756,11,49.374118395251315,1
11757,3,44.00696571076976,2
11758,3,33.6774406584623,3
11759,2,39.14003231060431,4
11760,24,52.99723683820153,5
11761,139,94.54188056646885,6
11762,401,187.92517613090507,7
11763,630,292.46052197933807,8
11764,361,199.7135354305337,9
11765,154,167.9662516425771,10
11766,256,189.13711675514105,11
11767,272,219.76533166039007,12
11768,318,226.58476992493325,13
11769,247,222.15949156424057,14
11770,271,224.82114838915055,15
11771,421,281.10123500634273,16
11772,732,405.893352579421,17
11773,770,364.49818578581556,18
11774,553,285.5634693456025,19
11775,374,223.4935206948544,20
11776,230,187.26790341705316,21
11777,232,162.92126132312362,22
11778,135,124.59786093943313,23
11779,64,98.6027105564934,0
11780,46,87.51714198889539,1
11781,31,86.36530863914116,2
11782,13,77.47588131907258,3
11783,9,61.71197869840108,4
11784,26,77.14610516004578,5
11785,135,115.65718416242451,6
11786,351,210.81018154080118,7
11787,620,320.8460150509662,8
11788,322,222.21989646257578,9
11789,210,192.83958728885278,10
11790,291,219.9253450668401,11
11791,348,249.81086752245255,12
11792,363,258.8343137180714,13
11793,334,257.35525829261127,14
11794,439,261.68310007682226,15
11795,525,304.36045094524644,16
11796,779,426.3335203232259,17
11797,596,401.3763125374706,18
11798,503,324.1375026500026,19
11799,341,266.0487399241511,20
11800,270,227.5883746624063,21
11801,234,182.9554666672596,22
11802,180,148.55940192567812,23
11803,136,116.21365382853777,0
11804,93,98.40543610056866,1
11805,56,73.74325472015421,2
11806,34,71.7384571159722,3
11807,9,52.17451651380328,4
11808,13,60.50151178622448,5
11809,33,104.60967992304276,6
11810,67,195.48424800185308,7
11811,178,332.21496959867727,8
11812,335,231.43358943656062,9
11813,411,193.33476103723808,10
11814,522,230.69932724941378,11
11815,559,263.32997971845174,12
11816,659,259.631475350011,13
11817,615,251.84365445742748,14
11818,590,268.95390845201,15
11819,591,316.2596670230966,16
11820,576,415.0470726873784,17
11821,546,394.8217084346989,18
11822,439,311.3293810228774,19
11823,287,248.22525317459548,20
11824,230,195.62028088555564,21
11825,274,157.2685066129098,22
11826,176,141.0392183578387,23
11827,98,101.05991437735875,0
11828,94,77.42852028788798,1
11829,82,70.64513170136564,2
11830,28,66.10198815458705,3
11831,9,57.37142146194368,4
11832,12,67.44048680368275,5
11833,21,114.41322059246887,6
11834,60,209.5662179708455,7
11835,156,317.9930356990768,8
11836,222,232.62508057142202,9
11837,350,186.2842376259247,10
11838,428,209.92719324873866,11
11839,531,241.0119399006819,12
11840,602,245.23530888894305,13
11841,552,246.15122981795793,14
11842,499,250.70943509757512,15
11843,564,301.4676255015054,16
11844,478,408.24940526017565,17
11845,389,379.7404697212065,18
11846,339,292.2693286389306,19
11847,230,238.37165342198938,20
11848,169,201.32989631672757,21
11849,131,165.8581267062298,22
11850,74,138.4806204886753,23
11851,35,113.42891267204426,0
11852,11,94.86068605055345,1
11853,2,92.68630543975912,2
11854,2,66.39796196970588,3
11855,6,50.987525260934035,4
11856,26,64.71743212791966,5
11857,65,46.6789742147966,6
11858,75,144.3109774853552,7
11859,156,250.3646784304862,8
11860,110,145.69182638857117,9
11861,59,107.15501356098,10
11862,79,174.05782937262705,11
11863,185,196.76826302881898,12
11864,176,218.13708364667815,13
11865,171,207.41372511521848,14
11866,196,214.76444632896172,15
11867,111,221.1228923981427,16
11868,229,310.9822433109955,17
11869,300,340.9989450302033,18
11870,304,214.8984413105781,19
11871,189,197.34250505871506,20
11872,152,169.31651055372248,21
11873,129,146.86924018878722,22
11874,75,116.29224972579081,23
11875,32,79.67004590089789,0
11876,19,25.129465010131568,1
11877,4,59.999293084950864,2
11878,6,17.88718463652191,3
11879,5,4.847492456408077,4
11880,8,11.849685725089358,5
11881,24,54.89745612620878,6
11882,92,152.17599348486775,7
11883,409,300.9433088270392,8
11884,355,197.68669268716496,9
11885,171,177.98215361571988,10
11886,224,196.04419516807764,11
11887,264,229.26708168962656,12
11888,239,181.07842675249884,13
11889,184,212.00591262793853,14
11890,256,239.1895952874932,15
11891,374,281.0478640711266,16
11892,678,398.8274736857535,17
11893,733,381.4238959407993,18
11894,512,288.7174446778975,19
11895,263,180.6551933800705,20
11896,109,142.5882499001808,21
11897,83,147.83268002414695,22
11898,71,63.91972210625251,23
11899,39,84.21823821849014,0
11900,21,67.4356321948427,1
11901,19,56.091690379381646,2
11902,6,54.57142626213529,3
11903,4,41.668319379007215,4
11904,38,54.6889221677513,5
11905,158,98.09015848077033,6
11906,440,207.4911111268574,7
11907,650,309.42706880442864,8
11908,347,207.0778511344614,9
11909,192,198.7728767427422,10
11910,267,225.7276700821668,11
11911,330,252.4606431931931,12
11912,350,265.95394477325294,13
11913,263,253.81197808531022,14
11914,274,250.6569865597739,15
11915,446,302.13820282726084,16
11916,873,412.60249952185313,17
11917,846,387.6452917360978,18
11918,590,302.5876743267225,19
11919,459,230.8112063158892,20
11920,393,187.993383005836,21
11921,286,162.23050500986562,22
11922,133,126.12093303725091,23
11923,79,95.97789054217046,0
11924,28,76.59824064778088,1
11925,16,75.59783364798191,2
11926,3,70.07094885980418,3
11927,16,72.49428463703566,4
11928,35,71.89085290358564,5
11929,159,106.93632353927893,6
11930,474,201.38001683941405,7
11931,634,309.8213929148994,8
11932,346,212.96734839489176,9
11933,205,180.88930177007427,10
11934,279,205.24610459861935,11
11935,348,246.3952149732478,12
11936,327,247.24126402561694,13
11937,270,241.86696680593406,14
11938,316,247.28730017373022,15
11939,430,300.8203421845299,16
11940,852,418.5999517991568,17
11941,868,396.86077557726895,18
11942,537,312.7590924088158,19
11943,446,243.97769682703776,20
11944,299,204.1121470177926,21
11945,251,172.30253556829766,22
11946,166,132.91873744890827,23
11947,70,105.21699521686722,0
11948,49,88.69404895237622,1
11949,21,71.85067509386907,2
11950,14,57.13831031712162,3
11951,11,47.24976982161175,4
11952,34,60.97967668859738,5
11953,182,100.04768677912502,6
11954,515,195.15790501325907,7
11955,745,321.443184714786,8
11956,361,227.8595964271285,9
11957,255,206.69492041340823,10
11958,334,232.4795910804878,11
11959,360,257.63564225746666,12
11960,395,261.60214680653564,13
11961,350,256.1326457741274,14
11962,391,258.33494757805613,15
11963,568,304.39338829679673,16
11964,812,423.5892338134644,17
11965,669,391.76915274672393,18
11966,483,309.8882133712784,19
11967,337,253.51153226215524,20
11968,258,221.45750853470136,21
11969,251,166.79982662864086,22
11970,174,135.40068963757207,23
11971,148,112.80284238477734,0
11972,104,98.40543610056866,1
11973,69,87.4388220272053,2
11974,33,81.3818665112183,3
11975,14,65.51661790895477,4
11976,12,70.24002185772257,5
11977,50,103.8668843369328,6
11978,95,205.96178374503666,7
11979,195,325.1016962405871,8
11980,292,235.6382234749316,9
11981,452,200.28734836332163,10
11982,586,233.1128509223144,11
11983,642,269.4538273277514,12
11984,704,267.9801588599631,13
11985,730,267.92851361156215,14
11986,672,272.8026011875657,15
11987,642,320.89686784149035,16
11988,626,437.613707465976,17
11989,645,410.95228008556165,18
11990,432,321.61528673648263,19
11991,315,261.75444994224847,20
11992,259,216.60590162246106,21
11993,338,192.54961547559208,22
11994,239,146.73306648141687,23
11995,170,114.60548094875949,0
11996,130,101.0125825555177,1
11997,98,94.9384980472369,2
11998,66,77.85161882740698,3
11999,16,60.82148104034506,4
12000,8,66.2839106607984,5
12001,25,115.86532025682037,6
12002,90,208.85928614704625,7
12003,171,324.42909882681175,8
12004,313,251.32940396562225,9
12005,432,213.86871291786846,10
12006,581,229.50699652081408,11
12007,637,260.93594940260556,12
12008,607,260.4312447722152,13
12009,543,249.59962487723163,14
12010,502,246.59424824515696,15
12011,577,298.9886196093234,16
12012,549,413.64540147280815,17
12013,474,382.3418446044163,18
12014,402,287.67291164768113,19
12015,274,230.5892987147587,20
12016,233,187.06217132646395,21
12017,145,155.51082197614323,22
12018,86,72.08791526713419,23
12019,40,38.214427650344604,0
12020,15,23.20152344063756,1
12021,11,11.49965361001314,2
12022,2,47.73736435988566,3
12023,7,2.697152550050461,4
12024,15,15.010823514995323,5
12025,79,58.0585939161147,6
12026,153,153.21159129449137,7
12027,270,252.93057509347943,8
12028,186,150.38089077740446,9
12029,99,112.99828183825532,10
12030,106,182.0266376301847,11
12031,170,208.05267891741175,12
12032,184,164.11719378967015,13
12033,180,155.51700298405052,14
12034,225,217.33725837388687,15
12035,315,261.7866833106938,16
12036,508,384.6409170739398,17
12037,530,361.694726753033,18
12038,448,290.5909387498831,19
12039,336,229.1740995944693,20
12040,241,193.4807239175247,21
12041,142,156.7188728569136,22
12042,97,127.91604631112138,23
12043,36,88.39302722976115,0
12044,27,73.37566091679038,1
12045,11,68.00850823230886,2
12046,5,59.538029043421226,3
12047,7,46.72321059108663,4
12048,17,17.386037149132108,5
12049,137,62.55697527609155,6
12050,324,157.7099726544682,7
12051,590,296.6031672226159,8
12052,333,204.62859471689222,9
12053,200,170.80962123144093,10
12054,189,190.89176467484413,11
12055,254,219.83479628252178,12
12056,243,226.62451295362092,13
12057,222,214.12908035377853,14
12058,245,243.44276509687927,15
12059,386,285.6821315370348,16
12060,785,416.70863873408786,17
12061,785,377.0906697183079,18
12062,364,287.3012087758567,19
12063,373,223.01980396847512,20
12064,261,184.02482485143136,21
12065,174,162.637952222195,22
12066,105,132.0609617591986,23
12067,47,100.9273442487962,0
12068,32,78.27486586761412,1
12069,12,67.94761154994724,2
12070,5,70.22021558096831,3
12071,3,10.457160240632675,4
12072,35,14.052311979977986,5
12073,160,105.8365684014644,6
12074,468,210.77085499558171,7
12075,719,309.42706880442864,8
12076,297,213.53661733723516,9
12077,191,176.4181302605062,10
12078,197,203.80255702746814,11
12079,248,232.06391630152677,12
12080,270,223.28010248811046,13
12081,248,228.7464645555039,14
12082,257,239.39764600066218,15
12083,278,242.19385427612744,16
12084,285,341.9422981067696,17
12085,327,317.6943943992558,18
12086,376,263.6868801006294,19
12087,295,208.3729689816475,20
12088,245,175.9733413643632,21
12089,159,145.60828975037086,22
12090,106,117.06749521817733,23
12091,56,91.96461076938755,0
12092,30,73.30118033517138,1
12093,16,69.35263580717292,2
12094,4,54.14998091671721,3
12095,5,48.63744578794133,4
12096,30,60.951116752886165,5
12097,156,103.99888715400556,6
12098,415,209.88805237035905,7
12099,692,320.2063798055153,8
12100,301,216.24045958739958,9
12101,185,187.41945375626779,10
12102,221,208.64888570618112,11
12103,289,249.68915413533244,12
12104,302,251.77912112124204,13
12105,252,242.8147791073664,14
12106,291,247.33540077147035,15
12107,390,290.7220557181361,16
12108,798,408.8551312446626,17
12109,752,381.07613695118204,18
12110,492,294.9260279582216,19
12111,398,220.95407564456087,20
12112,285,136.752929708834,21
12113,243,152.64326837420526,22
12114,167,121.71281199930922,23
12115,73,101.58676258962124,0
12116,42,89.05049201765388,1
12117,23,80.84877768026932,2
12118,14,64.82561509071792,3
12119,9,63.20832175616478,4
12120,30,73.39645274082729,5
12121,113,116.09075723004705,6
12122,359,209.8275187063829,7
12123,583,312.3752043950281,8
12124,340,208.41165643135463,9
12125,232,189.4024172472151,10
12126,283,208.0683247885775,11
12127,321,254.97986323524566,12
12128,333,256.72799624574924,13
12129,367,249.92960110195634,14
12130,466,254.84685366439123,15
12131,584,310.276895149743,16
12132,653,414.95034823554266,17
12133,522,392.8279845083112,18
12134,404,309.13966810012096,19
12135,350,245.21312686462113,20
12136,255,211.39726334529604,21
12137,212,171.84124197510698,22
12138,166,134.52299138434557,23
12139,116,101.84232469373119,0
12140,82,88.95496046430648,1
12141,64,78.05382861022446,2
12142,31,67.8150452673786,3
12143,2,63.01181421684423,4
12144,10,77.56669088618929,5
12145,31,116.95701968086767,6
12146,54,208.56377907365749,7
12147,141,324.5515122202407,8
12148,289,214.81189805177576,9
12149,437,186.72244171244893,10
12150,520,213.73485524908563,11
12151,529,254.16339566716306,12
12152,539,256.20509374120303,13
12153,564,245.47936295530104,14
12154,513,249.29068054116345,15
12155,504,306.94383807396514,16
12156,462,420.4164275964183,17
12157,415,394.31193130415284,18
12158,373,302.16279697158865,19
12159,255,253.58693686389591,20
12160,251,211.20160821448428,21
12161,204,174.64180912366507,22
12162,150,144.4182845725683,23
12163,137,113.49306023333642,0
12164,78,95.43104250945676,1
12165,61,86.88863740535035,2
12166,36,79.83439411850352,3
12167,11,62.66211761786052,4
12168,7,74.97578858280532,5
12169,22,118.73049080772398,6
12170,52,208.80981067761883,7
12171,151,314.0613759862252,8
12172,270,214.41942230854943,9
12173,424,186.03091113805925,10
12174,519,218.72730457994678,11
12175,570,249.449325637939,12
12176,498,257.58288060986575,13
12177,547,246.15021800016453,14
12178,535,257.7241205707043,15
12179,501,303.589781409552,16
12180,522,422.0132128831391,17
12181,518,388.2961323418466,18
12182,442,312.82702426831895,19
12183,392,254.53990029165647,20
12184,143,144.430985596971,21
12185,59,109.01492159071827,22
12186,96,75.6054593236403,23
12187,65,79.85529099704598,0
12188,59,65.30251319260313,1
12189,48,56.90479431237456,2
12190,18,62.21959647563638,3
12191,6,51.537233385515975,4
12192,9,63.850904350460794,5
12193,20,113.48473861496552,6
12194,67,206.0314324405486,7
12195,155,320.95979551579615,8
12196,263,230.6918148591738,9
12197,364,191.4456979533411,10
12198,476,206.51779078608638,11
12199,525,244.43760371853784,12
12200,556,246.79881853513376,13
12201,465,236.7823918274733,14
12202,460,249.51664045532186,15
12203,501,294.67299721592804,16
12204,405,411.7456750067557,17
12205,383,381.80450375761694,18
12206,395,306.03019868405926,19
12207,317,240.03528664564436,20
12208,247,199.37272490931747,21
12209,157,168.19338878932197,22
12210,82,132.5232268592808,23
12211,45,114.78037248758311,0
12212,14,101.18370417991687,1
12213,8,88.98385746936944,2
12214,3,80.18963396202619,3
12215,5,73.99011198785877,4
12216,33,86.3037829528036,5
12217,154,129.351553353923,6
12218,450,224.50455073229966,7
12219,634,335.7360332641355,8
12220,257,237.55404127288045,9
12221,183,200.524898245631,10
12222,197,228.19039332327932,11
12223,237,268.86556390403734,12
12224,239,270.1441076170481,13
12225,238,259.42074908558845,14
12226,256,267.7687580701915,15
12227,393,311.1577852712995,16
12228,781,430.660161799011,17
12229,710,398.9492887359319,18
12230,526,317.44962227286294,19
12231,204,190.92796942349605,20
12232,71,117.97745666057509,21
12233,55,144.22180332294278,22
12234,50,69.30863615151146,23
12235,36,48.771990022835055,0
12236,4,33.05215398932877,1
12237,5,21.10819712351335,2
12238,5,17.44859021644362,3
12239,6,54.29620357280861,4
12240,41,76.7503141727852,5
12241,144,117.23218791091134,6
12242,483,169.31810498034787,7
12243,671,314.691925322644,8
12244,305,217.22615279156244,9
12245,177,175.8544959054474,10
12246,208,204.65610521458746,11
12247,253,257.0628168112151,12
12248,289,256.4847679394742,13
12249,252,252.75158034961134,14
12250,275,251.78970087246017,15
12251,398,296.9460576330663,16
12252,839,419.72126264757037,17
12253,796,393.7036571261162,18
12254,556,308.69988999952847,19
12255,431,212.71110802715282,20
12256,304,209.5412493426628,21
12257,217,170.13760096256638,22
12258,160,143.13210797533708,23
12259,61,109.77103391638919,0
12260,26,97.23476334442185,1
12261,14,94.37871040000852,2
12262,8,80.4615938321765,3
12263,8,78.49083458572372,4
12264,33,84.78609603060579,5
12265,178,122.04302282293257,6
12266,507,224.0714933716177,7
12267,693,332.34139498226676,8
12268,311,241.58706938221502,9
12269,220,211.09705531749512,10
12270,218,236.41450894152416,11
12271,292,266.6892579348736,12
12272,293,268.95154288928353,13
12273,254,264.01665571217416,14
12274,290,265.1561875259617,15
12275,487,311.375314276709,16
12276,827,432.1801755753104,17
12277,785,404.7501040662398,18
12278,591,322.0622845453851,19
12279,479,251.43215840092466,20
12280,359,216.9069908033581,21
12281,264,182.3303897690629,22
12282,140,147.47259775205782,23
12283,86,114.39973159944505,0
12284,34,96.86786562760054,1
12285,16,87.57574955545229,2
12286,4,60.841945477249865,3
12287,6,56.74564625051477,4
12288,45,65.03677776062526,5
12289,141,55.93979820791394,6
12290,402,193.0957082451074,7
12291,694,291.7519220539543,8
12292,298,192.61304918163978,9
12293,204,160.29720236904058,10
12294,235,190.11977047690885,11
12295,310,216.49927767603555,12
12296,316,225.66797089348088,13
12297,254,174.02595926910138,14
12298,258,179.25351275700456,15
12299,222,229.88860074444136,16
12300,227,334.6498532823724,17
12301,110,278.24129620887624,18
12302,45,200.2931822431667,19
12303,39,139.8173051849095,20
12304,85,123.53245305496836,21
12305,23,84.25324110237918,22
12306,73,54.029716551282405,23
12307,86,67.73742230803467,0
12308,76,54.84768582416767,1
12309,41,43.95723926644199,2
12310,26,49.06196721817324,3
12311,13,45.00607488123843,4
12312,12,49.66776652514933,5
12313,36,84.43982766204829,6
12314,86,193.27144589920982,7
12315,210,300.2272308024753,8
12316,332,201.338306987421,9
12317,493,177.4042691344582,10
12318,536,193.88234380872817,11
12319,668,232.36753043335096,12
12320,679,233.46397956282516,13
12321,647,227.02691235300108,14
12322,702,233.31723583104545,15
12323,644,279.1828966698931,16
12324,586,403.1736956844758,17
12325,512,378.925791976962,18
12326,554,297.0824362170297,19
12327,399,235.74225355591568,20
12328,316,199.2146483945602,21
12329,228,159.74730946767153,22
12330,238,122.1239255258484,23
12331,169,82.50500283919996,0
12332,121,72.83567017364274,1
12333,89,61.77524994753621,2
12334,50,50.08673919478112,3
12335,13,35.823590992519414,4
12336,12,53.48083350161403,5
12337,22,76.23391518149845,6
12338,35,189.20259538892816,7
12339,140,301.2078259748584,8
12340,300,220.7538089638162,9
12341,404,185.44051746771945,10
12342,511,206.52781070405172,11
12343,684,237.4518713239883,12
12344,686,240.5070322328714,13
12345,678,229.42783553506985,14
12346,644,246.28349420842915,15
12347,662,285.06797553707287,16
12348,578,402.49411923980017,17
12349,496,378.2462155322864,18
12350,453,297.3601916732584,19
12351,314,235.0998353970596,20
12352,246,193.60635642927096,21
12353,226,156.19351367646973,22
12354,108,120.59202329818115,23
12355,49,100.15035112164138,0
12356,14,28.550059521773775,1
12357,11,66.25682150393838,2
12358,5,54.949408407705434,3
12359,8,50.38512075363687,4
12360,35,58.32655626627216,5
12361,139,101.37432666739156,6
12362,517,204.20448183275653,7
12363,665,322.45357624848197,8
12364,282,224.8363773674451,9
12365,187,185.1791743525007,10
12366,239,204.8423696647229,11
12367,282,231.63845274058826,12
12368,274,230.7724201762291,13
12369,270,215.34144993751053,14
12370,292,231.2374044555233,15
12371,448,273.2078235001482,16
12372,834,388.5005652005239,17
12373,822,365.6688973950509,18
12374,645,284.7852457904652,19
12375,461,225.28024716257295,20
12376,265,178.5299645009679,21
12377,168,145.65758306133176,22
12378,86,120.77386013996035,23
12379,34,71.5127168292908,0
12380,20,45.26573155065229,1
12381,8,2.979577992347302,2
12382,5,0.0,3
12383,5,0.0,4
12384,36,0.0,5
12385,184,77.43644206023058,6
12386,569,175.5492089033004,7
12387,710,271.7219547167016,8
12388,335,178.3335185633794,9
12389,176,145.26520268610733,10
12390,227,177.88493963369513,11
12391,247,202.0520160817282,12
12392,267,222.53788064183163,13
12393,276,205.0579039966526,14
12394,272,210.99476156279735,15
12395,473,269.57442991940957,16
12396,850,390.5399772500176,17
12397,790,361.68989992448184,18
12398,513,272.4484764463123,19
12399,415,210.37852779556422,20
12400,283,168.36521237647784,21
12401,193,149.802498509409,22
12402,113,113.44157981955188,23
12403,49,81.34416604615811,0
12404,27,62.63246670007237,1
12405,11,53.2786383230672,2
12406,8,26.9924763051265,3
12407,10,20.417171186209444,4
12408,38,42.51213136689496,5
12409,172,85.55990176801437,6
12410,547,188.00826708801787,7
12411,668,296.442000198181,8
12412,303,200.76873569255196,9
12413,203,183.52902306649838,10
12414,226,206.12775601759677,11
12415,315,240.42504446578053,12
12416,303,232.8944082679561,13
12417,302,229.6456510285555,14
12418,300,234.8732045164587,15
12419,452,275.1394039664246,16
12420,724,387.665156082,17
12421,782,306.53024935521364,18
12422,538,244.466760264228,19
12423,408,184.46378475641274,20
12424,298,152.77108896292773,21
12425,248,121.57320552450666,22
12426,123,93.47522095369223,23
12427,59,64.12600105322232,0
12428,22,49.82002866731456,1
12429,12,45.515645972974184,2
12430,5,33.41195700346255,3
12431,6,13.913498620574984,4
12432,34,34.68742671194505,5
12433,170,69.27493998663923,6
12434,526,174.39132116429317,7
12435,681,284.2450600909216,8
12436,337,198.06133119399044,9
12437,210,166.32703313754593,10
12438,237,202.50437314806868,11
12439,336,245.49594899603494,12
12440,315,239.79920230792345,13
12441,265,233.76490816529707,14
12442,333,252.87103222510808,15
12443,466,287.9785779887478,16
12444,869,403.63501987753466,17
12445,813,375.40498360498685,18
12446,602,297.45686963927733,19
12447,478,232.90242532872026,20
12448,313,189.18820256792395,21
12449,228,160.36248927246584,22
12450,177,115.2779276475664,23
12451,77,94.26674072801015,0
12452,29,80.6700724203439,1
12453,19,78.49122970628585,2
12454,8,61.40435048645595,3
12455,10,53.74032369837816,4
12456,29,53.05467388371483,5
12457,139,102.95368562932572,6
12458,428,194.53518553193527,7
12459,700,313.0312761685255,8
12460,382,223.32866920407446,9
12461,249,191.24364354835677,10
12462,264,218.7311361501133,11
12463,369,250.79462325449077,12
12464,416,253.4127463752426,13
12465,373,248.31480091168433,14
12466,397,257.6303760737032,15
12467,523,303.14257100065123,16
12468,793,421.98495060541933,17
12469,723,398.6367586015977,18
12470,555,314.99537709426323,19
12471,408,256.1996825446125,20
12472,339,214.37914700541904,21
12473,291,183.1696316305043,22
12474,215,133.14939523809554,23
12475,206,112.0332661066229,0
12476,123,98.79006371085629,1
12477,89,91.94356515949494,2
12478,40,80.92440261502583,3
12479,8,76.82810338829073,4
12480,19,85.23867053694354,5
12481,80,111.10708400408501,6
12482,87,209.53982525118604,7
12483,244,319.2574958138135,8
12484,340,221.07550382255846,9
12485,466,196.85384833516156,10
12486,569,237.8985394448125,11
12487,531,271.40895863913494,12
12488,585,273.9592272861631,13
12489,593,266.8728484497519,14
12490,555,275.30774820516626,15
12491,534,317.1615548855359,16
12492,495,441.3999307029365,17
12493,451,408.5677208123667,18
12494,360,325.7846974787867,19
12495,363,255.90522894250546,20
12496,316,214.7870820996216,21
12497,214,170.08585043609378,22
12498,230,134.17597372530392,23
12499,158,97.38260746080516,0
12500,116,76.58814727867968,1
12501,73,73.73209433426638,2
12502,29,62.75051540531054,3
12503,10,51.70539876691632,4
12504,13,72.31077880421046,5
12505,30,113.21491956809723,6
12506,62,198.5935431126651,7
12507,181,308.1783346437628,8
12508,266,228.94027769098335,9
12509,413,210.47747510096616,10
12510,499,224.76500502115232,11
12511,502,275.88855054959856,12
12512,492,274.59979993963395,13
12513,500,262.9743574500398,14
12514,475,266.0763709576607,15
12515,508,306.7429712203819,16
12516,521,416.8551996630568,17
12517,490,395.3928328587688,18
12518,375,323.0224238470397,19
12519,363,243.8999467282677,20
12520,253,193.65445702701112,21
12521,159,160.44715699390093,22
12522,110,140.55116745033743,23
12523,41,108.71919027612323,0
12524,24,79.91314269219751,1
12525,17,75.2552940859575,2
12526,6,59.24281679276243,3
12527,7,54.439585742228076,4
12528,37,66.75325670717291,5
12529,144,103.21259099046472,6
12530,503,205.6609563104682,7
12531,651,311.1522363998233,8
12532,316,221.6887636341678,9
12533,147,188.4708328634341,10
12534,202,216.47835271881814,11
12535,261,256.96311567412545,12
12536,248,252.05041496558823,13
12537,259,251.29875327531994,14
12538,259,250.09847565317634,15
12539,427,290.2947307805971,16
12540,800,408.074340395224,17
12541,831,384.68479486146475,18
12542,596,294.401126953515,19
12543,394,236.52369142598207,20
12544,250,192.4341431819114,21
12545,164,165.9643333621418,22
12546,80,131.75176086407907,23
12547,28,107.16131164137852,0
12548,16,86.07649551219248,1
12549,6,79.29547918011244,2
12550,12,62.91098865659215,3
12551,4,0.0,4
12552,29,5.810508119740405,5
12553,136,89.8021911039599,6
12554,303,144.4516325819474,7
12555,613,284.75869079769365,8
12556,285,182.56107473353615,9
12557,125,102.37104524460335,10
12558,65,127.708960780025,11
12559,95,158.33717568527402,12
12560,59,156.7618390426733,13
12561,60,136.1781625467309,14
12562,116,146.0947804234674,15
12563,239,230.7788138651328,16
12564,681,347.1421875777189,17
12565,653,339.47514559976224,18
12566,491,261.5270316340527,19
12567,386,204.44341870113033,20
12568,274,172.04141882940377,21
12569,207,131.34691761491115,22
12570,89,53.09383886724662,23
12571,34,68.34290929681947,0
12572,28,74.24510485695433,1
12573,4,57.68971469106549,2
12574,8,47.80299960013707,3
12575,10,41.84319240671837,4
12576,40,52.740627469622424,5
12577,194,95.07909379250029,6
12578,505,188.4623893569365,7
12579,713,289.9230011102424,8
12580,352,191.74792450091934,9
12581,198,159.6150809531768,10
12582,246,188.9847956254842,11
12583,334,229.16813149518592,12
12584,255,228.30758869845369,13
12585,320,227.29312178152148,14
12586,281,239.0266827197047,15
12587,392,286.50135934048615,16
12588,857,401.2557172711385,17
12589,744,378.0682112993236,18
12590,671,296.6544889669286,19
12591,448,235.02632261319633,20
12592,396,189.97297810613426,21
12593,238,157.86375102752731,22
12594,153,127.99369238833016,23
12595,48,96.83481480396432,0
12596,21,82.59432463733789,1
12597,9,76.20226798384928,2
12598,5,67.02248471672011,3
12599,6,58.993360080249026,4
12600,40,71.30703104519385,5
12601,181,107.21708567607175,6
12602,506,208.78941032025142,7
12603,719,303.16482257508966,8
12604,357,207.02934181537495,9
12605,179,162.19162554272967,10
12606,228,193.75236241460073,11
12607,265,215.13730187821352,12
12608,284,224.31291047759075,13
12609,298,217.15036412554184,14
12610,324,232.35984873114796,15
12611,438,273.9368459939177,16
12612,867,394.12997928144523,17
12613,823,377.64703281305106,18
12614,579,287.9472859156983,19
12615,435,210.6344664808222,20
12616,337,174.95963812230315,21
12617,242,142.82042259110668,22
12618,172,108.5664965631063,23
12619,94,89.23803966245329,0
12620,51,65.5437108639979,1
12621,15,54.29051075799843,2
12622,5,44.40379566707003,3
12623,14,40.30749644033493,4
12624,33,46.742035365693695,5
12625,151,93.1054133978482,6
12626,430,190.82193518477578,7
12627,653,309.3891925480388,8
12628,366,212.63035184075645,9
12629,216,183.0931265494512,10
12630,286,208.20295924061782,11
12631,403,246.5899892161198,12
12632,393,243.88877261853884,13
12633,376,240.9749339726123,14
12634,377,246.2024874605155,15
12635,558,293.67716408129695,16
12636,823,410.1436036286776,17
12637,693,383.474314226194,18
12638,467,301.25608400283215,19
12639,385,239.62791764909986,20
12640,333,199.1191265628477,21
12641,321,167.3002554313013,22
12642,222,132.01565326104603,23
12643,137,96.99204904225061,0
12644,95,83.30157458184121,1
12645,67,82.92075761518541,2
12646,27,63.413439340523,3
12647,8,48.54785076356154,4
12648,23,61.56845355230564,5
12649,47,102.49305622758499,6
12650,78,197.64605360596164,7
12651,204,306.77980315799215,8
12652,367,214.93024766172886,9
12653,435,189.16753400259518,10
12654,566,216.4957382323272,11
12655,603,247.73191123422572,12
12656,617,254.45709232618088,13
12657,573,240.6109060435791,14
12658,583,248.9691493046937,15
12659,542,290.28342236502544,16
12660,593,403.1073924497307,17
12661,571,379.5664205660162,18
12662,461,295.0322427369213,19
12663,352,228.4177406653633,20
12664,290,188.54113950157767,21
12665,280,159.91266818927622,22
12666,183,127.46053782310253,23
12667,148,89.70516696810147,0
12668,88,72.18116301832623,1
12669,74,71.09481188785333,2
12670,28,52.561975172538624,3
12671,18,48.819141857703144,4
12672,17,56.85438352308162,5
12673,23,94.11131031540842,6
12674,48,189.61777360568468,7
12675,119,294.1517217941355,8
12676,274,193.01827338010133,9
12677,436,164.1651737010832,10
12678,546,194.96648226138572,11
12679,615,225.59469716663477,12
12680,614,224.15452020671492,13
12681,582,218.03333529327722,14
12682,463,222.59154057289442,15
12683,580,263.46946803393416,16
12684,593,376.9604140724832,17
12685,513,356.6398460070784,18
12686,390,279.39866386516815,19
12687,302,216.1614817295021,20
12688,246,181.63631413193553,21
12689,153,149.4801521524728,22
12690,108,109.61926877170555,23
12691,40,74.76203991351683,0
12692,14,55.38144337898987,1
12693,9,49.30735887070911,2
12694,4,28.476918657909764,3
12695,9,33.196714723941795,4
12696,23,0.0,5
12697,37,36.90114873958679,6
12698,145,125.10155879187988,7
12699,474,277.54031993142837,8
12700,250,173.57439971331263,9
12701,91,92.19430257362706,10
12702,121,149.6785827178072,11
12703,168,148.91109062247693,12
12704,225,194.16571398449423,13
12705,219,186.75559082962735,14
12706,237,196.54682563871927,15
12707,332,239.19445491369945,16
12708,723,355.5578286262855,17
12709,642,338.5146321751629,18
12710,463,258.06705040587883,19
12711,362,199.92303973725757,20
12712,273,166.10480396349024,21
12713,164,138.21875824167984,22
12714,74,59.049021342056875,23
12715,35,76.10941652625563,0
12716,14,62.512748218589394,1
12717,15,57.14796778855013,2
12718,8,49.384420423461776,3
12719,10,44.58118937292741,4
12720,37,55.47862443583146,5
12721,161,100.6495625627909,6
12722,480,195.09562811736828,7
12723,673,293.0425378479736,8
12724,328,206.3839051417772,9
12725,180,167.1377882359445,10
12726,230,190.52485401402646,11
12727,292,229.5050646821768,12
12728,272,237.63722199412138,13
12729,227,232.65169365070017,14
12730,259,239.9824698860357,15
12731,334,290.9296702554344,16
12732,811,408.00234804626206,17
12733,795,384.46137616254754,18
12734,514,302.9232174026453,19
12735,458,247.30648153807556,20
12736,276,201.66921602041657,21
12737,291,157.7910395662812,22
12738,125,126.50711727948554,23
12739,53,94.362768605236,0
12740,27,76.44213375712981,1
12741,6,63.53298296834083,2
12742,8,55.77180785769475,3
12743,7,52.735906366658526,4
12744,39,65.04957733160336,5
12745,165,94.69316403709547,6
12746,464,195.24452988254694,7
12747,643,309.165887843408,8
12748,316,216.73478359099005,9
12749,167,212.63304557765963,10
12750,188,234.8666806803647,11
12751,180,268.6046657859573,12
12752,211,268.3986301445416,13
12753,190,263.554403652668,14
12754,179,279.881906191185,15
12755,335,323.2685611378507,16
12756,691,440.5019249606851,17
12757,672,416.2540212531713,18
12758,539,327.963531226959,19
12759,407,266.69809046717774,20
12760,344,228.0634926439655,21
12761,257,197.40259531528562,22
12762,123,151.21211849781824,23
12763,69,120.58014736213904,0
12764,18,96.45390448499518,1
12765,18,91.08675180051364,2
12766,11,89.11781795864233,3
12767,12,70.52693330151624,4
12768,40,82.48713835456144,5
12769,150,121.63520485819436,6
12770,463,216.788202236571,7
12771,590,339.6388086641394,8
12772,256,254.7241761667031,9
12773,150,228.98084668802852,10
12774,161,254.895187270162,11
12775,215,293.00778008250643,12
12776,172,294.6183811558869,13
12777,176,274.77373033163,14
12778,194,290.8161104106332,15
12779,320,332.50923105899614,16
12780,615,446.1255601651897,17
12781,640,411.82884546070954,18
12782,499,338.05327168548473,19
12783,436,274.38359488917706,20
12784,311,227.9140144800742,21
12785,243,192.12408192203884,22
12786,146,165.83715269510247,23
12787,93,127.70028386850149,0
12788,31,113.96223268506179,1
12789,12,104.24139186669629,2
12790,7,95.77091267780868,3
12791,10,101.15979009298115,4
12792,38,107.02395453720369,5
12793,122,152.1972649186054,6
12794,359,253.0931153862329,7
12795,613,358.1519008149464,8
12796,333,251.4004436936048,9
12797,185,220.34800877310897,10
12798,236,245.32030952715246,11
12799,254,281.78253302762545,12
12800,300,290.2119337142397,13
12801,263,280.19550700657925,14
12802,284,288.73489821109314,15
12803,380,339.953390276142,16
12804,646,433.69890746186536,17
12805,505,394.9341926944017,18
12806,362,300.54766205936676,19
12807,202,243.46404912644437,20
12808,217,152.50968893323838,21
12809,197,171.5607058244106,22
12810,174,132.96766585635018,23
12811,116,98.86167883749803,0
12812,123,90.42557880912491,1
12813,93,70.33558259414293,2
12814,42,64.34173704299496,3
12815,19,58.47573600231945,4
12816,12,70.08247514346503,5
12817,47,119.8600489917102,6
12818,78,213.24334455614644,7
12819,167,330.39436601736867,8
12820,332,241.07540421973653,9
12821,494,209.68944836574883,10
12822,516,234.79690880247315,11
12823,602,275.2816717577805,12
12824,564,281.7592760469177,13
12825,609,263.527410919019,14
12826,483,279.2287302356814,15
12827,513,327.9705886629906,16
12828,530,443.168126550641,17
12829,481,417.85745285298606,18
12830,425,338.31100840169904,19
12831,386,274.7296200361848,20
12832,322,236.73884407193276,21
12833,279,204.47819064337057,22
12834,225,168.87351093261074,23
12835,163,132.51955471068553,0
12836,127,106.85782445365776,1
12837,114,105.32280359855991,2
12838,60,80.1839300871294,3
12839,13,78.21317084067663,4
12840,8,82.87460803328946,5
12841,25,130.65971173511173,6
12842,71,224.01091345166168,7
12843,141,343.82112079563547,8
12844,232,249.47580376125376,9
12845,452,224.580707957926,10
12846,506,239.35137370506567,11
12847,556,276.5149476584198,12
12848,585,272.10713921173755,13
12849,551,270.703342620595,14
12850,487,282.58244219116483,15
12851,461,322.85932693748697,16
12852,532,437.6136848681394,17
12853,534,409.52815956361496,18
12854,423,324.01950017517237,19
12855,332,258.2897656178637,20
12856,253,215.00235301031762,21
12857,178,188.0852711259052,22
12858,87,155.4482229019078,23
12859,68,123.54150382636087,0
12860,31,103.9142771291533,1
12861,14,93.81765316603818,2
12862,5,82.17192155752568,3
12863,4,66.51108477164877,4
12864,43,85.21017769801672,5
12865,158,120.71594999482866,6
12866,485,221.99470957547197,7
12867,608,325.38276691739475,8
12868,268,231.8967546969049,9
12869,184,211.2349647487814,10
12870,181,241.50299346479886,11
12871,270,256.8956105556233,12
12872,260,247.82872617269726,13
12873,251,254.09231075350675,14
12874,233,257.3332538582329,15
12875,414,313.8799156165135,16
12876,833,433.0540046982798,17
12877,791,401.2446089278956,18
12878,582,319.66328518156206,19
12879,475,258.2910086725618,20
12880,331,220.0457405235599,21
12881,187,190.73559687763947,22
12882,103,156.48167084963907,23
12883,37,129.66261581186157,0
12884,30,110.81209000514389,1
12885,9,90.03765445506711,2
12886,9,76.68533099745325,3
12887,10,72.23556585881853,4
12888,39,76.73042930185605,5
12889,188,118.68570811939028,6
12890,552,212.42246959572614,7
12891,656,320.7517112567898,8
12892,328,221.06519493270054,9
12893,190,196.95000913633845,10
12894,235,219.7415219673298,11
12895,308,251.01904849916605,12
12896,306,256.40039129029367,13
12897,267,246.3839645826332,14
12898,317,256.49336233926266,15
12899,416,302.21688446452924,16
12900,900,419.7851668808376,17
12901,824,396.9534990753646,18
12902,612,322.1913228256363,19
12903,505,258.80962972194686,20
12904,328,220.96336472571824,21
12905,245,189.79757513518345,22
12906,131,152.31775552124634,23
12907,54,124.49737338743677,0
12908,23,107.77001530655912,1
12909,14,86.83489372447568,2
12910,8,85.11807981291192,3
12911,11,89.41950832971618,4
12912,36,98.61035154351886,5
12913,200,131.78104833421907,6
12914,527,235.0414175090745,7
12915,687,336.63316895679753,8
12916,282,238.7358484052117,9
12917,172,210.6951186392297,10
12918,209,238.01263757260537,11
12919,322,270.9554024236053,12
12920,321,275.4161139381728,13
12921,270,266.0551410259663,14
12922,249,268.24581089340126,15
12923,392,318.3025592411592,16
12924,843,436.0821688557861,17
12925,804,408.6083715623356,18
12926,643,325.77149794596795,19
12927,445,266.9943507147428,20
12928,367,227.38764358662513,21
12929,297,196.53159412361003,22
12930,159,153.31017440721,23
12931,54,122.16055650489557,0
12932,25,107.82486252554381,1
12933,13,102.84326960084817,2
12934,7,94.37279041196055,3
12935,11,75.57200417082083,4
12936,47,92.50139528324837,5
12937,193,135.54916568436778,6
12938,508,226.08644291526173,7
12939,617,338.38674600281433,8
12940,351,237.755366576348,9
12941,184,208.13771487631857,10
12942,211,248.55213065647,11
12943,276,284.09977344595853,12
12944,236,286.84840334379777,13
12945,254,274.1132559632067,14
12946,219,279.3408094511099,15
12947,387,333.27662452910727,16
12948,705,450.44450613266025,17
12949,697,419.8009461872118,18
12950,571,333.83198513765063,19
12951,470,273.7807407179658,20
12952,398,213.57972923950115,21
12953,274,190.2303749164314,22
12954,171,159.61021946700367,23
12955,114,142.52636818955642,0
12956,42,125.80687213074806,1
12957,18,111.16569474682301,2
12958,8,102.6952155579354,3
12959,10,90.39454904950706,4
12960,45,107.34248748036018,5
12961,163,144.72085217005267,6
12962,380,245.5432552598562,7
12963,624,351.3259189606351,8
12964,300,254.18598059683063,9
12965,171,249.6519585091928,10
12966,188,262.34647245557403,11
12967,226,297.1379678692564,12
12968,239,303.6534226330524,13
12969,233,298.8606741695242,14
12970,230,309.39970535369093,15
12971,351,355.2653661925386,16
12972,539,471.9084105558289,17
12973,464,448.2568768734347,18
12974,363,347.19978364265,19
12975,308,295.9953027493137,20
12976,236,238.90707554780937,21
12977,163,158.99106260511712,22
12978,48,128.76753805402038,23
12979,69,44.94230730498789,0
12980,58,29.929403095280875,1
12981,61,70.11070886636371,2
12982,23,61.640229677476064,3
12983,18,49.19742445546666,4
12984,10,70.21552943084916,5
12985,42,113.26329983196857,6
12986,92,208.4162972103452,7
12987,194,307.0725110191921,8
12988,275,203.8158948793179,9
12989,404,250.27223261950735,10
12990,452,268.2288360826282,11
12991,471,296.3780450956953,12
12992,428,293.38647255105377,13
12993,409,283.37004584339337,14
12994,404,288.5975993312966,15
12995,373,340.67067965567554,16
12996,362,452.0500899048782,17
12997,339,429.62573829409246,18
12998,374,331.8660714341014,19
12999,292,269.2851799559228,20
13000,213,234.76001235835622,21
13001,172,193.69255127340102,22
13002,152,165.23872853624465,23
